language,pole,phoneme,z,count,p_perm,q_fdr,significant
Chinese,巽卦-dynamic,ʈ͡ʂʰ,3.934,11,0.0033,0.2332,False
Chinese,坤卦-static,k,3.646,8,0.0033,0.2332,False
Chinese,中卦-static,ɯ,3.342,38,0.0033,0.2332,False
Chinese,中卦-static,ʌ,3.342,38,0.0033,0.2332,False
Chinese,巽卦-dynamic,ɔ,3.24,9,0.0033,0.2332,False
Chinese,乾卦-dynamic,t͡ɕʰ,3.22,9,0.0033,0.2332,False
Chinese,震卦-static,t,1.893,34,0.0033,0.2332,False
Chinese,離卦-dynamic,ʈ͡ʂ,1.778,49,0.0033,0.2332,False
Chinese,兌卦-dynamic,f,1.681,21,0.0033,0.2332,False
Chinese,艮卦-dynamic,n,-1.536,45,0.0033,0.2332,False
Chinese,乾卦-dynamic,ɤ,2.913,10,0.0066,0.3332,False
Chinese,乾卦-dynamic,l,2.696,13,0.0066,0.3332,False
Chinese,離卦-static,ɑ,2.386,45,0.0066,0.3332,False
Chinese,艮卦-dynamic,tʰ,1.52,28,0.0066,0.3332,False
Chinese,坎卦-dynamic,f,3.175,11,0.01,0.4373,False
Chinese,中卦-static,ə,1.668,37,0.01,0.4373,False
Chinese,乾卦-static,ʂ,2.036,15,0.0133,0.491,False
Chinese,艮卦-static,ʊ,1.571,71,0.0133,0.491,False
Chinese,艮卦-dynamic,ʈ͡ʂ,1.301,29,0.0133,0.491,False
Chinese,震卦-dynamic,t,1.754,36,0.0166,0.507,False
Chinese,坎卦-static,t͡s,1.537,21,0.0166,0.507,False
Chinese,坤卦-dynamic,n,1.467,79,0.0166,0.507,False
Chinese,艮卦-dynamic,ɨ,1.432,22,0.0166,0.507,False
Chinese,坎卦-static,j,2.788,3,0.0199,0.5183,False
Chinese,中卦-static,ɻ,1.285,27,0.0199,0.5183,False
Chinese,震卦-dynamic,t͡s,1.248,22,0.0199,0.5183,False
Chinese,震卦-static,ɪ,-1.201,11,0.0199,0.5183,False
Chinese,乾卦-dynamic,œ,2.659,8,0.0233,0.563,False
Chinese,坤卦-static,pʰ,3.09,3,0.0299,0.5997,False
Chinese,中卦-static,s,1.422,27,0.0299,0.5997,False
Chinese,坤卦-dynamic,ŋ,1.384,78,0.0299,0.5997,False
Chinese,震卦-dynamic,ɑ,1.244,109,0.0299,0.5997,False
Chinese,離卦-dynamic,ʂ,0.996,50,0.0299,0.5997,False
Chinese,艮卦-dynamic,t͡s,1.353,21,0.0332,0.6137,False
Chinese,坤卦-dynamic,ɛ,1.293,32,0.0332,0.6137,False
Chinese,坎卦-static,p,1.195,25,0.0332,0.6137,False
Chinese,中卦-dynamic,t͡ɕ,2.36,10,0.0365,0.6257,False
Chinese,震卦-static,ʈ͡ʂ,1.159,27,0.0365,0.6257,False
Chinese,坎卦-static,n,1.152,93,0.0365,0.6257,False
Chinese,乾卦-static,ɻ,1.597,11,0.0432,0.6316,False
Chinese,坤卦-dynamic,y,1.35,33,0.0399,0.6316,False
Chinese,坤卦-dynamic,ɻ,1.333,24,0.0432,0.6316,False
Chinese,艮卦-static,ɑ,1.244,77,0.0432,0.6316,False
Chinese,離卦-dynamic,ɻ,0.97,40,0.0399,0.6316,False
Chinese,震卦-static,ɻ,-0.928,7,0.0432,0.6316,False
Chinese,巽卦-static,s,2.645,5,0.0532,0.6628,False
Chinese,坤卦-static,ɨ,2.574,3,0.0532,0.6628,False
Chinese,坤卦-static,u,2.453,16,0.0565,0.6628,False
Chinese,巽卦-static,t͡sʰ,2.372,3,0.0897,0.6628,False
Chinese,坤卦-static,s,2.189,4,0.0698,0.6628,False
Chinese,乾卦-dynamic,y,2.084,11,0.0532,0.6628,False
Chinese,坎卦-dynamic,kʰ,1.936,4,0.0698,0.6628,False
Chinese,巽卦-dynamic,ŋ,-1.907,3,0.0764,0.6628,False
Chinese,坎卦-dynamic,ə,1.763,10,0.0698,0.6628,False
Chinese,離卦-static,p,1.678,11,0.0664,0.6628,False
Chinese,離卦-static,pʰ,1.561,7,0.0731,0.6628,False
Chinese,離卦-static,ɨ,1.542,8,0.0698,0.6628,False
Chinese,離卦-static,u,1.515,48,0.0731,0.6628,False
Chinese,乾卦-static,a,1.501,16,0.0565,0.6628,False
Chinese,乾卦-static,ɑ,-1.472,10,0.0731,0.6628,False
Chinese,離卦-static,t͡ɕ,-1.377,3,0.0831,0.6628,False
Chinese,離卦-static,i,-1.341,26,0.0897,0.6628,False
Chinese,坎卦-static,m,1.129,25,0.0664,0.6628,False
Chinese,艮卦-static,n,-1.118,41,0.0864,0.6628,False
Chinese,中卦-static,tʰ,-1.114,5,0.0565,0.6628,False
Chinese,中卦-static,ʈ͡ʂ,1.101,23,0.0598,0.6628,False
Chinese,艮卦-static,m,1.065,20,0.0698,0.6628,False
Chinese,中卦-static,a,1.064,39,0.0731,0.6628,False
Chinese,坤卦-dynamic,ɪ,-1.063,10,0.0897,0.6628,False
Chinese,震卦-static,y,-1.061,8,0.0498,0.6628,False
Chinese,震卦-dynamic,kʰ,-1.047,3,0.0764,0.6628,False
Chinese,震卦-dynamic,tʰ,1.034,26,0.0631,0.6628,False
Chinese,震卦-static,ɤ,1.032,28,0.0698,0.6628,False
Chinese,艮卦-static,t͡ɕ,1.015,32,0.0797,0.6628,False
Chinese,艮卦-static,p,1.014,19,0.0731,0.6628,False
Chinese,震卦-dynamic,ʈ͡ʂ,1.007,28,0.0797,0.6628,False
Chinese,震卦-dynamic,m,-0.972,9,0.0764,0.6628,False
Chinese,震卦-static,tʰ,0.97,23,0.0664,0.6628,False
Chinese,兌卦-dynamic,ɑ,0.96,63,0.0864,0.6628,False
Chinese,中卦-static,ɤ,-0.952,5,0.0731,0.6628,False
Chinese,中卦-static,t͡ɕ,-0.904,13,0.0897,0.6628,False
Chinese,震卦-static,p,0.881,23,0.0897,0.6628,False
Chinese,坤卦-dynamic,ɤ,-0.878,5,0.0864,0.6628,False
Chinese,艮卦-dynamic,ə,-0.877,12,0.0864,0.6628,False
Chinese,離卦-dynamic,ɛ,0.827,53,0.0731,0.6628,False
Chinese,離卦-dynamic,tʰ,-0.808,12,0.0831,0.6628,False
Chinese,巽卦-dynamic,kʰ,1.946,3,0.0963,0.6763,False
Chinese,兌卦-dynamic,ɛ,-1.044,10,0.093,0.6763,False
Chinese,坎卦-static,kʰ,-0.961,3,0.0963,0.6763,False
Chinese,中卦-static,ɔ,-0.937,3,0.0963,0.6763,False
Chinese,震卦-static,k,0.93,35,0.0963,0.6763,False
Chinese,兌卦-dynamic,a,0.974,30,0.0997,0.6859,False
Chinese,巽卦-dynamic,u,1.818,25,0.1163,0.7106,False
Chinese,中卦-dynamic,ɛ,1.759,8,0.1196,0.7106,False
Chinese,乾卦-dynamic,u,-1.638,6,0.1196,0.7106,False
Chinese,離卦-static,tʰ,1.26,9,0.113,0.7106,False
Chinese,兌卦-dynamic,ŋ,-1.005,28,0.1296,0.7106,False
Chinese,艮卦-static,kʰ,1.001,10,0.1063,0.7106,False
Chinese,兌卦-dynamic,t͡ɕ,0.995,28,0.1262,0.7106,False
Chinese,坎卦-static,ɕ,-0.984,11,0.113,0.7106,False
Chinese,兌卦-dynamic,y,0.976,26,0.1163,0.7106,False
Chinese,坎卦-static,ɑ,-0.874,44,0.113,0.7106,False
Chinese,坤卦-dynamic,t͡ɕʰ,0.871,16,0.1096,0.7106,False
Chinese,震卦-dynamic,n,-0.845,64,0.1229,0.7106,False
Chinese,坎卦-static,ɛ,0.84,35,0.1229,0.7106,False
Chinese,坤卦-dynamic,ɑ,-0.828,36,0.1296,0.7106,False
Chinese,艮卦-dynamic,ɤ,0.818,26,0.1296,0.7106,False
Chinese,震卦-static,e,-0.815,6,0.113,0.7106,False
Chinese,離卦-dynamic,ɤ,0.808,37,0.1163,0.7106,False
Chinese,離卦-dynamic,ŋ,-0.768,68,0.113,0.7106,False
Chinese,震卦-static,x,-0.749,9,0.1296,0.7106,False
Chinese,震卦-static,t͡s,0.842,17,0.1329,0.7121,False
Chinese,乾卦-static,n,1.279,32,0.1362,0.7244,False
Chinese,巽卦-dynamic,t͡sʰ,1.709,4,0.1429,0.7267,False
Chinese,坎卦-dynamic,t͡sʰ,1.528,5,0.1395,0.7267,False
Chinese,震卦-static,ɨ,0.763,16,0.1429,0.7267,False
Chinese,震卦-static,m,-0.756,10,0.1395,0.7267,False
Chinese,離卦-dynamic,e,-0.72,11,0.1429,0.7267,False
Chinese,坤卦-static,m,1.727,3,0.1561,0.7357,False
Chinese,巽卦-dynamic,ə,1.532,7,0.1561,0.7357,False
Chinese,離卦-static,x,1.108,15,0.1561,0.7357,False
Chinese,坤卦-dynamic,ʈ͡ʂ,-0.841,4,0.1495,0.7357,False
Chinese,中卦-static,u,-0.809,50,0.1561,0.7357,False
Chinese,坎卦-static,ɔ,-0.784,5,0.1528,0.7357,False
Chinese,兌卦-dynamic,ə,-0.77,9,0.1528,0.7357,False
Chinese,艮卦-dynamic,k,-0.754,5,0.1528,0.7357,False
Chinese,震卦-dynamic,l,-0.697,17,0.1495,0.7357,False
Chinese,離卦-dynamic,ɕ,0.625,55,0.1528,0.7357,False
Chinese,坤卦-static,p,1.704,3,0.1728,0.7537,False
Chinese,中卦-dynamic,ʂ,1.59,7,0.1761,0.7537,False
Chinese,中卦-dynamic,t,1.467,5,0.1628,0.7537,False
Chinese,離卦-static,a,1.102,16,0.1661,0.7537,False
Chinese,中卦-static,y,-0.824,10,0.1628,0.7537,False
Chinese,坤卦-dynamic,e,-0.781,5,0.1761,0.7537,False
Chinese,中卦-static,e,-0.762,6,0.1761,0.7537,False
Chinese,艮卦-dynamic,a,-0.697,24,0.1728,0.7537,False
Chinese,離卦-dynamic,ɨ,-0.64,6,0.1661,0.7537,False
Chinese,坤卦-static,i,-1.689,6,0.1794,0.7633,False
Chinese,兌卦-dynamic,ʊ,0.769,50,0.1827,0.7681,False
Chinese,中卦-static,m,0.751,20,0.1827,0.7681,False
Chinese,乾卦-static,ɕ,0.98,14,0.186,0.7728,False
Chinese,艮卦-dynamic,ɻ,0.789,26,0.186,0.7728,False
Chinese,坎卦-static,ɤ,-0.716,8,0.1894,0.782,False
Chinese,艮卦-dynamic,m,-0.66,11,0.1927,0.791,False
Chinese,離卦-static,ɪ,-0.997,5,0.196,0.7954,False
Chinese,坤卦-dynamic,a,-0.698,18,0.1993,0.7996,False
Chinese,震卦-dynamic,u,-0.657,69,0.1993,0.7996,False
Chinese,坎卦-static,ə,0.753,30,0.206,0.8123,False
Chinese,中卦-static,n,0.691,77,0.2093,0.8163,False
Chinese,震卦-dynamic,y,0.681,37,0.2093,0.8163,False
Chinese,離卦-static,m,-0.935,3,0.2126,0.8201,False
Chinese,艮卦-static,ɕ,-0.748,12,0.2259,0.8303,False
Chinese,震卦-dynamic,ɯ,-0.647,4,0.2259,0.8303,False
Chinese,震卦-dynamic,ʌ,-0.647,4,0.2259,0.8303,False
Chinese,艮卦-static,ə,-0.687,11,0.2292,0.8381,False
Chinese,離卦-dynamic,l,-0.521,26,0.2359,0.8492,False
Chinese,巽卦-static,ʊ,1.806,10,0.2392,0.8567,False
Chinese,坤卦-static,ɑ,-1.468,3,0.2425,0.8629,False
Chinese,坎卦-static,t͡sʰ,-0.68,3,0.2458,0.8629,False
Chinese,震卦-static,ɕ,-0.649,17,0.2458,0.8629,False
Chinese,震卦-dynamic,i,-0.582,107,0.2492,0.8659,False
Chinese,中卦-static,p,0.647,18,0.2558,0.8663,False
Chinese,震卦-dynamic,t͡sʰ,-0.624,4,0.2591,0.8663,False
Chinese,艮卦-dynamic,kʰ,-0.6,5,0.2591,0.8663,False
Chinese,震卦-static,ɯ,0.589,16,0.2591,0.8663,False
Chinese,震卦-static,ʌ,0.589,16,0.2591,0.8663,False
Chinese,離卦-dynamic,p,-0.511,13,0.2558,0.8663,False
Chinese,巽卦-static,ŋ,1.527,11,0.2658,0.876,False
Chinese,乾卦-static,ɛ,0.909,12,0.2658,0.876,False
Chinese,巽卦-static,m,1.447,3,0.289,0.877,False
Chinese,乾卦-dynamic,i,1.052,30,0.2924,0.877,False
Chinese,乾卦-dynamic,ʊ,1.027,16,0.2791,0.877,False
Chinese,離卦-static,t͡s,0.833,6,0.299,0.877,False
Chinese,艮卦-static,tʰ,0.668,16,0.2724,0.877,False
Chinese,兌卦-dynamic,l,-0.655,11,0.289,0.877,False
Chinese,兌卦-dynamic,tʰ,0.651,14,0.2924,0.877,False
Chinese,兌卦-dynamic,ɕ,0.621,26,0.2791,0.877,False
Chinese,坤卦-dynamic,p,-0.618,6,0.299,0.877,False
Chinese,艮卦-static,l,-0.608,13,0.289,0.877,False
Chinese,坤卦-dynamic,f,-0.607,3,0.3023,0.877,False
Chinese,艮卦-static,ʂ,-0.603,12,0.3023,0.877,False
Chinese,艮卦-dynamic,t͡sʰ,-0.586,4,0.2691,0.877,False
Chinese,震卦-static,kʰ,-0.584,5,0.2791,0.877,False
Chinese,中卦-static,t͡s,0.551,13,0.3023,0.877,False
Chinese,震卦-static,ɔ,-0.549,8,0.2857,0.877,False
Chinese,震卦-dynamic,t͡ɕ,0.529,38,0.2924,0.877,False
Chinese,艮卦-dynamic,ɪ,0.527,38,0.299,0.877,False
Chinese,震卦-static,i,0.523,131,0.3023,0.877,False
Chinese,震卦-static,ŋ,0.519,80,0.3023,0.877,False
Chinese,離卦-dynamic,ɑ,-0.511,80,0.2724,0.877,False
Chinese,離卦-dynamic,kʰ,0.497,15,0.2857,0.877,False
Chinese,乾卦-dynamic,ɛ,-1.027,3,0.3123,0.884,False
Chinese,兌卦-dynamic,x,-0.602,8,0.3123,0.884,False
Chinese,艮卦-dynamic,t͡ɕʰ,0.54,18,0.3123,0.884,False
Chinese,兌卦-static,i,2.769,5,0.3654,0.8873,False
Chinese,中卦-dynamic,ŋ,-1.205,6,0.3289,0.8873,False
Chinese,中卦-dynamic,l,1.131,7,0.3488,0.8873,False
Chinese,中卦-dynamic,ʊ,-1.121,5,0.3688,0.8873,False
Chinese,坎卦-dynamic,ɔ,0.998,6,0.3688,0.8873,False
Chinese,乾卦-dynamic,ʈ͡ʂ,0.934,5,0.3721,0.8873,False
Chinese,坎卦-dynamic,n,-0.911,13,0.3654,0.8873,False
Chinese,離卦-static,l,-0.787,5,0.3488,0.8873,False
Chinese,乾卦-static,y,-0.755,4,0.3555,0.8873,False
Chinese,乾卦-static,i,0.729,44,0.3654,0.8873,False
Chinese,離卦-static,ʂ,0.712,11,0.3588,0.8873,False
Chinese,艮卦-static,t͡sʰ,-0.597,3,0.3488,0.8873,False
Chinese,兌卦-dynamic,u,-0.568,45,0.3654,0.8873,False
Chinese,艮卦-static,y,-0.557,12,0.3654,0.8873,False
Chinese,中卦-static,t͡ɕʰ,-0.556,6,0.3355,0.8873,False
Chinese,艮卦-static,ŋ,-0.547,41,0.3621,0.8873,False
Chinese,兌卦-dynamic,k,-0.541,6,0.3621,0.8873,False
Chinese,中卦-static,ɛ,-0.524,18,0.3256,0.8873,False
Chinese,坎卦-static,u,-0.521,64,0.3256,0.8873,False
Chinese,艮卦-dynamic,p,-0.52,9,0.3654,0.8873,False
Chinese,兌卦-dynamic,t͡ɕʰ,0.513,12,0.3389,0.8873,False
Chinese,艮卦-static,ɪ,0.511,29,0.3654,0.8873,False
Chinese,艮卦-dynamic,ʂ,0.502,29,0.3389,0.8873,False
Chinese,離卦-dynamic,a,0.493,55,0.3189,0.8873,False
Chinese,坎卦-static,x,-0.492,13,0.3754,0.8873,False
Chinese,坎卦-static,ʊ,-0.492,42,0.3422,0.8873,False
Chinese,坤卦-dynamic,i,0.486,99,0.3688,0.8873,False
Chinese,坤卦-dynamic,ɯ,-0.484,4,0.3588,0.8873,False
Chinese,坤卦-dynamic,ʌ,-0.484,4,0.3588,0.8873,False
Chinese,艮卦-dynamic,ɕ,0.476,36,0.3488,0.8873,False
Chinese,震卦-dynamic,ɔ,0.467,22,0.3389,0.8873,False
Chinese,震卦-static,ə,-0.445,17,0.3289,0.8873,False
Chinese,離卦-dynamic,x,-0.406,22,0.3654,0.8873,False
Chinese,坎卦-static,f,-0.405,6,0.3621,0.8873,False
Chinese,艮卦-static,u,-0.533,52,0.3787,0.8892,False
Chinese,坤卦-static,l,1.148,4,0.4053,0.9078,False
Chinese,中卦-dynamic,n,-1.077,9,0.4086,0.9078,False
Chinese,巽卦-dynamic,x,1.021,7,0.3953,0.9078,False
Chinese,乾卦-dynamic,ŋ,-0.87,9,0.402,0.9078,False
Chinese,坎卦-dynamic,u,-0.83,13,0.4053,0.9078,False
Chinese,乾卦-static,t,0.705,7,0.392,0.9078,False
Chinese,中卦-static,ɑ,-0.513,48,0.4086,0.9078,False
Chinese,中卦-static,ʊ,-0.46,39,0.4086,0.9078,False
Chinese,中卦-static,ɨ,-0.451,5,0.3987,0.9078,False
Chinese,震卦-static,l,-0.444,19,0.4053,0.9078,False
Chinese,艮卦-dynamic,f,-0.438,6,0.3987,0.9078,False
Chinese,坤卦-dynamic,ə,0.431,21,0.4086,0.9078,False
Chinese,中卦-static,œ,-0.431,3,0.392,0.9078,False
Chinese,巽卦-dynamic,i,-0.888,15,0.412,0.9123,False
Chinese,乾卦-static,m,0.625,7,0.4186,0.9155,False
Chinese,巽卦-static,i,-1.221,8,0.4219,0.917,False
Chinese,坎卦-static,ɪ,0.409,34,0.4219,0.917,False
Chinese,坎卦-dynamic,t͡s,0.902,4,0.4252,0.9177,False
Chinese,艮卦-static,f,0.487,13,0.4419,0.9177,False
Chinese,中卦-static,f,-0.453,5,0.4385,0.9177,False
Chinese,坎卦-static,t,0.412,18,0.4286,0.9177,False
Chinese,離卦-dynamic,t͡sʰ,-0.4,8,0.4319,0.9177,False
Chinese,震卦-dynamic,t͡ɕʰ,0.396,18,0.4352,0.9177,False
Chinese,震卦-dynamic,ɨ,0.37,14,0.4352,0.9177,False
Chinese,坤卦-dynamic,x,0.43,23,0.4452,0.9219,False
Chinese,兌卦-static,n,2.309,3,0.4551,0.9228,False
Chinese,巽卦-static,ɛ,1.001,4,0.485,0.9228,False
Chinese,巽卦-dynamic,p,0.911,4,0.4784,0.9228,False
Chinese,坎卦-dynamic,ɻ,0.84,6,0.4585,0.9228,False
Chinese,中卦-dynamic,u,0.836,19,0.485,0.9228,False
Chinese,離卦-static,kʰ,0.692,4,0.4718,0.9228,False
Chinese,乾卦-dynamic,ɪ,-0.635,4,0.4684,0.9228,False
Chinese,離卦-static,t,-0.602,3,0.485,0.9228,False
Chinese,乾卦-static,ɯ,0.55,5,0.485,0.9228,False
Chinese,乾卦-static,ʌ,0.55,5,0.485,0.9228,False
Chinese,兌卦-dynamic,s,-0.466,3,0.4618,0.9228,False
Chinese,中卦-static,kʰ,-0.435,5,0.4618,0.9228,False
Chinese,艮卦-dynamic,ŋ,0.432,79,0.4551,0.9228,False
Chinese,中卦-static,ɕ,-0.427,18,0.4585,0.9228,False
Chinese,艮卦-dynamic,s,-0.426,5,0.4784,0.9228,False
Chinese,兌卦-dynamic,ɤ,-0.426,8,0.4751,0.9228,False
Chinese,兌卦-dynamic,ʂ,0.426,19,0.4585,0.9228,False
Chinese,坎卦-static,i,0.418,122,0.4718,0.9228,False
Chinese,兌卦-dynamic,ʈ͡ʂ,0.415,13,0.4684,0.9228,False
Chinese,震卦-static,pʰ,0.402,11,0.4551,0.9228,False
Chinese,艮卦-static,ɯ,0.399,11,0.4817,0.9228,False
Chinese,艮卦-static,ʌ,0.399,11,0.4817,0.9228,False
Chinese,坤卦-dynamic,l,-0.397,15,0.4817,0.9228,False
Chinese,坎卦-static,t͡ɕ,0.387,31,0.485,0.9228,False
Chinese,離卦-dynamic,ɔ,0.355,27,0.4751,0.9228,False
Chinese,中卦-dynamic,t͡sʰ,1.055,3,0.4917,0.9254,False
Chinese,坎卦-dynamic,ŋ,0.795,20,0.4884,0.9254,False
Chinese,中卦-static,ɪ,-0.42,20,0.495,0.9291,False
Chinese,震卦-dynamic,ɤ,0.312,22,0.5017,0.9391,False
Chinese,兌卦-static,ŋ,2.08,3,0.5183,0.9401,False
Chinese,坤卦-static,a,0.817,4,0.515,0.9401,False
Chinese,巽卦-dynamic,m,0.794,4,0.505,0.9401,False
Chinese,乾卦-dynamic,a,0.612,8,0.5183,0.9401,False
Chinese,乾卦-static,ɪ,0.531,12,0.5116,0.9401,False
Chinese,乾卦-static,k,-0.505,3,0.5183,0.9401,False
Chinese,乾卦-static,ə,0.477,9,0.5183,0.9401,False
Chinese,兌卦-dynamic,e,-0.385,9,0.505,0.9401,False
Chinese,中卦-static,ʂ,-0.354,16,0.5083,0.9401,False
Chinese,震卦-dynamic,x,-0.343,18,0.5116,0.9401,False
Chinese,坎卦-static,ɻ,0.36,20,0.5216,0.9413,False
Chinese,震卦-static,ʊ,0.299,62,0.5216,0.9413,False
Chinese,震卦-dynamic,ʊ,0.319,69,0.5249,0.9424,False
Chinese,震卦-dynamic,s,-0.325,7,0.5282,0.9436,False
Chinese,兌卦-dynamic,ʈ͡ʂʰ,-0.331,4,0.5316,0.9471,False
Chinese,坎卦-static,y,0.324,27,0.5349,0.9506,False
Chinese,中卦-dynamic,y,0.823,6,0.5382,0.9523,False
Chinese,離卦-static,e,-0.494,4,0.5482,0.9523,False
Chinese,離卦-static,n,-0.492,23,0.5415,0.9523,False
Chinese,兌卦-dynamic,ɔ,-0.363,7,0.5548,0.9523,False
Chinese,坎卦-static,l,0.351,29,0.5548,0.9523,False
Chinese,坎卦-static,pʰ,0.332,10,0.5449,0.9523,False
Chinese,中卦-static,l,-0.33,18,0.5415,0.9523,False
Chinese,震卦-static,ʂ,0.289,26,0.5548,0.9523,False
Chinese,離卦-dynamic,t͡s,-0.278,13,0.5482,0.9523,False
Chinese,離卦-dynamic,y,0.275,40,0.5548,0.9523,False
Chinese,巽卦-static,ɑ,0.763,9,0.5648,0.9623,False
Chinese,中卦-static,ŋ,-0.316,51,0.5648,0.9623,False
Chinese,中卦-dynamic,ɔ,0.791,4,0.5714,0.9676,False
Chinese,震卦-static,ɑ,0.291,75,0.5748,0.9676,False
Chinese,艮卦-dynamic,x,-0.263,18,0.5714,0.9676,False
Chinese,艮卦-dynamic,ɛ,0.233,30,0.5748,0.9676,False
Chinese,坤卦-static,e,0.721,3,0.598,0.9682,False
Chinese,巽卦-dynamic,l,0.673,6,0.588,0.9682,False
Chinese,乾卦-static,ɤ,0.484,7,0.5947,0.9682,False
Chinese,乾卦-static,u,-0.472,22,0.5781,0.9682,False
Chinese,坎卦-dynamic,œ,0.399,3,0.6013,0.9682,False
Chinese,坎卦-static,œ,-0.367,4,0.5781,0.9682,False
Chinese,兌卦-dynamic,œ,-0.351,3,0.5847,0.9682,False
Chinese,中卦-static,t͡sʰ,0.306,10,0.6013,0.9682,False
Chinese,坎卦-static,ŋ,0.299,71,0.588,0.9682,False
Chinese,中卦-static,x,-0.292,15,0.598,0.9682,False
Chinese,震卦-static,u,-0.284,75,0.588,0.9682,False
Chinese,離卦-dynamic,ɯ,-0.252,11,0.598,0.9682,False
Chinese,離卦-dynamic,ʌ,-0.252,11,0.598,0.9682,False
Chinese,坎卦-dynamic,i,-0.614,22,0.608,0.9714,False
Chinese,坤卦-static,n,-0.608,6,0.6346,0.9714,False
Chinese,巽卦-dynamic,e,0.588,5,0.6279,0.9714,False
Chinese,坤卦-static,ŋ,-0.56,5,0.6146,0.9714,False
Chinese,中卦-dynamic,t͡ɕʰ,0.547,3,0.6412,0.9714,False
Chinese,巽卦-static,ə,0.544,3,0.6645,0.9714,False
Chinese,中卦-dynamic,i,0.505,22,0.6611,0.9714,False
Chinese,坎卦-dynamic,ʊ,0.446,15,0.6113,0.9714,False
Chinese,坎卦-dynamic,k,0.434,6,0.6545,0.9714,False
Chinese,離卦-static,ɛ,-0.359,8,0.6312,0.9714,False
Chinese,艮卦-static,x,-0.322,13,0.6246,0.9714,False
Chinese,艮卦-static,pʰ,0.303,8,0.6346,0.9714,False
Chinese,離卦-static,ʊ,0.303,22,0.6711,0.9714,False
Chinese,兌卦-dynamic,m,0.282,13,0.6711,0.9714,False
Chinese,震卦-dynamic,ɛ,-0.278,26,0.608,0.9714,False
Chinese,坎卦-static,ɯ,-0.276,7,0.6346,0.9714,False
Chinese,坎卦-static,ʌ,-0.276,7,0.6346,0.9714,False
Chinese,兌卦-dynamic,ɨ,-0.269,5,0.6645,0.9714,False
Chinese,兌卦-dynamic,ɪ,0.268,23,0.6611,0.9714,False
Chinese,震卦-dynamic,pʰ,0.264,11,0.6412,0.9714,False
Chinese,艮卦-static,t͡s,0.26,10,0.6312,0.9714,False
Chinese,震卦-dynamic,ŋ,0.26,81,0.6279,0.9714,False
Chinese,坤卦-dynamic,tʰ,0.252,13,0.6711,0.9714,False
Chinese,中卦-static,ʈ͡ʂʰ,0.25,12,0.6379,0.9714,False
Chinese,艮卦-dynamic,i,-0.244,109,0.6512,0.9714,False
Chinese,震卦-dynamic,ɻ,-0.237,16,0.6379,0.9714,False
Chinese,離卦-dynamic,m,-0.236,21,0.6246,0.9714,False
Chinese,坤卦-dynamic,ʊ,-0.235,38,0.6678,0.9714,False
Chinese,震卦-dynamic,ʈ͡ʂʰ,-0.227,8,0.6611,0.9714,False
Chinese,坎卦-static,a,-0.221,28,0.6678,0.9714,False
Chinese,坎卦-static,tʰ,0.216,16,0.6645,0.9714,False
Chinese,艮卦-dynamic,ʊ,0.213,61,0.6512,0.9714,False
Chinese,離卦-dynamic,ɪ,-0.208,38,0.6678,0.9714,False
Chinese,艮卦-dynamic,ɑ,0.204,74,0.6412,0.9714,False
Chinese,離卦-dynamic,ʈ͡ʂʰ,0.201,19,0.6512,0.9714,False
Chinese,艮卦-dynamic,ɔ,-0.224,12,0.6744,0.9742,False
Chinese,艮卦-static,ʈ͡ʂʰ,-0.194,6,0.6777,0.9769,False
Chinese,坎卦-dynamic,ʂ,-0.431,4,0.691,0.986,False
Chinese,乾卦-static,ɔ,0.366,6,0.691,0.986,False
Chinese,坤卦-dynamic,k,-0.222,11,0.691,0.986,False
Chinese,中卦-static,t,-0.198,11,0.691,0.986,False
Chinese,中卦-dynamic,ɕ,0.484,6,0.701,0.9883,False
Chinese,離卦-static,ɕ,-0.309,8,0.7076,0.9883,False
Chinese,乾卦-static,t͡ɕʰ,-0.305,3,0.7043,0.9883,False
Chinese,兌卦-dynamic,n,-0.244,48,0.6977,0.9883,False
Chinese,坤卦-dynamic,ɔ,-0.224,9,0.7076,0.9883,False
Chinese,坎卦-static,k,-0.209,14,0.711,0.9883,False
Chinese,坤卦-dynamic,t͡ɕ,0.218,23,0.7209,0.9923,False
Chinese,坤卦-dynamic,ʂ,0.198,19,0.7209,0.9923,False
Chinese,震卦-dynamic,ʂ,0.158,27,0.7176,0.9923,False
Chinese,坎卦-dynamic,m,-0.398,3,0.7243,0.995,False
Chinese,巽卦-dynamic,ʂ,-0.427,3,0.7375,0.9989,False
Chinese,巽卦-dynamic,ʊ,-0.376,8,0.7375,0.9989,False
Chinese,離卦-static,t͡sʰ,0.285,4,0.7375,0.9989,False
Chinese,乾卦-static,ʊ,-0.23,16,0.7375,0.9989,False
Chinese,艮卦-dynamic,y,0.208,27,0.7309,0.9989,False
Chinese,震卦-dynamic,œ,-0.181,7,0.7409,0.9989,False
Chinese,艮卦-dynamic,t͡ɕ,0.172,30,0.7442,0.9989,False
Chinese,離卦-dynamic,s,-0.14,13,0.7442,0.9989,False
Chinese,中卦-dynamic,x,0.401,5,0.7708,1.0,False
Chinese,巽卦-static,x,0.36,3,0.7475,1.0,False
Chinese,坎卦-dynamic,ɛ,0.316,7,0.7741,1.0,False
Chinese,坤卦-static,t͡ɕ,0.303,3,0.8638,1.0,False
Chinese,坎卦-dynamic,ɤ,-0.298,3,0.7807,1.0,False
Chinese,巽卦-dynamic,ɛ,-0.297,4,0.8173,1.0,False
Chinese,離卦-static,ɻ,-0.271,5,0.7508,1.0,False
Chinese,巽卦-static,a,-0.256,3,0.8771,1.0,False
Chinese,巽卦-static,l,0.249,3,0.8538,1.0,False
Chinese,坎卦-dynamic,t͡ɕ,0.243,7,0.8272,1.0,False
Chinese,巽卦-dynamic,n,-0.239,12,0.8605,1.0,False
Chinese,離卦-static,k,0.235,8,0.8206,1.0,False
Chinese,乾卦-dynamic,ə,-0.225,4,0.8372,1.0,False
Chinese,乾卦-static,t͡s,0.214,4,0.794,1.0,False
Chinese,離卦-static,ɔ,0.213,6,0.814,1.0,False
Chinese,乾卦-dynamic,ɻ,-0.213,3,0.8372,1.0,False
Chinese,中卦-dynamic,a,-0.194,5,0.8605,1.0,False
Chinese,乾卦-static,ʈ͡ʂ,-0.175,4,0.8306,1.0,False
Chinese,兌卦-dynamic,ɻ,0.172,13,0.7907,1.0,False
Chinese,乾卦-dynamic,t͡ɕ,0.167,6,0.8837,1.0,False
Chinese,乾卦-static,ŋ,-0.163,20,0.8605,1.0,False
Chinese,中卦-static,pʰ,0.16,8,0.7674,1.0,False
Chinese,坎卦-static,e,0.155,21,0.7874,1.0,False
Chinese,艮卦-static,ɻ,-0.154,12,0.804,1.0,False
Chinese,艮卦-static,i,-0.15,86,0.8439,1.0,False
Chinese,巽卦-dynamic,ɑ,-0.149,11,0.8837,1.0,False
Chinese,坎卦-dynamic,e,0.143,5,0.9302,1.0,False
Chinese,兌卦-dynamic,i,0.143,82,0.8239,1.0,False
Chinese,震卦-dynamic,p,-0.142,14,0.7807,1.0,False
Chinese,乾卦-static,f,-0.14,3,0.8472,1.0,False
Chinese,艮卦-static,ɔ,-0.138,10,0.8239,1.0,False
Chinese,坎卦-static,ɨ,-0.138,8,0.7774,1.0,False
Chinese,離卦-static,ʈ͡ʂʰ,-0.137,3,0.8837,1.0,False
Chinese,兌卦-dynamic,ɯ,-0.137,6,0.8073,1.0,False
Chinese,兌卦-dynamic,ʌ,-0.137,6,0.8073,1.0,False
Chinese,震卦-dynamic,e,-0.136,19,0.804,1.0,False
Chinese,坤卦-dynamic,u,-0.135,61,0.794,1.0,False
Chinese,艮卦-dynamic,e,0.135,22,0.794,1.0,False
Chinese,震卦-static,t͡ɕ,0.133,29,0.8073,1.0,False
Chinese,坤卦-static,ɪ,0.129,3,0.9369,1.0,False
Chinese,震卦-dynamic,ə,-0.128,23,0.8106,1.0,False
Chinese,離卦-dynamic,k,0.127,30,0.7674,1.0,False
Chinese,離卦-dynamic,n,0.127,112,0.7741,1.0,False
Chinese,離卦-dynamic,t͡ɕ,0.127,42,0.7608,1.0,False
Chinese,坎卦-static,t͡ɕʰ,0.125,13,0.7973,1.0,False
Chinese,巽卦-static,n,0.124,8,0.9236,1.0,False
Chinese,坎卦-dynamic,a,-0.123,7,0.9236,1.0,False
Chinese,兌卦-dynamic,kʰ,-0.123,5,0.8439,1.0,False
Chinese,坎卦-dynamic,ʈ͡ʂ,-0.122,3,0.8937,1.0,False
Chinese,艮卦-dynamic,l,-0.121,24,0.7774,1.0,False
Chinese,艮卦-dynamic,œ,0.121,10,0.8538,1.0,False
Chinese,震卦-static,ʈ͡ʂʰ,0.121,12,0.7741,1.0,False
Chinese,離卦-dynamic,f,0.12,18,0.8173,1.0,False
Chinese,坎卦-dynamic,y,-0.119,5,0.8937,1.0,False
Chinese,離卦-dynamic,t,0.118,23,0.7973,1.0,False
Chinese,中卦-dynamic,ə,0.113,4,0.9468,1.0,False
Chinese,乾卦-dynamic,ɕ,0.112,6,0.9169,1.0,False
Chinese,乾卦-static,s,0.111,4,0.9169,1.0,False
Chinese,艮卦-dynamic,t,0.109,16,0.8472,1.0,False
Chinese,兌卦-dynamic,t͡s,-0.107,7,0.8704,1.0,False
Chinese,中卦-dynamic,ɑ,-0.103,11,0.9468,1.0,False
Chinese,兌卦-dynamic,p,-0.101,9,0.8439,1.0,False
Chinese,中卦-dynamic,e,-0.1,3,0.897,1.0,False
Chinese,震卦-dynamic,a,-0.1,34,0.887,1.0,False
Chinese,坎卦-dynamic,ɑ,-0.098,15,0.9136,1.0,False
Chinese,艮卦-static,k,-0.097,13,0.8372,1.0,False
Chinese,坎卦-dynamic,ɕ,-0.091,6,0.9269,1.0,False
Chinese,離卦-dynamic,ə,0.088,34,0.8638,1.0,False
Chinese,離卦-dynamic,ʊ,0.087,83,0.8804,1.0,False
Chinese,坤卦-dynamic,ɕ,-0.086,20,0.8804,1.0,False
Chinese,震卦-static,a,0.086,33,0.8671,1.0,False
Chinese,震卦-static,f,-0.086,10,0.8704,1.0,False
Chinese,坤卦-dynamic,ʈ͡ʂʰ,-0.085,7,0.8738,1.0,False
Chinese,震卦-dynamic,ɕ,-0.085,29,0.897,1.0,False
Chinese,艮卦-static,ɨ,0.083,8,0.897,1.0,False
Chinese,坎卦-dynamic,ɪ,0.075,7,0.9269,1.0,False
Chinese,離卦-dynamic,œ,-0.075,11,0.887,1.0,False
Chinese,艮卦-static,t,0.073,12,0.907,1.0,False
Chinese,離卦-dynamic,i,0.073,170,0.8771,1.0,False
Chinese,坎卦-static,ʈ͡ʂ,-0.072,13,0.9103,1.0,False
Chinese,乾卦-static,ʈ͡ʂʰ,-0.071,3,0.9468,1.0,False
Chinese,坎卦-static,ʈ͡ʂʰ,-0.067,9,0.897,1.0,False
Chinese,乾卦-static,t͡ɕ,0.066,9,0.9402,1.0,False
Chinese,坤卦-dynamic,m,0.065,13,0.9203,1.0,False
Chinese,巽卦-static,u,0.065,9,0.9834,1.0,False
Chinese,乾卦-static,t͡sʰ,0.057,3,0.9169,1.0,False
Chinese,離卦-dynamic,u,-0.056,120,0.9136,1.0,False
Chinese,艮卦-dynamic,u,-0.055,84,0.9037,1.0,False
Chinese,巽卦-dynamic,k,-0.051,3,0.9601,1.0,False
Chinese,坤卦-dynamic,œ,-0.049,6,0.9169,1.0,False
Chinese,乾卦-dynamic,n,-0.048,15,0.9601,1.0,False
Chinese,艮卦-static,t͡ɕʰ,0.044,10,0.9369,1.0,False
Chinese,離卦-static,ŋ,0.043,24,0.9568,1.0,False
Chinese,乾卦-static,e,-0.043,6,0.9635,1.0,False
Chinese,坎卦-static,ʂ,0.04,22,0.9568,1.0,False
Chinese,乾卦-dynamic,ɑ,0.04,14,0.9701,1.0,False
Chinese,坎卦-dynamic,x,-0.037,5,0.9635,1.0,False
Chinese,艮卦-dynamic,ʈ͡ʂʰ,0.036,11,0.9402,1.0,False
Chinese,震卦-dynamic,ɪ,0.034,33,0.9601,1.0,False
Chinese,震卦-static,n,-0.032,74,0.9402,1.0,False
Chinese,中卦-static,i,0.031,101,0.9502,1.0,False
Chinese,艮卦-static,ʈ͡ʂ,-0.027,11,0.9635,1.0,False
Chinese,乾卦-dynamic,tʰ,-0.027,3,0.9767,1.0,False
Chinese,離卦-static,s,0.026,4,0.9867,1.0,False
Chinese,艮卦-static,ɤ,0.022,13,0.9834,1.0,False
Chinese,坤卦-dynamic,t,-0.02,11,0.9767,1.0,False
Chinese,中卦-dynamic,ɪ,0.019,5,0.9867,1.0,False
Chinese,兌卦-dynamic,t͡sʰ,-0.019,6,0.9734,1.0,False
Chinese,震卦-static,ɛ,0.018,27,0.9701,1.0,False
Chinese,震卦-dynamic,k,-0.016,20,0.9834,1.0,False
Chinese,巽卦-dynamic,ɪ,-0.014,5,0.9967,1.0,False
Chinese,艮卦-static,e,-0.013,15,0.9767,1.0,False
Chinese,坤卦-dynamic,pʰ,-0.012,6,0.9801,1.0,False
Chinese,震卦-dynamic,f,-0.012,12,0.9967,1.0,False
Chinese,艮卦-dynamic,pʰ,-0.011,8,0.99,1.0,False
Chinese,艮卦-static,ɛ,0.01,21,0.9934,1.0,False
Chinese,兌卦-dynamic,t,-0.009,10,0.9867,1.0,False
Chinese,艮卦-static,a,0.005,25,0.99,1.0,False
Chinese,中卦-static,k,-0.003,16,0.9967,1.0,False
Chinese,坤卦-dynamic,kʰ,-0.002,6,0.9967,1.0,False
Chinese,離卦-dynamic,t͡ɕʰ,0.002,18,0.9967,1.0,False
English,坤卦-static,ə͡ʊ,3.649,12,0.0033,0.2208,False
English,巽卦-dynamic,ʃ,3.525,7,0.0033,0.2208,False
English,兌卦-dynamic,j,3.158,12,0.0033,0.2208,False
English,坤卦-static,d,3.006,14,0.0033,0.2208,False
English,震卦-static,a͡ʊ,2.986,23,0.0033,0.2208,False
English,震卦-dynamic,w,2.648,30,0.0033,0.2208,False
English,艮卦-static,k,2.408,57,0.0033,0.2208,False
English,離卦-dynamic,ɐ,2.406,15,0.0033,0.2208,False
English,震卦-static,b,2.349,49,0.0033,0.2208,False
English,震卦-dynamic,h,2.273,15,0.0033,0.2208,False
English,震卦-static,ʊ,2.046,10,0.0033,0.2208,False
English,震卦-dynamic,ə,-1.86,12,0.0033,0.2208,False
English,震卦-static,p,1.779,65,0.0033,0.2208,False
English,巽卦-dynamic,ɔ͡ɪ,3.404,3,0.0066,0.2609,False
English,離卦-static,ɛ,3.029,19,0.0066,0.2609,False
English,兌卦-dynamic,e͡ə,2.635,4,0.0066,0.2609,False
English,乾卦-static,m,2.413,31,0.0066,0.2609,False
English,坤卦-dynamic,i,2.379,39,0.0066,0.2609,False
English,震卦-static,t͡ʃ,2.218,18,0.0066,0.2609,False
English,乾卦-static,i,2.072,32,0.0066,0.2609,False
English,離卦-dynamic,n,1.766,124,0.0066,0.2609,False
English,震卦-dynamic,e͡ɪ,1.648,28,0.0066,0.2609,False
English,坤卦-static,a,3.014,10,0.01,0.3189,False
English,坤卦-static,v,2.952,5,0.01,0.3189,False
English,乾卦-static,θ,2.29,7,0.01,0.3189,False
English,震卦-dynamic,a͡ɪ,1.822,25,0.01,0.3189,False
English,震卦-dynamic,ɔ,1.555,19,0.01,0.3189,False
English,乾卦-static,i͡ə,2.137,8,0.0133,0.3827,False
English,艮卦-dynamic,e͡ɪ,1.895,39,0.0133,0.3827,False
English,震卦-dynamic,ɑ,1.546,9,0.0133,0.3827,False
English,中卦-dynamic,ɔ,2.748,4,0.0166,0.4349,False
English,坎卦-static,t͡ʃ,1.636,9,0.0166,0.4349,False
English,艮卦-dynamic,w,1.49,27,0.0166,0.4349,False
English,巽卦-static,t,2.937,15,0.0199,0.4784,False
English,震卦-static,ɑ,1.556,14,0.0199,0.4784,False
English,離卦-dynamic,s,-1.335,62,0.0199,0.4784,False
English,坤卦-dynamic,a͡ɪ͡ə,2.309,3,0.0233,0.5288,False
English,坎卦-static,ð,1.751,6,0.0233,0.5288,False
English,坤卦-static,l,2.457,19,0.0266,0.5741,False
English,震卦-static,m,1.236,52,0.0266,0.5741,False
English,艮卦-dynamic,ŋ,1.474,14,0.0299,0.6151,False
English,震卦-dynamic,u,1.375,17,0.0299,0.6151,False
English,巽卦-static,f,2.563,6,0.0332,0.6379,False
English,離卦-dynamic,ɒ,-1.263,6,0.0332,0.6379,False
English,兌卦-dynamic,ɡ,1.861,12,0.0365,0.6578,False
English,兌卦-dynamic,k,1.74,35,0.0365,0.6578,False
English,艮卦-static,e͡ə,1.617,4,0.0365,0.6578,False
English,中卦-dynamic,ɒ,2.844,6,0.0399,0.6624,False
English,坎卦-static,ʌ,1.681,22,0.0399,0.6624,False
English,離卦-dynamic,h,-1.093,3,0.0399,0.6624,False
English,中卦-static,ð,1.494,7,0.0432,0.7041,False
English,巽卦-dynamic,ɪ,2.22,21,0.0465,0.7176,False
English,離卦-static,p,2.177,18,0.0465,0.7176,False
English,離卦-dynamic,e͡ə,1.114,7,0.0465,0.7176,False
English,兌卦-dynamic,ŋ,1.677,7,0.0498,0.7298,False
English,坎卦-static,ɑ,1.446,8,0.0498,0.7298,False
English,中卦-static,ə,1.446,75,0.0498,0.7298,False
English,中卦-dynamic,s,2.723,12,0.0532,0.7529,False
English,兌卦-static,d͡ʒ,2.736,5,0.0565,0.7625,False
English,乾卦-dynamic,e͡ɪ,2.469,11,0.0664,0.8372,False
English,巽卦-dynamic,ŋ,2.065,3,0.0698,0.8372,False
English,乾卦-static,n,1.549,44,0.0698,0.8372,False
English,坎卦-static,ɜ,1.267,9,0.0698,0.8372,False
English,艮卦-dynamic,d,1.119,53,0.0698,0.8372,False
English,離卦-dynamic,ɛ,1.103,59,0.0664,0.8372,False
English,震卦-static,t,1.039,99,0.0698,0.8372,False
English,巽卦-static,a͡ɪ,2.333,5,0.0764,0.8505,False
English,巽卦-dynamic,b,2.046,7,0.0797,0.8505,False
English,乾卦-static,ɒ,1.436,19,0.0764,0.8505,False
English,兌卦-dynamic,ʊ,1.315,3,0.0764,0.8505,False
English,兌卦-dynamic,ɜ,1.296,6,0.0797,0.8505,False
English,艮卦-static,ɑ,1.293,7,0.0797,0.8505,False
English,中卦-static,θ,1.204,8,0.0797,0.8505,False
English,震卦-static,ɔ,1.092,25,0.0797,0.8505,False
English,震卦-dynamic,ɒ,-1.056,5,0.0731,0.8505,False
English,乾卦-static,p,-1.299,9,0.0831,0.8543,False
English,離卦-dynamic,z,1.002,20,0.0831,0.8543,False
English,震卦-static,v,-0.995,6,0.0831,0.8543,False
English,兌卦-static,ɪ,2.513,19,0.0997,0.8787,False
English,巽卦-static,ə͡l,2.038,3,0.0963,0.8787,False
English,巽卦-dynamic,f,1.894,7,0.0997,0.8787,False
English,巽卦-dynamic,n,-1.881,5,0.093,0.8787,False
English,坎卦-dynamic,a͡ʊ,1.637,4,0.093,0.8787,False
English,坎卦-dynamic,i͡ə,1.625,4,0.0997,0.8787,False
English,兌卦-dynamic,u,1.268,10,0.0897,0.8787,False
English,艮卦-static,a,1.245,26,0.0997,0.8787,False
English,坎卦-static,θ,1.139,6,0.0897,0.8787,False
English,坤卦-dynamic,a͡ʊ,1.116,6,0.0963,0.8787,False
English,艮卦-dynamic,ə͡l,1.058,16,0.093,0.8787,False
English,艮卦-dynamic,i,-1.053,15,0.093,0.8787,False
English,震卦-dynamic,ə͡l,0.991,12,0.093,0.8787,False
English,離卦-dynamic,ə,0.935,104,0.103,0.8988,False
English,乾卦-dynamic,z,2.14,5,0.1063,0.9074,False
English,巽卦-dynamic,ʌ,1.957,6,0.1196,0.9074,False
English,乾卦-dynamic,ɹ,1.858,17,0.1561,0.9074,False
English,巽卦-dynamic,ə,-1.811,3,0.1429,0.9074,False
English,離卦-static,d,-1.616,3,0.1462,0.9074,False
English,巽卦-dynamic,ɹ,1.599,12,0.1595,0.9074,False
English,坎卦-dynamic,t,-1.557,14,0.113,0.9074,False
English,坎卦-dynamic,θ,1.367,3,0.1628,0.9074,False
English,兌卦-dynamic,ə,-1.254,13,0.1229,0.9074,False
English,兌卦-dynamic,z,1.2,7,0.1229,0.9074,False
English,坤卦-dynamic,z,1.166,9,0.1296,0.9074,False
English,坤卦-dynamic,ð,1.163,4,0.1329,0.9074,False
English,兌卦-dynamic,ɐ,1.158,3,0.1329,0.9074,False
English,中卦-static,ɡ,-1.141,6,0.1096,0.9074,False
English,乾卦-static,j,1.12,7,0.1628,0.9074,False
English,乾卦-static,k,-1.112,14,0.1495,0.9074,False
English,兌卦-dynamic,ɪ,1.102,41,0.1595,0.9074,False
English,艮卦-static,ʃ,1.086,12,0.1362,0.9074,False
English,坤卦-dynamic,v,1.082,11,0.1262,0.9074,False
English,坎卦-static,k,-1.068,19,0.1163,0.9074,False
English,艮卦-static,ɐ,1.043,4,0.1262,0.9074,False
English,震卦-dynamic,l,-1.0,23,0.1329,0.9074,False
English,中卦-static,f,-0.937,12,0.1628,0.9074,False
English,震卦-static,i,-0.929,20,0.1063,0.9074,False
English,艮卦-static,ɡ,0.921,13,0.1329,0.9074,False
English,艮卦-dynamic,ɛ,-0.92,17,0.1163,0.9074,False
English,震卦-dynamic,z,0.884,10,0.1395,0.9074,False
English,艮卦-dynamic,ʌ,-0.88,10,0.1628,0.9074,False
English,震卦-static,s,-0.865,59,0.113,0.9074,False
English,震卦-static,z,-0.852,3,0.1096,0.9074,False
English,震卦-static,ɡ,-0.846,10,0.1561,0.9074,False
English,震卦-static,a͡ɪ͡ə,0.836,3,0.1196,0.9074,False
English,震卦-static,ɜ,-0.804,4,0.1262,0.9074,False
English,離卦-dynamic,ɹ,0.775,80,0.1329,0.9074,False
English,離卦-dynamic,l,-0.76,52,0.1561,0.9074,False
English,中卦-dynamic,n,-2.003,3,0.2093,0.9084,False
English,坤卦-static,ɹ,-1.879,3,0.1894,0.9084,False
English,中卦-dynamic,u,1.858,3,0.2027,0.9084,False
English,巽卦-static,l,1.809,13,0.1794,0.9084,False
English,坤卦-static,s,-1.803,6,0.1728,0.9084,False
English,離卦-static,ɹ,-1.496,7,0.2126,0.9084,False
English,坎卦-dynamic,d͡ʒ,1.441,7,0.1993,0.9084,False
English,離卦-static,i,-1.414,3,0.2093,0.9084,False
English,坎卦-dynamic,ʌ,1.323,9,0.2392,0.9084,False
English,坎卦-dynamic,b,-1.268,4,0.2126,0.9084,False
English,坤卦-dynamic,m,-1.083,10,0.1894,0.9084,False
English,乾卦-static,e͡ɪ,-1.036,4,0.2425,0.9084,False
English,乾卦-static,ɹ,-1.027,16,0.2126,0.9084,False
English,乾卦-static,ɑ,1.012,5,0.2193,0.9084,False
English,坤卦-dynamic,d,0.962,31,0.2492,0.9084,False
English,中卦-static,j,0.953,11,0.186,0.9084,False
English,坎卦-static,h,0.951,9,0.1761,0.9084,False
English,乾卦-static,ɛ,-0.95,9,0.2226,0.9084,False
English,坎卦-static,ɡ,0.934,14,0.1794,0.9084,False
English,坤卦-dynamic,n,0.931,44,0.2193,0.9084,False
English,艮卦-static,a͡ɪ,0.93,16,0.1827,0.9084,False
English,坤卦-dynamic,p,-0.929,13,0.2326,0.9084,False
English,中卦-static,e͡ə,0.928,4,0.196,0.9084,False
English,坤卦-dynamic,ɔ,-0.905,3,0.2425,0.9084,False
English,艮卦-static,ɪ,-0.884,24,0.2226,0.9084,False
English,兌卦-dynamic,ɒ,-0.881,4,0.2359,0.9084,False
English,中卦-static,h,-0.861,3,0.1761,0.9084,False
English,中卦-static,ɐ,0.851,5,0.2093,0.9084,False
English,中卦-static,l,-0.842,31,0.2093,0.9084,False
English,艮卦-dynamic,ə,-0.833,36,0.1927,0.9084,False
English,中卦-static,ɜ,-0.825,3,0.2292,0.9084,False
English,坎卦-static,i,-0.824,13,0.2326,0.9084,False
English,坎卦-static,s,0.813,53,0.2359,0.9084,False
English,艮卦-static,ɜ,0.799,7,0.2359,0.9084,False
English,艮卦-dynamic,θ,0.78,7,0.1894,0.9084,False
English,震卦-dynamic,f,0.78,22,0.2226,0.9084,False
English,艮卦-static,t͡ʃ,0.779,6,0.2259,0.9084,False
English,艮卦-dynamic,n,-0.772,45,0.2359,0.9084,False
English,離卦-dynamic,d͡ʒ,-0.766,5,0.1728,0.9084,False
English,艮卦-static,n,-0.764,30,0.2359,0.9084,False
English,震卦-dynamic,p,-0.753,18,0.2226,0.9084,False
English,中卦-static,ə͡ʊ,-0.73,8,0.2392,0.9084,False
English,震卦-dynamic,b,-0.706,13,0.2425,0.9084,False
English,艮卦-dynamic,a,0.705,33,0.2458,0.9084,False
English,震卦-dynamic,v,0.702,12,0.2126,0.9084,False
English,艮卦-dynamic,d͡ʒ,-0.696,4,0.2359,0.9084,False
English,離卦-dynamic,a͡ɪ,-0.686,13,0.2359,0.9084,False
English,震卦-static,ə,-0.664,47,0.2458,0.9084,False
English,離卦-dynamic,ɡ,-0.655,14,0.2458,0.9084,False
English,震卦-static,ʃ,0.634,17,0.2492,0.9084,False
English,震卦-static,ɪ,-0.627,51,0.2226,0.9084,False
English,震卦-static,h,0.615,13,0.2359,0.9084,False
English,艮卦-static,v,0.859,11,0.2558,0.9209,False
English,離卦-dynamic,ð,0.627,7,0.2558,0.9209,False
English,震卦-static,ŋ,-0.604,6,0.2591,0.929,False
English,坎卦-dynamic,p,1.139,15,0.2625,0.9294,False
English,震卦-static,e͡ɪ,-0.636,14,0.2625,0.9294,False
English,震卦-dynamic,ɪ,-0.673,32,0.2658,0.9335,False
English,坎卦-dynamic,m,1.23,14,0.2724,0.9343,False
English,艮卦-static,b,-0.747,11,0.2724,0.9343,False
English,艮卦-static,ə͡l,-0.718,3,0.2757,0.9343,False
English,艮卦-dynamic,t͡ʃ,-0.655,3,0.2724,0.9343,False
English,巽卦-dynamic,u,1.377,4,0.289,0.9495,False
English,離卦-dynamic,i͡ə,-0.6,3,0.289,0.9495,False
English,離卦-dynamic,p,0.577,58,0.289,0.9495,False
English,震卦-static,j,-0.575,3,0.289,0.9495,False
English,艮卦-dynamic,a͡ɪ,0.604,21,0.2924,0.9568,False
English,中卦-dynamic,b,1.491,4,0.3322,0.9604,False
English,乾卦-dynamic,l,-1.39,5,0.3322,0.9604,False
English,中卦-dynamic,w,1.362,3,0.3621,0.9604,False
English,坤卦-static,ə͡l,1.325,3,0.3488,0.9604,False
English,巽卦-static,k,-1.322,3,0.3389,0.9604,False
English,中卦-dynamic,ɹ,-1.308,3,0.4718,0.9604,False
English,兌卦-static,ə,1.278,12,0.4983,0.9604,False
English,巽卦-static,n,-1.267,5,0.3953,0.9604,False
English,乾卦-dynamic,ɜ,1.2,3,0.4518,0.9604,False
English,中卦-dynamic,m,1.173,5,0.4784,0.9604,False
English,兌卦-static,t,1.142,13,0.5349,0.9604,False
English,坤卦-static,ɪ,-1.139,5,0.3854,0.9604,False
English,巽卦-static,ɪ,-1.129,4,0.4053,0.9604,False
English,兌卦-static,ʌ,1.082,4,0.5116,0.9604,False
English,離卦-static,i͡ə,1.081,3,0.4086,0.9604,False
English,乾卦-dynamic,i,1.08,11,0.4518,0.9604,False
English,乾卦-dynamic,ə,1.076,18,0.4286,0.9604,False
English,兌卦-static,p,-1.068,3,0.5515,0.9604,False
English,離卦-static,l,1.065,24,0.3987,0.9604,False
English,巽卦-dynamic,m,-1.062,3,0.4286,0.9604,False
English,坎卦-dynamic,f,1.057,10,0.3023,0.9604,False
English,兌卦-static,s,1.056,12,0.5814,0.9604,False
English,兌卦-static,ɹ,1.043,9,0.5748,0.9604,False
English,中卦-dynamic,t,-1.037,6,0.5548,0.9604,False
English,乾卦-dynamic,f,-1.013,3,0.5183,0.9604,False
English,離卦-static,ə,1.003,22,0.3721,0.9604,False
English,巽卦-dynamic,l,0.988,14,0.4817,0.9604,False
English,離卦-static,t͡ʃ,0.984,3,0.3389,0.9604,False
English,巽卦-static,ɒ,0.969,4,0.5216,0.9604,False
English,坤卦-static,m,-0.962,3,0.4485,0.9604,False
English,巽卦-dynamic,ɛ,-0.959,3,0.4319,0.9604,False
English,離卦-static,ɡ,0.955,6,0.4053,0.9604,False
English,乾卦-dynamic,k,-0.944,7,0.5349,0.9604,False
English,巽卦-dynamic,i,-0.943,3,0.4718,0.9604,False
English,巽卦-dynamic,p,0.941,8,0.4286,0.9604,False
English,坤卦-static,t,-0.917,9,0.4817,0.9604,False
English,兌卦-static,ɔ,0.912,3,0.5648,0.9604,False
English,乾卦-dynamic,t,-0.903,13,0.4917,0.9604,False
English,中卦-dynamic,k,0.89,7,0.5482,0.9604,False
English,離卦-static,s,-0.864,15,0.4286,0.9604,False
English,坎卦-dynamic,a,-0.842,5,0.4319,0.9604,False
English,巽卦-static,p,-0.836,3,0.5681,0.9604,False
English,巽卦-static,ɛ,0.832,5,0.5515,0.9604,False
English,兌卦-dynamic,l,-0.826,16,0.3322,0.9604,False
English,乾卦-dynamic,n,0.81,17,0.5482,0.9604,False
English,坎卦-dynamic,ɒ,0.809,9,0.4053,0.9604,False
English,離卦-static,e͡ɪ,-0.806,3,0.485,0.9604,False
English,兌卦-dynamic,ʌ,-0.804,5,0.3322,0.9604,False
English,乾卦-dynamic,d͡ʒ,0.802,4,0.5249,0.9604,False
English,坤卦-static,ʌ,0.794,4,0.5548,0.9604,False
English,坤卦-dynamic,s,-0.789,31,0.3156,0.9604,False
English,離卦-static,w,0.788,6,0.5349,0.9604,False
English,巽卦-dynamic,t,-0.786,10,0.5648,0.9604,False
English,乾卦-dynamic,s,0.786,18,0.588,0.9604,False
English,坤卦-dynamic,ɑ,0.769,5,0.3156,0.9604,False
English,離卦-static,b,-0.756,5,0.5449,0.9604,False
English,巽卦-dynamic,a,-0.751,3,0.5449,0.9604,False
English,乾卦-static,b,-0.733,9,0.3588,0.9604,False
English,乾卦-static,ɡ,-0.707,5,0.402,0.9604,False
English,坤卦-dynamic,ɪ,-0.703,25,0.4385,0.9604,False
English,離卦-static,a,0.7,10,0.5349,0.9604,False
English,乾卦-static,l,-0.699,20,0.3555,0.9604,False
English,坎卦-dynamic,ɡ,-0.697,3,0.5449,0.9604,False
English,坎卦-dynamic,a͡ɪ,0.682,7,0.5249,0.9604,False
English,坎卦-static,m,-0.68,15,0.3754,0.9604,False
English,坤卦-dynamic,b,0.665,17,0.3754,0.9604,False
English,離卦-static,k,0.659,17,0.5415,0.9604,False
English,中卦-static,w,0.657,17,0.3455,0.9604,False
English,乾卦-static,h,0.657,6,0.392,0.9604,False
English,兌卦-dynamic,t͡ʃ,0.655,4,0.3854,0.9604,False
English,坎卦-dynamic,k,0.652,18,0.4551,0.9604,False
English,坤卦-dynamic,ɜ,0.632,6,0.4053,0.9604,False
English,中卦-static,s,0.625,66,0.3488,0.9604,False
English,中卦-static,p,-0.624,23,0.3754,0.9604,False
English,兌卦-dynamic,θ,0.621,3,0.5316,0.9604,False
English,乾卦-static,ə,0.614,35,0.4751,0.9604,False
English,艮卦-dynamic,f,-0.607,16,0.3522,0.9604,False
English,乾卦-static,d,-0.599,14,0.5349,0.9604,False
English,乾卦-static,w,-0.593,3,0.4352,0.9604,False
English,坤卦-dynamic,d͡ʒ,-0.589,3,0.4651,0.9604,False
English,艮卦-dynamic,s,0.588,71,0.3189,0.9604,False
English,艮卦-dynamic,ɹ,0.579,52,0.3787,0.9604,False
English,坤卦-dynamic,ɹ,-0.578,22,0.4485,0.9604,False
English,乾卦-static,a,-0.578,10,0.4651,0.9604,False
English,艮卦-static,ɔ,-0.577,5,0.3688,0.9604,False
English,艮卦-static,ɒ,-0.574,8,0.402,0.9604,False
English,乾卦-static,z,0.574,6,0.5216,0.9604,False
English,坎卦-static,z,-0.571,3,0.4286,0.9604,False
English,離卦-dynamic,ə͡l,-0.57,8,0.3223,0.9604,False
English,艮卦-static,ɛ,-0.569,14,0.4319,0.9604,False
English,震卦-dynamic,ŋ,-0.565,4,0.3488,0.9604,False
English,乾卦-static,ɪ,-0.56,24,0.495,0.9604,False
English,兌卦-dynamic,ɹ,-0.559,17,0.5183,0.9604,False
English,乾卦-static,ɔ,0.559,9,0.4718,0.9604,False
English,乾卦-static,ə͡ʊ,-0.559,6,0.4551,0.9604,False
English,中卦-static,u,-0.554,7,0.4319,0.9604,False
English,震卦-dynamic,d͡ʒ,-0.553,4,0.3688,0.9604,False
English,坎卦-static,ə͡ʊ,-0.55,8,0.4186,0.9604,False
English,坎卦-static,ə͡l,-0.548,4,0.4319,0.9604,False
English,艮卦-static,f,-0.546,11,0.4419,0.9604,False
English,艮卦-dynamic,p,-0.537,26,0.3821,0.9604,False
English,坤卦-dynamic,k,-0.526,22,0.5083,0.9604,False
English,艮卦-static,d,-0.525,18,0.505,0.9604,False
English,艮卦-dynamic,h,-0.523,5,0.3987,0.9604,False
English,離卦-dynamic,ə͡ʊ,-0.522,17,0.3389,0.9604,False
English,震卦-dynamic,ʌ,-0.515,10,0.3488,0.9604,False
English,中卦-static,ŋ,-0.512,5,0.4518,0.9604,False
English,坎卦-static,ŋ,0.506,7,0.5216,0.9604,False
English,中卦-static,ɹ,0.504,47,0.4286,0.9604,False
English,兌卦-dynamic,t,-0.501,28,0.5017,0.9604,False
English,坤卦-dynamic,ŋ,0.497,6,0.5648,0.9604,False
English,震卦-dynamic,ɡ,0.496,13,0.3721,0.9604,False
English,坤卦-dynamic,a,-0.485,12,0.5316,0.9604,False
English,中卦-static,m,0.482,32,0.4817,0.9604,False
English,震卦-static,w,-0.482,8,0.392,0.9604,False
English,震卦-dynamic,ɛ,-0.482,17,0.4219,0.9604,False
English,離卦-dynamic,ɜ,-0.482,7,0.3987,0.9604,False
English,艮卦-static,ɔ͡ɪ,0.481,3,0.5083,0.9604,False
English,兌卦-dynamic,m,-0.481,11,0.5282,0.9604,False
English,艮卦-dynamic,j,0.478,9,0.4485,0.9604,False
English,坎卦-static,a,-0.478,14,0.5449,0.9604,False
English,離卦-dynamic,θ,-0.476,3,0.3953,0.9604,False
English,坤卦-dynamic,ʃ,-0.474,3,0.5748,0.9604,False
English,震卦-static,a͡ɪ,-0.474,13,0.3953,0.9604,False
English,兌卦-dynamic,s,-0.471,26,0.5216,0.9604,False
English,坎卦-static,ɐ,0.462,3,0.5415,0.9604,False
English,中卦-static,d,-0.455,26,0.5615,0.9604,False
English,兌卦-dynamic,ɔ,-0.455,4,0.5548,0.9604,False
English,中卦-static,ɪ,0.453,65,0.515,0.9604,False
English,坤卦-dynamic,a͡ɪ,0.45,12,0.5914,0.9604,False
English,坎卦-static,v,-0.449,6,0.5316,0.9604,False
English,坎卦-static,ɛ,-0.449,16,0.5216,0.9604,False
English,坤卦-dynamic,t,-0.448,37,0.5482,0.9604,False
English,艮卦-static,ʌ,-0.446,9,0.5482,0.9604,False
English,艮卦-dynamic,ʊ,0.446,4,0.4817,0.9604,False
English,兌卦-dynamic,a͡ʊ,0.445,3,0.588,0.9604,False
English,震卦-dynamic,t͡ʃ,-0.442,3,0.4817,0.9604,False
English,艮卦-dynamic,z,-0.439,5,0.4983,0.9604,False
English,中卦-static,t,0.435,68,0.4817,0.9604,False
English,艮卦-dynamic,u,0.434,15,0.4319,0.9604,False
English,中卦-static,ɔ,-0.434,8,0.5415,0.9604,False
English,中卦-static,ə͡l,0.428,11,0.5349,0.9604,False
English,震卦-static,l,-0.426,52,0.4419,0.9604,False
English,艮卦-dynamic,ə͡ʊ,-0.425,13,0.5415,0.9604,False
English,坎卦-static,e͡ɪ,-0.422,10,0.5282,0.9604,False
English,離卦-dynamic,t͡ʃ,0.422,11,0.4651,0.9604,False
English,離卦-dynamic,b,-0.417,28,0.4817,0.9604,False
English,震卦-dynamic,n,0.412,49,0.4651,0.9604,False
English,坤卦-dynamic,ɡ,0.407,10,0.5482,0.9604,False
English,坎卦-static,ɔ͡ɪ,0.407,3,0.5083,0.9604,False
English,震卦-dynamic,ʊ,0.406,3,0.4917,0.9604,False
English,震卦-dynamic,t,-0.404,47,0.5116,0.9604,False
English,坎卦-static,ɒ,-0.401,10,0.505,0.9604,False
English,離卦-dynamic,i,0.401,52,0.495,0.9604,False
English,震卦-static,ə͡ʊ,-0.397,16,0.4618,0.9604,False
English,艮卦-dynamic,i͡ə,-0.396,3,0.4784,0.9604,False
English,震卦-static,ə͡l,0.396,14,0.4518,0.9604,False
English,中卦-static,a,-0.393,19,0.4983,0.9604,False
English,中卦-static,b,-0.371,18,0.5748,0.9604,False
English,震卦-static,k,-0.37,46,0.505,0.9604,False
English,艮卦-dynamic,ɑ,-0.364,3,0.5449,0.9604,False
English,震卦-static,ʌ,-0.361,17,0.485,0.9604,False
English,艮卦-dynamic,ɡ,0.359,16,0.5316,0.9604,False
English,震卦-dynamic,ɹ,-0.359,30,0.5681,0.9604,False
English,中卦-static,z,0.35,9,0.588,0.9604,False
English,離卦-dynamic,ʌ,-0.344,21,0.5349,0.9604,False
English,離卦-dynamic,m,0.325,48,0.5847,0.9604,False
English,離卦-dynamic,ɪ,0.32,98,0.5083,0.9604,False
English,離卦-dynamic,j,-0.317,6,0.5781,0.9604,False
English,離卦-dynamic,v,0.288,19,0.5415,0.9604,False
English,離卦-dynamic,a,-0.278,32,0.5914,0.9604,False
English,巽卦-static,ə,-0.77,5,0.5947,0.9622,False
English,兌卦-static,k,-1.107,4,0.6179,0.9635,False
English,中卦-dynamic,l,-0.816,4,0.6312,0.9635,False
English,乾卦-dynamic,a,-0.762,4,0.6146,0.9635,False
English,巽卦-static,ə͡ʊ,0.756,4,0.6179,0.9635,False
English,巽卦-dynamic,k,-0.688,6,0.598,0.9635,False
English,離卦-static,a͡ɪ,-0.58,3,0.6312,0.9635,False
English,坤卦-dynamic,ɛ,-0.416,14,0.6013,0.9635,False
English,坤卦-dynamic,h,0.401,6,0.6312,0.9635,False
English,乾卦-static,t͡ʃ,0.393,4,0.6346,0.9635,False
English,坤卦-dynamic,ə,0.39,37,0.6279,0.9635,False
English,兌卦-dynamic,ɛ,0.368,15,0.6279,0.9635,False
English,震卦-dynamic,ʃ,0.331,9,0.6047,0.9635,False
English,離卦-dynamic,t,0.31,105,0.6279,0.9635,False
English,離卦-dynamic,k,0.302,73,0.598,0.9635,False
English,坎卦-static,ɔ,-0.291,7,0.6379,0.9635,False
English,離卦-dynamic,ʊ,-0.267,3,0.6146,0.9635,False
English,離卦-dynamic,e͡ɪ,-0.263,23,0.6179,0.9635,False
English,震卦-static,d,0.254,47,0.6246,0.9635,False
English,中卦-static,e͡ɪ,-0.315,14,0.6478,0.9667,False
English,震卦-static,a,-0.289,26,0.6445,0.9667,False
English,坎卦-static,t,0.291,51,0.6512,0.9683,False
English,離卦-dynamic,a͡ʊ,-0.273,4,0.6512,0.9683,False
English,坤卦-static,ɡ,0.633,3,0.6645,0.9797,False
English,震卦-static,f,-0.247,23,0.6645,0.9797,False
English,坤卦-static,ə,0.626,11,0.6711,0.9828,False
English,坤卦-static,b,-0.597,3,0.6777,0.9841,False
English,艮卦-dynamic,ɪ,-0.265,52,0.6744,0.9841,False
English,艮卦-static,h,0.255,6,0.6777,0.9841,False
English,中卦-dynamic,a,0.814,4,0.6977,0.9857,False
English,兌卦-static,i,-0.735,3,0.6877,0.9857,False
English,巽卦-static,ɹ,0.589,7,0.701,0.9857,False
English,乾卦-dynamic,ɒ,-0.549,3,0.7143,0.9857,False
English,離卦-static,ŋ,0.521,3,0.7143,0.9857,False
English,巽卦-static,i,0.519,5,0.701,0.9857,False
English,坤卦-static,k,0.493,9,0.7143,0.9857,False
English,兌卦-dynamic,e͡ɪ,-0.343,7,0.6877,0.9857,False
English,乾卦-static,t,0.333,39,0.691,0.9857,False
English,乾卦-static,ɜ,-0.312,3,0.6844,0.9857,False
English,中卦-static,ɑ,-0.309,3,0.6811,0.9857,False
English,兌卦-dynamic,ʃ,-0.297,3,0.6977,0.9857,False
English,兌卦-dynamic,p,0.288,17,0.7176,0.9857,False
English,艮卦-static,p,0.285,24,0.6944,0.9857,False
English,震卦-dynamic,j,0.281,6,0.6877,0.9857,False
English,艮卦-dynamic,l,0.265,60,0.6811,0.9857,False
English,坤卦-dynamic,u,-0.262,6,0.7143,0.9857,False
English,艮卦-static,t,-0.26,42,0.7076,0.9857,False
English,艮卦-static,i͡ə,0.251,4,0.7176,0.9857,False
English,離卦-dynamic,ʃ,-0.242,10,0.6944,0.9857,False
English,震卦-dynamic,ə͡ʊ,0.212,17,0.7043,0.9857,False
English,艮卦-dynamic,ɒ,-0.23,16,0.7209,0.9887,False
English,兌卦-static,n,0.5,10,0.7874,0.9904,False
English,兌卦-static,a,-0.491,3,0.7973,0.9904,False
English,兌卦-static,l,0.473,10,0.8206,0.9904,False
English,坎卦-dynamic,ə,-0.457,14,0.7243,0.9904,False
English,乾卦-dynamic,ɛ,0.453,8,0.7409,0.9904,False
English,巽卦-dynamic,ɡ,0.447,3,0.7608,0.9904,False
English,坤卦-static,i,-0.442,4,0.7741,0.9904,False
English,坤卦-static,ɒ,0.434,4,0.7774,0.9904,False
English,兌卦-static,ɛ,0.42,5,0.8239,0.9904,False
English,乾卦-dynamic,ə͡ʊ,0.394,6,0.8173,0.9904,False
English,離卦-static,ɒ,0.384,7,0.7309,0.9904,False
English,兌卦-static,b,-0.374,3,0.8771,0.9904,False
English,乾卦-dynamic,d,0.363,10,0.7907,0.9904,False
English,巽卦-static,d,-0.353,4,0.8173,0.9904,False
English,乾卦-dynamic,m,0.327,8,0.8239,0.9904,False
English,坎卦-dynamic,u,-0.323,3,0.8007,0.9904,False
English,坎卦-dynamic,n,0.318,20,0.7508,0.9904,False
English,乾卦-dynamic,p,-0.313,7,0.8272,0.9904,False
English,坎卦-dynamic,h,0.311,3,0.7375,0.9904,False
English,中卦-dynamic,i,0.307,4,0.8804,0.9904,False
English,坎卦-dynamic,e͡ɪ,0.294,7,0.8239,0.9904,False
English,中卦-dynamic,ɪ,-0.29,6,0.8339,0.9904,False
English,乾卦-static,f,0.284,13,0.7608,0.9904,False
English,乾卦-static,a͡ʊ,0.282,3,0.7342,0.9904,False
English,乾卦-static,v,0.281,7,0.7442,0.9904,False
English,乾卦-dynamic,b,0.278,6,0.8638,0.9904,False
English,坎卦-dynamic,z,0.277,3,0.8173,0.9904,False
English,乾卦-static,ə͡l,-0.271,4,0.7442,0.9904,False
English,兌卦-dynamic,f,-0.261,9,0.7508,0.9904,False
English,兌卦-dynamic,h,-0.257,3,0.7741,0.9904,False
English,乾卦-static,a͡ɪ,-0.253,7,0.7874,0.9904,False
English,坤卦-dynamic,e͡ɪ,0.243,13,0.7674,0.9904,False
English,坎卦-dynamic,ɪ,-0.235,17,0.7907,0.9904,False
English,坤卦-static,p,0.233,6,0.8804,0.9904,False
English,艮卦-static,ə,0.232,38,0.7442,0.9904,False
English,艮卦-static,e͡ɪ,0.231,14,0.7442,0.9904,False
English,兌卦-dynamic,a,0.229,13,0.7674,0.9904,False
English,離卦-static,m,-0.227,8,0.8538,0.9904,False
English,兌卦-static,f,-0.221,3,0.8571,0.9904,False
English,艮卦-dynamic,ɜ,-0.212,6,0.7309,0.9904,False
English,中卦-static,ɒ,-0.207,15,0.8106,0.9904,False
English,坎卦-static,f,-0.205,14,0.7874,0.9904,False
English,坎卦-static,n,0.204,43,0.7741,0.9904,False
English,坎卦-static,p,0.202,25,0.7907,0.9904,False
English,艮卦-static,i,-0.199,18,0.7841,0.9904,False
English,震卦-dynamic,a,0.195,21,0.7542,0.9904,False
English,離卦-static,u,0.192,4,0.907,0.9904,False
English,艮卦-dynamic,t,0.19,70,0.7674,0.9904,False
English,坎卦-dynamic,ɹ,0.19,15,0.8671,0.9904,False
English,震卦-dynamic,k,0.188,37,0.7276,0.9904,False
English,巽卦-dynamic,e͡ɪ,-0.187,3,0.8704,0.9904,False
English,離卦-dynamic,f,-0.183,29,0.7276,0.9904,False
English,兌卦-static,d,-0.182,5,0.9003,0.9904,False
English,巽卦-static,s,-0.18,8,0.9103,0.9904,False
English,震卦-static,e͡ə,0.18,3,0.7475,0.9904,False
English,離卦-dynamic,ɑ,0.18,8,0.7409,0.9904,False
English,坎卦-static,b,0.177,17,0.814,0.9904,False
English,坎卦-static,d͡ʒ,0.174,8,0.8239,0.9904,False
English,離卦-static,f,0.174,7,0.887,0.9904,False
English,震卦-dynamic,s,-0.173,46,0.8073,0.9904,False
English,艮卦-dynamic,m,-0.172,27,0.7907,0.9904,False
English,中卦-static,a͡ʊ,-0.172,3,0.8206,0.9904,False
English,艮卦-static,l,-0.17,33,0.8439,0.9904,False
English,離卦-dynamic,u,0.167,19,0.8239,0.9904,False
English,坤卦-static,ɛ,0.166,5,0.8571,0.9904,False
English,坎卦-static,d,0.16,27,0.8239,0.9904,False
English,離卦-dynamic,d,-0.16,48,0.7708,0.9904,False
English,兌卦-dynamic,i,-0.16,13,0.8339,0.9904,False
English,乾卦-static,d͡ʒ,0.16,6,0.8738,0.9904,False
English,坤卦-dynamic,ə͡ʊ,0.151,13,0.8505,0.9904,False
English,兌卦-dynamic,b,-0.151,10,0.8704,0.9904,False
English,中卦-static,k,-0.149,39,0.8239,0.9904,False
English,震卦-static,ɛ,-0.145,31,0.804,0.9904,False
English,艮卦-dynamic,ɔ,-0.144,11,0.804,0.9904,False
English,巽卦-dynamic,d,-0.143,6,0.9103,0.9904,False
English,中卦-static,ɛ,0.142,27,0.8306,0.9904,False
English,離卦-static,n,0.14,18,0.9136,0.9904,False
English,坎卦-static,a͡ɪ,-0.139,10,0.8272,0.9904,False
English,離卦-static,t,0.137,21,0.907,0.9904,False
English,離卦-dynamic,ŋ,0.134,12,0.814,0.9904,False
English,坤卦-dynamic,l,-0.133,31,0.8538,0.9904,False
English,震卦-static,d͡ʒ,0.133,13,0.8306,0.9904,False
English,中卦-static,a͡ɪ,-0.132,13,0.8571,0.9904,False
English,艮卦-dynamic,v,0.128,12,0.8605,0.9904,False
English,坤卦-static,n,0.126,10,0.8904,0.9904,False
English,中卦-static,i͡ə,0.123,5,0.8605,0.9904,False
English,坎卦-static,u,0.118,9,0.8837,0.9904,False
English,兌卦-dynamic,n,-0.118,26,0.8937,0.9904,False
English,艮卦-static,w,-0.11,7,0.9003,0.9904,False
English,震卦-static,u,0.109,15,0.8505,0.9904,False
English,離卦-static,ɪ,-0.109,17,0.8937,0.9904,False
English,坎卦-static,ə,0.108,39,0.9136,0.9904,False
English,艮卦-dynamic,ʃ,-0.105,8,0.8904,0.9904,False
English,巽卦-dynamic,s,-0.105,11,0.907,0.9904,False
English,中卦-static,ʃ,0.103,9,0.8704,0.9904,False
English,震卦-dynamic,d,-0.103,26,0.8771,0.9904,False
English,坤卦-dynamic,ə͡l,0.096,6,0.9136,0.9904,False
English,震卦-dynamic,i,-0.096,22,0.897,0.9904,False
English,震卦-static,n,0.095,70,0.8605,0.9904,False
English,坤卦-dynamic,ʌ,0.093,11,0.907,0.9904,False
English,兌卦-dynamic,v,-0.093,5,0.8904,0.9904,False
English,艮卦-static,m,0.09,20,0.8804,0.9904,False
English,震卦-static,ɹ,-0.088,51,0.8804,0.9904,False
English,艮卦-static,ɹ,0.086,30,0.9037,0.9904,False
English,震卦-static,ɐ,-0.082,3,0.8738,0.9904,False
English,坤卦-dynamic,j,0.076,4,0.897,0.9904,False
English,艮卦-dynamic,ɐ,0.074,3,0.907,0.9904,False
English,震卦-dynamic,i͡ə,0.073,4,0.9103,0.9904,False
English,艮卦-dynamic,ð,0.072,3,0.8738,0.9904,False
English,艮卦-dynamic,b,0.07,23,0.9169,0.9915,False
English,中卦-static,v,-0.059,10,0.9203,0.9926,False
English,乾卦-dynamic,a͡ɪ,0.117,4,0.9568,0.9941,False
English,離卦-static,ə͡l,0.112,3,0.9568,0.9941,False
English,乾卦-dynamic,ʌ,-0.091,4,0.9468,0.9941,False
English,乾卦-static,u,-0.085,6,0.9369,0.9941,False
English,坎卦-dynamic,i,0.082,10,0.9502,0.9941,False
English,坎卦-dynamic,d,-0.076,11,0.9402,0.9941,False
English,坎卦-static,j,-0.072,4,0.9468,0.9941,False
English,坎卦-static,ɹ,0.069,32,0.9302,0.9941,False
English,乾卦-dynamic,w,0.064,3,0.9734,0.9941,False
English,乾卦-static,ʌ,-0.063,9,0.9369,0.9941,False
English,坤卦-dynamic,ɒ,-0.062,11,0.9402,0.9941,False
English,中卦-dynamic,ə,-0.06,6,0.9668,0.9941,False
English,坎卦-static,ɪ,0.058,43,0.9269,0.9941,False
English,乾卦-static,ŋ,-0.053,4,0.9402,0.9941,False
English,乾卦-dynamic,ɪ,-0.051,14,0.9635,0.9941,False
English,兌卦-dynamic,d,0.049,17,0.9535,0.9941,False
English,艮卦-dynamic,k,-0.047,44,0.9302,0.9941,False
English,中卦-static,n,-0.047,52,0.9302,0.9941,False
English,中卦-static,i,-0.044,27,0.9568,0.9941,False
English,乾卦-static,s,0.044,34,0.9701,0.9941,False
English,坎卦-static,l,0.043,39,0.9601,0.9941,False
English,坎卦-static,w,-0.043,8,0.9635,0.9941,False
English,震卦-dynamic,m,-0.041,22,0.9635,0.9941,False
English,艮卦-static,s,-0.04,41,0.9701,0.9941,False
English,艮卦-static,u,0.039,8,0.9535,0.9941,False
English,震卦-static,i͡ə,0.038,6,0.9435,0.9941,False
English,艮卦-static,ə͡ʊ,0.036,13,0.9601,0.9941,False
English,坤卦-dynamic,f,-0.033,13,0.9734,0.9941,False
English,坎卦-dynamic,ə͡ʊ,-0.029,6,0.9701,0.9941,False
English,坤卦-dynamic,w,-0.024,7,0.9668,0.9941,False
English,震卦-static,ɒ,-0.019,22,0.9701,0.9941,False
English,離卦-dynamic,ɔ,0.019,18,0.9635,0.9941,False
English,離卦-static,d͡ʒ,0.013,3,0.9734,0.9941,False
English,離卦-static,ə͡ʊ,0.051,6,0.9801,0.995,False
English,坎卦-dynamic,l,-0.038,17,0.9767,0.995,False
English,坎卦-dynamic,ɔ,0.032,4,0.9801,0.995,False
English,坎卦-static,a͡ʊ,0.017,3,0.9767,0.995,False
English,坎卦-dynamic,ɛ,0.028,9,0.9867,0.9958,False
English,中卦-static,ʌ,0.021,16,0.9834,0.9958,False
English,艮卦-static,j,-0.006,4,0.99,0.9958,False
English,坎卦-dynamic,s,-0.011,20,0.9934,0.9967,False
English,兌卦-dynamic,ə͡ʊ,0.006,9,0.9967,0.9967,False
English,中卦-static,d͡ʒ,-0.003,9,0.9967,0.9967,False
French,兌卦-static,ø,3.94,4,0.0033,0.4684,False
French,震卦-dynamic,ə,2.702,33,0.0033,0.4684,False
French,乾卦-static,d,2.548,28,0.0033,0.4684,False
French,兌卦-dynamic,ʁ,2.186,120,0.0033,0.4684,False
French,兌卦-dynamic,e,1.982,101,0.0033,0.4684,False
French,離卦-dynamic,e,1.687,199,0.0033,0.4684,False
French,艮卦-dynamic,ɲ,3.389,5,0.0066,0.5621,False
French,坤卦-static,w,3.295,7,0.0066,0.5621,False
French,艮卦-dynamic,s,1.566,79,0.0066,0.5621,False
French,離卦-dynamic,ʁ,1.426,231,0.0066,0.5621,False
French,乾卦-dynamic,ʒ,3.007,8,0.0199,0.6784,False
French,巽卦-dynamic,y,2.848,11,0.0199,0.6784,False
French,乾卦-dynamic,ɔ̃,2.808,6,0.0233,0.6784,False
French,乾卦-static,n,2.238,24,0.0166,0.6784,False
French,震卦-dynamic,ɛ̃,1.834,16,0.0166,0.6784,False
French,乾卦-static,y,1.763,36,0.0133,0.6784,False
French,震卦-static,p,1.63,59,0.0133,0.6784,False
French,坤卦-dynamic,ɛ,1.611,42,0.0166,0.6784,False
French,艮卦-static,ʃ,1.531,13,0.0233,0.6784,False
French,艮卦-dynamic,b,1.519,46,0.0166,0.6784,False
French,坎卦-static,e,-1.454,11,0.01,0.6784,False
French,坤卦-dynamic,s,1.443,45,0.0233,0.6784,False
French,離卦-dynamic,l,-1.288,43,0.0233,0.6784,False
French,震卦-static,b,1.262,41,0.0199,0.6784,False
French,離卦-dynamic,u,-1.244,20,0.0233,0.6784,False
French,兌卦-static,v,3.225,4,0.0498,0.7665,False
French,巽卦-dynamic,f,2.881,7,0.0332,0.7665,False
French,巽卦-dynamic,z,2.443,5,0.0498,0.7665,False
French,坤卦-static,o,2.386,10,0.0399,0.7665,False
French,艮卦-static,d,-1.672,3,0.0365,0.7665,False
French,艮卦-static,o,1.574,27,0.0399,0.7665,False
French,坎卦-static,œ,1.524,15,0.0365,0.7665,False
French,乾卦-static,k,-1.433,5,0.0432,0.7665,False
French,中卦-static,m,1.366,41,0.0465,0.7665,False
French,坎卦-static,s,1.348,56,0.0299,0.7665,False
French,兌卦-dynamic,b,-1.319,6,0.0432,0.7665,False
French,震卦-dynamic,o,-1.26,10,0.0432,0.7665,False
French,坎卦-static,j,-1.251,13,0.0432,0.7665,False
French,震卦-static,i,-1.172,31,0.0399,0.7665,False
French,震卦-static,e,-1.07,26,0.0498,0.7665,False
French,震卦-static,a,1.055,103,0.0498,0.7665,False
French,震卦-static,ɔ̃,0.998,24,0.0465,0.7665,False
French,中卦-dynamic,ʃ,2.639,3,0.0598,0.7905,False
French,巽卦-dynamic,i,2.402,12,0.0598,0.7905,False
French,坤卦-static,ʒ,2.019,6,0.0598,0.7905,False
French,兌卦-dynamic,ə,1.356,25,0.0598,0.7905,False
French,中卦-static,j,-1.312,11,0.0565,0.7905,False
French,震卦-dynamic,v,1.252,27,0.0565,0.7905,False
French,離卦-dynamic,ɡ,-0.919,11,0.0598,0.7905,False
French,離卦-dynamic,j,-0.869,40,0.0598,0.7905,False
French,中卦-dynamic,a,2.771,12,0.0631,0.8091,False
French,巽卦-static,œ,2.032,4,0.0631,0.8091,False
French,巽卦-dynamic,j,2.263,7,0.0664,0.8136,False
French,艮卦-static,n,-1.355,5,0.0731,0.8136,False
French,離卦-dynamic,œ̃,1.352,3,0.0664,0.8136,False
French,坤卦-dynamic,ɔ,1.246,17,0.0731,0.8136,False
French,震卦-dynamic,s,1.223,49,0.0698,0.8136,False
French,坎卦-static,t,1.111,57,0.0731,0.8136,False
French,震卦-dynamic,ɑ̃,1.041,29,0.0698,0.8136,False
French,離卦-dynamic,b,-0.805,25,0.0731,0.8136,False
French,震卦-dynamic,d,1.184,29,0.0764,0.8183,False
French,兌卦-dynamic,ɔ̃,-1.139,5,0.0764,0.8183,False
French,兌卦-dynamic,p,1.038,43,0.0764,0.8183,False
French,兌卦-static,z,2.891,3,0.0831,0.8267,False
French,離卦-static,ə,1.885,9,0.0831,0.8267,False
French,坤卦-dynamic,i,1.176,51,0.0831,0.8267,False
French,坎卦-static,ɔ,1.029,20,0.0797,0.8267,False
French,離卦-dynamic,t,0.814,122,0.0831,0.8267,False
French,離卦-dynamic,ɛ̃,0.813,28,0.0864,0.8304,False
French,乾卦-static,u,-1.297,5,0.0897,0.8339,False
French,艮卦-dynamic,ɛ,0.978,60,0.0897,0.8339,False
French,艮卦-dynamic,l,0.902,84,0.0897,0.8339,False
French,坎卦-dynamic,œ,1.695,5,0.093,0.8372,False
French,艮卦-dynamic,m,-0.967,22,0.093,0.8372,False
French,中卦-static,k,1.105,45,0.0963,0.8403,False
French,艮卦-dynamic,u,-0.926,15,0.0963,0.8403,False
French,艮卦-static,t,1.442,39,0.0997,0.8604,False
French,乾卦-static,l,1.174,42,0.103,0.8801,False
French,離卦-static,p,-1.703,3,0.1063,0.8818,False
French,艮卦-dynamic,f,-0.859,9,0.1063,0.8818,False
French,坤卦-static,ɔ,1.875,5,0.1096,0.8918,False
French,中卦-static,ɛ,1.082,41,0.113,0.8931,False
French,離卦-dynamic,m,-0.812,43,0.113,0.8931,False
French,中卦-static,i,1.066,56,0.1163,0.8943,False
French,艮卦-dynamic,y,-0.85,11,0.1163,0.8943,False
French,離卦-dynamic,d,0.759,66,0.1163,0.8943,False
French,兌卦-static,u,2.623,3,0.1362,0.8986,False
French,中卦-dynamic,m,2.361,6,0.1395,0.8986,False
French,乾卦-dynamic,j,1.808,9,0.1462,0.8986,False
French,坤卦-static,ɡ,1.626,4,0.1528,0.8986,False
French,離卦-static,ʁ,1.553,32,0.1329,0.8986,False
French,離卦-static,u,1.513,10,0.1329,0.8986,False
French,艮卦-static,ʁ,1.152,59,0.1429,0.8986,False
French,坤卦-dynamic,k,-1.081,11,0.1296,0.8986,False
French,坤卦-dynamic,ɡ,-1.055,3,0.1462,0.8986,False
French,中卦-static,u,-1.052,9,0.1329,0.8986,False
French,乾卦-static,e,-1.028,13,0.1561,0.8986,False
French,艮卦-static,ɑ̃,-1.004,8,0.1561,0.8986,False
French,中卦-static,ʒ,-0.988,4,0.1395,0.8986,False
French,坤卦-dynamic,b,-0.979,7,0.1528,0.8986,False
French,乾卦-static,o,-0.957,9,0.1429,0.8986,False
French,震卦-dynamic,u,-0.932,10,0.1495,0.8986,False
French,艮卦-dynamic,a,0.895,102,0.1196,0.8986,False
French,兌卦-dynamic,n,0.888,30,0.1196,0.8986,False
French,兌卦-dynamic,j,-0.85,19,0.1429,0.8986,False
French,中卦-static,n,-0.849,11,0.1362,0.8986,False
French,坎卦-static,m,-0.838,18,0.1528,0.8986,False
French,震卦-static,ɔ,0.826,24,0.1229,0.8986,False
French,坎卦-static,ɛ̃,0.824,12,0.1561,0.8986,False
French,坎卦-static,ɛ,0.789,42,0.1262,0.8986,False
French,震卦-static,ɡ,0.752,20,0.1561,0.8986,False
French,震卦-static,ʃ,0.722,19,0.1528,0.8986,False
French,離卦-dynamic,y,-0.721,25,0.1528,0.8986,False
French,離卦-dynamic,i,0.709,133,0.1296,0.8986,False
French,中卦-static,s,1.005,46,0.1595,0.9116,False
French,離卦-static,ɡ,1.278,6,0.1728,0.9615,False
French,中卦-static,ɛ̃,0.887,11,0.1694,0.9615,False
French,兌卦-dynamic,ɔ,0.782,20,0.1728,0.9615,False
French,震卦-static,k,0.755,58,0.1761,0.9736,False
French,坎卦-static,y,-0.859,8,0.1794,0.9855,False
French,乾卦-dynamic,œ,1.55,3,0.1927,0.9901,False
French,坎卦-dynamic,a,-1.512,7,0.206,0.9901,False
French,坎卦-dynamic,k,1.344,17,0.1927,0.9901,False
French,艮卦-static,f,1.045,18,0.2027,0.9901,False
French,震卦-dynamic,i,-0.822,27,0.196,0.9901,False
French,坤卦-dynamic,u,0.799,20,0.2027,0.9901,False
French,坎卦-static,ʃ,0.769,15,0.1927,0.9901,False
French,震卦-dynamic,m,-0.769,17,0.1927,0.9901,False
French,震卦-dynamic,f,-0.766,7,0.206,0.9901,False
French,震卦-static,o,-0.746,22,0.1894,0.9901,False
French,坎卦-static,ʒ,-0.709,7,0.1894,0.9901,False
French,震卦-static,w,0.693,18,0.186,0.9901,False
French,震卦-static,v,-0.642,9,0.1993,0.9901,False
French,震卦-static,ɛ̃,0.613,14,0.1993,0.9901,False
French,兌卦-static,l,2.492,7,0.2159,0.9904,False
French,兌卦-static,b,2.141,3,0.3256,0.9904,False
French,兌卦-static,k,2.118,5,0.3754,0.9904,False
French,中卦-dynamic,t,1.795,7,0.309,0.9904,False
French,兌卦-static,ʁ,-1.783,4,0.4053,0.9904,False
French,巽卦-dynamic,ɡ,1.708,3,0.2392,0.9904,False
French,乾卦-dynamic,ɡ,1.499,4,0.2957,0.9904,False
French,坎卦-dynamic,ɛ,1.464,16,0.2193,0.9904,False
French,中卦-dynamic,e,1.41,8,0.4286,0.9904,False
French,坎卦-dynamic,y,1.403,16,0.2259,0.9904,False
French,乾卦-dynamic,i,-1.383,4,0.2591,0.9904,False
French,乾卦-dynamic,ɛ̃,1.376,3,0.3654,0.9904,False
French,兌卦-static,j,1.341,3,0.5548,0.9904,False
French,巽卦-static,a,-1.3,6,0.2259,0.9904,False
French,坤卦-static,b,1.255,6,0.2757,0.9904,False
French,中卦-dynamic,j,1.213,4,0.5781,0.9904,False
French,中卦-dynamic,o,1.207,4,0.5183,0.9904,False
French,巽卦-static,p,1.193,9,0.2658,0.9904,False
French,兌卦-static,p,1.171,3,0.6412,0.9904,False
French,乾卦-dynamic,ɛ,-1.15,3,0.3721,0.9904,False
French,坎卦-dynamic,i,1.139,20,0.3256,0.9904,False
French,離卦-static,ɛ,-1.114,5,0.2957,0.9904,False
French,巽卦-static,ɛ̃,1.1,3,0.3023,0.9904,False
French,中卦-dynamic,f,1.086,3,0.5349,0.9904,False
French,乾卦-dynamic,ɔ,1.057,4,0.4585,0.9904,False
French,坤卦-static,m,1.05,8,0.3654,0.9904,False
French,坎卦-dynamic,f,1.045,9,0.3588,0.9904,False
French,坤卦-static,i,-1.035,5,0.3488,0.9904,False
French,巽卦-dynamic,ʁ,-1.014,9,0.485,0.9904,False
French,巽卦-static,u,1.009,6,0.3953,0.9904,False
French,離卦-static,n,0.997,9,0.3522,0.9904,False
French,巽卦-dynamic,t,-0.995,3,0.4817,0.9904,False
French,坎卦-dynamic,s,0.979,16,0.3522,0.9904,False
French,坤卦-static,ɑ̃,0.97,6,0.4053,0.9904,False
French,巽卦-static,o,0.948,8,0.4186,0.9904,False
French,離卦-static,m,0.946,13,0.3787,0.9904,False
French,巽卦-static,s,-0.94,6,0.4286,0.9904,False
French,巽卦-static,ɔ̃,0.938,4,0.3422,0.9904,False
French,坤卦-static,l,0.932,12,0.4518,0.9904,False
French,巽卦-dynamic,o,0.922,5,0.4983,0.9904,False
French,坎卦-dynamic,b,-0.907,3,0.4252,0.9904,False
French,乾卦-static,ʁ,-0.893,41,0.2093,0.9904,False
French,巽卦-static,n,0.877,6,0.4551,0.9904,False
French,乾卦-dynamic,e,0.872,13,0.5183,0.9904,False
French,坤卦-static,ʃ,0.868,3,0.3887,0.9904,False
French,離卦-static,a,0.865,24,0.4153,0.9904,False
French,離卦-static,o,-0.86,5,0.402,0.9904,False
French,中卦-dynamic,i,-0.858,3,0.6578,0.9904,False
French,離卦-static,s,-0.858,9,0.3887,0.9904,False
French,乾卦-dynamic,ɑ̃,0.841,6,0.505,0.9904,False
French,坤卦-dynamic,n,0.823,21,0.2193,0.9904,False
French,巽卦-dynamic,d,0.821,4,0.6312,0.9904,False
French,坎卦-dynamic,ʁ,-0.817,21,0.4551,0.9904,False
French,巽卦-dynamic,s,-0.815,4,0.6146,0.9904,False
French,乾卦-static,i,0.798,36,0.2691,0.9904,False
French,乾卦-static,s,-0.784,18,0.2326,0.9904,False
French,坤卦-static,n,0.774,5,0.5116,0.9904,False
French,中卦-dynamic,s,-0.765,3,0.6777,0.9904,False
French,中卦-static,v,-0.751,5,0.2392,0.9904,False
French,中卦-static,p,0.75,32,0.2425,0.9904,False
French,坤卦-dynamic,m,0.743,30,0.2957,0.9904,False
French,中卦-dynamic,ɑ̃,0.741,3,0.6179,0.9904,False
French,乾卦-static,b,-0.739,7,0.309,0.9904,False
French,中卦-dynamic,ʁ,-0.736,7,0.6944,0.9904,False
French,坤卦-dynamic,e,-0.733,22,0.2791,0.9904,False
French,坤卦-static,ɛ,-0.727,4,0.5116,0.9904,False
French,巽卦-static,l,0.722,13,0.5216,0.9904,False
French,兌卦-dynamic,o,-0.719,19,0.2193,0.9904,False
French,兌卦-dynamic,ʃ,-0.712,4,0.2292,0.9904,False
French,巽卦-static,ɛ,0.697,9,0.505,0.9904,False
French,坤卦-dynamic,ɔ̃,0.696,13,0.2924,0.9904,False
French,坎卦-dynamic,ɑ̃,0.69,9,0.5714,0.9904,False
French,艮卦-static,k,0.673,27,0.3256,0.9904,False
French,乾卦-static,ʒ,0.672,12,0.3488,0.9904,False
French,坤卦-dynamic,v,0.668,18,0.3322,0.9904,False
French,兌卦-dynamic,k,-0.668,23,0.2757,0.9904,False
French,坎卦-static,p,0.663,35,0.2425,0.9904,False
French,艮卦-dynamic,ʒ,-0.661,10,0.2492,0.9904,False
French,兌卦-dynamic,ɡ,-0.659,7,0.2857,0.9904,False
French,乾卦-static,v,0.649,14,0.2957,0.9904,False
French,乾卦-static,j,-0.647,12,0.3654,0.9904,False
French,乾卦-static,ɡ,-0.641,4,0.3555,0.9904,False
French,兌卦-dynamic,ɛ̃,-0.639,4,0.2591,0.9904,False
French,中卦-static,b,-0.637,11,0.3488,0.9904,False
French,艮卦-dynamic,ɑ̃,0.624,38,0.2492,0.9904,False
French,艮卦-dynamic,ɛ̃,-0.624,5,0.2791,0.9904,False
French,震卦-dynamic,ʒ,-0.623,7,0.3322,0.9904,False
French,離卦-static,y,-0.623,4,0.6013,0.9904,False
French,震卦-dynamic,p,-0.621,19,0.3322,0.9904,False
French,震卦-static,t,0.609,63,0.2791,0.9904,False
French,艮卦-static,ɔ̃,-0.606,5,0.4053,0.9904,False
French,中卦-static,ɑ̃,0.606,25,0.3787,0.9904,False
French,巽卦-static,ø,0.6,3,0.6512,0.9904,False
French,乾卦-static,ɔ̃,-0.596,5,0.392,0.9904,False
French,坤卦-dynamic,t,0.594,38,0.4186,0.9904,False
French,乾卦-dynamic,d,-0.594,3,0.6678,0.9904,False
French,坎卦-dynamic,o,0.586,10,0.6445,0.9904,False
French,巽卦-dynamic,a,-0.581,6,0.6877,0.9904,False
French,乾卦-dynamic,ʁ,-0.576,14,0.6578,0.9904,False
French,兌卦-dynamic,l,-0.575,36,0.2691,0.9904,False
French,震卦-static,f,-0.574,13,0.3056,0.9904,False
French,中卦-static,ə,0.573,13,0.3854,0.9904,False
French,兌卦-dynamic,d,0.572,29,0.3522,0.9904,False
French,坤卦-dynamic,z,-0.57,4,0.3688,0.9904,False
French,坎卦-static,o,-0.566,19,0.2658,0.9904,False
French,離卦-static,i,-0.566,11,0.6047,0.9904,False
French,坎卦-dynamic,t,-0.56,9,0.6179,0.9904,False
French,坤卦-static,a,0.556,13,0.5681,0.9904,False
French,艮卦-static,v,-0.553,5,0.4651,0.9904,False
French,艮卦-dynamic,w,0.553,17,0.3322,0.9904,False
French,震卦-static,l,-0.553,43,0.2924,0.9904,False
French,艮卦-static,s,-0.549,20,0.5017,0.9904,False
French,中卦-static,a,-0.549,39,0.412,0.9904,False
French,坤卦-dynamic,y,-0.547,11,0.4319,0.9904,False
French,震卦-dynamic,l,-0.544,30,0.3522,0.9904,False
French,離卦-static,w,0.54,4,0.6146,0.9904,False
French,離卦-dynamic,v,0.539,50,0.2392,0.9904,False
French,坎卦-static,k,0.534,41,0.3654,0.9904,False
French,離卦-dynamic,k,0.529,96,0.2492,0.9904,False
French,巽卦-static,ʒ,0.526,4,0.6246,0.9904,False
French,震卦-dynamic,k,-0.523,21,0.3721,0.9904,False
French,震卦-dynamic,y,-0.523,13,0.3654,0.9904,False
French,震卦-static,u,0.521,30,0.3156,0.9904,False
French,兌卦-dynamic,a,-0.518,49,0.4319,0.9904,False
French,離卦-dynamic,ɔ̃,0.516,36,0.299,0.9904,False
French,中卦-static,y,-0.515,13,0.4419,0.9904,False
French,震卦-static,y,-0.513,19,0.3056,0.9904,False
French,艮卦-static,j,-0.511,13,0.485,0.9904,False
French,巽卦-static,j,0.51,7,0.6179,0.9904,False
French,坎卦-dynamic,l,0.509,17,0.6645,0.9904,False
French,艮卦-dynamic,t,-0.508,40,0.3488,0.9904,False
French,坎卦-dynamic,d,-0.501,5,0.6412,0.9904,False
French,兌卦-dynamic,f,-0.498,12,0.3854,0.9904,False
French,坤卦-static,j,-0.495,4,0.6877,0.9904,False
French,中卦-static,f,0.495,20,0.392,0.9904,False
French,中卦-static,ʁ,-0.491,64,0.4452,0.9904,False
French,艮卦-static,m,-0.488,14,0.5349,0.9904,False
French,乾卦-dynamic,y,-0.486,3,0.7442,0.9904,False
French,兌卦-dynamic,ʒ,-0.477,10,0.3887,0.9904,False
French,乾卦-dynamic,t,-0.475,6,0.7409,0.9904,False
French,兌卦-dynamic,y,-0.471,17,0.402,0.9904,False
French,離卦-dynamic,a,-0.468,107,0.309,0.9904,False
French,坎卦-static,u,-0.461,15,0.3953,0.9904,False
French,兌卦-dynamic,w,0.459,13,0.4086,0.9904,False
French,坎卦-static,ɔ̃,-0.456,9,0.4153,0.9904,False
French,坤卦-dynamic,ʁ,-0.451,57,0.4817,0.9904,False
French,坤卦-dynamic,o,-0.448,16,0.5249,0.9904,False
French,離卦-static,ʃ,0.447,4,0.6545,0.9904,False
French,艮卦-static,l,-0.446,22,0.5648,0.9904,False
French,震卦-dynamic,b,0.445,21,0.5083,0.9904,False
French,離卦-dynamic,ʒ,-0.445,22,0.3887,0.9904,False
French,艮卦-dynamic,œ,-0.442,4,0.4352,0.9904,False
French,乾卦-dynamic,u,-0.442,3,0.7608,0.9904,False
French,艮卦-dynamic,ɔ,0.438,21,0.4518,0.9904,False
French,震卦-static,m,-0.436,30,0.3987,0.9904,False
French,離卦-dynamic,ɑ̃,0.431,62,0.3422,0.9904,False
French,震卦-dynamic,a,0.43,59,0.4784,0.9904,False
French,兌卦-dynamic,s,-0.428,37,0.505,0.9904,False
French,中卦-dynamic,k,0.423,4,0.8339,0.9904,False
French,坎卦-dynamic,e,-0.42,11,0.7243,0.9904,False
French,坎卦-dynamic,n,-0.419,5,0.7243,0.9904,False
French,艮卦-dynamic,v,-0.418,13,0.4352,0.9904,False
French,艮卦-static,ʒ,-0.417,6,0.588,0.9904,False
French,乾卦-static,m,0.416,21,0.5681,0.9904,False
French,離卦-static,j,-0.41,7,0.7276,0.9904,False
French,中卦-static,z,-0.409,6,0.5714,0.9904,False
French,離卦-dynamic,ʃ,-0.408,14,0.3987,0.9904,False
French,震卦-static,n,-0.403,21,0.4086,0.9904,False
French,離卦-dynamic,z,-0.401,16,0.3488,0.9904,False
French,離卦-static,ɔ,-0.4,3,0.7043,0.9904,False
French,離卦-dynamic,o,-0.4,49,0.4153,0.9904,False
French,艮卦-static,p,0.394,20,0.598,0.9904,False
French,巽卦-static,t,-0.393,7,0.6744,0.9904,False
French,乾卦-static,a,0.393,40,0.588,0.9904,False
French,坎卦-static,v,-0.39,10,0.4651,0.9904,False
French,震卦-static,z,-0.389,9,0.4319,0.9904,False
French,坤卦-static,ʁ,0.388,16,0.7342,0.9904,False
French,坎卦-static,ʁ,0.382,84,0.4485,0.9904,False
French,巽卦-static,b,0.377,5,0.6944,0.9904,False
French,巽卦-static,y,0.377,7,0.7043,0.9904,False
French,兌卦-static,e,0.375,4,0.8837,0.9904,False
French,艮卦-dynamic,j,-0.374,30,0.5083,0.9904,False
French,坤卦-static,y,0.369,6,0.7973,0.9904,False
French,坎卦-static,f,0.369,21,0.5116,0.9904,False
French,坤卦-static,u,-0.368,3,0.7741,0.9904,False
French,坎卦-static,w,0.367,11,0.4751,0.9904,False
French,乾卦-dynamic,b,-0.361,3,0.8106,0.9904,False
French,艮卦-static,b,0.36,14,0.6478,0.9904,False
French,坎卦-dynamic,ɔ̃,-0.36,3,0.7708,0.9904,False
French,乾卦-static,ɔ,-0.358,6,0.6578,0.9904,False
French,巽卦-dynamic,ɛ,0.349,5,0.814,0.9904,False
French,坤卦-dynamic,a,-0.347,38,0.6279,0.9904,False
French,離卦-dynamic,ø,-0.345,5,0.4651,0.9904,False
French,艮卦-dynamic,o,-0.34,29,0.5681,0.9904,False
French,坎卦-dynamic,u,-0.335,5,0.7641,0.9904,False
French,艮卦-static,i,-0.333,24,0.6611,0.9904,False
French,離卦-static,l,-0.333,12,0.7309,0.9904,False
French,巽卦-dynamic,u,0.331,3,0.8505,0.9904,False
French,離卦-static,t,0.33,14,0.7674,0.9904,False
French,震卦-static,d,-0.326,23,0.5017,0.9904,False
French,震卦-static,ɑ̃,0.326,33,0.485,0.9904,False
French,兌卦-dynamic,m,-0.326,27,0.6113,0.9904,False
French,離卦-static,e,-0.323,12,0.7375,0.9904,False
French,震卦-dynamic,ɔ,-0.319,9,0.5814,0.9904,False
French,震卦-dynamic,ʃ,-0.317,6,0.5814,0.9904,False
French,艮卦-dynamic,d,-0.313,24,0.5581,0.9904,False
French,震卦-dynamic,ʁ,-0.31,67,0.6246,0.9904,False
French,乾卦-dynamic,l,0.309,10,0.8372,0.9904,False
French,離卦-static,b,0.307,7,0.7841,0.9904,False
French,中卦-static,ɔ,-0.304,9,0.6944,0.9904,False
French,震卦-dynamic,t,0.298,39,0.5914,0.9904,False
French,中卦-static,e,-0.297,34,0.6512,0.9904,False
French,艮卦-dynamic,n,-0.296,23,0.5781,0.9904,False
French,乾卦-dynamic,s,-0.289,7,0.8339,0.9904,False
French,巽卦-static,d,-0.287,4,0.8173,0.9904,False
French,離卦-static,ɑ̃,0.286,8,0.7674,0.9904,False
French,艮卦-dynamic,i,-0.282,53,0.5748,0.9904,False
French,艮卦-static,ɔ,0.28,9,0.711,0.9904,False
French,坎卦-static,ɑ̃,0.28,25,0.5814,0.9904,False
French,中卦-static,ʃ,0.278,10,0.6744,0.9904,False
French,坎卦-dynamic,m,0.269,10,0.7907,0.9904,False
French,艮卦-dynamic,z,-0.268,11,0.6013,0.9904,False
French,艮卦-dynamic,ʃ,0.268,15,0.5947,0.9904,False
French,巽卦-static,f,-0.268,3,0.8372,0.9904,False
French,艮卦-static,e,0.262,32,0.7276,0.9904,False
French,中卦-static,o,-0.261,20,0.691,0.9904,False
French,巽卦-static,z,0.26,3,0.7708,0.9904,False
French,震卦-dynamic,ɡ,0.254,11,0.6777,0.9904,False
French,震卦-dynamic,w,0.253,9,0.6744,0.9904,False
French,中卦-static,ɡ,-0.249,8,0.6711,0.9904,False
French,艮卦-static,u,0.247,13,0.711,0.9904,False
French,乾卦-dynamic,a,-0.247,10,0.8738,0.9904,False
French,震卦-dynamic,ɛ,-0.239,25,0.6645,0.9904,False
French,乾卦-dynamic,p,-0.237,5,0.8339,0.9904,False
French,巽卦-static,m,0.236,7,0.8306,0.9904,False
French,中卦-static,ɔ̃,0.23,12,0.7442,0.9904,False
French,震卦-static,j,-0.225,31,0.6379,0.9904,False
French,坎卦-static,d,0.224,23,0.7209,0.9904,False
French,坎卦-static,ɡ,0.22,12,0.7508,0.9904,False
French,艮卦-static,ə,-0.217,4,0.8007,0.9904,False
French,巽卦-dynamic,e,0.217,7,0.8704,0.9904,False
French,艮卦-dynamic,ɔ̃,0.215,18,0.711,0.9904,False
French,乾卦-static,ə,-0.212,4,0.7575,0.9904,False
French,艮卦-static,w,0.211,6,0.7641,0.9904,False
French,乾卦-static,ɛ,0.209,21,0.7575,0.9904,False
French,坤卦-dynamic,ø,-0.206,3,0.7807,0.9904,False
French,兌卦-dynamic,v,0.206,19,0.7143,0.9904,False
French,艮卦-dynamic,ɡ,0.204,16,0.6777,0.9904,False
French,震卦-dynamic,e,0.204,45,0.7043,0.9904,False
French,震卦-static,ø,-0.203,5,0.7209,0.9904,False
French,巽卦-static,ʁ,0.199,18,0.8339,0.9904,False
French,巽卦-static,e,0.196,11,0.8738,0.9904,False
French,離卦-dynamic,n,0.195,50,0.6512,0.9904,False
French,中卦-static,l,-0.191,36,0.7608,0.9904,False
French,坎卦-dynamic,z,0.187,4,0.804,0.9904,False
French,震卦-static,ɛ,-0.185,37,0.6944,0.9904,False
French,乾卦-static,f,-0.184,9,0.7641,0.9904,False
French,中卦-static,d,-0.183,17,0.7708,0.9904,False
French,離卦-static,v,-0.183,4,0.8306,0.9904,False
French,艮卦-dynamic,e,-0.182,55,0.7442,0.9904,False
French,乾卦-static,p,-0.18,16,0.7907,0.9904,False
French,兌卦-dynamic,z,-0.179,10,0.7674,0.9904,False
French,坤卦-static,s,-0.176,7,0.887,0.9904,False
French,震卦-dynamic,j,-0.174,22,0.7409,0.9904,False
French,離卦-dynamic,ɔ,0.172,32,0.691,0.9904,False
French,乾卦-static,t,-0.161,22,0.7907,0.9904,False
French,震卦-dynamic,ø,-0.154,4,0.7741,0.9904,False
French,艮卦-dynamic,ʁ,-0.153,103,0.7841,0.9904,False
French,坎卦-dynamic,ɡ,-0.15,3,0.887,0.9904,False
French,離卦-dynamic,p,0.146,69,0.7575,0.9904,False
French,兌卦-dynamic,ɛ,-0.145,32,0.8106,0.9904,False
French,離卦-static,k,0.142,11,0.8937,0.9904,False
French,乾卦-static,ɛ̃,0.14,5,0.8439,0.9904,False
French,艮卦-dynamic,k,-0.139,40,0.804,0.9904,False
French,乾卦-static,ɑ̃,-0.139,13,0.814,0.9904,False
French,中卦-static,w,0.138,8,0.8173,0.9904,False
French,艮卦-static,a,-0.137,33,0.887,0.9904,False
French,坤卦-dynamic,p,0.13,23,0.8073,0.9904,False
French,乾卦-static,œ,0.13,4,0.8605,0.9904,False
French,坎卦-static,ə,0.129,10,0.8073,0.9904,False
French,乾卦-dynamic,m,0.129,6,0.9402,0.9904,False
French,坤卦-dynamic,f,-0.124,12,0.8505,0.9904,False
French,艮卦-static,œ,0.121,4,0.897,0.9904,False
French,乾卦-static,z,-0.119,6,0.8704,0.9904,False
French,坎卦-static,b,0.117,20,0.8239,0.9904,False
French,坎卦-static,l,-0.114,42,0.8173,0.9904,False
French,離卦-static,d,0.112,7,0.9302,0.9904,False
French,兌卦-dynamic,t,0.099,44,0.8538,0.9904,False
French,坤卦-dynamic,œ,-0.097,4,0.9103,0.9904,False
French,坎卦-dynamic,p,0.097,9,0.9336,0.9904,False
French,巽卦-static,v,-0.096,3,0.9435,0.9904,False
French,離卦-static,ʒ,-0.094,4,0.9236,0.9904,False
French,坎卦-static,z,-0.09,10,0.8704,0.9904,False
French,震卦-dynamic,z,-0.09,9,0.8937,0.9904,False
French,震卦-static,s,0.085,52,0.8638,0.9904,False
French,離卦-static,ɔ̃,0.084,4,0.9435,0.9904,False
French,震卦-static,œ,0.08,8,0.9236,0.9904,False
French,坤卦-dynamic,ɑ̃,-0.078,17,0.9103,0.9904,False
French,兌卦-dynamic,u,-0.078,20,0.8904,0.9904,False
French,坤卦-dynamic,l,0.073,36,0.9369,0.9904,False
French,中卦-static,t,-0.073,33,0.9003,0.9904,False
French,坤卦-dynamic,ʒ,0.068,11,0.9203,0.9904,False
French,震卦-static,ʁ,-0.063,101,0.9136,0.9904,False
French,兌卦-dynamic,i,0.063,50,0.9236,0.9904,False
French,坤卦-dynamic,ɛ̃,0.059,6,0.9302,0.9904,False
French,離卦-dynamic,ɛ,-0.059,71,0.9003,0.9904,False
French,坤卦-dynamic,d,-0.054,16,0.9203,0.9904,False
French,巽卦-static,i,0.054,10,0.9635,0.9904,False
French,艮卦-dynamic,ə,-0.047,11,0.9269,0.9904,False
French,艮卦-static,ɛ,-0.043,19,0.9535,0.9904,False
French,離卦-dynamic,f,-0.043,38,0.9336,0.9904,False
French,坎卦-static,n,0.042,20,0.9468,0.9904,False
French,震卦-dynamic,n,0.041,18,0.9535,0.9904,False
French,艮卦-dynamic,p,0.04,38,0.9369,0.9904,False
French,坤卦-dynamic,j,0.039,21,0.9435,0.9904,False
French,坎卦-static,i,0.039,45,0.9136,0.9904,False
French,兌卦-dynamic,ɑ̃,0.038,25,0.9601,0.9904,False
French,震卦-dynamic,ɔ̃,0.037,11,0.9435,0.9904,False
French,離卦-dynamic,w,0.037,19,0.9269,0.9904,False
French,震卦-static,ʒ,-0.03,17,0.9535,0.9904,False
French,坎卦-dynamic,j,-0.057,8,0.9701,0.9912,False
French,艮卦-static,y,-0.021,15,0.9701,0.9912,False
French,震卦-static,ə,-0.018,11,0.9668,0.9912,False
French,乾卦-dynamic,n,0.066,4,0.9767,0.9956,False
French,離卦-dynamic,s,-0.018,91,0.9767,0.9956,False
French,坤卦-static,k,-0.032,6,0.99,0.9971,False
French,坤卦-static,d,0.017,4,0.9867,0.9971,False
French,乾卦-dynamic,o,-0.015,5,0.9867,0.9971,False
French,離卦-dynamic,ə,-0.014,20,0.9801,0.9971,False
French,乾卦-static,ø,0.013,4,0.9867,0.9971,False
French,坎卦-static,a,0.0,56,0.9967,1.0,False
Irish,坤卦-static,v,3.674,24,0.0033,0.3588,False
Irish,坤卦-dynamic,x,2.995,77,0.0033,0.3588,False
Irish,艮卦-static,a͡ɪ,2.937,13,0.0033,0.3588,False
Irish,兌卦-dynamic,ɡ,2.925,63,0.0033,0.3588,False
Irish,震卦-dynamic,ɡʲ,2.414,8,0.0033,0.3588,False
Irish,艮卦-static,dʲ,2.078,11,0.0033,0.3588,False
Irish,坎卦-static,h,2.043,24,0.0033,0.3588,False
Irish,震卦-static,t̪,1.984,47,0.0033,0.3588,False
Irish,離卦-dynamic,ɡ,1.79,94,0.0033,0.3588,False
Irish,坤卦-dynamic,nʲ,1.747,17,0.0033,0.3588,False
Irish,乾卦-static,w,3.355,4,0.0066,0.414,False
Irish,艮卦-static,pʲ,3.344,3,0.01,0.414,False
Irish,坎卦-dynamic,s,2.892,19,0.01,0.414,False
Irish,乾卦-static,j,2.45,7,0.01,0.414,False
Irish,坎卦-static,d,2.369,5,0.01,0.414,False
Irish,震卦-dynamic,u͡ə,2.279,15,0.0066,0.414,False
Irish,離卦-static,ɑ,2.168,33,0.01,0.414,False
Irish,艮卦-static,d͡ʒ,2.096,12,0.01,0.414,False
Irish,中卦-static,t̪,2.067,34,0.0066,0.414,False
Irish,兌卦-dynamic,dʲ,2.025,9,0.01,0.414,False
Irish,震卦-static,r,1.783,78,0.0066,0.414,False
Irish,乾卦-static,b,1.699,18,0.01,0.414,False
Irish,艮卦-static,r,-1.668,27,0.01,0.414,False
Irish,震卦-dynamic,d͡ʒ,1.665,12,0.01,0.414,False
Irish,震卦-dynamic,ɐ,-1.572,20,0.0066,0.414,False
Irish,震卦-dynamic,e,1.768,39,0.0133,0.4784,False
Irish,艮卦-dynamic,a͡ʊ,1.608,15,0.0133,0.4784,False
Irish,離卦-dynamic,a,1.475,41,0.0133,0.4784,False
Irish,離卦-dynamic,ɪ,1.455,119,0.0133,0.4784,False
Irish,震卦-dynamic,t,2.626,3,0.0166,0.5126,False
Irish,巽卦-dynamic,ɪ,2.424,26,0.0166,0.5126,False
Irish,艮卦-dynamic,u͡ə,1.848,12,0.0166,0.5126,False
Irish,坤卦-dynamic,ɐ,1.771,95,0.0166,0.5126,False
Irish,離卦-dynamic,ɔ,-1.188,14,0.0166,0.5126,False
Irish,離卦-static,ɔ,2.322,20,0.0233,0.5628,False
Irish,中卦-static,ɡʲ,2.024,5,0.0199,0.5628,False
Irish,震卦-static,ŋ,1.709,5,0.0199,0.5628,False
Irish,震卦-static,ʊ,1.622,15,0.0233,0.5628,False
Irish,中卦-static,h,1.603,15,0.0266,0.5628,False
Irish,艮卦-static,i͡ə,1.57,14,0.0266,0.5628,False
Irish,離卦-dynamic,nʲ,1.523,22,0.0199,0.5628,False
Irish,艮卦-static,kʲ,1.479,15,0.0266,0.5628,False
Irish,震卦-dynamic,ɛ,1.436,22,0.0233,0.5628,False
Irish,震卦-static,l,1.348,59,0.0266,0.5628,False
Irish,離卦-dynamic,n,-1.336,54,0.0266,0.5628,False
Irish,離卦-dynamic,ŋ,1.258,6,0.0266,0.5628,False
Irish,震卦-static,w,1.723,4,0.0299,0.598,False
Irish,坎卦-static,u,1.663,28,0.0299,0.598,False
Irish,震卦-static,d̪,1.357,27,0.0299,0.598,False
Irish,兌卦-static,ʃ,3.017,11,0.0365,0.6072,False
Irish,坎卦-dynamic,o,2.283,9,0.0365,0.6072,False
Irish,離卦-dynamic,cʲ,1.53,6,0.0332,0.6072,False
Irish,坤卦-dynamic,ɡʲ,1.517,6,0.0365,0.6072,False
Irish,震卦-dynamic,ʃ,1.408,50,0.0332,0.6072,False
Irish,艮卦-static,e,-1.401,8,0.0365,0.6072,False
Irish,坤卦-dynamic,lʲ,-1.287,10,0.0332,0.6072,False
Irish,離卦-dynamic,ɛ,1.237,30,0.0365,0.6072,False
Irish,離卦-dynamic,dʲ,1.207,13,0.0365,0.6072,False
Irish,乾卦-static,e,1.626,22,0.0399,0.6332,False
Irish,兌卦-dynamic,j,1.427,6,0.0399,0.6332,False
Irish,中卦-static,b,-1.386,4,0.0432,0.676,False
Irish,坎卦-dynamic,c,2.159,5,0.0465,0.6788,False
Irish,中卦-static,i,1.349,36,0.0465,0.6788,False
Irish,艮卦-dynamic,a͡ɪ,1.337,8,0.0465,0.6788,False
Irish,兌卦-dynamic,b,1.298,20,0.0465,0.6788,False
Irish,震卦-dynamic,ə,-1.08,42,0.0465,0.6788,False
Irish,艮卦-static,k,1.375,62,0.0498,0.69,False
Irish,坎卦-static,ɹ,1.285,40,0.0498,0.69,False
Irish,坎卦-static,m,-1.228,13,0.0498,0.69,False
Irish,巽卦-dynamic,k,2.216,22,0.0532,0.7001,False
Irish,離卦-static,j,1.637,4,0.0532,0.7001,False
Irish,坤卦-dynamic,o,1.249,32,0.0532,0.7001,False
Irish,離卦-static,i,-1.644,9,0.0565,0.7011,False
Irish,坤卦-dynamic,cʲ,1.365,4,0.0565,0.7011,False
Irish,震卦-static,ɹ,-1.149,16,0.0565,0.7011,False
Irish,巽卦-dynamic,ɑ,-2.104,6,0.0598,0.702,False
Irish,震卦-static,b,1.1,26,0.0598,0.702,False
Irish,離卦-dynamic,r,1.043,99,0.0598,0.702,False
Irish,離卦-dynamic,ɑ,-1.017,54,0.0598,0.702,False
Irish,巽卦-dynamic,t͡ʃ,1.931,9,0.0631,0.7028,False
Irish,震卦-dynamic,ɹ,1.148,39,0.0631,0.7028,False
Irish,坤卦-static,ʊ,2.094,4,0.0664,0.7315,False
Irish,坤卦-dynamic,ə,-1.156,42,0.0698,0.7315,False
Irish,中卦-static,nʲ,1.334,10,0.0731,0.7377,False
Irish,艮卦-dynamic,ɛ,1.212,19,0.0764,0.7502,False
Irish,離卦-dynamic,x,-0.914,12,0.0764,0.7502,False
Irish,中卦-dynamic,f,2.709,4,0.0797,0.7554,False
Irish,乾卦-static,ɛ,1.47,13,0.0797,0.7554,False
Irish,兌卦-dynamic,u͡ə,1.206,7,0.0797,0.7554,False
Irish,乾卦-dynamic,a͡ʊ,2.325,4,0.0831,0.7647,False
Irish,坎卦-dynamic,e,2.026,10,0.0864,0.7647,False
Irish,坎卦-dynamic,f,1.916,9,0.0864,0.7647,False
Irish,乾卦-static,s,1.353,31,0.0864,0.7647,False
Irish,震卦-dynamic,d,1.125,3,0.0831,0.7647,False
Irish,坎卦-static,j,1.098,7,0.0864,0.7647,False
Irish,中卦-dynamic,t͡ʃ,2.76,4,0.0897,0.775,False
Irish,離卦-static,n,1.551,37,0.0897,0.775,False
Irish,離卦-dynamic,i,0.885,67,0.0897,0.775,False
Irish,坎卦-dynamic,u͡ə,1.764,3,0.093,0.7911,False
Irish,兌卦-dynamic,a,1.248,19,0.093,0.7911,False
Irish,兌卦-static,lʲ,2.469,9,0.103,0.7945,False
Irish,兌卦-static,i͡ə,2.432,3,0.0997,0.7945,False
Irish,坎卦-dynamic,ɑ,-1.691,7,0.103,0.7945,False
Irish,艮卦-static,o,1.131,26,0.0963,0.7945,False
Irish,坤卦-dynamic,k,-1.059,22,0.103,0.7945,False
Irish,坤卦-dynamic,ɪ,-1.032,23,0.0997,0.7945,False
Irish,震卦-dynamic,a͡ɪ,0.943,7,0.0997,0.7945,False
Irish,中卦-dynamic,n,2.807,9,0.113,0.8079,False
Irish,乾卦-dynamic,kʲ,2.046,4,0.1063,0.8079,False
Irish,離卦-static,p,1.347,12,0.113,0.8079,False
Irish,艮卦-dynamic,ə,-1.047,40,0.113,0.8079,False
Irish,艮卦-dynamic,i,-1.005,25,0.113,0.8079,False
Irish,艮卦-dynamic,o,-0.999,15,0.113,0.8079,False
Irish,震卦-dynamic,p,0.953,23,0.1096,0.8079,False
Irish,巽卦-dynamic,i,-1.664,5,0.1163,0.8145,False
Irish,離卦-static,ʊ,1.366,6,0.1229,0.8145,False
Irish,兌卦-dynamic,ɪ,1.103,53,0.1229,0.8145,False
Irish,艮卦-static,ɔ,1.038,28,0.1229,0.8145,False
Irish,坎卦-static,ɑ,0.987,60,0.1163,0.8145,False
Irish,震卦-static,a,0.979,24,0.1163,0.8145,False
Irish,坎卦-static,ə,0.927,90,0.1196,0.8145,False
Irish,坤卦-dynamic,dʲ,0.917,8,0.1229,0.8145,False
Irish,離卦-dynamic,f,0.903,38,0.1196,0.8145,False
Irish,離卦-dynamic,k,-0.818,38,0.1229,0.8145,False
Irish,兌卦-dynamic,u,-1.021,5,0.1262,0.8214,False
Irish,離卦-dynamic,a͡ɪ,0.903,10,0.1262,0.8214,False
Irish,離卦-dynamic,t̪,0.836,51,0.1262,0.8214,False
Irish,巽卦-static,a͡ʊ,1.855,3,0.1296,0.8329,False
Irish,巽卦-dynamic,lʲ,1.697,13,0.1296,0.8329,False
Irish,艮卦-static,t̪,-0.971,14,0.1329,0.8393,False
Irish,坤卦-dynamic,i͡ə,0.948,13,0.1329,0.8393,False
Irish,坎卦-static,o,-0.828,17,0.1329,0.8393,False
Irish,乾卦-static,k,-1.166,11,0.1395,0.8562,False
Irish,坎卦-dynamic,ɐ,1.59,21,0.1429,0.8619,False
Irish,離卦-dynamic,ɐ,-0.966,48,0.1429,0.8619,False
Irish,離卦-dynamic,ʒ,0.808,3,0.1429,0.8619,False
Irish,艮卦-static,l,0.946,46,0.1462,0.8674,False
Irish,震卦-static,e,-0.787,15,0.1462,0.8674,False
Irish,坎卦-static,kʲ,0.906,14,0.1495,0.8681,False
Irish,震卦-static,a͡ʊ,0.738,11,0.1495,0.8681,False
Irish,艮卦-dynamic,c,0.893,12,0.1528,0.8733,False
Irish,震卦-dynamic,o,0.848,28,0.1528,0.8733,False
Irish,震卦-static,t͡ʃ,-0.758,4,0.1528,0.8733,False
Irish,坎卦-static,p,0.876,22,0.1561,0.8829,False
Irish,艮卦-static,ɛ,-0.905,4,0.1595,0.8924,False
Irish,震卦-static,n,-0.845,45,0.1595,0.8924,False
Irish,中卦-dynamic,d̪,2.388,3,0.1661,0.897,False
Irish,乾卦-dynamic,u,1.928,6,0.1661,0.897,False
Irish,坤卦-static,b,1.688,7,0.1661,0.897,False
Irish,坎卦-dynamic,r,-1.509,8,0.1628,0.897,False
Irish,艮卦-static,ŋ,0.918,3,0.1661,0.897,False
Irish,震卦-static,ʃ,-0.826,12,0.1661,0.897,False
Irish,坎卦-dynamic,p,1.532,7,0.1694,0.9059,False
Irish,離卦-static,t̪,-1.213,6,0.1728,0.9101,False
Irish,乾卦-static,r,-1.049,23,0.1728,0.9101,False
Irish,乾卦-dynamic,ɹ,1.802,9,0.1761,0.9187,False
Irish,中卦-static,l,-0.982,17,0.1761,0.9187,False
Irish,兌卦-static,m,2.126,8,0.1894,0.9244,False
Irish,兌卦-static,ə,2.109,17,0.1894,0.9244,False
Irish,坎卦-dynamic,ə,-1.615,7,0.196,0.9244,False
Irish,坤卦-static,l,1.525,14,0.1827,0.9244,False
Irish,巽卦-dynamic,m,1.501,12,0.196,0.9244,False
Irish,坎卦-dynamic,ɹ,-1.499,3,0.186,0.9244,False
Irish,坤卦-static,i,-1.482,5,0.196,0.9244,False
Irish,坤卦-static,o,-1.445,3,0.196,0.9244,False
Irish,離卦-static,k,1.208,30,0.1927,0.9244,False
Irish,乾卦-static,ɔ,-0.95,7,0.186,0.9244,False
Irish,坎卦-static,ɔ,0.856,30,0.1794,0.9244,False
Irish,艮卦-static,h,-0.828,3,0.196,0.9244,False
Irish,坤卦-dynamic,p,-0.805,5,0.1894,0.9244,False
Irish,坎卦-static,ɡ,-0.799,13,0.1927,0.9244,False
Irish,坎卦-static,dʲ,0.781,7,0.1927,0.9244,False
Irish,震卦-dynamic,x,-0.748,11,0.196,0.9244,False
Irish,震卦-static,u,0.742,21,0.196,0.9244,False
Irish,震卦-static,d͡ʒ,0.686,8,0.186,0.9244,False
Irish,巽卦-static,r,-1.802,5,0.2027,0.9269,False
Irish,巽卦-dynamic,n,-1.382,9,0.1993,0.9269,False
Irish,坎卦-static,lʲ,-0.827,16,0.206,0.9269,False
Irish,坎卦-static,n,0.755,70,0.206,0.9269,False
Irish,震卦-dynamic,h,-0.751,4,0.206,0.9269,False
Irish,震卦-dynamic,u,0.751,21,0.206,0.9269,False
Irish,兌卦-static,i,1.922,8,0.2259,0.9348,False
Irish,巽卦-static,ə,1.75,19,0.2259,0.9348,False
Irish,巽卦-static,x,1.734,9,0.2193,0.9348,False
Irish,乾卦-dynamic,m,1.686,10,0.2159,0.9348,False
Irish,巽卦-dynamic,p,1.449,7,0.2126,0.9348,False
Irish,巽卦-dynamic,ɐ,-1.377,6,0.2193,0.9348,False
Irish,坤卦-static,a,1.269,6,0.2259,0.9348,False
Irish,巽卦-dynamic,kʲ,1.269,4,0.2259,0.9348,False
Irish,乾卦-static,ɐ,1.04,44,0.2259,0.9348,False
Irish,兌卦-dynamic,lʲ,-0.897,11,0.2126,0.9348,False
Irish,中卦-static,lʲ,-0.877,11,0.2226,0.9348,False
Irish,兌卦-dynamic,p,0.859,16,0.2259,0.9348,False
Irish,兌卦-dynamic,ə,-0.826,35,0.2159,0.9348,False
Irish,震卦-static,nʲ,0.764,11,0.2093,0.9348,False
Irish,震卦-static,s,-0.695,19,0.2226,0.9348,False
Irish,離卦-dynamic,d̪,-0.695,17,0.2159,0.9348,False
Irish,巽卦-static,d̪,1.661,5,0.2292,0.9449,False
Irish,巽卦-static,c,1.643,3,0.2326,0.9514,False
Irish,乾卦-static,lʲ,-0.998,8,0.2458,0.9517,False
Irish,乾卦-static,ʃ,-0.925,6,0.2425,0.9517,False
Irish,乾卦-static,ɹ,0.844,21,0.2392,0.9517,False
Irish,兌卦-dynamic,e,0.843,22,0.2392,0.9517,False
Irish,艮卦-dynamic,ŋ,0.8,3,0.2392,0.9517,False
Irish,坎卦-static,ʃ,-0.757,13,0.2458,0.9517,False
Irish,坎卦-static,r,0.738,63,0.2458,0.9517,False
Irish,震卦-static,p,0.657,20,0.2458,0.9517,False
Irish,兌卦-dynamic,s,-0.757,13,0.2492,0.9577,False
Irish,乾卦-dynamic,ɪ,1.439,16,0.2857,0.9597,False
Irish,坤卦-static,ɔ,1.333,8,0.2525,0.9597,False
Irish,坎卦-dynamic,l,1.294,14,0.2658,0.9597,False
Irish,坤卦-static,t̪,-1.249,3,0.2724,0.9597,False
Irish,坤卦-static,m,-1.225,3,0.2924,0.9597,False
Irish,坤卦-static,ɪ,-1.217,4,0.2824,0.9597,False
Irish,離卦-static,ɹ,-0.939,8,0.2824,0.9597,False
Irish,離卦-static,l,0.888,23,0.2924,0.9597,False
Irish,乾卦-static,ə,0.852,52,0.2724,0.9597,False
Irish,中卦-static,ɛ,-0.767,4,0.2525,0.9597,False
Irish,坎卦-static,d̪,-0.765,11,0.2658,0.9597,False
Irish,艮卦-dynamic,ɑ,0.753,54,0.2658,0.9597,False
Irish,中卦-static,ɡ,-0.753,10,0.2924,0.9597,False
Irish,艮卦-static,a,0.723,19,0.2724,0.9597,False
Irish,兌卦-dynamic,o,-0.714,13,0.2824,0.9597,False
Irish,艮卦-static,f,-0.708,7,0.2857,0.9597,False
Irish,坎卦-static,ŋ,0.706,3,0.2757,0.9597,False
Irish,坤卦-dynamic,ɔ,0.698,30,0.2625,0.9597,False
Irish,艮卦-dynamic,s,0.674,39,0.2658,0.9597,False
Irish,艮卦-dynamic,kʲ,0.666,12,0.2757,0.9597,False
Irish,震卦-dynamic,t̪,0.655,33,0.2857,0.9597,False
Irish,艮卦-static,x,-0.651,11,0.2791,0.9597,False
Irish,震卦-dynamic,lʲ,-0.628,19,0.2658,0.9597,False
Irish,坤卦-dynamic,m,-0.614,22,0.2824,0.9597,False
Irish,離卦-dynamic,e,0.604,41,0.2658,0.9597,False
Irish,離卦-dynamic,kʲ,0.566,18,0.2857,0.9597,False
Irish,坎卦-static,v,-0.674,5,0.2957,0.9619,False
Irish,巽卦-static,t̪,1.408,7,0.3256,0.9645,False
Irish,巽卦-static,l,-1.406,3,0.3156,0.9645,False
Irish,坎卦-dynamic,n,-1.057,10,0.3322,0.9645,False
Irish,離卦-static,e,-0.937,6,0.3189,0.9645,False
Irish,乾卦-static,ʊ,0.774,6,0.3123,0.9645,False
Irish,兌卦-dynamic,r,-0.703,32,0.3123,0.9645,False
Irish,兌卦-dynamic,ɐ,-0.696,28,0.3156,0.9645,False
Irish,艮卦-dynamic,u,-0.676,9,0.3256,0.9645,False
Irish,坎卦-static,t͡ʃ,-0.67,5,0.3256,0.9645,False
Irish,兌卦-dynamic,t̪,-0.663,14,0.309,0.9645,False
Irish,艮卦-dynamic,n,-0.639,45,0.3322,0.9645,False
Irish,艮卦-static,ɡ,0.627,36,0.3289,0.9645,False
Irish,震卦-static,kʲ,-0.613,6,0.3289,0.9645,False
Irish,艮卦-static,t͡ʃ,-0.612,5,0.3123,0.9645,False
Irish,坎卦-static,ɪ,-0.6,32,0.3322,0.9645,False
Irish,震卦-dynamic,ɑ,-0.588,42,0.3123,0.9645,False
Irish,震卦-static,ɐ,-0.587,41,0.3223,0.9645,False
Irish,震卦-dynamic,s,0.569,40,0.3123,0.9645,False
Irish,離卦-dynamic,ɹ,-0.557,32,0.299,0.9645,False
Irish,離卦-dynamic,m,-0.547,32,0.309,0.9645,False
Irish,震卦-dynamic,m,-0.539,22,0.3322,0.9645,False
Irish,震卦-static,ɪ,-0.534,34,0.3189,0.9645,False
Irish,坎卦-dynamic,k,1.139,16,0.3355,0.9682,False
Irish,乾卦-static,t̪,-0.706,11,0.3389,0.9682,False
Irish,坤卦-dynamic,ɹ,0.596,35,0.3389,0.9682,False
Irish,震卦-static,ɡ,-0.555,18,0.3389,0.9682,False
Irish,中卦-static,x,0.608,24,0.3422,0.97,False
Irish,艮卦-static,c,-0.62,3,0.3455,0.9743,False
Irish,離卦-static,x,-0.865,4,0.3488,0.976,False
Irish,乾卦-static,ɪ,-0.734,17,0.3488,0.976,False
Irish,中卦-static,mʲ,0.75,3,0.3555,0.9844,False
Irish,震卦-dynamic,v,-0.546,8,0.3555,0.9844,False
Irish,震卦-dynamic,f,-0.532,10,0.3555,0.9844,False
Irish,震卦-dynamic,k,-0.526,32,0.3555,0.9844,False
Irish,兌卦-static,h,1.612,3,0.3987,0.9857,False
Irish,兌卦-static,ɐ,-1.519,3,0.3854,0.9857,False
Irish,乾卦-dynamic,t͡ʃ,1.446,6,0.3621,0.9857,False
Irish,乾卦-dynamic,k,-1.343,3,0.3654,0.9857,False
Irish,巽卦-static,ɑ,1.294,11,0.3821,0.9857,False
Irish,坤卦-static,i͡ə,1.075,3,0.3621,0.9857,False
Irish,巽卦-dynamic,s,1.064,12,0.3754,0.9857,False
Irish,坤卦-static,s,-1.041,3,0.3787,0.9857,False
Irish,巽卦-dynamic,o,-0.994,4,0.412,0.9857,False
Irish,坤卦-static,ə,0.982,21,0.3987,0.9857,False
Irish,巽卦-dynamic,i͡ə,0.885,3,0.3953,0.9857,False
Irish,離卦-static,a,-0.815,4,0.3754,0.9857,False
Irish,離卦-static,s,-0.748,8,0.402,0.9857,False
Irish,乾卦-static,n,0.726,41,0.412,0.9857,False
Irish,兌卦-dynamic,mʲ,0.723,3,0.402,0.9857,False
Irish,離卦-static,o,-0.69,8,0.4153,0.9857,False
Irish,兌卦-dynamic,v,-0.654,4,0.3787,0.9857,False
Irish,中卦-static,a,0.632,15,0.3721,0.9857,False
Irish,坤卦-dynamic,a͡ɪ,0.624,6,0.3688,0.9857,False
Irish,乾卦-static,p,-0.606,4,0.412,0.9857,False
Irish,艮卦-dynamic,d͡ʒ,0.569,7,0.3953,0.9857,False
Irish,艮卦-dynamic,ɹ,0.568,31,0.3887,0.9857,False
Irish,艮卦-dynamic,r,0.548,57,0.392,0.9857,False
Irish,艮卦-static,a͡ʊ,-0.547,3,0.4053,0.9857,False
Irish,艮卦-static,v,-0.545,7,0.3821,0.9857,False
Irish,震卦-dynamic,nʲ,-0.53,4,0.3987,0.9857,False
Irish,離卦-dynamic,l,-0.521,45,0.3621,0.9857,False
Irish,坤卦-dynamic,c,0.518,11,0.392,0.9857,False
Irish,坤卦-dynamic,a,0.515,21,0.3854,0.9857,False
Irish,坤卦-dynamic,u,0.515,20,0.3787,0.9857,False
Irish,震卦-static,k,-0.483,33,0.3987,0.9857,False
Irish,離卦-dynamic,v,-0.478,14,0.3854,0.9857,False
Irish,離卦-dynamic,p,-0.475,12,0.3588,0.9857,False
Irish,離卦-dynamic,ə,-0.473,83,0.4086,0.9857,False
Irish,震卦-dynamic,c,0.435,10,0.3953,0.9857,False
Irish,震卦-dynamic,ɔ,0.433,26,0.4153,0.9857,False
Irish,離卦-dynamic,d͡ʒ,-0.422,5,0.4153,0.9857,False
Irish,中卦-dynamic,m,1.336,4,0.5615,0.987,False
Irish,中卦-dynamic,ɐ,1.294,7,0.5681,0.987,False
Irish,乾卦-dynamic,c,1.271,3,0.4718,0.987,False
Irish,中卦-dynamic,lʲ,1.267,4,0.5116,0.987,False
Irish,乾卦-dynamic,o,1.216,6,0.4817,0.987,False
Irish,中卦-dynamic,r,1.15,6,0.5947,0.987,False
Irish,巽卦-static,v,1.131,8,0.4718,0.987,False
Irish,兌卦-static,k,-1.055,3,0.5216,0.987,False
Irish,巽卦-static,k,1.037,11,0.4684,0.987,False
Irish,兌卦-static,ɪ,0.993,10,0.608,0.987,False
Irish,巽卦-static,ɪ,-0.975,4,0.5415,0.987,False
Irish,巽卦-dynamic,ɔ,-0.942,3,0.4286,0.987,False
Irish,中卦-dynamic,i,0.913,4,0.6811,0.987,False
Irish,坎卦-dynamic,i,0.859,11,0.4319,0.987,False
Irish,坤卦-static,lʲ,0.805,9,0.4684,0.987,False
Irish,坎卦-dynamic,ʃ,-0.798,3,0.4618,0.987,False
Irish,乾卦-dynamic,h,0.794,3,0.5781,0.987,False
Irish,巽卦-dynamic,r,0.793,16,0.5083,0.987,False
Irish,巽卦-static,s,-0.781,3,0.6545,0.987,False
Irish,巽卦-static,ɹ,0.75,6,0.6246,0.987,False
Irish,離卦-static,d̪,-0.741,5,0.4385,0.987,False
Irish,巽卦-dynamic,ɹ,-0.735,5,0.5548,0.987,False
Irish,巽卦-static,lʲ,-0.732,3,0.608,0.987,False
Irish,離卦-static,lʲ,0.725,17,0.4352,0.987,False
Irish,兌卦-static,r,0.719,9,0.7043,0.987,False
Irish,乾卦-dynamic,ɑ,-0.715,8,0.608,0.987,False
Irish,乾卦-dynamic,x,0.713,7,0.6146,0.987,False
Irish,乾卦-dynamic,i,-0.646,6,0.6412,0.987,False
Irish,兌卦-static,ɔ,0.645,4,0.7342,0.987,False
Irish,巽卦-dynamic,ɛ,0.64,4,0.5947,0.987,False
Irish,乾卦-static,nʲ,0.635,6,0.4585,0.987,False
Irish,離卦-static,ɪ,-0.63,14,0.4651,0.987,False
Irish,兌卦-static,ɑ,0.625,8,0.7342,0.987,False
Irish,離卦-static,ɛ,-0.612,3,0.4784,0.987,False
Irish,巽卦-dynamic,ʃ,0.597,9,0.5748,0.987,False
Irish,乾卦-static,i,0.584,25,0.4186,0.987,False
Irish,兌卦-static,d̪,0.578,3,0.8272,0.987,False
Irish,坎卦-dynamic,ɪ,-0.565,8,0.6611,0.987,False
Irish,艮卦-dynamic,e,-0.556,16,0.4319,0.987,False
Irish,乾卦-static,x,0.539,19,0.5017,0.987,False
Irish,乾卦-dynamic,a,0.537,4,0.7176,0.987,False
Irish,中卦-static,ɐ,0.531,46,0.495,0.987,False
Irish,離卦-static,t͡ʃ,-0.526,3,0.5681,0.987,False
Irish,乾卦-static,t͡ʃ,-0.519,4,0.5116,0.987,False
Irish,乾卦-dynamic,ə,-0.518,11,0.7143,0.987,False
Irish,兌卦-dynamic,t͡ʃ,-0.516,5,0.4884,0.987,False
Irish,巽卦-static,ɐ,0.514,11,0.7309,0.987,False
Irish,中卦-static,k,-0.513,23,0.4718,0.987,False
Irish,兌卦-dynamic,c,-0.509,3,0.4983,0.987,False
Irish,坎卦-dynamic,lʲ,-0.508,5,0.6844,0.987,False
Irish,中卦-static,t͡ʃ,-0.505,5,0.4352,0.987,False
Irish,震卦-dynamic,i,0.505,42,0.4219,0.987,False
Irish,兌卦-dynamic,ɔ,-0.502,12,0.5116,0.987,False
Irish,艮卦-dynamic,m,-0.501,21,0.4518,0.987,False
Irish,坎卦-dynamic,ɔ,-0.497,4,0.6877,0.987,False
Irish,巽卦-dynamic,ə,-0.493,14,0.6877,0.987,False
Irish,坎卦-static,i͡ə,-0.487,4,0.4252,0.987,False
Irish,乾卦-dynamic,n,-0.487,10,0.7508,0.987,False
Irish,坤卦-dynamic,f,-0.485,11,0.4485,0.987,False
Irish,震卦-static,ə,0.471,80,0.4286,0.987,False
Irish,艮卦-dynamic,k,0.467,49,0.495,0.987,False
Irish,離卦-dynamic,ʊ,-0.466,5,0.4286,0.987,False
Irish,艮卦-static,m,-0.465,20,0.4718,0.987,False
Irish,坎卦-static,d͡ʒ,0.465,7,0.4385,0.987,False
Irish,兌卦-static,f,0.465,3,0.907,0.987,False
Irish,乾卦-dynamic,d̪,0.463,4,0.7907,0.987,False
Irish,離卦-static,ʃ,0.46,15,0.5947,0.987,False
Irish,中卦-static,i͡ə,-0.457,3,0.495,0.987,False
Irish,中卦-static,d͡ʒ,0.453,5,0.5183,0.987,False
Irish,震卦-dynamic,a͡ʊ,-0.452,4,0.4585,0.987,False
Irish,艮卦-dynamic,i͡ə,-0.445,4,0.4784,0.987,False
Irish,坎卦-static,e,-0.445,18,0.4917,0.987,False
Irish,兌卦-dynamic,kʲ,-0.445,5,0.4884,0.987,False
Irish,坤卦-static,ɐ,-0.444,10,0.7375,0.987,False
Irish,艮卦-dynamic,ɔ,-0.442,16,0.5216,0.987,False
Irish,中卦-static,ʊ,0.439,6,0.5615,0.987,False
Irish,中卦-static,e,-0.438,13,0.5216,0.987,False
Irish,坎卦-static,f,-0.433,11,0.4518,0.987,False
Irish,兌卦-dynamic,a͡ʊ,-0.429,3,0.5748,0.987,False
Irish,巽卦-dynamic,l,-0.428,8,0.7243,0.987,False
Irish,震卦-static,ɔ,0.425,26,0.4751,0.987,False
Irish,中卦-static,o,0.424,18,0.5714,0.987,False
Irish,兌卦-dynamic,f,0.424,15,0.5349,0.987,False
Irish,坎卦-dynamic,ɡ,0.423,9,0.7342,0.987,False
Irish,中卦-static,f,-0.422,8,0.5515,0.987,False
Irish,坤卦-dynamic,i,0.417,43,0.4884,0.987,False
Irish,艮卦-dynamic,b,0.417,19,0.4784,0.987,False
Irish,兌卦-dynamic,x,-0.417,12,0.5415,0.987,False
Irish,震卦-static,ɑ,0.416,54,0.4419,0.987,False
Irish,艮卦-static,ɪ,-0.415,32,0.505,0.987,False
Irish,坎卦-dynamic,x,-0.415,4,0.6744,0.987,False
Irish,坤卦-dynamic,h,0.413,13,0.5382,0.987,False
Irish,震卦-dynamic,r,-0.413,48,0.5083,0.987,False
Irish,離卦-static,a͡ʊ,0.407,4,0.6445,0.987,False
Irish,巽卦-static,ɔ,-0.405,3,0.7841,0.987,False
Irish,中卦-static,u,0.405,13,0.588,0.987,False
Irish,兌卦-dynamic,ɑ,0.405,39,0.5515,0.987,False
Irish,中卦-dynamic,k,-0.4,3,0.8704,0.987,False
Irish,坤卦-dynamic,ɡ,-0.399,22,0.5814,0.987,False
Irish,震卦-static,i,-0.397,33,0.5183,0.987,False
Irish,中卦-static,r,0.394,42,0.5781,0.987,False
Irish,離卦-static,d͡ʒ,0.393,3,0.6944,0.987,False
Irish,艮卦-dynamic,x,-0.381,16,0.5482,0.987,False
Irish,坤卦-dynamic,d͡ʒ,0.374,7,0.5515,0.987,False
Irish,坎卦-static,ɐ,-0.372,45,0.5847,0.987,False
Irish,巽卦-static,t͡ʃ,0.371,3,0.887,0.987,False
Irish,坤卦-static,n,-0.36,12,0.8007,0.987,False
Irish,震卦-dynamic,b,-0.359,14,0.5216,0.987,False
Irish,乾卦-static,h,-0.358,4,0.6146,0.987,False
Irish,艮卦-dynamic,a,-0.355,12,0.6146,0.987,False
Irish,艮卦-dynamic,t̪,-0.355,21,0.6279,0.987,False
Irish,乾卦-static,f,-0.354,7,0.6478,0.987,False
Irish,巽卦-static,n,0.353,11,0.8738,0.987,False
Irish,乾卦-dynamic,ɐ,0.352,12,0.8339,0.987,False
Irish,坤卦-dynamic,e,-0.344,20,0.5581,0.987,False
Irish,震卦-dynamic,mʲ,0.338,3,0.5847,0.987,False
Irish,震卦-static,x,-0.333,18,0.5249,0.987,False
Irish,乾卦-static,dʲ,0.33,3,0.6977,0.987,False
Irish,離卦-dynamic,ɡʲ,0.328,4,0.5814,0.987,False
Irish,坎卦-dynamic,m,0.327,8,0.7708,0.987,False
Irish,坤卦-static,ɹ,0.324,7,0.814,0.987,False
Irish,艮卦-dynamic,h,0.323,11,0.6578,0.987,False
Irish,坎卦-static,l,0.321,43,0.6146,0.987,False
Irish,離卦-static,m,-0.319,11,0.7209,0.987,False
Irish,離卦-dynamic,a͡ʊ,-0.317,7,0.5449,0.987,False
Irish,震卦-static,ɛ,-0.316,9,0.5781,0.987,False
Irish,艮卦-static,b,0.315,17,0.6545,0.987,False
Irish,離卦-dynamic,b,-0.315,21,0.5847,0.987,False
Irish,坤卦-static,ɡ,0.314,8,0.7575,0.987,False
Irish,艮卦-dynamic,ɐ,0.314,56,0.6877,0.987,False
Irish,乾卦-dynamic,e,0.314,5,0.8638,0.987,False
Irish,乾卦-dynamic,s,-0.312,5,0.8372,0.987,False
Irish,乾卦-static,o,-0.305,12,0.711,0.987,False
Irish,離卦-dynamic,h,0.302,17,0.5847,0.987,False
Irish,兌卦-static,n,0.3,9,0.8505,0.987,False
Irish,乾卦-static,i͡ə,-0.299,3,0.6844,0.987,False
Irish,震卦-dynamic,dʲ,0.298,5,0.5681,0.987,False
Irish,坤卦-dynamic,ʃ,-0.293,22,0.6246,0.987,False
Irish,艮卦-static,ʃ,0.291,27,0.6346,0.987,False
Irish,離卦-static,r,-0.29,22,0.7508,0.987,False
Irish,乾卦-static,l,-0.29,20,0.7176,0.987,False
Irish,坎卦-static,s,0.289,35,0.5914,0.987,False
Irish,坎卦-static,t̪,-0.284,23,0.6512,0.987,False
Irish,震卦-static,lʲ,-0.284,24,0.6545,0.987,False
Irish,艮卦-static,p,0.283,14,0.6877,0.987,False
Irish,艮卦-dynamic,p,0.283,15,0.6279,0.987,False
Irish,艮卦-static,n,-0.282,47,0.701,0.987,False
Irish,艮卦-dynamic,l,0.282,40,0.7143,0.987,False
Irish,巽卦-static,ɡ,-0.282,4,0.8306,0.987,False
Irish,離卦-dynamic,j,-0.28,3,0.6578,0.987,False
Irish,兌卦-dynamic,ɹ,0.28,22,0.7043,0.987,False
Irish,離卦-static,c,0.279,4,0.7176,0.987,False
Irish,坤卦-dynamic,l,-0.278,36,0.608,0.987,False
Irish,坤卦-static,ʃ,0.276,7,0.8206,0.987,False
Irish,兌卦-dynamic,k,-0.275,27,0.7309,0.987,False
Irish,坎卦-dynamic,t̪,0.271,7,0.8372,0.987,False
Irish,震卦-static,f,-0.266,13,0.6611,0.987,False
Irish,坤卦-static,k,0.265,11,0.7907,0.987,False
Irish,震卦-dynamic,a,0.265,18,0.6445,0.987,False
Irish,中卦-static,v,0.263,19,0.7309,0.987,False
Irish,艮卦-static,ə,0.259,65,0.6977,0.987,False
Irish,艮卦-static,ɑ,-0.257,40,0.6977,0.987,False
Irish,離卦-dynamic,c,0.257,13,0.6678,0.987,False
Irish,坤卦-static,r,0.256,13,0.8306,0.987,False
Irish,震卦-dynamic,t͡ʃ,-0.256,10,0.691,0.987,False
Irish,震卦-dynamic,j,0.255,4,0.6445,0.987,False
Irish,乾卦-static,m,-0.253,15,0.7708,0.987,False
Irish,兌卦-dynamic,nʲ,-0.25,4,0.7708,0.987,False
Irish,中卦-static,ɪ,-0.249,29,0.7575,0.987,False
Irish,艮卦-static,i,-0.245,30,0.6877,0.987,False
Irish,兌卦-static,l,0.242,6,0.907,0.987,False
Irish,離卦-dynamic,i͡ə,-0.241,8,0.6744,0.987,False
Irish,中卦-dynamic,ɑ,-0.238,4,0.9269,0.987,False
Irish,震卦-dynamic,ɪ,-0.236,41,0.6844,0.987,False
Irish,兌卦-dynamic,ʃ,-0.234,16,0.7907,0.987,False
Irish,震卦-static,m,0.231,32,0.6877,0.987,False
Irish,離卦-dynamic,s,-0.23,39,0.6811,0.987,False
Irish,兌卦-dynamic,ɛ,-0.226,7,0.7575,0.987,False
Irish,乾卦-static,v,0.22,15,0.7608,0.987,False
Irish,震卦-static,c,-0.212,6,0.6545,0.987,False
Irish,乾卦-dynamic,l,-0.21,7,0.897,0.987,False
Irish,艮卦-dynamic,ɪ,-0.205,39,0.7641,0.987,False
Irish,坤卦-dynamic,d̪,-0.202,16,0.7708,0.987,False
Irish,中卦-static,ʃ,0.202,21,0.7641,0.987,False
Irish,震卦-static,h,-0.202,8,0.7276,0.987,False
Irish,坤卦-dynamic,b,-0.201,16,0.7575,0.987,False
Irish,坎卦-static,a,-0.2,14,0.7508,0.987,False
Irish,坎卦-static,c,-0.199,6,0.7508,0.987,False
Irish,中卦-static,ɹ,0.198,21,0.7409,0.987,False
Irish,巽卦-dynamic,t̪,-0.197,6,0.8538,0.987,False
Irish,中卦-static,ɔ,-0.194,14,0.8007,0.987,False
Irish,艮卦-static,ɐ,0.192,50,0.7874,0.987,False
Irish,離卦-static,f,0.191,8,0.8272,0.987,False
Irish,巽卦-dynamic,e,0.188,6,0.8704,0.987,False
Irish,乾卦-static,d̪,-0.188,9,0.804,0.987,False
Irish,巽卦-static,i,-0.187,6,0.9003,0.987,False
Irish,兌卦-dynamic,l,-0.186,26,0.7973,0.987,False
Irish,巽卦-static,ʃ,0.185,5,0.8771,0.987,False
Irish,離卦-static,u,-0.185,6,0.8704,0.987,False
Irish,震卦-dynamic,ʊ,0.182,7,0.7409,0.987,False
Irish,艮卦-static,s,-0.179,24,0.7575,0.987,False
Irish,坤卦-dynamic,ɑ,-0.177,49,0.8073,0.987,False
Irish,坤卦-dynamic,s,0.176,35,0.794,0.987,False
Irish,中卦-static,a͡ʊ,-0.176,4,0.814,0.987,False
Irish,中卦-static,m,-0.176,19,0.7907,0.987,False
Irish,坎卦-static,ʊ,-0.171,5,0.7907,0.987,False
Irish,震卦-static,dʲ,-0.171,3,0.7907,0.987,False
Irish,乾卦-dynamic,lʲ,0.167,6,0.9236,0.987,False
Irish,乾卦-static,u,-0.166,8,0.8505,0.987,False
Irish,坎卦-static,ɛ,-0.165,10,0.8073,0.987,False
Irish,兌卦-dynamic,h,-0.163,6,0.814,0.987,False
Irish,艮卦-dynamic,lʲ,-0.16,24,0.7841,0.987,False
Irish,震卦-dynamic,d̪,0.16,18,0.7973,0.987,False
Irish,震卦-static,v,-0.158,17,0.7973,0.987,False
Irish,乾卦-dynamic,r,0.155,11,0.897,0.987,False
Irish,中卦-static,ə,-0.154,46,0.8272,0.987,False
Irish,坎卦-static,b,0.151,18,0.7973,0.987,False
Irish,坤卦-dynamic,u͡ə,-0.149,3,0.8007,0.987,False
Irish,坎卦-dynamic,ɛ,0.149,3,0.8837,0.987,False
Irish,坤卦-static,f,0.147,4,0.9136,0.987,False
Irish,中卦-static,s,-0.147,20,0.8439,0.987,False
Irish,坤卦-dynamic,r,-0.145,54,0.7907,0.987,False
Irish,離卦-static,b,-0.139,7,0.9003,0.987,False
Irish,震卦-dynamic,kʲ,0.135,10,0.8439,0.987,False
Irish,巽卦-dynamic,u,0.134,4,0.8937,0.987,False
Irish,中卦-static,ɑ,0.134,36,0.8472,0.987,False
Irish,乾卦-static,kʲ,-0.133,5,0.8439,0.987,False
Irish,巽卦-static,o,0.127,4,0.9502,0.987,False
Irish,兌卦-dynamic,n,-0.126,41,0.8704,0.987,False
Irish,坤卦-dynamic,kʲ,-0.125,9,0.8306,0.987,False
Irish,離卦-dynamic,ʃ,-0.122,35,0.804,0.987,False
Irish,艮卦-dynamic,nʲ,0.119,7,0.8605,0.987,False
Irish,中卦-static,dʲ,0.113,3,0.8505,0.987,False
Irish,兌卦-dynamic,i,-0.109,26,0.8704,0.987,False
Irish,坤卦-dynamic,ɛ,-0.108,11,0.8538,0.987,False
Irish,艮卦-dynamic,t͡ʃ,-0.108,11,0.8372,0.987,False
Irish,坤卦-dynamic,t͡ʃ,0.106,15,0.8073,0.987,False
Irish,巽卦-dynamic,b,-0.104,4,0.9203,0.987,False
Irish,中卦-static,kʲ,0.102,7,0.9203,0.987,False
Irish,艮卦-dynamic,d̪,-0.1,15,0.8671,0.987,False
Irish,坎卦-static,a͡ʊ,-0.1,6,0.8505,0.987,False
Irish,離卦-dynamic,lʲ,0.1,43,0.8306,0.987,False
Irish,離卦-dynamic,u͡ə,0.099,6,0.8372,0.987,False
Irish,坤卦-static,x,-0.093,5,0.9402,0.987,False
Irish,坎卦-dynamic,a,0.093,4,0.9468,0.987,False
Irish,震卦-static,o,-0.091,22,0.8738,0.987,False
Irish,兌卦-dynamic,d͡ʒ,0.086,4,0.8638,0.987,False
Irish,艮卦-dynamic,f,-0.084,14,0.897,0.987,False
Irish,離卦-dynamic,u,-0.082,21,0.897,0.987,False
Irish,震卦-static,u͡ə,0.075,4,0.8671,0.987,False
Irish,坎卦-static,k,-0.07,41,0.907,0.987,False
Irish,巽卦-static,b,0.07,3,0.9568,0.987,False
Irish,離卦-static,ɐ,-0.066,23,0.9369,0.987,False
Irish,坤卦-dynamic,v,-0.064,20,0.9169,0.987,False
Irish,乾卦-static,ɑ,0.061,29,0.9203,0.987,False
Irish,中卦-static,n,-0.059,41,0.9203,0.987,False
Irish,艮卦-static,d̪,0.055,15,0.9236,0.987,False
Irish,坎卦-static,i,-0.055,36,0.9103,0.987,False
Irish,艮卦-dynamic,ɡ,0.054,28,0.9468,0.987,False
Irish,離卦-dynamic,t͡ʃ,0.051,20,0.9203,0.987,False
Irish,震卦-dynamic,ɡ,-0.046,28,0.9236,0.987,False
Irish,坎卦-dynamic,b,-0.045,4,0.9568,0.987,False
Irish,中卦-static,c,-0.045,5,0.9435,0.987,False
Irish,巽卦-dynamic,ɡ,-0.039,7,0.9535,0.987,False
Irish,坤卦-dynamic,t̪,-0.035,27,0.9568,0.987,False
Irish,艮卦-dynamic,v,0.035,20,0.9468,0.987,False
Irish,震卦-dynamic,n,0.032,59,0.9568,0.987,False
Irish,艮卦-static,lʲ,-0.031,24,0.9336,0.987,False
Irish,震卦-dynamic,l,0.027,39,0.9502,0.987,False
Irish,乾卦-dynamic,t̪,-0.083,5,0.9601,0.9885,False
Irish,坤卦-dynamic,n,0.049,62,0.9601,0.9885,False
Irish,兌卦-static,e,-0.133,3,0.9734,0.9918,False
Irish,坤卦-static,ɑ,-0.055,11,0.9701,0.9918,False
Irish,坤卦-static,e,-0.044,5,0.9701,0.9918,False
Irish,兌卦-dynamic,d̪,-0.038,12,0.9701,0.9918,False
Irish,震卦-static,j,-0.022,3,0.9734,0.9918,False
Irish,離卦-static,ə,-0.024,30,0.9834,0.9954,False
Irish,離卦-static,ɡ,0.022,13,0.9801,0.9954,False
Irish,艮卦-dynamic,ʃ,-0.019,24,0.9801,0.9954,False
Irish,坎卦-static,x,-0.017,23,0.9834,0.9954,False
Irish,艮卦-static,u,-0.013,13,0.9834,0.9954,False
Irish,離卦-dynamic,o,0.009,33,0.9834,0.9954,False
Irish,中卦-dynamic,ə,0.036,6,0.99,0.9974,False
Irish,中卦-dynamic,ɪ,-0.022,4,0.99,0.9974,False
Irish,離卦-static,v,-0.012,9,0.99,0.9974,False
Irish,艮卦-static,ɹ,0.006,24,0.99,0.9974,False
Irish,中卦-static,d̪,0.005,12,0.99,0.9974,False
Irish,乾卦-static,ɡ,0.01,17,1.0,1.0,False
Irish,兌卦-dynamic,m,-0.001,21,1.0,1.0,False
