language,pole,phoneme,z,count,p_perm,q_fdr,significant
Arabic,兌卦-static,w,3.419,6,0.005,0.3246,False
Arabic,離卦-dynamic,j,3.303,13,0.005,0.3246,False
Arabic,兌卦-dynamic,a,2.913,551,0.005,0.3246,False
Arabic,艮卦-static,f,2.853,29,0.005,0.3246,False
Arabic,坤卦-static,h,2.436,8,0.005,0.3246,False
Arabic,兌卦-dynamic,i,-2.367,49,0.005,0.3246,False
Arabic,兌卦-dynamic,t,-1.798,34,0.005,0.3246,False
Arabic,離卦-static,s̪,1.742,22,0.005,0.3246,False
Arabic,坤卦-static,ɣ,2.965,9,0.01,0.4328,False
Arabic,兌卦-dynamic,u,-1.656,20,0.01,0.4328,False
Arabic,坤卦-dynamic,b,1.636,72,0.01,0.4328,False
Arabic,中卦-static,i,1.336,200,0.01,0.4328,False
Arabic,坎卦-static,t̪,2.641,7,0.0149,0.4583,False
Arabic,乾卦-static,ʃ,2.286,9,0.0149,0.4583,False
Arabic,離卦-static,f,1.515,40,0.0149,0.4583,False
Arabic,坤卦-dynamic,i,1.146,171,0.0149,0.4583,False
Arabic,兌卦-dynamic,k,1.138,36,0.0149,0.4583,False
Arabic,乾卦-static,k,2.127,10,0.0199,0.5194,False
Arabic,坤卦-static,χ,1.971,9,0.0199,0.5194,False
Arabic,震卦-static,d͡ʒ,1.202,45,0.0199,0.5194,False
Arabic,坎卦-dynamic,z,2.806,15,0.0299,0.5373,False
Arabic,坎卦-dynamic,ʔ,2.501,32,0.0249,0.5373,False
Arabic,巽卦-static,d͡ʒ,2.351,7,0.0299,0.5373,False
Arabic,離卦-static,b,1.627,41,0.0299,0.5373,False
Arabic,艮卦-dynamic,r,1.521,83,0.0299,0.5373,False
Arabic,乾卦-dynamic,s̪,1.452,25,0.0249,0.5373,False
Arabic,震卦-static,i,-1.289,101,0.0249,0.5373,False
Arabic,震卦-static,t,1.175,120,0.0249,0.5373,False
Arabic,中卦-static,r,-1.12,45,0.0299,0.5373,False
Arabic,兌卦-static,d,2.474,11,0.0348,0.5864,False
Arabic,巽卦-static,d,2.259,11,0.0348,0.5864,False
Arabic,中卦-dynamic,n,3.682,5,0.0398,0.6111,False
Arabic,兌卦-static,z,2.286,7,0.0398,0.6111,False
Arabic,艮卦-static,q,1.662,24,0.0398,0.6111,False
Arabic,離卦-dynamic,ʕ,1.538,21,0.0448,0.6493,False
Arabic,艮卦-dynamic,j,1.305,14,0.0448,0.6493,False
Arabic,巽卦-static,ʕ,2.163,9,0.0498,0.6659,False
Arabic,乾卦-static,r,2.005,25,0.0498,0.6659,False
Arabic,巽卦-static,q,1.998,11,0.0498,0.6659,False
Arabic,坎卦-dynamic,s̪,1.938,9,0.0597,0.742,False
Arabic,震卦-dynamic,i,-1.109,62,0.0597,0.742,False
Arabic,乾卦-dynamic,ʔ,1.103,75,0.0597,0.742,False
Arabic,震卦-dynamic,a,1.132,308,0.0647,0.7673,False
Arabic,震卦-dynamic,d͡ʒ,1.094,25,0.0647,0.7673,False
Arabic,震卦-dynamic,k,-1.147,5,0.0697,0.7904,False
Arabic,坤卦-dynamic,l,-0.872,68,0.0697,0.7904,False
Arabic,兌卦-static,χ,2.056,5,0.0796,0.848,False
Arabic,中卦-static,n,0.838,96,0.0796,0.848,False
Arabic,乾卦-static,ħ,1.728,10,0.0846,0.8499,False
Arabic,震卦-dynamic,t,1.091,68,0.0896,0.8499,False
Arabic,乾卦-dynamic,b,1.003,45,0.0896,0.8499,False
Arabic,兌卦-dynamic,b,0.985,54,0.0846,0.8499,False
Arabic,震卦-static,d,-0.847,37,0.0896,0.8499,False
Arabic,中卦-static,d͡ʒ,-0.682,16,0.0896,0.8499,False
Arabic,乾卦-dynamic,d,-1.011,22,0.0945,0.8507,False
Arabic,中卦-static,l,0.834,138,0.0945,0.8507,False
Arabic,坤卦-static,s,-1.494,3,0.1095,0.879,False
Arabic,艮卦-static,t,1.312,33,0.1095,0.879,False
Arabic,艮卦-dynamic,i,-0.965,68,0.1045,0.879,False
Arabic,中卦-static,z,-0.779,8,0.1045,0.879,False
Arabic,震卦-dynamic,ʕ,-0.914,13,0.1244,0.9017,False
Arabic,震卦-dynamic,m,-0.91,28,0.1194,0.9017,False
Arabic,震卦-static,ʔ,0.861,107,0.1194,0.9017,False
Arabic,中卦-static,m,0.729,112,0.1144,0.9017,False
Arabic,中卦-static,t̪,0.692,32,0.1244,0.9017,False
Arabic,中卦-static,k,0.662,39,0.1244,0.9017,False
Arabic,中卦-static,f,-0.573,29,0.1244,0.9017,False
Arabic,中卦-dynamic,s,3.089,3,0.1294,0.9125,False
Arabic,中卦-static,ʃ,-0.62,17,0.1294,0.9125,False
Arabic,離卦-static,m,-0.917,25,0.1393,0.9323,False
Arabic,艮卦-dynamic,ʃ,-0.868,8,0.1393,0.9323,False
Arabic,坤卦-dynamic,ħ,0.737,42,0.1393,0.9323,False
Arabic,坤卦-dynamic,s̪,0.7,25,0.1393,0.9323,False
Arabic,離卦-dynamic,a,1.154,163,0.1443,0.9414,False
Arabic,震卦-static,r,0.802,112,0.1443,0.9414,False
Arabic,中卦-dynamic,u,2.824,6,0.2736,0.9464,False
Arabic,中卦-dynamic,m,2.733,5,0.3234,0.9464,False
Arabic,巽卦-dynamic,ħ,2.32,4,0.1841,0.9464,False
Arabic,中卦-dynamic,l,2.233,5,0.398,0.9464,False
Arabic,巽卦-dynamic,ʃ,2.116,3,0.199,0.9464,False
Arabic,巽卦-dynamic,l,2.071,10,0.2687,0.9464,False
Arabic,巽卦-dynamic,t,2.04,8,0.209,0.9464,False
Arabic,巽卦-dynamic,t̪,2.013,3,0.2189,0.9464,False
Arabic,坎卦-static,k,1.692,6,0.1592,0.9464,False
Arabic,巽卦-dynamic,q,1.629,5,0.3831,0.9464,False
Arabic,兌卦-static,f,1.422,8,0.3234,0.9464,False
Arabic,巽卦-static,t,-1.384,6,0.2189,0.9464,False
Arabic,坎卦-dynamic,r,-1.364,7,0.1791,0.9464,False
Arabic,坎卦-static,d,-1.328,3,0.2139,0.9464,False
Arabic,坤卦-static,t,-1.304,11,0.1542,0.9464,False
Arabic,兌卦-static,r,-1.3,4,0.3483,0.9464,False
Arabic,坎卦-dynamic,θ,1.287,4,0.194,0.9464,False
Arabic,坎卦-static,r,1.249,14,0.3483,0.9464,False
Arabic,乾卦-static,l,-1.245,10,0.1741,0.9464,False
Arabic,坎卦-static,d͡ʒ,1.244,5,0.3333,0.9464,False
Arabic,乾卦-static,i,1.242,31,0.199,0.9464,False
Arabic,坤卦-static,m,1.214,25,0.1891,0.9464,False
Arabic,巽卦-static,χ,1.19,4,0.3184,0.9464,False
Arabic,乾卦-static,u,1.172,24,0.2139,0.9464,False
Arabic,坎卦-dynamic,l,1.156,29,0.2537,0.9464,False
Arabic,坎卦-dynamic,m,-1.133,8,0.2587,0.9464,False
Arabic,乾卦-static,a,-1.129,52,0.2836,0.9464,False
Arabic,乾卦-static,m,1.118,20,0.2985,0.9464,False
Arabic,坤卦-static,q,-1.113,3,0.1592,0.9464,False
Arabic,兌卦-static,q,1.111,8,0.3731,0.9464,False
Arabic,乾卦-static,θ,1.109,3,0.2587,0.9464,False
Arabic,艮卦-static,ʕ,1.056,16,0.1741,0.9464,False
Arabic,巽卦-static,b,-1.02,4,0.3184,0.9464,False
Arabic,兌卦-static,l,1.007,15,0.4229,0.9464,False
Arabic,乾卦-static,f,-0.989,3,0.2985,0.9464,False
Arabic,艮卦-dynamic,u,-0.946,34,0.1493,0.9464,False
Arabic,坎卦-dynamic,d,-0.936,7,0.3682,0.9464,False
Arabic,艮卦-static,b,-0.93,10,0.204,0.9464,False
Arabic,坎卦-dynamic,ħ,-0.922,4,0.3333,0.9464,False
Arabic,坤卦-static,s̪,0.91,6,0.2637,0.9464,False
Arabic,坤卦-static,ð,0.901,6,0.2637,0.9464,False
Arabic,乾卦-static,ʔ,-0.884,8,0.3781,0.9464,False
Arabic,坎卦-dynamic,w,0.876,5,0.3682,0.9464,False
Arabic,巽卦-static,u,0.859,15,0.4129,0.9464,False
Arabic,離卦-dynamic,t,0.856,34,0.3035,0.9464,False
Arabic,坤卦-static,ʕ,0.851,11,0.2935,0.9464,False
Arabic,坤卦-static,b,0.832,13,0.3831,0.9464,False
Arabic,坤卦-static,l,-0.83,15,0.3134,0.9464,False
Arabic,離卦-dynamic,m,-0.8,16,0.2886,0.9464,False
Arabic,離卦-dynamic,f,-0.799,7,0.2836,0.9464,False
Arabic,乾卦-dynamic,r,0.799,73,0.1791,0.9464,False
Arabic,艮卦-static,ʔ,-0.796,14,0.2687,0.9464,False
Arabic,震卦-dynamic,b,-0.781,23,0.1841,0.9464,False
Arabic,離卦-dynamic,r,-0.781,17,0.3483,0.9464,False
Arabic,坎卦-dynamic,ʕ,-0.775,5,0.4179,0.9464,False
Arabic,艮卦-static,l,-0.766,21,0.2736,0.9464,False
Arabic,艮卦-dynamic,a,0.757,301,0.1841,0.9464,False
Arabic,震卦-dynamic,t̪,-0.756,4,0.1791,0.9464,False
Arabic,乾卦-dynamic,θ,0.743,10,0.2886,0.9464,False
Arabic,乾卦-dynamic,k,-0.736,10,0.2239,0.9464,False
Arabic,離卦-static,k,-0.729,8,0.2388,0.9464,False
Arabic,離卦-dynamic,u,-0.729,20,0.3831,0.9464,False
Arabic,兌卦-dynamic,ʔ,-0.726,43,0.1592,0.9464,False
Arabic,艮卦-static,d͡ʒ,-0.722,4,0.3781,0.9464,False
Arabic,坤卦-static,i,0.721,34,0.408,0.9464,False
Arabic,震卦-dynamic,s,0.697,35,0.2985,0.9464,False
Arabic,離卦-static,q,0.689,33,0.2786,0.9464,False
Arabic,震卦-static,ʃ,0.674,34,0.1791,0.9464,False
Arabic,艮卦-dynamic,h,-0.669,4,0.2289,0.9464,False
Arabic,坤卦-dynamic,z,-0.667,9,0.204,0.9464,False
Arabic,艮卦-dynamic,z,-0.666,6,0.3035,0.9464,False
Arabic,艮卦-static,s,0.661,16,0.3831,0.9464,False
Arabic,兌卦-dynamic,w,-0.66,5,0.1891,0.9464,False
Arabic,艮卦-dynamic,n,-0.657,28,0.2886,0.9464,False
Arabic,艮卦-static,ħ,0.653,12,0.3831,0.9464,False
Arabic,兌卦-dynamic,q,-0.641,22,0.204,0.9464,False
Arabic,坤卦-dynamic,w,-0.64,6,0.1692,0.9464,False
Arabic,震卦-static,f,-0.628,27,0.1841,0.9464,False
Arabic,震卦-static,χ,-0.626,13,0.2239,0.9464,False
Arabic,兌卦-dynamic,ʃ,-0.624,13,0.1791,0.9464,False
Arabic,艮卦-dynamic,ħ,-0.623,15,0.2786,0.9464,False
Arabic,震卦-dynamic,h,0.621,12,0.3582,0.9464,False
Arabic,艮卦-static,a,-0.607,99,0.403,0.9464,False
Arabic,乾卦-dynamic,l,-0.604,55,0.3134,0.9464,False
Arabic,艮卦-static,m,-0.603,16,0.4279,0.9464,False
Arabic,坤卦-dynamic,k,-0.595,16,0.2438,0.9464,False
Arabic,中卦-static,d,0.577,67,0.204,0.9464,False
Arabic,坤卦-dynamic,t,-0.572,68,0.1841,0.9464,False
Arabic,乾卦-dynamic,n,-0.572,32,0.3383,0.9464,False
Arabic,艮卦-dynamic,s,0.568,35,0.3632,0.9464,False
Arabic,震卦-dynamic,u,-0.568,42,0.3582,0.9464,False
Arabic,震卦-dynamic,ʃ,-0.565,10,0.3035,0.9464,False
Arabic,離卦-static,t̪,0.557,15,0.408,0.9464,False
Arabic,兌卦-dynamic,n,-0.555,39,0.2687,0.9464,False
Arabic,乾卦-dynamic,w,-0.553,5,0.4179,0.9464,False
Arabic,乾卦-dynamic,h,0.542,13,0.3831,0.9464,False
Arabic,震卦-static,k,0.536,36,0.2637,0.9464,False
Arabic,坤卦-dynamic,q,-0.534,28,0.2637,0.9464,False
Arabic,震卦-dynamic,f,-0.523,17,0.3632,0.9464,False
Arabic,坤卦-dynamic,ʔ,0.522,87,0.2537,0.9464,False
Arabic,坤卦-dynamic,u,-0.519,68,0.2488,0.9464,False
Arabic,震卦-static,ð,-0.518,6,0.2388,0.9464,False
Arabic,兌卦-dynamic,r,0.513,80,0.2587,0.9464,False
Arabic,坤卦-dynamic,f,-0.512,27,0.2985,0.9464,False
Arabic,艮卦-dynamic,t̪,0.509,17,0.3831,0.9464,False
Arabic,兌卦-dynamic,l,-0.505,69,0.3284,0.9464,False
Arabic,乾卦-dynamic,t,0.505,67,0.403,0.9464,False
Arabic,艮卦-dynamic,w,-0.503,5,0.4229,0.9464,False
Arabic,離卦-static,h,0.485,10,0.4229,0.9464,False
Arabic,乾卦-dynamic,ʕ,0.484,32,0.408,0.9464,False
Arabic,離卦-static,j,-0.474,3,0.398,0.9464,False
Arabic,中卦-static,j,-0.467,6,0.3184,0.9464,False
Arabic,震卦-dynamic,z,-0.458,8,0.4279,0.9464,False
Arabic,艮卦-dynamic,l,-0.457,54,0.4179,0.9464,False
Arabic,震卦-dynamic,ʔ,0.454,54,0.403,0.9464,False
Arabic,中卦-static,u,-0.446,80,0.3333,0.9464,False
Arabic,坤卦-dynamic,s,0.428,50,0.3085,0.9464,False
Arabic,兌卦-dynamic,f,-0.424,25,0.3781,0.9464,False
Arabic,震卦-static,q,-0.417,34,0.3731,0.9464,False
Arabic,兌卦-dynamic,θ,-0.416,4,0.408,0.9464,False
Arabic,兌卦-dynamic,t̪,-0.411,10,0.3831,0.9464,False
Arabic,中卦-static,s̪,-0.403,12,0.3333,0.9464,False
Arabic,震卦-static,z,0.397,30,0.403,0.9464,False
Arabic,中卦-static,s,-0.394,39,0.3781,0.9464,False
Arabic,兌卦-dynamic,ħ,0.384,32,0.3632,0.9464,False
Arabic,中卦-static,w,-0.382,10,0.3532,0.9464,False
Arabic,中卦-static,ʔ,-0.373,68,0.4229,0.9464,False
Arabic,兌卦-dynamic,j,0.364,11,0.4179,0.9464,False
Arabic,乾卦-static,d,-0.841,6,0.4328,0.9493,False
Arabic,坤卦-dynamic,d,0.392,56,0.4328,0.9493,False
Arabic,中卦-dynamic,a,-1.818,7,0.5522,0.952,False
Arabic,巽卦-dynamic,i,1.352,11,0.4577,0.952,False
Arabic,坎卦-static,f,0.947,7,0.4627,0.952,False
Arabic,坎卦-static,s,-0.909,3,0.4677,0.952,False
Arabic,兌卦-static,s,-0.873,3,0.5174,0.952,False
Arabic,坎卦-static,ʃ,0.863,4,0.5224,0.952,False
Arabic,兌卦-static,a,-0.858,37,0.5274,0.952,False
Arabic,巽卦-static,s,0.807,7,0.4577,0.952,False
Arabic,坎卦-static,n,0.764,10,0.5522,0.952,False
Arabic,巽卦-static,ʔ,-0.749,6,0.592,0.952,False
Arabic,坎卦-dynamic,χ,0.734,6,0.4776,0.952,False
Arabic,巽卦-static,n,-0.702,5,0.4726,0.952,False
Arabic,巽卦-static,l,-0.701,9,0.5124,0.952,False
Arabic,坤卦-static,ʔ,-0.687,11,0.4975,0.952,False
Arabic,坎卦-static,l,-0.664,9,0.592,0.952,False
Arabic,巽卦-static,s̪,0.661,3,0.5423,0.952,False
Arabic,坎卦-static,t,-0.643,8,0.5622,0.952,False
Arabic,離卦-dynamic,b,-0.605,13,0.4577,0.952,False
Arabic,艮卦-static,u,0.599,33,0.5224,0.952,False
Arabic,乾卦-static,t,-0.597,12,0.592,0.952,False
Arabic,巽卦-static,r,-0.583,7,0.5721,0.952,False
Arabic,乾卦-static,b,-0.57,7,0.602,0.952,False
Arabic,乾卦-static,ð,0.566,4,0.5771,0.952,False
Arabic,坎卦-dynamic,q,-0.558,6,0.6169,0.952,False
Arabic,乾卦-static,q,-0.531,5,0.592,0.952,False
Arabic,艮卦-static,k,-0.528,5,0.4925,0.952,False
Arabic,離卦-dynamic,s,-0.485,11,0.5174,0.952,False
Arabic,艮卦-static,n,-0.466,14,0.5124,0.952,False
Arabic,離卦-dynamic,q,-0.458,10,0.5025,0.952,False
Arabic,艮卦-dynamic,χ,0.442,16,0.4975,0.952,False
Arabic,離卦-dynamic,w,0.432,6,0.6119,0.952,False
Arabic,離卦-static,d͡ʒ,0.421,17,0.5572,0.952,False
Arabic,離卦-static,l,-0.42,47,0.4925,0.952,False
Arabic,乾卦-static,h,0.417,3,0.597,0.952,False
Arabic,離卦-dynamic,ʔ,0.407,28,0.5771,0.952,False
Arabic,乾卦-dynamic,f,-0.407,21,0.4826,0.952,False
Arabic,乾卦-dynamic,d͡ʒ,-0.405,13,0.4627,0.952,False
Arabic,震卦-dynamic,χ,0.402,15,0.4776,0.952,False
Arabic,離卦-static,a,-0.401,202,0.5124,0.952,False
Arabic,艮卦-dynamic,ɣ,-0.398,4,0.5174,0.952,False
Arabic,兌卦-dynamic,s,-0.389,30,0.4876,0.952,False
Arabic,艮卦-dynamic,ð,-0.386,5,0.5025,0.952,False
Arabic,震卦-static,l,-0.384,92,0.4677,0.952,False
Arabic,坤卦-static,z,-0.383,3,0.6169,0.952,False
Arabic,震卦-dynamic,w,0.378,11,0.5423,0.952,False
Arabic,艮卦-static,ʃ,0.374,8,0.5771,0.952,False
Arabic,震卦-dynamic,ɣ,-0.372,4,0.4925,0.952,False
Arabic,震卦-dynamic,n,-0.37,32,0.5224,0.952,False
Arabic,坤卦-dynamic,θ,-0.369,5,0.4876,0.952,False
Arabic,離卦-static,ʔ,0.368,47,0.592,0.952,False
Arabic,震卦-static,ɣ,-0.366,7,0.4478,0.952,False
Arabic,震卦-static,ħ,-0.359,29,0.4627,0.952,False
Arabic,坤卦-dynamic,ð,-0.356,8,0.4627,0.952,False
Arabic,艮卦-dynamic,ʕ,-0.355,20,0.5373,0.952,False
Arabic,艮卦-static,w,0.35,5,0.6219,0.952,False
Arabic,兌卦-dynamic,ɣ,0.343,12,0.4726,0.952,False
Arabic,艮卦-dynamic,ʔ,0.328,54,0.592,0.952,False
Arabic,乾卦-dynamic,χ,-0.321,11,0.5622,0.952,False
Arabic,乾卦-dynamic,q,-0.313,24,0.5522,0.952,False
Arabic,兌卦-dynamic,ʕ,0.312,36,0.5423,0.952,False
Arabic,兌卦-dynamic,d͡ʒ,-0.296,17,0.4925,0.952,False
Arabic,震卦-static,w,0.291,18,0.5622,0.952,False
Arabic,艮卦-dynamic,d,0.289,36,0.6119,0.952,False
Arabic,坤卦-dynamic,r,0.283,85,0.5224,0.952,False
Arabic,離卦-static,d,-0.281,25,0.6169,0.952,False
Arabic,坤卦-dynamic,j,-0.278,7,0.5423,0.952,False
Arabic,兌卦-dynamic,d,-0.278,38,0.5871,0.952,False
Arabic,坤卦-dynamic,m,0.277,84,0.5274,0.952,False
Arabic,離卦-static,ʃ,-0.275,11,0.6119,0.952,False
Arabic,艮卦-dynamic,k,0.257,19,0.597,0.952,False
Arabic,艮卦-dynamic,m,-0.253,44,0.5871,0.952,False
Arabic,兌卦-dynamic,z,-0.249,14,0.5871,0.952,False
Arabic,中卦-static,b,0.244,58,0.5721,0.952,False
Arabic,兌卦-dynamic,s̪,-0.244,11,0.5721,0.952,False
Arabic,震卦-static,s̪,-0.243,14,0.592,0.952,False
Arabic,中卦-static,t,-0.223,86,0.5771,0.952,False
Arabic,震卦-static,a,0.218,448,0.6169,0.952,False
Arabic,坤卦-dynamic,ʃ,-0.216,20,0.6219,0.952,False
Arabic,中卦-static,ɣ,-0.213,9,0.5871,0.952,False
Arabic,坤卦-dynamic,t̪,0.209,21,0.6169,0.952,False
Arabic,兌卦-static,u,0.562,13,0.6318,0.956,False
Arabic,巽卦-static,a,-0.533,42,0.6318,0.956,False
Arabic,巽卦-dynamic,r,-0.852,3,0.6368,0.958,False
Arabic,坎卦-static,i,-0.54,14,0.6368,0.958,False
Arabic,離卦-dynamic,χ,-0.354,5,0.6468,0.9591,False
Arabic,離卦-static,ð,-0.307,5,0.6468,0.9591,False
Arabic,離卦-static,χ,-0.28,9,0.6468,0.9591,False
Arabic,巽卦-static,k,0.533,4,0.6816,0.9601,False
Arabic,坎卦-dynamic,f,-0.492,6,0.6816,0.9601,False
Arabic,坎卦-dynamic,b,-0.449,9,0.6816,0.9601,False
Arabic,坎卦-dynamic,k,-0.441,4,0.6915,0.9601,False
Arabic,坎卦-static,b,-0.426,5,0.6617,0.9601,False
Arabic,坤卦-static,d͡ʒ,-0.377,4,0.6617,0.9601,False
Arabic,坤卦-static,d,0.363,12,0.6766,0.9601,False
Arabic,坤卦-static,r,-0.347,14,0.6567,0.9601,False
Arabic,艮卦-static,r,0.282,25,0.6716,0.9601,False
Arabic,震卦-dynamic,ð,-0.264,6,0.6915,0.9601,False
Arabic,乾卦-dynamic,ʃ,-0.258,14,0.6667,0.9601,False
Arabic,艮卦-dynamic,t,0.248,58,0.6866,0.9601,False
Arabic,乾卦-dynamic,ð,-0.245,7,0.6617,0.9601,False
Arabic,離卦-static,w,0.24,9,0.6766,0.9601,False
Arabic,震卦-dynamic,r,0.233,53,0.6915,0.9601,False
Arabic,震卦-static,θ,-0.2,7,0.6915,0.9601,False
Arabic,中卦-static,χ,-0.188,19,0.6667,0.9601,False
Arabic,坤卦-dynamic,ɣ,0.167,12,0.6766,0.9601,False
Arabic,中卦-static,ħ,-0.156,33,0.6915,0.9601,False
Arabic,震卦-static,ʕ,-0.204,36,0.6965,0.9644,False
Arabic,坎卦-dynamic,u,0.42,23,0.7015,0.9673,False
Arabic,坤卦-static,ħ,0.386,8,0.7114,0.9673,False
Arabic,巽卦-static,i,-0.345,15,0.7264,0.9673,False
Arabic,坎卦-dynamic,i,-0.317,27,0.7264,0.9673,False
Arabic,艮卦-dynamic,θ,-0.242,4,0.7114,0.9673,False
Arabic,震卦-dynamic,d,0.166,33,0.7214,0.9673,False
Arabic,兌卦-dynamic,ð,0.164,14,0.7214,0.9673,False
Arabic,坤卦-static,a,-0.27,79,0.7363,0.9706,False
Arabic,離卦-dynamic,d,-0.229,15,0.7363,0.9706,False
Arabic,震卦-static,t̪,0.142,22,0.7363,0.9706,False
Arabic,乾卦-static,w,0.337,3,0.7413,0.9722,False
Arabic,震卦-static,b,-0.16,50,0.7562,0.9844,False
Arabic,坎卦-dynamic,s,-0.288,8,0.7612,0.986,False
Arabic,乾卦-dynamic,a,-0.146,270,0.7612,0.986,False
Arabic,中卦-dynamic,i,1.014,5,0.7711,0.9896,False
Arabic,兌卦-static,b,-0.35,5,0.791,0.9896,False
Arabic,兌卦-static,n,-0.344,6,0.8159,0.9896,False
Arabic,坎卦-static,ʕ,0.306,5,0.7861,0.9896,False
Arabic,坎卦-dynamic,d͡ʒ,0.253,6,0.791,0.9896,False
Arabic,艮卦-static,h,-0.25,3,0.7662,0.9896,False
Arabic,巽卦-static,f,-0.246,4,0.8209,0.9896,False
Arabic,坎卦-static,m,0.244,10,0.8308,0.9896,False
Arabic,兌卦-static,ʃ,0.239,3,0.8607,0.9896,False
Arabic,坎卦-dynamic,t,0.23,19,0.8159,0.9896,False
Arabic,坎卦-dynamic,n,-0.214,12,0.8408,0.9896,False
Arabic,巽卦-static,m,0.206,10,0.8507,0.9896,False
Arabic,兌卦-static,t,-0.203,9,0.8955,0.9896,False
Arabic,坤卦-static,k,0.2,6,0.8109,0.9896,False
Arabic,兌卦-static,m,-0.195,8,0.8756,0.9896,False
Arabic,坤卦-static,n,-0.191,12,0.7811,0.9896,False
Arabic,離卦-dynamic,t̪,-0.19,5,0.806,0.9896,False
Arabic,乾卦-static,ʕ,0.181,7,0.8806,0.9896,False
Arabic,艮卦-dynamic,b,-0.179,30,0.8109,0.9896,False
Arabic,兌卦-static,ʔ,0.176,9,0.8806,0.9896,False
Arabic,坤卦-static,f,0.175,9,0.8607,0.9896,False
Arabic,離卦-static,z,-0.17,10,0.796,0.9896,False
Arabic,離卦-static,ʕ,-0.168,19,0.8109,0.9896,False
Arabic,艮卦-dynamic,q,0.167,30,0.791,0.9896,False
Arabic,乾卦-dynamic,u,-0.162,59,0.8159,0.9896,False
Arabic,乾卦-static,s,0.158,8,0.8458,0.9896,False
Arabic,離卦-static,u,0.156,54,0.8209,0.9896,False
Arabic,離卦-dynamic,n,-0.148,19,0.8955,0.9896,False
Arabic,離卦-dynamic,z,-0.148,6,0.8756,0.9896,False
Arabic,中卦-static,ʕ,-0.147,38,0.7761,0.9896,False
Arabic,兌卦-dynamic,χ,-0.145,15,0.806,0.9896,False
Arabic,離卦-dynamic,ʃ,-0.142,7,0.8905,0.9896,False
Arabic,艮卦-static,i,-0.138,38,0.8308,0.9896,False
Arabic,乾卦-dynamic,z,-0.137,13,0.8408,0.9896,False
Arabic,坤卦-static,u,-0.134,18,0.9005,0.9896,False
Arabic,中卦-static,ð,-0.132,13,0.7861,0.9896,False
Arabic,艮卦-static,χ,0.123,6,0.8507,0.9896,False
Arabic,離卦-static,ħ,-0.116,17,0.8507,0.9896,False
Arabic,艮卦-static,d,0.115,15,0.8905,0.9896,False
Arabic,離卦-dynamic,i,0.111,46,0.8308,0.9896,False
Arabic,中卦-static,θ,-0.109,8,0.806,0.9896,False
Arabic,離卦-static,t,-0.108,45,0.8806,0.9896,False
Arabic,中卦-static,a,-0.107,428,0.8408,0.9896,False
Arabic,震卦-static,s,-0.107,44,0.8507,0.9896,False
Arabic,離卦-dynamic,ð,-0.105,4,0.8905,0.9896,False
Arabic,坤卦-dynamic,n,-0.103,58,0.9005,0.9896,False
Arabic,乾卦-dynamic,m,0.097,56,0.8706,0.9896,False
Arabic,兌卦-dynamic,m,-0.092,62,0.8358,0.9896,False
Arabic,離卦-static,s,-0.087,23,0.8806,0.9896,False
Arabic,離卦-dynamic,l,0.087,33,0.8706,0.9896,False
Arabic,坤卦-dynamic,χ,-0.086,18,0.8308,0.9896,False
Arabic,乾卦-dynamic,ɣ,0.085,8,0.8955,0.9896,False
Arabic,艮卦-dynamic,f,-0.084,24,0.8706,0.9896,False
Arabic,乾卦-dynamic,i,0.083,98,0.8905,0.9896,False
Arabic,震卦-static,u,-0.08,94,0.8706,0.9896,False
Arabic,離卦-static,n,0.074,36,0.8856,0.9896,False
Arabic,坤卦-dynamic,a,-0.073,382,0.8507,0.9896,False
Arabic,震卦-dynamic,q,-0.07,25,0.8607,0.9896,False
Arabic,震卦-static,n,-0.068,65,0.8955,0.9896,False
Arabic,中卦-static,q,0.061,48,0.8657,0.9896,False
Arabic,中卦-static,h,0.06,15,0.8856,0.9896,False
Arabic,巽卦-dynamic,ʔ,-0.226,4,0.9403,0.9968,False
Arabic,巽卦-dynamic,a,-0.195,23,0.9204,0.9968,False
Arabic,坎卦-static,ʔ,0.108,9,0.9403,0.9968,False
Arabic,離卦-dynamic,ħ,0.096,11,0.9254,0.9968,False
Arabic,巽卦-static,ħ,0.083,4,0.9403,0.9968,False
Arabic,兌卦-static,i,0.08,16,0.9453,0.9968,False
Arabic,坎卦-static,u,0.069,11,0.9254,0.9968,False
Arabic,艮卦-dynamic,s̪,-0.065,10,0.9204,0.9968,False
Arabic,震卦-dynamic,l,0.057,62,0.9254,0.9968,False
Arabic,坎卦-dynamic,a,-0.052,84,0.9453,0.9968,False
Arabic,坤卦-dynamic,ʕ,0.047,37,0.9204,0.9968,False
Arabic,乾卦-dynamic,ħ,0.038,23,0.9403,0.9968,False
Arabic,坤卦-dynamic,h,0.031,13,0.9453,0.9968,False
Arabic,乾卦-dynamic,t̪,0.018,13,0.9453,0.9968,False
Arabic,艮卦-static,j,0.082,3,0.9552,1.0,False
Arabic,離卦-dynamic,s̪,-0.073,5,0.9552,1.0,False
Arabic,坤卦-static,ʃ,0.039,5,0.9652,1.0,False
Arabic,乾卦-static,n,0.028,11,0.9751,1.0,False
Arabic,巽卦-dynamic,d,-0.025,3,0.99,1.0,False
Arabic,震卦-static,m,0.02,83,0.9851,1.0,False
Arabic,坎卦-static,a,0.017,47,0.9851,1.0,False
Arabic,坎卦-dynamic,ʃ,0.017,5,1.0,1.0,False
Arabic,艮卦-dynamic,d͡ʒ,0.016,16,0.99,1.0,False
Arabic,離卦-static,r,-0.016,43,0.9851,1.0,False
Arabic,離卦-static,i,-0.014,76,0.99,1.0,False
Arabic,坤卦-dynamic,d͡ʒ,0.012,24,0.9751,1.0,False
Arabic,震卦-dynamic,s̪,-0.011,10,0.9851,1.0,False
Arabic,震卦-dynamic,θ,-0.011,5,0.9801,1.0,False
Arabic,乾卦-dynamic,s,-0.011,30,0.9851,1.0,False
Arabic,震卦-dynamic,j,-0.003,6,1.0,1.0,False
Arabic,艮卦-static,z,-0.002,6,1.0,1.0,False
Arabic,震卦-static,h,0.002,14,1.0,1.0,False
Arabic,兌卦-dynamic,h,0.001,11,0.995,1.0,False
Arabic,震卦-dynamic,ħ,0.0,20,1.0,1.0,False
Chinese,巽卦-static,t͡sʰ,3.526,5,0.005,0.2495,False
Chinese,兌卦-dynamic,f,3.236,24,0.005,0.2495,False
Chinese,中卦-static,ɯ,2.939,47,0.005,0.2495,False
Chinese,中卦-static,ʌ,2.939,47,0.005,0.2495,False
Chinese,乾卦-dynamic,œ,2.916,15,0.005,0.2495,False
Chinese,艮卦-static,p,2.78,24,0.005,0.2495,False
Chinese,離卦-dynamic,ʈ͡ʂ,2.663,35,0.005,0.2495,False
Chinese,離卦-static,ɨ,2.367,15,0.005,0.2495,False
Chinese,艮卦-dynamic,ʈ͡ʂʰ,2.237,27,0.005,0.2495,False
Chinese,震卦-static,t͡s,2.218,37,0.005,0.2495,False
Chinese,震卦-static,ɨ,1.89,31,0.005,0.2495,False
Chinese,坤卦-dynamic,x,1.743,35,0.005,0.2495,False
Chinese,震卦-dynamic,y,1.645,37,0.005,0.2495,False
Chinese,震卦-static,l,1.559,51,0.005,0.2495,False
Chinese,兌卦-static,t͡ɕʰ,3.511,7,0.01,0.3326,False
Chinese,乾卦-dynamic,y,1.786,36,0.01,0.3326,False
Chinese,中卦-static,ə,1.627,59,0.01,0.3326,False
Chinese,離卦-dynamic,ɻ,1.598,24,0.01,0.3326,False
Chinese,坤卦-dynamic,ŋ,1.482,102,0.01,0.3326,False
Chinese,巽卦-dynamic,ɔ,3.241,6,0.0149,0.3613,False
Chinese,坎卦-dynamic,x,2.303,16,0.0149,0.3613,False
Chinese,坎卦-dynamic,a,2.181,23,0.0149,0.3613,False
Chinese,乾卦-dynamic,ɤ,1.631,23,0.0149,0.3613,False
Chinese,艮卦-dynamic,ɪ,1.458,41,0.0149,0.3613,False
Chinese,中卦-static,ɻ,1.362,50,0.0149,0.3613,False
Chinese,中卦-static,ɕ,-1.197,28,0.0149,0.3613,False
Chinese,坤卦-static,ɤ,2.466,7,0.0199,0.4233,False
Chinese,乾卦-dynamic,f,1.685,22,0.0199,0.4233,False
Chinese,震卦-static,ɪ,-1.336,19,0.0199,0.4233,False
Chinese,中卦-static,a,1.278,68,0.0199,0.4233,False
Chinese,坤卦-static,ɕ,2.141,9,0.0249,0.472,False
Chinese,離卦-static,t͡s,2.113,15,0.0249,0.472,False
Chinese,乾卦-dynamic,ə,1.695,31,0.0249,0.472,False
Chinese,震卦-static,ɕ,-1.317,23,0.0249,0.472,False
Chinese,乾卦-static,s,2.421,6,0.0299,0.5111,False
Chinese,坤卦-static,kʰ,2.172,5,0.0299,0.5111,False
Chinese,離卦-dynamic,ʂ,1.598,28,0.0299,0.5111,False
Chinese,艮卦-dynamic,i,-1.337,78,0.0299,0.5111,False
Chinese,巽卦-dynamic,pʰ,2.692,4,0.0348,0.5315,False
Chinese,巽卦-static,s,2.659,5,0.0348,0.5315,False
Chinese,坎卦-static,ə,2.345,10,0.0348,0.5315,False
Chinese,離卦-static,t͡ɕ,1.702,32,0.0348,0.5315,False
Chinese,艮卦-dynamic,n,-1.377,37,0.0348,0.5315,False
Chinese,離卦-static,i,1.702,82,0.0398,0.5821,False
Chinese,中卦-static,u,-0.902,89,0.0398,0.5821,False
Chinese,巽卦-dynamic,ʈ͡ʂʰ,2.394,4,0.0448,0.5931,False
Chinese,巽卦-static,ʊ,2.34,14,0.0448,0.5931,False
Chinese,坤卦-static,ɛ,2.15,11,0.0448,0.5931,False
Chinese,震卦-static,n,-1.04,67,0.0448,0.5931,False
Chinese,震卦-static,e,-1.036,6,0.0448,0.5931,False
Chinese,坤卦-static,k,2.052,8,0.0498,0.6127,False
Chinese,兌卦-dynamic,a,1.709,27,0.0498,0.6127,False
Chinese,艮卦-static,t͡ɕ,-1.368,7,0.0498,0.6127,False
Chinese,艮卦-dynamic,k,-1.292,3,0.0498,0.6127,False
Chinese,坤卦-static,ɑ,-2.17,3,0.0547,0.6403,False
Chinese,震卦-dynamic,ʈ͡ʂ,1.158,26,0.0597,0.6871,False
Chinese,離卦-dynamic,ɕ,1.477,27,0.0647,0.6985,False
Chinese,震卦-static,t͡ɕʰ,-0.965,6,0.0647,0.6985,False
Chinese,中卦-static,ʂ,0.896,50,0.0647,0.6985,False
Chinese,坎卦-dynamic,ŋ,-1.387,15,0.0746,0.7484,False
Chinese,艮卦-static,ɛ,1.133,25,0.0746,0.7484,False
Chinese,中卦-static,ɤ,-0.867,18,0.0746,0.7484,False
Chinese,坤卦-static,tʰ,1.795,6,0.0796,0.7761,False
Chinese,中卦-static,n,0.83,135,0.0796,0.7761,False
Chinese,中卦-dynamic,t,2.968,3,0.0995,0.7991,False
Chinese,中卦-dynamic,e,2.829,3,0.1194,0.7991,False
Chinese,巽卦-dynamic,tʰ,2.269,4,0.1045,0.7991,False
Chinese,巽卦-dynamic,ɪ,2.265,7,0.1144,0.7991,False
Chinese,巽卦-static,i,-2.129,10,0.1194,0.7991,False
Chinese,巽卦-static,kʰ,1.938,3,0.0896,0.7991,False
Chinese,坎卦-static,n,1.936,24,0.1095,0.7991,False
Chinese,乾卦-static,l,1.883,7,0.0945,0.7991,False
Chinese,巽卦-static,m,1.804,5,0.1244,0.7991,False
Chinese,坎卦-static,ɕ,-1.759,3,0.1343,0.7991,False
Chinese,坎卦-dynamic,ɛ,1.381,20,0.1194,0.7991,False
Chinese,離卦-static,ɤ,-1.257,5,0.1343,0.7991,False
Chinese,離卦-static,ə,-1.204,5,0.0945,0.7991,False
Chinese,兌卦-dynamic,k,1.195,17,0.1045,0.7991,False
Chinese,離卦-dynamic,tʰ,-1.166,6,0.1095,0.7991,False
Chinese,艮卦-dynamic,ɛ,-1.152,15,0.0995,0.7991,False
Chinese,乾卦-dynamic,t͡s,-1.145,3,0.0846,0.7991,False
Chinese,艮卦-dynamic,m,-1.104,6,0.0995,0.7991,False
Chinese,震卦-dynamic,a,1.099,36,0.1045,0.7991,False
Chinese,艮卦-static,ʂ,1.071,20,0.1294,0.7991,False
Chinese,離卦-dynamic,e,-1.045,3,0.1244,0.7991,False
Chinese,離卦-dynamic,ɤ,1.029,17,0.1144,0.7991,False
Chinese,坤卦-dynamic,ʈ͡ʂʰ,-0.993,3,0.0896,0.7991,False
Chinese,震卦-dynamic,ɕ,0.97,30,0.1194,0.7991,False
Chinese,震卦-dynamic,i,-0.935,84,0.1244,0.7991,False
Chinese,震卦-dynamic,tʰ,0.923,20,0.1294,0.7991,False
Chinese,艮卦-dynamic,ɑ,0.905,77,0.0896,0.7991,False
Chinese,艮卦-dynamic,ʈ͡ʂ,0.89,23,0.1194,0.7991,False
Chinese,中卦-static,f,-0.869,4,0.1144,0.7991,False
Chinese,坤卦-dynamic,f,-0.854,3,0.1144,0.7991,False
Chinese,中卦-static,y,-0.841,21,0.0896,0.7991,False
Chinese,坤卦-dynamic,n,0.827,96,0.1045,0.7991,False
Chinese,震卦-static,ɛ,-0.784,29,0.1144,0.7991,False
Chinese,中卦-static,t͡ɕ,-0.781,32,0.1045,0.7991,False
Chinese,中卦-static,ʊ,-0.763,67,0.1244,0.7991,False
Chinese,中卦-dynamic,t͡ɕ,2.826,4,0.1592,0.8078,False
Chinese,兌卦-static,ŋ,2.05,14,0.1393,0.8078,False
Chinese,兌卦-static,u,-1.932,4,0.1642,0.8078,False
Chinese,巽卦-static,n,-1.623,5,0.1692,0.8078,False
Chinese,坎卦-static,ʊ,-1.537,6,0.1542,0.8078,False
Chinese,離卦-static,pʰ,1.201,11,0.1493,0.8078,False
Chinese,離卦-static,p,1.129,14,0.1642,0.8078,False
Chinese,離卦-static,y,-1.077,6,0.1642,0.8078,False
Chinese,離卦-static,ʂ,-1.071,5,0.1692,0.8078,False
Chinese,兌卦-dynamic,ə,-1.036,6,0.1642,0.8078,False
Chinese,兌卦-dynamic,ɔ,1.03,14,0.1642,0.8078,False
Chinese,艮卦-static,u,-0.995,32,0.1393,0.8078,False
Chinese,乾卦-dynamic,ŋ,0.992,66,0.1592,0.8078,False
Chinese,乾卦-dynamic,l,0.982,25,0.1642,0.8078,False
Chinese,震卦-dynamic,ʂ,0.941,28,0.1642,0.8078,False
Chinese,乾卦-dynamic,ɛ,-0.926,16,0.1493,0.8078,False
Chinese,艮卦-dynamic,œ,0.921,8,0.1692,0.8078,False
Chinese,乾卦-dynamic,t͡ɕ,-0.909,15,0.1642,0.8078,False
Chinese,艮卦-dynamic,y,0.853,29,0.1542,0.8078,False
Chinese,震卦-dynamic,ɑ,0.822,75,0.1542,0.8078,False
Chinese,震卦-static,ʈ͡ʂ,0.776,34,0.1692,0.8078,False
Chinese,震卦-static,tʰ,0.769,30,0.1393,0.8078,False
Chinese,震卦-static,ɔ,0.732,29,0.1692,0.8078,False
Chinese,震卦-static,ʂ,0.687,40,0.1592,0.8078,False
Chinese,中卦-static,e,-0.64,15,0.1692,0.8078,False
Chinese,巽卦-static,ɑ,1.929,15,0.1741,0.8095,False
Chinese,離卦-static,ɛ,1.293,25,0.1741,0.8095,False
Chinese,艮卦-static,ɨ,0.911,9,0.1741,0.8095,False
Chinese,乾卦-dynamic,ʊ,0.901,62,0.1741,0.8095,False
Chinese,巽卦-static,pʰ,1.574,3,0.1791,0.8112,False
Chinese,坤卦-static,ʊ,1.443,18,0.1791,0.8112,False
Chinese,兌卦-dynamic,ɛ,-0.967,11,0.1791,0.8112,False
Chinese,離卦-static,a,-1.066,12,0.1841,0.8179,False
Chinese,兌卦-dynamic,l,1.045,18,0.1841,0.8179,False
Chinese,艮卦-static,y,-0.969,7,0.1891,0.8192,False
Chinese,震卦-dynamic,e,-0.842,6,0.1891,0.8192,False
Chinese,坤卦-dynamic,œ,0.672,9,0.1891,0.8192,False
Chinese,震卦-static,kʰ,-0.655,6,0.1891,0.8192,False
Chinese,乾卦-static,ʂ,1.695,7,0.194,0.8305,False
Chinese,中卦-static,t͡ɕʰ,-0.596,13,0.194,0.8305,False
Chinese,艮卦-static,ʊ,0.97,46,0.204,0.8479,False
Chinese,兌卦-dynamic,t,-0.959,4,0.209,0.8479,False
Chinese,乾卦-dynamic,u,-0.852,47,0.204,0.8479,False
Chinese,艮卦-dynamic,tʰ,0.746,19,0.209,0.8479,False
Chinese,震卦-static,s,-0.675,4,0.209,0.8479,False
Chinese,中卦-dynamic,u,2.445,8,0.2488,0.8731,False
Chinese,巽卦-dynamic,u,1.856,16,0.2488,0.8731,False
Chinese,巽卦-dynamic,e,1.752,5,0.2388,0.8731,False
Chinese,兌卦-static,m,1.698,5,0.2388,0.8731,False
Chinese,離卦-static,ɑ,0.885,50,0.2488,0.8731,False
Chinese,艮卦-static,ɕ,-0.876,12,0.2338,0.8731,False
Chinese,離卦-dynamic,p,-0.833,4,0.2239,0.8731,False
Chinese,乾卦-dynamic,x,0.815,19,0.2438,0.8731,False
Chinese,離卦-dynamic,ə,-0.805,9,0.2189,0.8731,False
Chinese,離卦-dynamic,ŋ,-0.79,32,0.2488,0.8731,False
Chinese,乾卦-dynamic,t͡ɕʰ,0.734,18,0.2289,0.8731,False
Chinese,震卦-dynamic,u,-0.729,53,0.2488,0.8731,False
Chinese,艮卦-static,ɯ,0.71,8,0.2488,0.8731,False
Chinese,艮卦-static,ʌ,0.71,8,0.2488,0.8731,False
Chinese,坤卦-dynamic,ɑ,-0.659,57,0.2289,0.8731,False
Chinese,震卦-static,m,-0.648,16,0.2338,0.8731,False
Chinese,坤卦-dynamic,kʰ,-0.646,5,0.2388,0.8731,False
Chinese,坤卦-dynamic,ɪ,-0.63,25,0.2239,0.8731,False
Chinese,中卦-static,l,-0.599,20,0.2338,0.8731,False
Chinese,震卦-static,t͡sʰ,0.598,17,0.2289,0.8731,False
Chinese,震卦-static,ɯ,0.566,17,0.2438,0.8731,False
Chinese,震卦-static,ʌ,0.566,17,0.2438,0.8731,False
Chinese,中卦-static,ɛ,-0.521,38,0.2438,0.8731,False
Chinese,兌卦-static,ɑ,1.485,14,0.2587,0.8946,False
Chinese,艮卦-dynamic,ɻ,0.634,21,0.2587,0.8946,False
Chinese,震卦-static,f,-0.523,8,0.2587,0.8946,False
Chinese,中卦-dynamic,ɪ,2.076,3,0.403,0.9058,False
Chinese,兌卦-static,t,1.488,5,0.3383,0.9058,False
Chinese,巽卦-dynamic,k,1.446,4,0.3881,0.9058,False
Chinese,巽卦-dynamic,m,1.304,4,0.3632,0.9058,False
Chinese,坤卦-static,ɪ,-1.283,3,0.2886,0.9058,False
Chinese,坎卦-static,ʈ͡ʂʰ,1.252,5,0.2786,0.9058,False
Chinese,坤卦-static,n,1.159,19,0.3134,0.9058,False
Chinese,兌卦-static,k,1.148,4,0.403,0.9058,False
Chinese,乾卦-static,ɻ,1.132,5,0.3831,0.9058,False
Chinese,巽卦-dynamic,n,-1.066,6,0.4229,0.9058,False
Chinese,乾卦-static,a,1.053,7,0.4179,0.9058,False
Chinese,坎卦-static,pʰ,1.035,4,0.3582,0.9058,False
Chinese,乾卦-static,ɪ,-1.026,3,0.4229,0.9058,False
Chinese,坤卦-static,i,0.964,27,0.4229,0.9058,False
Chinese,乾卦-static,n,0.947,15,0.408,0.9058,False
Chinese,坎卦-static,ɻ,0.894,6,0.3831,0.9058,False
Chinese,坤卦-static,t͡ɕ,-0.844,4,0.4279,0.9058,False
Chinese,艮卦-static,l,-0.824,6,0.2786,0.9058,False
Chinese,離卦-static,l,-0.787,6,0.3035,0.9058,False
Chinese,震卦-dynamic,ɻ,0.752,22,0.2736,0.9058,False
Chinese,兌卦-dynamic,ɤ,-0.746,7,0.3433,0.9058,False
Chinese,坎卦-dynamic,t͡ɕʰ,-0.741,3,0.3134,0.9058,False
Chinese,艮卦-static,ə,-0.738,8,0.3234,0.9058,False
Chinese,坎卦-dynamic,t͡sʰ,0.717,6,0.3881,0.9058,False
Chinese,離卦-static,t͡ɕʰ,-0.712,4,0.3781,0.9058,False
Chinese,坎卦-dynamic,ɪ,0.709,17,0.3682,0.9058,False
Chinese,坎卦-dynamic,e,0.707,12,0.4129,0.9058,False
Chinese,離卦-dynamic,t͡ɕʰ,-0.703,5,0.3134,0.9058,False
Chinese,坎卦-dynamic,m,-0.694,5,0.403,0.9058,False
Chinese,震卦-dynamic,n,0.691,72,0.3383,0.9058,False
Chinese,震卦-dynamic,œ,0.68,7,0.2886,0.9058,False
Chinese,離卦-dynamic,m,-0.678,8,0.3284,0.9058,False
Chinese,艮卦-dynamic,t͡ɕ,0.671,36,0.2836,0.9058,False
Chinese,兌卦-dynamic,ɻ,0.67,14,0.393,0.9058,False
Chinese,坎卦-dynamic,ʂ,-0.669,6,0.4328,0.9058,False
Chinese,艮卦-dynamic,ɯ,-0.665,3,0.2687,0.9058,False
Chinese,艮卦-dynamic,ʌ,-0.665,3,0.2687,0.9058,False
Chinese,震卦-dynamic,ɪ,-0.664,19,0.2836,0.9058,False
Chinese,離卦-static,t,-0.664,6,0.4478,0.9058,False
Chinese,震卦-dynamic,ɯ,-0.663,3,0.2886,0.9058,False
Chinese,震卦-dynamic,ʌ,-0.663,3,0.2886,0.9058,False
Chinese,離卦-dynamic,ɛ,0.662,26,0.3632,0.9058,False
Chinese,離卦-static,ɻ,-0.66,6,0.4478,0.9058,False
Chinese,離卦-dynamic,ʈ͡ʂʰ,-0.648,4,0.3831,0.9058,False
Chinese,兌卦-dynamic,ɑ,0.647,47,0.3682,0.9058,False
Chinese,艮卦-static,m,0.638,15,0.3483,0.9058,False
Chinese,艮卦-static,i,0.632,74,0.3184,0.9058,False
Chinese,離卦-static,tʰ,-0.624,7,0.4229,0.9058,False
Chinese,乾卦-dynamic,t,-0.621,9,0.2687,0.9058,False
Chinese,離卦-dynamic,ɯ,0.617,9,0.3483,0.9058,False
Chinese,離卦-dynamic,ʌ,0.617,9,0.3483,0.9058,False
Chinese,坎卦-dynamic,t,-0.608,5,0.4279,0.9058,False
Chinese,艮卦-static,ʈ͡ʂ,-0.594,4,0.403,0.9058,False
Chinese,乾卦-dynamic,m,-0.593,10,0.4179,0.9058,False
Chinese,離卦-dynamic,l,-0.588,9,0.398,0.9058,False
Chinese,離卦-dynamic,ɪ,-0.587,16,0.3433,0.9058,False
Chinese,震卦-static,ɤ,0.586,29,0.3085,0.9058,False
Chinese,艮卦-dynamic,e,0.576,22,0.3333,0.9058,False
Chinese,中卦-static,tʰ,-0.569,20,0.2736,0.9058,False
Chinese,乾卦-dynamic,ʈ͡ʂ,0.568,18,0.3682,0.9058,False
Chinese,中卦-static,t,0.564,40,0.2687,0.9058,False
Chinese,坤卦-dynamic,a,-0.559,29,0.2836,0.9058,False
Chinese,乾卦-dynamic,ʂ,-0.559,12,0.403,0.9058,False
Chinese,艮卦-static,ɤ,-0.558,8,0.4229,0.9058,False
Chinese,震卦-static,ə,-0.553,21,0.3284,0.9058,False
Chinese,坤卦-dynamic,ɻ,0.546,26,0.3085,0.9058,False
Chinese,艮卦-dynamic,f,0.54,14,0.3881,0.9058,False
Chinese,離卦-dynamic,k,-0.539,8,0.398,0.9058,False
Chinese,坤卦-dynamic,ɕ,0.538,35,0.2836,0.9058,False
Chinese,兌卦-dynamic,ŋ,-0.535,29,0.4428,0.9058,False
Chinese,震卦-dynamic,k,-0.528,10,0.3632,0.9058,False
Chinese,震卦-static,t,0.524,34,0.2935,0.9058,False
Chinese,震卦-dynamic,s,-0.514,4,0.3582,0.9058,False
Chinese,中卦-static,t͡s,0.513,24,0.3284,0.9058,False
Chinese,震卦-dynamic,l,-0.5,12,0.4478,0.9058,False
Chinese,兌卦-dynamic,ʈ͡ʂʰ,-0.5,4,0.4478,0.9058,False
Chinese,坤卦-dynamic,ʈ͡ʂ,-0.498,9,0.3881,0.9058,False
Chinese,震卦-static,i,-0.492,143,0.3483,0.9058,False
Chinese,艮卦-dynamic,pʰ,-0.485,4,0.4279,0.9058,False
Chinese,艮卦-dynamic,p,0.481,16,0.4378,0.9058,False
Chinese,震卦-dynamic,t͡s,0.476,13,0.4328,0.9058,False
Chinese,坤卦-dynamic,tʰ,-0.47,15,0.3881,0.9058,False
Chinese,坤卦-dynamic,u,0.468,104,0.398,0.9058,False
Chinese,中卦-static,ɔ,-0.461,13,0.3483,0.9058,False
Chinese,震卦-static,k,0.461,30,0.3632,0.9058,False
Chinese,震卦-static,ɑ,0.457,106,0.3831,0.9058,False
Chinese,中卦-static,x,-0.45,20,0.3433,0.9058,False
Chinese,中卦-static,s,0.445,23,0.3731,0.9058,False
Chinese,坤卦-dynamic,ʊ,-0.441,55,0.4179,0.9058,False
Chinese,坤卦-dynamic,i,0.429,136,0.3483,0.9058,False
Chinese,震卦-static,a,-0.428,37,0.408,0.9058,False
Chinese,中卦-static,p,0.419,28,0.403,0.9058,False
Chinese,震卦-static,ŋ,0.411,95,0.3632,0.9058,False
Chinese,坤卦-dynamic,p,-0.407,11,0.3881,0.9058,False
Chinese,坤卦-dynamic,t͡ɕʰ,0.407,21,0.4279,0.9058,False
Chinese,中卦-static,ɑ,-0.397,90,0.398,0.9058,False
Chinese,震卦-static,ʊ,0.39,90,0.4478,0.9058,False
Chinese,中卦-static,ʈ͡ʂ,0.381,31,0.3881,0.9058,False
Chinese,震卦-static,ʈ͡ʂʰ,-0.379,11,0.4378,0.9058,False
Chinese,中卦-static,k,0.364,33,0.4378,0.9058,False
Chinese,兌卦-dynamic,u,-0.526,38,0.4527,0.9102,False
Chinese,兌卦-dynamic,i,-0.482,60,0.4527,0.9102,False
Chinese,震卦-static,y,-0.418,25,0.4577,0.9102,False
Chinese,中卦-static,œ,-0.372,5,0.4577,0.9102,False
Chinese,巽卦-dynamic,ɑ,-1.091,5,0.4677,0.9127,False
Chinese,乾卦-static,m,1.015,5,0.4776,0.9127,False
Chinese,兌卦-static,i,1.0,18,0.4826,0.9127,False
Chinese,乾卦-static,u,0.952,18,0.4826,0.9127,False
Chinese,坤卦-static,ɯ,0.851,3,0.4677,0.9127,False
Chinese,坤卦-static,ʌ,0.851,3,0.4677,0.9127,False
Chinese,坎卦-static,i,-0.846,22,0.4876,0.9127,False
Chinese,離卦-static,ɕ,0.594,18,0.4876,0.9127,False
Chinese,艮卦-static,ɻ,-0.539,7,0.4776,0.9127,False
Chinese,乾卦-dynamic,s,-0.484,4,0.4876,0.9127,False
Chinese,震卦-dynamic,p,-0.468,8,0.4876,0.9127,False
Chinese,震卦-dynamic,t͡sʰ,-0.447,3,0.4726,0.9127,False
Chinese,震卦-dynamic,ɨ,0.432,10,0.4776,0.9127,False
Chinese,震卦-dynamic,ɛ,-0.409,22,0.4776,0.9127,False
Chinese,坤卦-dynamic,ɛ,0.373,38,0.4776,0.9127,False
Chinese,中卦-static,ɪ,-0.369,40,0.4826,0.9127,False
Chinese,中卦-dynamic,i,1.753,8,0.4925,0.9171,False
Chinese,兌卦-dynamic,kʰ,0.462,7,0.4925,0.9171,False
Chinese,兌卦-static,a,-0.978,3,0.5025,0.9222,False
Chinese,巽卦-static,p,0.92,3,0.5025,0.9222,False
Chinese,巽卦-static,a,-0.906,3,0.5274,0.9222,False
Chinese,坤卦-static,a,-0.732,5,0.5075,0.9222,False
Chinese,坎卦-dynamic,ʈ͡ʂʰ,-0.529,3,0.5323,0.9222,False
Chinese,艮卦-static,tʰ,0.522,12,0.5373,0.9222,False
Chinese,兌卦-dynamic,p,-0.517,5,0.5224,0.9222,False
Chinese,離卦-dynamic,œ,0.479,5,0.5323,0.9222,False
Chinese,離卦-static,s,-0.45,3,0.5373,0.9222,False
Chinese,離卦-dynamic,x,-0.434,9,0.5174,0.9222,False
Chinese,乾卦-dynamic,ɔ,-0.427,7,0.5224,0.9222,False
Chinese,艮卦-static,t͡ɕʰ,0.392,11,0.5323,0.9222,False
Chinese,艮卦-dynamic,ɕ,-0.379,21,0.5075,0.9222,False
Chinese,離卦-dynamic,t͡ɕ,0.376,26,0.5224,0.9222,False
Chinese,坤卦-dynamic,t,-0.356,16,0.5174,0.9222,False
Chinese,中卦-static,ɨ,-0.325,9,0.5224,0.9222,False
Chinese,兌卦-dynamic,ʂ,-0.475,9,0.5423,0.9285,False
Chinese,坎卦-dynamic,y,-0.447,8,0.5572,0.9336,False
Chinese,離卦-dynamic,a,-0.43,19,0.5572,0.9336,False
Chinese,乾卦-dynamic,kʰ,-0.405,5,0.5572,0.9336,False
Chinese,艮卦-dynamic,t,0.364,20,0.5522,0.9336,False
Chinese,中卦-static,t͡sʰ,-0.259,8,0.5572,0.9336,False
Chinese,離卦-dynamic,i,0.422,85,0.5622,0.9374,False
Chinese,巽卦-dynamic,ʊ,-0.865,5,0.5672,0.9406,False
Chinese,坎卦-static,ɑ,-0.727,11,0.5721,0.9406,False
Chinese,艮卦-static,x,-0.354,8,0.5721,0.9406,False
Chinese,震卦-static,pʰ,-0.34,8,0.5672,0.9406,False
Chinese,震卦-static,x,-0.305,19,0.5721,0.9406,False
Chinese,兌卦-dynamic,ʈ͡ʂ,0.48,12,0.5821,0.9503,False
Chinese,艮卦-static,ɑ,0.388,45,0.5821,0.9503,False
Chinese,巽卦-dynamic,i,-0.916,12,0.5871,0.9518,False
Chinese,巽卦-static,ɤ,0.787,3,0.592,0.9518,False
Chinese,坎卦-dynamic,l,0.452,11,0.602,0.9518,False
Chinese,離卦-static,e,0.391,13,0.592,0.9518,False
Chinese,震卦-dynamic,ɤ,-0.341,13,0.592,0.9518,False
Chinese,乾卦-dynamic,k,-0.338,11,0.602,0.9518,False
Chinese,離卦-dynamic,y,0.326,19,0.602,0.9518,False
Chinese,震卦-dynamic,ŋ,-0.305,48,0.597,0.9518,False
Chinese,震卦-static,ɻ,-0.269,20,0.597,0.9518,False
Chinese,坎卦-static,x,0.694,5,0.6119,0.9546,False
Chinese,乾卦-static,ʊ,0.61,12,0.6169,0.9546,False
Chinese,坎卦-static,l,-0.536,3,0.6269,0.9546,False
Chinese,坎卦-dynamic,ɑ,-0.437,25,0.6219,0.9546,False
Chinese,艮卦-dynamic,ɤ,-0.349,13,0.6119,0.9546,False
Chinese,兌卦-dynamic,ɕ,0.346,17,0.6269,0.9546,False
Chinese,離卦-dynamic,ʊ,-0.33,36,0.6169,0.9546,False
Chinese,艮卦-dynamic,ɨ,-0.321,5,0.6119,0.9546,False
Chinese,乾卦-dynamic,ɕ,-0.315,20,0.6269,0.9546,False
Chinese,坤卦-dynamic,ɯ,-0.282,7,0.6269,0.9546,False
Chinese,坤卦-dynamic,ʌ,-0.282,7,0.6269,0.9546,False
Chinese,坤卦-dynamic,e,-0.273,16,0.6269,0.9546,False
Chinese,坤卦-dynamic,s,-0.271,8,0.607,0.9546,False
Chinese,兌卦-static,x,0.643,3,0.6318,0.9573,False
Chinese,兌卦-dynamic,n,0.384,44,0.6368,0.9573,False
Chinese,兌卦-dynamic,t͡s,0.334,8,0.6368,0.9573,False
Chinese,震卦-static,u,0.285,120,0.6368,0.9573,False
Chinese,震卦-static,t͡ɕ,-0.211,39,0.6368,0.9573,False
Chinese,坎卦-static,y,0.684,7,0.6468,0.9585,False
Chinese,乾卦-static,ɛ,-0.582,4,0.6567,0.9585,False
Chinese,巽卦-static,ɕ,-0.574,3,0.6418,0.9585,False
Chinese,坎卦-static,ɛ,0.545,8,0.6418,0.9585,False
Chinese,坎卦-static,a,-0.457,6,0.6567,0.9585,False
Chinese,坎卦-dynamic,ʈ͡ʂ,0.422,9,0.6517,0.9585,False
Chinese,艮卦-static,pʰ,0.341,7,0.6517,0.9585,False
Chinese,艮卦-dynamic,t͡sʰ,-0.315,4,0.6517,0.9585,False
Chinese,離卦-static,ʈ͡ʂ,-0.308,6,0.6567,0.9585,False
Chinese,艮卦-dynamic,ʂ,0.243,21,0.6517,0.9585,False
Chinese,坤卦-static,y,0.496,6,0.6617,0.9617,False
Chinese,坤卦-dynamic,ɨ,-0.255,7,0.6617,0.9617,False
Chinese,坎卦-static,p,0.431,4,0.6716,0.9662,False
Chinese,乾卦-dynamic,a,-0.301,23,0.6716,0.9662,False
Chinese,震卦-dynamic,ʊ,0.208,54,0.6716,0.9662,False
Chinese,離卦-static,u,-0.313,41,0.6766,0.9674,False
Chinese,艮卦-dynamic,t͡ɕʰ,0.263,15,0.6766,0.9674,False
Chinese,艮卦-dynamic,ŋ,-0.257,49,0.6766,0.9674,False
Chinese,兌卦-static,n,-0.56,8,0.6965,0.9701,False
Chinese,坤卦-static,t,0.47,5,0.6965,0.9701,False
Chinese,兌卦-dynamic,tʰ,-0.382,8,0.6866,0.9701,False
Chinese,艮卦-static,s,-0.308,4,0.6816,0.9701,False
Chinese,坎卦-dynamic,ɕ,-0.302,11,0.6965,0.9701,False
Chinese,離卦-static,ʈ͡ʂʰ,-0.295,5,0.6866,0.9701,False
Chinese,震卦-dynamic,t͡ɕ,-0.274,24,0.6866,0.9701,False
Chinese,艮卦-dynamic,ɔ,-0.269,9,0.6965,0.9701,False
Chinese,艮卦-static,t͡s,0.265,8,0.6915,0.9701,False
Chinese,坤卦-static,ŋ,0.568,15,0.7114,0.972,False
Chinese,坎卦-static,ŋ,0.509,16,0.7065,0.972,False
Chinese,兌卦-dynamic,x,-0.297,8,0.7015,0.972,False
Chinese,兌卦-dynamic,s,-0.285,4,0.7114,0.972,False
Chinese,艮卦-static,t,-0.279,9,0.7214,0.972,False
Chinese,兌卦-dynamic,y,0.254,15,0.7164,0.972,False
Chinese,離卦-dynamic,t͡s,-0.242,7,0.7114,0.972,False
Chinese,艮卦-static,ɪ,-0.232,16,0.7214,0.972,False
Chinese,離卦-dynamic,ɑ,-0.223,43,0.7114,0.972,False
Chinese,坤卦-dynamic,ɤ,0.215,21,0.7015,0.972,False
Chinese,坤卦-dynamic,m,0.183,23,0.7214,0.972,False
Chinese,中卦-static,i,0.178,184,0.7214,0.972,False
Chinese,乾卦-static,ɔ,0.397,3,0.7264,0.9731,False
Chinese,乾卦-dynamic,tʰ,-0.27,12,0.7264,0.9731,False
Chinese,震卦-dynamic,t,-0.202,14,0.7264,0.9731,False
Chinese,巽卦-dynamic,t͡ɕ,0.611,5,0.7413,0.9745,False
Chinese,坎卦-dynamic,k,0.295,9,0.7363,0.9745,False
Chinese,震卦-dynamic,ʈ͡ʂʰ,-0.247,8,0.7313,0.9745,False
Chinese,兌卦-dynamic,t͡sʰ,-0.239,3,0.7313,0.9745,False
Chinese,乾卦-dynamic,ɑ,-0.214,50,0.7413,0.9745,False
Chinese,離卦-static,k,0.212,11,0.7413,0.9745,False
Chinese,乾卦-static,ɕ,-0.463,4,0.7463,0.9792,False
Chinese,坎卦-dynamic,u,0.273,39,0.7512,0.9839,False
Chinese,震卦-dynamic,f,-0.173,8,0.7562,0.9849,False
Chinese,兌卦-dynamic,e,-0.159,9,0.7562,0.9849,False
Chinese,震卦-dynamic,ɔ,0.157,13,0.7562,0.9849,False
Chinese,坎卦-static,m,0.357,5,0.7662,0.9869,False
Chinese,乾卦-static,t͡ɕʰ,0.298,3,0.7612,0.9869,False
Chinese,兌卦-dynamic,t͡ɕ,-0.251,16,0.7662,0.9869,False
Chinese,離卦-static,ɔ,-0.25,6,0.7662,0.9869,False
Chinese,坤卦-dynamic,ʂ,0.164,26,0.7612,0.9869,False
Chinese,巽卦-dynamic,ɕ,-0.357,3,0.791,1.0,False
Chinese,坎卦-static,e,0.352,5,0.791,1.0,False
Chinese,兌卦-static,ʊ,-0.338,7,0.8408,1.0,False
Chinese,乾卦-static,ə,-0.335,3,0.7861,1.0,False
Chinese,乾卦-static,ɑ,-0.334,10,0.801,1.0,False
Chinese,巽卦-dynamic,ə,0.326,3,0.8856,1.0,False
Chinese,巽卦-static,ŋ,0.321,9,0.8308,1.0,False
Chinese,坎卦-static,t,0.314,5,0.8259,1.0,False
Chinese,坤卦-static,u,-0.289,15,0.8557,1.0,False
Chinese,兌卦-static,ɕ,0.282,4,0.8458,1.0,False
Chinese,離卦-static,ʊ,-0.259,30,0.801,1.0,False
Chinese,坎卦-static,t͡s,0.252,3,0.8259,1.0,False
Chinese,坎卦-static,ɪ,-0.248,6,0.8557,1.0,False
Chinese,坎卦-static,ʈ͡ʂ,0.246,4,0.8159,1.0,False
Chinese,巽卦-dynamic,ɛ,0.234,4,0.8856,1.0,False
Chinese,兌卦-static,l,0.209,3,0.9453,1.0,False
Chinese,乾卦-static,i,0.206,20,0.8955,1.0,False
Chinese,坎卦-dynamic,ʊ,-0.202,24,0.8159,1.0,False
Chinese,艮卦-static,e,-0.201,9,0.7811,1.0,False
Chinese,坎卦-dynamic,f,-0.198,4,0.8308,1.0,False
Chinese,艮卦-dynamic,ə,0.196,20,0.801,1.0,False
Chinese,坎卦-dynamic,i,-0.196,49,0.796,1.0,False
Chinese,坎卦-dynamic,ɨ,-0.191,3,0.8458,1.0,False
Chinese,兌卦-dynamic,ʊ,-0.187,31,0.801,1.0,False
Chinese,震卦-dynamic,x,-0.18,13,0.8159,1.0,False
Chinese,坎卦-static,u,0.174,19,0.8905,1.0,False
Chinese,震卦-static,p,0.171,21,0.7861,1.0,False
Chinese,坎卦-dynamic,ɻ,-0.167,7,0.8408,1.0,False
Chinese,乾卦-dynamic,pʰ,-0.166,6,0.791,1.0,False
Chinese,兌卦-static,t͡ɕ,-0.165,4,0.8955,1.0,False
Chinese,坤卦-static,ʂ,-0.162,4,0.8856,1.0,False
Chinese,艮卦-static,n,0.162,43,0.8607,1.0,False
Chinese,乾卦-dynamic,n,0.161,59,0.801,1.0,False
Chinese,巽卦-static,ə,0.16,3,0.9204,1.0,False
Chinese,乾卦-static,ŋ,0.156,11,0.8905,1.0,False
Chinese,乾卦-dynamic,p,-0.148,10,0.8159,1.0,False
Chinese,坎卦-dynamic,ə,0.146,10,0.8706,1.0,False
Chinese,坎卦-dynamic,t͡ɕ,0.143,15,0.8507,1.0,False
Chinese,離卦-dynamic,kʰ,0.14,7,0.8706,1.0,False
Chinese,艮卦-static,k,0.139,11,0.8259,1.0,False
Chinese,艮卦-static,ŋ,0.139,38,0.8259,1.0,False
Chinese,艮卦-dynamic,t͡s,0.139,11,0.8209,1.0,False
Chinese,乾卦-static,tʰ,0.138,3,0.9204,1.0,False
Chinese,艮卦-dynamic,a,-0.136,26,0.8109,1.0,False
Chinese,離卦-dynamic,s,-0.135,6,0.8358,1.0,False
Chinese,坤卦-dynamic,ə,-0.134,22,0.8159,1.0,False
Chinese,乾卦-dynamic,t͡sʰ,-0.134,5,0.8507,1.0,False
Chinese,坎卦-dynamic,tʰ,-0.132,7,0.8756,1.0,False
Chinese,巽卦-dynamic,a,0.132,4,0.9502,1.0,False
Chinese,乾卦-static,x,0.13,3,0.9403,1.0,False
Chinese,坎卦-dynamic,n,0.125,32,0.8259,1.0,False
Chinese,乾卦-dynamic,ɪ,-0.124,23,0.8657,1.0,False
Chinese,坎卦-dynamic,s,0.122,5,0.9204,1.0,False
Chinese,離卦-dynamic,t,-0.121,12,0.8458,1.0,False
Chinese,兌卦-dynamic,t͡ɕʰ,0.121,9,0.8607,1.0,False
Chinese,兌卦-static,y,-0.112,3,0.9303,1.0,False
Chinese,中卦-static,kʰ,-0.106,13,0.791,1.0,False
Chinese,巽卦-static,t͡ɕ,-0.103,4,0.9353,1.0,False
Chinese,坎卦-dynamic,ɤ,0.102,8,0.9005,1.0,False
Chinese,坎卦-static,t͡ɕʰ,-0.101,3,0.9751,1.0,False
Chinese,坤卦-dynamic,k,-0.099,18,0.8507,1.0,False
Chinese,艮卦-static,f,0.098,7,0.8657,1.0,False
Chinese,離卦-static,ŋ,0.096,36,0.8806,1.0,False
Chinese,震卦-dynamic,m,0.095,17,0.8806,1.0,False
Chinese,巽卦-static,u,0.094,11,0.9552,1.0,False
Chinese,離卦-static,m,-0.094,10,0.9104,1.0,False
Chinese,離卦-dynamic,n,0.094,50,0.8657,1.0,False
Chinese,坤卦-dynamic,pʰ,-0.093,9,0.8657,1.0,False
Chinese,兌卦-static,ə,0.093,3,0.9701,1.0,False
Chinese,坤卦-dynamic,ɔ,0.092,16,0.8607,1.0,False
Chinese,坎卦-static,ʂ,0.092,5,0.9502,1.0,False
Chinese,離卦-dynamic,ɔ,0.091,10,0.9303,1.0,False
Chinese,震卦-dynamic,ə,0.09,19,0.8756,1.0,False
Chinese,巽卦-dynamic,y,0.088,3,0.9353,1.0,False
Chinese,艮卦-dynamic,x,0.086,15,0.9254,1.0,False
Chinese,坤卦-static,p,0.085,3,0.9453,1.0,False
Chinese,艮卦-static,kʰ,-0.079,5,0.9552,1.0,False
Chinese,艮卦-static,a,-0.078,18,0.9751,1.0,False
Chinese,中卦-static,pʰ,0.078,15,0.8905,1.0,False
Chinese,坤卦-static,m,0.077,4,0.9801,1.0,False
Chinese,兌卦-dynamic,œ,0.074,3,0.9353,1.0,False
Chinese,中卦-static,ŋ,0.072,99,0.8905,1.0,False
Chinese,坤卦-dynamic,y,0.071,27,0.8955,1.0,False
Chinese,坎卦-dynamic,t͡s,-0.062,5,0.9154,1.0,False
Chinese,震卦-dynamic,t͡ɕʰ,-0.062,12,0.9104,1.0,False
Chinese,兌卦-dynamic,ɯ,0.059,5,0.9502,1.0,False
Chinese,兌卦-dynamic,ʌ,0.059,5,0.9502,1.0,False
Chinese,離卦-dynamic,f,0.054,8,0.9154,1.0,False
Chinese,艮卦-static,ʈ͡ʂʰ,0.05,7,0.9303,1.0,False
Chinese,乾卦-dynamic,e,0.05,15,0.9701,1.0,False
Chinese,離卦-static,n,0.046,40,0.9502,1.0,False
Chinese,乾卦-static,ɤ,0.046,3,0.9701,1.0,False
Chinese,乾卦-dynamic,i,0.046,93,0.9154,1.0,False
Chinese,兌卦-static,ɪ,-0.045,4,0.9801,1.0,False
Chinese,艮卦-dynamic,u,-0.043,69,0.9552,1.0,False
Chinese,離卦-dynamic,u,0.034,57,0.9652,1.0,False
Chinese,巽卦-static,ɪ,0.03,4,0.9602,1.0,False
Chinese,巽卦-static,ɛ,0.029,4,0.9851,1.0,False
Chinese,離卦-static,kʰ,-0.029,5,0.9552,1.0,False
Chinese,坤卦-dynamic,t͡ɕ,-0.028,35,0.9552,1.0,False
Chinese,艮卦-dynamic,ʊ,0.027,51,0.9602,1.0,False
Chinese,坎卦-dynamic,p,-0.026,6,0.9851,1.0,False
Chinese,坎卦-static,t͡ɕ,-0.022,7,0.99,1.0,False
Chinese,離卦-dynamic,t͡sʰ,-0.021,5,0.9801,1.0,False
Chinese,坎卦-dynamic,ɔ,0.019,6,0.9851,1.0,False
Chinese,中卦-static,m,-0.016,29,0.9851,1.0,False
Chinese,離卦-static,ɪ,0.01,17,0.995,1.0,False
Chinese,坤卦-dynamic,l,0.007,22,1.0,1.0,False
Chinese,中卦-static,ʈ͡ʂʰ,0.005,18,0.99,1.0,False
Chinese,兌卦-dynamic,ɪ,-0.004,17,1.0,1.0,False
Chinese,艮卦-dynamic,l,-0.002,17,0.995,1.0,False
Chinese,坎卦-dynamic,kʰ,-0.002,4,1.0,1.0,False
English,兌卦-dynamic,ɔ͡ɪ,3.898,7,0.005,0.2866,False
English,巽卦-static,θ,3.595,5,0.005,0.2866,False
English,巽卦-dynamic,ŋ,3.568,5,0.005,0.2866,False
English,兌卦-dynamic,e͡ə,3.209,6,0.005,0.2866,False
English,乾卦-static,i͡ə,3.123,7,0.005,0.2866,False
English,震卦-static,t͡ʃ,2.942,28,0.005,0.2866,False
English,離卦-static,a,2.862,34,0.005,0.2866,False
English,中卦-static,a͡ʊ,2.427,19,0.005,0.2866,False
English,震卦-static,d͡ʒ,2.169,22,0.005,0.2866,False
English,離卦-dynamic,n,2.092,90,0.005,0.2866,False
English,艮卦-dynamic,e͡ɪ,2.042,44,0.005,0.2866,False
English,離卦-static,p,2.003,37,0.005,0.2866,False
English,中卦-static,a͡ɪ,1.971,39,0.005,0.2866,False
English,艮卦-dynamic,w,1.612,28,0.005,0.2866,False
English,艮卦-dynamic,a͡ɪ,1.38,23,0.005,0.2866,False
English,艮卦-static,ʃ,2.414,9,0.01,0.403,False
English,震卦-static,ʊ,2.055,10,0.0149,0.403,False
English,兌卦-dynamic,v,1.936,11,0.0149,0.403,False
English,震卦-dynamic,z,1.895,9,0.0149,0.403,False
English,震卦-dynamic,ɐ,1.876,6,0.0149,0.403,False
English,坎卦-dynamic,k,1.857,29,0.0149,0.403,False
English,震卦-dynamic,w,1.821,16,0.01,0.403,False
English,艮卦-static,k,1.625,26,0.0149,0.403,False
English,離卦-dynamic,ɛ,1.585,36,0.01,0.403,False
English,中卦-static,e͡ə,1.514,11,0.0149,0.403,False
English,乾卦-dynamic,e͡ɪ,1.513,37,0.0149,0.403,False
English,震卦-dynamic,l,-1.505,9,0.0149,0.403,False
English,兌卦-dynamic,t,-1.357,15,0.01,0.403,False
English,乾卦-dynamic,s,1.267,75,0.01,0.403,False
English,艮卦-dynamic,ɛ,-1.234,15,0.0149,0.403,False
English,坤卦-dynamic,d,1.143,52,0.01,0.403,False
English,震卦-dynamic,ʊ͡ə,3.02,3,0.0199,0.4409,False
English,乾卦-dynamic,a͡ɪ͡ə,2.185,6,0.0199,0.4409,False
English,離卦-dynamic,ɐ,2.068,11,0.0199,0.4409,False
English,坤卦-dynamic,v,1.668,25,0.0199,0.4409,False
English,艮卦-dynamic,ʃ,1.397,18,0.0199,0.4409,False
English,艮卦-dynamic,d,1.13,49,0.0199,0.4409,False
English,中卦-static,t,0.848,112,0.0199,0.4409,False
English,中卦-static,p,-0.979,27,0.0249,0.5117,False
English,巽卦-dynamic,b,2.626,6,0.0299,0.5471,False
English,巽卦-static,u,2.347,5,0.0348,0.5471,False
English,坎卦-dynamic,ɔ,2.075,10,0.0348,0.5471,False
English,震卦-dynamic,j,1.956,11,0.0348,0.5471,False
English,離卦-dynamic,z,1.809,15,0.0348,0.5471,False
English,震卦-dynamic,ɔ,1.785,13,0.0299,0.5471,False
English,離卦-static,ə͡l,1.779,11,0.0348,0.5471,False
English,兌卦-dynamic,i,1.33,22,0.0348,0.5471,False
English,乾卦-dynamic,ɔ,1.314,21,0.0299,0.5471,False
English,離卦-static,i,-1.278,5,0.0348,0.5471,False
English,坤卦-dynamic,ɒ,1.276,25,0.0348,0.5471,False
English,震卦-static,b,1.048,48,0.0348,0.5471,False
English,艮卦-static,ɜ,1.898,7,0.0398,0.5731,False
English,艮卦-dynamic,ʌ,-1.096,5,0.0398,0.5731,False
English,坤卦-dynamic,b,1.048,36,0.0398,0.5731,False
English,震卦-static,ɛ,-0.921,25,0.0398,0.5731,False
English,巽卦-static,h,2.773,3,0.0498,0.6054,False
English,兌卦-static,e͡ɪ,2.383,6,0.0498,0.6054,False
English,坤卦-static,l,1.745,16,0.0498,0.6054,False
English,艮卦-static,a͡ɪ,1.678,9,0.0498,0.6054,False
English,震卦-static,ɑ,1.246,16,0.0448,0.6054,False
English,坤卦-dynamic,a͡ɪ,0.987,21,0.0498,0.6054,False
English,震卦-static,p,0.857,63,0.0498,0.6054,False
English,艮卦-dynamic,ə,-0.833,22,0.0498,0.6054,False
English,巽卦-static,j,2.491,3,0.0647,0.6079,False
English,巽卦-static,i,2.17,8,0.0647,0.6079,False
English,巽卦-static,ʌ,2.105,6,0.0697,0.6079,False
English,坤卦-static,u,2.062,7,0.0647,0.6079,False
English,乾卦-static,ɒ,1.872,10,0.0597,0.6079,False
English,離卦-static,ɡ,1.628,13,0.0647,0.6079,False
English,艮卦-static,f,1.43,12,0.0647,0.6079,False
English,兌卦-dynamic,ɐ,1.398,4,0.0547,0.6079,False
English,震卦-static,a͡ʊ,1.333,13,0.0697,0.6079,False
English,離卦-static,d,-1.32,9,0.0597,0.6079,False
English,離卦-dynamic,ɒ,-1.24,3,0.0647,0.6079,False
English,離卦-dynamic,ə͡ʊ,-1.188,4,0.0597,0.6079,False
English,震卦-dynamic,ɛ,1.153,19,0.0597,0.6079,False
English,艮卦-static,l,1.152,26,0.0647,0.6079,False
English,艮卦-dynamic,ɡ,1.105,18,0.0647,0.6079,False
English,離卦-dynamic,l,-1.06,24,0.0547,0.6079,False
English,乾卦-dynamic,b,-1.021,10,0.0697,0.6079,False
English,離卦-dynamic,t,0.998,75,0.0597,0.6079,False
English,震卦-static,f,-0.983,15,0.0697,0.6079,False
English,震卦-dynamic,t,-0.944,23,0.0647,0.6079,False
English,中卦-static,w,0.913,29,0.0597,0.6079,False
English,震卦-static,ɔ,0.897,25,0.0697,0.6079,False
English,艮卦-dynamic,s,0.788,67,0.0647,0.6079,False
English,坤卦-static,ɜ,2.152,4,0.0746,0.6321,False
English,震卦-dynamic,i͡ə,1.381,6,0.0746,0.6321,False
English,兌卦-dynamic,z,1.351,6,0.0746,0.6321,False
English,兌卦-dynamic,ə͡ʊ,1.284,12,0.0796,0.6613,False
English,坤卦-dynamic,i,0.794,45,0.0796,0.6613,False
English,坤卦-static,ɒ,1.671,5,0.0846,0.6766,False
English,艮卦-dynamic,v,-1.001,3,0.0846,0.6766,False
English,乾卦-dynamic,n,0.831,71,0.0846,0.6766,False
English,巽卦-dynamic,ʌ,2.35,6,0.0896,0.6847,False
English,坤卦-dynamic,ɜ,0.948,14,0.0896,0.6847,False
English,艮卦-dynamic,p,-0.848,21,0.0896,0.6847,False
English,坤卦-dynamic,n,0.713,72,0.0896,0.6847,False
English,巽卦-dynamic,d,1.999,7,0.0945,0.6921,False
English,坤卦-dynamic,ɛ,0.837,35,0.0945,0.6921,False
English,離卦-dynamic,k,0.819,53,0.0945,0.6921,False
English,巽卦-static,w,2.056,4,0.0995,0.6933,False
English,坎卦-static,ɜ,1.715,5,0.0995,0.6933,False
English,兌卦-dynamic,j,1.331,7,0.0995,0.6933,False
English,震卦-dynamic,ɑ,1.24,6,0.0995,0.6933,False
English,坎卦-static,h,1.791,5,0.1095,0.6953,False
English,兌卦-dynamic,a͡ʊ,1.367,4,0.1045,0.6953,False
English,兌卦-dynamic,ɡ,1.218,8,0.1095,0.6953,False
English,艮卦-static,ɪ,-1.02,10,0.1045,0.6953,False
English,震卦-static,v,-0.838,6,0.1095,0.6953,False
English,坤卦-dynamic,ɹ,-0.698,32,0.1045,0.6953,False
English,兌卦-static,ə͡ʊ,1.737,4,0.1144,0.7113,False
English,中卦-static,d͡ʒ,0.717,13,0.1144,0.7113,False
English,震卦-static,i,-0.66,26,0.1194,0.7265,False
English,巽卦-static,t,1.36,11,0.1244,0.7353,False
English,震卦-dynamic,f,1.248,17,0.1294,0.7353,False
English,乾卦-static,k,-1.102,8,0.1294,0.7353,False
English,坤卦-dynamic,ɡ,0.8,17,0.1294,0.7353,False
English,震卦-static,h,0.746,17,0.1244,0.7353,False
English,震卦-static,s,-0.59,63,0.1244,0.7353,False
English,坤卦-static,ə͡ʊ,1.716,6,0.1343,0.744,False
English,兌卦-dynamic,ʃ,1.173,7,0.1393,0.7476,False
English,艮卦-dynamic,a,0.746,29,0.1393,0.7476,False
English,中卦-static,s,0.555,89,0.1393,0.7476,False
English,中卦-static,h,0.749,17,0.1493,0.7863,False
English,坤卦-dynamic,z,0.858,12,0.1542,0.7932,False
English,震卦-static,a,0.696,40,0.1542,0.7932,False
English,巽卦-static,s,1.194,9,0.1592,0.7943,False
English,乾卦-static,i,1.145,17,0.1692,0.7943,False
English,坤卦-static,ɪ,-1.063,5,0.1592,0.7943,False
English,乾卦-dynamic,ə͡l,-0.867,4,0.1642,0.7943,False
English,震卦-dynamic,d,0.866,24,0.1642,0.7943,False
English,離卦-dynamic,b,-0.836,11,0.1692,0.7943,False
English,震卦-dynamic,s,0.73,35,0.1642,0.7943,False
English,艮卦-dynamic,i,-0.627,19,0.1692,0.7943,False
English,離卦-dynamic,a,0.804,27,0.1741,0.8003,False
English,中卦-static,ɹ,-0.494,52,0.1741,0.8003,False
English,巽卦-dynamic,p,1.413,6,0.1791,0.806,False
English,巽卦-dynamic,l,1.402,9,0.1791,0.806,False
English,震卦-dynamic,u,1.098,14,0.1791,0.806,False
English,坤卦-dynamic,d͡ʒ,-0.743,3,0.1841,0.8241,False
English,坎卦-static,k,-1.134,6,0.1891,0.842,False
English,坎卦-static,n,0.973,20,0.194,0.8467,False
English,震卦-static,w,-0.632,6,0.194,0.8467,False
English,坎卦-static,i,-1.103,3,0.209,0.8556,False
English,艮卦-static,ə͡ʊ,1.003,9,0.204,0.8556,False
English,離卦-dynamic,e͡ə,0.885,5,0.204,0.8556,False
English,乾卦-dynamic,d͡ʒ,0.883,10,0.204,0.8556,False
English,離卦-dynamic,ʌ,-0.819,8,0.209,0.8556,False
English,離卦-dynamic,a͡ɪ,-0.812,5,0.209,0.8556,False
English,坤卦-dynamic,p,-0.658,25,0.199,0.8556,False
English,震卦-static,ɡ,0.612,21,0.209,0.8556,False
English,兌卦-static,v,1.752,3,0.2189,0.8716,False
English,乾卦-dynamic,l,-0.614,36,0.2189,0.8716,False
English,中卦-static,ɒ,0.549,25,0.2189,0.8716,False
English,離卦-dynamic,ə͡l,-0.788,4,0.2239,0.8833,False
English,離卦-static,s,-0.619,27,0.2239,0.8833,False
English,坤卦-static,d,1.081,9,0.2289,0.8867,False
English,震卦-static,z,-0.578,5,0.2289,0.8867,False
English,坤卦-static,i,1.14,9,0.2338,0.8979,False
English,乾卦-static,d͡ʒ,1.207,4,0.2438,0.9079,False
English,兌卦-dynamic,f,0.829,12,0.2438,0.9079,False
English,離卦-static,k,0.674,34,0.2388,0.9079,False
English,震卦-static,a͡ɪ,-0.524,11,0.2438,0.9079,False
English,乾卦-dynamic,ə,0.517,71,0.2438,0.9079,False
English,中卦-static,l,-0.43,56,0.2438,0.9079,False
English,坎卦-dynamic,p,0.915,17,0.2488,0.9146,False
English,中卦-static,j,0.518,15,0.2488,0.9146,False
English,坎卦-dynamic,d͡ʒ,1.051,4,0.2537,0.9198,False
English,艮卦-static,ə͡l,1.04,5,0.2537,0.9198,False
English,坤卦-dynamic,m,-0.573,16,0.2587,0.9198,False
English,中卦-static,a,0.474,36,0.2587,0.9198,False
English,震卦-static,ɪ,-0.459,65,0.2587,0.9198,False
English,離卦-static,a͡ɪ,0.756,11,0.2637,0.9299,False
English,離卦-dynamic,ɡ,-0.705,6,0.2637,0.9299,False
English,坤卦-static,f,1.26,6,0.2736,0.9382,False
English,坎卦-dynamic,ʌ,0.874,12,0.2736,0.9382,False
English,坤卦-static,k,0.855,11,0.2736,0.9382,False
English,乾卦-static,n,0.723,24,0.2736,0.9382,False
English,震卦-static,ə͡l,0.522,16,0.2736,0.9382,False
English,震卦-static,t,0.385,99,0.2736,0.9382,False
English,艮卦-static,ɔ,0.79,6,0.2786,0.9403,False
English,艮卦-dynamic,ʊ,0.699,4,0.2836,0.946,False
English,乾卦-dynamic,w,0.661,18,0.2836,0.946,False
English,震卦-static,ɹ,-0.453,54,0.2836,0.946,False
English,兌卦-static,l,1.132,9,0.2886,0.9516,False
English,巽卦-static,k,-1.008,3,0.2886,0.9516,False
English,坤卦-dynamic,ə,0.391,70,0.2886,0.9516,False
English,兌卦-static,f,1.281,4,0.2935,0.9534,False
English,坎卦-static,ɛ,0.856,9,0.2935,0.9534,False
English,坎卦-dynamic,a,-0.705,4,0.2935,0.9534,False
English,艮卦-dynamic,ɒ,0.578,18,0.2935,0.9534,False
English,離卦-dynamic,ə,0.479,63,0.2985,0.9624,False
English,坎卦-static,ə͡l,1.17,4,0.3035,0.9676,False
English,中卦-static,ŋ,-0.54,5,0.3035,0.9676,False
English,坎卦-dynamic,ɛ,0.723,12,0.3184,0.9825,False
English,兌卦-dynamic,e͡ɪ,-0.702,3,0.3184,0.9825,False
English,艮卦-dynamic,ɔ͡ɪ,0.633,4,0.3134,0.9825,False
English,兌卦-dynamic,ɹ,-0.623,14,0.3184,0.9825,False
English,坤卦-dynamic,u,-0.532,8,0.3134,0.9825,False
English,中卦-static,z,0.469,13,0.3184,0.9825,False
English,震卦-static,m,0.366,70,0.3184,0.9825,False
English,震卦-dynamic,t͡ʃ,0.765,5,0.3234,0.9908,False
English,坤卦-static,t,-0.702,9,0.3234,0.9908,False
English,兌卦-static,t,0.918,10,0.3284,0.9954,False
English,中卦-static,ɪ,-0.367,69,0.3284,0.9954,False
English,坎卦-static,d͡ʒ,1.14,3,0.3731,0.9958,False
English,兌卦-static,a,1.015,4,0.3731,0.9958,False
English,巽卦-dynamic,ɹ,0.776,9,0.3781,0.9958,False
English,兌卦-static,ə,-0.769,3,0.3881,0.9958,False
English,離卦-static,ʃ,0.722,8,0.3632,0.9958,False
English,坤卦-static,s,-0.698,8,0.3582,0.9958,False
English,坎卦-static,m,-0.682,3,0.3781,0.9958,False
English,艮卦-static,a,-0.659,4,0.3483,0.9958,False
English,坎卦-static,l,0.658,17,0.393,0.9958,False
English,震卦-dynamic,ʌ,-0.636,6,0.393,0.9958,False
English,離卦-dynamic,ʃ,-0.628,3,0.3881,0.9958,False
English,離卦-static,ʌ,-0.626,7,0.3731,0.9958,False
English,乾卦-dynamic,z,0.603,10,0.3532,0.9958,False
English,乾卦-dynamic,j,-0.573,3,0.393,0.9958,False
English,艮卦-dynamic,j,-0.571,3,0.3682,0.9958,False
English,乾卦-dynamic,ɜ,-0.552,3,0.3781,0.9958,False
English,乾卦-dynamic,k,-0.502,34,0.3333,0.9958,False
English,坤卦-dynamic,w,-0.498,6,0.3383,0.9958,False
English,離卦-dynamic,p,0.494,36,0.3881,0.9958,False
English,艮卦-static,s,0.481,22,0.3682,0.9958,False
English,離卦-dynamic,ɪ,0.477,69,0.3433,0.9958,False
English,震卦-dynamic,m,-0.471,10,0.393,0.9958,False
English,震卦-static,a͡ɪ͡ə,0.466,3,0.3731,0.9958,False
English,坤卦-dynamic,j,-0.46,4,0.3632,0.9958,False
English,中卦-static,v,0.448,20,0.3632,0.9958,False
English,兌卦-dynamic,k,0.445,22,0.3781,0.9958,False
English,中卦-static,ʌ,-0.427,20,0.3682,0.9958,False
English,離卦-dynamic,s,-0.425,43,0.3781,0.9958,False
English,坤卦-dynamic,ɪ,-0.422,50,0.3433,0.9958,False
English,中卦-static,ɔ,-0.399,11,0.3781,0.9958,False
English,中卦-static,ə͡ʊ,-0.386,17,0.3831,0.9958,False
English,中卦-static,k,-0.299,53,0.3831,0.9958,False
English,巽卦-dynamic,u,1.079,3,0.4776,1.0,False
English,坎卦-static,θ,0.916,4,0.5721,1.0,False
English,兌卦-static,b,0.906,4,0.4776,1.0,False
English,兌卦-static,ʌ,0.895,4,0.6219,1.0,False
English,坤卦-static,ʌ,0.881,6,0.4179,1.0,False
English,乾卦-static,θ,0.859,5,0.5423,1.0,False
English,巽卦-static,ɛ,0.79,4,0.4428,1.0,False
English,坎卦-dynamic,ɒ,-0.656,3,0.5124,1.0,False
English,坤卦-static,ɹ,-0.639,6,0.4826,1.0,False
English,兌卦-static,ɪ,-0.635,5,0.5572,1.0,False
English,坎卦-dynamic,e͡ɪ,-0.627,3,0.4577,1.0,False
English,巽卦-static,ɪ,-0.623,5,0.4826,1.0,False
English,兌卦-static,p,-0.611,3,0.6119,1.0,False
English,坎卦-static,ŋ,0.61,4,0.5622,1.0,False
English,坎卦-static,ɡ,0.595,4,0.5771,1.0,False
English,乾卦-static,ɑ,0.58,3,0.5622,1.0,False
English,離卦-static,ə͡ʊ,0.576,13,0.4378,1.0,False
English,坎卦-static,p,0.568,11,0.4527,1.0,False
English,坎卦-static,t,0.568,20,0.4279,1.0,False
English,兌卦-static,n,0.566,8,0.5075,1.0,False
English,震卦-dynamic,v,0.563,8,0.4179,1.0,False
English,離卦-dynamic,ɔ,-0.556,6,0.4378,1.0,False
English,震卦-dynamic,ə͡l,-0.551,3,0.5274,1.0,False
English,離卦-static,v,-0.542,4,0.4627,1.0,False
English,離卦-dynamic,v,-0.534,6,0.4179,1.0,False
English,乾卦-static,ə͡l,0.529,4,0.5522,1.0,False
English,坎卦-static,v,0.523,4,0.6169,1.0,False
English,震卦-dynamic,ə͡ʊ,0.521,11,0.4776,1.0,False
English,乾卦-static,s,0.518,22,0.408,1.0,False
English,坎卦-static,ɔ,0.512,4,0.6119,1.0,False
English,震卦-dynamic,a,-0.506,7,0.4428,1.0,False
English,乾卦-static,ɡ,0.506,5,0.5572,1.0,False
English,震卦-dynamic,i,0.504,20,0.4428,1.0,False
English,坎卦-dynamic,b,-0.498,6,0.4428,1.0,False
English,巽卦-dynamic,k,0.497,6,0.602,1.0,False
English,坎卦-dynamic,θ,0.496,4,0.5821,1.0,False
English,乾卦-dynamic,ŋ,-0.496,4,0.403,1.0,False
English,坤卦-static,ɛ,-0.494,4,0.5821,1.0,False
English,坎卦-static,ɹ,-0.494,10,0.4876,1.0,False
English,坎卦-dynamic,ɡ,-0.48,3,0.5771,1.0,False
English,艮卦-dynamic,d͡ʒ,-0.478,4,0.403,1.0,False
English,離卦-static,ɹ,0.477,42,0.4328,1.0,False
English,坎卦-dynamic,t͡ʃ,0.471,3,0.602,1.0,False
English,離卦-static,f,0.466,15,0.4478,1.0,False
English,兌卦-dynamic,s,-0.462,20,0.408,1.0,False
English,巽卦-static,f,0.461,3,0.7114,1.0,False
English,坎卦-dynamic,d,-0.46,10,0.4328,1.0,False
English,坎卦-dynamic,ɪ,0.444,28,0.4975,1.0,False
English,艮卦-static,ʌ,-0.435,5,0.5871,1.0,False
English,艮卦-static,v,0.434,5,0.5871,1.0,False
English,坤卦-dynamic,ɔ,-0.431,8,0.4677,1.0,False
English,乾卦-static,ʌ,-0.425,5,0.7065,1.0,False
English,艮卦-static,ɹ,-0.417,14,0.5721,1.0,False
English,離卦-static,ə,0.417,41,0.4378,1.0,False
English,離卦-static,h,-0.416,3,0.5224,1.0,False
English,離卦-static,w,-0.415,4,0.6119,1.0,False
English,坎卦-static,ɪ,0.413,20,0.5423,1.0,False
English,艮卦-static,ɡ,-0.411,3,0.602,1.0,False
English,乾卦-static,b,-0.41,6,0.6517,1.0,False
English,離卦-dynamic,d,-0.405,25,0.398,1.0,False
English,坤卦-static,ə,-0.402,7,0.602,1.0,False
English,震卦-dynamic,ə,-0.397,20,0.4577,1.0,False
English,兌卦-static,ɹ,-0.386,5,0.7164,1.0,False
English,坎卦-static,ʌ,-0.385,4,0.6667,1.0,False
English,離卦-dynamic,d͡ʒ,-0.385,4,0.5473,1.0,False
English,坎卦-static,a,-0.381,4,0.7214,1.0,False
English,震卦-static,i͡ə,0.38,9,0.4726,1.0,False
English,巽卦-static,l,-0.379,5,0.6368,1.0,False
English,離卦-static,ɒ,0.377,10,0.6119,1.0,False
English,艮卦-static,m,-0.371,8,0.5473,1.0,False
English,乾卦-static,ə,0.371,23,0.5224,1.0,False
English,艮卦-dynamic,t͡ʃ,-0.37,4,0.5174,1.0,False
English,艮卦-dynamic,k,0.367,50,0.4328,1.0,False
English,巽卦-dynamic,t,0.367,8,0.6915,1.0,False
English,震卦-static,ɐ,-0.357,3,0.5473,1.0,False
English,乾卦-dynamic,p,-0.351,28,0.4179,1.0,False
English,坎卦-static,b,0.346,7,0.6667,1.0,False
English,坤卦-static,p,0.345,7,0.6617,1.0,False
English,離卦-dynamic,ɜ,-0.345,4,0.5821,1.0,False
English,乾卦-static,ɛ,-0.345,8,0.6617,1.0,False
English,坎卦-dynamic,l,0.344,21,0.5572,1.0,False
English,坤卦-dynamic,ə͡l,0.343,11,0.5771,1.0,False
English,兌卦-dynamic,l,0.341,24,0.5174,1.0,False
English,兌卦-dynamic,ə,-0.341,17,0.5323,1.0,False
English,坤卦-dynamic,k,-0.34,39,0.4378,1.0,False
English,乾卦-static,d,-0.338,10,0.6368,1.0,False
English,兌卦-dynamic,b,0.333,11,0.597,1.0,False
English,坎卦-dynamic,ə,-0.331,15,0.5423,1.0,False
English,兌卦-dynamic,a͡ɪ,-0.33,4,0.6667,1.0,False
English,坤卦-static,m,0.329,9,0.6468,1.0,False
English,離卦-static,b,-0.329,11,0.5721,1.0,False
English,震卦-static,e͡ɪ,-0.328,17,0.4925,1.0,False
English,艮卦-dynamic,ŋ,0.325,12,0.5821,1.0,False
English,震卦-static,ʌ,-0.325,22,0.5075,1.0,False
English,乾卦-dynamic,u,-0.324,10,0.5075,1.0,False
English,乾卦-dynamic,ɒ,0.324,16,0.5473,1.0,False
English,坤卦-dynamic,h,0.323,10,0.6269,1.0,False
English,兌卦-static,m,-0.323,3,0.7711,1.0,False
English,艮卦-dynamic,u,-0.322,10,0.5572,1.0,False
English,坤卦-dynamic,f,-0.319,18,0.5672,1.0,False
English,離卦-static,ɐ,0.319,3,0.7114,1.0,False
English,坎卦-dynamic,ɹ,-0.315,16,0.6318,1.0,False
English,艮卦-dynamic,n,-0.314,45,0.4677,1.0,False
English,乾卦-dynamic,ɹ,-0.314,43,0.5224,1.0,False
English,乾卦-static,f,-0.313,6,0.7065,1.0,False
English,艮卦-static,n,-0.309,16,0.602,1.0,False
English,震卦-dynamic,ɪ,-0.307,27,0.5672,1.0,False
English,乾卦-static,p,0.304,13,0.6517,1.0,False
English,震卦-static,n,0.303,83,0.4627,1.0,False
English,震卦-dynamic,ʃ,-0.303,3,0.6318,1.0,False
English,兌卦-dynamic,d,0.302,16,0.5672,1.0,False
English,中卦-static,ɛ,0.301,40,0.4279,1.0,False
English,離卦-static,l,-0.298,26,0.5672,1.0,False
English,乾卦-dynamic,f,0.295,23,0.597,1.0,False
English,兌卦-dynamic,ŋ,0.293,5,0.7363,1.0,False
English,震卦-static,j,-0.292,7,0.5274,1.0,False
English,乾卦-static,l,-0.292,15,0.7015,1.0,False
English,坤卦-dynamic,ʌ,-0.291,17,0.5821,1.0,False
English,乾卦-dynamic,a,-0.289,16,0.5522,1.0,False
English,坎卦-dynamic,ð,0.286,9,0.6169,1.0,False
English,巽卦-dynamic,ɪ,0.286,8,0.7811,1.0,False
English,坎卦-dynamic,s,0.285,22,0.597,1.0,False
English,乾卦-static,v,-0.285,3,0.7662,1.0,False
English,震卦-static,ɒ,0.282,22,0.602,1.0,False
English,中卦-static,ə,-0.281,59,0.408,1.0,False
English,乾卦-dynamic,ɪ,-0.28,52,0.602,1.0,False
English,離卦-static,ɑ,-0.279,3,0.7562,1.0,False
English,中卦-static,t͡ʃ,0.278,10,0.5771,1.0,False
English,艮卦-dynamic,m,-0.277,26,0.602,1.0,False
English,離卦-static,n,-0.276,28,0.5821,1.0,False
English,中卦-static,m,-0.269,37,0.4776,1.0,False
English,坤卦-dynamic,ə͡ʊ,-0.265,14,0.6269,1.0,False
English,離卦-static,ɪ,-0.261,32,0.6318,1.0,False
English,坎卦-static,d,-0.259,8,0.7413,1.0,False
English,艮卦-static,t,0.258,24,0.6567,1.0,False
English,中卦-static,ə͡l,0.257,14,0.6119,1.0,False
English,離卦-dynamic,f,-0.257,16,0.6318,1.0,False
English,震卦-dynamic,ŋ,0.256,6,0.7313,1.0,False
English,震卦-dynamic,b,-0.255,10,0.6368,1.0,False
English,乾卦-static,m,0.254,16,0.7562,1.0,False
English,艮卦-static,ɒ,-0.253,4,0.7562,1.0,False
English,離卦-static,e͡ɪ,-0.251,8,0.6965,1.0,False
English,乾卦-dynamic,a͡ɪ,0.246,14,0.6915,1.0,False
English,離卦-dynamic,i͡ə,-0.245,3,0.7612,1.0,False
English,乾卦-dynamic,h,-0.243,6,0.7214,1.0,False
English,艮卦-static,e͡ɪ,0.242,7,0.7612,1.0,False
English,艮卦-dynamic,l,0.241,54,0.5821,1.0,False
English,艮卦-dynamic,h,-0.24,6,0.6617,1.0,False
English,中卦-static,ɑ,0.24,10,0.6667,1.0,False
English,震卦-dynamic,ɹ,-0.239,24,0.6716,1.0,False
English,艮卦-static,w,-0.235,3,0.7811,1.0,False
English,離卦-static,ŋ,-0.233,4,0.7562,1.0,False
English,坤卦-dynamic,t,0.232,71,0.5622,1.0,False
English,震卦-static,l,-0.232,62,0.6169,1.0,False
English,乾卦-static,ɹ,-0.232,16,0.7015,1.0,False
English,坎卦-dynamic,w,0.23,5,0.796,1.0,False
English,巽卦-static,b,0.23,3,0.8109,1.0,False
English,離卦-dynamic,ŋ,-0.227,6,0.7264,1.0,False
English,乾卦-dynamic,ə͡ʊ,0.226,18,0.7164,1.0,False
English,震卦-dynamic,p,0.222,19,0.7413,1.0,False
English,離卦-static,m,0.218,27,0.7214,1.0,False
English,乾卦-static,j,0.217,3,0.8657,1.0,False
English,艮卦-dynamic,ɑ,0.215,7,0.7313,1.0,False
English,坤卦-dynamic,s,0.213,61,0.592,1.0,False
English,艮卦-static,u,-0.211,4,0.8209,1.0,False
English,乾卦-dynamic,i,-0.21,26,0.7065,1.0,False
English,離卦-dynamic,m,-0.206,26,0.7065,1.0,False
English,震卦-static,ʃ,-0.204,9,0.7015,1.0,False
English,乾卦-static,u,-0.202,4,0.8408,1.0,False
English,乾卦-static,a,-0.2,6,0.791,1.0,False
English,中卦-static,ʊ,0.192,4,0.7662,1.0,False
English,中卦-static,ʃ,0.189,13,0.6866,1.0,False
English,震卦-static,k,-0.187,56,0.6567,1.0,False
English,艮卦-dynamic,ð,-0.185,5,0.7662,1.0,False
English,坎卦-dynamic,ɜ,0.185,3,0.791,1.0,False
English,坎卦-static,ɒ,0.181,4,0.8507,1.0,False
English,離卦-dynamic,a͡ʊ,-0.18,3,0.8756,1.0,False
English,震卦-static,ŋ,-0.178,10,0.7114,1.0,False
English,乾卦-dynamic,ɡ,-0.172,10,0.7612,1.0,False
English,兌卦-static,ɛ,-0.17,3,0.8806,1.0,False
English,中卦-static,f,-0.168,26,0.7662,1.0,False
English,離卦-static,t͡ʃ,0.163,4,0.8209,1.0,False
English,坤卦-dynamic,ŋ,0.161,11,0.7612,1.0,False
English,兌卦-dynamic,m,-0.158,13,0.7463,1.0,False
English,乾卦-dynamic,ʃ,0.153,9,0.8209,1.0,False
English,兌卦-static,s,0.152,7,0.9204,1.0,False
English,坎卦-static,e͡ɪ,0.149,5,0.8955,1.0,False
English,震卦-static,ə,0.149,81,0.7114,1.0,False
English,乾卦-static,t,0.149,23,0.7811,1.0,False
English,乾卦-static,ɪ,0.148,23,0.801,1.0,False
English,兌卦-static,k,-0.146,5,0.8856,1.0,False
English,兌卦-dynamic,ə͡l,0.145,4,0.806,1.0,False
English,兌卦-dynamic,ɪ,-0.145,24,0.7264,1.0,False
English,坎卦-dynamic,f,-0.141,7,0.801,1.0,False
English,中卦-static,ɔ͡ɪ,0.14,3,0.801,1.0,False
English,離卦-static,ɛ,-0.14,15,0.806,1.0,False
English,中卦-static,d,-0.138,44,0.7363,1.0,False
English,艮卦-dynamic,ɪ,0.133,65,0.791,1.0,False
English,中卦-static,ð,-0.133,10,0.7662,1.0,False
English,震卦-dynamic,n,-0.132,26,0.7413,1.0,False
English,艮卦-static,p,-0.127,11,0.8607,1.0,False
English,中卦-static,θ,0.127,10,0.7612,1.0,False
English,巽卦-static,ɹ,0.124,7,0.8756,1.0,False
English,艮卦-dynamic,t,-0.122,60,0.7413,1.0,False
English,兌卦-dynamic,a,0.115,9,0.8557,1.0,False
English,乾卦-dynamic,t,0.115,65,0.791,1.0,False
English,艮卦-dynamic,f,-0.113,19,0.8557,1.0,False
English,巽卦-dynamic,s,-0.113,6,0.9303,1.0,False
English,艮卦-dynamic,ɜ,-0.111,6,0.8358,1.0,False
English,坎卦-dynamic,m,-0.111,12,0.8408,1.0,False
English,艮卦-dynamic,ə͡l,-0.11,8,0.8507,1.0,False
English,乾卦-dynamic,i͡ə,-0.106,4,0.8657,1.0,False
English,坤卦-dynamic,l,0.103,54,0.8507,1.0,False
English,坎卦-static,ə͡ʊ,-0.103,4,0.9154,1.0,False
English,震卦-dynamic,e͡ɪ,-0.102,8,0.8657,1.0,False
English,坤卦-dynamic,e͡ɪ,-0.1,16,0.8756,1.0,False
English,兌卦-dynamic,ʌ,-0.1,8,0.8856,1.0,False
English,艮卦-dynamic,b,0.099,23,0.8507,1.0,False
English,坤卦-dynamic,ɑ,-0.098,6,0.8955,1.0,False
English,艮卦-static,i,0.098,11,0.8657,1.0,False
English,震卦-dynamic,d͡ʒ,-0.098,3,0.9104,1.0,False
English,坤卦-dynamic,a,0.096,22,0.8259,1.0,False
English,震卦-static,θ,-0.093,7,0.8756,1.0,False
English,震卦-static,ə͡ʊ,-0.092,21,0.8905,1.0,False
English,震卦-dynamic,k,-0.09,22,0.8607,1.0,False
English,震卦-dynamic,a͡ɪ,-0.083,6,0.8905,1.0,False
English,乾卦-dynamic,ʌ,-0.083,19,0.9154,1.0,False
English,離卦-static,i͡ə,0.082,3,0.9353,1.0,False
English,兌卦-dynamic,n,0.077,23,0.9204,1.0,False
English,坎卦-static,s,0.075,15,0.8905,1.0,False
English,乾卦-static,a͡ɪ,-0.075,4,0.9303,1.0,False
English,坤卦-static,n,0.072,10,0.9154,1.0,False
English,離卦-static,t,0.07,39,0.9303,1.0,False
English,乾卦-static,ɔ,0.068,4,0.9403,1.0,False
English,坎卦-dynamic,n,0.065,20,0.9204,1.0,False
English,乾卦-dynamic,m,-0.063,34,0.9254,1.0,False
English,艮卦-dynamic,z,0.058,7,0.8806,1.0,False
English,離卦-dynamic,j,-0.058,6,0.9303,1.0,False
English,離卦-dynamic,ɹ,0.058,50,0.9353,1.0,False
English,兌卦-static,d,-0.057,4,0.9602,1.0,False
English,艮卦-dynamic,ɹ,0.056,55,0.9254,1.0,False
English,中卦-static,n,0.055,75,0.9403,1.0,False
English,離卦-dynamic,t͡ʃ,-0.055,5,0.9303,1.0,False
English,離卦-dynamic,u,0.052,13,0.9353,1.0,False
English,中卦-static,ɡ,0.051,16,0.9005,1.0,False
English,中卦-static,i͡ə,-0.05,6,0.9453,1.0,False
English,震卦-static,ɜ,0.049,10,0.9254,1.0,False
English,巽卦-dynamic,ɛ,0.048,3,0.9403,1.0,False
English,艮卦-static,ɛ,-0.047,9,0.9403,1.0,False
English,艮卦-static,d,0.046,12,0.9701,1.0,False
English,坎卦-dynamic,t,-0.046,23,0.9453,1.0,False
English,離卦-dynamic,i,-0.046,26,0.9502,1.0,False
English,震卦-dynamic,ɡ,0.044,6,0.995,1.0,False
English,中卦-static,u,0.042,20,0.9453,1.0,False
English,艮卦-static,ə,-0.037,18,0.9353,1.0,False
English,坤卦-static,b,-0.033,4,0.9701,1.0,False
English,坎卦-dynamic,ə͡ʊ,0.029,6,0.9652,1.0,False
English,乾卦-dynamic,v,0.028,11,0.9453,1.0,False
English,中卦-static,i,0.027,42,0.9552,1.0,False
English,兌卦-dynamic,u,0.027,6,0.9851,1.0,False
English,乾卦-dynamic,ɑ,-0.026,6,0.9751,1.0,False
English,艮卦-dynamic,ə͡ʊ,0.024,16,0.9502,1.0,False
English,乾卦-dynamic,d,-0.022,33,0.9751,1.0,False
English,震卦-static,u,-0.021,19,0.9652,1.0,False
English,艮卦-dynamic,ɔ,0.017,11,0.9502,1.0,False
English,中卦-static,b,0.015,31,1.0,1.0,False
English,乾卦-dynamic,ɛ,0.014,26,0.99,1.0,False
English,震卦-dynamic,h,0.013,4,0.9751,1.0,False
English,中卦-static,ɐ,-0.012,5,0.99,1.0,False
English,中卦-static,e͡ɪ,-0.01,23,0.9851,1.0,False
English,震卦-static,d,0.01,47,0.9751,1.0,False
English,坎卦-static,ə,-0.009,14,0.99,1.0,False
English,兌卦-dynamic,ɛ,-0.007,11,0.99,1.0,False
English,乾卦-dynamic,a͡ʊ,-0.006,4,1.0,1.0,False
English,離卦-dynamic,e͡ɪ,0.003,15,1.0,1.0,False
English,兌卦-dynamic,p,-0.003,14,0.995,1.0,False
English,坎卦-dynamic,i,0.002,11,0.99,1.0,False
Finnish,坤卦-static,æ͡y,4.036,5,0.005,0.2212,False
Finnish,巽卦-static,ø͡y,3.867,3,0.005,0.2212,False
Finnish,艮卦-static,e͡u,3.734,8,0.005,0.2212,False
Finnish,坤卦-dynamic,æ͡i,3.216,16,0.005,0.2212,False
Finnish,震卦-dynamic,y͡ø,3.02,6,0.005,0.2212,False
Finnish,乾卦-dynamic,a͡u,2.831,15,0.005,0.2212,False
Finnish,坎卦-dynamic,æ,2.62,32,0.005,0.2212,False
Finnish,兌卦-dynamic,t,2.536,133,0.005,0.2212,False
Finnish,離卦-static,r,2.38,63,0.005,0.2212,False
Finnish,離卦-dynamic,o͡i,2.315,20,0.005,0.2212,False
Finnish,兌卦-dynamic,d,2.106,13,0.005,0.2212,False
Finnish,乾卦-dynamic,u,2.063,71,0.005,0.2212,False
Finnish,震卦-static,i͡e,2.031,11,0.005,0.2212,False
Finnish,中卦-static,e͡i,1.81,18,0.005,0.2212,False
Finnish,中卦-static,i͡e,1.68,13,0.005,0.2212,False
Finnish,艮卦-dynamic,m,-1.673,12,0.005,0.2212,False
Finnish,震卦-static,ɪ,1.439,119,0.005,0.2212,False
Finnish,巽卦-static,ŋ,3.497,6,0.01,0.3271,False
Finnish,離卦-static,o,2.009,52,0.01,0.3271,False
Finnish,兌卦-dynamic,a,1.904,150,0.01,0.3271,False
Finnish,震卦-static,s,-1.636,50,0.01,0.3271,False
Finnish,震卦-static,p,1.489,61,0.01,0.3271,False
Finnish,離卦-static,ɪ,1.702,79,0.0149,0.3891,False
Finnish,中卦-static,r,-1.333,33,0.0149,0.3891,False
Finnish,中卦-static,n,1.104,163,0.0149,0.3891,False
Finnish,震卦-dynamic,o͡u,2.093,5,0.0199,0.4299,False
Finnish,艮卦-static,l,1.698,61,0.0199,0.4299,False
Finnish,離卦-dynamic,t,1.577,120,0.0199,0.4299,False
Finnish,兌卦-dynamic,ɪ,-1.547,14,0.0199,0.4299,False
Finnish,艮卦-dynamic,ɪ,-1.498,18,0.0199,0.4299,False
Finnish,巽卦-dynamic,u͡o,2.792,3,0.0249,0.4822,False
Finnish,震卦-static,u͡o,1.21,17,0.0249,0.4822,False
Finnish,中卦-static,a͡i,1.049,31,0.0249,0.4822,False
Finnish,艮卦-dynamic,o͡u,1.902,5,0.0448,0.651,False
Finnish,艮卦-dynamic,a͡u,1.514,10,0.0448,0.651,False
Finnish,艮卦-dynamic,d,1.359,12,0.0448,0.651,False
Finnish,艮卦-dynamic,a,1.355,162,0.0448,0.651,False
Finnish,離卦-static,y,-1.337,4,0.0448,0.651,False
Finnish,震卦-dynamic,i,-1.277,16,0.0448,0.651,False
Finnish,離卦-dynamic,y͡ø,1.129,3,0.0448,0.651,False
Finnish,坤卦-dynamic,o,1.043,82,0.0448,0.651,False
Finnish,乾卦-dynamic,m,1.381,47,0.0498,0.6716,False
Finnish,兌卦-dynamic,k,-1.19,38,0.0498,0.6716,False
Finnish,震卦-static,m,1.063,57,0.0498,0.6716,False
Finnish,乾卦-static,y,2.328,7,0.0547,0.6782,False
Finnish,坤卦-static,j,2.074,11,0.0547,0.6782,False
Finnish,艮卦-dynamic,s,-1.113,48,0.0547,0.6782,False
Finnish,震卦-dynamic,d,1.099,10,0.0547,0.6782,False
Finnish,震卦-static,k,0.962,115,0.0547,0.6782,False
Finnish,坤卦-static,v,1.907,12,0.0597,0.7052,False
Finnish,艮卦-dynamic,ø,1.249,6,0.0597,0.7052,False
Finnish,兌卦-dynamic,r,-1.168,18,0.0597,0.7052,False
Finnish,巽卦-static,k,2.135,24,0.0647,0.7213,False
Finnish,乾卦-dynamic,o͡u,1.416,4,0.0697,0.7213,False
Finnish,震卦-dynamic,a͡i,-1.157,3,0.0697,0.7213,False
Finnish,艮卦-dynamic,u,1.15,57,0.0697,0.7213,False
Finnish,離卦-dynamic,n,-0.999,25,0.0697,0.7213,False
Finnish,震卦-static,i,0.977,44,0.0647,0.7213,False
Finnish,坤卦-dynamic,n,0.922,146,0.0697,0.7213,False
Finnish,震卦-static,r,0.852,70,0.0697,0.7213,False
Finnish,巽卦-dynamic,j,2.382,6,0.0746,0.7423,False
Finnish,坎卦-static,o͡i,2.102,5,0.0746,0.7423,False
Finnish,坤卦-dynamic,e͡i,0.988,12,0.0746,0.7423,False
Finnish,中卦-dynamic,e,3.355,8,0.0846,0.7676,False
Finnish,乾卦-static,h,2.146,11,0.0846,0.7676,False
Finnish,乾卦-static,i,1.926,8,0.0945,0.7676,False
Finnish,巽卦-static,a͡i,1.878,5,0.0995,0.7676,False
Finnish,巽卦-static,h,1.779,11,0.0995,0.7676,False
Finnish,巽卦-static,a,1.671,37,0.0945,0.7676,False
Finnish,坎卦-dynamic,e͡i,1.63,3,0.0945,0.7676,False
Finnish,離卦-static,s,-1.295,36,0.0796,0.7676,False
Finnish,兌卦-dynamic,o͡i,1.126,11,0.0896,0.7676,False
Finnish,離卦-static,h,-1.123,10,0.0796,0.7676,False
Finnish,離卦-dynamic,k,-1.118,44,0.0896,0.7676,False
Finnish,離卦-static,u͡o,1.099,10,0.0995,0.7676,False
Finnish,艮卦-dynamic,i,-1.033,19,0.0846,0.7676,False
Finnish,艮卦-dynamic,p,1.01,41,0.0995,0.7676,False
Finnish,艮卦-dynamic,v,-0.806,19,0.0995,0.7676,False
Finnish,中卦-static,a,-0.717,165,0.0846,0.7676,False
Finnish,坤卦-static,u,-1.681,3,0.1045,0.7978,False
Finnish,中卦-static,y͡i,1.811,3,0.1194,0.8132,False
Finnish,離卦-dynamic,p,-1.028,15,0.1194,0.8132,False
Finnish,乾卦-dynamic,v,1.011,36,0.1194,0.8132,False
Finnish,離卦-dynamic,u,-0.989,21,0.1194,0.8132,False
Finnish,離卦-static,n,-0.941,23,0.1194,0.8132,False
Finnish,震卦-static,v,-0.864,24,0.1144,0.8132,False
Finnish,中卦-static,i,-0.806,36,0.1194,0.8132,False
Finnish,坤卦-dynamic,e,0.745,127,0.1095,0.8132,False
Finnish,坤卦-dynamic,a,-0.726,157,0.1144,0.8132,False
Finnish,巽卦-dynamic,v,1.907,6,0.1343,0.8463,False
Finnish,艮卦-static,e͡i,1.16,5,0.1343,0.8463,False
Finnish,艮卦-static,p,1.005,26,0.1343,0.8463,False
Finnish,離卦-dynamic,m,-0.96,19,0.1343,0.8463,False
Finnish,兌卦-dynamic,m,-0.849,18,0.1294,0.8463,False
Finnish,艮卦-dynamic,t,0.836,104,0.1343,0.8463,False
Finnish,坤卦-dynamic,t,-0.766,86,0.1294,0.8463,False
Finnish,中卦-static,e,0.763,134,0.1294,0.8463,False
Finnish,乾卦-dynamic,æ,-0.861,22,0.1393,0.8632,False
Finnish,乾卦-dynamic,y͡ø,1.029,3,0.1443,0.8796,False
Finnish,艮卦-dynamic,j,-0.825,6,0.1443,0.8796,False
Finnish,坎卦-static,a,-1.552,17,0.1493,0.8815,False
Finnish,震卦-dynamic,n,0.966,83,0.1493,0.8815,False
Finnish,兌卦-dynamic,æ,0.919,53,0.1493,0.8815,False
Finnish,兌卦-dynamic,o,-0.877,16,0.1542,0.8901,False
Finnish,震卦-static,l,-0.611,76,0.1542,0.8901,False
Finnish,巽卦-dynamic,l,-1.895,5,0.1642,0.8989,False
Finnish,巽卦-dynamic,r,1.707,9,0.1891,0.8989,False
Finnish,巽卦-static,y,1.401,6,0.1891,0.8989,False
Finnish,坎卦-dynamic,t,1.298,37,0.1642,0.8989,False
Finnish,艮卦-dynamic,æ͡i,0.928,4,0.1592,0.8989,False
Finnish,艮卦-static,n,-0.898,19,0.1891,0.8989,False
Finnish,兌卦-dynamic,n,-0.896,25,0.1741,0.8989,False
Finnish,乾卦-dynamic,ø,0.882,5,0.1791,0.8989,False
Finnish,離卦-dynamic,d,0.861,9,0.1841,0.8989,False
Finnish,離卦-static,æ,-0.857,18,0.1891,0.8989,False
Finnish,兌卦-dynamic,i,-0.846,17,0.1741,0.8989,False
Finnish,震卦-dynamic,l,-0.83,51,0.1642,0.8989,False
Finnish,艮卦-static,v,0.829,22,0.1891,0.8989,False
Finnish,兌卦-dynamic,e,-0.788,26,0.1692,0.8989,False
Finnish,兌卦-dynamic,v,-0.787,16,0.1642,0.8989,False
Finnish,震卦-dynamic,v,-0.769,18,0.1841,0.8989,False
Finnish,離卦-dynamic,a,0.74,133,0.1891,0.8989,False
Finnish,兌卦-dynamic,l,-0.738,47,0.1891,0.8989,False
Finnish,震卦-dynamic,p,0.735,35,0.1841,0.8989,False
Finnish,震卦-static,b,0.719,4,0.1741,0.8989,False
Finnish,中卦-static,m,0.703,69,0.1642,0.8989,False
Finnish,震卦-static,d,0.62,11,0.1891,0.8989,False
Finnish,中卦-static,a͡u,-0.6,3,0.1841,0.8989,False
Finnish,兌卦-dynamic,j,-0.825,5,0.194,0.9111,False
Finnish,離卦-static,m,0.817,33,0.194,0.9111,False
Finnish,坎卦-dynamic,a͡i,1.278,6,0.199,0.9174,False
Finnish,震卦-dynamic,b,0.788,3,0.199,0.9174,False
Finnish,坤卦-dynamic,l,-0.688,95,0.199,0.9174,False
Finnish,震卦-static,o,0.69,57,0.204,0.9179,False
Finnish,中卦-static,p,-0.554,38,0.204,0.9179,False
Finnish,坎卦-static,s,1.484,24,0.2239,0.9617,False
Finnish,乾卦-static,k,-1.428,8,0.2239,0.9617,False
Finnish,坎卦-static,l,1.42,23,0.2239,0.9617,False
Finnish,艮卦-static,o,0.909,30,0.2239,0.9617,False
Finnish,離卦-static,k,0.823,69,0.2239,0.9617,False
Finnish,震卦-static,n,-0.582,52,0.2239,0.9617,False
Finnish,艮卦-dynamic,e͡i,0.666,6,0.2289,0.9666,False
Finnish,震卦-static,æ,-0.594,37,0.2289,0.9666,False
Finnish,巽卦-static,e,-1.213,4,0.2388,0.9751,False
Finnish,巽卦-static,p,-1.195,3,0.2438,0.9751,False
Finnish,兌卦-dynamic,u,0.739,42,0.2388,0.9751,False
Finnish,離卦-dynamic,j,0.703,23,0.2338,0.9751,False
Finnish,艮卦-dynamic,l,0.652,79,0.2338,0.9751,False
Finnish,坤卦-dynamic,y,-0.566,19,0.2388,0.9751,False
Finnish,中卦-static,o,0.497,71,0.2438,0.9751,False
Finnish,乾卦-static,a͡i,1.443,4,0.2488,0.9795,False
Finnish,坤卦-static,o,-1.144,4,0.2488,0.9795,False
Finnish,中卦-static,u͡i,0.573,12,0.2488,0.9795,False
Finnish,中卦-dynamic,s,2.555,6,0.2886,0.9812,False
Finnish,乾卦-static,m,1.244,9,0.2935,0.9812,False
Finnish,坎卦-dynamic,ŋ,1.176,4,0.2587,0.9812,False
Finnish,坤卦-static,ɪ,-1.169,7,0.2886,0.9812,False
Finnish,坎卦-static,t,-1.133,10,0.2736,0.9812,False
Finnish,巽卦-static,ɪ,-1.101,6,0.2935,0.9812,False
Finnish,坤卦-static,a,1.096,41,0.2985,0.9812,False
Finnish,坎卦-dynamic,h,1.078,13,0.2935,0.9812,False
Finnish,巽卦-static,l,-1.052,11,0.2537,0.9812,False
Finnish,坎卦-dynamic,s,1.014,27,0.2537,0.9812,False
Finnish,坤卦-static,r,1.002,15,0.2985,0.9812,False
Finnish,離卦-static,l,0.752,65,0.2587,0.9812,False
Finnish,乾卦-dynamic,l,-0.66,57,0.2836,0.9812,False
Finnish,兌卦-dynamic,u͡o,0.626,8,0.2985,0.9812,False
Finnish,離卦-dynamic,æ,0.62,53,0.2886,0.9812,False
Finnish,乾卦-dynamic,a,-0.616,97,0.2736,0.9812,False
Finnish,震卦-static,y͡ø,0.606,3,0.2687,0.9812,False
Finnish,震卦-static,e,-0.49,52,0.2935,0.9812,False
Finnish,坤卦-dynamic,ɪ,-0.486,72,0.2886,0.9812,False
Finnish,中卦-static,h,-0.462,37,0.2786,0.9812,False
Finnish,中卦-static,æ,-0.458,55,0.2736,0.9812,False
Finnish,坎卦-static,ɪ,1.124,21,0.3085,0.9923,False
Finnish,艮卦-dynamic,r,-0.515,32,0.3035,0.9923,False
Finnish,中卦-dynamic,n,2.381,7,0.3682,0.9942,False
Finnish,兌卦-static,k,1.632,7,0.3234,0.9942,False
Finnish,巽卦-dynamic,æ,1.41,10,0.3333,0.9942,False
Finnish,巽卦-dynamic,p,1.332,6,0.3831,0.9942,False
Finnish,乾卦-static,s,-1.227,9,0.3433,0.9942,False
Finnish,巽卦-dynamic,k,-1.22,6,0.3383,0.9942,False
Finnish,巽卦-dynamic,m,1.162,6,0.3781,0.9942,False
Finnish,乾卦-static,a,-1.121,16,0.3333,0.9942,False
Finnish,坤卦-static,p,-1.112,4,0.3284,0.9942,False
Finnish,坎卦-static,k,-1.079,12,0.3532,0.9942,False
Finnish,乾卦-static,n,1.047,18,0.3881,0.9942,False
Finnish,坤卦-static,k,-1.032,13,0.3582,0.9942,False
Finnish,坤卦-static,h,1.031,11,0.3433,0.9942,False
Finnish,坎卦-static,u͡o,1.02,3,0.3781,0.9942,False
Finnish,巽卦-static,æ,-1.017,4,0.3184,0.9942,False
Finnish,坤卦-static,i,0.964,9,0.3483,0.9942,False
Finnish,巽卦-static,o,-0.913,4,0.3532,0.9942,False
Finnish,坎卦-static,i,-0.912,5,0.4129,0.9942,False
Finnish,坎卦-static,p,0.912,10,0.3433,0.9942,False
Finnish,坎卦-dynamic,d,0.87,3,0.3781,0.9942,False
Finnish,坎卦-dynamic,n,-0.827,10,0.3731,0.9942,False
Finnish,艮卦-static,a͡i,-0.692,4,0.393,0.9942,False
Finnish,艮卦-static,y,-0.615,7,0.3532,0.9942,False
Finnish,震卦-dynamic,æ͡i,0.613,3,0.3383,0.9942,False
Finnish,離卦-static,j,-0.604,7,0.3582,0.9942,False
Finnish,離卦-static,p,0.6,29,0.3582,0.9942,False
Finnish,艮卦-static,æ,-0.598,18,0.3532,0.9942,False
Finnish,離卦-static,i,-0.581,18,0.3682,0.9942,False
Finnish,艮卦-static,k,0.557,51,0.3632,0.9942,False
Finnish,離卦-static,a͡u,0.544,5,0.408,0.9942,False
Finnish,艮卦-static,m,-0.538,16,0.403,0.9942,False
Finnish,乾卦-dynamic,æ͡i,0.534,3,0.408,0.9942,False
Finnish,坤卦-dynamic,p,-0.519,37,0.3333,0.9942,False
Finnish,乾卦-dynamic,d,-0.51,3,0.3831,0.9942,False
Finnish,乾卦-dynamic,n,-0.504,42,0.393,0.9942,False
Finnish,乾卦-dynamic,i,0.502,30,0.3682,0.9942,False
Finnish,兌卦-dynamic,y,-0.5,10,0.408,0.9942,False
Finnish,乾卦-dynamic,u͡o,-0.477,3,0.3632,0.9942,False
Finnish,坤卦-dynamic,k,0.451,130,0.3532,0.9942,False
Finnish,坤卦-dynamic,o͡i,-0.442,4,0.393,0.9942,False
Finnish,坤卦-dynamic,a͡u,-0.425,4,0.3831,0.9942,False
Finnish,坤卦-dynamic,h,0.424,55,0.393,0.9942,False
Finnish,震卦-dynamic,a,-0.423,97,0.4129,0.9942,False
Finnish,坤卦-dynamic,æ,-0.419,54,0.398,0.9942,False
Finnish,震卦-static,ø,0.414,5,0.3881,0.9942,False
Finnish,中卦-static,t,-0.398,111,0.3831,0.9942,False
Finnish,中卦-static,o͡i,0.377,14,0.4129,0.9942,False
Finnish,震卦-static,a,-0.369,138,0.403,0.9942,False
Finnish,坎卦-static,o,0.942,12,0.4179,0.9953,False
Finnish,坎卦-static,h,-0.86,4,0.4229,0.9953,False
Finnish,震卦-dynamic,r,-0.499,30,0.4179,0.9953,False
Finnish,坤卦-dynamic,r,0.346,76,0.4279,0.9953,False
Finnish,坎卦-dynamic,ɪ,-0.802,11,0.4328,0.9976,False
Finnish,坤卦-static,m,-0.772,6,0.4328,0.9976,False
Finnish,坎卦-dynamic,i,0.756,10,0.4328,0.9976,False
Finnish,兌卦-static,l,1.154,6,0.4925,0.9983,False
Finnish,乾卦-static,v,0.94,7,0.4726,0.9983,False
Finnish,乾卦-static,r,-0.922,5,0.4627,0.9983,False
Finnish,巽卦-static,i,0.811,7,0.4627,0.9983,False
Finnish,坎卦-dynamic,r,-0.705,9,0.4776,0.9983,False
Finnish,震卦-dynamic,e͡u,0.606,3,0.4428,0.9983,False
Finnish,艮卦-dynamic,e͡u,0.531,3,0.4925,0.9983,False
Finnish,乾卦-dynamic,o,0.475,40,0.4925,0.9983,False
Finnish,震卦-dynamic,s,-0.445,56,0.4826,0.9983,False
Finnish,震卦-dynamic,o,0.434,37,0.4826,0.9983,False
Finnish,離卦-static,d,0.41,6,0.4925,0.9983,False
Finnish,艮卦-dynamic,h,-0.405,22,0.4527,0.9983,False
Finnish,震卦-dynamic,m,-0.393,25,0.4876,0.9983,False
Finnish,坤卦-dynamic,d,-0.389,6,0.4428,0.9983,False
Finnish,震卦-static,y,-0.372,17,0.4776,0.9983,False
Finnish,艮卦-dynamic,e,-0.353,44,0.4876,0.9983,False
Finnish,震卦-static,o͡i,-0.345,4,0.4677,0.9983,False
Finnish,中卦-static,ŋ,0.342,13,0.4876,0.9983,False
Finnish,中卦-static,ɪ,-0.335,82,0.4527,0.9983,False
Finnish,中卦-static,s,0.313,129,0.4826,0.9983,False
Finnish,中卦-dynamic,l,1.688,5,0.5323,1.0,False
Finnish,中卦-dynamic,ɪ,1.617,5,0.5473,1.0,False
Finnish,中卦-dynamic,a,-1.272,4,0.7164,1.0,False
Finnish,兌卦-static,u,1.22,4,0.5075,1.0,False
Finnish,兌卦-static,m,1.045,3,0.597,1.0,False
Finnish,兌卦-static,n,0.902,6,0.6517,1.0,False
Finnish,巽卦-dynamic,e,-0.828,4,0.6219,1.0,False
Finnish,巽卦-dynamic,y,0.751,3,0.607,1.0,False
Finnish,巽卦-dynamic,a,0.75,19,0.607,1.0,False
Finnish,坤卦-static,l,-0.747,15,0.5124,1.0,False
Finnish,兌卦-static,ɪ,0.687,5,0.6667,1.0,False
Finnish,兌卦-static,æ,0.686,4,0.7313,1.0,False
Finnish,兌卦-static,o,0.677,3,0.6965,1.0,False
Finnish,乾卦-static,p,-0.67,4,0.592,1.0,False
Finnish,坤卦-static,a͡i,0.623,4,0.602,1.0,False
Finnish,坤卦-static,æ,0.603,15,0.5572,1.0,False
Finnish,坤卦-static,y,-0.589,3,0.5622,1.0,False
Finnish,中卦-dynamic,t,-0.589,3,0.8706,1.0,False
Finnish,巽卦-dynamic,i,-0.561,3,0.7413,1.0,False
Finnish,兌卦-static,s,-0.559,4,0.796,1.0,False
Finnish,坎卦-dynamic,e,-0.535,12,0.5473,1.0,False
Finnish,巽卦-dynamic,u,-0.522,4,0.7612,1.0,False
Finnish,艮卦-dynamic,ø͡y,0.516,3,0.5771,1.0,False
Finnish,巽卦-dynamic,t,-0.515,8,0.7114,1.0,False
Finnish,坎卦-static,y,-0.506,3,0.6766,1.0,False
Finnish,兌卦-dynamic,æ͡y,0.506,3,0.602,1.0,False
Finnish,巽卦-static,u,0.504,10,0.607,1.0,False
Finnish,兌卦-static,a,-0.502,7,0.7413,1.0,False
Finnish,坎卦-dynamic,m,-0.491,8,0.6219,1.0,False
Finnish,乾卦-dynamic,f,0.462,3,0.7562,1.0,False
Finnish,艮卦-dynamic,i͡u,0.434,3,0.6219,1.0,False
Finnish,艮卦-static,u,-0.428,20,0.6119,1.0,False
Finnish,巽卦-dynamic,ɪ,-0.42,6,0.7861,1.0,False
Finnish,震卦-dynamic,ɪ,0.405,61,0.5224,1.0,False
Finnish,乾卦-static,e,0.403,13,0.8159,1.0,False
Finnish,離卦-dynamic,o,-0.399,25,0.5274,1.0,False
Finnish,乾卦-dynamic,h,-0.388,22,0.5025,1.0,False
Finnish,中卦-dynamic,k,0.376,4,0.8955,1.0,False
Finnish,離卦-static,t,-0.375,52,0.597,1.0,False
Finnish,坎卦-dynamic,y,0.373,6,0.6915,1.0,False
Finnish,乾卦-dynamic,t,-0.37,64,0.5025,1.0,False
Finnish,震卦-dynamic,j,0.363,19,0.4975,1.0,False
Finnish,乾卦-dynamic,y,-0.363,13,0.5473,1.0,False
Finnish,乾卦-static,j,0.361,4,0.7811,1.0,False
Finnish,巽卦-static,v,-0.359,5,0.7313,1.0,False
Finnish,艮卦-dynamic,u͡o,0.358,8,0.5025,1.0,False
Finnish,離卦-dynamic,r,0.358,43,0.5174,1.0,False
Finnish,艮卦-dynamic,æ,-0.354,34,0.5572,1.0,False
Finnish,震卦-dynamic,u,0.351,41,0.5124,1.0,False
Finnish,兌卦-dynamic,a͡i,0.351,11,0.5721,1.0,False
Finnish,離卦-static,a,-0.349,86,0.602,1.0,False
Finnish,兌卦-dynamic,e͡i,0.348,4,0.602,1.0,False
Finnish,坤卦-dynamic,s,0.342,124,0.5174,1.0,False
Finnish,巽卦-static,s,0.335,16,0.7164,1.0,False
Finnish,震卦-dynamic,a͡u,0.333,5,0.6169,1.0,False
Finnish,乾卦-dynamic,r,0.33,45,0.5323,1.0,False
Finnish,兌卦-dynamic,s,0.326,62,0.5572,1.0,False
Finnish,坎卦-static,j,0.319,5,0.8259,1.0,False
Finnish,離卦-dynamic,ŋ,-0.315,3,0.5821,1.0,False
Finnish,坤卦-dynamic,y͡ø,0.314,3,0.5771,1.0,False
Finnish,坎卦-static,m,-0.309,7,0.801,1.0,False
Finnish,坤卦-dynamic,i͡e,0.308,6,0.5174,1.0,False
Finnish,震卦-static,ø͡y,0.303,3,0.5473,1.0,False
Finnish,兌卦-dynamic,i͡e,0.303,3,0.6119,1.0,False
Finnish,艮卦-static,ɪ,0.301,40,0.592,1.0,False
Finnish,坤卦-dynamic,o͡u,0.279,3,0.592,1.0,False
Finnish,離卦-dynamic,y,-0.274,13,0.6318,1.0,False
Finnish,中卦-static,v,-0.271,42,0.5323,1.0,False
Finnish,震卦-dynamic,e,0.269,58,0.6169,1.0,False
Finnish,坤卦-dynamic,i,-0.264,41,0.597,1.0,False
Finnish,震卦-dynamic,u͡o,-0.264,4,0.6219,1.0,False
Finnish,坤卦-static,s,-0.255,17,0.7811,1.0,False
Finnish,震卦-dynamic,y,0.25,17,0.7413,1.0,False
Finnish,坎卦-dynamic,l,-0.246,20,0.7861,1.0,False
Finnish,坎卦-dynamic,k,-0.245,20,0.7811,1.0,False
Finnish,乾卦-dynamic,e,0.245,61,0.6816,1.0,False
Finnish,震卦-static,j,-0.243,17,0.602,1.0,False
Finnish,艮卦-static,j,0.237,12,0.6766,1.0,False
Finnish,中卦-static,o͡u,0.237,3,0.592,1.0,False
Finnish,艮卦-static,i,0.235,18,0.7761,1.0,False
Finnish,離卦-dynamic,s,0.233,68,0.7264,1.0,False
Finnish,巽卦-static,n,-0.229,11,0.8607,1.0,False
Finnish,坤卦-dynamic,v,0.227,48,0.5821,1.0,False
Finnish,離卦-dynamic,v,-0.225,23,0.6915,1.0,False
Finnish,坎卦-static,r,0.224,11,0.8458,1.0,False
Finnish,艮卦-dynamic,y,0.217,18,0.6517,1.0,False
Finnish,中卦-static,l,-0.213,113,0.6219,1.0,False
Finnish,坤卦-dynamic,ŋ,0.212,11,0.6915,1.0,False
Finnish,巽卦-static,t,-0.212,15,0.8557,1.0,False
Finnish,艮卦-dynamic,o͡i,-0.211,4,0.6915,1.0,False
Finnish,中卦-static,u,-0.209,61,0.6368,1.0,False
Finnish,兌卦-dynamic,p,0.208,26,0.6915,1.0,False
Finnish,艮卦-static,s,-0.207,41,0.7413,1.0,False
Finnish,離卦-static,v,-0.198,20,0.7512,1.0,False
Finnish,艮卦-static,a,0.197,79,0.7463,1.0,False
Finnish,中卦-static,y,0.193,31,0.6667,1.0,False
Finnish,艮卦-dynamic,ŋ,-0.192,4,0.7662,1.0,False
Finnish,巽卦-dynamic,h,0.191,4,0.8806,1.0,False
Finnish,震卦-static,h,0.191,39,0.6716,1.0,False
Finnish,艮卦-static,e,-0.19,31,0.806,1.0,False
Finnish,巽卦-dynamic,o,-0.19,4,0.8856,1.0,False
Finnish,離卦-dynamic,a͡i,-0.19,9,0.7761,1.0,False
Finnish,乾卦-static,l,0.187,14,0.9204,1.0,False
Finnish,巽卦-static,r,-0.186,8,0.8557,1.0,False
Finnish,乾卦-dynamic,s,0.186,71,0.7811,1.0,False
Finnish,坤卦-dynamic,u͡i,-0.183,3,0.7413,1.0,False
Finnish,坤卦-dynamic,j,-0.18,23,0.6915,1.0,False
Finnish,艮卦-static,t,-0.18,45,0.7562,1.0,False
Finnish,中卦-static,d,0.175,11,0.7015,1.0,False
Finnish,坤卦-static,t,0.174,22,0.9104,1.0,False
Finnish,離卦-dynamic,ɪ,0.174,56,0.7363,1.0,False
Finnish,兌卦-dynamic,h,-0.168,21,0.6915,1.0,False
Finnish,艮卦-static,h,-0.166,16,0.8358,1.0,False
Finnish,坤卦-static,n,0.163,17,0.8657,1.0,False
Finnish,離卦-dynamic,i͡e,0.163,3,0.796,1.0,False
Finnish,坎卦-static,a͡i,0.162,3,0.8458,1.0,False
Finnish,坎卦-static,u,-0.161,9,0.8806,1.0,False
Finnish,乾卦-static,æ,0.159,9,0.8706,1.0,False
Finnish,離卦-dynamic,i,0.156,26,0.8259,1.0,False
Finnish,乾卦-static,t,0.15,16,0.9005,1.0,False
Finnish,離卦-static,ŋ,0.148,5,0.8408,1.0,False
Finnish,乾卦-static,u,0.148,8,0.8955,1.0,False
Finnish,艮卦-static,r,0.145,27,0.8209,1.0,False
Finnish,離卦-dynamic,e,-0.143,47,0.8259,1.0,False
Finnish,離卦-dynamic,h,-0.134,24,0.8259,1.0,False
Finnish,艮卦-dynamic,a͡i,-0.132,10,0.8259,1.0,False
Finnish,離卦-dynamic,l,0.13,66,0.8507,1.0,False
Finnish,中卦-static,k,0.128,125,0.7164,1.0,False
Finnish,乾卦-dynamic,k,0.126,71,0.8458,1.0,False
Finnish,乾卦-dynamic,ŋ,0.126,6,0.8408,1.0,False
Finnish,震卦-dynamic,h,-0.121,24,0.8259,1.0,False
Finnish,坎卦-static,v,0.12,7,0.9303,1.0,False
Finnish,坤卦-dynamic,m,-0.118,50,0.8408,1.0,False
Finnish,乾卦-dynamic,a͡i,-0.116,10,0.8657,1.0,False
Finnish,乾卦-dynamic,ɪ,-0.116,52,0.791,1.0,False
Finnish,震卦-static,t,-0.114,95,0.8209,1.0,False
Finnish,震卦-static,e͡i,-0.107,4,0.806,1.0,False
Finnish,艮卦-static,o͡i,-0.105,3,0.9154,1.0,False
Finnish,震卦-dynamic,æ,-0.105,37,0.8408,1.0,False
Finnish,乾卦-dynamic,i͡e,0.102,3,0.9005,1.0,False
Finnish,震卦-static,ŋ,-0.098,6,0.8657,1.0,False
Finnish,坤卦-dynamic,a͡i,-0.097,17,0.796,1.0,False
Finnish,震卦-static,u,0.096,52,0.8706,1.0,False
Finnish,艮卦-dynamic,k,0.089,71,0.8806,1.0,False
Finnish,兌卦-dynamic,u͡i,0.083,3,0.9303,1.0,False
Finnish,坤卦-dynamic,u,0.08,66,0.8756,1.0,False
Finnish,中卦-static,u͡o,0.075,11,0.8607,1.0,False
Finnish,乾卦-dynamic,j,-0.071,15,0.9154,1.0,False
Finnish,坎卦-static,æ,0.067,11,0.9751,1.0,False
Finnish,坎卦-dynamic,a,-0.067,36,0.9303,1.0,False
Finnish,艮卦-dynamic,o,0.066,34,0.8806,1.0,False
Finnish,坤卦-static,e,0.06,15,0.9652,1.0,False
Finnish,乾卦-dynamic,p,0.056,29,0.9154,1.0,False
Finnish,巽卦-dynamic,s,-0.05,9,0.99,1.0,False
Finnish,艮卦-dynamic,n,-0.047,57,0.9453,1.0,False
Finnish,坎卦-static,e,0.044,14,0.9552,1.0,False
Finnish,中卦-static,ø,0.039,5,0.9552,1.0,False
Finnish,坎卦-static,n,0.038,15,0.9652,1.0,False
Finnish,震卦-dynamic,k,0.033,65,0.9552,1.0,False
Finnish,坎卦-dynamic,p,0.028,9,0.9552,1.0,False
Finnish,乾卦-static,ɪ,0.026,11,0.9801,1.0,False
Finnish,坤卦-dynamic,u͡o,0.025,10,0.9751,1.0,False
Finnish,坎卦-dynamic,u,0.013,12,0.9851,1.0,False
Finnish,震卦-dynamic,t,-0.012,71,0.9801,1.0,False
Finnish,離卦-static,e,0.006,44,0.99,1.0,False
Finnish,中卦-static,j,0.005,28,0.9851,1.0,False
Finnish,離卦-static,u,0.003,31,1.0,1.0,False
Finnish,中卦-static,æ͡i,0.002,3,1.0,1.0,False
French,兌卦-static,ɡ,3.754,5,0.005,0.3238,False
French,巽卦-dynamic,i,3.5,11,0.005,0.3238,False
French,兌卦-static,l,3.335,14,0.005,0.3238,False
French,巽卦-static,ʃ,3.196,8,0.005,0.3238,False
French,坎卦-dynamic,k,2.678,17,0.005,0.3238,False
French,震卦-dynamic,ə,2.557,25,0.005,0.3238,False
French,艮卦-static,j,2.435,18,0.005,0.3238,False
French,乾卦-static,d,2.429,18,0.005,0.3238,False
French,艮卦-static,o,2.255,21,0.005,0.3238,False
French,中卦-static,ɛ̃,2.143,28,0.005,0.3238,False
French,乾卦-dynamic,ɔ̃,2.034,23,0.005,0.3238,False
French,震卦-static,m,1.789,55,0.005,0.3238,False
French,坎卦-static,ɑ̃,2.111,20,0.01,0.4677,False
French,震卦-static,w,1.588,23,0.01,0.4677,False
French,坤卦-dynamic,v,1.477,41,0.01,0.4677,False
French,震卦-static,ɔ,1.304,33,0.01,0.4677,False
French,坤卦-dynamic,u,1.249,31,0.01,0.4677,False
French,中卦-static,ɲ,2.671,4,0.0149,0.4856,False
French,離卦-static,k,1.644,48,0.0149,0.4856,False
French,乾卦-dynamic,z,1.62,14,0.0149,0.4856,False
French,兌卦-dynamic,w,1.598,19,0.0149,0.4856,False
French,兌卦-dynamic,e,1.295,114,0.0149,0.4856,False
French,兌卦-static,n,2.652,5,0.0199,0.5431,False
French,坎卦-static,p,1.617,16,0.0199,0.5431,False
French,乾卦-dynamic,ɔ,1.533,26,0.0199,0.5431,False
French,乾卦-dynamic,j,1.377,34,0.0199,0.5431,False
French,中卦-static,ə,1.357,32,0.0199,0.5431,False
French,坎卦-static,œ,2.495,6,0.0249,0.5846,False
French,坤卦-static,b,2.462,7,0.0249,0.5846,False
French,兌卦-static,s,2.276,8,0.0249,0.5846,False
French,坤卦-static,ʒ,2.629,5,0.0299,0.5873,False
French,乾卦-static,y,2.159,16,0.0299,0.5873,False
French,離卦-dynamic,ɔ̃,1.324,25,0.0299,0.5873,False
French,兌卦-dynamic,v,1.235,31,0.0299,0.5873,False
French,震卦-static,u,1.013,29,0.0299,0.5873,False
French,震卦-static,e,-0.82,35,0.0299,0.5873,False
French,坎卦-dynamic,f,2.302,8,0.0448,0.5919,False
French,艮卦-dynamic,œ̃,1.972,5,0.0348,0.5919,False
French,離卦-static,o,1.563,34,0.0348,0.5919,False
French,兌卦-dynamic,z,1.411,15,0.0398,0.5919,False
French,中卦-static,b,1.23,44,0.0348,0.5919,False
French,艮卦-dynamic,m,-1.096,15,0.0398,0.5919,False
French,離卦-dynamic,l,-1.068,17,0.0348,0.5919,False
French,中卦-static,s,0.964,90,0.0448,0.5919,False
French,坤卦-dynamic,m,0.957,43,0.0448,0.5919,False
French,離卦-static,e,-0.923,17,0.0398,0.5919,False
French,震卦-static,p,0.913,52,0.0448,0.5919,False
French,坤卦-dynamic,e,-0.854,33,0.0448,0.5919,False
French,中卦-static,p,0.814,56,0.0398,0.5919,False
French,兌卦-static,ɛ,2.048,6,0.0498,0.6475,False
French,乾卦-dynamic,n,1.081,31,0.0547,0.6614,False
French,震卦-static,j,0.961,41,0.0547,0.6614,False
French,坤卦-dynamic,ɔ̃,0.844,21,0.0547,0.6614,False
French,兌卦-static,v,2.379,4,0.0597,0.6825,False
French,震卦-static,b,1.056,37,0.0597,0.6825,False
French,離卦-dynamic,p,0.973,52,0.0597,0.6825,False
French,中卦-static,e,-0.674,47,0.0597,0.6825,False
French,巽卦-dynamic,ʁ,2.141,12,0.0647,0.684,False
French,艮卦-static,ɛ,1.172,19,0.0647,0.684,False
French,坤卦-dynamic,ɔ,0.951,28,0.0647,0.684,False
French,乾卦-dynamic,e,-0.911,22,0.0647,0.684,False
French,艮卦-dynamic,u,0.901,28,0.0697,0.7099,False
French,坤卦-dynamic,ɛ̃,0.807,15,0.0697,0.7099,False
French,坤卦-dynamic,n,0.806,38,0.0697,0.7099,False
French,乾卦-static,ʒ,1.778,8,0.0746,0.7257,False
French,兌卦-dynamic,ɔ̃,-0.977,4,0.0746,0.7257,False
French,震卦-dynamic,s,0.876,46,0.0746,0.7257,False
French,乾卦-static,p,1.335,15,0.0796,0.7483,False
French,離卦-dynamic,y,-1.003,8,0.0796,0.7483,False
French,中卦-static,j,-0.719,18,0.0796,0.7483,False
French,巽卦-dynamic,y,2.516,4,0.0846,0.7532,False
French,離卦-static,s,-0.925,21,0.0846,0.7532,False
French,中卦-static,m,0.796,46,0.0846,0.7532,False
French,坤卦-dynamic,ɛ,0.772,58,0.0846,0.7532,False
French,震卦-static,d,-0.843,15,0.0896,0.7731,False
French,艮卦-dynamic,d,0.82,44,0.0896,0.7731,False
French,中卦-static,k,0.743,69,0.0896,0.7731,False
French,坤卦-static,ɑ̃,1.74,9,0.0995,0.7867,False
French,巽卦-static,ɔ,1.689,6,0.0945,0.7867,False
French,離卦-static,ʃ,1.235,15,0.0945,0.7867,False
French,離卦-static,w,1.169,11,0.0945,0.7867,False
French,艮卦-static,i,-1.082,8,0.0995,0.7867,False
French,震卦-dynamic,v,1.011,20,0.0995,0.7867,False
French,乾卦-dynamic,ʁ,-0.703,65,0.0995,0.7867,False
French,震卦-dynamic,o,-1.01,6,0.1045,0.7983,False
French,乾卦-dynamic,m,0.825,30,0.1045,0.7983,False
French,離卦-dynamic,e,0.802,112,0.1095,0.7983,False
French,中卦-static,w,0.791,18,0.1095,0.7983,False
French,離卦-static,a,0.746,62,0.1095,0.7983,False
French,震卦-static,ʁ,-0.564,96,0.1095,0.7983,False
French,中卦-static,ʁ,-0.546,108,0.1095,0.7983,False
French,艮卦-dynamic,s,0.664,74,0.1144,0.8204,False
French,震卦-static,a,0.601,103,0.1144,0.8204,False
French,中卦-static,o,-0.66,19,0.1194,0.828,False
French,離卦-dynamic,ʁ,0.621,143,0.1194,0.828,False
French,艮卦-dynamic,b,0.904,35,0.1244,0.8351,False
French,乾卦-static,ʁ,-0.856,21,0.1244,0.8351,False
French,中卦-static,v,-0.665,9,0.1244,0.8351,False
French,巽卦-static,ə,1.623,5,0.1343,0.8418,False
French,坤卦-dynamic,ø,0.882,10,0.1343,0.8418,False
French,離卦-dynamic,b,-0.862,10,0.1294,0.8418,False
French,離卦-dynamic,ɛ̃,0.828,15,0.1294,0.8418,False
French,震卦-static,n,0.783,38,0.1343,0.8418,False
French,震卦-static,v,-0.734,7,0.1294,0.8418,False
French,坤卦-dynamic,k,-0.585,28,0.1343,0.8418,False
French,巽卦-static,z,1.559,3,0.1443,0.8471,False
French,坎卦-dynamic,ɑ̃,1.401,10,0.1443,0.8471,False
French,坎卦-static,d,1.103,12,0.1393,0.8471,False
French,艮卦-static,k,0.92,19,0.1493,0.8471,False
French,震卦-dynamic,d,0.855,26,0.1493,0.8471,False
French,艮卦-static,l,0.846,27,0.1542,0.8471,False
French,乾卦-dynamic,ɡ,0.835,19,0.1542,0.8471,False
French,艮卦-static,e,-0.822,10,0.1592,0.8471,False
French,離卦-static,ɛ,-0.804,16,0.1493,0.8471,False
French,離卦-static,m,0.747,23,0.1542,0.8471,False
French,中卦-static,z,-0.684,7,0.1443,0.8471,False
French,坤卦-dynamic,ɑ̃,0.668,48,0.1592,0.8471,False
French,震卦-static,ə,-0.666,5,0.1592,0.8471,False
French,兌卦-dynamic,s,-0.581,37,0.1542,0.8471,False
French,坤卦-static,w,1.735,3,0.1692,0.8621,False
French,巽卦-static,o,1.422,9,0.1692,0.8621,False
French,坎卦-dynamic,u,1.374,5,0.1692,0.8621,False
French,震卦-dynamic,z,0.912,9,0.1741,0.8665,False
French,艮卦-static,d,-0.903,4,0.194,0.9069,False
French,震卦-dynamic,f,-0.823,7,0.194,0.9069,False
French,離卦-dynamic,u,-0.787,11,0.1891,0.9069,False
French,艮卦-dynamic,ə,0.78,22,0.1891,0.9069,False
French,中卦-static,n,-0.521,18,0.194,0.9069,False
French,兌卦-static,f,1.485,3,0.2537,0.9082,False
French,坎卦-dynamic,ɛ̃,1.396,3,0.2338,0.9082,False
French,巽卦-static,ɛ̃,1.333,3,0.204,0.9082,False
French,坎卦-static,ʃ,1.068,6,0.2488,0.9082,False
French,坎卦-static,ɔ,0.961,7,0.199,0.9082,False
French,巽卦-static,e,-0.885,5,0.2587,0.9082,False
French,巽卦-static,l,0.874,15,0.2139,0.9082,False
French,坎卦-static,s,0.813,19,0.2189,0.9082,False
French,乾卦-dynamic,œ,0.782,9,0.2338,0.9082,False
French,兌卦-dynamic,ə,0.776,18,0.209,0.9082,False
French,離卦-static,u,0.753,15,0.2139,0.9082,False
French,艮卦-static,s,-0.714,12,0.2289,0.9082,False
French,震卦-dynamic,ʒ,-0.71,4,0.2239,0.9082,False
French,離卦-static,ɑ̃,-0.694,10,0.2388,0.9082,False
French,艮卦-dynamic,f,-0.668,14,0.2438,0.9082,False
French,乾卦-dynamic,k,-0.662,19,0.2537,0.9082,False
French,坤卦-dynamic,ə,-0.661,5,0.204,0.9082,False
French,艮卦-dynamic,ɛ̃,0.644,14,0.2338,0.9082,False
French,兌卦-dynamic,b,-0.636,11,0.2289,0.9082,False
French,乾卦-dynamic,p,-0.629,17,0.199,0.9082,False
French,兌卦-dynamic,n,0.618,29,0.199,0.9082,False
French,兌卦-dynamic,y,0.606,30,0.2388,0.9082,False
French,震卦-static,ʒ,0.598,20,0.2587,0.9082,False
French,中卦-static,ɔ̃,0.577,21,0.2289,0.9082,False
French,震卦-static,ɛ̃,-0.559,5,0.2239,0.9082,False
French,兌卦-dynamic,l,-0.502,33,0.2189,0.9082,False
French,震卦-static,i,-0.496,49,0.209,0.9082,False
French,艮卦-dynamic,e,0.48,99,0.2537,0.9082,False
French,乾卦-dynamic,a,0.465,70,0.2537,0.9082,False
French,震卦-static,s,-0.449,48,0.2289,0.9082,False
French,乾卦-static,n,0.893,10,0.2637,0.9142,False
French,艮卦-dynamic,y,-0.618,15,0.2637,0.9142,False
French,坎卦-dynamic,d,0.921,7,0.2736,0.915,False
French,巽卦-static,s,-0.876,6,0.2736,0.915,False
French,坎卦-dynamic,s,0.856,12,0.2836,0.915,False
French,艮卦-static,ɔ̃,0.814,6,0.2736,0.915,False
French,乾卦-static,k,-0.758,6,0.2985,0.915,False
French,離卦-static,b,-0.709,7,0.2886,0.915,False
French,坎卦-static,e,-0.705,10,0.2935,0.915,False
French,震卦-dynamic,b,0.61,18,0.2687,0.915,False
French,艮卦-dynamic,œ,-0.587,3,0.2985,0.915,False
French,震卦-dynamic,p,0.502,26,0.2985,0.915,False
French,艮卦-dynamic,ɔ,-0.496,9,0.2985,0.915,False
French,震卦-static,ʃ,0.477,17,0.2985,0.915,False
French,乾卦-dynamic,ɛ,0.466,38,0.2935,0.915,False
French,中卦-static,ɑ̃,-0.404,27,0.2886,0.915,False
French,兌卦-dynamic,ʁ,0.386,112,0.2935,0.915,False
French,艮卦-static,œ,0.995,4,0.3134,0.9175,False
French,艮卦-dynamic,z,-0.561,7,0.3035,0.9175,False
French,離卦-dynamic,ɡ,-0.538,6,0.3134,0.9175,False
French,兌卦-dynamic,j,-0.495,16,0.3134,0.9175,False
French,離卦-static,d,-0.488,12,0.3134,0.9175,False
French,兌卦-dynamic,ɑ̃,-0.453,19,0.3085,0.9175,False
French,乾卦-static,ɑ̃,0.814,13,0.3184,0.9194,False
French,震卦-dynamic,a,-0.472,33,0.3184,0.9194,False
French,巽卦-dynamic,e,1.327,8,0.3632,0.9367,False
French,乾卦-static,b,-0.737,3,0.3433,0.9367,False
French,艮卦-static,n,-0.651,4,0.3582,0.9367,False
French,艮卦-static,a,-0.485,16,0.3632,0.9367,False
French,離卦-dynamic,ə,-0.482,7,0.3383,0.9367,False
French,乾卦-dynamic,i,-0.47,36,0.3632,0.9367,False
French,坤卦-dynamic,y,-0.433,18,0.3532,0.9367,False
French,震卦-static,f,-0.431,17,0.3383,0.9367,False
French,坤卦-dynamic,ɡ,-0.406,8,0.3582,0.9367,False
French,艮卦-dynamic,t,-0.406,43,0.3582,0.9367,False
French,巽卦-static,a,-0.6,8,0.3682,0.941,False
French,中卦-static,u,-0.382,17,0.3682,0.941,False
French,艮卦-static,ɔ,0.662,7,0.3731,0.948,False
French,震卦-dynamic,t,-0.388,26,0.3731,0.948,False
French,兌卦-static,a,0.785,8,0.3831,0.9504,False
French,坎卦-static,u,-0.691,3,0.3781,0.9504,False
French,艮卦-static,p,0.554,13,0.3831,0.9504,False
French,震卦-dynamic,m,-0.449,14,0.3831,0.9504,False
French,艮卦-static,ʁ,-0.44,29,0.3831,0.9504,False
French,坤卦-dynamic,f,-0.417,17,0.3831,0.9504,False
French,震卦-static,l,-0.355,46,0.3831,0.9504,False
French,坤卦-static,k,-0.744,3,0.393,0.9555,False
French,兌卦-dynamic,œ,-0.492,3,0.393,0.9555,False
French,艮卦-dynamic,p,0.416,43,0.3881,0.9555,False
French,中卦-static,ɛ,0.335,56,0.393,0.9555,False
French,坎卦-dynamic,m,-0.765,3,0.398,0.962,False
French,巽卦-static,ʁ,-0.579,15,0.398,0.962,False
French,坎卦-static,f,0.775,8,0.403,0.9631,False
French,坤卦-static,m,0.742,5,0.403,0.9631,False
French,坎卦-static,l,-0.59,9,0.408,0.9668,False
French,離卦-dynamic,j,-0.429,20,0.408,0.9668,False
French,坤卦-static,o,0.973,6,0.4229,0.9695,False
French,艮卦-static,m,0.593,11,0.4229,0.9695,False
French,坎卦-dynamic,ʁ,0.556,22,0.4129,0.9695,False
French,乾卦-dynamic,ʒ,0.54,14,0.4129,0.9695,False
French,乾卦-dynamic,o,-0.464,15,0.4229,0.9695,False
French,震卦-static,y,-0.387,19,0.4179,0.9695,False
French,中卦-static,y,0.367,36,0.4179,0.9695,False
French,兌卦-dynamic,ʒ,-0.423,8,0.4279,0.9757,False
French,坎卦-dynamic,y,0.755,6,0.4328,0.9791,False
French,兌卦-dynamic,ɛ̃,-0.415,5,0.4328,0.9791,False
French,坤卦-static,ʁ,-0.538,12,0.4428,0.9963,False
French,巽卦-static,f,0.72,5,0.5473,1.0,False
French,乾卦-static,œ,0.706,3,0.5572,1.0,False
French,坎卦-dynamic,ɔ̃,0.657,3,0.4776,1.0,False
French,巽卦-static,u,0.651,4,0.4826,1.0,False
French,乾卦-static,j,0.615,9,0.5075,1.0,False
French,巽卦-static,ɔ̃,0.605,3,0.5323,1.0,False
French,坎卦-dynamic,t,-0.597,4,0.5174,1.0,False
French,巽卦-static,m,0.575,6,0.4627,1.0,False
French,坎卦-static,o,0.562,10,0.4876,1.0,False
French,巽卦-static,t,-0.532,5,0.4776,1.0,False
French,坎卦-dynamic,o,-0.529,3,0.5821,1.0,False
French,坎卦-dynamic,l,-0.528,6,0.5274,1.0,False
French,坤卦-static,l,0.514,10,0.5622,1.0,False
French,乾卦-static,f,-0.513,4,0.5373,1.0,False
French,艮卦-static,v,-0.511,3,0.4975,1.0,False
French,艮卦-static,u,-0.51,4,0.4627,1.0,False
French,巽卦-static,ʒ,0.506,3,0.5771,1.0,False
French,坎卦-dynamic,p,-0.495,4,0.4925,1.0,False
French,巽卦-static,d,0.492,6,0.597,1.0,False
French,坎卦-dynamic,v,0.489,4,0.6517,1.0,False
French,坎卦-static,a,-0.462,14,0.4776,1.0,False
French,兌卦-static,i,0.457,6,0.6219,1.0,False
French,巽卦-static,v,0.449,4,0.6269,1.0,False
French,坎卦-dynamic,ɛ,0.435,8,0.5473,1.0,False
French,震卦-static,œ,0.424,10,0.4577,1.0,False
French,艮卦-static,f,0.42,8,0.5771,1.0,False
French,乾卦-static,ɛ,0.42,13,0.5771,1.0,False
French,乾卦-dynamic,b,-0.401,12,0.4478,1.0,False
French,離卦-dynamic,ʃ,-0.397,6,0.4478,1.0,False
French,艮卦-static,ɑ̃,-0.393,7,0.5672,1.0,False
French,坤卦-static,i,0.392,10,0.6567,1.0,False
French,離卦-static,v,-0.391,7,0.592,1.0,False
French,離卦-static,i,-0.388,30,0.4677,1.0,False
French,巽卦-static,y,-0.383,3,0.6866,1.0,False
French,離卦-static,z,0.379,7,0.5672,1.0,False
French,震卦-dynamic,ɛ̃,0.377,7,0.5174,1.0,False
French,兌卦-dynamic,ɡ,-0.377,7,0.4577,1.0,False
French,震卦-static,ɔ̃,0.375,17,0.4627,1.0,False
French,震卦-dynamic,ɔ,0.368,12,0.5672,1.0,False
French,乾卦-dynamic,l,0.365,54,0.4627,1.0,False
French,中卦-static,ɔ,-0.363,12,0.4925,1.0,False
French,離卦-static,ʒ,0.362,10,0.5423,1.0,False
French,離卦-dynamic,ɔ,0.362,20,0.5025,1.0,False
French,兌卦-dynamic,k,-0.358,28,0.4527,1.0,False
French,坎卦-static,t,0.354,27,0.5323,1.0,False
French,巽卦-static,n,-0.346,3,0.6318,1.0,False
French,離卦-dynamic,w,0.342,12,0.4876,1.0,False
French,震卦-dynamic,ʃ,-0.34,4,0.6169,1.0,False
French,離卦-static,ə,-0.34,5,0.5821,1.0,False
French,巽卦-static,j,0.339,5,0.7512,1.0,False
French,坎卦-static,ʁ,0.337,33,0.5423,1.0,False
French,離卦-dynamic,v,0.325,23,0.5821,1.0,False
French,離卦-dynamic,f,-0.323,18,0.4925,1.0,False
French,中卦-static,ʒ,-0.321,12,0.4975,1.0,False
French,坤卦-dynamic,ʒ,0.317,17,0.5522,1.0,False
French,乾卦-static,e,-0.314,15,0.6517,1.0,False
French,艮卦-dynamic,ʃ,0.312,15,0.5473,1.0,False
French,中卦-static,t,-0.312,57,0.4527,1.0,False
French,震卦-dynamic,l,-0.309,28,0.5622,1.0,False
French,坤卦-static,d,-0.308,3,0.7512,1.0,False
French,坤卦-dynamic,j,0.308,31,0.5572,1.0,False
French,兌卦-dynamic,d,-0.306,20,0.5174,1.0,False
French,乾卦-static,a,-0.302,16,0.5473,1.0,False
French,艮卦-dynamic,ʒ,-0.3,11,0.5323,1.0,False
French,中卦-static,ø,0.297,8,0.5025,1.0,False
French,乾卦-dynamic,f,0.297,19,0.5622,1.0,False
French,坤卦-dynamic,œ,-0.289,5,0.5124,1.0,False
French,巽卦-static,ɛ,-0.289,6,0.7264,1.0,False
French,兌卦-dynamic,a,-0.288,53,0.5672,1.0,False
French,震卦-dynamic,k,-0.284,21,0.5672,1.0,False
French,離卦-dynamic,k,0.276,49,0.5124,1.0,False
French,坤卦-static,s,0.275,8,0.7711,1.0,False
French,震卦-static,k,0.275,50,0.5124,1.0,False
French,坤卦-dynamic,d,0.274,34,0.5224,1.0,False
French,坤卦-dynamic,t,-0.273,54,0.5025,1.0,False
French,離卦-static,ø,0.273,4,0.6965,1.0,False
French,離卦-static,l,-0.272,28,0.592,1.0,False
French,震卦-dynamic,j,0.27,18,0.6517,1.0,False
French,乾卦-dynamic,y,0.268,22,0.6517,1.0,False
French,巽卦-static,i,-0.267,9,0.7264,1.0,False
French,震卦-dynamic,ɑ̃,0.262,23,0.6418,1.0,False
French,乾卦-dynamic,ɛ̃,0.261,8,0.6965,1.0,False
French,震卦-dynamic,n,-0.26,12,0.6418,1.0,False
French,乾卦-static,t,-0.259,14,0.7015,1.0,False
French,兌卦-dynamic,t,-0.257,46,0.5672,1.0,False
French,離卦-static,œ,-0.255,3,0.7214,1.0,False
French,坤卦-dynamic,s,-0.253,52,0.592,1.0,False
French,巽卦-dynamic,s,-0.253,3,0.796,1.0,False
French,離卦-static,ʁ,0.252,74,0.6269,1.0,False
French,乾卦-dynamic,ɑ̃,-0.248,20,0.6169,1.0,False
French,坤卦-dynamic,ʃ,0.247,14,0.6219,1.0,False
French,艮卦-dynamic,k,-0.246,37,0.597,1.0,False
French,震卦-dynamic,e,0.246,51,0.597,1.0,False
French,離卦-static,f,-0.245,11,0.7065,1.0,False
French,中卦-static,œ,-0.242,6,0.607,1.0,False
French,中卦-static,ʃ,-0.241,9,0.6219,1.0,False
French,兌卦-dynamic,f,-0.241,16,0.6517,1.0,False
French,離卦-dynamic,ɑ̃,0.24,38,0.6318,1.0,False
French,坤卦-dynamic,a,-0.235,66,0.4826,1.0,False
French,離卦-dynamic,ʒ,0.234,16,0.6667,1.0,False
French,巽卦-static,b,0.228,4,0.8109,1.0,False
French,坎卦-static,k,0.224,12,0.7413,1.0,False
French,中卦-static,ɡ,-0.224,12,0.6368,1.0,False
French,離卦-static,j,0.216,17,0.6915,1.0,False
French,艮卦-dynamic,ɛ,0.213,48,0.6716,1.0,False
French,震卦-dynamic,ɡ,0.206,10,0.7562,1.0,False
French,震卦-dynamic,y,-0.204,13,0.7363,1.0,False
French,乾卦-dynamic,v,-0.204,11,0.7114,1.0,False
French,艮卦-dynamic,a,0.202,86,0.6269,1.0,False
French,艮卦-dynamic,o,-0.2,26,0.6716,1.0,False
French,中卦-static,f,0.199,28,0.7164,1.0,False
French,離卦-static,p,0.195,22,0.7313,1.0,False
French,震卦-dynamic,u,-0.194,10,0.7711,1.0,False
French,震卦-dynamic,ɔ̃,0.194,9,0.7811,1.0,False
French,乾卦-static,ɔ̃,-0.187,3,0.8358,1.0,False
French,離卦-dynamic,m,-0.186,27,0.7264,1.0,False
French,巽卦-static,p,-0.184,5,0.8308,1.0,False
French,乾卦-dynamic,t,-0.183,45,0.7264,1.0,False
French,離卦-dynamic,d,0.177,32,0.7264,1.0,False
French,艮卦-dynamic,n,-0.176,22,0.7811,1.0,False
French,離卦-dynamic,z,-0.173,9,0.7512,1.0,False
French,坤卦-static,j,-0.169,3,0.8706,1.0,False
French,坤卦-static,ɛ,-0.169,5,0.8657,1.0,False
French,兌卦-dynamic,u,0.168,17,0.7761,1.0,False
French,坎卦-static,ɛ,-0.161,10,0.801,1.0,False
French,乾卦-static,v,-0.16,4,0.8209,1.0,False
French,艮卦-static,b,0.157,7,0.7861,1.0,False
French,坎卦-static,b,0.152,6,0.8557,1.0,False
French,震卦-dynamic,i,-0.147,36,0.7214,1.0,False
French,震卦-static,z,0.145,11,0.796,1.0,False
French,艮卦-dynamic,ɡ,-0.143,12,0.791,1.0,False
French,震卦-static,o,-0.143,27,0.7761,1.0,False
French,震卦-static,t,-0.142,66,0.7413,1.0,False
French,坤卦-dynamic,w,-0.141,8,0.8109,1.0,False
French,離卦-dynamic,s,-0.14,54,0.7761,1.0,False
French,乾卦-static,i,0.137,18,0.8408,1.0,False
French,離卦-static,y,0.136,16,0.8507,1.0,False
French,坎卦-dynamic,i,0.134,11,0.8358,1.0,False
French,離卦-static,t,-0.131,38,0.8109,1.0,False
French,兌卦-dynamic,p,-0.128,27,0.8259,1.0,False
French,坎卦-static,ɡ,-0.127,3,0.8905,1.0,False
French,艮卦-dynamic,j,-0.126,25,0.7313,1.0,False
French,離卦-dynamic,a,-0.125,70,0.791,1.0,False
French,兌卦-dynamic,ɛ,-0.125,34,0.7662,1.0,False
French,艮卦-dynamic,ʁ,-0.124,115,0.7761,1.0,False
French,乾卦-static,m,0.124,8,0.8607,1.0,False
French,離卦-static,ɡ,0.122,9,0.8408,1.0,False
French,坤卦-dynamic,p,0.12,37,0.8507,1.0,False
French,坤卦-static,e,0.118,10,0.9104,1.0,False
French,兌卦-static,e,-0.118,5,0.8557,1.0,False
French,坤卦-dynamic,l,-0.117,55,0.7313,1.0,False
French,離卦-dynamic,ɛ,0.116,45,0.8507,1.0,False
French,乾卦-static,l,-0.111,14,0.8408,1.0,False
French,震卦-dynamic,ø,-0.11,3,0.8905,1.0,False
French,艮卦-dynamic,ɑ̃,-0.109,31,0.8209,1.0,False
French,乾卦-dynamic,ʃ,-0.109,7,0.8507,1.0,False
French,兌卦-dynamic,ʃ,-0.108,8,0.8209,1.0,False
French,乾卦-dynamic,d,-0.108,20,0.8607,1.0,False
French,震卦-static,ɑ̃,-0.104,31,0.8607,1.0,False
French,艮卦-static,t,0.099,25,0.8955,1.0,False
French,離卦-dynamic,o,0.098,31,0.8408,1.0,False
French,乾卦-dynamic,u,-0.098,13,0.8706,1.0,False
French,巽卦-dynamic,t,-0.097,4,0.9453,1.0,False
French,乾卦-static,o,-0.096,7,0.9254,1.0,False
French,坤卦-static,a,0.093,10,0.9303,1.0,False
French,離卦-static,n,0.093,15,0.9154,1.0,False
French,震卦-dynamic,w,-0.088,5,0.9154,1.0,False
French,中卦-static,l,0.084,71,0.8557,1.0,False
French,艮卦-static,y,-0.078,7,0.9104,1.0,False
French,艮卦-dynamic,w,0.077,10,0.8955,1.0,False
French,震卦-dynamic,ʁ,0.077,72,0.8507,1.0,False
French,艮卦-dynamic,ɔ̃,-0.076,13,0.8657,1.0,False
French,兌卦-dynamic,m,-0.072,24,0.9055,1.0,False
French,坎卦-dynamic,e,-0.071,11,0.8955,1.0,False
French,兌卦-dynamic,i,0.068,57,0.8856,1.0,False
French,震卦-static,ɛ,0.067,45,0.8756,1.0,False
French,中卦-static,a,0.066,89,0.8458,1.0,False
French,乾卦-dynamic,s,-0.065,41,0.8955,1.0,False
French,震卦-static,ɡ,0.064,15,0.8806,1.0,False
French,坤卦-dynamic,ʁ,-0.061,116,0.9204,1.0,False
French,中卦-static,i,0.061,77,0.8507,1.0,False
French,乾卦-static,s,0.061,15,0.9204,1.0,False
French,巽卦-static,k,0.057,7,0.9502,1.0,False
French,艮卦-dynamic,i,0.054,69,0.9303,1.0,False
French,坎卦-static,ə,-0.052,3,0.9552,1.0,False
French,離卦-static,ɔ̃,0.052,8,0.9104,1.0,False
French,坎卦-static,i,-0.051,16,0.9154,1.0,False
French,艮卦-dynamic,l,-0.037,59,0.9254,1.0,False
French,震卦-dynamic,ɛ,0.037,26,0.9701,1.0,False
French,坤卦-static,n,-0.036,3,0.9552,1.0,False
French,艮卦-dynamic,v,0.032,19,0.9453,1.0,False
French,坤卦-dynamic,i,-0.031,65,0.9652,1.0,False
French,兌卦-dynamic,o,-0.031,24,0.9403,1.0,False
French,坤卦-static,t,0.027,10,0.9652,1.0,False
French,乾卦-dynamic,ə,-0.026,9,0.9751,1.0,False
French,坤卦-dynamic,o,-0.024,29,0.9403,1.0,False
French,離卦-dynamic,t,0.024,79,0.9552,1.0,False
French,離卦-dynamic,n,-0.022,24,0.9751,1.0,False
French,離卦-static,ɔ,0.02,9,0.99,1.0,False
French,兌卦-dynamic,ɔ,0.015,13,0.9801,1.0,False
French,坤卦-dynamic,z,-0.012,10,0.9851,1.0,False
French,離卦-dynamic,i,-0.012,65,0.9701,1.0,False
French,艮卦-static,ɡ,-0.007,4,0.995,1.0,False
French,中卦-static,d,-0.002,33,1.0,1.0,False
French,坤卦-dynamic,b,-0.001,22,0.99,1.0,False
German,兌卦-static,ʏ,3.63,6,0.005,0.2799,False
German,坤卦-static,a,2.781,16,0.005,0.2799,False
German,震卦-static,p͡f,2.72,5,0.005,0.2799,False
German,離卦-static,p,2.625,26,0.005,0.2799,False
German,乾卦-dynamic,ʊ͡ɐ,2.609,6,0.005,0.2799,False
German,兌卦-dynamic,n,2.43,189,0.005,0.2799,False
German,兌卦-dynamic,ə,2.276,164,0.005,0.2799,False
German,坎卦-dynamic,x,2.262,6,0.005,0.2799,False
German,坎卦-dynamic,ɑ,2.191,18,0.005,0.2799,False
German,震卦-static,b,2.111,53,0.005,0.2799,False
German,坤卦-dynamic,a͡ʊ,2.065,26,0.005,0.2799,False
German,離卦-dynamic,ɛ,1.961,61,0.005,0.2799,False
German,坤卦-dynamic,t,1.826,146,0.005,0.2799,False
German,兌卦-dynamic,a͡ʊ,1.759,18,0.005,0.2799,False
German,中卦-static,c,1.616,60,0.005,0.2799,False
German,中卦-dynamic,i,3.656,7,0.01,0.4264,False
German,坎卦-static,h,2.903,7,0.01,0.4264,False
German,乾卦-static,o,2.508,11,0.01,0.4264,False
German,震卦-dynamic,x,2.005,12,0.01,0.4264,False
German,離卦-dynamic,n,1.638,160,0.01,0.4264,False
German,中卦-dynamic,v,3.435,6,0.0149,0.5268,False
German,巽卦-dynamic,f,3.263,10,0.0149,0.5268,False
German,兌卦-static,ɾ,2.579,14,0.0199,0.5268,False
German,乾卦-static,z,2.507,11,0.0199,0.5268,False
German,兌卦-dynamic,ø,1.899,6,0.0199,0.5268,False
German,乾卦-dynamic,o,1.722,32,0.0149,0.5268,False
German,中卦-static,a͡ɪ,1.444,56,0.0199,0.5268,False
German,乾卦-static,j,2.693,3,0.0249,0.5461,False
German,兌卦-dynamic,t,-1.355,36,0.0249,0.5461,False
German,震卦-static,o,1.29,34,0.0249,0.5461,False
German,中卦-static,t,1.26,125,0.0249,0.5461,False
German,坤卦-dynamic,ə,-1.137,55,0.0249,0.5461,False
German,兌卦-dynamic,ɜ,-1.62,5,0.0299,0.6397,False
German,震卦-dynamic,p͡f,1.97,3,0.0398,0.6513,False
German,離卦-static,ø,1.745,3,0.0398,0.6513,False
German,艮卦-dynamic,ʃ,1.449,52,0.0348,0.6513,False
German,乾卦-dynamic,j,1.443,7,0.0348,0.6513,False
German,艮卦-dynamic,n,1.364,153,0.0398,0.6513,False
German,震卦-dynamic,l,-1.33,30,0.0398,0.6513,False
German,震卦-static,a͡ʊ,1.249,16,0.0398,0.6513,False
German,中卦-static,ʊ͡ɐ,1.204,5,0.0398,0.6513,False
German,坤卦-dynamic,a,1.084,70,0.0348,0.6513,False
German,巽卦-static,r,3.086,5,0.0498,0.6585,False
German,坤卦-static,p,2.117,9,0.0498,0.6585,False
German,乾卦-dynamic,p͡f,1.888,3,0.0448,0.6585,False
German,離卦-static,ɔ͡ø,1.691,4,0.0448,0.6585,False
German,艮卦-static,ŋ,1.579,9,0.0448,0.6585,False
German,離卦-static,ʃ,1.545,27,0.0448,0.6585,False
German,離卦-dynamic,t͡s,1.376,27,0.0498,0.6585,False
German,乾卦-dynamic,m,1.361,43,0.0498,0.6585,False
German,震卦-static,ɛ,-1.155,21,0.0498,0.6585,False
German,兌卦-dynamic,s,-1.127,15,0.0498,0.6585,False
German,乾卦-static,m,2.262,15,0.0547,0.6656,False
German,坎卦-dynamic,f,-1.9,5,0.0547,0.6656,False
German,乾卦-dynamic,ə,-1.25,33,0.0547,0.6656,False
German,乾卦-dynamic,t,1.15,83,0.0547,0.6656,False
German,離卦-dynamic,l,-1.439,34,0.0597,0.6716,False
German,離卦-static,a,1.314,30,0.0597,0.6716,False
German,乾卦-dynamic,ɑ,1.043,29,0.0597,0.6716,False
German,中卦-static,t͡s,0.955,29,0.0597,0.6716,False
German,震卦-static,e,0.996,26,0.0647,0.7099,False
German,巽卦-static,ɜ,2.67,4,0.0796,0.7386,False
German,巽卦-dynamic,ʊ,2.449,7,0.0697,0.7386,False
German,兌卦-static,k,2.152,17,0.0746,0.7386,False
German,乾卦-static,ɛ,1.877,14,0.0796,0.7386,False
German,艮卦-static,e,1.485,12,0.0746,0.7386,False
German,離卦-dynamic,ɑ,-1.312,7,0.0746,0.7386,False
German,離卦-dynamic,ɾ,1.101,61,0.0796,0.7386,False
German,坤卦-dynamic,a͡ɪ,-1.025,8,0.0796,0.7386,False
German,艮卦-dynamic,ə,1.009,125,0.0746,0.7386,False
German,震卦-static,ɡ,0.986,35,0.0746,0.7386,False
German,中卦-static,ə,-0.886,65,0.0746,0.7386,False
German,中卦-static,f,-0.833,32,0.0746,0.7386,False
German,坎卦-static,ɡ,2.152,8,0.0846,0.7537,False
German,艮卦-static,ɔ͡ø,1.531,3,0.0846,0.7537,False
German,乾卦-dynamic,ɜ,1.294,35,0.0846,0.7537,False
German,兌卦-dynamic,ɛ,1.053,48,0.0846,0.7537,False
German,巽卦-dynamic,u,2.16,3,0.0995,0.7645,False
German,乾卦-static,ɪ,1.756,19,0.0995,0.7645,False
German,乾卦-static,ə,-1.726,5,0.0896,0.7645,False
German,艮卦-static,m,1.368,21,0.0995,0.7645,False
German,坎卦-dynamic,j,1.349,3,0.1045,0.7645,False
German,乾卦-dynamic,s,1.178,35,0.0995,0.7645,False
German,離卦-dynamic,s,-1.157,15,0.0945,0.7645,False
German,震卦-dynamic,ɔ͡ø,1.134,5,0.0945,0.7645,False
German,震卦-dynamic,e,1.083,21,0.0995,0.7645,False
German,乾卦-dynamic,ɔ͡ø,1.065,5,0.1045,0.7645,False
German,震卦-static,ɜ,-0.954,14,0.1045,0.7645,False
German,兌卦-dynamic,k,-0.951,22,0.0945,0.7645,False
German,坤卦-dynamic,ɔ͡ø,0.923,7,0.1045,0.7645,False
German,兌卦-dynamic,b,0.866,34,0.0945,0.7645,False
German,中卦-static,k,-0.822,32,0.0896,0.7645,False
German,震卦-static,n,-0.815,60,0.1095,0.7881,False
German,乾卦-dynamic,d,-1.009,10,0.1144,0.8109,False
German,巽卦-static,ɔ,2.436,3,0.1244,0.8292,False
German,乾卦-static,e,1.604,7,0.1244,0.8292,False
German,乾卦-dynamic,e,0.983,21,0.1244,0.8292,False
German,震卦-dynamic,ɛ,0.927,39,0.1194,0.8292,False
German,艮卦-dynamic,s,-0.849,19,0.1244,0.8292,False
German,兌卦-dynamic,a,-0.963,26,0.1294,0.8436,False
German,震卦-static,a͡ɪ,-0.815,10,0.1294,0.8436,False
German,艮卦-dynamic,t͡s,-0.78,8,0.1343,0.8574,False
German,坤卦-static,ɛ,-1.566,3,0.1393,0.8706,False
German,艮卦-dynamic,a,-0.919,28,0.1393,0.8706,False
German,震卦-static,ɾ,0.822,60,0.1393,0.8706,False
German,坎卦-dynamic,ʃ,-1.269,3,0.1443,0.8894,False
German,艮卦-dynamic,ʊ,-0.838,8,0.1443,0.8894,False
German,巽卦-static,a͡ɪ,2.291,4,0.1493,0.8955,False
German,兌卦-static,l,1.682,18,0.1493,0.8955,False
German,離卦-static,n,-1.215,21,0.1542,0.9132,False
German,乾卦-dynamic,ɡ,-0.905,9,0.1542,0.9132,False
German,兌卦-dynamic,d,-0.862,13,0.1592,0.9365,False
German,中卦-dynamic,c,2.499,4,0.1841,0.9595,False
German,中卦-dynamic,d,2.485,3,0.1791,0.9595,False
German,中卦-dynamic,ɪ,2.397,6,0.194,0.9595,False
German,巽卦-dynamic,ʃ,1.989,8,0.1692,0.9595,False
German,坎卦-static,ʊ,1.692,7,0.1692,0.9595,False
German,兌卦-static,ɔ,1.625,6,0.1841,0.9595,False
German,離卦-static,z,-1.074,4,0.194,0.9595,False
German,離卦-dynamic,d,0.931,32,0.1692,0.9595,False
German,震卦-dynamic,j,0.86,5,0.1841,0.9595,False
German,兌卦-dynamic,ɪ,-0.86,19,0.1841,0.9595,False
German,兌卦-dynamic,ɑ,-0.854,12,0.1891,0.9595,False
German,兌卦-dynamic,ɔ,-0.82,8,0.1692,0.9595,False
German,艮卦-dynamic,e,-0.78,10,0.1841,0.9595,False
German,震卦-static,f,-0.663,29,0.194,0.9595,False
German,坤卦-dynamic,e,0.649,28,0.1692,0.9595,False
German,中卦-static,i,-0.644,18,0.1791,0.9595,False
German,中卦-dynamic,k,2.066,6,0.2985,0.973,False
German,巽卦-static,ɡ,1.835,3,0.2637,0.973,False
German,巽卦-static,k,1.689,6,0.3483,0.973,False
German,巽卦-dynamic,t͡s,1.654,4,0.2537,0.973,False
German,兌卦-static,s,1.648,8,0.2289,0.973,False
German,巽卦-dynamic,l,1.629,14,0.2637,0.973,False
German,坎卦-static,u,1.381,3,0.3184,0.973,False
German,巽卦-static,c,1.372,3,0.5075,0.973,False
German,坎卦-static,l,-1.37,6,0.2836,0.973,False
German,兌卦-static,b,1.327,7,0.2786,0.973,False
German,坤卦-static,z,1.325,7,0.2289,0.973,False
German,兌卦-static,n,-1.211,7,0.3483,0.973,False
German,兌卦-static,a,-1.21,4,0.2587,0.973,False
German,兌卦-static,ʊ,1.189,6,0.2488,0.973,False
German,坎卦-static,m,1.156,8,0.408,0.973,False
German,乾卦-static,d,1.144,8,0.2687,0.973,False
German,坤卦-static,a͡ʊ,1.143,3,0.2736,0.973,False
German,巽卦-dynamic,ɔ,1.137,4,0.4577,0.973,False
German,乾卦-static,t,-1.108,10,0.2985,0.973,False
German,兌卦-static,ɑ,1.105,6,0.2886,0.973,False
German,乾卦-static,c,1.094,9,0.2836,0.973,False
German,坎卦-static,ɪ,1.076,11,0.4428,0.973,False
German,坎卦-static,ŋ,1.045,3,0.3532,0.973,False
German,坎卦-dynamic,n,1.016,51,0.2438,0.973,False
German,艮卦-static,l,1.011,37,0.2537,0.973,False
German,坎卦-dynamic,t͡s,0.999,9,0.2886,0.973,False
German,坤卦-static,s,0.983,8,0.3383,0.973,False
German,兌卦-static,ɪ,-0.945,3,0.3831,0.973,False
German,乾卦-static,s,0.944,9,0.3532,0.973,False
German,坤卦-static,t,0.942,19,0.4129,0.973,False
German,坎卦-dynamic,a͡ɪ,0.925,14,0.3831,0.973,False
German,坎卦-static,z,0.922,5,0.4876,0.973,False
German,兌卦-static,ɛ,-0.913,4,0.4726,0.973,False
German,坎卦-static,k,-0.901,4,0.4776,0.973,False
German,乾卦-static,h,0.901,5,0.4527,0.973,False
German,艮卦-static,z,-0.897,4,0.2935,0.973,False
German,離卦-dynamic,ʃ,-0.879,14,0.209,0.973,False
German,乾卦-static,b,-0.864,3,0.4726,0.973,False
German,乾卦-static,l,-0.86,11,0.4328,0.973,False
German,坤卦-static,c,0.853,7,0.4129,0.973,False
German,兌卦-static,m,-0.828,3,0.4378,0.973,False
German,震卦-dynamic,ø,0.822,3,0.2338,0.973,False
German,坎卦-dynamic,b,0.818,13,0.3831,0.973,False
German,坎卦-dynamic,t,0.811,34,0.3532,0.973,False
German,乾卦-dynamic,l,-0.81,41,0.2338,0.973,False
German,離卦-static,a͡ɪ,-0.809,5,0.2687,0.973,False
German,離卦-dynamic,k,-0.808,26,0.204,0.973,False
German,艮卦-dynamic,ʏ,0.794,13,0.199,0.973,False
German,震卦-static,u,-0.791,6,0.204,0.973,False
German,艮卦-static,v,-0.789,3,0.3085,0.973,False
German,艮卦-dynamic,u,-0.773,6,0.2239,0.973,False
German,乾卦-dynamic,ɾ,0.764,48,0.204,0.973,False
German,乾卦-dynamic,c,-0.747,4,0.2786,0.973,False
German,震卦-dynamic,c,-0.738,4,0.2438,0.973,False
German,乾卦-dynamic,ɪ,-0.737,19,0.2736,0.973,False
German,艮卦-static,a͡ɪ,0.733,14,0.3731,0.973,False
German,坎卦-dynamic,ɜ,0.729,13,0.4179,0.973,False
German,離卦-static,l,0.726,43,0.3134,0.973,False
German,離卦-static,t͡s,0.724,11,0.3483,0.973,False
German,坤卦-static,ɜ,0.723,7,0.4279,0.973,False
German,離卦-static,ɾ,0.723,29,0.3582,0.973,False
German,乾卦-dynamic,u,0.718,12,0.2736,0.973,False
German,艮卦-dynamic,z,-0.715,12,0.2289,0.973,False
German,坎卦-dynamic,r,-0.708,4,0.4577,0.973,False
German,坎卦-dynamic,ə,0.707,42,0.4776,0.973,False
German,離卦-static,b,0.707,17,0.3433,0.973,False
German,震卦-static,ɔ,0.706,26,0.2139,0.973,False
German,離卦-dynamic,u,0.7,14,0.3234,0.973,False
German,離卦-dynamic,ə,0.699,110,0.3035,0.973,False
German,離卦-dynamic,ŋ,-0.698,5,0.3134,0.973,False
German,艮卦-static,ɾ,0.695,23,0.4179,0.973,False
German,離卦-static,c,-0.688,3,0.4129,0.973,False
German,震卦-static,ʊ͡ɐ,0.675,3,0.2786,0.973,False
German,坎卦-dynamic,ɾ,-0.674,14,0.4776,0.973,False
German,離卦-dynamic,ʊ,-0.671,10,0.3383,0.973,False
German,中卦-static,n,-0.669,79,0.2189,0.973,False
German,震卦-dynamic,t͡s,0.666,17,0.2886,0.973,False
German,艮卦-static,ɑ,-0.662,6,0.4478,0.973,False
German,艮卦-static,ɪ,-0.661,10,0.408,0.973,False
German,離卦-static,d,-0.659,8,0.4129,0.973,False
German,震卦-dynamic,ɜ,-0.657,14,0.3035,0.973,False
German,離卦-dynamic,m,-0.656,20,0.2985,0.973,False
German,兌卦-dynamic,r,0.647,32,0.2836,0.973,False
German,坤卦-dynamic,ŋ,0.641,19,0.2338,0.973,False
German,艮卦-static,d,0.637,12,0.4279,0.973,False
German,兌卦-dynamic,l,-0.635,51,0.2886,0.973,False
German,震卦-dynamic,k,-0.629,25,0.3383,0.973,False
German,坤卦-dynamic,f,-0.625,36,0.209,0.973,False
German,坎卦-dynamic,s,-0.62,8,0.5075,0.973,False
German,艮卦-static,ɡ,0.618,12,0.4627,0.973,False
German,震卦-dynamic,ɑ,0.617,24,0.3333,0.973,False
German,坎卦-dynamic,z,0.615,10,0.4627,0.973,False
German,中卦-static,ɔ,-0.614,13,0.2239,0.973,False
German,艮卦-static,c,-0.609,3,0.4129,0.973,False
German,中卦-static,ɾ,-0.609,47,0.209,0.973,False
German,乾卦-dynamic,n,-0.609,56,0.3134,0.973,False
German,震卦-dynamic,ɪ,-0.602,21,0.2985,0.973,False
German,兌卦-dynamic,x,0.602,8,0.3333,0.973,False
German,坎卦-dynamic,h,0.601,7,0.5124,0.973,False
German,坎卦-dynamic,ɔ,0.601,9,0.4876,0.973,False
German,乾卦-dynamic,a͡ɪ,-0.598,11,0.4279,0.973,False
German,兌卦-dynamic,ɾ,-0.597,37,0.3383,0.973,False
German,坤卦-dynamic,ø,0.595,4,0.2537,0.973,False
German,震卦-dynamic,v,0.595,30,0.3284,0.973,False
German,離卦-static,ŋ,-0.592,3,0.4478,0.973,False
German,艮卦-static,k,-0.59,13,0.4677,0.973,False
German,中卦-static,ɪ,0.589,67,0.204,0.973,False
German,乾卦-dynamic,ɔ,0.588,20,0.3582,0.973,False
German,震卦-static,c,-0.587,8,0.2786,0.973,False
German,乾卦-dynamic,f,0.587,36,0.3731,0.973,False
German,離卦-static,ɑ,-0.581,8,0.4179,0.973,False
German,艮卦-dynamic,l,-0.579,55,0.3433,0.973,False
German,兌卦-dynamic,ʊ,-0.577,11,0.398,0.973,False
German,坤卦-dynamic,s,0.571,44,0.2935,0.973,False
German,坎卦-dynamic,ɪ,-0.57,10,0.5124,0.973,False
German,離卦-static,k,0.567,31,0.4776,0.973,False
German,震卦-static,z,-0.561,14,0.3234,0.973,False
German,離卦-static,f,-0.557,15,0.4876,0.973,False
German,兌卦-dynamic,c,-0.557,8,0.3532,0.973,False
German,兌卦-dynamic,f,0.554,41,0.403,0.973,False
German,中卦-static,ɛ,0.552,53,0.2736,0.973,False
German,離卦-static,t,0.543,43,0.5025,0.973,False
German,坤卦-dynamic,n,-0.541,88,0.2886,0.973,False
German,兌卦-dynamic,u,-0.533,7,0.393,0.973,False
German,離卦-dynamic,t,-0.522,57,0.4179,0.973,False
German,震卦-dynamic,b,0.521,25,0.3582,0.973,False
German,中卦-static,j,0.516,6,0.2736,0.973,False
German,艮卦-dynamic,x,0.512,8,0.3731,0.973,False
German,震卦-static,a,0.507,49,0.3284,0.973,False
German,震卦-dynamic,a,-0.507,27,0.3731,0.973,False
German,離卦-static,ɡ,-0.504,8,0.5075,0.973,False
German,中卦-static,v,0.5,43,0.2736,0.973,False
German,震卦-static,p,0.496,25,0.3433,0.973,False
German,中卦-static,m,-0.495,28,0.3134,0.973,False
German,離卦-dynamic,a͡ɪ,0.493,30,0.4627,0.973,False
German,震卦-dynamic,a͡ɪ,-0.492,12,0.4428,0.973,False
German,中卦-static,u,0.488,16,0.3184,0.973,False
German,震卦-dynamic,ə,0.482,84,0.4378,0.973,False
German,離卦-dynamic,r,0.482,30,0.4726,0.973,False
German,離卦-static,ɜ,-0.476,10,0.4826,0.973,False
German,離卦-dynamic,ɔ,-0.469,12,0.4876,0.973,False
German,兌卦-dynamic,o,-0.469,11,0.4378,0.973,False
German,震卦-dynamic,n,0.459,91,0.4876,0.973,False
German,艮卦-dynamic,f,0.457,42,0.3383,0.973,False
German,艮卦-dynamic,h,-0.456,8,0.4577,0.973,False
German,坤卦-dynamic,ɾ,-0.453,51,0.3731,0.973,False
German,震卦-static,s,-0.453,24,0.4478,0.973,False
German,艮卦-dynamic,ɾ,-0.452,41,0.4478,0.973,False
German,中卦-static,a͡ʊ,-0.445,6,0.393,0.973,False
German,坤卦-dynamic,l,0.444,98,0.398,0.973,False
German,兌卦-dynamic,a͡ɪ,-0.444,15,0.4328,0.973,False
German,兌卦-dynamic,p,-0.442,12,0.5025,0.973,False
German,中卦-static,s,0.439,41,0.3682,0.973,False
German,艮卦-dynamic,m,-0.438,24,0.4677,0.973,False
German,震卦-dynamic,a͡ʊ,-0.436,4,0.4876,0.973,False
German,震卦-dynamic,s,0.435,27,0.4478,0.973,False
German,艮卦-dynamic,k,0.428,58,0.5075,0.973,False
German,中卦-static,ʃ,0.427,43,0.4328,0.973,False
German,坤卦-dynamic,ʏ,-0.422,4,0.4378,0.973,False
German,艮卦-dynamic,b,-0.421,19,0.4975,0.973,False
German,艮卦-dynamic,c,-0.421,11,0.4279,0.973,False
German,震卦-static,m,0.416,38,0.4328,0.973,False
German,中卦-static,ɡ,0.412,33,0.3682,0.973,False
German,坤卦-dynamic,ɛ,0.407,52,0.4129,0.973,False
German,中卦-static,o,-0.405,15,0.4179,0.973,False
German,坤卦-dynamic,b,0.401,37,0.4726,0.973,False
German,中卦-static,ʊ,-0.399,17,0.398,0.973,False
German,震卦-static,ʏ,0.399,10,0.4527,0.973,False
German,震卦-static,ɪ,-0.391,32,0.4378,0.973,False
German,中卦-static,x,0.39,9,0.3831,0.973,False
German,震卦-dynamic,d,-0.388,15,0.4876,0.973,False
German,兌卦-dynamic,i,-0.38,20,0.5124,0.973,False
German,震卦-dynamic,i,-0.37,17,0.4876,0.973,False
German,艮卦-dynamic,d,-0.368,19,0.5124,0.973,False
German,震卦-static,v,-0.364,17,0.4826,0.973,False
German,中卦-static,y,0.358,10,0.393,0.973,False
German,坤卦-dynamic,ɔ,-0.353,17,0.4328,0.973,False
German,艮卦-dynamic,v,-0.35,17,0.4826,0.973,False
German,震卦-static,ə,0.349,102,0.5025,0.973,False
German,坤卦-dynamic,ɑ,0.319,33,0.5075,0.973,False
German,坤卦-dynamic,i,-0.353,27,0.5174,0.9804,False
German,兌卦-dynamic,v,-0.406,15,0.5224,0.9836,False
German,震卦-dynamic,ʊ,0.403,20,0.5224,0.9836,False
German,離卦-dynamic,f,0.391,40,0.5224,0.9836,False
German,離卦-static,ə,0.481,53,0.5274,0.9847,False
German,離卦-static,ɛ,-0.481,15,0.5274,0.9847,False
German,艮卦-static,t͡s,0.512,8,0.5323,0.9919,False
German,中卦-dynamic,a͡ɪ,1.658,3,0.5423,0.993,False
German,巽卦-static,ə,-1.118,3,0.5473,0.993,False
German,坤卦-static,ɑ,0.619,6,0.5473,0.993,False
German,坤卦-static,ə,-0.58,13,0.5473,0.993,False
German,艮卦-static,s,-0.558,9,0.5423,0.993,False
German,艮卦-static,p,0.519,10,0.5473,0.993,False
German,離卦-dynamic,ɪ,-0.497,28,0.5423,0.993,False
German,艮卦-static,a,-0.438,14,0.5473,0.993,False
German,離卦-dynamic,a͡ʊ,-0.414,5,0.5423,0.993,False
German,震卦-static,ʊ,0.367,25,0.5423,0.993,False
German,艮卦-dynamic,i,-0.34,22,0.5423,0.993,False
German,巽卦-dynamic,ə,0.914,16,0.5522,0.996,False
German,乾卦-dynamic,t͡s,-0.334,10,0.5522,0.996,False
German,中卦-dynamic,l,1.332,6,0.5672,0.9962,False
German,中卦-dynamic,n,-1.029,3,0.6468,0.9962,False
German,巽卦-static,ʃ,1.01,3,0.6866,0.9962,False
German,中卦-dynamic,ə,-0.992,3,0.6368,0.9962,False
German,巽卦-static,v,0.933,3,0.6866,0.9962,False
German,巽卦-static,l,0.921,6,0.6418,0.9962,False
German,巽卦-dynamic,r,0.899,5,0.5622,0.9962,False
German,巽卦-dynamic,s,0.795,5,0.6219,0.9962,False
German,巽卦-static,ɪ,0.777,4,0.6468,0.9962,False
German,坎卦-static,ɾ,-0.763,6,0.5672,0.9962,False
German,兌卦-static,t,-0.721,9,0.607,0.9962,False
German,巽卦-dynamic,d,0.689,4,0.6965,0.9962,False
German,兌卦-static,ʃ,-0.662,3,0.5771,0.9962,False
German,巽卦-dynamic,ɑ,0.643,4,0.6915,0.9962,False
German,兌卦-static,d,0.642,5,0.607,0.9962,False
German,兌卦-static,ɡ,0.623,5,0.6119,0.9962,False
German,坤卦-static,ɪ,0.583,11,0.6169,0.9962,False
German,坎卦-static,t,0.55,14,0.7463,0.9962,False
German,乾卦-static,ɾ,-0.547,9,0.6318,0.9962,False
German,坎卦-static,i,0.542,7,0.607,0.9962,False
German,坤卦-static,t͡s,0.532,4,0.6368,0.9962,False
German,坎卦-dynamic,o,-0.531,4,0.597,0.9962,False
German,兌卦-static,o,0.524,4,0.6816,0.9962,False
German,艮卦-static,h,-0.509,3,0.5771,0.9962,False
German,乾卦-static,ʊ,0.505,6,0.6567,0.9962,False
German,坎卦-dynamic,l,-0.501,21,0.6368,0.9962,False
German,坎卦-static,f,-0.493,5,0.7612,0.9962,False
German,坤卦-static,a͡ɪ,-0.491,3,0.6915,0.9962,False
German,乾卦-static,u,0.49,3,0.6667,0.9962,False
German,坎卦-dynamic,ɛ,-0.48,11,0.5672,0.9962,False
German,坎卦-dynamic,k,-0.476,13,0.5821,0.9962,False
German,坎卦-dynamic,ɡ,-0.475,6,0.602,0.9962,False
German,坎卦-dynamic,i,-0.47,7,0.6418,0.9962,False
German,艮卦-static,r,-0.466,6,0.5721,0.9962,False
German,離卦-static,ʊ,0.457,13,0.5721,0.9962,False
German,艮卦-static,n,-0.453,30,0.5821,0.9962,False
German,巽卦-static,n,-0.445,5,0.8109,0.9962,False
German,巽卦-dynamic,t,-0.441,8,0.7811,0.9962,False
German,兌卦-static,f,0.441,7,0.7313,0.9962,False
German,坤卦-static,v,-0.44,3,0.6866,0.9962,False
German,艮卦-static,ɛ,0.44,17,0.5771,0.9962,False
German,巽卦-dynamic,ɛ,-0.436,4,0.8358,0.9962,False
German,乾卦-static,ɑ,-0.432,4,0.6965,0.9962,False
German,震卦-dynamic,r,0.431,24,0.5721,0.9962,False
German,坎卦-static,ɛ,-0.423,5,0.7861,0.9962,False
German,艮卦-static,ʏ,0.413,4,0.6368,0.9962,False
German,乾卦-static,i,0.412,9,0.7363,0.9962,False
German,坎卦-dynamic,ŋ,0.411,5,0.6418,0.9962,False
German,艮卦-static,t,0.41,33,0.607,0.9962,False
German,離卦-dynamic,c,-0.404,11,0.5721,0.9962,False
German,乾卦-static,a,-0.404,8,0.7264,0.9962,False
German,乾卦-static,p,-0.396,3,0.7264,0.9962,False
German,艮卦-static,x,0.395,3,0.592,0.9962,False
German,坎卦-dynamic,d,-0.373,7,0.7015,0.9962,False
German,艮卦-dynamic,a͡ɪ,-0.37,17,0.5622,0.9962,False
German,坎卦-static,ɜ,0.364,5,0.7711,0.9962,False
German,震卦-dynamic,h,0.344,13,0.6866,0.9962,False
German,坎卦-dynamic,y,0.339,3,0.806,0.9962,False
German,震卦-dynamic,z,-0.337,13,0.5672,0.9962,False
German,離卦-static,e,-0.336,7,0.6716,0.9962,False
German,離卦-static,i,0.327,19,0.6965,0.9962,False
German,艮卦-static,i,-0.325,9,0.6766,0.9962,False
German,巽卦-dynamic,a,0.324,6,0.8607,0.9962,False
German,離卦-dynamic,o,-0.323,13,0.6517,0.9962,False
German,艮卦-dynamic,ɑ,-0.316,19,0.6169,0.9962,False
German,乾卦-dynamic,v,0.315,26,0.6318,0.9962,False
German,艮卦-dynamic,ɡ,0.312,26,0.5622,0.9962,False
German,震卦-static,t,0.312,81,0.597,0.9962,False
German,兌卦-static,ɜ,0.312,5,0.806,0.9962,False
German,艮卦-static,ɜ,0.308,12,0.6866,0.9962,False
German,離卦-dynamic,p,-0.301,14,0.7015,0.9962,False
German,乾卦-dynamic,h,-0.294,8,0.6816,0.9962,False
German,艮卦-dynamic,ɪ,-0.285,34,0.6269,0.9962,False
German,坎卦-static,ə,0.284,16,0.8557,0.9962,False
German,中卦-static,ɜ,-0.283,27,0.6119,0.9962,False
German,坤卦-static,k,-0.28,8,0.8557,0.9962,False
German,巽卦-static,a,0.28,3,0.8905,0.9962,False
German,震卦-static,h,-0.28,10,0.6468,0.9962,False
German,震卦-dynamic,ŋ,0.277,10,0.6517,0.9962,False
German,乾卦-dynamic,ʊ,-0.275,13,0.6418,0.9962,False
German,坤卦-static,m,0.274,7,0.7811,0.9962,False
German,離卦-static,h,-0.271,5,0.7761,0.9962,False
German,艮卦-dynamic,t,-0.27,65,0.6169,0.9962,False
German,乾卦-static,n,0.27,24,0.791,0.9962,False
German,中卦-static,p,-0.267,18,0.5721,0.9962,False
German,坤卦-dynamic,d,-0.266,25,0.6318,0.9962,False
German,坤卦-dynamic,ɪ,0.265,59,0.607,0.9962,False
German,中卦-static,r,0.265,33,0.6119,0.9962,False
German,兌卦-dynamic,ŋ,-0.265,8,0.6368,0.9962,False
German,乾卦-static,f,0.263,9,0.8408,0.9962,False
German,艮卦-static,ə,0.262,39,0.7512,0.9962,False
German,離卦-static,s,-0.26,13,0.7363,0.9962,False
German,坎卦-static,ʃ,-0.259,4,0.8308,0.9962,False
German,巽卦-dynamic,ɜ,-0.245,3,0.9104,0.9962,False
German,艮卦-dynamic,ɜ,0.244,29,0.6816,0.9962,False
German,震卦-static,r,-0.244,19,0.6816,0.9962,False
German,乾卦-dynamic,a,-0.244,31,0.7065,0.9962,False
German,艮卦-static,ɔ,-0.242,6,0.796,0.9962,False
German,坎卦-dynamic,ʊ,-0.239,6,0.801,0.9962,False
German,坎卦-dynamic,v,0.236,11,0.791,0.9962,False
German,震卦-static,ɑ,0.235,26,0.6816,0.9962,False
German,離卦-dynamic,h,-0.234,10,0.7015,0.9962,False
German,震卦-static,i,-0.231,25,0.6318,0.9962,False
German,震卦-dynamic,ɔ,-0.231,12,0.7214,0.9962,False
German,坤卦-dynamic,c,0.229,29,0.6119,0.9962,False
German,坤卦-dynamic,ɡ,-0.229,24,0.602,0.9962,False
German,兌卦-static,ə,0.227,16,0.8358,0.9962,False
German,中卦-static,e,-0.224,18,0.602,0.9962,False
German,艮卦-dynamic,y,-0.22,4,0.7363,0.9962,False
German,坤卦-static,i,0.217,7,0.8905,0.9962,False
German,離卦-static,ɪ,-0.215,18,0.806,0.9962,False
German,乾卦-static,t͡s,-0.212,3,0.8657,0.9962,False
German,震卦-dynamic,m,-0.211,22,0.7015,0.9962,False
German,艮卦-dynamic,ŋ,0.208,12,0.7264,0.9962,False
German,坤卦-static,n,-0.205,17,0.8706,0.9962,False
German,坤卦-static,e,-0.204,3,0.8856,0.9962,False
German,艮卦-static,o,0.2,8,0.8358,0.9962,False
German,離卦-dynamic,e,0.197,18,0.7313,0.9962,False
German,艮卦-dynamic,o,-0.194,15,0.7811,0.9962,False
German,中卦-static,z,0.194,27,0.6617,0.9962,False
German,兌卦-dynamic,z,-0.194,17,0.7463,0.9962,False
German,坤卦-dynamic,ʊ,-0.192,21,0.7065,0.9962,False
German,兌卦-static,z,-0.192,3,0.8607,0.9962,False
German,艮卦-dynamic,r,0.191,26,0.7463,0.9962,False
German,坤卦-static,o,-0.19,3,0.8507,0.9962,False
German,坎卦-dynamic,ʏ,0.187,3,0.8507,0.9962,False
German,乾卦-dynamic,p,0.184,17,0.7662,0.9962,False
German,坤卦-dynamic,x,0.178,8,0.7214,0.9962,False
German,乾卦-dynamic,ʃ,0.177,26,0.7512,0.9962,False
German,震卦-static,y,0.171,7,0.806,0.9962,False
German,坤卦-static,ɡ,-0.167,4,0.8657,0.9962,False
German,震卦-dynamic,t,-0.166,54,0.7861,0.9962,False
German,坤卦-dynamic,t͡s,-0.164,17,0.7114,0.9962,False
German,艮卦-static,b,-0.164,9,0.8706,0.9962,False
German,震卦-dynamic,ɾ,-0.163,36,0.8756,0.9962,False
German,坤卦-static,ɾ,-0.159,9,0.8856,0.9962,False
German,震卦-static,l,-0.156,66,0.8159,0.9962,False
German,離卦-dynamic,ɜ,0.151,27,0.7711,0.9962,False
German,坤卦-dynamic,k,-0.15,54,0.7662,0.9962,False
German,震卦-dynamic,u,0.148,9,0.8159,0.9962,False
German,震卦-static,x,-0.146,5,0.801,0.9962,False
German,坤卦-dynamic,p,0.145,25,0.7761,0.9962,False
German,震卦-dynamic,ʃ,-0.144,21,0.8358,0.9962,False
German,坤卦-dynamic,z,0.142,27,0.7612,0.9962,False
German,坤卦-static,l,-0.141,13,0.9055,0.9962,False
German,震卦-dynamic,p,0.141,16,0.8557,0.9962,False
German,坤卦-dynamic,ɜ,-0.14,30,0.7861,0.9962,False
German,坤卦-dynamic,u,-0.135,12,0.8259,0.9962,False
German,坤卦-dynamic,v,-0.134,27,0.7811,0.9962,False
German,巽卦-dynamic,ɾ,-0.129,6,0.9104,0.9962,False
German,艮卦-dynamic,ɛ,0.128,38,0.7861,0.9962,False
German,離卦-dynamic,i,0.127,32,0.8806,0.9962,False
German,坎卦-static,a,0.126,7,0.8856,0.9962,False
German,兌卦-static,e,0.125,3,0.9055,0.9962,False
German,艮卦-dynamic,a͡ʊ,-0.123,7,0.806,0.9962,False
German,艮卦-dynamic,ɔ,0.123,19,0.8308,0.9962,False
German,離卦-dynamic,ɡ,-0.123,20,0.8358,0.9962,False
German,坤卦-dynamic,m,-0.122,36,0.7811,0.9962,False
German,兌卦-dynamic,e,-0.118,15,0.8209,0.9962,False
German,坤卦-static,f,-0.115,7,0.8955,0.9962,False
German,乾卦-dynamic,b,-0.115,19,0.8955,0.9962,False
German,乾卦-dynamic,i,0.114,27,0.8109,0.9962,False
German,坤卦-dynamic,y,0.11,8,0.8209,0.9962,False
German,兌卦-dynamic,h,-0.11,11,0.8706,0.9962,False
German,中卦-static,ɑ,0.101,29,0.8408,0.9962,False
German,坎卦-static,r,0.098,4,0.9154,0.9962,False
German,乾卦-dynamic,ŋ,-0.098,8,0.8706,0.9962,False
German,乾卦-dynamic,k,0.097,41,0.9055,0.9962,False
German,離卦-dynamic,b,0.096,25,0.8955,0.9962,False
German,兌卦-dynamic,y,0.095,6,0.8905,0.9962,False
German,離卦-dynamic,x,-0.094,5,0.9154,0.9962,False
German,坤卦-dynamic,h,0.091,17,0.8259,0.9962,False
German,離卦-dynamic,v,-0.09,22,0.9104,0.9962,False
German,兌卦-dynamic,ɡ,-0.086,20,0.8856,0.9962,False
German,乾卦-dynamic,ɛ,-0.086,29,0.9104,0.9962,False
German,中卦-static,b,0.084,31,0.9005,0.9962,False
German,中卦-static,a,0.081,51,0.8806,0.9962,False
German,乾卦-dynamic,a͡ʊ,-0.081,6,0.9154,0.9962,False
German,艮卦-static,ʃ,-0.08,11,0.9154,0.9962,False
German,震卦-static,ŋ,-0.08,10,0.9005,0.9962,False
German,坤卦-dynamic,r,0.079,30,0.8756,0.9962,False
German,離卦-dynamic,y,0.076,6,0.8706,0.9962,False
German,兌卦-dynamic,ʃ,-0.076,26,0.9005,0.9962,False
German,中卦-static,l,0.074,85,0.8856,0.9962,False
German,中卦-static,ŋ,-0.069,12,0.8955,0.9962,False
German,震卦-static,ʃ,-0.069,28,0.9055,0.9962,False
German,離卦-static,r,0.061,12,0.9154,0.9962,False
German,艮卦-dynamic,p,0.059,19,0.8905,0.9962,False
German,乾卦-dynamic,y,0.059,5,0.9055,0.9962,False
German,兌卦-dynamic,m,0.049,30,0.8856,0.9962,False
German,坎卦-static,n,0.083,16,0.9204,0.9968,False
German,離卦-static,m,-0.069,15,0.9204,0.9968,False
German,震卦-static,t͡s,0.059,16,0.9204,0.9968,False
German,中卦-dynamic,ɾ,0.165,3,0.9303,0.9972,False
German,坎卦-static,s,0.151,5,0.9403,0.9972,False
German,乾卦-static,k,-0.123,10,0.9254,0.9972,False
German,坤卦-static,ʃ,0.091,6,0.9353,0.9972,False
German,坎卦-static,a͡ɪ,0.091,4,0.9303,0.9972,False
German,乾卦-static,v,0.084,6,0.9303,0.9972,False
German,坎卦-static,o,0.074,3,0.9552,0.9972,False
German,巽卦-dynamic,n,-0.07,12,0.9652,0.9972,False
German,坎卦-dynamic,m,-0.069,11,0.9652,0.9972,False
German,震卦-dynamic,ɡ,-0.068,17,0.9254,0.9972,False
German,艮卦-static,f,0.064,15,0.9254,0.9972,False
German,離卦-dynamic,a,-0.056,39,0.9353,0.9972,False
German,坎卦-dynamic,a͡ʊ,0.053,3,0.9801,0.9972,False
German,兌卦-dynamic,t͡s,-0.047,14,0.9552,0.9972,False
German,離卦-dynamic,z,-0.046,19,0.9453,0.9972,False
German,坤卦-static,b,0.044,5,0.9701,0.9972,False
German,坤卦-dynamic,o,-0.042,21,0.9552,0.9972,False
German,乾卦-dynamic,z,0.042,17,0.9552,0.9972,False
German,離卦-static,o,0.037,9,0.9453,0.9972,False
German,震卦-static,d,-0.034,23,0.9701,0.9972,False
German,坎卦-dynamic,a,-0.027,15,0.9701,0.9972,False
German,艮卦-static,ʊ,0.026,8,0.9801,0.9972,False
German,離卦-static,ɔ,0.021,9,0.9652,0.9972,False
German,坤卦-dynamic,ʃ,0.02,36,0.99,0.9972,False
German,巽卦-dynamic,i,0.016,4,0.99,0.9972,False
German,中卦-static,d,0.015,28,0.9851,0.9972,False
German,震卦-dynamic,f,-0.015,29,0.9851,0.9972,False
German,乾卦-dynamic,r,0.014,19,0.9851,0.9972,False
German,震卦-dynamic,o,0.01,14,0.9751,0.9972,False
German,震卦-static,k,-0.002,48,1.0,1.0,False
German,中卦-static,ʏ,-0.001,8,1.0,1.0,False
Greek,坤卦-static,ɲ,3.817,4,0.005,0.3203,False
Greek,兌卦-dynamic,a͡ɪ,3.628,3,0.01,0.3203,False
Greek,坤卦-static,ʎ,3.047,3,0.01,0.3203,False
Greek,兌卦-static,f,2.951,6,0.01,0.3203,False
Greek,坎卦-dynamic,ð,2.713,21,0.005,0.3203,False
Greek,巽卦-static,c,2.598,6,0.0149,0.3203,False
Greek,震卦-dynamic,b,2.375,11,0.0149,0.3203,False
Greek,坤卦-static,c,2.278,11,0.0149,0.3203,False
Greek,兌卦-dynamic,n,2.12,71,0.005,0.3203,False
Greek,乾卦-static,m,2.018,18,0.0149,0.3203,False
Greek,震卦-dynamic,p,1.955,70,0.01,0.3203,False
Greek,艮卦-dynamic,d,1.91,11,0.0149,0.3203,False
Greek,兌卦-dynamic,o,1.731,191,0.005,0.3203,False
Greek,中卦-static,p,1.584,119,0.005,0.3203,False
Greek,艮卦-static,p,1.582,35,0.005,0.3203,False
Greek,坤卦-dynamic,ʎ,1.54,12,0.0149,0.3203,False
Greek,離卦-dynamic,x,1.506,18,0.01,0.3203,False
Greek,震卦-static,ð,1.482,53,0.01,0.3203,False
Greek,坤卦-dynamic,v,-1.283,10,0.01,0.3203,False
Greek,坤卦-dynamic,s,1.196,197,0.005,0.3203,False
Greek,兌卦-dynamic,s,-1.15,47,0.01,0.3203,False
Greek,震卦-static,o,-1.144,109,0.0149,0.3203,False
Greek,震卦-static,e,-1.074,47,0.005,0.3203,False
Greek,中卦-static,e,1.009,140,0.01,0.3203,False
Greek,震卦-static,t,0.978,80,0.0149,0.3203,False
Greek,中卦-static,v,-0.962,17,0.0149,0.3203,False
Greek,兌卦-static,v,2.404,5,0.0249,0.3966,False
Greek,離卦-static,j,1.576,14,0.0249,0.3966,False
Greek,震卦-dynamic,d,1.486,10,0.0199,0.3966,False
Greek,中卦-static,x,1.326,30,0.0199,0.3966,False
Greek,艮卦-static,k,-1.313,9,0.0249,0.3966,False
Greek,艮卦-static,r,-1.212,23,0.0249,0.3966,False
Greek,兌卦-dynamic,i,-1.109,96,0.0249,0.3966,False
Greek,坤卦-dynamic,e,0.952,125,0.0249,0.3966,False
Greek,中卦-static,r,-0.709,99,0.0249,0.3966,False
Greek,離卦-static,t͡s,2.001,8,0.0348,0.4225,False
Greek,離卦-static,u,1.905,22,0.0299,0.4225,False
Greek,乾卦-static,k,1.74,18,0.0299,0.4225,False
Greek,震卦-static,ɡ,1.319,10,0.0299,0.4225,False
Greek,震卦-static,x,-1.215,3,0.0348,0.4225,False
Greek,艮卦-static,t,1.191,35,0.0348,0.4225,False
Greek,坤卦-dynamic,j,1.13,26,0.0348,0.4225,False
Greek,震卦-static,v,-1.122,10,0.0348,0.4225,False
Greek,坤卦-dynamic,x,-1.086,5,0.0348,0.4225,False
Greek,離卦-dynamic,e,1.05,80,0.0348,0.4225,False
Greek,震卦-static,i,0.959,251,0.0348,0.4225,False
Greek,兌卦-static,l,2.305,8,0.0398,0.4532,False
Greek,艮卦-static,l,1.232,29,0.0398,0.4532,False
Greek,震卦-dynamic,n,0.968,54,0.0398,0.4532,False
Greek,乾卦-dynamic,j,1.479,18,0.0498,0.4786,False
Greek,離卦-static,l,1.304,41,0.0448,0.4786,False
Greek,艮卦-dynamic,u,1.288,23,0.0498,0.4786,False
Greek,離卦-static,k,1.198,41,0.0498,0.4786,False
Greek,坤卦-dynamic,ð,-0.929,23,0.0498,0.4786,False
Greek,震卦-dynamic,e,0.885,72,0.0448,0.4786,False
Greek,中卦-static,n,-0.77,50,0.0448,0.4786,False
Greek,乾卦-dynamic,p,-1.055,15,0.0547,0.509,False
Greek,艮卦-dynamic,k,0.974,48,0.0547,0.509,False
Greek,坎卦-static,θ,1.959,11,0.0597,0.5205,False
Greek,坎卦-static,t,1.164,21,0.0597,0.5205,False
Greek,坤卦-dynamic,a,-0.668,176,0.0597,0.5205,False
Greek,坎卦-static,s,1.334,40,0.0647,0.5552,False
Greek,坤卦-static,t,-1.446,5,0.0697,0.5716,False
Greek,艮卦-dynamic,b,1.198,7,0.0697,0.5716,False
Greek,離卦-static,m,-1.1,17,0.0697,0.5716,False
Greek,巽卦-static,j,2.244,3,0.0796,0.5769,False
Greek,坎卦-static,x,1.694,6,0.0796,0.5769,False
Greek,坎卦-dynamic,d,1.498,4,0.0746,0.5769,False
Greek,艮卦-dynamic,i,-0.933,101,0.0746,0.5769,False
Greek,離卦-dynamic,o,0.897,172,0.0796,0.5769,False
Greek,兌卦-dynamic,e,0.789,69,0.0796,0.5769,False
Greek,震卦-dynamic,i,-0.777,112,0.0746,0.5769,False
Greek,中卦-static,k,0.643,85,0.0846,0.5974,False
Greek,離卦-dynamic,b,1.266,8,0.0945,0.6432,False
Greek,兌卦-dynamic,θ,-0.878,4,0.0945,0.6432,False
Greek,坤卦-dynamic,t,0.674,93,0.0945,0.6432,False
Greek,巽卦-dynamic,θ,2.559,3,0.0995,0.6532,False
Greek,艮卦-dynamic,ŋ,1.311,7,0.0995,0.6532,False
Greek,兌卦-dynamic,m,0.781,45,0.0995,0.6532,False
Greek,乾卦-static,n,1.216,17,0.1045,0.6625,False
Greek,中卦-static,t,0.558,99,0.1045,0.6625,False
Greek,巽卦-static,r,1.363,13,0.1194,0.673,False
Greek,乾卦-dynamic,x,0.906,14,0.1194,0.673,False
Greek,離卦-dynamic,u,-0.899,8,0.1095,0.673,False
Greek,震卦-dynamic,m,-0.791,26,0.1144,0.673,False
Greek,離卦-dynamic,ð,0.782,34,0.1194,0.673,False
Greek,坤卦-dynamic,u,0.75,34,0.1194,0.673,False
Greek,艮卦-dynamic,t,0.718,53,0.1194,0.673,False
Greek,離卦-dynamic,k,-0.696,27,0.1194,0.673,False
Greek,中卦-static,s,0.489,179,0.1144,0.673,False
Greek,兌卦-dynamic,ð,-0.764,15,0.1244,0.694,False
Greek,震卦-static,ŋ,0.904,8,0.1294,0.7076,False
Greek,離卦-dynamic,s,-0.691,65,0.1294,0.7076,False
Greek,乾卦-static,e,1.042,22,0.1393,0.7386,False
Greek,中卦-static,j,-0.759,5,0.1443,0.7386,False
Greek,震卦-dynamic,s,-0.692,61,0.1443,0.7386,False
Greek,中卦-static,d,-0.646,5,0.1393,0.7386,False
Greek,離卦-dynamic,l,-0.611,28,0.1443,0.7386,False
Greek,坤卦-dynamic,c,0.598,42,0.1443,0.7386,False
Greek,巽卦-static,n,1.374,8,0.1493,0.7436,False
Greek,兌卦-dynamic,r,-0.556,55,0.1493,0.7436,False
Greek,中卦-static,c,-0.548,24,0.1493,0.7436,False
Greek,乾卦-dynamic,f,0.848,28,0.1542,0.7549,False
Greek,乾卦-dynamic,e,-0.654,44,0.1542,0.7549,False
Greek,兌卦-static,t,1.45,8,0.1741,0.803,False
Greek,兌卦-static,s,1.287,14,0.1692,0.803,False
Greek,巽卦-static,t,-1.232,3,0.1741,0.803,False
Greek,坎卦-dynamic,m,0.935,19,0.1741,0.803,False
Greek,中卦-static,u,-0.627,18,0.1741,0.803,False
Greek,乾卦-static,i,-0.924,31,0.1791,0.806,False
Greek,艮卦-static,m,0.727,25,0.1791,0.806,False
Greek,震卦-dynamic,o,0.555,148,0.1841,0.8152,False
Greek,坎卦-static,e,-0.873,13,0.194,0.8202,False
Greek,艮卦-dynamic,e,0.605,64,0.1891,0.8202,False
Greek,中卦-static,b,0.567,10,0.1891,0.8202,False
Greek,震卦-static,u,0.576,25,0.199,0.8349,False
Greek,離卦-static,v,-0.954,7,0.204,0.8494,False
Greek,兌卦-dynamic,u,0.67,19,0.209,0.8511,False
Greek,坤卦-dynamic,p,0.507,74,0.209,0.8511,False
Greek,艮卦-dynamic,ɡ,0.959,6,0.2139,0.8588,False
Greek,乾卦-static,r,-0.775,15,0.2139,0.8588,False
Greek,離卦-dynamic,θ,-0.724,6,0.2239,0.8923,False
Greek,震卦-static,s,0.472,127,0.2289,0.9057,False
Greek,坎卦-dynamic,p,-0.759,8,0.2338,0.9061,False
Greek,艮卦-dynamic,t͡s,0.911,6,0.2388,0.9127,False
Greek,艮卦-static,f,0.824,15,0.2388,0.9127,False
Greek,乾卦-dynamic,ʎ,0.808,5,0.2438,0.9191,False
Greek,兌卦-dynamic,k,-0.484,28,0.2438,0.9191,False
Greek,艮卦-dynamic,x,0.691,12,0.2488,0.9254,False
Greek,艮卦-dynamic,ð,-0.632,16,0.2488,0.9254,False
Greek,巽卦-dynamic,a,-1.565,5,0.2736,0.9425,False
Greek,坎卦-dynamic,c,-0.809,4,0.2736,0.9425,False
Greek,坎卦-dynamic,l,-0.694,10,0.2687,0.9425,False
Greek,乾卦-dynamic,v,0.599,25,0.2637,0.9425,False
Greek,艮卦-dynamic,c,-0.571,12,0.2687,0.9425,False
Greek,艮卦-dynamic,s,-0.494,64,0.2637,0.9425,False
Greek,震卦-static,f,-0.478,17,0.2736,0.9425,False
Greek,中卦-static,z,-0.476,5,0.2637,0.9425,False
Greek,坤卦-dynamic,k,0.444,72,0.2687,0.9425,False
Greek,震卦-static,k,0.411,56,0.2736,0.9425,False
Greek,離卦-dynamic,j,-0.735,3,0.2836,0.9649,False
Greek,坎卦-static,f,-0.812,3,0.3085,0.967,False
Greek,艮卦-static,x,0.714,7,0.2985,0.967,False
Greek,坤卦-static,s,-0.688,16,0.2886,0.967,False
Greek,艮卦-dynamic,θ,-0.663,6,0.3085,0.967,False
Greek,兌卦-dynamic,t͡s,0.605,5,0.2935,0.967,False
Greek,離卦-static,e,-0.586,34,0.3035,0.967,False
Greek,乾卦-dynamic,u,0.566,19,0.3085,0.967,False
Greek,坎卦-dynamic,s,-0.543,26,0.3085,0.967,False
Greek,震卦-static,b,0.536,7,0.3035,0.967,False
Greek,兌卦-dynamic,a,-0.463,110,0.3085,0.967,False
Greek,坤卦-dynamic,ɣ,-0.432,10,0.2985,0.967,False
Greek,巽卦-static,v,1.189,4,0.3184,0.9709,False
Greek,離卦-static,n,-0.557,23,0.3184,0.9709,False
Greek,震卦-dynamic,l,0.431,41,0.3134,0.9709,False
Greek,兌卦-static,n,-0.849,3,0.3284,0.9746,False
Greek,坎卦-dynamic,k,-0.712,10,0.3284,0.9746,False
Greek,坎卦-static,k,0.619,15,0.3284,0.9746,False
Greek,兌卦-dynamic,l,-0.455,28,0.3284,0.9746,False
Greek,坤卦-dynamic,i,-0.385,220,0.3234,0.9746,False
Greek,艮卦-dynamic,j,0.563,11,0.3333,0.9789,False
Greek,離卦-dynamic,i,-0.435,135,0.3333,0.9789,False
Greek,兌卦-static,θ,1.215,3,0.4328,0.9908,False
Greek,巽卦-dynamic,i,1.137,15,0.408,0.9908,False
Greek,巽卦-dynamic,k,1.101,4,0.4975,0.9908,False
Greek,巽卦-dynamic,p,0.971,4,0.4428,0.9908,False
Greek,巽卦-static,k,-0.878,3,0.3881,0.9908,False
Greek,巽卦-static,l,-0.867,3,0.4229,0.9908,False
Greek,兌卦-static,r,-0.798,6,0.408,0.9908,False
Greek,坤卦-static,f,0.794,7,0.408,0.9908,False
Greek,巽卦-dynamic,s,0.792,8,0.5075,0.9908,False
Greek,巽卦-static,m,0.745,6,0.393,0.9908,False
Greek,兌卦-static,a,-0.713,12,0.4577,0.9908,False
Greek,坎卦-static,u,-0.707,3,0.4279,0.9908,False
Greek,乾卦-static,f,-0.698,3,0.4179,0.9908,False
Greek,艮卦-static,t͡s,0.69,3,0.4229,0.9908,False
Greek,乾卦-static,o,0.69,45,0.3632,0.9908,False
Greek,坎卦-dynamic,v,0.672,10,0.398,0.9908,False
Greek,坎卦-static,v,-0.666,4,0.4129,0.9908,False
Greek,乾卦-static,l,0.664,13,0.4129,0.9908,False
Greek,坎卦-static,o,0.663,51,0.3433,0.9908,False
Greek,坎卦-static,c,-0.626,4,0.4229,0.9908,False
Greek,坤卦-static,p,-0.605,6,0.393,0.9908,False
Greek,坤卦-static,θ,0.603,5,0.5373,0.9908,False
Greek,坤卦-static,k,-0.602,7,0.393,0.9908,False
Greek,巽卦-static,s,0.598,13,0.4677,0.9908,False
Greek,坤卦-static,o,0.578,39,0.4179,0.9908,False
Greek,坎卦-dynamic,n,0.57,19,0.393,0.9908,False
Greek,坎卦-static,l,-0.569,9,0.4179,0.9908,False
Greek,巽卦-dynamic,o,-0.569,8,0.7065,0.9908,False
Greek,乾卦-dynamic,ɲ,0.561,4,0.4279,0.9908,False
Greek,乾卦-static,t,-0.549,10,0.393,0.9908,False
Greek,巽卦-static,e,-0.528,6,0.6119,0.9908,False
Greek,巽卦-static,o,-0.52,14,0.5771,0.9908,False
Greek,巽卦-dynamic,e,0.508,5,0.7164,0.9908,False
Greek,震卦-dynamic,ʎ,0.508,4,0.4179,0.9908,False
Greek,乾卦-static,s,0.501,28,0.398,0.9908,False
Greek,震卦-dynamic,θ,-0.491,8,0.4179,0.9908,False
Greek,離卦-dynamic,d,0.491,7,0.4229,0.9908,False
Greek,兌卦-dynamic,z,0.483,33,0.3731,0.9908,False
Greek,坤卦-static,m,0.482,11,0.5323,0.9908,False
Greek,離卦-static,d,0.471,5,0.5274,0.9908,False
Greek,乾卦-static,c,-0.463,4,0.5871,0.9908,False
Greek,艮卦-static,u,-0.459,6,0.4826,0.9908,False
Greek,艮卦-dynamic,v,0.45,22,0.4378,0.9908,False
Greek,坤卦-static,v,0.448,6,0.6965,0.9908,False
Greek,中卦-static,ɡ,-0.446,3,0.3682,0.9908,False
Greek,兌卦-static,k,0.442,5,0.6219,0.9908,False
Greek,兌卦-static,i,-0.441,15,0.6418,0.9908,False
Greek,兌卦-static,o,0.437,17,0.7164,0.9908,False
Greek,離卦-dynamic,f,-0.434,14,0.3831,0.9908,False
Greek,坤卦-dynamic,z,-0.431,7,0.3731,0.9908,False
Greek,離卦-dynamic,m,0.426,44,0.3532,0.9908,False
Greek,離卦-static,i,-0.418,98,0.4527,0.9908,False
Greek,坎卦-dynamic,ɣ,0.417,13,0.6269,0.9908,False
Greek,艮卦-static,e,0.416,35,0.4129,0.9908,False
Greek,坤卦-dynamic,θ,-0.413,15,0.3781,0.9908,False
Greek,坤卦-static,ð,-0.408,5,0.597,0.9908,False
Greek,離卦-dynamic,a,-0.4,122,0.4129,0.9908,False
Greek,坎卦-static,i,-0.397,43,0.6269,0.9908,False
Greek,離卦-static,z,-0.397,4,0.5373,0.9908,False
Greek,艮卦-static,n,-0.395,18,0.4328,0.9908,False
Greek,兌卦-dynamic,v,0.394,22,0.5075,0.9908,False
Greek,坎卦-static,p,-0.39,9,0.5473,0.9908,False
Greek,震卦-static,ɣ,-0.382,10,0.4129,0.9908,False
Greek,離卦-static,f,0.377,17,0.5274,0.9908,False
Greek,乾卦-dynamic,s,0.374,94,0.3881,0.9908,False
Greek,艮卦-dynamic,m,-0.372,30,0.4229,0.9908,False
Greek,坎卦-static,n,-0.372,11,0.5622,0.9908,False
Greek,乾卦-static,p,-0.369,8,0.592,0.9908,False
Greek,離卦-static,p,-0.366,21,0.4428,0.9908,False
Greek,乾卦-static,u,0.366,5,0.6667,0.9908,False
Greek,乾卦-dynamic,ð,0.356,28,0.5075,0.9908,False
Greek,艮卦-dynamic,ɣ,-0.354,8,0.5174,0.9908,False
Greek,坎卦-dynamic,i,0.352,64,0.5473,0.9908,False
Greek,艮卦-dynamic,r,-0.351,58,0.3831,0.9908,False
Greek,艮卦-static,j,-0.345,3,0.6418,0.9908,False
Greek,艮卦-dynamic,ɲ,0.338,3,0.6368,0.9908,False
Greek,震卦-static,θ,0.336,22,0.4826,0.9908,False
Greek,兌卦-dynamic,t,-0.336,37,0.3682,0.9908,False
Greek,坎卦-static,ɣ,-0.334,3,0.7065,0.9908,False
Greek,震卦-dynamic,x,-0.33,7,0.5572,0.9908,False
Greek,坤卦-static,r,-0.321,16,0.6418,0.9908,False
Greek,艮卦-static,o,-0.319,63,0.5821,0.9908,False
Greek,艮卦-static,c,0.312,12,0.6119,0.9908,False
Greek,艮卦-dynamic,a,0.311,139,0.5025,0.9908,False
Greek,坤卦-dynamic,ɡ,0.31,7,0.5274,0.9908,False
Greek,中卦-static,a,-0.31,223,0.3831,0.9908,False
Greek,中卦-static,l,0.31,74,0.393,0.9908,False
Greek,震卦-dynamic,z,-0.31,8,0.5871,0.9908,False
Greek,震卦-dynamic,ŋ,0.309,4,0.6667,0.9908,False
Greek,震卦-static,z,-0.304,11,0.4925,0.9908,False
Greek,震卦-dynamic,u,-0.303,12,0.6368,0.9908,False
Greek,中卦-static,o,0.302,260,0.3433,0.9908,False
Greek,乾卦-dynamic,k,-0.298,32,0.5672,0.9908,False
Greek,坤卦-dynamic,n,0.294,74,0.408,0.9908,False
Greek,乾卦-static,a,-0.289,35,0.6418,0.9908,False
Greek,離卦-dynamic,n,0.283,46,0.5622,0.9908,False
Greek,乾卦-static,ð,-0.282,6,0.7662,0.9908,False
Greek,坤卦-static,n,-0.275,9,0.7264,0.9908,False
Greek,離卦-dynamic,r,0.272,79,0.5274,0.9908,False
Greek,離卦-static,r,0.271,57,0.4826,0.9908,False
Greek,震卦-static,c,-0.269,21,0.5572,0.9908,False
Greek,乾卦-dynamic,i,0.269,161,0.5423,0.9908,False
Greek,坎卦-dynamic,e,-0.268,20,0.5871,0.9908,False
Greek,坤卦-dynamic,l,0.267,66,0.5124,0.9908,False
Greek,震卦-dynamic,f,-0.266,15,0.602,0.9908,False
Greek,乾卦-dynamic,θ,0.26,16,0.6517,0.9908,False
Greek,巽卦-dynamic,t,-0.259,3,0.8159,0.9908,False
Greek,艮卦-static,s,0.258,49,0.5522,0.9908,False
Greek,中卦-static,ð,-0.258,39,0.4925,0.9908,False
Greek,兌卦-dynamic,x,0.258,10,0.6766,0.9908,False
Greek,艮卦-static,a,0.256,79,0.5871,0.9908,False
Greek,乾卦-dynamic,z,-0.256,10,0.6617,0.9908,False
Greek,震卦-dynamic,v,-0.254,16,0.6567,0.9908,False
Greek,兌卦-dynamic,p,0.25,38,0.5522,0.9908,False
Greek,坤卦-dynamic,m,-0.249,56,0.4925,0.9908,False
Greek,坤卦-dynamic,r,-0.249,107,0.5373,0.9908,False
Greek,坎卦-static,r,-0.249,21,0.6766,0.9908,False
Greek,震卦-static,a,0.249,191,0.5572,0.9908,False
Greek,兌卦-static,e,-0.248,6,0.8259,0.9908,False
Greek,乾卦-dynamic,ɣ,-0.247,12,0.7015,0.9908,False
Greek,坤卦-dynamic,f,-0.245,26,0.5473,0.9908,False
Greek,兌卦-dynamic,j,-0.242,6,0.6468,0.9908,False
Greek,震卦-dynamic,ɣ,-0.238,12,0.6418,0.9908,False
Greek,離卦-dynamic,c,-0.238,17,0.6567,0.9908,False
Greek,離卦-static,s,-0.236,57,0.6318,0.9908,False
Greek,坎卦-dynamic,x,0.235,4,0.796,0.9908,False
Greek,中卦-static,i,-0.235,255,0.4627,0.9908,False
Greek,震卦-dynamic,c,-0.234,16,0.6617,0.9908,False
Greek,離卦-static,ð,0.234,20,0.6716,0.9908,False
Greek,震卦-dynamic,ð,0.233,26,0.6766,0.9908,False
Greek,離卦-static,c,0.231,16,0.7065,0.9908,False
Greek,坎卦-static,m,0.227,13,0.791,0.9908,False
Greek,乾卦-dynamic,n,-0.227,36,0.6418,0.9908,False
Greek,離卦-dynamic,v,0.219,22,0.6368,0.9908,False
Greek,坎卦-static,a,-0.216,41,0.7164,0.9908,False
Greek,艮卦-dynamic,ʎ,0.211,3,0.6766,0.9908,False
Greek,離卦-static,a,0.208,108,0.6915,0.9908,False
Greek,巽卦-static,p,0.202,5,0.7861,0.9908,False
Greek,離卦-static,o,-0.199,91,0.6816,0.9908,False
Greek,坎卦-dynamic,f,0.194,8,0.806,0.9908,False
Greek,震卦-dynamic,r,-0.19,64,0.6667,0.9908,False
Greek,坤卦-dynamic,b,-0.189,5,0.7065,0.9908,False
Greek,離卦-dynamic,ɣ,0.186,27,0.7512,0.9908,False
Greek,兌卦-dynamic,ʎ,0.185,3,0.796,0.9908,False
Greek,坎卦-dynamic,t,-0.183,16,0.7363,0.9908,False
Greek,中卦-static,θ,-0.18,21,0.6468,0.9908,False
Greek,震卦-dynamic,k,-0.178,33,0.607,0.9908,False
Greek,兌卦-static,m,-0.176,4,0.8209,0.9908,False
Greek,離卦-dynamic,z,0.17,25,0.7612,0.9908,False
Greek,坤卦-static,i,0.168,40,0.7861,0.9908,False
Greek,艮卦-dynamic,f,0.168,19,0.8159,0.9908,False
Greek,兌卦-static,ð,0.168,3,0.8706,0.9908,False
Greek,離卦-static,ɣ,0.166,19,0.7811,0.9908,False
Greek,離卦-dynamic,t,0.165,49,0.7114,0.9908,False
Greek,坤卦-dynamic,o,0.159,226,0.6567,0.9908,False
Greek,乾卦-dynamic,a,-0.157,128,0.6866,0.9908,False
Greek,震卦-dynamic,a,-0.155,125,0.7114,0.9908,False
Greek,中卦-static,f,0.154,37,0.7015,0.9908,False
Greek,震卦-static,j,-0.152,9,0.796,0.9908,False
Greek,震卦-static,l,-0.152,44,0.7413,0.9908,False
Greek,巽卦-dynamic,r,-0.15,5,0.8856,0.9908,False
Greek,乾卦-static,v,-0.148,5,0.8955,0.9908,False
Greek,乾卦-dynamic,m,-0.142,35,0.7811,0.9908,False
Greek,乾卦-dynamic,r,0.139,73,0.791,0.9908,False
Greek,坤卦-static,a,0.138,36,0.8358,0.9908,False
Greek,艮卦-static,v,0.137,11,0.8358,0.9908,False
Greek,乾卦-dynamic,t,-0.135,42,0.7761,0.9908,False
Greek,兌卦-dynamic,ɣ,-0.134,15,0.8507,0.9908,False
Greek,離卦-static,θ,-0.125,9,0.8756,0.9908,False
Greek,兌卦-dynamic,f,0.125,19,0.8458,0.9908,False
Greek,艮卦-dynamic,z,0.121,21,0.8408,0.9908,False
Greek,離卦-static,b,0.12,3,0.9005,0.9908,False
Greek,離卦-dynamic,p,-0.116,34,0.8159,0.9908,False
Greek,艮卦-static,i,-0.112,78,0.8458,0.9908,False
Greek,震卦-static,p,-0.11,43,0.7562,0.9908,False
Greek,乾卦-dynamic,c,0.106,20,0.8557,0.9908,False
Greek,巽卦-static,a,0.102,18,0.9403,0.9908,False
Greek,坎卦-dynamic,r,0.097,28,0.8657,0.9908,False
Greek,中卦-static,m,0.097,70,0.8458,0.9908,False
Greek,離卦-static,t,-0.097,32,0.9055,0.9908,False
Greek,坤卦-static,e,-0.096,14,0.9154,0.9908,False
Greek,震卦-static,d,0.096,7,0.8408,0.9908,False
Greek,兌卦-dynamic,c,0.087,19,0.8856,0.9908,False
Greek,震卦-static,ɲ,0.083,3,0.9154,0.9908,False
Greek,中卦-static,ɣ,-0.079,32,0.8109,0.9908,False
Greek,離卦-dynamic,ɡ,-0.077,3,0.9254,0.9908,False
Greek,艮卦-dynamic,n,-0.076,36,0.8557,0.9908,False
Greek,震卦-dynamic,t,-0.074,42,0.8955,0.9908,False
Greek,坎卦-dynamic,z,0.065,8,0.9652,0.9908,False
Greek,乾卦-static,θ,0.064,4,0.9602,0.9908,False
Greek,離卦-static,x,0.06,7,0.9303,0.9908,False
Greek,兌卦-dynamic,d,0.059,5,0.9055,0.9908,False
Greek,震卦-dynamic,t͡s,0.058,3,0.9552,0.9908,False
Greek,坤卦-dynamic,d,-0.056,8,0.9005,0.9908,False
Greek,艮卦-dynamic,o,-0.055,119,0.8607,0.9908,False
Greek,震卦-static,r,-0.052,90,0.9104,0.9908,False
Greek,震卦-static,t͡s,0.052,4,0.9055,0.9908,False
Greek,離卦-dynamic,ŋ,-0.05,3,0.9602,0.9908,False
Greek,巽卦-static,i,-0.047,19,0.9652,0.9908,False
Greek,震卦-static,n,-0.047,51,0.9552,0.9908,False
Greek,乾卦-dynamic,ɡ,-0.044,3,0.9602,0.9908,False
Greek,震卦-static,m,0.043,49,0.9403,0.9908,False
Greek,震卦-dynamic,j,0.043,8,0.9751,0.9908,False
Greek,坤卦-static,l,-0.038,9,0.9453,0.9908,False
Greek,艮卦-dynamic,p,-0.038,32,0.9403,0.9908,False
Greek,艮卦-dynamic,l,-0.037,33,0.9602,0.9908,False
Greek,坎卦-static,ð,0.036,8,0.9701,0.9908,False
Greek,坎卦-dynamic,j,-0.027,3,0.9751,0.9908,False
Greek,坎卦-dynamic,a,-0.024,52,0.9701,0.9908,False
Greek,震卦-dynamic,ɡ,-0.022,3,0.9552,0.9908,False
Greek,乾卦-dynamic,o,0.017,130,0.9701,0.9908,False
Greek,坤卦-dynamic,ŋ,-0.016,5,0.9701,0.9908,False
Greek,坎卦-dynamic,o,-0.016,50,0.9701,0.9908,False
Greek,乾卦-dynamic,l,0.016,36,0.9801,0.9908,False
Greek,坤卦-static,ɣ,-0.013,5,0.99,0.9936,False
Greek,艮卦-static,ð,-0.004,13,0.99,0.9936,False
Greek,乾卦-dynamic,d,-0.0,5,1.0,1.0,False
Hebrew,中卦-dynamic,z,4.039,3,0.005,0.3045,False
Hebrew,巽卦-static,χ,3.823,11,0.005,0.3045,False
Hebrew,巽卦-static,a,3.7,22,0.005,0.3045,False
Hebrew,兌卦-dynamic,l,2.487,106,0.005,0.3045,False
Hebrew,震卦-static,ɡ,2.28,217,0.005,0.3045,False
Hebrew,震卦-static,ɛ,1.99,227,0.005,0.3045,False
Hebrew,中卦-static,m,1.378,309,0.005,0.3045,False
Hebrew,震卦-static,ɒ,-1.348,7,0.005,0.3045,False
Hebrew,震卦-static,ɪ,-1.348,7,0.005,0.3045,False
Hebrew,離卦-dynamic,ɑ,1.758,61,0.01,0.5536,False
Hebrew,巽卦-static,ə,3.504,4,0.0149,0.609,False
Hebrew,巽卦-static,v,3.145,9,0.0149,0.609,False
Hebrew,巽卦-static,k,2.861,4,0.0149,0.609,False
Hebrew,離卦-dynamic,f,-1.691,21,0.0149,0.609,False
Hebrew,中卦-dynamic,ʔ,4.006,5,0.0199,0.6766,False
Hebrew,坤卦-dynamic,ɒ,1.075,54,0.0199,0.6766,False
Hebrew,坤卦-dynamic,ɪ,1.075,54,0.0199,0.6766,False
Hebrew,震卦-static,ʁ,1.027,41,0.0249,0.7612,False
Hebrew,中卦-dynamic,e,3.985,7,0.0348,0.7894,False
Hebrew,中卦-dynamic,j,3.906,5,0.0299,0.7894,False
Hebrew,乾卦-static,d,-2.312,15,0.0348,0.7894,False
Hebrew,兌卦-dynamic,ɡ,-1.433,21,0.0348,0.7894,False
Hebrew,坤卦-dynamic,n,1.08,230,0.0348,0.7894,False
Hebrew,震卦-static,o,-1.065,94,0.0348,0.7894,False
Hebrew,坤卦-dynamic,ɑ,-1.042,23,0.0348,0.7894,False
Hebrew,中卦-static,l,-0.958,103,0.0398,0.8119,False
Hebrew,巽卦-static,r,2.721,7,0.0647,0.8525,False
Hebrew,巽卦-static,i,-2.446,7,0.0547,0.8525,False
Hebrew,巽卦-static,u,-2.406,4,0.0697,0.8525,False
Hebrew,巽卦-static,t,2.198,7,0.0647,0.8525,False
Hebrew,乾卦-static,f,2.039,16,0.0448,0.8525,False
Hebrew,坤卦-static,ɒ,1.867,8,0.0697,0.8525,False
Hebrew,坤卦-static,ɪ,1.867,8,0.0697,0.8525,False
Hebrew,乾卦-static,ə,1.636,11,0.0647,0.8525,False
Hebrew,震卦-dynamic,x,1.44,9,0.0498,0.8525,False
Hebrew,離卦-static,ɡ,1.256,91,0.0498,0.8525,False
Hebrew,離卦-dynamic,o,-1.215,43,0.0597,0.8525,False
Hebrew,兌卦-dynamic,f,-1.215,20,0.0647,0.8525,False
Hebrew,艮卦-dynamic,ɒ,1.166,34,0.0547,0.8525,False
Hebrew,艮卦-dynamic,ɪ,1.166,34,0.0547,0.8525,False
Hebrew,震卦-static,ɑ,-0.883,31,0.0647,0.8525,False
Hebrew,中卦-static,s,-0.868,58,0.0547,0.8525,False
Hebrew,坤卦-dynamic,s,-0.833,42,0.0547,0.8525,False
Hebrew,乾卦-static,o,1.795,21,0.0746,0.8955,False
Hebrew,乾卦-static,ʁ,1.709,5,0.0796,0.9192,False
Hebrew,乾卦-dynamic,o,1.118,72,0.0796,0.9192,False
Hebrew,坤卦-dynamic,f,-0.825,64,0.0846,0.9411,False
Hebrew,離卦-static,p,1.345,7,0.0896,0.9615,False
Hebrew,震卦-static,d,0.904,280,0.0896,0.9615,False
Hebrew,巽卦-dynamic,ɑ,2.126,9,0.2388,0.9754,False
Hebrew,巽卦-static,ɡ,1.785,4,0.1294,0.9754,False
Hebrew,巽卦-static,n,1.724,6,0.194,0.9754,False
Hebrew,坤卦-static,o,-1.713,7,0.1194,0.9754,False
Hebrew,乾卦-static,ɡ,-1.679,5,0.1095,0.9754,False
Hebrew,坤卦-static,m,1.671,27,0.1393,0.9754,False
Hebrew,坤卦-static,d,-1.554,19,0.1592,0.9754,False
Hebrew,巽卦-static,l,1.54,5,0.2388,0.9754,False
Hebrew,坤卦-static,ʁ,1.517,5,0.1692,0.9754,False
Hebrew,坎卦-static,s,-1.499,3,0.1343,0.9754,False
Hebrew,坎卦-static,o,1.424,23,0.1791,0.9754,False
Hebrew,巽卦-static,o,1.396,4,0.2687,0.9754,False
Hebrew,兌卦-static,l,-1.389,4,0.2836,0.9754,False
Hebrew,坤卦-static,l,-1.304,6,0.2537,0.9754,False
Hebrew,坤卦-static,a,-1.295,38,0.2985,0.9754,False
Hebrew,巽卦-dynamic,i,1.276,46,0.4677,0.9754,False
Hebrew,巽卦-dynamic,f,1.273,9,0.4975,0.9754,False
Hebrew,巽卦-static,d,1.264,6,0.2985,0.9754,False
Hebrew,乾卦-dynamic,p,1.248,5,0.0995,0.9754,False
Hebrew,乾卦-static,k,1.235,12,0.2637,0.9754,False
Hebrew,巽卦-dynamic,ʃ,1.227,23,0.4925,0.9754,False
Hebrew,坤卦-static,n,1.165,27,0.3134,0.9754,False
Hebrew,坎卦-static,ʁ,1.161,5,0.2239,0.9754,False
Hebrew,巽卦-dynamic,ɒ,1.15,4,0.5274,0.9754,False
Hebrew,巽卦-dynamic,ɪ,1.15,4,0.5274,0.9754,False
Hebrew,離卦-static,ɒ,-1.142,6,0.1095,0.9754,False
Hebrew,離卦-static,ɪ,-1.142,6,0.1095,0.9754,False
Hebrew,兌卦-static,u,1.082,43,0.3781,0.9754,False
Hebrew,乾卦-static,n,1.077,25,0.2139,0.9754,False
Hebrew,坤卦-static,ɡ,-1.059,8,0.3333,0.9754,False
Hebrew,艮卦-dynamic,f,-1.052,35,0.1095,0.9754,False
Hebrew,兌卦-static,o,1.042,14,0.403,0.9754,False
Hebrew,坤卦-static,ʃ,1.038,35,0.3483,0.9754,False
Hebrew,兌卦-static,f,1.024,10,0.4925,0.9754,False
Hebrew,巽卦-static,e,-1.006,3,0.4527,0.9754,False
Hebrew,乾卦-dynamic,s,0.99,40,0.1294,0.9754,False
Hebrew,艮卦-dynamic,s,-0.985,23,0.1144,0.9754,False
Hebrew,離卦-static,d,0.978,148,0.1343,0.9754,False
Hebrew,離卦-static,r,-0.968,8,0.1194,0.9754,False
Hebrew,巽卦-dynamic,a,-0.956,27,0.6169,0.9754,False
Hebrew,坎卦-static,χ,0.949,25,0.2935,0.9754,False
Hebrew,艮卦-dynamic,l,0.948,114,0.1294,0.9754,False
Hebrew,離卦-dynamic,l,0.948,101,0.1542,0.9754,False
Hebrew,離卦-static,ɛ,0.944,89,0.1443,0.9754,False
Hebrew,艮卦-dynamic,o,-0.934,55,0.1343,0.9754,False
Hebrew,艮卦-dynamic,k,-0.903,13,0.1343,0.9754,False
Hebrew,離卦-static,l,-0.901,44,0.1592,0.9754,False
Hebrew,坎卦-static,t,0.894,30,0.3881,0.9754,False
Hebrew,離卦-dynamic,n,-0.889,63,0.1592,0.9754,False
Hebrew,坎卦-static,n,-0.887,15,0.3881,0.9754,False
Hebrew,乾卦-static,ɛ,-0.88,7,0.3134,0.9754,False
Hebrew,乾卦-dynamic,t,0.879,100,0.1841,0.9754,False
Hebrew,兌卦-static,ʁ,0.878,3,0.5522,0.9754,False
Hebrew,兌卦-dynamic,s,0.865,34,0.1393,0.9754,False
Hebrew,巽卦-dynamic,h,0.854,37,0.6318,0.9754,False
Hebrew,坤卦-static,i,0.843,69,0.4378,0.9754,False
Hebrew,離卦-dynamic,ɒ,-0.823,9,0.199,0.9754,False
Hebrew,離卦-dynamic,ɪ,-0.823,9,0.199,0.9754,False
Hebrew,離卦-dynamic,v,0.822,124,0.204,0.9754,False
Hebrew,巽卦-dynamic,ɹ,0.821,32,0.6468,0.9754,False
Hebrew,震卦-dynamic,l,0.814,109,0.1294,0.9754,False
Hebrew,艮卦-static,m,-0.798,43,0.1443,0.9754,False
Hebrew,乾卦-static,r,0.796,17,0.3483,0.9754,False
Hebrew,坎卦-static,ɑ,-0.789,4,0.4129,0.9754,False
Hebrew,乾卦-dynamic,ʁ,-0.783,6,0.209,0.9754,False
Hebrew,巽卦-dynamic,ɛ,-0.778,5,0.7164,0.9754,False
Hebrew,離卦-dynamic,r,-0.773,16,0.1194,0.9754,False
Hebrew,艮卦-static,p,0.772,4,0.2736,0.9754,False
Hebrew,坤卦-dynamic,d,0.764,249,0.1592,0.9754,False
Hebrew,乾卦-static,m,0.748,20,0.408,0.9754,False
Hebrew,坎卦-static,l,-0.745,11,0.4876,0.9754,False
Hebrew,坎卦-dynamic,i,0.737,179,0.2985,0.9754,False
Hebrew,離卦-static,u,0.72,272,0.2886,0.9754,False
Hebrew,巽卦-dynamic,u,0.719,34,0.7065,0.9754,False
Hebrew,乾卦-static,j,0.719,28,0.4478,0.9754,False
Hebrew,艮卦-dynamic,m,0.717,111,0.2488,0.9754,False
Hebrew,艮卦-dynamic,i,0.716,359,0.2687,0.9754,False
Hebrew,兌卦-static,d,0.71,21,0.5871,0.9754,False
Hebrew,艮卦-static,t,0.701,97,0.3383,0.9754,False
Hebrew,坎卦-dynamic,ʁ,0.7,10,0.4229,0.9754,False
Hebrew,坤卦-static,u,0.698,54,0.4826,0.9754,False
Hebrew,艮卦-static,ɛ,0.692,62,0.3134,0.9754,False
Hebrew,艮卦-dynamic,ɑ,0.692,48,0.2139,0.9754,False
Hebrew,坎卦-dynamic,ɛ,0.692,43,0.3731,0.9754,False
Hebrew,巽卦-dynamic,t,-0.692,10,0.7264,0.9754,False
Hebrew,中卦-static,u,0.684,662,0.1095,0.9754,False
Hebrew,乾卦-static,h,-0.671,37,0.4726,0.9754,False
Hebrew,巽卦-dynamic,b,0.664,32,0.7363,0.9754,False
Hebrew,離卦-dynamic,k,-0.659,17,0.2786,0.9754,False
Hebrew,艮卦-static,o,-0.656,44,0.3284,0.9754,False
Hebrew,坎卦-static,ɛ,0.656,18,0.4975,0.9754,False
Hebrew,兌卦-dynamic,v,-0.654,46,0.2935,0.9754,False
Hebrew,乾卦-static,i,-0.654,51,0.4577,0.9754,False
Hebrew,兌卦-static,t,-0.651,12,0.5771,0.9754,False
Hebrew,坤卦-dynamic,k,-0.646,32,0.1791,0.9754,False
Hebrew,艮卦-static,l,-0.646,40,0.2637,0.9754,False
Hebrew,艮卦-dynamic,ʃ,0.645,167,0.3085,0.9754,False
Hebrew,坎卦-dynamic,ʃ,0.644,83,0.403,0.9754,False
Hebrew,艮卦-dynamic,j,-0.643,36,0.2786,0.9754,False
Hebrew,坎卦-dynamic,f,-0.642,21,0.3731,0.9754,False
Hebrew,離卦-dynamic,d,0.64,132,0.2637,0.9754,False
Hebrew,兌卦-dynamic,ʁ,-0.64,6,0.3284,0.9754,False
Hebrew,中卦-static,ɹ,0.634,594,0.1194,0.9754,False
Hebrew,坤卦-static,f,-0.633,8,0.5025,0.9754,False
Hebrew,離卦-static,ɹ,0.63,242,0.3284,0.9754,False
Hebrew,震卦-dynamic,o,-0.626,62,0.2886,0.9754,False
Hebrew,艮卦-static,ɹ,0.623,183,0.3234,0.9754,False
Hebrew,乾卦-static,a,0.619,63,0.5572,0.9754,False
Hebrew,震卦-static,n,-0.615,146,0.1592,0.9754,False
Hebrew,震卦-dynamic,r,-0.611,26,0.2587,0.9754,False
Hebrew,兌卦-static,s,0.607,7,0.6368,0.9754,False
Hebrew,兌卦-dynamic,ɒ,0.607,17,0.3184,0.9754,False
Hebrew,兌卦-dynamic,ɪ,0.607,17,0.3184,0.9754,False
Hebrew,離卦-dynamic,m,0.606,95,0.2836,0.9754,False
Hebrew,坎卦-dynamic,ɑ,0.604,23,0.4328,0.9754,False
Hebrew,中卦-static,h,0.602,685,0.1194,0.9754,False
Hebrew,震卦-dynamic,p,0.591,5,0.3333,0.9754,False
Hebrew,乾卦-static,ɹ,-0.584,29,0.4925,0.9754,False
Hebrew,中卦-static,b,0.582,613,0.1642,0.9754,False
Hebrew,震卦-static,p,0.582,9,0.2488,0.9754,False
Hebrew,艮卦-dynamic,ɹ,0.58,252,0.3085,0.9754,False
Hebrew,坤卦-static,k,-0.579,4,0.5721,0.9754,False
Hebrew,兌卦-static,a,-0.579,36,0.6517,0.9754,False
Hebrew,震卦-dynamic,h,0.573,293,0.3134,0.9754,False
Hebrew,離卦-static,m,-0.57,64,0.3532,0.9754,False
Hebrew,中卦-static,o,-0.568,147,0.1741,0.9754,False
Hebrew,兌卦-static,k,-0.567,3,0.607,0.9754,False
Hebrew,坎卦-static,v,0.556,27,0.5672,0.9754,False
Hebrew,艮卦-dynamic,b,0.551,262,0.3632,0.9754,False
Hebrew,艮卦-dynamic,d,0.548,147,0.3731,0.9754,False
Hebrew,艮卦-static,r,-0.544,21,0.3632,0.9754,False
Hebrew,坎卦-dynamic,k,-0.543,11,0.4428,0.9754,False
Hebrew,離卦-static,ʔ,-0.543,19,0.393,0.9754,False
Hebrew,離卦-dynamic,h,0.543,258,0.3582,0.9754,False
Hebrew,乾卦-dynamic,l,-0.543,42,0.3234,0.9754,False
Hebrew,艮卦-dynamic,r,-0.53,30,0.3383,0.9754,False
Hebrew,震卦-static,f,-0.529,80,0.2239,0.9754,False
Hebrew,艮卦-static,s,0.527,35,0.4478,0.9754,False
Hebrew,離卦-static,b,0.526,246,0.4129,0.9754,False
Hebrew,坤卦-static,χ,-0.523,5,0.6517,0.9754,False
Hebrew,艮卦-dynamic,ɡ,-0.518,55,0.3731,0.9754,False
Hebrew,坎卦-dynamic,ɒ,0.511,13,0.5821,0.9754,False
Hebrew,坎卦-dynamic,ɪ,0.511,13,0.5821,0.9754,False
Hebrew,兌卦-static,ɡ,0.51,11,0.6468,0.9754,False
Hebrew,坤卦-dynamic,l,-0.506,100,0.2587,0.9754,False
Hebrew,震卦-dynamic,ə,-0.501,8,0.3532,0.9754,False
Hebrew,艮卦-static,b,0.5,185,0.3831,0.9754,False
Hebrew,震卦-dynamic,i,0.5,347,0.3632,0.9754,False
Hebrew,艮卦-static,u,0.499,197,0.4478,0.9754,False
Hebrew,坎卦-dynamic,b,0.492,128,0.4627,0.9754,False
Hebrew,震卦-dynamic,u,0.49,274,0.3383,0.9754,False
Hebrew,兌卦-static,χ,-0.489,4,0.7264,0.9754,False
Hebrew,中卦-static,ɒ,0.488,60,0.1791,0.9754,False
Hebrew,中卦-static,ɪ,0.488,60,0.1791,0.9754,False
Hebrew,震卦-dynamic,t,-0.485,92,0.393,0.9754,False
Hebrew,乾卦-static,u,-0.485,39,0.6617,0.9754,False
Hebrew,震卦-dynamic,χ,-0.483,29,0.4279,0.9754,False
Hebrew,艮卦-dynamic,a,-0.479,266,0.4279,0.9754,False
Hebrew,震卦-static,r,-0.477,59,0.3134,0.9754,False
Hebrew,坎卦-static,b,0.475,54,0.5721,0.9754,False
Hebrew,兌卦-dynamic,ɛ,-0.475,32,0.4279,0.9754,False
Hebrew,離卦-static,h,0.474,271,0.4677,0.9754,False
Hebrew,坤卦-static,h,0.471,54,0.6866,0.9754,False
Hebrew,坤卦-static,s,-0.47,6,0.6816,0.9754,False
Hebrew,坎卦-dynamic,e,-0.469,69,0.5075,0.9754,False
Hebrew,乾卦-static,b,-0.469,33,0.6617,0.9754,False
Hebrew,坤卦-dynamic,v,-0.467,135,0.2637,0.9754,False
Hebrew,艮卦-static,h,0.467,205,0.4229,0.9754,False
Hebrew,震卦-static,t,-0.463,168,0.3035,0.9754,False
Hebrew,兌卦-dynamic,o,-0.462,41,0.4328,0.9754,False
Hebrew,艮卦-dynamic,ə,-0.461,9,0.4577,0.9754,False
Hebrew,離卦-dynamic,ə,-0.46,8,0.408,0.9754,False
Hebrew,離卦-static,ɑ,0.455,41,0.4328,0.9754,False
Hebrew,離卦-dynamic,ɡ,-0.455,50,0.398,0.9754,False
Hebrew,乾卦-dynamic,ɑ,-0.455,18,0.403,0.9754,False
Hebrew,坤卦-static,j,-0.451,10,0.6816,0.9754,False
Hebrew,坎卦-dynamic,d,0.45,72,0.5373,0.9754,False
Hebrew,兌卦-static,ʔ,-0.45,4,0.7264,0.9754,False
Hebrew,艮卦-dynamic,u,0.449,272,0.4627,0.9754,False
Hebrew,艮卦-dynamic,t,0.445,126,0.4129,0.9754,False
Hebrew,坎卦-dynamic,r,-0.445,17,0.4876,0.9754,False
Hebrew,中卦-static,t,-0.444,217,0.2488,0.9754,False
Hebrew,離卦-static,ə,-0.441,9,0.4726,0.9754,False
Hebrew,坤卦-dynamic,o,0.44,142,0.3085,0.9754,False
Hebrew,震卦-dynamic,ɑ,0.44,43,0.4726,0.9754,False
Hebrew,兌卦-static,ɛ,0.438,11,0.7164,0.9754,False
Hebrew,震卦-dynamic,ʔ,-0.435,30,0.4229,0.9754,False
Hebrew,坎卦-static,ɡ,-0.434,12,0.6567,0.9754,False
Hebrew,坎卦-dynamic,m,-0.429,36,0.6368,0.9754,False
Hebrew,震卦-dynamic,ɹ,0.428,240,0.4279,0.9754,False
Hebrew,乾卦-static,v,-0.427,15,0.6617,0.9754,False
Hebrew,中卦-static,v,-0.426,195,0.3134,0.9754,False
Hebrew,兌卦-dynamic,t,0.425,78,0.4975,0.9754,False
Hebrew,中卦-static,i,0.422,796,0.3035,0.9754,False
Hebrew,中卦-static,j,-0.422,129,0.3483,0.9754,False
Hebrew,艮卦-dynamic,n,0.419,117,0.4627,0.9754,False
Hebrew,乾卦-dynamic,r,0.417,54,0.4179,0.9754,False
Hebrew,艮卦-dynamic,z,-0.415,3,0.4428,0.9754,False
Hebrew,巽卦-static,ʔ,0.415,4,0.7164,0.9754,False
Hebrew,坤卦-dynamic,p,-0.41,3,0.3582,0.9754,False
Hebrew,坤卦-static,ɑ,0.407,8,0.6517,0.9754,False
Hebrew,坎卦-static,u,-0.406,47,0.6517,0.9754,False
Hebrew,坤卦-static,ɹ,0.405,45,0.6119,0.9754,False
Hebrew,兌卦-static,b,0.405,35,0.6667,0.9754,False
Hebrew,乾卦-static,e,-0.405,26,0.6517,0.9754,False
Hebrew,震卦-dynamic,v,-0.403,85,0.5025,0.9754,False
Hebrew,坎卦-static,ʔ,-0.401,7,0.6915,0.9754,False
Hebrew,乾卦-static,ʃ,-0.401,21,0.6318,0.9754,False
Hebrew,震卦-dynamic,z,-0.398,4,0.5075,0.9754,False
Hebrew,震卦-dynamic,m,0.394,100,0.5025,0.9754,False
Hebrew,離卦-static,z,-0.394,4,0.5373,0.9754,False
Hebrew,中卦-static,z,-0.393,10,0.4577,0.9754,False
Hebrew,艮卦-dynamic,ʔ,-0.392,34,0.4826,0.9754,False
Hebrew,坤卦-dynamic,b,0.391,410,0.3781,0.9754,False
Hebrew,坤卦-dynamic,ɛ,0.389,127,0.3582,0.9754,False
Hebrew,震卦-static,j,-0.388,106,0.3184,0.9754,False
Hebrew,中卦-static,r,-0.386,86,0.3781,0.9754,False
Hebrew,離卦-static,ʁ,-0.385,11,0.5423,0.9754,False
Hebrew,離卦-dynamic,ʔ,-0.382,31,0.5174,0.9754,False
Hebrew,震卦-static,m,0.377,180,0.3433,0.9754,False
Hebrew,震卦-dynamic,d,0.374,143,0.5025,0.9754,False
Hebrew,艮卦-static,j,-0.373,43,0.5224,0.9754,False
Hebrew,艮卦-static,k,-0.37,19,0.5423,0.9754,False
Hebrew,中卦-static,ʃ,0.368,357,0.3582,0.9754,False
Hebrew,艮卦-static,χ,-0.367,26,0.5373,0.9754,False
Hebrew,艮卦-dynamic,v,-0.361,87,0.5721,0.9754,False
Hebrew,兌卦-dynamic,j,-0.361,38,0.5622,0.9754,False
Hebrew,坤卦-dynamic,ʃ,0.36,252,0.408,0.9754,False
Hebrew,離卦-dynamic,ʃ,0.36,136,0.5075,0.9754,False
Hebrew,兌卦-static,e,-0.36,21,0.7313,0.9754,False
Hebrew,離卦-dynamic,ɹ,0.357,208,0.5622,0.9754,False
Hebrew,艮卦-dynamic,χ,-0.356,37,0.5174,0.9754,False
Hebrew,離卦-static,n,-0.355,85,0.6517,0.9754,False
Hebrew,離卦-static,i,0.349,321,0.5871,0.9754,False
Hebrew,兌卦-dynamic,h,0.348,173,0.5572,0.9754,False
Hebrew,乾卦-dynamic,v,-0.34,62,0.597,0.9754,False
Hebrew,坤卦-dynamic,u,0.339,436,0.3731,0.9754,False
Hebrew,艮卦-dynamic,ʁ,-0.337,12,0.602,0.9754,False
Hebrew,坎卦-dynamic,n,-0.335,45,0.6816,0.9754,False
Hebrew,坎卦-dynamic,a,-0.332,138,0.6667,0.9754,False
Hebrew,離卦-dynamic,z,-0.331,7,0.5373,0.9754,False
Hebrew,離卦-dynamic,ɛ,0.331,67,0.597,0.9754,False
Hebrew,乾卦-dynamic,m,0.327,69,0.5771,0.9754,False
Hebrew,震卦-dynamic,e,-0.326,154,0.5522,0.9754,False
Hebrew,艮卦-static,ʔ,-0.322,29,0.6119,0.9754,False
Hebrew,中卦-static,n,-0.322,211,0.3881,0.9754,False
Hebrew,乾卦-dynamic,e,-0.322,109,0.5323,0.9754,False
Hebrew,艮卦-static,ə,-0.32,9,0.5423,0.9754,False
Hebrew,震卦-static,a,0.317,595,0.4279,0.9754,False
Hebrew,震卦-dynamic,b,0.317,244,0.5771,0.9754,False
Hebrew,坤卦-dynamic,ɹ,0.315,380,0.4925,0.9754,False
Hebrew,震卦-static,u,0.315,478,0.4826,0.9754,False
Hebrew,坎卦-dynamic,ɹ,0.312,115,0.6766,0.9754,False
Hebrew,坤卦-static,b,0.311,46,0.7264,0.9754,False
Hebrew,震卦-static,χ,-0.311,72,0.5124,0.9754,False
Hebrew,離卦-dynamic,b,0.311,216,0.592,0.9754,False
Hebrew,艮卦-dynamic,h,0.308,275,0.5871,0.9754,False
Hebrew,中卦-static,p,-0.307,5,0.5174,0.9754,False
Hebrew,坎卦-dynamic,v,0.301,58,0.7065,0.9754,False
Hebrew,離卦-dynamic,e,-0.3,139,0.5871,0.9754,False
Hebrew,艮卦-static,d,-0.299,92,0.597,0.9754,False
Hebrew,離卦-dynamic,a,0.297,290,0.5771,0.9754,False
Hebrew,震卦-static,ɹ,0.295,416,0.5622,0.9754,False
Hebrew,兌卦-dynamic,ɑ,0.291,25,0.597,0.9754,False
Hebrew,震卦-static,z,-0.287,19,0.5174,0.9754,False
Hebrew,中卦-static,ɡ,-0.286,140,0.5224,0.9754,False
Hebrew,艮卦-static,z,-0.276,8,0.6567,0.9754,False
Hebrew,中卦-static,ʁ,-0.273,29,0.5274,0.9754,False
Hebrew,乾卦-dynamic,z,-0.273,8,0.6169,0.9754,False
Hebrew,離卦-static,v,0.269,109,0.6418,0.9754,False
Hebrew,震卦-dynamic,ʃ,0.267,149,0.6418,0.9754,False
Hebrew,乾卦-dynamic,χ,-0.267,30,0.6617,0.9754,False
Hebrew,艮卦-static,ʁ,-0.266,9,0.6269,0.9754,False
Hebrew,艮卦-static,i,0.265,240,0.6169,0.9754,False
Hebrew,坎卦-dynamic,o,-0.263,35,0.7214,0.9754,False
Hebrew,坤卦-dynamic,m,0.262,157,0.5373,0.9754,False
Hebrew,中卦-static,ʔ,-0.261,107,0.5572,0.9754,False
Hebrew,震卦-static,s,-0.26,64,0.5721,0.9754,False
Hebrew,坎卦-dynamic,ə,-0.259,7,0.6965,0.9754,False
Hebrew,兌卦-dynamic,χ,0.259,47,0.6667,0.9754,False
Hebrew,震卦-dynamic,f,-0.257,49,0.6468,0.9754,False
Hebrew,兌卦-dynamic,ʔ,-0.256,29,0.6866,0.9754,False
Hebrew,艮卦-dynamic,ɛ,-0.255,58,0.6517,0.9754,False
Hebrew,乾卦-dynamic,ə,0.254,19,0.6965,0.9754,False
Hebrew,中卦-static,d,-0.253,300,0.5423,0.9754,False
Hebrew,中卦-static,ə,-0.253,33,0.5323,0.9754,False
Hebrew,坤卦-dynamic,r,-0.248,72,0.6468,0.9754,False
Hebrew,坤卦-dynamic,z,-0.248,21,0.592,0.9754,False
Hebrew,離卦-dynamic,j,-0.247,63,0.6368,0.9754,False
Hebrew,中卦-static,χ,-0.244,102,0.592,0.9754,False
Hebrew,離卦-static,j,-0.239,68,0.7264,0.9754,False
Hebrew,中卦-static,f,0.237,134,0.592,0.9754,False
Hebrew,坤卦-dynamic,ɡ,-0.236,101,0.6368,0.9754,False
Hebrew,兌卦-dynamic,u,-0.235,145,0.6368,0.9754,False
Hebrew,坎卦-dynamic,h,0.229,134,0.7363,0.9754,False
Hebrew,震卦-static,i,-0.226,558,0.5771,0.9754,False
Hebrew,震卦-static,b,0.224,429,0.6119,0.9754,False
Hebrew,中卦-static,x,-0.223,5,0.6468,0.9754,False
Hebrew,震卦-dynamic,s,-0.222,36,0.7214,0.9754,False
Hebrew,震卦-static,ʔ,-0.216,91,0.6418,0.9754,False
Hebrew,震卦-dynamic,j,-0.214,74,0.7313,0.9754,False
Hebrew,坤卦-dynamic,i,0.203,544,0.6766,0.9754,False
Hebrew,中卦-static,ɛ,0.196,166,0.6269,0.9754,False
Hebrew,震卦-static,v,-0.192,171,0.6617,0.9754,False
Hebrew,兌卦-dynamic,i,0.189,206,0.7164,0.9754,False
Hebrew,震卦-static,ʃ,0.188,263,0.6866,0.9754,False
Hebrew,坤卦-dynamic,a,-0.182,475,0.6965,0.9754,False
Hebrew,乾卦-dynamic,u,0.182,181,0.7363,0.9754,False
Hebrew,離卦-static,ʃ,0.175,137,0.7264,0.9754,False
Hebrew,中卦-static,k,-0.174,73,0.6915,0.9754,False
Hebrew,中卦-static,a,-0.173,673,0.6368,0.9754,False
Hebrew,坤卦-dynamic,e,-0.172,280,0.7015,0.9754,False
Hebrew,震卦-dynamic,ɒ,0.167,22,0.7363,0.9754,False
Hebrew,震卦-dynamic,ɪ,0.167,22,0.7363,0.9754,False
Hebrew,坤卦-dynamic,j,-0.163,129,0.6816,0.9754,False
Hebrew,震卦-static,h,0.154,478,0.6915,0.9754,False
Hebrew,坤卦-dynamic,ʔ,-0.153,92,0.7313,0.9754,False
Hebrew,巽卦-dynamic,m,-0.571,8,0.7562,0.9756,False
Hebrew,兌卦-static,ɹ,0.38,33,0.7612,0.9756,False
Hebrew,兌卦-static,h,0.374,39,0.7512,0.9756,False
Hebrew,坎卦-static,a,-0.363,58,0.7562,0.9756,False
Hebrew,坎卦-static,ɒ,0.308,5,0.7811,0.9756,False
Hebrew,坎卦-static,ɪ,0.308,5,0.7811,0.9756,False
Hebrew,乾卦-static,ɒ,-0.269,3,0.7811,0.9756,False
Hebrew,乾卦-static,ɪ,-0.269,3,0.7811,0.9756,False
Hebrew,乾卦-static,t,-0.245,18,0.7811,0.9756,False
Hebrew,坎卦-dynamic,χ,-0.24,22,0.7612,0.9756,False
Hebrew,兌卦-dynamic,m,0.234,59,0.7711,0.9756,False
Hebrew,離卦-static,e,-0.216,157,0.7811,0.9756,False
Hebrew,坎卦-dynamic,s,-0.212,18,0.7711,0.9756,False
Hebrew,離卦-static,χ,-0.187,45,0.7413,0.9756,False
Hebrew,乾卦-dynamic,ɛ,0.174,50,0.7562,0.9756,False
Hebrew,離卦-static,o,0.17,76,0.7711,0.9756,False
Hebrew,艮卦-static,v,0.157,79,0.7612,0.9756,False
Hebrew,坤卦-dynamic,ʁ,0.154,26,0.7463,0.9756,False
Hebrew,震卦-dynamic,ɛ,0.146,70,0.7612,0.9756,False
Hebrew,震卦-static,ə,0.127,43,0.7811,0.9756,False
Hebrew,坤卦-dynamic,h,-0.126,402,0.7662,0.9756,False
Hebrew,中卦-static,e,-0.119,409,0.7512,0.9756,False
Hebrew,乾卦-static,s,0.292,8,0.7861,0.9758,False
Hebrew,兌卦-dynamic,z,-0.165,11,0.7861,0.9758,False
Hebrew,震卦-static,l,-0.1,137,0.7861,0.9758,False
Hebrew,巽卦-dynamic,ʔ,-0.486,3,0.791,0.978,False
Hebrew,震卦-dynamic,n,0.138,107,0.791,0.978,False
Hebrew,坎卦-static,e,0.228,45,0.796,0.9782,False
Hebrew,兌卦-dynamic,r,-0.128,31,0.796,0.9782,False
Hebrew,兌卦-static,v,0.417,17,0.801,0.9804,False
Hebrew,兌卦-static,n,0.354,16,0.801,0.9804,False
Hebrew,巽卦-dynamic,n,0.458,14,0.806,0.9812,False
Hebrew,巽卦-dynamic,k,-0.415,3,0.8209,0.9812,False
Hebrew,兌卦-static,i,0.305,47,0.806,0.9812,False
Hebrew,坎卦-dynamic,ɡ,-0.201,31,0.8159,0.9812,False
Hebrew,坎卦-static,f,0.189,12,0.8109,0.9812,False
Hebrew,離卦-dynamic,ʁ,0.149,14,0.8109,0.9812,False
Hebrew,艮卦-static,e,-0.137,125,0.8159,0.9812,False
Hebrew,離卦-dynamic,u,0.135,225,0.8159,0.9812,False
Hebrew,乾卦-dynamic,j,-0.122,58,0.8209,0.9812,False
Hebrew,離卦-dynamic,i,0.105,289,0.8159,0.9812,False
Hebrew,坤卦-dynamic,χ,-0.099,87,0.8209,0.9812,False
Hebrew,兌卦-static,ʃ,0.296,21,0.8259,0.9814,False
Hebrew,離卦-static,a,-0.14,277,0.8259,0.9814,False
Hebrew,中卦-dynamic,a,-0.505,3,0.8408,0.9815,False
Hebrew,巽卦-dynamic,χ,-0.406,4,0.8756,0.9815,False
Hebrew,巽卦-dynamic,o,-0.384,8,0.8557,0.9815,False
Hebrew,巽卦-dynamic,e,-0.345,18,0.8657,0.9815,False
Hebrew,巽卦-dynamic,ɡ,-0.338,7,0.8458,0.9815,False
Hebrew,乾卦-static,ʔ,0.21,16,0.8308,0.9815,False
Hebrew,兌卦-static,m,0.189,13,0.8458,0.9815,False
Hebrew,坤卦-static,ə,-0.186,3,0.8308,0.9815,False
Hebrew,坤卦-static,ʔ,-0.186,10,0.8557,0.9815,False
Hebrew,坎卦-static,m,-0.184,17,0.8458,0.9815,False
Hebrew,坤卦-static,r,-0.17,9,0.8607,0.9815,False
Hebrew,離卦-dynamic,s,-0.151,33,0.8408,0.9815,False
Hebrew,坎卦-static,ɹ,0.142,46,0.8756,0.9815,False
Hebrew,乾卦-dynamic,k,-0.129,23,0.8607,0.9815,False
Hebrew,乾卦-dynamic,ʃ,-0.129,92,0.8408,0.9815,False
Hebrew,乾卦-static,l,0.127,15,0.8706,0.9815,False
Hebrew,艮卦-static,f,0.125,40,0.8756,0.9815,False
Hebrew,離卦-static,k,-0.123,31,0.8657,0.9815,False
Hebrew,艮卦-static,ʃ,0.122,102,0.8706,0.9815,False
Hebrew,艮卦-static,ɑ,-0.12,23,0.8607,0.9815,False
Hebrew,坎卦-dynamic,ʔ,-0.107,30,0.8706,0.9815,False
Hebrew,坤卦-dynamic,t,0.098,186,0.8408,0.9815,False
Hebrew,乾卦-dynamic,b,0.087,160,0.8657,0.9815,False
Hebrew,乾卦-dynamic,h,0.084,183,0.8756,0.9815,False
Hebrew,震卦-dynamic,ʁ,-0.079,14,0.8607,0.9815,False
Hebrew,艮卦-static,ɒ,0.075,15,0.8706,0.9815,False
Hebrew,艮卦-static,ɪ,0.075,15,0.8706,0.9815,False
Hebrew,震卦-static,e,0.073,356,0.8607,0.9815,False
Hebrew,兌卦-dynamic,ʃ,-0.07,83,0.8756,0.9815,False
Hebrew,離卦-static,t,0.121,108,0.8806,0.9834,False
Hebrew,艮卦-dynamic,e,-0.085,180,0.8806,0.9834,False
Hebrew,坎卦-static,r,-0.175,10,0.8856,0.9836,False
Hebrew,坎卦-dynamic,t,0.134,57,0.8856,0.9836,False
Hebrew,乾卦-dynamic,d,-0.073,94,0.8856,0.9836,False
Hebrew,巽卦-static,j,0.174,4,0.9055,0.9896,False
Hebrew,坎卦-static,i,0.126,69,0.9055,0.9896,False
Hebrew,坎卦-static,ʃ,0.122,30,0.9005,0.9896,False
Hebrew,坤卦-static,ɛ,0.107,13,0.9055,0.9896,False
Hebrew,坎卦-static,h,0.105,55,0.9055,0.9896,False
Hebrew,離卦-static,s,-0.104,36,0.8955,0.9896,False
Hebrew,兌卦-dynamic,b,0.102,142,0.8955,0.9896,False
Hebrew,坎卦-static,j,-0.086,18,0.9005,0.9896,False
Hebrew,坎卦-dynamic,l,0.084,41,0.9055,0.9896,False
Hebrew,兌卦-static,r,-0.12,7,0.9104,0.9897,False
Hebrew,兌卦-dynamic,n,-0.078,62,0.9104,0.9897,False
Hebrew,坎卦-static,d,-0.094,28,0.9154,0.9898,False
Hebrew,乾卦-dynamic,ɡ,-0.077,46,0.9154,0.9898,False
Hebrew,兌卦-static,ɑ,0.072,5,0.9154,0.9898,False
Hebrew,兌卦-static,j,-0.16,11,0.9204,0.9902,False
Hebrew,乾卦-static,χ,-0.141,9,0.9303,0.9902,False
Hebrew,坎卦-dynamic,j,-0.074,43,0.9303,0.9902,False
Hebrew,兌卦-dynamic,d,0.071,85,0.9204,0.9902,False
Hebrew,艮卦-static,ɡ,-0.062,47,0.9303,0.9902,False
Hebrew,離卦-dynamic,t,0.055,99,0.9303,0.9902,False
Hebrew,震卦-dynamic,a,0.044,307,0.9303,0.9902,False
Hebrew,離卦-static,f,-0.042,50,0.9254,0.9902,False
Hebrew,乾卦-static,z,-0.084,4,0.9453,0.9907,False
Hebrew,離卦-dynamic,x,0.075,3,0.9403,0.9907,False
Hebrew,艮卦-static,a,0.056,221,0.9403,0.9907,False
Hebrew,坤卦-static,v,-0.055,19,0.9502,0.9907,False
Hebrew,兌卦-dynamic,ə,-0.052,12,0.9502,0.9907,False
Hebrew,震卦-dynamic,ɡ,0.046,68,0.9403,0.9907,False
Hebrew,兌卦-dynamic,e,-0.041,115,0.9453,0.9907,False
Hebrew,乾卦-dynamic,ʔ,-0.039,47,0.9502,0.9907,False
Hebrew,離卦-dynamic,χ,0.028,54,0.9502,0.9907,False
Hebrew,兌卦-dynamic,ɹ,0.039,131,0.9552,0.9908,False
Hebrew,坤卦-dynamic,ə,0.03,35,0.9552,0.9908,False
Hebrew,震卦-static,k,-0.042,63,0.9602,0.9926,False
Hebrew,兌卦-dynamic,k,0.041,23,0.9602,0.9926,False
Hebrew,巽卦-dynamic,l,-0.091,9,0.9652,0.9944,False
Hebrew,坤卦-static,t,0.043,21,0.9652,0.9944,False
Hebrew,乾卦-static,ɑ,-0.042,6,0.9701,0.9945,False
Hebrew,乾卦-dynamic,a,-0.023,213,0.9701,0.9945,False
Hebrew,巽卦-dynamic,v,-0.039,12,0.99,0.9966,False
Hebrew,坤卦-static,e,0.017,36,0.99,0.9966,False
Hebrew,乾卦-dynamic,f,0.017,38,0.99,0.9966,False
Hebrew,坎卦-dynamic,u,-0.015,122,0.9851,0.9966,False
Hebrew,坤卦-static,z,-0.014,5,0.9851,0.9966,False
Hebrew,乾卦-dynamic,ɒ,-0.014,14,0.9801,0.9966,False
Hebrew,乾卦-dynamic,ɪ,-0.014,14,0.9801,0.9966,False
Hebrew,艮卦-static,n,-0.013,73,0.99,0.9966,False
Hebrew,震卦-dynamic,k,0.005,36,0.9851,0.9966,False
Hebrew,兌卦-dynamic,a,-0.005,189,0.9801,0.9966,False
Hebrew,乾卦-dynamic,n,-0.005,72,0.99,0.9966,False
Hebrew,乾卦-dynamic,ɹ,0.015,147,0.995,0.9999,False
Hebrew,巽卦-dynamic,d,0.015,16,1.0,1.0,False
Hebrew,中卦-static,ɑ,0.003,80,1.0,1.0,False
Hebrew,乾卦-dynamic,i,-0.003,226,1.0,1.0,False
Hindi,兌卦-static,ɡʰ,3.742,5,0.005,0.3646,False
Hindi,巽卦-static,r,3.643,8,0.005,0.3646,False
Hindi,震卦-dynamic,x,3.545,3,0.005,0.3646,False
Hindi,坤卦-static,pʰ,3.463,8,0.005,0.3646,False
Hindi,乾卦-static,ɟ,3.324,13,0.005,0.3646,False
Hindi,坎卦-static,t,3.103,18,0.005,0.3646,False
Hindi,兌卦-dynamic,n,2.843,97,0.005,0.3646,False
Hindi,乾卦-dynamic,ʋ,2.494,45,0.005,0.3646,False
Hindi,兌卦-dynamic,a,2.249,139,0.005,0.3646,False
Hindi,震卦-static,ɖ,2.094,18,0.005,0.3646,False
Hindi,震卦-dynamic,cʰ,1.855,10,0.005,0.3646,False
Hindi,中卦-static,bʰ,1.809,27,0.005,0.3646,False
Hindi,中卦-static,ɾ,-1.274,55,0.005,0.3646,False
Hindi,艮卦-static,q,3.874,3,0.01,0.4861,False
Hindi,艮卦-static,ŋ,2.57,11,0.01,0.4861,False
Hindi,艮卦-static,ʃ,1.982,13,0.01,0.4861,False
Hindi,坤卦-dynamic,d,1.904,44,0.01,0.4861,False
Hindi,震卦-dynamic,ɛ,1.644,13,0.01,0.4861,False
Hindi,中卦-static,j,1.632,45,0.01,0.4861,False
Hindi,中卦-static,k,1.38,104,0.01,0.4861,False
Hindi,乾卦-static,ɟʰ,3.234,3,0.0149,0.6381,False
Hindi,兌卦-static,i,3.106,13,0.0149,0.6381,False
Hindi,中卦-static,h,1.464,44,0.0149,0.6381,False
Hindi,艮卦-dynamic,ɟʰ,2.118,6,0.0199,0.6806,False
Hindi,艮卦-dynamic,l,2.066,48,0.0199,0.6806,False
Hindi,震卦-dynamic,e,1.598,34,0.0199,0.6806,False
Hindi,乾卦-dynamic,ʃ,1.583,23,0.0199,0.6806,False
Hindi,震卦-static,r,1.359,46,0.0199,0.6806,False
Hindi,坎卦-static,z,2.809,3,0.0249,0.7507,False
Hindi,乾卦-static,kʰ,2.236,6,0.0249,0.7507,False
Hindi,中卦-static,ʌ,1.289,115,0.0249,0.7507,False
Hindi,震卦-static,e,1.179,46,0.0249,0.7507,False
Hindi,巽卦-static,o,2.794,6,0.0299,0.7853,False
Hindi,離卦-static,p,2.065,25,0.0299,0.7853,False
Hindi,離卦-dynamic,n,1.695,76,0.0299,0.7853,False
Hindi,離卦-dynamic,ẽ,1.693,10,0.0299,0.7853,False
Hindi,兌卦-static,ã,2.914,3,0.0348,0.806,False
Hindi,巽卦-static,dʰ,2.663,3,0.0448,0.806,False
Hindi,乾卦-static,b,2.469,12,0.0348,0.806,False
Hindi,坤卦-static,ɔ,2.153,4,0.0448,0.806,False
Hindi,離卦-static,ã,1.773,8,0.0398,0.806,False
Hindi,艮卦-dynamic,tʰ,1.602,8,0.0398,0.806,False
Hindi,離卦-dynamic,l,-1.462,12,0.0398,0.806,False
Hindi,艮卦-dynamic,ʌ,-1.453,25,0.0448,0.806,False
Hindi,乾卦-dynamic,ɖ,1.405,12,0.0398,0.806,False
Hindi,兌卦-dynamic,ĩ,1.332,5,0.0448,0.806,False
Hindi,震卦-static,ʊ,-1.184,10,0.0398,0.806,False
Hindi,震卦-static,p,1.091,49,0.0398,0.806,False
Hindi,坤卦-dynamic,o,-1.073,10,0.0398,0.806,False
Hindi,震卦-static,ʌ,-1.031,54,0.0448,0.806,False
Hindi,坎卦-static,ɲ,3.154,5,0.0498,0.8257,False
Hindi,兌卦-static,h,2.664,6,0.0498,0.8257,False
Hindi,坤卦-static,u,1.86,7,0.0498,0.8257,False
Hindi,離卦-static,ɖ,1.6,6,0.0547,0.8257,False
Hindi,艮卦-dynamic,ʈʰ,1.581,4,0.0547,0.8257,False
Hindi,艮卦-dynamic,ʊ,1.523,25,0.0547,0.8257,False
Hindi,兌卦-dynamic,ɪ,-1.186,14,0.0547,0.8257,False
Hindi,坤卦-dynamic,ʈʰ,1.142,6,0.0547,0.8257,False
Hindi,巽卦-static,a,2.402,20,0.0846,0.8801,False
Hindi,巽卦-static,d,2.398,4,0.0796,0.8801,False
Hindi,兌卦-static,s,2.286,9,0.0746,0.8801,False
Hindi,乾卦-static,u,2.151,8,0.0647,0.8801,False
Hindi,兌卦-static,ɾ,-2.015,3,0.0995,0.8801,False
Hindi,坤卦-static,tʰ,1.924,3,0.0796,0.8801,False
Hindi,乾卦-static,ə,1.914,37,0.0945,0.8801,False
Hindi,乾卦-static,bʰ,1.871,5,0.0796,0.8801,False
Hindi,坤卦-static,s,1.866,15,0.0796,0.8801,False
Hindi,坎卦-dynamic,ʊ,1.802,9,0.0846,0.8801,False
Hindi,坤卦-static,kʰ,1.793,5,0.0846,0.8801,False
Hindi,坎卦-static,ẽ,1.786,3,0.0647,0.8801,False
Hindi,坎卦-dynamic,l,1.78,15,0.0647,0.8801,False
Hindi,坎卦-dynamic,ʋ,1.643,8,0.0846,0.8801,False
Hindi,兌卦-dynamic,o,1.444,30,0.0647,0.8801,False
Hindi,離卦-static,ʃ,1.39,10,0.0945,0.8801,False
Hindi,離卦-static,ʈ,1.34,19,0.0896,0.8801,False
Hindi,艮卦-static,p,1.308,22,0.0995,0.8801,False
Hindi,離卦-dynamic,ɪ,1.281,48,0.0945,0.8801,False
Hindi,離卦-dynamic,e,1.279,29,0.0597,0.8801,False
Hindi,艮卦-static,ʌ,1.251,44,0.0995,0.8801,False
Hindi,震卦-dynamic,c,1.233,19,0.0796,0.8801,False
Hindi,坤卦-dynamic,cʰ,1.201,12,0.0647,0.8801,False
Hindi,艮卦-static,ɡ,1.198,22,0.0697,0.8801,False
Hindi,艮卦-dynamic,u,1.185,17,0.0796,0.8801,False
Hindi,離卦-dynamic,m,-1.142,11,0.0995,0.8801,False
Hindi,艮卦-dynamic,d,-1.115,8,0.0896,0.8801,False
Hindi,艮卦-dynamic,ɖ,1.093,7,0.0995,0.8801,False
Hindi,乾卦-dynamic,ɾ,1.076,100,0.0796,0.8801,False
Hindi,兌卦-dynamic,b,-1.022,8,0.0945,0.8801,False
Hindi,坤卦-dynamic,kʰ,-1.01,4,0.0697,0.8801,False
Hindi,坤卦-dynamic,ɖ,0.956,12,0.0945,0.8801,False
Hindi,坤卦-dynamic,ʋ,0.943,35,0.0746,0.8801,False
Hindi,震卦-static,i,0.942,71,0.0796,0.8801,False
Hindi,坤卦-dynamic,ɾ,0.906,116,0.0896,0.8801,False
Hindi,中卦-static,i,0.851,75,0.0896,0.8801,False
Hindi,中卦-static,ɡ,-0.831,19,0.0945,0.8801,False
Hindi,兌卦-static,dʰ,1.926,3,0.1045,0.8933,False
Hindi,坎卦-dynamic,ɪ,1.843,17,0.1045,0.8933,False
Hindi,離卦-dynamic,u,-1.112,4,0.1045,0.8933,False
Hindi,中卦-static,cʰ,0.725,10,0.1045,0.8933,False
Hindi,巽卦-dynamic,ɡ,2.308,4,0.1244,0.9008,False
Hindi,坎卦-static,c,1.678,6,0.1194,0.9008,False
Hindi,乾卦-static,l,-1.432,4,0.1493,0.9008,False
Hindi,兌卦-dynamic,l,-1.173,15,0.1244,0.9008,False
Hindi,艮卦-static,kʰ,1.141,9,0.1443,0.9008,False
Hindi,艮卦-static,ʈ,1.131,19,0.1493,0.9008,False
Hindi,離卦-dynamic,j,1.114,21,0.1194,0.9008,False
Hindi,兌卦-dynamic,j,-1.093,3,0.1144,0.9008,False
Hindi,艮卦-static,bʰ,1.083,8,0.1493,0.9008,False
Hindi,艮卦-dynamic,ɛ,1.082,9,0.1343,0.9008,False
Hindi,艮卦-dynamic,ɖʰ,1.076,3,0.1443,0.9008,False
Hindi,離卦-dynamic,tʰ,1.07,7,0.1443,0.9008,False
Hindi,艮卦-static,e,-1.034,6,0.1493,0.9008,False
Hindi,兌卦-dynamic,k,1.029,52,0.1294,0.9008,False
Hindi,乾卦-dynamic,ʌ,-1.009,46,0.1095,0.9008,False
Hindi,震卦-dynamic,ɔ,1.005,9,0.1095,0.9008,False
Hindi,艮卦-dynamic,ɾ,-0.979,33,0.1095,0.9008,False
Hindi,乾卦-dynamic,ɪ,0.948,60,0.1244,0.9008,False
Hindi,震卦-dynamic,j,0.947,21,0.1493,0.9008,False
Hindi,震卦-dynamic,l,0.92,42,0.1343,0.9008,False
Hindi,乾卦-dynamic,kʰ,-0.908,4,0.1194,0.9008,False
Hindi,震卦-dynamic,h,0.905,21,0.1493,0.9008,False
Hindi,震卦-dynamic,m,-0.893,15,0.1393,0.9008,False
Hindi,震卦-dynamic,p,0.886,30,0.1493,0.9008,False
Hindi,乾卦-dynamic,b,0.881,33,0.1343,0.9008,False
Hindi,乾卦-dynamic,ʈ,-0.843,12,0.1443,0.9008,False
Hindi,中卦-static,kʰ,-0.815,6,0.1244,0.9008,False
Hindi,中卦-static,o,-0.769,16,0.1443,0.9008,False
Hindi,中卦-static,l,-0.749,36,0.1343,0.9008,False
Hindi,中卦-static,ɟ,-0.733,13,0.1294,0.9008,False
Hindi,中卦-static,s,0.706,67,0.1244,0.9008,False
Hindi,乾卦-dynamic,f,0.909,6,0.1592,0.9024,False
Hindi,兌卦-dynamic,ʈ,-0.898,8,0.1542,0.9024,False
Hindi,兌卦-dynamic,ɡ,-0.872,10,0.1592,0.9024,False
Hindi,中卦-static,m,0.669,59,0.1592,0.9024,False
Hindi,兌卦-static,ɪ,1.651,9,0.1692,0.9183,False
Hindi,坤卦-static,m,1.438,13,0.1692,0.9183,False
Hindi,震卦-dynamic,ɪ,0.848,45,0.1692,0.9183,False
Hindi,乾卦-dynamic,ɛ,-0.764,3,0.1642,0.9183,False
Hindi,坤卦-static,i,-1.247,3,0.1791,0.9281,False
Hindi,艮卦-static,u,-1.056,3,0.1791,0.9281,False
Hindi,艮卦-dynamic,n,0.898,55,0.1791,0.9281,False
Hindi,中卦-static,ʈʰ,0.694,5,0.1791,0.9281,False
Hindi,坎卦-static,ɪ,1.298,14,0.194,0.939,False
Hindi,離卦-static,ɡ,-1.102,5,0.1891,0.939,False
Hindi,離卦-static,m,-1.022,8,0.1841,0.939,False
Hindi,坤卦-dynamic,ʈ,-0.751,16,0.1891,0.939,False
Hindi,震卦-static,ʋ,-0.707,14,0.194,0.939,False
Hindi,震卦-static,c,0.664,23,0.1891,0.939,False
Hindi,震卦-static,d,0.638,31,0.194,0.939,False
Hindi,震卦-static,ɡ,-0.622,21,0.1891,0.939,False
Hindi,離卦-dynamic,b,-0.921,9,0.199,0.9409,False
Hindi,艮卦-static,ʋ,-0.88,5,0.199,0.9409,False
Hindi,中卦-static,d,-0.692,20,0.199,0.9409,False
Hindi,坤卦-dynamic,b,0.669,37,0.199,0.9409,False
Hindi,離卦-dynamic,ʃ,0.929,13,0.204,0.947,False
Hindi,震卦-dynamic,u,-0.71,7,0.204,0.947,False
Hindi,震卦-static,m,0.666,54,0.204,0.947,False
Hindi,中卦-dynamic,ʈ,2.405,3,0.2139,0.9502,False
Hindi,巽卦-dynamic,ʌ,2.168,7,0.2139,0.9502,False
Hindi,坎卦-dynamic,bʰ,1.39,4,0.2139,0.9502,False
Hindi,坎卦-static,b,1.325,8,0.2139,0.9502,False
Hindi,離卦-dynamic,t,0.892,33,0.209,0.9502,False
Hindi,艮卦-static,ʊ,0.819,15,0.209,0.9502,False
Hindi,兌卦-dynamic,i,-0.755,17,0.209,0.9502,False
Hindi,震卦-static,ĩ,0.645,6,0.2139,0.9502,False
Hindi,中卦-dynamic,ə,2.52,10,0.2189,0.9506,False
Hindi,乾卦-static,s,-1.229,6,0.2189,0.9506,False
Hindi,離卦-static,cʰ,0.914,4,0.2239,0.9506,False
Hindi,離卦-dynamic,i,-0.842,16,0.2289,0.9506,False
Hindi,震卦-dynamic,s,-0.828,24,0.2239,0.9506,False
Hindi,兌卦-dynamic,ə,-0.819,30,0.2289,0.9506,False
Hindi,艮卦-dynamic,ʃ,-0.812,3,0.2289,0.9506,False
Hindi,乾卦-dynamic,ə,0.691,106,0.2239,0.9506,False
Hindi,坤卦-dynamic,l,0.625,60,0.2239,0.9506,False
Hindi,坤卦-dynamic,ĩ,0.608,6,0.2189,0.9506,False
Hindi,離卦-static,c,0.896,10,0.2338,0.9558,False
Hindi,艮卦-static,ĩ,0.975,3,0.2438,0.9657,False
Hindi,離卦-static,n,-0.856,16,0.2438,0.9657,False
Hindi,坎卦-dynamic,p,-1.09,3,0.2537,0.975,False
Hindi,離卦-static,ɟ,-0.863,4,0.2537,0.975,False
Hindi,乾卦-dynamic,c,-0.715,7,0.2537,0.975,False
Hindi,乾卦-dynamic,ɡ,-0.672,17,0.2537,0.975,False
Hindi,震卦-static,ɪ,-0.576,37,0.2537,0.975,False
Hindi,坤卦-dynamic,ɪ,-0.567,38,0.2537,0.975,False
Hindi,坤卦-dynamic,ɛ,-0.566,5,0.2537,0.975,False
Hindi,艮卦-static,o,-0.794,6,0.2587,0.9759,False
Hindi,乾卦-dynamic,n,-0.69,39,0.2587,0.9759,False
Hindi,中卦-dynamic,m,2.313,4,0.2637,0.9802,False
Hindi,坤卦-dynamic,n,-0.577,51,0.2637,0.9802,False
Hindi,兌卦-dynamic,bʰ,-0.69,3,0.2687,0.9844,False
Hindi,巽卦-dynamic,k,1.864,6,0.2935,0.9851,False
Hindi,乾卦-static,ɾ,1.341,25,0.2786,0.9851,False
Hindi,兌卦-static,ʈ,1.328,5,0.3383,0.9851,False
Hindi,乾卦-static,a,-1.231,15,0.2786,0.9851,False
Hindi,坎卦-dynamic,ɾ,-1.164,10,0.2935,0.9851,False
Hindi,坤卦-static,ʌ,1.109,19,0.3134,0.9851,False
Hindi,乾卦-static,ɪ,-1.102,5,0.3632,0.9851,False
Hindi,乾卦-static,k,-1.096,7,0.3383,0.9851,False
Hindi,坎卦-static,j,1.074,6,0.3483,0.9851,False
Hindi,坤卦-static,ɪ,-1.038,5,0.3035,0.9851,False
Hindi,坎卦-dynamic,c,1.019,5,0.3483,0.9851,False
Hindi,乾卦-static,m,0.995,12,0.3781,0.9851,False
Hindi,坎卦-dynamic,n,-0.956,7,0.3731,0.9851,False
Hindi,離卦-static,b,-0.879,6,0.3085,0.9851,False
Hindi,離卦-static,ŋ,0.875,5,0.2935,0.9851,False
Hindi,離卦-static,ɔ,0.849,5,0.2786,0.9851,False
Hindi,離卦-dynamic,c,0.808,15,0.2886,0.9851,False
Hindi,艮卦-static,ɳ,0.787,5,0.2836,0.9851,False
Hindi,離卦-static,u,-0.76,4,0.3483,0.9851,False
Hindi,艮卦-static,j,-0.755,4,0.3532,0.9851,False
Hindi,艮卦-dynamic,ẽ,0.739,6,0.3035,0.9851,False
Hindi,艮卦-dynamic,ɪ,-0.713,19,0.2736,0.9851,False
Hindi,艮卦-dynamic,e,0.711,22,0.3284,0.9851,False
Hindi,離卦-static,j,-0.703,4,0.3682,0.9851,False
Hindi,離卦-dynamic,ɡ,-0.701,12,0.3035,0.9851,False
Hindi,艮卦-dynamic,m,-0.7,15,0.2985,0.9851,False
Hindi,兌卦-dynamic,h,0.648,17,0.3781,0.9851,False
Hindi,離卦-dynamic,dʰ,-0.641,3,0.3582,0.9851,False
Hindi,震卦-dynamic,ʌ,-0.637,41,0.2786,0.9851,False
Hindi,震卦-static,s,-0.624,40,0.2985,0.9851,False
Hindi,離卦-dynamic,h,-0.621,6,0.3383,0.9851,False
Hindi,艮卦-static,m,-0.614,12,0.3632,0.9851,False
Hindi,兌卦-dynamic,t,-0.611,13,0.3781,0.9851,False
Hindi,震卦-dynamic,ʋ,-0.602,10,0.3184,0.9851,False
Hindi,艮卦-static,s,-0.6,17,0.3781,0.9851,False
Hindi,震卦-dynamic,k,-0.596,31,0.3433,0.9851,False
Hindi,坤卦-dynamic,k,-0.574,49,0.3134,0.9851,False
Hindi,乾卦-dynamic,o,-0.574,15,0.3433,0.9851,False
Hindi,坤卦-dynamic,e,0.565,38,0.3284,0.9851,False
Hindi,震卦-static,ɾ,-0.563,71,0.2935,0.9851,False
Hindi,兌卦-dynamic,c,-0.554,6,0.3582,0.9851,False
Hindi,震卦-static,ɛ,-0.551,5,0.3184,0.9851,False
Hindi,乾卦-dynamic,dʰ,-0.532,5,0.3781,0.9851,False
Hindi,坤卦-dynamic,tʰ,-0.526,3,0.3085,0.9851,False
Hindi,震卦-static,ã,0.521,11,0.3134,0.9851,False
Hindi,震卦-static,tʰ,-0.515,3,0.3035,0.9851,False
Hindi,中卦-static,u,-0.506,14,0.3433,0.9851,False
Hindi,艮卦-dynamic,a,0.503,86,0.3781,0.9851,False
Hindi,坤卦-dynamic,ŋ,0.502,10,0.3433,0.9851,False
Hindi,震卦-static,o,-0.497,19,0.3532,0.9851,False
Hindi,震卦-static,ʈʰ,0.493,4,0.3433,0.9851,False
Hindi,坤卦-dynamic,r,-0.489,6,0.3582,0.9851,False
Hindi,坤卦-dynamic,ʂ,-0.481,3,0.3483,0.9851,False
Hindi,中卦-static,pʰ,-0.478,3,0.3234,0.9851,False
Hindi,震卦-static,ʂ,-0.47,3,0.3582,0.9851,False
Hindi,中卦-static,t,0.469,49,0.3085,0.9851,False
Hindi,中卦-static,ɛ,0.468,13,0.3333,0.9851,False
Hindi,中卦-static,ã,-0.458,4,0.3831,0.9851,False
Hindi,乾卦-dynamic,k,-0.451,43,0.3731,0.9851,False
Hindi,坤卦-dynamic,h,0.448,26,0.3731,0.9851,False
Hindi,坤卦-dynamic,j,-0.439,14,0.3731,0.9851,False
Hindi,中卦-static,ɡʰ,-0.434,3,0.3483,0.9851,False
Hindi,震卦-static,l,0.426,55,0.3682,0.9851,False
Hindi,中卦-static,r,-0.422,8,0.3532,0.9851,False
Hindi,兌卦-static,c,1.22,3,0.3881,0.9855,False
Hindi,乾卦-static,e,-0.973,3,0.3881,0.9855,False
Hindi,坎卦-static,n,-0.896,7,0.3881,0.9855,False
Hindi,乾卦-dynamic,e,-0.542,18,0.3881,0.9855,False
Hindi,巽卦-static,ɟ,1.075,3,0.4428,0.9862,False
Hindi,兌卦-static,a,-0.984,9,0.4229,0.9862,False
Hindi,兌卦-static,k,-0.962,4,0.4428,0.9862,False
Hindi,乾卦-static,ɛ,0.944,3,0.4527,0.9862,False
Hindi,坎卦-dynamic,d,-0.928,3,0.4129,0.9862,False
Hindi,坎卦-static,a,-0.908,16,0.4279,0.9862,False
Hindi,坎卦-static,ɾ,0.877,20,0.4279,0.9862,False
Hindi,乾卦-static,p,0.854,9,0.4428,0.9862,False
Hindi,坎卦-dynamic,u,0.841,5,0.4527,0.9862,False
Hindi,坎卦-dynamic,b,-0.821,3,0.4229,0.9862,False
Hindi,坎卦-dynamic,ʌ,-0.808,11,0.4527,0.9862,False
Hindi,坎卦-dynamic,ɟ,0.796,6,0.4279,0.9862,False
Hindi,離卦-static,k,0.707,31,0.4229,0.9862,False
Hindi,艮卦-dynamic,ɳ,0.574,6,0.393,0.9862,False
Hindi,艮卦-dynamic,ɟ,-0.554,8,0.4478,0.9862,False
Hindi,艮卦-static,a,-0.536,45,0.4478,0.9862,False
Hindi,兌卦-dynamic,ʊ,0.513,19,0.4179,0.9862,False
Hindi,兌卦-dynamic,p,-0.496,15,0.4129,0.9862,False
Hindi,乾卦-dynamic,j,0.491,22,0.4378,0.9862,False
Hindi,艮卦-dynamic,pʰ,0.485,7,0.408,0.9862,False
Hindi,坤卦-dynamic,c,-0.483,11,0.4328,0.9862,False
Hindi,震卦-dynamic,ʈ,-0.481,13,0.4428,0.9862,False
Hindi,震卦-dynamic,ʃ,0.443,11,0.408,0.9862,False
Hindi,震卦-static,bʰ,-0.438,7,0.4229,0.9862,False
Hindi,乾卦-dynamic,ɟ,0.426,23,0.4478,0.9862,False
Hindi,乾卦-dynamic,bʰ,-0.424,6,0.4229,0.9862,False
Hindi,坤卦-dynamic,p,-0.404,27,0.4428,0.9862,False
Hindi,震卦-static,ẽ,-0.396,4,0.4478,0.9862,False
Hindi,中卦-static,tʰ,-0.39,4,0.408,0.9862,False
Hindi,乾卦-dynamic,a,-0.384,96,0.4527,0.9862,False
Hindi,中卦-static,dʰ,-0.382,8,0.4378,0.9862,False
Hindi,乾卦-dynamic,t,0.365,36,0.4527,0.9862,False
Hindi,中卦-static,ɖ,-0.348,5,0.4279,0.9862,False
Hindi,中卦-static,a,-0.346,126,0.4328,0.9862,False
Hindi,艮卦-static,c,-0.602,4,0.4577,0.9887,False
Hindi,乾卦-dynamic,ʊ,0.534,27,0.4577,0.9887,False
Hindi,兌卦-dynamic,ɟ,-0.498,9,0.4577,0.9887,False
Hindi,震卦-static,b,0.357,32,0.4577,0.9887,False
Hindi,中卦-dynamic,ɡ,1.944,3,0.5075,0.9895,False
Hindi,中卦-dynamic,ɾ,1.48,6,0.5274,0.9895,False
Hindi,中卦-dynamic,a,-1.467,3,0.6517,0.9895,False
Hindi,巽卦-dynamic,ɾ,1.296,7,0.4776,0.9895,False
Hindi,中卦-dynamic,k,1.029,4,0.6915,0.9895,False
Hindi,巽卦-static,ɾ,-0.952,5,0.5174,0.9895,False
Hindi,中卦-dynamic,s,0.937,3,0.6468,0.9895,False
Hindi,兌卦-static,m,0.86,6,0.5473,0.9895,False
Hindi,巽卦-static,ʌ,0.846,8,0.6517,0.9895,False
Hindi,兌卦-static,b,0.843,4,0.5871,0.9895,False
Hindi,坎卦-static,d,-0.84,3,0.4726,0.9895,False
Hindi,乾卦-static,ɡ,0.799,9,0.4726,0.9895,False
Hindi,乾卦-static,ɡʰ,0.704,3,0.607,0.9895,False
Hindi,坎卦-dynamic,o,-0.68,3,0.5224,0.9895,False
Hindi,巽卦-static,l,0.678,5,0.6866,0.9895,False
Hindi,兌卦-static,e,0.661,4,0.5821,0.9895,False
Hindi,坎卦-dynamic,ɡ,0.651,8,0.5075,0.9895,False
Hindi,坎卦-dynamic,m,0.645,10,0.5473,0.9895,False
Hindi,坎卦-static,ʊ,-0.644,3,0.6169,0.9895,False
Hindi,坤卦-static,t,-0.628,4,0.5224,0.9895,False
Hindi,離卦-static,ʋ,-0.602,6,0.4876,0.9895,False
Hindi,離卦-static,h,-0.595,4,0.4677,0.9895,False
Hindi,艮卦-dynamic,s,-0.557,23,0.4627,0.9895,False
Hindi,坎卦-dynamic,dʰ,0.552,3,0.6219,0.9895,False
Hindi,坎卦-dynamic,j,0.545,5,0.6269,0.9895,False
Hindi,坤卦-static,ʋ,-0.544,3,0.5871,0.9895,False
Hindi,艮卦-dynamic,ɔ,0.543,6,0.5075,0.9895,False
Hindi,坎卦-dynamic,a,0.543,29,0.597,0.9895,False
Hindi,坎卦-dynamic,h,0.54,5,0.592,0.9895,False
Hindi,坎卦-static,i,-0.538,6,0.607,0.9895,False
Hindi,坎卦-dynamic,ə,-0.535,12,0.6318,0.9895,False
Hindi,坎卦-static,ɡ,-0.532,4,0.6617,0.9895,False
Hindi,坤卦-static,k,0.53,14,0.592,0.9895,False
Hindi,乾卦-static,i,0.526,12,0.6667,0.9895,False
Hindi,離卦-static,ə,0.524,46,0.5174,0.9895,False
Hindi,離卦-static,t,0.514,18,0.5224,0.9895,False
Hindi,離卦-static,pʰ,0.508,5,0.5672,0.9895,False
Hindi,離卦-dynamic,a,0.507,94,0.5025,0.9895,False
Hindi,乾卦-static,ʌ,-0.507,13,0.6269,0.9895,False
Hindi,艮卦-dynamic,p,-0.498,14,0.4776,0.9895,False
Hindi,離卦-dynamic,ʈ,-0.498,12,0.4627,0.9895,False
Hindi,乾卦-static,d,-0.497,4,0.7114,0.9895,False
Hindi,震卦-dynamic,i,0.491,39,0.4677,0.9895,False
Hindi,坎卦-dynamic,kʰ,0.487,3,0.6517,0.9895,False
Hindi,離卦-dynamic,kʰ,-0.485,5,0.4826,0.9895,False
Hindi,艮卦-dynamic,ã,0.483,6,0.5274,0.9895,False
Hindi,震卦-dynamic,n,0.468,55,0.4826,0.9895,False
Hindi,艮卦-static,i,-0.466,15,0.4975,0.9895,False
Hindi,艮卦-dynamic,ɡʰ,0.462,7,0.5572,0.9895,False
Hindi,艮卦-dynamic,t,-0.457,14,0.4627,0.9895,False
Hindi,坎卦-static,e,-0.456,4,0.6915,0.9895,False
Hindi,兌卦-dynamic,r,-0.452,4,0.4776,0.9895,False
Hindi,乾卦-static,dʰ,0.452,3,0.6667,0.9895,False
Hindi,兌卦-static,l,-0.451,4,0.7114,0.9895,False
Hindi,離卦-dynamic,s,0.449,35,0.4925,0.9895,False
Hindi,坎卦-static,ʋ,0.448,5,0.7114,0.9895,False
Hindi,乾卦-static,t,-0.447,5,0.6617,0.9895,False
Hindi,坤卦-static,ɾ,-0.435,14,0.6169,0.9895,False
Hindi,艮卦-dynamic,ə,-0.427,39,0.5075,0.9895,False
Hindi,艮卦-dynamic,b,-0.425,12,0.5871,0.9895,False
Hindi,艮卦-static,ɪ,-0.424,17,0.5473,0.9895,False
Hindi,震卦-dynamic,o,0.418,22,0.4925,0.9895,False
Hindi,離卦-static,s,-0.418,17,0.602,0.9895,False
Hindi,兌卦-dynamic,s,0.418,34,0.5522,0.9895,False
Hindi,坎卦-static,l,-0.404,7,0.7065,0.9895,False
Hindi,艮卦-dynamic,kʰ,-0.392,5,0.5572,0.9895,False
Hindi,離卦-static,kʰ,0.39,6,0.597,0.9895,False
Hindi,離卦-dynamic,d,-0.384,13,0.5373,0.9895,False
Hindi,離卦-dynamic,ʋ,-0.382,11,0.5522,0.9895,False
Hindi,坤卦-dynamic,ɡ,0.378,39,0.4826,0.9895,False
Hindi,艮卦-static,ɟ,-0.376,7,0.597,0.9895,False
Hindi,坤卦-dynamic,ũ,0.375,4,0.4826,0.9895,False
Hindi,離卦-static,ʊ,-0.373,8,0.6617,0.9895,False
Hindi,艮卦-static,d,-0.371,9,0.597,0.9895,False
Hindi,離卦-dynamic,ʌ,0.371,52,0.607,0.9895,False
Hindi,乾卦-dynamic,d,0.368,24,0.5224,0.9895,False
Hindi,震卦-dynamic,d,-0.367,14,0.5522,0.9895,False
Hindi,震卦-static,n,-0.361,57,0.4776,0.9895,False
Hindi,艮卦-static,ɔ,0.359,4,0.6119,0.9895,False
Hindi,坤卦-static,b,0.358,6,0.6816,0.9895,False
Hindi,兌卦-dynamic,kʰ,0.358,9,0.592,0.9895,False
Hindi,乾卦-dynamic,ɔ,0.355,8,0.592,0.9895,False
Hindi,艮卦-static,l,-0.354,17,0.592,0.9895,False
Hindi,震卦-static,ʃ,0.353,16,0.4925,0.9895,False
Hindi,震卦-dynamic,dʰ,-0.348,5,0.6119,0.9895,False
Hindi,震卦-dynamic,ɖ,-0.347,3,0.5871,0.9895,False
Hindi,乾卦-dynamic,ɳ,0.346,8,0.5572,0.9895,False
Hindi,坤卦-dynamic,a,-0.344,118,0.4826,0.9895,False
Hindi,艮卦-dynamic,k,-0.342,30,0.607,0.9895,False
Hindi,坤卦-dynamic,ɔ,-0.339,5,0.5721,0.9895,False
Hindi,坤卦-dynamic,u,0.334,22,0.5522,0.9895,False
Hindi,艮卦-dynamic,ʋ,0.334,15,0.597,0.9895,False
Hindi,坤卦-dynamic,bʰ,-0.332,8,0.5025,0.9895,False
Hindi,震卦-dynamic,ɡ,-0.33,17,0.5522,0.9895,False
Hindi,坤卦-dynamic,ʊ,0.329,30,0.4975,0.9895,False
Hindi,坤卦-dynamic,ɡʰ,-0.327,4,0.4876,0.9895,False
Hindi,離卦-static,d,0.326,11,0.6915,0.9895,False
Hindi,艮卦-dynamic,o,0.324,18,0.7015,0.9895,False
Hindi,艮卦-dynamic,z,0.324,3,0.6318,0.9895,False
Hindi,艮卦-static,r,-0.322,4,0.6368,0.9895,False
Hindi,兌卦-dynamic,ɔ,-0.322,3,0.7114,0.9895,False
Hindi,艮卦-static,ã,0.321,4,0.6915,0.9895,False
Hindi,艮卦-dynamic,h,-0.315,8,0.6766,0.9895,False
Hindi,中卦-static,c,0.311,21,0.5274,0.9895,False
Hindi,中卦-static,ɔ,0.307,10,0.5473,0.9895,False
Hindi,離卦-dynamic,ɖ,0.306,5,0.6468,0.9895,False
Hindi,兌卦-dynamic,ʃ,-0.302,6,0.6468,0.9895,False
Hindi,坤卦-dynamic,i,0.298,56,0.5572,0.9895,False
Hindi,震卦-dynamic,pʰ,-0.296,3,0.5721,0.9895,False
Hindi,震卦-static,ʈ,0.292,32,0.5522,0.9895,False
Hindi,坤卦-dynamic,ʌ,0.288,85,0.5323,0.9895,False
Hindi,離卦-dynamic,bʰ,-0.288,5,0.6517,0.9895,False
Hindi,艮卦-dynamic,ɡ,-0.285,15,0.6517,0.9895,False
Hindi,兌卦-dynamic,m,-0.285,21,0.6418,0.9895,False
Hindi,中卦-static,n,-0.283,65,0.5124,0.9895,False
Hindi,艮卦-static,b,0.274,13,0.6766,0.9895,False
Hindi,離卦-dynamic,ɟ,-0.274,11,0.7015,0.9895,False
Hindi,兌卦-dynamic,dʰ,-0.273,5,0.6866,0.9895,False
Hindi,乾卦-dynamic,l,0.272,44,0.6169,0.9895,False
Hindi,乾卦-dynamic,p,-0.271,24,0.6816,0.9895,False
Hindi,艮卦-static,ə,0.27,44,0.6866,0.9895,False
Hindi,震卦-static,a,-0.267,119,0.6368,0.9895,False
Hindi,兌卦-dynamic,cʰ,0.267,4,0.6766,0.9895,False
Hindi,艮卦-dynamic,bʰ,0.259,7,0.6915,0.9895,False
Hindi,坤卦-dynamic,ə,0.255,106,0.6169,0.9895,False
Hindi,坤卦-dynamic,s,-0.25,47,0.607,0.9895,False
Hindi,中卦-static,b,-0.248,26,0.597,0.9895,False
Hindi,坤卦-dynamic,t,0.247,41,0.6617,0.9895,False
Hindi,中卦-static,ʊ,-0.247,24,0.6567,0.9895,False
Hindi,坤卦-dynamic,f,0.246,4,0.6119,0.9895,False
Hindi,震卦-dynamic,ɟ,-0.246,12,0.6468,0.9895,False
Hindi,震卦-static,ə,0.24,103,0.6418,0.9895,False
Hindi,離卦-dynamic,r,-0.232,7,0.7015,0.9895,False
Hindi,中卦-static,ʈ,-0.23,26,0.607,0.9895,False
Hindi,坤卦-dynamic,ã,0.229,9,0.7015,0.9895,False
Hindi,震卦-dynamic,ə,-0.229,52,0.7015,0.9895,False
Hindi,兌卦-dynamic,ʌ,-0.228,43,0.7164,0.9895,False
Hindi,震卦-static,ɡʰ,-0.227,5,0.6567,0.9895,False
Hindi,震卦-static,cʰ,-0.226,4,0.6368,0.9895,False
Hindi,坤卦-dynamic,dʰ,-0.224,9,0.6169,0.9895,False
Hindi,中卦-static,ɪ,-0.223,49,0.6567,0.9895,False
Hindi,坤卦-dynamic,pʰ,0.217,10,0.6766,0.9895,False
Hindi,中卦-static,ɳ,-0.216,7,0.5771,0.9895,False
Hindi,兌卦-dynamic,ɾ,0.213,56,0.6965,0.9895,False
Hindi,中卦-static,e,0.207,35,0.6567,0.9895,False
Hindi,中卦-static,ʃ,0.206,16,0.7214,0.9895,False
Hindi,坤卦-dynamic,z,-0.197,3,0.6965,0.9895,False
Hindi,震卦-static,ɟ,0.18,24,0.7065,0.9895,False
Hindi,坎卦-dynamic,t,0.374,8,0.7313,0.9899,False
Hindi,坎卦-static,ɟ,-0.355,3,0.7264,0.9899,False
Hindi,兌卦-dynamic,ʋ,-0.216,12,0.7264,0.9899,False
Hindi,巽卦-static,ʈ,0.537,3,0.7463,0.9931,False
Hindi,巽卦-static,e,0.47,3,0.7463,0.9931,False
Hindi,離卦-static,e,0.281,13,0.7463,0.9931,False
Hindi,艮卦-dynamic,ʂ,0.241,4,0.7463,0.9931,False
Hindi,震卦-static,u,0.186,20,0.7413,0.9931,False
Hindi,中卦-static,z,0.157,5,0.7463,0.9931,False
Hindi,離卦-static,tʰ,0.356,3,0.7512,0.9947,False
Hindi,坤卦-static,o,-0.351,4,0.7562,0.9947,False
Hindi,坤卦-static,ɡ,-0.291,5,0.7562,0.9947,False
Hindi,艮卦-static,k,0.192,28,0.7562,0.9947,False
Hindi,離卦-static,i,-0.262,16,0.7612,0.9949,False
Hindi,兌卦-dynamic,d,0.187,16,0.7612,0.9949,False
Hindi,震卦-static,k,-0.119,59,0.7612,0.9949,False
Hindi,乾卦-dynamic,ʂ,0.235,6,0.7662,0.9988,False
Hindi,巽卦-dynamic,n,0.622,5,0.7761,1.0,False
Hindi,巽卦-static,i,0.493,5,0.7861,1.0,False
Hindi,兌卦-static,p,0.401,4,0.796,1.0,False
Hindi,巽卦-dynamic,l,0.346,3,0.8308,1.0,False
Hindi,巽卦-static,n,-0.278,5,0.8657,1.0,False
Hindi,巽卦-dynamic,a,0.26,8,0.8955,1.0,False
Hindi,離卦-static,o,-0.252,9,0.791,1.0,False
Hindi,離卦-static,a,-0.25,47,0.7861,1.0,False
Hindi,離卦-static,ʌ,-0.248,28,0.7761,1.0,False
Hindi,巽卦-static,ɡ,0.242,3,0.9104,1.0,False
Hindi,離卦-static,ɾ,0.24,37,0.7711,1.0,False
Hindi,離卦-dynamic,p,0.229,22,0.8159,1.0,False
Hindi,離卦-dynamic,ə,-0.217,49,0.7761,1.0,False
Hindi,離卦-static,l,0.21,20,0.8209,1.0,False
Hindi,離卦-dynamic,ɾ,0.205,57,0.8109,1.0,False
Hindi,坤卦-static,e,0.204,6,0.801,1.0,False
Hindi,震卦-dynamic,b,-0.2,16,0.7861,1.0,False
Hindi,艮卦-dynamic,ʈ,0.188,17,0.8259,1.0,False
Hindi,坤卦-static,d,0.185,5,0.8557,1.0,False
Hindi,艮卦-dynamic,i,-0.178,24,0.801,1.0,False
Hindi,坎卦-dynamic,i,-0.178,8,0.8806,1.0,False
Hindi,離卦-dynamic,ʊ,-0.176,14,0.7861,1.0,False
Hindi,震卦-dynamic,kʰ,-0.173,7,0.8209,1.0,False
Hindi,坤卦-static,a,0.172,26,0.8806,1.0,False
Hindi,震卦-dynamic,ʊ,-0.172,15,0.7811,1.0,False
Hindi,兌卦-dynamic,ɳ,-0.168,4,0.796,1.0,False
Hindi,乾卦-dynamic,pʰ,-0.164,5,0.796,1.0,False
Hindi,坎卦-dynamic,e,-0.161,5,0.8607,1.0,False
Hindi,離卦-static,ɛ,-0.161,3,0.8905,1.0,False
Hindi,震卦-static,pʰ,-0.157,6,0.7811,1.0,False
Hindi,離卦-dynamic,o,0.155,18,0.8607,1.0,False
Hindi,艮卦-static,t,0.149,16,0.8308,1.0,False
Hindi,艮卦-static,ɾ,-0.143,35,0.8955,1.0,False
Hindi,艮卦-dynamic,j,0.142,12,0.8308,1.0,False
Hindi,乾卦-dynamic,m,-0.142,32,0.8259,1.0,False
Hindi,巽卦-static,s,-0.14,4,0.8955,1.0,False
Hindi,坤卦-dynamic,ɳ,-0.135,7,0.791,1.0,False
Hindi,震卦-static,t,-0.132,32,0.7761,1.0,False
Hindi,坤卦-dynamic,m,-0.128,39,0.7761,1.0,False
Hindi,震卦-dynamic,t,-0.126,21,0.8657,1.0,False
Hindi,坎卦-dynamic,k,-0.121,11,0.9005,1.0,False
Hindi,震卦-static,dʰ,0.117,12,0.8507,1.0,False
Hindi,坤卦-static,ə,-0.113,16,0.9204,1.0,False
Hindi,坎卦-dynamic,s,-0.113,9,0.8856,1.0,False
Hindi,震卦-dynamic,ɾ,-0.109,55,0.8308,1.0,False
Hindi,乾卦-static,o,-0.108,5,0.9055,1.0,False
Hindi,坤卦-dynamic,ʃ,0.101,14,0.8358,1.0,False
Hindi,乾卦-static,n,-0.098,13,0.9303,1.0,False
Hindi,坎卦-static,ʌ,0.094,14,0.9403,1.0,False
Hindi,中卦-static,ʋ,0.093,26,0.8308,1.0,False
Hindi,離卦-dynamic,ŋ,0.091,4,0.9005,1.0,False
Hindi,兌卦-dynamic,pʰ,-0.09,4,0.9055,1.0,False
Hindi,乾卦-dynamic,cʰ,-0.09,4,0.8657,1.0,False
Hindi,乾卦-dynamic,u,0.085,16,0.8905,1.0,False
Hindi,震卦-dynamic,a,0.081,88,0.8856,1.0,False
Hindi,坤卦-dynamic,ɟ,-0.08,21,0.8507,1.0,False
Hindi,坤卦-dynamic,ẽ,-0.079,6,0.9055,1.0,False
Hindi,離卦-dynamic,k,0.079,39,0.9154,1.0,False
Hindi,坎卦-static,o,0.076,5,0.9154,1.0,False
Hindi,震卦-static,ɳ,0.075,8,0.9204,1.0,False
Hindi,艮卦-static,n,-0.07,28,0.9453,1.0,False
Hindi,中卦-static,ə,0.067,103,0.9154,1.0,False
Hindi,兌卦-dynamic,e,0.066,18,0.9552,1.0,False
Hindi,坎卦-static,m,-0.064,7,0.9652,1.0,False
Hindi,艮卦-dynamic,r,0.063,10,0.9204,1.0,False
Hindi,離卦-dynamic,cʰ,-0.059,3,0.9701,1.0,False
Hindi,離卦-static,r,-0.056,6,0.9552,1.0,False
Hindi,乾卦-dynamic,s,0.056,43,0.9303,1.0,False
Hindi,坤卦-static,l,0.054,9,0.9254,1.0,False
Hindi,離卦-static,ɪ,0.048,20,0.9602,1.0,False
Hindi,坤卦-static,ʈ,-0.047,5,0.9701,1.0,False
Hindi,乾卦-dynamic,i,-0.045,39,0.9403,1.0,False
Hindi,坎卦-static,s,0.043,9,0.9552,1.0,False
Hindi,震卦-static,j,-0.041,19,0.9701,1.0,False
Hindi,坎卦-dynamic,ʈ,-0.04,5,0.9652,1.0,False
Hindi,兌卦-static,n,-0.04,7,0.9851,1.0,False
Hindi,中卦-static,ĩ,-0.039,4,0.9453,1.0,False
Hindi,坤卦-static,p,-0.034,6,0.9801,1.0,False
Hindi,艮卦-static,ɡʰ,-0.032,3,0.9602,1.0,False
Hindi,震卦-static,z,0.032,4,0.9701,1.0,False
Hindi,中卦-static,p,0.03,36,0.9502,1.0,False
Hindi,兌卦-dynamic,u,0.028,11,0.9751,1.0,False
Hindi,坤卦-static,r,-0.022,3,0.9851,1.0,False
Hindi,坤卦-static,ɟ,-0.02,4,0.9851,1.0,False
Hindi,艮卦-dynamic,dʰ,-0.02,6,0.9801,1.0,False
Hindi,坎卦-static,r,0.019,3,0.995,1.0,False
Hindi,坤卦-static,n,0.017,13,0.99,1.0,False
Hindi,坎卦-static,ə,-0.017,16,1.0,1.0,False
Hindi,震卦-dynamic,r,0.016,11,0.9701,1.0,False
Hindi,震卦-static,kʰ,-0.015,12,0.9851,1.0,False
Hindi,兌卦-static,ʌ,0.015,8,0.995,1.0,False
Hindi,艮卦-dynamic,c,0.014,9,0.99,1.0,False
Hindi,離卦-static,ɳ,0.01,3,0.995,1.0,False
Hindi,坤卦-static,c,0.008,3,0.99,1.0,False
Hindi,艮卦-static,h,0.007,8,0.99,1.0,False
Hindi,震卦-static,h,0.007,19,0.99,1.0,False
Hindi,坎卦-static,k,0.005,11,0.995,1.0,False
Hindi,乾卦-dynamic,h,0.004,16,1.0,1.0,False
Hindi,乾卦-dynamic,r,0.004,14,1.0,1.0,False
Hungarian,坤卦-static,d,3.197,12,0.005,0.3134,False
Hungarian,離卦-static,p,2.854,31,0.005,0.3134,False
Hungarian,離卦-dynamic,z,2.295,35,0.005,0.3134,False
Hungarian,震卦-dynamic,m,2.279,42,0.005,0.3134,False
Hungarian,乾卦-dynamic,v,2.195,28,0.005,0.3134,False
Hungarian,震卦-static,ɑ,2.179,137,0.005,0.3134,False
Hungarian,坤卦-dynamic,u,1.768,39,0.005,0.3134,False
Hungarian,艮卦-static,k,1.722,44,0.005,0.3134,False
Hungarian,中卦-static,r,-1.695,62,0.005,0.3134,False
Hungarian,坤卦-static,h,2.739,12,0.01,0.4478,False
Hungarian,坤卦-dynamic,ʒ,2.453,6,0.01,0.4478,False
Hungarian,兌卦-dynamic,r,-2.238,29,0.01,0.4478,False
Hungarian,艮卦-static,f,2.179,16,0.01,0.4478,False
Hungarian,兌卦-static,t͡ʃ,3.088,8,0.0149,0.5531,False
Hungarian,離卦-static,k,2.064,52,0.0149,0.5531,False
Hungarian,兌卦-dynamic,i,1.987,93,0.0149,0.5531,False
Hungarian,乾卦-static,ɲ,3.066,10,0.0199,0.5699,False
Hungarian,震卦-dynamic,u,1.847,24,0.0199,0.5699,False
Hungarian,震卦-static,b,1.699,47,0.0199,0.5699,False
Hungarian,坤卦-dynamic,ɡ,1.497,60,0.0199,0.5699,False
Hungarian,震卦-static,v,-1.245,13,0.0199,0.5699,False
Hungarian,坎卦-dynamic,ʎ,3.099,3,0.0249,0.6028,False
Hungarian,巽卦-static,ʃ,2.492,19,0.0249,0.6028,False
Hungarian,離卦-static,v,-1.737,4,0.0249,0.6028,False
Hungarian,中卦-static,a,-1.082,38,0.0249,0.6028,False
Hungarian,震卦-static,ɟ,1.275,19,0.0299,0.6716,False
Hungarian,中卦-static,n,1.197,110,0.0299,0.6716,False
Hungarian,震卦-static,ʃ,-1.302,22,0.0348,0.7566,False
Hungarian,中卦-static,m,1.07,69,0.0398,0.8089,False
Hungarian,中卦-static,j,-0.951,7,0.0398,0.8089,False
Hungarian,巽卦-static,r,2.201,20,0.0448,0.8297,False
Hungarian,艮卦-static,ø,1.582,27,0.0448,0.8297,False
Hungarian,中卦-dynamic,t,3.122,12,0.0647,0.8439,False
Hungarian,乾卦-static,y,2.49,7,0.0597,0.8439,False
Hungarian,兌卦-static,j,2.416,6,0.0647,0.8439,False
Hungarian,巽卦-static,ø,2.401,12,0.0498,0.8439,False
Hungarian,坤卦-static,ɡ,2.148,12,0.0547,0.8439,False
Hungarian,巽卦-static,ɟ,2.134,4,0.0597,0.8439,False
Hungarian,乾卦-dynamic,u,1.682,22,0.0498,0.8439,False
Hungarian,艮卦-static,ɟ,1.44,9,0.0547,0.8439,False
Hungarian,離卦-static,t͡s,1.435,7,0.0697,0.8439,False
Hungarian,離卦-dynamic,n,1.355,67,0.0697,0.8439,False
Hungarian,震卦-dynamic,j,1.323,20,0.0498,0.8439,False
Hungarian,震卦-static,j,1.297,32,0.0547,0.8439,False
Hungarian,離卦-dynamic,k,-1.253,27,0.0697,0.8439,False
Hungarian,兌卦-dynamic,l,1.248,91,0.0697,0.8439,False
Hungarian,離卦-dynamic,ɟ,-1.23,3,0.0647,0.8439,False
Hungarian,坤卦-dynamic,i,-0.982,41,0.0697,0.8439,False
Hungarian,兌卦-static,o,2.227,18,0.0945,0.8646,False
Hungarian,乾卦-static,ɛ,2.056,25,0.1194,0.8646,False
Hungarian,乾卦-static,t͡ʃ,2.015,7,0.0846,0.8646,False
Hungarian,坎卦-static,f,1.905,7,0.1095,0.8646,False
Hungarian,坤卦-static,e,1.783,15,0.1045,0.8646,False
Hungarian,坎卦-static,b,1.773,10,0.1045,0.8646,False
Hungarian,坎卦-dynamic,s,-1.456,7,0.0896,0.8646,False
Hungarian,乾卦-dynamic,ɑ,1.309,69,0.0796,0.8646,False
Hungarian,震卦-dynamic,l,1.302,70,0.0896,0.8646,False
Hungarian,艮卦-dynamic,c,1.278,3,0.1045,0.8646,False
Hungarian,乾卦-dynamic,ɛ,-1.257,47,0.0945,0.8646,False
Hungarian,艮卦-static,l,1.232,50,0.1095,0.8646,False
Hungarian,離卦-static,ɛ,-1.203,40,0.0995,0.8646,False
Hungarian,兌卦-dynamic,n,1.164,66,0.0896,0.8646,False
Hungarian,兌卦-dynamic,b,-1.087,9,0.1194,0.8646,False
Hungarian,離卦-dynamic,u,-1.072,9,0.0945,0.8646,False
Hungarian,坤卦-dynamic,s,-1.053,25,0.0846,0.8646,False
Hungarian,中卦-static,b,-1.022,16,0.0846,0.8646,False
Hungarian,艮卦-dynamic,s,1.008,35,0.1144,0.8646,False
Hungarian,震卦-static,m,0.981,50,0.0896,0.8646,False
Hungarian,中卦-static,f,-0.974,17,0.0796,0.8646,False
Hungarian,中卦-static,ɟ,0.957,23,0.1045,0.8646,False
Hungarian,中卦-static,ʃ,0.949,104,0.0746,0.8646,False
Hungarian,震卦-static,i,-0.941,41,0.0746,0.8646,False
Hungarian,震卦-static,n,-0.897,36,0.1144,0.8646,False
Hungarian,中卦-static,z,0.872,40,0.1144,0.8646,False
Hungarian,坤卦-dynamic,z,-0.863,12,0.1045,0.8646,False
Hungarian,坤卦-dynamic,ɛ,0.851,134,0.1194,0.8646,False
Hungarian,中卦-static,y,-0.739,12,0.1045,0.8646,False
Hungarian,中卦-static,t,0.7,130,0.1194,0.8646,False
Hungarian,乾卦-dynamic,r,1.186,60,0.1244,0.8669,False
Hungarian,艮卦-dynamic,l,1.035,86,0.1294,0.8669,False
Hungarian,艮卦-dynamic,m,-0.959,19,0.1294,0.8669,False
Hungarian,中卦-static,ʒ,0.803,4,0.1294,0.8669,False
Hungarian,中卦-dynamic,n,2.373,8,0.2289,0.8881,False
Hungarian,中卦-dynamic,i,2.254,9,0.204,0.8881,False
Hungarian,兌卦-static,h,1.785,7,0.199,0.8881,False
Hungarian,兌卦-static,k,1.743,13,0.1791,0.8881,False
Hungarian,乾卦-static,n,-1.668,3,0.2438,0.8881,False
Hungarian,坤卦-static,y,1.578,6,0.1443,0.8881,False
Hungarian,坎卦-static,l,1.547,25,0.2139,0.8881,False
Hungarian,坤卦-static,l,-1.518,6,0.1841,0.8881,False
Hungarian,坎卦-dynamic,a,1.47,24,0.1642,0.8881,False
Hungarian,巽卦-static,l,-1.457,6,0.2189,0.8881,False
Hungarian,巽卦-static,o,1.443,19,0.1841,0.8881,False
Hungarian,乾卦-static,ɡ,1.44,9,0.2488,0.8881,False
Hungarian,坤卦-static,i,-1.427,5,0.2537,0.8881,False
Hungarian,坤卦-static,m,-1.397,3,0.2289,0.8881,False
Hungarian,坤卦-static,a,1.362,12,0.2488,0.8881,False
Hungarian,巽卦-static,t,-1.336,7,0.2189,0.8881,False
Hungarian,坎卦-static,a,-1.334,5,0.1841,0.8881,False
Hungarian,坎卦-dynamic,v,1.307,13,0.1493,0.8881,False
Hungarian,巽卦-static,ɲ,1.25,6,0.2438,0.8881,False
Hungarian,坤卦-static,ɑ,-1.224,10,0.2438,0.8881,False
Hungarian,艮卦-static,ɲ,1.2,16,0.1542,0.8881,False
Hungarian,艮卦-static,s,1.169,20,0.1343,0.8881,False
Hungarian,坎卦-dynamic,z,1.151,11,0.2189,0.8881,False
Hungarian,坎卦-dynamic,m,-1.148,7,0.199,0.8881,False
Hungarian,坎卦-dynamic,ø,1.148,18,0.2239,0.8881,False
Hungarian,艮卦-static,z,-1.134,4,0.1642,0.8881,False
Hungarian,震卦-dynamic,ɛ,1.058,84,0.1493,0.8881,False
Hungarian,乾卦-dynamic,k,-1.036,23,0.1542,0.8881,False
Hungarian,離卦-dynamic,s,1.027,34,0.1592,0.8881,False
Hungarian,乾卦-dynamic,ɟ,-1.021,3,0.1642,0.8881,False
Hungarian,艮卦-static,n,-1.019,15,0.204,0.8881,False
Hungarian,艮卦-static,v,1.013,16,0.194,0.8881,False
Hungarian,兌卦-dynamic,v,1.012,29,0.1393,0.8881,False
Hungarian,兌卦-dynamic,ʎ,1.002,3,0.1741,0.8881,False
Hungarian,坎卦-dynamic,t͡s,0.97,4,0.1791,0.8881,False
Hungarian,乾卦-dynamic,h,0.97,23,0.194,0.8881,False
Hungarian,艮卦-static,r,-0.968,27,0.2338,0.8881,False
Hungarian,震卦-dynamic,y,-0.96,4,0.204,0.8881,False
Hungarian,乾卦-dynamic,y,-0.932,4,0.1741,0.8881,False
Hungarian,離卦-dynamic,i,0.928,69,0.2388,0.8881,False
Hungarian,離卦-dynamic,d,0.911,31,0.204,0.8881,False
Hungarian,乾卦-dynamic,ɡ,-0.91,11,0.2388,0.8881,False
Hungarian,艮卦-static,b,-0.909,6,0.2289,0.8881,False
Hungarian,艮卦-static,d,-0.908,7,0.2189,0.8881,False
Hungarian,兌卦-dynamic,k,-0.906,34,0.1493,0.8881,False
Hungarian,離卦-static,ɑ,0.896,53,0.2139,0.8881,False
Hungarian,艮卦-dynamic,b,-0.895,11,0.1841,0.8881,False
Hungarian,艮卦-dynamic,ɲ,-0.895,3,0.1642,0.8881,False
Hungarian,艮卦-dynamic,i,0.863,70,0.1841,0.8881,False
Hungarian,坤卦-dynamic,t͡ʃ,-0.845,3,0.1592,0.8881,False
Hungarian,震卦-static,k,0.841,79,0.1592,0.8881,False
Hungarian,艮卦-dynamic,ɛ,-0.838,73,0.204,0.8881,False
Hungarian,艮卦-dynamic,a,0.822,49,0.194,0.8881,False
Hungarian,離卦-static,z,-0.822,6,0.2537,0.8881,False
Hungarian,震卦-dynamic,b,-0.816,9,0.2488,0.8881,False
Hungarian,艮卦-dynamic,t͡s,0.81,9,0.2338,0.8881,False
Hungarian,震卦-dynamic,o,-0.799,34,0.2189,0.8881,False
Hungarian,離卦-dynamic,h,-0.779,7,0.2388,0.8881,False
Hungarian,坤卦-dynamic,v,0.771,34,0.1493,0.8881,False
Hungarian,兌卦-dynamic,y,-0.768,7,0.2388,0.8881,False
Hungarian,坤卦-dynamic,y,-0.751,9,0.1841,0.8881,False
Hungarian,坤卦-dynamic,f,-0.699,15,0.1791,0.8881,False
Hungarian,震卦-static,e,-0.681,32,0.209,0.8881,False
Hungarian,震卦-static,o,0.659,94,0.1891,0.8881,False
Hungarian,震卦-static,h,-0.656,11,0.199,0.8881,False
Hungarian,震卦-static,s,-0.652,28,0.209,0.8881,False
Hungarian,中卦-static,h,-0.648,15,0.2289,0.8881,False
Hungarian,中卦-static,i,0.629,108,0.1741,0.8881,False
Hungarian,中卦-static,ø,-0.624,35,0.2338,0.8881,False
Hungarian,坤卦-dynamic,l,-0.59,62,0.2438,0.8881,False
Hungarian,坤卦-dynamic,h,0.578,33,0.2338,0.8881,False
Hungarian,中卦-static,l,-0.522,84,0.2488,0.8881,False
Hungarian,中卦-static,e,0.521,79,0.2537,0.8881,False
Hungarian,乾卦-static,m,1.531,9,0.2736,0.8886,False
Hungarian,兌卦-static,f,1.446,4,0.2637,0.8886,False
Hungarian,巽卦-static,b,1.341,7,0.2736,0.8886,False
Hungarian,坎卦-static,z,1.246,7,0.2736,0.8886,False
Hungarian,離卦-static,l,-0.874,26,0.2687,0.8886,False
Hungarian,離卦-static,r,0.847,47,0.2637,0.8886,False
Hungarian,震卦-dynamic,ɟ,-0.793,4,0.2687,0.8886,False
Hungarian,離卦-dynamic,f,-0.789,11,0.2637,0.8886,False
Hungarian,震卦-dynamic,v,-0.768,11,0.2687,0.8886,False
Hungarian,中卦-static,t͡s,-0.526,6,0.2637,0.8886,False
Hungarian,坤卦-static,t,-1.193,8,0.2836,0.8955,False
Hungarian,坎卦-dynamic,d,1.072,14,0.2786,0.8955,False
Hungarian,坎卦-dynamic,ɡ,-0.96,6,0.2985,0.8955,False
Hungarian,坎卦-dynamic,ɑ,-0.905,22,0.2985,0.8955,False
Hungarian,艮卦-static,y,0.861,12,0.2935,0.8955,False
Hungarian,艮卦-static,j,0.85,12,0.2886,0.8955,False
Hungarian,艮卦-static,i,-0.802,20,0.2886,0.8955,False
Hungarian,離卦-dynamic,t,0.796,78,0.2786,0.8955,False
Hungarian,艮卦-static,h,-0.779,4,0.2935,0.8955,False
Hungarian,兌卦-dynamic,ø,-0.718,20,0.2836,0.8955,False
Hungarian,艮卦-dynamic,ɟ,-0.643,6,0.2886,0.8955,False
Hungarian,坤卦-dynamic,b,0.626,34,0.2985,0.8955,False
Hungarian,坤卦-dynamic,a,-0.498,39,0.2985,0.8955,False
Hungarian,巽卦-dynamic,p,1.728,4,0.3085,0.8975,False
Hungarian,巽卦-dynamic,b,1.669,4,0.3234,0.8975,False
Hungarian,巽卦-static,y,1.184,5,0.3134,0.8975,False
Hungarian,坎卦-dynamic,u,-1.027,4,0.3035,0.8975,False
Hungarian,乾卦-dynamic,a,0.763,35,0.3184,0.8975,False
Hungarian,震卦-dynamic,s,-0.712,17,0.3134,0.8975,False
Hungarian,兌卦-dynamic,p,-0.684,10,0.3234,0.8975,False
Hungarian,乾卦-dynamic,e,-0.675,19,0.3134,0.8975,False
Hungarian,離卦-dynamic,t͡s,-0.656,3,0.3234,0.8975,False
Hungarian,離卦-dynamic,ɛ,0.647,99,0.3234,0.8975,False
Hungarian,兌卦-dynamic,e,-0.631,27,0.3134,0.8975,False
Hungarian,艮卦-dynamic,e,-0.628,27,0.3184,0.8975,False
Hungarian,中卦-static,ɲ,0.472,33,0.3184,0.8975,False
Hungarian,中卦-dynamic,e,2.11,7,0.3284,0.8994,False
Hungarian,巽卦-dynamic,e,1.556,7,0.3284,0.8994,False
Hungarian,震卦-static,z,-0.545,15,0.3284,0.8994,False
Hungarian,離卦-dynamic,r,-0.722,51,0.3333,0.9091,False
Hungarian,兌卦-dynamic,o,-0.652,48,0.3383,0.9187,False
Hungarian,巽卦-static,n,-1.16,5,0.3483,0.9336,False
Hungarian,乾卦-static,o,-1.178,7,0.3532,0.935,False
Hungarian,兌卦-dynamic,u,-0.59,13,0.3532,0.935,False
Hungarian,震卦-static,p,0.491,29,0.3532,0.935,False
Hungarian,艮卦-static,o,-0.692,26,0.3582,0.9403,False
Hungarian,兌卦-dynamic,ɲ,-0.573,7,0.3582,0.9403,False
Hungarian,巽卦-dynamic,ɛ,-1.653,6,0.398,0.9438,False
Hungarian,中卦-dynamic,l,1.575,9,0.4527,0.9438,False
Hungarian,中卦-dynamic,ɛ,1.545,11,0.4428,0.9438,False
Hungarian,巽卦-dynamic,s,1.408,4,0.4627,0.9438,False
Hungarian,兌卦-static,s,1.268,6,0.3781,0.9438,False
Hungarian,兌卦-static,t,-1.224,6,0.4279,0.9438,False
Hungarian,巽卦-dynamic,k,-1.221,3,0.4876,0.9438,False
Hungarian,乾卦-static,ʃ,1.191,13,0.393,0.9438,False
Hungarian,巽卦-static,i,-1.129,6,0.3682,0.9438,False
Hungarian,巽卦-dynamic,ʃ,1.128,7,0.4925,0.9438,False
Hungarian,乾卦-static,k,-1.062,6,0.4428,0.9438,False
Hungarian,巽卦-static,ɛ,-1.042,14,0.4229,0.9438,False
Hungarian,乾卦-static,t,-1.006,8,0.5423,0.9438,False
Hungarian,兌卦-static,ʃ,-0.966,4,0.4677,0.9438,False
Hungarian,巽卦-dynamic,n,-0.944,3,0.5124,0.9438,False
Hungarian,巽卦-static,u,0.94,5,0.4776,0.9438,False
Hungarian,巽卦-static,s,0.939,7,0.4478,0.9438,False
Hungarian,巽卦-static,ɡ,-0.937,3,0.4577,0.9438,False
Hungarian,坎卦-static,ɡ,-0.875,4,0.4726,0.9438,False
Hungarian,坎卦-static,i,-0.854,9,0.4527,0.9438,False
Hungarian,巽卦-static,h,0.819,6,0.4627,0.9438,False
Hungarian,坤卦-static,v,-0.813,3,0.4328,0.9438,False
Hungarian,坎卦-dynamic,ɛ,-0.75,31,0.4129,0.9438,False
Hungarian,坎卦-static,o,0.731,20,0.5274,0.9438,False
Hungarian,離卦-static,e,0.702,31,0.393,0.9438,False
Hungarian,震卦-dynamic,a,0.7,36,0.3682,0.9438,False
Hungarian,離卦-static,o,0.696,47,0.3831,0.9438,False
Hungarian,離卦-dynamic,ø,-0.661,20,0.393,0.9438,False
Hungarian,離卦-static,s,-0.619,14,0.403,0.9438,False
Hungarian,乾卦-dynamic,z,0.619,16,0.393,0.9438,False
Hungarian,震卦-dynamic,ʃ,-0.618,24,0.3682,0.9438,False
Hungarian,坎卦-dynamic,h,-0.606,4,0.4776,0.9438,False
Hungarian,離卦-static,h,-0.59,6,0.4328,0.9438,False
Hungarian,坎卦-dynamic,ɟ,0.584,5,0.5323,0.9438,False
Hungarian,離卦-static,t,-0.573,31,0.3781,0.9438,False
Hungarian,離卦-dynamic,ɡ,0.573,34,0.4527,0.9438,False
Hungarian,離卦-dynamic,l,-0.572,48,0.408,0.9438,False
Hungarian,兌卦-dynamic,j,0.567,19,0.3682,0.9438,False
Hungarian,離卦-dynamic,b,-0.565,14,0.4726,0.9438,False
Hungarian,乾卦-dynamic,n,0.557,40,0.4925,0.9438,False
Hungarian,艮卦-static,ɑ,-0.553,33,0.4925,0.9438,False
Hungarian,離卦-static,d,-0.553,10,0.4527,0.9438,False
Hungarian,震卦-static,y,-0.551,11,0.3731,0.9438,False
Hungarian,離卦-static,ʃ,-0.551,20,0.4279,0.9438,False
Hungarian,兌卦-dynamic,ʃ,-0.549,33,0.4129,0.9438,False
Hungarian,坎卦-dynamic,f,0.548,8,0.5274,0.9438,False
Hungarian,乾卦-dynamic,f,0.547,14,0.4279,0.9438,False
Hungarian,艮卦-static,a,0.546,25,0.5124,0.9438,False
Hungarian,坤卦-dynamic,o,0.535,93,0.3682,0.9438,False
Hungarian,乾卦-dynamic,j,-0.535,6,0.4627,0.9438,False
Hungarian,震卦-dynamic,t͡s,0.533,6,0.4428,0.9438,False
Hungarian,震卦-dynamic,ø,-0.528,17,0.4478,0.9438,False
Hungarian,離卦-static,ɟ,-0.525,4,0.5025,0.9438,False
Hungarian,震卦-dynamic,t,-0.5,40,0.4776,0.9438,False
Hungarian,震卦-static,ɛ,-0.496,98,0.393,0.9438,False
Hungarian,震卦-dynamic,t͡ʃ,-0.493,5,0.4129,0.9438,False
Hungarian,兌卦-dynamic,f,0.493,19,0.4677,0.9438,False
Hungarian,兌卦-dynamic,z,0.492,21,0.4577,0.9438,False
Hungarian,艮卦-static,ʃ,-0.477,19,0.5423,0.9438,False
Hungarian,離卦-static,a,-0.476,19,0.5075,0.9438,False
Hungarian,兌卦-dynamic,s,0.456,31,0.5323,0.9438,False
Hungarian,震卦-dynamic,e,-0.449,23,0.4776,0.9438,False
Hungarian,離卦-static,ɡ,-0.447,13,0.5373,0.9438,False
Hungarian,乾卦-dynamic,m,-0.441,18,0.5274,0.9438,False
Hungarian,震卦-dynamic,k,-0.438,32,0.5423,0.9438,False
Hungarian,坤卦-dynamic,r,0.421,89,0.4826,0.9438,False
Hungarian,艮卦-dynamic,ɑ,0.411,78,0.5174,0.9438,False
Hungarian,中卦-static,o,-0.411,88,0.4229,0.9438,False
Hungarian,坤卦-dynamic,j,-0.405,12,0.5025,0.9438,False
Hungarian,坤卦-dynamic,ɑ,0.399,98,0.4826,0.9438,False
Hungarian,震卦-static,t͡s,0.394,9,0.4925,0.9438,False
Hungarian,震卦-dynamic,ɡ,-0.376,17,0.5373,0.9438,False
Hungarian,中卦-static,ɛ,0.361,160,0.5124,0.9438,False
Hungarian,中卦-static,t͡ʃ,-0.334,14,0.5174,0.9438,False
Hungarian,艮卦-dynamic,u,0.331,20,0.4826,0.9438,False
Hungarian,中卦-static,v,-0.318,30,0.4925,0.9438,False
Hungarian,中卦-static,ɑ,0.313,126,0.4627,0.9438,False
Hungarian,離卦-dynamic,ʃ,-0.438,34,0.5473,0.9446,False
Hungarian,艮卦-dynamic,z,0.378,20,0.5522,0.9454,False
Hungarian,艮卦-dynamic,ʃ,-0.295,38,0.5522,0.9454,False
Hungarian,坎卦-static,p,0.812,7,0.5821,0.9456,False
Hungarian,兌卦-static,ɡ,0.704,6,0.5821,0.9456,False
Hungarian,坎卦-static,ɛ,0.605,26,0.602,0.9456,False
Hungarian,坎卦-dynamic,ʃ,0.579,23,0.602,0.9456,False
Hungarian,坎卦-dynamic,o,0.578,31,0.5771,0.9456,False
Hungarian,坎卦-dynamic,r,0.529,30,0.5771,0.9456,False
Hungarian,坎卦-dynamic,k,-0.5,17,0.597,0.9456,False
Hungarian,離卦-static,f,-0.486,8,0.6119,0.9456,False
Hungarian,坎卦-dynamic,y,-0.474,4,0.6119,0.9456,False
Hungarian,離卦-dynamic,e,-0.463,29,0.5771,0.9456,False
Hungarian,震卦-dynamic,ɑ,0.458,60,0.597,0.9456,False
Hungarian,離卦-dynamic,t͡ʃ,-0.437,7,0.5572,0.9456,False
Hungarian,離卦-static,m,0.431,21,0.602,0.9456,False
Hungarian,艮卦-static,e,-0.42,17,0.5871,0.9456,False
Hungarian,乾卦-dynamic,d,-0.416,13,0.5721,0.9456,False
Hungarian,艮卦-static,ɛ,-0.412,45,0.5622,0.9456,False
Hungarian,乾卦-dynamic,l,-0.391,39,0.6119,0.9456,False
Hungarian,離卦-dynamic,ɑ,0.386,75,0.5672,0.9456,False
Hungarian,兌卦-dynamic,t͡ʃ,0.38,17,0.6119,0.9456,False
Hungarian,乾卦-dynamic,b,-0.369,12,0.592,0.9456,False
Hungarian,艮卦-dynamic,v,-0.333,18,0.5572,0.9456,False
Hungarian,兌卦-dynamic,ɡ,-0.331,23,0.602,0.9456,False
Hungarian,震卦-static,ɡ,0.321,39,0.6119,0.9456,False
Hungarian,坤卦-dynamic,p,-0.313,18,0.5721,0.9456,False
Hungarian,兌卦-dynamic,t͡s,0.309,7,0.602,0.9456,False
Hungarian,坤卦-dynamic,k,-0.302,56,0.592,0.9456,False
Hungarian,震卦-static,ø,-0.298,31,0.5871,0.9456,False
Hungarian,震卦-static,t͡ʃ,-0.293,11,0.592,0.9456,False
Hungarian,坤卦-dynamic,d,0.287,32,0.607,0.9456,False
Hungarian,兌卦-dynamic,h,0.275,22,0.6169,0.9456,False
Hungarian,坤卦-dynamic,n,-0.267,51,0.602,0.9456,False
Hungarian,震卦-static,d,-0.263,24,0.6169,0.9456,False
Hungarian,中卦-static,p,-0.242,25,0.597,0.9456,False
Hungarian,離卦-dynamic,o,-0.384,52,0.6219,0.9509,False
Hungarian,離卦-static,ø,-0.342,15,0.6269,0.9562,False
Hungarian,乾卦-dynamic,s,-0.38,18,0.6318,0.9592,False
Hungarian,震卦-static,a,0.274,51,0.6318,0.9592,False
Hungarian,兌卦-dynamic,d,0.339,26,0.6368,0.9621,False
Hungarian,艮卦-dynamic,j,0.262,16,0.6368,0.9621,False
Hungarian,兌卦-dynamic,a,0.304,42,0.6418,0.965,False
Hungarian,坤卦-dynamic,ɟ,-0.251,10,0.6418,0.965,False
Hungarian,離卦-static,b,0.407,15,0.6468,0.9656,False
Hungarian,巽卦-static,a,0.481,9,0.6567,0.9712,False
Hungarian,乾卦-dynamic,t͡ʃ,-0.351,6,0.6567,0.9712,False
Hungarian,艮卦-dynamic,h,-0.295,14,0.6567,0.9712,False
Hungarian,巽卦-dynamic,r,0.756,8,0.6716,0.975,False
Hungarian,乾卦-static,d,-0.631,3,0.6667,0.975,False
Hungarian,坎卦-static,ɟ,0.514,3,0.6716,0.975,False
Hungarian,坤卦-static,n,-0.43,8,0.6667,0.975,False
Hungarian,坎卦-dynamic,e,-0.388,13,0.6667,0.975,False
Hungarian,離卦-dynamic,m,-0.255,26,0.6716,0.975,False
Hungarian,中卦-static,ɡ,0.207,50,0.6716,0.975,False
Hungarian,中卦-static,k,0.201,88,0.6667,0.975,False
Hungarian,巽卦-dynamic,ø,0.714,4,0.7015,0.9751,False
Hungarian,巽卦-dynamic,a,0.707,5,0.6816,0.9751,False
Hungarian,巽卦-dynamic,ɑ,-0.701,6,0.7463,0.9751,False
Hungarian,巽卦-dynamic,l,-0.668,5,0.7114,0.9751,False
Hungarian,乾卦-static,v,-0.627,3,0.6915,0.9751,False
Hungarian,兌卦-static,l,-0.59,8,0.7015,0.9751,False
Hungarian,巽卦-dynamic,t,0.577,8,0.7463,0.9751,False
Hungarian,兌卦-static,y,0.5,3,0.7214,0.9751,False
Hungarian,坎卦-static,t,0.498,19,0.7164,0.9751,False
Hungarian,坎卦-static,ø,0.49,9,0.6816,0.9751,False
Hungarian,坎卦-static,m,0.484,9,0.7015,0.9751,False
Hungarian,巽卦-static,v,0.482,5,0.7164,0.9751,False
Hungarian,兌卦-static,i,-0.464,7,0.7114,0.9751,False
Hungarian,兌卦-static,e,-0.42,5,0.7612,0.9751,False
Hungarian,坎卦-static,ɑ,-0.408,16,0.7264,0.9751,False
Hungarian,坎卦-static,r,0.398,18,0.6965,0.9751,False
Hungarian,坤卦-static,ʃ,0.391,11,0.7264,0.9751,False
Hungarian,坤卦-static,k,0.386,12,0.7363,0.9751,False
Hungarian,離卦-static,n,0.326,31,0.7264,0.9751,False
Hungarian,巽卦-static,ɑ,-0.324,13,0.7662,0.9751,False
Hungarian,坎卦-dynamic,l,-0.314,23,0.7313,0.9751,False
Hungarian,坤卦-static,ø,0.312,7,0.7612,0.9751,False
Hungarian,坎卦-dynamic,p,-0.297,6,0.7413,0.9751,False
Hungarian,艮卦-static,ɡ,-0.289,13,0.7612,0.9751,False
Hungarian,乾卦-dynamic,t͡s,0.284,5,0.7114,0.9751,False
Hungarian,離卦-static,y,-0.267,7,0.7015,0.9751,False
Hungarian,離卦-dynamic,a,0.262,40,0.7164,0.9751,False
Hungarian,乾卦-dynamic,t,-0.257,42,0.7463,0.9751,False
Hungarian,兌卦-dynamic,t,0.253,69,0.7512,0.9751,False
Hungarian,震卦-dynamic,n,-0.251,31,0.7413,0.9751,False
Hungarian,離卦-dynamic,v,0.249,22,0.7512,0.9751,False
Hungarian,震卦-dynamic,d,0.248,19,0.7313,0.9751,False
Hungarian,坤卦-dynamic,t͡s,-0.244,6,0.7015,0.9751,False
Hungarian,艮卦-dynamic,ø,0.241,32,0.7313,0.9751,False
Hungarian,兌卦-dynamic,ɟ,-0.241,8,0.7413,0.9751,False
Hungarian,艮卦-dynamic,o,-0.235,57,0.6915,0.9751,False
Hungarian,離卦-static,i,-0.235,29,0.7413,0.9751,False
Hungarian,震卦-static,t,0.23,84,0.7015,0.9751,False
Hungarian,艮卦-dynamic,y,0.229,16,0.7363,0.9751,False
Hungarian,中卦-static,d,-0.225,33,0.6965,0.9751,False
Hungarian,艮卦-dynamic,d,-0.219,20,0.7264,0.9751,False
Hungarian,震卦-static,ɲ,-0.217,14,0.7065,0.9751,False
Hungarian,震卦-static,l,-0.211,71,0.7463,0.9751,False
Hungarian,離卦-dynamic,p,-0.207,15,0.7562,0.9751,False
Hungarian,艮卦-dynamic,t͡ʃ,-0.205,10,0.6816,0.9751,False
Hungarian,艮卦-dynamic,ɡ,0.191,30,0.7662,0.9751,False
Hungarian,震卦-static,r,-0.19,75,0.7413,0.9751,False
Hungarian,艮卦-dynamic,p,0.18,20,0.7662,0.9751,False
Hungarian,震卦-dynamic,h,-0.168,12,0.7612,0.9751,False
Hungarian,中卦-static,u,-0.152,27,0.7264,0.9751,False
Hungarian,乾卦-static,a,-0.477,6,0.7711,0.9775,False
Hungarian,坎卦-static,n,-0.348,10,0.7761,0.9803,False
Hungarian,艮卦-static,m,-0.231,15,0.7811,0.9803,False
Hungarian,艮卦-dynamic,f,-0.176,15,0.7811,0.9803,False
Hungarian,兌卦-dynamic,ɛ,0.166,93,0.7811,0.9803,False
Hungarian,艮卦-dynamic,t,-0.157,60,0.7861,0.9845,False
Hungarian,坎卦-static,v,0.333,6,0.796,0.9853,False
Hungarian,坤卦-static,b,0.294,5,0.796,0.9853,False
Hungarian,震卦-dynamic,f,0.177,13,0.796,0.9853,False
Hungarian,離卦-dynamic,y,-0.169,12,0.791,0.9853,False
Hungarian,艮卦-dynamic,r,-0.13,62,0.796,0.9853,False
Hungarian,中卦-dynamic,r,-0.603,5,0.806,0.9873,False
Hungarian,中卦-dynamic,ʃ,0.535,5,0.8259,0.9873,False
Hungarian,坤卦-static,z,-0.321,3,0.8209,0.9873,False
Hungarian,兌卦-static,v,-0.277,3,0.8259,0.9873,False
Hungarian,乾卦-static,i,-0.277,9,0.8259,0.9873,False
Hungarian,乾卦-static,r,0.232,13,0.8259,0.9873,False
Hungarian,坤卦-static,ɛ,0.225,20,0.806,0.9873,False
Hungarian,離卦-static,t͡ʃ,-0.216,6,0.8109,0.9873,False
Hungarian,乾卦-dynamic,i,0.197,41,0.8109,0.9873,False
Hungarian,坎卦-dynamic,t,0.19,28,0.8109,0.9873,False
Hungarian,艮卦-static,p,-0.14,9,0.8109,0.9873,False
Hungarian,坤卦-dynamic,ʃ,-0.132,52,0.8159,0.9873,False
Hungarian,坤卦-dynamic,m,-0.103,36,0.8209,0.9873,False
Hungarian,離卦-static,ɲ,0.191,10,0.8308,0.9895,False
Hungarian,艮卦-dynamic,k,-0.154,47,0.8358,0.9917,False
Hungarian,坎卦-static,k,0.286,14,0.8408,0.9938,False
Hungarian,艮卦-static,u,-0.156,9,0.8507,0.9981,False
Hungarian,乾卦-dynamic,p,-0.119,12,0.8507,0.9981,False
Hungarian,中卦-dynamic,k,-0.347,4,0.8905,1.0,False
Hungarian,中卦-dynamic,m,0.27,3,0.9403,1.0,False
Hungarian,坎卦-static,y,-0.246,3,0.8607,1.0,False
Hungarian,巽卦-dynamic,o,-0.239,6,0.9055,1.0,False
Hungarian,乾卦-static,l,-0.234,11,0.8905,1.0,False
Hungarian,巽卦-dynamic,i,0.219,6,0.9005,1.0,False
Hungarian,乾卦-static,s,-0.212,5,0.8607,1.0,False
Hungarian,兌卦-static,ɑ,0.191,12,0.9055,1.0,False
Hungarian,兌卦-static,b,-0.186,3,0.9254,1.0,False
Hungarian,乾卦-static,e,0.183,8,0.9005,1.0,False
Hungarian,坎卦-static,h,-0.179,4,0.9005,1.0,False
Hungarian,坎卦-dynamic,ɲ,-0.164,5,0.8756,1.0,False
Hungarian,兌卦-static,r,-0.161,10,0.8806,1.0,False
Hungarian,巽卦-static,p,0.155,4,0.9453,1.0,False
Hungarian,坎卦-dynamic,j,-0.145,5,0.8756,1.0,False
Hungarian,乾卦-static,z,-0.141,3,0.9303,1.0,False
Hungarian,乾卦-static,ɑ,0.141,14,0.9303,1.0,False
Hungarian,兌卦-static,ɛ,0.138,15,0.9552,1.0,False
Hungarian,艮卦-static,t͡ʃ,-0.133,6,0.8856,1.0,False
Hungarian,兌卦-static,u,0.129,3,0.9552,1.0,False
Hungarian,乾卦-dynamic,ʃ,-0.129,30,0.8657,1.0,False
Hungarian,兌卦-static,n,-0.121,7,0.9254,1.0,False
Hungarian,乾卦-dynamic,o,0.119,47,0.8607,1.0,False
Hungarian,坤卦-static,r,0.112,14,0.8706,1.0,False
Hungarian,坎卦-dynamic,b,-0.106,8,0.9005,1.0,False
Hungarian,乾卦-dynamic,ø,0.105,22,0.8955,1.0,False
Hungarian,離卦-dynamic,j,0.104,14,0.8657,1.0,False
Hungarian,坎卦-static,d,0.102,6,0.9453,1.0,False
Hungarian,艮卦-dynamic,n,0.101,47,0.9055,1.0,False
Hungarian,艮卦-static,t,-0.087,34,0.9055,1.0,False
Hungarian,坤卦-static,s,0.083,6,0.9502,1.0,False
Hungarian,離卦-static,u,0.082,11,0.9303,1.0,False
Hungarian,巽卦-dynamic,ɡ,0.077,3,0.9751,1.0,False
Hungarian,乾卦-static,f,-0.072,3,0.9453,1.0,False
Hungarian,離卦-dynamic,ɲ,-0.052,13,0.9154,1.0,False
Hungarian,震卦-static,u,-0.05,21,0.9055,1.0,False
Hungarian,坤卦-static,o,-0.048,13,0.9602,1.0,False
Hungarian,坤卦-dynamic,ɲ,-0.048,17,0.9154,1.0,False
Hungarian,震卦-dynamic,p,0.043,14,0.9502,1.0,False
Hungarian,震卦-static,f,0.04,20,0.9403,1.0,False
Hungarian,坎卦-static,e,0.039,10,0.9652,1.0,False
Hungarian,坎卦-static,s,-0.035,7,0.9851,1.0,False
Hungarian,坤卦-dynamic,t,-0.033,79,0.9254,1.0,False
Hungarian,坎卦-dynamic,n,0.033,19,0.9701,1.0,False
Hungarian,震卦-dynamic,z,0.033,13,0.9751,1.0,False
Hungarian,坤卦-dynamic,ø,-0.032,36,0.9751,1.0,False
Hungarian,坎卦-dynamic,t͡ʃ,-0.032,5,0.9751,1.0,False
Hungarian,坎卦-dynamic,i,0.028,22,0.995,1.0,False
Hungarian,中卦-static,s,0.028,46,0.9552,1.0,False
Hungarian,震卦-dynamic,r,0.025,49,0.9552,1.0,False
Hungarian,乾卦-dynamic,ɲ,-0.025,10,0.9652,1.0,False
Hungarian,巽卦-static,k,-0.024,10,1.0,1.0,False
Hungarian,兌卦-dynamic,m,0.02,30,0.9751,1.0,False
Hungarian,兌卦-dynamic,ɑ,-0.018,70,0.9851,1.0,False
Hungarian,巽卦-static,m,-0.014,6,0.995,1.0,False
Hungarian,坤卦-dynamic,e,-0.013,48,0.9652,1.0,False
Hungarian,震卦-dynamic,i,0.006,40,1.0,1.0,False
Hungarian,坤卦-static,ɲ,0.001,3,0.995,1.0,False
Indonesian,兌卦-dynamic,m,2.66,203,0.005,0.3383,False
Indonesian,乾卦-dynamic,ɔ,2.373,8,0.005,0.3383,False
Indonesian,離卦-dynamic,n,2.347,105,0.005,0.3383,False
Indonesian,震卦-dynamic,d͡ʒ,2.184,22,0.005,0.3383,False
Indonesian,中卦-static,a,2.183,445,0.005,0.3383,False
Indonesian,中卦-static,d͡ʒ,2.053,44,0.005,0.3383,False
Indonesian,中卦-static,ɛ,1.754,90,0.005,0.3383,False
Indonesian,中卦-static,s,1.484,124,0.005,0.3383,False
Indonesian,離卦-dynamic,m,1.885,134,0.01,0.3806,False
Indonesian,兌卦-dynamic,ə,1.85,168,0.01,0.3806,False
Indonesian,坤卦-dynamic,h,1.549,62,0.01,0.3806,False
Indonesian,震卦-static,t,1.308,90,0.01,0.3806,False
Indonesian,震卦-static,n,1.241,100,0.01,0.3806,False
Indonesian,坤卦-dynamic,n,-1.173,59,0.01,0.3806,False
Indonesian,坤卦-dynamic,u,1.155,157,0.01,0.3806,False
Indonesian,乾卦-dynamic,f,2.223,5,0.0149,0.435,False
Indonesian,艮卦-static,p,1.86,24,0.0149,0.435,False
Indonesian,艮卦-dynamic,ŋ,1.841,43,0.0149,0.435,False
Indonesian,乾卦-dynamic,s,1.418,58,0.0149,0.435,False
Indonesian,中卦-static,u,-1.212,53,0.0149,0.435,False
Indonesian,巽卦-dynamic,t͡ʃ,3.161,4,0.0199,0.4872,False
Indonesian,兌卦-static,k,2.515,33,0.0199,0.4872,False
Indonesian,乾卦-dynamic,w,1.516,9,0.0199,0.4872,False
Indonesian,坎卦-static,i,2.369,39,0.0249,0.525,False
Indonesian,坎卦-static,d,2.08,12,0.0249,0.525,False
Indonesian,坤卦-dynamic,ə,-1.095,25,0.0249,0.525,False
Indonesian,兌卦-dynamic,a,-1.236,160,0.0299,0.609,False
Indonesian,中卦-dynamic,o,3.866,4,0.0348,0.6269,False
Indonesian,坎卦-dynamic,a͡ʊ,2.677,5,0.0348,0.6269,False
Indonesian,離卦-dynamic,ə,1.481,122,0.0348,0.6269,False
Indonesian,乾卦-dynamic,t͡ʃ,1.443,18,0.0348,0.6269,False
Indonesian,乾卦-static,u,2.23,25,0.0398,0.6583,False
Indonesian,離卦-static,ŋ,1.455,32,0.0398,0.6583,False
Indonesian,震卦-static,a,1.184,241,0.0398,0.6583,False
Indonesian,坤卦-static,n,-1.701,9,0.0448,0.6851,False
Indonesian,艮卦-dynamic,ɡ,1.397,22,0.0448,0.6851,False
Indonesian,中卦-dynamic,b,3.639,3,0.0498,0.7211,False
Indonesian,巽卦-dynamic,a͡ɪ,2.237,6,0.0896,0.7211,False
Indonesian,巽卦-static,a͡ɪ,2.191,4,0.0846,0.7211,False
Indonesian,艮卦-static,h,1.834,18,0.0746,0.7211,False
Indonesian,乾卦-static,ɛ,1.662,8,0.0896,0.7211,False
Indonesian,坤卦-static,h,1.454,12,0.0547,0.7211,False
Indonesian,艮卦-dynamic,d,-1.325,5,0.0746,0.7211,False
Indonesian,震卦-dynamic,ə,1.234,102,0.0896,0.7211,False
Indonesian,震卦-static,j,1.123,8,0.0746,0.7211,False
Indonesian,離卦-dynamic,s,-1.03,21,0.0896,0.7211,False
Indonesian,震卦-static,ŋ,1.022,60,0.0697,0.7211,False
Indonesian,中卦-static,d,1.0,62,0.0498,0.7211,False
Indonesian,兌卦-dynamic,ŋ,1.0,62,0.0647,0.7211,False
Indonesian,兌卦-dynamic,p,-0.989,25,0.0597,0.7211,False
Indonesian,兌卦-dynamic,t,-0.972,39,0.0697,0.7211,False
Indonesian,震卦-dynamic,a,-0.942,127,0.0846,0.7211,False
Indonesian,震卦-static,ə,-0.915,29,0.0697,0.7211,False
Indonesian,坤卦-dynamic,d,0.911,46,0.0597,0.7211,False
Indonesian,震卦-static,ɛ,-0.9,17,0.0796,0.7211,False
Indonesian,中卦-static,ŋ,-0.806,47,0.0746,0.7211,False
Indonesian,中卦-static,t,0.805,126,0.0697,0.7211,False
Indonesian,乾卦-dynamic,a,-0.899,127,0.0945,0.7417,False
Indonesian,震卦-static,ɡ,0.786,29,0.0945,0.7417,False
Indonesian,乾卦-static,h,1.801,8,0.1095,0.7699,False
Indonesian,坎卦-dynamic,t,-1.486,8,0.1095,0.7699,False
Indonesian,艮卦-static,t,1.262,29,0.1095,0.7699,False
Indonesian,坤卦-dynamic,a,0.73,276,0.1095,0.7699,False
Indonesian,艮卦-static,j,1.438,3,0.1194,0.8119,False
Indonesian,中卦-dynamic,l,3.498,4,0.1294,0.8161,False
Indonesian,兌卦-static,d,1.553,10,0.1244,0.8161,False
Indonesian,坎卦-static,a,1.541,58,0.1294,0.8161,False
Indonesian,坤卦-static,a,-1.211,38,0.1244,0.8161,False
Indonesian,離卦-static,h,-1.096,3,0.1294,0.8161,False
Indonesian,中卦-static,m,-0.633,60,0.1294,0.8161,False
Indonesian,坤卦-static,k,1.311,28,0.1592,0.8778,False
Indonesian,坎卦-dynamic,ɲ,1.302,9,0.1542,0.8778,False
Indonesian,離卦-static,j,1.231,4,0.1592,0.8778,False
Indonesian,震卦-static,r,-0.749,54,0.1592,0.8778,False
Indonesian,艮卦-dynamic,h,-0.96,5,0.1642,0.8892,False
Indonesian,坤卦-dynamic,s,0.632,73,0.1642,0.8892,False
Indonesian,坤卦-static,s,1.103,17,0.1692,0.9002,False
Indonesian,坤卦-dynamic,t,0.616,91,0.1741,0.9108,False
Indonesian,艮卦-static,ɛ,-1.222,4,0.1791,0.9211,False
Indonesian,震卦-dynamic,f,1.006,3,0.1791,0.9211,False
Indonesian,中卦-dynamic,i,2.513,3,0.4179,0.9272,False
Indonesian,巽卦-static,p,1.837,5,0.1891,0.9272,False
Indonesian,巽卦-dynamic,n,1.664,11,0.2935,0.9272,False
Indonesian,巽卦-static,u,1.62,10,0.2537,0.9272,False
Indonesian,巽卦-dynamic,ɲ,1.36,3,0.2985,0.9272,False
Indonesian,巽卦-static,s,1.294,5,0.3731,0.9272,False
Indonesian,巽卦-dynamic,m,1.278,13,0.403,0.9272,False
Indonesian,坎卦-static,r,1.271,24,0.1891,0.9272,False
Indonesian,乾卦-static,t,1.257,13,0.2587,0.9272,False
Indonesian,乾卦-static,p,-1.192,3,0.2637,0.9272,False
Indonesian,乾卦-static,n,-1.182,7,0.2786,0.9272,False
Indonesian,坤卦-static,ə,-1.18,4,0.1891,0.9272,False
Indonesian,坎卦-dynamic,ə,1.159,40,0.2139,0.9272,False
Indonesian,乾卦-static,a,1.133,35,0.2488,0.9272,False
Indonesian,巽卦-static,l,1.132,8,0.4677,0.9272,False
Indonesian,乾卦-static,ə,-1.092,3,0.2836,0.9272,False
Indonesian,坤卦-static,d,-1.043,3,0.209,0.9272,False
Indonesian,坎卦-dynamic,s,1.017,21,0.3433,0.9272,False
Indonesian,坤卦-static,u,1.015,30,0.2289,0.9272,False
Indonesian,坤卦-static,ɛ,0.991,11,0.2786,0.9272,False
Indonesian,艮卦-static,a,0.965,76,0.3035,0.9272,False
Indonesian,巽卦-dynamic,ə,0.963,12,0.4975,0.9272,False
Indonesian,坎卦-dynamic,p,0.952,18,0.3085,0.9272,False
Indonesian,巽卦-static,ŋ,0.937,4,0.5522,0.9272,False
Indonesian,巽卦-static,k,0.934,7,0.5274,0.9272,False
Indonesian,艮卦-static,w,0.905,3,0.2736,0.9272,False
Indonesian,乾卦-static,r,0.899,14,0.4179,0.9272,False
Indonesian,艮卦-static,s,-0.893,9,0.2438,0.9272,False
Indonesian,坎卦-static,ɛ,-0.866,4,0.3582,0.9272,False
Indonesian,離卦-static,r,0.858,45,0.2687,0.9272,False
Indonesian,巽卦-dynamic,t,0.845,8,0.5871,0.9272,False
Indonesian,兌卦-static,m,-0.839,6,0.4328,0.9272,False
Indonesian,巽卦-dynamic,a,-0.826,17,0.592,0.9272,False
Indonesian,巽卦-dynamic,k,-0.795,5,0.592,0.9272,False
Indonesian,艮卦-dynamic,a,-0.792,99,0.199,0.9272,False
Indonesian,巽卦-dynamic,ŋ,-0.776,3,0.6368,0.9272,False
Indonesian,震卦-dynamic,h,-0.776,9,0.194,0.9272,False
Indonesian,乾卦-dynamic,h,-0.769,9,0.2388,0.9272,False
Indonesian,兌卦-static,b,-0.766,5,0.4478,0.9272,False
Indonesian,坎卦-dynamic,u,-0.753,16,0.3831,0.9272,False
Indonesian,離卦-dynamic,i,-0.75,53,0.2388,0.9272,False
Indonesian,坎卦-dynamic,d,0.747,11,0.4826,0.9272,False
Indonesian,兌卦-static,ɛ,0.743,9,0.4876,0.9272,False
Indonesian,坤卦-static,d͡ʒ,0.729,4,0.3831,0.9272,False
Indonesian,坎卦-static,u,-0.724,12,0.4428,0.9272,False
Indonesian,坎卦-dynamic,n,-0.719,18,0.4925,0.9272,False
Indonesian,震卦-dynamic,b,0.702,57,0.2239,0.9272,False
Indonesian,震卦-dynamic,r,0.7,70,0.2786,0.9272,False
Indonesian,艮卦-dynamic,a͡ʊ,0.695,4,0.3433,0.9272,False
Indonesian,離卦-dynamic,r,-0.693,47,0.2438,0.9272,False
Indonesian,坎卦-static,h,-0.687,3,0.5373,0.9272,False
Indonesian,離卦-dynamic,l,-0.686,23,0.2886,0.9272,False
Indonesian,坎卦-dynamic,b,-0.684,8,0.4577,0.9272,False
Indonesian,乾卦-dynamic,r,0.683,69,0.2488,0.9272,False
Indonesian,坎卦-static,m,-0.681,8,0.4876,0.9272,False
Indonesian,離卦-dynamic,ŋ,0.68,46,0.2886,0.9272,False
Indonesian,乾卦-dynamic,d,-0.673,13,0.2935,0.9272,False
Indonesian,艮卦-dynamic,t,-0.664,26,0.3085,0.9272,False
Indonesian,艮卦-dynamic,ə,0.663,61,0.2836,0.9272,False
Indonesian,坎卦-static,n,0.662,20,0.4378,0.9272,False
Indonesian,巽卦-dynamic,p,-0.66,3,0.6617,0.9272,False
Indonesian,乾卦-static,d,0.657,5,0.5771,0.9272,False
Indonesian,離卦-static,p,0.65,25,0.3632,0.9272,False
Indonesian,兌卦-dynamic,d,-0.649,18,0.199,0.9272,False
Indonesian,坎卦-dynamic,t͡ʃ,0.648,5,0.5174,0.9272,False
Indonesian,巽卦-dynamic,r,0.646,9,0.6567,0.9272,False
Indonesian,兌卦-static,n,-0.643,13,0.5174,0.9272,False
Indonesian,震卦-dynamic,k,-0.639,42,0.2836,0.9272,False
Indonesian,兌卦-dynamic,l,-0.632,31,0.2289,0.9272,False
Indonesian,坎卦-static,t,0.631,17,0.5174,0.9272,False
Indonesian,震卦-static,l,-0.628,30,0.204,0.9272,False
Indonesian,離卦-dynamic,h,-0.626,12,0.2886,0.9272,False
Indonesian,離卦-dynamic,ɛ,-0.613,18,0.3085,0.9272,False
Indonesian,兌卦-static,l,0.613,20,0.5323,0.9272,False
Indonesian,坤卦-static,ŋ,-0.608,8,0.5124,0.9272,False
Indonesian,離卦-static,k,0.607,44,0.4478,0.9272,False
Indonesian,巽卦-static,ə,-0.604,3,0.6716,0.9272,False
Indonesian,離卦-dynamic,o,-0.602,7,0.3433,0.9272,False
Indonesian,乾卦-dynamic,ŋ,-0.602,25,0.2786,0.9272,False
Indonesian,震卦-static,f,0.601,3,0.2886,0.9272,False
Indonesian,震卦-static,k,0.591,92,0.2537,0.9272,False
Indonesian,兌卦-static,o,0.59,15,0.6269,0.9272,False
Indonesian,中卦-static,ɔ,-0.588,3,0.2189,0.9272,False
Indonesian,震卦-static,s,-0.587,34,0.3085,0.9272,False
Indonesian,艮卦-static,n,0.585,28,0.5075,0.9272,False
Indonesian,艮卦-static,m,-0.58,13,0.4826,0.9272,False
Indonesian,離卦-static,a͡ʊ,0.575,3,0.4378,0.9272,False
Indonesian,兌卦-dynamic,ɡ,-0.569,10,0.2886,0.9272,False
Indonesian,艮卦-static,u,0.568,34,0.5124,0.9272,False
Indonesian,坎卦-dynamic,ɛ,0.565,12,0.5771,0.9272,False
Indonesian,艮卦-static,d,-0.564,6,0.4677,0.9272,False
Indonesian,兌卦-dynamic,k,-0.561,59,0.2985,0.9272,False
Indonesian,乾卦-dynamic,p,0.559,39,0.2985,0.9272,False
Indonesian,震卦-static,m,-0.556,41,0.2388,0.9272,False
Indonesian,兌卦-dynamic,o,-0.556,11,0.3035,0.9272,False
Indonesian,兌卦-static,r,0.551,19,0.5771,0.9272,False
Indonesian,兌卦-dynamic,u,-0.547,62,0.2836,0.9272,False
Indonesian,坎卦-dynamic,r,0.545,27,0.5075,0.9272,False
Indonesian,乾卦-static,l,-0.544,5,0.607,0.9272,False
Indonesian,離卦-static,d͡ʒ,0.541,7,0.4378,0.9272,False
Indonesian,坤卦-dynamic,t͡ʃ,-0.54,6,0.2836,0.9272,False
Indonesian,坤卦-dynamic,r,0.528,106,0.2836,0.9272,False
Indonesian,乾卦-dynamic,ɛ,0.522,29,0.3383,0.9272,False
Indonesian,艮卦-dynamic,m,0.521,54,0.393,0.9272,False
Indonesian,震卦-static,a͡ɪ,-0.521,3,0.3333,0.9272,False
Indonesian,離卦-static,ɛ,0.518,18,0.4428,0.9272,False
Indonesian,中卦-static,ə,-0.507,78,0.2537,0.9272,False
Indonesian,離卦-static,t͡ʃ,0.506,7,0.4726,0.9272,False
Indonesian,離卦-static,s,-0.503,17,0.4726,0.9272,False
Indonesian,震卦-dynamic,i,-0.499,55,0.4179,0.9272,False
Indonesian,坤卦-static,p,-0.498,8,0.5224,0.9272,False
Indonesian,中卦-static,j,0.496,9,0.3085,0.9272,False
Indonesian,中卦-static,w,0.491,12,0.2289,0.9272,False
Indonesian,中卦-static,o,-0.483,23,0.2786,0.9272,False
Indonesian,坤卦-static,t,-0.479,12,0.5224,0.9272,False
Indonesian,離卦-static,n,-0.474,30,0.5423,0.9272,False
Indonesian,離卦-dynamic,b,-0.473,28,0.5423,0.9272,False
Indonesian,離卦-dynamic,d͡ʒ,0.473,12,0.4179,0.9272,False
Indonesian,坤卦-dynamic,a͡ɪ,-0.468,5,0.3184,0.9272,False
Indonesian,乾卦-dynamic,l,-0.468,29,0.4229,0.9272,False
Indonesian,坤卦-static,ɡ,0.467,6,0.5821,0.9272,False
Indonesian,坎卦-static,b,0.467,15,0.6219,0.9272,False
Indonesian,兌卦-dynamic,s,-0.465,38,0.4577,0.9272,False
Indonesian,坤卦-dynamic,ŋ,-0.464,43,0.3134,0.9272,False
Indonesian,艮卦-static,ə,0.463,31,0.5274,0.9272,False
Indonesian,中卦-static,k,-0.463,96,0.2438,0.9272,False
Indonesian,坤卦-dynamic,o,-0.46,19,0.3682,0.9272,False
Indonesian,兌卦-dynamic,a͡ʊ,0.459,6,0.3582,0.9272,False
Indonesian,坤卦-static,ɲ,0.455,4,0.5871,0.9272,False
Indonesian,坎卦-dynamic,l,-0.455,12,0.5871,0.9272,False
Indonesian,坤卦-dynamic,p,-0.452,41,0.3085,0.9272,False
Indonesian,坤卦-dynamic,ɔ,0.452,6,0.3881,0.9272,False
Indonesian,中卦-static,r,-0.448,99,0.2786,0.9272,False
Indonesian,兌卦-dynamic,a͡ɪ,-0.432,5,0.4478,0.9272,False
Indonesian,艮卦-static,i,-0.429,24,0.602,0.9272,False
Indonesian,艮卦-dynamic,d͡ʒ,0.422,8,0.5423,0.9272,False
Indonesian,兌卦-static,d͡ʒ,0.421,3,0.6517,0.9272,False
Indonesian,中卦-static,p,0.42,78,0.3284,0.9272,False
Indonesian,坎卦-dynamic,k,0.418,27,0.6667,0.9272,False
Indonesian,兌卦-dynamic,d͡ʒ,-0.413,7,0.3532,0.9272,False
Indonesian,乾卦-static,k,-0.406,9,0.6667,0.9272,False
Indonesian,離卦-dynamic,p,-0.405,29,0.4826,0.9272,False
Indonesian,乾卦-static,s,0.404,8,0.6915,0.9272,False
Indonesian,中卦-static,t͡ʃ,0.397,22,0.3383,0.9272,False
Indonesian,坤卦-dynamic,k,-0.394,76,0.3483,0.9272,False
Indonesian,震卦-dynamic,ɡ,0.388,18,0.5224,0.9272,False
Indonesian,艮卦-dynamic,k,0.387,50,0.4925,0.9272,False
Indonesian,離卦-dynamic,u,-0.387,56,0.5075,0.9272,False
Indonesian,震卦-dynamic,d,-0.385,16,0.5224,0.9272,False
Indonesian,乾卦-static,i,-0.385,11,0.6716,0.9272,False
Indonesian,艮卦-static,ɡ,-0.384,4,0.6219,0.9272,False
Indonesian,坤卦-static,i,0.383,25,0.6418,0.9272,False
Indonesian,坤卦-dynamic,ɛ,0.38,44,0.4129,0.9272,False
Indonesian,震卦-dynamic,ɲ,-0.378,3,0.5572,0.9272,False
Indonesian,乾卦-dynamic,m,-0.376,38,0.5025,0.9272,False
Indonesian,乾卦-dynamic,k,-0.365,48,0.4726,0.9272,False
Indonesian,乾卦-static,o,-0.36,3,0.6965,0.9272,False
Indonesian,離卦-static,a͡ɪ,-0.359,3,0.6468,0.9272,False
Indonesian,艮卦-static,ŋ,-0.357,12,0.607,0.9272,False
Indonesian,震卦-dynamic,a͡ɪ,-0.351,5,0.597,0.9272,False
Indonesian,乾卦-dynamic,t,0.351,52,0.5672,0.9272,False
Indonesian,離卦-dynamic,t,-0.348,44,0.5622,0.9272,False
Indonesian,艮卦-dynamic,b,-0.337,22,0.5771,0.9272,False
Indonesian,坎卦-dynamic,a,-0.336,58,0.6915,0.9272,False
Indonesian,離卦-static,ə,-0.336,27,0.6667,0.9272,False
Indonesian,中卦-static,a͡ɪ,-0.333,11,0.4378,0.9272,False
Indonesian,坤卦-dynamic,ɡ,-0.331,16,0.4627,0.9272,False
Indonesian,震卦-static,p,0.331,47,0.4527,0.9272,False
Indonesian,坎卦-dynamic,m,0.33,26,0.6965,0.9272,False
Indonesian,震卦-dynamic,o,-0.33,17,0.5871,0.9272,False
Indonesian,艮卦-dynamic,o,-0.325,13,0.6219,0.9272,False
Indonesian,艮卦-dynamic,u,-0.322,40,0.6517,0.9272,False
Indonesian,坤卦-dynamic,w,-0.32,5,0.5075,0.9272,False
Indonesian,震卦-static,t͡ʃ,-0.315,7,0.597,0.9272,False
Indonesian,離卦-static,m,-0.315,25,0.6468,0.9272,False
Indonesian,震卦-dynamic,t,-0.296,41,0.6219,0.9272,False
Indonesian,震卦-static,a͡ʊ,0.293,5,0.5323,0.9272,False
Indonesian,艮卦-dynamic,l,0.291,44,0.6318,0.9272,False
Indonesian,震卦-dynamic,p,-0.287,28,0.597,0.9272,False
Indonesian,坤卦-static,o,0.281,13,0.6816,0.9272,False
Indonesian,兌卦-dynamic,b,-0.261,42,0.6119,0.9272,False
Indonesian,中卦-static,n,-0.252,109,0.5572,0.9272,False
Indonesian,離卦-dynamic,ɡ,-0.252,12,0.6517,0.9272,False
Indonesian,兌卦-dynamic,ɔ,-0.237,3,0.6816,0.9272,False
Indonesian,中卦-static,l,-0.228,80,0.597,0.9272,False
Indonesian,艮卦-dynamic,i,-0.227,47,0.6866,0.9272,False
Indonesian,坤卦-dynamic,m,-0.223,70,0.6318,0.9272,False
Indonesian,震卦-dynamic,m,0.209,60,0.6716,0.9272,False
Indonesian,震卦-static,o,0.203,49,0.6866,0.9272,False
Indonesian,震卦-static,i,-0.188,82,0.6965,0.9272,False
Indonesian,震卦-static,u,0.186,89,0.6915,0.9272,False
Indonesian,兌卦-dynamic,r,-0.184,71,0.6816,0.9272,False
Indonesian,坤卦-dynamic,l,0.18,86,0.6567,0.9272,False
Indonesian,坤卦-dynamic,b,0.17,68,0.6866,0.9272,False
Indonesian,中卦-static,h,0.167,44,0.6418,0.9272,False
Indonesian,乾卦-static,b,-0.44,5,0.7114,0.9303,False
Indonesian,兌卦-static,ə,-0.375,12,0.7114,0.9303,False
Indonesian,震卦-dynamic,t͡ʃ,0.18,9,0.7164,0.9349,False
Indonesian,乾卦-static,ŋ,-0.514,5,0.7214,0.9374,False
Indonesian,離卦-dynamic,ɲ,-0.243,5,0.7214,0.9374,False
Indonesian,巽卦-dynamic,u,-0.55,6,0.7264,0.9378,False
Indonesian,離卦-dynamic,a͡ɪ,-0.264,7,0.7264,0.9378,False
Indonesian,乾卦-static,m,-0.414,7,0.7313,0.9383,False
Indonesian,離卦-static,i,-0.248,38,0.7313,0.9383,False
Indonesian,離卦-dynamic,a,-0.203,162,0.7363,0.9427,False
Indonesian,兌卦-static,u,-0.323,15,0.7413,0.9451,False
Indonesian,坎卦-static,ə,-0.333,13,0.7463,0.9475,False
Indonesian,兌卦-dynamic,ɛ,-0.16,29,0.7463,0.9475,False
Indonesian,艮卦-static,l,-0.243,16,0.7562,0.9523,False
Indonesian,兌卦-dynamic,h,0.139,28,0.7562,0.9523,False
Indonesian,艮卦-static,k,-0.311,21,0.7612,0.9527,False
Indonesian,震卦-static,ɔ,-0.198,3,0.7612,0.9527,False
Indonesian,坎卦-static,s,-0.328,9,0.7711,0.9534,False
Indonesian,坎卦-dynamic,o,-0.258,8,0.7662,0.9534,False
Indonesian,乾卦-dynamic,n,0.178,59,0.7662,0.9534,False
Indonesian,震卦-dynamic,ŋ,-0.159,31,0.7711,0.9534,False
Indonesian,震卦-static,d,-0.13,24,0.7711,0.9534,False
Indonesian,乾卦-dynamic,u,0.118,66,0.7711,0.9534,False
Indonesian,離卦-static,b,0.211,27,0.7761,0.9557,False
Indonesian,兌卦-static,a,-0.303,41,0.7861,0.9621,False
Indonesian,中卦-static,ɲ,-0.137,12,0.7861,0.9621,False
Indonesian,離卦-dynamic,k,-0.142,59,0.791,0.9663,False
Indonesian,兌卦-static,p,0.257,10,0.796,0.9666,False
Indonesian,艮卦-dynamic,ɛ,0.16,19,0.796,0.9666,False
Indonesian,坎卦-static,k,-0.27,15,0.8159,0.9715,False
Indonesian,坤卦-static,l,0.247,18,0.806,0.9715,False
Indonesian,兌卦-static,t,-0.218,12,0.8109,0.9715,False
Indonesian,艮卦-dynamic,t͡ʃ,-0.147,5,0.806,0.9715,False
Indonesian,乾卦-dynamic,ɡ,-0.145,12,0.8159,0.9715,False
Indonesian,離卦-static,a,-0.137,92,0.8109,0.9715,False
Indonesian,艮卦-dynamic,a͡ɪ,-0.165,6,0.8209,0.9717,False
Indonesian,震卦-static,w,0.141,6,0.8209,0.9717,False
Indonesian,兌卦-dynamic,n,0.125,79,0.8209,0.9717,False
Indonesian,巽卦-dynamic,i,-0.264,8,0.8358,0.9837,False
Indonesian,乾卦-dynamic,ə,0.143,61,0.8358,0.9837,False
Indonesian,坤卦-dynamic,a͡ʊ,-0.083,4,0.8408,0.9858,False
Indonesian,巽卦-dynamic,h,0.309,3,0.8458,0.9859,False
Indonesian,兌卦-dynamic,ɲ,-0.122,8,0.8458,0.9859,False
Indonesian,坤卦-dynamic,j,-0.118,4,0.8458,0.9859,False
Indonesian,中卦-dynamic,a,-0.629,3,0.8756,0.9893,False
Indonesian,巽卦-static,a,-0.222,13,0.9104,0.9893,False
Indonesian,坎卦-dynamic,i,-0.145,26,0.9055,0.9893,False
Indonesian,離卦-static,l,-0.13,26,0.8507,0.9893,False
Indonesian,坎卦-dynamic,h,-0.127,7,0.8557,0.9893,False
Indonesian,艮卦-static,d͡ʒ,-0.118,3,0.9005,0.9893,False
Indonesian,離卦-dynamic,w,0.116,5,0.8856,0.9893,False
Indonesian,乾卦-dynamic,o,0.113,34,0.8856,0.9893,False
Indonesian,坎卦-static,p,-0.106,9,0.9204,0.9893,False
Indonesian,兌卦-static,h,-0.104,5,0.9403,0.9893,False
Indonesian,離卦-static,o,-0.101,16,0.9005,0.9893,False
Indonesian,艮卦-static,b,-0.099,15,0.8706,0.9893,False
Indonesian,兌卦-static,ŋ,-0.098,9,0.9104,0.9893,False
Indonesian,艮卦-dynamic,p,0.094,25,0.8905,0.9893,False
Indonesian,乾卦-dynamic,a͡ɪ,-0.093,9,0.8706,0.9893,False
Indonesian,兌卦-dynamic,w,0.086,6,0.8706,0.9893,False
Indonesian,震卦-dynamic,n,0.084,58,0.9154,0.9893,False
Indonesian,兌卦-dynamic,i,0.082,95,0.8607,0.9893,False
Indonesian,離卦-static,ɡ,0.081,9,0.9204,0.9893,False
Indonesian,坤卦-dynamic,i,-0.064,106,0.9005,0.9893,False
Indonesian,艮卦-dynamic,w,-0.063,3,0.9005,0.9893,False
Indonesian,中卦-static,b,-0.061,76,0.8657,0.9893,False
Indonesian,艮卦-dynamic,n,-0.057,42,0.9602,0.9893,False
Indonesian,坎卦-static,ŋ,0.057,10,0.9353,0.9893,False
Indonesian,震卦-dynamic,l,-0.057,45,0.9403,0.9893,False
Indonesian,離卦-dynamic,t͡ʃ,-0.056,8,0.9204,0.9893,False
Indonesian,坤卦-static,m,-0.052,16,0.9353,0.9893,False
Indonesian,坤卦-dynamic,d͡ʒ,-0.05,12,0.9154,0.9893,False
Indonesian,乾卦-dynamic,i,0.048,69,0.9055,0.9893,False
Indonesian,離卦-static,t,0.047,29,0.9254,0.9893,False
Indonesian,兌卦-static,i,-0.047,19,0.9403,0.9893,False
Indonesian,震卦-static,b,0.045,51,0.9453,0.9893,False
Indonesian,震卦-dynamic,s,-0.044,35,0.9552,0.9893,False
Indonesian,乾卦-dynamic,b,0.044,39,0.9502,0.9893,False
Indonesian,兌卦-dynamic,t͡ʃ,-0.037,10,0.9403,0.9893,False
Indonesian,震卦-static,h,-0.036,24,0.9552,0.9893,False
Indonesian,艮卦-dynamic,r,-0.035,42,0.9552,0.9893,False
Indonesian,震卦-dynamic,ɛ,-0.031,23,0.9602,0.9893,False
Indonesian,震卦-static,d͡ʒ,-0.022,10,0.9602,0.9893,False
Indonesian,中卦-static,i,-0.021,141,0.9552,0.9893,False
Indonesian,中卦-static,ɡ,0.021,29,0.9602,0.9893,False
Indonesian,離卦-dynamic,d,0.02,22,0.9502,0.9893,False
Indonesian,乾卦-dynamic,d͡ʒ,0.032,8,0.9652,0.9894,False
Indonesian,艮卦-static,r,0.027,24,0.9652,0.9894,False
Indonesian,震卦-dynamic,j,0.046,3,0.9751,0.993,False
Indonesian,離卦-static,u,-0.041,38,0.9751,0.993,False
Indonesian,離卦-static,d,-0.035,12,0.9751,0.993,False
Indonesian,巽卦-static,t,-0.057,4,0.9801,0.9947,False
Indonesian,兌卦-static,s,-0.024,10,0.9801,0.9947,False
Indonesian,坎卦-dynamic,ŋ,-0.063,13,0.9851,0.9965,False
Indonesian,坤卦-static,r,0.015,18,0.9851,0.9965,False
Indonesian,坤卦-static,b,-0.016,12,0.99,0.9966,False
Indonesian,艮卦-dynamic,s,0.004,27,0.99,0.9966,False
Indonesian,巽卦-dynamic,o,0.019,4,0.995,0.9999,False
Indonesian,巽卦-static,n,-0.003,5,1.0,1.0,False
Indonesian,震卦-dynamic,u,0.001,63,1.0,1.0,False
Irish,震卦-dynamic,χ,3.767,4,0.005,0.2687,False
Irish,兌卦-static,a͡ʊ,3.669,10,0.005,0.2687,False
Irish,坎卦-dynamic,d,3.507,5,0.005,0.2687,False
Irish,兌卦-dynamic,ɡ,3.343,79,0.005,0.2687,False
Irish,巽卦-static,s,3.093,10,0.005,0.2687,False
Irish,艮卦-static,i͡ə,3.056,13,0.005,0.2687,False
Irish,震卦-dynamic,ɛ,2.82,27,0.005,0.2687,False
Irish,坎卦-static,h,2.815,13,0.005,0.2687,False
Irish,艮卦-dynamic,u͡ə,2.676,14,0.005,0.2687,False
Irish,震卦-dynamic,d͡ʒ,2.615,13,0.005,0.2687,False
Irish,艮卦-static,a͡ɪ,2.459,9,0.005,0.2687,False
Irish,震卦-dynamic,e,2.372,37,0.005,0.2687,False
Irish,艮卦-static,l,2.232,45,0.005,0.2687,False
Irish,乾卦-dynamic,u͡ə,2.199,12,0.005,0.2687,False
Irish,艮卦-static,k,2.009,44,0.005,0.2687,False
Irish,震卦-static,ʊ,1.903,17,0.005,0.2687,False
Irish,震卦-static,t̪,1.832,51,0.005,0.2687,False
Irish,中卦-static,dʲ,1.489,14,0.005,0.2687,False
Irish,乾卦-dynamic,t̪,1.384,39,0.005,0.2687,False
Irish,坎卦-dynamic,cʲ,3.13,4,0.01,0.3358,False
Irish,離卦-static,j,3.095,9,0.01,0.3358,False
Irish,兌卦-dynamic,t,2.779,3,0.01,0.3358,False
Irish,坎卦-static,r,2.561,34,0.01,0.3358,False
Irish,震卦-dynamic,dʲ,2.491,10,0.01,0.3358,False
Irish,離卦-dynamic,ɪ,2.273,60,0.01,0.3358,False
Irish,坤卦-static,ʃ,2.205,12,0.01,0.3358,False
Irish,離卦-static,p,2.197,23,0.01,0.3358,False
Irish,乾卦-dynamic,c,2.185,16,0.01,0.3358,False
Irish,乾卦-dynamic,kʲ,1.842,18,0.01,0.3358,False
Irish,坤卦-dynamic,ɡʲ,1.706,9,0.01,0.3358,False
Irish,巽卦-static,u,2.971,6,0.0149,0.403,False
Irish,坤卦-static,v,2.89,14,0.0149,0.403,False
Irish,震卦-dynamic,ɡʲ,2.21,6,0.0149,0.403,False
Irish,離卦-dynamic,nʲ,2.151,12,0.0149,0.403,False
Irish,兌卦-dynamic,ɪ,1.619,56,0.0149,0.403,False
Irish,中卦-static,kʲ,1.437,23,0.0149,0.403,False
Irish,坤卦-dynamic,x,1.427,76,0.0149,0.403,False
Irish,兌卦-static,b,2.444,9,0.0199,0.4478,False
Irish,乾卦-static,v,2.048,18,0.0199,0.4478,False
Irish,離卦-dynamic,ɡ,1.653,46,0.0199,0.4478,False
Irish,坤卦-dynamic,cʲ,1.562,7,0.0199,0.4478,False
Irish,坤卦-dynamic,lʲ,-1.164,20,0.0199,0.4478,False
Irish,坤卦-dynamic,p,-1.097,6,0.0199,0.4478,False
Irish,巽卦-dynamic,m,2.697,6,0.0249,0.4632,False
Irish,兌卦-static,n,2.392,26,0.0249,0.4632,False
Irish,艮卦-static,ɔ,1.598,24,0.0249,0.4632,False
Irish,坎卦-dynamic,i,1.597,24,0.0249,0.4632,False
Irish,乾卦-dynamic,o,1.338,33,0.0249,0.4632,False
Irish,坤卦-dynamic,ɪ,-1.197,31,0.0249,0.4632,False
Irish,中卦-static,ɑ,1.168,95,0.0249,0.4632,False
Irish,中卦-static,lʲ,-1.166,21,0.0249,0.4632,False
Irish,震卦-dynamic,ə,-1.41,31,0.0299,0.5117,False
Irish,坤卦-dynamic,ɑ,1.016,87,0.0299,0.5117,False
Irish,震卦-dynamic,t,2.501,3,0.0348,0.5614,False
Irish,坎卦-dynamic,h,2.011,13,0.0348,0.5614,False
Irish,中卦-static,s,-0.971,28,0.0348,0.5614,False
Irish,巽卦-dynamic,lʲ,2.532,6,0.0448,0.5757,False
Irish,乾卦-static,ʊ,2.097,6,0.0448,0.5757,False
Irish,乾卦-static,ɐ,1.99,36,0.0398,0.5757,False
Irish,兌卦-static,ʃ,1.92,12,0.0448,0.5757,False
Irish,艮卦-static,ɡʲ,1.789,4,0.0398,0.5757,False
Irish,坎卦-dynamic,ɑ,1.676,34,0.0398,0.5757,False
Irish,震卦-dynamic,w,1.596,3,0.0448,0.5757,False
Irish,離卦-static,r,-1.47,16,0.0448,0.5757,False
Irish,離卦-static,ɹ,1.381,26,0.0448,0.5757,False
Irish,震卦-static,w,1.32,4,0.0448,0.5757,False
Irish,震卦-dynamic,ɑ,-1.218,21,0.0398,0.5757,False
Irish,兌卦-dynamic,n,-1.152,25,0.0448,0.5757,False
Irish,震卦-static,e,-1.058,10,0.0448,0.5757,False
Irish,中卦-static,r,0.784,92,0.0398,0.5757,False
Irish,巽卦-static,i,2.333,7,0.0547,0.5852,False
Irish,離卦-static,ŋ,1.747,3,0.0498,0.5852,False
Irish,兌卦-static,p,1.568,8,0.0547,0.5852,False
Irish,離卦-static,e,-1.375,3,0.0498,0.5852,False
Irish,艮卦-static,kʲ,1.313,9,0.0498,0.5852,False
Irish,兌卦-dynamic,a,1.229,21,0.0547,0.5852,False
Irish,乾卦-dynamic,b,-1.168,7,0.0547,0.5852,False
Irish,艮卦-dynamic,f,1.165,24,0.0498,0.5852,False
Irish,艮卦-dynamic,ə,-1.101,47,0.0547,0.5852,False
Irish,震卦-dynamic,m,-1.048,12,0.0547,0.5852,False
Irish,中卦-static,p,-0.913,9,0.0547,0.5852,False
Irish,坤卦-dynamic,ɐ,0.895,94,0.0547,0.5852,False
Irish,中卦-static,e,0.882,45,0.0498,0.5852,False
Irish,中卦-static,n,0.822,105,0.0498,0.5852,False
Irish,中卦-static,o,0.786,40,0.0547,0.5852,False
Irish,震卦-static,mʲ,1.4,4,0.0597,0.6083,False
Irish,離卦-dynamic,n,-1.231,22,0.0597,0.6083,False
Irish,中卦-static,l,-0.828,35,0.0597,0.6083,False
Irish,坎卦-static,ə,1.645,38,0.0647,0.6237,False
Irish,坎卦-dynamic,lʲ,1.37,20,0.0647,0.6237,False
Irish,乾卦-dynamic,ɐ,1.085,72,0.0647,0.6237,False
Irish,坤卦-dynamic,b,0.907,32,0.0647,0.6237,False
Irish,中卦-static,b,0.849,33,0.0647,0.6237,False
Irish,艮卦-dynamic,ɹ,1.023,39,0.0697,0.6485,False
Irish,坤卦-dynamic,k,-0.767,35,0.0697,0.6485,False
Irish,離卦-static,ɑ,1.162,40,0.0746,0.6773,False
Irish,艮卦-static,ɑ,-1.14,17,0.0746,0.6773,False
Irish,乾卦-dynamic,i,-1.031,29,0.0746,0.6773,False
Irish,離卦-dynamic,f,1.286,16,0.0796,0.6878,False
Irish,艮卦-dynamic,s,0.84,48,0.0796,0.6878,False
Irish,中卦-static,d͡ʒ,0.832,13,0.0796,0.6878,False
Irish,離卦-static,pʲ,1.99,3,0.0846,0.692,False
Irish,兌卦-static,s,-1.452,3,0.0846,0.692,False
Irish,離卦-dynamic,ə,-1.187,29,0.0846,0.692,False
Irish,離卦-dynamic,i,1.16,31,0.0846,0.692,False
Irish,震卦-static,p,0.934,29,0.0846,0.692,False
Irish,震卦-dynamic,d,1.425,4,0.0896,0.7008,False
Irish,離卦-dynamic,ɹ,-0.964,12,0.0896,0.7008,False
Irish,乾卦-dynamic,ɑ,-0.917,32,0.0896,0.7008,False
Irish,巽卦-dynamic,ɔ,2.162,5,0.0995,0.731,False
Irish,乾卦-static,ʃ,-1.419,3,0.0995,0.731,False
Irish,坎卦-dynamic,m,-1.292,6,0.0995,0.731,False
Irish,乾卦-dynamic,ə,-1.031,48,0.0995,0.731,False
Irish,坤卦-dynamic,a,0.745,35,0.0995,0.731,False
Irish,坤卦-static,f,1.852,7,0.1045,0.7423,False
Irish,兌卦-static,l,1.445,16,0.1045,0.7423,False
Irish,乾卦-dynamic,ŋ,1.247,4,0.1045,0.7423,False
Irish,震卦-dynamic,u͡ə,1.121,6,0.1045,0.7423,False
Irish,兌卦-dynamic,lʲ,-1.059,11,0.1045,0.7423,False
Irish,兌卦-dynamic,ə,-1.089,33,0.1095,0.7577,False
Irish,乾卦-dynamic,r,1.025,67,0.1095,0.7577,False
Irish,坤卦-dynamic,nʲ,0.859,16,0.1095,0.7577,False
Irish,巽卦-dynamic,k,2.078,8,0.1244,0.772,False
Irish,坤卦-static,i,-1.499,6,0.1244,0.772,False
Irish,離卦-dynamic,ɛ,1.08,13,0.1194,0.772,False
Irish,艮卦-dynamic,c,1.015,11,0.1144,0.772,False
Irish,乾卦-dynamic,nʲ,0.945,12,0.1194,0.772,False
Irish,乾卦-dynamic,lʲ,-0.935,17,0.1244,0.772,False
Irish,震卦-dynamic,l,-0.789,19,0.1244,0.772,False
Irish,中卦-static,ɪ,-0.778,45,0.1144,0.772,False
Irish,中卦-static,f,-0.656,14,0.1194,0.772,False
Irish,中卦-static,t̪,0.63,46,0.1144,0.772,False
Irish,坎卦-static,ʃ,-1.38,3,0.1294,0.7848,False
Irish,兌卦-dynamic,cʲ,1.215,3,0.1343,0.8015,False
Irish,離卦-static,k,1.047,35,0.1343,0.8015,False
Irish,中卦-static,t͡ʃ,-0.684,8,0.1343,0.8015,False
Irish,離卦-dynamic,kʲ,1.101,9,0.1393,0.8045,False
Irish,離卦-dynamic,ɔ,-0.908,7,0.1393,0.8045,False
Irish,坤卦-dynamic,c,0.83,14,0.1393,0.8045,False
Irish,震卦-dynamic,nʲ,0.884,9,0.1443,0.8074,False
Irish,坤卦-static,n,-1.494,7,0.1493,0.8141,False
Irish,離卦-static,d̪,-1.134,4,0.1493,0.8141,False
Irish,中卦-static,ɡ,-0.655,22,0.1493,0.8141,False
Irish,離卦-static,ʊ,1.241,7,0.1542,0.8149,False
Irish,坎卦-static,u,1.199,11,0.1592,0.8149,False
Irish,坎卦-static,p,1.176,10,0.1592,0.8149,False
Irish,兌卦-dynamic,i,-0.94,21,0.1542,0.8149,False
Irish,艮卦-dynamic,ɪ,0.828,64,0.1542,0.8149,False
Irish,艮卦-dynamic,n,-0.819,42,0.1592,0.8149,False
Irish,坤卦-dynamic,dʲ,0.779,10,0.1592,0.8149,False
Irish,中卦-static,j,0.655,8,0.1592,0.8149,False
Irish,坎卦-dynamic,b,-0.961,4,0.1692,0.838,False
Irish,乾卦-static,a,-1.115,3,0.1841,0.8424,False
Irish,艮卦-static,d͡ʒ,1.088,6,0.1841,0.8424,False
Irish,兌卦-dynamic,b,0.859,16,0.1841,0.8424,False
Irish,離卦-static,ɪ,-0.856,18,0.1841,0.8424,False
Irish,震卦-dynamic,r,0.813,49,0.1741,0.8424,False
Irish,艮卦-static,ɪ,-0.812,18,0.1841,0.8424,False
Irish,乾卦-dynamic,h,0.803,17,0.1841,0.8424,False
Irish,艮卦-dynamic,l,0.752,51,0.1841,0.8424,False
Irish,震卦-static,t͡ʃ,-0.721,6,0.1791,0.8424,False
Irish,艮卦-dynamic,i,-0.718,32,0.1791,0.8424,False
Irish,巽卦-dynamic,ɪ,1.857,9,0.199,0.8465,False
Irish,巽卦-static,ɑ,1.763,9,0.1891,0.8465,False
Irish,巽卦-static,d̪,1.643,4,0.204,0.8465,False
Irish,坤卦-static,ɔ,1.364,9,0.2189,0.8465,False
Irish,兌卦-static,ɐ,-1.257,5,0.2189,0.8465,False
Irish,乾卦-static,s,1.079,20,0.2139,0.8465,False
Irish,坎卦-static,b,-1.021,3,0.2239,0.8465,False
Irish,坎卦-static,m,-0.981,6,0.204,0.8465,False
Irish,坎卦-dynamic,n,-0.975,18,0.2189,0.8465,False
Irish,離卦-static,o,0.968,18,0.194,0.8465,False
Irish,離卦-static,m,0.964,23,0.204,0.8465,False
Irish,乾卦-static,ɔ,-0.955,4,0.2289,0.8465,False
Irish,兌卦-dynamic,a͡ɪ,0.95,6,0.2289,0.8465,False
Irish,坎卦-dynamic,d̪,-0.914,4,0.2289,0.8465,False
Irish,離卦-static,ə,0.9,54,0.194,0.8465,False
Irish,坎卦-dynamic,r,0.876,30,0.199,0.8465,False
Irish,離卦-dynamic,j,0.841,4,0.2289,0.8465,False
Irish,離卦-dynamic,r,0.801,41,0.2289,0.8465,False
Irish,兌卦-dynamic,s,-0.747,16,0.199,0.8465,False
Irish,震卦-static,d͡ʒ,0.744,10,0.204,0.8465,False
Irish,震卦-static,kʲ,0.744,14,0.1891,0.8465,False
Irish,離卦-dynamic,x,-0.741,5,0.2239,0.8465,False
Irish,坤卦-dynamic,i͡ə,0.696,13,0.194,0.8465,False
Irish,艮卦-dynamic,k,0.682,51,0.209,0.8465,False
Irish,震卦-dynamic,a,0.682,19,0.2139,0.8465,False
Irish,震卦-static,c,0.665,11,0.2239,0.8465,False
Irish,震卦-dynamic,k,-0.652,21,0.2239,0.8465,False
Irish,坤卦-dynamic,ə,-0.598,79,0.199,0.8465,False
Irish,震卦-static,r,0.575,70,0.209,0.8465,False
Irish,坤卦-dynamic,m,-0.555,29,0.2139,0.8465,False
Irish,中卦-static,h,0.515,21,0.1891,0.8465,False
Irish,兌卦-static,ə,1.165,24,0.2338,0.8616,False
Irish,兌卦-static,o,1.148,8,0.2488,0.8616,False
Irish,坤卦-static,x,1.013,11,0.2687,0.8616,False
Irish,坎卦-static,ɑ,0.998,23,0.2388,0.8616,False
Irish,坎卦-static,d̪,-0.963,3,0.2587,0.8616,False
Irish,坎卦-dynamic,ɔ,-0.912,5,0.2438,0.8616,False
Irish,坎卦-dynamic,f,0.876,10,0.2637,0.8616,False
Irish,離卦-static,s,-0.847,13,0.2587,0.8616,False
Irish,坎卦-static,ɪ,-0.827,11,0.2736,0.8616,False
Irish,離卦-dynamic,s,-0.815,14,0.2488,0.8616,False
Irish,坎卦-dynamic,a,-0.79,5,0.2637,0.8616,False
Irish,艮卦-static,x,-0.788,4,0.2488,0.8616,False
Irish,兌卦-dynamic,v,-0.773,4,0.2687,0.8616,False
Irish,離卦-dynamic,ɐ,-0.746,20,0.2388,0.8616,False
Irish,兌卦-dynamic,ɐ,-0.732,22,0.2537,0.8616,False
Irish,艮卦-static,t͡ʃ,-0.729,3,0.2587,0.8616,False
Irish,震卦-dynamic,i,0.719,34,0.2537,0.8616,False
Irish,兌卦-dynamic,ɹ,-0.693,15,0.2637,0.8616,False
Irish,離卦-dynamic,a,0.691,16,0.2687,0.8616,False
Irish,艮卦-dynamic,u,-0.668,9,0.2687,0.8616,False
Irish,震卦-static,nʲ,0.617,12,0.2687,0.8616,False
Irish,震卦-dynamic,ɔ,-0.614,11,0.2736,0.8616,False
Irish,艮卦-dynamic,x,-0.594,11,0.2587,0.8616,False
Irish,震卦-static,ɐ,0.571,71,0.2438,0.8616,False
Irish,坤卦-dynamic,ɔ,0.567,39,0.2488,0.8616,False
Irish,坤卦-dynamic,mʲ,0.565,3,0.2736,0.8616,False
Irish,乾卦-dynamic,k,-0.551,29,0.2736,0.8616,False
Irish,震卦-static,n,-0.536,55,0.2687,0.8616,False
Irish,震卦-static,l,0.483,54,0.2736,0.8616,False
Irish,巽卦-static,ə,1.465,12,0.3035,0.863,False
Irish,巽卦-static,ɹ,1.299,5,0.3085,0.863,False
Irish,坤卦-static,i͡ə,1.288,3,0.2836,0.863,False
Irish,兌卦-static,r,-0.925,9,0.3035,0.863,False
Irish,坎卦-dynamic,o,0.842,13,0.3035,0.863,False
Irish,乾卦-static,ɑ,-0.833,13,0.3085,0.863,False
Irish,乾卦-static,m,-0.827,7,0.2886,0.863,False
Irish,坎卦-dynamic,ɐ,-0.78,14,0.2985,0.863,False
Irish,離卦-dynamic,a͡ɪ,0.769,5,0.2886,0.863,False
Irish,離卦-static,t͡ʃ,-0.744,3,0.3035,0.863,False
Irish,坎卦-dynamic,u,-0.696,4,0.2886,0.863,False
Irish,艮卦-static,a,-0.687,7,0.2886,0.863,False
Irish,離卦-dynamic,d̪,-0.684,7,0.2786,0.863,False
Irish,坤卦-dynamic,a͡ɪ,0.65,10,0.2985,0.863,False
Irish,乾卦-dynamic,t͡ʃ,0.638,19,0.3085,0.863,False
Irish,兌卦-dynamic,d̪,-0.629,8,0.2935,0.863,False
Irish,離卦-static,i,-0.624,20,0.2985,0.863,False
Irish,乾卦-dynamic,f,-0.603,10,0.2985,0.863,False
Irish,兌卦-dynamic,o,0.601,18,0.3035,0.863,False
Irish,艮卦-static,f,-0.597,6,0.2935,0.863,False
Irish,艮卦-static,ɡ,-0.586,10,0.2886,0.863,False
Irish,乾卦-dynamic,ɡ,-0.576,17,0.3085,0.863,False
Irish,坤卦-dynamic,ʊ,-0.573,4,0.3035,0.863,False
Irish,震卦-static,d̪,-0.568,14,0.2985,0.863,False
Irish,震卦-dynamic,x,-0.559,9,0.2886,0.863,False
Irish,震卦-static,ə,-0.549,68,0.2836,0.863,False
Irish,中卦-static,w,0.547,3,0.2836,0.863,False
Irish,坤卦-dynamic,f,-0.499,15,0.2836,0.863,False
Irish,中卦-static,d̪,0.475,32,0.2836,0.863,False
Irish,震卦-dynamic,s,-0.54,20,0.3134,0.8747,False
Irish,乾卦-static,i,-0.825,12,0.3184,0.8795,False
Irish,乾卦-static,b,-0.747,4,0.3184,0.8795,False
Irish,乾卦-dynamic,p,-0.631,9,0.3184,0.8795,False
Irish,乾卦-static,lʲ,-0.851,7,0.3234,0.8797,False
Irish,艮卦-static,r,-0.607,24,0.3234,0.8797,False
Irish,震卦-static,dʲ,-0.603,3,0.3234,0.8797,False
Irish,乾卦-dynamic,x,0.563,36,0.3234,0.8797,False
Irish,艮卦-static,o,0.561,15,0.3234,0.8797,False
Irish,乾卦-static,a͡ʊ,0.978,6,0.3284,0.88,False
Irish,坤卦-static,m,0.97,9,0.3284,0.88,False
Irish,兌卦-static,u,0.962,7,0.3284,0.88,False
Irish,乾卦-dynamic,a͡ɪ,0.602,7,0.3284,0.88,False
Irish,巽卦-static,f,1.303,3,0.3333,0.8845,False
Irish,兌卦-static,ʊ,1.3,3,0.3333,0.8845,False
Irish,離卦-dynamic,t̪,0.722,21,0.3333,0.8845,False
Irish,兌卦-dynamic,ɑ,-0.61,26,0.3383,0.8912,False
Irish,巽卦-dynamic,p,1.27,3,0.3433,0.8999,False
Irish,坎卦-dynamic,d͡ʒ,0.765,4,0.3483,0.9041,False
Irish,兌卦-dynamic,t̪,-0.547,14,0.3483,0.9041,False
Irish,艮卦-dynamic,a,-0.46,14,0.3532,0.9127,False
Irish,乾卦-static,ɛ,0.832,7,0.3582,0.9167,False
Irish,兌卦-dynamic,h,-0.601,3,0.3582,0.9167,False
Irish,巽卦-static,ɐ,-1.015,3,0.3632,0.9186,False
Irish,震卦-dynamic,a͡ʊ,0.551,9,0.3632,0.9186,False
Irish,艮卦-dynamic,nʲ,-0.537,4,0.3632,0.9186,False
Irish,坤卦-static,t̪,-0.871,4,0.3781,0.9218,False
Irish,坎卦-static,ɐ,-0.672,12,0.3781,0.9218,False
Irish,坎卦-dynamic,e,0.633,13,0.3731,0.9218,False
Irish,坤卦-dynamic,ŋ,0.608,4,0.3682,0.9218,False
Irish,離卦-static,x,-0.572,7,0.3781,0.9218,False
Irish,震卦-dynamic,ɹ,0.536,26,0.3731,0.9218,False
Irish,中卦-static,ɡʲ,0.516,5,0.3682,0.9218,False
Irish,坤卦-dynamic,v,0.489,33,0.3781,0.9218,False
Irish,艮卦-dynamic,ɔ,-0.478,16,0.3682,0.9218,False
Irish,中卦-static,ʊ,-0.457,5,0.3781,0.9218,False
Irish,艮卦-dynamic,lʲ,0.454,33,0.3781,0.9218,False
Irish,坤卦-dynamic,u,-0.435,16,0.3781,0.9218,False
Irish,震卦-static,ʃ,-0.398,23,0.3781,0.9218,False
Irish,巽卦-dynamic,ɑ,-1.164,3,0.3831,0.9256,False
Irish,坎卦-static,a,-0.78,4,0.3831,0.9256,False
Irish,坤卦-dynamic,a͡ʊ,-0.457,4,0.3831,0.9256,False
Irish,巽卦-dynamic,r,-1.344,3,0.393,0.9288,False
Irish,坤卦-static,ɑ,-0.836,8,0.3881,0.9288,False
Irish,兌卦-static,ɑ,-0.731,9,0.393,0.9288,False
Irish,離卦-static,u,-0.594,6,0.3881,0.9288,False
Irish,坤卦-dynamic,i,-0.382,48,0.393,0.9288,False
Irish,中卦-static,mʲ,0.494,3,0.398,0.9304,False
Irish,震卦-static,u,0.436,25,0.398,0.9304,False
Irish,離卦-dynamic,p,-0.604,6,0.403,0.938,False
Irish,巽卦-static,r,-1.036,4,0.408,0.9455,False
Irish,震卦-static,lʲ,-0.404,27,0.4129,0.9529,False
Irish,乾卦-static,e,0.654,11,0.4179,0.9542,False
Irish,坎卦-dynamic,ɪ,0.567,27,0.4179,0.9542,False
Irish,震卦-dynamic,ʃ,0.48,23,0.4179,0.9542,False
Irish,艮卦-dynamic,ɐ,-0.446,38,0.4179,0.9542,False
Irish,巽卦-dynamic,l,1.089,6,0.4527,0.955,False
Irish,巽卦-dynamic,ə,-1.089,5,0.4876,0.955,False
Irish,坤卦-static,t͡ʃ,0.814,5,0.4776,0.955,False
Irish,兌卦-static,i,-0.79,8,0.4726,0.955,False
Irish,坤卦-static,r,-0.774,9,0.4378,0.955,False
Irish,坎卦-dynamic,t͡ʃ,0.674,9,0.4726,0.955,False
Irish,坤卦-static,ɐ,0.657,15,0.4876,0.955,False
Irish,乾卦-static,ɪ,-0.654,13,0.4527,0.955,False
Irish,乾卦-static,o,-0.652,5,0.4726,0.955,False
Irish,乾卦-static,ə,0.623,32,0.4876,0.955,False
Irish,坎卦-static,i,-0.618,12,0.4826,0.955,False
Irish,坤卦-static,b,0.615,5,0.4428,0.955,False
Irish,坎卦-static,v,-0.601,3,0.4925,0.955,False
Irish,乾卦-static,d̪,0.595,9,0.4627,0.955,False
Irish,坎卦-dynamic,v,-0.569,4,0.4925,0.955,False
Irish,離卦-static,h,-0.533,3,0.4925,0.955,False
Irish,離卦-static,ɔ,0.526,17,0.4229,0.955,False
Irish,離卦-dynamic,lʲ,-0.526,14,0.4279,0.955,False
Irish,坎卦-dynamic,k,0.5,22,0.4876,0.955,False
Irish,離卦-dynamic,u,-0.499,7,0.4627,0.955,False
Irish,坎卦-static,f,-0.494,4,0.4925,0.955,False
Irish,兌卦-dynamic,nʲ,-0.483,3,0.4378,0.955,False
Irish,艮卦-dynamic,dʲ,-0.48,3,0.4328,0.955,False
Irish,艮卦-static,ɹ,-0.479,14,0.4478,0.955,False
Irish,艮卦-static,m,-0.475,13,0.4229,0.955,False
Irish,艮卦-dynamic,m,-0.473,22,0.4279,0.955,False
Irish,乾卦-dynamic,v,-0.471,10,0.4478,0.955,False
Irish,兌卦-dynamic,ɔ,0.468,19,0.4627,0.955,False
Irish,艮卦-static,d̪,0.458,13,0.4328,0.955,False
Irish,離卦-static,b,0.447,12,0.4776,0.955,False
Irish,兌卦-dynamic,x,-0.443,10,0.4627,0.955,False
Irish,艮卦-static,c,0.436,5,0.4876,0.955,False
Irish,乾卦-dynamic,ɪ,-0.424,38,0.4527,0.955,False
Irish,坎卦-dynamic,ʃ,-0.417,9,0.4826,0.955,False
Irish,乾卦-dynamic,e,-0.408,16,0.4925,0.955,False
Irish,艮卦-static,ɐ,-0.407,23,0.4876,0.955,False
Irish,艮卦-dynamic,r,-0.4,44,0.4726,0.955,False
Irish,震卦-dynamic,ɡ,0.38,31,0.4776,0.955,False
Irish,中卦-static,u,0.37,30,0.4279,0.955,False
Irish,艮卦-dynamic,b,0.359,19,0.4677,0.955,False
Irish,震卦-dynamic,v,-0.355,9,0.4925,0.955,False
Irish,艮卦-static,t̪,-0.354,13,0.4826,0.955,False
Irish,中卦-static,ʃ,0.332,41,0.4378,0.955,False
Irish,中卦-static,k,-0.328,48,0.4279,0.955,False
Irish,震卦-static,ɡ,-0.328,27,0.4627,0.955,False
Irish,坤卦-dynamic,s,-0.31,41,0.4776,0.955,False
Irish,坤卦-dynamic,h,-0.355,9,0.4975,0.9612,False
Irish,乾卦-static,nʲ,0.624,4,0.5025,0.9618,False
Irish,兌卦-static,e,0.565,7,0.5174,0.9618,False
Irish,坤卦-static,o,0.545,6,0.5174,0.9618,False
Irish,艮卦-static,ɛ,-0.481,4,0.5174,0.9618,False
Irish,離卦-dynamic,dʲ,0.474,4,0.5174,0.9618,False
Irish,離卦-static,ʃ,0.431,18,0.5025,0.9618,False
Irish,艮卦-dynamic,h,-0.415,6,0.5075,0.9618,False
Irish,震卦-dynamic,ɐ,-0.39,30,0.5174,0.9618,False
Irish,離卦-dynamic,k,0.354,29,0.5174,0.9618,False
Irish,坤卦-dynamic,ɛ,-0.338,11,0.5025,0.9618,False
Irish,坤卦-dynamic,u͡ə,-0.314,3,0.5075,0.9618,False
Irish,震卦-static,a,-0.305,18,0.5025,0.9618,False
Irish,震卦-static,x,-0.272,21,0.5174,0.9618,False
Irish,兌卦-static,x,-0.559,3,0.5274,0.9621,False
Irish,坎卦-dynamic,l,-0.462,14,0.5274,0.9621,False
Irish,離卦-static,ɡ,-0.406,13,0.5274,0.9621,False
Irish,艮卦-dynamic,ɡ,0.316,39,0.5274,0.9621,False
Irish,乾卦-static,l,0.493,18,0.5323,0.963,False
Irish,中卦-static,ɹ,-0.29,37,0.5323,0.963,False
Irish,中卦-static,i,0.216,58,0.5323,0.963,False
Irish,兌卦-dynamic,r,-0.377,31,0.5373,0.9656,False
Irish,艮卦-dynamic,e,0.354,25,0.5373,0.9656,False
Irish,震卦-static,ŋ,0.421,3,0.5423,0.9697,False
Irish,震卦-dynamic,h,-0.356,5,0.5423,0.9697,False
Irish,坤卦-static,s,-0.602,6,0.5473,0.9705,False
Irish,乾卦-dynamic,i͡ə,0.436,8,0.5473,0.9705,False
Irish,震卦-dynamic,u,-0.423,9,0.5473,0.9705,False
Irish,坎卦-dynamic,ə,0.4,36,0.5473,0.9705,False
Irish,坤卦-static,k,-0.544,7,0.5522,0.9745,False
Irish,中卦-static,u͡ə,-0.341,3,0.5522,0.9745,False
Irish,坤卦-dynamic,ʃ,-0.286,29,0.5522,0.9745,False
Irish,坤卦-static,ɪ,-0.657,8,0.5572,0.9754,False
Irish,離卦-static,ɐ,0.411,35,0.5572,0.9754,False
Irish,艮卦-static,lʲ,-0.365,14,0.5572,0.9754,False
Irish,震卦-static,ɛ,0.327,16,0.5572,0.9754,False
Irish,坤卦-dynamic,t͡ʃ,-0.304,13,0.5622,0.9809,False
Irish,坤卦-dynamic,o,-0.282,23,0.5622,0.9809,False
Irish,巽卦-static,k,-0.788,3,0.5672,0.9862,False
Irish,兌卦-static,ɡ,-0.476,5,0.5721,0.9862,False
Irish,震卦-dynamic,lʲ,-0.374,18,0.5672,0.9862,False
Irish,乾卦-dynamic,a͡ʊ,-0.328,4,0.5721,0.9862,False
Irish,艮卦-dynamic,ɛ,0.24,13,0.5771,0.9862,False
Irish,坤卦-static,l,-0.522,7,0.5871,0.9891,False
Irish,坤卦-static,ɹ,0.494,8,0.5871,0.9891,False
Irish,坎卦-static,ɡ,-0.494,7,0.5871,0.9891,False
Irish,乾卦-dynamic,ɛ,0.371,14,0.5871,0.9891,False
Irish,乾卦-dynamic,ʊ,-0.334,4,0.5871,0.9891,False
Irish,震卦-dynamic,t͡ʃ,-0.333,7,0.5871,0.9891,False
Irish,兌卦-dynamic,f,0.298,12,0.5821,0.9891,False
Irish,坤卦-dynamic,t̪,-0.224,32,0.5821,0.9891,False
Irish,兌卦-dynamic,t͡ʃ,0.306,11,0.592,0.9929,False
Irish,乾卦-static,k,-0.449,12,0.597,0.9997,False
Irish,巽卦-static,ɪ,-0.665,4,0.6219,1.0,False
Irish,巽卦-dynamic,e,0.643,3,0.6318,1.0,False
Irish,巽卦-static,v,0.563,3,0.6866,1.0,False
Irish,乾卦-static,n,0.537,26,0.6119,1.0,False
Irish,巽卦-static,n,0.515,8,0.7015,1.0,False
Irish,坤卦-static,lʲ,0.506,8,0.6318,1.0,False
Irish,兌卦-static,ɔ,0.489,7,0.6269,1.0,False
Irish,坤卦-static,ə,0.477,19,0.602,1.0,False
Irish,兌卦-static,k,-0.432,8,0.6119,1.0,False
Irish,坤卦-static,ɡ,-0.419,5,0.6965,1.0,False
Irish,乾卦-static,r,-0.4,17,0.6716,1.0,False
Irish,坎卦-static,c,0.383,3,0.7065,1.0,False
Irish,兌卦-static,ɪ,-0.383,10,0.6468,1.0,False
Irish,離卦-static,c,0.38,5,0.6318,1.0,False
Irish,坎卦-dynamic,t̪,-0.379,10,0.6468,1.0,False
Irish,離卦-static,u͡ə,0.379,3,0.6517,1.0,False
Irish,坤卦-static,e,0.371,6,0.6517,1.0,False
Irish,乾卦-static,u,0.367,8,0.6716,1.0,False
Irish,坤卦-static,u,-0.35,3,0.7264,1.0,False
Irish,離卦-dynamic,m,-0.346,15,0.607,1.0,False
Irish,乾卦-dynamic,a,-0.34,15,0.6119,1.0,False
Irish,兌卦-static,m,-0.333,6,0.7313,1.0,False
Irish,巽卦-dynamic,ʃ,0.331,3,0.8657,1.0,False
Irish,兌卦-dynamic,j,0.328,3,0.6567,1.0,False
Irish,兌卦-dynamic,dʲ,0.323,4,0.6667,1.0,False
Irish,乾卦-static,x,0.322,12,0.6766,1.0,False
Irish,兌卦-dynamic,e,-0.319,12,0.6368,1.0,False
Irish,坎卦-static,l,-0.317,12,0.7114,1.0,False
Irish,離卦-static,ɛ,-0.315,5,0.6866,1.0,False
Irish,坎卦-static,ɛ,-0.313,3,0.7264,1.0,False
Irish,兌卦-static,lʲ,0.311,8,0.7861,1.0,False
Irish,震卦-static,a͡ʊ,-0.299,5,0.6517,1.0,False
Irish,艮卦-static,ə,0.297,45,0.6468,1.0,False
Irish,艮卦-dynamic,ʊ,0.292,7,0.6816,1.0,False
Irish,離卦-dynamic,h,0.291,8,0.6866,1.0,False
Irish,離卦-dynamic,t͡ʃ,0.291,10,0.6716,1.0,False
Irish,坤卦-static,p,-0.284,3,0.6816,1.0,False
Irish,乾卦-static,c,0.281,3,0.7463,1.0,False
Irish,震卦-dynamic,b,0.272,14,0.6119,1.0,False
Irish,乾卦-dynamic,d͡ʒ,-0.269,4,0.6766,1.0,False
Irish,艮卦-static,i,0.268,24,0.6219,1.0,False
Irish,艮卦-static,s,0.263,23,0.7065,1.0,False
Irish,離卦-static,v,-0.262,8,0.7164,1.0,False
Irish,乾卦-static,ɹ,-0.261,10,0.7313,1.0,False
Irish,坎卦-dynamic,ɛ,-0.258,4,0.7612,1.0,False
Irish,中卦-static,d,0.255,3,0.6915,1.0,False
Irish,震卦-dynamic,o,-0.254,13,0.6766,1.0,False
Irish,艮卦-dynamic,t̪,-0.252,23,0.6915,1.0,False
Irish,艮卦-dynamic,t͡ʃ,-0.252,10,0.6667,1.0,False
Irish,巽卦-static,ɡ,-0.252,3,0.8408,1.0,False
Irish,坎卦-dynamic,p,-0.241,6,0.7612,1.0,False
Irish,巽卦-static,lʲ,-0.24,3,0.8657,1.0,False
Irish,離卦-static,kʲ,-0.237,4,0.7512,1.0,False
Irish,艮卦-dynamic,i͡ə,0.233,7,0.6816,1.0,False
Irish,兌卦-dynamic,ʃ,0.233,19,0.6567,1.0,False
Irish,坎卦-dynamic,ɡ,0.232,17,0.7811,1.0,False
Irish,坤卦-dynamic,j,-0.231,3,0.6567,1.0,False
Irish,震卦-dynamic,j,0.23,3,0.6965,1.0,False
Irish,坎卦-static,s,0.229,14,0.796,1.0,False
Irish,兌卦-dynamic,ɛ,0.226,9,0.7015,1.0,False
Irish,坎卦-static,o,0.224,8,0.7562,1.0,False
Irish,離卦-static,l,-0.224,21,0.7662,1.0,False
Irish,震卦-dynamic,f,-0.223,10,0.7065,1.0,False
Irish,離卦-dynamic,ʃ,-0.223,14,0.7114,1.0,False
Irish,乾卦-static,t̪,-0.222,9,0.8159,1.0,False
Irish,坎卦-static,x,-0.221,7,0.8308,1.0,False
Irish,兌卦-dynamic,u͡ə,0.22,3,0.7214,1.0,False
Irish,乾卦-static,ɡ,-0.219,10,0.7662,1.0,False
Irish,艮卦-dynamic,ʃ,0.216,27,0.607,1.0,False
Irish,震卦-dynamic,d̪,0.216,15,0.6766,1.0,False
Irish,震卦-static,k,-0.211,41,0.6716,1.0,False
Irish,坎卦-static,ɔ,-0.21,7,0.7612,1.0,False
Irish,離卦-dynamic,ɑ,-0.208,28,0.7761,1.0,False
Irish,離卦-static,a,-0.207,10,0.7512,1.0,False
Irish,坎卦-static,lʲ,0.202,11,0.8507,1.0,False
Irish,艮卦-dynamic,kʲ,0.2,9,0.7313,1.0,False
Irish,離卦-static,f,0.199,10,0.7662,1.0,False
Irish,兌卦-static,t̪,-0.199,6,0.8209,1.0,False
Irish,坤卦-dynamic,ɹ,0.196,42,0.7065,1.0,False
Irish,震卦-dynamic,t̪,-0.196,18,0.7363,1.0,False
Irish,巽卦-dynamic,s,0.195,4,0.8607,1.0,False
Irish,兌卦-static,d̪,-0.192,4,0.8259,1.0,False
Irish,巽卦-static,m,-0.191,3,0.8806,1.0,False
Irish,兌卦-dynamic,a͡ʊ,0.189,6,0.801,1.0,False
Irish,震卦-static,m,0.188,34,0.7214,1.0,False
Irish,震卦-dynamic,a͡ɪ,0.185,4,0.7811,1.0,False
Irish,震卦-static,s,-0.184,37,0.6567,1.0,False
Irish,離卦-static,n,0.183,37,0.7463,1.0,False
Irish,艮卦-static,u,0.18,11,0.796,1.0,False
Irish,中卦-static,i͡ə,-0.174,7,0.7463,1.0,False
Irish,乾卦-dynamic,dʲ,-0.174,4,0.8209,1.0,False
Irish,艮卦-dynamic,d͡ʒ,0.167,6,0.791,1.0,False
Irish,坤卦-static,a,-0.166,4,0.8607,1.0,False
Irish,坤卦-dynamic,d̪,-0.159,22,0.7463,1.0,False
Irish,艮卦-dynamic,d̪,-0.159,16,0.796,1.0,False
Irish,艮卦-dynamic,o,-0.158,18,0.7114,1.0,False
Irish,震卦-static,i,0.15,46,0.7512,1.0,False
Irish,乾卦-dynamic,n,-0.149,54,0.7811,1.0,False
Irish,坤卦-dynamic,l,0.147,56,0.7562,1.0,False
Irish,坎卦-static,a͡ʊ,0.147,3,0.806,1.0,False
Irish,坎卦-dynamic,kʲ,0.144,4,0.9005,1.0,False
Irish,中卦-static,m,-0.144,37,0.7463,1.0,False
Irish,兌卦-dynamic,k,0.144,29,0.7662,1.0,False
Irish,兌卦-dynamic,l,-0.144,25,0.8259,1.0,False
Irish,震卦-static,ɑ,-0.143,52,0.7562,1.0,False
Irish,兌卦-dynamic,c,0.143,5,0.8557,1.0,False
Irish,乾卦-dynamic,d̪,-0.143,16,0.8557,1.0,False
Irish,艮卦-static,p,0.141,10,0.791,1.0,False
Irish,坎卦-static,n,-0.135,20,0.9154,1.0,False
Irish,震卦-static,h,-0.131,10,0.806,1.0,False
Irish,震卦-dynamic,ɪ,0.131,38,0.801,1.0,False
Irish,離卦-dynamic,ʊ,0.131,4,0.8458,1.0,False
Irish,艮卦-static,dʲ,0.13,3,0.8706,1.0,False
Irish,兌卦-dynamic,kʲ,-0.13,5,0.8458,1.0,False
Irish,坤卦-dynamic,d͡ʒ,0.127,8,0.8109,1.0,False
Irish,坤卦-dynamic,n,0.126,82,0.8159,1.0,False
Irish,艮卦-static,b,-0.126,9,0.8955,1.0,False
Irish,乾卦-dynamic,l,0.126,40,0.8259,1.0,False
Irish,乾卦-dynamic,ɔ,-0.124,20,0.806,1.0,False
Irish,離卦-dynamic,b,0.123,11,0.8358,1.0,False
Irish,坎卦-static,k,0.12,15,0.8657,1.0,False
Irish,巽卦-dynamic,ɡ,-0.119,3,0.9652,1.0,False
Irish,坤卦-dynamic,ɡ,-0.118,39,0.7761,1.0,False
Irish,震卦-static,i͡ə,-0.115,6,0.9005,1.0,False
Irish,兌卦-dynamic,p,-0.115,10,0.8109,1.0,False
Irish,坎卦-static,ɹ,-0.114,10,0.8856,1.0,False
Irish,離卦-static,a͡ɪ,0.113,3,0.8607,1.0,False
Irish,坤卦-dynamic,kʲ,-0.109,10,0.8259,1.0,False
Irish,震卦-dynamic,p,-0.107,11,0.8607,1.0,False
Irish,兌卦-dynamic,d͡ʒ,0.106,4,0.8706,1.0,False
Irish,坤卦-dynamic,r,0.105,72,0.791,1.0,False
Irish,艮卦-dynamic,a͡ʊ,-0.105,6,0.8358,1.0,False
Irish,中卦-static,a,0.105,28,0.8259,1.0,False
Irish,中卦-static,x,0.104,38,0.8159,1.0,False
Irish,震卦-static,ɹ,-0.102,32,0.8706,1.0,False
Irish,中卦-static,ə,-0.101,98,0.7761,1.0,False
Irish,震卦-static,v,-0.1,18,0.8358,1.0,False
Irish,艮卦-dynamic,a͡ɪ,-0.097,4,0.8756,1.0,False
Irish,艮卦-static,e,0.094,13,0.8756,1.0,False
Irish,離卦-static,t̪,-0.091,15,0.9552,1.0,False
Irish,坎卦-static,e,0.088,8,0.9154,1.0,False
Irish,坎卦-static,t̪,-0.087,9,0.8806,1.0,False
Irish,兌卦-static,v,-0.086,4,0.9403,1.0,False
Irish,震卦-static,f,0.081,18,0.9005,1.0,False
Irish,離卦-dynamic,e,0.081,14,0.8955,1.0,False
Irish,中卦-static,a͡ʊ,-0.08,9,0.8507,1.0,False
Irish,中卦-static,ɔ,-0.077,30,0.8756,1.0,False
Irish,坤卦-static,d̪,-0.076,4,0.9303,1.0,False
Irish,中卦-static,ɐ,0.075,72,0.9353,1.0,False
Irish,艮卦-dynamic,v,0.074,18,0.8756,1.0,False
Irish,中卦-static,v,0.073,26,0.8557,1.0,False
Irish,乾卦-dynamic,ɹ,0.071,29,0.8806,1.0,False
Irish,艮卦-static,ʃ,-0.067,14,0.8856,1.0,False
Irish,乾卦-dynamic,ʃ,0.066,25,0.9353,1.0,False
Irish,離卦-dynamic,o,0.064,13,0.9204,1.0,False
Irish,中卦-static,ɛ,-0.063,15,0.9254,1.0,False
Irish,乾卦-static,h,0.06,4,0.9652,1.0,False
Irish,震卦-static,ɔ,0.059,26,0.8657,1.0,False
Irish,兌卦-dynamic,u,0.055,12,0.9303,1.0,False
Irish,巽卦-static,ʃ,0.054,3,0.9801,1.0,False
Irish,震卦-dynamic,n,-0.054,43,0.9104,1.0,False
Irish,乾卦-dynamic,u,0.053,17,0.9602,1.0,False
Irish,巽卦-dynamic,i,-0.051,4,0.9701,1.0,False
Irish,艮卦-dynamic,p,-0.047,15,0.9353,1.0,False
Irish,離卦-dynamic,l,0.044,25,0.9303,1.0,False
Irish,巽卦-dynamic,n,-0.032,6,0.9851,1.0,False
Irish,坎卦-dynamic,ɹ,-0.031,13,0.9801,1.0,False
Irish,震卦-static,ɪ,-0.03,54,0.9552,1.0,False
Irish,乾卦-dynamic,s,-0.025,34,0.9652,1.0,False
Irish,艮卦-static,a͡ʊ,-0.019,4,0.9602,1.0,False
Irish,坤卦-dynamic,e,0.018,29,0.9353,1.0,False
Irish,震卦-static,b,0.018,19,0.9701,1.0,False
Irish,震卦-static,o,0.016,23,0.9751,1.0,False
Irish,艮卦-static,n,0.01,34,0.995,1.0,False
Irish,乾卦-dynamic,m,0.008,27,0.9701,1.0,False
Irish,震卦-dynamic,kʲ,-0.006,6,0.9801,1.0,False
Irish,離卦-static,lʲ,0.006,17,0.995,1.0,False
Irish,中卦-static,nʲ,-0.004,10,1.0,1.0,False
Irish,震卦-static,u͡ə,0.004,4,0.995,1.0,False
Irish,震卦-dynamic,c,0.003,5,0.995,1.0,False
Irish,兌卦-dynamic,m,0.003,19,0.995,1.0,False
Irish,坎卦-dynamic,s,0.002,16,0.995,1.0,False
Irish,艮卦-dynamic,ɑ,-0.0,47,1.0,1.0,False
Italian,乾卦-static,s,2.733,17,0.005,0.3682,False
Italian,艮卦-static,l,2.642,74,0.005,0.3682,False
Italian,震卦-static,ɾ,2.386,18,0.005,0.3682,False
Italian,兌卦-dynamic,r,2.382,278,0.005,0.3682,False
Italian,震卦-dynamic,v,2.243,23,0.005,0.3682,False
Italian,離卦-dynamic,e,2.088,238,0.005,0.3682,False
Italian,兌卦-dynamic,e,1.915,286,0.005,0.3682,False
Italian,兌卦-dynamic,j,1.748,23,0.005,0.3682,False
Italian,坎卦-dynamic,ʎ,3.004,5,0.01,0.5098,False
Italian,震卦-dynamic,ɪ,2.115,18,0.01,0.5098,False
Italian,艮卦-static,i,-1.855,28,0.01,0.5098,False
Italian,震卦-dynamic,ɾ,1.707,7,0.01,0.5098,False
Italian,兌卦-static,ɔ,2.883,6,0.0149,0.5522,False
Italian,離卦-dynamic,r,1.612,184,0.0149,0.5522,False
Italian,中卦-static,b,1.608,37,0.0149,0.5522,False
Italian,震卦-static,a,1.376,248,0.0149,0.5522,False
Italian,兌卦-dynamic,n,-1.267,62,0.0149,0.5522,False
Italian,巽卦-dynamic,ʊ,2.814,9,0.0199,0.5762,False
Italian,兌卦-static,i,2.8,16,0.0199,0.5762,False
Italian,坎卦-static,ŋ,2.66,3,0.0199,0.5762,False
Italian,兌卦-dynamic,o,-1.276,88,0.0199,0.5762,False
Italian,巽卦-static,ʃ,3.367,3,0.0299,0.6483,False
Italian,乾卦-static,z,2.519,6,0.0299,0.6483,False
Italian,乾卦-static,ɡ,2.085,6,0.0249,0.6483,False
Italian,乾卦-static,m,1.934,12,0.0448,0.6483,False
Italian,坎卦-static,t,1.847,30,0.0448,0.6483,False
Italian,離卦-static,d,-1.794,5,0.0299,0.6483,False
Italian,乾卦-dynamic,t͡ʃ,1.653,24,0.0299,0.6483,False
Italian,震卦-dynamic,z,1.63,14,0.0398,0.6483,False
Italian,艮卦-dynamic,ɾ,1.602,6,0.0398,0.6483,False
Italian,艮卦-static,t͡ʃ,1.568,16,0.0448,0.6483,False
Italian,離卦-static,m,1.51,34,0.0398,0.6483,False
Italian,離卦-dynamic,l,-1.447,26,0.0398,0.6483,False
Italian,離卦-static,n,-1.414,30,0.0448,0.6483,False
Italian,震卦-dynamic,o,-1.342,43,0.0348,0.6483,False
Italian,坤卦-dynamic,b,1.239,37,0.0398,0.6483,False
Italian,震卦-dynamic,a,1.217,120,0.0448,0.6483,False
Italian,兌卦-dynamic,l,-1.193,42,0.0348,0.6483,False
Italian,兌卦-dynamic,d͡ʒ,1.165,22,0.0299,0.6483,False
Italian,兌卦-dynamic,i,-1.141,86,0.0299,0.6483,False
Italian,兌卦-dynamic,ɛ,-1.014,12,0.0448,0.6483,False
Italian,坤卦-dynamic,d͡ʒ,0.91,23,0.0398,0.6483,False
Italian,乾卦-static,n,2.129,23,0.0547,0.6627,False
Italian,乾卦-dynamic,s,-1.307,21,0.0547,0.6627,False
Italian,離卦-dynamic,b,-1.269,3,0.0498,0.6627,False
Italian,兌卦-dynamic,ɾ,1.228,11,0.0498,0.6627,False
Italian,離卦-dynamic,ɡ,-1.218,5,0.0547,0.6627,False
Italian,離卦-dynamic,o,-1.191,74,0.0547,0.6627,False
Italian,兌卦-dynamic,a,1.097,230,0.0498,0.6627,False
Italian,坤卦-dynamic,o,0.939,249,0.0547,0.6627,False
Italian,震卦-static,ɛ,0.908,61,0.0498,0.6627,False
Italian,巽卦-static,ɲ,2.795,3,0.0796,0.6954,False
Italian,乾卦-static,d͡z,2.679,4,0.0697,0.6954,False
Italian,巽卦-dynamic,n,-2.117,5,0.0846,0.6954,False
Italian,坤卦-static,ɲ,2.081,4,0.0597,0.6954,False
Italian,坤卦-static,ʊ,2.011,9,0.0697,0.6954,False
Italian,坎卦-static,s,1.892,17,0.0647,0.6954,False
Italian,坤卦-static,ʃ,1.752,3,0.0796,0.6954,False
Italian,乾卦-static,ɛ,1.732,13,0.0846,0.6954,False
Italian,坎卦-dynamic,t͡ʃ,1.658,7,0.0746,0.6954,False
Italian,艮卦-static,m,1.117,24,0.0796,0.6954,False
Italian,乾卦-dynamic,j,1.076,11,0.0746,0.6954,False
Italian,乾卦-dynamic,d,-1.036,14,0.0746,0.6954,False
Italian,離卦-dynamic,n,1.018,92,0.0746,0.6954,False
Italian,兌卦-dynamic,k,-0.947,44,0.0746,0.6954,False
Italian,兌卦-dynamic,t,-0.945,55,0.0597,0.6954,False
Italian,兌卦-dynamic,u,-0.933,4,0.0697,0.6954,False
Italian,兌卦-dynamic,v,0.925,29,0.0647,0.6954,False
Italian,坤卦-dynamic,v,0.867,33,0.0746,0.6954,False
Italian,兌卦-dynamic,ɔ,-0.857,9,0.0746,0.6954,False
Italian,坤卦-dynamic,t,0.8,140,0.0846,0.6954,False
Italian,坤卦-dynamic,m,0.798,63,0.0796,0.6954,False
Italian,中卦-static,f,-0.751,14,0.0896,0.7186,False
Italian,離卦-static,ɡ,1.267,15,0.0945,0.7495,False
Italian,艮卦-static,d͡ʒ,1.201,9,0.0995,0.7531,False
Italian,離卦-dynamic,u,-0.945,3,0.0995,0.7531,False
Italian,離卦-dynamic,ɔ,-0.872,7,0.0995,0.7531,False
Italian,艮卦-static,b,1.064,12,0.1045,0.7731,False
Italian,兌卦-dynamic,s,-0.875,43,0.1095,0.7923,False
Italian,乾卦-dynamic,v,1.052,18,0.1144,0.8107,False
Italian,乾卦-static,ɪ,1.698,5,0.1194,0.8198,False
Italian,離卦-static,a,1.013,116,0.1194,0.8198,False
Italian,震卦-dynamic,j,-0.906,3,0.1194,0.8198,False
Italian,巽卦-dynamic,p,1.677,10,0.1244,0.8202,False
Italian,乾卦-static,l,-1.499,5,0.1244,0.8202,False
Italian,艮卦-dynamic,r,0.987,88,0.1294,0.8284,False
Italian,中卦-static,s͡s,0.771,17,0.1294,0.8284,False
Italian,坤卦-dynamic,k,-0.694,60,0.1294,0.8284,False
Italian,巽卦-dynamic,ɡ,1.747,4,0.1343,0.8361,False
Italian,乾卦-dynamic,b,-0.845,5,0.1343,0.8361,False
Italian,離卦-static,k,0.946,51,0.1393,0.859,False
Italian,坤卦-static,ʎ,1.846,3,0.1443,0.8735,False
Italian,乾卦-static,o,1.509,40,0.1443,0.8735,False
Italian,震卦-dynamic,ɡ,-1.048,4,0.1493,0.8797,False
Italian,離卦-dynamic,i,0.937,107,0.1493,0.8797,False
Italian,兌卦-dynamic,b,-0.709,10,0.1493,0.8797,False
Italian,離卦-dynamic,t͡ʃ,-0.739,9,0.1542,0.8932,False
Italian,震卦-static,e,-0.615,107,0.1542,0.8932,False
Italian,坎卦-dynamic,ɪ,1.553,5,0.1692,0.8941,False
Italian,艮卦-static,o,1.068,89,0.1692,0.8941,False
Italian,離卦-static,t,0.932,64,0.1642,0.8941,False
Italian,離卦-dynamic,s,-0.823,35,0.1642,0.8941,False
Italian,離卦-dynamic,ʊ,-0.804,6,0.1642,0.8941,False
Italian,離卦-dynamic,a,-0.767,120,0.1642,0.8941,False
Italian,坤卦-dynamic,ʊ,-0.657,12,0.1692,0.8941,False
Italian,中卦-static,o,0.641,203,0.1692,0.8941,False
Italian,中卦-static,v,0.611,26,0.1692,0.8941,False
Italian,巽卦-static,l,1.6,13,0.204,0.9055,False
Italian,坤卦-static,k,-1.297,5,0.194,0.9055,False
Italian,艮卦-dynamic,s,0.965,34,0.1891,0.9055,False
Italian,艮卦-dynamic,k,-0.956,20,0.194,0.9055,False
Italian,艮卦-static,s,-0.924,17,0.1841,0.9055,False
Italian,艮卦-static,n,-0.842,29,0.204,0.9055,False
Italian,震卦-dynamic,f,-0.834,6,0.209,0.9055,False
Italian,乾卦-dynamic,p,-0.825,20,0.204,0.9055,False
Italian,艮卦-static,ɡ,-0.823,4,0.2189,0.9055,False
Italian,乾卦-dynamic,t,0.813,71,0.1891,0.9055,False
Italian,震卦-dynamic,p,0.798,34,0.199,0.9055,False
Italian,乾卦-dynamic,a,0.797,128,0.2139,0.9055,False
Italian,乾卦-dynamic,d͡ʒ,0.792,11,0.209,0.9055,False
Italian,震卦-dynamic,k,-0.71,26,0.2189,0.9055,False
Italian,乾卦-dynamic,l,0.703,66,0.2189,0.9055,False
Italian,震卦-static,i,-0.643,100,0.2139,0.9055,False
Italian,震卦-static,t͡ʃ,0.642,29,0.1841,0.9055,False
Italian,震卦-static,d,-0.633,32,0.204,0.9055,False
Italian,坤卦-dynamic,e,-0.612,122,0.1841,0.9055,False
Italian,中卦-static,z,0.597,17,0.1791,0.9055,False
Italian,震卦-static,ɪ,-0.582,6,0.2189,0.9055,False
Italian,坤卦-dynamic,s,-0.581,56,0.209,0.9055,False
Italian,坤卦-dynamic,j,0.574,18,0.1891,0.9055,False
Italian,中卦-static,d͡ʒ,0.545,17,0.194,0.9055,False
Italian,中卦-static,m,0.532,51,0.2189,0.9055,False
Italian,中卦-dynamic,k,2.616,3,0.3284,0.9128,False
Italian,兌卦-static,a,-1.955,9,0.2289,0.9128,False
Italian,巽卦-dynamic,d͡ʒ,1.533,3,0.2239,0.9128,False
Italian,巽卦-dynamic,z,1.429,3,0.2886,0.9128,False
Italian,巽卦-static,b,1.398,3,0.2935,0.9128,False
Italian,坤卦-static,ɪ,1.355,4,0.2537,0.9128,False
Italian,兌卦-static,p,1.343,7,0.2985,0.9128,False
Italian,兌卦-static,k,1.33,10,0.3831,0.9128,False
Italian,坎卦-dynamic,k,1.326,19,0.2388,0.9128,False
Italian,巽卦-dynamic,v,1.313,4,0.2886,0.9128,False
Italian,巽卦-dynamic,t,-1.29,5,0.2985,0.9128,False
Italian,兌卦-static,r,-1.243,5,0.3234,0.9128,False
Italian,乾卦-static,e,-1.213,10,0.2736,0.9128,False
Italian,兌卦-static,f,1.185,5,0.3831,0.9128,False
Italian,坤卦-static,p,1.174,11,0.3035,0.9128,False
Italian,巽卦-dynamic,r,1.15,24,0.3831,0.9128,False
Italian,兌卦-static,t,1.149,12,0.4527,0.9128,False
Italian,坤卦-static,m,-1.146,3,0.2886,0.9128,False
Italian,乾卦-static,a,-1.126,22,0.2935,0.9128,False
Italian,坤卦-static,f,1.118,8,0.3284,0.9128,False
Italian,坎卦-static,e,-1.109,13,0.2736,0.9128,False
Italian,坎卦-static,n,1.072,22,0.2935,0.9128,False
Italian,巽卦-static,r,-1.055,6,0.4279,0.9128,False
Italian,坎卦-dynamic,t,-1.013,9,0.3483,0.9128,False
Italian,巽卦-static,i,-0.999,8,0.4478,0.9128,False
Italian,乾卦-static,p,-0.986,5,0.3333,0.9128,False
Italian,坎卦-dynamic,o,-0.977,18,0.3831,0.9128,False
Italian,巽卦-static,k,0.976,9,0.4876,0.9128,False
Italian,巽卦-dynamic,i,0.968,16,0.403,0.9128,False
Italian,坤卦-static,d͡ʒ,0.967,3,0.3781,0.9128,False
Italian,巽卦-dynamic,d,-0.953,3,0.4229,0.9128,False
Italian,坤卦-static,e,-0.941,12,0.3831,0.9128,False
Italian,坎卦-dynamic,e,0.934,37,0.3433,0.9128,False
Italian,坎卦-dynamic,i,0.931,23,0.393,0.9128,False
Italian,坤卦-static,d,-0.862,4,0.4129,0.9128,False
Italian,坤卦-static,o,0.862,31,0.4527,0.9128,False
Italian,坤卦-static,r,-0.828,12,0.4428,0.9128,False
Italian,艮卦-static,ʎ,0.828,5,0.2587,0.9128,False
Italian,艮卦-dynamic,o,-0.822,52,0.2438,0.9128,False
Italian,坎卦-static,o,0.821,39,0.408,0.9128,False
Italian,艮卦-dynamic,j,-0.801,3,0.2836,0.9128,False
Italian,艮卦-dynamic,m,-0.801,12,0.2289,0.9128,False
Italian,艮卦-static,e,-0.79,37,0.2637,0.9128,False
Italian,坎卦-static,m,-0.785,5,0.393,0.9128,False
Italian,乾卦-static,t͡s,0.761,5,0.4627,0.9128,False
Italian,震卦-dynamic,s,-0.754,23,0.2338,0.9128,False
Italian,震卦-dynamic,d,0.753,29,0.2338,0.9128,False
Italian,坤卦-static,ɔ,0.751,5,0.4925,0.9128,False
Italian,巽卦-dynamic,e,0.749,24,0.4925,0.9128,False
Italian,艮卦-dynamic,b,0.747,12,0.3085,0.9128,False
Italian,艮卦-dynamic,n,-0.739,34,0.2935,0.9128,False
Italian,乾卦-dynamic,r,-0.736,51,0.2388,0.9128,False
Italian,艮卦-dynamic,ɔ,-0.732,5,0.3184,0.9128,False
Italian,艮卦-dynamic,a,0.728,98,0.2587,0.9128,False
Italian,艮卦-static,ɛ,0.709,22,0.3433,0.9128,False
Italian,艮卦-static,a,0.706,86,0.2935,0.9128,False
Italian,艮卦-dynamic,ɡ,0.702,11,0.3134,0.9128,False
Italian,震卦-dynamic,t,-0.686,33,0.2736,0.9128,False
Italian,乾卦-dynamic,ʊ,0.684,21,0.2836,0.9128,False
Italian,震卦-dynamic,b,0.679,13,0.2985,0.9128,False
Italian,離卦-dynamic,d͡ʒ,0.668,14,0.2338,0.9128,False
Italian,艮卦-dynamic,p,-0.665,17,0.3234,0.9128,False
Italian,乾卦-dynamic,i,0.64,75,0.3333,0.9128,False
Italian,艮卦-dynamic,d,0.636,25,0.3682,0.9128,False
Italian,離卦-static,l,0.631,56,0.3284,0.9128,False
Italian,震卦-dynamic,r,0.63,87,0.3234,0.9128,False
Italian,坎卦-static,ɔ,0.626,6,0.4925,0.9128,False
Italian,艮卦-static,t,-0.624,27,0.3333,0.9128,False
Italian,離卦-static,o,0.617,100,0.3134,0.9128,False
Italian,艮卦-dynamic,e,0.611,88,0.3582,0.9128,False
Italian,乾卦-dynamic,ɛ,-0.607,13,0.3284,0.9128,False
Italian,震卦-static,j,0.602,16,0.2239,0.9128,False
Italian,離卦-static,e,-0.601,54,0.3433,0.9128,False
Italian,艮卦-dynamic,u,-0.587,5,0.398,0.9128,False
Italian,震卦-static,ʊ,-0.582,12,0.2786,0.9128,False
Italian,震卦-static,b,0.581,25,0.2438,0.9128,False
Italian,震卦-dynamic,l,-0.579,33,0.3433,0.9128,False
Italian,兌卦-dynamic,ɪ,-0.569,6,0.2587,0.9128,False
Italian,離卦-dynamic,k,-0.566,44,0.3483,0.9128,False
Italian,中卦-static,t͡ʃ,-0.554,14,0.2587,0.9128,False
Italian,艮卦-static,ʊ,-0.545,5,0.4279,0.9128,False
Italian,震卦-static,l,0.523,108,0.2736,0.9128,False
Italian,中卦-static,l,-0.521,69,0.2537,0.9128,False
Italian,坤卦-dynamic,n,0.52,121,0.2537,0.9128,False
Italian,乾卦-dynamic,n,0.511,61,0.3831,0.9128,False
Italian,離卦-dynamic,f,-0.508,15,0.4129,0.9128,False
Italian,中卦-static,i,-0.507,104,0.2637,0.9128,False
Italian,坤卦-dynamic,t͡s,-0.506,3,0.2736,0.9128,False
Italian,震卦-static,ŋ,0.502,6,0.3731,0.9128,False
Italian,離卦-dynamic,v,0.501,19,0.408,0.9128,False
Italian,離卦-dynamic,ɲ,0.496,10,0.4577,0.9128,False
Italian,離卦-static,v,-0.493,6,0.4975,0.9128,False
Italian,中卦-static,ŋ,0.492,6,0.3035,0.9128,False
Italian,艮卦-static,j,0.49,6,0.393,0.9128,False
Italian,艮卦-dynamic,z,0.488,7,0.4876,0.9128,False
Italian,乾卦-dynamic,z,0.486,9,0.3582,0.9128,False
Italian,中卦-static,ʊ,-0.484,14,0.3035,0.9128,False
Italian,兌卦-dynamic,z,-0.482,5,0.3532,0.9128,False
Italian,離卦-dynamic,p,0.479,48,0.4229,0.9128,False
Italian,中卦-static,r,-0.474,106,0.3085,0.9128,False
Italian,坤卦-dynamic,p,-0.467,48,0.2587,0.9128,False
Italian,離卦-static,ɔ,0.462,15,0.403,0.9128,False
Italian,坤卦-dynamic,ɔ,0.453,34,0.3284,0.9128,False
Italian,震卦-static,ɲ,-0.452,4,0.3085,0.9128,False
Italian,震卦-dynamic,u,-0.448,7,0.4478,0.9128,False
Italian,兌卦-dynamic,t͡s,-0.442,4,0.3582,0.9128,False
Italian,震卦-static,f,-0.431,21,0.3483,0.9128,False
Italian,中卦-static,w,0.415,20,0.3632,0.9128,False
Italian,乾卦-dynamic,e,-0.414,70,0.4876,0.9128,False
Italian,兌卦-dynamic,f,-0.407,21,0.4229,0.9128,False
Italian,震卦-static,p,0.396,60,0.4129,0.9128,False
Italian,震卦-dynamic,m,0.396,24,0.4826,0.9128,False
Italian,兌卦-dynamic,ʎ,-0.394,3,0.4428,0.9128,False
Italian,坤卦-dynamic,f,-0.387,25,0.4428,0.9128,False
Italian,離卦-dynamic,ɛ,-0.383,22,0.4677,0.9128,False
Italian,震卦-static,r,-0.382,111,0.4129,0.9128,False
Italian,震卦-static,n,-0.372,85,0.4378,0.9128,False
Italian,中卦-static,ʃ,-0.361,3,0.4627,0.9128,False
Italian,坤卦-dynamic,r,-0.345,129,0.403,0.9128,False
Italian,坤卦-dynamic,ɪ,-0.333,10,0.4677,0.9128,False
Italian,震卦-static,t,0.328,105,0.4677,0.9128,False
Italian,中卦-static,ɾ,0.311,6,0.4776,0.9128,False
Italian,坤卦-dynamic,i,-0.302,123,0.4428,0.9128,False
Italian,坤卦-dynamic,ɛ,0.27,51,0.4975,0.9128,False
Italian,巽卦-static,t͡ʃ,1.065,3,0.5075,0.9184,False
Italian,震卦-dynamic,n,-0.482,41,0.5174,0.9189,False
Italian,乾卦-dynamic,m,0.425,28,0.5124,0.9189,False
Italian,震卦-dynamic,ɔ,0.342,14,0.5224,0.9228,False
Italian,乾卦-static,d,0.67,9,0.5274,0.9251,False
Italian,乾卦-static,r,-0.645,15,0.5473,0.9251,False
Italian,坎卦-static,f,-0.642,3,0.5274,0.9251,False
Italian,艮卦-dynamic,ɪ,0.485,8,0.5423,0.9251,False
Italian,艮卦-static,r,-0.449,42,0.5373,0.9251,False
Italian,離卦-static,ɛ,-0.394,14,0.5473,0.9251,False
Italian,震卦-dynamic,t͡ʃ,-0.382,8,0.5473,0.9251,False
Italian,兌卦-dynamic,ʃ,-0.349,3,0.5423,0.9251,False
Italian,坤卦-dynamic,d͡z,-0.309,3,0.5373,0.9251,False
Italian,坤卦-dynamic,d,0.276,56,0.5323,0.9251,False
Italian,坤卦-static,ɛ,0.684,8,0.5522,0.9288,False
Italian,離卦-dynamic,d,-0.286,30,0.5572,0.9301,False
Italian,震卦-static,m,0.272,46,0.5572,0.9301,False
Italian,兌卦-static,o,0.889,19,0.5672,0.9316,False
Italian,兌卦-static,n,0.824,10,0.5721,0.9316,False
Italian,艮卦-dynamic,ɛ,-0.438,12,0.5622,0.9316,False
Italian,乾卦-dynamic,f,0.349,22,0.5622,0.9316,False
Italian,中卦-static,ɛ,-0.285,31,0.5721,0.9316,False
Italian,兌卦-dynamic,ɡ,0.265,20,0.5721,0.9316,False
Italian,離卦-dynamic,s͡s,-0.331,3,0.5771,0.9352,False
Italian,坎卦-dynamic,a,-0.606,27,0.5821,0.9364,False
Italian,坤卦-dynamic,ɾ,-0.261,3,0.5821,0.9364,False
Italian,中卦-static,d,0.246,49,0.5821,0.9364,False
Italian,坎卦-dynamic,l,-0.594,11,0.592,0.9467,False
Italian,坤卦-static,s,0.561,10,0.597,0.9467,False
Italian,坎卦-dynamic,ɛ,-0.556,4,0.597,0.9467,False
Italian,離卦-static,s,-0.305,27,0.597,0.9467,False
Italian,乾卦-dynamic,t͡s,-0.316,4,0.602,0.9501,False
Italian,兌卦-static,e,-0.679,9,0.6119,0.9589,False
Italian,乾卦-dynamic,ɲ,-0.321,3,0.6169,0.9645,False
Italian,中卦-dynamic,e,1.381,5,0.7164,0.9698,False
Italian,巽卦-static,ɔ,0.735,3,0.6965,0.9698,False
Italian,巽卦-dynamic,k,-0.722,6,0.6418,0.9698,False
Italian,巽卦-static,d,0.698,5,0.6468,0.9698,False
Italian,巽卦-static,t,0.575,10,0.6915,0.9698,False
Italian,巽卦-static,o,0.521,17,0.6318,0.9698,False
Italian,巽卦-static,e,-0.514,10,0.7065,0.9698,False
Italian,坤卦-static,a,-0.5,24,0.6617,0.9698,False
Italian,坤卦-static,t,0.475,16,0.6915,0.9698,False
Italian,坎卦-static,k,-0.459,11,0.6517,0.9698,False
Italian,坎卦-static,a,-0.442,31,0.6567,0.9698,False
Italian,巽卦-dynamic,s,-0.429,6,0.6965,0.9698,False
Italian,坎卦-dynamic,r,0.417,27,0.7114,0.9698,False
Italian,艮卦-dynamic,i,-0.324,48,0.6318,0.9698,False
Italian,坎卦-dynamic,n,0.32,17,0.6915,0.9698,False
Italian,離卦-static,b,0.32,11,0.6567,0.9698,False
Italian,艮卦-dynamic,d͡ʒ,-0.317,4,0.6368,0.9698,False
Italian,艮卦-dynamic,l,-0.317,34,0.6368,0.9698,False
Italian,離卦-static,j,0.301,7,0.7114,0.9698,False
Italian,震卦-dynamic,ʊ,-0.268,9,0.7114,0.9698,False
Italian,乾卦-dynamic,d͡z,0.264,4,0.7164,0.9698,False
Italian,中卦-static,d͡z,-0.263,3,0.6517,0.9698,False
Italian,離卦-dynamic,j,-0.262,8,0.6667,0.9698,False
Italian,震卦-dynamic,t͡s,0.26,10,0.7015,0.9698,False
Italian,離卦-static,u,-0.255,9,0.6766,0.9698,False
Italian,艮卦-static,k,-0.249,26,0.6866,0.9698,False
Italian,乾卦-dynamic,k,-0.249,38,0.7015,0.9698,False
Italian,震卦-dynamic,d͡ʒ,0.238,7,0.6617,0.9698,False
Italian,艮卦-static,v,-0.233,6,0.7015,0.9698,False
Italian,艮卦-static,f,0.228,14,0.6965,0.9698,False
Italian,坤卦-dynamic,a,0.227,225,0.6418,0.9698,False
Italian,震卦-static,v,0.226,21,0.6567,0.9698,False
Italian,中卦-static,u,0.222,28,0.6816,0.9698,False
Italian,震卦-dynamic,i,0.22,60,0.7065,0.9698,False
Italian,離卦-dynamic,m,0.216,35,0.6965,0.9698,False
Italian,乾卦-dynamic,ɔ,0.213,15,0.7065,0.9698,False
Italian,震卦-static,ɡ,-0.21,16,0.6368,0.9698,False
Italian,震卦-static,ɔ,0.207,26,0.6617,0.9698,False
Italian,中卦-static,ɡ,0.196,20,0.6468,0.9698,False
Italian,中卦-static,e,-0.194,139,0.6965,0.9698,False
Italian,兌卦-dynamic,t͡ʃ,-0.193,18,0.7065,0.9698,False
Italian,離卦-dynamic,w,-0.233,4,0.7214,0.9706,False
Italian,離卦-dynamic,ʎ,0.194,6,0.7214,0.9706,False
Italian,坎卦-dynamic,d,-0.43,6,0.7463,0.9745,False
Italian,巽卦-dynamic,t͡ʃ,0.399,3,0.7363,0.9745,False
Italian,兌卦-static,m,-0.397,3,0.7313,0.9745,False
Italian,坎卦-static,ɡ,0.395,4,0.7363,0.9745,False
Italian,巽卦-static,n,0.38,9,0.7463,0.9745,False
Italian,坤卦-static,l,-0.321,11,0.7363,0.9745,False
Italian,坎卦-dynamic,ɔ,-0.306,3,0.7413,0.9745,False
Italian,乾卦-dynamic,ɪ,-0.185,6,0.7463,0.9745,False
Italian,震卦-static,t͡s,0.168,18,0.7413,0.9745,False
Italian,震卦-static,u,-0.158,20,0.7264,0.9745,False
Italian,坤卦-dynamic,t͡ʃ,0.155,26,0.7463,0.9745,False
Italian,震卦-static,z,0.149,12,0.7363,0.9745,False
Italian,坤卦-dynamic,ɡ,-0.136,19,0.7363,0.9745,False
Italian,巽卦-static,u,0.541,3,0.7662,0.9775,False
Italian,兌卦-static,s,0.505,6,0.7612,0.9775,False
Italian,乾卦-static,k,-0.353,10,0.7662,0.9775,False
Italian,坎卦-static,l,-0.32,14,0.7662,0.9775,False
Italian,坎卦-static,d,-0.314,7,0.7562,0.9775,False
Italian,坎卦-static,r,0.272,28,0.7612,0.9775,False
Italian,震卦-dynamic,ɛ,0.245,22,0.7512,0.9775,False
Italian,艮卦-dynamic,t,0.219,45,0.7662,0.9775,False
Italian,中卦-static,j,0.134,13,0.7662,0.9775,False
Italian,巽卦-dynamic,a,-0.341,20,0.7711,0.9801,False
Italian,艮卦-dynamic,ʊ,0.187,12,0.7711,0.9801,False
Italian,巽卦-static,a,0.415,18,0.7811,0.9818,False
Italian,坎卦-static,p,0.385,11,0.7761,0.9818,False
Italian,巽卦-dynamic,m,-0.37,4,0.796,0.9818,False
Italian,巽卦-dynamic,o,-0.299,17,0.791,0.9818,False
Italian,坎卦-static,b,0.296,4,0.7811,0.9818,False
Italian,乾卦-static,t,-0.277,13,0.791,0.9818,False
Italian,離卦-static,p,-0.184,24,0.7861,0.9818,False
Italian,離卦-static,f,0.157,17,0.796,0.9818,False
Italian,震卦-static,o,-0.143,156,0.796,0.9818,False
Italian,兌卦-dynamic,s͡s,-0.136,6,0.791,0.9818,False
Italian,坤卦-dynamic,ɲ,-0.128,8,0.791,0.9818,False
Italian,坎卦-dynamic,m,-0.298,6,0.801,0.9824,False
Italian,艮卦-static,p,0.2,22,0.801,0.9824,False
Italian,兌卦-static,ʊ,0.558,3,0.8159,0.9826,False
Italian,坎卦-dynamic,p,0.383,10,0.806,0.9826,False
Italian,兌卦-static,l,0.372,9,0.8159,0.9826,False
Italian,坎卦-dynamic,ʊ,0.34,5,0.806,0.9826,False
Italian,艮卦-dynamic,v,-0.198,7,0.8109,0.9826,False
Italian,離卦-dynamic,t͡s,-0.17,8,0.8159,0.9826,False
Italian,艮卦-dynamic,f,0.139,15,0.806,0.9826,False
Italian,中卦-static,p,0.134,55,0.8109,0.9826,False
Italian,中卦-static,a,0.132,195,0.8159,0.9826,False
Italian,中卦-static,ɪ,0.124,14,0.8109,0.9826,False
Italian,離卦-dynamic,z,-0.126,7,0.8209,0.9833,False
Italian,坎卦-static,ɛ,0.217,8,0.8408,0.9964,False
Italian,乾卦-dynamic,o,0.137,99,0.8507,0.9975,False
Italian,艮卦-static,u,0.107,10,0.8507,0.9975,False
Italian,震卦-dynamic,w,-0.106,4,0.8458,0.9975,False
Italian,震卦-static,d͡ʒ,-0.095,11,0.8507,0.9975,False
Italian,坎卦-dynamic,f,0.239,6,0.8657,1.0,False
Italian,乾卦-static,ʊ,-0.226,3,0.8607,1.0,False
Italian,坤卦-static,i,-0.196,16,0.8756,1.0,False
Italian,坎卦-static,i,0.18,22,0.8706,1.0,False
Italian,艮卦-dynamic,ɲ,-0.16,3,0.8607,1.0,False
Italian,乾卦-static,ɔ,0.156,4,0.9005,1.0,False
Italian,巽卦-static,s,-0.123,5,0.9552,1.0,False
Italian,坤卦-static,n,0.122,14,0.9303,1.0,False
Italian,震卦-static,ʃ,0.118,7,0.8557,1.0,False
Italian,乾卦-dynamic,u,-0.115,12,0.8657,1.0,False
Italian,離卦-static,w,-0.107,4,0.9055,1.0,False
Italian,乾卦-static,u,0.095,4,0.9502,1.0,False
Italian,坎卦-static,t͡s,0.094,3,0.9652,1.0,False
Italian,艮卦-dynamic,s͡s,-0.088,3,0.9204,1.0,False
Italian,艮卦-dynamic,ʃ,0.085,3,0.9602,1.0,False
Italian,乾卦-static,i,-0.081,18,0.9453,1.0,False
Italian,坎卦-static,ʊ,-0.079,4,0.8905,1.0,False
Italian,兌卦-static,d,0.077,4,0.9602,1.0,False
Italian,坎卦-static,u,-0.073,4,0.8955,1.0,False
Italian,兌卦-dynamic,p,0.072,52,0.9005,1.0,False
Italian,離卦-static,t͡ʃ,-0.07,10,0.8856,1.0,False
Italian,離卦-dynamic,t,0.07,74,0.8955,1.0,False
Italian,艮卦-dynamic,ʎ,0.068,3,0.9403,1.0,False
Italian,兌卦-dynamic,m,-0.066,39,0.9104,1.0,False
Italian,艮卦-dynamic,w,-0.065,4,0.9104,1.0,False
Italian,乾卦-dynamic,ɡ,-0.062,10,0.9005,1.0,False
Italian,中卦-static,ɔ,-0.057,22,0.8806,1.0,False
Italian,離卦-static,i,-0.051,57,0.9403,1.0,False
Italian,離卦-dynamic,ʃ,0.05,5,0.9701,1.0,False
Italian,兌卦-dynamic,d,-0.049,42,0.9204,1.0,False
Italian,中卦-static,t,0.048,95,0.9552,1.0,False
Italian,離卦-static,r,0.048,69,0.9602,1.0,False
Italian,巽卦-dynamic,l,-0.047,10,0.9801,1.0,False
Italian,中卦-static,s,-0.045,59,0.9403,1.0,False
Italian,艮卦-static,d,-0.04,17,0.9602,1.0,False
Italian,坎卦-dynamic,b,-0.038,3,0.9502,1.0,False
Italian,兌卦-dynamic,ʊ,-0.037,22,0.9154,1.0,False
Italian,坎卦-dynamic,u,0.032,4,0.9851,1.0,False
Italian,中卦-static,t͡s,0.032,15,0.9502,1.0,False
Italian,中卦-static,k,0.028,75,0.9552,1.0,False
Italian,坤卦-dynamic,u,0.024,27,0.9602,1.0,False
Italian,震卦-dynamic,s͡s,0.023,4,0.9701,1.0,False
Italian,離卦-static,ɲ,-0.023,4,0.9751,1.0,False
Italian,離卦-static,ʎ,-0.023,3,0.9652,1.0,False
Italian,坎卦-dynamic,s,0.022,10,0.9801,1.0,False
Italian,震卦-static,s,-0.021,59,0.9552,1.0,False
Italian,兌卦-dynamic,d͡z,0.021,5,0.9801,1.0,False
Italian,震卦-static,k,-0.02,73,0.9552,1.0,False
Italian,中卦-static,n,0.017,95,0.9602,1.0,False
Italian,坤卦-dynamic,z,0.016,12,0.9851,1.0,False
Italian,坤卦-dynamic,l,0.015,101,0.9851,1.0,False
Italian,坤卦-static,t͡ʃ,-0.012,3,0.9751,1.0,False
Italian,坤卦-dynamic,s͡s,0.012,9,0.9701,1.0,False
Italian,艮卦-static,w,-0.011,4,1.0,1.0,False
Italian,震卦-dynamic,e,0.005,76,0.995,1.0,False
Japanese,離卦-static,kʲ,3.91,7,0.005,0.1455,False
Japanese,乾卦-static,i,3.63,66,0.005,0.1455,False
Japanese,離卦-static,k,1.854,45,0.005,0.1455,False
Japanese,中卦-static,a͡ɪ,1.804,933,0.005,0.1455,False
Japanese,中卦-static,t͡ʃ,1.804,933,0.005,0.1455,False
Japanese,中卦-static,l,1.778,937,0.005,0.1455,False
Japanese,中卦-static,z,1.75,936,0.005,0.1455,False
Japanese,中卦-static,ə,1.743,939,0.005,0.1455,False
Japanese,中卦-static,ɯ͡ᵝ,-1.59,35,0.005,0.1455,False
Japanese,震卦-static,a͡ɪ,1.504,336,0.005,0.1455,False
Japanese,震卦-static,t͡ʃ,1.504,336,0.005,0.1455,False
Japanese,震卦-static,l,1.497,340,0.005,0.1455,False
Japanese,震卦-static,ə,1.488,344,0.005,0.1455,False
Japanese,震卦-static,z,1.483,342,0.005,0.1455,False
Japanese,震卦-static,ɯ͡ᵝ,-1.443,49,0.005,0.1455,False
Japanese,中卦-static,t,1.412,970,0.005,0.1455,False
Japanese,中卦-static,k,-1.404,21,0.005,0.1455,False
Japanese,中卦-static,ɽ,-1.242,39,0.005,0.1455,False
Japanese,震卦-static,k,-1.204,26,0.005,0.1455,False
Japanese,震卦-static,t,1.185,364,0.005,0.1455,False
Japanese,中卦-static,a,-1.183,92,0.005,0.1455,False
Japanese,中卦-static,e,1.103,976,0.005,0.1455,False
Japanese,震卦-static,ɽ,-1.07,43,0.005,0.1455,False
Japanese,巽卦-dynamic,ɽ,3.176,20,0.01,0.2495,False
Japanese,離卦-static,ɴ,2.544,14,0.01,0.2495,False
Japanese,離卦-dynamic,z,1.254,179,0.01,0.2495,False
Japanese,震卦-static,s,-1.198,9,0.01,0.2495,False
Japanese,艮卦-static,d͡ʑ,3.102,4,0.0149,0.2556,False
Japanese,巽卦-dynamic,s,2.901,8,0.0149,0.2556,False
Japanese,巽卦-dynamic,ɕ,2.782,4,0.0149,0.2556,False
Japanese,乾卦-dynamic,ə,1.776,216,0.0149,0.2556,False
Japanese,乾卦-dynamic,t,1.449,223,0.0149,0.2556,False
Japanese,離卦-dynamic,a͡ɪ,1.295,177,0.0149,0.2556,False
Japanese,離卦-dynamic,t͡ʃ,1.295,177,0.0149,0.2556,False
Japanese,離卦-dynamic,l,1.26,177,0.0149,0.2556,False
Japanese,離卦-dynamic,ə,1.223,177,0.0149,0.2556,False
Japanese,中卦-static,s,-1.159,29,0.0149,0.2556,False
Japanese,中卦-static,ɡ,-1.123,3,0.0149,0.2556,False
Japanese,中卦-static,o,-0.923,62,0.0149,0.2556,False
Japanese,坤卦-static,ŋ,3.545,4,0.0199,0.291,False
Japanese,坤卦-dynamic,d,2.152,13,0.0199,0.291,False
Japanese,乾卦-dynamic,z,1.792,216,0.0199,0.291,False
Japanese,離卦-static,b,1.665,14,0.0199,0.291,False
Japanese,離卦-dynamic,a,-1.186,21,0.0199,0.291,False
Japanese,震卦-static,e,1.02,384,0.0199,0.291,False
Japanese,巽卦-dynamic,ɯ͡ᵝ,2.283,26,0.0249,0.3175,False
Japanese,乾卦-dynamic,a͡ɪ,1.855,216,0.0249,0.3175,False
Japanese,乾卦-dynamic,t͡ʃ,1.855,216,0.0249,0.3175,False
Japanese,乾卦-dynamic,l,1.817,216,0.0249,0.3175,False
Japanese,乾卦-dynamic,ɯ͡ᵝ,-1.605,6,0.0249,0.3175,False
Japanese,離卦-dynamic,k,-1.243,13,0.0249,0.3175,False
Japanese,震卦-static,a,-1.022,68,0.0249,0.3175,False
Japanese,中卦-static,m,-0.956,19,0.0299,0.3676,False
Japanese,兌卦-dynamic,ɯ͡ᵝ,0.933,197,0.0299,0.3676,False
Japanese,中卦-static,b,-0.883,11,0.0348,0.4008,False
Japanese,巽卦-dynamic,m,2.493,7,0.0398,0.4109,False
Japanese,乾卦-dynamic,k,-1.359,7,0.0398,0.4109,False
Japanese,離卦-static,a,1.284,78,0.0398,0.4109,False
Japanese,乾卦-dynamic,e,1.151,225,0.0398,0.4109,False
Japanese,中卦-static,n,0.775,961,0.0398,0.4109,False
Japanese,兌卦-dynamic,ʔ,2.875,3,0.0448,0.4248,False
Japanese,兌卦-dynamic,d͡ʒ,2.261,6,0.0448,0.4248,False
Japanese,乾卦-dynamic,ɽ,-1.274,6,0.0448,0.4248,False
Japanese,兌卦-static,p,3.235,7,0.0498,0.4536,False
Japanese,中卦-static,d,-0.805,13,0.0498,0.4536,False
Japanese,巽卦-static,ɡ,1.791,4,0.0547,0.4802,False
Japanese,乾卦-dynamic,a,-1.275,11,0.0547,0.4802,False
Japanese,兌卦-dynamic,o,-0.758,18,0.0547,0.4802,False
Japanese,乾卦-static,e,-1.192,7,0.0597,0.5049,False
Japanese,坎卦-static,ɯᵝ,3.613,3,0.0697,0.5093,False
Japanese,震卦-dynamic,d͡ʒ,2.452,4,0.0697,0.5093,False
Japanese,離卦-static,ɸ,1.481,12,0.0697,0.5093,False
Japanese,震卦-dynamic,ũ,1.25,5,0.0697,0.5093,False
Japanese,坤卦-dynamic,t,1.209,53,0.0647,0.5093,False
Japanese,坤卦-dynamic,e,1.172,58,0.0647,0.5093,False
Japanese,離卦-dynamic,t,0.965,194,0.0647,0.5093,False
Japanese,中卦-static,ɴ,-0.767,5,0.0697,0.5093,False
Japanese,震卦-static,m,-0.753,22,0.0697,0.5093,False
Japanese,震卦-static,o,-0.642,78,0.0647,0.5093,False
Japanese,中卦-static,ɹ,4.123,4,0.0746,0.5187,False
Japanese,兌卦-dynamic,a,-0.856,32,0.0746,0.5187,False
Japanese,震卦-static,n,0.62,359,0.0746,0.5187,False
Japanese,巽卦-static,b,2.209,4,0.0796,0.5322,False
Japanese,乾卦-dynamic,s,-1.148,7,0.0796,0.5322,False
Japanese,震卦-static,ɡ,-0.726,16,0.0796,0.5322,False
Japanese,坤卦-static,m,2.195,8,0.0846,0.5349,False
Japanese,乾卦-static,h,1.384,3,0.0846,0.5349,False
Japanese,離卦-static,ũ,1.342,4,0.0846,0.5349,False
Japanese,中卦-static,t͡ɕ,-0.832,5,0.0846,0.5349,False
Japanese,坤卦-static,ɕ,2.068,4,0.0945,0.5373,False
Japanese,艮卦-dynamic,d͡ʒ,1.699,4,0.0995,0.5373,False
Japanese,艮卦-dynamic,w,1.544,4,0.0896,0.5373,False
Japanese,艮卦-static,d,1.465,5,0.0995,0.5373,False
Japanese,艮卦-static,b,1.46,6,0.0896,0.5373,False
Japanese,離卦-dynamic,o,-0.972,9,0.0945,0.5373,False
Japanese,離卦-dynamic,m,-0.867,8,0.0995,0.5373,False
Japanese,中卦-static,d͡ʑ,-0.641,3,0.0995,0.5373,False
Japanese,中卦-static,ɕ,-0.608,21,0.0995,0.5373,False
Japanese,離卦-static,n,-0.945,11,0.1045,0.5599,False
Japanese,中卦-dynamic,o,3.38,3,0.1095,0.5617,False
Japanese,艮卦-static,a,1.49,39,0.1144,0.5617,False
Japanese,乾卦-static,ɴ,1.227,3,0.1095,0.5617,False
Japanese,坤卦-dynamic,j,1.122,4,0.1144,0.5617,False
Japanese,震卦-static,p,-0.627,12,0.1095,0.5617,False
Japanese,坤卦-dynamic,b,1.016,10,0.1194,0.5664,False
Japanese,離卦-dynamic,b,-0.86,3,0.1194,0.5664,False
Japanese,震卦-dynamic,j,0.943,5,0.1244,0.5821,False
Japanese,離卦-static,z,-0.846,5,0.1294,0.5935,False
Japanese,震卦-static,b,-0.485,18,0.1294,0.5935,False
Japanese,離卦-static,t͡ɕ,1.051,7,0.1343,0.6123,False
Japanese,震卦-dynamic,kʲ,1.065,3,0.1393,0.6189,False
Japanese,離卦-dynamic,d,-0.806,3,0.1393,0.6189,False
Japanese,乾卦-static,t,-0.923,6,0.1443,0.6252,False
Japanese,中卦-static,p,-0.697,6,0.1443,0.6252,False
Japanese,坤卦-static,ɡ,1.931,4,0.1493,0.6274,False
Japanese,乾卦-dynamic,n,0.848,226,0.1493,0.6274,False
Japanese,震卦-static,ɕ,-0.569,10,0.1493,0.6274,False
Japanese,離卦-static,o,0.812,54,0.1542,0.6445,False
Japanese,中卦-static,h,-0.656,3,0.1592,0.6574,False
Japanese,乾卦-static,a,0.86,23,0.1642,0.6586,False
Japanese,乾卦-dynamic,o,-0.914,15,0.1692,0.6634,False
Japanese,兌卦-dynamic,ɽ,0.578,98,0.1692,0.6634,False
Japanese,震卦-static,ɴ,-0.434,11,0.1692,0.6634,False
Japanese,坤卦-dynamic,s,-0.821,5,0.1791,0.6724,False
Japanese,巽卦-static,e,-1.369,4,0.1841,0.6766,False
Japanese,艮卦-dynamic,e,0.636,91,0.1841,0.6766,False
Japanese,乾卦-static,ɡ,0.839,4,0.1891,0.6841,False
Japanese,離卦-dynamic,e,0.631,195,0.1891,0.6841,False
Japanese,中卦-dynamic,n,3.225,3,0.194,0.6845,False
Japanese,艮卦-static,s,0.947,11,0.194,0.6845,False
Japanese,乾卦-static,m,0.778,7,0.194,0.6845,False
Japanese,兌卦-dynamic,s,0.55,41,0.194,0.6845,False
Japanese,兌卦-dynamic,e,0.522,105,0.199,0.695,False
Japanese,坎卦-static,p,1.495,3,0.209,0.7086,False
Japanese,震卦-static,h,-0.514,5,0.2139,0.7186,False
Japanese,坤卦-dynamic,ɽ,0.748,48,0.2189,0.7249,False
Japanese,中卦-static,j,-0.547,5,0.2239,0.731,False
Japanese,兌卦-dynamic,ə,0.513,68,0.2239,0.731,False
Japanese,兌卦-static,a,1.851,8,0.2289,0.7438,False
Japanese,巽卦-dynamic,e,1.116,11,0.2338,0.7495,False
Japanese,震卦-dynamic,t͡ɕ,0.803,8,0.2388,0.7518,False
Japanese,兌卦-dynamic,ɕ,-0.508,4,0.2388,0.7518,False
Japanese,震卦-static,ɸ,-0.484,3,0.2388,0.7518,False
Japanese,乾卦-static,d,0.959,3,0.2438,0.7606,False
Japanese,中卦-static,t͡s,-0.442,6,0.2438,0.7606,False
Japanese,巽卦-dynamic,k,0.961,6,0.2488,0.7626,False
Japanese,乾卦-static,n,-0.627,7,0.2537,0.7711,False
Japanese,兌卦-dynamic,i,-0.446,89,0.2537,0.7711,False
Japanese,離卦-static,s,0.687,21,0.2637,0.7944,False
Japanese,離卦-static,e,-0.678,29,0.2687,0.8025,False
Japanese,兌卦-dynamic,t͡ɕ,-0.516,3,0.2786,0.8252,False
Japanese,震卦-static,t͡s,-0.4,5,0.2786,0.8252,False
Japanese,兌卦-dynamic,ɡ,-0.404,9,0.2886,0.8511,False
Japanese,乾卦-dynamic,ɴ,-0.645,3,0.2935,0.855,False
Japanese,兌卦-dynamic,z,0.432,65,0.2985,0.8659,False
Japanese,離卦-dynamic,ɕ,-0.558,6,0.3085,0.8731,False
Japanese,震卦-static,ɯᵝ,-0.432,3,0.3134,0.8731,False
Japanese,艮卦-dynamic,a,-0.42,49,0.3085,0.8731,False
Japanese,坤卦-dynamic,ɕ,0.569,8,0.3184,0.8833,False
Japanese,震卦-static,j,-0.418,4,0.3234,0.8833,False
Japanese,離卦-dynamic,s,0.413,68,0.3234,0.8833,False
Japanese,震卦-static,d,-0.36,18,0.3234,0.8833,False
Japanese,震卦-dynamic,d͡ʑ,0.635,4,0.3433,0.886,False
Japanese,震卦-dynamic,ɕ,0.556,11,0.3433,0.886,False
Japanese,艮卦-dynamic,o,-0.541,26,0.3433,0.886,False
Japanese,艮卦-dynamic,ə,0.495,56,0.3383,0.886,False
Japanese,離卦-dynamic,n,0.399,183,0.3333,0.886,False
Japanese,震卦-static,ŋ,-0.392,4,0.3383,0.886,False
Japanese,坤卦-dynamic,k,0.556,26,0.3483,0.8923,False
Japanese,兌卦-dynamic,l,0.405,62,0.3532,0.8952,False
Japanese,坤卦-static,t,-0.894,4,0.403,0.902,False
Japanese,巽卦-static,n,-0.887,3,0.398,0.902,False
Japanese,坎卦-dynamic,a͡ɪ,0.783,14,0.3881,0.902,False
Japanese,坎卦-dynamic,t͡ʃ,0.783,14,0.3881,0.902,False
Japanese,坎卦-dynamic,l,0.751,14,0.3881,0.902,False
Japanese,坎卦-dynamic,ə,0.718,14,0.4179,0.902,False
Japanese,坎卦-dynamic,n,0.715,22,0.4179,0.902,False
Japanese,坎卦-dynamic,z,0.712,14,0.408,0.902,False
Japanese,艮卦-static,ə,-0.632,4,0.3731,0.902,False
Japanese,艮卦-static,t,0.611,21,0.3881,0.902,False
Japanese,艮卦-static,l,-0.61,4,0.3781,0.902,False
Japanese,艮卦-static,i,-0.609,17,0.393,0.902,False
Japanese,艮卦-static,a͡ɪ,-0.587,4,0.398,0.902,False
Japanese,艮卦-static,t͡ʃ,-0.587,4,0.398,0.902,False
Japanese,艮卦-static,n,-0.57,10,0.3682,0.902,False
Japanese,艮卦-static,z,-0.562,5,0.4279,0.902,False
Japanese,乾卦-static,ɯ͡ᵝ,-0.553,14,0.3781,0.902,False
Japanese,坤卦-dynamic,z,-0.518,11,0.3682,0.902,False
Japanese,坤卦-dynamic,a͡ɪ,-0.49,10,0.4129,0.902,False
Japanese,坤卦-dynamic,t͡ʃ,-0.49,10,0.4129,0.902,False
Japanese,艮卦-dynamic,s,-0.45,16,0.3582,0.902,False
Japanese,艮卦-dynamic,ɕ,-0.445,4,0.4179,0.902,False
Japanese,艮卦-dynamic,z,0.427,54,0.4229,0.902,False
Japanese,震卦-dynamic,m,0.419,21,0.4279,0.902,False
Japanese,兌卦-dynamic,p,-0.396,14,0.4129,0.902,False
Japanese,離卦-dynamic,ɯ͡ᵝ,-0.352,177,0.4229,0.902,False
Japanese,艮卦-dynamic,ɽ,0.35,72,0.4129,0.902,False
Japanese,兌卦-dynamic,ɯᵝ,-0.346,3,0.4179,0.902,False
Japanese,兌卦-dynamic,d͡ʑ,0.336,5,0.408,0.902,False
Japanese,坎卦-static,ɯ͡ᵝ,1.32,7,0.4975,0.9072,False
Japanese,巽卦-static,o,0.838,13,0.4378,0.9072,False
Japanese,坤卦-static,s,0.789,5,0.4577,0.9072,False
Japanese,坤卦-static,n,-0.709,4,0.4677,0.9072,False
Japanese,坎卦-dynamic,a,-0.661,8,0.4925,0.9072,False
Japanese,艮卦-static,o,0.658,23,0.4627,0.9072,False
Japanese,離卦-static,j,0.594,3,0.4925,0.9072,False
Japanese,坤卦-dynamic,h,0.592,5,0.4378,0.9072,False
Japanese,坎卦-dynamic,t,0.574,17,0.4975,0.9072,False
Japanese,艮卦-static,m,0.527,8,0.4776,0.9072,False
Japanese,坤卦-dynamic,l,-0.463,11,0.4378,0.9072,False
Japanese,震卦-dynamic,ɴ,0.453,7,0.4478,0.9072,False
Japanese,坤卦-dynamic,ə,-0.435,12,0.4925,0.9072,False
Japanese,坤卦-dynamic,n,-0.431,24,0.4428,0.9072,False
Japanese,艮卦-dynamic,l,0.414,52,0.4428,0.9072,False
Japanese,艮卦-dynamic,ɴ,0.405,9,0.4428,0.9072,False
Japanese,艮卦-dynamic,p,-0.387,12,0.4627,0.9072,False
Japanese,坤卦-dynamic,i,0.385,68,0.4478,0.9072,False
Japanese,離卦-static,i,-0.347,46,0.4677,0.9072,False
Japanese,兌卦-dynamic,a͡ɪ,0.296,56,0.4876,0.9072,False
Japanese,兌卦-dynamic,t͡ʃ,0.296,56,0.4876,0.9072,False
Japanese,兌卦-dynamic,h,-0.352,3,0.5025,0.9091,False
Japanese,兌卦-static,ɯ͡ᵝ,1.275,9,0.5124,0.9153,False
Japanese,震卦-dynamic,s,-0.375,13,0.5124,0.9153,False
Japanese,坎卦-dynamic,b,0.492,3,0.5224,0.9284,False
Japanese,坤卦-dynamic,ɯ͡ᵝ,-0.367,44,0.5323,0.9285,False
Japanese,震卦-dynamic,ɡ,-0.353,6,0.5274,0.9285,False
Japanese,離卦-static,t,-0.33,28,0.5423,0.9285,False
Japanese,離卦-dynamic,ɽ,-0.29,96,0.5323,0.9285,False
Japanese,震卦-static,d͡ʑ,-0.247,7,0.5323,0.9285,False
Japanese,離卦-static,ɽ,0.341,41,0.5473,0.9302,False
Japanese,中卦-static,w,-0.232,5,0.5473,0.9302,False
Japanese,兌卦-dynamic,t͡s,-0.331,3,0.5522,0.9341,False
Japanese,震卦-dynamic,b,0.304,9,0.5522,0.9341,False
Japanese,艮卦-dynamic,a͡ɪ,0.333,48,0.5622,0.9419,False
Japanese,艮卦-dynamic,t͡ʃ,0.333,48,0.5622,0.9419,False
Japanese,坎卦-dynamic,ɽ,-0.48,8,0.5771,0.9555,False
Japanese,離卦-static,ɕ,0.325,7,0.5821,0.957,False
Japanese,艮卦-static,k,0.427,12,0.5871,0.9607,False
Japanese,坤卦-static,i,0.588,18,0.597,0.9701,False
Japanese,乾卦-static,ɽ,0.297,14,0.6169,0.9888,False
Japanese,巽卦-static,ɯ͡ᵝ,0.433,18,0.6219,0.9922,False
Japanese,巽卦-static,a,0.491,13,0.6269,0.9941,False
Japanese,巽卦-static,t,-0.478,6,0.6418,0.9941,False
Japanese,坤卦-static,k,0.473,6,0.6468,0.9941,False
Japanese,巽卦-dynamic,a,-0.438,5,0.6866,0.9941,False
Japanese,坤卦-static,ɯ͡ᵝ,0.411,17,0.7463,0.9941,False
Japanese,巽卦-static,ɽ,0.387,10,0.7363,0.9941,False
Japanese,巽卦-static,k,0.383,6,0.791,0.9941,False
Japanese,坎卦-dynamic,e,0.357,18,0.6716,0.9941,False
Japanese,坎卦-dynamic,ɯ͡ᵝ,-0.353,18,0.7313,0.9941,False
Japanese,坎卦-dynamic,m,-0.338,3,0.7114,0.9941,False
Japanese,坎卦-dynamic,k,-0.328,6,0.7164,0.9941,False
Japanese,坤卦-dynamic,a,0.324,47,0.6468,0.9941,False
Japanese,坤卦-static,a,-0.323,7,0.7313,0.9941,False
Japanese,坤卦-static,e,-0.32,8,0.7313,0.9941,False
Japanese,坎卦-dynamic,i,-0.313,18,0.7363,0.9941,False
Japanese,乾卦-static,p,-0.307,3,0.6567,0.9941,False
Japanese,巽卦-static,s,0.288,4,0.7711,0.9941,False
Japanese,坤卦-dynamic,m,-0.28,8,0.6517,0.9941,False
Japanese,艮卦-static,ɽ,-0.28,12,0.6617,0.9941,False
Japanese,艮卦-dynamic,h,0.276,7,0.6318,0.9941,False
Japanese,震卦-dynamic,ɯᵝ,-0.27,3,0.6468,0.9941,False
Japanese,巽卦-dynamic,i,-0.248,9,0.7612,0.9941,False
Japanese,離卦-static,ɡ,0.244,8,0.7512,0.9941,False
Japanese,坎卦-dynamic,o,-0.239,9,0.8259,0.9941,False
Japanese,艮卦-static,ɕ,0.238,3,0.8557,0.9941,False
Japanese,乾卦-static,s,-0.235,4,0.6617,0.9941,False
Japanese,震卦-dynamic,d,0.231,7,0.7313,0.9941,False
Japanese,離卦-static,m,0.228,14,0.7363,0.9941,False
Japanese,震卦-dynamic,i,0.227,87,0.6567,0.9941,False
Japanese,震卦-dynamic,a͡ɪ,-0.224,21,0.6716,0.9941,False
Japanese,震卦-dynamic,t͡ʃ,-0.224,21,0.6716,0.9941,False
Japanese,離卦-static,ɯ͡ᵝ,0.218,68,0.7065,0.9941,False
Japanese,艮卦-dynamic,i,-0.208,89,0.6468,0.9941,False
Japanese,艮卦-dynamic,t,0.204,66,0.7065,0.9941,False
Japanese,兌卦-dynamic,n,-0.199,67,0.6667,0.9941,False
Japanese,乾卦-static,k,0.199,8,0.7363,0.9941,False
Japanese,艮卦-static,t͡s,0.193,3,0.8905,0.9941,False
Japanese,艮卦-dynamic,b,0.192,11,0.7065,0.9941,False
Japanese,離卦-static,p,0.191,19,0.7711,0.9941,False
Japanese,震卦-dynamic,k,-0.19,23,0.7363,0.9941,False
Japanese,震卦-static,ũ,-0.184,7,0.6866,0.9941,False
Japanese,坎卦-dynamic,s,0.181,6,0.9055,0.9941,False
Japanese,艮卦-dynamic,k,-0.178,31,0.7463,0.9941,False
Japanese,兌卦-static,o,0.172,3,0.9453,0.9941,False
Japanese,艮卦-static,ɯ͡ᵝ,-0.17,25,0.7761,0.9941,False
Japanese,艮卦-dynamic,ɯᵝ,-0.17,6,0.8607,0.9941,False
Japanese,震卦-static,c,-0.158,3,0.7015,0.9941,False
Japanese,艮卦-dynamic,ɡ,-0.154,10,0.7463,0.9941,False
Japanese,震卦-dynamic,e,-0.153,50,0.7512,0.9941,False
Japanese,震卦-dynamic,a,-0.151,47,0.7861,0.9941,False
Japanese,坤卦-dynamic,ɡ,0.144,7,0.8109,0.9941,False
Japanese,巽卦-static,i,0.134,15,0.8905,0.9941,False
Japanese,震卦-dynamic,ɽ,0.134,47,0.8507,0.9941,False
Japanese,震卦-dynamic,p,-0.131,16,0.7761,0.9941,False
Japanese,震卦-dynamic,o,-0.13,35,0.7811,0.9941,False
Japanese,中卦-static,i,0.128,1019,0.7164,0.9941,False
Japanese,乾卦-static,o,0.128,12,0.8159,0.9941,False
Japanese,艮卦-static,e,-0.121,18,0.8458,0.9941,False
Japanese,震卦-dynamic,n,-0.113,45,0.796,0.9941,False
Japanese,巽卦-static,p,-0.112,3,0.9154,0.9941,False
Japanese,震卦-dynamic,z,0.11,32,0.8408,0.9941,False
Japanese,震卦-dynamic,t,-0.105,42,0.8159,0.9941,False
Japanese,離卦-dynamic,i,-0.104,205,0.8109,0.9941,False
Japanese,震卦-dynamic,l,-0.102,25,0.8458,0.9941,False
Japanese,艮卦-static,p,-0.098,6,0.9403,0.9941,False
Japanese,震卦-static,w,-0.097,3,0.7861,0.9941,False
Japanese,震卦-dynamic,ɯ͡ᵝ,0.094,83,0.8905,0.9941,False
Japanese,兌卦-dynamic,t,-0.087,68,0.8955,0.9941,False
Japanese,乾卦-dynamic,i,0.085,226,0.8408,0.9941,False
Japanese,離卦-static,d,-0.078,4,0.9104,0.9941,False
Japanese,震卦-dynamic,t͡s,0.077,7,0.8756,0.9941,False
Japanese,艮卦-dynamic,d,-0.076,7,0.8706,0.9941,False
Japanese,坤卦-static,ɽ,-0.074,7,0.9453,0.9941,False
Japanese,兌卦-dynamic,k,0.064,44,0.8507,0.9941,False
Japanese,艮卦-dynamic,ɯ͡ᵝ,-0.061,101,0.9403,0.9941,False
Japanese,艮卦-dynamic,m,-0.06,19,0.9055,0.9941,False
Japanese,震卦-static,d͡ʒ,0.056,4,0.9204,0.9941,False
Japanese,艮卦-dynamic,t͡ɕ,0.048,6,0.9353,0.9941,False
Japanese,震卦-static,i,0.039,390,0.9154,0.9941,False
Japanese,艮卦-dynamic,n,-0.033,64,0.9353,0.9941,False
Japanese,坤卦-dynamic,o,-0.028,28,0.9453,0.9941,False
Japanese,坤卦-dynamic,t͡ɕ,-0.023,3,0.9453,0.9941,False
Japanese,兌卦-static,ɽ,0.115,3,0.9652,0.9942,False
Japanese,艮卦-dynamic,d͡ʑ,0.039,3,0.9552,0.9942,False
Japanese,兌卦-dynamic,m,0.037,25,0.9552,0.9942,False
Japanese,震卦-dynamic,ə,0.019,29,0.9552,0.9942,False
Japanese,兌卦-dynamic,b,-0.009,11,0.9701,0.9942,False
Japanese,艮卦-static,ɡ,-0.025,3,0.9851,0.9979,False
Japanese,坤卦-static,o,0.013,7,0.9851,0.9979,False
Japanese,震卦-dynamic,ŋ,-0.003,3,1.0,1.0,False
Korean,艮卦-static,a͡ɪ,4.103,15,0.005,0.2605,False
Korean,艮卦-static,z,4.103,15,0.005,0.2605,False
Korean,坎卦-static,o,3.203,33,0.005,0.2605,False
Korean,艮卦-static,t͡ʃ,3.037,28,0.005,0.2605,False
Korean,兌卦-static,ɫ,2.907,13,0.005,0.2605,False
Korean,兌卦-static,u,2.801,15,0.005,0.2605,False
Korean,兌卦-dynamic,d,2.401,144,0.005,0.2605,False
Korean,兌卦-dynamic,ɐ,2.134,280,0.005,0.2605,False
Korean,艮卦-dynamic,d,2.064,70,0.005,0.2605,False
Korean,艮卦-static,e,1.842,25,0.005,0.2605,False
Korean,中卦-static,ʌ,1.24,143,0.005,0.2605,False
Korean,兌卦-static,p͡h,3.45,11,0.01,0.3184,False
Korean,乾卦-static,p,2.591,28,0.01,0.3184,False
Korean,艮卦-static,l,2.556,16,0.01,0.3184,False
Korean,中卦-static,n,1.767,180,0.01,0.3184,False
Korean,乾卦-dynamic,ɐ,-1.575,45,0.01,0.3184,False
Korean,坤卦-dynamic,ʌ,1.493,94,0.01,0.3184,False
Korean,震卦-static,ɡ,1.205,49,0.01,0.3184,False
Korean,坎卦-static,ŋ,2.524,29,0.0149,0.3582,False
Korean,離卦-dynamic,h,1.785,76,0.0149,0.3582,False
Korean,兌卦-dynamic,m,-1.497,35,0.0149,0.3582,False
Korean,兌卦-dynamic,n,-1.491,52,0.0149,0.3582,False
Korean,坤卦-dynamic,n,1.381,103,0.0149,0.3582,False
Korean,震卦-static,ŋ,1.106,80,0.0149,0.3582,False
Korean,坤卦-static,t͡ɕ,2.389,15,0.0199,0.3953,False
Korean,離卦-static,k͡h,1.662,17,0.0199,0.3953,False
Korean,離卦-static,ɛ,1.628,29,0.0199,0.3953,False
Korean,乾卦-dynamic,s,1.354,59,0.0199,0.3953,False
Korean,坤卦-dynamic,w,1.233,30,0.0199,0.3953,False
Korean,兌卦-static,k͡h,2.54,5,0.0249,0.4094,False
Korean,巽卦-static,p,2.323,16,0.0348,0.4094,False
Korean,乾卦-static,q,2.275,32,0.0299,0.4094,False
Korean,坤卦-static,t,2.158,21,0.0348,0.4094,False
Korean,坎卦-dynamic,ɾ,1.975,15,0.0348,0.4094,False
Korean,坎卦-static,i,-1.858,16,0.0348,0.4094,False
Korean,坎卦-static,w,1.829,11,0.0299,0.4094,False
Korean,坎卦-static,t͡ɕ,1.82,15,0.0348,0.4094,False
Korean,艮卦-dynamic,m,-1.78,16,0.0299,0.4094,False
Korean,離卦-static,ɾ,1.615,31,0.0299,0.4094,False
Korean,離卦-static,j,-1.58,9,0.0249,0.4094,False
Korean,艮卦-static,s,-1.555,11,0.0249,0.4094,False
Korean,乾卦-dynamic,ʌ,1.495,75,0.0348,0.4094,False
Korean,離卦-static,s,1.452,50,0.0299,0.4094,False
Korean,離卦-static,n,-1.398,29,0.0299,0.4094,False
Korean,兌卦-dynamic,e,-1.389,10,0.0299,0.4094,False
Korean,震卦-dynamic,k͡h,1.255,18,0.0348,0.4094,False
Korean,乾卦-dynamic,ɛ,-1.2,9,0.0299,0.4094,False
Korean,兌卦-dynamic,ʌ,-1.09,45,0.0348,0.4094,False
Korean,坤卦-dynamic,s,1.038,68,0.0348,0.4094,False
Korean,坤卦-dynamic,ŋ,1.152,63,0.0398,0.4585,False
Korean,坎卦-static,q,1.843,28,0.0448,0.496,False
Korean,中卦-static,i,-1.044,107,0.0448,0.496,False
Korean,乾卦-static,b,1.83,7,0.0498,0.5027,False
Korean,離卦-dynamic,n,1.382,82,0.0498,0.5027,False
Korean,艮卦-static,t͡ɕ,-1.285,5,0.0498,0.5027,False
Korean,震卦-static,t͡ʃ,0.956,32,0.0498,0.5027,False
Korean,中卦-static,o,-0.89,62,0.0498,0.5027,False
Korean,離卦-dynamic,ɐ,1.448,155,0.0547,0.5084,False
Korean,乾卦-dynamic,w,1.244,24,0.0547,0.5084,False
Korean,離卦-dynamic,d,1.242,64,0.0547,0.5084,False
Korean,兌卦-dynamic,i,1.031,129,0.0547,0.5084,False
Korean,中卦-static,d͡ʑ,0.91,54,0.0547,0.5084,False
Korean,乾卦-dynamic,u,1.25,57,0.0597,0.529,False
Korean,乾卦-dynamic,o,1.206,58,0.0597,0.529,False
Korean,離卦-static,ɡ,1.198,25,0.0597,0.529,False
Korean,中卦-dynamic,d͡ʑ,3.242,3,0.0647,0.5399,False
Korean,坤卦-static,i,-1.841,14,0.0647,0.5399,False
Korean,兌卦-dynamic,q,-1.091,40,0.0647,0.5399,False
Korean,中卦-static,u,-0.832,49,0.0697,0.5731,False
Korean,乾卦-dynamic,i,1.024,83,0.0746,0.5809,False
Korean,兌卦-dynamic,k͡h,0.983,24,0.0746,0.5809,False
Korean,震卦-static,q,0.909,92,0.0746,0.5809,False
Korean,震卦-static,u,0.85,82,0.0746,0.5809,False
Korean,離卦-dynamic,u,-1.218,18,0.0796,0.5878,False
Korean,兌卦-static,m,1.745,11,0.0846,0.6014,False
Korean,坤卦-static,m,1.65,20,0.0846,0.6014,False
Korean,乾卦-dynamic,d,-0.992,9,0.0846,0.6014,False
Korean,兌卦-static,ɛ,1.948,7,0.0995,0.644,False
Korean,乾卦-static,ɡ,-1.48,3,0.0945,0.644,False
Korean,震卦-dynamic,ŋ,-1.08,12,0.0995,0.644,False
Korean,震卦-dynamic,ɐ,1.028,144,0.0995,0.644,False
Korean,乾卦-dynamic,ɫ,0.993,40,0.0995,0.644,False
Korean,兌卦-dynamic,ŋ,-0.898,23,0.0995,0.644,False
Korean,離卦-dynamic,e,-1.207,8,0.1045,0.6541,False
Korean,艮卦-static,j,1.051,28,0.1045,0.6541,False
Korean,兌卦-dynamic,o,-0.813,49,0.1045,0.6541,False
Korean,坤卦-static,j,-1.499,4,0.1095,0.6636,False
Korean,離卦-dynamic,m,-1.104,27,0.1095,0.6636,False
Korean,艮卦-static,ɐ,-1.036,47,0.1095,0.6636,False
Korean,離卦-dynamic,ɛ,1.193,31,0.1144,0.6695,False
Korean,離卦-dynamic,j,1.103,39,0.1244,0.6695,False
Korean,離卦-dynamic,s,-1.096,22,0.1194,0.6695,False
Korean,艮卦-static,d,-1.078,5,0.1244,0.6695,False
Korean,離卦-dynamic,t,-0.988,14,0.1144,0.6695,False
Korean,離卦-static,d,-0.965,8,0.1194,0.6695,False
Korean,震卦-dynamic,q,-0.934,29,0.1194,0.6695,False
Korean,坤卦-dynamic,ɯ,-0.886,19,0.1244,0.6695,False
Korean,震卦-dynamic,ɡ,0.847,28,0.1244,0.6695,False
Korean,震卦-static,n,-0.805,73,0.1144,0.6695,False
Korean,中卦-static,j,0.713,71,0.1244,0.6695,False
Korean,坤卦-static,e,1.594,11,0.1294,0.6836,False
Korean,坤卦-dynamic,o,-0.848,39,0.1294,0.6836,False
Korean,離卦-dynamic,ɫ,-1.007,8,0.1343,0.6971,False
Korean,震卦-dynamic,u,-0.883,24,0.1343,0.6971,False
Korean,坎卦-dynamic,e,1.349,11,0.1393,0.7101,False
Korean,坎卦-dynamic,ɛ,-1.285,3,0.1393,0.7101,False
Korean,離卦-static,o,1.025,46,0.1443,0.7226,False
Korean,兌卦-dynamic,h,0.798,92,0.1443,0.7226,False
Korean,震卦-static,ɐ,-0.623,129,0.1493,0.7411,False
Korean,坎卦-dynamic,ɡ,-1.375,3,0.1542,0.7528,False
Korean,中卦-static,ɾ,-0.596,31,0.1542,0.7528,False
Korean,巽卦-static,t,1.531,13,0.1642,0.7688,False
Korean,坎卦-dynamic,i,1.344,32,0.1592,0.7688,False
Korean,乾卦-static,i,-1.143,21,0.1642,0.7688,False
Korean,艮卦-static,t,0.997,32,0.1642,0.7688,False
Korean,震卦-dynamic,n,0.894,76,0.1642,0.7688,False
Korean,乾卦-static,s,-1.263,8,0.1791,0.7757,False
Korean,艮卦-static,p͡h,0.957,19,0.1741,0.7757,False
Korean,離卦-static,t͡ɕ,-0.889,9,0.1791,0.7757,False
Korean,艮卦-static,i,-0.885,40,0.1791,0.7757,False
Korean,乾卦-dynamic,k,0.784,7,0.1741,0.7757,False
Korean,乾卦-dynamic,h,0.782,59,0.1741,0.7757,False
Korean,中卦-static,ɐ,0.634,255,0.1692,0.7757,False
Korean,震卦-static,ɛ,-0.634,23,0.1741,0.7757,False
Korean,震卦-static,i,0.633,125,0.1692,0.7757,False
Korean,震卦-static,s,-0.591,48,0.1791,0.7757,False
Korean,艮卦-dynamic,l,0.923,10,0.1841,0.7854,False
Korean,中卦-static,s,-0.565,61,0.1841,0.7854,False
Korean,坎卦-static,t,-1.242,4,0.1891,0.7949,False
Korean,乾卦-dynamic,m,-0.673,32,0.1891,0.7949,False
Korean,巽卦-static,m,1.429,14,0.194,0.7983,False
Korean,坤卦-static,w,1.167,8,0.194,0.7983,False
Korean,離卦-static,q,0.829,46,0.194,0.7983,False
Korean,中卦-dynamic,j,2.731,3,0.209,0.8188,False
Korean,中卦-dynamic,ɯ,2.62,6,0.204,0.8188,False
Korean,兌卦-static,ɐ,-1.469,9,0.209,0.8188,False
Korean,艮卦-dynamic,i,0.875,67,0.204,0.8188,False
Korean,坤卦-dynamic,t,-0.65,24,0.209,0.8188,False
Korean,震卦-static,e,-0.634,21,0.209,0.8188,False
Korean,兌卦-dynamic,t͡ɕ,-0.691,20,0.2139,0.827,False
Korean,坤卦-dynamic,u,-0.643,34,0.2139,0.827,False
Korean,艮卦-dynamic,n,-0.763,38,0.2189,0.8295,False
Korean,乾卦-dynamic,ɯ,-0.748,19,0.2189,0.8295,False
Korean,坎卦-static,d͡ʑ,1.023,11,0.2239,0.8366,False
Korean,坎卦-dynamic,ŋ,-0.962,5,0.2289,0.8366,False
Korean,震卦-dynamic,t,-0.758,18,0.2289,0.8366,False
Korean,坤卦-dynamic,t͡ɕ,-0.703,16,0.2338,0.8366,False
Korean,坤卦-dynamic,l,-0.663,3,0.2338,0.8366,False
Korean,中卦-static,t,0.594,77,0.2239,0.8366,False
Korean,震卦-static,l,-0.549,5,0.2289,0.8366,False
Korean,中卦-static,w,-0.513,24,0.2338,0.8366,False
Korean,中卦-static,p͡h,-0.472,14,0.2338,0.8366,False
Korean,坤卦-static,p,-1.183,3,0.2388,0.8491,False
Korean,艮卦-dynamic,b,0.822,10,0.2438,0.8562,False
Korean,兌卦-dynamic,j,-0.593,33,0.2438,0.8562,False
Korean,兌卦-static,q,-1.35,4,0.2488,0.8632,False
Korean,中卦-static,m,-0.499,69,0.2488,0.8632,False
Korean,艮卦-static,o,-0.806,23,0.2537,0.8648,False
Korean,離卦-dynamic,b,-0.793,4,0.2537,0.8648,False
Korean,坤卦-static,h,-1.122,9,0.2587,0.8664,False
Korean,坎卦-dynamic,n,-1.042,15,0.2587,0.8664,False
Korean,中卦-static,ŋ,-0.5,44,0.2637,0.8679,False
Korean,兌卦-static,n,-1.224,7,0.2687,0.8688,False
Korean,巽卦-static,i,1.105,21,0.2687,0.8688,False
Korean,坎卦-static,h,-1.026,11,0.2736,0.8688,False
Korean,坎卦-dynamic,ɐ,-1.006,24,0.2736,0.8688,False
Korean,坎卦-dynamic,t͡ɕ,-0.881,4,0.2786,0.8688,False
Korean,離卦-static,ɐ,-0.687,64,0.2836,0.8688,False
Korean,艮卦-dynamic,ʌ,-0.686,30,0.2786,0.8688,False
Korean,乾卦-dynamic,ɾ,0.67,28,0.2786,0.8688,False
Korean,中卦-static,b,-0.51,11,0.2836,0.8688,False
Korean,坤卦-dynamic,p͡h,-0.629,6,0.2886,0.8748,False
Korean,坤卦-dynamic,h,-0.661,43,0.2935,0.876,False
Korean,震卦-static,b,0.51,17,0.2935,0.876,False
Korean,離卦-dynamic,ɡ,-0.696,14,0.2985,0.8817,False
Korean,艮卦-dynamic,e,-0.6,11,0.2985,0.8817,False
Korean,巽卦-dynamic,h,2.443,4,0.3184,0.8845,False
Korean,兌卦-static,s,-1.118,4,0.3234,0.8845,False
Korean,兌卦-static,h,-1.078,5,0.3632,0.8845,False
Korean,兌卦-static,ŋ,1.074,9,0.3483,0.8845,False
Korean,坤卦-static,ɯ,-1.01,4,0.3035,0.8845,False
Korean,坤卦-static,ɡ,-0.964,4,0.3234,0.8845,False
Korean,坎卦-dynamic,w,0.944,8,0.3085,0.8845,False
Korean,坎卦-dynamic,ɫ,0.89,14,0.3284,0.8845,False
Korean,坎卦-dynamic,ɯ,0.84,23,0.3483,0.8845,False
Korean,乾卦-static,t,0.83,17,0.3433,0.8845,False
Korean,乾卦-static,ɾ,0.799,12,0.3532,0.8845,False
Korean,坎卦-dynamic,q,0.776,20,0.3532,0.8845,False
Korean,坎卦-static,ʌ,0.719,24,0.3483,0.8845,False
Korean,艮卦-dynamic,ɡ,-0.644,12,0.3184,0.8845,False
Korean,艮卦-dynamic,t,-0.64,16,0.3582,0.8845,False
Korean,離卦-dynamic,d͡ʑ,-0.635,7,0.3284,0.8845,False
Korean,艮卦-dynamic,ɐ,0.629,104,0.3483,0.8845,False
Korean,離卦-dynamic,i,0.626,77,0.3333,0.8845,False
Korean,震卦-dynamic,b,-0.622,5,0.3284,0.8845,False
Korean,震卦-dynamic,ɫ,0.62,35,0.3383,0.8845,False
Korean,艮卦-dynamic,d͡ʑ,-0.617,6,0.3284,0.8845,False
Korean,艮卦-static,ʌ,0.606,43,0.3085,0.8845,False
Korean,艮卦-dynamic,ɛ,-0.606,12,0.3632,0.8845,False
Korean,離卦-dynamic,ɯ,-0.602,23,0.3532,0.8845,False
Korean,震卦-dynamic,ɾ,0.594,28,0.3731,0.8845,False
Korean,乾卦-dynamic,ɡ,-0.582,15,0.3035,0.8845,False
Korean,震卦-dynamic,d,0.574,49,0.3333,0.8845,False
Korean,兌卦-dynamic,b,-0.563,8,0.3433,0.8845,False
Korean,震卦-dynamic,p͡h,-0.551,6,0.3532,0.8845,False
Korean,離卦-dynamic,p͡h,-0.537,6,0.3682,0.8845,False
Korean,兌卦-dynamic,ɫ,-0.501,25,0.3731,0.8845,False
Korean,坤卦-dynamic,b,0.482,13,0.3134,0.8845,False
Korean,兌卦-dynamic,d͡ʑ,-0.477,14,0.3134,0.8845,False
Korean,中卦-static,k,0.471,11,0.3682,0.8845,False
Korean,坤卦-dynamic,ɫ,-0.461,21,0.3682,0.8845,False
Korean,震卦-static,d,-0.455,36,0.3632,0.8845,False
Korean,中卦-static,ɫ,-0.43,35,0.3284,0.8845,False
Korean,震卦-static,ɫ,-0.426,28,0.3731,0.8845,False
Korean,震卦-static,t͡ɕ,0.421,39,0.3483,0.8845,False
Korean,中卦-static,ɛ,-0.413,33,0.3632,0.8845,False
Korean,震卦-static,j,-0.381,38,0.3731,0.8845,False
Korean,坎卦-static,j,0.781,14,0.3781,0.8926,False
Korean,巽卦-dynamic,ɯ,2.507,5,0.3831,0.8933,False
Korean,離卦-dynamic,ŋ,-0.595,20,0.3831,0.8933,False
Korean,艮卦-dynamic,k,0.592,5,0.3831,0.8933,False
Korean,坎卦-static,ɯ,-0.789,7,0.3881,0.8941,False
Korean,坎卦-dynamic,p,-0.699,6,0.3881,0.8941,False
Korean,離卦-static,ʌ,-0.613,31,0.3881,0.8941,False
Korean,艮卦-static,w,-0.631,8,0.393,0.8948,False
Korean,艮卦-dynamic,j,-0.55,18,0.393,0.8948,False
Korean,乾卦-dynamic,p,-0.473,20,0.393,0.8948,False
Korean,坎卦-dynamic,s,-0.741,10,0.398,0.8969,False
Korean,乾卦-static,o,0.692,21,0.408,0.8969,False
Korean,震卦-dynamic,o,-0.55,36,0.408,0.8969,False
Korean,震卦-dynamic,ɛ,-0.489,16,0.408,0.8969,False
Korean,兌卦-dynamic,t͡ʃ,-0.452,11,0.403,0.8969,False
Korean,乾卦-dynamic,q,-0.433,36,0.398,0.8969,False
Korean,兌卦-static,e,1.004,5,0.4129,0.9009,False
Korean,坤卦-dynamic,ɛ,0.419,30,0.4129,0.9009,False
Korean,艮卦-dynamic,o,-0.552,29,0.4229,0.9157,False
Korean,艮卦-dynamic,ŋ,0.548,33,0.4229,0.9157,False
Korean,震卦-static,m,0.309,70,0.4328,0.9303,False
Korean,乾卦-static,ɫ,-0.745,5,0.4428,0.9377,False
Korean,乾卦-static,ɐ,0.67,52,0.4428,0.9377,False
Korean,坎卦-static,ɐ,-0.642,31,0.4428,0.9377,False
Korean,中卦-static,k͡h,0.369,22,0.4428,0.9377,False
Korean,坎卦-static,s,0.654,19,0.4478,0.9379,False
Korean,坤卦-dynamic,i,0.421,93,0.4478,0.9379,False
Korean,震卦-static,o,-0.344,61,0.4478,0.9379,False
Korean,兌卦-dynamic,w,-0.361,20,0.4527,0.9414,False
Korean,巽卦-static,h,-0.791,8,0.4826,0.952,False
Korean,坤卦-static,ɛ,0.687,9,0.4726,0.952,False
Korean,坎卦-dynamic,ʌ,0.668,22,0.4726,0.952,False
Korean,離卦-static,i,0.477,62,0.4776,0.952,False
Korean,離卦-static,h,-0.474,31,0.4776,0.952,False
Korean,離卦-static,ɫ,0.458,26,0.4726,0.952,False
Korean,坤卦-dynamic,k͡h,-0.437,6,0.4627,0.952,False
Korean,兌卦-dynamic,ɯ,-0.388,45,0.4826,0.952,False
Korean,離卦-static,ɯ,-0.386,24,0.4826,0.952,False
Korean,乾卦-dynamic,t͡ɕ,-0.382,16,0.4826,0.952,False
Korean,中卦-static,e,0.314,43,0.4776,0.952,False
Korean,中卦-static,q,-0.308,77,0.4627,0.952,False
Korean,巽卦-static,o,-0.774,8,0.4975,0.9521,False
Korean,巽卦-static,j,-0.709,5,0.4925,0.9521,False
Korean,坤卦-static,q,0.646,18,0.4975,0.9521,False
Korean,坎卦-dynamic,b,0.601,4,0.4925,0.9521,False
Korean,坎卦-dynamic,d͡ʑ,0.54,8,0.4876,0.9521,False
Korean,乾卦-dynamic,d͡ʑ,-0.399,10,0.4975,0.9521,False
Korean,震卦-static,t,-0.321,39,0.4975,0.9521,False
Korean,巽卦-dynamic,s,1.79,3,0.5224,0.9523,False
Korean,巽卦-static,l,0.917,3,0.5224,0.9523,False
Korean,巽卦-static,ɫ,0.747,9,0.5323,0.9523,False
Korean,巽卦-static,q,-0.685,8,0.5323,0.9523,False
Korean,坎卦-static,u,-0.584,11,0.5323,0.9523,False
Korean,坎卦-static,m,-0.573,13,0.5224,0.9523,False
Korean,坤卦-static,ɐ,0.567,42,0.5174,0.9523,False
Korean,艮卦-dynamic,w,-0.479,10,0.5075,0.9523,False
Korean,離卦-dynamic,o,-0.468,36,0.5174,0.9523,False
Korean,離卦-dynamic,t͡ʃ,-0.46,7,0.5274,0.9523,False
Korean,離卦-dynamic,q,-0.428,36,0.5323,0.9523,False
Korean,震卦-dynamic,i,0.403,76,0.5025,0.9523,False
Korean,離卦-dynamic,l,-0.398,4,0.5174,0.9523,False
Korean,兌卦-dynamic,u,-0.361,49,0.5174,0.9523,False
Korean,離卦-static,b,0.343,8,0.5323,0.9523,False
Korean,震卦-static,h,0.297,82,0.5323,0.9523,False
Korean,震卦-static,w,0.278,28,0.5174,0.9523,False
Korean,乾卦-static,t͡ɕ,-0.516,6,0.5373,0.9582,False
Korean,乾卦-static,d,-0.566,8,0.5473,0.9665,False
Korean,震卦-dynamic,l,0.38,9,0.5622,0.9665,False
Korean,坎卦-dynamic,h,0.377,19,0.5522,0.9665,False
Korean,艮卦-static,q,-0.358,27,0.5622,0.9665,False
Korean,乾卦-dynamic,j,-0.332,24,0.5672,0.9665,False
Korean,乾卦-dynamic,t͡ʃ,0.315,14,0.5622,0.9665,False
Korean,艮卦-dynamic,u,0.314,35,0.5672,0.9665,False
Korean,坤卦-dynamic,j,-0.263,31,0.5572,0.9665,False
Korean,中卦-static,t͡ɕ,-0.259,35,0.5572,0.9665,False
Korean,震卦-static,d͡ʑ,0.225,29,0.5572,0.9665,False
Korean,坎卦-dynamic,j,0.513,12,0.5721,0.9721,False
Korean,中卦-dynamic,m,1.436,3,0.5821,0.9775,False
Korean,巽卦-static,ʌ,-0.692,9,0.5821,0.9775,False
Korean,兌卦-static,j,-0.548,4,0.5821,0.9775,False
Korean,乾卦-static,ʌ,-0.524,16,0.5821,0.9775,False
Korean,坤卦-static,d,-0.525,7,0.5871,0.983,False
Korean,艮卦-dynamic,p,-0.365,18,0.597,0.9939,False
Korean,震卦-dynamic,ʌ,-0.315,44,0.597,0.9939,False
Korean,巽卦-static,ŋ,-0.595,5,0.602,0.9964,False
Korean,巽卦-static,n,0.554,17,0.602,0.9964,False
Korean,中卦-dynamic,s,1.169,3,0.7015,1.0,False
Korean,中卦-dynamic,n,0.955,4,0.6915,1.0,False
Korean,中卦-dynamic,i,-0.806,3,0.7065,1.0,False
Korean,中卦-dynamic,ɐ,-0.755,4,0.8109,1.0,False
Korean,巽卦-static,ɾ,-0.521,4,0.6468,1.0,False
Korean,兌卦-static,ɾ,-0.495,3,0.7164,1.0,False
Korean,巽卦-static,w,-0.485,3,0.6866,1.0,False
Korean,兌卦-static,t,-0.479,4,0.6667,1.0,False
Korean,乾卦-static,ɛ,0.472,10,0.6169,1.0,False
Korean,巽卦-static,ɡ,-0.462,4,0.7413,1.0,False
Korean,乾卦-static,e,-0.441,6,0.6169,1.0,False
Korean,中卦-dynamic,ʌ,0.439,3,0.8856,1.0,False
Korean,巽卦-static,ɛ,0.432,6,0.7164,1.0,False
Korean,坤卦-static,u,0.426,15,0.7015,1.0,False
Korean,乾卦-static,t͡ʃ,-0.426,3,0.7065,1.0,False
Korean,坤卦-static,s,-0.419,11,0.6617,1.0,False
Korean,巽卦-static,t͡ɕ,0.415,6,0.7363,1.0,False
Korean,乾卦-static,ɯ,-0.376,12,0.7463,1.0,False
Korean,兌卦-static,p,-0.364,4,0.7214,1.0,False
Korean,乾卦-static,ŋ,0.364,15,0.7114,1.0,False
Korean,坤卦-static,o,0.36,16,0.7065,1.0,False
Korean,坎卦-dynamic,m,-0.358,13,0.6667,1.0,False
Korean,離卦-dynamic,ʌ,-0.354,42,0.6169,1.0,False
Korean,坎卦-static,ɡ,0.347,9,0.6766,1.0,False
Korean,坤卦-static,n,0.34,22,0.7761,1.0,False
Korean,艮卦-static,d͡ʑ,-0.32,8,0.6517,1.0,False
Korean,兌卦-static,o,-0.32,7,0.7512,1.0,False
Korean,艮卦-dynamic,ɯ,-0.302,26,0.6219,1.0,False
Korean,巽卦-static,ɯ,0.302,12,0.8259,1.0,False
Korean,離卦-static,w,-0.3,11,0.6766,1.0,False
Korean,艮卦-dynamic,h,0.295,42,0.6119,1.0,False
Korean,坎卦-static,n,0.295,25,0.7512,1.0,False
Korean,離卦-dynamic,p,0.291,32,0.6766,1.0,False
Korean,艮卦-dynamic,ɾ,0.285,20,0.6517,1.0,False
Korean,坎卦-dynamic,t͡ʃ,0.282,5,0.7761,1.0,False
Korean,震卦-dynamic,ɯ,-0.276,33,0.6816,1.0,False
Korean,離卦-static,ŋ,0.274,29,0.7015,1.0,False
Korean,離卦-static,p͡h,0.273,14,0.6169,1.0,False
Korean,震卦-dynamic,d͡ʑ,-0.268,12,0.6567,1.0,False
Korean,乾卦-static,u,0.268,17,0.7562,1.0,False
Korean,巽卦-static,ɐ,0.267,28,0.8159,1.0,False
Korean,坤卦-dynamic,t͡ʃ,0.266,17,0.6368,1.0,False
Korean,坤卦-dynamic,m,-0.265,46,0.6468,1.0,False
Korean,坤卦-static,t͡ʃ,-0.262,3,0.8159,1.0,False
Korean,離卦-static,l,-0.262,4,0.7363,1.0,False
Korean,兌卦-static,ɯ,-0.258,6,0.7811,1.0,False
Korean,兌卦-static,d,-0.257,5,0.796,1.0,False
Korean,坤卦-static,ʌ,0.247,18,0.8209,1.0,False
Korean,艮卦-static,ɡ,-0.244,13,0.6965,1.0,False
Korean,離卦-static,u,0.244,34,0.6368,1.0,False
Korean,巽卦-static,d͡ʑ,-0.24,3,0.8209,1.0,False
Korean,震卦-dynamic,s,-0.237,36,0.7065,1.0,False
Korean,坎卦-dynamic,p͡h,0.236,6,0.8109,1.0,False
Korean,震卦-dynamic,t͡ɕ,-0.233,18,0.7015,1.0,False
Korean,坤卦-dynamic,ɐ,0.229,139,0.6219,1.0,False
Korean,坤卦-dynamic,d,-0.226,35,0.6915,1.0,False
Korean,艮卦-dynamic,ɫ,0.226,23,0.7065,1.0,False
Korean,坤卦-static,ɫ,-0.225,7,0.8408,1.0,False
Korean,坎卦-static,d,-0.221,11,0.7811,1.0,False
Korean,坤卦-static,ɾ,0.219,8,0.7861,1.0,False
Korean,坤卦-dynamic,ɾ,-0.212,24,0.7065,1.0,False
Korean,艮卦-static,ɛ,0.212,16,0.7413,1.0,False
Korean,艮卦-static,k͡h,0.208,7,0.7313,1.0,False
Korean,兌卦-static,ɡ,0.204,4,0.8458,1.0,False
Korean,乾卦-dynamic,p͡h,0.204,16,0.7114,1.0,False
Korean,坤卦-static,d͡ʑ,0.199,6,0.8358,1.0,False
Korean,乾卦-dynamic,t,-0.196,26,0.6816,1.0,False
Korean,兌卦-static,i,-0.193,12,0.8706,1.0,False
Korean,乾卦-dynamic,b,-0.193,7,0.7264,1.0,False
Korean,乾卦-dynamic,n,0.191,62,0.806,1.0,False
Korean,乾卦-static,h,0.188,20,0.8557,1.0,False
Korean,巽卦-dynamic,ɐ,0.186,5,0.9502,1.0,False
Korean,巽卦-static,e,0.182,5,0.9104,1.0,False
Korean,中卦-static,p,-0.179,50,0.6567,1.0,False
Korean,艮卦-dynamic,t͡ɕ,-0.175,15,0.796,1.0,False
Korean,離卦-static,p,0.175,25,0.791,1.0,False
Korean,乾卦-dynamic,e,-0.17,17,0.7363,1.0,False
Korean,巽卦-dynamic,i,-0.167,3,0.9701,1.0,False
Korean,巽卦-static,s,-0.166,9,0.8806,1.0,False
Korean,離卦-static,t,0.164,26,0.796,1.0,False
Korean,艮卦-dynamic,s,0.161,34,0.791,1.0,False
Korean,震卦-dynamic,j,0.16,30,0.806,1.0,False
Korean,震卦-static,p͡h,-0.158,18,0.7363,1.0,False
Korean,震卦-dynamic,m,-0.157,39,0.8109,1.0,False
Korean,中卦-static,ɯ,-0.154,72,0.7164,1.0,False
Korean,乾卦-dynamic,ŋ,0.154,33,0.801,1.0,False
Korean,乾卦-dynamic,k͡h,-0.142,7,0.7562,1.0,False
Korean,中卦-static,d,0.14,75,0.7313,1.0,False
Korean,艮卦-static,n,-0.138,41,0.8408,1.0,False
Korean,艮卦-static,m,0.136,30,0.8458,1.0,False
Korean,坎卦-dynamic,d,-0.136,11,0.8507,1.0,False
Korean,坤卦-dynamic,d͡ʑ,0.133,21,0.806,1.0,False
Korean,兌卦-dynamic,s,0.133,63,0.7612,1.0,False
Korean,坤卦-dynamic,q,-0.132,51,0.801,1.0,False
Korean,離卦-dynamic,k͡h,0.126,9,0.8905,1.0,False
Korean,坎卦-dynamic,o,0.125,16,0.8806,1.0,False
Korean,艮卦-dynamic,q,0.122,37,0.8408,1.0,False
Korean,離卦-dynamic,ɾ,-0.122,20,0.8507,1.0,False
Korean,兌卦-dynamic,p͡h,0.116,23,0.8259,1.0,False
Korean,震卦-dynamic,w,-0.115,15,0.8557,1.0,False
Korean,震卦-dynamic,e,0.113,20,0.8657,1.0,False
Korean,坤卦-dynamic,e,-0.106,22,0.8458,1.0,False
Korean,坎卦-dynamic,u,-0.104,13,0.9055,1.0,False
Korean,離卦-static,t͡ʃ,0.104,10,0.8607,1.0,False
Korean,坎卦-dynamic,t,-0.103,10,0.9403,1.0,False
Korean,中卦-static,h,-0.102,89,0.8358,1.0,False
Korean,艮卦-dynamic,t͡ʃ,0.1,10,0.8557,1.0,False
Korean,震卦-static,p,0.1,47,0.8408,1.0,False
Korean,震卦-static,ɾ,0.098,36,0.8308,1.0,False
Korean,艮卦-static,u,-0.094,26,0.9055,1.0,False
Korean,離卦-dynamic,w,0.094,16,0.8905,1.0,False
Korean,乾卦-dynamic,l,0.093,7,0.9154,1.0,False
Korean,艮卦-static,h,-0.091,32,0.9055,1.0,False
Korean,艮卦-static,p,0.091,21,0.9005,1.0,False
Korean,離卦-static,m,-0.089,32,0.9204,1.0,False
Korean,坎卦-static,ɾ,-0.086,8,0.9303,1.0,False
Korean,艮卦-static,ŋ,-0.083,21,0.9005,1.0,False
Korean,離卦-dynamic,t͡ɕ,-0.081,19,0.9005,1.0,False
Korean,兌卦-dynamic,ɛ,-0.08,30,0.8706,1.0,False
Korean,震卦-static,k͡h,0.078,14,0.8159,1.0,False
Korean,艮卦-static,ɾ,0.075,16,0.9204,1.0,False
Korean,中卦-static,t͡ʃ,0.074,24,0.8259,1.0,False
Korean,坤卦-dynamic,p,-0.073,33,0.9104,1.0,False
Korean,坎卦-static,e,-0.071,7,0.9353,1.0,False
Korean,兌卦-dynamic,ɾ,-0.065,32,0.9154,1.0,False
Korean,乾卦-static,j,-0.06,11,0.9602,1.0,False
Korean,震卦-static,ʌ,0.059,80,0.8657,1.0,False
Korean,坤卦-static,ŋ,-0.058,10,0.9552,1.0,False
Korean,巽卦-static,d,-0.058,8,0.9652,1.0,False
Korean,乾卦-static,m,-0.058,16,0.9453,1.0,False
Korean,離卦-static,d͡ʑ,0.052,13,0.9403,1.0,False
Korean,震卦-static,ɯ,-0.051,62,0.9154,1.0,False
Korean,震卦-dynamic,h,-0.051,46,0.9204,1.0,False
Korean,震卦-dynamic,t͡ʃ,-0.051,11,0.9403,1.0,False
Korean,艮卦-static,ɫ,-0.046,17,0.9502,1.0,False
Korean,震卦-dynamic,p,0.046,29,0.9453,1.0,False
Korean,兌卦-dynamic,t,0.044,46,0.9353,1.0,False
Korean,艮卦-static,ɯ,-0.043,28,0.9602,1.0,False
Korean,離卦-static,e,-0.038,15,0.9552,1.0,False
Korean,坎卦-static,p,0.037,11,0.9552,1.0,False
Korean,坎卦-static,ɛ,0.036,8,0.9652,1.0,False
Korean,兌卦-static,ʌ,0.028,9,0.9851,1.0,False
Korean,中卦-static,ɡ,0.026,41,0.9453,1.0,False
Korean,兌卦-dynamic,p,-0.026,42,0.9652,1.0,False
Korean,乾卦-static,n,-0.01,24,1.0,1.0,False
Korean,坤卦-dynamic,ɡ,-0.005,25,0.9851,1.0,False
Korean,兌卦-dynamic,ɡ,-0.002,31,1.0,1.0,False
Korean,兌卦-dynamic,l,0.001,10,0.995,1.0,False
Russian,巽卦-static,ɛ,3.181,4,0.005,0.3731,False
Russian,震卦-dynamic,pʲ,3.068,11,0.005,0.3731,False
Russian,離卦-static,a,2.99,77,0.005,0.3731,False
Russian,兌卦-dynamic,tʲ,2.815,171,0.005,0.3731,False
Russian,乾卦-static,x,2.589,8,0.005,0.3731,False
Russian,兌卦-dynamic,ʒ,2.543,28,0.005,0.3731,False
Russian,離卦-static,mʲ,2.248,15,0.005,0.3731,False
Russian,離卦-dynamic,dʲ,2.215,18,0.005,0.3731,False
Russian,震卦-dynamic,ʑ,2.158,8,0.005,0.3731,False
Russian,中卦-static,j,2.155,101,0.005,0.3731,False
Russian,離卦-dynamic,v,2.056,45,0.005,0.3731,False
Russian,兌卦-dynamic,ɑ,1.999,92,0.005,0.3731,False
Russian,巽卦-static,ʃ,3.202,9,0.01,0.4071,False
Russian,震卦-dynamic,bʲ,2.616,8,0.01,0.4071,False
Russian,乾卦-static,t,2.26,34,0.01,0.4071,False
Russian,艮卦-dynamic,t͡s,2.169,21,0.01,0.4071,False
Russian,離卦-static,k,2.02,79,0.01,0.4071,False
Russian,震卦-static,j͡a,1.761,32,0.01,0.4071,False
Russian,兌卦-dynamic,k,-1.493,22,0.01,0.4071,False
Russian,震卦-static,ɭ,1.432,79,0.01,0.4071,False
Russian,震卦-static,t͡ʃʲ,-1.42,7,0.01,0.4071,False
Russian,離卦-dynamic,p,2.09,50,0.0149,0.4632,False
Russian,乾卦-dynamic,^,2.07,7,0.0149,0.4632,False
Russian,離卦-dynamic,tʲ,1.816,103,0.0149,0.4632,False
Russian,兌卦-dynamic,v,1.698,51,0.0149,0.4632,False
Russian,乾卦-dynamic,i,1.563,104,0.0149,0.4632,False
Russian,巽卦-dynamic,z,3.263,7,0.0249,0.5473,False
Russian,中卦-dynamic,ɪ,3.26,4,0.0498,0.5473,False
Russian,坤卦-static,kʲ,3.071,4,0.0348,0.5473,False
Russian,巽卦-dynamic,ɕ,2.922,3,0.0249,0.5473,False
Russian,巽卦-dynamic,u,2.861,11,0.0249,0.5473,False
Russian,巽卦-static,y,2.467,10,0.0547,0.5473,False
Russian,兌卦-static,k,2.351,20,0.0448,0.5473,False
Russian,乾卦-static,s,2.296,29,0.0249,0.5473,False
Russian,兌卦-static,ʌ,-2.223,6,0.0398,0.5473,False
Russian,乾卦-static,ɡ,2.218,11,0.0348,0.5473,False
Russian,艮卦-static,ɕ,2.184,7,0.0249,0.5473,False
Russian,兌卦-static,kʲ,2.172,3,0.0348,0.5473,False
Russian,兌卦-static,t͡ʃʲ,2.16,5,0.0498,0.5473,False
Russian,艮卦-static,e,1.982,24,0.0199,0.5473,False
Russian,中卦-static,ɵ,1.897,4,0.0249,0.5473,False
Russian,震卦-dynamic,ɭʲ,-1.791,3,0.0348,0.5473,False
Russian,乾卦-static,i,-1.775,19,0.0498,0.5473,False
Russian,艮卦-static,j͡a,1.763,9,0.0448,0.5473,False
Russian,震卦-dynamic,sʲ,1.744,12,0.0199,0.5473,False
Russian,震卦-dynamic,e,1.647,28,0.0398,0.5473,False
Russian,艮卦-static,b,1.645,12,0.0448,0.5473,False
Russian,離卦-dynamic,ɭ,-1.637,11,0.0348,0.5473,False
Russian,艮卦-dynamic,ʑ,1.596,9,0.0199,0.5473,False
Russian,離卦-dynamic,ʌ,1.536,128,0.0398,0.5473,False
Russian,離卦-static,v,-1.504,4,0.0448,0.5473,False
Russian,坤卦-dynamic,^,1.503,8,0.0448,0.5473,False
Russian,離卦-static,t͡ʃʲ,1.503,18,0.0348,0.5473,False
Russian,離卦-static,ɭ,1.461,39,0.0398,0.5473,False
Russian,離卦-dynamic,o,-1.423,13,0.0448,0.5473,False
Russian,乾卦-dynamic,s,-1.416,28,0.0299,0.5473,False
Russian,乾卦-dynamic,vʲ,1.359,16,0.0299,0.5473,False
Russian,艮卦-dynamic,j,-1.324,3,0.0299,0.5473,False
Russian,坤卦-dynamic,u,-1.297,25,0.0299,0.5473,False
Russian,乾卦-dynamic,r,1.296,76,0.0299,0.5473,False
Russian,離卦-dynamic,i,1.294,102,0.0348,0.5473,False
Russian,離卦-dynamic,vʲ,1.281,16,0.0398,0.5473,False
Russian,艮卦-dynamic,o,-1.262,13,0.0547,0.5473,False
Russian,兌卦-dynamic,n,-1.26,24,0.0348,0.5473,False
Russian,兌卦-dynamic,j,-1.249,6,0.0249,0.5473,False
Russian,坤卦-dynamic,sʲ,1.241,25,0.0498,0.5473,False
Russian,艮卦-dynamic,a,1.235,52,0.0547,0.5473,False
Russian,中卦-static,nʲ,1.204,47,0.0398,0.5473,False
Russian,乾卦-dynamic,ɑ,1.182,61,0.0547,0.5473,False
Russian,乾卦-dynamic,y,-1.105,11,0.0448,0.5473,False
Russian,中卦-static,a,-1.067,43,0.0348,0.5473,False
Russian,兌卦-dynamic,pʲ,1.054,13,0.0498,0.5473,False
Russian,震卦-static,ʒ,-1.052,4,0.0498,0.5473,False
Russian,坤卦-dynamic,n,1.015,94,0.0547,0.5473,False
Russian,震卦-static,dʲ,-0.969,5,0.0547,0.5473,False
Russian,中卦-static,n,0.919,117,0.0547,0.5473,False
Russian,乾卦-static,r,1.7,36,0.0597,0.5716,False
Russian,坤卦-dynamic,a,-1.008,35,0.0597,0.5716,False
Russian,中卦-static,t͡ʃʲ,0.914,34,0.0597,0.5716,False
Russian,中卦-dynamic,m,3.22,5,0.0746,0.6071,False
Russian,巽卦-dynamic,b,2.452,5,0.0796,0.6071,False
Russian,坎卦-static,n,2.331,17,0.0746,0.6071,False
Russian,坎卦-static,ɭʲ,2.202,6,0.0746,0.6071,False
Russian,乾卦-static,j,1.665,20,0.0796,0.6071,False
Russian,乾卦-static,n,1.657,33,0.0796,0.6071,False
Russian,艮卦-static,t͡s,1.583,10,0.0697,0.6071,False
Russian,離卦-static,y,-1.352,6,0.0697,0.6071,False
Russian,兌卦-dynamic,t͡s,1.163,23,0.0796,0.6071,False
Russian,乾卦-dynamic,ʌ,-1.131,58,0.0746,0.6071,False
Russian,乾卦-dynamic,mʲ,1.066,13,0.0796,0.6071,False
Russian,兌卦-dynamic,a,-1.039,30,0.0796,0.6071,False
Russian,兌卦-dynamic,e,-0.999,21,0.0746,0.6071,False
Russian,坤卦-dynamic,j,0.985,54,0.0746,0.6071,False
Russian,兌卦-dynamic,t,-0.966,39,0.0796,0.6071,False
Russian,震卦-static,ɡ,0.962,30,0.0697,0.6071,False
Russian,震卦-static,a,0.825,94,0.0796,0.6071,False
Russian,離卦-static,d,-1.179,7,0.0846,0.6291,False
Russian,兌卦-dynamic,o,-1.013,26,0.0846,0.6291,False
Russian,坎卦-dynamic,ʑ,1.802,3,0.0896,0.6397,False
Russian,離卦-static,ɪ,-1.274,6,0.0896,0.6397,False
Russian,坤卦-dynamic,ʌ,0.941,160,0.0896,0.6397,False
Russian,中卦-static,r,-0.731,64,0.0896,0.6397,False
Russian,震卦-dynamic,rʲ,1.264,17,0.0945,0.6544,False
Russian,中卦-static,j͡a,-0.885,6,0.0945,0.6544,False
Russian,巽卦-dynamic,ʃ,2.071,7,0.0995,0.6633,False
Russian,兌卦-static,o,2.01,15,0.0995,0.6633,False
Russian,離卦-dynamic,m,-1.149,4,0.0995,0.6633,False
Russian,震卦-static,fʲ,0.937,7,0.0995,0.6633,False
Russian,離卦-dynamic,s,-1.126,32,0.1045,0.6863,False
Russian,兌卦-dynamic,ɪ,-0.859,14,0.1045,0.6863,False
Russian,離卦-dynamic,k,-1.216,24,0.1095,0.6937,False
Russian,離卦-dynamic,mʲ,-1.054,4,0.1095,0.6937,False
Russian,兌卦-dynamic,f,-0.948,3,0.1095,0.6937,False
Russian,中卦-static,t͡s,-0.794,7,0.1095,0.6937,False
Russian,乾卦-dynamic,nʲ,1.191,25,0.1144,0.7152,False
Russian,中卦-static,y,0.805,75,0.1144,0.7152,False
Russian,震卦-dynamic,ɑ,1.229,37,0.1194,0.731,False
Russian,兌卦-dynamic,m,-0.903,9,0.1194,0.731,False
Russian,震卦-static,ʌ,-0.803,112,0.1194,0.731,False
Russian,震卦-static,b,-0.761,15,0.1244,0.7413,False
Russian,坤卦-dynamic,rʲ,-0.759,12,0.1244,0.7413,False
Russian,坎卦-static,sʲ,1.989,4,0.1294,0.7511,False
Russian,坎卦-static,d,1.943,6,0.1294,0.7511,False
Russian,離卦-dynamic,ɡ,-0.896,6,0.1294,0.7511,False
Russian,中卦-static,ʌ,0.677,193,0.1294,0.7511,False
Russian,震卦-static,tʲ,-0.732,25,0.1343,0.7603,False
Russian,坎卦-static,t,1.943,14,0.1443,0.7683,False
Russian,兌卦-static,r,1.839,17,0.1443,0.7683,False
Russian,坎卦-static,ɛ,1.553,3,0.1443,0.7683,False
Russian,乾卦-dynamic,ʒ,-0.935,3,0.1393,0.7683,False
Russian,兌卦-static,mʲ,1.621,3,0.1493,0.772,False
Russian,艮卦-static,u,-1.15,9,0.1493,0.772,False
Russian,兌卦-dynamic,i,0.814,116,0.1493,0.772,False
Russian,兌卦-dynamic,mʲ,0.768,15,0.1493,0.772,False
Russian,震卦-dynamic,vʲ,1.181,9,0.1542,0.7798,False
Russian,坤卦-static,o,1.679,14,0.1592,0.783,False
Russian,艮卦-static,o,1.045,28,0.1592,0.783,False
Russian,離卦-static,j͡a,1.012,12,0.1592,0.783,False
Russian,兌卦-dynamic,ɭ,-0.75,27,0.1592,0.783,False
Russian,兌卦-dynamic,r,-0.722,44,0.1642,0.7987,False
Russian,坤卦-dynamic,tʲ,-0.703,23,0.1642,0.7987,False
Russian,坤卦-dynamic,e,0.744,53,0.1692,0.8098,False
Russian,中卦-static,z,-0.672,12,0.1692,0.8098,False
Russian,中卦-static,tʲ,-0.727,28,0.1791,0.8439,False
Russian,中卦-static,u,-0.684,46,0.1791,0.8439,False
Russian,中卦-static,f,-0.624,8,0.1791,0.8439,False
Russian,巽卦-dynamic,y,1.806,9,0.1891,0.8488,False
Russian,巽卦-static,i,-1.705,7,0.1891,0.8488,False
Russian,坎卦-static,u,1.695,10,0.199,0.8488,False
Russian,兌卦-static,t,-1.619,4,0.1841,0.8488,False
Russian,離卦-static,z,-0.973,3,0.1841,0.8488,False
Russian,艮卦-dynamic,z,0.969,18,0.199,0.8488,False
Russian,艮卦-dynamic,ɑ,0.942,48,0.194,0.8488,False
Russian,離卦-dynamic,u,-0.866,23,0.194,0.8488,False
Russian,乾卦-dynamic,j͡u,0.841,3,0.1891,0.8488,False
Russian,兌卦-dynamic,rʲ,0.774,30,0.199,0.8488,False
Russian,兌卦-dynamic,s,-0.678,46,0.199,0.8488,False
Russian,巽卦-dynamic,f,1.748,3,0.204,0.8539,False
Russian,艮卦-dynamic,nʲ,-0.848,7,0.204,0.8539,False
Russian,離卦-dynamic,n,-0.838,28,0.204,0.8539,False
Russian,中卦-static,sʲ,-0.65,12,0.204,0.8539,False
Russian,離卦-dynamic,e,-0.818,19,0.209,0.8627,False
Russian,震卦-static,ɛ,-0.648,4,0.209,0.8627,False
Russian,震卦-static,x,-0.625,8,0.209,0.8627,False
Russian,中卦-dynamic,nʲ,2.519,3,0.2139,0.8634,False
Russian,離卦-static,ʌ,-1.04,50,0.2139,0.8634,False
Russian,兌卦-dynamic,z,0.823,26,0.2139,0.8634,False
Russian,震卦-dynamic,dʲ,0.936,7,0.2189,0.8679,False
Russian,震卦-static,rʲ,0.675,38,0.2189,0.8679,False
Russian,坤卦-static,r,-1.408,4,0.2239,0.8728,False
Russian,乾卦-static,p,-1.018,7,0.2289,0.8728,False
Russian,離卦-static,nʲ,-0.995,6,0.2289,0.8728,False
Russian,離卦-dynamic,x,-0.817,4,0.2289,0.8728,False
Russian,離卦-static,i,0.801,75,0.2289,0.8728,False
Russian,乾卦-dynamic,b,0.729,19,0.2289,0.8728,False
Russian,坤卦-dynamic,d,0.695,33,0.2239,0.8728,False
Russian,震卦-dynamic,y,-0.843,9,0.2338,0.8805,False
Russian,艮卦-dynamic,dʲ,-0.825,3,0.2338,0.8805,False
Russian,坤卦-dynamic,p,-0.617,30,0.2338,0.8805,False
Russian,兌卦-static,ɑ,-1.472,5,0.2388,0.8845,False
Russian,艮卦-dynamic,ʌ,0.841,89,0.2388,0.8845,False
Russian,坤卦-dynamic,k,-0.632,53,0.2388,0.8845,False
Russian,震卦-static,y,-0.585,32,0.2438,0.8919,False
Russian,坤卦-static,ɑ,-1.501,5,0.2488,0.9026,False
Russian,坎卦-dynamic,vʲ,1.3,4,0.2488,0.9026,False
Russian,震卦-dynamic,o,-0.853,14,0.2537,0.9026,False
Russian,艮卦-dynamic,tʲ,0.803,55,0.2537,0.9026,False
Russian,離卦-dynamic,j,-0.767,12,0.2537,0.9026,False
Russian,中卦-static,ɑ,-0.551,71,0.2537,0.9026,False
Russian,巽卦-dynamic,o,1.51,11,0.2587,0.906,False
Russian,離卦-static,o,-0.746,21,0.2587,0.906,False
Russian,坤卦-static,ɡ,1.351,4,0.2637,0.9092,False
Russian,離卦-dynamic,ʒ,0.842,13,0.2637,0.9092,False
Russian,艮卦-static,ɡ,0.82,8,0.2637,0.9092,False
Russian,震卦-dynamic,m,-0.802,5,0.2637,0.9092,False
Russian,坎卦-static,p,1.523,8,0.2736,0.9155,False
Russian,巽卦-static,s,1.448,9,0.2736,0.9155,False
Russian,兌卦-static,nʲ,1.271,5,0.2736,0.9155,False
Russian,乾卦-static,y,0.943,18,0.2687,0.9155,False
Russian,震卦-static,t͡s,0.561,23,0.2736,0.9155,False
Russian,坤卦-static,ɪ,1.312,6,0.2935,0.9401,False
Russian,坤卦-static,v,1.289,7,0.2935,0.9401,False
Russian,艮卦-static,ɭ,0.857,19,0.2836,0.9401,False
Russian,震卦-dynamic,u,-0.788,14,0.2886,0.9401,False
Russian,震卦-dynamic,p,0.774,21,0.2935,0.9401,False
Russian,乾卦-dynamic,j͡a,0.597,12,0.2886,0.9401,False
Russian,震卦-static,ɪ,-0.562,23,0.2886,0.9401,False
Russian,坎卦-static,ʒ,1.466,3,0.3035,0.9466,False
Russian,坎卦-dynamic,f,1.285,4,0.3085,0.9466,False
Russian,乾卦-static,a,-0.904,11,0.3134,0.9466,False
Russian,乾卦-static,k,-0.896,13,0.3134,0.9466,False
Russian,艮卦-static,n,-0.833,13,0.3134,0.9466,False
Russian,艮卦-static,m,-0.795,4,0.3085,0.9466,False
Russian,震卦-dynamic,v,-0.727,8,0.3134,0.9466,False
Russian,乾卦-dynamic,ɭʲ,0.717,22,0.3134,0.9466,False
Russian,離卦-dynamic,b,0.652,19,0.3035,0.9466,False
Russian,離卦-static,pʲ,0.63,7,0.3035,0.9466,False
Russian,坤卦-dynamic,ɭ,0.548,53,0.3134,0.9466,False
Russian,震卦-static,m,0.491,42,0.3134,0.9466,False
Russian,中卦-static,ʒ,0.48,20,0.3085,0.9466,False
Russian,巽卦-dynamic,ʌ,-1.486,8,0.3433,0.949,False
Russian,坎卦-static,j͡a,1.276,3,0.3532,0.949,False
Russian,巽卦-static,k,1.263,12,0.3333,0.949,False
Russian,坎卦-dynamic,ɑ,1.012,15,0.3483,0.949,False
Russian,坎卦-dynamic,dʲ,0.955,3,0.3483,0.949,False
Russian,震卦-dynamic,j,-0.768,7,0.3284,0.949,False
Russian,艮卦-dynamic,r,-0.754,28,0.3184,0.949,False
Russian,離卦-static,sʲ,-0.717,5,0.3532,0.949,False
Russian,艮卦-dynamic,t͡ʃʲ,0.697,14,0.3333,0.949,False
Russian,離卦-dynamic,ɑ,0.691,56,0.3184,0.949,False
Russian,離卦-dynamic,ʑ,0.686,7,0.3284,0.949,False
Russian,離卦-static,ɑ,0.675,45,0.3383,0.949,False
Russian,離卦-dynamic,ɪ,-0.668,13,0.3333,0.949,False
Russian,艮卦-dynamic,b,-0.648,8,0.3483,0.949,False
Russian,兌卦-dynamic,ʌ,0.617,130,0.3483,0.949,False
Russian,離卦-dynamic,y,-0.613,19,0.3483,0.949,False
Russian,坤卦-dynamic,bʲ,0.556,8,0.3234,0.949,False
Russian,兌卦-dynamic,nʲ,-0.539,14,0.3234,0.949,False
Russian,坤卦-dynamic,o,0.537,72,0.3234,0.949,False
Russian,震卦-static,z,-0.535,13,0.3234,0.949,False
Russian,震卦-static,e,0.513,57,0.3433,0.949,False
Russian,震卦-static,j,-0.511,26,0.3284,0.949,False
Russian,中卦-static,o,0.497,91,0.3184,0.949,False
Russian,兌卦-dynamic,t͡ʃʲ,0.492,20,0.3483,0.949,False
Russian,震卦-static,ʑ,0.484,10,0.3383,0.949,False
Russian,中卦-static,d,0.459,39,0.3433,0.949,False
Russian,中卦-static,ɪ,0.428,42,0.3433,0.949,False
Russian,震卦-static,vʲ,0.418,18,0.3333,0.949,False
Russian,震卦-static,sʲ,0.408,21,0.3532,0.949,False
Russian,中卦-static,t,-0.407,73,0.3532,0.949,False
Russian,坤卦-static,j,1.222,8,0.3582,0.951,False
Russian,兌卦-static,d,1.096,5,0.3582,0.951,False
Russian,乾卦-static,m,0.932,13,0.3582,0.951,False
Russian,艮卦-static,rʲ,0.742,11,0.3582,0.951,False
Russian,震卦-dynamic,t͡ʃʲ,0.663,10,0.3632,0.9586,False
Russian,艮卦-dynamic,ɪ,-0.601,11,0.3632,0.9586,False
Russian,離卦-static,s,-0.657,30,0.3682,0.9632,False
Russian,艮卦-dynamic,m,-0.605,9,0.3682,0.9632,False
Russian,離卦-static,b,0.594,15,0.3682,0.9632,False
Russian,震卦-dynamic,i,0.681,53,0.3731,0.9678,False
Russian,離卦-static,p,0.656,28,0.3731,0.9678,False
Russian,坤卦-dynamic,dʲ,0.484,14,0.3731,0.9678,False
Russian,坤卦-dynamic,ʒ,-0.477,8,0.3781,0.9751,False
Russian,震卦-static,s,0.431,81,0.3781,0.9751,False
Russian,巽卦-dynamic,a,1.167,10,0.393,0.9799,False
Russian,艮卦-static,ɑ,-0.715,17,0.393,0.9799,False
Russian,艮卦-dynamic,ʒ,-0.6,4,0.393,0.9799,False
Russian,離卦-dynamic,ʃ,-0.588,6,0.3881,0.9799,False
Russian,震卦-dynamic,x,-0.563,3,0.393,0.9799,False
Russian,乾卦-static,ɭ,-0.752,9,0.398,0.9841,False
Russian,中卦-dynamic,rʲ,2.017,3,0.4577,0.9895,False
Russian,中卦-dynamic,i,1.752,9,0.4478,0.9895,False
Russian,中卦-dynamic,s,1.526,5,0.5274,0.9895,False
Russian,中卦-dynamic,ɭ,1.52,4,0.5572,0.9895,False
Russian,坎卦-static,ɭ,-1.183,3,0.4129,0.9895,False
Russian,巽卦-dynamic,s,-1.164,5,0.4478,0.9895,False
Russian,坤卦-static,s,1.149,11,0.4129,0.9895,False
Russian,巽卦-dynamic,ɭʲ,1.097,4,0.408,0.9895,False
Russian,巽卦-dynamic,ɑ,-1.092,5,0.4677,0.9895,False
Russian,巽卦-static,u,1.061,7,0.4428,0.9895,False
Russian,巽卦-static,rʲ,1.045,4,0.4328,0.9895,False
Russian,坤卦-static,ʌ,1.003,22,0.4378,0.9895,False
Russian,坎卦-static,ɑ,-0.991,6,0.5174,0.9895,False
Russian,坎卦-static,r,0.979,13,0.4826,0.9895,False
Russian,坎卦-static,i,-0.974,11,0.4726,0.9895,False
Russian,坎卦-static,o,-0.957,4,0.5224,0.9895,False
Russian,巽卦-dynamic,p,0.955,6,0.5124,0.9895,False
Russian,巽卦-dynamic,d,0.953,4,0.5274,0.9895,False
Russian,巽卦-dynamic,t,-0.95,5,0.5423,0.9895,False
Russian,兌卦-static,sʲ,0.934,3,0.4179,0.9895,False
Russian,坤卦-static,a,-0.933,5,0.4627,0.9895,False
Russian,中卦-dynamic,j,0.901,3,0.7811,0.9895,False
Russian,坎卦-static,t͡s,0.896,3,0.5174,0.9895,False
Russian,巽卦-static,t,0.893,9,0.5224,0.9895,False
Russian,巽卦-static,n,-0.892,4,0.4975,0.9895,False
Russian,巽卦-dynamic,r,0.888,11,0.6269,0.9895,False
Russian,巽卦-dynamic,k,-0.884,5,0.5323,0.9895,False
Russian,坤卦-static,i,-0.869,12,0.5174,0.9895,False
Russian,兌卦-static,y,0.869,8,0.4328,0.9895,False
Russian,中卦-dynamic,ʌ,0.849,9,0.7512,0.9895,False
Russian,巽卦-dynamic,tʲ,0.844,11,0.5124,0.9895,False
Russian,巽卦-dynamic,i,-0.825,10,0.5473,0.9895,False
Russian,坎卦-dynamic,d,0.811,6,0.4677,0.9895,False
Russian,乾卦-static,ɭʲ,-0.8,5,0.408,0.9895,False
Russian,巽卦-static,ɭ,0.794,6,0.5672,0.9895,False
Russian,中卦-dynamic,n,0.777,5,0.7562,0.9895,False
Russian,乾卦-static,d,-0.747,5,0.4328,0.9895,False
Russian,兌卦-static,tʲ,-0.714,3,0.6119,0.9895,False
Russian,巽卦-static,p,-0.709,3,0.6368,0.9895,False
Russian,兌卦-static,e,0.708,7,0.5473,0.9895,False
Russian,坎卦-static,tʲ,-0.695,3,0.6567,0.9895,False
Russian,坤卦-static,t,0.682,11,0.5821,0.9895,False
Russian,兌卦-static,s,-0.681,7,0.5622,0.9895,False
Russian,坎卦-dynamic,r,-0.68,9,0.5771,0.9895,False
Russian,坤卦-static,e,0.662,7,0.6816,0.9895,False
Russian,坤卦-static,p,-0.65,4,0.602,0.9895,False
Russian,坎卦-dynamic,n,-0.634,8,0.5522,0.9895,False
Russian,坎卦-dynamic,t,0.632,14,0.5522,0.9895,False
Russian,坎卦-dynamic,ʌ,-0.63,18,0.6269,0.9895,False
Russian,震卦-dynamic,b,0.629,11,0.4478,0.9895,False
Russian,離卦-dynamic,sʲ,0.621,14,0.4129,0.9895,False
Russian,艮卦-static,i,-0.615,31,0.4279,0.9895,False
Russian,坎卦-static,ʌ,0.615,19,0.6816,0.9895,False
Russian,震卦-dynamic,r,-0.612,22,0.4179,0.9895,False
Russian,艮卦-static,tʲ,-0.609,9,0.4478,0.9895,False
Russian,艮卦-static,j,0.607,15,0.4328,0.9895,False
Russian,乾卦-static,z,-0.606,3,0.5224,0.9895,False
Russian,兌卦-static,ɡ,0.597,3,0.6617,0.9895,False
Russian,兌卦-static,u,-0.595,5,0.607,0.9895,False
Russian,巽卦-static,m,0.594,4,0.7512,0.9895,False
Russian,乾卦-static,e,-0.59,9,0.5323,0.9895,False
Russian,艮卦-static,y,-0.584,9,0.4776,0.9895,False
Russian,震卦-dynamic,j͡a,-0.583,3,0.4726,0.9895,False
Russian,乾卦-static,ʌ,0.583,43,0.5174,0.9895,False
Russian,坎卦-dynamic,tʲ,0.58,15,0.6567,0.9895,False
Russian,艮卦-static,ʑ,0.573,3,0.5025,0.9895,False
Russian,坎卦-dynamic,v,0.561,7,0.5771,0.9895,False
Russian,艮卦-static,ʃ,-0.554,3,0.4876,0.9895,False
Russian,坎卦-static,s,-0.542,7,0.7264,0.9895,False
Russian,乾卦-dynamic,ɡ,0.536,15,0.4428,0.9895,False
Russian,坎卦-dynamic,m,-0.534,3,0.6567,0.9895,False
Russian,離卦-static,m,0.53,21,0.4279,0.9895,False
Russian,震卦-dynamic,ɪ,0.527,14,0.5124,0.9895,False
Russian,離卦-dynamic,f,-0.526,5,0.4925,0.9895,False
Russian,離卦-static,ʑ,0.51,5,0.4876,0.9895,False
Russian,艮卦-static,s,-0.501,18,0.5373,0.9895,False
Russian,坎卦-static,v,0.498,5,0.7512,0.9895,False
Russian,坎卦-dynamic,t͡ʃʲ,0.498,4,0.6418,0.9895,False
Russian,坎卦-dynamic,j,-0.491,4,0.6866,0.9895,False
Russian,離卦-dynamic,t͡ʃʲ,-0.49,10,0.4428,0.9895,False
Russian,巽卦-static,r,-0.488,6,0.7662,0.9895,False
Russian,艮卦-static,d,0.484,10,0.5522,0.9895,False
Russian,艮卦-static,t,0.483,25,0.5473,0.9895,False
Russian,艮卦-dynamic,y,-0.482,17,0.4726,0.9895,False
Russian,離卦-dynamic,a,-0.481,34,0.4527,0.9895,False
Russian,乾卦-dynamic,t͡s,0.479,13,0.4577,0.9895,False
Russian,乾卦-dynamic,ɡʲ,0.479,3,0.4428,0.9895,False
Russian,巽卦-dynamic,m,0.471,4,0.7612,0.9895,False
Russian,兌卦-dynamic,vʲ,0.471,14,0.4328,0.9895,False
Russian,坤卦-static,ɭ,0.468,7,0.7313,0.9895,False
Russian,乾卦-dynamic,j,-0.468,16,0.4478,0.9895,False
Russian,坎卦-static,j,-0.465,3,0.7264,0.9895,False
Russian,艮卦-dynamic,ʃ,0.459,17,0.5323,0.9895,False
Russian,乾卦-dynamic,tʲ,-0.457,24,0.4577,0.9895,False
Russian,坤卦-static,ɭʲ,0.454,4,0.7761,0.9895,False
Russian,艮卦-dynamic,n,-0.454,29,0.5124,0.9895,False
Russian,巽卦-static,ɑ,-0.454,6,0.7612,0.9895,False
Russian,兌卦-dynamic,ɭʲ,-0.453,18,0.4577,0.9895,False
Russian,離卦-static,n,-0.452,29,0.5075,0.9895,False
Russian,坎卦-dynamic,u,-0.45,7,0.7313,0.9895,False
Russian,艮卦-static,z,0.447,8,0.592,0.9895,False
Russian,乾卦-static,nʲ,-0.444,5,0.6617,0.9895,False
Russian,離卦-dynamic,j͡a,-0.442,6,0.5224,0.9895,False
Russian,離卦-static,t,-0.434,32,0.5124,0.9895,False
Russian,坎卦-dynamic,p,0.422,8,0.7313,0.9895,False
Russian,艮卦-static,f,0.421,5,0.602,0.9895,False
Russian,乾卦-dynamic,k,-0.421,41,0.4776,0.9895,False
Russian,離卦-dynamic,ɕ,0.42,6,0.602,0.9895,False
Russian,離卦-static,tʲ,-0.418,21,0.5473,0.9895,False
Russian,離卦-static,r,0.417,48,0.5821,0.9895,False
Russian,離卦-dynamic,t,-0.413,40,0.5224,0.9895,False
Russian,乾卦-static,v,0.411,11,0.6667,0.9895,False
Russian,震卦-dynamic,ʃ,-0.41,5,0.607,0.9895,False
Russian,乾卦-static,rʲ,-0.408,5,0.6716,0.9895,False
Russian,離卦-dynamic,d,0.405,21,0.607,0.9895,False
Russian,坎卦-dynamic,rʲ,-0.404,3,0.7662,0.9895,False
Russian,坤卦-dynamic,j͡u,0.398,3,0.4378,0.9895,False
Russian,艮卦-static,vʲ,0.396,5,0.6119,0.9895,False
Russian,震卦-static,k,0.393,100,0.4279,0.9895,False
Russian,坤卦-dynamic,s,-0.388,57,0.4776,0.9895,False
Russian,坤卦-dynamic,ɡʲ,0.388,4,0.4229,0.9895,False
Russian,艮卦-dynamic,bʲ,0.381,4,0.6716,0.9895,False
Russian,乾卦-dynamic,ɪ,0.379,22,0.5771,0.9895,False
Russian,震卦-static,v,-0.378,29,0.4627,0.9895,False
Russian,坎卦-dynamic,k,0.377,15,0.7313,0.9895,False
Russian,坎卦-static,e,0.371,6,0.7413,0.9895,False
Russian,艮卦-static,p,-0.369,11,0.6866,0.9895,False
Russian,坤卦-dynamic,ʃ,-0.368,13,0.4975,0.9895,False
Russian,坤卦-dynamic,t͡s,-0.366,10,0.4677,0.9895,False
Russian,震卦-dynamic,mʲ,0.366,6,0.6318,0.9895,False
Russian,艮卦-static,r,0.364,27,0.6517,0.9895,False
Russian,兌卦-static,ɭ,-0.362,5,0.7463,0.9895,False
Russian,乾卦-dynamic,ʃ,-0.361,9,0.5373,0.9895,False
Russian,坎卦-dynamic,ɭʲ,0.36,5,0.6915,0.9895,False
Russian,艮卦-dynamic,t,-0.358,33,0.6169,0.9895,False
Russian,坤卦-dynamic,vʲ,0.356,15,0.4876,0.9895,False
Russian,艮卦-dynamic,rʲ,0.353,16,0.602,0.9895,False
Russian,巽卦-static,o,-0.353,5,0.7811,0.9895,False
Russian,震卦-static,ɭʲ,0.349,33,0.4826,0.9895,False
Russian,兌卦-dynamic,bʲ,0.348,6,0.4975,0.9895,False
Russian,中卦-static,mʲ,-0.343,13,0.4876,0.9895,False
Russian,震卦-dynamic,t,-0.343,24,0.6567,0.9895,False
Russian,離卦-dynamic,ɭʲ,0.341,20,0.6219,0.9895,False
Russian,兌卦-dynamic,b,-0.341,15,0.4975,0.9895,False
Russian,乾卦-dynamic,u,0.34,37,0.5572,0.9895,False
Russian,坎卦-dynamic,b,-0.337,3,0.791,0.9895,False
Russian,乾卦-dynamic,x,-0.333,6,0.6517,0.9895,False
Russian,艮卦-dynamic,pʲ,0.33,6,0.6219,0.9895,False
Russian,坎卦-dynamic,ɪ,-0.33,4,0.7463,0.9895,False
Russian,離卦-static,f,-0.33,5,0.6816,0.9895,False
Russian,艮卦-static,ʒ,-0.326,3,0.6318,0.9895,False
Russian,艮卦-static,a,-0.325,17,0.6617,0.9895,False
Russian,離卦-static,u,-0.325,24,0.6766,0.9895,False
Russian,離卦-static,j,-0.323,15,0.6517,0.9895,False
Russian,坤卦-dynamic,ɪ,-0.319,23,0.5622,0.9895,False
Russian,中卦-static,ɭ,-0.318,49,0.5174,0.9895,False
Russian,震卦-dynamic,k,-0.318,26,0.6766,0.9895,False
Russian,震卦-dynamic,s,0.316,28,0.6468,0.9895,False
Russian,離卦-static,ʃ,-0.315,8,0.6119,0.9895,False
Russian,震卦-dynamic,d,-0.313,9,0.7214,0.9895,False
Russian,坤卦-dynamic,kʲ,-0.312,3,0.5622,0.9895,False
Russian,巽卦-static,ʌ,-0.312,12,0.7662,0.9895,False
Russian,坎卦-dynamic,e,0.307,8,0.7612,0.9895,False
Russian,離卦-dynamic,t͡s,0.296,12,0.6915,0.9895,False
Russian,震卦-static,ʃ,-0.287,17,0.6716,0.9895,False
Russian,中卦-static,p,0.285,56,0.5174,0.9895,False
Russian,乾卦-dynamic,o,-0.283,34,0.6169,0.9895,False
Russian,艮卦-dynamic,k,0.281,47,0.7164,0.9895,False
Russian,兌卦-dynamic,x,-0.275,8,0.6368,0.9895,False
Russian,乾卦-dynamic,pʲ,0.275,7,0.6368,0.9895,False
Russian,離卦-dynamic,rʲ,0.274,19,0.6866,0.9895,False
Russian,艮卦-static,ɪ,0.27,10,0.7413,0.9895,False
Russian,震卦-static,ɕ,-0.27,4,0.5473,0.9895,False
Russian,坤卦-dynamic,pʲ,-0.269,7,0.607,0.9895,False
Russian,中卦-static,pʲ,-0.266,9,0.5174,0.9895,False
Russian,震卦-static,j͡u,0.265,3,0.602,0.9895,False
Russian,艮卦-static,ɭʲ,0.263,9,0.7612,0.9895,False
Russian,艮卦-static,x,-0.262,3,0.7363,0.9895,False
Russian,中卦-static,b,-0.258,23,0.5522,0.9895,False
Russian,坤卦-dynamic,ɛ,-0.256,7,0.6468,0.9895,False
Russian,震卦-static,ɡʲ,0.256,4,0.6468,0.9895,False
Russian,坤卦-dynamic,b,0.253,23,0.6368,0.9895,False
Russian,艮卦-static,ʌ,-0.253,38,0.7861,0.9895,False
Russian,離卦-static,ɛ,-0.252,4,0.7065,0.9895,False
Russian,兌卦-dynamic,dʲ,-0.248,8,0.6318,0.9895,False
Russian,乾卦-static,ɪ,-0.248,7,0.7861,0.9895,False
Russian,震卦-dynamic,ɡ,-0.247,6,0.7264,0.9895,False
Russian,震卦-dynamic,nʲ,-0.246,8,0.7413,0.9895,False
Russian,離卦-dynamic,ɛ,-0.246,5,0.6816,0.9895,False
Russian,艮卦-dynamic,vʲ,0.242,8,0.6766,0.9895,False
Russian,震卦-static,i,0.238,136,0.5373,0.9895,False
Russian,震卦-static,o,0.237,74,0.6766,0.9895,False
Russian,坤卦-dynamic,ʑ,-0.232,4,0.7264,0.9895,False
Russian,乾卦-static,ɑ,-0.232,18,0.7612,0.9895,False
Russian,離卦-dynamic,pʲ,0.227,7,0.7164,0.9895,False
Russian,艮卦-static,dʲ,0.225,4,0.7761,0.9895,False
Russian,艮卦-dynamic,d,-0.225,13,0.7711,0.9895,False
Russian,震卦-dynamic,f,-0.224,4,0.7612,0.9895,False
Russian,乾卦-dynamic,ɛ,-0.224,5,0.6866,0.9895,False
Russian,坤卦-dynamic,nʲ,0.223,25,0.6915,0.9895,False
Russian,艮卦-dynamic,e,-0.222,21,0.7811,0.9895,False
Russian,震卦-static,n,0.22,82,0.6965,0.9895,False
Russian,艮卦-dynamic,ɭʲ,-0.219,13,0.7363,0.9895,False
Russian,離卦-static,e,-0.219,21,0.7811,0.9895,False
Russian,震卦-dynamic,ʌ,0.217,55,0.7761,0.9895,False
Russian,離卦-static,ɭʲ,-0.216,13,0.7313,0.9895,False
Russian,乾卦-dynamic,a,0.212,45,0.6766,0.9895,False
Russian,坤卦-dynamic,m,0.211,31,0.7413,0.9895,False
Russian,中卦-static,ɕ,-0.209,5,0.6169,0.9895,False
Russian,坤卦-dynamic,ɑ,-0.208,62,0.7413,0.9895,False
Russian,震卦-dynamic,n,-0.203,24,0.7811,0.9895,False
Russian,坤卦-dynamic,ɭʲ,0.202,27,0.6866,0.9895,False
Russian,乾卦-dynamic,n,-0.202,40,0.7363,0.9895,False
Russian,乾卦-dynamic,m,-0.2,16,0.7612,0.9895,False
Russian,震卦-static,ɑ,0.196,81,0.7065,0.9895,False
Russian,坤卦-dynamic,ɕ,-0.195,4,0.7313,0.9895,False
Russian,兌卦-dynamic,p,0.189,37,0.796,0.9895,False
Russian,兌卦-dynamic,u,0.189,45,0.7512,0.9895,False
Russian,艮卦-dynamic,p,0.188,24,0.796,0.9895,False
Russian,乾卦-dynamic,p,-0.188,25,0.7363,0.9895,False
Russian,震卦-static,kʲ,0.186,8,0.6716,0.9895,False
Russian,兌卦-dynamic,d,0.184,24,0.7413,0.9895,False
Russian,中卦-static,e,0.183,56,0.6716,0.9895,False
Russian,乾卦-dynamic,f,-0.167,7,0.791,0.9895,False
Russian,中卦-static,i,0.163,148,0.7313,0.9895,False
Russian,乾卦-dynamic,ɭ,-0.162,28,0.7512,0.9895,False
Russian,乾卦-dynamic,e,-0.16,26,0.7662,0.9895,False
Russian,中卦-static,v,0.155,43,0.7413,0.9895,False
Russian,震卦-static,pʲ,0.152,11,0.6816,0.9895,False
Russian,離卦-static,t͡s,-0.148,7,0.796,0.9895,False
Russian,乾卦-dynamic,t,-0.144,43,0.791,0.9895,False
Russian,中卦-static,dʲ,0.137,15,0.796,0.9895,False
Russian,震卦-static,t,0.137,80,0.7612,0.9895,False
Russian,中卦-static,vʲ,-0.136,14,0.7761,0.9895,False
Russian,乾卦-dynamic,kʲ,-0.136,3,0.7861,0.9895,False
Russian,乾卦-dynamic,rʲ,0.125,17,0.7811,0.9895,False
Russian,坤卦-dynamic,i,-0.119,108,0.7711,0.9895,False
Russian,坤卦-dynamic,ɡ,0.119,18,0.796,0.9895,False
Russian,中卦-static,kʲ,-0.098,6,0.7711,0.9895,False
Russian,中卦-dynamic,ɑ,-0.711,3,0.801,0.9902,False
Russian,巽卦-static,ɭʲ,0.364,3,0.801,0.9902,False
Russian,坤卦-static,n,0.324,10,0.801,0.9902,False
Russian,坎卦-dynamic,i,-0.317,18,0.801,0.9902,False
Russian,中卦-dynamic,k,-0.656,3,0.8557,0.9906,False
Russian,坎卦-static,y,-0.423,4,0.8458,0.9906,False
Russian,兌卦-static,z,0.293,3,0.8458,0.9906,False
Russian,兌卦-static,ɭʲ,-0.258,3,0.8159,0.9906,False
Russian,乾卦-static,o,-0.222,15,0.8358,0.9906,False
Russian,巽卦-static,j,-0.218,3,0.8557,0.9906,False
Russian,坎卦-dynamic,o,-0.216,9,0.8507,0.9906,False
Russian,兌卦-static,ɪ,0.214,4,0.8458,0.9906,False
Russian,乾卦-dynamic,v,-0.208,19,0.8159,0.9906,False
Russian,乾卦-static,u,0.187,15,0.8607,0.9906,False
Russian,艮卦-static,nʲ,0.184,8,0.8209,0.9906,False
Russian,離卦-static,vʲ,-0.179,6,0.8109,0.9906,False
Russian,離卦-dynamic,r,-0.173,47,0.806,0.9906,False
Russian,震卦-dynamic,tʲ,0.169,27,0.8458,0.9906,False
Russian,離卦-dynamic,nʲ,0.149,17,0.8408,0.9906,False
Russian,兌卦-dynamic,ʑ,-0.145,4,0.8458,0.9906,False
Russian,坤卦-dynamic,x,-0.137,10,0.806,0.9906,False
Russian,震卦-dynamic,ɭ,-0.135,17,0.8308,0.9906,False
Russian,乾卦-dynamic,dʲ,0.135,8,0.8159,0.9906,False
Russian,艮卦-dynamic,u,-0.129,26,0.8557,0.9906,False
Russian,艮卦-dynamic,ɭ,0.121,26,0.8507,0.9906,False
Russian,離卦-dynamic,bʲ,-0.117,3,0.8607,0.9906,False
Russian,艮卦-dynamic,ɡ,-0.115,9,0.8507,0.9906,False
Russian,兌卦-dynamic,kʲ,-0.113,4,0.8557,0.9906,False
Russian,坤卦-dynamic,z,0.112,20,0.8507,0.9906,False
Russian,兌卦-dynamic,ʃ,-0.111,16,0.8408,0.9906,False
Russian,乾卦-dynamic,t͡ʃʲ,-0.111,12,0.8557,0.9906,False
Russian,震卦-static,mʲ,0.104,15,0.8308,0.9906,False
Russian,中卦-static,s,0.102,83,0.8458,0.9906,False
Russian,艮卦-dynamic,s,-0.101,35,0.8607,0.9906,False
Russian,兌卦-dynamic,ɡ,-0.099,14,0.8159,0.9906,False
Russian,中卦-static,ʃ,-0.088,24,0.8308,0.9906,False
Russian,中卦-static,ɛ,-0.083,11,0.8408,0.9906,False
Russian,中卦-static,rʲ,-0.081,28,0.8607,0.9906,False
Russian,震卦-static,u,-0.079,54,0.8557,0.9906,False
Russian,兌卦-dynamic,y,0.072,37,0.8209,0.9906,False
Russian,乾卦-static,vʲ,0.196,4,0.8657,0.995,False
Russian,坎卦-dynamic,ʃ,-0.165,3,0.8706,0.9957,False
Russian,坤卦-dynamic,r,-0.096,69,0.8706,0.9957,False
Russian,中卦-static,ɭʲ,-0.086,31,0.8706,0.9957,False
Russian,坤卦-static,u,-0.21,6,0.8756,0.9988,False
Russian,兌卦-static,j,0.2,5,0.8756,0.9988,False
Russian,坎卦-static,a,-0.229,7,0.8806,0.9994,False
Russian,艮卦-dynamic,i,-0.151,61,0.8806,0.9994,False
Russian,離卦-dynamic,z,-0.107,12,0.8806,0.9994,False
Russian,中卦-dynamic,a,-0.322,3,0.8955,1.0,False
Russian,中卦-dynamic,u,0.24,3,0.9353,1.0,False
Russian,中卦-dynamic,o,-0.187,3,0.9204,1.0,False
Russian,坤卦-static,y,0.165,6,0.9005,1.0,False
Russian,乾卦-static,j͡a,0.154,4,0.8905,1.0,False
Russian,巽卦-static,v,-0.153,3,0.8955,1.0,False
Russian,坤卦-static,m,0.13,4,0.9552,1.0,False
Russian,巽卦-static,a,-0.124,6,0.9254,1.0,False
Russian,坎卦-dynamic,ɭ,0.122,8,0.8955,1.0,False
Russian,坤卦-static,tʲ,-0.117,7,0.9204,1.0,False
Russian,離卦-static,rʲ,0.113,14,0.8856,1.0,False
Russian,兌卦-static,n,0.106,9,0.9303,1.0,False
Russian,艮卦-static,pʲ,0.104,3,0.8905,1.0,False
Russian,乾卦-static,ɛ,0.103,3,0.9652,1.0,False
Russian,坎卦-static,k,-0.102,9,0.9453,1.0,False
Russian,坎卦-dynamic,a,0.101,11,0.9303,1.0,False
Russian,兌卦-static,ʃ,0.096,3,0.9502,1.0,False
Russian,中卦-static,m,0.094,37,0.8856,1.0,False
Russian,艮卦-static,k,-0.09,23,0.9204,1.0,False
Russian,艮卦-dynamic,sʲ,-0.082,8,0.9204,1.0,False
Russian,震卦-dynamic,a,-0.08,24,0.9154,1.0,False
Russian,坤卦-dynamic,j͡a,0.076,13,0.9104,1.0,False
Russian,離卦-static,ɡ,0.076,10,0.9055,1.0,False
Russian,艮卦-dynamic,f,0.072,7,0.8856,1.0,False
Russian,坤卦-dynamic,y,-0.071,39,0.8856,1.0,False
Russian,震卦-dynamic,z,0.071,8,0.9353,1.0,False
Russian,震卦-dynamic,t͡s,0.066,6,0.9403,1.0,False
Russian,離卦-static,bʲ,0.066,3,0.9453,1.0,False
Russian,坤卦-dynamic,v,0.06,32,0.9055,1.0,False
Russian,坤卦-dynamic,t͡ʃʲ,-0.055,18,0.9502,1.0,False
Russian,震卦-static,f,-0.053,13,0.9453,1.0,False
Russian,離卦-static,x,-0.05,6,0.9502,1.0,False
Russian,乾卦-dynamic,d,-0.048,17,0.9005,1.0,False
Russian,坤卦-dynamic,mʲ,-0.045,12,0.9403,1.0,False
Russian,兌卦-static,i,0.045,15,0.99,1.0,False
Russian,坤卦-dynamic,f,0.038,12,0.9254,1.0,False
Russian,艮卦-dynamic,v,0.037,18,0.9552,1.0,False
Russian,兌卦-dynamic,ɕ,0.037,5,0.9552,1.0,False
Russian,乾卦-dynamic,z,0.036,13,0.9552,1.0,False
Russian,震卦-static,d,-0.029,29,0.9801,1.0,False
Russian,中卦-static,ɡ,0.028,22,0.9701,1.0,False
Russian,坎卦-dynamic,ɡ,0.027,3,0.995,1.0,False
Russian,坎卦-dynamic,y,-0.026,7,0.9851,1.0,False
Russian,艮卦-static,v,-0.023,10,0.9851,1.0,False
Russian,震卦-static,p,0.022,46,0.9652,1.0,False
Russian,坤卦-static,nʲ,-0.02,3,0.9701,1.0,False
Russian,巽卦-dynamic,ɪ,-0.02,3,0.995,1.0,False
Russian,兌卦-static,a,-0.018,8,0.99,1.0,False
Russian,中卦-static,k,0.017,95,0.9701,1.0,False
Russian,乾卦-dynamic,sʲ,-0.017,10,0.9801,1.0,False
Russian,坎卦-dynamic,s,-0.015,11,1.0,1.0,False
Russian,兌卦-dynamic,sʲ,0.011,13,0.99,1.0,False
Russian,震卦-static,r,-0.01,83,0.9851,1.0,False
Russian,坤卦-static,k,0.008,10,0.9801,1.0,False
Russian,中卦-static,x,0.006,14,0.99,1.0,False
Russian,震卦-static,nʲ,0.006,26,1.0,1.0,False
Russian,艮卦-dynamic,j͡a,-0.005,7,0.995,1.0,False
Russian,坤卦-dynamic,t,0.003,66,0.995,1.0,False
Russian,巽卦-static,tʲ,-0.003,6,1.0,1.0,False
Russian,艮卦-static,mʲ,-0.002,4,1.0,1.0,False
Russian,艮卦-dynamic,mʲ,0.002,7,1.0,1.0,False
Russian,乾卦-static,b,0.002,6,0.995,1.0,False
Spanish,坎卦-dynamic,e͡ɪ,4.053,4,0.005,0.2183,False
Spanish,坎卦-static,a͡ʊ,3.816,4,0.005,0.2183,False
Spanish,兌卦-static,u,3.745,13,0.005,0.2183,False
Spanish,坤卦-static,ʎ,3.604,7,0.005,0.2183,False
Spanish,離卦-dynamic,ɲ,3.167,9,0.005,0.2183,False
Spanish,艮卦-static,ŋ,2.837,7,0.005,0.2183,False
Spanish,巽卦-static,ð,2.795,14,0.005,0.2183,False
Spanish,兌卦-dynamic,ɾ,2.595,266,0.005,0.2183,False
Spanish,艮卦-dynamic,d,2.525,21,0.005,0.2183,False
Spanish,艮卦-static,b,2.458,21,0.005,0.2183,False
Spanish,離卦-dynamic,p,2.395,50,0.005,0.2183,False
Spanish,離卦-dynamic,ɾ,2.015,168,0.005,0.2183,False
Spanish,離卦-dynamic,θ,-1.748,9,0.005,0.2183,False
Spanish,震卦-static,s,-1.602,37,0.005,0.2183,False
Spanish,坤卦-dynamic,r,1.562,33,0.005,0.2183,False
Spanish,坤卦-dynamic,o,1.479,286,0.005,0.2183,False
Spanish,巽卦-static,w,3.153,11,0.0149,0.3881,False
Spanish,艮卦-static,t͡ʃ,2.364,6,0.0149,0.3881,False
Spanish,乾卦-static,s,2.332,29,0.0149,0.3881,False
Spanish,坎卦-dynamic,e,2.177,44,0.0149,0.3881,False
Spanish,艮卦-static,t,-1.918,15,0.0149,0.3881,False
Spanish,震卦-dynamic,a,1.822,159,0.01,0.3881,False
Spanish,震卦-dynamic,θ,1.599,26,0.0149,0.3881,False
Spanish,震卦-static,a,1.409,297,0.0149,0.3881,False
Spanish,坤卦-dynamic,β,1.126,48,0.01,0.3881,False
Spanish,中卦-static,d,1.061,35,0.0149,0.3881,False
Spanish,乾卦-dynamic,ʝ,1.831,3,0.0199,0.4109,False
Spanish,震卦-dynamic,o,-1.674,38,0.0199,0.4109,False
Spanish,艮卦-static,l,1.638,45,0.0199,0.4109,False
Spanish,兌卦-dynamic,θ,-1.148,18,0.0199,0.4109,False
Spanish,震卦-static,θ,1.139,47,0.0199,0.4109,False
Spanish,兌卦-static,ɣ,2.733,5,0.0249,0.4851,False
Spanish,坎卦-dynamic,r,1.86,6,0.0249,0.4851,False
Spanish,巽卦-static,t,1.85,19,0.0299,0.4873,False
Spanish,艮卦-static,e,-1.511,38,0.0299,0.4873,False
Spanish,離卦-dynamic,l,-1.507,11,0.0299,0.4873,False
Spanish,震卦-static,r,1.21,26,0.0299,0.4873,False
Spanish,離卦-dynamic,x,-1.145,3,0.0299,0.4873,False
Spanish,中卦-static,k,1.004,104,0.0299,0.4873,False
Spanish,震卦-static,x,1.045,25,0.0348,0.5315,False
Spanish,中卦-static,ɾ,-0.941,97,0.0348,0.5315,False
Spanish,坤卦-dynamic,ð,0.882,65,0.0348,0.5315,False
Spanish,艮卦-dynamic,θ,1.299,21,0.0398,0.5478,False
Spanish,兌卦-dynamic,o,-1.055,91,0.0398,0.5478,False
Spanish,兌卦-dynamic,j,-1.035,6,0.0398,0.5478,False
Spanish,乾卦-dynamic,t͡ʃ,1.455,7,0.0448,0.5613,False
Spanish,艮卦-static,a,1.405,104,0.0448,0.5613,False
Spanish,離卦-dynamic,d,1.331,21,0.0448,0.5613,False
Spanish,離卦-static,s,-1.269,21,0.0448,0.5613,False
Spanish,兌卦-dynamic,a,1.046,229,0.0498,0.6022,False
Spanish,兌卦-static,x,2.036,3,0.0697,0.635,False
Spanish,乾卦-static,a,-1.666,27,0.0547,0.635,False
Spanish,中卦-static,ʝ,1.498,5,0.0697,0.635,False
Spanish,坎卦-dynamic,w,1.453,8,0.0697,0.635,False
Spanish,艮卦-dynamic,t,-1.354,24,0.0597,0.635,False
Spanish,離卦-static,ð,-1.224,7,0.0697,0.635,False
Spanish,離卦-static,ɡ,1.173,7,0.0697,0.635,False
Spanish,離卦-dynamic,o,-1.03,66,0.0597,0.635,False
Spanish,震卦-static,i,-0.917,70,0.0647,0.635,False
Spanish,坤卦-dynamic,j,0.891,68,0.0647,0.635,False
Spanish,坤卦-dynamic,d,-0.868,13,0.0697,0.635,False
Spanish,震卦-static,β,0.836,38,0.0697,0.635,False
Spanish,中卦-static,s,0.822,113,0.0597,0.635,False
Spanish,坤卦-dynamic,ɣ,-0.745,7,0.0697,0.635,False
Spanish,坎卦-static,ŋ,2.155,3,0.0746,0.6549,False
Spanish,離卦-dynamic,m,-1.054,19,0.0746,0.6549,False
Spanish,震卦-static,t͡ʃ,0.973,10,0.0746,0.6549,False
Spanish,乾卦-static,ɡ,1.958,4,0.0796,0.6574,False
Spanish,震卦-dynamic,n,1.158,57,0.0796,0.6574,False
Spanish,兌卦-dynamic,l,-0.893,33,0.0796,0.6574,False
Spanish,兌卦-static,β,2.113,5,0.0846,0.6747,False
Spanish,離卦-dynamic,e,1.129,116,0.0846,0.6747,False
Spanish,坎卦-dynamic,s,1.567,24,0.0896,0.6833,False
Spanish,兌卦-dynamic,t͡ʃ,0.918,8,0.0896,0.6833,False
Spanish,艮卦-static,x,1.121,9,0.0945,0.6912,False
Spanish,乾卦-dynamic,t,1.114,63,0.0945,0.6912,False
Spanish,離卦-static,a,1.05,126,0.0945,0.6912,False
Spanish,坤卦-static,ɣ,1.848,4,0.1045,0.7191,False
Spanish,坎卦-static,n,1.491,23,0.0995,0.7191,False
Spanish,離卦-static,t͡ʃ,1.177,5,0.1045,0.7191,False
Spanish,坤卦-dynamic,b,0.759,38,0.1045,0.7191,False
Spanish,巽卦-static,p,-1.546,4,0.1095,0.7249,False
Spanish,離卦-dynamic,ð,-0.977,12,0.1095,0.7249,False
Spanish,中卦-static,m,0.715,73,0.1095,0.7249,False
Spanish,艮卦-dynamic,o,-1.164,45,0.1144,0.7438,False
Spanish,乾卦-dynamic,n,1.087,63,0.1144,0.7438,False
Spanish,乾卦-dynamic,m,0.957,41,0.1194,0.7484,False
Spanish,坤卦-dynamic,ɲ,0.872,7,0.1194,0.7484,False
Spanish,中卦-dynamic,k,3.315,4,0.1244,0.7567,False
Spanish,中卦-dynamic,j,3.216,3,0.1244,0.7567,False
Spanish,巽卦-static,n,-1.546,6,0.1294,0.7567,False
Spanish,離卦-static,p,0.977,29,0.1244,0.7567,False
Spanish,震卦-dynamic,p,0.976,32,0.1294,0.7567,False
Spanish,乾卦-dynamic,r,0.881,13,0.1294,0.7567,False
Spanish,乾卦-static,l,-1.31,5,0.1343,0.7667,False
Spanish,乾卦-dynamic,j,0.851,33,0.1343,0.7667,False
Spanish,中卦-static,ɲ,0.73,6,0.1343,0.7667,False
Spanish,坎卦-dynamic,θ,-1.22,4,0.1393,0.77,False
Spanish,震卦-static,ɲ,0.831,6,0.1393,0.77,False
Spanish,震卦-static,o,-0.67,132,0.1393,0.77,False
Spanish,兌卦-static,n,-1.794,3,0.1542,0.8133,False
Spanish,兌卦-static,e,-1.703,9,0.1692,0.8133,False
Spanish,坎卦-dynamic,o,-1.337,18,0.1592,0.8133,False
Spanish,巽卦-static,θ,-1.283,3,0.1692,0.8133,False
Spanish,坎卦-static,θ,1.247,9,0.1692,0.8133,False
Spanish,坎卦-static,i,1.226,23,0.1692,0.8133,False
Spanish,震卦-dynamic,ð,-0.893,11,0.1642,0.8133,False
Spanish,震卦-dynamic,r,-0.872,4,0.1642,0.8133,False
Spanish,離卦-static,j,-0.817,6,0.1692,0.8133,False
Spanish,兌卦-dynamic,d,-0.693,11,0.1592,0.8133,False
Spanish,震卦-static,n,0.637,100,0.1542,0.8133,False
Spanish,坤卦-dynamic,x,0.618,24,0.1542,0.8133,False
Spanish,坤卦-dynamic,i,-0.582,89,0.1692,0.8133,False
Spanish,坤卦-static,o,1.683,24,0.1741,0.8204,False
Spanish,艮卦-dynamic,m,-0.812,16,0.1741,0.8204,False
Spanish,中卦-static,b,-0.607,13,0.1741,0.8204,False
Spanish,坎卦-static,p,-1.207,6,0.1791,0.8272,False
Spanish,艮卦-static,ɡ,0.983,5,0.1791,0.8272,False
Spanish,坎卦-static,ɡ,1.267,3,0.1841,0.8391,False
Spanish,艮卦-dynamic,a,0.83,115,0.1841,0.8391,False
Spanish,乾卦-static,o,1.177,46,0.1891,0.8453,False
Spanish,乾卦-dynamic,β,-0.787,8,0.1891,0.8453,False
Spanish,離卦-dynamic,f,0.754,19,0.1891,0.8453,False
Spanish,震卦-static,ʝ,0.683,3,0.199,0.8677,False
Spanish,震卦-static,ɾ,-0.66,109,0.199,0.8677,False
Spanish,中卦-static,t,0.532,106,0.199,0.8677,False
Spanish,坤卦-static,i,1.563,12,0.204,0.8731,False
Spanish,離卦-static,e,-0.79,60,0.204,0.8731,False
Spanish,巽卦-static,o,1.107,34,0.2189,0.8832,False
Spanish,乾卦-static,i,-1.064,13,0.2189,0.8832,False
Spanish,震卦-dynamic,l,-0.837,21,0.2189,0.8832,False
Spanish,離卦-dynamic,n,0.766,61,0.2189,0.8832,False
Spanish,坤卦-dynamic,a͡ʊ,0.62,6,0.2139,0.8832,False
Spanish,兌卦-dynamic,f,-0.603,7,0.2139,0.8832,False
Spanish,震卦-static,k,-0.541,52,0.2189,0.8832,False
Spanish,坤卦-dynamic,ɾ,-0.511,135,0.209,0.8832,False
Spanish,兌卦-static,l,1.532,11,0.2239,0.8906,False
Spanish,坤卦-static,a,-1.364,14,0.2488,0.8906,False
Spanish,巽卦-static,ɣ,1.169,5,0.2388,0.8906,False
Spanish,坎卦-static,t,1.124,21,0.2338,0.8906,False
Spanish,坎卦-dynamic,n,1.03,21,0.2338,0.8906,False
Spanish,坎卦-dynamic,l,-0.985,7,0.2537,0.8906,False
Spanish,坎卦-dynamic,b,0.98,7,0.2438,0.8906,False
Spanish,艮卦-static,θ,0.758,15,0.2388,0.8906,False
Spanish,艮卦-static,n,-0.734,22,0.2537,0.8906,False
Spanish,離卦-static,ʎ,0.709,12,0.2239,0.8906,False
Spanish,離卦-static,d,-0.703,6,0.2537,0.8906,False
Spanish,乾卦-dynamic,b,-0.7,6,0.2488,0.8906,False
Spanish,離卦-dynamic,j,-0.681,10,0.2438,0.8906,False
Spanish,震卦-dynamic,d,0.641,14,0.2488,0.8906,False
Spanish,乾卦-dynamic,i,0.641,61,0.2388,0.8906,False
Spanish,震卦-static,ɡ,0.623,12,0.2388,0.8906,False
Spanish,兌卦-dynamic,s,-0.545,55,0.2338,0.8906,False
Spanish,中卦-static,ɡ,-0.539,5,0.2338,0.8906,False
Spanish,坤卦-dynamic,ʎ,-0.515,6,0.2438,0.8906,False
Spanish,震卦-static,b,0.474,29,0.2438,0.8906,False
Spanish,震卦-dynamic,i,-0.753,37,0.2587,0.8946,False
Spanish,乾卦-dynamic,s,-0.704,35,0.2587,0.8946,False
Spanish,中卦-static,ʎ,-0.551,5,0.2587,0.8946,False
Spanish,震卦-dynamic,k,-0.814,22,0.2637,0.9024,False
Spanish,艮卦-static,p,-0.672,14,0.2687,0.9024,False
Spanish,中卦-static,r,-0.503,12,0.2637,0.9024,False
Spanish,兌卦-dynamic,p,0.5,47,0.2687,0.9024,False
Spanish,中卦-static,a,-0.435,216,0.2687,0.9024,False
Spanish,巽卦-dynamic,l,2.114,6,0.2736,0.9104,False
Spanish,巽卦-dynamic,m,2.125,4,0.2886,0.9335,False
Spanish,艮卦-dynamic,e,0.73,79,0.2886,0.9335,False
Spanish,乾卦-dynamic,ɡ,0.697,7,0.2886,0.9335,False
Spanish,艮卦-dynamic,f,-0.691,3,0.2886,0.9335,False
Spanish,艮卦-dynamic,r,0.619,9,0.2836,0.9335,False
Spanish,中卦-static,e,0.462,187,0.2836,0.9335,False
Spanish,兌卦-static,ɾ,-1.282,6,0.2935,0.9366,False
Spanish,坤卦-dynamic,k,-0.453,62,0.2935,0.9366,False
Spanish,巽卦-dynamic,i,2.109,6,0.3433,0.9367,False
Spanish,乾卦-static,ɛ,0.954,6,0.3184,0.9367,False
Spanish,乾卦-static,e,0.893,37,0.3383,0.9367,False
Spanish,坎卦-dynamic,u,-0.812,3,0.3035,0.9367,False
Spanish,坎卦-static,m,-0.795,7,0.3134,0.9367,False
Spanish,艮卦-dynamic,ð,0.691,23,0.3383,0.9367,False
Spanish,艮卦-dynamic,ɾ,0.683,85,0.3085,0.9367,False
Spanish,艮卦-static,k,-0.66,17,0.3483,0.9367,False
Spanish,乾卦-dynamic,ɾ,-0.638,62,0.3035,0.9367,False
Spanish,震卦-dynamic,e,0.634,90,0.3433,0.9367,False
Spanish,離卦-static,m,0.625,30,0.3483,0.9367,False
Spanish,離卦-dynamic,r,-0.621,6,0.3035,0.9367,False
Spanish,艮卦-static,d,-0.61,5,0.3333,0.9367,False
Spanish,乾卦-dynamic,p,-0.603,23,0.3085,0.9367,False
Spanish,離卦-dynamic,u,-0.537,14,0.3333,0.9367,False
Spanish,乾卦-dynamic,x,-0.529,6,0.3483,0.9367,False
Spanish,震卦-dynamic,u,-0.527,12,0.3483,0.9367,False
Spanish,中卦-static,o,0.478,210,0.3433,0.9367,False
Spanish,乾卦-dynamic,ð,-0.476,17,0.3483,0.9367,False
Spanish,坤卦-dynamic,t͡ʃ,-0.465,3,0.3184,0.9367,False
Spanish,震卦-static,d,0.456,26,0.3085,0.9367,False
Spanish,坤卦-dynamic,a,-0.452,228,0.3433,0.9367,False
Spanish,坤卦-dynamic,e,-0.413,165,0.3433,0.9367,False
Spanish,兌卦-dynamic,k,-0.408,46,0.3333,0.9367,False
Spanish,中卦-static,ɣ,-0.399,12,0.3085,0.9367,False
Spanish,中卦-static,j,-0.379,27,0.3134,0.9367,False
Spanish,坤卦-dynamic,m,-0.344,53,0.3234,0.9367,False
Spanish,兌卦-static,t,-1.312,5,0.3831,0.9375,False
Spanish,坤卦-static,p,-1.156,3,0.3881,0.9375,False
Spanish,坤卦-static,l,1.098,10,0.393,0.9375,False
Spanish,坤卦-static,s,0.97,10,0.4428,0.9375,False
Spanish,坎卦-static,e,0.849,35,0.3632,0.9375,False
Spanish,巽卦-static,a,-0.785,27,0.4527,0.9375,False
Spanish,乾卦-static,j,0.756,11,0.3881,0.9375,False
Spanish,巽卦-static,i,-0.727,11,0.4179,0.9375,False
Spanish,坎卦-dynamic,j,-0.723,3,0.4229,0.9375,False
Spanish,巽卦-static,s,0.697,15,0.4328,0.9375,False
Spanish,乾卦-static,t,-0.666,14,0.3682,0.9375,False
Spanish,坎卦-dynamic,x,0.614,4,0.4428,0.9375,False
Spanish,艮卦-static,m,0.593,23,0.403,0.9375,False
Spanish,乾卦-static,u,0.586,11,0.4279,0.9375,False
Spanish,艮卦-static,ɾ,-0.581,40,0.3682,0.9375,False
Spanish,艮卦-dynamic,i,0.567,46,0.4129,0.9375,False
Spanish,震卦-dynamic,s,0.563,49,0.398,0.9375,False
Spanish,離卦-dynamic,t,0.51,58,0.393,0.9375,False
Spanish,乾卦-dynamic,o,0.51,111,0.3532,0.9375,False
Spanish,震卦-dynamic,b,-0.486,7,0.4378,0.9375,False
Spanish,艮卦-static,r,-0.478,4,0.4527,0.9375,False
Spanish,離卦-static,t,0.459,44,0.4527,0.9375,False
Spanish,乾卦-dynamic,d,-0.451,9,0.4428,0.9375,False
Spanish,乾卦-dynamic,k,-0.431,31,0.4527,0.9375,False
Spanish,兌卦-dynamic,ð,-0.41,26,0.408,0.9375,False
Spanish,坤卦-dynamic,ɡ,0.395,12,0.4279,0.9375,False
Spanish,中卦-static,l,-0.384,62,0.3682,0.9375,False
Spanish,震卦-static,ɛ,0.384,20,0.4179,0.9375,False
Spanish,兌卦-dynamic,i,-0.359,69,0.4478,0.9375,False
Spanish,坤卦-dynamic,ɛ,-0.357,7,0.4328,0.9375,False
Spanish,兌卦-dynamic,m,0.352,50,0.3881,0.9375,False
Spanish,中卦-static,ð,0.35,50,0.398,0.9375,False
Spanish,兌卦-dynamic,u,-0.349,24,0.408,0.9375,False
Spanish,坤卦-dynamic,p,-0.335,51,0.4328,0.9375,False
Spanish,震卦-static,p,-0.328,45,0.4428,0.9375,False
Spanish,中卦-static,i,0.323,108,0.4328,0.9375,False
Spanish,巽卦-dynamic,p,1.554,3,0.4826,0.9387,False
Spanish,兌卦-static,i,0.832,10,0.5373,0.9387,False
Spanish,坤卦-static,e,-0.822,12,0.5174,0.9387,False
Spanish,坤卦-static,k,-0.821,4,0.5522,0.9387,False
Spanish,坤卦-static,ɾ,-0.817,9,0.5075,0.9387,False
Spanish,巽卦-static,ʎ,0.747,4,0.4627,0.9387,False
Spanish,坎卦-static,β,-0.663,3,0.4776,0.9387,False
Spanish,坎卦-static,o,-0.636,25,0.5124,0.9387,False
Spanish,乾卦-static,p,-0.612,8,0.5174,0.9387,False
Spanish,乾卦-static,ɾ,-0.609,22,0.5522,0.9387,False
Spanish,坎卦-static,a,-0.605,36,0.4826,0.9387,False
Spanish,乾卦-static,θ,0.579,8,0.5323,0.9387,False
Spanish,巽卦-static,β,0.561,5,0.5473,0.9387,False
Spanish,坎卦-dynamic,p,-0.522,8,0.5373,0.9387,False
Spanish,離卦-static,ŋ,0.51,3,0.4677,0.9387,False
Spanish,震卦-dynamic,m,-0.471,22,0.4577,0.9387,False
Spanish,乾卦-static,ð,-0.458,6,0.5522,0.9387,False
Spanish,艮卦-dynamic,j,-0.452,10,0.4826,0.9387,False
Spanish,震卦-dynamic,ʎ,0.45,11,0.4975,0.9387,False
Spanish,乾卦-dynamic,ɣ,-0.434,6,0.4577,0.9387,False
Spanish,艮卦-dynamic,ʎ,-0.418,3,0.4925,0.9387,False
Spanish,坤卦-dynamic,e͡ɪ,0.415,4,0.4726,0.9387,False
Spanish,離卦-static,o,0.411,87,0.4975,0.9387,False
Spanish,乾卦-dynamic,l,0.408,48,0.4776,0.9387,False
Spanish,離卦-dynamic,b,-0.406,9,0.5174,0.9387,False
Spanish,震卦-dynamic,w,0.403,11,0.5473,0.9387,False
Spanish,艮卦-static,β,-0.395,7,0.4627,0.9387,False
Spanish,離卦-dynamic,w,-0.392,4,0.5473,0.9387,False
Spanish,艮卦-static,s,-0.385,25,0.5522,0.9387,False
Spanish,乾卦-dynamic,w,-0.374,4,0.5323,0.9387,False
Spanish,艮卦-static,j,-0.361,9,0.5522,0.9387,False
Spanish,震卦-dynamic,j,-0.348,13,0.5423,0.9387,False
Spanish,中卦-static,f,-0.343,14,0.4776,0.9387,False
Spanish,乾卦-dynamic,a,-0.337,116,0.5224,0.9387,False
Spanish,兌卦-dynamic,n,-0.316,61,0.4776,0.9387,False
Spanish,兌卦-dynamic,x,0.3,15,0.5323,0.9387,False
Spanish,中卦-static,p,0.296,58,0.5075,0.9387,False
Spanish,坤卦-dynamic,t,-0.29,91,0.4975,0.9387,False
Spanish,坤卦-dynamic,w,-0.287,10,0.5224,0.9387,False
Spanish,坤卦-dynamic,l,-0.277,70,0.4925,0.9387,False
Spanish,震卦-static,ɣ,0.276,21,0.5274,0.9387,False
Spanish,坤卦-dynamic,s,-0.263,85,0.5473,0.9387,False
Spanish,坤卦-dynamic,θ,0.226,42,0.5522,0.9387,False
Spanish,中卦-dynamic,t,1.598,3,0.5622,0.9415,False
Spanish,巽卦-dynamic,e,-1.14,5,0.5622,0.9415,False
Spanish,兌卦-static,k,0.787,8,0.5721,0.9415,False
Spanish,坤卦-static,ð,0.761,5,0.5821,0.9415,False
Spanish,坤卦-static,j,0.706,5,0.5821,0.9415,False
Spanish,坎卦-dynamic,t,-0.566,14,0.5771,0.9415,False
Spanish,坎卦-static,l,-0.508,10,0.5672,0.9415,False
Spanish,坎卦-dynamic,d,-0.471,3,0.5672,0.9415,False
Spanish,艮卦-static,ɣ,0.402,8,0.5821,0.9415,False
Spanish,離卦-static,b,-0.393,7,0.5821,0.9415,False
Spanish,離卦-static,ɣ,0.352,10,0.5771,0.9415,False
Spanish,震卦-static,j,-0.276,28,0.5622,0.9415,False
Spanish,兌卦-dynamic,ʎ,-0.259,8,0.5821,0.9415,False
Spanish,震卦-static,e,0.238,167,0.5821,0.9415,False
Spanish,兌卦-dynamic,t,-0.232,67,0.5721,0.9415,False
Spanish,巽卦-static,ɾ,-0.561,17,0.602,0.9475,False
Spanish,艮卦-dynamic,p,0.406,24,0.597,0.9475,False
Spanish,艮卦-static,o,0.291,65,0.602,0.9475,False
Spanish,艮卦-dynamic,s,-0.28,32,0.597,0.9475,False
Spanish,坎卦-static,ɛ,0.46,4,0.607,0.9483,False
Spanish,乾卦-static,ʎ,0.358,4,0.607,0.9483,False
Spanish,離卦-static,k,0.328,35,0.6119,0.9483,False
Spanish,兌卦-dynamic,ɣ,-0.249,11,0.6119,0.9483,False
Spanish,坤卦-dynamic,n,0.228,101,0.6119,0.9483,False
Spanish,震卦-static,ð,0.216,44,0.6119,0.9483,False
Spanish,巽卦-dynamic,ɾ,0.99,9,0.6567,0.9513,False
Spanish,乾卦-static,k,0.477,16,0.6468,0.9513,False
Spanish,兌卦-static,p,0.471,5,0.6667,0.9513,False
Spanish,乾卦-static,d,0.413,5,0.6667,0.9513,False
Spanish,坎卦-dynamic,ɾ,0.406,34,0.6667,0.9513,False
Spanish,坎卦-dynamic,β,0.4,6,0.6418,0.9513,False
Spanish,乾卦-static,m,0.377,12,0.6667,0.9513,False
Spanish,乾卦-static,f,0.37,5,0.6716,0.9513,False
Spanish,坎卦-dynamic,k,-0.337,11,0.6517,0.9513,False
Spanish,乾卦-dynamic,ʎ,-0.306,5,0.6418,0.9513,False
Spanish,震卦-dynamic,β,0.292,15,0.6368,0.9513,False
Spanish,離卦-static,w,-0.285,4,0.6169,0.9513,False
Spanish,震卦-dynamic,x,0.278,9,0.6766,0.9513,False
Spanish,乾卦-dynamic,f,-0.275,8,0.6269,0.9513,False
Spanish,艮卦-static,f,-0.274,5,0.6269,0.9513,False
Spanish,離卦-static,i,-0.265,39,0.6816,0.9513,False
Spanish,離卦-static,r,-0.265,6,0.6816,0.9513,False
Spanish,離卦-static,β,-0.25,10,0.6965,0.9513,False
Spanish,離卦-static,x,0.24,8,0.6418,0.9513,False
Spanish,震卦-dynamic,t,0.236,46,0.6816,0.9513,False
Spanish,離卦-dynamic,ɛ,-0.233,5,0.6517,0.9513,False
Spanish,震卦-static,w,-0.224,10,0.6368,0.9513,False
Spanish,離卦-static,n,0.209,40,0.6766,0.9513,False
Spanish,離卦-static,l,-0.206,29,0.6965,0.9513,False
Spanish,坤卦-dynamic,u,-0.201,38,0.6418,0.9513,False
Spanish,中卦-static,n,-0.194,83,0.6866,0.9513,False
Spanish,兌卦-dynamic,e,0.186,136,0.6866,0.9513,False
Spanish,坤卦-dynamic,f,-0.184,18,0.6468,0.9513,False
Spanish,中卦-static,β,-0.166,25,0.6517,0.9513,False
Spanish,兌卦-dynamic,β,0.232,24,0.7015,0.9562,False
Spanish,坎卦-dynamic,i,-0.341,16,0.7065,0.958,False
Spanish,離卦-dynamic,ɣ,-0.235,8,0.7114,0.958,False
Spanish,震卦-dynamic,ɣ,-0.204,7,0.7114,0.958,False
Spanish,乾卦-dynamic,u,-0.187,19,0.7214,0.9591,False
Spanish,中卦-dynamic,a,-1.153,4,0.7512,0.9718,False
Spanish,中卦-dynamic,e,-1.068,3,0.7512,0.9718,False
Spanish,巽卦-dynamic,t,-0.62,3,0.791,0.9718,False
Spanish,巽卦-dynamic,a,-0.592,8,0.796,0.9718,False
Spanish,坤卦-static,t,-0.437,7,0.7562,0.9718,False
Spanish,巽卦-dynamic,o,-0.436,6,0.791,0.9718,False
Spanish,乾卦-static,n,0.339,18,0.7562,0.9718,False
Spanish,巽卦-static,e,0.323,25,0.7711,0.9718,False
Spanish,坎卦-dynamic,m,-0.305,9,0.7512,0.9718,False
Spanish,兌卦-static,s,0.301,8,0.796,0.9718,False
Spanish,坎卦-static,s,-0.257,14,0.7612,0.9718,False
Spanish,乾卦-static,b,0.252,5,0.7811,0.9718,False
Spanish,震卦-dynamic,t͡ʃ,0.193,3,0.7811,0.9718,False
Spanish,艮卦-dynamic,l,-0.179,28,0.7761,0.9718,False
Spanish,乾卦-dynamic,e,-0.175,86,0.7413,0.9718,False
Spanish,艮卦-dynamic,β,-0.174,10,0.7861,0.9718,False
Spanish,艮卦-dynamic,x,-0.172,6,0.796,0.9718,False
Spanish,中卦-static,x,0.143,18,0.7562,0.9718,False
Spanish,離卦-dynamic,β,-0.137,14,0.791,0.9718,False
Spanish,震卦-static,u,-0.113,36,0.7612,0.9718,False
Spanish,中卦-static,θ,0.088,38,0.7861,0.9718,False
Spanish,巽卦-static,k,0.239,11,0.806,0.9755,False
Spanish,離卦-dynamic,s,-0.148,46,0.806,0.9755,False
Spanish,兌卦-dynamic,r,-0.112,12,0.806,0.9755,False
Spanish,震卦-dynamic,ɾ,0.179,82,0.8109,0.9798,False
Spanish,坎卦-static,ɾ,0.206,31,0.8209,0.9817,False
Spanish,震卦-dynamic,ɛ,-0.151,5,0.8209,0.9817,False
Spanish,艮卦-dynamic,ɡ,-0.175,3,0.8358,0.9911,False
Spanish,坎卦-static,ð,0.158,8,0.8358,0.9911,False
Spanish,中卦-static,ɛ,-0.088,12,0.8358,0.9911,False
Spanish,坤卦-static,n,-0.22,7,0.8408,0.9937,False
Spanish,離卦-static,u,-0.135,16,0.8408,0.9937,False
Spanish,巽卦-dynamic,s,-0.343,3,0.8706,0.9946,False
Spanish,兌卦-static,ð,0.284,4,0.8557,0.9946,False
Spanish,兌卦-static,o,0.217,16,0.8507,0.9946,False
Spanish,離卦-static,f,0.174,10,0.8507,0.9946,False
Spanish,坤卦-static,u,0.159,4,0.8607,0.9946,False
Spanish,坎卦-dynamic,a,-0.155,41,0.8756,0.9946,False
Spanish,坎卦-dynamic,ð,-0.143,7,0.8507,0.9946,False
Spanish,坎卦-static,j,-0.125,6,0.8756,0.9946,False
Spanish,坎卦-dynamic,f,0.116,4,0.8657,0.9946,False
Spanish,乾卦-dynamic,ɛ,-0.115,6,0.8507,0.9946,False
Spanish,離卦-dynamic,i,-0.114,53,0.8458,0.9946,False
Spanish,艮卦-dynamic,b,0.104,10,0.8657,0.9946,False
Spanish,艮卦-dynamic,u,0.088,18,0.8756,0.9946,False
Spanish,中卦-static,w,0.082,17,0.8657,0.9946,False
Spanish,離卦-static,θ,0.079,16,0.8706,0.9946,False
Spanish,中卦-static,t͡ʃ,-0.07,5,0.8657,0.9946,False
Spanish,兌卦-dynamic,ɡ,0.069,7,0.8657,0.9946,False
Spanish,離卦-dynamic,a,-0.068,130,0.8706,0.9946,False
Spanish,離卦-dynamic,k,-0.055,39,0.8756,0.9946,False
Spanish,中卦-dynamic,o,0.65,5,0.8955,0.9993,False
Spanish,中卦-dynamic,ɾ,-0.442,3,0.9303,0.9993,False
Spanish,坤卦-static,θ,-0.146,3,0.9104,0.9993,False
Spanish,坎卦-static,u,0.124,8,0.8955,0.9993,False
Spanish,坎卦-static,k,-0.12,12,0.9055,0.9993,False
Spanish,巽卦-static,l,-0.095,10,0.9055,0.9993,False
Spanish,巽卦-static,b,-0.078,3,0.9353,0.9993,False
Spanish,震卦-static,l,0.078,74,0.9005,0.9993,False
Spanish,艮卦-static,u,-0.074,13,0.9104,0.9993,False
Spanish,震卦-static,m,0.068,55,0.8905,0.9993,False
Spanish,離卦-dynamic,ɡ,0.066,5,0.9254,0.9993,False
Spanish,坎卦-static,ɣ,-0.064,3,0.9453,0.9993,False
Spanish,中卦-static,u,0.062,44,0.8856,0.9993,False
Spanish,坎卦-static,r,0.06,3,0.9204,0.9993,False
Spanish,震卦-dynamic,f,-0.059,9,0.9204,0.9993,False
Spanish,坤卦-static,m,0.058,5,0.9801,0.9993,False
Spanish,乾卦-dynamic,θ,-0.058,19,0.9204,0.9993,False
Spanish,艮卦-static,i,-0.057,32,0.9303,0.9993,False
Spanish,巽卦-static,u,0.052,6,0.9502,0.9993,False
Spanish,震卦-static,ŋ,0.052,4,0.9204,0.9993,False
Spanish,兌卦-static,a,0.052,20,0.9801,0.9993,False
Spanish,坎卦-static,d,0.039,4,0.9453,0.9993,False
Spanish,艮卦-dynamic,n,0.033,36,0.9602,0.9993,False
Spanish,離卦-static,ɾ,-0.033,68,0.9403,0.9993,False
Spanish,震卦-static,t,-0.031,86,0.9552,0.9993,False
Spanish,乾卦-static,r,-0.027,3,0.9851,0.9993,False
Spanish,乾卦-static,x,-0.02,3,0.9751,0.9993,False
Spanish,兌卦-dynamic,b,0.017,18,0.9801,0.9993,False
Spanish,艮卦-dynamic,k,-0.015,29,0.9801,0.9993,False
Spanish,震卦-static,ʎ,-0.013,14,0.9851,0.9993,False
Spanish,艮卦-static,ð,0.012,14,0.9751,0.9993,False
Spanish,艮卦-static,ʎ,0.003,5,0.995,0.9993,False
Spanish,震卦-static,f,-0.003,19,1.0,1.0,False
Swahili,兌卦-static,o,3.669,27,0.005,0.2239,False
Swahili,坤卦-static,f,3.406,20,0.005,0.2239,False
Swahili,坤卦-static,s,2.953,21,0.005,0.2239,False
Swahili,震卦-dynamic,e,2.876,72,0.005,0.2239,False
Swahili,震卦-dynamic,l,2.352,33,0.005,0.2239,False
Swahili,中卦-static,h,2.069,45,0.005,0.2239,False
Swahili,中卦-static,w,2.036,78,0.005,0.2239,False
Swahili,乾卦-dynamic,w,1.932,33,0.005,0.2239,False
Swahili,中卦-static,s,1.919,89,0.005,0.2239,False
Swahili,兌卦-dynamic,k,1.68,102,0.005,0.2239,False
Swahili,震卦-static,a,-1.583,99,0.005,0.2239,False
Swahili,中卦-static,a,1.083,418,0.005,0.2239,False
Swahili,乾卦-static,ɲ,3.463,6,0.01,0.3161,False
Swahili,兌卦-static,a,-2.8,7,0.01,0.3161,False
Swahili,離卦-dynamic,ð,2.395,5,0.01,0.3161,False
Swahili,離卦-static,n,2.153,26,0.01,0.3161,False
Swahili,坤卦-dynamic,ð,1.822,6,0.01,0.3161,False
Swahili,離卦-dynamic,z,1.554,28,0.0149,0.4478,False
Swahili,兌卦-static,ɡ,2.431,7,0.0199,0.4885,False
Swahili,離卦-static,d,1.9,17,0.0199,0.4885,False
Swahili,乾卦-dynamic,b,1.416,45,0.0199,0.4885,False
Swahili,中卦-static,n,1.073,99,0.0199,0.4885,False
Swahili,艮卦-dynamic,t͡ʃ,1.445,29,0.0249,0.584,False
Swahili,離卦-dynamic,θ,2.697,3,0.0299,0.597,False
Swahili,離卦-static,p,1.863,17,0.0299,0.597,False
Swahili,中卦-static,i,0.951,315,0.0299,0.597,False
Swahili,坎卦-dynamic,ŋ,1.864,14,0.0348,0.6066,False
Swahili,離卦-dynamic,k,1.352,76,0.0348,0.6066,False
Swahili,離卦-dynamic,l,-1.117,10,0.0348,0.6066,False
Swahili,中卦-static,ʃ,-0.853,5,0.0348,0.6066,False
Swahili,巽卦-static,v,2.662,9,0.0448,0.6535,False
Swahili,艮卦-static,ʃ,1.649,15,0.0448,0.6535,False
Swahili,坎卦-dynamic,ɡ,1.524,17,0.0398,0.6535,False
Swahili,中卦-static,θ,1.342,4,0.0448,0.6535,False
Swahili,艮卦-dynamic,ɟ,-1.16,5,0.0448,0.6535,False
Swahili,艮卦-dynamic,k,1.122,89,0.0448,0.6535,False
Swahili,震卦-dynamic,t,1.272,26,0.0547,0.6567,False
Swahili,兌卦-dynamic,u,1.239,130,0.0498,0.6567,False
Swahili,離卦-dynamic,m,-1.097,31,0.0547,0.6567,False
Swahili,乾卦-dynamic,ɡ,-1.097,11,0.0547,0.6567,False
Swahili,艮卦-dynamic,b,1.041,50,0.0498,0.6567,False
Swahili,中卦-static,e,-0.842,53,0.0547,0.6567,False
Swahili,乾卦-static,h,2.127,4,0.0597,0.6716,False
Swahili,兌卦-dynamic,a,0.964,222,0.0597,0.6716,False
Swahili,中卦-static,ð,0.905,6,0.0597,0.6716,False
Swahili,坎卦-dynamic,w,1.261,12,0.0647,0.6848,False
Swahili,坤卦-dynamic,ŋ,-0.822,8,0.0647,0.6848,False
Swahili,中卦-static,o,-0.76,44,0.0647,0.6848,False
Swahili,巽卦-dynamic,ʃ,2.787,3,0.0746,0.6965,False
Swahili,巽卦-dynamic,v,2.564,4,0.0896,0.6965,False
Swahili,巽卦-dynamic,u,2.519,11,0.1045,0.6965,False
Swahili,兌卦-static,ŋ,2.125,5,0.1045,0.6965,False
Swahili,乾卦-static,j,1.67,3,0.0995,0.6965,False
Swahili,坎卦-static,ɟ,1.594,9,0.0945,0.6965,False
Swahili,坤卦-static,j,1.563,6,0.0746,0.6965,False
Swahili,坎卦-dynamic,l,1.375,16,0.1045,0.6965,False
Swahili,乾卦-dynamic,ð,1.15,3,0.1045,0.6965,False
Swahili,艮卦-static,t,1.123,19,0.0945,0.6965,False
Swahili,艮卦-static,ŋ,1.068,13,0.0995,0.6965,False
Swahili,震卦-dynamic,p,1.065,20,0.0945,0.6965,False
Swahili,乾卦-dynamic,m,1.035,89,0.0995,0.6965,False
Swahili,兌卦-dynamic,m,-0.991,42,0.0945,0.6965,False
Swahili,兌卦-dynamic,p,0.962,33,0.0697,0.6965,False
Swahili,震卦-static,z,0.942,25,0.0995,0.6965,False
Swahili,乾卦-dynamic,d,-0.909,10,0.0995,0.6965,False
Swahili,艮卦-dynamic,i,-0.83,95,0.0796,0.6965,False
Swahili,坤卦-dynamic,t,0.823,46,0.0697,0.6965,False
Swahili,震卦-static,p,-0.81,7,0.0945,0.6965,False
Swahili,坤卦-dynamic,ɡ,-0.783,21,0.0746,0.6965,False
Swahili,坤卦-dynamic,m,0.774,121,0.0945,0.6965,False
Swahili,中卦-static,p,-0.753,16,0.0896,0.6965,False
Swahili,中卦-static,m,-0.741,93,0.0995,0.6965,False
Swahili,中卦-static,t,0.683,68,0.0995,0.6965,False
Swahili,中卦-static,b,-0.642,39,0.1045,0.6965,False
Swahili,坤卦-dynamic,ɣ,1.246,4,0.1095,0.7036,False
Swahili,兌卦-dynamic,b,-0.712,20,0.1095,0.7036,False
Swahili,中卦-static,ɡ,-0.681,35,0.1095,0.7036,False
Swahili,巽卦-dynamic,ɟ,2.306,3,0.1144,0.7085,False
Swahili,坤卦-static,d,-1.203,3,0.1194,0.7085,False
Swahili,坤卦-dynamic,j,1.009,17,0.1194,0.7085,False
Swahili,中卦-static,u,-0.616,117,0.1194,0.7085,False
Swahili,艮卦-dynamic,l,-0.763,17,0.1244,0.7222,False
Swahili,乾卦-static,b,1.775,10,0.1294,0.7327,False
Swahili,離卦-static,e,1.291,31,0.1343,0.7327,False
Swahili,震卦-dynamic,b,-0.977,9,0.1343,0.7327,False
Swahili,艮卦-static,m,-0.967,19,0.1343,0.7327,False
Swahili,離卦-dynamic,b,-0.942,13,0.1343,0.7327,False
Swahili,中卦-static,ɟ,-0.597,22,0.1343,0.7327,False
Swahili,兌卦-static,d,1.574,5,0.1443,0.742,False
Swahili,離卦-static,u,-1.114,17,0.1443,0.742,False
Swahili,離卦-dynamic,ŋ,0.792,21,0.1443,0.742,False
Swahili,震卦-dynamic,m,-0.96,25,0.1542,0.7784,False
Swahili,兌卦-dynamic,d,-0.696,15,0.1542,0.7784,False
Swahili,離卦-dynamic,n,0.872,41,0.1592,0.7887,False
Swahili,坤卦-dynamic,ʃ,-0.732,5,0.1592,0.7887,False
Swahili,艮卦-dynamic,a,0.756,214,0.1692,0.8156,False
Swahili,巽卦-static,b,1.558,8,0.1741,0.8167,False
Swahili,乾卦-static,k,-1.526,4,0.1791,0.8167,False
Swahili,坤卦-static,e,-1.031,8,0.1841,0.8167,False
Swahili,震卦-dynamic,j,0.922,8,0.1791,0.8167,False
Swahili,艮卦-static,i,0.796,73,0.1841,0.8167,False
Swahili,艮卦-dynamic,j,-0.732,3,0.1891,0.8167,False
Swahili,兌卦-dynamic,t͡ʃ,0.652,20,0.1891,0.8167,False
Swahili,震卦-static,b,-0.63,19,0.1841,0.8167,False
Swahili,兌卦-dynamic,t,0.611,36,0.1791,0.8167,False
Swahili,巽卦-dynamic,i,-1.913,3,0.209,0.8297,False
Swahili,離卦-static,t͡ʃ,1.03,9,0.209,0.8297,False
Swahili,震卦-static,ð,0.965,3,0.209,0.8297,False
Swahili,震卦-dynamic,ɟ,-0.867,5,0.199,0.8297,False
Swahili,離卦-dynamic,h,0.786,12,0.204,0.8297,False
Swahili,乾卦-dynamic,k,-0.745,35,0.194,0.8297,False
Swahili,艮卦-dynamic,u,0.693,111,0.204,0.8297,False
Swahili,震卦-static,o,0.663,79,0.204,0.8297,False
Swahili,兌卦-dynamic,o,-0.649,29,0.199,0.8297,False
Swahili,坤卦-dynamic,w,0.588,30,0.209,0.8297,False
Swahili,震卦-static,i,0.583,138,0.204,0.8297,False
Swahili,震卦-static,ʃ,-0.619,5,0.2139,0.8371,False
Swahili,中卦-static,v,-0.586,4,0.2139,0.8371,False
Swahili,震卦-static,ɲ,0.727,13,0.2189,0.8504,False
Swahili,離卦-static,w,-0.875,3,0.2239,0.8574,False
Swahili,坤卦-dynamic,b,0.496,48,0.2239,0.8574,False
Swahili,離卦-static,ɟ,-0.91,3,0.2338,0.8708,False
Swahili,坎卦-dynamic,m,-0.841,17,0.2338,0.8708,False
Swahili,坎卦-dynamic,f,0.814,9,0.2338,0.8708,False
Swahili,震卦-dynamic,n,-0.791,15,0.2388,0.8713,False
Swahili,離卦-dynamic,a,0.643,168,0.2388,0.8713,False
Swahili,兌卦-static,n,1.397,7,0.2637,0.8792,False
Swahili,坎卦-dynamic,z,-0.915,3,0.2587,0.8792,False
Swahili,坎卦-dynamic,d,-0.792,5,0.2687,0.8792,False
Swahili,坎卦-dynamic,b,-0.748,7,0.2687,0.8792,False
Swahili,兌卦-dynamic,j,-0.73,3,0.2537,0.8792,False
Swahili,震卦-dynamic,d,0.656,18,0.2637,0.8792,False
Swahili,乾卦-dynamic,ɟ,-0.656,9,0.2587,0.8792,False
Swahili,震卦-static,f,-0.617,5,0.2637,0.8792,False
Swahili,坤卦-dynamic,p,-0.532,14,0.2637,0.8792,False
Swahili,艮卦-dynamic,n,-0.524,30,0.2587,0.8792,False
Swahili,乾卦-static,ŋ,1.22,5,0.2786,0.8798,False
Swahili,坤卦-static,r,-0.913,3,0.2786,0.8798,False
Swahili,震卦-dynamic,u,-0.659,36,0.2736,0.8798,False
Swahili,震卦-static,t,0.528,31,0.2786,0.8798,False
Swahili,中卦-dynamic,i,3.01,6,0.3134,0.8846,False
Swahili,中卦-dynamic,m,2.859,4,0.3433,0.8846,False
Swahili,巽卦-dynamic,a,1.373,15,0.393,0.8846,False
Swahili,兌卦-static,i,-1.275,9,0.3632,0.8846,False
Swahili,巽卦-static,n,-1.051,3,0.3383,0.8846,False
Swahili,兌卦-static,e,0.977,9,0.398,0.8846,False
Swahili,坎卦-static,m,0.966,25,0.3731,0.8846,False
Swahili,坎卦-static,r,0.932,10,0.3632,0.8846,False
Swahili,坎卦-static,b,0.927,11,0.3035,0.8846,False
Swahili,坎卦-static,a,0.857,50,0.3881,0.8846,False
Swahili,坤卦-static,ɟ,-0.837,3,0.2935,0.8846,False
Swahili,坎卦-dynamic,t,0.821,14,0.2935,0.8846,False
Swahili,坤卦-static,a,0.816,72,0.3184,0.8846,False
Swahili,坎卦-dynamic,r,-0.8,4,0.3085,0.8846,False
Swahili,坎卦-dynamic,e,-0.777,11,0.3134,0.8846,False
Swahili,坎卦-dynamic,s,-0.736,4,0.3383,0.8846,False
Swahili,坤卦-static,m,-0.73,17,0.3333,0.8846,False
Swahili,坎卦-dynamic,ɟ,0.673,10,0.3483,0.8846,False
Swahili,震卦-dynamic,ŋ,-0.666,5,0.3035,0.8846,False
Swahili,坎卦-dynamic,k,0.665,28,0.3831,0.8846,False
Swahili,震卦-dynamic,k,0.663,45,0.3134,0.8846,False
Swahili,艮卦-static,ɡ,0.657,16,0.2836,0.8846,False
Swahili,震卦-dynamic,ʃ,-0.655,3,0.3134,0.8846,False
Swahili,震卦-static,m,0.651,87,0.2886,0.8846,False
Swahili,離卦-static,l,0.646,13,0.393,0.8846,False
Swahili,艮卦-static,f,0.637,10,0.3483,0.8846,False
Swahili,艮卦-static,u,0.629,48,0.3184,0.8846,False
Swahili,艮卦-static,k,-0.593,21,0.3781,0.8846,False
Swahili,震卦-static,n,0.563,41,0.3483,0.8846,False
Swahili,艮卦-static,s,-0.562,6,0.3632,0.8846,False
Swahili,震卦-dynamic,s,0.561,17,0.403,0.8846,False
Swahili,艮卦-static,e,-0.559,16,0.3682,0.8846,False
Swahili,乾卦-dynamic,ŋ,-0.552,8,0.3632,0.8846,False
Swahili,兌卦-dynamic,s,-0.528,14,0.2886,0.8846,False
Swahili,離卦-dynamic,f,0.526,17,0.3532,0.8846,False
Swahili,乾卦-dynamic,l,-0.526,16,0.3035,0.8846,False
Swahili,離卦-dynamic,i,-0.524,87,0.3682,0.8846,False
Swahili,乾卦-dynamic,n,-0.518,24,0.403,0.8846,False
Swahili,震卦-static,j,-0.499,4,0.3632,0.8846,False
Swahili,艮卦-dynamic,v,-0.494,4,0.3483,0.8846,False
Swahili,兌卦-dynamic,e,-0.483,38,0.3433,0.8846,False
Swahili,乾卦-dynamic,p,0.482,21,0.3632,0.8846,False
Swahili,震卦-static,t͡ʃ,0.474,16,0.3731,0.8846,False
Swahili,坤卦-dynamic,e,0.472,74,0.3134,0.8846,False
Swahili,乾卦-dynamic,t͡ʃ,-0.469,6,0.3881,0.8846,False
Swahili,離卦-dynamic,s,-0.467,12,0.3881,0.8846,False
Swahili,艮卦-dynamic,s,-0.462,15,0.3134,0.8846,False
Swahili,兌卦-dynamic,z,0.46,23,0.3284,0.8846,False
Swahili,坤卦-dynamic,t͡ʃ,-0.459,9,0.3582,0.8846,False
Swahili,坤卦-dynamic,u,-0.459,82,0.2886,0.8846,False
Swahili,兌卦-dynamic,n,-0.447,31,0.3881,0.8846,False
Swahili,坤卦-dynamic,s,-0.443,18,0.3831,0.8846,False
Swahili,坤卦-dynamic,i,-0.438,132,0.3632,0.8846,False
Swahili,震卦-static,u,0.438,90,0.398,0.8846,False
Swahili,艮卦-dynamic,ɲ,-0.437,5,0.3582,0.8846,False
Swahili,離卦-dynamic,w,0.436,19,0.3731,0.8846,False
Swahili,艮卦-dynamic,o,-0.434,39,0.3582,0.8846,False
Swahili,兌卦-dynamic,r,-0.43,18,0.3632,0.8846,False
Swahili,坤卦-dynamic,k,-0.42,61,0.398,0.8846,False
Swahili,離卦-dynamic,u,0.41,81,0.403,0.8846,False
Swahili,中卦-static,t͡ʃ,-0.409,15,0.3234,0.8846,False
Swahili,坤卦-dynamic,ɲ,0.387,14,0.3682,0.8846,False
Swahili,兌卦-dynamic,i,-0.355,115,0.3881,0.8846,False
Swahili,坎卦-static,z,0.749,6,0.408,0.8847,False
Swahili,中卦-static,r,0.351,60,0.408,0.8847,False
Swahili,坤卦-static,v,0.678,9,0.4179,0.8991,False
Swahili,坤卦-dynamic,z,-0.35,17,0.4179,0.8991,False
Swahili,震卦-static,v,-0.41,5,0.4279,0.9096,False
Swahili,中卦-static,l,-0.303,42,0.4279,0.9096,False
Swahili,兌卦-static,p,0.999,4,0.4478,0.9232,False
Swahili,兌卦-static,ʃ,0.951,3,0.4577,0.9232,False
Swahili,巽卦-static,a,-0.779,20,0.4876,0.9232,False
Swahili,兌卦-static,u,-0.754,7,0.4577,0.9232,False
Swahili,乾卦-static,o,-0.739,4,0.4826,0.9232,False
Swahili,巽卦-static,ʃ,0.695,3,0.4975,0.9232,False
Swahili,坤卦-static,w,-0.544,4,0.4478,0.9232,False
Swahili,離卦-static,t,0.536,13,0.4925,0.9232,False
Swahili,坤卦-static,ɡ,-0.529,7,0.4925,0.9232,False
Swahili,離卦-static,m,-0.486,22,0.4925,0.9232,False
Swahili,艮卦-static,a,-0.464,71,0.4527,0.9232,False
Swahili,乾卦-dynamic,a,-0.444,129,0.4627,0.9232,False
Swahili,兌卦-dynamic,ɲ,-0.434,5,0.4627,0.9232,False
Swahili,震卦-dynamic,o,-0.416,23,0.4577,0.9232,False
Swahili,離卦-dynamic,p,0.381,20,0.4776,0.9232,False
Swahili,坤卦-dynamic,r,-0.355,23,0.4478,0.9232,False
Swahili,坤卦-dynamic,l,0.353,37,0.4527,0.9232,False
Swahili,兌卦-dynamic,ɟ,-0.352,15,0.4577,0.9232,False
Swahili,中卦-static,ŋ,-0.295,24,0.4876,0.9232,False
Swahili,中卦-static,f,-0.269,19,0.4925,0.9232,False
Swahili,巽卦-static,l,0.771,5,0.5224,0.9341,False
Swahili,震卦-static,e,-0.341,37,0.5224,0.9341,False
Swahili,乾卦-dynamic,r,0.341,26,0.5174,0.9341,False
Swahili,坤卦-dynamic,ɟ,0.276,27,0.5174,0.9341,False
Swahili,乾卦-static,ɡ,0.757,6,0.5274,0.9386,False
Swahili,乾卦-static,e,0.705,11,0.5423,0.9386,False
Swahili,離卦-static,ŋ,-0.486,4,0.5423,0.9386,False
Swahili,震卦-dynamic,z,0.404,13,0.5323,0.9386,False
Swahili,離卦-dynamic,ɟ,-0.363,12,0.5373,0.9386,False
Swahili,中卦-static,ɲ,-0.251,12,0.5373,0.9386,False
Swahili,中卦-static,d,-0.219,38,0.5423,0.9386,False
Swahili,中卦-static,z,-0.218,29,0.5373,0.9386,False
Swahili,震卦-static,ɡ,0.301,28,0.5473,0.9442,False
Swahili,離卦-dynamic,o,-0.362,34,0.5572,0.9457,False
Swahili,離卦-dynamic,r,-0.333,16,0.5522,0.9457,False
Swahili,兌卦-dynamic,w,0.306,22,0.5572,0.9457,False
Swahili,兌卦-dynamic,ŋ,-0.298,13,0.5622,0.9457,False
Swahili,乾卦-static,w,0.551,4,0.5672,0.9482,False
Swahili,乾卦-dynamic,j,-0.425,4,0.5672,0.9482,False
Swahili,離卦-static,a,-0.43,60,0.5721,0.9536,False
Swahili,乾卦-static,r,0.603,6,0.5821,0.9583,False
Swahili,震卦-dynamic,w,-0.391,8,0.5771,0.9583,False
Swahili,乾卦-dynamic,ʃ,0.334,14,0.5821,0.9583,False
Swahili,中卦-static,j,-0.274,11,0.5821,0.9583,False
Swahili,坤卦-static,h,0.4,4,0.5871,0.9607,False
Swahili,艮卦-dynamic,ʃ,0.29,17,0.5871,0.9607,False
Swahili,離卦-static,k,-0.434,19,0.592,0.963,False
Swahili,坤卦-static,b,-0.479,8,0.597,0.9652,False
Swahili,離卦-static,i,0.476,56,0.597,0.9652,False
Swahili,坎卦-dynamic,u,0.394,36,0.6119,0.9806,False
Swahili,巽卦-static,s,0.559,4,0.6219,0.9812,False
Swahili,離卦-static,ʃ,-0.422,3,0.6269,0.9812,False
Swahili,坎卦-static,k,-0.392,12,0.6219,0.9812,False
Swahili,艮卦-static,d,0.321,12,0.6269,0.9812,False
Swahili,艮卦-static,b,-0.297,12,0.6219,0.9812,False
Swahili,震卦-static,d,-0.252,18,0.6269,0.9812,False
Swahili,巽卦-static,f,0.593,3,0.6667,0.9822,False
Swahili,巽卦-static,d,0.508,4,0.6368,0.9822,False
Swahili,兌卦-static,m,-0.502,7,0.6766,0.9822,False
Swahili,坎卦-static,p,-0.446,3,0.6517,0.9822,False
Swahili,坎卦-static,o,0.429,18,0.6766,0.9822,False
Swahili,艮卦-static,r,0.415,15,0.6318,0.9822,False
Swahili,坤卦-static,ɲ,0.407,4,0.6517,0.9822,False
Swahili,坎卦-static,l,-0.387,5,0.6468,0.9822,False
Swahili,坤卦-static,t,0.381,11,0.6368,0.9822,False
Swahili,離卦-static,r,0.334,12,0.6567,0.9822,False
Swahili,乾卦-dynamic,h,0.3,9,0.6617,0.9822,False
Swahili,乾卦-dynamic,ɲ,-0.285,5,0.6368,0.9822,False
Swahili,乾卦-dynamic,s,-0.281,14,0.6418,0.9822,False
Swahili,震卦-dynamic,ɡ,-0.28,14,0.6766,0.9822,False
Swahili,震卦-dynamic,i,-0.265,69,0.6667,0.9822,False
Swahili,艮卦-static,o,-0.248,21,0.6766,0.9822,False
Swahili,震卦-static,s,0.239,22,0.6468,0.9822,False
Swahili,離卦-dynamic,t,0.233,25,0.6716,0.9822,False
Swahili,艮卦-dynamic,t,-0.223,25,0.6667,0.9822,False
Swahili,兌卦-dynamic,ʃ,0.216,16,0.6766,0.9822,False
Swahili,震卦-static,l,0.2,26,0.6667,0.9822,False
Swahili,巽卦-dynamic,k,0.762,5,0.6816,0.9834,False
Swahili,乾卦-static,ɟ,0.446,4,0.6866,0.9834,False
Swahili,艮卦-static,ɟ,-0.289,7,0.6816,0.9834,False
Swahili,乾卦-dynamic,v,0.257,15,0.6866,0.9834,False
Swahili,離卦-dynamic,v,-0.255,7,0.6866,0.9834,False
Swahili,巽卦-static,k,0.481,10,0.6915,0.9879,False
Swahili,巽卦-dynamic,m,0.591,6,0.7264,0.9895,False
Swahili,乾卦-static,t͡ʃ,0.532,3,0.7065,0.9895,False
Swahili,兌卦-static,b,-0.409,3,0.7363,0.9895,False
Swahili,坎卦-static,i,-0.401,26,0.7512,0.9895,False
Swahili,乾卦-static,n,0.39,7,0.7164,0.9895,False
Swahili,乾卦-static,m,0.333,14,0.7861,0.9895,False
Swahili,坎卦-dynamic,ɲ,0.299,4,0.7114,0.9895,False
Swahili,坎卦-static,s,-0.286,4,0.7861,0.9895,False
Swahili,坤卦-static,u,0.284,32,0.7313,0.9895,False
Swahili,離卦-static,o,-0.282,17,0.7164,0.9895,False
Swahili,坤卦-static,z,0.269,7,0.7114,0.9895,False
Swahili,兌卦-static,s,0.265,3,0.796,0.9895,False
Swahili,坎卦-static,d,0.24,6,0.8458,0.9895,False
Swahili,兌卦-static,k,0.226,8,0.8756,0.9895,False
Swahili,艮卦-dynamic,f,-0.223,11,0.7015,0.9895,False
Swahili,坎卦-static,ɡ,0.215,7,0.7761,0.9895,False
Swahili,坎卦-static,u,-0.206,18,0.8159,0.9895,False
Swahili,震卦-dynamic,ɲ,-0.206,4,0.7065,0.9895,False
Swahili,艮卦-dynamic,z,-0.203,16,0.7214,0.9895,False
Swahili,坤卦-static,t͡ʃ,0.202,5,0.8109,0.9895,False
Swahili,乾卦-dynamic,f,-0.202,9,0.7512,0.9895,False
Swahili,坎卦-dynamic,p,0.198,8,0.8358,0.9895,False
Swahili,坤卦-static,k,-0.195,19,0.8358,0.9895,False
Swahili,坎卦-static,n,-0.195,8,0.8557,0.9895,False
Swahili,坤卦-dynamic,o,0.194,80,0.7214,0.9895,False
Swahili,坎卦-dynamic,i,0.192,50,0.796,0.9895,False
Swahili,離卦-static,s,-0.183,7,0.8408,0.9895,False
Swahili,震卦-dynamic,h,0.181,6,0.791,0.9895,False
Swahili,離卦-static,z,-0.181,6,0.8109,0.9895,False
Swahili,坎卦-dynamic,ʃ,-0.18,4,0.801,0.9895,False
Swahili,艮卦-dynamic,ɡ,0.17,30,0.7065,0.9895,False
Swahili,離卦-dynamic,ɡ,0.159,24,0.7463,0.9895,False
Swahili,離卦-static,ɡ,0.151,11,0.8806,0.9895,False
Swahili,乾卦-static,a,0.149,30,0.8706,0.9895,False
Swahili,坤卦-dynamic,a,0.147,221,0.8109,0.9895,False
Swahili,離卦-static,b,-0.146,11,0.8259,0.9895,False
Swahili,兌卦-dynamic,f,-0.145,12,0.7612,0.9895,False
Swahili,乾卦-static,l,-0.142,4,0.8905,0.9895,False
Swahili,離卦-dynamic,ɲ,-0.141,6,0.7562,0.9895,False
Swahili,巽卦-static,m,0.139,11,0.8706,0.9895,False
Swahili,艮卦-dynamic,d,0.138,25,0.7861,0.9895,False
Swahili,艮卦-dynamic,h,-0.137,8,0.7861,0.9895,False
Swahili,兌卦-dynamic,ɡ,-0.133,26,0.7861,0.9895,False
Swahili,兌卦-dynamic,h,-0.132,8,0.8806,0.9895,False
Swahili,坤卦-dynamic,n,0.131,47,0.7612,0.9895,False
Swahili,離卦-dynamic,e,-0.13,38,0.8458,0.9895,False
Swahili,震卦-static,r,-0.129,21,0.8209,0.9895,False
Swahili,乾卦-dynamic,u,-0.128,65,0.8109,0.9895,False
Swahili,艮卦-dynamic,w,-0.125,17,0.7562,0.9895,False
Swahili,乾卦-dynamic,t,-0.125,21,0.8259,0.9895,False
Swahili,離卦-dynamic,ʃ,0.124,12,0.8259,0.9895,False
Swahili,坤卦-static,ŋ,0.118,6,0.8806,0.9895,False
Swahili,震卦-dynamic,f,0.115,9,0.8756,0.9895,False
Swahili,艮卦-dynamic,ŋ,0.114,18,0.8358,0.9895,False
Swahili,坤卦-dynamic,d,-0.11,26,0.8408,0.9895,False
Swahili,艮卦-static,n,-0.11,16,0.8507,0.9895,False
Swahili,艮卦-dynamic,e,-0.102,48,0.8806,0.9895,False
Swahili,兌卦-dynamic,l,0.101,28,0.8507,0.9895,False
Swahili,艮卦-dynamic,r,0.097,28,0.8408,0.9895,False
Swahili,艮卦-static,p,-0.094,8,0.8507,0.9895,False
Swahili,坤卦-dynamic,f,0.092,18,0.8507,0.9895,False
Swahili,坤卦-dynamic,h,-0.073,10,0.8905,0.9895,False
Swahili,震卦-static,ɟ,0.073,18,0.8756,0.9895,False
Swahili,中卦-static,k,-0.053,111,0.8905,0.9895,False
Swahili,坎卦-static,t,-0.133,6,0.9055,0.9898,False
Swahili,乾卦-static,u,-0.133,13,0.9005,0.9898,False
Swahili,坤卦-static,n,-0.118,12,0.8955,0.9898,False
Swahili,乾卦-dynamic,e,0.078,42,0.8955,0.9898,False
Swahili,乾卦-dynamic,z,0.058,15,0.9055,0.9898,False
Swahili,坎卦-dynamic,n,0.072,14,0.9104,0.9932,False
Swahili,巽卦-static,t,0.106,4,0.9204,0.998,False
Swahili,坎卦-dynamic,o,-0.071,20,0.9204,0.998,False
Swahili,乾卦-dynamic,o,0.054,49,0.9204,0.998,False
Swahili,中卦-dynamic,a,-0.161,4,0.9701,0.9987,False
Swahili,巽卦-static,o,0.158,9,0.9254,0.9987,False
Swahili,巽卦-static,u,-0.144,11,0.9254,0.9987,False
Swahili,巽卦-dynamic,o,0.116,4,0.9403,0.9987,False
Swahili,巽卦-dynamic,e,-0.095,3,0.9403,0.9987,False
Swahili,坎卦-dynamic,a,-0.065,64,0.9403,0.9987,False
Swahili,震卦-dynamic,a,-0.062,103,0.9303,0.9987,False
Swahili,坤卦-dynamic,v,-0.051,15,0.9403,0.9987,False
Swahili,離卦-static,j,0.048,3,0.9602,0.9987,False
Swahili,坤卦-static,o,-0.038,19,0.9701,0.9987,False
Swahili,艮卦-dynamic,p,0.038,20,0.9453,0.9987,False
Swahili,坤卦-static,i,-0.035,43,0.9701,0.9987,False
Swahili,艮卦-dynamic,m,-0.033,75,0.9403,0.9987,False
Swahili,巽卦-static,e,0.033,7,0.9801,0.9987,False
Swahili,巽卦-static,i,0.033,18,0.9751,0.9987,False
Swahili,震卦-static,k,-0.033,54,0.9403,0.9987,False
Swahili,震卦-static,w,-0.032,16,0.9453,0.9987,False
Swahili,艮卦-static,w,-0.031,8,0.9602,0.9987,False
Swahili,震卦-static,ŋ,0.028,15,0.9652,0.9987,False
Swahili,艮卦-static,l,0.027,12,0.9602,0.9987,False
Swahili,離卦-dynamic,d,0.024,19,0.99,0.9987,False
Swahili,乾卦-dynamic,i,-0.013,104,0.9652,0.9987,False
Swahili,震卦-dynamic,r,-0.011,15,0.9851,0.9987,False
Swahili,艮卦-static,v,-0.007,6,0.995,0.9987,False
Swahili,艮卦-static,z,-0.005,8,0.99,0.9987,False
Swahili,艮卦-static,h,0.004,4,0.995,0.9987,False
Swahili,乾卦-static,i,0.009,21,1.0,1.0,False
Thai,兌卦-static,o,3.038,6,0.0199,0.3198,False
Thai,乾卦-dynamic,f,2.653,32,0.005,0.3198,False
Thai,巽卦-static,j,2.397,15,0.005,0.3198,False
Thai,乾卦-dynamic,ɹ,2.286,67,0.01,0.3198,False
Thai,艮卦-static,i,2.189,17,0.01,0.3198,False
Thai,巽卦-static,e,2.109,32,0.0199,0.3198,False
Thai,兌卦-dynamic,p,2.005,50,0.005,0.3198,False
Thai,坎卦-dynamic,p,1.911,27,0.01,0.3198,False
Thai,兌卦-dynamic,c,1.906,28,0.0149,0.3198,False
Thai,坤卦-static,ɡ,1.889,18,0.0149,0.3198,False
Thai,兌卦-dynamic,r,1.768,23,0.0199,0.3198,False
Thai,兌卦-dynamic,a͡i,1.736,17,0.0149,0.3198,False
Thai,中卦-static,c,1.732,63,0.005,0.3198,False
Thai,艮卦-static,ɡ,1.728,34,0.005,0.3198,False
Thai,兌卦-dynamic,j,1.629,43,0.0149,0.3198,False
Thai,離卦-static,ɹ,1.574,35,0.005,0.3198,False
Thai,乾卦-dynamic,w,1.536,47,0.01,0.3198,False
Thai,離卦-static,l,1.508,35,0.0149,0.3198,False
Thai,離卦-dynamic,t,1.434,67,0.0149,0.3198,False
Thai,兌卦-dynamic,a,-1.43,171,0.0149,0.3198,False
Thai,離卦-dynamic,c,1.412,34,0.0199,0.3198,False
Thai,兌卦-dynamic,ɹ,-1.401,3,0.01,0.3198,False
Thai,兌卦-dynamic,e,1.251,92,0.01,0.3198,False
Thai,震卦-static,a͡i,1.22,32,0.0199,0.3198,False
Thai,兌卦-dynamic,ʔ,1.166,56,0.0199,0.3198,False
Thai,坤卦-dynamic,w,1.121,54,0.01,0.3198,False
Thai,乾卦-dynamic,ʔ,-1.083,31,0.0149,0.3198,False
Thai,震卦-static,t,1.004,91,0.0199,0.3198,False
Thai,離卦-static,a,1.577,261,0.0249,0.3498,False
Thai,坤卦-dynamic,j,1.034,69,0.0249,0.3498,False
Thai,中卦-static,l,-0.903,32,0.0249,0.3498,False
Thai,中卦-static,h,0.884,241,0.0249,0.3498,False
Thai,乾卦-dynamic,a,1.208,392,0.0299,0.4071,False
Thai,兌卦-dynamic,u,1.17,45,0.0348,0.4236,False
Thai,離卦-dynamic,h,0.949,148,0.0348,0.4236,False
Thai,中卦-static,ʔ,-0.709,62,0.0348,0.4236,False
Thai,震卦-dynamic,a,-1.079,188,0.0398,0.4713,False
Thai,艮卦-static,ʔ,1.219,40,0.0448,0.4797,False
Thai,離卦-dynamic,p,1.059,55,0.0448,0.4797,False
Thai,離卦-static,i,-1.223,6,0.0498,0.5088,False
Thai,震卦-dynamic,ɡ,-1.075,17,0.0498,0.5088,False
Thai,坎卦-static,u,1.745,21,0.0547,0.5131,False
Thai,乾卦-static,n,1.738,43,0.0547,0.5131,False
Thai,兌卦-dynamic,w,-1.336,8,0.0547,0.5131,False
Thai,乾卦-dynamic,e,-1.021,50,0.0547,0.5131,False
Thai,艮卦-static,w,1.284,20,0.0597,0.5166,False
Thai,震卦-dynamic,a͡i,1.202,15,0.0597,0.5166,False
Thai,離卦-dynamic,l,-1.007,18,0.0597,0.5166,False
Thai,兌卦-dynamic,n,-0.909,48,0.0597,0.5166,False
Thai,兌卦-static,f,2.593,4,0.0647,0.5197,False
Thai,震卦-dynamic,c,1.158,22,0.0647,0.5197,False
Thai,艮卦-dynamic,c,1.062,24,0.0647,0.5197,False
Thai,艮卦-dynamic,t,1.022,49,0.0647,0.5197,False
Thai,坤卦-dynamic,u,-0.843,37,0.0697,0.5312,False
Thai,震卦-static,e,-0.758,86,0.0697,0.5312,False
Thai,乾卦-dynamic,s,0.899,193,0.0746,0.5416,False
Thai,兌卦-dynamic,h,0.878,101,0.0746,0.5416,False
Thai,離卦-dynamic,ɡ,-0.815,28,0.0746,0.5416,False
Thai,兌卦-static,l,2.062,8,0.0796,0.5427,False
Thai,巽卦-dynamic,ʔ,1.857,8,0.0796,0.5427,False
Thai,震卦-static,w,0.74,53,0.0796,0.5427,False
Thai,震卦-static,ɜ,-0.646,127,0.0796,0.5427,False
Thai,離卦-dynamic,n,-0.832,72,0.0846,0.5516,False
Thai,離卦-dynamic,r,1.226,28,0.0896,0.5597,False
Thai,坤卦-dynamic,ʔ,-0.733,51,0.0896,0.5597,False
Thai,艮卦-static,t,-1.009,13,0.0945,0.5672,False
Thai,震卦-dynamic,ʔ,-0.884,24,0.0945,0.5672,False
Thai,震卦-dynamic,i,0.917,18,0.0995,0.5815,False
Thai,坤卦-dynamic,i,0.855,34,0.0995,0.5815,False
Thai,巽卦-dynamic,e,1.896,13,0.1045,0.6028,False
Thai,離卦-static,r,1.054,18,0.1095,0.6235,False
Thai,坤卦-dynamic,s,0.588,231,0.1144,0.6437,False
Thai,中卦-static,u,-0.597,52,0.1194,0.6633,False
Thai,乾卦-static,u,-1.454,4,0.1244,0.6663,False
Thai,巽卦-static,ɜ,-1.081,14,0.1244,0.6663,False
Thai,坤卦-dynamic,r,-0.796,12,0.1244,0.6663,False
Thai,坤卦-static,o,1.541,7,0.1294,0.6768,False
Thai,中卦-static,n,0.571,202,0.1294,0.6768,False
Thai,中卦-static,s,0.532,273,0.1343,0.6948,False
Thai,坎卦-dynamic,h,0.81,55,0.1393,0.7123,False
Thai,離卦-static,ʔ,0.712,48,0.1443,0.7135,False
Thai,震卦-dynamic,h,0.65,99,0.1443,0.7135,False
Thai,震卦-static,u,-0.591,48,0.1443,0.7135,False
Thai,艮卦-dynamic,u,0.79,47,0.1493,0.7145,False
Thai,乾卦-dynamic,l,-0.746,23,0.1493,0.7145,False
Thai,離卦-dynamic,ɜ,0.678,118,0.1493,0.7145,False
Thai,坤卦-static,l,-1.153,4,0.1542,0.7155,False
Thai,巽卦-static,u,1.014,12,0.1542,0.7155,False
Thai,震卦-dynamic,r,0.925,18,0.1542,0.7155,False
Thai,巽卦-dynamic,n,1.88,14,0.1592,0.731,False
Thai,兌卦-static,t,1.368,9,0.1642,0.7315,False
Thai,坤卦-static,e,-1.085,11,0.1642,0.7315,False
Thai,震卦-static,a,0.53,509,0.1642,0.7315,False
Thai,離卦-dynamic,a͡i,1.061,20,0.1692,0.7463,False
Thai,兌卦-dynamic,k,-0.534,41,0.1741,0.7608,False
Thai,坤卦-static,t,-1.163,6,0.1791,0.7664,False
Thai,離卦-static,j,-0.799,9,0.1841,0.7664,False
Thai,艮卦-static,ɜ,-0.787,39,0.1891,0.7664,False
Thai,震卦-dynamic,t,0.674,39,0.1891,0.7664,False
Thai,中卦-static,ɹ,0.55,58,0.1891,0.7664,False
Thai,中卦-static,ɡ,0.542,83,0.1841,0.7664,False
Thai,坤卦-dynamic,c,0.521,31,0.1791,0.7664,False
Thai,坎卦-dynamic,ɹ,0.97,16,0.199,0.7787,False
Thai,震卦-dynamic,l,0.693,29,0.199,0.7787,False
Thai,坎卦-static,t,1.092,17,0.204,0.7836,False
Thai,震卦-dynamic,u,0.691,40,0.209,0.7836,False
Thai,離卦-dynamic,w,-0.672,19,0.209,0.7836,False
Thai,中卦-static,e,-0.447,113,0.204,0.7836,False
Thai,艮卦-dynamic,w,-0.724,15,0.2189,0.8141,False
Thai,兌卦-static,a,1.057,49,0.2388,0.8198,False
Thai,坎卦-dynamic,r,-0.888,3,0.2388,0.8198,False
Thai,離卦-static,a͡i,-0.831,5,0.2587,0.8198,False
Thai,坎卦-dynamic,ɡ,-0.773,11,0.2537,0.8198,False
Thai,兌卦-dynamic,l,0.686,28,0.2537,0.8198,False
Thai,離卦-static,w,-0.669,13,0.2438,0.8198,False
Thai,離卦-static,s,-0.668,80,0.2239,0.8198,False
Thai,艮卦-static,ɹ,0.664,18,0.2537,0.8198,False
Thai,艮卦-static,p,0.625,23,0.2537,0.8198,False
Thai,艮卦-static,m,-0.618,21,0.2587,0.8198,False
Thai,艮卦-static,a,0.601,165,0.2388,0.8198,False
Thai,兌卦-dynamic,ɡ,-0.587,22,0.2289,0.8198,False
Thai,艮卦-dynamic,n,0.586,100,0.2289,0.8198,False
Thai,中卦-static,o,-0.551,10,0.2587,0.8198,False
Thai,震卦-static,j,-0.505,29,0.2438,0.8198,False
Thai,坤卦-dynamic,ɡ,0.485,68,0.2388,0.8198,False
Thai,震卦-static,i,0.471,33,0.2537,0.8198,False
Thai,震卦-static,h,0.47,201,0.2388,0.8198,False
Thai,中卦-static,ɜ,0.377,182,0.2488,0.8198,False
Thai,兌卦-static,r,1.361,4,0.2637,0.8298,False
Thai,乾卦-dynamic,p,0.596,50,0.2687,0.8396,False
Thai,坤卦-static,a,0.854,87,0.2736,0.8492,False
Thai,兌卦-static,a͡i,1.355,3,0.2786,0.8587,False
Thai,乾卦-static,ɡ,0.969,15,0.2836,0.8622,False
Thai,艮卦-dynamic,a͡i,-0.641,7,0.2836,0.8622,False
Thai,兌卦-static,u,-1.1,3,0.2886,0.865,False
Thai,兌卦-static,h,-0.884,12,0.3284,0.865,False
Thai,坤卦-static,p,-0.871,5,0.3184,0.865,False
Thai,巽卦-static,w,0.852,7,0.3284,0.865,False
Thai,乾卦-static,ʔ,-0.847,9,0.3234,0.865,False
Thai,離卦-static,o,0.818,14,0.2935,0.865,False
Thai,乾卦-static,s,0.789,46,0.3035,0.865,False
Thai,坎卦-dynamic,w,0.653,13,0.3284,0.865,False
Thai,坎卦-dynamic,ʔ,0.604,26,0.3383,0.865,False
Thai,坎卦-dynamic,l,0.59,15,0.3134,0.865,False
Thai,坎卦-dynamic,n,-0.585,31,0.3383,0.865,False
Thai,震卦-dynamic,s,0.518,118,0.3085,0.865,False
Thai,中卦-static,i,0.48,36,0.2886,0.865,False
Thai,兌卦-dynamic,s,-0.461,87,0.3085,0.865,False
Thai,離卦-static,n,-0.43,59,0.3383,0.865,False
Thai,兌卦-dynamic,m,-0.416,40,0.3284,0.865,False
Thai,震卦-static,c,-0.404,16,0.3184,0.865,False
Thai,坤卦-dynamic,d,-0.402,31,0.3333,0.865,False
Thai,離卦-dynamic,m,-0.384,60,0.3383,0.865,False
Thai,坤卦-dynamic,t,-0.383,51,0.2935,0.865,False
Thai,坤卦-dynamic,ɜ,0.379,152,0.3234,0.865,False
Thai,震卦-static,n,0.373,175,0.3085,0.865,False
Thai,坤卦-dynamic,n,0.336,157,0.3284,0.865,False
Thai,坤卦-dynamic,m,-0.331,88,0.3333,0.865,False
Thai,離卦-static,d,-0.529,12,0.3433,0.8679,False
Thai,乾卦-dynamic,k,-0.408,73,0.3433,0.8679,False
Thai,巽卦-dynamic,ɜ,-1.072,6,0.3881,0.8729,False
Thai,坎卦-static,i,-0.956,3,0.3731,0.8729,False
Thai,坎卦-dynamic,a͡i,-0.757,3,0.3731,0.8729,False
Thai,兌卦-static,ʔ,-0.749,5,0.3881,0.8729,False
Thai,坤卦-static,j,0.744,11,0.4229,0.8729,False
Thai,乾卦-static,p,-0.716,6,0.3731,0.8729,False
Thai,坎卦-static,ɜ,-0.669,23,0.3532,0.8729,False
Thai,巽卦-static,s,0.659,33,0.3831,0.8729,False
Thai,兌卦-static,ɜ,0.645,16,0.4229,0.8729,False
Thai,坎卦-static,ʔ,0.637,19,0.398,0.8729,False
Thai,乾卦-static,ɜ,-0.631,22,0.3881,0.8729,False
Thai,巽卦-static,ɡ,0.626,10,0.3831,0.8729,False
Thai,震卦-dynamic,f,0.611,8,0.3731,0.8729,False
Thai,離卦-static,c,-0.539,6,0.4179,0.8729,False
Thai,坎卦-dynamic,s,-0.533,47,0.4229,0.8729,False
Thai,離卦-dynamic,i,0.507,22,0.393,0.8729,False
Thai,乾卦-dynamic,o,-0.506,7,0.398,0.8729,False
Thai,坎卦-dynamic,u,0.496,20,0.393,0.8729,False
Thai,艮卦-dynamic,i,-0.444,12,0.4179,0.8729,False
Thai,震卦-static,o,-0.439,11,0.3682,0.8729,False
Thai,兌卦-dynamic,t,-0.439,25,0.3682,0.8729,False
Thai,艮卦-static,j,-0.435,10,0.408,0.8729,False
Thai,離卦-dynamic,j,0.435,38,0.3483,0.8729,False
Thai,乾卦-dynamic,i,0.435,23,0.3731,0.8729,False
Thai,震卦-dynamic,n,0.431,84,0.3781,0.8729,False
Thai,乾卦-dynamic,c,-0.425,11,0.3781,0.8729,False
Thai,兌卦-dynamic,d,-0.424,15,0.3731,0.8729,False
Thai,震卦-static,d,-0.387,35,0.4179,0.8729,False
Thai,艮卦-dynamic,ʔ,0.38,51,0.393,0.8729,False
Thai,中卦-static,r,-0.376,21,0.4129,0.8729,False
Thai,中卦-static,t,0.346,81,0.398,0.8729,False
Thai,艮卦-dynamic,h,0.331,104,0.4129,0.8729,False
Thai,坤卦-dynamic,h,0.328,176,0.3632,0.8729,False
Thai,中卦-static,m,-0.285,111,0.398,0.8729,False
Thai,坤卦-dynamic,p,0.264,56,0.4179,0.8729,False
Thai,巽卦-static,ʔ,0.574,13,0.4378,0.8875,False
Thai,離卦-static,h,-0.393,71,0.4378,0.8875,False
Thai,震卦-static,f,-0.323,4,0.4378,0.8875,False
Thai,震卦-static,ʔ,-0.31,71,0.4378,0.8875,False
Thai,乾卦-static,o,1.046,6,0.4527,0.8898,False
Thai,巽卦-dynamic,s,0.932,15,0.4478,0.8898,False
Thai,震卦-dynamic,k,-0.383,50,0.4577,0.8898,False
Thai,離卦-static,u,0.371,34,0.4527,0.8898,False
Thai,艮卦-static,s,-0.369,63,0.4627,0.8898,False
Thai,坤卦-dynamic,b,-0.367,21,0.4527,0.8898,False
Thai,中卦-static,a͡i,0.335,25,0.4527,0.8898,False
Thai,中卦-static,k,-0.326,122,0.4577,0.8898,False
Thai,震卦-static,l,0.32,54,0.4428,0.8898,False
Thai,震卦-static,p,0.311,63,0.4627,0.8898,False
Thai,中卦-static,p,-0.275,51,0.4627,0.8898,False
Thai,兌卦-static,p,-0.767,3,0.4677,0.8899,False
Thai,乾卦-static,a,0.55,88,0.4726,0.8899,False
Thai,坎卦-dynamic,ɜ,-0.451,34,0.4726,0.8899,False
Thai,艮卦-dynamic,o,-0.426,6,0.4726,0.8899,False
Thai,巽卦-dynamic,a,-0.734,23,0.5025,0.892,False
Thai,乾卦-static,r,0.692,6,0.5075,0.892,False
Thai,坤卦-static,u,-0.562,8,0.4826,0.892,False
Thai,巽卦-static,k,-0.494,12,0.4876,0.892,False
Thai,坤卦-static,ɜ,0.467,28,0.5025,0.892,False
Thai,艮卦-static,c,-0.425,5,0.5025,0.892,False
Thai,艮卦-static,l,0.422,18,0.4876,0.892,False
Thai,艮卦-dynamic,r,-0.421,10,0.5075,0.892,False
Thai,艮卦-dynamic,k,-0.346,59,0.4975,0.892,False
Thai,離卦-static,m,-0.323,44,0.4925,0.892,False
Thai,乾卦-dynamic,ɡ,-0.304,39,0.5075,0.892,False
Thai,坤卦-dynamic,a͡i,-0.3,15,0.5075,0.892,False
Thai,坤卦-dynamic,o,-0.3,12,0.5025,0.892,False
Thai,乾卦-dynamic,m,-0.298,71,0.4826,0.892,False
Thai,震卦-static,s,0.284,236,0.4826,0.892,False
Thai,艮卦-dynamic,l,0.325,29,0.5124,0.8973,False
Thai,艮卦-static,h,0.374,63,0.5224,0.9076,False
Thai,離卦-dynamic,k,-0.31,75,0.5224,0.9076,False
Thai,巽卦-dynamic,u,0.934,5,0.5323,0.9121,False
Thai,坎卦-static,r,0.561,6,0.5323,0.9121,False
Thai,坎卦-static,d,-0.517,5,0.5373,0.9121,False
Thai,乾卦-static,k,-0.507,16,0.5473,0.9121,False
Thai,離卦-static,b,-0.457,8,0.5423,0.9121,False
Thai,坎卦-dynamic,t,-0.412,14,0.5473,0.9121,False
Thai,坤卦-static,h,-0.377,26,0.5423,0.9121,False
Thai,離卦-dynamic,ɹ,0.29,31,0.5473,0.9121,False
Thai,巽卦-dynamic,w,0.863,3,0.5821,0.9126,False
Thai,乾卦-static,i,0.625,6,0.5522,0.9126,False
Thai,巽卦-dynamic,m,-0.545,4,0.5821,0.9126,False
Thai,兌卦-static,d,0.536,8,0.5821,0.9126,False
Thai,坤卦-static,a͡i,0.475,4,0.5622,0.9126,False
Thai,乾卦-static,ɹ,-0.466,5,0.5821,0.9126,False
Thai,坤卦-static,r,-0.445,3,0.6368,0.9126,False
Thai,兌卦-static,k,-0.439,9,0.6269,0.9126,False
Thai,坎卦-static,w,-0.436,6,0.597,0.9126,False
Thai,巽卦-static,t,-0.434,7,0.592,0.9126,False
Thai,坤卦-static,s,0.419,40,0.5622,0.9126,False
Thai,巽卦-static,a,-0.373,57,0.5622,0.9126,False
Thai,巽卦-static,l,0.365,7,0.6169,0.9126,False
Thai,艮卦-static,d,-0.347,12,0.5871,0.9126,False
Thai,坎卦-static,ɡ,0.339,13,0.6119,0.9126,False
Thai,兌卦-dynamic,f,0.336,6,0.602,0.9126,False
Thai,艮卦-static,e,-0.304,36,0.5871,0.9126,False
Thai,坎卦-static,a,0.304,90,0.6368,0.9126,False
Thai,乾卦-dynamic,j,-0.295,25,0.597,0.9126,False
Thai,震卦-static,r,0.292,29,0.5572,0.9126,False
Thai,離卦-dynamic,d,-0.284,27,0.5672,0.9126,False
Thai,乾卦-dynamic,b,-0.28,20,0.5871,0.9126,False
Thai,乾卦-dynamic,ɜ,-0.274,100,0.5821,0.9126,False
Thai,乾卦-dynamic,t,0.258,51,0.6318,0.9126,False
Thai,艮卦-dynamic,a,-0.253,244,0.6269,0.9126,False
Thai,離卦-dynamic,s,-0.248,134,0.6169,0.9126,False
Thai,震卦-static,ɡ,0.247,69,0.5721,0.9126,False
Thai,艮卦-dynamic,m,-0.246,57,0.6219,0.9126,False
Thai,震卦-static,b,-0.236,31,0.5871,0.9126,False
Thai,離卦-static,t,-0.228,27,0.6318,0.9126,False
Thai,離卦-dynamic,ʔ,0.222,59,0.6318,0.9126,False
Thai,震卦-dynamic,ɜ,-0.21,68,0.6368,0.9126,False
Thai,震卦-static,k,-0.207,125,0.6269,0.9126,False
Thai,兌卦-dynamic,ɜ,0.189,73,0.6169,0.9126,False
Thai,巽卦-static,a͡i,0.388,3,0.6418,0.9139,False
Thai,巽卦-static,m,-0.286,13,0.6418,0.9139,False
Thai,乾卦-static,j,0.444,10,0.6517,0.9252,False
Thai,艮卦-static,k,0.195,54,0.6567,0.9293,False
Thai,乾卦-static,w,0.354,8,0.6617,0.9305,False
Thai,乾卦-dynamic,d,-0.234,31,0.6617,0.9305,False
Thai,兌卦-static,i,0.503,3,0.6667,0.9317,False
Thai,震卦-dynamic,b,-0.222,15,0.6716,0.9328,False
Thai,離卦-static,ɜ,-0.2,65,0.6716,0.9328,False
Thai,兌卦-static,n,-0.389,12,0.6816,0.9334,False
Thai,離卦-static,f,0.35,6,0.6766,0.9334,False
Thai,兌卦-dynamic,o,-0.305,6,0.6866,0.9334,False
Thai,坎卦-static,k,-0.299,21,0.6866,0.9334,False
Thai,乾卦-dynamic,a͡i,-0.254,12,0.6866,0.9334,False
Thai,乾卦-dynamic,n,-0.186,102,0.6866,0.9334,False
Thai,坤卦-dynamic,e,-0.185,108,0.6866,0.9334,False
Thai,艮卦-dynamic,d,-0.188,25,0.7015,0.9451,False
Thai,艮卦-dynamic,s,0.178,123,0.7015,0.9451,False
Thai,離卦-static,k,0.204,76,0.7065,0.9462,False
Thai,艮卦-dynamic,ɜ,-0.176,78,0.7065,0.9462,False
Thai,乾卦-static,b,-0.366,4,0.7164,0.9464,False
Thai,坎卦-dynamic,i,-0.325,6,0.7214,0.9464,False
Thai,坎卦-static,ɹ,-0.303,6,0.7164,0.9464,False
Thai,坎卦-dynamic,m,-0.168,29,0.7114,0.9464,False
Thai,中卦-static,a,-0.16,502,0.7214,0.9464,False
Thai,震卦-static,ɹ,0.16,44,0.7164,0.9464,False
Thai,巽卦-dynamic,t,-0.427,3,0.7264,0.9474,False
Thai,乾卦-static,d,-0.391,6,0.7413,0.9558,False
Thai,坤卦-static,ʔ,0.278,15,0.7363,0.9558,False
Thai,坎卦-dynamic,c,-0.209,5,0.7413,0.9558,False
Thai,艮卦-dynamic,b,-0.193,18,0.7413,0.9558,False
Thai,兌卦-static,ɡ,-0.29,5,0.7562,0.9568,False
Thai,乾卦-static,e,0.267,25,0.7562,0.9568,False
Thai,坤卦-static,d,-0.255,7,0.7612,0.9568,False
Thai,乾卦-static,h,-0.188,29,0.7612,0.9568,False
Thai,巽卦-static,n,0.184,21,0.7512,0.9568,False
Thai,兌卦-dynamic,b,-0.168,16,0.7463,0.9568,False
Thai,坎卦-dynamic,e,0.157,35,0.7562,0.9568,False
Thai,艮卦-dynamic,e,0.147,74,0.7512,0.9568,False
Thai,巽卦-static,h,-0.257,21,0.7662,0.9604,False
Thai,坤卦-static,i,0.257,5,0.7761,0.9675,False
Thai,震卦-dynamic,o,-0.199,7,0.7761,0.9675,False
Thai,坎卦-static,j,-0.198,7,0.7861,0.9772,False
Thai,坎卦-static,e,0.225,26,0.791,0.9806,False
Thai,巽卦-dynamic,ɡ,-0.311,3,0.8109,0.9832,False
Thai,坤卦-static,w,-0.218,6,0.806,0.9832,False
Thai,坎卦-static,s,0.19,42,0.8109,0.9832,False
Thai,坎卦-static,l,-0.185,8,0.8109,0.9832,False
Thai,艮卦-static,b,-0.182,11,0.8358,0.9832,False
Thai,巽卦-dynamic,k,-0.174,7,0.9154,0.9832,False
Thai,坎卦-dynamic,j,-0.158,10,0.8109,0.9832,False
Thai,乾卦-static,m,-0.158,20,0.8507,0.9832,False
Thai,艮卦-static,o,-0.153,5,0.8706,0.9832,False
Thai,坤卦-static,ɹ,-0.147,6,0.8557,0.9832,False
Thai,乾卦-dynamic,r,-0.144,16,0.8557,0.9832,False
Thai,坤卦-static,b,-0.142,6,0.9055,0.9832,False
Thai,坎卦-dynamic,o,-0.136,4,0.8806,0.9832,False
Thai,艮卦-dynamic,ɡ,-0.125,32,0.8109,0.9832,False
Thai,艮卦-static,u,0.123,22,0.8557,0.9832,False
Thai,巽卦-dynamic,h,0.122,10,0.9104,0.9832,False
Thai,震卦-dynamic,w,0.121,20,0.8557,0.9832,False
Thai,離卦-static,p,-0.12,23,0.8607,0.9832,False
Thai,兌卦-static,s,-0.12,19,0.9005,0.9832,False
Thai,離卦-dynamic,u,0.118,45,0.8607,0.9832,False
Thai,震卦-dynamic,e,-0.115,58,0.801,0.9832,False
Thai,震卦-dynamic,m,-0.114,57,0.8408,0.9832,False
Thai,坎卦-static,b,-0.113,7,0.8756,0.9832,False
Thai,離卦-dynamic,a,-0.113,306,0.8308,0.9832,False
Thai,坤卦-static,k,0.107,26,0.8756,0.9832,False
Thai,兌卦-dynamic,i,-0.107,12,0.8657,0.9832,False
Thai,震卦-dynamic,d,0.102,30,0.8657,0.9832,False
Thai,兌卦-static,m,-0.1,11,0.9154,0.9832,False
Thai,坎卦-static,o,-0.099,3,0.8756,0.9832,False
Thai,坤卦-dynamic,a,0.097,435,0.796,0.9832,False
Thai,離卦-dynamic,e,0.097,89,0.8209,0.9832,False
Thai,震卦-dynamic,ɹ,0.094,20,0.8408,0.9832,False
Thai,乾卦-dynamic,h,-0.094,122,0.8259,0.9832,False
Thai,坎卦-dynamic,b,-0.092,10,0.9104,0.9832,False
Thai,中卦-static,d,-0.089,57,0.8358,0.9832,False
Thai,巽卦-static,d,0.087,8,0.8856,0.9832,False
Thai,坎卦-static,m,0.083,26,0.9104,0.9832,False
Thai,坎卦-dynamic,k,-0.08,35,0.9154,0.9832,False
Thai,乾卦-static,t,-0.08,11,0.9055,0.9832,False
Thai,震卦-static,m,0.078,142,0.8507,0.9832,False
Thai,震卦-dynamic,j,0.073,22,0.8756,0.9832,False
Thai,離卦-dynamic,b,-0.069,27,0.8706,0.9832,False
Thai,坤卦-dynamic,ɹ,-0.066,35,0.8706,0.9832,False
Thai,坤卦-static,m,0.064,23,0.9154,0.9832,False
Thai,艮卦-dynamic,p,0.055,30,0.9104,0.9832,False
Thai,震卦-dynamic,p,-0.052,25,0.9055,0.9832,False
Thai,中卦-static,j,0.05,50,0.8856,0.9832,False
Thai,離卦-static,e,-0.049,57,0.9104,0.9832,False
Thai,乾卦-dynamic,u,-0.043,45,0.9154,0.9832,False
Thai,艮卦-dynamic,j,-0.05,23,0.9254,0.9891,False
Thai,坤卦-static,n,0.074,26,0.9303,0.9921,False
Thai,中卦-static,b,-0.047,46,0.9403,0.9933,False
Thai,中卦-static,w,-0.047,43,0.9403,0.9933,False
Thai,坎卦-dynamic,a,0.041,120,0.9403,0.9933,False
Thai,乾卦-static,l,-0.059,8,0.9453,0.9939,False
Thai,艮卦-dynamic,ɹ,0.037,22,0.9552,0.9997,False
Thai,兌卦-static,e,0.067,12,0.9701,1.0,False
Thai,坎卦-static,h,-0.042,32,0.9801,1.0,False
Thai,乾卦-static,c,-0.037,4,0.9652,1.0,False
Thai,坎卦-dynamic,d,0.031,15,0.9602,1.0,False
Thai,離卦-static,ɡ,-0.022,28,0.9851,1.0,False
Thai,坎卦-static,n,-0.021,28,0.9851,1.0,False
Thai,艮卦-static,n,0.019,50,0.9751,1.0,False
Thai,坤卦-dynamic,k,-0.016,132,0.9602,1.0,False
Thai,坎卦-static,p,0.013,10,0.995,1.0,False
Thai,坤卦-dynamic,l,-0.01,43,0.99,1.0,False
Turkish,中卦-dynamic,e,3.839,9,0.005,0.3403,False
Turkish,乾卦-static,h,3.006,9,0.005,0.3403,False
Turkish,艮卦-static,ɟ,2.973,14,0.005,0.3403,False
Turkish,兌卦-dynamic,m,2.492,197,0.005,0.3403,False
Turkish,中卦-static,æ,2.446,43,0.005,0.3403,False
Turkish,離卦-static,d͡ʒ,2.368,12,0.005,0.3403,False
Turkish,坤卦-dynamic,s,2.221,96,0.005,0.3403,False
Turkish,兌卦-dynamic,ɛ,2.145,155,0.005,0.3403,False
Turkish,震卦-static,i,1.795,41,0.005,0.3403,False
Turkish,坤卦-dynamic,u,1.617,30,0.005,0.3403,False
Turkish,巽卦-dynamic,b,3.801,5,0.01,0.3781,False
Turkish,震卦-dynamic,ɔ,1.878,20,0.01,0.3781,False
Turkish,震卦-static,t͡ʃ,1.786,42,0.01,0.3781,False
Turkish,坤卦-dynamic,ø,1.594,35,0.01,0.3781,False
Turkish,坤卦-dynamic,y,1.407,24,0.01,0.3781,False
Turkish,坤卦-dynamic,d͡ʒ,1.381,26,0.01,0.3781,False
Turkish,乾卦-dynamic,f,1.379,14,0.01,0.3781,False
Turkish,離卦-static,p,2.438,21,0.0149,0.4694,False
Turkish,坎卦-static,u,2.41,8,0.0199,0.4694,False
Turkish,乾卦-static,ɫ,2.342,13,0.0199,0.4694,False
Turkish,離卦-dynamic,ɛ,2.072,91,0.0149,0.4694,False
Turkish,坤卦-static,v,1.896,8,0.0199,0.4694,False
Turkish,乾卦-dynamic,s,1.514,54,0.0199,0.4694,False
Turkish,兌卦-dynamic,k,1.491,248,0.0149,0.4694,False
Turkish,震卦-static,z,-1.311,10,0.0199,0.4694,False
Turkish,中卦-static,n,1.298,103,0.0199,0.4694,False
Turkish,坤卦-dynamic,ʊ,1.281,59,0.0199,0.4694,False
Turkish,震卦-static,t,1.231,72,0.0199,0.4694,False
Turkish,巽卦-static,l,2.692,7,0.0299,0.5518,False
Turkish,兌卦-static,r,2.618,16,0.0299,0.5518,False
Turkish,兌卦-static,ɯ,2.438,14,0.0299,0.5518,False
Turkish,乾卦-dynamic,ɡ,1.679,13,0.0299,0.5518,False
Turkish,乾卦-dynamic,ʃ,1.48,31,0.0299,0.5518,False
Turkish,兌卦-dynamic,z,-1.253,14,0.0299,0.5518,False
Turkish,艮卦-dynamic,ø,1.244,15,0.0299,0.5518,False
Turkish,兌卦-dynamic,ɔ,-1.192,10,0.0249,0.5518,False
Turkish,中卦-dynamic,ɪ,3.162,9,0.0348,0.5867,False
Turkish,兌卦-static,d,2.441,9,0.0498,0.5867,False
Turkish,坎卦-dynamic,ʃ,1.904,14,0.0448,0.5867,False
Turkish,坎卦-static,ɾ,1.858,13,0.0398,0.5867,False
Turkish,離卦-dynamic,m,1.799,98,0.0348,0.5867,False
Turkish,坎卦-static,ɟ,1.791,9,0.0498,0.5867,False
Turkish,離卦-static,j,1.69,27,0.0498,0.5867,False
Turkish,艮卦-static,œ,1.624,9,0.0398,0.5867,False
Turkish,離卦-static,ʊ,1.551,22,0.0398,0.5867,False
Turkish,乾卦-dynamic,ø,1.488,22,0.0498,0.5867,False
Turkish,離卦-dynamic,j,-1.421,16,0.0498,0.5867,False
Turkish,艮卦-dynamic,r,-1.415,15,0.0448,0.5867,False
Turkish,艮卦-dynamic,a,1.353,132,0.0448,0.5867,False
Turkish,艮卦-dynamic,m,1.325,68,0.0498,0.5867,False
Turkish,艮卦-dynamic,t,-1.267,23,0.0498,0.5867,False
Turkish,乾卦-dynamic,k,-1.178,62,0.0498,0.5867,False
Turkish,中卦-static,i,1.06,40,0.0398,0.5867,False
Turkish,震卦-static,k,-0.986,82,0.0498,0.5867,False
Turkish,兌卦-static,f,2.241,3,0.0547,0.6038,False
Turkish,離卦-static,t͡ʃ,1.682,18,0.0547,0.6038,False
Turkish,震卦-dynamic,n,1.505,56,0.0547,0.6038,False
Turkish,兌卦-dynamic,ɾ,-1.107,12,0.0547,0.6038,False
Turkish,中卦-dynamic,z,3.004,4,0.0597,0.6282,False
Turkish,乾卦-static,o,1.642,8,0.0597,0.6282,False
Turkish,兌卦-dynamic,d,-0.945,18,0.0597,0.6282,False
Turkish,震卦-dynamic,ɾ,-1.334,4,0.0647,0.6411,False
Turkish,坤卦-dynamic,r,-0.99,44,0.0647,0.6411,False
Turkish,震卦-static,j,-1.009,26,0.0697,0.671,False
Turkish,震卦-static,d͡ʒ,0.957,17,0.0697,0.671,False
Turkish,乾卦-dynamic,ɯ,1.02,59,0.0746,0.6716,False
Turkish,中卦-static,r,-0.909,44,0.0746,0.6716,False
Turkish,中卦-static,v,-0.827,10,0.0746,0.6716,False
Turkish,震卦-static,f,0.805,13,0.0796,0.7071,False
Turkish,乾卦-dynamic,j,-1.092,21,0.0846,0.7323,False
Turkish,震卦-static,p,0.877,30,0.0846,0.7323,False
Turkish,兌卦-static,y,1.969,3,0.0945,0.7768,False
Turkish,坤卦-static,i,1.545,9,0.0995,0.7768,False
Turkish,坤卦-static,s,1.476,15,0.1045,0.7768,False
Turkish,艮卦-dynamic,œ,-1.015,3,0.0995,0.7768,False
Turkish,乾卦-dynamic,a,0.987,167,0.1045,0.7768,False
Turkish,兌卦-dynamic,n,-0.954,47,0.1045,0.7768,False
Turkish,中卦-static,h,0.92,26,0.0995,0.7768,False
Turkish,震卦-static,ɫ,-0.912,24,0.0945,0.7768,False
Turkish,兌卦-dynamic,ʊ,-0.868,15,0.1045,0.7768,False
Turkish,坤卦-dynamic,m,-0.747,44,0.1045,0.7768,False
Turkish,坤卦-static,u,1.363,5,0.1194,0.8026,False
Turkish,艮卦-static,ɔ,1.203,8,0.1244,0.8026,False
Turkish,艮卦-dynamic,ʃ,1.097,20,0.1244,0.8026,False
Turkish,震卦-dynamic,f,0.992,9,0.1144,0.8026,False
Turkish,中卦-static,p,-0.859,13,0.1144,0.8026,False
Turkish,坤卦-dynamic,f,0.821,17,0.1144,0.8026,False
Turkish,震卦-static,æ,-0.817,6,0.1095,0.8026,False
Turkish,坤卦-dynamic,ɫ,0.8,56,0.1244,0.8026,False
Turkish,中卦-static,y,-0.761,6,0.1244,0.8026,False
Turkish,中卦-static,k,-0.76,113,0.1244,0.8026,False
Turkish,震卦-dynamic,p,-1.1,5,0.1294,0.8117,False
Turkish,震卦-dynamic,h,1.009,14,0.1294,0.8117,False
Turkish,乾卦-static,k,-1.477,13,0.1393,0.8156,False
Turkish,艮卦-static,z,1.364,14,0.1393,0.8156,False
Turkish,坤卦-static,r,-1.357,6,0.1393,0.8156,False
Turkish,震卦-dynamic,ø,-1.095,3,0.1443,0.8156,False
Turkish,坤卦-dynamic,ʒ,1.085,3,0.1393,0.8156,False
Turkish,離卦-dynamic,ɯ,-1.057,17,0.1443,0.8156,False
Turkish,震卦-static,ɪ,0.738,79,0.1443,0.8156,False
Turkish,中卦-static,ɟ,-0.73,6,0.1443,0.8156,False
Turkish,震卦-static,s,-0.697,33,0.1393,0.8156,False
Turkish,離卦-dynamic,ʊ,-0.945,8,0.1493,0.8233,False
Turkish,兌卦-dynamic,æ,-0.799,8,0.1493,0.8233,False
Turkish,震卦-static,ɟ,-0.9,3,0.1542,0.8372,False
Turkish,坤卦-dynamic,k,-0.712,122,0.1542,0.8372,False
Turkish,離卦-static,s,-1.116,12,0.1592,0.8507,False
Turkish,兌卦-dynamic,ɪ,-0.74,44,0.1592,0.8507,False
Turkish,兌卦-static,œ,1.605,4,0.1741,0.8683,False
Turkish,坎卦-static,i,1.404,10,0.1741,0.8683,False
Turkish,乾卦-static,s,1.255,13,0.1791,0.8683,False
Turkish,艮卦-static,s,-1.177,8,0.1692,0.8683,False
Turkish,坎卦-dynamic,s,-1.126,9,0.1841,0.8683,False
Turkish,離卦-static,z,-1.046,6,0.1741,0.8683,False
Turkish,離卦-dynamic,ʃ,1.003,24,0.1791,0.8683,False
Turkish,離卦-dynamic,ɾ,-0.922,9,0.1841,0.8683,False
Turkish,兌卦-dynamic,r,-0.827,49,0.1741,0.8683,False
Turkish,兌卦-dynamic,d͡ʒ,-0.768,6,0.1692,0.8683,False
Turkish,中卦-static,j,0.687,59,0.1741,0.8683,False
Turkish,坤卦-dynamic,ʃ,0.614,34,0.1791,0.8683,False
Turkish,艮卦-static,p,1.13,10,0.194,0.8967,False
Turkish,乾卦-dynamic,m,-0.7,30,0.194,0.8967,False
Turkish,震卦-static,ɛ,-0.654,47,0.194,0.8967,False
Turkish,巽卦-dynamic,k,2.674,9,0.2488,0.8995,False
Turkish,中卦-dynamic,t,2.157,5,0.2289,0.8995,False
Turkish,中卦-dynamic,ɾ,2.133,3,0.2985,0.8995,False
Turkish,巽卦-static,p,1.556,4,0.2935,0.8995,False
Turkish,兌卦-static,t͡ʃ,1.366,5,0.2438,0.8995,False
Turkish,兌卦-static,ɛ,-1.336,4,0.2935,0.8995,False
Turkish,兌卦-static,j,-1.314,3,0.2289,0.8995,False
Turkish,乾卦-static,j,1.285,12,0.2488,0.8995,False
Turkish,乾卦-static,v,1.262,6,0.2239,0.8995,False
Turkish,坎卦-static,ɫ,1.183,13,0.2488,0.8995,False
Turkish,坤卦-static,n,1.14,19,0.204,0.8995,False
Turkish,坤卦-static,ɾ,1.134,9,0.2189,0.8995,False
Turkish,乾卦-static,æ,1.123,5,0.2438,0.8995,False
Turkish,坤卦-static,k,-1.117,18,0.2189,0.8995,False
Turkish,坎卦-dynamic,ɯ,1.104,24,0.2239,0.8995,False
Turkish,艮卦-static,æ,1.094,7,0.2189,0.8995,False
Turkish,艮卦-static,y,1.075,5,0.2338,0.8995,False
Turkish,坎卦-dynamic,d,1.072,15,0.2886,0.8995,False
Turkish,艮卦-static,ɾ,-1.059,3,0.2438,0.8995,False
Turkish,艮卦-static,ɫ,1.05,14,0.2189,0.8995,False
Turkish,坎卦-static,j,-1.043,7,0.2537,0.8995,False
Turkish,艮卦-static,r,-1.037,10,0.2338,0.8995,False
Turkish,艮卦-static,l,1.025,13,0.2886,0.8995,False
Turkish,坎卦-static,n,0.959,21,0.2935,0.8995,False
Turkish,離卦-dynamic,i,0.922,24,0.209,0.8995,False
Turkish,震卦-dynamic,m,0.877,59,0.2239,0.8995,False
Turkish,艮卦-dynamic,d,0.863,26,0.209,0.8995,False
Turkish,艮卦-dynamic,z,-0.86,10,0.2289,0.8995,False
Turkish,艮卦-dynamic,ɾ,-0.827,8,0.2687,0.8995,False
Turkish,離卦-dynamic,s,-0.751,25,0.2687,0.8995,False
Turkish,離卦-dynamic,ɔ,-0.687,9,0.2836,0.8995,False
Turkish,兌卦-dynamic,ɟ,-0.685,7,0.2537,0.8995,False
Turkish,乾卦-dynamic,ɪ,-0.683,30,0.2637,0.8995,False
Turkish,乾卦-dynamic,ɛ,-0.682,39,0.2438,0.8995,False
Turkish,震卦-static,œ,-0.675,8,0.199,0.8995,False
Turkish,乾卦-dynamic,b,0.656,43,0.2587,0.8995,False
Turkish,艮卦-dynamic,i,-0.654,8,0.2687,0.8995,False
Turkish,乾卦-dynamic,œ,-0.643,7,0.2836,0.8995,False
Turkish,坤卦-dynamic,t͡ʃ,-0.636,15,0.2189,0.8995,False
Turkish,中卦-static,d͡ʒ,0.629,18,0.2139,0.8995,False
Turkish,坤卦-dynamic,j,0.611,61,0.199,0.8995,False
Turkish,兌卦-dynamic,ɯ,-0.608,42,0.2687,0.8995,False
Turkish,坤卦-dynamic,ɡ,0.606,12,0.2338,0.8995,False
Turkish,乾卦-dynamic,e,-0.602,15,0.2736,0.8995,False
Turkish,兌卦-dynamic,b,-0.594,23,0.2388,0.8995,False
Turkish,兌卦-dynamic,a,0.589,238,0.2388,0.8995,False
Turkish,兌卦-dynamic,ʃ,-0.587,15,0.2736,0.8995,False
Turkish,中卦-static,d,0.584,46,0.2935,0.8995,False
Turkish,震卦-static,y,-0.583,6,0.2637,0.8995,False
Turkish,兌卦-dynamic,o,-0.583,12,0.2587,0.8995,False
Turkish,震卦-static,d,0.556,37,0.2985,0.8995,False
Turkish,兌卦-dynamic,v,-0.549,14,0.2587,0.8995,False
Turkish,坤卦-dynamic,v,-0.547,14,0.2488,0.8995,False
Turkish,中卦-static,ɔ,0.544,26,0.2637,0.8995,False
Turkish,兌卦-dynamic,t,0.542,81,0.2985,0.8995,False
Turkish,坤卦-dynamic,ɛ,-0.534,65,0.2687,0.8995,False
Turkish,中卦-static,a,-0.534,173,0.2736,0.8995,False
Turkish,震卦-static,v,0.533,21,0.2935,0.8995,False
Turkish,震卦-static,ʃ,0.515,25,0.2886,0.8995,False
Turkish,中卦-static,ø,0.498,22,0.2488,0.8995,False
Turkish,中卦-static,œ,-0.487,12,0.2935,0.8995,False
Turkish,坤卦-dynamic,t,-0.439,63,0.2985,0.8995,False
Turkish,坎卦-dynamic,ɾ,0.967,12,0.3035,0.9016,False
Turkish,艮卦-static,t͡ʃ,0.795,9,0.3085,0.9016,False
Turkish,震卦-dynamic,ɛ,0.698,52,0.3085,0.9016,False
Turkish,兌卦-dynamic,i,-0.567,18,0.3085,0.9016,False
Turkish,兌卦-dynamic,j,0.545,60,0.3035,0.9016,False
Turkish,坤卦-dynamic,ɪ,-0.511,53,0.3085,0.9016,False
Turkish,坤卦-static,d͡ʒ,0.949,4,0.3134,0.9084,False
Turkish,艮卦-dynamic,ɪ,-0.64,23,0.3134,0.9084,False
Turkish,離卦-static,ɫ,-0.835,11,0.3184,0.9151,False
Turkish,離卦-static,ɯ,-0.832,12,0.3184,0.9151,False
Turkish,坎卦-static,l,-0.998,4,0.3234,0.9178,False
Turkish,離卦-dynamic,d͡ʒ,-0.692,4,0.3234,0.9178,False
Turkish,乾卦-dynamic,ɫ,0.548,34,0.3234,0.9178,False
Turkish,乾卦-static,f,0.955,3,0.3284,0.9205,False
Turkish,乾卦-dynamic,h,0.58,15,0.3284,0.9205,False
Turkish,離卦-dynamic,ø,-0.575,7,0.3383,0.9293,False
Turkish,中卦-static,m,-0.448,55,0.3383,0.9293,False
Turkish,艮卦-dynamic,y,-0.771,3,0.3433,0.9355,False
Turkish,坤卦-dynamic,b,-0.448,28,0.3433,0.9355,False
Turkish,巽卦-static,œ,1.48,3,0.3483,0.9365,False
Turkish,坎卦-static,æ,0.973,6,0.3532,0.9365,False
Turkish,艮卦-static,t,0.78,20,0.3483,0.9365,False
Turkish,離卦-dynamic,z,-0.711,14,0.3483,0.9365,False
Turkish,坤卦-static,m,-0.864,7,0.3582,0.9388,False
Turkish,震卦-dynamic,v,0.644,14,0.3582,0.9388,False
Turkish,坤卦-dynamic,i,-0.43,20,0.3582,0.9388,False
Turkish,坎卦-dynamic,t,-0.908,14,0.3632,0.9446,False
Turkish,震卦-dynamic,ʃ,-0.629,7,0.3632,0.9446,False
Turkish,中卦-dynamic,l,1.625,3,0.3831,0.946,False
Turkish,巽卦-static,v,1.296,3,0.3682,0.946,False
Turkish,兌卦-static,ø,0.996,3,0.3831,0.946,False
Turkish,坎卦-static,r,0.855,21,0.3831,0.946,False
Turkish,離卦-static,v,-0.732,4,0.3731,0.946,False
Turkish,艮卦-dynamic,n,0.675,44,0.3831,0.946,False
Turkish,離卦-dynamic,f,-0.648,3,0.3781,0.946,False
Turkish,艮卦-dynamic,ɫ,-0.618,17,0.3831,0.946,False
Turkish,乾卦-dynamic,l,-0.511,18,0.3781,0.946,False
Turkish,中卦-static,l,0.471,43,0.3731,0.946,False
Turkish,坤卦-dynamic,ɔ,-0.395,18,0.3682,0.946,False
Turkish,兌卦-dynamic,s,-0.472,47,0.3881,0.948,False
Turkish,坤卦-dynamic,h,0.418,21,0.3881,0.948,False
Turkish,坎卦-static,m,-0.876,8,0.393,0.9567,False
Turkish,中卦-dynamic,ɛ,1.476,6,0.4328,0.9587,False
Turkish,兌卦-static,n,-0.928,5,0.4129,0.9587,False
Turkish,坤卦-static,ʊ,0.815,9,0.4378,0.9587,False
Turkish,乾卦-static,m,-0.785,7,0.4129,0.9587,False
Turkish,坎卦-dynamic,l,-0.754,6,0.403,0.9587,False
Turkish,坎卦-dynamic,v,-0.737,3,0.4478,0.9587,False
Turkish,坎卦-dynamic,p,-0.733,4,0.4478,0.9587,False
Turkish,離卦-static,ɔ,0.731,10,0.398,0.9587,False
Turkish,艮卦-static,ø,0.715,6,0.4129,0.9587,False
Turkish,坤卦-static,o,0.705,6,0.4229,0.9587,False
Turkish,坎卦-dynamic,j,0.683,16,0.4428,0.9587,False
Turkish,艮卦-static,v,-0.646,3,0.4478,0.9587,False
Turkish,坎卦-static,ɔ,0.64,6,0.4527,0.9587,False
Turkish,艮卦-dynamic,ɯ,-0.617,20,0.4428,0.9587,False
Turkish,震卦-dynamic,ɫ,0.602,26,0.4378,0.9587,False
Turkish,艮卦-dynamic,j,0.575,29,0.398,0.9587,False
Turkish,震卦-dynamic,i,-0.538,9,0.4527,0.9587,False
Turkish,離卦-dynamic,œ,0.536,15,0.4378,0.9587,False
Turkish,震卦-dynamic,z,-0.532,13,0.4129,0.9587,False
Turkish,震卦-dynamic,d,0.505,23,0.4527,0.9587,False
Turkish,艮卦-dynamic,b,-0.475,13,0.4378,0.9587,False
Turkish,兌卦-dynamic,y,-0.436,9,0.4378,0.9587,False
Turkish,中卦-static,ɾ,0.386,35,0.4378,0.9587,False
Turkish,兌卦-dynamic,e,-0.378,32,0.4328,0.9587,False
Turkish,坤卦-dynamic,æ,-0.364,13,0.4478,0.9587,False
Turkish,兌卦-dynamic,ø,-0.364,14,0.4179,0.9587,False
Turkish,中卦-static,ʃ,0.334,28,0.4328,0.9587,False
Turkish,巽卦-dynamic,ɯ,1.493,3,0.5721,0.959,False
Turkish,中卦-dynamic,r,1.215,5,0.5473,0.959,False
Turkish,巽卦-dynamic,r,1.04,3,0.6866,0.959,False
Turkish,巽卦-static,ɪ,0.922,9,0.5522,0.959,False
Turkish,巽卦-static,m,-0.904,3,0.5373,0.959,False
Turkish,兌卦-static,m,-0.872,4,0.4677,0.959,False
Turkish,兌卦-static,p,0.821,4,0.4776,0.959,False
Turkish,兌卦-static,t,0.81,9,0.4677,0.959,False
Turkish,巽卦-static,ʊ,0.783,4,0.5871,0.959,False
Turkish,巽卦-static,ʃ,0.778,3,0.4826,0.959,False
Turkish,巽卦-static,a,-0.777,14,0.597,0.959,False
Turkish,乾卦-static,ʊ,0.756,8,0.4975,0.959,False
Turkish,巽卦-static,z,0.743,4,0.607,0.959,False
Turkish,乾卦-static,b,-0.735,3,0.5622,0.959,False
Turkish,坎卦-static,a,-0.686,37,0.5075,0.959,False
Turkish,乾卦-static,y,0.682,3,0.5821,0.959,False
Turkish,乾卦-static,ɛ,-0.674,10,0.5174,0.959,False
Turkish,坤卦-static,ɛ,-0.67,11,0.4826,0.959,False
Turkish,坤卦-static,p,-0.669,3,0.4677,0.959,False
Turkish,坎卦-dynamic,a,0.661,62,0.5323,0.959,False
Turkish,兌卦-static,k,0.658,21,0.6119,0.959,False
Turkish,坎卦-dynamic,ɫ,-0.646,9,0.5274,0.959,False
Turkish,乾卦-static,ɯ,0.607,13,0.6318,0.959,False
Turkish,兌卦-static,a,0.601,25,0.592,0.959,False
Turkish,艮卦-static,m,-0.596,12,0.5224,0.959,False
Turkish,乾卦-static,t,-0.587,10,0.6119,0.959,False
Turkish,坤卦-static,t,-0.579,11,0.5124,0.959,False
Turkish,乾卦-static,e,-0.576,4,0.607,0.959,False
Turkish,艮卦-static,d,-0.565,6,0.5373,0.959,False
Turkish,乾卦-static,i,-0.558,3,0.5522,0.959,False
Turkish,坎卦-dynamic,n,-0.538,15,0.5423,0.959,False
Turkish,巽卦-static,ɫ,-0.536,3,0.6866,0.959,False
Turkish,艮卦-static,o,-0.534,3,0.5672,0.959,False
Turkish,坎卦-static,ɪ,-0.534,11,0.6269,0.959,False
Turkish,艮卦-static,j,0.529,14,0.5224,0.959,False
Turkish,離卦-static,d,-0.524,9,0.5323,0.959,False
Turkish,坎卦-static,t,0.522,17,0.607,0.959,False
Turkish,坎卦-dynamic,ɔ,0.522,7,0.5622,0.959,False
Turkish,艮卦-static,i,0.513,8,0.5622,0.959,False
Turkish,坤卦-static,ɪ,0.509,17,0.6517,0.959,False
Turkish,震卦-dynamic,ʊ,-0.502,11,0.4776,0.959,False
Turkish,坎卦-static,p,-0.499,4,0.6667,0.959,False
Turkish,坎卦-static,ɛ,0.495,21,0.6169,0.959,False
Turkish,坤卦-static,h,0.494,4,0.6169,0.959,False
Turkish,震卦-dynamic,k,-0.487,66,0.5224,0.959,False
Turkish,坤卦-static,y,0.485,3,0.5771,0.959,False
Turkish,坎卦-static,ʊ,0.482,9,0.5871,0.959,False
Turkish,離卦-dynamic,æ,-0.476,7,0.5373,0.959,False
Turkish,坤卦-static,t͡ʃ,0.466,6,0.6368,0.959,False
Turkish,坤卦-static,z,0.466,8,0.6368,0.959,False
Turkish,兌卦-static,e,-0.463,3,0.6766,0.959,False
Turkish,兌卦-static,l,-0.463,3,0.7164,0.959,False
Turkish,離卦-dynamic,v,-0.46,9,0.5473,0.959,False
Turkish,艮卦-static,ɪ,-0.451,13,0.5721,0.959,False
Turkish,坤卦-static,a,-0.449,34,0.6169,0.959,False
Turkish,離卦-static,ɪ,0.446,31,0.5672,0.959,False
Turkish,震卦-dynamic,o,-0.441,7,0.602,0.959,False
Turkish,震卦-dynamic,ɯ,-0.439,23,0.5323,0.959,False
Turkish,離卦-static,m,-0.436,20,0.5821,0.959,False
Turkish,乾卦-static,ɪ,0.434,15,0.6368,0.959,False
Turkish,艮卦-dynamic,l,-0.431,14,0.5373,0.959,False
Turkish,坎卦-static,ɯ,-0.427,10,0.6468,0.959,False
Turkish,離卦-dynamic,d,-0.421,17,0.5721,0.959,False
Turkish,坤卦-static,æ,0.415,4,0.6567,0.959,False
Turkish,乾卦-static,n,0.412,14,0.6716,0.959,False
Turkish,艮卦-dynamic,æ,-0.408,6,0.5174,0.959,False
Turkish,艮卦-dynamic,h,-0.406,5,0.5871,0.959,False
Turkish,兌卦-static,ɪ,-0.406,6,0.7114,0.959,False
Turkish,離卦-dynamic,t͡ʃ,0.394,19,0.6119,0.959,False
Turkish,兌卦-dynamic,t͡ʃ,-0.393,19,0.4627,0.959,False
Turkish,乾卦-static,ʃ,-0.39,3,0.7164,0.959,False
Turkish,坤卦-static,ø,0.382,4,0.6468,0.959,False
Turkish,坎卦-dynamic,m,0.382,25,0.6915,0.959,False
Turkish,震卦-static,ɔ,-0.379,14,0.4925,0.959,False
Turkish,艮卦-dynamic,d͡ʒ,0.378,8,0.5373,0.959,False
Turkish,乾卦-dynamic,æ,0.377,14,0.5075,0.959,False
Turkish,乾卦-dynamic,o,-0.374,10,0.4975,0.959,False
Turkish,離卦-static,ɛ,-0.373,24,0.6567,0.959,False
Turkish,離卦-static,a,-0.371,65,0.6915,0.959,False
Turkish,離卦-static,u,0.369,6,0.602,0.959,False
Turkish,乾卦-static,z,0.366,7,0.7065,0.959,False
Turkish,中卦-static,ʊ,-0.362,24,0.4627,0.959,False
Turkish,艮卦-dynamic,t͡ʃ,0.36,15,0.592,0.959,False
Turkish,坎卦-dynamic,ɟ,-0.36,3,0.7164,0.959,False
Turkish,兌卦-dynamic,p,-0.36,21,0.5622,0.959,False
Turkish,艮卦-dynamic,u,-0.354,5,0.6219,0.959,False
Turkish,坎卦-dynamic,k,0.354,47,0.7114,0.959,False
Turkish,坤卦-dynamic,a,0.352,226,0.5025,0.959,False
Turkish,坤卦-dynamic,e,-0.351,33,0.4677,0.959,False
Turkish,坤卦-static,ɫ,0.349,9,0.7015,0.959,False
Turkish,震卦-dynamic,l,-0.348,15,0.6119,0.959,False
Turkish,離卦-dynamic,k,0.348,109,0.5771,0.959,False
Turkish,震卦-static,a,0.347,174,0.4826,0.959,False
Turkish,坤卦-static,e,0.344,11,0.7164,0.959,False
Turkish,震卦-dynamic,d͡ʒ,0.344,8,0.5622,0.959,False
Turkish,坎卦-static,ø,-0.343,3,0.7114,0.959,False
Turkish,離卦-static,k,0.338,62,0.6816,0.959,False
Turkish,坤卦-dynamic,ɾ,0.33,36,0.4577,0.959,False
Turkish,乾卦-dynamic,ɟ,0.327,14,0.5522,0.959,False
Turkish,震卦-static,ɯ,-0.319,39,0.5721,0.959,False
Turkish,離卦-dynamic,a,0.317,134,0.7065,0.959,False
Turkish,艮卦-static,k,-0.312,34,0.6816,0.959,False
Turkish,中卦-static,e,0.31,56,0.5224,0.959,False
Turkish,震卦-static,r,0.308,64,0.5871,0.959,False
Turkish,乾卦-dynamic,v,-0.308,11,0.5821,0.959,False
Turkish,離卦-dynamic,p,-0.305,13,0.6866,0.959,False
Turkish,艮卦-static,ɯ,-0.302,12,0.7065,0.959,False
Turkish,震卦-dynamic,ɪ,-0.302,30,0.6617,0.959,False
Turkish,震卦-static,h,0.298,15,0.5871,0.959,False
Turkish,艮卦-dynamic,o,-0.296,8,0.6766,0.959,False
Turkish,艮卦-dynamic,k,0.29,86,0.6368,0.959,False
Turkish,坤卦-dynamic,p,-0.289,22,0.5323,0.959,False
Turkish,離卦-static,t,0.289,26,0.6866,0.959,False
Turkish,離卦-dynamic,ɪ,-0.286,37,0.7164,0.959,False
Turkish,離卦-dynamic,ɫ,0.286,29,0.7015,0.959,False
Turkish,坤卦-dynamic,œ,0.28,22,0.602,0.959,False
Turkish,中卦-static,ɡ,0.271,9,0.5522,0.959,False
Turkish,乾卦-dynamic,ɾ,-0.258,17,0.6965,0.959,False
Turkish,坤卦-dynamic,d,0.256,42,0.592,0.959,False
Turkish,中卦-static,s,0.256,57,0.6119,0.959,False
Turkish,坤卦-dynamic,n,0.251,80,0.5423,0.959,False
Turkish,震卦-dynamic,æ,-0.251,7,0.6866,0.959,False
Turkish,震卦-dynamic,a,0.243,108,0.7015,0.959,False
Turkish,兌卦-dynamic,ɫ,0.243,48,0.6318,0.959,False
Turkish,坤卦-dynamic,z,0.239,40,0.6269,0.959,False
Turkish,乾卦-dynamic,t͡ʃ,0.238,19,0.6766,0.959,False
Turkish,兌卦-dynamic,l,-0.221,33,0.6667,0.959,False
Turkish,中卦-static,b,-0.22,34,0.6119,0.959,False
Turkish,震卦-static,ø,-0.216,12,0.6617,0.959,False
Turkish,兌卦-dynamic,h,-0.206,13,0.6866,0.959,False
Turkish,兌卦-dynamic,u,-0.196,12,0.6915,0.959,False
Turkish,乾卦-dynamic,n,0.196,51,0.7114,0.959,False
Turkish,兌卦-dynamic,œ,0.195,21,0.6965,0.959,False
Turkish,乾卦-dynamic,ɔ,-0.195,13,0.7065,0.959,False
Turkish,中卦-static,t,-0.188,64,0.6418,0.959,False
Turkish,震卦-static,l,-0.177,26,0.6965,0.959,False
Turkish,坤卦-static,d,0.354,8,0.7214,0.9591,False
Turkish,震卦-dynamic,b,-0.254,17,0.7214,0.9591,False
Turkish,離卦-static,ø,0.246,7,0.7264,0.9591,False
Turkish,乾卦-dynamic,d,0.234,27,0.7264,0.9591,False
Turkish,中卦-static,ɪ,0.176,76,0.7264,0.9591,False
Turkish,坎卦-dynamic,t͡ʃ,-0.364,5,0.7313,0.9602,False
Turkish,坤卦-static,b,0.331,10,0.7313,0.9602,False
Turkish,離卦-static,y,0.261,5,0.7313,0.9602,False
Turkish,巽卦-dynamic,a,0.741,7,0.7413,0.964,False
Turkish,離卦-static,o,0.301,9,0.7463,0.9668,False
Turkish,離卦-dynamic,r,-0.227,40,0.7512,0.9695,False
Turkish,中卦-dynamic,k,0.63,9,0.7612,0.9723,False
Turkish,兌卦-static,z,-0.416,3,0.7562,0.9723,False
Turkish,巽卦-static,r,0.387,7,0.7662,0.9723,False
Turkish,艮卦-dynamic,ʊ,-0.277,13,0.7612,0.9723,False
Turkish,離卦-dynamic,b,-0.242,21,0.7662,0.9723,False
Turkish,坤卦-dynamic,l,-0.162,34,0.7662,0.9723,False
Turkish,乾卦-dynamic,y,0.162,9,0.7662,0.9723,False
Turkish,坤卦-dynamic,ɯ,0.127,64,0.7562,0.9723,False
Turkish,乾卦-static,l,0.294,7,0.7711,0.9732,False
Turkish,艮卦-dynamic,f,-0.242,4,0.7711,0.9732,False
Turkish,坎卦-dynamic,b,-0.358,8,0.7761,0.9759,False
Turkish,坤卦-dynamic,ɟ,0.15,19,0.7761,0.9759,False
Turkish,乾卦-static,p,0.273,5,0.7861,0.9767,False
Turkish,離卦-dynamic,e,-0.212,23,0.7861,0.9767,False
Turkish,乾卦-dynamic,z,-0.201,21,0.7811,0.9767,False
Turkish,離卦-dynamic,h,-0.174,8,0.791,0.9767,False
Turkish,乾卦-dynamic,ʊ,-0.171,19,0.791,0.9767,False
Turkish,兌卦-dynamic,f,-0.162,9,0.791,0.9767,False
Turkish,乾卦-dynamic,u,-0.162,8,0.7811,0.9767,False
Turkish,坤卦-dynamic,o,-0.152,19,0.7811,0.9767,False
Turkish,中卦-static,z,0.125,36,0.7861,0.9767,False
Turkish,離卦-static,l,0.23,14,0.796,0.981,False
Turkish,巽卦-dynamic,m,0.547,3,0.8209,0.9839,False
Turkish,巽卦-static,k,0.357,15,0.8358,0.9839,False
Turkish,巽卦-static,s,0.3,5,0.8259,0.9839,False
Turkish,巽卦-static,ɛ,-0.289,6,0.8856,0.9839,False
Turkish,中卦-dynamic,m,-0.276,3,0.8657,0.9839,False
Turkish,坎卦-dynamic,r,0.263,21,0.8308,0.9839,False
Turkish,坎卦-dynamic,d͡ʒ,0.259,4,0.806,0.9839,False
Turkish,離卦-static,æ,-0.22,5,0.806,0.9839,False
Turkish,坤卦-static,l,-0.219,6,0.8109,0.9839,False
Turkish,艮卦-static,e,-0.216,9,0.8109,0.9839,False
Turkish,乾卦-static,ɔ,0.213,4,0.8557,0.9839,False
Turkish,離卦-static,r,-0.21,23,0.8507,0.9839,False
Turkish,離卦-static,i,-0.198,8,0.8209,0.9839,False
Turkish,艮卦-static,ʃ,-0.188,5,0.8706,0.9839,False
Turkish,艮卦-static,ɛ,-0.185,18,0.8557,0.9839,False
Turkish,艮卦-static,a,-0.176,47,0.8507,0.9839,False
Turkish,離卦-static,f,0.175,4,0.8657,0.9839,False
Turkish,坤卦-static,ɯ,-0.174,10,0.8507,0.9839,False
Turkish,乾卦-static,a,0.17,36,0.8856,0.9839,False
Turkish,震卦-dynamic,u,-0.168,6,0.8209,0.9839,False
Turkish,坎卦-dynamic,f,0.167,3,0.8856,0.9839,False
Turkish,坎卦-dynamic,u,0.164,4,0.8607,0.9839,False
Turkish,乾卦-static,r,0.154,13,0.8756,0.9839,False
Turkish,坎卦-dynamic,ɛ,-0.152,20,0.8607,0.9839,False
Turkish,震卦-dynamic,œ,0.151,10,0.8408,0.9839,False
Turkish,離卦-static,e,0.15,18,0.8358,0.9839,False
Turkish,離卦-dynamic,t,0.146,44,0.8557,0.9839,False
Turkish,坤卦-static,ʃ,-0.145,4,0.8856,0.9839,False
Turkish,坎卦-static,v,-0.144,4,0.8557,0.9839,False
Turkish,艮卦-static,ʊ,-0.143,7,0.8358,0.9839,False
Turkish,坎卦-static,o,0.135,5,0.8856,0.9839,False
Turkish,震卦-static,ɡ,-0.133,5,0.8358,0.9839,False
Turkish,震卦-dynamic,s,-0.132,26,0.8955,0.9839,False
Turkish,艮卦-static,n,0.13,18,0.8756,0.9839,False
Turkish,震卦-dynamic,r,0.129,38,0.8308,0.9839,False
Turkish,離卦-dynamic,ɟ,-0.124,9,0.8408,0.9839,False
Turkish,坎卦-static,z,0.118,8,0.8507,0.9839,False
Turkish,艮卦-static,u,-0.116,3,0.8706,0.9839,False
Turkish,坎卦-dynamic,o,0.114,6,0.9005,0.9839,False
Turkish,震卦-static,ʊ,0.111,27,0.8109,0.9839,False
Turkish,乾卦-dynamic,p,-0.108,16,0.8458,0.9839,False
Turkish,坎卦-static,e,-0.107,9,0.9005,0.9839,False
Turkish,坎卦-dynamic,y,-0.107,3,0.8955,0.9839,False
Turkish,離卦-dynamic,y,0.105,8,0.8706,0.9839,False
Turkish,震卦-dynamic,e,-0.1,21,0.8706,0.9839,False
Turkish,離卦-static,n,-0.099,24,0.8806,0.9839,False
Turkish,中卦-static,f,-0.098,9,0.8408,0.9839,False
Turkish,震卦-static,b,-0.095,31,0.8905,0.9839,False
Turkish,震卦-static,e,0.095,39,0.8358,0.9839,False
Turkish,艮卦-dynamic,ɔ,0.093,11,0.8955,0.9839,False
Turkish,震卦-static,m,0.081,64,0.9005,0.9839,False
Turkish,中卦-static,ɛ,0.079,81,0.806,0.9839,False
Turkish,中卦-static,ɫ,0.07,43,0.8905,0.9839,False
Turkish,巽卦-static,j,-0.115,4,0.9104,0.9854,False
Turkish,艮卦-static,b,0.097,11,0.9104,0.9854,False
Turkish,艮卦-dynamic,p,-0.083,12,0.9104,0.9854,False
Turkish,乾卦-dynamic,t,0.074,47,0.9055,0.9854,False
Turkish,中卦-static,ɯ,-0.035,56,0.9104,0.9854,False
Turkish,巽卦-static,b,0.153,4,0.9303,0.9965,False
Turkish,坎卦-static,k,-0.111,33,0.9353,0.9965,False
Turkish,離卦-static,ɾ,0.106,11,0.9403,0.9965,False
Turkish,兌卦-static,s,0.09,6,0.9453,0.9965,False
Turkish,乾卦-dynamic,d͡ʒ,0.076,9,0.9353,0.9965,False
Turkish,坤卦-static,j,-0.075,9,0.9453,0.9965,False
Turkish,坎卦-static,s,0.071,12,0.9552,0.9965,False
Turkish,中卦-static,t͡ʃ,0.063,25,0.9254,0.9965,False
Turkish,坎卦-dynamic,i,0.054,7,0.9701,0.9965,False
Turkish,震卦-dynamic,t͡ʃ,-0.052,12,0.9453,0.9965,False
Turkish,坎卦-static,d,0.05,8,0.9552,0.9965,False
Turkish,坎卦-dynamic,z,-0.048,9,0.9851,0.9965,False
Turkish,中卦-static,o,0.042,21,0.9502,0.9965,False
Turkish,艮卦-dynamic,s,0.039,27,0.9602,0.9965,False
Turkish,震卦-static,ɾ,-0.039,23,0.9353,0.9965,False
Turkish,震卦-static,o,0.035,17,0.9652,0.9965,False
Turkish,震卦-dynamic,ɟ,-0.035,8,0.9502,0.9965,False
Turkish,乾卦-static,d,-0.035,6,0.9652,0.9965,False
Turkish,震卦-static,u,0.034,11,0.9502,0.9965,False
Turkish,坎卦-static,œ,0.029,4,0.9652,0.9965,False
Turkish,震卦-dynamic,t,0.029,35,0.99,0.9965,False
Turkish,巽卦-static,ɯ,0.027,5,0.9801,0.9965,False
Turkish,艮卦-dynamic,e,0.026,23,0.9602,0.9965,False
Turkish,坎卦-static,b,-0.026,9,0.99,0.9965,False
Turkish,震卦-dynamic,j,0.021,25,0.9801,0.9965,False
Turkish,中卦-static,u,-0.02,13,0.99,0.9965,False
Turkish,乾卦-static,ɾ,-0.02,5,0.9751,0.9965,False
Turkish,離卦-dynamic,n,0.019,44,0.99,0.9965,False
Turkish,震卦-static,n,-0.017,56,0.9502,0.9965,False
Turkish,乾卦-dynamic,i,-0.017,17,0.995,0.9965,False
Turkish,坎卦-dynamic,ɪ,0.016,19,0.99,0.9965,False
Turkish,離卦-static,b,0.014,15,0.9751,0.9965,False
Turkish,艮卦-dynamic,ɛ,0.013,40,0.9751,0.9965,False
Turkish,艮卦-dynamic,ɟ,-0.013,8,0.9751,0.9965,False
Turkish,艮卦-dynamic,v,0.01,10,0.9801,0.9965,False
Turkish,坎卦-dynamic,h,-0.006,4,0.995,0.9965,False
Turkish,坎卦-dynamic,e,-0.005,12,0.995,0.9965,False
Turkish,離卦-dynamic,l,-0.005,22,0.995,0.9965,False
Turkish,巽卦-static,n,0.003,6,0.995,0.9965,False
Turkish,乾卦-dynamic,r,0.004,48,1.0,1.0,False
Vietnamese,中卦-dynamic,v,3.9,5,0.01,0.4741,False
Vietnamese,震卦-static,ə͡ɪ,3.895,50,0.005,0.4741,False
Vietnamese,兌卦-static,a͡ɪ,3.785,4,0.005,0.4741,False
Vietnamese,震卦-static,i͡ə,3.69,14,0.005,0.4741,False
Vietnamese,巽卦-static,j,3.117,15,0.01,0.4741,False
Vietnamese,巽卦-dynamic,b,2.99,8,0.01,0.4741,False
Vietnamese,離卦-dynamic,t,2.759,38,0.005,0.4741,False
Vietnamese,坎卦-static,e,2.565,20,0.01,0.4741,False
Vietnamese,坎卦-dynamic,ɣ,2.496,4,0.01,0.4741,False
Vietnamese,離卦-dynamic,p,2.407,17,0.005,0.4741,False
Vietnamese,震卦-dynamic,u͡ə,2.327,22,0.01,0.4741,False
Vietnamese,震卦-static,k,2.13,107,0.005,0.4741,False
Vietnamese,兌卦-dynamic,y͡ə,2.047,16,0.01,0.4741,False
Vietnamese,震卦-dynamic,t̪,-1.926,12,0.005,0.4741,False
Vietnamese,震卦-static,ɗ,1.559,53,0.01,0.4741,False
Vietnamese,乾卦-static,l,2.562,12,0.0149,0.5495,False
Vietnamese,離卦-static,ɔ,1.821,39,0.0149,0.5495,False
Vietnamese,乾卦-dynamic,i͡ɛ,1.789,28,0.0149,0.5495,False
Vietnamese,艮卦-dynamic,ɗ,1.662,35,0.0149,0.5495,False
Vietnamese,中卦-static,o,1.273,66,0.0149,0.5495,False
Vietnamese,巽卦-dynamic,t̪,3.029,12,0.0199,0.5558,False
Vietnamese,離卦-dynamic,i͡ɛ,1.538,25,0.0199,0.5558,False
Vietnamese,震卦-static,m,-1.41,15,0.0199,0.5558,False
Vietnamese,震卦-static,i,-1.268,15,0.0199,0.5558,False
Vietnamese,震卦-static,ɔ,-1.173,17,0.0199,0.5558,False
Vietnamese,中卦-static,ɲ,1.17,54,0.0199,0.5558,False
Vietnamese,兌卦-dynamic,t͡ʃ,1.846,33,0.0249,0.65,False
Vietnamese,坤卦-dynamic,n,1.204,109,0.0249,0.65,False
Vietnamese,巽卦-static,x,2.924,3,0.0299,0.6716,False
Vietnamese,離卦-dynamic,y,1.724,15,0.0299,0.6716,False
Vietnamese,坤卦-dynamic,c,-1.233,7,0.0299,0.6716,False
Vietnamese,震卦-static,ɣ,1.216,15,0.0299,0.6716,False
Vietnamese,坤卦-dynamic,o,1.139,58,0.0348,0.7052,False
Vietnamese,中卦-static,s,1.054,50,0.0348,0.7052,False
Vietnamese,兌卦-static,ɔ,2.361,12,0.0398,0.7497,False
Vietnamese,兌卦-dynamic,n,1.629,39,0.0398,0.7497,False
Vietnamese,坤卦-dynamic,u,-1.25,11,0.0398,0.7497,False
Vietnamese,中卦-dynamic,f,3.59,3,0.0597,0.7704,False
Vietnamese,中卦-dynamic,ə,3.482,6,0.0647,0.7704,False
Vietnamese,巽卦-static,a,2.387,24,0.0547,0.7704,False
Vietnamese,巽卦-static,s,2.303,6,0.0647,0.7704,False
Vietnamese,坎卦-dynamic,t͡ʃ,2.251,19,0.0448,0.7704,False
Vietnamese,巽卦-static,z,2.207,8,0.0647,0.7704,False
Vietnamese,兌卦-static,e,2.179,11,0.0547,0.7704,False
Vietnamese,乾卦-static,n,2.175,19,0.0647,0.7704,False
Vietnamese,兌卦-static,h,2.16,8,0.0498,0.7704,False
Vietnamese,坎卦-dynamic,w,2.149,21,0.0547,0.7704,False
Vietnamese,兌卦-static,i,2.059,12,0.0647,0.7704,False
Vietnamese,坤卦-static,ŋ,1.901,18,0.0647,0.7704,False
Vietnamese,乾卦-dynamic,y͡ə,1.374,20,0.0547,0.7704,False
Vietnamese,離卦-static,ɛ,-1.337,3,0.0547,0.7704,False
Vietnamese,震卦-dynamic,w,1.333,50,0.0498,0.7704,False
Vietnamese,震卦-dynamic,n,-1.309,24,0.0498,0.7704,False
Vietnamese,離卦-static,h,1.284,23,0.0597,0.7704,False
Vietnamese,艮卦-dynamic,u͡ə,1.114,17,0.0647,0.7704,False
Vietnamese,震卦-static,ŋ,1.112,97,0.0498,0.7704,False
Vietnamese,艮卦-dynamic,s,-1.101,10,0.0498,0.7704,False
Vietnamese,震卦-static,ɜ,-1.076,85,0.0647,0.7704,False
Vietnamese,坤卦-dynamic,p,-1.033,3,0.0647,0.7704,False
Vietnamese,中卦-static,y͡ə,0.994,38,0.0647,0.7704,False
Vietnamese,兌卦-dynamic,ɛ,1.406,9,0.0697,0.7728,False
Vietnamese,離卦-static,k,1.318,44,0.0697,0.7728,False
Vietnamese,乾卦-dynamic,y,1.223,13,0.0697,0.7728,False
Vietnamese,震卦-dynamic,ɔ,-1.173,9,0.0746,0.8169,False
Vietnamese,巽卦-dynamic,m,2.535,11,0.0846,0.8355,False
Vietnamese,乾卦-dynamic,o,1.241,30,0.0846,0.8355,False
Vietnamese,乾卦-dynamic,e,-1.193,4,0.0796,0.8355,False
Vietnamese,震卦-static,x,0.953,14,0.0796,0.8355,False
Vietnamese,震卦-static,i͡ɛ,-0.943,11,0.0846,0.8355,False
Vietnamese,中卦-static,x,0.912,16,0.0796,0.8355,False
Vietnamese,震卦-static,ɛ,-0.905,9,0.0846,0.8355,False
Vietnamese,巽卦-static,u͡ə,2.117,4,0.0945,0.8396,False
Vietnamese,兌卦-static,ɲ,1.944,8,0.0995,0.8396,False
Vietnamese,坎卦-static,ɜ,-1.714,15,0.0995,0.8396,False
Vietnamese,坤卦-dynamic,a͡ɪ,1.39,13,0.0945,0.8396,False
Vietnamese,艮卦-static,z,-1.321,3,0.0896,0.8396,False
Vietnamese,震卦-dynamic,ɗ,1.233,25,0.0945,0.8396,False
Vietnamese,離卦-static,t͡ʃ,1.106,37,0.0995,0.8396,False
Vietnamese,離卦-dynamic,ɔ,-1.054,10,0.0945,0.8396,False
Vietnamese,離卦-dynamic,z,-1.021,7,0.0945,0.8396,False
Vietnamese,震卦-static,n,-0.97,53,0.0945,0.8396,False
Vietnamese,震卦-static,y͡ə,0.953,32,0.0995,0.8396,False
Vietnamese,震卦-static,t̪,-0.89,47,0.0995,0.8396,False
Vietnamese,震卦-static,b,-0.846,14,0.0995,0.8396,False
Vietnamese,坤卦-static,p,1.668,4,0.1045,0.8635,False
Vietnamese,坤卦-dynamic,t̪,-0.86,51,0.1045,0.8635,False
Vietnamese,震卦-dynamic,h,1.055,22,0.1095,0.8778,False
Vietnamese,震卦-dynamic,i,-1.0,11,0.1095,0.8778,False
Vietnamese,中卦-static,u,0.807,42,0.1144,0.9087,False
Vietnamese,乾卦-static,ɜ,-1.742,10,0.1194,0.9124,False
Vietnamese,兌卦-static,y,1.719,4,0.1194,0.9124,False
Vietnamese,坤卦-dynamic,h,-0.992,12,0.1194,0.9124,False
Vietnamese,中卦-static,ɛ,-0.73,12,0.1194,0.9124,False
Vietnamese,離卦-dynamic,o,-1.088,9,0.1244,0.9243,False
Vietnamese,艮卦-dynamic,y͡ə,0.9,20,0.1244,0.9243,False
Vietnamese,坤卦-dynamic,x,0.835,14,0.1244,0.9243,False
Vietnamese,坎卦-dynamic,y,1.616,5,0.1294,0.9525,False
Vietnamese,離卦-dynamic,s,-1.115,8,0.1343,0.9544,False
Vietnamese,離卦-static,t,-1.084,4,0.1343,0.9544,False
Vietnamese,艮卦-dynamic,n,0.921,61,0.1343,0.9544,False
Vietnamese,乾卦-static,o,1.799,10,0.1493,0.9909,False
Vietnamese,坎卦-static,f,1.426,10,0.1493,0.9909,False
Vietnamese,兌卦-dynamic,ŋ,-1.141,12,0.1443,0.9909,False
Vietnamese,震卦-dynamic,ɛ,0.985,12,0.1493,0.9909,False
Vietnamese,震卦-dynamic,s,0.959,22,0.1493,0.9909,False
Vietnamese,中卦-static,ɜ,0.78,164,0.1493,0.9909,False
Vietnamese,中卦-dynamic,i,2.215,3,0.4826,1.0,False
Vietnamese,巽卦-dynamic,c,2.008,5,0.1692,1.0,False
Vietnamese,巽卦-dynamic,ɜ,1.902,15,0.204,1.0,False
Vietnamese,巽卦-dynamic,u,1.641,4,0.2587,1.0,False
Vietnamese,坎卦-static,ɲ,1.603,12,0.1841,1.0,False
Vietnamese,坤卦-static,m,1.544,15,0.1891,1.0,False
Vietnamese,兌卦-static,ŋ,1.532,15,0.199,1.0,False
Vietnamese,坎卦-static,ɛ,1.498,6,0.1891,1.0,False
Vietnamese,兌卦-static,ɜ,-1.496,10,0.199,1.0,False
Vietnamese,兌卦-static,l,1.49,8,0.2587,1.0,False
Vietnamese,兌卦-static,a,-1.436,6,0.209,1.0,False
Vietnamese,兌卦-static,t,1.424,7,0.2537,1.0,False
Vietnamese,坎卦-dynamic,ŋ,-1.367,5,0.209,1.0,False
Vietnamese,坤卦-static,k,1.314,13,0.199,1.0,False
Vietnamese,巽卦-dynamic,ə,1.266,9,0.393,1.0,False
Vietnamese,兌卦-static,z,1.204,8,0.3731,1.0,False
Vietnamese,巽卦-dynamic,z,1.201,5,0.4677,1.0,False
Vietnamese,坎卦-static,t͡ʃ,1.189,17,0.2836,1.0,False
Vietnamese,坤卦-static,ɜ,1.174,23,0.2736,1.0,False
Vietnamese,兌卦-static,k,-1.17,3,0.3383,1.0,False
Vietnamese,坎卦-static,k,-1.16,5,0.204,1.0,False
Vietnamese,巽卦-dynamic,a,-1.147,5,0.4229,1.0,False
Vietnamese,坎卦-dynamic,k,-1.145,4,0.2985,1.0,False
Vietnamese,兌卦-static,p,1.131,3,0.398,1.0,False
Vietnamese,坎卦-static,ŋ,1.104,22,0.2637,1.0,False
Vietnamese,坎卦-static,u,1.101,9,0.3433,1.0,False
Vietnamese,乾卦-static,j,-1.091,3,0.3731,1.0,False
Vietnamese,坎卦-dynamic,n,-1.085,9,0.3184,1.0,False
Vietnamese,兌卦-static,n,-1.071,7,0.3532,1.0,False
Vietnamese,乾卦-static,u͡ə,1.067,4,0.3532,1.0,False
Vietnamese,乾卦-static,i,-1.058,3,0.3682,1.0,False
Vietnamese,坤卦-static,i,-1.045,3,0.2338,1.0,False
Vietnamese,艮卦-static,w,1.021,34,0.1891,1.0,False
Vietnamese,兌卦-static,j,-1.018,3,0.398,1.0,False
Vietnamese,離卦-static,z,-1.014,7,0.1891,1.0,False
Vietnamese,乾卦-static,t̪,0.994,14,0.4129,1.0,False
Vietnamese,兌卦-static,w,-0.98,4,0.3831,1.0,False
Vietnamese,兌卦-dynamic,h,-0.977,4,0.1891,1.0,False
Vietnamese,坤卦-static,ɔ,0.974,9,0.3632,1.0,False
Vietnamese,離卦-static,ɲ,0.961,22,0.1791,1.0,False
Vietnamese,中卦-dynamic,t̪,0.957,3,0.7711,1.0,False
Vietnamese,坤卦-static,z,0.949,8,0.3582,1.0,False
Vietnamese,坎卦-dynamic,ɛ,0.946,4,0.3532,1.0,False
Vietnamese,坎卦-static,i,-0.944,5,0.4229,1.0,False
Vietnamese,乾卦-static,ɔ,0.93,9,0.4677,1.0,False
Vietnamese,兌卦-dynamic,u,-0.928,5,0.2139,1.0,False
Vietnamese,乾卦-static,i͡ɛ,0.92,6,0.4478,1.0,False
Vietnamese,震卦-dynamic,k,0.914,40,0.204,1.0,False
Vietnamese,乾卦-static,z,0.911,8,0.4726,1.0,False
Vietnamese,坎卦-dynamic,h,0.894,7,0.3483,1.0,False
Vietnamese,乾卦-dynamic,w,0.893,44,0.2189,1.0,False
Vietnamese,離卦-static,n,-0.892,28,0.1841,1.0,False
Vietnamese,艮卦-static,ɔ,-0.887,9,0.2935,1.0,False
Vietnamese,坎卦-static,l,-0.886,3,0.4328,1.0,False
Vietnamese,艮卦-static,a,0.876,63,0.3035,1.0,False
Vietnamese,艮卦-dynamic,i,-0.875,15,0.1692,1.0,False
Vietnamese,兌卦-dynamic,ɜ,0.868,50,0.2289,1.0,False
Vietnamese,坎卦-static,ə,-0.862,7,0.4577,1.0,False
Vietnamese,兌卦-static,ɛ,0.855,3,0.4527,1.0,False
Vietnamese,坎卦-static,c,0.852,9,0.4577,1.0,False
Vietnamese,巽卦-static,b,0.849,5,0.5423,1.0,False
Vietnamese,離卦-dynamic,ŋ,-0.843,22,0.2338,1.0,False
Vietnamese,離卦-static,i,0.841,31,0.2488,1.0,False
Vietnamese,艮卦-dynamic,m,-0.836,20,0.1841,1.0,False
Vietnamese,震卦-dynamic,j,0.834,41,0.199,1.0,False
Vietnamese,艮卦-dynamic,u,-0.818,10,0.1791,1.0,False
Vietnamese,坎卦-static,z,-0.818,4,0.3881,1.0,False
Vietnamese,離卦-static,y͡ə,-0.816,5,0.2537,1.0,False
Vietnamese,艮卦-static,m,0.804,31,0.3483,1.0,False
Vietnamese,震卦-dynamic,a,0.802,82,0.2239,1.0,False
Vietnamese,坤卦-static,ə,-0.797,5,0.4229,1.0,False
Vietnamese,震卦-dynamic,i͡ɛ,-0.796,7,0.204,1.0,False
Vietnamese,兌卦-dynamic,k,-0.794,11,0.2338,1.0,False
Vietnamese,坎卦-dynamic,o,-0.787,4,0.3632,1.0,False
Vietnamese,震卦-dynamic,m,0.783,41,0.2139,1.0,False
Vietnamese,坎卦-dynamic,ə,-0.781,6,0.4229,1.0,False
Vietnamese,震卦-dynamic,t,0.779,21,0.2239,1.0,False
Vietnamese,坎卦-dynamic,ɜ,0.769,25,0.4627,1.0,False
Vietnamese,離卦-static,i͡ɛ,-0.765,7,0.2836,1.0,False
Vietnamese,乾卦-dynamic,s,0.765,21,0.2488,1.0,False
Vietnamese,乾卦-dynamic,n,-0.757,31,0.3284,1.0,False
Vietnamese,離卦-static,l,-0.756,8,0.3284,1.0,False
Vietnamese,震卦-static,s,0.754,39,0.1891,1.0,False
Vietnamese,艮卦-static,n,-0.751,23,0.3383,1.0,False
Vietnamese,震卦-dynamic,ɲ,-0.75,9,0.2587,1.0,False
Vietnamese,乾卦-static,t,0.744,6,0.5274,1.0,False
Vietnamese,坤卦-static,a,0.742,23,0.4726,1.0,False
Vietnamese,乾卦-static,a,-0.74,12,0.5423,1.0,False
Vietnamese,艮卦-static,ə,-0.733,14,0.3831,1.0,False
Vietnamese,中卦-static,c,0.729,44,0.1891,1.0,False
Vietnamese,坤卦-dynamic,ɛ,-0.727,11,0.1692,1.0,False
Vietnamese,坤卦-dynamic,ɣ,0.724,13,0.2239,1.0,False
Vietnamese,離卦-static,o,-0.723,12,0.3085,1.0,False
Vietnamese,艮卦-static,k,0.718,28,0.3483,1.0,False
Vietnamese,巽卦-dynamic,i,0.716,5,0.6418,1.0,False
Vietnamese,震卦-static,w,0.716,77,0.1692,1.0,False
Vietnamese,乾卦-static,ə,0.7,13,0.5473,1.0,False
Vietnamese,坎卦-static,ɗ,-0.694,3,0.5174,1.0,False
Vietnamese,坎卦-static,m,0.689,17,0.4876,1.0,False
Vietnamese,中卦-dynamic,n,0.689,3,0.801,1.0,False
Vietnamese,乾卦-dynamic,j,-0.688,17,0.408,1.0,False
Vietnamese,中卦-static,l,-0.678,20,0.1891,1.0,False
Vietnamese,乾卦-dynamic,ə,-0.674,20,0.2587,1.0,False
Vietnamese,乾卦-dynamic,ɗ,0.669,20,0.3532,1.0,False
Vietnamese,震卦-static,p,-0.668,6,0.2637,1.0,False
Vietnamese,坤卦-dynamic,k,0.667,74,0.2139,1.0,False
Vietnamese,離卦-static,ɗ,-0.666,7,0.3085,1.0,False
Vietnamese,離卦-static,ɜ,0.665,70,0.3134,1.0,False
Vietnamese,離卦-static,x,0.659,6,0.3035,1.0,False
Vietnamese,巽卦-static,ɜ,-0.657,10,0.6219,1.0,False
Vietnamese,艮卦-dynamic,j,0.653,46,0.2438,1.0,False
Vietnamese,乾卦-dynamic,b,0.653,24,0.3781,1.0,False
Vietnamese,離卦-dynamic,m,-0.645,19,0.2985,1.0,False
Vietnamese,離卦-static,t̪,-0.643,27,0.3383,1.0,False
Vietnamese,坤卦-dynamic,z,0.642,50,0.2289,1.0,False
Vietnamese,中卦-static,ɣ,-0.64,5,0.194,1.0,False
Vietnamese,乾卦-dynamic,t,0.638,20,0.3333,1.0,False
Vietnamese,離卦-static,s,-0.636,11,0.2985,1.0,False
Vietnamese,坎卦-static,ɔ,0.635,12,0.5373,1.0,False
Vietnamese,艮卦-static,h,0.629,14,0.4478,1.0,False
Vietnamese,震卦-dynamic,t͡ʃ,-0.628,11,0.2836,1.0,False
Vietnamese,離卦-dynamic,e,0.627,24,0.398,1.0,False
Vietnamese,巽卦-static,ŋ,-0.622,5,0.6318,1.0,False
Vietnamese,震卦-dynamic,l,0.62,22,0.3433,1.0,False
Vietnamese,乾卦-dynamic,ɔ,-0.619,15,0.3731,1.0,False
Vietnamese,兌卦-static,s,-0.618,3,0.6219,1.0,False
Vietnamese,艮卦-static,ɲ,0.616,15,0.4328,1.0,False
Vietnamese,巽卦-static,i,-0.609,3,0.6318,1.0,False
Vietnamese,兌卦-dynamic,p,0.607,6,0.4279,1.0,False
Vietnamese,坤卦-static,f,0.606,4,0.5373,1.0,False
Vietnamese,坎卦-static,w,-0.605,9,0.5224,1.0,False
Vietnamese,乾卦-dynamic,ɛ,-0.603,6,0.3134,1.0,False
Vietnamese,艮卦-static,o,0.601,18,0.4378,1.0,False
Vietnamese,兌卦-dynamic,ɣ,0.599,4,0.3831,1.0,False
Vietnamese,艮卦-dynamic,ɜ,0.593,86,0.3483,1.0,False
Vietnamese,兌卦-static,b,0.592,6,0.6418,1.0,False
Vietnamese,坤卦-static,ɛ,0.591,3,0.5821,1.0,False
Vietnamese,艮卦-static,y͡ə,-0.591,5,0.4876,1.0,False
Vietnamese,坤卦-dynamic,j,0.59,75,0.2736,1.0,False
Vietnamese,坎卦-static,n,-0.588,14,0.5473,1.0,False
Vietnamese,巽卦-dynamic,j,-0.586,3,0.6567,1.0,False
Vietnamese,震卦-static,o,0.58,45,0.204,1.0,False
Vietnamese,坎卦-dynamic,z,-0.578,4,0.5771,1.0,False
Vietnamese,離卦-dynamic,u͡ə,-0.577,3,0.403,1.0,False
Vietnamese,兌卦-dynamic,ɲ,0.576,13,0.4229,1.0,False
Vietnamese,巽卦-static,n,0.573,9,0.6517,1.0,False
Vietnamese,震卦-dynamic,c,-0.573,9,0.3781,1.0,False
Vietnamese,坎卦-dynamic,p,0.566,3,0.5622,1.0,False
Vietnamese,坤卦-static,ɲ,-0.564,3,0.607,1.0,False
Vietnamese,坎卦-dynamic,m,-0.56,7,0.5871,1.0,False
Vietnamese,震卦-static,t,-0.547,17,0.2687,1.0,False
Vietnamese,兌卦-dynamic,v,-0.547,3,0.4279,1.0,False
Vietnamese,艮卦-static,s,-0.544,9,0.5174,1.0,False
Vietnamese,坎卦-static,y͡ə,-0.543,3,0.5473,1.0,False
Vietnamese,乾卦-dynamic,i,0.538,29,0.408,1.0,False
Vietnamese,艮卦-static,c,-0.534,7,0.5373,1.0,False
Vietnamese,艮卦-dynamic,c,0.529,22,0.3184,1.0,False
Vietnamese,離卦-dynamic,ɛ,0.526,10,0.4527,1.0,False
Vietnamese,兌卦-dynamic,l,-0.524,7,0.4876,1.0,False
Vietnamese,艮卦-static,ŋ,0.522,32,0.4627,1.0,False
Vietnamese,坤卦-dynamic,y,-0.521,8,0.3284,1.0,False
Vietnamese,坎卦-static,o,0.519,10,0.6119,1.0,False
Vietnamese,中卦-static,ŋ,0.516,94,0.2637,1.0,False
Vietnamese,艮卦-static,t,-0.511,7,0.5522,1.0,False
Vietnamese,乾卦-static,u,-0.507,3,0.6468,1.0,False
Vietnamese,坎卦-static,i͡ɛ,-0.506,4,0.6318,1.0,False
Vietnamese,中卦-static,e,-0.503,26,0.2786,1.0,False
Vietnamese,震卦-dynamic,ɜ,-0.503,54,0.4378,1.0,False
Vietnamese,巽卦-static,k,-0.502,4,0.6617,1.0,False
Vietnamese,坎卦-dynamic,a,0.501,25,0.602,1.0,False
Vietnamese,乾卦-static,k,-0.499,6,0.6965,1.0,False
Vietnamese,坤卦-dynamic,f,-0.497,3,0.3333,1.0,False
Vietnamese,艮卦-dynamic,l,0.492,25,0.3682,1.0,False
Vietnamese,坎卦-dynamic,j,0.492,12,0.597,1.0,False
Vietnamese,艮卦-static,p,-0.49,3,0.5721,1.0,False
Vietnamese,坎卦-dynamic,ɗ,-0.49,3,0.6468,1.0,False
Vietnamese,坤卦-static,u,-0.484,3,0.607,1.0,False
Vietnamese,離卦-static,w,0.482,36,0.4677,1.0,False
Vietnamese,乾卦-static,y͡ə,0.48,4,0.6915,1.0,False
Vietnamese,兌卦-dynamic,a,-0.473,32,0.5174,1.0,False
Vietnamese,乾卦-dynamic,v,-0.465,6,0.4776,1.0,False
Vietnamese,震卦-static,a,0.461,138,0.3433,1.0,False
Vietnamese,艮卦-dynamic,ŋ,-0.46,34,0.403,1.0,False
Vietnamese,坎卦-static,t̪,-0.456,13,0.6766,1.0,False
Vietnamese,離卦-dynamic,l,-0.456,11,0.4776,1.0,False
Vietnamese,坤卦-dynamic,w,-0.451,47,0.3184,1.0,False
Vietnamese,乾卦-static,t͡ʃ,-0.45,4,0.6965,1.0,False
Vietnamese,艮卦-dynamic,ɔ,-0.449,20,0.4527,1.0,False
Vietnamese,乾卦-static,h,0.448,5,0.7114,1.0,False
Vietnamese,兌卦-dynamic,j,0.444,23,0.5572,1.0,False
Vietnamese,坤卦-dynamic,u͡ə,-0.441,8,0.408,1.0,False
Vietnamese,乾卦-dynamic,ŋ,0.439,42,0.4876,1.0,False
Vietnamese,艮卦-dynamic,ə,-0.438,29,0.4478,1.0,False
Vietnamese,艮卦-static,b,0.437,16,0.597,1.0,False
Vietnamese,坎卦-dynamic,b,-0.436,4,0.7114,1.0,False
Vietnamese,乾卦-static,ŋ,0.435,12,0.6866,1.0,False
Vietnamese,艮卦-static,t̪,0.434,31,0.5721,1.0,False
Vietnamese,巽卦-static,t̪,0.43,8,0.7512,1.0,False
Vietnamese,離卦-dynamic,c,0.43,17,0.4876,1.0,False
Vietnamese,乾卦-dynamic,k,-0.424,22,0.5522,1.0,False
Vietnamese,兌卦-static,t̪,-0.423,8,0.7164,1.0,False
Vietnamese,震卦-static,e,-0.421,24,0.3532,1.0,False
Vietnamese,坤卦-dynamic,y͡ə,0.416,27,0.398,1.0,False
Vietnamese,巽卦-dynamic,s,0.416,3,0.8308,1.0,False
Vietnamese,艮卦-dynamic,k,0.414,40,0.4328,1.0,False
Vietnamese,離卦-static,u͡ə,-0.413,4,0.5124,1.0,False
Vietnamese,兌卦-dynamic,z,-0.411,9,0.5771,1.0,False
Vietnamese,震卦-dynamic,u,-0.407,11,0.5124,1.0,False
Vietnamese,離卦-dynamic,t̪,0.407,40,0.5572,1.0,False
Vietnamese,坎卦-static,b,0.403,9,0.7313,1.0,False
Vietnamese,中卦-static,w,-0.402,53,0.3383,1.0,False
Vietnamese,兌卦-dynamic,ə,0.4,26,0.5522,1.0,False
Vietnamese,坤卦-static,c,-0.395,3,0.6915,1.0,False
Vietnamese,離卦-static,ə,-0.395,24,0.5622,1.0,False
Vietnamese,中卦-static,ɔ,-0.39,38,0.3234,1.0,False
Vietnamese,乾卦-dynamic,h,0.388,17,0.592,1.0,False
Vietnamese,乾卦-dynamic,ɜ,0.388,69,0.5622,1.0,False
Vietnamese,坤卦-dynamic,e,0.379,44,0.4776,1.0,False
Vietnamese,震卦-static,j,-0.378,41,0.4876,1.0,False
Vietnamese,坤卦-dynamic,v,-0.376,15,0.4179,1.0,False
Vietnamese,兌卦-dynamic,i,-0.375,12,0.6368,1.0,False
Vietnamese,艮卦-dynamic,v,-0.374,9,0.5572,1.0,False
Vietnamese,艮卦-dynamic,e,-0.372,16,0.4726,1.0,False
Vietnamese,坤卦-dynamic,i͡ɛ,-0.37,21,0.4826,1.0,False
Vietnamese,坎卦-dynamic,i,0.368,9,0.7164,1.0,False
Vietnamese,震卦-static,l,-0.366,23,0.4726,1.0,False
Vietnamese,離卦-dynamic,i,0.365,26,0.6517,1.0,False
Vietnamese,艮卦-dynamic,a,0.364,85,0.597,1.0,False
Vietnamese,中卦-static,h,-0.364,24,0.4229,1.0,False
Vietnamese,離卦-dynamic,w,-0.363,24,0.607,1.0,False
Vietnamese,中卦-static,n,-0.36,78,0.5522,1.0,False
Vietnamese,坤卦-static,i͡ɛ,-0.358,3,0.7313,1.0,False
Vietnamese,坤卦-static,t̪,-0.358,9,0.7413,1.0,False
Vietnamese,離卦-static,f,-0.355,3,0.5672,1.0,False
Vietnamese,坤卦-dynamic,ɲ,0.346,36,0.4229,1.0,False
Vietnamese,巽卦-static,ə,-0.342,5,0.8308,1.0,False
Vietnamese,坤卦-dynamic,a,0.338,141,0.5423,1.0,False
Vietnamese,艮卦-dynamic,f,-0.336,4,0.5373,1.0,False
Vietnamese,震卦-dynamic,ŋ,-0.336,30,0.5572,1.0,False
Vietnamese,離卦-static,ŋ,-0.336,29,0.6169,1.0,False
Vietnamese,乾卦-static,m,-0.336,7,0.7214,1.0,False
Vietnamese,乾卦-static,ɗ,-0.335,3,0.7662,1.0,False
Vietnamese,中卦-static,v,-0.333,18,0.4826,1.0,False
Vietnamese,艮卦-static,i͡ɛ,0.332,12,0.6866,1.0,False
Vietnamese,震卦-static,u,0.331,30,0.5124,1.0,False
Vietnamese,震卦-dynamic,ə,-0.331,26,0.6269,1.0,False
Vietnamese,兌卦-static,u,-0.331,3,0.8358,1.0,False
Vietnamese,中卦-static,z,-0.329,32,0.4279,1.0,False
Vietnamese,乾卦-static,e,-0.325,4,0.7811,1.0,False
Vietnamese,坎卦-dynamic,s,0.324,6,0.7463,1.0,False
Vietnamese,中卦-static,k,-0.323,51,0.4975,1.0,False
Vietnamese,兌卦-static,v,0.319,5,0.8209,1.0,False
Vietnamese,坤卦-dynamic,t,0.317,34,0.597,1.0,False
Vietnamese,震卦-dynamic,y,-0.316,5,0.6418,1.0,False
Vietnamese,乾卦-dynamic,u͡ə,0.314,9,0.6418,1.0,False
Vietnamese,中卦-static,i͡ɛ,0.313,35,0.5473,1.0,False
Vietnamese,震卦-dynamic,o,-0.313,16,0.5572,1.0,False
Vietnamese,坤卦-static,e,0.309,6,0.7463,1.0,False
Vietnamese,巽卦-dynamic,ɔ,0.309,4,0.8259,1.0,False
Vietnamese,兌卦-dynamic,ɗ,-0.308,7,0.6269,1.0,False
Vietnamese,中卦-static,t̪,-0.305,71,0.5323,1.0,False
Vietnamese,艮卦-static,ɗ,-0.301,8,0.6915,1.0,False
Vietnamese,兌卦-dynamic,t,0.297,11,0.7264,1.0,False
Vietnamese,坤卦-dynamic,l,-0.296,26,0.5672,1.0,False
Vietnamese,中卦-static,t,-0.291,25,0.5274,1.0,False
Vietnamese,坤卦-dynamic,ŋ,-0.29,62,0.5821,1.0,False
Vietnamese,坎卦-static,v,0.287,8,0.806,1.0,False
Vietnamese,乾卦-dynamic,u,-0.281,12,0.6816,1.0,False
Vietnamese,巽卦-dynamic,n,0.277,7,0.8607,1.0,False
Vietnamese,中卦-static,b,-0.277,30,0.597,1.0,False
Vietnamese,艮卦-static,f,-0.276,3,0.7512,1.0,False
Vietnamese,乾卦-dynamic,ɲ,-0.275,13,0.7065,1.0,False
Vietnamese,震卦-dynamic,p,-0.274,5,0.6667,1.0,False
Vietnamese,巽卦-dynamic,v,0.273,3,0.9204,1.0,False
Vietnamese,坎卦-dynamic,t̪,-0.268,11,0.796,1.0,False
Vietnamese,離卦-dynamic,f,-0.267,4,0.6716,1.0,False
Vietnamese,離卦-static,e,-0.264,14,0.7065,1.0,False
Vietnamese,震卦-static,y,0.262,15,0.6119,1.0,False
Vietnamese,坤卦-static,o,0.257,6,0.791,1.0,False
Vietnamese,艮卦-static,u,-0.257,9,0.7612,1.0,False
Vietnamese,坎卦-static,t,-0.255,5,0.8209,1.0,False
Vietnamese,震卦-dynamic,ɣ,0.255,5,0.7214,1.0,False
Vietnamese,中卦-static,ɗ,0.254,35,0.5622,1.0,False
Vietnamese,震卦-static,z,0.254,39,0.6766,1.0,False
Vietnamese,兌卦-dynamic,x,0.251,3,0.7413,1.0,False
Vietnamese,乾卦-dynamic,a,-0.251,55,0.7662,1.0,False
Vietnamese,坎卦-static,s,-0.248,6,0.801,1.0,False
Vietnamese,離卦-static,j,-0.246,23,0.7413,1.0,False
Vietnamese,坤卦-static,s,-0.244,4,0.8408,1.0,False
Vietnamese,乾卦-static,s,0.243,5,0.8756,1.0,False
Vietnamese,乾卦-dynamic,c,0.236,16,0.7363,1.0,False
Vietnamese,坎卦-dynamic,e,-0.235,5,0.8458,1.0,False
Vietnamese,乾卦-dynamic,m,-0.235,26,0.7363,1.0,False
Vietnamese,艮卦-static,j,-0.234,18,0.7562,1.0,False
Vietnamese,坎卦-dynamic,t,-0.232,4,0.8458,1.0,False
Vietnamese,巽卦-static,m,-0.225,5,0.8458,1.0,False
Vietnamese,艮卦-dynamic,ɲ,-0.22,16,0.7015,1.0,False
Vietnamese,震卦-static,v,-0.22,19,0.7015,1.0,False
Vietnamese,中卦-static,ə͡ɪ,-0.217,4,0.6269,1.0,False
Vietnamese,艮卦-static,i,-0.215,15,0.7861,1.0,False
Vietnamese,離卦-dynamic,v,0.215,17,0.7512,1.0,False
Vietnamese,離卦-dynamic,k,-0.213,24,0.7114,1.0,False
Vietnamese,震卦-dynamic,y͡ə,0.211,12,0.7612,1.0,False
Vietnamese,離卦-static,p,0.211,7,0.7861,1.0,False
Vietnamese,坤卦-dynamic,ə,-0.21,57,0.6716,1.0,False
Vietnamese,離卦-dynamic,h,0.209,15,0.7562,1.0,False
Vietnamese,乾卦-dynamic,z,-0.206,16,0.791,1.0,False
Vietnamese,坤卦-dynamic,b,0.205,38,0.6567,1.0,False
Vietnamese,離卦-static,c,0.205,15,0.806,1.0,False
Vietnamese,離卦-static,a,0.203,64,0.7761,1.0,False
Vietnamese,離卦-static,v,-0.203,10,0.801,1.0,False
Vietnamese,坤卦-static,n,0.2,12,0.8756,1.0,False
Vietnamese,艮卦-dynamic,ɛ,-0.2,9,0.6667,1.0,False
Vietnamese,離卦-dynamic,j,-0.197,24,0.801,1.0,False
Vietnamese,震卦-static,c,-0.195,23,0.6567,1.0,False
Vietnamese,離卦-static,u,-0.193,12,0.791,1.0,False
Vietnamese,兌卦-dynamic,e,0.193,13,0.7264,1.0,False
Vietnamese,坎卦-static,a,-0.19,24,0.8507,1.0,False
Vietnamese,坤卦-dynamic,ɔ,0.189,47,0.6915,1.0,False
Vietnamese,兌卦-dynamic,y,0.189,5,0.7861,1.0,False
Vietnamese,坎卦-dynamic,i͡ɛ,-0.187,4,0.8458,1.0,False
Vietnamese,艮卦-static,v,-0.184,8,0.8109,1.0,False
Vietnamese,震卦-static,t͡ʃ,-0.183,34,0.7065,1.0,False
Vietnamese,中卦-static,p,-0.18,12,0.7164,1.0,False
Vietnamese,中卦-static,i,0.174,54,0.6816,1.0,False
Vietnamese,坎卦-dynamic,u,0.171,5,0.8706,1.0,False
Vietnamese,離卦-dynamic,b,0.171,18,0.7811,1.0,False
Vietnamese,離卦-dynamic,t͡ʃ,0.171,23,0.8308,1.0,False
Vietnamese,坤卦-dynamic,m,-0.164,54,0.7214,1.0,False
Vietnamese,艮卦-dynamic,h,-0.164,15,0.7662,1.0,False
Vietnamese,乾卦-static,w,-0.163,8,0.9204,1.0,False
Vietnamese,坤卦-dynamic,ɜ,-0.162,120,0.7612,1.0,False
Vietnamese,艮卦-dynamic,t̪,-0.156,41,0.7612,1.0,False
Vietnamese,兌卦-static,m,-0.156,7,0.9104,1.0,False
Vietnamese,兌卦-dynamic,i͡ɛ,-0.156,8,0.8159,1.0,False
Vietnamese,坎卦-static,p,0.155,3,0.8856,1.0,False
Vietnamese,震卦-static,u͡ə,-0.155,11,0.7612,1.0,False
Vietnamese,乾卦-static,ɲ,-0.154,4,0.8905,1.0,False
Vietnamese,震卦-dynamic,ə͡ɪ,0.148,4,0.791,1.0,False
Vietnamese,乾卦-dynamic,t͡ʃ,-0.136,19,0.8259,1.0,False
Vietnamese,兌卦-dynamic,ɔ,0.135,15,0.8806,1.0,False
Vietnamese,艮卦-static,ɜ,0.129,48,0.9005,1.0,False
Vietnamese,離卦-dynamic,ɗ,-0.126,12,0.8109,1.0,False
Vietnamese,離卦-static,y,0.125,7,0.8308,1.0,False
Vietnamese,乾卦-dynamic,t̪,0.125,38,0.8209,1.0,False
Vietnamese,離卦-static,m,0.123,30,0.8507,1.0,False
Vietnamese,坤卦-dynamic,t͡ʃ,0.12,46,0.8308,1.0,False
Vietnamese,艮卦-static,l,-0.116,11,0.9154,1.0,False
Vietnamese,離卦-dynamic,n,0.116,40,0.8756,1.0,False
Vietnamese,艮卦-dynamic,t͡ʃ,-0.115,23,0.8955,1.0,False
Vietnamese,坤卦-dynamic,i,0.114,48,0.8408,1.0,False
Vietnamese,坎卦-dynamic,v,-0.114,4,0.8905,1.0,False
Vietnamese,中卦-dynamic,ɜ,0.114,4,0.9751,1.0,False
Vietnamese,中卦-static,a,-0.111,128,0.806,1.0,False
Vietnamese,中卦-static,f,-0.109,13,0.8507,1.0,False
Vietnamese,兌卦-static,t͡ʃ,-0.108,5,0.9303,1.0,False
Vietnamese,坤卦-dynamic,s,0.107,33,0.791,1.0,False
Vietnamese,艮卦-dynamic,t,0.107,18,0.9055,1.0,False
Vietnamese,離卦-dynamic,x,-0.107,3,0.8806,1.0,False
Vietnamese,艮卦-static,e,0.104,14,0.8806,1.0,False
Vietnamese,震卦-static,ə,-0.103,57,0.8159,1.0,False
Vietnamese,離卦-dynamic,y͡ə,0.101,11,0.8955,1.0,False
Vietnamese,艮卦-dynamic,p,-0.1,7,0.9005,1.0,False
Vietnamese,坎卦-dynamic,l,-0.1,5,0.9353,1.0,False
Vietnamese,中卦-static,ə,-0.093,67,0.8408,1.0,False
Vietnamese,離卦-static,b,0.093,17,0.8657,1.0,False
Vietnamese,兌卦-dynamic,t̪,-0.091,23,0.9303,1.0,False
Vietnamese,中卦-static,t͡ʃ,-0.09,43,0.8856,1.0,False
Vietnamese,兌卦-dynamic,w,-0.085,19,0.8955,1.0,False
Vietnamese,兌卦-static,ə,-0.075,8,0.9602,1.0,False
Vietnamese,乾卦-dynamic,p,-0.075,6,0.9353,1.0,False
Vietnamese,兌卦-dynamic,s,-0.074,10,0.9353,1.0,False
Vietnamese,兌卦-dynamic,m,0.071,20,0.9154,1.0,False
Vietnamese,兌卦-dynamic,o,-0.067,12,0.9055,1.0,False
Vietnamese,震卦-static,h,-0.063,25,0.9254,1.0,False
Vietnamese,巽卦-static,w,0.062,6,0.9453,1.0,False
Vietnamese,艮卦-static,ɛ,-0.06,6,0.9602,1.0,False
Vietnamese,艮卦-static,t͡ʃ,-0.056,15,0.9552,1.0,False
Vietnamese,離卦-dynamic,u,-0.056,13,0.9552,1.0,False
Vietnamese,中卦-static,y,-0.053,14,0.9453,1.0,False
Vietnamese,坎卦-dynamic,ɔ,-0.052,7,0.9602,1.0,False
Vietnamese,震卦-dynamic,e,0.046,18,0.9602,1.0,False
Vietnamese,中卦-static,m,-0.045,63,0.9303,1.0,False
Vietnamese,艮卦-dynamic,w,0.043,37,0.9254,1.0,False
Vietnamese,坤卦-dynamic,ɗ,0.041,28,0.9353,1.0,False
Vietnamese,離卦-dynamic,ɣ,-0.041,4,0.9602,1.0,False
Vietnamese,離卦-dynamic,ɲ,0.041,15,0.9552,1.0,False
Vietnamese,震卦-static,ɲ,0.039,29,0.9502,1.0,False
Vietnamese,震卦-dynamic,b,0.039,17,0.9502,1.0,False
Vietnamese,艮卦-dynamic,o,0.038,23,0.9502,1.0,False
Vietnamese,巽卦-static,l,-0.034,3,0.9851,1.0,False
Vietnamese,坎卦-static,h,0.031,6,0.9801,1.0,False
Vietnamese,離卦-dynamic,ɜ,-0.031,60,0.9801,1.0,False
Vietnamese,艮卦-dynamic,z,0.027,22,0.9851,1.0,False
Vietnamese,離卦-static,ɣ,-0.027,4,0.9502,1.0,False
Vietnamese,坎卦-static,u͡ə,0.023,3,0.9801,1.0,False
Vietnamese,兌卦-dynamic,c,-0.023,9,0.9652,1.0,False
Vietnamese,中卦-static,j,0.021,62,0.9701,1.0,False
Vietnamese,震卦-static,f,-0.021,13,0.9552,1.0,False
Vietnamese,離卦-dynamic,a,-0.017,59,0.9751,1.0,False
Vietnamese,坤卦-static,j,0.016,8,0.99,1.0,False
Vietnamese,離卦-dynamic,ə,-0.015,31,0.9801,1.0,False
Vietnamese,坎卦-static,j,0.013,12,0.9801,1.0,False
Vietnamese,艮卦-static,y,0.012,5,0.9851,1.0,False
Vietnamese,艮卦-dynamic,i͡ɛ,-0.01,16,0.995,1.0,False
Vietnamese,艮卦-dynamic,y,0.005,8,0.9801,1.0,False
Vietnamese,震卦-dynamic,z,0.004,18,0.995,1.0,False
Vietnamese,乾卦-dynamic,l,-0.004,16,0.995,1.0,False
Vietnamese,艮卦-dynamic,b,-0.0,20,1.0,1.0,False
Welsh,兌卦-dynamic,ɔ͡ɪ,4.123,9,0.005,0.2925,False
Welsh,坎卦-dynamic,e͡ʊ,3.789,6,0.005,0.2925,False
Welsh,震卦-dynamic,ʃ,3.614,11,0.005,0.2925,False
Welsh,坤卦-static,ə͡ɨ,3.467,3,0.005,0.2925,False
Welsh,震卦-dynamic,ə,2.581,11,0.005,0.2925,False
Welsh,兌卦-dynamic,ø,2.512,67,0.005,0.2925,False
Welsh,離卦-static,k,2.132,45,0.005,0.2925,False
Welsh,震卦-static,ɑ͡ɨ,2.063,24,0.005,0.2925,False
Welsh,艮卦-dynamic,j,1.976,34,0.005,0.2925,False
Welsh,坤卦-dynamic,e,1.952,32,0.005,0.2925,False
Welsh,乾卦-dynamic,r,1.903,93,0.005,0.2925,False
Welsh,乾卦-dynamic,θ,1.835,16,0.005,0.2925,False
Welsh,震卦-static,ɛ,1.816,90,0.005,0.2925,False
Welsh,艮卦-static,u͡ɨ,1.76,12,0.005,0.2925,False
Welsh,震卦-static,θ,1.428,24,0.005,0.2925,False
Welsh,坎卦-dynamic,w,2.761,11,0.01,0.4388,False
Welsh,離卦-dynamic,ŋ,2.137,10,0.01,0.4388,False
Welsh,艮卦-static,k,1.63,38,0.01,0.4388,False
Welsh,中卦-static,d,1.11,89,0.01,0.4388,False
Welsh,兌卦-static,t,3.275,5,0.0149,0.4539,False
Welsh,坎卦-static,ʌ,2.327,15,0.0149,0.4539,False
Welsh,乾卦-dynamic,ɑ͡ɨ,2.046,14,0.0149,0.4539,False
Welsh,兌卦-dynamic,a͡ɨ,1.813,7,0.0149,0.4539,False
Welsh,坤卦-dynamic,u,1.568,13,0.0149,0.4539,False
Welsh,乾卦-dynamic,b,-1.547,3,0.0149,0.4539,False
Welsh,震卦-static,n,1.492,145,0.0149,0.4539,False
Welsh,中卦-static,v,1.052,48,0.0149,0.4539,False
Welsh,離卦-static,ɪ͡u,2.374,5,0.0199,0.5162,False
Welsh,乾卦-static,ø,2.302,19,0.0199,0.5162,False
Welsh,坤卦-dynamic,ɨ͡u,1.847,16,0.0199,0.5162,False
Welsh,離卦-dynamic,ə͡ɪ,1.624,16,0.0199,0.5162,False
Welsh,中卦-static,k,-0.925,27,0.0199,0.5162,False
Welsh,中卦-dynamic,a,3.721,3,0.0249,0.5626,False
Welsh,兌卦-dynamic,o,1.536,17,0.0249,0.5626,False
Welsh,離卦-static,p,1.382,19,0.0249,0.5626,False
Welsh,離卦-dynamic,θ,1.341,18,0.0249,0.5626,False
Welsh,艮卦-dynamic,ɔ,1.309,67,0.0249,0.5626,False
Welsh,坤卦-static,ɔ͡ɨ,2.604,4,0.0299,0.5984,False
Welsh,乾卦-static,u,2.478,3,0.0299,0.5984,False
Welsh,坤卦-static,ð,1.931,12,0.0299,0.5984,False
Welsh,乾卦-dynamic,ɪ͡u,1.651,5,0.0299,0.5984,False
Welsh,兌卦-dynamic,e,1.19,14,0.0299,0.5984,False
Welsh,震卦-dynamic,o,1.346,15,0.0348,0.6143,False
Welsh,兌卦-dynamic,ɛ,-1.328,19,0.0348,0.6143,False
Welsh,艮卦-dynamic,n,-1.143,34,0.0348,0.6143,False
Welsh,坤卦-dynamic,d,0.923,83,0.0348,0.6143,False
Welsh,巽卦-dynamic,ɨ,2.45,11,0.0398,0.618,False
Welsh,乾卦-static,ɔ͡ɨ,2.286,3,0.0398,0.618,False
Welsh,乾卦-static,a͡ʊ,2.245,5,0.0448,0.618,False
Welsh,坎卦-static,ð,2.043,9,0.0398,0.618,False
Welsh,坎卦-static,x,1.944,7,0.0498,0.618,False
Welsh,離卦-dynamic,ə,1.576,10,0.0448,0.618,False
Welsh,艮卦-static,o,1.364,11,0.0498,0.618,False
Welsh,艮卦-static,ɨ,-1.333,9,0.0498,0.618,False
Welsh,震卦-static,d,-1.226,39,0.0398,0.618,False
Welsh,離卦-dynamic,s,-1.206,20,0.0448,0.618,False
Welsh,離卦-dynamic,ɔ,1.138,64,0.0448,0.618,False
Welsh,離卦-dynamic,t,-1.113,17,0.0498,0.618,False
Welsh,震卦-static,u͡ɨ,1.095,22,0.0448,0.618,False
Welsh,震卦-static,m,1.075,46,0.0448,0.618,False
Welsh,中卦-static,ɛ,1.005,87,0.0448,0.618,False
Welsh,坤卦-dynamic,a͡ʊ,0.986,18,0.0498,0.618,False
Welsh,坤卦-dynamic,ɬ,-0.983,11,0.0448,0.618,False
Welsh,中卦-static,e,0.818,22,0.0498,0.618,False
Welsh,巽卦-dynamic,ɡ,2.402,15,0.0547,0.6188,False
Welsh,坤卦-static,u͡ɨ,1.596,6,0.0547,0.6188,False
Welsh,艮卦-static,ɬ,1.361,19,0.0547,0.6188,False
Welsh,震卦-dynamic,m,1.335,30,0.0547,0.6188,False
Welsh,震卦-dynamic,t,-1.219,12,0.0547,0.6188,False
Welsh,坤卦-dynamic,ɪ͡u,0.963,7,0.0547,0.6188,False
Welsh,兌卦-static,ʊ,2.675,4,0.0597,0.6269,False
Welsh,巽卦-static,ʊ,2.464,7,0.0597,0.6269,False
Welsh,艮卦-static,a͡ɨ,1.316,4,0.0597,0.6269,False
Welsh,離卦-dynamic,o,1.031,17,0.0597,0.6269,False
Welsh,震卦-dynamic,ɔ,1.084,49,0.0647,0.6482,False
Welsh,坤卦-dynamic,o,-1.004,4,0.0647,0.6482,False
Welsh,坤卦-dynamic,r,0.975,146,0.0647,0.6482,False
Welsh,中卦-static,a͡ɪ,0.871,22,0.0697,0.6751,False
Welsh,巽卦-dynamic,x,1.994,6,0.0746,0.7154,False
Welsh,坎卦-dynamic,ə͡ɪ,1.661,4,0.0796,0.7238,False
Welsh,坤卦-static,d,-1.498,8,0.0796,0.7238,False
Welsh,離卦-static,ʌ,-1.184,6,0.0796,0.7238,False
Welsh,離卦-static,ð,-1.165,3,0.0796,0.7238,False
Welsh,艮卦-static,ɡ,1.116,34,0.0796,0.7238,False
Welsh,兌卦-dynamic,c,1.045,5,0.0846,0.7535,False
Welsh,艮卦-dynamic,ʌ,0.987,46,0.0846,0.7535,False
Welsh,巽卦-static,b,2.136,5,0.0896,0.7668,False
Welsh,艮卦-static,d,-1.246,17,0.0896,0.7668,False
Welsh,乾卦-static,d,-1.7,6,0.0945,0.794,False
Welsh,坤卦-static,ɛ,1.416,19,0.0945,0.794,False
Welsh,巽卦-dynamic,j,1.818,6,0.1095,0.7947,False
Welsh,巽卦-dynamic,ə͡ɪ,1.691,3,0.1144,0.7947,False
Welsh,坎卦-dynamic,d,1.598,16,0.1095,0.7947,False
Welsh,坎卦-dynamic,ɔ,1.532,18,0.1045,0.7947,False
Welsh,坎卦-dynamic,a͡ɪ,1.523,5,0.1095,0.7947,False
Welsh,離卦-static,ə͡ɪ,1.182,8,0.1144,0.7947,False
Welsh,離卦-static,ɛ,1.134,35,0.1095,0.7947,False
Welsh,離卦-dynamic,e,-0.987,3,0.0995,0.7947,False
Welsh,艮卦-dynamic,o,0.917,16,0.0995,0.7947,False
Welsh,坤卦-dynamic,ɔ͡ɨ,0.914,10,0.1045,0.7947,False
Welsh,艮卦-dynamic,w,-0.881,5,0.1144,0.7947,False
Welsh,震卦-static,l,0.808,74,0.0995,0.7947,False
Welsh,震卦-static,x,-0.775,6,0.1144,0.7947,False
Welsh,坤卦-dynamic,v,0.72,42,0.0995,0.7947,False
Welsh,中卦-static,b,0.688,44,0.0995,0.7947,False
Welsh,中卦-static,m,0.672,47,0.1095,0.7947,False
Welsh,巽卦-dynamic,ʌ,1.787,11,0.1294,0.7978,False
Welsh,坎卦-dynamic,ɑ͡ɨ,1.683,4,0.1194,0.7978,False
Welsh,坎卦-dynamic,s,-1.595,3,0.1294,0.7978,False
Welsh,乾卦-static,m,1.523,10,0.1244,0.7978,False
Welsh,離卦-dynamic,j,0.913,23,0.1244,0.7978,False
Welsh,離卦-dynamic,ð,0.857,28,0.1244,0.7978,False
Welsh,離卦-dynamic,ɬ,-0.847,9,0.1294,0.7978,False
Welsh,中卦-static,a͡ɨ,0.709,8,0.1294,0.7978,False
Welsh,坤卦-dynamic,ɡ,0.689,77,0.1294,0.7978,False
Welsh,坤卦-dynamic,h,-0.674,8,0.1194,0.7978,False
Welsh,中卦-static,ø,-0.663,31,0.1244,0.7978,False
Welsh,震卦-static,ə͡ɪ,-0.734,4,0.1343,0.8115,False
Welsh,巽卦-dynamic,ɛ,-1.774,3,0.1443,0.8157,False
Welsh,乾卦-static,x,1.563,7,0.1443,0.8157,False
Welsh,艮卦-dynamic,ŋ,0.908,6,0.1443,0.8157,False
Welsh,震卦-static,k,0.765,65,0.1393,0.8157,False
Welsh,艮卦-dynamic,t,0.751,45,0.1393,0.8157,False
Welsh,震卦-static,w,-0.707,9,0.1393,0.8157,False
Welsh,震卦-static,v,-0.678,20,0.1443,0.8157,False
Welsh,震卦-static,b,-0.662,18,0.1443,0.8157,False
Welsh,坎卦-static,b,1.377,8,0.1542,0.8244,False
Welsh,離卦-dynamic,ʊ,-0.821,3,0.1493,0.8244,False
Welsh,兌卦-dynamic,j,0.797,18,0.1542,0.8244,False
Welsh,中卦-static,x,-0.645,9,0.1542,0.8244,False
Welsh,兌卦-dynamic,l,-0.816,24,0.1592,0.8459,False
Welsh,兌卦-static,l,2.373,5,0.1642,0.8568,False
Welsh,坎卦-static,θ,1.409,4,0.1642,0.8568,False
Welsh,艮卦-dynamic,d,0.856,55,0.1642,0.8568,False
Welsh,震卦-dynamic,v,0.811,23,0.1692,0.8574,False
Welsh,艮卦-dynamic,ɨ͡u,0.774,6,0.1692,0.8574,False
Welsh,乾卦-static,s,1.42,18,0.1791,0.868,False
Welsh,坤卦-static,k,1.114,17,0.1791,0.868,False
Welsh,離卦-static,ɨ,-0.943,12,0.1791,0.868,False
Welsh,乾卦-dynamic,ø,-0.771,14,0.1791,0.868,False
Welsh,兌卦-dynamic,d,-0.727,30,0.1791,0.868,False
Welsh,艮卦-dynamic,v,0.694,28,0.1791,0.868,False
Welsh,坎卦-dynamic,x,1.164,6,0.1841,0.8776,False
Welsh,艮卦-static,s,-0.89,15,0.1841,0.8776,False
Welsh,兌卦-dynamic,ʊ,-0.788,3,0.1841,0.8776,False
Welsh,兌卦-dynamic,ʌ,0.659,34,0.1891,0.8917,False
Welsh,中卦-static,ɨ,0.594,58,0.1891,0.8917,False
Welsh,坤卦-static,a͡ʊ,1.164,4,0.194,0.9001,False
Welsh,坎卦-dynamic,t,-1.164,4,0.199,0.9001,False
Welsh,離卦-static,ɔ,0.937,35,0.199,0.9001,False
Welsh,乾卦-dynamic,j,0.733,16,0.199,0.9001,False
Welsh,震卦-dynamic,ɨ,0.711,31,0.199,0.9001,False
Welsh,乾卦-dynamic,a͡ʊ,0.922,9,0.204,0.9086,False
Welsh,離卦-static,n,0.917,56,0.204,0.9086,False
Welsh,艮卦-dynamic,e,-0.665,5,0.209,0.9169,False
Welsh,震卦-static,ɡ,-0.611,39,0.209,0.9169,False
Welsh,坤卦-dynamic,f,-0.576,4,0.209,0.9169,False
Welsh,兌卦-static,n,2.268,8,0.2139,0.9204,False
Welsh,兌卦-dynamic,t,-0.724,19,0.2139,0.9204,False
Welsh,坤卦-static,ɔ,-0.945,5,0.2189,0.9238,False
Welsh,中卦-static,ʊ,-0.518,13,0.2189,0.9238,False
Welsh,巽卦-dynamic,l,1.603,13,0.2289,0.9526,False
Welsh,巽卦-static,v,1.538,4,0.2637,0.9526,False
Welsh,坎卦-dynamic,ɛ,-1.237,6,0.2587,0.9526,False
Welsh,坎卦-dynamic,r,1.213,26,0.2289,0.9526,False
Welsh,巽卦-dynamic,ɔ,1.204,12,0.2736,0.9526,False
Welsh,巽卦-dynamic,n,-1.201,6,0.2587,0.9526,False
Welsh,坤卦-static,ʌ,-0.993,4,0.2587,0.9526,False
Welsh,乾卦-static,ɔ,-0.968,4,0.2786,0.9526,False
Welsh,乾卦-static,ɛ,-0.964,7,0.3035,0.9526,False
Welsh,坤卦-static,ɑ,0.906,7,0.2736,0.9526,False
Welsh,離卦-static,w,-0.879,3,0.2388,0.9526,False
Welsh,震卦-dynamic,ə͡ɨ,0.868,3,0.2687,0.9526,False
Welsh,乾卦-dynamic,ɡ,-0.755,21,0.2338,0.9526,False
Welsh,乾卦-dynamic,w,-0.741,5,0.2886,0.9526,False
Welsh,離卦-static,a,0.711,43,0.2736,0.9526,False
Welsh,震卦-dynamic,d,0.7,42,0.2338,0.9526,False
Welsh,兌卦-dynamic,u͡ɨ,0.691,12,0.2388,0.9526,False
Welsh,離卦-static,s,-0.682,18,0.3035,0.9526,False
Welsh,震卦-dynamic,a͡ʊ,0.669,8,0.2687,0.9526,False
Welsh,艮卦-dynamic,a,-0.666,34,0.2338,0.9526,False
Welsh,艮卦-static,l,0.654,31,0.3035,0.9526,False
Welsh,震卦-dynamic,p,0.636,19,0.2985,0.9526,False
Welsh,艮卦-dynamic,ʃ,0.632,4,0.2985,0.9526,False
Welsh,艮卦-dynamic,ɬ,0.63,25,0.2338,0.9526,False
Welsh,乾卦-dynamic,d,0.608,40,0.2886,0.9526,False
Welsh,離卦-dynamic,l,-0.586,33,0.2786,0.9526,False
Welsh,離卦-dynamic,ɡ,-0.56,31,0.2587,0.9526,False
Welsh,艮卦-dynamic,ə͡ɪ,-0.559,4,0.3035,0.9526,False
Welsh,坤卦-dynamic,u͡ɨ,-0.558,10,0.2587,0.9526,False
Welsh,坤卦-dynamic,a͡ɪ,-0.556,3,0.2438,0.9526,False
Welsh,震卦-static,ɬ,-0.543,16,0.2637,0.9526,False
Welsh,艮卦-dynamic,x,-0.533,7,0.3035,0.9526,False
Welsh,震卦-static,ð,-0.524,16,0.2786,0.9526,False
Welsh,震卦-static,ʊ,-0.523,11,0.2836,0.9526,False
Welsh,震卦-static,r,-0.511,81,0.2786,0.9526,False
Welsh,震卦-static,j,-0.508,10,0.2935,0.9526,False
Welsh,艮卦-dynamic,r,-0.502,62,0.3035,0.9526,False
Welsh,震卦-static,h,-0.5,12,0.2736,0.9526,False
Welsh,坤卦-dynamic,ð,0.489,35,0.2736,0.9526,False
Welsh,坤卦-dynamic,s,-0.475,51,0.2587,0.9526,False
Welsh,坤卦-dynamic,ʌ,-0.451,33,0.2388,0.9526,False
Welsh,坤卦-dynamic,n,0.441,119,0.2587,0.9526,False
Welsh,中卦-static,j,0.434,27,0.2985,0.9526,False
Welsh,中卦-static,ʌ,-0.412,35,0.2886,0.9526,False
Welsh,艮卦-static,e,-0.632,3,0.3085,0.958,False
Welsh,震卦-dynamic,a,-0.524,30,0.3085,0.958,False
Welsh,巽卦-dynamic,d,1.207,11,0.3234,0.9669,False
Welsh,巽卦-dynamic,w,1.167,5,0.3234,0.9669,False
Welsh,乾卦-dynamic,v,0.618,21,0.3184,0.9669,False
Welsh,離卦-dynamic,m,-0.596,17,0.3184,0.9669,False
Welsh,坤卦-dynamic,ɨ,0.519,55,0.3184,0.9669,False
Welsh,中卦-static,n,-0.471,82,0.3284,0.9686,False
Welsh,中卦-static,ð,0.369,34,0.3284,0.9686,False
Welsh,艮卦-static,p,-0.664,6,0.3333,0.9703,False
Welsh,離卦-static,ɑ,0.635,12,0.3333,0.9703,False
Welsh,震卦-static,ə͡ɨ,0.553,4,0.3333,0.9703,False
Welsh,坤卦-dynamic,k,-0.434,40,0.3333,0.9703,False
Welsh,巽卦-static,ɡ,1.335,7,0.3532,0.9707,False
Welsh,巽卦-static,w,1.162,3,0.3632,0.9707,False
Welsh,巽卦-static,m,1.144,4,0.3632,0.9707,False
Welsh,乾卦-static,u͡ɨ,0.967,4,0.3383,0.9707,False
Welsh,坎卦-static,m,0.777,7,0.3483,0.9707,False
Welsh,離卦-dynamic,a͡ɨ,0.608,5,0.3483,0.9707,False
Welsh,艮卦-static,h,-0.602,4,0.3483,0.9707,False
Welsh,乾卦-dynamic,x,-0.583,5,0.3483,0.9707,False
Welsh,離卦-dynamic,ɛ,-0.516,35,0.3483,0.9707,False
Welsh,離卦-dynamic,ə͡ɨ,0.515,3,0.3582,0.9707,False
Welsh,兌卦-dynamic,b,-0.501,13,0.3582,0.9707,False
Welsh,離卦-dynamic,h,0.486,31,0.3483,0.9707,False
Welsh,離卦-dynamic,ʌ,0.474,38,0.3433,0.9707,False
Welsh,震卦-static,a͡ʊ,-0.457,4,0.3582,0.9707,False
Welsh,艮卦-static,n,0.613,49,0.3682,0.9722,False
Welsh,艮卦-static,ɛ,0.563,29,0.3731,0.9737,False
Welsh,坤卦-dynamic,a͡ɨ,-0.421,3,0.3731,0.9737,False
Welsh,艮卦-static,ð,-0.528,7,0.3781,0.9751,False
Welsh,離卦-dynamic,ø,0.519,43,0.3781,0.9751,False
Welsh,震卦-dynamic,ð,-0.484,10,0.3781,0.9751,False
Welsh,坤卦-dynamic,m,-0.348,29,0.3781,0.9751,False
Welsh,坤卦-static,p,-0.711,3,0.3831,0.9793,False
Welsh,離卦-static,ɡ,-0.586,18,0.3831,0.9793,False
Welsh,乾卦-dynamic,ɬ,-0.47,10,0.393,0.9793,False
Welsh,兌卦-dynamic,ə͡ɪ,0.467,8,0.393,0.9793,False
Welsh,兌卦-dynamic,n,-0.465,45,0.393,0.9793,False
Welsh,艮卦-dynamic,f,-0.46,4,0.3881,0.9793,False
Welsh,兌卦-dynamic,s,-0.459,29,0.3881,0.9793,False
Welsh,震卦-static,ɑ,-0.418,11,0.398,0.9861,False
Welsh,坤卦-dynamic,p,-0.374,20,0.398,0.9861,False
Welsh,坎卦-static,w,0.775,5,0.408,0.9885,False
Welsh,震卦-dynamic,b,-0.532,12,0.403,0.9885,False
Welsh,中卦-static,ɡ,-0.363,52,0.408,0.9885,False
Welsh,中卦-static,o,-0.356,11,0.408,0.9885,False
Welsh,坤卦-dynamic,ŋ,-0.355,3,0.4129,0.9897,False
Welsh,坎卦-dynamic,ɬ,0.905,7,0.4179,0.9935,False
Welsh,離卦-static,ɬ,-0.586,7,0.4179,0.9935,False
Welsh,離卦-dynamic,w,0.496,20,0.4179,0.9935,False
Welsh,離卦-static,x,-0.562,4,0.4279,0.9957,False
Welsh,離卦-static,f,0.516,9,0.4279,0.9957,False
Welsh,離卦-static,v,-0.515,10,0.4279,0.9957,False
Welsh,離卦-dynamic,ɨ,-0.462,26,0.4279,0.9957,False
Welsh,坎卦-static,ɡ,-0.756,6,0.4328,0.9968,False
Welsh,離卦-dynamic,p,-0.433,13,0.4328,0.9968,False
Welsh,中卦-static,r,-0.342,101,0.4328,0.9968,False
Welsh,兌卦-static,r,-0.995,3,0.5522,1.0,False
Welsh,巽卦-dynamic,ø,0.839,9,0.4776,1.0,False
Welsh,巽卦-static,ɛ,0.799,6,0.5771,1.0,False
Welsh,坎卦-static,a͡ɪ,0.788,3,0.5124,1.0,False
Welsh,兌卦-static,k,0.783,3,0.7065,1.0,False
Welsh,巽卦-dynamic,a,-0.727,6,0.5721,1.0,False
Welsh,乾卦-static,r,0.723,23,0.4726,1.0,False
Welsh,坎卦-static,ɛ,-0.702,7,0.5124,1.0,False
Welsh,坎卦-static,ɔ,-0.667,5,0.5025,1.0,False
Welsh,坎卦-dynamic,j,0.658,5,0.5124,1.0,False
Welsh,乾卦-static,b,0.623,7,0.5423,1.0,False
Welsh,坎卦-dynamic,l,-0.62,8,0.5572,1.0,False
Welsh,乾卦-static,l,-0.62,8,0.4776,1.0,False
Welsh,坎卦-static,n,-0.592,11,0.5622,1.0,False
Welsh,乾卦-static,k,-0.588,6,0.5274,1.0,False
Welsh,巽卦-dynamic,v,-0.58,3,0.6766,1.0,False
Welsh,乾卦-static,ð,-0.542,3,0.5821,1.0,False
Welsh,離卦-static,u,0.531,3,0.5075,1.0,False
Welsh,坤卦-static,v,0.526,8,0.4577,1.0,False
Welsh,艮卦-static,ɔ͡ɨ,0.519,3,0.4677,1.0,False
Welsh,離卦-static,b,0.517,16,0.4776,1.0,False
Welsh,坎卦-static,ʊ,0.515,6,0.7065,1.0,False
Welsh,巽卦-dynamic,s,0.509,10,0.7065,1.0,False
Welsh,巽卦-static,s,0.504,6,0.7811,1.0,False
Welsh,震卦-dynamic,c,0.496,3,0.5721,1.0,False
Welsh,震卦-dynamic,ɛ,0.494,39,0.4726,1.0,False
Welsh,坤卦-static,r,0.475,26,0.5473,1.0,False
Welsh,坤卦-static,t,-0.475,8,0.5522,1.0,False
Welsh,艮卦-static,ɑ͡ɨ,0.473,5,0.5075,1.0,False
Welsh,離卦-static,θ,-0.465,4,0.4726,1.0,False
Welsh,坎卦-dynamic,ø,-0.462,6,0.6567,1.0,False
Welsh,離卦-static,l,0.449,30,0.4826,1.0,False
Welsh,乾卦-static,a,-0.449,10,0.6368,1.0,False
Welsh,離卦-static,m,-0.445,11,0.5174,1.0,False
Welsh,乾卦-static,e,0.444,3,0.6866,1.0,False
Welsh,乾卦-dynamic,l,-0.439,27,0.4975,1.0,False
Welsh,離卦-static,ʊ,-0.431,6,0.4975,1.0,False
Welsh,艮卦-static,θ,-0.426,4,0.5124,1.0,False
Welsh,坎卦-static,a,-0.416,9,0.6816,1.0,False
Welsh,乾卦-dynamic,s,0.415,40,0.5224,1.0,False
Welsh,艮卦-static,ə,0.414,3,0.592,1.0,False
Welsh,乾卦-dynamic,k,-0.413,21,0.5622,1.0,False
Welsh,坎卦-static,ɬ,-0.411,3,0.6816,1.0,False
Welsh,乾卦-static,θ,0.399,3,0.6418,1.0,False
Welsh,乾卦-dynamic,e,0.396,9,0.4776,1.0,False
Welsh,坤卦-static,ɨ,-0.395,8,0.5821,1.0,False
Welsh,巽卦-static,l,-0.395,4,0.7363,1.0,False
Welsh,離卦-dynamic,k,-0.395,28,0.5224,1.0,False
Welsh,兌卦-dynamic,ɔ,0.395,39,0.4776,1.0,False
Welsh,巽卦-dynamic,r,-0.394,12,0.7463,1.0,False
Welsh,震卦-dynamic,ø,-0.394,20,0.4527,1.0,False
Welsh,離卦-dynamic,d,0.391,50,0.5323,1.0,False
Welsh,艮卦-dynamic,ʊ,0.39,25,0.5224,1.0,False
Welsh,乾卦-dynamic,ɛ,-0.39,28,0.4975,1.0,False
Welsh,兌卦-dynamic,θ,0.389,10,0.5124,1.0,False
Welsh,震卦-dynamic,k,-0.386,22,0.4975,1.0,False
Welsh,震卦-dynamic,n,0.385,62,0.5423,1.0,False
Welsh,乾卦-dynamic,u͡ɨ,-0.382,6,0.5821,1.0,False
Welsh,艮卦-static,w,-0.376,6,0.5423,1.0,False
Welsh,震卦-dynamic,ɑ,-0.376,7,0.5473,1.0,False
Welsh,兌卦-dynamic,a͡ʊ,-0.373,3,0.5721,1.0,False
Welsh,艮卦-dynamic,h,-0.369,12,0.5025,1.0,False
Welsh,乾卦-static,h,-0.369,3,0.6866,1.0,False
Welsh,坎卦-dynamic,h,0.366,7,0.6617,1.0,False
Welsh,中卦-static,ə͡ɨ,0.366,4,0.4428,1.0,False
Welsh,艮卦-static,i,-0.365,4,0.5721,1.0,False
Welsh,坎卦-static,v,-0.362,4,0.7662,1.0,False
Welsh,離卦-static,d,-0.362,24,0.5871,1.0,False
Welsh,巽卦-static,ɨ,-0.356,3,0.8259,1.0,False
Welsh,艮卦-static,f,-0.354,3,0.5771,1.0,False
Welsh,乾卦-dynamic,ɑ,-0.354,7,0.592,1.0,False
Welsh,離卦-dynamic,i,0.353,15,0.4925,1.0,False
Welsh,離卦-dynamic,a͡ɪ,0.352,10,0.5721,1.0,False
Welsh,坤卦-static,f,0.351,4,0.7065,1.0,False
Welsh,震卦-dynamic,ɡ,-0.351,27,0.5323,1.0,False
Welsh,艮卦-dynamic,ɛ,-0.348,37,0.5025,1.0,False
Welsh,兌卦-dynamic,ɬ,-0.348,12,0.5522,1.0,False
Welsh,艮卦-dynamic,p,0.347,21,0.5124,1.0,False
Welsh,艮卦-dynamic,ɨ,0.347,35,0.5025,1.0,False
Welsh,兌卦-dynamic,i,-0.345,6,0.4876,1.0,False
Welsh,坤卦-static,a,-0.342,13,0.6866,1.0,False
Welsh,乾卦-static,o,0.34,3,0.7065,1.0,False
Welsh,乾卦-dynamic,a͡ɪ,-0.338,3,0.5622,1.0,False
Welsh,艮卦-static,b,-0.335,10,0.5672,1.0,False
Welsh,震卦-dynamic,ɑ͡ɨ,-0.335,3,0.5522,1.0,False
Welsh,中卦-static,u,-0.326,3,0.4925,1.0,False
Welsh,離卦-static,t,0.325,23,0.6567,1.0,False
Welsh,艮卦-static,ʌ,-0.324,14,0.6169,1.0,False
Welsh,坎卦-static,ɨ,-0.322,6,0.7662,1.0,False
Welsh,震卦-dynamic,j,0.322,13,0.6219,1.0,False
Welsh,乾卦-dynamic,ɨ,-0.321,21,0.607,1.0,False
Welsh,離卦-dynamic,ʃ,0.32,3,0.6468,1.0,False
Welsh,坤卦-static,m,-0.318,6,0.6766,1.0,False
Welsh,艮卦-dynamic,s,0.315,50,0.5871,1.0,False
Welsh,巽卦-static,h,0.315,3,0.9005,1.0,False
Welsh,坤卦-static,h,-0.313,4,0.7164,1.0,False
Welsh,震卦-static,ə,-0.313,3,0.5522,1.0,False
Welsh,坤卦-dynamic,t,-0.311,43,0.5174,1.0,False
Welsh,巽卦-static,ø,-0.309,3,0.8706,1.0,False
Welsh,坎卦-static,r,0.308,18,0.7612,1.0,False
Welsh,艮卦-dynamic,ɪ͡u,0.307,3,0.6617,1.0,False
Welsh,震卦-static,t,-0.307,38,0.5423,1.0,False
Welsh,坎卦-static,d,-0.305,9,0.7065,1.0,False
Welsh,坤卦-dynamic,ə͡ɪ,-0.304,8,0.5323,1.0,False
Welsh,坎卦-dynamic,m,-0.302,5,0.7711,1.0,False
Welsh,艮卦-dynamic,ɑ͡ɨ,-0.3,4,0.5821,1.0,False
Welsh,艮卦-static,v,0.296,14,0.6617,1.0,False
Welsh,坤卦-static,s,0.293,15,0.7164,1.0,False
Welsh,坤卦-dynamic,x,-0.292,14,0.5274,1.0,False
Welsh,離卦-dynamic,ɪ͡u,0.292,3,0.6169,1.0,False
Welsh,兌卦-dynamic,p,-0.291,12,0.5124,1.0,False
Welsh,艮卦-static,ɔ,-0.288,18,0.6567,1.0,False
Welsh,坤卦-dynamic,j,-0.276,15,0.5622,1.0,False
Welsh,艮卦-dynamic,ð,-0.274,15,0.6318,1.0,False
Welsh,艮卦-static,t,-0.273,17,0.6617,1.0,False
Welsh,震卦-dynamic,l,-0.273,30,0.6766,1.0,False
Welsh,坤卦-dynamic,ɔ,-0.271,47,0.5174,1.0,False
Welsh,中卦-static,ə͡ɪ,0.271,13,0.5721,1.0,False
Welsh,震卦-dynamic,i,0.271,11,0.6816,1.0,False
Welsh,中卦-static,u͡ɨ,-0.269,13,0.4826,1.0,False
Welsh,震卦-static,ŋ,-0.269,3,0.602,1.0,False
Welsh,乾卦-dynamic,o,-0.267,6,0.7214,1.0,False
Welsh,坎卦-dynamic,v,0.264,6,0.8159,1.0,False
Welsh,乾卦-static,v,0.264,6,0.806,1.0,False
Welsh,坎卦-dynamic,b,0.263,6,0.791,1.0,False
Welsh,震卦-static,f,0.262,16,0.5672,1.0,False
Welsh,坎卦-dynamic,ɨ,-0.26,7,0.8557,1.0,False
Welsh,巽卦-static,r,0.26,9,0.8159,1.0,False
Welsh,兌卦-dynamic,a,-0.256,38,0.6368,1.0,False
Welsh,中卦-static,ə,0.255,7,0.5821,1.0,False
Welsh,乾卦-dynamic,n,-0.255,46,0.6965,1.0,False
Welsh,中卦-static,a,0.252,91,0.5572,1.0,False
Welsh,乾卦-static,p,0.251,5,0.796,1.0,False
Welsh,艮卦-dynamic,ø,-0.25,28,0.6269,1.0,False
Welsh,中卦-static,ŋ,0.248,6,0.597,1.0,False
Welsh,離卦-dynamic,x,-0.246,10,0.7065,1.0,False
Welsh,艮卦-static,j,-0.245,6,0.6866,1.0,False
Welsh,艮卦-dynamic,m,0.245,26,0.6517,1.0,False
Welsh,坎卦-dynamic,ɡ,-0.242,9,0.8259,1.0,False
Welsh,乾卦-dynamic,ŋ,0.242,3,0.7612,1.0,False
Welsh,震卦-static,ɨ,-0.241,37,0.5423,1.0,False
Welsh,兌卦-dynamic,ɡ,0.239,37,0.6965,1.0,False
Welsh,震卦-static,e,0.235,14,0.592,1.0,False
Welsh,離卦-dynamic,n,0.235,75,0.6567,1.0,False
Welsh,震卦-static,u,-0.234,3,0.6368,1.0,False
Welsh,乾卦-static,ɡ,0.23,11,0.8358,1.0,False
Welsh,乾卦-dynamic,ʊ,0.23,17,0.6667,1.0,False
Welsh,震卦-dynamic,s,-0.228,31,0.6169,1.0,False
Welsh,兌卦-dynamic,k,0.226,33,0.6368,1.0,False
Welsh,坤卦-static,ɡ,-0.221,11,0.7861,1.0,False
Welsh,坤卦-static,l,0.214,14,0.7861,1.0,False
Welsh,坤卦-static,i,0.208,4,0.7811,1.0,False
Welsh,兌卦-dynamic,ɑ,-0.207,9,0.7214,1.0,False
Welsh,震卦-dynamic,a͡ɨ,0.205,3,0.7214,1.0,False
Welsh,坤卦-dynamic,ø,-0.201,43,0.6368,1.0,False
Welsh,中卦-static,a͡ʊ,0.201,11,0.6816,1.0,False
Welsh,中卦-static,e͡ʊ,-0.2,3,0.7214,1.0,False
Welsh,兌卦-dynamic,ð,0.199,17,0.7015,1.0,False
Welsh,坤卦-static,w,0.195,5,0.8408,1.0,False
Welsh,震卦-dynamic,r,-0.194,55,0.7562,1.0,False
Welsh,艮卦-static,x,-0.192,6,0.796,1.0,False
Welsh,坤卦-static,n,0.189,22,0.791,1.0,False
Welsh,艮卦-dynamic,i,0.188,13,0.7264,1.0,False
Welsh,艮卦-static,a͡ɪ,-0.187,3,0.7861,1.0,False
Welsh,震卦-dynamic,w,0.187,13,0.7562,1.0,False
Welsh,震卦-dynamic,ʌ,-0.187,21,0.7413,1.0,False
Welsh,震卦-static,a,-0.186,62,0.7065,1.0,False
Welsh,坎卦-dynamic,ð,-0.184,4,0.8607,1.0,False
Welsh,離卦-static,o,-0.183,5,0.7363,1.0,False
Welsh,離卦-dynamic,a,-0.182,48,0.7313,1.0,False
Welsh,離卦-dynamic,ɑ͡ɨ,0.181,7,0.7313,1.0,False
Welsh,坎卦-static,k,-0.174,7,0.8756,1.0,False
Welsh,乾卦-static,ɬ,0.172,5,0.8706,1.0,False
Welsh,中卦-static,h,-0.171,25,0.7114,1.0,False
Welsh,坎卦-static,l,0.167,10,0.8557,1.0,False
Welsh,震卦-static,i,-0.163,12,0.7811,1.0,False
Welsh,坤卦-dynamic,b,0.16,34,0.7065,1.0,False
Welsh,兌卦-dynamic,m,0.16,21,0.7612,1.0,False
Welsh,坤卦-static,ø,-0.157,9,0.8756,1.0,False
Welsh,中卦-static,ɔ͡ɨ,-0.157,4,0.7811,1.0,False
Welsh,坤卦-static,ɬ,0.156,6,0.8259,1.0,False
Welsh,巽卦-static,n,-0.154,7,0.9254,1.0,False
Welsh,艮卦-dynamic,l,-0.153,40,0.796,1.0,False
Welsh,震卦-dynamic,ʊ,-0.15,12,0.791,1.0,False
Welsh,震卦-static,o,0.149,14,0.7463,1.0,False
Welsh,坤卦-dynamic,a,0.147,84,0.7612,1.0,False
Welsh,巽卦-static,t,0.146,4,0.9005,1.0,False
Welsh,離卦-dynamic,b,0.146,23,0.7761,1.0,False
Welsh,艮卦-dynamic,u͡ɨ,0.145,11,0.7711,1.0,False
Welsh,中卦-static,θ,0.145,16,0.7065,1.0,False
Welsh,坎卦-static,s,-0.142,9,0.9005,1.0,False
Welsh,中卦-static,l,0.142,69,0.7662,1.0,False
Welsh,坎卦-dynamic,ʌ,0.141,8,0.8756,1.0,False
Welsh,兌卦-dynamic,v,-0.136,17,0.791,1.0,False
Welsh,中卦-static,ɬ,0.134,30,0.7512,1.0,False
Welsh,離卦-static,ø,-0.134,18,0.8259,1.0,False
Welsh,坤卦-dynamic,θ,-0.132,13,0.7612,1.0,False
Welsh,中卦-static,s,-0.132,63,0.7761,1.0,False
Welsh,坎卦-dynamic,a,0.129,14,0.9055,1.0,False
Welsh,震卦-static,s,-0.128,54,0.7761,1.0,False
Welsh,兌卦-dynamic,u,0.127,3,0.8109,1.0,False
Welsh,離卦-dynamic,v,0.125,23,0.8458,1.0,False
Welsh,離卦-dynamic,u͡ɨ,0.122,11,0.7861,1.0,False
Welsh,離卦-static,j,-0.121,7,0.8706,1.0,False
Welsh,坎卦-static,t,-0.119,7,0.8905,1.0,False
Welsh,震卦-static,ʃ,0.117,3,0.8209,1.0,False
Welsh,震卦-static,ø,-0.116,40,0.7861,1.0,False
Welsh,乾卦-dynamic,ɔ,-0.116,27,0.8358,1.0,False
Welsh,離卦-static,r,0.115,46,0.8507,1.0,False
Welsh,坤卦-static,b,-0.113,6,0.9005,1.0,False
Welsh,艮卦-dynamic,k,-0.112,33,0.8109,1.0,False
Welsh,艮卦-dynamic,ɡ,0.112,42,0.8358,1.0,False
Welsh,乾卦-static,t,-0.108,8,0.9303,1.0,False
Welsh,中卦-static,f,0.107,16,0.8209,1.0,False
Welsh,中卦-static,t,0.107,54,0.7662,1.0,False
Welsh,震卦-dynamic,ə͡ɪ,0.105,6,0.8856,1.0,False
Welsh,乾卦-dynamic,f,0.103,8,0.8955,1.0,False
Welsh,乾卦-static,ʌ,-0.1,7,0.8905,1.0,False
Welsh,坤卦-dynamic,ʊ,-0.097,24,0.8408,1.0,False
Welsh,乾卦-static,i,0.097,3,0.9055,1.0,False
Welsh,乾卦-dynamic,t,0.097,27,0.8706,1.0,False
Welsh,坤卦-dynamic,w,0.096,23,0.806,1.0,False
Welsh,巽卦-dynamic,ʊ,-0.096,3,0.8955,1.0,False
Welsh,乾卦-dynamic,ə͡ɪ,-0.096,5,0.8557,1.0,False
Welsh,艮卦-dynamic,ɑ,-0.094,12,0.8856,1.0,False
Welsh,兌卦-dynamic,e͡ʊ,0.094,3,0.8657,1.0,False
Welsh,乾卦-static,ɑ,-0.094,3,0.9254,1.0,False
Welsh,震卦-static,a͡ɪ,0.093,10,0.8756,1.0,False
Welsh,乾卦-dynamic,ʌ,0.093,24,0.8955,1.0,False
Welsh,震卦-dynamic,θ,0.092,8,0.8259,1.0,False
Welsh,震卦-static,p,0.089,24,0.9055,1.0,False
Welsh,坤卦-static,x,0.088,4,0.9403,1.0,False
Welsh,巽卦-dynamic,t,-0.086,6,0.9502,1.0,False
Welsh,坤卦-dynamic,ɑ,-0.084,18,0.8308,1.0,False
Welsh,乾卦-dynamic,p,0.079,14,0.8905,1.0,False
Welsh,震卦-dynamic,f,0.078,8,0.9055,1.0,False
Welsh,艮卦-static,ø,-0.077,18,0.8706,1.0,False
Welsh,艮卦-static,ɑ,0.075,8,0.8905,1.0,False
Welsh,艮卦-dynamic,θ,0.073,10,0.9104,1.0,False
Welsh,離卦-dynamic,r,0.07,77,0.8557,1.0,False
Welsh,離卦-dynamic,ɑ,0.07,14,0.9303,1.0,False
Welsh,乾卦-dynamic,i,0.069,9,0.9254,1.0,False
Welsh,艮卦-static,m,-0.068,13,0.9055,1.0,False
Welsh,兌卦-dynamic,h,0.066,18,0.9055,1.0,False
Welsh,艮卦-static,ʊ,0.065,11,0.9204,1.0,False
Welsh,中卦-static,ɑ,-0.058,19,0.9055,1.0,False
Welsh,震卦-dynamic,a͡ɪ,-0.058,5,0.9453,1.0,False
Welsh,艮卦-static,r,-0.057,42,0.9154,1.0,False
Welsh,艮卦-dynamic,ɔ͡ɨ,-0.055,3,0.9502,1.0,False
Welsh,中卦-static,w,0.054,23,0.8955,1.0,False
Welsh,震卦-dynamic,e,-0.054,7,0.9154,1.0,False
Welsh,艮卦-static,a,0.05,31,0.9303,1.0,False
Welsh,巽卦-static,a,0.049,6,0.9701,1.0,False
Welsh,震卦-dynamic,h,-0.049,15,0.9453,1.0,False
Welsh,震卦-static,ɔ,-0.048,48,0.9104,1.0,False
Welsh,坎卦-static,ø,-0.046,7,0.9403,1.0,False
Welsh,中卦-static,i,-0.046,16,0.9154,1.0,False
Welsh,坤卦-dynamic,i,0.045,17,0.9453,1.0,False
Welsh,震卦-static,ɔ͡ɨ,-0.042,4,0.9602,1.0,False
Welsh,兌卦-dynamic,x,-0.041,10,0.9453,1.0,False
Welsh,乾卦-dynamic,h,0.035,16,0.9353,1.0,False
Welsh,震卦-static,ɪ͡u,0.033,3,0.9353,1.0,False
Welsh,離卦-dynamic,f,-0.03,9,0.9552,1.0,False
Welsh,兌卦-dynamic,f,0.028,8,0.9701,1.0,False
Welsh,坤卦-dynamic,ɛ,-0.027,62,0.9453,1.0,False
Welsh,坎卦-dynamic,n,0.027,17,0.9701,1.0,False
Welsh,乾卦-static,n,0.027,17,0.9801,1.0,False
Welsh,中卦-static,p,0.024,27,0.9453,1.0,False
Welsh,中卦-static,ʃ,0.018,3,0.9751,1.0,False
Welsh,巽卦-static,d,0.016,5,0.9751,1.0,False
Welsh,乾卦-dynamic,a,-0.016,40,0.99,1.0,False
Welsh,坤卦-dynamic,l,-0.014,63,0.9801,1.0,False
Welsh,艮卦-static,ə͡ɪ,-0.014,4,0.9851,1.0,False
Welsh,兌卦-dynamic,r,-0.013,62,0.99,1.0,False
Welsh,乾卦-dynamic,ð,0.012,14,0.9751,1.0,False
Welsh,兌卦-dynamic,w,-0.011,12,0.9801,1.0,False
Welsh,中卦-static,ɨ͡u,0.009,4,0.99,1.0,False
Welsh,兌卦-dynamic,ə,0.009,3,0.9801,1.0,False
Welsh,中卦-static,ɔ,0.008,58,0.9851,1.0,False
Welsh,乾卦-dynamic,m,0.008,18,0.99,1.0,False
Welsh,艮卦-dynamic,b,-0.007,21,0.99,1.0,False
Welsh,震卦-static,ʌ,0.005,39,0.9851,1.0,False
Welsh,兌卦-dynamic,ɨ,0.003,26,0.995,1.0,False
