language,pole,phoneme,z,count,p_perm,q_fdr,significant
Arabic,離卦-dynamic,j,3.423,13,0.005,0.3246,False
Arabic,兌卦-static,w,3.248,5,0.005,0.3246,False
Arabic,艮卦-static,f,2.89,29,0.005,0.3246,False
Arabic,兌卦-dynamic,a,2.872,559,0.005,0.3246,False
Arabic,坤卦-static,h,2.586,9,0.005,0.3246,False
Arabic,兌卦-dynamic,i,-2.376,50,0.005,0.3246,False
Arabic,兌卦-dynamic,t,-1.728,36,0.005,0.3246,False
Arabic,中卦-static,i,1.35,199,0.005,0.3246,False
Arabic,離卦-static,s̪,1.724,22,0.01,0.4722,False
Arabic,坤卦-dynamic,b,1.639,72,0.01,0.4722,False
Arabic,離卦-static,f,1.616,41,0.01,0.4722,False
Arabic,坎卦-static,t̪,2.938,7,0.0149,0.5565,False
Arabic,坤卦-static,ɣ,2.787,9,0.0199,0.5565,False
Arabic,坎卦-dynamic,z,2.637,15,0.0299,0.5565,False
Arabic,坎卦-dynamic,ʔ,2.497,33,0.0199,0.5565,False
Arabic,巽卦-static,d͡ʒ,2.34,7,0.0299,0.5565,False
Arabic,巽卦-static,d,2.282,11,0.0249,0.5565,False
Arabic,乾卦-static,ʃ,2.257,9,0.0249,0.5565,False
Arabic,乾卦-static,k,2.172,10,0.0199,0.5565,False
Arabic,離卦-dynamic,ʕ,1.686,21,0.0299,0.5565,False
Arabic,兌卦-dynamic,u,-1.64,21,0.0149,0.5565,False
Arabic,離卦-static,b,1.607,41,0.0249,0.5565,False
Arabic,艮卦-dynamic,r,1.45,82,0.0249,0.5565,False
Arabic,乾卦-dynamic,s̪,1.371,24,0.0299,0.5565,False
Arabic,震卦-static,i,-1.253,103,0.0299,0.5565,False
Arabic,震卦-static,d͡ʒ,1.182,45,0.0249,0.5565,False
Arabic,震卦-static,t,1.169,122,0.0299,0.5565,False
Arabic,坤卦-dynamic,i,1.154,172,0.0249,0.5565,False
Arabic,兌卦-static,z,2.466,7,0.0348,0.5681,False
Arabic,坤卦-static,χ,1.75,9,0.0348,0.5681,False
Arabic,中卦-static,r,-1.102,45,0.0348,0.5681,False
Arabic,兌卦-dynamic,k,1.063,36,0.0348,0.5681,False
Arabic,艮卦-static,q,1.71,24,0.0398,0.6296,False
Arabic,中卦-dynamic,n,3.576,5,0.0498,0.6493,False
Arabic,巽卦-static,q,2.09,11,0.0448,0.6493,False
Arabic,乾卦-static,r,2.074,25,0.0498,0.6493,False
Arabic,艮卦-dynamic,j,1.299,14,0.0498,0.6493,False
Arabic,震卦-dynamic,i,-1.199,60,0.0448,0.6493,False
Arabic,乾卦-dynamic,ʔ,1.168,76,0.0448,0.6493,False
Arabic,兌卦-dynamic,b,1.077,56,0.0498,0.6493,False
Arabic,兌卦-static,χ,2.261,5,0.0547,0.6644,False
Arabic,震卦-dynamic,a,1.21,311,0.0547,0.6644,False
Arabic,震卦-dynamic,d͡ʒ,1.1,25,0.0547,0.6644,False
Arabic,兌卦-static,d,2.356,10,0.0597,0.6775,False
Arabic,坎卦-dynamic,s̪,1.866,9,0.0597,0.6775,False
Arabic,震卦-dynamic,k,-1.136,5,0.0597,0.6775,False
Arabic,巽卦-static,ʕ,2.087,9,0.0697,0.7129,False
Arabic,坤卦-static,s,-1.55,3,0.0697,0.7129,False
Arabic,乾卦-dynamic,b,1.048,45,0.0647,0.7129,False
Arabic,坤卦-dynamic,l,-0.86,68,0.0697,0.7129,False
Arabic,中卦-static,n,0.852,96,0.0697,0.7129,False
Arabic,震卦-dynamic,ʕ,-1.077,11,0.0746,0.735,False
Arabic,中卦-static,l,0.856,139,0.0746,0.735,False
Arabic,乾卦-dynamic,d,-1.018,22,0.0796,0.742,False
Arabic,震卦-static,d,-0.871,37,0.0796,0.742,False
Arabic,中卦-static,d͡ʒ,-0.679,16,0.0796,0.742,False
Arabic,乾卦-static,ħ,1.739,10,0.0846,0.7745,False
Arabic,震卦-dynamic,m,-0.927,28,0.0945,0.8116,False
Arabic,中卦-static,t̪,0.821,32,0.0945,0.8116,False
Arabic,中卦-static,z,-0.762,8,0.0995,0.8116,False
Arabic,中卦-static,ʃ,-0.688,16,0.0995,0.8116,False
Arabic,中卦-dynamic,s,3.15,3,0.1045,0.839,False
Arabic,離卦-static,m,-0.953,25,0.1095,0.8402,False
Arabic,中卦-static,m,0.744,111,0.1095,0.8402,False
Arabic,艮卦-dynamic,i,-0.928,69,0.1194,0.8779,False
Arabic,震卦-dynamic,b,-0.893,22,0.1194,0.8779,False
Arabic,震卦-static,ʔ,0.876,108,0.1194,0.8779,False
Arabic,巽卦-dynamic,ħ,2.517,4,0.1343,0.8936,False
Arabic,巽卦-dynamic,ʃ,2.257,3,0.1592,0.8936,False
Arabic,坎卦-static,k,1.66,6,0.1592,0.8936,False
Arabic,坎卦-dynamic,r,-1.378,7,0.1443,0.8936,False
Arabic,乾卦-static,i,1.361,31,0.1542,0.8936,False
Arabic,艮卦-static,t,1.206,33,0.1343,0.8936,False
Arabic,離卦-dynamic,a,1.149,154,0.1493,0.8936,False
Arabic,艮卦-dynamic,u,-0.878,36,0.1592,0.8936,False
Arabic,艮卦-dynamic,ʃ,-0.866,8,0.1343,0.8936,False
Arabic,震卦-static,r,0.776,112,0.1443,0.8936,False
Arabic,兌卦-dynamic,ʔ,-0.733,43,0.1294,0.8936,False
Arabic,兌卦-dynamic,w,-0.716,5,0.1592,0.8936,False
Arabic,坤卦-dynamic,s̪,0.697,25,0.1393,0.8936,False
Arabic,坤卦-dynamic,w,-0.686,6,0.1542,0.8936,False
Arabic,坤卦-dynamic,ħ,0.682,42,0.1592,0.8936,False
Arabic,中卦-static,k,0.661,39,0.1244,0.8936,False
Arabic,兌卦-dynamic,ʃ,-0.651,13,0.1493,0.8936,False
Arabic,坤卦-dynamic,t,-0.607,68,0.1443,0.8936,False
Arabic,中卦-static,d,0.603,67,0.1592,0.8936,False
Arabic,中卦-static,f,-0.565,29,0.1393,0.8936,False
Arabic,坤卦-static,s̪,1.147,7,0.1642,0.9117,False
Arabic,艮卦-static,ʕ,0.984,16,0.1741,0.9181,False
Arabic,艮卦-static,b,-0.968,10,0.1741,0.9181,False
Arabic,乾卦-dynamic,k,-0.822,9,0.1741,0.9181,False
Arabic,巽卦-dynamic,t,2.313,8,0.1891,0.9399,False
Arabic,乾卦-static,u,1.228,24,0.1891,0.9399,False
Arabic,震卦-dynamic,t̪,-0.776,4,0.1891,0.9399,False
Arabic,坤卦-dynamic,z,-0.658,9,0.1891,0.9399,False
Arabic,震卦-static,f,-0.636,27,0.1841,0.9399,False
Arabic,中卦-dynamic,m,2.808,5,0.2886,0.9545,False
Arabic,中卦-dynamic,u,2.795,6,0.2587,0.9545,False
Arabic,巽卦-dynamic,l,2.324,10,0.2239,0.9545,False
Arabic,中卦-dynamic,l,2.156,5,0.403,0.9545,False
Arabic,中卦-dynamic,a,-1.812,7,0.5323,0.9545,False
Arabic,兌卦-static,r,-1.496,3,0.2786,0.9545,False
Arabic,巽卦-static,t,-1.388,6,0.204,0.9545,False
Arabic,兌卦-static,q,1.37,8,0.2488,0.9545,False
Arabic,坎卦-static,d,-1.352,3,0.199,0.9545,False
Arabic,兌卦-static,f,1.257,7,0.398,0.9545,False
Arabic,坎卦-static,d͡ʒ,1.236,5,0.3284,0.9545,False
Arabic,坎卦-static,r,1.231,14,0.3483,0.9545,False
Arabic,坎卦-dynamic,θ,1.229,4,0.2139,0.9545,False
Arabic,巽卦-dynamic,q,1.199,4,0.5124,0.9545,False
Arabic,乾卦-static,a,-1.185,50,0.2587,0.9545,False
Arabic,巽卦-dynamic,i,1.184,10,0.5473,0.9545,False
Arabic,乾卦-static,l,-1.174,10,0.209,0.9545,False
Arabic,巽卦-static,χ,1.171,4,0.3184,0.9545,False
Arabic,乾卦-static,θ,1.155,3,0.204,0.9545,False
Arabic,坎卦-dynamic,l,1.146,30,0.2637,0.9545,False
Arabic,坤卦-static,m,1.07,25,0.2438,0.9545,False
Arabic,坎卦-dynamic,m,-1.055,9,0.2587,0.9545,False
Arabic,坤卦-static,t,-1.051,13,0.2289,0.9545,False
Arabic,乾卦-static,m,1.049,19,0.3234,0.9545,False
Arabic,巽卦-static,b,-1.04,4,0.3134,0.9545,False
Arabic,坎卦-dynamic,d,-1.0,7,0.3284,0.9545,False
Arabic,坤卦-static,q,-0.988,4,0.209,0.9545,False
Arabic,乾卦-static,f,-0.982,3,0.2786,0.9545,False
Arabic,坎卦-static,f,0.981,7,0.4328,0.9545,False
Arabic,坎卦-dynamic,w,0.933,5,0.3532,0.9545,False
Arabic,兌卦-static,a,-0.918,34,0.4577,0.9545,False
Arabic,坤卦-static,l,-0.917,15,0.2687,0.9545,False
Arabic,坎卦-static,s,-0.917,3,0.4627,0.9545,False
Arabic,坤卦-static,ʕ,0.914,12,0.2338,0.9545,False
Arabic,巽卦-static,u,0.842,15,0.408,0.9545,False
Arabic,離卦-dynamic,m,-0.832,15,0.2836,0.9545,False
Arabic,巽卦-static,s,0.829,7,0.4378,0.9545,False
Arabic,乾卦-static,ʔ,-0.826,8,0.403,0.9545,False
Arabic,艮卦-static,ħ,0.818,13,0.2985,0.9545,False
Arabic,乾卦-static,d,-0.816,6,0.4478,0.9545,False
Arabic,坤卦-static,ð,0.802,6,0.3035,0.9545,False
Arabic,坎卦-dynamic,ʕ,-0.802,5,0.393,0.9545,False
Arabic,乾卦-static,t,-0.797,11,0.4627,0.9545,False
Arabic,震卦-dynamic,t,0.789,64,0.199,0.9545,False
Arabic,艮卦-static,ʔ,-0.785,14,0.2786,0.9545,False
Arabic,離卦-dynamic,t,0.785,32,0.3383,0.9545,False
Arabic,兌卦-static,s,-0.784,3,0.5423,0.9545,False
Arabic,震卦-dynamic,w,0.764,13,0.2488,0.9545,False
Arabic,坎卦-static,n,0.759,10,0.5473,0.9545,False
Arabic,乾卦-dynamic,θ,0.756,10,0.2587,0.9545,False
Arabic,坤卦-static,ʔ,-0.749,11,0.398,0.9545,False
Arabic,坤卦-static,i,0.747,36,0.393,0.9545,False
Arabic,離卦-dynamic,f,-0.746,7,0.3383,0.9545,False
Arabic,離卦-static,k,-0.736,8,0.2139,0.9545,False
Arabic,艮卦-static,d͡ʒ,-0.735,4,0.3333,0.9545,False
Arabic,離卦-dynamic,u,-0.729,19,0.3483,0.9545,False
Arabic,乾卦-dynamic,r,0.722,71,0.2189,0.9545,False
Arabic,離卦-static,q,0.707,33,0.2537,0.9545,False
Arabic,艮卦-dynamic,a,0.695,298,0.2438,0.9545,False
Arabic,巽卦-static,l,-0.685,9,0.5075,0.9545,False
Arabic,離卦-dynamic,r,-0.685,17,0.3731,0.9545,False
Arabic,坎卦-dynamic,χ,0.669,6,0.4677,0.9545,False
Arabic,巽卦-static,s̪,0.665,3,0.5423,0.9545,False
Arabic,艮卦-static,l,-0.664,22,0.3234,0.9545,False
Arabic,坎卦-static,t,-0.664,8,0.5423,0.9545,False
Arabic,乾卦-dynamic,t,0.661,70,0.2886,0.9545,False
Arabic,艮卦-dynamic,h,-0.657,4,0.2289,0.9545,False
Arabic,巽卦-static,n,-0.657,5,0.5274,0.9545,False
Arabic,艮卦-static,s,0.655,16,0.403,0.9545,False
Arabic,艮卦-dynamic,z,-0.655,6,0.2836,0.9545,False
Arabic,艮卦-static,u,0.644,34,0.4677,0.9545,False
Arabic,坎卦-dynamic,ħ,-0.643,5,0.4925,0.9545,False
Arabic,離卦-static,t̪,0.642,15,0.3532,0.9545,False
Arabic,坤卦-static,b,0.635,13,0.4776,0.9545,False
Arabic,艮卦-static,m,-0.633,16,0.3881,0.9545,False
Arabic,乾卦-dynamic,l,-0.617,54,0.2836,0.9545,False
Arabic,艮卦-dynamic,n,-0.614,28,0.3035,0.9545,False
Arabic,震卦-dynamic,u,-0.608,41,0.3284,0.9545,False
Arabic,艮卦-dynamic,t̪,0.604,17,0.3184,0.9545,False
Arabic,坤卦-dynamic,k,-0.6,16,0.2289,0.9545,False
Arabic,艮卦-static,a,-0.6,100,0.398,0.9545,False
Arabic,震卦-dynamic,h,0.598,12,0.393,0.9545,False
Arabic,震卦-static,χ,-0.595,13,0.2537,0.9545,False
Arabic,乾卦-static,ð,0.588,4,0.5473,0.9545,False
Arabic,乾卦-dynamic,w,-0.583,5,0.398,0.9545,False
Arabic,坤卦-dynamic,ʔ,0.578,89,0.2338,0.9545,False
Arabic,兌卦-dynamic,q,-0.576,24,0.2388,0.9545,False
Arabic,乾卦-dynamic,n,-0.568,31,0.3582,0.9545,False
Arabic,震卦-dynamic,ʃ,-0.567,10,0.3383,0.9545,False
Arabic,震卦-dynamic,s,0.561,33,0.3682,0.9545,False
Arabic,兌卦-dynamic,r,0.556,83,0.2289,0.9545,False
Arabic,坤卦-dynamic,q,-0.548,28,0.2338,0.9545,False
Arabic,艮卦-static,k,-0.539,5,0.5075,0.9545,False
Arabic,坤卦-dynamic,u,-0.536,68,0.2338,0.9545,False
Arabic,艮卦-dynamic,w,-0.533,5,0.398,0.9545,False
Arabic,坎卦-dynamic,b,-0.531,9,0.5522,0.9545,False
Arabic,乾卦-dynamic,h,0.525,13,0.398,0.9545,False
Arabic,離卦-dynamic,q,-0.524,9,0.4478,0.9545,False
Arabic,艮卦-dynamic,ħ,-0.522,16,0.3483,0.9545,False
Arabic,震卦-static,ð,-0.522,6,0.2388,0.9545,False
Arabic,坤卦-dynamic,f,-0.517,27,0.3085,0.9545,False
Arabic,震卦-dynamic,f,-0.517,17,0.3682,0.9545,False
Arabic,兌卦-dynamic,j,0.512,12,0.2637,0.9545,False
Arabic,震卦-static,k,0.511,36,0.3035,0.9545,False
Arabic,兌卦-dynamic,l,-0.505,70,0.3184,0.9545,False
Arabic,兌卦-dynamic,n,-0.504,40,0.2886,0.9545,False
Arabic,艮卦-dynamic,s,0.501,34,0.403,0.9545,False
Arabic,乾卦-dynamic,ʕ,0.473,32,0.408,0.9545,False
Arabic,離卦-dynamic,ʔ,0.47,27,0.5473,0.9545,False
Arabic,震卦-static,ʃ,0.467,32,0.2886,0.9545,False
Arabic,艮卦-dynamic,l,-0.451,54,0.4129,0.9545,False
Arabic,艮卦-dynamic,ʕ,-0.447,19,0.4378,0.9545,False
Arabic,兌卦-dynamic,f,-0.447,25,0.3532,0.9545,False
Arabic,艮卦-static,n,-0.443,14,0.5174,0.9545,False
Arabic,艮卦-dynamic,χ,0.443,16,0.4925,0.9545,False
Arabic,中卦-static,u,-0.443,80,0.3184,0.9545,False
Arabic,離卦-static,h,0.443,10,0.4279,0.9545,False
Arabic,坤卦-dynamic,s,0.431,50,0.3035,0.9545,False
Arabic,兌卦-dynamic,θ,-0.427,4,0.403,0.9545,False
Arabic,震卦-dynamic,ʔ,0.42,53,0.4478,0.9545,False
Arabic,離卦-static,a,-0.417,203,0.4876,0.9545,False
Arabic,震卦-dynamic,χ,0.416,15,0.4577,0.9545,False
Arabic,艮卦-dynamic,ɣ,-0.407,4,0.4975,0.9545,False
Arabic,離卦-static,ʔ,0.407,48,0.5323,0.9545,False
Arabic,乾卦-dynamic,d͡ʒ,-0.401,13,0.4925,0.9545,False
Arabic,中卦-static,ʔ,-0.399,66,0.3831,0.9545,False
Arabic,中卦-static,s̪,-0.396,12,0.3582,0.9545,False
Arabic,離卦-static,d͡ʒ,0.396,17,0.5522,0.9545,False
Arabic,乾卦-dynamic,f,-0.394,21,0.4826,0.9545,False
Arabic,中卦-static,w,-0.392,10,0.3383,0.9545,False
Arabic,艮卦-dynamic,ð,-0.39,5,0.4925,0.9545,False
Arabic,震卦-static,l,-0.388,92,0.4577,0.9545,False
Arabic,震卦-static,q,-0.387,35,0.4229,0.9545,False
Arabic,離卦-static,l,-0.382,48,0.5323,0.9545,False
Arabic,中卦-static,s,-0.38,39,0.3731,0.9545,False
Arabic,離卦-static,j,-0.378,3,0.4925,0.9545,False
Arabic,坤卦-dynamic,d,0.377,56,0.4378,0.9545,False
Arabic,震卦-static,z,0.377,30,0.408,0.9545,False
Arabic,震卦-static,ɣ,-0.377,7,0.4378,0.9545,False
Arabic,震卦-dynamic,ɣ,-0.377,4,0.5224,0.9545,False
Arabic,震卦-static,ħ,-0.374,29,0.4279,0.9545,False
Arabic,坤卦-dynamic,θ,-0.372,5,0.4677,0.9545,False
Arabic,艮卦-dynamic,d,0.368,37,0.5323,0.9545,False
Arabic,中卦-static,j,-0.363,6,0.398,0.9545,False
Arabic,坤卦-dynamic,ð,-0.362,8,0.4478,0.9545,False
Arabic,乾卦-dynamic,q,-0.362,23,0.4776,0.9545,False
Arabic,兌卦-dynamic,s,-0.361,31,0.5075,0.9545,False
Arabic,艮卦-dynamic,k,0.344,20,0.5124,0.9545,False
Arabic,中卦-static,t,-0.342,83,0.3682,0.9545,False
Arabic,震卦-static,w,0.338,18,0.5323,0.9545,False
Arabic,兌卦-dynamic,t̪,-0.334,11,0.4975,0.9545,False
Arabic,兌卦-dynamic,d,-0.332,38,0.4726,0.9545,False
Arabic,兌卦-dynamic,d͡ʒ,-0.327,17,0.4428,0.9545,False
Arabic,兌卦-dynamic,ɣ,0.317,12,0.4925,0.9545,False
Arabic,兌卦-dynamic,ʕ,0.309,37,0.5274,0.9545,False
Arabic,兌卦-dynamic,ħ,0.308,32,0.4975,0.9545,False
Arabic,坤卦-dynamic,m,0.304,85,0.4925,0.9545,False
Arabic,中卦-static,b,0.271,58,0.5423,0.9545,False
Arabic,坤卦-dynamic,r,0.265,85,0.5522,0.9545,False
Arabic,坎卦-static,ʃ,0.8,4,0.5622,0.959,False
Arabic,坤卦-dynamic,t̪,0.272,21,0.5622,0.959,False
Arabic,兌卦-dynamic,s̪,-0.26,11,0.5622,0.959,False
Arabic,中卦-static,ɣ,-0.215,9,0.5622,0.959,False
Arabic,兌卦-static,u,0.741,13,0.602,0.9619,False
Arabic,巽卦-static,ʔ,-0.726,6,0.592,0.9619,False
Arabic,兌卦-static,l,0.686,13,0.6368,0.9619,False
Arabic,坎卦-static,l,-0.649,9,0.6119,0.9619,False
Arabic,坎卦-dynamic,q,-0.598,6,0.5771,0.9619,False
Arabic,巽卦-static,r,-0.58,7,0.5721,0.9619,False
Arabic,坎卦-static,i,-0.546,14,0.6269,0.9619,False
Arabic,巽卦-static,a,-0.532,42,0.6368,0.9619,False
Arabic,坎卦-dynamic,f,-0.525,6,0.6269,0.9619,False
Arabic,乾卦-static,b,-0.523,7,0.6169,0.9619,False
Arabic,乾卦-static,q,-0.513,5,0.6119,0.9619,False
Arabic,坎卦-dynamic,k,-0.475,4,0.6468,0.9619,False
Arabic,離卦-dynamic,b,-0.462,13,0.5721,0.9619,False
Arabic,坤卦-static,d,0.45,13,0.602,0.9619,False
Arabic,離卦-dynamic,z,-0.449,4,0.5871,0.9619,False
Arabic,坤卦-static,d͡ʒ,-0.448,4,0.6119,0.9619,False
Arabic,坎卦-static,b,-0.436,5,0.6269,0.9619,False
Arabic,乾卦-static,h,0.428,3,0.607,0.9619,False
Arabic,坤卦-static,z,-0.418,3,0.607,0.9619,False
Arabic,艮卦-static,w,0.395,5,0.592,0.9619,False
Arabic,離卦-dynamic,s,-0.382,11,0.6269,0.9619,False
Arabic,艮卦-dynamic,ʔ,0.332,54,0.6269,0.9619,False
Arabic,離卦-static,ð,-0.316,5,0.6269,0.9619,False
Arabic,離卦-static,d,-0.313,25,0.602,0.9619,False
Arabic,艮卦-static,ʃ,0.311,8,0.6418,0.9619,False
Arabic,離卦-static,w,0.275,9,0.6119,0.9619,False
Arabic,乾卦-dynamic,ʃ,-0.267,14,0.6269,0.9619,False
Arabic,兌卦-dynamic,z,-0.264,14,0.592,0.9619,False
Arabic,震卦-static,s̪,-0.246,14,0.5821,0.9619,False
Arabic,震卦-static,a,0.218,450,0.6269,0.9619,False
Arabic,震卦-static,t̪,0.199,22,0.6468,0.9619,False
Arabic,乾卦-dynamic,ð,-0.245,7,0.6517,0.9638,False
Arabic,巽卦-dynamic,r,-0.748,3,0.6617,0.9646,False
Arabic,巽卦-static,k,0.517,4,0.6766,0.9646,False
Arabic,乾卦-static,w,0.432,3,0.6965,0.9646,False
Arabic,巽卦-static,i,-0.35,15,0.7114,0.9646,False
Arabic,艮卦-dynamic,b,-0.29,29,0.6816,0.9646,False
Arabic,震卦-dynamic,z,-0.268,10,0.6567,0.9646,False
Arabic,離卦-dynamic,d,-0.268,14,0.7065,0.9646,False
Arabic,離卦-static,χ,-0.267,9,0.6617,0.9646,False
Arabic,震卦-dynamic,ð,-0.265,6,0.7065,0.9646,False
Arabic,艮卦-static,r,0.253,25,0.6965,0.9646,False
Arabic,艮卦-dynamic,θ,-0.243,4,0.7015,0.9646,False
Arabic,乾卦-dynamic,u,-0.229,57,0.6915,0.9646,False
Arabic,震卦-static,ʕ,-0.221,36,0.6667,0.9646,False
Arabic,震卦-dynamic,n,-0.221,34,0.7114,0.9646,False
Arabic,艮卦-dynamic,m,-0.215,45,0.6816,0.9646,False
Arabic,艮卦-dynamic,t,0.203,58,0.7015,0.9646,False
Arabic,震卦-static,θ,-0.203,7,0.6716,0.9646,False
Arabic,坤卦-dynamic,j,-0.192,7,0.7015,0.9646,False
Arabic,震卦-dynamic,d,0.177,33,0.6866,0.9646,False
Arabic,乾卦-dynamic,χ,-0.167,12,0.6915,0.9646,False
Arabic,坤卦-dynamic,ʃ,-0.166,21,0.6667,0.9646,False
Arabic,坤卦-dynamic,ɣ,0.159,12,0.6766,0.9646,False
Arabic,中卦-static,χ,-0.155,19,0.6915,0.9646,False
Arabic,震卦-static,b,-0.178,50,0.7164,0.9688,False
Arabic,坎卦-dynamic,u,0.337,23,0.7214,0.973,False
Arabic,震卦-dynamic,r,0.191,52,0.7264,0.9772,False
Arabic,艮卦-static,h,-0.26,3,0.7313,0.9789,False
Arabic,中卦-dynamic,i,1.014,5,0.7711,0.9857,False
Arabic,兌卦-static,ʃ,0.341,3,0.7662,0.9857,False
Arabic,坎卦-dynamic,s,-0.336,8,0.7562,0.9857,False
Arabic,坎卦-dynamic,t,0.282,20,0.7711,0.9857,False
Arabic,離卦-dynamic,χ,-0.253,5,0.7512,0.9857,False
Arabic,坤卦-static,u,-0.251,18,0.7512,0.9857,False
Arabic,離卦-dynamic,s̪,-0.248,4,0.7413,0.9857,False
Arabic,離卦-dynamic,n,-0.223,17,0.7761,0.9857,False
Arabic,艮卦-dynamic,q,0.185,30,0.7662,0.9857,False
Arabic,離卦-static,z,-0.179,10,0.7761,0.9857,False
Arabic,艮卦-static,i,-0.177,38,0.7711,0.9857,False
Arabic,乾卦-dynamic,s,0.164,32,0.7761,0.9857,False
Arabic,乾卦-dynamic,ħ,-0.157,21,0.7562,0.9857,False
Arabic,離卦-static,ħ,-0.15,17,0.7612,0.9857,False
Arabic,乾卦-dynamic,a,-0.148,268,0.7512,0.9857,False
Arabic,中卦-static,ʕ,-0.145,38,0.7711,0.9857,False
Arabic,兌卦-dynamic,ð,0.139,14,0.7562,0.9857,False
Arabic,中卦-static,ð,-0.131,13,0.7761,0.9857,False
Arabic,震卦-static,u,-0.123,93,0.7662,0.9857,False
Arabic,中卦-static,ħ,-0.095,34,0.7463,0.9857,False
Arabic,巽卦-static,f,-0.24,4,0.806,0.9876,False
Arabic,坤卦-static,a,-0.178,85,0.806,0.9876,False
Arabic,坤卦-static,r,-0.178,16,0.806,0.9876,False
Arabic,離卦-static,t,-0.17,45,0.7861,0.9876,False
Arabic,離卦-static,u,0.165,55,0.801,0.9876,False
Arabic,兌卦-dynamic,χ,-0.151,15,0.806,0.9876,False
Arabic,兌卦-dynamic,m,-0.133,62,0.7861,0.9876,False
Arabic,中卦-static,a,-0.126,423,0.791,0.9876,False
Arabic,中卦-static,θ,-0.102,8,0.801,0.9876,False
Arabic,坎卦-static,ʕ,0.281,5,0.8308,0.9965,False
Arabic,坎卦-static,m,0.252,10,0.8259,0.9965,False
Arabic,兌卦-static,ʔ,-0.239,7,0.8358,0.9965,False
Arabic,坎卦-dynamic,n,-0.233,12,0.8408,0.9965,False
Arabic,巽卦-static,m,0.212,10,0.8607,0.9965,False
Arabic,乾卦-static,ʕ,0.209,7,0.8557,0.9965,False
Arabic,坎卦-dynamic,d͡ʒ,0.197,6,0.8358,0.9965,False
Arabic,兌卦-static,n,-0.191,6,0.8856,0.9965,False
Arabic,兌卦-static,b,-0.154,5,0.8905,0.9965,False
Arabic,巽卦-dynamic,d,0.148,3,0.9154,0.9965,False
Arabic,坎卦-dynamic,i,-0.144,29,0.8657,0.9965,False
Arabic,艮卦-static,j,0.141,3,0.9005,0.9965,False
Arabic,乾卦-dynamic,z,-0.13,13,0.8507,0.9965,False
Arabic,艮卦-static,χ,0.12,6,0.8657,0.9965,False
Arabic,坎卦-static,ʔ,0.118,9,0.9254,0.9965,False
Arabic,巽卦-dynamic,a,-0.111,22,0.9552,0.9965,False
Arabic,坤卦-static,n,-0.11,13,0.8507,0.9965,False
Arabic,離卦-static,s,-0.101,23,0.8657,0.9965,False
Arabic,離卦-static,ʕ,-0.097,20,0.8806,0.9965,False
Arabic,離卦-dynamic,t̪,-0.096,5,0.9403,0.9965,False
Arabic,坤卦-static,k,0.095,6,0.9204,0.9965,False
Arabic,乾卦-static,n,0.094,11,0.9055,0.9965,False
Arabic,坤卦-static,f,0.09,9,0.9055,0.9965,False
Arabic,乾卦-static,s,-0.089,7,0.9154,0.9965,False
Arabic,乾卦-dynamic,ɣ,0.089,8,0.9254,0.9965,False
Arabic,兌卦-static,i,0.088,15,0.9453,0.9965,False
Arabic,坤卦-dynamic,n,-0.087,58,0.8905,0.9965,False
Arabic,艮卦-static,d,0.086,15,0.9154,0.9965,False
Arabic,坤卦-static,ʃ,-0.084,5,0.8955,0.9965,False
Arabic,乾卦-dynamic,t̪,0.079,13,0.8856,0.9965,False
Arabic,艮卦-dynamic,f,-0.076,24,0.8806,0.9965,False
Arabic,震卦-dynamic,j,0.075,6,0.9303,0.9965,False
Arabic,坤卦-dynamic,χ,-0.074,18,0.8557,0.9965,False
Arabic,離卦-static,n,0.074,36,0.9154,0.9965,False
Arabic,乾卦-dynamic,m,0.074,55,0.8706,0.9965,False
Arabic,巽卦-dynamic,ʔ,-0.071,4,0.9801,0.9965,False
Arabic,坤卦-dynamic,a,-0.07,384,0.8607,0.9965,False
Arabic,離卦-dynamic,ʃ,-0.07,7,0.9453,0.9965,False
Arabic,坤卦-static,ħ,-0.069,7,0.9303,0.9965,False
Arabic,乾卦-dynamic,i,0.067,97,0.9104,0.9965,False
Arabic,離卦-dynamic,ð,-0.066,4,0.9403,0.9965,False
Arabic,坎卦-dynamic,a,-0.064,86,0.9254,0.9965,False
Arabic,震卦-dynamic,l,0.064,62,0.9353,0.9965,False
Arabic,離卦-dynamic,i,0.064,43,0.9453,0.9965,False
Arabic,巽卦-static,ħ,0.061,4,0.9453,0.9965,False
Arabic,震卦-static,s,-0.061,45,0.9353,0.9965,False
Arabic,離卦-dynamic,l,0.061,31,0.8955,0.9965,False
Arabic,坎卦-dynamic,ʃ,-0.059,5,0.9552,0.9965,False
Arabic,坎卦-static,u,0.056,11,0.9403,0.9965,False
Arabic,離卦-static,i,-0.054,76,0.9154,0.9965,False
Arabic,兌卦-static,m,-0.054,8,0.9602,0.9965,False
Arabic,震卦-static,n,-0.053,65,0.9154,0.9965,False
Arabic,艮卦-dynamic,s̪,0.052,11,0.9303,0.9965,False
Arabic,中卦-static,q,0.051,47,0.8905,0.9965,False
Arabic,震卦-dynamic,q,-0.051,25,0.9005,0.9965,False
Arabic,震卦-static,m,0.04,84,0.9353,0.9965,False
Arabic,離卦-static,r,-0.04,43,0.9353,0.9965,False
Arabic,離卦-static,ʃ,-0.033,13,0.9353,0.9965,False
Arabic,兌卦-dynamic,h,-0.032,11,0.9602,0.9965,False
Arabic,中卦-static,h,-0.03,14,0.9353,0.9965,False
Arabic,坤卦-static,w,0.029,3,0.9851,0.9965,False
Arabic,離卦-dynamic,w,-0.023,4,0.9701,0.9965,False
Arabic,坤卦-dynamic,ʕ,0.02,37,0.9801,0.9965,False
Arabic,艮卦-static,z,-0.017,6,0.9801,0.9965,False
Arabic,坎卦-static,a,0.016,47,0.9701,0.9965,False
Arabic,坤卦-dynamic,h,0.014,13,0.9701,0.9965,False
Arabic,震卦-static,h,-0.014,14,0.9801,0.9965,False
Arabic,離卦-dynamic,ħ,-0.01,10,0.9851,0.9965,False
Arabic,震卦-dynamic,ħ,-0.008,20,0.9851,0.9965,False
Arabic,艮卦-dynamic,d͡ʒ,0.009,16,0.995,0.9989,False
Arabic,震卦-dynamic,θ,-0.007,5,0.995,0.9989,False
Arabic,震卦-dynamic,s̪,-0.003,10,0.995,0.9989,False
Arabic,兌卦-static,t,-0.011,9,1.0,1.0,False
Arabic,坤卦-dynamic,d͡ʒ,-0.002,24,1.0,1.0,False
Chinese,巽卦-static,t͡sʰ,3.502,5,0.005,0.2328,False
Chinese,兌卦-dynamic,f,3.234,24,0.005,0.2328,False
Chinese,乾卦-dynamic,œ,2.915,15,0.005,0.2328,False
Chinese,中卦-static,ɯ,2.874,47,0.005,0.2328,False
Chinese,中卦-static,ʌ,2.874,47,0.005,0.2328,False
Chinese,艮卦-static,p,2.812,24,0.005,0.2328,False
Chinese,離卦-dynamic,ʈ͡ʂ,2.663,35,0.005,0.2328,False
Chinese,艮卦-dynamic,ʈ͡ʂʰ,2.591,29,0.005,0.2328,False
Chinese,離卦-static,ɨ,2.36,15,0.005,0.2328,False
Chinese,震卦-static,t͡s,2.236,37,0.005,0.2328,False
Chinese,震卦-static,ɨ,1.886,31,0.005,0.2328,False
Chinese,震卦-dynamic,y,1.646,37,0.005,0.2328,False
Chinese,震卦-static,l,1.562,47,0.005,0.2328,False
Chinese,中卦-static,ɕ,-1.225,28,0.005,0.2328,False
Chinese,乾卦-dynamic,y,1.843,36,0.01,0.3676,False
Chinese,中卦-static,ə,1.683,59,0.01,0.3676,False
Chinese,坤卦-dynamic,x,1.605,34,0.01,0.3676,False
Chinese,坤卦-dynamic,ŋ,1.458,103,0.01,0.3676,False
Chinese,兌卦-static,t͡ɕʰ,3.486,7,0.0149,0.3742,False
Chinese,坎卦-dynamic,a,2.212,23,0.0149,0.3742,False
Chinese,離卦-static,t͡s,2.129,15,0.0149,0.3742,False
Chinese,乾卦-dynamic,ə,1.964,32,0.0149,0.3742,False
Chinese,乾卦-dynamic,ɤ,1.613,23,0.0149,0.3742,False
Chinese,離卦-dynamic,ɻ,1.49,24,0.0149,0.3742,False
Chinese,中卦-static,ɻ,1.258,50,0.0149,0.3742,False
Chinese,巽卦-static,s,2.991,5,0.0199,0.4233,False
Chinese,坤卦-static,ɤ,2.48,7,0.0199,0.4233,False
Chinese,坎卦-dynamic,x,2.281,16,0.0199,0.4233,False
Chinese,乾卦-dynamic,f,1.706,22,0.0199,0.4233,False
Chinese,艮卦-dynamic,n,-1.499,37,0.0199,0.4233,False
Chinese,巽卦-dynamic,ɔ,2.98,5,0.0249,0.4595,False
Chinese,巽卦-dynamic,pʰ,2.774,4,0.0249,0.4595,False
Chinese,坤卦-static,ɕ,2.173,9,0.0249,0.4595,False
Chinese,離卦-static,i,1.785,82,0.0249,0.4595,False
Chinese,中卦-static,a,1.295,69,0.0249,0.4595,False
Chinese,坤卦-static,kʰ,2.193,5,0.0299,0.4989,False
Chinese,離卦-dynamic,ʂ,1.506,28,0.0299,0.4989,False
Chinese,艮卦-dynamic,i,-1.285,82,0.0299,0.4989,False
Chinese,震卦-static,ɪ,-1.285,19,0.0299,0.4989,False
Chinese,離卦-static,t͡ɕ,1.716,32,0.0348,0.5556,False
Chinese,艮卦-dynamic,k,-1.337,3,0.0348,0.5556,False
Chinese,巽卦-static,ʊ,2.339,14,0.0398,0.5945,False
Chinese,兌卦-dynamic,a,1.71,27,0.0398,0.5945,False
Chinese,震卦-static,ɕ,-1.203,24,0.0398,0.5945,False
Chinese,坤卦-static,k,2.202,8,0.0448,0.6163,False
Chinese,震卦-dynamic,ʈ͡ʂ,1.17,26,0.0448,0.6163,False
Chinese,中卦-static,u,-0.902,91,0.0448,0.6163,False
Chinese,坤卦-static,ɛ,2.122,11,0.0498,0.6237,False
Chinese,艮卦-static,ɛ,1.256,26,0.0498,0.6237,False
Chinese,震卦-static,e,-1.04,6,0.0498,0.6237,False
Chinese,震卦-static,t͡ɕʰ,-0.973,6,0.0498,0.6237,False
Chinese,坎卦-static,ə,2.14,9,0.0547,0.6512,False
Chinese,中卦-static,ɤ,-0.905,18,0.0547,0.6512,False
Chinese,中卦-static,n,0.878,137,0.0597,0.676,False
Chinese,乾卦-dynamic,l,1.318,26,0.0647,0.7094,False
Chinese,艮卦-dynamic,ɑ,0.995,81,0.0647,0.7094,False
Chinese,坤卦-static,ɑ,-2.118,3,0.0697,0.7298,False
Chinese,坎卦-dynamic,ŋ,-1.412,14,0.0697,0.7298,False
Chinese,艮卦-static,ɕ,-1.285,10,0.0697,0.7298,False
Chinese,艮卦-static,t͡ɕ,-1.368,7,0.0746,0.7551,False
Chinese,離卦-static,ə,-1.211,5,0.0796,0.7551,False
Chinese,乾卦-dynamic,t͡s,-1.153,3,0.0796,0.7551,False
Chinese,艮卦-dynamic,ɪ,1.122,39,0.0796,0.7551,False
Chinese,坤卦-dynamic,ʈ͡ʂʰ,-1.038,3,0.0746,0.7551,False
Chinese,震卦-static,n,-0.943,70,0.0796,0.7551,False
Chinese,中卦-static,f,-0.882,4,0.0796,0.7551,False
Chinese,中卦-dynamic,t,2.965,3,0.1045,0.7561,False
Chinese,巽卦-dynamic,ɪ,2.444,7,0.0995,0.7561,False
Chinese,巽卦-dynamic,tʰ,2.364,4,0.0995,0.7561,False
Chinese,巽卦-static,i,-2.199,10,0.0995,0.7561,False
Chinese,巽卦-static,kʰ,1.91,3,0.0896,0.7561,False
Chinese,坤卦-static,tʰ,1.743,6,0.0896,0.7561,False
Chinese,離卦-dynamic,ɕ,1.38,27,0.0846,0.7561,False
Chinese,兌卦-dynamic,k,1.25,17,0.0945,0.7561,False
Chinese,離卦-dynamic,tʰ,-1.142,6,0.1045,0.7561,False
Chinese,乾卦-dynamic,ɛ,-1.136,14,0.0896,0.7561,False
Chinese,艮卦-dynamic,m,-1.126,6,0.0945,0.7561,False
Chinese,離卦-dynamic,e,-1.055,3,0.0995,0.7561,False
Chinese,震卦-dynamic,i,-1.015,84,0.0945,0.7561,False
Chinese,震卦-static,ʈ͡ʂ,0.871,35,0.1045,0.7561,False
Chinese,坤卦-dynamic,f,-0.864,3,0.0995,0.7561,False
Chinese,中卦-static,ʂ,0.832,50,0.1045,0.7561,False
Chinese,坤卦-dynamic,n,0.826,95,0.0995,0.7561,False
Chinese,中卦-static,t͡ɕ,-0.81,32,0.1045,0.7561,False
Chinese,中卦-static,y,-0.795,22,0.1045,0.7561,False
Chinese,中卦-static,ʊ,-0.779,68,0.1045,0.7561,False
Chinese,中卦-dynamic,e,2.804,3,0.1244,0.7631,False
Chinese,乾卦-static,ʂ,2.047,7,0.1294,0.7631,False
Chinese,巽卦-static,m,1.799,5,0.1244,0.7631,False
Chinese,坎卦-dynamic,ɛ,1.324,20,0.1244,0.7631,False
Chinese,兌卦-dynamic,l,1.237,18,0.1194,0.7631,False
Chinese,離卦-static,ʂ,-1.169,4,0.1194,0.7631,False
Chinese,兌卦-dynamic,ɔ,1.144,14,0.1294,0.7631,False
Chinese,艮卦-dynamic,ɛ,-1.094,16,0.1144,0.7631,False
Chinese,震卦-dynamic,a,1.082,36,0.1144,0.7631,False
Chinese,乾卦-dynamic,t͡ɕ,-0.995,14,0.1194,0.7631,False
Chinese,艮卦-dynamic,ʈ͡ʂ,0.941,24,0.1244,0.7631,False
Chinese,震卦-static,tʰ,0.833,31,0.1095,0.7631,False
Chinese,震卦-static,ʂ,0.807,42,0.1194,0.7631,False
Chinese,震卦-static,ɛ,-0.777,29,0.1244,0.7631,False
Chinese,坎卦-static,ʊ,-1.523,6,0.1343,0.7729,False
Chinese,離卦-static,ɤ,-1.258,5,0.1343,0.7729,False
Chinese,震卦-dynamic,ɕ,0.907,30,0.1343,0.7729,False
Chinese,兌卦-static,ŋ,1.951,14,0.1443,0.7846,False
Chinese,乾卦-static,s,1.781,4,0.1393,0.7846,False
Chinese,坎卦-static,ɕ,-1.7,3,0.1542,0.7846,False
Chinese,坎卦-static,n,1.698,22,0.1493,0.7846,False
Chinese,巽卦-static,n,-1.689,5,0.1493,0.7846,False
Chinese,坤卦-static,ʊ,1.502,18,0.1493,0.7846,False
Chinese,離卦-static,pʰ,1.162,11,0.1493,0.7846,False
Chinese,艮卦-static,y,-1.097,6,0.1443,0.7846,False
Chinese,離卦-static,y,-1.064,6,0.1542,0.7846,False
Chinese,艮卦-static,u,-0.994,32,0.1393,0.7846,False
Chinese,乾卦-dynamic,x,0.951,20,0.1493,0.7846,False
Chinese,離卦-dynamic,ɤ,0.947,17,0.1542,0.7846,False
Chinese,震卦-dynamic,ɑ,0.812,75,0.1493,0.7846,False
Chinese,震卦-static,ɔ,0.761,28,0.1542,0.7846,False
Chinese,中卦-static,e,-0.658,15,0.1493,0.7846,False
Chinese,中卦-dynamic,t͡ɕ,2.811,4,0.1592,0.7926,False
Chinese,兌卦-dynamic,ə,-1.044,6,0.1592,0.7926,False
Chinese,兌卦-static,u,-1.965,4,0.1642,0.7949,False
Chinese,離卦-static,p,1.138,14,0.1642,0.7949,False
Chinese,艮卦-dynamic,y,0.79,29,0.1642,0.7949,False
Chinese,兌卦-dynamic,ɛ,-0.972,11,0.1692,0.8078,False
Chinese,巽卦-static,ɑ,1.934,15,0.1741,0.8149,False
Chinese,震卦-dynamic,tʰ,0.833,20,0.1741,0.8149,False
Chinese,艮卦-dynamic,kʰ,-0.807,3,0.1741,0.8149,False
Chinese,艮卦-static,ɨ,0.92,9,0.1791,0.8218,False
Chinese,震卦-dynamic,ʂ,0.892,28,0.1791,0.8218,False
Chinese,中卦-static,t͡ɕʰ,-0.619,13,0.1791,0.8218,False
Chinese,離卦-static,ɛ,1.248,25,0.1841,0.8231,False
Chinese,艮卦-static,ʊ,1.001,46,0.1841,0.8231,False
Chinese,艮卦-dynamic,œ,0.846,8,0.1841,0.8231,False
Chinese,震卦-static,kʰ,-0.653,6,0.1841,0.8231,False
Chinese,震卦-static,m,-0.712,15,0.1891,0.8347,False
Chinese,坎卦-static,ʈ͡ʂʰ,1.449,5,0.194,0.8356,False
Chinese,兌卦-dynamic,t,-0.967,4,0.194,0.8356,False
Chinese,震卦-static,s,-0.701,4,0.194,0.8356,False
Chinese,中卦-static,s,0.65,25,0.194,0.8356,False
Chinese,巽卦-dynamic,ʈ͡ʂʰ,1.763,3,0.199,0.8518,False
Chinese,乾卦-dynamic,t,-0.724,8,0.204,0.8626,False
Chinese,坤卦-dynamic,ɪ,-0.68,24,0.204,0.8626,False
Chinese,巽卦-dynamic,e,1.894,5,0.209,0.8629,False
Chinese,離卦-static,a,-1.021,12,0.209,0.8629,False
Chinese,坤卦-dynamic,œ,0.659,9,0.209,0.8629,False
Chinese,坤卦-dynamic,ɕ,0.629,36,0.209,0.8629,False
Chinese,離卦-dynamic,p,-0.848,4,0.2139,0.8681,False
Chinese,中卦-dynamic,u,2.473,8,0.2338,0.8731,False
Chinese,兌卦-static,m,1.693,5,0.2189,0.8731,False
Chinese,巽卦-static,pʰ,1.507,3,0.2289,0.8731,False
Chinese,兌卦-static,ɑ,1.493,14,0.2388,0.8731,False
Chinese,離卦-static,ɻ,-0.98,4,0.2289,0.8731,False
Chinese,乾卦-dynamic,ŋ,0.8,63,0.2338,0.8731,False
Chinese,震卦-dynamic,u,-0.762,53,0.2338,0.8731,False
Chinese,艮卦-dynamic,tʰ,0.751,20,0.2239,0.8731,False
Chinese,乾卦-dynamic,t͡ɕʰ,0.734,18,0.2189,0.8731,False
Chinese,艮卦-static,ɯ,0.718,8,0.2388,0.8731,False
Chinese,艮卦-static,ʌ,0.718,8,0.2388,0.8731,False
Chinese,坤卦-dynamic,kʰ,-0.648,5,0.2388,0.8731,False
Chinese,坤卦-dynamic,a,-0.626,28,0.2239,0.8731,False
Chinese,中卦-static,ɛ,-0.566,38,0.2239,0.8731,False
Chinese,震卦-static,f,-0.527,8,0.2338,0.8731,False
Chinese,離卦-static,ɑ,0.852,49,0.2488,0.891,False
Chinese,震卦-static,i,-0.603,140,0.2488,0.891,False
Chinese,震卦-static,ɯ,0.567,17,0.2488,0.891,False
Chinese,震卦-static,ʌ,0.567,17,0.2488,0.891,False
Chinese,巽卦-dynamic,u,1.809,15,0.2786,0.8981,False
Chinese,乾卦-static,ɻ,1.401,5,0.3085,0.8981,False
Chinese,艮卦-static,l,-0.867,6,0.2786,0.8981,False
Chinese,離卦-static,l,-0.829,6,0.2637,0.8981,False
Chinese,艮卦-static,ʂ,0.783,18,0.2687,0.8981,False
Chinese,乾卦-dynamic,u,-0.758,49,0.2637,0.8981,False
Chinese,坎卦-dynamic,t͡ɕʰ,-0.749,3,0.3085,0.8981,False
Chinese,離卦-dynamic,t͡ɕʰ,-0.723,5,0.2836,0.8981,False
Chinese,離卦-dynamic,ŋ,-0.703,33,0.2935,0.8981,False
Chinese,離卦-dynamic,m,-0.693,8,0.3035,0.8981,False
Chinese,震卦-dynamic,ɻ,0.691,22,0.3134,0.8981,False
Chinese,艮卦-dynamic,ɯ,-0.69,3,0.2687,0.8981,False
Chinese,艮卦-dynamic,ʌ,-0.69,3,0.2687,0.8981,False
Chinese,震卦-dynamic,ɯ,-0.678,3,0.2687,0.8981,False
Chinese,震卦-dynamic,ʌ,-0.678,3,0.2687,0.8981,False
Chinese,震卦-dynamic,e,-0.676,8,0.2537,0.8981,False
Chinese,乾卦-dynamic,ʊ,0.674,58,0.2736,0.8981,False
Chinese,離卦-dynamic,ə,-0.672,10,0.3134,0.8981,False
Chinese,震卦-dynamic,œ,0.653,7,0.3134,0.8981,False
Chinese,艮卦-dynamic,t͡ɕ,0.651,37,0.2786,0.8981,False
Chinese,坤卦-dynamic,ɑ,-0.591,58,0.2935,0.8981,False
Chinese,坤卦-dynamic,tʰ,-0.588,14,0.2836,0.8981,False
Chinese,中卦-static,tʰ,-0.585,20,0.2786,0.8981,False
Chinese,震卦-static,ʈ͡ʂʰ,-0.553,9,0.2587,0.8981,False
Chinese,震卦-static,t,0.534,34,0.2687,0.8981,False
Chinese,中卦-static,t,0.531,40,0.2985,0.8981,False
Chinese,震卦-static,t͡sʰ,0.515,16,0.2786,0.8981,False
Chinese,震卦-static,k,0.51,30,0.3085,0.8981,False
Chinese,中卦-static,ɔ,-0.507,13,0.3085,0.8981,False
Chinese,中卦-static,x,-0.49,20,0.2985,0.8981,False
Chinese,巽卦-dynamic,m,1.459,4,0.3184,0.9049,False
Chinese,坤卦-static,ɪ,-1.224,3,0.3184,0.9049,False
Chinese,兌卦-static,t,1.484,5,0.3433,0.906,False
Chinese,乾卦-static,n,1.21,14,0.3234,0.906,False
Chinese,坎卦-static,pʰ,1.041,4,0.3433,0.906,False
Chinese,兌卦-dynamic,ɤ,-0.767,7,0.3383,0.906,False
Chinese,兌卦-dynamic,ɑ,0.729,48,0.3234,0.906,False
Chinese,艮卦-static,ə,-0.717,8,0.3433,0.906,False
Chinese,震卦-dynamic,n,0.696,72,0.3333,0.906,False
Chinese,艮卦-static,m,0.659,15,0.3333,0.906,False
Chinese,艮卦-static,i,0.607,73,0.3433,0.906,False
Chinese,離卦-dynamic,ɪ,-0.588,16,0.3333,0.906,False
Chinese,震卦-static,ɤ,0.574,29,0.3284,0.906,False
Chinese,震卦-dynamic,s,-0.528,4,0.3383,0.906,False
Chinese,坤卦-dynamic,ɻ,0.51,26,0.3284,0.906,False
Chinese,坤卦-dynamic,i,0.479,137,0.3284,0.906,False
Chinese,中卦-static,t͡s,0.472,24,0.3333,0.906,False
Chinese,離卦-dynamic,ɯ,0.586,9,0.3483,0.9088,False
Chinese,離卦-dynamic,ʌ,0.586,9,0.3483,0.9088,False
Chinese,艮卦-dynamic,ɻ,0.527,21,0.3483,0.9088,False
Chinese,兌卦-static,k,1.207,4,0.3582,0.9211,False
Chinese,坎卦-dynamic,ɪ,0.706,17,0.3582,0.9211,False
Chinese,震卦-dynamic,k,-0.542,10,0.3582,0.9211,False
Chinese,離卦-static,t͡ɕʰ,-0.719,4,0.3632,0.9238,False
Chinese,坤卦-static,n,1.027,18,0.3682,0.9256,False
Chinese,坎卦-dynamic,t͡sʰ,0.715,6,0.3731,0.9256,False
Chinese,乾卦-dynamic,kʰ,-0.579,4,0.3731,0.9256,False
Chinese,中卦-static,l,-0.453,23,0.3731,0.9256,False
Chinese,中卦-static,ʈ͡ʂ,0.382,31,0.3731,0.9256,False
Chinese,乾卦-dynamic,ʈ͡ʂ,0.509,17,0.3781,0.9313,False
Chinese,坤卦-dynamic,p,-0.414,11,0.3831,0.937,False
Chinese,中卦-dynamic,ɪ,2.018,3,0.4229,0.9389,False
Chinese,中卦-dynamic,i,1.777,8,0.4776,0.9389,False
Chinese,兌卦-static,i,1.006,18,0.4776,0.9389,False
Chinese,巽卦-dynamic,n,-0.973,6,0.5224,0.9389,False
Chinese,巽卦-dynamic,ɑ,-0.97,5,0.5323,0.9389,False
Chinese,兌卦-static,a,-0.95,3,0.5124,0.9389,False
Chinese,乾卦-static,u,0.944,16,0.4826,0.9389,False
Chinese,坎卦-static,ɻ,0.914,6,0.393,0.9389,False
Chinese,巽卦-static,p,0.91,3,0.5075,0.9389,False
Chinese,乾卦-static,a,0.898,6,0.5025,0.9389,False
Chinese,巽卦-static,a,-0.879,3,0.5323,0.9389,False
Chinese,坤卦-static,ɯ,0.87,3,0.4577,0.9389,False
Chinese,坤卦-static,ʌ,0.87,3,0.4577,0.9389,False
Chinese,坎卦-static,a,-0.838,5,0.4279,0.9389,False
Chinese,坤卦-static,t͡ɕ,-0.834,4,0.4279,0.9389,False
Chinese,乾卦-static,ɑ,-0.829,7,0.4826,0.9389,False
Chinese,坤卦-static,i,0.801,26,0.4677,0.9389,False
Chinese,坎卦-dynamic,e,0.702,12,0.4279,0.9389,False
Chinese,坎卦-dynamic,m,-0.692,5,0.408,0.9389,False
Chinese,離卦-static,t,-0.665,6,0.4527,0.9389,False
Chinese,坎卦-dynamic,ʂ,-0.636,6,0.4428,0.9389,False
Chinese,兌卦-dynamic,tʰ,-0.626,7,0.4826,0.9389,False
Chinese,兌卦-dynamic,ɻ,0.623,14,0.4229,0.9389,False
Chinese,坎卦-dynamic,t,-0.611,5,0.4179,0.9389,False
Chinese,離卦-static,tʰ,-0.602,7,0.4428,0.9389,False
Chinese,離卦-static,ɕ,0.596,18,0.4925,0.9389,False
Chinese,坎卦-dynamic,l,0.582,11,0.4726,0.9389,False
Chinese,艮卦-static,ʈ͡ʂ,-0.578,4,0.408,0.9389,False
Chinese,離卦-dynamic,ɛ,0.572,26,0.4328,0.9389,False
Chinese,艮卦-static,ɤ,-0.558,8,0.4378,0.9389,False
Chinese,兌卦-dynamic,u,-0.544,38,0.4279,0.9389,False
Chinese,坎卦-dynamic,ʈ͡ʂʰ,-0.537,3,0.5224,0.9389,False
Chinese,艮卦-static,ɻ,-0.531,7,0.4975,0.9389,False
Chinese,兌卦-dynamic,p,-0.528,5,0.5174,0.9389,False
Chinese,乾卦-dynamic,ʂ,-0.526,12,0.4378,0.9389,False
Chinese,震卦-dynamic,l,-0.52,12,0.4328,0.9389,False
Chinese,兌卦-dynamic,ʈ͡ʂʰ,-0.511,4,0.4328,0.9389,False
Chinese,離卦-dynamic,ʈ͡ʂʰ,-0.503,5,0.4726,0.9389,False
Chinese,艮卦-dynamic,pʰ,-0.499,4,0.408,0.9389,False
Chinese,乾卦-dynamic,s,-0.488,4,0.4925,0.9389,False
Chinese,艮卦-dynamic,f,0.486,14,0.4129,0.9389,False
Chinese,坤卦-dynamic,ʈ͡ʂ,-0.485,9,0.398,0.9389,False
Chinese,離卦-dynamic,l,-0.484,10,0.4925,0.9389,False
Chinese,離卦-dynamic,x,-0.472,9,0.4726,0.9389,False
Chinese,乾卦-dynamic,m,-0.47,11,0.4975,0.9389,False
Chinese,震卦-dynamic,ɪ,-0.467,21,0.4527,0.9389,False
Chinese,乾卦-dynamic,ɕ,-0.461,19,0.4776,0.9389,False
Chinese,震卦-dynamic,t͡sʰ,-0.453,3,0.4677,0.9389,False
Chinese,震卦-static,ə,-0.451,22,0.398,0.9389,False
Chinese,震卦-dynamic,t͡s,0.45,13,0.4478,0.9389,False
Chinese,乾卦-dynamic,k,-0.448,10,0.4925,0.9389,False
Chinese,離卦-dynamic,œ,0.447,5,0.5174,0.9389,False
Chinese,兌卦-dynamic,kʰ,0.446,7,0.5174,0.9389,False
Chinese,震卦-dynamic,ɛ,-0.444,22,0.4179,0.9389,False
Chinese,坤卦-dynamic,u,0.438,103,0.4527,0.9389,False
Chinese,離卦-dynamic,a,-0.438,19,0.5323,0.9389,False
Chinese,艮卦-dynamic,ɤ,-0.436,13,0.4925,0.9389,False
Chinese,兌卦-dynamic,i,-0.423,61,0.4925,0.9389,False
Chinese,離卦-dynamic,k,-0.42,9,0.5224,0.9389,False
Chinese,震卦-dynamic,ɨ,0.417,10,0.4876,0.9389,False
Chinese,坤卦-dynamic,ʊ,-0.412,56,0.4527,0.9389,False
Chinese,震卦-static,ɑ,0.409,103,0.403,0.9389,False
Chinese,艮卦-static,t͡ɕʰ,0.395,11,0.5025,0.9389,False
Chinese,坤卦-dynamic,t͡ɕʰ,0.393,21,0.4229,0.9389,False
Chinese,中卦-static,œ,-0.389,5,0.4428,0.9389,False
Chinese,中卦-static,p,0.385,28,0.4378,0.9389,False
Chinese,中卦-static,k,0.364,33,0.4627,0.9389,False
Chinese,坤卦-dynamic,t,-0.362,16,0.4975,0.9389,False
Chinese,艮卦-dynamic,ɕ,-0.339,22,0.5323,0.9389,False
Chinese,坤卦-dynamic,ɛ,0.332,38,0.5174,0.9389,False
Chinese,震卦-static,ʊ,0.33,88,0.5224,0.9389,False
Chinese,中卦-static,ɨ,-0.329,9,0.5075,0.9389,False
Chinese,中卦-static,ɑ,-0.325,93,0.4776,0.9389,False
Chinese,震卦-static,ŋ,0.279,91,0.5323,0.9389,False
Chinese,中卦-static,t͡sʰ,-0.271,8,0.5274,0.9389,False
Chinese,坎卦-static,i,-0.727,22,0.5373,0.9423,False
Chinese,中卦-static,ɪ,-0.332,41,0.5423,0.9423,False
Chinese,離卦-static,s,-0.45,3,0.5473,0.9439,False
Chinese,震卦-dynamic,ɤ,-0.379,13,0.5473,0.9439,False
Chinese,兌卦-dynamic,ʈ͡ʂ,0.499,12,0.5522,0.9455,False
Chinese,離卦-dynamic,ʊ,-0.375,36,0.5572,0.9471,False
Chinese,坎卦-dynamic,ɑ,-0.493,24,0.5622,0.951,False
Chinese,震卦-static,y,-0.332,26,0.5622,0.951,False
Chinese,坎卦-static,y,0.779,7,0.5771,0.9533,False
Chinese,坤卦-static,a,-0.667,5,0.5672,0.9533,False
Chinese,坎卦-dynamic,y,-0.429,8,0.5771,0.9533,False
Chinese,艮卦-static,x,-0.358,8,0.5721,0.9533,False
Chinese,震卦-static,pʰ,-0.339,8,0.5721,0.9533,False
Chinese,震卦-static,x,-0.314,19,0.5672,0.9533,False
Chinese,巽卦-dynamic,k,0.844,3,0.6468,0.9552,False
Chinese,巽卦-dynamic,ʊ,-0.779,5,0.592,0.9552,False
Chinese,巽卦-static,ɤ,0.749,3,0.6119,0.9552,False
Chinese,坎卦-static,x,0.739,5,0.597,0.9552,False
Chinese,乾卦-static,l,0.728,4,0.6169,0.9552,False
Chinese,乾卦-static,m,0.725,4,0.602,0.9552,False
Chinese,乾卦-static,ʊ,0.694,11,0.5871,0.9552,False
Chinese,乾卦-static,ɔ,0.666,3,0.6219,0.9552,False
Chinese,坎卦-static,ɑ,-0.641,11,0.5871,0.9552,False
Chinese,兌卦-static,x,0.614,3,0.6418,0.9552,False
Chinese,坎卦-static,ɛ,0.585,8,0.6219,0.9552,False
Chinese,巽卦-static,ɕ,-0.582,3,0.6368,0.9552,False
Chinese,坎卦-static,l,-0.514,3,0.6517,0.9552,False
Chinese,坎卦-static,p,0.474,4,0.6517,0.9552,False
Chinese,坎卦-dynamic,ʈ͡ʂ,0.45,9,0.6169,0.9552,False
Chinese,兌卦-dynamic,ŋ,-0.424,30,0.5821,0.9552,False
Chinese,離卦-dynamic,i,0.415,86,0.5871,0.9552,False
Chinese,兌卦-dynamic,n,0.399,44,0.6368,0.9552,False
Chinese,離卦-static,e,0.39,13,0.6119,0.9552,False
Chinese,艮卦-static,ɑ,0.37,44,0.602,0.9552,False
Chinese,艮卦-static,k,0.346,12,0.602,0.9552,False
Chinese,離卦-dynamic,t͡ɕ,0.335,26,0.6169,0.9552,False
Chinese,艮卦-dynamic,e,0.333,20,0.597,0.9552,False
Chinese,乾卦-dynamic,ɔ,-0.327,8,0.6468,0.9552,False
Chinese,兌卦-dynamic,x,-0.321,8,0.6468,0.9552,False
Chinese,兌卦-dynamic,ɕ,0.317,17,0.6368,0.9552,False
Chinese,艮卦-dynamic,ɔ,-0.316,9,0.6368,0.9552,False
Chinese,離卦-dynamic,y,0.316,19,0.607,0.9552,False
Chinese,震卦-dynamic,ŋ,-0.303,48,0.6119,0.9552,False
Chinese,艮卦-dynamic,t,0.301,20,0.607,0.9552,False
Chinese,坤卦-dynamic,ɯ,-0.293,7,0.6219,0.9552,False
Chinese,坤卦-dynamic,ʌ,-0.293,7,0.6219,0.9552,False
Chinese,坤卦-dynamic,e,-0.282,16,0.6119,0.9552,False
Chinese,震卦-static,u,0.279,119,0.607,0.9552,False
Chinese,震卦-static,ɻ,-0.271,20,0.6119,0.9552,False
Chinese,坤卦-dynamic,s,-0.255,8,0.6318,0.9552,False
Chinese,坤卦-dynamic,ɨ,-0.25,7,0.6468,0.9552,False
Chinese,坤卦-dynamic,ʂ,0.237,27,0.6468,0.9552,False
Chinese,震卦-static,a,-0.226,39,0.6468,0.9552,False
Chinese,震卦-static,t͡ɕ,-0.207,39,0.6368,0.9552,False
Chinese,坎卦-static,ŋ,0.584,16,0.6617,0.9571,False
Chinese,艮卦-static,pʰ,0.328,7,0.6667,0.9571,False
Chinese,坎卦-dynamic,i,-0.319,48,0.6667,0.9571,False
Chinese,兌卦-dynamic,t͡s,0.319,8,0.6667,0.9571,False
Chinese,兌卦-dynamic,ʂ,-0.312,10,0.6567,0.9571,False
Chinese,震卦-dynamic,t͡ɕ,-0.298,24,0.6667,0.9571,False
Chinese,離卦-dynamic,t͡s,-0.27,7,0.6667,0.9571,False
Chinese,艮卦-dynamic,ʊ,0.258,57,0.6716,0.9622,False
Chinese,兌卦-static,n,-0.579,8,0.6766,0.9654,False
Chinese,離卦-static,ʈ͡ʂ,-0.288,6,0.6766,0.9654,False
Chinese,巽卦-dynamic,t͡ɕ,0.744,5,0.7164,0.9657,False
Chinese,巽卦-dynamic,i,-0.668,12,0.7164,0.9657,False
Chinese,坤卦-static,ŋ,0.596,15,0.6915,0.9657,False
Chinese,坤卦-static,t,0.494,5,0.7015,0.9657,False
Chinese,乾卦-static,t͡ɕʰ,0.486,3,0.7214,0.9657,False
Chinese,坎卦-static,m,0.413,5,0.7264,0.9657,False
Chinese,坎卦-dynamic,k,0.33,9,0.7264,0.9657,False
Chinese,離卦-static,u,-0.303,41,0.6816,0.9657,False
Chinese,坎卦-dynamic,ɕ,-0.3,11,0.6965,0.9657,False
Chinese,兌卦-dynamic,ʊ,-0.294,30,0.7164,0.9657,False
Chinese,艮卦-static,s,-0.289,4,0.7114,0.9657,False
Chinese,離卦-static,ʈ͡ʂʰ,-0.282,5,0.7114,0.9657,False
Chinese,艮卦-static,t͡s,0.274,8,0.7015,0.9657,False
Chinese,兌卦-dynamic,s,-0.272,4,0.6866,0.9657,False
Chinese,兌卦-dynamic,y,0.266,15,0.6866,0.9657,False
Chinese,震卦-dynamic,p,-0.246,10,0.6915,0.9657,False
Chinese,震卦-dynamic,ʈ͡ʂʰ,-0.245,8,0.7164,0.9657,False
Chinese,離卦-dynamic,ɑ,-0.228,43,0.6915,0.9657,False
Chinese,艮卦-dynamic,l,0.219,19,0.7214,0.9657,False
Chinese,震卦-dynamic,t,-0.218,14,0.7015,0.9657,False
Chinese,艮卦-dynamic,t͡sʰ,-0.206,5,0.7264,0.9657,False
Chinese,中卦-static,i,0.182,187,0.7065,0.9657,False
Chinese,艮卦-dynamic,ʂ,0.179,21,0.7065,0.9657,False
Chinese,震卦-dynamic,ɔ,0.175,13,0.7114,0.9657,False
Chinese,震卦-dynamic,ʊ,0.173,54,0.7264,0.9657,False
Chinese,中卦-static,kʰ,-0.13,13,0.7264,0.9657,False
Chinese,離卦-static,k,0.248,11,0.7313,0.9669,False
Chinese,艮卦-dynamic,ɨ,-0.194,6,0.7313,0.9669,False
Chinese,坤卦-dynamic,m,0.181,23,0.7313,0.9669,False
Chinese,艮卦-static,tʰ,0.27,11,0.7363,0.968,False
Chinese,震卦-dynamic,f,-0.188,8,0.7363,0.968,False
Chinese,艮卦-dynamic,a,-0.207,26,0.7463,0.9774,False
Chinese,坤卦-dynamic,ə,-0.192,21,0.7463,0.9774,False
Chinese,坤卦-dynamic,ɤ,0.187,21,0.7512,0.9802,False
Chinese,艮卦-dynamic,p,0.185,14,0.7512,0.9802,False
Chinese,坎卦-static,e,0.388,5,0.7562,0.9823,False
Chinese,坎卦-static,t,0.36,5,0.7562,0.9823,False
Chinese,坎卦-dynamic,u,0.286,39,0.7612,0.9823,False
Chinese,離卦-static,ɔ,-0.255,6,0.7612,0.9823,False
Chinese,艮卦-dynamic,t͡ɕʰ,0.199,15,0.7612,0.9823,False
Chinese,震卦-static,p,0.174,21,0.7612,0.9823,False
Chinese,離卦-dynamic,ɔ,0.239,11,0.7662,0.9833,False
Chinese,坎卦-dynamic,ʊ,-0.205,24,0.7662,0.9833,False
Chinese,艮卦-static,ɪ,-0.199,16,0.7662,0.9833,False
Chinese,乾卦-dynamic,n,0.203,59,0.7711,0.9843,False
Chinese,兌卦-dynamic,e,-0.172,9,0.7761,0.987,False
Chinese,坎卦-dynamic,ɻ,0.242,9,0.7811,0.9889,False
Chinese,艮卦-static,n,0.215,43,0.7861,0.9889,False
Chinese,艮卦-static,e,-0.199,9,0.7861,0.9889,False
Chinese,乾卦-dynamic,pʰ,-0.17,6,0.7861,0.9889,False
Chinese,離卦-static,ʊ,-0.256,30,0.791,0.9934,False
Chinese,乾卦-static,tʰ,0.4,3,0.801,0.9935,False
Chinese,震卦-dynamic,x,-0.214,13,0.801,0.9935,False
Chinese,艮卦-static,a,-0.203,17,0.796,0.9935,False
Chinese,坎卦-dynamic,f,-0.201,4,0.796,0.9935,False
Chinese,乾卦-dynamic,ɑ,-0.17,50,0.796,0.9935,False
Chinese,乾卦-dynamic,p,-0.147,10,0.801,0.9935,False
Chinese,坎卦-dynamic,ə,0.202,10,0.806,0.9961,False
Chinese,艮卦-static,ŋ,0.169,38,0.806,0.9961,False
Chinese,乾卦-static,x,0.355,3,0.8507,1.0,False
Chinese,兌卦-static,ʊ,-0.354,7,0.8259,1.0,False
Chinese,巽卦-dynamic,ɛ,0.344,4,0.8159,1.0,False
Chinese,乾卦-static,ɛ,-0.344,4,0.8607,1.0,False
Chinese,巽卦-dynamic,a,0.331,4,0.8806,1.0,False
Chinese,乾卦-static,ɤ,0.328,3,0.8259,1.0,False
Chinese,巽卦-static,ŋ,0.31,9,0.8358,1.0,False
Chinese,坎卦-static,t͡s,0.294,3,0.8358,1.0,False
Chinese,兌卦-static,l,0.294,3,0.8856,1.0,False
Chinese,坎卦-static,u,0.262,19,0.8259,1.0,False
Chinese,兌卦-static,ɕ,0.261,4,0.8657,1.0,False
Chinese,坤卦-static,u,-0.257,15,0.8657,1.0,False
Chinese,乾卦-static,i,0.251,18,0.8657,1.0,False
Chinese,坎卦-static,ʂ,-0.235,4,0.8507,1.0,False
Chinese,巽卦-dynamic,y,0.212,3,0.9254,1.0,False
Chinese,乾卦-static,ŋ,0.211,10,0.8905,1.0,False
Chinese,巽卦-dynamic,ɕ,-0.208,3,0.8607,1.0,False
Chinese,巽卦-static,ə,0.205,3,0.8507,1.0,False
Chinese,坎卦-dynamic,s,0.185,5,0.8557,1.0,False
Chinese,坎卦-dynamic,ɨ,-0.183,3,0.8607,1.0,False
Chinese,坎卦-static,ɪ,-0.176,6,0.8955,1.0,False
Chinese,兌卦-static,t͡ɕ,-0.176,4,0.9005,1.0,False
Chinese,艮卦-dynamic,ə,0.172,20,0.8308,1.0,False
Chinese,坎卦-dynamic,n,0.154,32,0.8109,1.0,False
Chinese,兌卦-dynamic,t͡ɕ,-0.145,17,0.8408,1.0,False
Chinese,離卦-dynamic,t,-0.144,12,0.8458,1.0,False
Chinese,艮卦-dynamic,u,-0.14,69,0.8557,1.0,False
Chinese,坎卦-dynamic,tʰ,-0.137,7,0.8756,1.0,False
Chinese,兌卦-static,ə,0.136,3,0.9552,1.0,False
Chinese,艮卦-static,t,-0.132,10,0.8806,1.0,False
Chinese,坤卦-static,y,0.131,5,0.9055,1.0,False
Chinese,坤卦-static,ʂ,-0.128,4,0.8905,1.0,False
Chinese,乾卦-dynamic,a,-0.124,24,0.8806,1.0,False
Chinese,離卦-static,ŋ,0.118,36,0.8856,1.0,False
Chinese,震卦-dynamic,ə,0.116,19,0.8458,1.0,False
Chinese,離卦-dynamic,s,-0.116,6,0.8458,1.0,False
Chinese,坤卦-dynamic,ɔ,0.115,16,0.8259,1.0,False
Chinese,巽卦-static,t͡ɕ,-0.114,4,0.9353,1.0,False
Chinese,離卦-dynamic,kʰ,0.113,7,0.9303,1.0,False
Chinese,乾卦-static,ɕ,-0.113,4,0.9502,1.0,False
Chinese,坤卦-dynamic,pʰ,-0.104,9,0.8408,1.0,False
Chinese,艮卦-static,f,0.104,7,0.8408,1.0,False
Chinese,兌卦-dynamic,t͡ɕʰ,0.104,9,0.8955,1.0,False
Chinese,坤卦-static,m,0.101,4,0.9701,1.0,False
Chinese,坤卦-static,p,0.098,3,0.9552,1.0,False
Chinese,兌卦-static,y,-0.098,3,0.9453,1.0,False
Chinese,艮卦-static,ʈ͡ʂʰ,0.097,7,0.8756,1.0,False
Chinese,乾卦-dynamic,tʰ,-0.093,13,0.9104,1.0,False
Chinese,乾卦-static,ə,-0.092,3,0.9602,1.0,False
Chinese,巽卦-static,u,0.089,11,0.9502,1.0,False
Chinese,坤卦-dynamic,y,0.088,27,0.8806,1.0,False
Chinese,坤卦-dynamic,k,-0.087,18,0.8607,1.0,False
Chinese,坎卦-dynamic,ɤ,0.085,8,0.9254,1.0,False
Chinese,震卦-dynamic,t͡ɕʰ,-0.085,12,0.8955,1.0,False
Chinese,離卦-static,m,-0.085,10,0.9353,1.0,False
Chinese,離卦-static,n,0.08,40,0.8905,1.0,False
Chinese,坎卦-static,t͡ɕʰ,-0.079,3,0.9801,1.0,False
Chinese,震卦-dynamic,m,0.079,17,0.9104,1.0,False
Chinese,艮卦-static,kʰ,-0.075,5,0.9403,1.0,False
Chinese,艮卦-dynamic,t͡s,0.073,11,0.9005,1.0,False
Chinese,坤卦-dynamic,l,0.067,22,0.9104,1.0,False
Chinese,坎卦-dynamic,t͡s,-0.066,5,0.9104,1.0,False
Chinese,中卦-static,ŋ,0.063,100,0.8856,1.0,False
Chinese,乾卦-dynamic,i,-0.063,91,0.8806,1.0,False
Chinese,兌卦-dynamic,œ,0.061,3,0.9403,1.0,False
Chinese,離卦-dynamic,n,0.06,50,0.9154,1.0,False
Chinese,乾卦-dynamic,e,0.05,15,0.9602,1.0,False
Chinese,坎卦-static,ʈ͡ʂ,-0.046,3,0.9801,1.0,False
Chinese,中卦-static,pʰ,0.046,15,0.9204,1.0,False
Chinese,離卦-dynamic,u,0.046,58,0.9453,1.0,False
Chinese,兌卦-dynamic,ɯ,0.046,5,0.9552,1.0,False
Chinese,兌卦-dynamic,ʌ,0.046,5,0.9552,1.0,False
Chinese,兌卦-static,ɪ,-0.041,4,0.9652,1.0,False
Chinese,坎卦-dynamic,ɔ,0.04,6,0.9701,1.0,False
Chinese,坤卦-dynamic,t͡ɕ,-0.037,35,0.9403,1.0,False
Chinese,離卦-dynamic,t͡sʰ,-0.035,5,0.9851,1.0,False
Chinese,離卦-dynamic,f,0.034,8,0.9502,1.0,False
Chinese,巽卦-static,ɪ,0.033,4,0.9652,1.0,False
Chinese,離卦-static,ɪ,0.03,17,0.9652,1.0,False
Chinese,坎卦-dynamic,p,-0.029,6,0.9851,1.0,False
Chinese,離卦-static,kʰ,-0.029,5,0.9552,1.0,False
Chinese,坎卦-static,t͡ɕ,0.028,7,0.995,1.0,False
Chinese,中卦-static,m,0.016,30,0.9801,1.0,False
Chinese,中卦-static,ʈ͡ʂʰ,0.014,18,0.9701,1.0,False
Chinese,坎卦-dynamic,t͡ɕ,-0.013,14,0.9801,1.0,False
Chinese,乾卦-dynamic,t͡sʰ,0.01,6,0.99,1.0,False
Chinese,坎卦-dynamic,kʰ,-0.005,4,1.0,1.0,False
Chinese,兌卦-dynamic,ɪ,-0.005,17,0.995,1.0,False
Chinese,巽卦-static,ɛ,-0.004,4,1.0,1.0,False
Chinese,艮卦-dynamic,x,0.002,15,1.0,1.0,False
Chinese,乾卦-dynamic,ɪ,0.001,24,1.0,1.0,False
Chinese,艮卦-dynamic,ŋ,-0.0,55,1.0,1.0,False
English,兌卦-dynamic,ɔ͡ɪ,3.896,7,0.005,0.307,False
English,巽卦-static,θ,3.593,5,0.005,0.307,False
English,巽卦-dynamic,ŋ,3.537,5,0.005,0.307,False
English,乾卦-static,i͡ə,3.32,8,0.005,0.307,False
English,兌卦-dynamic,e͡ə,3.201,6,0.005,0.307,False
English,震卦-static,t͡ʃ,2.957,28,0.005,0.307,False
English,離卦-static,a,2.868,34,0.005,0.307,False
English,中卦-static,a͡ʊ,2.412,19,0.005,0.307,False
English,震卦-static,d͡ʒ,2.104,21,0.005,0.307,False
English,中卦-static,a͡ɪ,2.082,39,0.005,0.307,False
English,離卦-dynamic,n,2.08,90,0.005,0.307,False
English,艮卦-dynamic,e͡ɪ,2.062,46,0.005,0.307,False
English,離卦-static,p,2.034,38,0.005,0.307,False
English,艮卦-dynamic,a͡ɪ,1.413,23,0.005,0.307,False
English,艮卦-static,ʃ,2.397,9,0.01,0.3908,False
English,艮卦-dynamic,w,1.665,29,0.01,0.3908,False
English,離卦-dynamic,ɛ,1.512,36,0.01,0.3908,False
English,艮卦-dynamic,ɛ,-1.26,15,0.01,0.3908,False
English,乾卦-dynamic,s,1.211,75,0.01,0.3908,False
English,坤卦-dynamic,d,1.207,53,0.01,0.3908,False
English,中卦-static,p,-1.063,25,0.01,0.3908,False
English,震卦-static,ɛ,-1.061,23,0.01,0.3908,False
English,震卦-static,ʊ,2.116,10,0.0149,0.416,False
English,坎卦-dynamic,k,1.945,30,0.0149,0.416,False
English,震卦-dynamic,z,1.89,9,0.0149,0.416,False
English,兌卦-dynamic,v,1.881,11,0.0149,0.416,False
English,震卦-dynamic,ɐ,1.874,6,0.0149,0.416,False
English,震卦-dynamic,w,1.802,16,0.0149,0.416,False
English,中卦-static,e͡ə,1.541,11,0.0149,0.416,False
English,兌卦-dynamic,t,-1.365,15,0.0149,0.416,False
English,震卦-dynamic,ʊ͡ə,3.019,3,0.0199,0.4776,False
English,離卦-dynamic,ɐ,2.065,11,0.0199,0.4776,False
English,艮卦-static,k,1.505,26,0.0199,0.4776,False
English,震卦-dynamic,l,-1.442,10,0.0199,0.4776,False
English,艮卦-dynamic,d,1.134,49,0.0199,0.4776,False
English,震卦-dynamic,j,2.139,12,0.0249,0.4885,False
English,乾卦-dynamic,a͡ɪ͡ə,2.036,6,0.0249,0.4885,False
English,坤卦-dynamic,v,1.587,25,0.0249,0.4885,False
English,乾卦-dynamic,e͡ɪ,1.403,37,0.0249,0.4885,False
English,坤卦-dynamic,a͡ɪ,1.135,22,0.0249,0.4885,False
English,艮卦-dynamic,ʌ,-1.095,5,0.0249,0.4885,False
English,中卦-static,t,0.794,110,0.0249,0.4885,False
English,兌卦-static,e͡ɪ,2.546,6,0.0299,0.5263,False
English,巽卦-dynamic,b,2.542,6,0.0299,0.5263,False
English,坎卦-dynamic,ɔ,2.11,10,0.0299,0.5263,False
English,震卦-dynamic,ɔ,1.814,13,0.0299,0.5263,False
English,艮卦-dynamic,ʃ,1.405,18,0.0299,0.5263,False
English,巽卦-static,u,2.312,5,0.0348,0.5572,False
English,坤卦-static,l,1.851,16,0.0348,0.5572,False
English,離卦-dynamic,z,1.804,15,0.0348,0.5572,False
English,艮卦-static,ɜ,1.849,7,0.0398,0.5731,False
English,離卦-static,ə͡l,1.673,11,0.0398,0.5731,False
English,乾卦-dynamic,ɔ,1.289,21,0.0398,0.5731,False
English,震卦-static,ɑ,1.283,16,0.0398,0.5731,False
English,坤卦-dynamic,ɒ,1.26,25,0.0398,0.5731,False
English,震卦-static,p,0.929,63,0.0398,0.5731,False
English,艮卦-static,l,1.302,27,0.0448,0.5862,False
English,兌卦-dynamic,i,1.203,21,0.0448,0.5862,False
English,震卦-static,b,1.062,48,0.0448,0.5862,False
English,坤卦-dynamic,i,0.889,47,0.0448,0.5862,False
English,巽卦-static,h,2.768,3,0.0498,0.597,False
English,艮卦-static,a͡ɪ,1.678,9,0.0498,0.597,False
English,坤卦-dynamic,b,0.974,36,0.0498,0.597,False
English,乾卦-dynamic,n,0.954,75,0.0498,0.597,False
English,中卦-static,w,0.93,29,0.0498,0.597,False
English,離卦-dynamic,l,-1.07,24,0.0547,0.639,False
English,艮卦-dynamic,ə,-0.815,23,0.0547,0.639,False
English,巽卦-static,i,2.2,8,0.0647,0.6574,False
English,坤卦-static,u,2.031,7,0.0647,0.6574,False
English,兌卦-static,ə͡ʊ,1.948,4,0.0597,0.6574,False
English,乾卦-static,ɒ,1.837,10,0.0647,0.6574,False
English,震卦-static,a͡ʊ,1.339,13,0.0597,0.6574,False
English,離卦-dynamic,ɒ,-1.251,3,0.0647,0.6574,False
English,離卦-dynamic,ə͡ʊ,-1.171,4,0.0597,0.6574,False
English,艮卦-dynamic,ɡ,1.092,18,0.0647,0.6574,False
English,艮卦-dynamic,s,0.827,68,0.0647,0.6574,False
English,巽卦-static,j,2.395,3,0.0697,0.6613,False
English,離卦-static,ɡ,1.57,13,0.0697,0.6613,False
English,兌卦-dynamic,ɐ,1.395,4,0.0697,0.6613,False
English,離卦-static,i,-1.215,6,0.0697,0.6613,False
English,震卦-dynamic,ɛ,1.089,19,0.0746,0.6716,False
English,艮卦-static,ɪ,-1.045,10,0.0746,0.6716,False
English,乾卦-dynamic,b,-1.027,10,0.0746,0.6716,False
English,離卦-dynamic,t,0.955,75,0.0746,0.6716,False
English,坤卦-static,ɜ,2.157,4,0.0796,0.6743,False
English,震卦-static,f,-0.954,15,0.0796,0.6743,False
English,艮卦-dynamic,a,0.936,31,0.0796,0.6743,False
English,巽卦-static,ʌ,2.072,6,0.0846,0.6766,False
English,坤卦-static,ɒ,1.689,5,0.0846,0.6766,False
English,兌卦-dynamic,z,1.346,6,0.0846,0.6766,False
English,艮卦-dynamic,v,-0.991,3,0.0846,0.6766,False
English,中卦-static,d͡ʒ,0.754,13,0.0846,0.6766,False
English,坤卦-dynamic,ɹ,-0.739,31,0.0846,0.6766,False
English,巽卦-dynamic,ʌ,2.314,6,0.0896,0.6971,False
English,兌卦-dynamic,ə͡ʊ,1.245,12,0.0896,0.6971,False
English,巽卦-static,w,2.036,4,0.0945,0.7102,False
English,巽卦-dynamic,d,2.019,7,0.0945,0.7102,False
English,坎卦-static,ɜ,1.765,5,0.0945,0.7102,False
English,艮卦-static,f,1.342,12,0.1045,0.7164,False
English,兌卦-dynamic,j,1.276,7,0.1095,0.7164,False
English,震卦-dynamic,i͡ə,1.266,6,0.1095,0.7164,False
English,震卦-dynamic,u,1.242,15,0.1095,0.7164,False
English,兌卦-dynamic,ɡ,1.231,8,0.1045,0.7164,False
English,震卦-dynamic,f,1.228,17,0.1095,0.7164,False
English,坤卦-dynamic,ɜ,0.931,14,0.0995,0.7164,False
English,震卦-dynamic,t,-0.865,24,0.0995,0.7164,False
English,震卦-static,v,-0.818,6,0.1045,0.7164,False
English,艮卦-dynamic,p,-0.79,22,0.1095,0.7164,False
English,離卦-dynamic,k,0.788,53,0.0995,0.7164,False
English,艮卦-dynamic,i,-0.712,18,0.1095,0.7164,False
English,坎卦-static,h,1.834,5,0.1144,0.7323,False
English,兌卦-dynamic,a͡ʊ,1.326,4,0.1144,0.7323,False
English,震卦-dynamic,ɑ,1.223,6,0.1144,0.7323,False
English,離卦-static,d,-1.04,11,0.1194,0.7476,False
English,坤卦-dynamic,ɡ,0.783,17,0.1194,0.7476,False
English,乾卦-static,k,-1.111,8,0.1244,0.7676,False
English,坤卦-dynamic,n,0.68,72,0.1244,0.7676,False
English,兌卦-dynamic,ʃ,1.199,7,0.1294,0.7871,False
English,巽卦-dynamic,l,1.494,9,0.1343,0.8004,False
English,坤卦-dynamic,ɛ,0.741,35,0.1343,0.8004,False
English,震卦-static,a,0.733,39,0.1343,0.8004,False
English,震卦-static,ɔ,0.761,23,0.1393,0.8132,False
English,震卦-dynamic,s,0.744,35,0.1443,0.8255,False
English,震卦-static,i,-0.652,26,0.1443,0.8255,False
English,坤卦-static,ə͡ʊ,1.668,6,0.1493,0.8266,False
English,巽卦-static,t,1.312,11,0.1493,0.8266,False
English,震卦-dynamic,d,0.905,24,0.1493,0.8266,False
English,離卦-dynamic,a,0.856,27,0.1493,0.8266,False
English,兌卦-static,v,1.942,3,0.1542,0.8434,False
English,坤卦-static,ɪ,-1.071,5,0.1542,0.8434,False
English,巽卦-static,s,1.21,9,0.1592,0.8597,False
English,乾卦-dynamic,ə͡l,-0.874,4,0.1642,0.8597,False
English,坤卦-dynamic,z,0.831,12,0.1642,0.8597,False
English,坤卦-dynamic,d͡ʒ,-0.765,3,0.1642,0.8597,False
English,震卦-static,ɡ,0.67,21,0.1642,0.8597,False
English,巽卦-dynamic,p,1.421,6,0.1692,0.8648,False
English,離卦-dynamic,b,-0.834,11,0.1692,0.8648,False
English,震卦-static,h,0.656,16,0.1791,0.9049,False
English,乾卦-dynamic,l,-0.633,36,0.1791,0.9049,False
English,兌卦-static,f,1.52,4,0.209,0.9118,False
English,坤卦-static,d,1.116,9,0.209,0.9118,False
English,坎卦-static,i,-1.113,3,0.199,0.9118,False
English,乾卦-static,i,1.113,17,0.1841,0.9118,False
English,坎卦-static,k,-1.104,6,0.209,0.9118,False
English,坎卦-static,n,1.024,20,0.199,0.9118,False
English,坎卦-dynamic,ɛ,0.968,13,0.209,0.9118,False
English,離卦-dynamic,e͡ə,0.881,5,0.199,0.9118,False
English,乾卦-dynamic,d͡ʒ,0.857,10,0.209,0.9118,False
English,離卦-dynamic,ʌ,-0.818,8,0.209,0.9118,False
English,坤卦-dynamic,ʃ,-0.705,3,0.199,0.9118,False
English,離卦-static,s,-0.67,27,0.199,0.9118,False
English,兌卦-dynamic,k,0.669,24,0.199,0.9118,False
English,中卦-static,h,0.649,16,0.1891,0.9118,False
English,中卦-static,ɒ,0.588,25,0.209,0.9118,False
English,震卦-static,s,-0.525,63,0.1891,0.9118,False
English,中卦-static,s,0.492,86,0.194,0.9118,False
English,中卦-static,ɹ,-0.481,52,0.209,0.9118,False
English,震卦-static,w,-0.623,6,0.2139,0.9242,False
English,坤卦-dynamic,p,-0.607,26,0.2139,0.9242,False
English,離卦-dynamic,ə͡l,-0.785,4,0.2189,0.9271,False
English,兌卦-static,t,1.187,10,0.2289,0.9416,False
English,坤卦-static,i,1.154,9,0.2289,0.9416,False
English,艮卦-static,ə͡ʊ,0.923,9,0.2289,0.9416,False
English,乾卦-static,n,0.797,25,0.2239,0.9416,False
English,離卦-dynamic,a͡ɪ,-0.763,5,0.2289,0.9416,False
English,坎卦-dynamic,p,0.921,17,0.2338,0.953,False
English,震卦-static,z,-0.568,5,0.2338,0.953,False
English,乾卦-static,d͡ʒ,1.179,4,0.2438,0.9706,False
English,離卦-static,k,0.667,35,0.2438,0.9706,False
English,坎卦-dynamic,d͡ʒ,1.063,4,0.2537,0.9787,False
English,兌卦-dynamic,f,0.814,12,0.2488,0.9787,False
English,離卦-static,a͡ɪ,0.762,11,0.2537,0.9787,False
English,震卦-static,ə͡l,0.549,16,0.2488,0.9787,False
English,中卦-static,j,0.514,15,0.2537,0.9787,False
English,中卦-static,a,0.489,35,0.2537,0.9787,False
English,坤卦-static,f,1.239,6,0.2786,0.9882,False
English,坎卦-static,ə͡l,1.191,4,0.2935,0.9882,False
English,巽卦-static,k,-1.0,3,0.2935,0.9882,False
English,艮卦-static,ə͡l,0.968,5,0.2935,0.9882,False
English,坎卦-static,ɛ,0.862,9,0.2836,0.9882,False
English,坎卦-dynamic,ʌ,0.855,12,0.2836,0.9882,False
English,坤卦-static,k,0.823,11,0.2786,0.9882,False
English,離卦-static,ɔ,-0.82,3,0.2836,0.9882,False
English,艮卦-static,ɔ,0.755,6,0.2786,0.9882,False
English,坎卦-dynamic,b,-0.728,5,0.2985,0.9882,False
English,離卦-dynamic,ɡ,-0.704,6,0.2836,0.9882,False
English,坎卦-dynamic,a,-0.692,4,0.2935,0.9882,False
English,艮卦-dynamic,ʊ,0.684,4,0.2836,0.9882,False
English,震卦-dynamic,a,-0.641,6,0.2786,0.9882,False
English,兌卦-dynamic,ɹ,-0.626,14,0.2985,0.9882,False
English,艮卦-dynamic,ɔ͡ɪ,0.623,4,0.2836,0.9882,False
English,艮卦-static,s,0.594,23,0.2736,0.9882,False
English,坤卦-dynamic,m,-0.577,16,0.2637,0.9882,False
English,中卦-static,ŋ,-0.535,5,0.2786,0.9882,False
English,乾卦-dynamic,k,-0.533,34,0.2736,0.9882,False
English,乾卦-dynamic,ə,0.517,72,0.2637,0.9882,False
English,中卦-static,z,0.489,13,0.2985,0.9882,False
English,離卦-dynamic,ə,0.482,63,0.2985,0.9882,False
English,坤卦-dynamic,ɪ,-0.473,49,0.2935,0.9882,False
English,震卦-static,ɹ,-0.454,53,0.2985,0.9882,False
English,震卦-static,ɪ,-0.436,65,0.2985,0.9882,False
English,中卦-static,l,-0.386,56,0.3035,0.997,False
English,坎卦-static,d͡ʒ,1.196,3,0.3632,1.0,False
English,兌卦-static,b,1.078,4,0.4577,1.0,False
English,巽卦-dynamic,u,1.062,3,0.4776,1.0,False
English,兌卦-static,ʌ,1.059,4,0.5075,1.0,False
English,坎卦-static,θ,0.941,4,0.5522,1.0,False
English,坤卦-static,ʌ,0.862,6,0.4279,1.0,False
English,乾卦-static,θ,0.835,5,0.5522,1.0,False
English,巽卦-dynamic,ɹ,0.774,9,0.3731,1.0,False
English,震卦-dynamic,t͡ʃ,0.74,5,0.3781,1.0,False
English,巽卦-static,ɛ,0.735,4,0.4677,1.0,False
English,兌卦-static,ə,-0.72,3,0.4229,1.0,False
English,坤卦-static,t,-0.719,9,0.3184,1.0,False
English,離卦-static,ʃ,0.7,8,0.3632,1.0,False
English,坤卦-static,s,-0.69,8,0.3582,1.0,False
English,坎卦-static,m,-0.677,3,0.3831,1.0,False
English,艮卦-static,a,-0.662,4,0.3383,1.0,False
English,坎卦-dynamic,ɒ,-0.661,3,0.5075,1.0,False
English,離卦-static,ʌ,-0.645,7,0.3483,1.0,False
English,坎卦-static,ɡ,0.644,4,0.5373,1.0,False
English,坤卦-static,ɹ,-0.642,6,0.4726,1.0,False
English,震卦-dynamic,ʌ,-0.637,6,0.403,1.0,False
English,離卦-dynamic,ʃ,-0.636,3,0.3881,1.0,False
English,兌卦-static,l,0.636,7,0.5721,1.0,False
English,巽卦-static,ɪ,-0.63,5,0.4876,1.0,False
English,坎卦-static,ŋ,0.627,4,0.5672,1.0,False
English,坎卦-dynamic,e͡ɪ,-0.604,3,0.4527,1.0,False
English,坎卦-static,t,0.593,20,0.4478,1.0,False
English,坎卦-static,l,0.587,16,0.4478,1.0,False
English,離卦-dynamic,ɔ,-0.579,6,0.393,1.0,False
English,乾卦-dynamic,z,0.57,10,0.4129,1.0,False
English,兌卦-static,a,0.569,3,0.6667,1.0,False
English,乾卦-dynamic,j,-0.566,3,0.3831,1.0,False
English,艮卦-dynamic,ɒ,0.565,18,0.3234,1.0,False
English,乾卦-dynamic,ɜ,-0.558,3,0.3731,1.0,False
English,離卦-static,v,-0.557,4,0.4577,1.0,False
English,震卦-dynamic,ə͡l,-0.551,3,0.5224,1.0,False
English,坎卦-static,ɔ,0.546,4,0.5821,1.0,False
English,兌卦-static,ɪ,-0.542,5,0.607,1.0,False
English,震卦-dynamic,v,0.54,8,0.4527,1.0,False
English,乾卦-static,ɑ,0.537,3,0.6119,1.0,False
English,坤卦-dynamic,u,-0.535,8,0.3085,1.0,False
English,乾卦-dynamic,w,0.534,17,0.3682,1.0,False
English,坎卦-static,v,0.532,4,0.6517,1.0,False
English,離卦-dynamic,v,-0.532,6,0.4129,1.0,False
English,兌卦-dynamic,ŋ,0.525,6,0.4627,1.0,False
English,坤卦-static,ɛ,-0.521,4,0.5572,1.0,False
English,兌卦-dynamic,e͡ɪ,-0.51,4,0.4378,1.0,False
English,震卦-dynamic,i,0.508,20,0.4428,1.0,False
English,離卦-static,ə͡ʊ,0.507,13,0.4726,1.0,False
English,坤卦-dynamic,w,-0.504,6,0.3582,1.0,False
English,兌卦-dynamic,b,0.502,12,0.4577,1.0,False
English,乾卦-dynamic,ŋ,-0.502,4,0.3831,1.0,False
English,震卦-dynamic,ə͡ʊ,0.5,11,0.4826,1.0,False
English,離卦-dynamic,p,0.499,36,0.3831,1.0,False
English,坎卦-dynamic,θ,0.496,4,0.5771,1.0,False
English,乾卦-static,ə͡l,0.479,4,0.602,1.0,False
English,乾卦-static,ɡ,0.479,5,0.5821,1.0,False
English,坎卦-static,ɹ,-0.478,10,0.5323,1.0,False
English,離卦-static,ɹ,0.478,43,0.4229,1.0,False
English,坎卦-dynamic,ɡ,-0.477,3,0.5622,1.0,False
English,離卦-dynamic,ɪ,0.474,69,0.3383,1.0,False
English,巽卦-dynamic,k,0.473,6,0.6219,1.0,False
English,兌卦-static,p,-0.472,3,0.6667,1.0,False
English,震卦-dynamic,m,-0.471,10,0.4129,1.0,False
English,乾卦-static,s,0.47,22,0.4478,1.0,False
English,坎卦-dynamic,s,0.464,23,0.4577,1.0,False
English,坤卦-dynamic,ɔ,-0.462,8,0.4179,1.0,False
English,艮卦-static,ʌ,-0.457,5,0.5473,1.0,False
English,坤卦-dynamic,j,-0.456,4,0.3682,1.0,False
English,中卦-static,v,0.454,20,0.3532,1.0,False
English,震卦-static,a͡ɪ,-0.454,11,0.3085,1.0,False
English,坎卦-dynamic,t͡ʃ,0.451,3,0.607,1.0,False
English,巽卦-static,f,0.45,3,0.7164,1.0,False
English,震卦-static,a͡ɪ͡ə,0.45,3,0.3781,1.0,False
English,坎卦-static,ɪ,0.449,20,0.5075,1.0,False
English,離卦-static,h,-0.448,3,0.4826,1.0,False
English,乾卦-static,ʌ,-0.444,5,0.6915,1.0,False
English,艮卦-static,ɹ,-0.443,14,0.5274,1.0,False
English,艮卦-static,ɡ,-0.434,3,0.6169,1.0,False
English,離卦-static,w,-0.429,4,0.5721,1.0,False
English,離卦-dynamic,s,-0.416,43,0.3781,1.0,False
English,中卦-static,ʌ,-0.415,20,0.3731,1.0,False
English,乾卦-static,ɛ,-0.415,8,0.6119,1.0,False
English,艮卦-dynamic,u,-0.413,9,0.4328,1.0,False
English,艮卦-dynamic,ŋ,0.408,13,0.4776,1.0,False
English,兌卦-static,n,0.405,7,0.6169,1.0,False
English,坤卦-static,ə,-0.403,7,0.607,1.0,False
English,中卦-static,ɔ,-0.403,11,0.3781,1.0,False
English,震卦-static,e͡ɪ,-0.403,15,0.408,1.0,False
English,離卦-static,f,0.4,15,0.4726,1.0,False
English,坎卦-dynamic,d,-0.398,10,0.5174,1.0,False
English,震卦-dynamic,ə,-0.398,20,0.4279,1.0,False
English,離卦-dynamic,d͡ʒ,-0.395,4,0.5323,1.0,False
English,艮卦-static,m,-0.382,8,0.5274,1.0,False
English,艮卦-dynamic,t͡ʃ,-0.381,4,0.5025,1.0,False
English,艮卦-static,v,0.38,5,0.6119,1.0,False
English,離卦-static,ə,0.38,41,0.5124,1.0,False
English,乾卦-dynamic,p,-0.38,28,0.3881,1.0,False
English,坤卦-dynamic,ʌ,-0.375,16,0.4876,1.0,False
English,艮卦-dynamic,k,0.375,51,0.393,1.0,False
English,坤卦-dynamic,ə,0.374,70,0.3383,1.0,False
English,中卦-static,ɪ,-0.374,68,0.3184,1.0,False
English,震卦-static,i͡ə,0.374,9,0.4925,1.0,False
English,震卦-static,m,0.374,69,0.3134,1.0,False
English,離卦-static,b,-0.372,11,0.5124,1.0,False
English,坎卦-static,ʌ,-0.371,4,0.7015,1.0,False
English,中卦-static,ə͡ʊ,-0.369,17,0.4179,1.0,False
English,坤卦-dynamic,k,-0.367,39,0.4129,1.0,False
English,巽卦-static,l,-0.361,5,0.6468,1.0,False
English,坎卦-dynamic,ɪ,0.357,27,0.602,1.0,False
English,坎卦-static,b,0.356,7,0.6418,1.0,False
English,中卦-static,k,-0.353,51,0.3134,1.0,False
English,坎卦-static,p,0.351,10,0.6269,1.0,False
English,坤卦-static,p,0.349,7,0.6517,1.0,False
English,震卦-static,ɐ,-0.347,3,0.5522,1.0,False
English,乾卦-static,ə,0.345,23,0.5721,1.0,False
English,離卦-dynamic,d,-0.344,25,0.4726,1.0,False
English,離卦-dynamic,ɜ,-0.344,4,0.5871,1.0,False
English,兌卦-dynamic,ə,-0.343,17,0.5174,1.0,False
English,乾卦-static,f,-0.342,6,0.6915,1.0,False
English,坎卦-static,a,-0.34,4,0.7612,1.0,False
English,坤卦-dynamic,f,-0.339,18,0.5373,1.0,False
English,艮卦-static,n,-0.339,16,0.5622,1.0,False
English,離卦-static,ɒ,0.338,10,0.6269,1.0,False
English,乾卦-dynamic,u,-0.336,10,0.4776,1.0,False
English,巽卦-dynamic,t,0.334,8,0.7214,1.0,False
English,坎卦-dynamic,ə,-0.332,15,0.5224,1.0,False
English,坤卦-static,m,0.329,9,0.6468,1.0,False
English,震卦-static,ɒ,0.326,22,0.5423,1.0,False
English,艮卦-dynamic,n,-0.325,45,0.4776,1.0,False
English,坎卦-dynamic,ɹ,-0.318,16,0.6368,1.0,False
English,離卦-static,n,-0.313,28,0.5274,1.0,False
English,坤卦-dynamic,ə͡l,0.31,11,0.6169,1.0,False
English,乾卦-static,d,-0.31,10,0.6567,1.0,False
English,離卦-static,ɑ,-0.308,3,0.6716,1.0,False
English,震卦-static,ʌ,-0.307,22,0.5672,1.0,False
English,兌卦-dynamic,s,-0.307,21,0.592,1.0,False
English,乾卦-dynamic,ɹ,-0.307,44,0.5174,1.0,False
English,乾卦-static,v,-0.305,3,0.7562,1.0,False
English,震卦-dynamic,ʃ,-0.304,3,0.6318,1.0,False
English,震卦-dynamic,k,-0.301,20,0.5871,1.0,False
English,艮卦-static,t,0.3,25,0.5821,1.0,False
English,乾卦-dynamic,ɒ,0.298,16,0.5771,1.0,False
English,坤卦-dynamic,h,0.294,10,0.6468,1.0,False
English,離卦-static,ɐ,0.292,3,0.7164,1.0,False
English,兌卦-static,ɹ,-0.292,5,0.7861,1.0,False
English,坎卦-dynamic,ð,0.286,9,0.602,1.0,False
English,乾卦-dynamic,a,-0.286,16,0.5473,1.0,False
English,艮卦-dynamic,m,-0.283,26,0.5771,1.0,False
English,中卦-static,t͡ʃ,0.283,10,0.5672,1.0,False
English,坤卦-dynamic,ə͡ʊ,-0.282,14,0.602,1.0,False
English,巽卦-dynamic,ɪ,0.282,8,0.796,1.0,False
English,艮卦-static,ɒ,-0.281,4,0.7214,1.0,False
English,震卦-static,t,0.28,95,0.4527,1.0,False
English,乾卦-dynamic,ɪ,-0.28,53,0.5771,1.0,False
English,兌卦-dynamic,a͡ɪ,-0.279,4,0.7363,1.0,False
English,震卦-static,j,-0.275,7,0.5672,1.0,False
English,兌卦-dynamic,l,0.274,23,0.607,1.0,False
English,乾卦-dynamic,a͡ɪ,0.273,14,0.6318,1.0,False
English,中卦-static,ə͡l,0.272,14,0.5771,1.0,False
English,兌卦-static,m,-0.272,3,0.8308,1.0,False
English,艮卦-dynamic,d͡ʒ,-0.268,5,0.6468,1.0,False
English,震卦-dynamic,b,-0.268,10,0.6219,1.0,False
English,乾卦-static,p,0.266,13,0.6866,1.0,False
English,中卦-static,ə,-0.265,59,0.4677,1.0,False
English,坤卦-dynamic,a,0.264,24,0.5224,1.0,False
English,離卦-static,e͡ɪ,-0.264,8,0.6716,1.0,False
English,震卦-static,n,0.262,80,0.5622,1.0,False
English,艮卦-dynamic,l,0.261,54,0.5522,1.0,False
English,坎卦-dynamic,l,0.26,20,0.6567,1.0,False
English,中卦-static,m,-0.259,37,0.5174,1.0,False
English,離卦-dynamic,f,-0.259,16,0.6368,1.0,False
English,乾卦-static,ɹ,-0.257,16,0.6866,1.0,False
English,中卦-static,ɑ,0.256,10,0.6169,1.0,False
English,震卦-dynamic,ɪ,-0.253,28,0.6219,1.0,False
English,艮卦-static,w,-0.252,3,0.7761,1.0,False
English,離卦-static,ŋ,-0.25,4,0.7463,1.0,False
English,乾卦-dynamic,f,0.249,23,0.6468,1.0,False
English,坤卦-dynamic,s,0.246,62,0.5572,1.0,False
English,離卦-static,l,-0.243,27,0.607,1.0,False
English,震卦-dynamic,ɹ,-0.242,24,0.6517,1.0,False
English,乾卦-dynamic,i,-0.242,26,0.6766,1.0,False
English,震卦-static,ŋ,-0.239,9,0.6617,1.0,False
English,震卦-dynamic,e͡ɪ,-0.236,7,0.7065,1.0,False
English,離卦-static,m,0.236,28,0.6866,1.0,False
English,乾卦-static,m,0.235,16,0.7662,1.0,False
English,離卦-dynamic,ŋ,-0.23,6,0.7164,1.0,False
English,艮卦-static,i,0.229,12,0.6965,1.0,False
English,艮卦-static,u,-0.229,4,0.796,1.0,False
English,震卦-dynamic,p,0.226,19,0.6915,1.0,False
English,坎卦-dynamic,w,0.224,5,0.8209,1.0,False
English,兌卦-dynamic,ɪ,-0.224,23,0.6269,1.0,False
English,離卦-dynamic,i͡ə,-0.221,3,0.7662,1.0,False
English,兌卦-dynamic,m,-0.221,12,0.6418,1.0,False
English,乾卦-static,u,-0.217,4,0.8259,1.0,False
English,坎卦-static,ɒ,0.215,4,0.8259,1.0,False
English,坤卦-dynamic,t,0.212,72,0.602,1.0,False
English,中卦-static,ʊ,0.211,4,0.7363,1.0,False
English,坤卦-dynamic,l,0.206,56,0.6567,1.0,False
English,離卦-dynamic,m,-0.206,26,0.7164,1.0,False
English,乾卦-static,b,-0.206,7,0.8259,1.0,False
English,巽卦-static,b,0.205,3,0.8259,1.0,False
English,離卦-static,ɪ,-0.202,34,0.7214,1.0,False
English,艮卦-static,e͡ɪ,0.201,7,0.796,1.0,False
English,震卦-static,l,-0.2,61,0.6567,1.0,False
English,乾卦-static,ɪ,0.199,24,0.7264,1.0,False
English,乾卦-static,a,-0.195,6,0.7861,1.0,False
English,震卦-static,k,-0.193,55,0.6617,1.0,False
English,艮卦-dynamic,ɑ,0.192,7,0.7313,1.0,False
English,乾卦-dynamic,ɡ,-0.192,10,0.7264,1.0,False
English,離卦-dynamic,a͡ʊ,-0.188,3,0.8756,1.0,False
English,坎卦-dynamic,ɜ,0.187,3,0.7811,1.0,False
English,艮卦-dynamic,ð,-0.186,5,0.7512,1.0,False
English,兌卦-dynamic,d,0.186,15,0.7214,1.0,False
English,震卦-static,ʃ,-0.185,9,0.7264,1.0,False
English,乾卦-static,j,0.183,3,0.8905,1.0,False
English,乾卦-dynamic,ə͡ʊ,0.183,18,0.7562,1.0,False
English,艮卦-dynamic,t,-0.174,60,0.6269,1.0,False
English,艮卦-static,ɛ,0.172,10,0.7662,1.0,False
English,兌卦-dynamic,p,-0.169,13,0.8109,1.0,False
English,乾卦-static,l,-0.166,16,0.8159,1.0,False
English,坎卦-static,d,-0.165,8,0.8259,1.0,False
English,兌卦-dynamic,a,0.149,9,0.796,1.0,False
English,中卦-static,ɔ͡ɪ,0.147,3,0.7612,1.0,False
English,坤卦-dynamic,ŋ,0.145,11,0.7811,1.0,False
English,坎卦-dynamic,f,-0.145,7,0.8209,1.0,False
English,中卦-static,f,-0.144,26,0.806,1.0,False
English,震卦-static,ə,0.142,79,0.7164,1.0,False
English,中卦-static,ɛ,0.141,38,0.7761,1.0,False
English,乾卦-dynamic,ʃ,0.14,9,0.8507,1.0,False
English,中卦-static,θ,0.137,10,0.7363,1.0,False
English,艮卦-dynamic,f,-0.135,19,0.8308,1.0,False
English,兌卦-dynamic,ə͡l,0.135,4,0.8209,1.0,False
English,乾卦-dynamic,d,0.135,35,0.8358,1.0,False
English,乾卦-dynamic,t,0.132,67,0.7562,1.0,False
English,艮卦-dynamic,ə͡l,-0.13,8,0.796,1.0,False
English,中卦-static,ð,-0.13,10,0.7512,1.0,False
English,震卦-dynamic,n,-0.127,26,0.7711,1.0,False
English,艮卦-dynamic,ɔ,0.126,12,0.8657,1.0,False
English,巽卦-static,ɹ,0.121,7,0.8706,1.0,False
English,離卦-static,t͡ʃ,0.12,4,0.8856,1.0,False
English,坤卦-dynamic,ɑ,-0.119,6,0.8607,1.0,False
English,艮卦-dynamic,ɜ,-0.118,6,0.8358,1.0,False
English,中卦-static,ʃ,0.115,12,0.7711,1.0,False
English,乾卦-dynamic,h,-0.112,7,0.9104,1.0,False
English,坎卦-dynamic,m,-0.111,12,0.8308,1.0,False
English,兌卦-dynamic,ʌ,-0.107,8,0.8955,1.0,False
English,坎卦-static,e͡ɪ,-0.106,4,0.9154,1.0,False
English,乾卦-dynamic,i͡ə,-0.106,4,0.8557,1.0,False
English,震卦-dynamic,d͡ʒ,-0.104,3,0.8955,1.0,False
English,巽卦-dynamic,s,-0.103,6,0.9403,1.0,False
English,兌卦-static,s,-0.103,6,0.9303,1.0,False
English,艮卦-dynamic,h,-0.101,7,0.8507,1.0,False
English,坎卦-static,s,-0.089,14,0.9005,1.0,False
English,坎卦-static,ə͡ʊ,-0.085,4,0.9403,1.0,False
English,中卦-static,ɡ,0.083,16,0.8408,1.0,False
English,震卦-static,θ,-0.083,7,0.8756,1.0,False
English,兌卦-dynamic,n,0.08,23,0.9453,1.0,False
English,艮卦-dynamic,ɪ,0.079,64,0.8806,1.0,False
English,坤卦-static,n,0.075,10,0.9104,1.0,False
English,震卦-static,ɜ,0.071,10,0.8905,1.0,False
English,乾卦-static,t,0.069,23,0.8856,1.0,False
English,坎卦-dynamic,n,0.068,20,0.9254,1.0,False
English,震卦-static,ə͡ʊ,-0.068,21,0.9055,1.0,False
English,離卦-dynamic,t͡ʃ,-0.065,5,0.9154,1.0,False
English,艮卦-static,ə,-0.063,18,0.8756,1.0,False
English,離卦-dynamic,j,-0.063,6,0.9303,1.0,False
English,中卦-static,n,0.061,74,0.9154,1.0,False
English,坎卦-dynamic,t,0.058,24,0.9005,1.0,False
English,震卦-dynamic,ŋ,0.058,5,0.9254,1.0,False
English,離卦-static,i͡ə,0.058,3,0.9751,1.0,False
English,中卦-static,u,0.056,20,0.9353,1.0,False
English,離卦-dynamic,ɹ,0.056,50,0.9303,1.0,False
English,艮卦-static,d,0.055,12,0.9353,1.0,False
English,離卦-static,ɛ,-0.055,16,0.9154,1.0,False
English,乾卦-dynamic,ɑ,-0.055,6,0.9502,1.0,False
English,離卦-dynamic,i,-0.051,26,0.9552,1.0,False
English,坤卦-static,b,-0.05,4,0.9552,1.0,False
English,中卦-static,d,-0.05,44,0.9204,1.0,False
English,震卦-dynamic,ɡ,0.05,6,0.9652,1.0,False
English,乾卦-dynamic,m,-0.05,35,0.9403,1.0,False
English,離卦-dynamic,u,0.048,13,0.9403,1.0,False
English,乾卦-static,a͡ɪ,-0.046,4,0.9502,1.0,False
English,兌卦-dynamic,ɛ,-0.045,11,0.9652,1.0,False
English,坤卦-dynamic,e͡ɪ,-0.044,17,0.9652,1.0,False
English,艮卦-dynamic,z,0.042,7,0.9453,1.0,False
English,乾卦-dynamic,ɛ,0.041,27,0.9204,1.0,False
English,乾卦-dynamic,ʌ,-0.041,20,0.9552,1.0,False
English,艮卦-dynamic,ɹ,0.039,55,0.9204,1.0,False
English,中卦-static,i,-0.038,40,0.9353,1.0,False
English,乾卦-static,ɔ,0.035,4,0.9602,1.0,False
English,艮卦-static,p,0.034,12,0.9801,1.0,False
English,乾卦-dynamic,a͡ʊ,-0.033,4,0.9701,1.0,False
English,中卦-static,i͡ə,-0.031,6,0.9602,1.0,False
English,震卦-dynamic,a͡ɪ,-0.031,6,0.9751,1.0,False
English,離卦-static,t,-0.026,39,0.9602,1.0,False
English,中卦-static,b,0.023,31,0.9701,1.0,False
English,兌卦-dynamic,u,0.023,6,0.9751,1.0,False
English,艮卦-dynamic,b,-0.022,22,0.9851,1.0,False
English,坎卦-dynamic,ə͡ʊ,0.019,6,0.9851,1.0,False
English,坎卦-static,ə,0.016,14,0.9751,1.0,False
English,兌卦-static,k,0.012,5,0.995,1.0,False
English,震卦-static,d,0.01,45,0.995,1.0,False
English,巽卦-dynamic,ɛ,0.009,3,0.9851,1.0,False
English,兌卦-static,ɛ,0.009,3,1.0,1.0,False
English,乾卦-dynamic,v,-0.004,11,0.995,1.0,False
English,中卦-static,e͡ɪ,0.003,23,1.0,1.0,False
English,坎卦-dynamic,i,-0.002,11,1.0,1.0,False
English,艮卦-dynamic,ə͡ʊ,-0.001,16,0.995,1.0,False
English,中卦-static,ɐ,0.001,5,1.0,1.0,False
English,震卦-dynamic,h,-0.001,4,0.99,1.0,False
English,離卦-dynamic,e͡ɪ,-0.001,15,1.0,1.0,False
English,震卦-static,u,-0.0,19,1.0,1.0,False
Finnish,坤卦-static,æ͡y,4.026,5,0.005,0.2351,False
Finnish,巽卦-static,ø͡y,3.851,3,0.005,0.2351,False
Finnish,艮卦-static,e͡u,3.708,8,0.005,0.2351,False
Finnish,坤卦-dynamic,æ͡i,3.224,16,0.005,0.2351,False
Finnish,震卦-dynamic,y͡ø,3.04,6,0.005,0.2351,False
Finnish,乾卦-dynamic,a͡u,2.945,16,0.005,0.2351,False
Finnish,坎卦-dynamic,æ,2.706,32,0.005,0.2351,False
Finnish,兌卦-dynamic,t,2.705,135,0.005,0.2351,False
Finnish,離卦-static,r,2.467,62,0.005,0.2351,False
Finnish,離卦-dynamic,o͡i,2.326,20,0.005,0.2351,False
Finnish,乾卦-dynamic,u,2.122,71,0.005,0.2351,False
Finnish,兌卦-dynamic,d,2.092,13,0.005,0.2351,False
Finnish,震卦-static,i͡e,2.055,11,0.005,0.2351,False
Finnish,兌卦-dynamic,a,1.848,150,0.005,0.2351,False
Finnish,中卦-static,e͡i,1.831,18,0.005,0.2351,False
Finnish,中卦-static,i͡e,1.68,13,0.005,0.2351,False
Finnish,巽卦-static,ŋ,3.482,6,0.01,0.3271,False
Finnish,離卦-static,o,2.0,50,0.01,0.3271,False
Finnish,艮卦-dynamic,m,-1.579,13,0.01,0.3271,False
Finnish,震卦-static,p,1.513,60,0.01,0.3271,False
Finnish,震卦-static,s,-1.509,50,0.01,0.3271,False
Finnish,離卦-static,ɪ,1.619,77,0.0149,0.364,False
Finnish,離卦-dynamic,t,1.58,116,0.0149,0.364,False
Finnish,中卦-static,r,-1.358,33,0.0149,0.364,False
Finnish,震卦-static,ɪ,1.346,117,0.0149,0.364,False
Finnish,中卦-static,n,1.167,163,0.0149,0.364,False
Finnish,震卦-dynamic,o͡u,2.143,5,0.0199,0.4179,False
Finnish,艮卦-static,l,1.765,63,0.0199,0.4179,False
Finnish,兌卦-dynamic,ɪ,-1.563,13,0.0199,0.4179,False
Finnish,中卦-static,a͡i,1.102,31,0.0199,0.4179,False
Finnish,艮卦-dynamic,ɪ,-1.415,20,0.0249,0.4949,False
Finnish,震卦-static,u͡o,1.208,17,0.0249,0.4949,False
Finnish,坤卦-static,j,2.082,12,0.0299,0.5504,False
Finnish,艮卦-dynamic,d,1.28,12,0.0299,0.5504,False
Finnish,坤卦-dynamic,o,1.045,81,0.0299,0.5504,False
Finnish,巽卦-dynamic,u͡o,2.724,3,0.0348,0.5851,False
Finnish,坤卦-static,v,2.274,14,0.0348,0.5851,False
Finnish,艮卦-dynamic,o͡u,1.832,5,0.0348,0.5851,False
Finnish,離卦-dynamic,y͡ø,1.154,3,0.0398,0.6269,False
Finnish,震卦-static,k,1.096,115,0.0398,0.6269,False
Finnish,乾卦-static,i,2.169,9,0.0448,0.651,False
Finnish,艮卦-dynamic,a,1.316,167,0.0448,0.651,False
Finnish,乾卦-static,y,2.335,7,0.0498,0.6782,False
Finnish,巽卦-static,k,2.227,24,0.0547,0.6782,False
Finnish,艮卦-dynamic,a͡u,1.413,10,0.0547,0.6782,False
Finnish,乾卦-dynamic,m,1.356,48,0.0547,0.6782,False
Finnish,兌卦-dynamic,r,-1.209,18,0.0547,0.6782,False
Finnish,震卦-dynamic,d,1.131,10,0.0547,0.6782,False
Finnish,坤卦-dynamic,n,0.983,146,0.0547,0.6782,False
Finnish,中卦-dynamic,e,3.464,8,0.0796,0.6875,False
Finnish,巽卦-dynamic,j,2.294,6,0.0796,0.6875,False
Finnish,坎卦-static,o͡i,2.133,5,0.0597,0.6875,False
Finnish,乾卦-static,h,2.132,11,0.0846,0.6875,False
Finnish,巽卦-static,a͡i,1.921,5,0.0846,0.6875,False
Finnish,巽卦-static,h,1.808,11,0.0846,0.6875,False
Finnish,坤卦-static,u,-1.762,3,0.0746,0.6875,False
Finnish,坎卦-dynamic,e͡i,1.668,3,0.0846,0.6875,False
Finnish,乾卦-dynamic,o͡u,1.406,4,0.0697,0.6875,False
Finnish,離卦-static,y,-1.239,4,0.0846,0.6875,False
Finnish,離卦-dynamic,k,-1.213,41,0.0647,0.6875,False
Finnish,艮卦-dynamic,ø,1.193,6,0.0647,0.6875,False
Finnish,艮卦-dynamic,u,1.163,58,0.0697,0.6875,False
Finnish,震卦-dynamic,a͡i,-1.139,3,0.0746,0.6875,False
Finnish,兌卦-dynamic,o,-1.129,13,0.0647,0.6875,False
Finnish,震卦-dynamic,i,-1.124,16,0.0697,0.6875,False
Finnish,兌卦-dynamic,k,-1.12,39,0.0697,0.6875,False
Finnish,兌卦-dynamic,o͡i,1.086,11,0.0796,0.6875,False
Finnish,離卦-static,h,-1.085,10,0.0796,0.6875,False
Finnish,艮卦-dynamic,s,-1.023,50,0.0796,0.6875,False
Finnish,艮卦-dynamic,i,-1.012,19,0.0846,0.6875,False
Finnish,坤卦-dynamic,e͡i,1.004,12,0.0647,0.6875,False
Finnish,震卦-static,m,1.0,56,0.0697,0.6875,False
Finnish,震卦-static,i,0.863,44,0.0746,0.6875,False
Finnish,震卦-static,r,0.852,69,0.0796,0.6875,False
Finnish,坤卦-dynamic,t,-0.835,86,0.0697,0.6875,False
Finnish,艮卦-dynamic,v,-0.835,19,0.0746,0.6875,False
Finnish,坤卦-dynamic,a,-0.806,153,0.0746,0.6875,False
Finnish,中卦-static,a,-0.776,162,0.0697,0.6875,False
Finnish,巽卦-static,a,1.655,37,0.0896,0.7052,False
Finnish,離卦-static,s,-1.144,36,0.0896,0.7052,False
Finnish,離卦-static,u͡o,1.128,10,0.0896,0.7052,False
Finnish,艮卦-static,p,1.19,28,0.0945,0.7292,False
Finnish,中卦-static,y͡i,1.87,3,0.0995,0.7448,False
Finnish,兌卦-dynamic,æ,1.025,55,0.1045,0.7668,False
Finnish,艮卦-dynamic,p,0.926,41,0.1095,0.7881,False
Finnish,坤卦-dynamic,e,0.776,128,0.1095,0.7881,False
Finnish,艮卦-dynamic,t,0.899,109,0.1144,0.8085,False
Finnish,艮卦-static,o,1.037,32,0.1194,0.8206,False
Finnish,離卦-dynamic,u,-0.973,21,0.1194,0.8206,False
Finnish,中卦-static,e,0.752,133,0.1194,0.8206,False
Finnish,離卦-dynamic,n,-0.931,26,0.1244,0.8248,False
Finnish,中卦-static,i,-0.791,35,0.1244,0.8248,False
Finnish,巽卦-dynamic,l,-1.948,5,0.1493,0.8641,False
Finnish,巽卦-dynamic,v,1.832,6,0.1642,0.8641,False
Finnish,乾卦-static,k,-1.687,7,0.1592,0.8641,False
Finnish,坎卦-static,l,1.607,23,0.1692,0.8641,False
Finnish,坎卦-static,a,-1.527,17,0.1493,0.8641,False
Finnish,巽卦-static,y,1.46,6,0.1642,0.8641,False
Finnish,坎卦-dynamic,t,1.402,37,0.1443,0.8641,False
Finnish,坤卦-static,i,1.389,11,0.1692,0.8641,False
Finnish,坎卦-dynamic,a͡i,1.355,6,0.1692,0.8641,False
Finnish,艮卦-static,e͡i,1.103,5,0.1592,0.8641,False
Finnish,震卦-dynamic,n,1.006,82,0.1343,0.8641,False
Finnish,乾卦-dynamic,y͡ø,1.001,3,0.1493,0.8641,False
Finnish,離卦-dynamic,p,-0.977,15,0.1443,0.8641,False
Finnish,離卦-static,k,0.951,68,0.1692,0.8641,False
Finnish,乾卦-dynamic,v,0.931,36,0.1443,0.8641,False
Finnish,兌卦-dynamic,n,-0.922,24,0.1642,0.8641,False
Finnish,離卦-dynamic,m,-0.907,19,0.1592,0.8641,False
Finnish,離卦-dynamic,d,0.903,9,0.1692,0.8641,False
Finnish,離卦-static,n,-0.896,23,0.1493,0.8641,False
Finnish,兌卦-dynamic,m,-0.844,18,0.1692,0.8641,False
Finnish,艮卦-dynamic,j,-0.84,6,0.1443,0.8641,False
Finnish,乾卦-dynamic,æ,-0.809,23,0.1692,0.8641,False
Finnish,震卦-dynamic,p,0.8,35,0.1692,0.8641,False
Finnish,震卦-static,v,-0.799,24,0.1343,0.8641,False
Finnish,兌卦-dynamic,e,-0.791,28,0.1692,0.8641,False
Finnish,兌卦-dynamic,l,-0.784,47,0.1642,0.8641,False
Finnish,艮卦-dynamic,ø͡y,0.778,4,0.1542,0.8641,False
Finnish,中卦-static,u͡i,0.709,12,0.1692,0.8641,False
Finnish,中卦-static,m,0.687,69,0.1692,0.8641,False
Finnish,震卦-static,l,-0.672,74,0.1443,0.8641,False
Finnish,震卦-dynamic,l,-0.814,51,0.1741,0.8661,False
Finnish,坤卦-dynamic,l,-0.758,93,0.1741,0.8661,False
Finnish,震卦-static,o,0.745,57,0.1741,0.8661,False
Finnish,巽卦-dynamic,r,1.719,9,0.1841,0.8808,False
Finnish,巽卦-static,e,-1.311,4,0.1841,0.8808,False
Finnish,乾卦-dynamic,ø,0.879,5,0.1791,0.8808,False
Finnish,兌卦-dynamic,j,-0.828,5,0.1841,0.8808,False
Finnish,震卦-static,d,0.65,11,0.1841,0.8808,False
Finnish,艮卦-static,n,-0.906,19,0.1891,0.8877,False
Finnish,離卦-dynamic,a,0.767,132,0.1891,0.8877,False
Finnish,艮卦-dynamic,æ͡i,0.865,4,0.199,0.9174,False
Finnish,兌卦-dynamic,i,-0.791,17,0.199,0.9174,False
Finnish,兌卦-dynamic,u͡o,0.789,9,0.204,0.9234,False
Finnish,坎卦-static,s,1.568,24,0.209,0.9403,False
Finnish,乾卦-static,s,-1.436,8,0.2289,0.9607,False
Finnish,坤卦-static,a,1.235,45,0.2338,0.9607,False
Finnish,巽卦-static,l,-1.081,11,0.2338,0.9607,False
Finnish,離卦-static,æ,-0.808,18,0.2189,0.9607,False
Finnish,兌卦-dynamic,u,0.774,42,0.2289,0.9607,False
Finnish,震卦-dynamic,v,-0.713,18,0.2338,0.9607,False
Finnish,乾卦-dynamic,a,-0.675,97,0.2239,0.9607,False
Finnish,中卦-static,o,0.525,71,0.2239,0.9607,False
Finnish,中卦-static,p,-0.515,38,0.2338,0.9607,False
Finnish,震卦-static,æ,-0.589,36,0.2388,0.9706,False
Finnish,震卦-static,n,-0.566,51,0.2388,0.9706,False
Finnish,巽卦-static,p,-1.169,3,0.2537,0.9888,False
Finnish,乾卦-dynamic,l,-0.72,57,0.2488,0.9888,False
Finnish,離卦-dynamic,j,0.697,23,0.2537,0.9888,False
Finnish,兌卦-dynamic,v,-0.647,17,0.2537,0.9888,False
Finnish,震卦-static,y͡ø,0.621,3,0.2488,0.9888,False
Finnish,艮卦-dynamic,e͡i,0.614,6,0.2537,0.9888,False
Finnish,震卦-static,e,-0.562,51,0.2488,0.9888,False
Finnish,坎卦-dynamic,ŋ,1.196,4,0.2587,0.9928,False
Finnish,坎卦-dynamic,h,1.145,13,0.2587,0.9928,False
Finnish,中卦-dynamic,s,2.463,6,0.3433,1.0,False
Finnish,中卦-dynamic,n,2.441,7,0.3632,1.0,False
Finnish,中卦-dynamic,l,1.736,5,0.5423,1.0,False
Finnish,中卦-dynamic,ɪ,1.526,5,0.5721,1.0,False
Finnish,兌卦-static,m,1.511,4,0.3781,1.0,False
Finnish,乾卦-static,a͡i,1.449,4,0.2736,1.0,False
Finnish,巽卦-dynamic,æ,1.434,10,0.3085,1.0,False
Finnish,巽卦-dynamic,p,1.364,6,0.3682,1.0,False
Finnish,兌卦-static,t,-1.315,3,0.4627,1.0,False
Finnish,中卦-dynamic,a,-1.3,4,0.7015,1.0,False
Finnish,坤卦-static,o,-1.217,4,0.2687,1.0,False
Finnish,坤卦-static,ɪ,-1.209,7,0.2935,1.0,False
Finnish,坎卦-static,t,-1.203,10,0.2886,1.0,False
Finnish,巽卦-dynamic,k,-1.194,6,0.3582,1.0,False
Finnish,兌卦-static,ɪ,1.191,7,0.4925,1.0,False
Finnish,坤卦-static,p,-1.158,4,0.2886,1.0,False
Finnish,乾卦-static,o,-1.15,3,0.3881,1.0,False
Finnish,乾卦-static,m,1.147,9,0.3284,1.0,False
Finnish,坎卦-static,ɪ,1.134,21,0.3234,1.0,False
Finnish,巽卦-dynamic,m,1.107,6,0.4229,1.0,False
Finnish,巽卦-static,ɪ,-1.084,6,0.2985,1.0,False
Finnish,乾卦-static,n,1.06,18,0.403,1.0,False
Finnish,坎卦-dynamic,s,1.053,27,0.2637,1.0,False
Finnish,坎卦-static,u͡o,1.041,3,0.408,1.0,False
Finnish,坎卦-static,o,1.038,12,0.3781,1.0,False
Finnish,乾卦-static,a,-1.019,17,0.3682,1.0,False
Finnish,巽卦-static,æ,-0.997,4,0.3184,1.0,False
Finnish,坎卦-static,k,-0.988,12,0.4428,1.0,False
Finnish,兌卦-static,k,0.969,7,0.592,1.0,False
Finnish,坤卦-static,k,-0.968,14,0.3682,1.0,False
Finnish,乾卦-static,r,-0.966,5,0.4328,1.0,False
Finnish,兌卦-static,s,-0.943,4,0.607,1.0,False
Finnish,巽卦-static,o,-0.925,4,0.3532,1.0,False
Finnish,巽卦-dynamic,e,-0.909,4,0.5821,1.0,False
Finnish,坎卦-dynamic,d,0.903,3,0.3532,1.0,False
Finnish,坎卦-dynamic,n,-0.897,9,0.3582,1.0,False
Finnish,坤卦-static,h,0.873,11,0.398,1.0,False
Finnish,乾卦-static,v,0.867,7,0.4726,1.0,False
Finnish,坤卦-static,m,-0.866,6,0.403,1.0,False
Finnish,坎卦-static,h,-0.817,4,0.4627,1.0,False
Finnish,巽卦-dynamic,y,0.815,3,0.5622,1.0,False
Finnish,坤卦-static,r,0.794,15,0.4179,1.0,False
Finnish,坎卦-dynamic,ɪ,-0.779,11,0.4378,1.0,False
Finnish,坎卦-static,i,-0.771,5,0.4776,1.0,False
Finnish,兌卦-static,u,0.764,4,0.6368,1.0,False
Finnish,離卦-static,l,0.762,63,0.2687,1.0,False
Finnish,巽卦-dynamic,a,0.731,19,0.6318,1.0,False
Finnish,乾卦-static,j,0.716,5,0.5721,1.0,False
Finnish,坎卦-dynamic,r,-0.704,9,0.5124,1.0,False
Finnish,艮卦-static,a͡i,-0.702,4,0.3632,1.0,False
Finnish,艮卦-static,v,0.699,22,0.2836,1.0,False
Finnish,坎卦-static,p,0.692,9,0.4627,1.0,False
Finnish,離卦-static,j,-0.691,6,0.3085,1.0,False
Finnish,坎卦-dynamic,i,0.664,10,0.4975,1.0,False
Finnish,離卦-static,m,0.662,31,0.2886,1.0,False
Finnish,巽卦-static,i,0.661,7,0.5771,1.0,False
Finnish,乾卦-static,p,-0.66,4,0.597,1.0,False
Finnish,中卦-dynamic,t,-0.657,3,0.8557,1.0,False
Finnish,艮卦-static,k,0.656,53,0.3035,1.0,False
Finnish,兌卦-static,e,-0.647,3,0.6915,1.0,False
Finnish,震卦-dynamic,e͡u,0.64,3,0.408,1.0,False
Finnish,坤卦-static,æ,0.635,16,0.5174,1.0,False
Finnish,震卦-dynamic,æ͡i,0.622,3,0.3333,1.0,False
Finnish,離卦-static,a͡u,0.62,5,0.3781,1.0,False
Finnish,離卦-static,i,-0.617,17,0.3433,1.0,False
Finnish,艮卦-static,æ,-0.612,18,0.3433,1.0,False
Finnish,離卦-static,p,0.612,28,0.3433,1.0,False
Finnish,坤卦-static,y,-0.592,3,0.5323,1.0,False
Finnish,坎卦-static,m,-0.59,6,0.6318,1.0,False
Finnish,坎卦-dynamic,e,-0.584,12,0.4925,1.0,False
Finnish,巽卦-dynamic,t,-0.579,8,0.6866,1.0,False
Finnish,艮卦-static,y,-0.577,7,0.3731,1.0,False
Finnish,艮卦-dynamic,l,0.561,80,0.2935,1.0,False
Finnish,巽卦-static,u,0.554,10,0.592,1.0,False
Finnish,離卦-dynamic,æ,0.547,50,0.3483,1.0,False
Finnish,兌卦-static,n,0.547,6,0.806,1.0,False
Finnish,兌卦-dynamic,æ͡y,0.546,3,0.5473,1.0,False
Finnish,艮卦-dynamic,r,-0.544,33,0.2935,1.0,False
Finnish,巽卦-dynamic,i,-0.527,3,0.7612,1.0,False
Finnish,震卦-dynamic,b,0.52,3,0.5672,1.0,False
Finnish,坤卦-static,a͡i,0.519,4,0.6318,1.0,False
Finnish,乾卦-dynamic,d,-0.517,3,0.3781,1.0,False
Finnish,艮卦-dynamic,e͡u,0.515,3,0.4677,1.0,False
Finnish,巽卦-dynamic,u,-0.514,4,0.7612,1.0,False
Finnish,乾卦-dynamic,æ͡i,0.514,3,0.403,1.0,False
Finnish,坤卦-dynamic,h,0.507,56,0.3035,1.0,False
Finnish,坤卦-dynamic,k,0.507,129,0.3333,1.0,False
Finnish,中卦-static,a͡u,-0.506,3,0.2836,1.0,False
Finnish,艮卦-dynamic,i͡u,0.505,3,0.5522,1.0,False
Finnish,震卦-dynamic,r,-0.496,30,0.403,1.0,False
Finnish,坤卦-dynamic,y,-0.482,19,0.2736,1.0,False
Finnish,坤卦-dynamic,ɪ,-0.482,72,0.2886,1.0,False
Finnish,乾卦-dynamic,u͡o,-0.479,3,0.3781,1.0,False
Finnish,坤卦-dynamic,p,-0.478,37,0.3781,1.0,False
Finnish,震卦-dynamic,a,-0.478,95,0.3781,1.0,False
Finnish,坎卦-dynamic,y,0.471,6,0.607,1.0,False
Finnish,震卦-static,b,0.471,4,0.3781,1.0,False
Finnish,艮卦-static,m,-0.464,17,0.4279,1.0,False
Finnish,乾卦-dynamic,n,-0.464,43,0.4129,1.0,False
Finnish,乾卦-static,l,0.463,15,0.7711,1.0,False
Finnish,離卦-static,d,0.459,6,0.4975,1.0,False
Finnish,坎卦-dynamic,m,-0.456,8,0.6567,1.0,False
Finnish,乾卦-dynamic,o,0.455,40,0.5025,1.0,False
Finnish,中卦-static,æ,-0.453,54,0.2935,1.0,False
Finnish,震卦-static,o͡i,-0.452,3,0.3383,1.0,False
Finnish,離卦-static,t,-0.452,50,0.5124,1.0,False
Finnish,震卦-static,ø,0.45,5,0.3781,1.0,False
Finnish,乾卦-dynamic,t,-0.449,64,0.4179,1.0,False
Finnish,中卦-static,t,-0.441,111,0.3134,1.0,False
Finnish,坤卦-dynamic,o͡i,-0.44,4,0.398,1.0,False
Finnish,中卦-static,h,-0.436,37,0.3085,1.0,False
Finnish,離卦-static,a,-0.434,82,0.5174,1.0,False
Finnish,中卦-dynamic,k,0.433,4,0.8806,1.0,False
Finnish,艮卦-dynamic,e,-0.431,45,0.4229,1.0,False
Finnish,巽卦-dynamic,ɪ,-0.43,6,0.801,1.0,False
Finnish,震卦-dynamic,s,-0.422,55,0.4925,1.0,False
Finnish,離卦-dynamic,r,0.403,43,0.4826,1.0,False
Finnish,兌卦-static,l,0.401,6,0.806,1.0,False
Finnish,乾卦-dynamic,h,-0.392,22,0.4876,1.0,False
Finnish,震卦-dynamic,a͡u,0.39,5,0.5423,1.0,False
Finnish,震卦-dynamic,ɪ,0.39,61,0.5174,1.0,False
Finnish,坤卦-dynamic,æ,-0.388,54,0.4129,1.0,False
Finnish,坤卦-dynamic,d,-0.384,6,0.4577,1.0,False
Finnish,艮卦-static,u,-0.375,21,0.6617,1.0,False
Finnish,中卦-static,o͡i,0.372,14,0.4328,1.0,False
Finnish,兌卦-dynamic,s,0.369,63,0.4975,1.0,False
Finnish,震卦-static,y,-0.368,16,0.4726,1.0,False
Finnish,震卦-dynamic,m,-0.366,25,0.5323,1.0,False
Finnish,兌卦-dynamic,a͡i,0.364,11,0.5821,1.0,False
Finnish,坤卦-dynamic,r,0.358,76,0.4378,1.0,False
Finnish,中卦-static,v,-0.357,40,0.4129,1.0,False
Finnish,震卦-dynamic,u,0.357,40,0.5075,1.0,False
Finnish,乾卦-static,e,0.353,13,0.8109,1.0,False
Finnish,乾卦-dynamic,i,0.353,30,0.597,1.0,False
Finnish,乾卦-dynamic,r,0.352,46,0.5075,1.0,False
Finnish,兌卦-static,æ,0.35,4,0.8308,1.0,False
Finnish,震卦-dynamic,j,0.349,19,0.5224,1.0,False
Finnish,中卦-static,ŋ,0.346,13,0.4726,1.0,False
Finnish,震卦-static,a,-0.345,138,0.4378,1.0,False
Finnish,巽卦-static,s,0.344,16,0.7214,1.0,False
Finnish,震卦-dynamic,y,0.343,17,0.6269,1.0,False
Finnish,巽卦-static,v,-0.341,5,0.7313,1.0,False
Finnish,兌卦-dynamic,e͡i,0.341,4,0.607,1.0,False
Finnish,坤卦-dynamic,a͡u,-0.339,4,0.4776,1.0,False
Finnish,中卦-static,ɪ,-0.336,82,0.4328,1.0,False
Finnish,震卦-dynamic,o,0.332,35,0.5821,1.0,False
Finnish,坎卦-static,j,0.329,5,0.8109,1.0,False
Finnish,艮卦-dynamic,y,0.327,19,0.4876,1.0,False
Finnish,坎卦-dynamic,k,-0.322,19,0.7363,1.0,False
Finnish,坤卦-dynamic,i,-0.321,40,0.4726,1.0,False
Finnish,坤卦-dynamic,y͡ø,0.319,3,0.5721,1.0,False
Finnish,中卦-static,s,0.318,128,0.4527,1.0,False
Finnish,坤卦-dynamic,s,0.314,122,0.5721,1.0,False
Finnish,坤卦-static,l,-0.309,18,0.791,1.0,False
Finnish,坤卦-dynamic,i͡e,0.309,6,0.5373,1.0,False
Finnish,離卦-dynamic,ŋ,-0.307,3,0.5672,1.0,False
Finnish,艮卦-dynamic,h,-0.301,24,0.5572,1.0,False
Finnish,艮卦-dynamic,æ,-0.3,36,0.6269,1.0,False
Finnish,離卦-dynamic,y,-0.3,12,0.6169,1.0,False
Finnish,艮卦-dynamic,u͡o,0.299,8,0.5672,1.0,False
Finnish,兌卦-dynamic,y,-0.295,11,0.6517,1.0,False
Finnish,坤卦-dynamic,o͡u,0.291,3,0.5622,1.0,False
Finnish,艮卦-static,e,-0.291,31,0.6915,1.0,False
Finnish,兌卦-static,o,0.288,3,0.8259,1.0,False
Finnish,兌卦-dynamic,i͡e,0.286,3,0.6318,1.0,False
Finnish,離卦-dynamic,v,-0.277,22,0.607,1.0,False
Finnish,中卦-static,y,0.276,31,0.5622,1.0,False
Finnish,離卦-dynamic,e,-0.276,44,0.6567,1.0,False
Finnish,震卦-dynamic,e,0.263,58,0.6368,1.0,False
Finnish,巽卦-static,t,-0.256,15,0.8159,1.0,False
Finnish,震卦-dynamic,u͡o,-0.256,4,0.6567,1.0,False
Finnish,艮卦-static,a,0.254,83,0.6567,1.0,False
Finnish,艮卦-static,ɪ,0.251,41,0.6318,1.0,False
Finnish,中卦-static,o͡u,0.249,3,0.5871,1.0,False
Finnish,震卦-static,j,-0.243,17,0.5771,1.0,False
Finnish,坎卦-dynamic,a,-0.242,34,0.8458,1.0,False
Finnish,坤卦-dynamic,v,0.241,48,0.5771,1.0,False
Finnish,艮卦-static,t,-0.239,46,0.7164,1.0,False
Finnish,坤卦-dynamic,j,-0.237,22,0.6368,1.0,False
Finnish,坎卦-static,a͡i,0.234,3,0.8159,1.0,False
Finnish,坤卦-static,s,-0.231,18,0.7562,1.0,False
Finnish,離卦-dynamic,o,-0.23,27,0.6766,1.0,False
Finnish,中卦-static,l,-0.228,112,0.592,1.0,False
Finnish,兌卦-dynamic,p,0.218,26,0.7313,1.0,False
Finnish,乾卦-static,ɪ,-0.218,10,0.8856,1.0,False
Finnish,坤卦-dynamic,ŋ,0.215,11,0.6915,1.0,False
Finnish,艮卦-dynamic,ŋ,-0.215,4,0.7811,1.0,False
Finnish,離卦-dynamic,l,0.214,66,0.7114,1.0,False
Finnish,乾卦-dynamic,s,0.211,72,0.7363,1.0,False
Finnish,巽卦-dynamic,h,0.21,4,0.8756,1.0,False
Finnish,兌卦-static,a,-0.205,9,0.8856,1.0,False
Finnish,艮卦-static,h,-0.204,16,0.7463,1.0,False
Finnish,巽卦-static,n,-0.202,11,0.8706,1.0,False
Finnish,巽卦-static,r,-0.202,8,0.8458,1.0,False
Finnish,離卦-dynamic,s,0.202,66,0.7264,1.0,False
Finnish,坎卦-dynamic,l,-0.197,20,0.8159,1.0,False
Finnish,兌卦-static,r,-0.194,3,0.9353,1.0,False
Finnish,巽卦-dynamic,o,-0.191,4,0.8856,1.0,False
Finnish,坎卦-static,v,0.189,7,0.8458,1.0,False
Finnish,乾卦-dynamic,e,0.188,61,0.7363,1.0,False
Finnish,乾卦-dynamic,k,0.188,72,0.7761,1.0,False
Finnish,中卦-static,d,0.186,11,0.6915,1.0,False
Finnish,艮卦-dynamic,o,0.182,37,0.7264,1.0,False
Finnish,離卦-dynamic,ɪ,0.182,56,0.7363,1.0,False
Finnish,乾卦-dynamic,f,0.182,3,0.9104,1.0,False
Finnish,離卦-dynamic,i͡e,0.177,3,0.8209,1.0,False
Finnish,中卦-static,k,0.175,124,0.6617,1.0,False
Finnish,中卦-static,u,-0.173,61,0.6816,1.0,False
Finnish,離卦-static,ŋ,0.172,5,0.8259,1.0,False
Finnish,震卦-static,t,-0.169,93,0.7413,1.0,False
Finnish,坤卦-dynamic,u͡i,-0.167,3,0.7463,1.0,False
Finnish,艮卦-static,j,0.165,12,0.7662,1.0,False
Finnish,兌卦-dynamic,h,-0.165,21,0.7562,1.0,False
Finnish,艮卦-dynamic,k,0.164,74,0.7711,1.0,False
Finnish,震卦-dynamic,h,-0.164,23,0.7711,1.0,False
Finnish,艮卦-dynamic,a͡i,-0.161,10,0.7562,1.0,False
Finnish,乾卦-static,æ,0.161,9,0.8905,1.0,False
Finnish,乾卦-static,u,0.156,8,0.9303,1.0,False
Finnish,離卦-dynamic,i,0.154,26,0.8308,1.0,False
Finnish,離卦-dynamic,a͡i,-0.141,9,0.8159,1.0,False
Finnish,乾卦-dynamic,p,0.139,30,0.7512,1.0,False
Finnish,兌卦-dynamic,u͡i,0.133,3,0.8458,1.0,False
Finnish,坤卦-dynamic,u,0.131,66,0.7711,1.0,False
Finnish,艮卦-static,o͡i,-0.13,3,0.8856,1.0,False
Finnish,震卦-static,h,0.125,37,0.7612,1.0,False
Finnish,震卦-dynamic,k,0.124,65,0.8557,1.0,False
Finnish,乾卦-dynamic,ɪ,-0.124,53,0.7861,1.0,False
Finnish,坎卦-static,n,0.117,15,0.9403,1.0,False
Finnish,震卦-static,u,0.117,51,0.8358,1.0,False
Finnish,離卦-static,v,-0.114,20,0.8905,1.0,False
Finnish,乾卦-dynamic,ŋ,0.112,6,0.8458,1.0,False
Finnish,艮卦-static,s,-0.111,43,0.8706,1.0,False
Finnish,乾卦-dynamic,a͡i,-0.11,10,0.8955,1.0,False
Finnish,坤卦-dynamic,m,-0.109,50,0.8557,1.0,False
Finnish,離卦-static,u,0.105,31,0.8955,1.0,False
Finnish,乾卦-dynamic,j,-0.105,15,0.8507,1.0,False
Finnish,乾卦-static,t,0.1,16,0.9254,1.0,False
Finnish,艮卦-dynamic,o͡i,-0.096,5,0.8458,1.0,False
Finnish,震卦-static,e͡i,-0.093,4,0.8657,1.0,False
Finnish,震卦-static,ŋ,-0.09,6,0.8706,1.0,False
Finnish,坎卦-dynamic,p,0.089,9,0.9204,1.0,False
Finnish,震卦-dynamic,t,-0.087,69,0.8657,1.0,False
Finnish,乾卦-dynamic,i͡e,0.083,3,0.9055,1.0,False
Finnish,離卦-dynamic,h,-0.082,24,0.9204,1.0,False
Finnish,坎卦-static,u,-0.079,9,0.9552,1.0,False
Finnish,坎卦-dynamic,u,0.077,12,0.9104,1.0,False
Finnish,坤卦-static,n,0.076,17,0.9502,1.0,False
Finnish,中卦-static,u͡o,0.074,11,0.8458,1.0,False
Finnish,離卦-static,e,-0.071,42,0.9104,1.0,False
Finnish,乾卦-dynamic,y,-0.071,15,0.9005,1.0,False
Finnish,艮卦-static,i,0.067,18,0.9552,1.0,False
Finnish,震卦-dynamic,æ,-0.064,37,0.8955,1.0,False
Finnish,坤卦-dynamic,a͡i,-0.063,17,0.8905,1.0,False
Finnish,艮卦-static,r,0.056,27,0.9403,1.0,False
Finnish,中卦-static,ø,0.055,5,0.9104,1.0,False
Finnish,坎卦-static,e,0.053,14,0.9502,1.0,False
Finnish,坎卦-static,æ,-0.039,10,0.9801,1.0,False
Finnish,坤卦-static,e,0.027,16,0.995,1.0,False
Finnish,坤卦-dynamic,u͡o,0.025,10,0.9701,1.0,False
Finnish,坎卦-static,r,0.025,10,0.995,1.0,False
Finnish,巽卦-dynamic,s,-0.024,9,0.995,1.0,False
Finnish,艮卦-dynamic,n,-0.018,59,0.9552,1.0,False
Finnish,中卦-static,j,-0.009,28,0.9851,1.0,False
Finnish,坤卦-static,t,-0.004,22,1.0,1.0,False
Finnish,中卦-static,æ͡i,0.003,3,1.0,1.0,False
French,兌卦-static,ɡ,3.751,5,0.005,0.3238,False
French,巽卦-dynamic,i,3.517,11,0.005,0.3238,False
French,兌卦-static,l,3.315,14,0.005,0.3238,False
French,巽卦-static,ʃ,3.204,8,0.005,0.3238,False
French,坎卦-dynamic,k,2.808,20,0.005,0.3238,False
French,震卦-dynamic,ə,2.542,25,0.005,0.3238,False
French,乾卦-static,d,2.463,18,0.005,0.3238,False
French,艮卦-static,j,2.387,18,0.005,0.3238,False
French,艮卦-static,o,2.255,21,0.005,0.3238,False
French,坎卦-static,ɑ̃,2.247,20,0.005,0.3238,False
French,中卦-static,ɛ̃,2.201,28,0.005,0.3238,False
French,乾卦-dynamic,ɔ̃,2.101,23,0.005,0.3238,False
French,震卦-static,m,1.787,55,0.005,0.3238,False
French,震卦-static,w,1.568,23,0.01,0.443,False
French,震卦-static,ɔ,1.317,33,0.01,0.443,False
French,坤卦-dynamic,u,1.296,31,0.01,0.443,False
French,中卦-static,ɲ,2.674,4,0.0149,0.4856,False
French,乾卦-static,y,2.488,16,0.0149,0.4856,False
French,兌卦-dynamic,w,1.593,19,0.0149,0.4856,False
French,離卦-static,k,1.538,48,0.0149,0.4856,False
French,坤卦-dynamic,v,1.494,41,0.0149,0.4856,False
French,兌卦-dynamic,e,1.305,114,0.0149,0.4856,False
French,兌卦-static,n,2.773,5,0.0199,0.5261,False
French,坤卦-static,b,2.551,7,0.0199,0.5261,False
French,坎卦-static,œ,2.479,6,0.0249,0.5261,False
French,兌卦-static,s,2.293,8,0.0199,0.5261,False
French,坎卦-static,p,1.606,16,0.0199,0.5261,False
French,乾卦-dynamic,ɔ,1.495,25,0.0249,0.5261,False
French,離卦-dynamic,ɔ̃,1.341,25,0.0249,0.5261,False
French,中卦-static,ə,1.338,32,0.0249,0.5261,False
French,中卦-static,b,1.223,44,0.0249,0.5261,False
French,中卦-static,s,0.979,90,0.0249,0.5261,False
French,坤卦-static,ʒ,2.696,5,0.0299,0.5373,False
French,乾卦-dynamic,z,1.444,13,0.0299,0.5373,False
French,乾卦-dynamic,j,1.401,34,0.0299,0.5373,False
French,離卦-dynamic,l,-1.086,16,0.0299,0.5373,False
French,震卦-static,u,1.044,29,0.0299,0.5373,False
French,震卦-static,e,-0.816,35,0.0299,0.5373,False
French,兌卦-static,ɛ,2.211,6,0.0348,0.5777,False
French,艮卦-dynamic,m,-1.066,16,0.0348,0.5777,False
French,艮卦-dynamic,œ̃,1.905,5,0.0398,0.5805,False
French,離卦-static,o,1.518,34,0.0398,0.5805,False
French,兌卦-dynamic,v,1.256,31,0.0398,0.5805,False
French,艮卦-static,ɛ,1.239,19,0.0398,0.5805,False
French,坤卦-dynamic,e,-0.847,33,0.0398,0.5805,False
French,艮卦-dynamic,u,1.008,29,0.0448,0.611,False
French,坤卦-dynamic,ɛ̃,0.975,16,0.0448,0.611,False
French,坤卦-dynamic,m,0.958,43,0.0448,0.611,False
French,離卦-dynamic,ʁ,0.758,144,0.0448,0.611,False
French,坤卦-dynamic,ɔ̃,0.858,21,0.0498,0.6377,False
French,中卦-static,p,0.76,55,0.0498,0.6377,False
French,坤卦-dynamic,ɔ,0.963,28,0.0547,0.6521,False
French,震卦-static,p,0.895,52,0.0547,0.6521,False
French,中卦-static,e,-0.667,47,0.0547,0.6521,False
French,兌卦-dynamic,z,1.216,14,0.0597,0.6825,False
French,離卦-static,e,-0.891,18,0.0597,0.6825,False
French,兌卦-static,v,2.391,4,0.0647,0.6938,False
French,坎卦-dynamic,f,1.986,8,0.0697,0.6938,False
French,乾卦-static,ʒ,1.737,8,0.0746,0.6938,False
French,乾卦-static,p,1.323,15,0.0697,0.6938,False
French,乾卦-dynamic,n,1.04,30,0.0746,0.6938,False
French,震卦-static,b,1.038,37,0.0647,0.6938,False
French,離卦-static,ɛ,-0.975,16,0.0746,0.6938,False
French,離卦-static,s,-0.97,21,0.0746,0.6938,False
French,兌卦-dynamic,ɔ̃,-0.966,4,0.0746,0.6938,False
French,震卦-static,j,0.935,41,0.0697,0.6938,False
French,離卦-dynamic,p,0.913,51,0.0697,0.6938,False
French,乾卦-dynamic,e,-0.896,22,0.0697,0.6938,False
French,艮卦-dynamic,d,0.873,45,0.0697,0.6938,False
French,坤卦-dynamic,n,0.795,38,0.0647,0.6938,False
French,中卦-static,k,0.719,69,0.0746,0.6938,False
French,中卦-static,j,-0.709,18,0.0746,0.6938,False
French,巽卦-static,ɔ,1.716,6,0.0995,0.7128,False
French,離卦-static,ʃ,1.21,15,0.0995,0.7128,False
French,離卦-static,w,1.126,11,0.0945,0.7128,False
French,離卦-dynamic,y,-1.084,8,0.0796,0.7128,False
French,艮卦-static,i,-1.071,8,0.0945,0.7128,False
French,震卦-dynamic,v,1.035,20,0.0995,0.7128,False
French,震卦-dynamic,o,-1.024,6,0.0896,0.7128,False
French,艮卦-dynamic,b,0.867,35,0.0945,0.7128,False
French,震卦-static,d,-0.84,15,0.0846,0.7128,False
French,震卦-dynamic,s,0.822,45,0.0896,0.7128,False
French,中卦-static,m,0.799,46,0.0846,0.7128,False
French,中卦-static,w,0.788,18,0.1045,0.7128,False
French,坤卦-dynamic,ɑ̃,0.786,49,0.1045,0.7128,False
French,離卦-static,a,0.752,63,0.0995,0.7128,False
French,坤卦-dynamic,ɛ,0.747,57,0.0846,0.7128,False
French,乾卦-dynamic,ʁ,-0.738,63,0.0846,0.7128,False
French,中卦-static,o,-0.671,19,0.1045,0.7128,False
French,坤卦-dynamic,k,-0.647,26,0.0945,0.7128,False
French,震卦-static,a,0.596,103,0.1045,0.7128,False
French,震卦-static,ʁ,-0.559,96,0.1045,0.7128,False
French,離卦-dynamic,b,-0.847,10,0.1144,0.7504,False
French,離卦-dynamic,e,0.789,111,0.1144,0.7504,False
French,乾卦-dynamic,m,0.765,29,0.1144,0.7504,False
French,坤卦-static,w,1.805,3,0.1493,0.7516,False
French,巽卦-static,ə,1.592,5,0.1493,0.7516,False
French,坤卦-static,ɑ̃,1.577,8,0.1194,0.7516,False
French,巽卦-static,z,1.577,3,0.1393,0.7516,False
French,坎卦-static,d,1.124,12,0.1393,0.7516,False
French,震卦-dynamic,d,0.89,26,0.1393,0.7516,False
French,坤卦-dynamic,ø,0.885,10,0.1244,0.7516,False
French,乾卦-static,ʁ,-0.871,21,0.1244,0.7516,False
French,乾卦-dynamic,ɡ,0.867,19,0.1443,0.7516,False
French,離卦-dynamic,ɛ̃,0.861,15,0.1244,0.7516,False
French,艮卦-static,e,-0.817,10,0.1493,0.7516,False
French,乾卦-dynamic,p,-0.787,15,0.1343,0.7516,False
French,震卦-static,n,0.761,38,0.1343,0.7516,False
French,中卦-static,z,-0.752,7,0.1294,0.7516,False
French,兌卦-dynamic,y,0.743,30,0.1493,0.7516,False
French,震卦-static,v,-0.728,7,0.1393,0.7516,False
French,震卦-static,ə,-0.678,5,0.1443,0.7516,False
French,中卦-static,v,-0.657,9,0.1294,0.7516,False
French,中卦-static,n,-0.635,18,0.1443,0.7516,False
French,中卦-static,ʁ,-0.527,108,0.1194,0.7516,False
French,艮卦-static,l,0.841,27,0.1542,0.7524,False
French,艮卦-dynamic,s,0.631,74,0.1592,0.7524,False
French,巽卦-static,o,1.418,9,0.1642,0.7632,False
French,巽卦-dynamic,ʁ,1.533,10,0.1692,0.7713,False
French,震卦-dynamic,z,0.922,9,0.1741,0.7713,False
French,艮卦-static,k,0.881,19,0.1692,0.7713,False
French,艮卦-static,d,-0.9,4,0.1841,0.7802,False
French,震卦-dynamic,f,-0.839,7,0.1891,0.7802,False
French,離卦-dynamic,u,-0.781,11,0.1891,0.7802,False
French,艮卦-dynamic,ə,0.739,22,0.1891,0.7802,False
French,離卦-static,m,0.699,23,0.1891,0.7802,False
French,兌卦-dynamic,s,-0.538,38,0.1891,0.7802,False
French,兌卦-dynamic,ʁ,0.48,112,0.1841,0.7802,False
French,坎卦-dynamic,ɑ̃,1.189,10,0.199,0.7867,False
French,兌卦-dynamic,ə,0.76,18,0.194,0.7867,False
French,離卦-static,u,0.747,15,0.199,0.7867,False
French,巽卦-static,ɛ̃,1.365,3,0.204,0.7952,False
French,艮卦-dynamic,f,-0.775,13,0.204,0.7952,False
French,震卦-static,i,-0.496,49,0.204,0.7952,False
French,坎卦-static,s,0.811,19,0.209,0.8035,False
French,艮卦-static,s,-0.735,12,0.209,0.8035,False
French,坎卦-static,ɔ,0.967,7,0.2139,0.8074,False
French,巽卦-static,l,0.868,15,0.2139,0.8074,False
French,乾卦-dynamic,œ,0.805,9,0.2239,0.8074,False
French,離卦-static,ɑ̃,-0.708,10,0.2338,0.8074,False
French,乾卦-dynamic,k,-0.683,18,0.2139,0.8074,False
French,坤卦-dynamic,ə,-0.672,5,0.2239,0.8074,False
French,兌卦-dynamic,n,0.596,29,0.2338,0.8074,False
French,中卦-static,ɔ̃,0.593,21,0.2289,0.8074,False
French,乾卦-dynamic,ɛ,0.508,38,0.2338,0.8074,False
French,震卦-static,s,-0.469,48,0.2239,0.8074,False
French,兌卦-static,f,1.572,3,0.2388,0.8179,False
French,坎卦-dynamic,ɛ̃,1.152,3,0.2438,0.8217,False
French,震卦-static,ɛ̃,-0.555,5,0.2438,0.8217,False
French,坎卦-static,ʃ,1.071,6,0.2488,0.8262,False
French,巽卦-static,s,-0.899,6,0.2637,0.8262,False
French,乾卦-static,n,0.882,10,0.2537,0.8262,False
French,巽卦-static,e,-0.881,5,0.2537,0.8262,False
French,艮卦-static,n,-0.778,4,0.2488,0.8262,False
French,艮卦-dynamic,z,-0.641,7,0.2537,0.8262,False
French,兌卦-dynamic,j,-0.568,15,0.2637,0.8262,False
French,艮卦-dynamic,ɔ,-0.539,9,0.2587,0.8262,False
French,乾卦-dynamic,a,0.467,69,0.2637,0.8262,False
French,兌卦-dynamic,l,-0.465,34,0.2488,0.8262,False
French,坎卦-dynamic,u,1.066,5,0.2687,0.8295,False
French,艮卦-dynamic,y,-0.596,16,0.2687,0.8295,False
French,震卦-static,ʒ,0.578,20,0.2687,0.8295,False
French,艮卦-dynamic,e,0.482,100,0.2687,0.8295,False
French,艮卦-static,ɔ̃,0.82,6,0.2786,0.8418,False
French,震卦-dynamic,a,-0.52,32,0.2786,0.8418,False
French,巽卦-dynamic,y,1.822,3,0.2836,0.8448,False
French,乾卦-static,ɑ̃,0.885,13,0.2836,0.8448,False
French,艮卦-dynamic,p,0.483,45,0.2836,0.8448,False
French,坎卦-dynamic,y,1.015,7,0.2886,0.8476,False
French,離卦-static,b,-0.712,7,0.2935,0.8561,False
French,艮卦-dynamic,œ,-0.591,3,0.2985,0.8561,False
French,震卦-static,ʃ,0.477,17,0.2985,0.8561,False
French,坎卦-dynamic,ʁ,0.715,25,0.3035,0.8616,False
French,坎卦-static,e,-0.701,10,0.3035,0.8616,False
French,離卦-dynamic,ɡ,-0.533,6,0.3035,0.8616,False
French,艮卦-static,œ,0.986,4,0.3134,0.8634,False
French,乾卦-static,k,-0.74,6,0.3085,0.8634,False
French,兌卦-dynamic,b,-0.537,12,0.3184,0.8634,False
French,兌卦-dynamic,ʒ,-0.537,7,0.3085,0.8634,False
French,離卦-static,d,-0.498,12,0.3184,0.8634,False
French,離卦-dynamic,ə,-0.494,7,0.3184,0.8634,False
French,離卦-dynamic,j,-0.491,19,0.3184,0.8634,False
French,中卦-static,y,0.414,35,0.3234,0.8658,False
French,乾卦-dynamic,i,-0.484,35,0.3333,0.8812,False
French,中卦-static,ɑ̃,-0.389,27,0.3333,0.8812,False
French,巽卦-dynamic,e,1.372,8,0.3383,0.8834,False
French,震卦-static,f,-0.436,17,0.3383,0.8834,False
French,乾卦-static,b,-0.727,3,0.3433,0.8909,False
French,巽卦-static,a,-0.618,8,0.3483,0.8928,False
French,坤卦-dynamic,y,-0.438,18,0.3483,0.8928,False
French,艮卦-static,a,-0.501,16,0.3532,0.8974,False
French,震卦-dynamic,b,0.493,17,0.3532,0.8974,False
French,震卦-dynamic,m,-0.462,14,0.3632,0.9037,False
French,艮卦-dynamic,ɛ̃,0.514,13,0.3682,0.9054,False
French,坤卦-dynamic,ɡ,-0.401,8,0.3682,0.9054,False
French,坎卦-static,f,0.828,8,0.3781,0.911,False
French,坤卦-static,m,0.823,5,0.393,0.911,False
French,兌卦-static,a,0.784,8,0.3781,0.911,False
French,坎卦-static,u,-0.688,3,0.3881,0.911,False
French,坤卦-static,ʁ,-0.665,11,0.3781,0.911,False
French,坎卦-dynamic,d,0.665,7,0.3781,0.911,False
French,艮卦-static,ɔ,0.659,7,0.3831,0.911,False
French,乾卦-dynamic,ʒ,0.555,14,0.393,0.911,False
French,艮卦-static,p,0.536,13,0.393,0.911,False
French,震卦-dynamic,ʒ,-0.531,5,0.3881,0.911,False
French,兌卦-dynamic,œ,-0.491,3,0.3881,0.911,False
French,艮卦-static,ʁ,-0.424,29,0.393,0.911,False
French,兌卦-dynamic,k,-0.394,27,0.3781,0.911,False
French,艮卦-dynamic,t,-0.388,44,0.3731,0.911,False
French,兌卦-dynamic,ɑ̃,-0.383,20,0.3831,0.911,False
French,震卦-static,l,-0.355,46,0.3881,0.911,False
French,坤卦-static,o,1.045,6,0.398,0.9116,False
French,巽卦-static,ʁ,-0.573,15,0.403,0.9116,False
French,離卦-dynamic,f,-0.4,17,0.408,0.9145,False
French,中卦-static,u,-0.367,17,0.408,0.9145,False
French,坤卦-static,k,-0.697,3,0.4229,0.9168,False
French,坎卦-static,l,-0.588,9,0.4229,0.9168,False
French,艮卦-static,m,0.581,11,0.4378,0.9168,False
French,乾卦-dynamic,o,-0.46,15,0.4378,0.9168,False
French,震卦-dynamic,p,0.406,25,0.4279,0.9168,False
French,兌卦-dynamic,ɛ̃,-0.404,5,0.4378,0.9168,False
French,乾卦-dynamic,l,0.394,54,0.4328,0.9168,False
French,中卦-static,ɔ,-0.391,12,0.4229,0.9168,False
French,震卦-static,y,-0.391,19,0.4179,0.9168,False
French,震卦-static,ɔ̃,0.38,17,0.4328,0.9168,False
French,震卦-dynamic,t,-0.374,26,0.4229,0.9168,False
French,兌卦-dynamic,d,-0.363,19,0.4328,0.9168,False
French,艮卦-static,u,-0.504,4,0.4577,0.922,False
French,坎卦-static,a,-0.478,14,0.4527,0.922,False
French,震卦-static,œ,0.417,10,0.4527,0.922,False
French,坎卦-static,ʁ,0.412,33,0.4527,0.922,False
French,離卦-dynamic,ʃ,-0.395,6,0.4478,0.922,False
French,兌卦-dynamic,ɡ,-0.371,7,0.4577,0.922,False
French,坤卦-dynamic,a,-0.244,66,0.4577,0.922,False
French,坤卦-dynamic,f,-0.334,18,0.4627,0.9232,False
French,坤卦-dynamic,d,0.293,34,0.4627,0.9232,False
French,坎卦-dynamic,l,-0.625,6,0.4677,0.9266,False
French,巽卦-static,u,0.679,4,0.4726,0.9342,False
French,巽卦-static,f,0.771,5,0.4975,0.9416,False
French,坤卦-static,l,0.573,10,0.4975,0.9416,False
French,巽卦-static,m,0.563,6,0.4975,0.9416,False
French,坎卦-static,o,0.553,10,0.4975,0.9416,False
French,坎卦-dynamic,s,0.499,12,0.4975,0.9416,False
French,震卦-dynamic,ɛ̃,0.406,7,0.4975,0.9416,False
French,震卦-dynamic,j,0.385,19,0.4876,0.9416,False
French,乾卦-dynamic,b,-0.376,12,0.4975,0.9416,False
French,離卦-static,i,-0.36,31,0.4826,0.9416,False
French,中卦-static,ø,0.305,8,0.4925,0.9416,False
French,中卦-static,t,-0.299,57,0.4975,0.9416,False
French,中卦-static,ɛ,0.271,55,0.4876,0.9416,False
French,兌卦-dynamic,ɛ,-0.259,33,0.4925,0.9416,False
French,坎卦-dynamic,t,-0.55,5,0.5025,0.9426,False
French,巽卦-static,t,-0.521,5,0.5025,0.9426,False
French,艮卦-dynamic,n,-0.344,21,0.5025,0.9426,False
French,中卦-static,ʒ,-0.317,12,0.5025,0.9426,False
French,巽卦-static,ɔ̃,0.612,3,0.5224,0.9443,False
French,乾卦-static,j,0.597,9,0.5124,0.9443,False
French,坎卦-dynamic,n,-0.551,3,0.5075,0.9443,False
French,艮卦-static,v,-0.504,3,0.5174,0.9443,False
French,離卦-static,v,-0.394,7,0.5224,0.9443,False
French,乾卦-dynamic,f,0.365,19,0.5224,0.9443,False
French,離卦-dynamic,ɔ,0.356,20,0.5075,0.9443,False
French,震卦-dynamic,n,-0.35,12,0.5224,0.9443,False
French,離卦-dynamic,w,0.34,12,0.5224,0.9443,False
French,乾卦-static,a,-0.317,16,0.5174,0.9443,False
French,艮卦-dynamic,ʒ,-0.311,11,0.5224,0.9443,False
French,坤卦-dynamic,œ,-0.289,5,0.5075,0.9443,False
French,坤卦-dynamic,t,-0.271,53,0.5124,0.9443,False
French,離卦-dynamic,k,0.266,49,0.5224,0.9443,False
French,乾卦-static,œ,0.699,3,0.5572,0.9485,False
French,乾卦-static,f,-0.521,4,0.5522,0.9485,False
French,坎卦-dynamic,m,-0.515,4,0.5274,0.9485,False
French,巽卦-static,d,0.508,6,0.5871,0.9485,False
French,巽卦-static,ʒ,0.489,3,0.5771,0.9485,False
French,巽卦-static,v,0.458,4,0.6269,0.9485,False
French,艮卦-static,f,0.456,8,0.5373,0.9485,False
French,巽卦-static,n,-0.451,3,0.5522,0.9485,False
French,坤卦-static,i,0.447,10,0.597,0.9485,False
French,坎卦-dynamic,ɛ,0.446,9,0.5373,0.9485,False
French,兌卦-static,i,0.441,6,0.6318,0.9485,False
French,乾卦-static,ɛ,0.404,13,0.5821,0.9485,False
French,艮卦-static,ɑ̃,-0.382,7,0.5721,0.9485,False
French,坎卦-dynamic,ə,0.382,3,0.6169,0.9485,False
French,巽卦-static,ɛ,-0.382,6,0.6368,0.9485,False
French,震卦-dynamic,ɔ,0.367,12,0.5323,0.9485,False
French,坎卦-static,t,0.365,27,0.5274,0.9485,False
French,離卦-static,ə,-0.365,5,0.5672,0.9485,False
French,震卦-dynamic,l,-0.343,27,0.5373,0.9485,False
French,離卦-dynamic,v,0.339,23,0.5672,0.9485,False
French,震卦-dynamic,ʃ,-0.336,4,0.6169,0.9485,False
French,離卦-static,ʒ,0.325,10,0.5721,0.9485,False
French,離卦-static,z,0.32,7,0.597,0.9485,False
French,乾卦-static,e,-0.311,15,0.6368,0.9485,False
French,坤卦-dynamic,ʒ,0.309,17,0.5871,0.9485,False
French,乾卦-dynamic,ɛ̃,0.303,8,0.6269,0.9485,False
French,艮卦-dynamic,ʃ,0.302,15,0.5771,0.9485,False
French,坤卦-dynamic,j,0.301,31,0.5423,0.9485,False
French,離卦-static,j,0.295,18,0.6169,0.9485,False
French,兌卦-dynamic,a,-0.295,53,0.5373,0.9485,False
French,乾卦-dynamic,y,0.294,21,0.6368,0.9485,False
French,離卦-dynamic,ɑ̃,0.29,38,0.5572,0.9485,False
French,離卦-static,ʁ,0.277,74,0.5821,0.9485,False
French,震卦-dynamic,k,-0.273,21,0.5622,0.9485,False
French,坤卦-dynamic,s,-0.261,52,0.5622,0.9485,False
French,震卦-static,k,0.256,50,0.5323,0.9485,False
French,坤卦-dynamic,ʃ,0.252,14,0.6269,0.9485,False
French,離卦-static,l,-0.244,29,0.6219,0.9485,False
French,中卦-static,œ,-0.242,6,0.607,0.9485,False
French,離卦-static,p,0.242,23,0.6368,0.9485,False
French,中卦-static,f,0.233,28,0.607,0.9485,False
French,兌卦-dynamic,t,-0.23,47,0.607,0.9485,False
French,艮卦-dynamic,k,-0.22,38,0.6169,0.9485,False
French,震卦-dynamic,e,0.223,50,0.6418,0.9492,False
French,巽卦-dynamic,s,0.55,4,0.6468,0.9499,False
French,中卦-static,ʃ,-0.238,9,0.6468,0.9499,False
French,坎卦-dynamic,ɔ̃,0.438,3,0.6567,0.9579,False
French,中卦-static,ɡ,-0.218,12,0.6617,0.9602,False
French,巽卦-static,y,-0.385,3,0.6866,0.9778,False
French,艮卦-dynamic,a,0.153,85,0.6866,0.9778,False
French,坎卦-static,ɛ,-0.24,10,0.6915,0.98,False
French,兌卦-dynamic,f,-0.228,16,0.6915,0.98,False
French,乾卦-dynamic,ɑ̃,-0.207,20,0.6965,0.9821,False
French,離卦-dynamic,d,0.197,32,0.6965,0.9821,False
French,離卦-dynamic,ʒ,0.229,16,0.7015,0.9858,False
French,離卦-dynamic,m,-0.2,27,0.7065,0.9895,False
French,離卦-static,œ,-0.268,3,0.7114,0.9916,False
French,巽卦-static,i,-0.27,9,0.7164,0.9936,False
French,乾卦-static,t,-0.248,14,0.7164,0.9936,False
French,乾卦-dynamic,v,-0.179,11,0.7164,0.9936,False
French,坎卦-dynamic,o,-0.346,4,0.7363,0.9952,False
French,巽卦-static,j,0.326,5,0.7612,0.9952,False
French,坎卦-dynamic,v,0.324,4,0.7363,0.9952,False
French,巽卦-dynamic,t,-0.275,3,0.8308,0.9952,False
French,離卦-static,ø,0.257,4,0.7413,0.9952,False
French,坤卦-static,d,-0.256,3,0.7861,0.9952,False
French,巽卦-static,b,0.224,4,0.8408,0.9952,False
French,坎卦-dynamic,e,-0.221,11,0.801,0.9952,False
French,震卦-dynamic,ɡ,0.216,10,0.7512,0.9952,False
French,震卦-dynamic,ɔ̃,0.213,9,0.7264,0.9952,False
French,坎卦-static,k,0.209,12,0.7662,0.9952,False
French,巽卦-static,p,-0.207,5,0.8209,0.9952,False
French,乾卦-static,ɔ̃,-0.179,3,0.8358,0.9952,False
French,離卦-static,y,0.178,16,0.7413,0.9952,False
French,坤卦-static,ɛ,-0.176,5,0.9005,0.9952,False
French,艮卦-dynamic,o,-0.174,27,0.7264,0.9952,False
French,坤卦-static,e,0.171,10,0.8905,0.9952,False
French,兌卦-dynamic,m,-0.171,23,0.7264,0.9952,False
French,震卦-dynamic,u,-0.17,10,0.8159,0.9952,False
French,離卦-dynamic,n,-0.162,23,0.7612,0.9952,False
French,乾卦-dynamic,t,-0.16,45,0.7612,0.9952,False
French,震卦-dynamic,ɑ̃,0.159,21,0.7861,0.9952,False
French,震卦-static,o,-0.157,27,0.7612,0.9952,False
French,艮卦-static,b,0.153,7,0.8159,0.9952,False
French,乾卦-static,v,-0.152,4,0.8259,0.9952,False
French,坎卦-static,b,0.149,6,0.8806,0.9952,False
French,艮卦-dynamic,ɡ,-0.147,12,0.7761,0.9952,False
French,艮卦-dynamic,j,-0.146,25,0.7363,0.9952,False
French,離卦-dynamic,s,-0.145,54,0.7562,0.9952,False
French,乾卦-dynamic,ə,-0.145,8,0.8358,0.9952,False
French,兌卦-dynamic,p,-0.143,27,0.791,0.9952,False
French,坤卦-static,a,0.142,10,0.8856,0.9952,False
French,坤卦-dynamic,w,-0.142,8,0.7761,0.9952,False
French,震卦-static,t,-0.132,66,0.7761,0.9952,False
French,離卦-static,t,-0.13,38,0.806,0.9952,False
French,乾卦-static,i,0.127,18,0.8507,0.9952,False
French,坎卦-static,ɡ,-0.124,3,0.9055,0.9952,False
French,坤卦-static,j,-0.122,3,0.9154,0.9952,False
French,離卦-static,f,-0.119,12,0.8507,0.9952,False
French,兌卦-static,e,-0.116,5,0.8856,0.9952,False
French,坤卦-dynamic,l,-0.113,55,0.7711,0.9952,False
French,離卦-static,n,0.111,16,0.8706,0.9952,False
French,離卦-static,ɡ,0.111,9,0.8557,0.9952,False
French,乾卦-static,l,-0.111,14,0.8607,0.9952,False
French,艮卦-static,t,0.11,25,0.8657,0.9952,False
French,乾卦-static,o,-0.109,7,0.9154,0.9952,False
French,震卦-dynamic,ʁ,0.108,71,0.7861,0.9952,False
French,離卦-dynamic,a,-0.107,71,0.806,0.9952,False
French,乾卦-static,m,0.107,8,0.9005,0.9952,False
French,坤卦-dynamic,p,0.105,37,0.8856,0.9952,False
French,兌卦-dynamic,ʃ,-0.104,8,0.8308,0.9952,False
French,震卦-static,z,0.103,11,0.8557,0.9952,False
French,兌卦-dynamic,o,-0.1,23,0.8657,0.9952,False
French,震卦-dynamic,ø,-0.098,3,0.8905,0.9952,False
French,震卦-dynamic,i,-0.095,37,0.8408,0.9952,False
French,震卦-dynamic,ɛ,0.095,27,0.8806,0.9952,False
French,乾卦-dynamic,ʃ,-0.095,7,0.8856,0.9952,False
French,艮卦-dynamic,ɛ,0.093,47,0.8358,0.9952,False
French,離卦-dynamic,o,0.093,31,0.8507,0.9952,False
French,震卦-dynamic,w,-0.085,5,0.8856,0.9952,False
French,坤卦-dynamic,o,-0.084,28,0.8657,0.9952,False
French,艮卦-dynamic,ɔ̃,-0.082,13,0.8856,0.9952,False
French,坎卦-dynamic,i,0.08,12,0.8905,0.9952,False
French,震卦-static,ɑ̃,-0.079,31,0.8955,0.9952,False
French,離卦-dynamic,ɛ,0.077,45,0.9204,0.9952,False
French,兌卦-dynamic,u,0.07,16,0.9303,0.9952,False
French,乾卦-dynamic,d,-0.07,20,0.9154,0.9952,False
French,坎卦-static,ə,-0.069,3,0.9552,0.9952,False
French,坤卦-static,n,-0.068,3,0.9453,0.9952,False
French,震卦-static,ɛ,0.068,46,0.8557,0.9952,False
French,兌卦-dynamic,i,0.068,57,0.8856,0.9952,False
French,中卦-static,l,0.067,70,0.8607,0.9952,False
French,震卦-static,ɡ,0.066,15,0.8806,0.9952,False
French,中卦-static,a,0.064,89,0.8905,0.9952,False
French,震卦-dynamic,y,-0.063,14,0.9154,0.9952,False
French,艮卦-dynamic,w,0.061,10,0.9254,0.9952,False
French,坎卦-static,i,-0.058,16,0.9055,0.9952,False
French,坤卦-dynamic,z,-0.053,10,0.8905,0.9952,False
French,乾卦-dynamic,u,-0.052,13,0.9502,0.9952,False
French,艮卦-dynamic,ɑ̃,-0.051,32,0.9055,0.9952,False
French,乾卦-static,s,0.049,15,0.9403,0.9952,False
French,巽卦-static,k,0.047,7,0.9502,0.9952,False
French,離卦-dynamic,i,-0.041,64,0.9154,0.9952,False
French,艮卦-static,y,-0.04,7,0.9403,0.9952,False
French,離卦-static,ɔ̃,0.039,8,0.9403,0.9952,False
French,離卦-dynamic,t,0.039,79,0.8905,0.9952,False
French,艮卦-dynamic,ʁ,-0.035,118,0.9204,0.9952,False
French,中卦-static,i,0.035,76,0.9303,0.9952,False
French,乾卦-dynamic,s,-0.035,41,0.9453,0.9952,False
French,坤卦-dynamic,i,-0.034,65,0.9502,0.9952,False
French,離卦-dynamic,z,-0.032,10,0.9552,0.9952,False
French,艮卦-dynamic,v,0.029,19,0.9353,0.9952,False
French,坎卦-dynamic,p,-0.03,6,0.9602,0.9967,False
French,艮卦-dynamic,i,0.028,69,0.9602,0.9967,False
French,坤卦-dynamic,ʁ,-0.034,115,0.9652,0.9982,False
French,艮卦-dynamic,l,-0.026,60,0.9652,0.9982,False
French,坤卦-static,t,-0.028,9,0.99,1.0,False
French,離卦-static,ɔ,-0.017,9,0.9751,1.0,False
French,中卦-static,d,0.016,33,0.99,1.0,False
French,坤卦-static,s,-0.011,7,0.9851,1.0,False
French,艮卦-static,ɡ,-0.004,4,1.0,1.0,False
French,坤卦-dynamic,b,0.002,22,1.0,1.0,False
French,兌卦-dynamic,ɔ,-0.001,13,1.0,1.0,False
German,兌卦-static,ʏ,3.662,6,0.005,0.2985,False
German,坤卦-static,a,2.832,15,0.005,0.2985,False
German,震卦-static,p͡f,2.721,5,0.005,0.2985,False
German,乾卦-dynamic,ʊ͡ɐ,2.623,6,0.005,0.2985,False
German,離卦-static,p,2.524,26,0.005,0.2985,False
German,兌卦-dynamic,n,2.423,192,0.005,0.2985,False
German,兌卦-dynamic,ə,2.276,167,0.005,0.2985,False
German,坎卦-dynamic,x,2.264,6,0.005,0.2985,False
German,坎卦-dynamic,ɑ,2.215,18,0.005,0.2985,False
German,坤卦-dynamic,a͡ʊ,2.116,27,0.005,0.2985,False
German,震卦-static,b,2.056,52,0.005,0.2985,False
German,離卦-dynamic,ɛ,1.926,61,0.005,0.2985,False
German,坤卦-dynamic,t,1.923,148,0.005,0.2985,False
German,中卦-static,c,1.635,61,0.005,0.2985,False
German,中卦-dynamic,i,3.645,7,0.01,0.4264,False
German,坎卦-static,h,2.904,7,0.01,0.4264,False
German,乾卦-static,o,2.499,11,0.01,0.4264,False
German,震卦-dynamic,x,2.03,12,0.01,0.4264,False
German,離卦-dynamic,n,1.646,160,0.01,0.4264,False
German,兌卦-dynamic,a͡ʊ,1.643,18,0.01,0.4264,False
German,中卦-dynamic,v,3.432,6,0.0149,0.4975,False
German,巽卦-dynamic,f,3.244,10,0.0149,0.4975,False
German,乾卦-dynamic,o,1.737,32,0.0149,0.4975,False
German,中卦-static,t,1.259,126,0.0149,0.4975,False
German,坤卦-dynamic,ə,-1.191,53,0.0149,0.4975,False
German,兌卦-static,ɾ,2.566,14,0.0199,0.5427,False
German,中卦-static,a͡ɪ,1.413,56,0.0199,0.5427,False
German,兌卦-dynamic,t,-1.305,38,0.0199,0.5427,False
German,乾卦-static,j,2.671,3,0.0249,0.6397,False
German,震卦-static,o,1.31,34,0.0249,0.6397,False
German,乾卦-static,z,2.43,11,0.0299,0.6669,False
German,兌卦-dynamic,ø,1.855,6,0.0348,0.6669,False
German,離卦-static,ø,1.774,3,0.0348,0.6669,False
German,兌卦-dynamic,ɜ,-1.552,6,0.0348,0.6669,False
German,艮卦-dynamic,ʃ,1.466,52,0.0348,0.6669,False
German,乾卦-dynamic,j,1.44,7,0.0348,0.6669,False
German,坤卦-dynamic,a,1.095,71,0.0299,0.6669,False
German,巽卦-static,r,3.093,5,0.0498,0.6889,False
German,坤卦-static,p,2.327,9,0.0448,0.6889,False
German,震卦-dynamic,p͡f,1.972,3,0.0448,0.6889,False
German,乾卦-dynamic,p͡f,1.887,3,0.0448,0.6889,False
German,離卦-static,ɔ͡ø,1.717,4,0.0448,0.6889,False
German,離卦-static,ʃ,1.572,27,0.0398,0.6889,False
German,艮卦-dynamic,n,1.371,152,0.0498,0.6889,False
German,離卦-dynamic,t͡s,1.37,27,0.0498,0.6889,False
German,乾卦-dynamic,m,1.369,43,0.0498,0.6889,False
German,震卦-dynamic,l,-1.303,30,0.0448,0.6889,False
German,乾卦-dynamic,ə,-1.255,33,0.0498,0.6889,False
German,震卦-static,a͡ʊ,1.219,16,0.0448,0.6889,False
German,乾卦-static,m,2.252,15,0.0547,0.7138,False
German,坎卦-dynamic,f,-1.906,5,0.0547,0.7138,False
German,中卦-static,ʊ͡ɐ,1.175,5,0.0547,0.7138,False
German,離卦-static,a,1.3,30,0.0597,0.7261,False
German,乾卦-dynamic,t,1.148,82,0.0597,0.7261,False
German,乾卦-dynamic,ɑ,1.072,29,0.0597,0.7261,False
German,中卦-static,t͡s,0.911,29,0.0597,0.7261,False
German,兌卦-static,k,2.147,17,0.0647,0.7276,False
German,艮卦-static,ŋ,1.526,9,0.0647,0.7276,False
German,離卦-dynamic,l,-1.422,34,0.0647,0.7276,False
German,震卦-static,ɛ,-1.096,21,0.0647,0.7276,False
German,艮卦-dynamic,ə,1.029,125,0.0647,0.7276,False
German,巽卦-dynamic,ʊ,2.448,7,0.0697,0.7375,False
German,坤卦-dynamic,a͡ɪ,-1.034,8,0.0697,0.7375,False
German,巽卦-static,ɜ,2.643,4,0.0846,0.7401,False
German,巽卦-dynamic,u,2.15,3,0.0896,0.7401,False
German,坎卦-static,ɡ,2.113,8,0.0995,0.7401,False
German,乾卦-static,ɛ,1.844,14,0.0846,0.7401,False
German,乾卦-static,ɪ,1.777,19,0.0995,0.7401,False
German,乾卦-static,ə,-1.739,5,0.0846,0.7401,False
German,艮卦-static,ɔ͡ø,1.477,3,0.0945,0.7401,False
German,艮卦-static,e,1.409,12,0.0846,0.7401,False
German,坎卦-dynamic,j,1.334,3,0.0945,0.7401,False
German,離卦-dynamic,ɑ,-1.324,7,0.0746,0.7401,False
German,乾卦-dynamic,ɜ,1.292,35,0.0945,0.7401,False
German,艮卦-static,m,1.284,21,0.0995,0.7401,False
German,乾卦-dynamic,s,1.208,35,0.0945,0.7401,False
German,離卦-dynamic,s,-1.155,15,0.0945,0.7401,False
German,震卦-dynamic,ɔ͡ø,1.15,5,0.0995,0.7401,False
German,離卦-dynamic,ɾ,1.106,61,0.0796,0.7401,False
German,兌卦-dynamic,s,-1.062,16,0.0746,0.7401,False
German,兌卦-dynamic,ɛ,1.049,49,0.0796,0.7401,False
German,震卦-static,e,1.012,26,0.0746,0.7401,False
German,乾卦-dynamic,e,0.997,21,0.0945,0.7401,False
German,震卦-static,ɡ,0.981,35,0.0746,0.7401,False
German,兌卦-dynamic,a,-0.977,26,0.0995,0.7401,False
German,兌卦-dynamic,k,-0.964,22,0.0846,0.7401,False
German,坤卦-dynamic,ɔ͡ø,0.925,7,0.0995,0.7401,False
German,艮卦-dynamic,s,-0.923,18,0.0896,0.7401,False
German,兌卦-dynamic,b,0.887,35,0.0945,0.7401,False
German,中卦-static,ə,-0.872,67,0.0746,0.7401,False
German,中卦-static,k,-0.801,33,0.0896,0.7401,False
German,中卦-static,f,-0.739,34,0.0796,0.7401,False
German,乾卦-dynamic,ɔ͡ø,1.078,5,0.1045,0.7463,False
German,震卦-static,ɜ,-0.956,14,0.1045,0.7463,False
German,震卦-static,n,-0.824,59,0.1045,0.7463,False
German,震卦-dynamic,e,1.102,21,0.1095,0.7636,False
German,巽卦-static,ɔ,2.435,3,0.1244,0.8231,False
German,乾卦-dynamic,d,-1.008,10,0.1244,0.8231,False
German,震卦-dynamic,ɛ,0.944,39,0.1244,0.8231,False
German,震卦-static,ɾ,0.857,60,0.1244,0.8231,False
German,震卦-static,a͡ɪ,-0.818,10,0.1244,0.8231,False
German,坤卦-dynamic,f,-0.767,34,0.1294,0.8316,False
German,乾卦-static,e,1.604,7,0.1343,0.8396,False
German,艮卦-dynamic,ʊ,-0.834,8,0.1343,0.8396,False
German,坎卦-dynamic,ʃ,-1.263,3,0.1393,0.8587,False
German,坤卦-dynamic,e,0.646,28,0.1393,0.8587,False
German,巽卦-static,a͡ɪ,2.308,4,0.1443,0.8657,False
German,兌卦-static,l,1.678,18,0.1443,0.8657,False
German,坤卦-static,z,1.566,7,0.1493,0.8837,False
German,兌卦-dynamic,d,-0.891,13,0.1493,0.8837,False
German,艮卦-dynamic,a,-0.887,28,0.1542,0.9013,False
German,兌卦-dynamic,ɔ,-0.838,8,0.1542,0.9013,False
German,乾卦-dynamic,ɡ,-0.894,9,0.1592,0.9244,False
German,巽卦-dynamic,ʃ,1.984,8,0.1642,0.9293,False
German,坎卦-static,ʊ,1.691,7,0.1642,0.9293,False
German,離卦-static,n,-1.201,21,0.1642,0.9293,False
German,離卦-dynamic,d,0.938,32,0.1642,0.9293,False
German,兌卦-dynamic,ɑ,-0.881,12,0.1692,0.9456,False
German,中卦-static,i,-0.66,18,0.1692,0.9456,False
German,中卦-dynamic,c,2.516,4,0.1791,0.9769,False
German,兌卦-static,ɔ,1.624,6,0.1791,0.9769,False
German,中卦-dynamic,d,2.502,3,0.1841,0.9795,False
German,中卦-dynamic,ɪ,2.423,6,0.199,0.9795,False
German,離卦-static,z,-1.055,4,0.194,0.9795,False
German,離卦-dynamic,ʃ,-0.874,14,0.199,0.9795,False
German,震卦-dynamic,j,0.86,5,0.1891,0.9795,False
German,兌卦-dynamic,ɪ,-0.827,20,0.1891,0.9795,False
German,離卦-dynamic,k,-0.804,26,0.209,0.9795,False
German,震卦-static,u,-0.792,6,0.209,0.9795,False
German,艮卦-dynamic,e,-0.782,10,0.194,0.9795,False
German,震卦-static,ɔ,0.719,26,0.1841,0.9795,False
German,艮卦-dynamic,t͡s,-0.677,9,0.1891,0.9795,False
German,震卦-static,f,-0.657,29,0.204,0.9795,False
German,坤卦-dynamic,ŋ,0.65,19,0.209,0.9795,False
German,中卦-static,ɛ,0.628,55,0.204,0.9795,False
German,中卦-static,ɪ,0.605,68,0.194,0.9795,False
German,中卦-dynamic,k,2.061,6,0.3035,0.9804,False
German,巽卦-static,ɡ,1.801,3,0.2637,0.9804,False
German,巽卦-static,k,1.685,6,0.3532,0.9804,False
German,兌卦-static,s,1.659,8,0.2239,0.9804,False
German,巽卦-dynamic,t͡s,1.648,4,0.2488,0.9804,False
German,巽卦-dynamic,l,1.625,14,0.2687,0.9804,False
German,坎卦-static,u,1.372,3,0.3284,0.9804,False
German,坎卦-static,l,-1.353,6,0.2886,0.9804,False
German,坤卦-static,a͡ʊ,1.32,3,0.2537,0.9804,False
German,兌卦-static,b,1.32,7,0.2736,0.9804,False
German,兌卦-static,n,-1.206,7,0.3483,0.9804,False
German,兌卦-static,ʊ,1.189,6,0.2438,0.9804,False
German,兌卦-static,a,-1.181,4,0.2687,0.9804,False
German,乾卦-static,d,1.152,8,0.2687,0.9804,False
German,坎卦-static,m,1.146,8,0.4129,0.9804,False
German,巽卦-dynamic,ɔ,1.135,4,0.4577,0.9804,False
German,艮卦-static,l,1.132,39,0.2139,0.9804,False
German,兌卦-static,ɑ,1.118,6,0.2886,0.9804,False
German,乾卦-static,t,-1.11,10,0.2935,0.9804,False
German,乾卦-static,c,1.105,9,0.2736,0.9804,False
German,坎卦-static,ɪ,1.093,11,0.4378,0.9804,False
German,坎卦-static,ŋ,1.055,3,0.3483,0.9804,False
German,坎卦-dynamic,n,1.024,51,0.2438,0.9804,False
German,坎卦-dynamic,t͡s,0.992,9,0.2935,0.9804,False
German,坤卦-static,ɜ,0.968,7,0.3632,0.9804,False
German,乾卦-static,s,0.953,9,0.3532,0.9804,False
German,兌卦-static,ɪ,-0.94,3,0.3781,0.9804,False
German,坎卦-dynamic,a͡ɪ,0.932,14,0.3731,0.9804,False
German,艮卦-static,z,-0.908,4,0.2388,0.9804,False
German,乾卦-static,h,0.899,5,0.4527,0.9804,False
German,坎卦-static,k,-0.897,4,0.4826,0.9804,False
German,乾卦-static,b,-0.874,3,0.4677,0.9804,False
German,坤卦-static,s,0.847,7,0.4229,0.9804,False
German,乾卦-static,l,-0.847,11,0.4328,0.9804,False
German,震卦-dynamic,ø,0.837,3,0.2189,0.9804,False
German,兌卦-static,m,-0.836,3,0.4328,0.9804,False
German,坎卦-dynamic,t,0.831,34,0.3383,0.9804,False
German,坎卦-dynamic,b,0.811,13,0.3881,0.9804,False
German,離卦-static,a͡ɪ,-0.81,5,0.2736,0.9804,False
German,艮卦-static,v,-0.799,3,0.3284,0.9804,False
German,艮卦-static,ɾ,0.786,24,0.3483,0.9804,False
German,乾卦-dynamic,l,-0.786,41,0.2289,0.9804,False
German,艮卦-dynamic,u,-0.773,6,0.2239,0.9804,False
German,離卦-static,ɾ,0.769,29,0.3284,0.9804,False
German,艮卦-static,ɡ,0.742,13,0.3682,0.9804,False
German,乾卦-dynamic,c,-0.742,4,0.2886,0.9804,False
German,震卦-dynamic,c,-0.733,4,0.2488,0.9804,False
German,乾卦-dynamic,ɪ,-0.725,19,0.2836,0.9804,False
German,乾卦-dynamic,u,0.724,12,0.2786,0.9804,False
German,離卦-static,b,0.723,17,0.3383,0.9804,False
German,艮卦-static,t͡s,0.72,9,0.3831,0.9804,False
German,坎卦-dynamic,ɜ,0.712,13,0.4328,0.9804,False
German,乾卦-dynamic,ɾ,0.71,47,0.2239,0.9804,False
German,坎卦-dynamic,r,-0.709,4,0.4577,0.9804,False
German,艮卦-dynamic,z,-0.705,12,0.2189,0.9804,False
German,坎卦-dynamic,ə,0.704,42,0.4826,0.9804,False
German,離卦-dynamic,ə,0.696,110,0.3134,0.9804,False
German,離卦-dynamic,ŋ,-0.695,5,0.3085,0.9804,False
German,離卦-dynamic,u,0.692,14,0.3234,0.9804,False
German,艮卦-static,a͡ɪ,0.69,14,0.3881,0.9804,False
German,中卦-static,n,-0.685,79,0.2139,0.9804,False
German,艮卦-dynamic,ʏ,0.683,12,0.2438,0.9804,False
German,離卦-static,c,-0.682,3,0.4279,0.9804,False
German,震卦-static,ʊ͡ɐ,0.681,3,0.2736,0.9804,False
German,艮卦-static,ɪ,-0.677,10,0.398,0.9804,False
German,離卦-static,l,0.676,42,0.3383,0.9804,False
German,離卦-dynamic,ʊ,-0.67,10,0.3333,0.9804,False
German,離卦-dynamic,m,-0.664,20,0.2786,0.9804,False
German,震卦-dynamic,ɜ,-0.658,14,0.2836,0.9804,False
German,離卦-static,ɡ,-0.651,7,0.4378,0.9804,False
German,離卦-static,d,-0.649,8,0.4229,0.9804,False
German,坤卦-dynamic,s,0.648,45,0.2438,0.9804,False
German,兌卦-dynamic,f,0.645,43,0.2836,0.9804,False
German,震卦-dynamic,ɑ,0.642,24,0.3284,0.9804,False
German,震卦-static,z,-0.638,13,0.2786,0.9804,False
German,兌卦-dynamic,l,-0.623,52,0.2935,0.9804,False
German,震卦-dynamic,k,-0.617,25,0.3632,0.9804,False
German,艮卦-static,k,-0.615,13,0.4328,0.9804,False
German,艮卦-static,c,-0.614,3,0.408,0.9804,False
German,震卦-dynamic,a͡ʊ,-0.614,3,0.3333,0.9804,False
German,兌卦-dynamic,r,0.611,32,0.3035,0.9804,False
German,震卦-dynamic,v,0.604,30,0.3234,0.9804,False
German,乾卦-dynamic,a͡ɪ,-0.599,11,0.4328,0.9804,False
German,坤卦-dynamic,ø,0.598,4,0.2637,0.9804,False
German,乾卦-dynamic,ɔ,0.598,20,0.3333,0.9804,False
German,艮卦-dynamic,l,-0.596,54,0.3234,0.9804,False
German,乾卦-dynamic,f,0.595,36,0.3731,0.9804,False
German,乾卦-dynamic,n,-0.595,56,0.3284,0.9804,False
German,兌卦-dynamic,ʊ,-0.593,11,0.3881,0.9804,False
German,離卦-static,t,0.592,43,0.4726,0.9804,False
German,離卦-static,k,0.588,31,0.4428,0.9804,False
German,震卦-dynamic,ɪ,-0.587,21,0.3085,0.9804,False
German,震卦-static,c,-0.581,8,0.2736,0.9804,False
German,離卦-static,ŋ,-0.581,3,0.4428,0.9804,False
German,艮卦-static,d,0.58,12,0.4677,0.9804,False
German,離卦-static,ɑ,-0.573,8,0.4428,0.9804,False
German,兌卦-dynamic,x,0.57,8,0.3234,0.9804,False
German,兌卦-dynamic,u,-0.564,7,0.3582,0.9804,False
German,兌卦-dynamic,c,-0.562,8,0.3433,0.9804,False
German,中卦-static,ɔ,-0.558,14,0.2836,0.9804,False
German,兌卦-dynamic,ɾ,-0.552,38,0.393,0.9804,False
German,震卦-dynamic,t͡s,0.536,16,0.4279,0.9804,False
German,震卦-dynamic,b,0.53,25,0.3682,0.9804,False
German,艮卦-dynamic,x,0.525,8,0.3632,0.9804,False
German,中卦-static,m,-0.524,28,0.2985,0.9804,False
German,離卦-dynamic,t,-0.516,57,0.4129,0.9804,False
German,中卦-static,v,0.511,44,0.2587,0.9804,False
German,中卦-static,ɾ,-0.508,49,0.2935,0.9804,False
German,震卦-static,a,0.502,49,0.3433,0.9804,False
German,坤卦-dynamic,n,-0.498,90,0.3532,0.9804,False
German,中卦-static,ɡ,0.497,35,0.2886,0.9804,False
German,離卦-dynamic,a͡ɪ,0.496,30,0.4627,0.9804,False
German,震卦-dynamic,a͡ɪ,-0.49,12,0.4328,0.9804,False
German,中卦-static,j,0.488,6,0.3085,0.9804,False
German,震卦-dynamic,a,-0.485,27,0.393,0.9804,False
German,離卦-dynamic,r,0.483,30,0.4677,0.9804,False
German,艮卦-dynamic,ɾ,-0.481,40,0.403,0.9804,False
German,離卦-static,ɜ,-0.473,10,0.4826,0.9804,False
German,離卦-dynamic,ɔ,-0.472,12,0.4826,0.9804,False
German,震卦-static,p,0.468,25,0.408,0.9804,False
German,兌卦-dynamic,o,-0.468,11,0.4428,0.9804,False
German,兌卦-dynamic,a͡ɪ,-0.467,15,0.4328,0.9804,False
German,震卦-dynamic,ə,0.465,83,0.4577,0.9804,False
German,震卦-dynamic,s,0.463,27,0.4428,0.9804,False
German,兌卦-dynamic,p,-0.458,12,0.4726,0.9804,False
German,震卦-dynamic,n,0.455,90,0.4826,0.9804,False
German,艮卦-dynamic,h,-0.454,8,0.4478,0.9804,False
German,中卦-static,u,0.447,16,0.3532,0.9804,False
German,中卦-static,a͡ʊ,-0.446,6,0.393,0.9804,False
German,艮卦-dynamic,k,0.443,58,0.4726,0.9804,False
German,兌卦-dynamic,ʏ,-0.443,3,0.4826,0.9804,False
German,艮卦-dynamic,m,-0.436,24,0.4527,0.9804,False
German,震卦-static,s,-0.436,24,0.4577,0.9804,False
German,坤卦-dynamic,ɾ,-0.43,51,0.408,0.9804,False
German,坤卦-dynamic,ɔ,-0.428,16,0.3532,0.9804,False
German,坤卦-dynamic,ʏ,-0.428,4,0.4279,0.9804,False
German,震卦-dynamic,i,-0.426,16,0.4229,0.9804,False
German,震卦-static,m,0.422,38,0.4428,0.9804,False
German,震卦-static,ɪ,-0.415,31,0.4378,0.9804,False
German,坤卦-dynamic,l,0.414,97,0.4279,0.9804,False
German,艮卦-dynamic,c,-0.413,11,0.4279,0.9804,False
German,中卦-static,ʊ,-0.413,17,0.3781,0.9804,False
German,震卦-static,ʏ,0.408,10,0.4428,0.9804,False
German,中卦-static,s,0.404,41,0.3881,0.9804,False
German,中卦-static,o,-0.4,15,0.4229,0.9804,False
German,中卦-static,ʃ,0.396,43,0.4577,0.9804,False
German,坤卦-dynamic,b,0.394,37,0.4677,0.9804,False
German,艮卦-dynamic,f,0.384,41,0.4129,0.9804,False
German,中卦-static,x,0.37,9,0.408,0.9804,False
German,震卦-static,v,-0.362,17,0.4826,0.9804,False
German,坤卦-dynamic,i,-0.361,27,0.4826,0.9804,False
German,坤卦-dynamic,ɡ,-0.36,22,0.4229,0.9804,False
German,坤卦-dynamic,ɛ,0.357,51,0.4826,0.9804,False
German,艮卦-dynamic,v,-0.348,17,0.4726,0.9804,False
German,中卦-static,y,0.343,10,0.4279,0.9804,False
German,巽卦-static,c,1.384,3,0.5025,0.981,False
German,坎卦-static,z,0.884,5,0.5025,0.981,False
German,兌卦-static,ɛ,-0.871,4,0.4975,0.981,False
German,坤卦-static,c,0.749,6,0.4975,0.981,False
German,坎卦-dynamic,ɾ,-0.649,14,0.4925,0.981,False
German,坎卦-dynamic,ɔ,0.599,9,0.4876,0.981,False
German,坎卦-dynamic,z,0.585,10,0.5025,0.981,False
German,離卦-static,f,-0.544,15,0.4925,0.981,False
German,離卦-static,t͡s,0.519,10,0.5025,0.981,False
German,兌卦-dynamic,i,-0.405,20,0.4876,0.981,False
German,震卦-dynamic,d,-0.378,15,0.4975,0.981,False
German,坤卦-dynamic,ɪ,0.311,60,0.5025,0.981,False
German,中卦-dynamic,a͡ɪ,1.67,3,0.5274,0.9821,False
German,中卦-dynamic,l,1.33,6,0.5721,0.9821,False
German,巽卦-static,ə,-1.129,3,0.5373,0.9821,False
German,中卦-dynamic,ə,-1.002,3,0.6318,0.9821,False
German,巽卦-dynamic,ə,0.913,16,0.5522,0.9821,False
German,巽卦-dynamic,r,0.902,5,0.5672,0.9821,False
German,巽卦-dynamic,s,0.803,5,0.6269,0.9821,False
German,巽卦-static,ɪ,0.793,4,0.6318,0.9821,False
German,坎卦-static,ɾ,-0.736,6,0.5821,0.9821,False
German,坤卦-static,t͡s,0.732,4,0.5323,0.9821,False
German,兌卦-static,t,-0.718,9,0.607,0.9821,False
German,坤卦-static,t,0.665,16,0.5672,0.9821,False
German,兌卦-static,ʃ,-0.658,3,0.5721,0.9821,False
German,兌卦-static,d,0.647,5,0.597,0.9821,False
German,坎卦-dynamic,s,-0.616,8,0.5124,0.9821,False
German,坤卦-static,ɾ,-0.608,7,0.592,0.9821,False
German,兌卦-static,ɡ,0.606,5,0.6318,0.9821,False
German,坎卦-dynamic,h,0.6,7,0.5124,0.9821,False
German,艮卦-static,s,-0.597,9,0.5672,0.9821,False
German,坎卦-dynamic,ɪ,-0.563,10,0.5274,0.9821,False
German,坎卦-static,i,0.534,7,0.6119,0.9821,False
German,艮卦-static,h,-0.528,3,0.5622,0.9821,False
German,乾卦-static,ɾ,-0.523,9,0.6318,0.9821,False
German,坎卦-dynamic,o,-0.511,4,0.607,0.9821,False
German,艮卦-static,ɑ,-0.489,7,0.5721,0.9821,False
German,離卦-dynamic,ɪ,-0.489,28,0.5522,0.9821,False
German,艮卦-static,a,-0.487,14,0.5124,0.9821,False
German,艮卦-static,r,-0.487,6,0.5622,0.9821,False
German,艮卦-static,n,-0.486,30,0.5672,0.9821,False
German,坎卦-dynamic,i,-0.478,7,0.6269,0.9821,False
German,坎卦-dynamic,ɡ,-0.475,6,0.607,0.9821,False
German,離卦-static,ʊ,0.474,13,0.5572,0.9821,False
German,坎卦-dynamic,k,-0.473,13,0.5821,0.9821,False
German,艮卦-static,t,0.45,34,0.5821,0.9821,False
German,離卦-static,ə,0.45,52,0.5323,0.9821,False
German,坎卦-dynamic,ɛ,-0.449,11,0.5721,0.9821,False
German,震卦-dynamic,r,0.445,24,0.5522,0.9821,False
German,艮卦-static,p,0.436,10,0.602,0.9821,False
German,離卦-static,ɛ,-0.43,15,0.5721,0.9821,False
German,兌卦-dynamic,v,-0.422,15,0.5174,0.9821,False
German,艮卦-dynamic,b,-0.421,19,0.5174,0.9821,False
German,坎卦-dynamic,ŋ,0.419,5,0.6269,0.9821,False
German,震卦-dynamic,ʊ,0.415,20,0.5174,0.9821,False
German,離卦-dynamic,a͡ʊ,-0.405,5,0.5522,0.9821,False
German,離卦-dynamic,c,-0.399,11,0.5871,0.9821,False
German,艮卦-static,ɛ,0.379,17,0.607,0.9821,False
German,震卦-static,ʊ,0.379,25,0.5323,0.9821,False
German,離卦-dynamic,f,0.379,40,0.5373,0.9821,False
German,艮卦-dynamic,a͡ɪ,-0.366,17,0.5672,0.9821,False
German,艮卦-static,x,0.362,3,0.6219,0.9821,False
German,艮卦-dynamic,d,-0.358,19,0.5423,0.9821,False
German,乾卦-dynamic,ʊ,-0.357,12,0.5473,0.9821,False
German,震卦-static,t,0.348,81,0.5522,0.9821,False
German,乾卦-dynamic,t͡s,-0.337,10,0.5373,0.9821,False
German,震卦-dynamic,z,-0.334,13,0.5672,0.9821,False
German,艮卦-dynamic,t,-0.327,63,0.5622,0.9821,False
German,坤卦-dynamic,ɑ,0.323,33,0.5224,0.9821,False
German,中卦-static,ɜ,-0.32,27,0.5622,0.9821,False
German,乾卦-dynamic,v,0.32,26,0.6219,0.9821,False
German,艮卦-dynamic,ɡ,0.313,26,0.5771,0.9821,False
German,震卦-static,ə,0.31,100,0.5473,0.9821,False
German,艮卦-dynamic,ɑ,-0.308,19,0.5771,0.9821,False
German,艮卦-dynamic,i,-0.299,23,0.607,0.9821,False
German,中卦-static,p,-0.289,18,0.5473,0.9821,False
German,兌卦-dynamic,ŋ,-0.281,8,0.6219,0.9821,False
German,坤卦-dynamic,d,-0.267,25,0.6119,0.9821,False
German,艮卦-dynamic,ɪ,-0.267,34,0.6318,0.9821,False
German,中卦-static,e,-0.256,18,0.5821,0.9821,False
German,中卦-static,r,0.243,33,0.6219,0.9821,False
German,坤卦-dynamic,c,0.237,29,0.592,0.9821,False
German,震卦-static,i,-0.233,25,0.6318,0.9821,False
German,中卦-dynamic,n,-1.023,3,0.6418,0.9891,False
German,坎卦-dynamic,l,-0.49,21,0.6418,0.9891,False
German,艮卦-static,ʏ,0.387,4,0.6418,0.9891,False
German,震卦-dynamic,ŋ,0.296,10,0.6418,0.9891,False
German,震卦-static,ɑ,0.253,26,0.6517,0.9976,False
German,巽卦-static,ʃ,1.008,3,0.6816,1.0,False
German,巽卦-static,v,0.93,3,0.6816,1.0,False
German,巽卦-static,l,0.922,6,0.6567,1.0,False
German,巽卦-dynamic,d,0.694,4,0.6915,1.0,False
German,巽卦-dynamic,ɑ,0.651,4,0.6965,1.0,False
German,坎卦-static,t,0.568,14,0.7363,1.0,False
German,兌卦-static,o,0.534,4,0.6667,1.0,False
German,乾卦-static,ʊ,0.505,6,0.6617,1.0,False
German,坎卦-static,f,-0.502,5,0.7562,1.0,False
German,乾卦-static,u,0.482,3,0.6716,1.0,False
German,坤卦-static,m,0.479,7,0.6716,1.0,False
German,巽卦-static,n,-0.44,5,0.8109,1.0,False
German,巽卦-dynamic,t,-0.435,8,0.7811,1.0,False
German,乾卦-static,ɑ,-0.435,4,0.6965,1.0,False
German,兌卦-static,f,0.429,7,0.7363,1.0,False
German,坤卦-static,ə,-0.422,13,0.7463,1.0,False
German,坤卦-static,a͡ɪ,-0.406,3,0.7612,1.0,False
German,巽卦-dynamic,ɛ,-0.406,4,0.8458,1.0,False
German,坤卦-static,ɑ,0.404,5,0.7114,1.0,False
German,乾卦-static,i,0.403,9,0.7313,1.0,False
German,乾卦-static,a,-0.401,8,0.7164,1.0,False
German,乾卦-static,p,-0.396,3,0.7214,1.0,False
German,坎卦-static,ɛ,-0.394,5,0.801,1.0,False
German,坤卦-static,v,-0.377,3,0.7164,1.0,False
German,坎卦-dynamic,d,-0.375,7,0.7114,1.0,False
German,坤卦-static,ɪ,0.361,9,0.7562,1.0,False
German,震卦-dynamic,h,0.353,13,0.6915,1.0,False
German,坤卦-static,i,0.351,7,0.7711,1.0,False
German,坎卦-static,ɜ,0.349,5,0.7761,1.0,False
German,坤卦-static,k,-0.343,7,0.7861,1.0,False
German,坎卦-dynamic,y,0.34,3,0.806,1.0,False
German,坤卦-static,l,-0.336,11,0.7413,1.0,False
German,離卦-static,e,-0.329,7,0.6567,1.0,False
German,離卦-dynamic,o,-0.306,13,0.6866,1.0,False
German,離卦-dynamic,p,-0.306,14,0.6965,1.0,False
German,巽卦-dynamic,a,0.304,6,0.8657,1.0,False
German,兌卦-static,ɜ,0.297,5,0.8109,1.0,False
German,乾卦-dynamic,h,-0.291,8,0.6866,1.0,False
German,坎卦-static,ə,0.279,16,0.8507,1.0,False
German,震卦-static,h,-0.277,10,0.6567,1.0,False
German,乾卦-static,n,0.277,24,0.796,1.0,False
German,艮卦-static,ɔ,-0.274,6,0.7363,1.0,False
German,坤卦-static,n,-0.265,15,0.8209,1.0,False
German,艮卦-static,ə,0.265,40,0.7463,1.0,False
German,離卦-static,h,-0.265,5,0.791,1.0,False
German,乾卦-dynamic,a͡ʊ,-0.263,5,0.7065,1.0,False
German,巽卦-static,a,0.261,3,0.8905,1.0,False
German,坎卦-static,ʃ,-0.257,4,0.8308,1.0,False
German,巽卦-dynamic,ɜ,-0.257,3,0.9104,1.0,False
German,乾卦-static,f,0.252,9,0.8507,1.0,False
German,艮卦-static,i,-0.25,10,0.7512,1.0,False
German,離卦-static,i,0.249,18,0.7662,1.0,False
German,乾卦-dynamic,ŋ,-0.247,7,0.7164,1.0,False
German,艮卦-static,ɜ,0.241,12,0.7562,1.0,False
German,坎卦-dynamic,ʊ,-0.238,6,0.806,1.0,False
German,震卦-static,r,-0.237,19,0.6915,1.0,False
German,離卦-dynamic,h,-0.237,10,0.7015,1.0,False
German,離卦-static,s,-0.235,13,0.7612,1.0,False
German,坎卦-dynamic,v,0.233,11,0.791,1.0,False
German,乾卦-dynamic,a,-0.232,31,0.7065,1.0,False
German,艮卦-dynamic,ŋ,0.226,12,0.7015,1.0,False
German,震卦-dynamic,ɔ,-0.225,12,0.7413,1.0,False
German,乾卦-static,t͡s,-0.223,3,0.8507,1.0,False
German,兌卦-static,ə,0.222,16,0.8308,1.0,False
German,坤卦-static,b,0.219,5,0.8756,1.0,False
German,艮卦-dynamic,y,-0.215,4,0.7363,1.0,False
German,艮卦-static,b,-0.211,9,0.8159,1.0,False
German,震卦-dynamic,m,-0.207,22,0.7313,1.0,False
German,艮卦-dynamic,r,0.202,26,0.7562,1.0,False
German,兌卦-static,z,-0.202,3,0.8458,1.0,False
German,離卦-static,ɪ,-0.192,18,0.8358,1.0,False
German,離卦-dynamic,e,0.191,18,0.7363,1.0,False
German,乾卦-dynamic,ʃ,0.189,26,0.7512,1.0,False
German,坎卦-dynamic,ʏ,0.186,3,0.8507,1.0,False
German,中卦-dynamic,ɾ,0.181,3,0.9303,1.0,False
German,坤卦-dynamic,x,0.18,8,0.7065,1.0,False
German,震卦-static,y,0.178,7,0.796,1.0,False
German,艮卦-static,o,0.177,8,0.8806,1.0,False
German,坤卦-dynamic,t͡s,-0.174,17,0.7015,1.0,False
German,坤卦-dynamic,v,-0.174,26,0.7214,1.0,False
German,艮卦-dynamic,o,-0.169,15,0.806,1.0,False
German,乾卦-dynamic,p,0.166,17,0.7811,1.0,False
German,艮卦-dynamic,ɜ,0.165,28,0.791,1.0,False
German,兌卦-dynamic,e,-0.158,15,0.7761,1.0,False
German,坎卦-static,s,0.157,5,0.9403,1.0,False
German,震卦-dynamic,u,0.154,9,0.806,1.0,False
German,坤卦-dynamic,ɜ,-0.153,30,0.7711,1.0,False
German,坤卦-static,f,0.151,7,0.9055,1.0,False
German,坤卦-dynamic,k,-0.148,54,0.7861,1.0,False
German,中卦-static,z,0.147,27,0.7413,1.0,False
German,坤卦-dynamic,u,-0.143,12,0.8209,1.0,False
German,兌卦-dynamic,z,-0.143,18,0.791,1.0,False
German,震卦-dynamic,t,-0.137,54,0.806,1.0,False
German,離卦-dynamic,ɜ,0.137,27,0.801,1.0,False
German,震卦-static,x,-0.136,5,0.8209,1.0,False
German,兌卦-dynamic,h,-0.134,11,0.8458,1.0,False
German,坤卦-dynamic,ʊ,-0.133,22,0.806,1.0,False
German,艮卦-dynamic,ɔ,0.132,19,0.806,1.0,False
German,坤卦-dynamic,m,-0.13,36,0.8308,1.0,False
German,震卦-static,l,-0.13,66,0.8657,1.0,False
German,震卦-dynamic,ʃ,-0.13,21,0.8756,1.0,False
German,離卦-dynamic,ɡ,-0.128,20,0.8308,1.0,False
German,震卦-dynamic,p,0.127,16,0.8458,1.0,False
German,坤卦-dynamic,z,0.124,27,0.806,1.0,False
German,兌卦-dynamic,ɡ,-0.124,20,0.8259,1.0,False
German,坤卦-dynamic,p,0.121,25,0.801,1.0,False
German,震卦-dynamic,ɾ,-0.121,36,0.9104,1.0,False
German,乾卦-static,k,-0.121,10,0.9303,1.0,False
German,兌卦-static,e,0.12,3,0.9055,1.0,False
German,離卦-dynamic,i,0.118,32,0.8806,1.0,False
German,乾卦-dynamic,b,-0.114,19,0.8657,1.0,False
German,乾卦-dynamic,i,0.114,27,0.8358,1.0,False
German,坎卦-static,a,0.112,7,0.8955,1.0,False
German,坤卦-dynamic,y,0.111,8,0.801,1.0,False
German,巽卦-dynamic,ɾ,-0.11,6,0.9303,1.0,False
German,震卦-dynamic,f,-0.109,28,0.8905,1.0,False
German,乾卦-dynamic,k,0.109,41,0.8905,1.0,False
German,中卦-static,l,0.108,87,0.8308,1.0,False
German,兌卦-dynamic,ʃ,-0.106,26,0.8557,1.0,False
German,坎卦-static,r,0.098,4,0.9204,1.0,False
German,離卦-dynamic,v,-0.093,22,0.9104,1.0,False
German,離卦-dynamic,x,-0.092,5,0.9204,1.0,False
German,坎卦-static,a͡ɪ,0.091,4,0.9254,1.0,False
German,坎卦-static,n,0.09,16,0.9204,1.0,False
German,坤卦-dynamic,h,0.089,17,0.8458,1.0,False
German,艮卦-dynamic,ɛ,0.088,37,0.8856,1.0,False
German,坎卦-static,o,0.088,3,0.9502,1.0,False
German,離卦-dynamic,b,0.088,25,0.9055,1.0,False
German,乾卦-static,v,0.081,6,0.9403,1.0,False
German,坤卦-dynamic,r,0.08,30,0.8756,1.0,False
German,兌卦-dynamic,y,0.08,6,0.9005,1.0,False
German,離卦-dynamic,y,0.078,6,0.8706,1.0,False
German,坎卦-dynamic,m,-0.077,11,0.9602,1.0,False
German,中卦-static,ɑ,0.074,29,0.8806,1.0,False
German,離卦-static,r,0.074,12,0.9154,1.0,False
German,坤卦-static,ʃ,-0.069,5,0.9403,1.0,False
German,震卦-static,ŋ,-0.066,10,0.9254,1.0,False
German,乾卦-dynamic,y,0.065,5,0.9005,1.0,False
German,巽卦-dynamic,n,-0.064,12,0.9652,1.0,False
German,離卦-static,o,0.064,9,0.9254,1.0,False
German,離卦-dynamic,a,-0.064,39,0.9204,1.0,False
German,震卦-dynamic,ɡ,-0.063,17,0.9453,1.0,False
German,離卦-static,m,-0.06,15,0.9154,1.0,False
German,離卦-dynamic,z,-0.059,19,0.9204,1.0,False
German,震卦-static,ʃ,-0.056,28,0.9154,1.0,False
German,乾卦-dynamic,ɛ,-0.052,29,0.9104,1.0,False
German,艮卦-dynamic,p,0.048,19,0.9303,1.0,False
German,中卦-static,b,0.048,31,0.9453,1.0,False
German,震卦-static,t͡s,-0.048,15,0.9403,1.0,False
German,坎卦-dynamic,a͡ʊ,0.047,3,0.9851,1.0,False
German,坤卦-static,e,-0.046,3,0.9801,1.0,False
German,坤卦-dynamic,o,0.037,22,0.9552,1.0,False
German,艮卦-dynamic,a͡ʊ,0.037,8,0.9502,1.0,False
German,乾卦-dynamic,z,0.037,17,0.9602,1.0,False
German,坎卦-dynamic,a,-0.036,15,0.9552,1.0,False
German,艮卦-static,ʃ,0.035,12,0.9701,1.0,False
German,震卦-dynamic,o,0.035,14,0.9453,1.0,False
German,離卦-static,ɔ,0.033,9,0.9652,1.0,False
German,中卦-static,a,0.027,51,0.9453,1.0,False
German,中卦-static,ŋ,0.027,13,0.9552,1.0,False
German,兌卦-dynamic,t͡s,0.026,15,0.9602,1.0,False
German,坤卦-dynamic,ʃ,0.022,36,0.9751,1.0,False
German,乾卦-dynamic,r,0.021,19,0.9701,1.0,False
German,坤卦-static,ɡ,-0.02,4,0.995,1.0,False
German,震卦-static,d,-0.02,23,0.9751,1.0,False
German,艮卦-static,f,-0.015,15,0.9851,1.0,False
German,中卦-static,d,-0.015,28,0.9851,1.0,False
German,中卦-static,ʏ,-0.015,8,0.9851,1.0,False
German,震卦-static,k,0.011,48,0.99,1.0,False
German,巽卦-dynamic,i,0.008,4,0.99,1.0,False
German,艮卦-static,ʊ,-0.005,8,0.995,1.0,False
German,兌卦-dynamic,m,0.002,30,1.0,1.0,False
Greek,坤卦-static,ɲ,3.82,4,0.005,0.2524,False
Greek,坎卦-dynamic,ð,2.679,22,0.005,0.2524,False
Greek,兌卦-dynamic,n,2.01,72,0.005,0.2524,False
Greek,震卦-dynamic,d,1.965,12,0.005,0.2524,False
Greek,兌卦-dynamic,o,1.769,194,0.005,0.2524,False
Greek,艮卦-static,p,1.56,35,0.005,0.2524,False
Greek,中卦-static,p,1.541,119,0.005,0.2524,False
Greek,坤卦-dynamic,s,1.27,198,0.005,0.2524,False
Greek,兌卦-dynamic,s,-1.191,46,0.005,0.2524,False
Greek,震卦-static,e,-1.113,47,0.005,0.2524,False
Greek,坤卦-dynamic,e,0.991,126,0.005,0.2524,False
Greek,兌卦-dynamic,a͡ɪ,3.624,3,0.01,0.2776,False
Greek,坤卦-static,ʎ,3.044,3,0.01,0.2776,False
Greek,兌卦-static,f,2.958,6,0.01,0.2776,False
Greek,震卦-dynamic,p,1.904,69,0.01,0.2776,False
Greek,離卦-dynamic,x,1.575,18,0.01,0.2776,False
Greek,震卦-static,ð,1.419,53,0.01,0.2776,False
Greek,坤卦-dynamic,v,-1.277,10,0.01,0.2776,False
Greek,離卦-dynamic,e,1.161,80,0.01,0.2776,False
Greek,震卦-static,t,0.95,80,0.01,0.2776,False
Greek,震卦-dynamic,b,2.383,11,0.0149,0.3085,False
Greek,乾卦-static,m,2.034,18,0.0149,0.3085,False
Greek,坤卦-dynamic,ʎ,1.556,12,0.0149,0.3085,False
Greek,艮卦-static,k,-1.344,9,0.0149,0.3085,False
Greek,中卦-static,x,1.279,30,0.0149,0.3085,False
Greek,震卦-static,o,-1.119,111,0.0149,0.3085,False
Greek,中卦-static,e,0.937,139,0.0149,0.3085,False
Greek,巽卦-static,c,2.94,6,0.0199,0.347,False
Greek,艮卦-dynamic,ŋ,1.811,9,0.0199,0.347,False
Greek,艮卦-dynamic,d,1.75,11,0.0199,0.347,False
Greek,艮卦-static,r,-1.222,23,0.0199,0.347,False
Greek,中卦-static,v,-0.951,17,0.0199,0.347,False
Greek,兌卦-static,v,2.583,5,0.0249,0.4083,False
Greek,乾卦-static,k,1.765,18,0.0249,0.4083,False
Greek,坤卦-static,c,2.034,11,0.0299,0.4271,False
Greek,離卦-static,u,1.944,22,0.0299,0.4271,False
Greek,震卦-static,ɡ,1.277,10,0.0299,0.4271,False
Greek,兌卦-dynamic,i,-1.077,99,0.0299,0.4271,False
Greek,中卦-static,r,-0.72,99,0.0299,0.4271,False
Greek,離卦-static,t͡s,1.991,8,0.0348,0.4417,False
Greek,震卦-static,x,-1.209,3,0.0348,0.4417,False
Greek,艮卦-static,t,1.185,35,0.0348,0.4417,False
Greek,中卦-static,n,-0.798,49,0.0348,0.4417,False
Greek,中卦-static,t,0.73,105,0.0348,0.4417,False
Greek,兌卦-static,l,2.32,8,0.0398,0.4627,False
Greek,巽卦-static,n,1.838,8,0.0398,0.4627,False
Greek,艮卦-static,l,1.236,29,0.0398,0.4627,False
Greek,坤卦-dynamic,x,-1.075,5,0.0398,0.4627,False
Greek,離卦-static,l,1.28,41,0.0448,0.4899,False
Greek,震卦-static,v,-0.961,12,0.0448,0.4899,False
Greek,震卦-static,i,0.905,251,0.0448,0.4899,False
Greek,離卦-static,j,1.433,14,0.0498,0.4957,False
Greek,離卦-static,k,1.185,41,0.0498,0.4957,False
Greek,乾卦-dynamic,p,-1.074,15,0.0498,0.4957,False
Greek,巽卦-static,j,2.572,3,0.0547,0.5176,False
Greek,坤卦-dynamic,j,1.05,26,0.0547,0.5176,False
Greek,震卦-dynamic,n,0.853,53,0.0547,0.5176,False
Greek,坎卦-static,θ,1.961,11,0.0597,0.5205,False
Greek,坎卦-static,s,1.359,40,0.0597,0.5205,False
Greek,乾卦-dynamic,j,1.346,18,0.0597,0.5205,False
Greek,坎卦-static,t,1.159,21,0.0597,0.5205,False
Greek,坤卦-dynamic,ð,-0.852,23,0.0597,0.5205,False
Greek,坤卦-static,t,-1.404,5,0.0647,0.523,False
Greek,艮卦-dynamic,u,1.161,22,0.0647,0.523,False
Greek,艮卦-dynamic,i,-1.011,100,0.0647,0.523,False
Greek,艮卦-dynamic,k,0.865,47,0.0647,0.523,False
Greek,離卦-dynamic,ð,0.867,34,0.0697,0.5398,False
Greek,坤卦-dynamic,a,-0.674,173,0.0697,0.5398,False
Greek,離卦-dynamic,b,1.334,8,0.0746,0.5552,False
Greek,坎卦-static,x,1.66,6,0.0796,0.5623,False
Greek,艮卦-dynamic,b,1.157,7,0.0796,0.5623,False
Greek,兌卦-dynamic,m,0.84,46,0.0796,0.5623,False
Greek,震卦-dynamic,e,0.732,69,0.0796,0.5623,False
Greek,離卦-static,m,-1.015,18,0.0846,0.5899,False
Greek,兌卦-dynamic,e,0.739,69,0.0896,0.6169,False
Greek,巽卦-dynamic,θ,2.563,3,0.0995,0.6382,False
Greek,兌卦-dynamic,θ,-0.889,4,0.0995,0.6382,False
Greek,坤卦-dynamic,u,0.818,34,0.0945,0.6382,False
Greek,離卦-dynamic,o,0.81,163,0.0995,0.6382,False
Greek,震卦-dynamic,i,-0.778,112,0.0995,0.6382,False
Greek,中卦-static,k,0.628,85,0.0995,0.6382,False
Greek,離卦-dynamic,k,-0.726,26,0.1144,0.7174,False
Greek,兌卦-dynamic,r,-0.615,54,0.1194,0.7322,False
Greek,艮卦-dynamic,ɡ,1.218,7,0.1294,0.7441,False
Greek,乾卦-dynamic,x,0.866,14,0.1294,0.7441,False
Greek,離卦-dynamic,s,-0.712,62,0.1244,0.7441,False
Greek,乾卦-dynamic,e,-0.693,44,0.1294,0.7441,False
Greek,離卦-dynamic,u,-0.846,8,0.1343,0.7496,False
Greek,艮卦-dynamic,t,0.675,53,0.1343,0.7496,False
Greek,中卦-static,s,0.469,178,0.1343,0.7496,False
Greek,乾卦-static,n,1.126,17,0.1393,0.7524,False
Greek,坎卦-dynamic,m,1.01,20,0.1393,0.7524,False
Greek,震卦-static,ŋ,0.847,8,0.1443,0.7524,False
Greek,中卦-static,j,-0.737,5,0.1443,0.7524,False
Greek,兌卦-dynamic,ð,-0.714,15,0.1443,0.7524,False
Greek,震卦-dynamic,m,-0.699,27,0.1443,0.7524,False
Greek,坎卦-dynamic,d,1.312,4,0.1493,0.7571,False
Greek,乾卦-static,e,1.023,22,0.1493,0.7571,False
Greek,震卦-dynamic,o,0.608,149,0.1493,0.7571,False
Greek,兌卦-static,s,1.312,14,0.1542,0.7753,False
Greek,乾卦-dynamic,f,0.828,28,0.1592,0.7862,False
Greek,中卦-static,d,-0.63,5,0.1592,0.7862,False
Greek,兌卦-static,t,1.44,8,0.1692,0.7963,False
Greek,乾卦-static,i,-0.944,31,0.1791,0.7963,False
Greek,坎卦-static,e,-0.897,13,0.1791,0.7963,False
Greek,艮卦-dynamic,x,0.827,13,0.1841,0.7963,False
Greek,艮卦-static,m,0.735,25,0.1791,0.7963,False
Greek,兌卦-dynamic,u,0.697,19,0.1791,0.7963,False
Greek,艮卦-dynamic,e,0.643,66,0.1642,0.7963,False
Greek,中卦-static,u,-0.611,18,0.1741,0.7963,False
Greek,震卦-static,u,0.604,25,0.1791,0.7963,False
Greek,震卦-dynamic,s,-0.596,63,0.1841,0.7963,False
Greek,離卦-dynamic,l,-0.565,28,0.1841,0.7963,False
Greek,震卦-static,s,0.519,129,0.1741,0.7963,False
Greek,離卦-static,v,-0.944,7,0.1891,0.8053,False
Greek,坎卦-dynamic,p,-0.81,8,0.1891,0.8053,False
Greek,兌卦-dynamic,l,-0.558,27,0.199,0.8349,False
Greek,乾卦-static,r,-0.773,15,0.2139,0.8466,False
Greek,坎卦-dynamic,l,-0.77,10,0.209,0.8466,False
Greek,乾卦-dynamic,v,0.674,25,0.2139,0.8466,False
Greek,中卦-static,b,0.552,10,0.209,0.8466,False
Greek,坤卦-dynamic,p,0.504,74,0.2139,0.8466,False
Greek,離卦-dynamic,θ,-0.713,6,0.2239,0.8736,False
Greek,坤卦-dynamic,t,0.492,87,0.2239,0.8736,False
Greek,坎卦-dynamic,v,0.936,11,0.2289,0.8747,False
Greek,中卦-static,c,-0.444,26,0.2289,0.8747,False
Greek,乾卦-dynamic,u,0.726,20,0.2338,0.8876,False
Greek,艮卦-static,f,0.821,15,0.2388,0.8943,False
Greek,乾卦-dynamic,ʎ,0.796,5,0.2388,0.8943,False
Greek,坤卦-dynamic,k,0.465,72,0.2438,0.9009,False
Greek,艮卦-dynamic,t͡s,0.894,6,0.2488,0.9132,False
Greek,坎卦-dynamic,c,-0.795,4,0.2637,0.9554,False
Greek,巽卦-dynamic,a,-1.545,5,0.2786,0.9584,False
Greek,坎卦-dynamic,k,-0.79,10,0.2886,0.9584,False
Greek,艮卦-dynamic,θ,-0.678,6,0.2836,0.9584,False
Greek,離卦-static,e,-0.627,34,0.2786,0.9584,False
Greek,艮卦-dynamic,ð,-0.598,16,0.2736,0.9584,False
Greek,艮卦-dynamic,c,-0.565,12,0.2836,0.9584,False
Greek,震卦-static,f,-0.495,17,0.2736,0.9584,False
Greek,艮卦-dynamic,s,-0.479,65,0.2886,0.9584,False
Greek,中卦-static,z,-0.478,5,0.2786,0.9584,False
Greek,兌卦-dynamic,k,-0.446,29,0.2786,0.9584,False
Greek,坤卦-dynamic,i,-0.439,216,0.2836,0.9584,False
Greek,坎卦-dynamic,u,-0.911,3,0.3184,0.9604,False
Greek,坎卦-static,f,-0.823,3,0.3085,0.9604,False
Greek,艮卦-static,x,0.694,7,0.3035,0.9604,False
Greek,坤卦-static,s,-0.677,16,0.2935,0.9604,False
Greek,兌卦-dynamic,t͡s,0.6,5,0.3134,0.9604,False
Greek,離卦-static,n,-0.568,23,0.3085,0.9604,False
Greek,震卦-static,b,0.52,7,0.3134,0.9604,False
Greek,艮卦-dynamic,m,-0.49,29,0.3184,0.9604,False
Greek,兌卦-dynamic,a,-0.466,110,0.2985,0.9604,False
Greek,離卦-dynamic,i,-0.45,131,0.3035,0.9604,False
Greek,坤卦-dynamic,ɣ,-0.434,10,0.3085,0.9604,False
Greek,坤卦-dynamic,c,0.422,40,0.2985,0.9604,False
Greek,震卦-static,k,0.39,56,0.3134,0.9604,False
Greek,離卦-dynamic,j,-0.699,3,0.3234,0.9701,False
Greek,坎卦-static,k,0.624,15,0.3284,0.9798,False
Greek,兌卦-static,n,-0.831,3,0.3333,0.9841,False
Greek,兌卦-static,θ,1.215,3,0.4328,0.9936,False
Greek,巽卦-dynamic,i,1.115,15,0.4229,0.9936,False
Greek,巽卦-dynamic,k,1.114,4,0.4925,0.9936,False
Greek,巽卦-dynamic,p,0.951,4,0.4428,0.9936,False
Greek,巽卦-static,r,0.913,10,0.3532,0.9936,False
Greek,巽卦-dynamic,s,0.814,8,0.5025,0.9936,False
Greek,兌卦-static,r,-0.797,6,0.408,0.9936,False
Greek,坤卦-static,f,0.791,7,0.4129,0.9936,False
Greek,乾卦-static,f,-0.708,3,0.408,0.9936,False
Greek,艮卦-static,t͡s,0.696,3,0.4229,0.9936,False
Greek,兌卦-static,a,-0.695,12,0.4726,0.9936,False
Greek,乾卦-static,o,0.692,45,0.3532,0.9936,False
Greek,坎卦-static,u,-0.684,3,0.4378,0.9936,False
Greek,坎卦-static,o,0.664,51,0.3483,0.9936,False
Greek,乾卦-static,l,0.662,13,0.403,0.9936,False
Greek,巽卦-static,k,-0.659,3,0.5124,0.9936,False
Greek,坎卦-static,v,-0.635,4,0.408,0.9936,False
Greek,巽卦-static,l,-0.634,3,0.5721,0.9936,False
Greek,坤卦-static,k,-0.621,7,0.3632,0.9936,False
Greek,坤卦-static,p,-0.621,6,0.3881,0.9936,False
Greek,巽卦-static,m,0.616,5,0.4975,0.9936,False
Greek,坤卦-static,θ,0.601,5,0.5423,0.9936,False
Greek,坎卦-static,c,-0.599,4,0.4527,0.9936,False
Greek,坎卦-static,l,-0.584,9,0.3831,0.9936,False
Greek,坤卦-static,o,0.58,39,0.4229,0.9936,False
Greek,巽卦-dynamic,o,-0.567,8,0.7065,0.9936,False
Greek,乾卦-dynamic,ɲ,0.555,4,0.4279,0.9936,False
Greek,巽卦-static,o,-0.544,12,0.6169,0.9936,False
Greek,坤卦-static,v,0.533,6,0.6368,0.9936,False
Greek,乾卦-static,t,-0.524,10,0.4129,0.9936,False
Greek,乾卦-static,s,0.521,28,0.3731,0.9936,False
Greek,震卦-dynamic,ʎ,0.517,4,0.4179,0.9936,False
Greek,震卦-dynamic,x,-0.51,6,0.398,0.9936,False
Greek,兌卦-dynamic,z,0.504,34,0.3433,0.9936,False
Greek,巽卦-static,p,0.502,5,0.6169,0.9936,False
Greek,艮卦-dynamic,v,0.5,22,0.4229,0.9936,False
Greek,震卦-dynamic,θ,-0.491,8,0.398,0.9936,False
Greek,坤卦-static,m,0.487,11,0.5274,0.9936,False
Greek,巽卦-dynamic,e,0.487,5,0.7313,0.9936,False
Greek,艮卦-dynamic,j,0.481,11,0.398,0.9936,False
Greek,兌卦-static,i,-0.461,15,0.6219,0.9936,False
Greek,坎卦-dynamic,ɣ,0.456,14,0.5522,0.9936,False
Greek,乾卦-static,c,-0.451,4,0.592,0.9936,False
Greek,巽卦-static,i,0.447,19,0.6567,0.9936,False
Greek,兌卦-static,k,0.443,5,0.607,0.9936,False
Greek,中卦-static,ɡ,-0.441,3,0.3532,0.9936,False
Greek,坎卦-dynamic,s,-0.438,28,0.4677,0.9936,False
Greek,兌卦-static,o,0.438,17,0.7164,0.9936,False
Greek,艮卦-static,u,-0.432,6,0.4925,0.9936,False
Greek,坤卦-dynamic,z,-0.431,7,0.3632,0.9936,False
Greek,離卦-static,i,-0.431,99,0.4279,0.9936,False
Greek,離卦-static,d,0.419,5,0.5572,0.9936,False
Greek,坎卦-static,i,-0.418,43,0.607,0.9936,False
Greek,坎卦-dynamic,n,0.417,19,0.5174,0.9936,False
Greek,坤卦-dynamic,θ,-0.412,15,0.3582,0.9936,False
Greek,乾卦-static,u,0.408,5,0.6219,0.9936,False
Greek,坎卦-static,p,-0.406,9,0.5373,0.9936,False
Greek,離卦-dynamic,f,-0.404,14,0.403,0.9936,False
Greek,艮卦-static,n,-0.401,18,0.4179,0.9936,False
Greek,離卦-static,z,-0.399,4,0.5124,0.9936,False
Greek,艮卦-static,e,0.395,35,0.4478,0.9936,False
Greek,震卦-static,ɣ,-0.387,10,0.4378,0.9936,False
Greek,乾卦-static,p,-0.385,8,0.5821,0.9936,False
Greek,離卦-dynamic,m,0.384,42,0.3831,0.9936,False
Greek,坎卦-static,n,-0.379,11,0.5423,0.9936,False
Greek,艮卦-dynamic,r,-0.377,58,0.3433,0.9936,False
Greek,震卦-dynamic,l,0.375,40,0.3632,0.9936,False
Greek,乾卦-dynamic,s,0.371,94,0.4279,0.9936,False
Greek,離卦-dynamic,r,0.37,78,0.4179,0.9936,False
Greek,離卦-dynamic,a,-0.364,119,0.4627,0.9936,False
Greek,離卦-dynamic,v,0.364,22,0.4677,0.9936,False
Greek,坤卦-static,ð,-0.362,5,0.6617,0.9936,False
Greek,艮卦-dynamic,ɣ,-0.36,8,0.4776,0.9936,False
Greek,離卦-static,f,0.356,17,0.5572,0.9936,False
Greek,乾卦-dynamic,ð,0.351,28,0.5124,0.9936,False
Greek,兌卦-dynamic,v,0.35,21,0.5672,0.9936,False
Greek,艮卦-static,j,-0.347,3,0.6318,0.9936,False
Greek,震卦-dynamic,z,-0.341,7,0.5771,0.9936,False
Greek,坎卦-static,ɣ,-0.337,3,0.7065,0.9936,False
Greek,離卦-static,r,0.335,58,0.4577,0.9936,False
Greek,艮卦-dynamic,ɲ,0.328,3,0.6368,0.9936,False
Greek,艮卦-dynamic,a,0.327,141,0.4677,0.9936,False
Greek,離卦-static,p,-0.323,22,0.4975,0.9936,False
Greek,震卦-dynamic,c,-0.322,15,0.5373,0.9936,False
Greek,震卦-static,θ,0.321,22,0.4975,0.9936,False
Greek,艮卦-static,o,-0.317,63,0.5721,0.9936,False
Greek,坤卦-dynamic,ɡ,0.313,7,0.5174,0.9936,False
Greek,坤卦-static,r,-0.307,16,0.6418,0.9936,False
Greek,震卦-static,z,-0.307,11,0.4627,0.9936,False
Greek,坤卦-dynamic,n,0.306,75,0.4129,0.9936,False
Greek,坤卦-static,n,-0.287,9,0.7164,0.9936,False
Greek,中卦-static,l,0.287,74,0.408,0.9936,False
Greek,震卦-static,c,-0.286,21,0.5025,0.9936,False
Greek,中卦-static,o,0.281,260,0.3582,0.9936,False
Greek,坤卦-dynamic,l,0.28,66,0.5224,0.9936,False
Greek,艮卦-static,s,0.276,49,0.5373,0.9936,False
Greek,震卦-static,a,0.275,193,0.5124,0.9936,False
Greek,中卦-static,a,-0.273,226,0.4328,0.9936,False
Greek,艮卦-static,a,0.272,79,0.5572,0.9936,False
Greek,乾卦-static,a,-0.272,35,0.6567,0.9936,False
Greek,兌卦-static,e,-0.271,6,0.7861,0.9936,False
Greek,離卦-dynamic,n,0.268,45,0.592,0.9936,False
Greek,震卦-dynamic,ð,0.266,26,0.6517,0.9936,False
Greek,震卦-dynamic,f,-0.264,15,0.6318,0.9936,False
Greek,震卦-dynamic,u,-0.261,12,0.6766,0.9936,False
Greek,離卦-static,a,0.26,110,0.597,0.9936,False
Greek,乾卦-dynamic,z,-0.259,10,0.6318,0.9936,False
Greek,乾卦-dynamic,k,-0.258,33,0.592,0.9936,False
Greek,兌卦-dynamic,j,-0.256,6,0.602,0.9936,False
Greek,坎卦-dynamic,e,-0.252,21,0.607,0.9936,False
Greek,乾卦-dynamic,ɣ,-0.252,12,0.6766,0.9936,False
Greek,艮卦-static,c,0.251,12,0.6816,0.9936,False
Greek,乾卦-dynamic,θ,0.246,16,0.6517,0.9936,False
Greek,乾卦-dynamic,i,0.245,162,0.5721,0.9936,False
Greek,坤卦-dynamic,f,-0.243,26,0.5622,0.9936,False
Greek,乾卦-static,ð,-0.243,6,0.801,0.9936,False
Greek,離卦-static,s,-0.242,57,0.6169,0.9936,False
Greek,巽卦-dynamic,t,-0.238,3,0.8308,0.9936,False
Greek,震卦-dynamic,ɣ,-0.238,12,0.6368,0.9936,False
Greek,巽卦-static,s,0.236,10,0.8159,0.9936,False
Greek,離卦-static,ð,0.234,20,0.6965,0.9936,False
Greek,坎卦-static,r,-0.233,21,0.7015,0.9936,False
Greek,坎卦-static,m,0.231,13,0.796,0.9936,False
Greek,中卦-static,ð,-0.231,39,0.5473,0.9936,False
Greek,坤卦-dynamic,m,-0.23,56,0.5572,0.9936,False
Greek,兌卦-dynamic,x,0.23,10,0.6816,0.9936,False
Greek,中卦-static,i,-0.226,259,0.5075,0.9936,False
Greek,離卦-static,o,-0.22,91,0.6468,0.9936,False
Greek,兌卦-dynamic,p,0.216,38,0.5771,0.9936,False
Greek,兌卦-dynamic,t,-0.213,39,0.5871,0.9936,False
Greek,坤卦-dynamic,r,-0.212,107,0.6169,0.9936,False
Greek,離卦-dynamic,ɣ,0.208,27,0.7363,0.9936,False
Greek,艮卦-static,v,0.207,11,0.7711,0.9936,False
Greek,坎卦-dynamic,i,0.206,64,0.7463,0.9936,False
Greek,巽卦-static,a,-0.205,14,0.8458,0.9936,False
Greek,離卦-dynamic,c,-0.202,17,0.6816,0.9936,False
Greek,坎卦-static,a,-0.199,41,0.7264,0.9936,False
Greek,乾卦-dynamic,n,-0.197,37,0.7164,0.9936,False
Greek,艮卦-dynamic,ʎ,0.195,3,0.6965,0.9936,False
Greek,中卦-static,θ,-0.192,21,0.6169,0.9936,False
Greek,震卦-dynamic,v,-0.191,16,0.7463,0.9936,False
Greek,乾卦-dynamic,r,0.189,74,0.7164,0.9936,False
Greek,兌卦-static,ð,0.188,3,0.8607,0.9936,False
Greek,坤卦-dynamic,o,0.184,226,0.6169,0.9936,False
Greek,坤卦-dynamic,b,-0.182,5,0.7164,0.9936,False
Greek,離卦-dynamic,p,-0.181,32,0.6368,0.9936,False
Greek,震卦-static,l,-0.18,44,0.7065,0.9936,False
Greek,巽卦-static,e,-0.178,6,0.9055,0.9936,False
Greek,兌卦-dynamic,ʎ,0.177,3,0.8159,0.9936,False
Greek,兌卦-static,m,-0.175,4,0.8209,0.9936,False
Greek,震卦-dynamic,k,-0.173,33,0.6667,0.9936,False
Greek,兌卦-dynamic,ɣ,-0.173,14,0.801,0.9936,False
Greek,震卦-static,j,-0.172,9,0.7861,0.9936,False
Greek,震卦-dynamic,a,-0.165,123,0.7015,0.9936,False
Greek,離卦-static,c,0.164,16,0.7811,0.9936,False
Greek,坎卦-dynamic,x,0.16,4,0.8657,0.9936,False
Greek,乾卦-dynamic,m,-0.16,35,0.7562,0.9936,False
Greek,離卦-static,ɣ,0.156,19,0.7811,0.9936,False
Greek,坤卦-static,a,0.154,36,0.8109,0.9936,False
Greek,離卦-dynamic,t,0.152,47,0.7214,0.9936,False
Greek,震卦-dynamic,r,-0.151,64,0.7612,0.9936,False
Greek,坤卦-static,i,0.146,40,0.8109,0.9936,False
Greek,艮卦-dynamic,z,0.141,22,0.8358,0.9936,False
Greek,震卦-static,p,-0.14,43,0.7164,0.9936,False
Greek,離卦-static,θ,-0.139,9,0.9055,0.9936,False
Greek,中卦-static,f,0.137,37,0.7313,0.9936,False
Greek,乾卦-dynamic,a,-0.137,129,0.7214,0.9936,False
Greek,艮卦-dynamic,f,0.136,19,0.8458,0.9936,False
Greek,艮卦-static,i,-0.132,78,0.8308,0.9936,False
Greek,離卦-dynamic,z,0.132,23,0.8308,0.9936,False
Greek,巽卦-dynamic,r,-0.131,5,0.9005,0.9936,False
Greek,艮卦-dynamic,n,-0.13,36,0.7811,0.9936,False
Greek,坎卦-dynamic,f,0.127,8,0.8955,0.9936,False
Greek,坎卦-dynamic,r,0.126,29,0.8259,0.9936,False
Greek,兌卦-dynamic,c,0.122,20,0.8607,0.9936,False
Greek,坤卦-static,e,-0.119,14,0.8905,0.9936,False
Greek,坎卦-dynamic,z,0.118,9,0.8955,0.9936,False
Greek,離卦-static,b,0.109,3,0.8955,0.9936,False
Greek,兌卦-dynamic,f,0.105,19,0.8507,0.9936,False
Greek,坎卦-dynamic,t,-0.101,17,0.8657,0.9936,False
Greek,震卦-dynamic,t,-0.1,41,0.8408,0.9936,False
Greek,離卦-static,t,-0.098,32,0.8955,0.9936,False
Greek,乾卦-static,v,-0.092,5,0.9353,0.9936,False
Greek,震卦-static,n,-0.087,51,0.8806,0.9936,False
Greek,中卦-static,ɣ,-0.086,32,0.8557,0.9936,False
Greek,坎卦-dynamic,j,-0.084,3,0.9154,0.9936,False
Greek,中卦-static,m,0.081,70,0.8607,0.9936,False
Greek,震卦-static,ɲ,0.08,3,0.9104,0.9936,False
Greek,乾卦-dynamic,t,-0.076,43,0.8706,0.9936,False
Greek,震卦-static,d,0.067,7,0.8955,0.9936,False
Greek,艮卦-dynamic,l,0.066,35,0.8806,0.9936,False
Greek,震卦-dynamic,t͡s,0.066,3,0.9303,0.9936,False
Greek,坎卦-static,ð,0.062,8,0.9453,0.9936,False
Greek,坎卦-dynamic,o,-0.06,51,0.9104,0.9936,False
Greek,乾卦-static,θ,0.06,4,0.9602,0.9936,False
Greek,坤卦-dynamic,d,-0.057,8,0.9055,0.9936,False
Greek,乾卦-dynamic,c,0.053,20,0.9005,0.9936,False
Greek,震卦-static,t͡s,0.05,4,0.9254,0.9936,False
Greek,乾卦-dynamic,ɡ,-0.049,3,0.9502,0.9936,False
Greek,坤卦-static,l,-0.048,9,0.9403,0.9936,False
Greek,離卦-static,x,0.037,7,0.9751,0.9936,False
Greek,兌卦-dynamic,d,0.032,5,0.9502,0.9936,False
Greek,艮卦-dynamic,p,0.031,34,0.9453,0.9936,False
Greek,震卦-dynamic,j,0.025,8,0.9851,0.9936,False
Greek,艮卦-static,ð,0.024,13,0.9453,0.9936,False
Greek,震卦-static,m,0.024,49,0.9552,0.9936,False
Greek,離卦-dynamic,d,-0.023,5,0.9751,0.9936,False
Greek,乾卦-dynamic,d,-0.023,5,0.9801,0.9936,False
Greek,坤卦-static,ɣ,-0.016,5,0.9851,0.9936,False
Greek,震卦-static,r,0.016,92,0.9701,0.9936,False
Greek,震卦-dynamic,ɡ,-0.015,3,0.9801,0.9936,False
Greek,震卦-dynamic,ŋ,0.011,3,0.99,0.9936,False
Greek,乾卦-dynamic,l,-0.01,36,0.9851,0.9936,False
Greek,坤卦-dynamic,ŋ,-0.009,5,0.9801,0.9936,False
Greek,艮卦-dynamic,o,0.007,123,0.9751,0.9936,False
Greek,乾卦-dynamic,o,-0.002,130,0.995,0.9968,False
Greek,坎卦-dynamic,a,0.004,54,1.0,1.0,False
Hebrew,巽卦-static,χ,3.827,11,0.005,0.3045,False
Hebrew,巽卦-static,a,3.659,22,0.005,0.3045,False
Hebrew,兌卦-dynamic,l,2.402,112,0.005,0.3045,False
Hebrew,震卦-static,ɡ,2.055,217,0.005,0.3045,False
Hebrew,震卦-static,ɛ,1.993,227,0.005,0.3045,False
Hebrew,離卦-dynamic,ɑ,1.783,61,0.005,0.3045,False
Hebrew,中卦-static,m,1.359,305,0.005,0.3045,False
Hebrew,震卦-static,ɒ,-1.357,7,0.005,0.3045,False
Hebrew,震卦-static,ɪ,-1.357,7,0.005,0.3045,False
Hebrew,中卦-dynamic,z,4.072,3,0.0149,0.609,False
Hebrew,巽卦-static,ə,3.508,4,0.0149,0.609,False
Hebrew,巽卦-static,v,3.145,9,0.0149,0.609,False
Hebrew,坤卦-dynamic,ɒ,1.09,54,0.0149,0.609,False
Hebrew,坤卦-dynamic,ɪ,1.09,54,0.0149,0.609,False
Hebrew,巽卦-static,k,2.502,4,0.0199,0.7249,False
Hebrew,離卦-dynamic,f,-1.498,21,0.0249,0.7249,False
Hebrew,乾卦-dynamic,s,1.471,40,0.0249,0.7249,False
Hebrew,坤卦-dynamic,n,1.051,230,0.0249,0.7249,False
Hebrew,中卦-static,l,-0.976,102,0.0249,0.7249,False
Hebrew,兌卦-dynamic,s,1.215,35,0.0299,0.7612,False
Hebrew,坤卦-dynamic,ɑ,-1.052,23,0.0299,0.7612,False
Hebrew,震卦-static,ʁ,1.027,41,0.0299,0.7612,False
Hebrew,中卦-dynamic,ʔ,4.009,4,0.0398,0.7829,False
Hebrew,巽卦-static,r,3.254,7,0.0348,0.7829,False
Hebrew,震卦-dynamic,x,1.57,9,0.0448,0.7829,False
Hebrew,兌卦-dynamic,ɡ,-1.401,22,0.0348,0.7829,False
Hebrew,離卦-dynamic,o,-1.25,42,0.0348,0.7829,False
Hebrew,艮卦-dynamic,ɒ,1.169,32,0.0448,0.7829,False
Hebrew,艮卦-dynamic,ɪ,1.169,32,0.0448,0.7829,False
Hebrew,震卦-static,o,-1.067,94,0.0398,0.7829,False
Hebrew,中卦-dynamic,e,3.952,5,0.0498,0.8229,False
Hebrew,中卦-dynamic,j,3.912,4,0.0547,0.8588,False
Hebrew,巽卦-static,u,-2.574,4,0.0547,0.8588,False
Hebrew,巽卦-static,t,2.199,7,0.0597,0.8912,False
Hebrew,震卦-static,ɑ,-0.887,31,0.0597,0.8912,False
Hebrew,坤卦-static,ɒ,1.913,8,0.0697,0.907,False
Hebrew,坤卦-static,ɪ,1.913,8,0.0697,0.907,False
Hebrew,乾卦-static,ə,1.637,11,0.0647,0.907,False
Hebrew,兌卦-dynamic,f,-1.109,21,0.0697,0.907,False
Hebrew,中卦-static,u,0.705,658,0.0697,0.907,False
Hebrew,巽卦-dynamic,ɑ,2.081,10,0.2139,0.9639,False
Hebrew,巽卦-static,i,-1.988,7,0.1194,0.9639,False
Hebrew,巽卦-static,n,1.719,6,0.1642,0.9639,False
Hebrew,乾卦-static,f,1.713,16,0.0846,0.9639,False
Hebrew,乾卦-static,ʁ,1.709,5,0.0796,0.9639,False
Hebrew,坤卦-static,o,-1.679,7,0.1244,0.9639,False
Hebrew,坤卦-static,m,1.669,27,0.1343,0.9639,False
Hebrew,乾卦-static,o,1.637,21,0.0995,0.9639,False
Hebrew,乾卦-static,ɡ,-1.61,5,0.0995,0.9639,False
Hebrew,巽卦-static,ɡ,1.597,4,0.204,0.9639,False
Hebrew,坤卦-static,ʁ,1.516,5,0.1692,0.9639,False
Hebrew,巽卦-static,l,1.491,5,0.2189,0.9639,False
Hebrew,兌卦-static,l,-1.401,4,0.2687,0.9639,False
Hebrew,坎卦-static,s,-1.375,3,0.1592,0.9639,False
Hebrew,離卦-static,p,1.351,7,0.0945,0.9639,False
Hebrew,坤卦-static,a,-1.342,38,0.2687,0.9639,False
Hebrew,坤卦-static,l,-1.316,6,0.2537,0.9639,False
Hebrew,坎卦-static,o,1.287,23,0.209,0.9639,False
Hebrew,巽卦-static,o,1.26,4,0.3333,0.9639,False
Hebrew,乾卦-static,d,-1.251,15,0.2338,0.9639,False
Hebrew,乾卦-dynamic,p,1.25,5,0.0995,0.9639,False
Hebrew,坎卦-static,ʁ,1.161,5,0.204,0.9639,False
Hebrew,坤卦-static,n,1.16,27,0.3035,0.9639,False
Hebrew,離卦-static,ɒ,-1.146,6,0.1144,0.9639,False
Hebrew,離卦-static,ɪ,-1.146,6,0.1144,0.9639,False
Hebrew,巽卦-dynamic,i,1.124,52,0.4925,0.9639,False
Hebrew,離卦-static,ɡ,1.113,91,0.0995,0.9639,False
Hebrew,兌卦-static,u,1.11,43,0.3234,0.9639,False
Hebrew,巽卦-static,e,-1.107,3,0.3881,0.9639,False
Hebrew,巽卦-dynamic,ʃ,1.09,25,0.5572,0.9639,False
Hebrew,乾卦-static,n,1.073,25,0.1791,0.9639,False
Hebrew,坤卦-static,ʃ,1.058,35,0.3134,0.9639,False
Hebrew,乾卦-static,k,1.056,12,0.3085,0.9639,False
Hebrew,巽卦-dynamic,a,-1.051,30,0.5174,0.9639,False
Hebrew,離卦-static,r,-1.045,8,0.1095,0.9639,False
Hebrew,坤卦-static,ɡ,-1.037,8,0.3184,0.9639,False
Hebrew,兌卦-static,s,1.033,7,0.3532,0.9639,False
Hebrew,乾卦-static,r,1.011,17,0.209,0.9639,False
Hebrew,乾卦-dynamic,o,0.998,72,0.1144,0.9639,False
Hebrew,坎卦-static,χ,0.949,25,0.2736,0.9639,False
Hebrew,離卦-static,ɛ,0.948,89,0.1493,0.9639,False
Hebrew,巽卦-dynamic,u,0.944,40,0.597,0.9639,False
Hebrew,兌卦-static,o,0.926,14,0.4527,0.9639,False
Hebrew,離卦-static,l,-0.917,44,0.1592,0.9639,False
Hebrew,艮卦-dynamic,f,-0.914,34,0.1095,0.9639,False
Hebrew,巽卦-dynamic,ɹ,0.898,37,0.5771,0.9639,False
Hebrew,坎卦-static,t,0.891,30,0.3781,0.9639,False
Hebrew,坎卦-static,n,-0.89,15,0.3682,0.9639,False
Hebrew,乾卦-static,ɛ,-0.889,7,0.2985,0.9639,False
Hebrew,艮卦-static,s,0.887,34,0.199,0.9639,False
Hebrew,巽卦-static,d,0.887,6,0.4577,0.9639,False
Hebrew,離卦-dynamic,n,-0.886,63,0.1493,0.9639,False
Hebrew,兌卦-static,ʁ,0.878,3,0.5572,0.9639,False
Hebrew,乾卦-dynamic,t,0.877,100,0.1642,0.9639,False
Hebrew,巽卦-dynamic,h,0.865,42,0.5622,0.9639,False
Hebrew,巽卦-dynamic,ɒ,0.854,4,0.6219,0.9639,False
Hebrew,巽卦-dynamic,ɪ,0.854,4,0.6219,0.9639,False
Hebrew,離卦-dynamic,l,0.853,99,0.1592,0.9639,False
Hebrew,兌卦-static,f,0.838,10,0.5522,0.9639,False
Hebrew,艮卦-dynamic,l,0.837,106,0.1493,0.9639,False
Hebrew,震卦-dynamic,l,0.83,113,0.0945,0.9639,False
Hebrew,艮卦-static,m,-0.827,42,0.1393,0.9639,False
Hebrew,離卦-dynamic,ɒ,-0.821,9,0.209,0.9639,False
Hebrew,離卦-dynamic,ɪ,-0.821,9,0.209,0.9639,False
Hebrew,艮卦-dynamic,k,-0.82,13,0.1692,0.9639,False
Hebrew,離卦-dynamic,r,-0.817,16,0.0995,0.9639,False
Hebrew,離卦-dynamic,v,0.8,123,0.1891,0.9639,False
Hebrew,坤卦-static,d,-0.798,19,0.4577,0.9639,False
Hebrew,艮卦-static,p,0.795,4,0.2637,0.9639,False
Hebrew,坎卦-static,ɑ,-0.793,4,0.4179,0.9639,False
Hebrew,艮卦-dynamic,o,-0.783,56,0.1841,0.9639,False
Hebrew,乾卦-dynamic,ʁ,-0.782,6,0.204,0.9639,False
Hebrew,坤卦-dynamic,f,-0.767,64,0.0995,0.9639,False
Hebrew,坎卦-static,l,-0.765,11,0.4328,0.9639,False
Hebrew,坤卦-static,i,0.76,69,0.4677,0.9639,False
Hebrew,兌卦-dynamic,ɒ,0.752,19,0.1841,0.9639,False
Hebrew,兌卦-dynamic,ɪ,0.752,19,0.1841,0.9639,False
Hebrew,乾卦-static,m,0.744,20,0.4378,0.9639,False
Hebrew,巽卦-dynamic,b,0.743,37,0.6766,0.9639,False
Hebrew,震卦-dynamic,o,-0.736,61,0.1692,0.9639,False
Hebrew,離卦-static,u,0.736,272,0.2736,0.9639,False
Hebrew,乾卦-static,h,-0.73,37,0.3881,0.9639,False
Hebrew,離卦-static,d,0.723,148,0.2289,0.9639,False
Hebrew,艮卦-static,o,-0.707,43,0.2836,0.9639,False
Hebrew,坤卦-static,u,0.703,54,0.4378,0.9639,False
Hebrew,巽卦-dynamic,ɛ,-0.7,6,0.7264,0.9639,False
Hebrew,乾卦-static,j,0.697,28,0.4328,0.9639,False
Hebrew,坎卦-dynamic,ʁ,0.686,10,0.4279,0.9639,False
Hebrew,艮卦-dynamic,i,0.679,343,0.2289,0.9639,False
Hebrew,艮卦-static,ɛ,0.678,61,0.3184,0.9639,False
Hebrew,坎卦-dynamic,ɛ,0.674,43,0.3532,0.9639,False
Hebrew,乾卦-static,s,0.673,8,0.4279,0.9639,False
Hebrew,震卦-static,d,0.672,280,0.1741,0.9639,False
Hebrew,艮卦-static,t,0.665,95,0.3433,0.9639,False
Hebrew,兌卦-static,t,-0.659,12,0.5871,0.9639,False
Hebrew,坎卦-static,ɛ,0.653,18,0.4826,0.9639,False
Hebrew,艮卦-static,l,-0.649,40,0.2438,0.9639,False
Hebrew,中卦-static,o,-0.645,143,0.1393,0.9639,False
Hebrew,坎卦-dynamic,i,0.64,179,0.3333,0.9639,False
Hebrew,震卦-dynamic,r,-0.64,26,0.2239,0.9639,False
Hebrew,坎卦-dynamic,ʃ,0.639,83,0.403,0.9639,False
Hebrew,艮卦-dynamic,s,-0.638,24,0.2537,0.9639,False
Hebrew,中卦-static,s,-0.638,58,0.1144,0.9639,False
Hebrew,中卦-static,ɹ,0.637,590,0.1343,0.9639,False
Hebrew,艮卦-dynamic,m,0.632,103,0.2537,0.9639,False
Hebrew,離卦-static,ɹ,0.63,242,0.3284,0.9639,False
Hebrew,巽卦-dynamic,f,0.626,9,0.6915,0.9639,False
Hebrew,艮卦-dynamic,j,-0.625,35,0.2836,0.9639,False
Hebrew,離卦-dynamic,k,-0.625,17,0.3134,0.9639,False
Hebrew,兌卦-static,a,-0.625,36,0.6169,0.9639,False
Hebrew,兌卦-dynamic,v,-0.622,50,0.2985,0.9639,False
Hebrew,坤卦-dynamic,k,-0.62,32,0.209,0.9639,False
Hebrew,震卦-static,n,-0.617,146,0.1493,0.9639,False
Hebrew,艮卦-dynamic,ɑ,0.611,44,0.2587,0.9639,False
Hebrew,坎卦-dynamic,f,-0.609,21,0.3831,0.9639,False
Hebrew,離卦-dynamic,m,0.609,95,0.3085,0.9639,False
Hebrew,艮卦-static,ɹ,0.604,180,0.3035,0.9639,False
Hebrew,坎卦-dynamic,ɑ,0.598,23,0.3781,0.9639,False
Hebrew,中卦-static,h,0.598,681,0.1194,0.9639,False
Hebrew,坤卦-dynamic,d,0.596,251,0.2438,0.9639,False
Hebrew,坤卦-static,f,-0.589,8,0.5373,0.9639,False
Hebrew,巽卦-dynamic,m,-0.588,9,0.7562,0.9639,False
Hebrew,乾卦-static,ɹ,-0.586,29,0.5025,0.9639,False
Hebrew,坤卦-dynamic,s,-0.584,43,0.1741,0.9639,False
Hebrew,震卦-static,p,0.584,9,0.2687,0.9639,False
Hebrew,中卦-static,b,0.581,608,0.1791,0.9639,False
Hebrew,離卦-static,m,-0.575,64,0.3433,0.9639,False
Hebrew,乾卦-static,a,0.575,63,0.5821,0.9639,False
Hebrew,艮卦-dynamic,ʃ,0.573,155,0.3831,0.9639,False
Hebrew,乾卦-dynamic,r,0.569,54,0.2935,0.9639,False
Hebrew,震卦-dynamic,p,0.566,5,0.3632,0.9639,False
Hebrew,乾卦-dynamic,l,-0.566,42,0.2935,0.9639,False
Hebrew,坤卦-static,k,-0.556,4,0.607,0.9639,False
Hebrew,巽卦-dynamic,t,-0.556,12,0.7114,0.9639,False
Hebrew,兌卦-static,d,0.556,21,0.6617,0.9639,False
Hebrew,坎卦-static,v,0.552,27,0.5473,0.9639,False
Hebrew,震卦-dynamic,h,0.552,298,0.3582,0.9639,False
Hebrew,艮卦-dynamic,ɡ,-0.548,52,0.3433,0.9639,False
Hebrew,離卦-static,ʔ,-0.548,18,0.3881,0.9639,False
Hebrew,兌卦-static,k,-0.546,3,0.592,0.9639,False
Hebrew,乾卦-static,u,-0.546,39,0.5721,0.9639,False
Hebrew,艮卦-static,r,-0.543,21,0.3433,0.9639,False
Hebrew,坤卦-dynamic,l,-0.539,100,0.2189,0.9639,False
Hebrew,艮卦-dynamic,ɹ,0.539,237,0.3483,0.9639,False
Hebrew,震卦-dynamic,t,-0.536,92,0.3632,0.9639,False
Hebrew,艮卦-dynamic,t,0.532,123,0.3582,0.9639,False
Hebrew,艮卦-dynamic,b,0.53,248,0.3483,0.9639,False
Hebrew,中卦-static,ɒ,0.53,60,0.1443,0.9639,False
Hebrew,中卦-static,ɪ,0.53,60,0.1443,0.9639,False
Hebrew,兌卦-dynamic,o,-0.53,43,0.3433,0.9639,False
Hebrew,離卦-static,b,0.527,246,0.3881,0.9639,False
Hebrew,艮卦-dynamic,ʁ,-0.526,10,0.3632,0.9639,False
Hebrew,坤卦-static,χ,-0.525,5,0.592,0.9639,False
Hebrew,離卦-dynamic,d,0.524,132,0.3333,0.9639,False
Hebrew,坎卦-dynamic,ɒ,0.522,13,0.5572,0.9639,False
Hebrew,坎卦-dynamic,ɪ,0.522,13,0.5572,0.9639,False
Hebrew,離卦-dynamic,h,0.516,257,0.3682,0.9639,False
Hebrew,巽卦-dynamic,k,-0.513,3,0.7313,0.9639,False
Hebrew,巽卦-dynamic,ʔ,-0.512,3,0.7264,0.9639,False
Hebrew,震卦-dynamic,ɑ,0.509,45,0.4129,0.9639,False
Hebrew,震卦-dynamic,χ,-0.509,28,0.3731,0.9639,False
Hebrew,震卦-dynamic,ə,-0.508,8,0.3632,0.9639,False
Hebrew,震卦-static,f,-0.5,80,0.2338,0.9639,False
Hebrew,巽卦-dynamic,n,0.493,16,0.7811,0.9639,False
Hebrew,乾卦-static,i,-0.491,51,0.5622,0.9639,False
Hebrew,兌卦-static,χ,-0.49,4,0.7015,0.9639,False
Hebrew,震卦-dynamic,i,0.487,354,0.403,0.9639,False
Hebrew,震卦-dynamic,u,0.487,279,0.3383,0.9639,False
Hebrew,坤卦-dynamic,v,-0.484,135,0.2289,0.9639,False
Hebrew,艮卦-static,b,0.481,182,0.4129,0.9639,False
Hebrew,艮卦-static,u,0.476,194,0.4726,0.9639,False
Hebrew,艮卦-dynamic,r,-0.474,31,0.408,0.9639,False
Hebrew,震卦-static,r,-0.473,59,0.3035,0.9639,False
Hebrew,離卦-dynamic,ɡ,-0.472,50,0.408,0.9639,False
Hebrew,坎卦-static,b,0.471,54,0.5522,0.9639,False
Hebrew,乾卦-static,b,-0.471,33,0.6219,0.9639,False
Hebrew,震卦-static,t,-0.47,168,0.2587,0.9639,False
Hebrew,坎卦-dynamic,e,-0.468,71,0.5124,0.9639,False
Hebrew,艮卦-dynamic,n,0.467,113,0.408,0.9639,False
Hebrew,艮卦-dynamic,d,0.464,140,0.4527,0.9639,False
Hebrew,離卦-static,ɑ,0.464,41,0.4328,0.9639,False
Hebrew,坎卦-static,u,-0.463,47,0.5871,0.9639,False
Hebrew,離卦-dynamic,ə,-0.461,8,0.398,0.9639,False
Hebrew,艮卦-dynamic,a,-0.459,258,0.4179,0.9639,False
Hebrew,坎卦-static,ɡ,-0.458,12,0.6468,0.9639,False
Hebrew,坎卦-dynamic,k,-0.458,12,0.4925,0.9639,False
Hebrew,離卦-static,h,0.458,271,0.4975,0.9639,False
Hebrew,乾卦-dynamic,ɑ,-0.456,18,0.4229,0.9639,False
Hebrew,震卦-dynamic,m,0.454,104,0.4229,0.9639,False
Hebrew,中卦-static,t,-0.452,215,0.2836,0.9639,False
Hebrew,坤卦-static,h,0.448,54,0.6816,0.9639,False
Hebrew,坤卦-static,j,-0.446,10,0.6368,0.9639,False
Hebrew,兌卦-static,ʔ,-0.446,4,0.7114,0.9639,False
Hebrew,坎卦-dynamic,b,0.442,127,0.5075,0.9639,False
Hebrew,離卦-static,ə,-0.442,9,0.4627,0.9639,False
Hebrew,震卦-dynamic,ʔ,-0.437,30,0.393,0.9639,False
Hebrew,兌卦-static,ɛ,0.435,11,0.7015,0.9639,False
Hebrew,巽卦-dynamic,o,-0.434,9,0.8358,0.9639,False
Hebrew,中卦-static,v,-0.434,193,0.2736,0.9639,False
Hebrew,震卦-dynamic,ɹ,0.434,245,0.4229,0.9639,False
Hebrew,艮卦-static,h,0.433,202,0.4478,0.9639,False
Hebrew,坎卦-dynamic,d,0.433,73,0.5622,0.9639,False
Hebrew,乾卦-static,v,-0.433,15,0.6517,0.9639,False
Hebrew,乾卦-static,e,-0.429,26,0.6269,0.9639,False
Hebrew,坎卦-dynamic,a,-0.423,137,0.5672,0.9639,False
Hebrew,中卦-static,j,-0.422,127,0.2935,0.9639,False
Hebrew,兌卦-static,ɡ,0.416,11,0.6915,0.9639,False
Hebrew,坤卦-static,ɑ,0.413,8,0.6468,0.9639,False
Hebrew,兌卦-static,v,0.413,17,0.8109,0.9639,False
Hebrew,坤卦-dynamic,p,-0.412,3,0.3483,0.9639,False
Hebrew,坎卦-static,a,-0.409,58,0.7164,0.9639,False
Hebrew,中卦-static,i,0.402,788,0.3333,0.9639,False
Hebrew,坤卦-static,ɹ,0.401,45,0.5771,0.9639,False
Hebrew,兌卦-static,b,0.401,35,0.6766,0.9639,False
Hebrew,巽卦-static,ʔ,0.4,4,0.7015,0.9639,False
Hebrew,乾卦-static,ʃ,-0.4,21,0.6318,0.9639,False
Hebrew,坎卦-static,ʔ,-0.398,7,0.7065,0.9639,False
Hebrew,震卦-dynamic,v,-0.398,87,0.4925,0.9639,False
Hebrew,震卦-dynamic,d,0.395,147,0.4527,0.9639,False
Hebrew,中卦-static,ʃ,0.391,355,0.3134,0.9639,False
Hebrew,坤卦-dynamic,b,0.39,413,0.3781,0.9639,False
Hebrew,坤卦-dynamic,ɛ,0.39,128,0.3483,0.9639,False
Hebrew,艮卦-dynamic,u,0.388,256,0.5174,0.9639,False
Hebrew,艮卦-dynamic,v,-0.385,82,0.5224,0.9639,False
Hebrew,震卦-static,j,-0.385,106,0.2786,0.9639,False
Hebrew,兌卦-dynamic,t,0.385,82,0.5572,0.9639,False
Hebrew,艮卦-static,χ,-0.384,25,0.5224,0.9639,False
Hebrew,離卦-static,n,-0.383,84,0.602,0.9639,False
Hebrew,離卦-static,ʁ,-0.381,11,0.5473,0.9639,False
Hebrew,兌卦-dynamic,ɛ,-0.381,36,0.5075,0.9639,False
Hebrew,中卦-static,r,-0.38,84,0.3333,0.9639,False
Hebrew,離卦-dynamic,ʃ,0.379,136,0.4876,0.9639,False
Hebrew,離卦-dynamic,ʔ,-0.378,31,0.4876,0.9639,False
Hebrew,兌卦-static,e,-0.378,21,0.6965,0.9639,False
Hebrew,艮卦-static,j,-0.377,42,0.4975,0.9639,False
Hebrew,兌卦-static,ɹ,0.376,33,0.7313,0.9639,False
Hebrew,艮卦-dynamic,z,-0.374,3,0.4726,0.9639,False
Hebrew,艮卦-dynamic,ɛ,-0.373,52,0.4726,0.9639,False
Hebrew,震卦-static,m,0.371,180,0.3284,0.9639,False
Hebrew,坤卦-dynamic,ʃ,0.364,253,0.393,0.9639,False
Hebrew,兌卦-dynamic,j,-0.364,40,0.5274,0.9639,False
Hebrew,震卦-dynamic,z,-0.363,4,0.5473,0.9639,False
Hebrew,艮卦-dynamic,ə,-0.361,11,0.5771,0.9639,False
Hebrew,艮卦-dynamic,ʔ,-0.36,35,0.4726,0.9639,False
Hebrew,離卦-dynamic,ɹ,0.36,208,0.5224,0.9639,False
Hebrew,坤卦-dynamic,o,0.359,143,0.408,0.9639,False
Hebrew,艮卦-static,k,-0.359,19,0.5871,0.9639,False
Hebrew,離卦-static,z,-0.359,4,0.5622,0.9639,False
Hebrew,中卦-static,z,-0.358,10,0.4876,0.9639,False
Hebrew,離卦-static,i,0.355,321,0.5522,0.9639,False
Hebrew,坎卦-dynamic,n,-0.353,45,0.6169,0.9639,False
Hebrew,巽卦-dynamic,χ,-0.351,5,0.8458,0.9639,False
Hebrew,兌卦-static,n,0.351,16,0.806,0.9639,False
Hebrew,兌卦-static,h,0.349,39,0.7662,0.9639,False
Hebrew,乾卦-dynamic,v,-0.346,62,0.5622,0.9639,False
Hebrew,坎卦-dynamic,r,-0.345,19,0.5821,0.9639,False
Hebrew,艮卦-dynamic,χ,-0.344,36,0.5323,0.9639,False
Hebrew,乾卦-dynamic,e,-0.335,109,0.5224,0.9639,False
Hebrew,中卦-static,ɡ,-0.334,138,0.4279,0.9639,False
Hebrew,離卦-dynamic,ɛ,0.333,67,0.5821,0.9639,False
Hebrew,兌卦-dynamic,ɑ,0.331,27,0.5174,0.9639,False
Hebrew,坎卦-dynamic,m,-0.329,38,0.6915,0.9639,False
Hebrew,坤卦-dynamic,u,0.328,439,0.3731,0.9639,False
Hebrew,坎卦-static,ɒ,0.328,5,0.7562,0.9639,False
Hebrew,坎卦-static,ɪ,0.328,5,0.7562,0.9639,False
Hebrew,兌卦-dynamic,h,0.327,184,0.607,0.9639,False
Hebrew,中卦-static,n,-0.326,209,0.3532,0.9639,False
Hebrew,兌卦-dynamic,ʁ,-0.324,8,0.5821,0.9639,False
Hebrew,震卦-dynamic,b,0.323,249,0.5771,0.9639,False
Hebrew,乾卦-dynamic,m,0.321,69,0.5771,0.9639,False
Hebrew,坤卦-dynamic,ɹ,0.316,383,0.4577,0.9639,False
Hebrew,震卦-dynamic,e,-0.316,159,0.5473,0.9639,False
Hebrew,艮卦-static,ə,-0.315,9,0.5473,0.9639,False
Hebrew,離卦-dynamic,b,0.315,216,0.597,0.9639,False
Hebrew,震卦-static,χ,-0.312,72,0.5224,0.9639,False
Hebrew,離卦-dynamic,z,-0.31,7,0.5721,0.9639,False
Hebrew,兌卦-static,i,0.31,47,0.801,0.9639,False
Hebrew,巽卦-dynamic,e,-0.308,21,0.8458,0.9639,False
Hebrew,坤卦-static,b,0.307,46,0.7264,0.9639,False
Hebrew,離卦-dynamic,e,-0.307,139,0.5572,0.9639,False
Hebrew,震卦-dynamic,f,-0.306,49,0.5721,0.9639,False
Hebrew,兌卦-static,ʃ,0.306,21,0.8209,0.9639,False
Hebrew,艮卦-static,ʔ,-0.301,30,0.5672,0.9639,False
Hebrew,中卦-static,p,-0.299,5,0.5224,0.9639,False
Hebrew,震卦-static,u,0.299,478,0.5025,0.9639,False
Hebrew,震卦-static,ɹ,0.291,416,0.5622,0.9639,False
Hebrew,兌卦-dynamic,m,0.288,64,0.6915,0.9639,False
Hebrew,坎卦-static,e,0.286,45,0.7413,0.9639,False
Hebrew,震卦-dynamic,ʃ,0.285,152,0.592,0.9639,False
Hebrew,中卦-static,ə,-0.284,31,0.4627,0.9639,False
Hebrew,坎卦-dynamic,v,0.282,58,0.7065,0.9639,False
Hebrew,震卦-static,z,-0.276,19,0.5323,0.9639,False
Hebrew,艮卦-static,i,0.274,237,0.6169,0.9639,False
Hebrew,震卦-static,a,0.272,595,0.5025,0.9639,False
Hebrew,兌卦-dynamic,ʔ,-0.269,30,0.6368,0.9639,False
Hebrew,離卦-static,v,0.268,109,0.6766,0.9639,False
Hebrew,乾卦-dynamic,χ,-0.268,30,0.6269,0.9639,False
Hebrew,坤卦-dynamic,ɡ,-0.265,102,0.5274,0.9639,False
Hebrew,艮卦-static,z,-0.265,8,0.6667,0.9639,False
Hebrew,坎卦-dynamic,ɹ,0.265,114,0.7264,0.9639,False
Hebrew,中卦-static,ʔ,-0.265,105,0.5224,0.9639,False
Hebrew,乾卦-dynamic,z,-0.265,8,0.6418,0.9639,False
Hebrew,坎卦-dynamic,ə,-0.264,7,0.6766,0.9639,False
Hebrew,乾卦-static,ɒ,-0.259,3,0.7861,0.9639,False
Hebrew,乾卦-static,ɪ,-0.259,3,0.7861,0.9639,False
Hebrew,坤卦-dynamic,m,0.257,158,0.5423,0.9639,False
Hebrew,中卦-static,ʁ,-0.257,29,0.597,0.9639,False
Hebrew,艮卦-dynamic,h,0.255,260,0.6269,0.9639,False
Hebrew,坎卦-dynamic,ɡ,-0.255,31,0.7811,0.9639,False
Hebrew,兌卦-dynamic,u,-0.254,155,0.602,0.9639,False
Hebrew,乾卦-dynamic,ə,0.253,19,0.6716,0.9639,False
Hebrew,乾卦-static,t,-0.252,18,0.7811,0.9639,False
Hebrew,離卦-dynamic,a,0.247,289,0.6169,0.9639,False
Hebrew,坤卦-dynamic,z,-0.246,21,0.5821,0.9639,False
Hebrew,艮卦-static,ʁ,-0.246,9,0.6517,0.9639,False
Hebrew,中卦-static,χ,-0.246,101,0.5522,0.9639,False
Hebrew,離卦-dynamic,j,-0.245,63,0.6567,0.9639,False
Hebrew,離卦-static,j,-0.237,68,0.6915,0.9639,False
Hebrew,震卦-dynamic,j,-0.228,74,0.6915,0.9639,False
Hebrew,離卦-static,s,0.225,36,0.7363,0.9639,False
Hebrew,坤卦-dynamic,i,0.221,547,0.6318,0.9639,False
Hebrew,坤卦-dynamic,a,-0.22,479,0.6219,0.9639,False
Hebrew,震卦-static,b,0.22,429,0.6318,0.9639,False
Hebrew,中卦-static,a,-0.219,667,0.5522,0.9639,False
Hebrew,震卦-static,ʔ,-0.216,91,0.6119,0.9639,False
Hebrew,坎卦-dynamic,χ,-0.213,23,0.7562,0.9639,False
Hebrew,坤卦-dynamic,r,-0.212,72,0.6667,0.9639,False
Hebrew,離卦-static,e,-0.212,157,0.7612,0.9639,False
Hebrew,兌卦-dynamic,χ,0.212,48,0.7811,0.9639,False
Hebrew,中卦-static,x,-0.209,5,0.6816,0.9639,False
Hebrew,離卦-static,a,-0.207,275,0.7065,0.9639,False
Hebrew,中卦-static,k,-0.202,72,0.6915,0.9639,False
Hebrew,乾卦-static,ʔ,0.2,16,0.8408,0.9639,False
Hebrew,中卦-static,ɛ,0.199,165,0.6169,0.9639,False
Hebrew,坤卦-static,s,-0.198,6,0.8408,0.9639,False
Hebrew,震卦-static,v,-0.198,171,0.6617,0.9639,False
Hebrew,震卦-static,ʃ,0.197,263,0.6567,0.9639,False
Hebrew,兌卦-dynamic,i,0.194,218,0.7313,0.9639,False
Hebrew,兌卦-dynamic,z,-0.194,11,0.7413,0.9639,False
Hebrew,坎卦-static,m,-0.191,17,0.8259,0.9639,False
Hebrew,坤卦-static,ə,-0.188,3,0.8458,0.9639,False
Hebrew,坤卦-static,ʔ,-0.188,10,0.8209,0.9639,False
Hebrew,離卦-static,ʃ,0.188,137,0.7114,0.9639,False
Hebrew,離卦-static,χ,-0.187,45,0.7413,0.9639,False
Hebrew,中卦-static,f,0.186,134,0.6915,0.9639,False
Hebrew,兌卦-static,m,0.183,13,0.8458,0.9639,False
Hebrew,艮卦-static,v,0.182,79,0.7463,0.9639,False
Hebrew,離卦-dynamic,s,0.173,33,0.8259,0.9639,False
Hebrew,乾卦-dynamic,ɛ,0.169,50,0.7562,0.9639,False
Hebrew,震卦-dynamic,ɛ,0.167,72,0.7313,0.9639,False
Hebrew,艮卦-static,f,0.166,41,0.7811,0.9639,False
Hebrew,坤卦-dynamic,e,-0.164,282,0.7363,0.9639,False
Hebrew,坤卦-dynamic,h,-0.163,405,0.7562,0.9639,False
Hebrew,坤卦-dynamic,j,-0.163,130,0.6567,0.9639,False
Hebrew,兌卦-dynamic,d,0.162,90,0.801,0.9639,False
Hebrew,坎卦-static,i,0.16,69,0.8358,0.9639,False
Hebrew,坤卦-dynamic,ʔ,-0.159,92,0.7264,0.9639,False
Hebrew,坎卦-dynamic,o,-0.159,37,0.8458,0.9639,False
Hebrew,乾卦-dynamic,u,0.158,181,0.7313,0.9639,False
Hebrew,乾卦-dynamic,k,-0.156,23,0.7811,0.9639,False
Hebrew,離卦-dynamic,i,0.155,289,0.7413,0.9639,False
Hebrew,離卦-dynamic,ʁ,0.155,14,0.791,0.9639,False
Hebrew,震卦-dynamic,ɒ,0.152,22,0.8159,0.9639,False
Hebrew,震卦-dynamic,ɪ,0.152,22,0.8159,0.9639,False
Hebrew,離卦-static,k,-0.149,31,0.796,0.9639,False
Hebrew,坎卦-dynamic,h,0.147,133,0.8259,0.9639,False
Hebrew,坤卦-dynamic,ʁ,0.143,26,0.7612,0.9639,False
Hebrew,艮卦-static,ɡ,-0.138,46,0.8308,0.9639,False
Hebrew,艮卦-static,ʃ,0.136,101,0.8308,0.9639,False
Hebrew,兌卦-dynamic,r,-0.135,31,0.7861,0.9639,False
Hebrew,艮卦-static,e,-0.134,123,0.8408,0.9639,False
Hebrew,震卦-static,i,-0.134,558,0.7264,0.9639,False
Hebrew,震卦-static,l,-0.128,137,0.7114,0.9639,False
Hebrew,震卦-static,ə,0.127,43,0.791,0.9639,False
Hebrew,離卦-static,f,-0.127,49,0.8408,0.9639,False
Hebrew,乾卦-dynamic,ɡ,-0.127,46,0.8458,0.9639,False
Hebrew,乾卦-dynamic,ʃ,-0.125,92,0.8159,0.9639,False
Hebrew,乾卦-dynamic,j,-0.124,58,0.806,0.9639,False
Hebrew,兌卦-dynamic,b,0.122,152,0.8358,0.9639,False
Hebrew,震卦-static,h,0.121,478,0.801,0.9639,False
Hebrew,離卦-dynamic,u,0.12,225,0.8408,0.9639,False
Hebrew,艮卦-static,ɒ,0.112,15,0.806,0.9639,False
Hebrew,艮卦-static,ɪ,0.112,15,0.806,0.9639,False
Hebrew,震卦-static,e,0.111,356,0.796,0.9639,False
Hebrew,震卦-dynamic,ʁ,-0.109,14,0.8109,0.9639,False
Hebrew,坤卦-dynamic,t,0.107,188,0.8159,0.9639,False
Hebrew,中卦-static,e,-0.098,407,0.8358,0.9639,False
Hebrew,坎卦-dynamic,ʔ,-0.092,31,0.8458,0.9639,False
Hebrew,坎卦-dynamic,s,0.084,18,0.8209,0.9639,False
Hebrew,乾卦-dynamic,b,0.084,160,0.8458,0.9639,False
Hebrew,坤卦-dynamic,χ,-0.096,88,0.8507,0.9678,False
Hebrew,離卦-static,o,0.107,76,0.8557,0.9698,False
Hebrew,兌卦-dynamic,ə,-0.099,12,0.8557,0.9698,False
Hebrew,乾卦-dynamic,d,0.087,94,0.8607,0.9737,False
Hebrew,艮卦-dynamic,e,-0.103,168,0.8657,0.9757,False
Hebrew,震卦-dynamic,n,0.082,107,0.8657,0.9757,False
Hebrew,坎卦-static,ɹ,0.138,46,0.8706,0.9759,False
Hebrew,離卦-static,t,0.121,108,0.8706,0.9759,False
Hebrew,震卦-dynamic,ɡ,0.057,71,0.8706,0.9759,False
Hebrew,中卦-dynamic,a,0.369,3,0.8856,0.9762,False
Hebrew,巽卦-dynamic,ɡ,-0.341,8,0.8955,0.9762,False
Hebrew,巽卦-static,j,0.164,4,0.8806,0.9762,False
Hebrew,兌卦-static,j,-0.162,11,0.9154,0.9762,False
Hebrew,巽卦-dynamic,l,-0.153,10,0.8955,0.9762,False
Hebrew,坎卦-static,ʃ,0.13,30,0.8905,0.9762,False
Hebrew,坎卦-static,r,-0.121,10,0.9204,0.9762,False
Hebrew,坎卦-static,f,0.119,12,0.8806,0.9762,False
Hebrew,坤卦-static,r,-0.115,9,0.9055,0.9762,False
Hebrew,離卦-dynamic,x,0.115,3,0.9154,0.9762,False
Hebrew,坎卦-dynamic,t,0.112,57,0.9104,0.9762,False
Hebrew,坎卦-dynamic,u,-0.111,121,0.9055,0.9762,False
Hebrew,兌卦-dynamic,a,-0.103,198,0.9154,0.9762,False
Hebrew,艮卦-static,ɑ,-0.098,23,0.8905,0.9762,False
Hebrew,乾卦-static,l,0.096,15,0.9154,0.9762,False
Hebrew,坎卦-static,j,-0.09,18,0.8856,0.9762,False
Hebrew,艮卦-static,d,-0.082,90,0.8806,0.9762,False
Hebrew,兌卦-dynamic,k,-0.081,23,0.8856,0.9762,False
Hebrew,震卦-static,k,-0.079,63,0.8806,0.9762,False
Hebrew,坎卦-static,d,0.075,28,0.9104,0.9762,False
Hebrew,兌卦-static,ɑ,0.075,5,0.9204,0.9762,False
Hebrew,兌卦-dynamic,n,-0.075,66,0.9104,0.9762,False
Hebrew,兌卦-dynamic,ɹ,0.072,141,0.9055,0.9762,False
Hebrew,艮卦-static,n,0.06,74,0.8905,0.9762,False
Hebrew,兌卦-dynamic,ʃ,0.06,92,0.9204,0.9762,False
Hebrew,震卦-dynamic,k,-0.058,36,0.9204,0.9762,False
Hebrew,乾卦-dynamic,i,0.053,226,0.8955,0.9762,False
Hebrew,震卦-static,s,0.042,64,0.9154,0.9762,False
Hebrew,坤卦-static,ɛ,0.102,13,0.9254,0.9764,False
Hebrew,乾卦-dynamic,a,-0.069,213,0.9254,0.9764,False
Hebrew,乾卦-dynamic,h,0.049,183,0.9254,0.9764,False
Hebrew,乾卦-static,χ,-0.142,9,0.9303,0.9766,False
Hebrew,坎卦-static,h,0.071,55,0.9303,0.9766,False
Hebrew,中卦-static,d,-0.035,296,0.9303,0.9766,False
Hebrew,巽卦-dynamic,d,0.125,18,0.9403,0.9837,False
Hebrew,乾卦-static,z,-0.117,4,0.9403,0.9837,False
Hebrew,乾卦-dynamic,ʔ,-0.043,47,0.9453,0.9857,False
Hebrew,坎卦-dynamic,l,0.042,41,0.9502,0.9857,False
Hebrew,坎卦-dynamic,j,-0.039,45,0.9502,0.9857,False
Hebrew,乾卦-dynamic,f,-0.029,38,0.9502,0.9857,False
Hebrew,艮卦-static,a,0.022,219,0.9502,0.9857,False
Hebrew,坤卦-static,z,-0.063,5,0.9602,0.9926,False
Hebrew,坤卦-dynamic,ə,0.024,35,0.9652,0.9928,False
Hebrew,震卦-dynamic,s,-0.022,35,0.9652,0.9928,False
Hebrew,坤卦-static,v,-0.06,19,0.9701,0.9929,False
Hebrew,兌卦-static,r,-0.057,7,0.9701,0.9929,False
Hebrew,坤卦-static,t,0.037,21,0.9701,0.9929,False
Hebrew,坤卦-static,e,0.047,36,0.9851,0.9932,False
Hebrew,乾卦-static,ɑ,-0.04,6,0.9751,0.9932,False
Hebrew,兌卦-dynamic,e,-0.036,121,0.9851,0.9932,False
Hebrew,巽卦-dynamic,v,0.03,14,0.9851,0.9932,False
Hebrew,離卦-dynamic,χ,0.029,54,0.9801,0.9932,False
Hebrew,離卦-dynamic,t,0.026,98,0.9801,0.9932,False
Hebrew,震卦-dynamic,a,-0.019,311,0.9751,0.9932,False
Hebrew,乾卦-dynamic,ɹ,0.011,147,0.9851,0.9932,False
Hebrew,乾卦-dynamic,n,-0.008,72,0.995,0.9999,False
Hebrew,中卦-static,ɑ,-0.0,79,1.0,1.0,False
Hebrew,乾卦-dynamic,ɒ,-0.0,14,1.0,1.0,False
Hebrew,乾卦-dynamic,ɪ,-0.0,14,1.0,1.0,False
Hindi,艮卦-static,q,4.016,3,0.005,0.3403,False
Hindi,巽卦-static,r,3.645,8,0.005,0.3403,False
Hindi,震卦-dynamic,x,3.587,3,0.005,0.3403,False
Hindi,坤卦-static,pʰ,3.459,8,0.005,0.3403,False
Hindi,乾卦-static,ɟ,3.311,13,0.005,0.3403,False
Hindi,坎卦-static,t,3.036,17,0.005,0.3403,False
Hindi,兌卦-dynamic,n,2.754,96,0.005,0.3403,False
Hindi,艮卦-static,ŋ,2.591,11,0.005,0.3403,False
Hindi,乾卦-dynamic,ʋ,2.442,45,0.005,0.3403,False
Hindi,兌卦-dynamic,a,2.306,142,0.005,0.3403,False
Hindi,震卦-static,ɖ,2.104,18,0.005,0.3403,False
Hindi,中卦-static,bʰ,2.048,28,0.005,0.3403,False
Hindi,震卦-dynamic,cʰ,1.907,10,0.005,0.3403,False
Hindi,震卦-dynamic,ɛ,1.713,13,0.005,0.3403,False
Hindi,兌卦-static,ɡʰ,3.745,5,0.01,0.464,False
Hindi,兌卦-static,i,3.124,13,0.01,0.464,False
Hindi,艮卦-static,ʃ,2.005,13,0.01,0.464,False
Hindi,坤卦-dynamic,d,1.906,44,0.01,0.464,False
Hindi,中卦-static,j,1.613,45,0.01,0.464,False
Hindi,中卦-static,k,1.33,103,0.01,0.464,False
Hindi,中卦-static,ɾ,-1.224,56,0.01,0.464,False
Hindi,艮卦-dynamic,ɟʰ,2.369,7,0.0149,0.5672,False
Hindi,艮卦-dynamic,l,1.959,48,0.0149,0.5672,False
Hindi,震卦-dynamic,e,1.665,34,0.0149,0.5672,False
Hindi,中卦-static,h,1.46,44,0.0149,0.5672,False
Hindi,中卦-static,ʌ,1.282,114,0.0149,0.5672,False
Hindi,乾卦-static,ɟʰ,3.095,3,0.0199,0.6806,False
Hindi,震卦-static,r,1.352,46,0.0199,0.6806,False
Hindi,兌卦-static,ã,2.914,3,0.0348,0.7444,False
Hindi,坎卦-static,z,2.874,3,0.0249,0.7444,False
Hindi,巽卦-static,o,2.798,6,0.0299,0.7444,False
Hindi,乾卦-static,b,2.428,12,0.0348,0.7444,False
Hindi,乾卦-static,kʰ,2.215,6,0.0348,0.7444,False
Hindi,離卦-static,p,2.088,25,0.0299,0.7444,False
Hindi,坤卦-static,u,2.015,7,0.0348,0.7444,False
Hindi,離卦-static,ã,1.789,8,0.0348,0.7444,False
Hindi,離卦-dynamic,n,1.723,76,0.0299,0.7444,False
Hindi,乾卦-dynamic,ʃ,1.558,23,0.0249,0.7444,False
Hindi,乾卦-dynamic,ɖ,1.413,12,0.0348,0.7444,False
Hindi,震卦-static,ʊ,-1.205,10,0.0299,0.7444,False
Hindi,震卦-static,e,1.154,46,0.0299,0.7444,False
Hindi,坤卦-dynamic,o,-1.076,10,0.0299,0.7444,False
Hindi,震卦-static,p,1.076,49,0.0348,0.7444,False
Hindi,震卦-static,ʌ,-1.061,54,0.0348,0.7444,False
Hindi,坎卦-static,ɲ,3.197,5,0.0398,0.8007,False
Hindi,艮卦-dynamic,ʌ,-1.322,28,0.0398,0.8007,False
Hindi,巽卦-static,dʰ,2.657,3,0.0448,0.8102,False
Hindi,坤卦-static,ɔ,2.184,4,0.0498,0.8102,False
Hindi,離卦-static,ɖ,1.634,6,0.0498,0.8102,False
Hindi,艮卦-dynamic,tʰ,1.511,8,0.0498,0.8102,False
Hindi,離卦-dynamic,l,-1.502,12,0.0448,0.8102,False
Hindi,離卦-dynamic,ẽ,1.464,9,0.0498,0.8102,False
Hindi,兌卦-dynamic,o,1.422,30,0.0498,0.8102,False
Hindi,兌卦-dynamic,ĩ,1.318,5,0.0498,0.8102,False
Hindi,離卦-dynamic,e,1.288,29,0.0498,0.8102,False
Hindi,艮卦-dynamic,ʈʰ,1.508,4,0.0547,0.8638,False
Hindi,兌卦-static,h,2.66,6,0.0597,0.8668,False
Hindi,巽卦-static,d,2.397,4,0.0846,0.8668,False
Hindi,兌卦-static,s,2.307,9,0.0697,0.8668,False
Hindi,乾卦-static,ə,1.971,38,0.0846,0.8668,False
Hindi,坤卦-static,tʰ,1.923,3,0.0796,0.8668,False
Hindi,坎卦-static,ẽ,1.915,3,0.0597,0.8668,False
Hindi,坤卦-static,s,1.865,15,0.0796,0.8668,False
Hindi,坎卦-dynamic,l,1.838,15,0.0597,0.8668,False
Hindi,坎卦-dynamic,ʊ,1.828,9,0.0846,0.8668,False
Hindi,坤卦-static,kʰ,1.786,5,0.0796,0.8668,False
Hindi,坎卦-static,c,1.778,6,0.0896,0.8668,False
Hindi,離卦-static,ʈ,1.351,19,0.0896,0.8668,False
Hindi,艮卦-static,p,1.35,22,0.0896,0.8668,False
Hindi,艮卦-static,ʌ,1.349,44,0.0846,0.8668,False
Hindi,艮卦-dynamic,ʊ,1.277,24,0.0896,0.8668,False
Hindi,艮卦-static,ɡ,1.234,22,0.0697,0.8668,False
Hindi,坤卦-dynamic,cʰ,1.189,12,0.0746,0.8668,False
Hindi,艮卦-dynamic,u,1.188,17,0.0597,0.8668,False
Hindi,艮卦-dynamic,d,-1.175,8,0.0647,0.8668,False
Hindi,離卦-dynamic,u,-1.165,4,0.0846,0.8668,False
Hindi,坤卦-dynamic,ʈʰ,1.158,6,0.0647,0.8668,False
Hindi,兌卦-dynamic,ɪ,-1.115,15,0.0896,0.8668,False
Hindi,震卦-dynamic,ɔ,1.084,9,0.0796,0.8668,False
Hindi,乾卦-dynamic,ɾ,1.043,100,0.0896,0.8668,False
Hindi,坤卦-dynamic,kʰ,-1.013,4,0.0746,0.8668,False
Hindi,坤卦-dynamic,ɖ,0.968,12,0.0846,0.8668,False
Hindi,坤卦-dynamic,ʋ,0.937,35,0.0697,0.8668,False
Hindi,震卦-static,i,0.928,71,0.0846,0.8668,False
Hindi,乾卦-dynamic,kʰ,-0.913,4,0.0896,0.8668,False
Hindi,中卦-static,i,0.847,75,0.0896,0.8668,False
Hindi,中卦-static,ɡ,-0.831,19,0.0746,0.8668,False
Hindi,巽卦-static,a,2.388,20,0.0945,0.8817,False
Hindi,離卦-static,ʃ,1.39,10,0.0945,0.8817,False
Hindi,震卦-dynamic,c,1.152,18,0.0945,0.8817,False
Hindi,坤卦-dynamic,ɾ,0.89,116,0.0945,0.8817,False
Hindi,兌卦-static,ɾ,-1.983,3,0.1045,0.8859,False
Hindi,兌卦-static,dʰ,1.922,3,0.1045,0.8859,False
Hindi,坎卦-dynamic,ɪ,1.821,17,0.1045,0.8859,False
Hindi,坎卦-dynamic,ʋ,1.621,8,0.1045,0.8859,False
Hindi,艮卦-static,ʋ,-1.221,3,0.0995,0.8859,False
Hindi,兌卦-dynamic,j,-1.092,3,0.1045,0.8859,False
Hindi,乾卦-dynamic,ʌ,-1.035,46,0.0995,0.8859,False
Hindi,中卦-static,l,-0.824,35,0.0995,0.8859,False
Hindi,中卦-static,s,0.721,67,0.1045,0.8859,False
Hindi,巽卦-dynamic,ɡ,2.303,4,0.1244,0.894,False
Hindi,乾卦-static,u,1.792,7,0.1294,0.894,False
Hindi,乾卦-static,l,-1.488,4,0.1343,0.894,False
Hindi,離卦-dynamic,ɪ,1.217,47,0.1095,0.894,False
Hindi,艮卦-static,bʰ,1.199,8,0.1194,0.894,False
Hindi,艮卦-static,kʰ,1.179,9,0.1393,0.894,False
Hindi,艮卦-static,ʈ,1.163,19,0.1443,0.894,False
Hindi,離卦-static,m,-1.119,7,0.1443,0.894,False
Hindi,離卦-dynamic,j,1.119,21,0.1144,0.894,False
Hindi,離卦-dynamic,m,-1.11,11,0.1144,0.894,False
Hindi,艮卦-static,u,-1.099,3,0.1542,0.894,False
Hindi,離卦-dynamic,tʰ,1.092,7,0.1294,0.894,False
Hindi,兌卦-dynamic,l,-1.04,17,0.1493,0.894,False
Hindi,艮卦-dynamic,ɖ,1.02,7,0.1244,0.894,False
Hindi,艮卦-dynamic,ɖʰ,1.01,3,0.1493,0.894,False
Hindi,艮卦-dynamic,n,0.998,59,0.1194,0.894,False
Hindi,震卦-dynamic,j,0.994,21,0.1393,0.894,False
Hindi,震卦-dynamic,h,0.957,21,0.1343,0.894,False
Hindi,乾卦-dynamic,ɪ,0.926,60,0.1493,0.894,False
Hindi,艮卦-dynamic,ɾ,-0.922,35,0.1144,0.894,False
Hindi,兌卦-dynamic,i,-0.916,15,0.1493,0.894,False
Hindi,震卦-dynamic,ɪ,0.913,45,0.1244,0.894,False
Hindi,兌卦-dynamic,b,-0.91,9,0.1194,0.894,False
Hindi,乾卦-dynamic,b,0.869,33,0.1443,0.894,False
Hindi,乾卦-dynamic,ʈ,-0.844,12,0.1393,0.894,False
Hindi,中卦-static,kʰ,-0.818,6,0.1294,0.894,False
Hindi,中卦-static,o,-0.772,16,0.1343,0.894,False
Hindi,乾卦-dynamic,ɛ,-0.765,3,0.1542,0.894,False
Hindi,震卦-static,m,0.744,56,0.1542,0.894,False
Hindi,中卦-static,ɟ,-0.739,13,0.1294,0.894,False
Hindi,中卦-static,cʰ,0.715,10,0.1095,0.894,False
Hindi,艮卦-dynamic,ɛ,0.99,9,0.1592,0.9125,False
Hindi,坎卦-dynamic,bʰ,1.488,4,0.1692,0.9134,False
Hindi,艮卦-static,e,-0.981,6,0.1642,0.9134,False
Hindi,兌卦-dynamic,k,0.921,51,0.1692,0.9134,False
Hindi,乾卦-dynamic,f,0.905,6,0.1642,0.9134,False
Hindi,兌卦-dynamic,ɡ,-0.881,10,0.1692,0.9134,False
Hindi,震卦-dynamic,l,0.867,40,0.1642,0.9134,False
Hindi,震卦-dynamic,p,0.855,29,0.1692,0.9134,False
Hindi,震卦-dynamic,m,-0.844,15,0.1692,0.9134,False
Hindi,兌卦-static,ɪ,1.631,9,0.1791,0.9376,False
Hindi,中卦-static,ʈʰ,0.705,5,0.1791,0.9376,False
Hindi,巽卦-dynamic,ʌ,2.225,7,0.1841,0.9443,False
Hindi,坤卦-dynamic,b,0.666,37,0.1841,0.9443,False
Hindi,坤卦-static,m,1.399,13,0.1891,0.9508,False
Hindi,坎卦-static,ɪ,1.391,14,0.1891,0.9508,False
Hindi,坤卦-dynamic,ʈ,-0.749,16,0.1891,0.9508,False
Hindi,坎卦-static,b,1.424,8,0.194,0.9525,False
Hindi,離卦-static,ɡ,-1.098,5,0.194,0.9525,False
Hindi,離卦-dynamic,t,0.93,33,0.194,0.9525,False
Hindi,艮卦-static,ʊ,0.867,15,0.204,0.96,False
Hindi,震卦-dynamic,u,-0.709,7,0.204,0.96,False
Hindi,震卦-static,c,0.651,23,0.204,0.96,False
Hindi,坤卦-dynamic,l,0.648,60,0.199,0.96,False
Hindi,震卦-static,ɡ,-0.627,21,0.204,0.96,False
Hindi,震卦-static,d,0.623,31,0.204,0.96,False
Hindi,中卦-dynamic,ə,2.501,10,0.2388,0.9657,False
Hindi,中卦-dynamic,ʈ,2.395,3,0.2189,0.9657,False
Hindi,乾卦-static,ɾ,1.452,26,0.2239,0.9657,False
Hindi,乾卦-static,s,-1.236,6,0.2189,0.9657,False
Hindi,艮卦-static,ĩ,1.005,3,0.2289,0.9657,False
Hindi,離卦-dynamic,ʃ,0.934,13,0.209,0.9657,False
Hindi,離卦-dynamic,b,-0.916,9,0.2139,0.9657,False
Hindi,離卦-static,cʰ,0.914,4,0.2338,0.9657,False
Hindi,離卦-static,c,0.907,10,0.2388,0.9657,False
Hindi,離卦-dynamic,i,-0.854,16,0.2388,0.9657,False
Hindi,艮卦-dynamic,ʃ,-0.832,3,0.2388,0.9657,False
Hindi,兌卦-dynamic,ə,-0.82,30,0.2289,0.9657,False
Hindi,兌卦-dynamic,ʈ,-0.797,9,0.2189,0.9657,False
Hindi,艮卦-dynamic,ɪ,-0.768,19,0.2438,0.9657,False
Hindi,兌卦-dynamic,ʊ,0.763,21,0.2289,0.9657,False
Hindi,乾卦-dynamic,ə,0.703,107,0.2338,0.9657,False
Hindi,中卦-static,d,-0.695,20,0.2139,0.9657,False
Hindi,乾卦-dynamic,n,-0.693,39,0.2438,0.9657,False
Hindi,震卦-static,ʋ,-0.685,14,0.2189,0.9657,False
Hindi,乾卦-dynamic,ɡ,-0.676,17,0.2388,0.9657,False
Hindi,震卦-static,ĩ,0.639,6,0.2189,0.9657,False
Hindi,坤卦-dynamic,ĩ,0.61,6,0.2139,0.9657,False
Hindi,震卦-static,ɪ,-0.582,37,0.2438,0.9657,False
Hindi,坤卦-dynamic,ɛ,-0.566,5,0.2438,0.9657,False
Hindi,坤卦-dynamic,ɪ,-0.566,38,0.2189,0.9657,False
Hindi,坎卦-dynamic,p,-1.096,3,0.2537,0.975,False
Hindi,離卦-static,n,-0.848,16,0.2537,0.975,False
Hindi,乾卦-dynamic,c,-0.729,7,0.2537,0.975,False
Hindi,中卦-dynamic,m,2.272,4,0.2836,0.9826,False
Hindi,巽卦-dynamic,k,1.853,6,0.2985,0.9826,False
Hindi,兌卦-static,ʈ,1.321,5,0.3483,0.9826,False
Hindi,乾卦-static,bʰ,1.302,4,0.2687,0.9826,False
Hindi,乾卦-static,a,-1.238,15,0.2637,0.9826,False
Hindi,兌卦-static,c,1.218,3,0.3881,0.9826,False
Hindi,乾卦-static,m,1.203,13,0.2886,0.9826,False
Hindi,坎卦-dynamic,ɾ,-1.147,10,0.2985,0.9826,False
Hindi,坎卦-static,j,1.138,6,0.3284,0.9826,False
Hindi,乾卦-static,k,-1.122,7,0.3035,0.9826,False
Hindi,乾卦-static,ɪ,-1.106,5,0.3433,0.9826,False
Hindi,坤卦-static,i,-1.06,4,0.2786,0.9826,False
Hindi,坤卦-static,ɪ,-1.038,5,0.2985,0.9826,False
Hindi,坎卦-static,n,-1.035,6,0.3035,0.9826,False
Hindi,坎卦-dynamic,c,1.016,5,0.3433,0.9826,False
Hindi,坎卦-static,ɾ,0.978,20,0.3881,0.9826,False
Hindi,坎卦-dynamic,n,-0.955,7,0.3682,0.9826,False
Hindi,坎卦-dynamic,d,-0.932,3,0.403,0.9826,False
Hindi,離卦-static,b,-0.875,6,0.3085,0.9826,False
Hindi,離卦-static,ŋ,0.874,5,0.2836,0.9826,False
Hindi,離卦-static,ɟ,-0.865,4,0.2637,0.9826,False
Hindi,艮卦-static,o,-0.786,6,0.2836,0.9826,False
Hindi,離卦-static,u,-0.784,4,0.3532,0.9826,False
Hindi,震卦-dynamic,s,-0.762,24,0.2836,0.9826,False
Hindi,艮卦-static,j,-0.745,4,0.3532,0.9826,False
Hindi,艮卦-dynamic,m,-0.732,15,0.2736,0.9826,False
Hindi,艮卦-dynamic,e,0.728,23,0.2736,0.9826,False
Hindi,離卦-static,k,0.713,31,0.398,0.9826,False
Hindi,離卦-static,j,-0.698,4,0.3831,0.9826,False
Hindi,兌卦-dynamic,bʰ,-0.696,3,0.2587,0.9826,False
Hindi,離卦-dynamic,ɡ,-0.694,12,0.3134,0.9826,False
Hindi,艮卦-dynamic,ẽ,0.684,6,0.3433,0.9826,False
Hindi,離卦-dynamic,c,0.666,14,0.3682,0.9826,False
Hindi,震卦-dynamic,ʈ,-0.648,11,0.3333,0.9826,False
Hindi,震卦-dynamic,ʌ,-0.647,40,0.2587,0.9826,False
Hindi,坤卦-dynamic,e,0.636,39,0.2736,0.9826,False
Hindi,離卦-dynamic,dʰ,-0.635,3,0.3632,0.9826,False
Hindi,兌卦-dynamic,h,0.63,17,0.3632,0.9826,False
Hindi,兌卦-dynamic,t,-0.627,13,0.3781,0.9826,False
Hindi,震卦-static,s,-0.624,40,0.3085,0.9826,False
Hindi,兌卦-dynamic,p,-0.624,14,0.3234,0.9826,False
Hindi,離卦-dynamic,h,-0.618,6,0.3383,0.9826,False
Hindi,艮卦-dynamic,ɟ,-0.598,8,0.3731,0.9826,False
Hindi,坤卦-dynamic,k,-0.587,49,0.2886,0.9826,False
Hindi,乾卦-dynamic,o,-0.58,15,0.3632,0.9826,False
Hindi,坤卦-dynamic,n,-0.574,51,0.2687,0.9826,False
Hindi,震卦-static,ɾ,-0.565,71,0.2836,0.9826,False
Hindi,震卦-dynamic,k,-0.561,31,0.393,0.9826,False
Hindi,艮卦-static,s,-0.558,17,0.408,0.9826,False
Hindi,震卦-static,ɛ,-0.554,5,0.3085,0.9826,False
Hindi,震卦-dynamic,ʋ,-0.546,10,0.3483,0.9826,False
Hindi,震卦-dynamic,i,0.544,39,0.398,0.9826,False
Hindi,乾卦-dynamic,dʰ,-0.532,5,0.3731,0.9826,False
Hindi,坤卦-dynamic,tʰ,-0.528,3,0.3085,0.9826,False
Hindi,中卦-static,m,0.524,56,0.2687,0.9826,False
Hindi,艮卦-dynamic,ɳ,0.52,6,0.3881,0.9826,False
Hindi,震卦-static,tʰ,-0.518,3,0.3085,0.9826,False
Hindi,乾卦-dynamic,e,-0.517,18,0.393,0.9826,False
Hindi,震卦-static,ã,0.515,11,0.3134,0.9826,False
Hindi,艮卦-dynamic,t,-0.506,14,0.408,0.9826,False
Hindi,震卦-static,o,-0.505,19,0.3582,0.9826,False
Hindi,震卦-static,ʈʰ,0.497,4,0.3333,0.9826,False
Hindi,坤卦-dynamic,ŋ,0.495,10,0.3483,0.9826,False
Hindi,坤卦-dynamic,r,-0.49,6,0.3682,0.9826,False
Hindi,坤卦-dynamic,ʂ,-0.488,3,0.3433,0.9826,False
Hindi,艮卦-dynamic,a,0.488,89,0.3881,0.9826,False
Hindi,震卦-static,l,0.483,56,0.2886,0.9826,False
Hindi,中卦-static,t,0.481,49,0.3035,0.9826,False
Hindi,震卦-dynamic,ʃ,0.481,11,0.3881,0.9826,False
Hindi,震卦-static,ʂ,-0.479,3,0.3383,0.9826,False
Hindi,中卦-static,pʰ,-0.478,3,0.3284,0.9826,False
Hindi,乾卦-dynamic,k,-0.471,43,0.3582,0.9826,False
Hindi,中卦-static,ɛ,0.465,13,0.3284,0.9826,False
Hindi,中卦-static,ã,-0.458,4,0.3731,0.9826,False
Hindi,坤卦-dynamic,j,-0.44,14,0.3781,0.9826,False
Hindi,中卦-static,ɡʰ,-0.434,3,0.3532,0.9826,False
Hindi,中卦-static,r,-0.423,8,0.3333,0.9826,False
Hindi,坤卦-dynamic,p,-0.408,27,0.393,0.9826,False
Hindi,坤卦-dynamic,ʌ,0.393,87,0.398,0.9826,False
Hindi,中卦-static,a,-0.386,124,0.3731,0.9826,False
Hindi,乾卦-static,e,-0.942,3,0.4279,0.9843,False
Hindi,坎卦-dynamic,u,0.934,5,0.4279,0.9843,False
Hindi,坎卦-dynamic,b,-0.824,3,0.4279,0.9843,False
Hindi,艮卦-dynamic,b,-0.614,11,0.4279,0.9843,False
Hindi,艮卦-static,m,-0.581,12,0.4179,0.9843,False
Hindi,坤卦-dynamic,c,-0.493,11,0.4129,0.9843,False
Hindi,艮卦-dynamic,pʰ,0.442,7,0.4229,0.9843,False
Hindi,震卦-static,bʰ,-0.43,7,0.4229,0.9843,False
Hindi,震卦-static,ẽ,-0.411,4,0.4279,0.9843,False
Hindi,中卦-static,tʰ,-0.391,4,0.4179,0.9843,False
Hindi,坤卦-dynamic,h,0.379,25,0.4279,0.9843,False
Hindi,兌卦-static,a,-0.98,9,0.4328,0.9847,False
Hindi,坎卦-dynamic,ɟ,0.802,6,0.4328,0.9847,False
Hindi,乾卦-dynamic,bʰ,-0.415,6,0.4328,0.9847,False
Hindi,艮卦-static,c,-0.601,4,0.4378,0.9851,False
Hindi,乾卦-dynamic,j,0.476,22,0.4378,0.9851,False
Hindi,中卦-static,ɖ,-0.351,5,0.4378,0.9851,False
Hindi,巽卦-static,ɟ,1.083,3,0.4428,0.9855,False
Hindi,兌卦-static,k,-0.977,4,0.4428,0.9855,False
Hindi,坤卦-static,k,0.724,15,0.4428,0.9855,False
Hindi,中卦-static,u,-0.422,15,0.4428,0.9855,False
Hindi,中卦-dynamic,ɡ,1.94,3,0.5124,0.9916,False
Hindi,中卦-dynamic,a,-1.46,3,0.6468,0.9916,False
Hindi,中卦-dynamic,ɾ,1.452,6,0.5373,0.9916,False
Hindi,巽卦-dynamic,ɾ,1.27,7,0.4826,0.9916,False
Hindi,中卦-dynamic,k,1.017,4,0.6965,0.9916,False
Hindi,中卦-dynamic,s,0.952,3,0.6468,0.9916,False
Hindi,巽卦-static,ɾ,-0.939,5,0.5274,0.9916,False
Hindi,乾卦-static,ɛ,0.923,3,0.4527,0.9916,False
Hindi,坤卦-static,ʌ,0.875,18,0.4527,0.9916,False
Hindi,巽卦-static,ʌ,0.871,8,0.6517,0.9916,False
Hindi,兌卦-static,m,0.847,6,0.5423,0.9916,False
Hindi,坎卦-static,a,-0.842,16,0.4726,0.9916,False
Hindi,兌卦-static,b,0.839,4,0.592,0.9916,False
Hindi,乾卦-static,p,0.827,9,0.4726,0.9916,False
Hindi,坎卦-dynamic,ʌ,-0.823,11,0.4527,0.9916,False
Hindi,坎卦-static,d,-0.788,3,0.5025,0.9916,False
Hindi,坎卦-static,e,-0.777,3,0.4925,0.9916,False
Hindi,乾卦-static,ɡ,0.776,9,0.4925,0.9916,False
Hindi,巽卦-static,l,0.7,5,0.6816,0.9916,False
Hindi,乾卦-static,ɡʰ,0.694,3,0.607,0.9916,False
Hindi,坎卦-dynamic,o,-0.683,3,0.5224,0.9916,False
Hindi,兌卦-static,e,0.661,4,0.5871,0.9916,False
Hindi,坎卦-dynamic,ɡ,0.648,8,0.5025,0.9916,False
Hindi,坤卦-static,t,-0.64,4,0.5224,0.9916,False
Hindi,坎卦-dynamic,m,0.636,10,0.5522,0.9916,False
Hindi,坤卦-static,ɾ,-0.621,13,0.5025,0.9916,False
Hindi,坎卦-static,ʊ,-0.613,3,0.6716,0.9916,False
Hindi,離卦-static,h,-0.593,4,0.4726,0.9916,False
Hindi,離卦-static,ʋ,-0.57,6,0.5025,0.9916,False
Hindi,坎卦-dynamic,dʰ,0.551,3,0.607,0.9916,False
Hindi,坎卦-dynamic,a,0.539,29,0.602,0.9916,False
Hindi,離卦-static,t,0.539,18,0.5025,0.9916,False
Hindi,坎卦-dynamic,h,0.536,5,0.6119,0.9916,False
Hindi,艮卦-dynamic,s,-0.535,24,0.4975,0.9916,False
Hindi,坎卦-dynamic,j,0.535,5,0.6418,0.9916,False
Hindi,離卦-static,ə,0.534,46,0.4627,0.9916,False
Hindi,坎卦-dynamic,ə,-0.53,12,0.6368,0.9916,False
Hindi,坤卦-static,ʋ,-0.525,3,0.5672,0.9916,False
Hindi,坎卦-static,ʋ,0.52,5,0.7065,0.9916,False
Hindi,離卦-static,pʰ,0.518,5,0.5721,0.9916,False
Hindi,乾卦-static,d,-0.516,4,0.6517,0.9916,False
Hindi,坎卦-static,i,-0.513,6,0.6517,0.9916,False
Hindi,兌卦-dynamic,ɟ,-0.511,9,0.4776,0.9916,False
Hindi,艮卦-static,ɪ,-0.509,16,0.4826,0.9916,False
Hindi,艮卦-static,a,-0.504,45,0.4975,0.9916,False
Hindi,乾卦-static,i,0.501,12,0.6368,0.9916,False
Hindi,艮卦-dynamic,ɔ,0.499,6,0.4975,0.9916,False
Hindi,坎卦-static,ɡ,-0.492,4,0.6517,0.9916,False
Hindi,離卦-dynamic,a,0.492,93,0.5174,0.9916,False
Hindi,坎卦-dynamic,kʰ,0.489,3,0.6517,0.9916,False
Hindi,離卦-dynamic,s,0.489,35,0.4627,0.9916,False
Hindi,離卦-static,ɔ,0.488,4,0.5423,0.9916,False
Hindi,離卦-dynamic,ʈ,-0.488,12,0.4677,0.9916,False
Hindi,離卦-dynamic,kʰ,-0.479,5,0.5124,0.9916,False
Hindi,兌卦-static,l,-0.466,4,0.6965,0.9916,False
Hindi,艮卦-static,i,-0.463,15,0.5025,0.9916,False
Hindi,乾卦-static,t,-0.46,5,0.6816,0.9916,False
Hindi,兌卦-dynamic,dʰ,-0.456,4,0.4876,0.9916,False
Hindi,兌卦-dynamic,r,-0.456,4,0.4876,0.9916,False
Hindi,乾卦-dynamic,ʊ,0.44,26,0.5522,0.9916,False
Hindi,乾卦-static,dʰ,0.439,3,0.6915,0.9916,False
Hindi,艮卦-dynamic,ã,0.43,6,0.5821,0.9916,False
Hindi,乾卦-dynamic,ɟ,0.423,23,0.4527,0.9916,False
Hindi,艮卦-dynamic,ɡʰ,0.42,7,0.5622,0.9916,False
Hindi,兌卦-dynamic,c,-0.416,7,0.5124,0.9916,False
Hindi,離卦-dynamic,ʌ,0.415,52,0.5473,0.9916,False
Hindi,兌卦-dynamic,ʌ,-0.408,41,0.4776,0.9916,False
Hindi,艮卦-dynamic,ə,-0.406,41,0.5473,0.9916,False
Hindi,離卦-static,kʰ,0.403,6,0.597,0.9916,False
Hindi,艮卦-static,ɔ,0.392,4,0.607,0.9916,False
Hindi,離卦-static,s,-0.392,17,0.607,0.9916,False
Hindi,艮卦-static,ɳ,0.39,4,0.5473,0.9916,False
Hindi,震卦-dynamic,n,0.39,52,0.5224,0.9916,False
Hindi,乾卦-dynamic,a,-0.39,96,0.4478,0.9916,False
Hindi,坎卦-dynamic,t,0.384,8,0.7313,0.9916,False
Hindi,中卦-static,dʰ,-0.381,8,0.4627,0.9916,False
Hindi,坤卦-dynamic,ũ,0.38,4,0.4776,0.9916,False
Hindi,坤卦-dynamic,ɡ,0.377,39,0.5174,0.9916,False
Hindi,震卦-dynamic,o,0.373,21,0.5473,0.9916,False
Hindi,離卦-static,ʊ,-0.37,8,0.6667,0.9916,False
Hindi,離卦-dynamic,d,-0.37,13,0.5373,0.9916,False
Hindi,乾卦-dynamic,t,0.369,36,0.4527,0.9916,False
Hindi,離卦-static,tʰ,0.367,3,0.7363,0.9916,False
Hindi,震卦-static,n,-0.366,57,0.4677,0.9916,False
Hindi,乾卦-dynamic,ɔ,0.365,8,0.5423,0.9916,False
Hindi,艮卦-static,ɟ,-0.363,7,0.607,0.9916,False
Hindi,坤卦-static,o,-0.359,4,0.7214,0.9916,False
Hindi,乾卦-dynamic,d,0.358,24,0.5423,0.9916,False
Hindi,艮卦-dynamic,o,0.356,19,0.6567,0.9916,False
Hindi,艮卦-dynamic,h,-0.354,8,0.6418,0.9916,False
Hindi,離卦-dynamic,ʋ,-0.351,11,0.592,0.9916,False
Hindi,坎卦-static,l,-0.349,7,0.7363,0.9916,False
Hindi,艮卦-static,d,-0.345,9,0.607,0.9916,False
Hindi,兌卦-dynamic,kʰ,0.345,9,0.592,0.9916,False
Hindi,坤卦-static,b,0.344,6,0.7363,0.9916,False
Hindi,艮卦-dynamic,ɡ,-0.344,15,0.607,0.9916,False
Hindi,震卦-static,b,0.344,32,0.4826,0.9916,False
Hindi,坤卦-dynamic,a,-0.342,118,0.4826,0.9916,False
Hindi,離卦-static,d,0.341,11,0.6667,0.9916,False
Hindi,震卦-static,ʃ,0.338,16,0.5224,0.9916,False
Hindi,艮卦-static,ã,0.337,4,0.6915,0.9916,False
Hindi,艮卦-static,l,-0.337,17,0.607,0.9916,False
Hindi,坤卦-dynamic,ɔ,-0.336,5,0.5721,0.9916,False
Hindi,坤卦-dynamic,ʊ,0.335,30,0.4776,0.9916,False
Hindi,震卦-dynamic,kʰ,-0.334,6,0.6169,0.9916,False
Hindi,坤卦-dynamic,ɡʰ,-0.326,4,0.4776,0.9916,False
Hindi,震卦-dynamic,dʰ,-0.326,5,0.6368,0.9916,False
Hindi,離卦-dynamic,ɖ,0.322,5,0.6418,0.9916,False
Hindi,中卦-static,ɔ,0.32,10,0.5423,0.9916,False
Hindi,艮卦-static,r,-0.317,4,0.6468,0.9916,False
Hindi,坤卦-dynamic,bʰ,-0.316,8,0.5373,0.9916,False
Hindi,震卦-dynamic,d,-0.314,14,0.6468,0.9916,False
Hindi,兌卦-dynamic,ʃ,-0.313,6,0.6766,0.9916,False
Hindi,中卦-static,c,0.305,21,0.5473,0.9916,False
Hindi,坤卦-dynamic,t,0.303,42,0.5821,0.9916,False
Hindi,離卦-static,e,0.303,13,0.7413,0.9916,False
Hindi,兌卦-dynamic,s,0.301,33,0.6766,0.9916,False
Hindi,艮卦-static,b,0.3,13,0.6517,0.9916,False
Hindi,坤卦-static,ɡ,-0.299,5,0.7413,0.9916,False
Hindi,坤卦-dynamic,s,-0.298,46,0.5622,0.9916,False
Hindi,艮卦-dynamic,k,-0.296,32,0.6318,0.9916,False
Hindi,震卦-dynamic,ɡ,-0.293,17,0.592,0.9916,False
Hindi,坤卦-dynamic,u,0.288,21,0.607,0.9916,False
Hindi,震卦-dynamic,pʰ,-0.285,3,0.592,0.9916,False
Hindi,中卦-static,n,-0.282,65,0.5323,0.9916,False
Hindi,震卦-static,ʈ,0.282,32,0.5721,0.9916,False
Hindi,乾卦-dynamic,p,-0.281,24,0.6517,0.9916,False
Hindi,艮卦-dynamic,z,0.274,3,0.7065,0.9916,False
Hindi,乾卦-dynamic,l,0.273,44,0.6368,0.9916,False
Hindi,離卦-static,i,-0.266,16,0.7313,0.9916,False
Hindi,離卦-dynamic,ɟ,-0.265,11,0.7214,0.9916,False
Hindi,離卦-dynamic,bʰ,-0.262,5,0.6816,0.9916,False
Hindi,艮卦-dynamic,ʋ,0.26,15,0.6617,0.9916,False
Hindi,中卦-static,ʊ,-0.252,24,0.6418,0.9916,False
Hindi,離卦-static,ɾ,0.252,37,0.7313,0.9916,False
Hindi,兌卦-dynamic,cʰ,0.252,4,0.7264,0.9916,False
Hindi,坤卦-dynamic,i,0.251,55,0.6119,0.9916,False
Hindi,中卦-static,b,-0.251,26,0.6119,0.9916,False
Hindi,中卦-static,ʋ,0.249,28,0.5622,0.9916,False
Hindi,坤卦-dynamic,f,0.246,4,0.6169,0.9916,False
Hindi,艮卦-dynamic,bʰ,0.242,7,0.7413,0.9916,False
Hindi,兌卦-dynamic,ẽ,-0.241,3,0.7164,0.9916,False
Hindi,乾卦-dynamic,u,0.237,17,0.6716,0.9916,False
Hindi,坤卦-dynamic,ə,0.236,105,0.6517,0.9916,False
Hindi,震卦-static,a,-0.233,121,0.7015,0.9916,False
Hindi,中卦-static,ʈ,-0.231,26,0.597,0.9916,False
Hindi,震卦-static,ə,0.231,103,0.6517,0.9916,False
Hindi,震卦-static,cʰ,-0.23,4,0.6368,0.9916,False
Hindi,坤卦-dynamic,ã,0.229,9,0.6965,0.9916,False
Hindi,震卦-static,ɡʰ,-0.229,5,0.6617,0.9916,False
Hindi,離卦-dynamic,r,-0.229,7,0.7114,0.9916,False
Hindi,艮卦-dynamic,p,-0.223,17,0.7363,0.9916,False
Hindi,坤卦-dynamic,dʰ,-0.222,9,0.6269,0.9916,False
Hindi,震卦-static,u,0.22,20,0.6716,0.9916,False
Hindi,坤卦-dynamic,pʰ,0.219,10,0.6766,0.9916,False
Hindi,中卦-static,e,0.218,35,0.6468,0.9916,False
Hindi,震卦-dynamic,ə,-0.218,51,0.7065,0.9916,False
Hindi,艮卦-static,k,0.214,28,0.7363,0.9916,False
Hindi,震卦-dynamic,ɟ,-0.212,12,0.6915,0.9916,False
Hindi,兌卦-dynamic,ʋ,-0.212,12,0.7413,0.9916,False
Hindi,兌卦-dynamic,m,-0.208,22,0.7313,0.9916,False
Hindi,中卦-static,ʃ,0.199,16,0.7313,0.9916,False
Hindi,坤卦-dynamic,z,-0.196,3,0.7114,0.9916,False
Hindi,中卦-static,ɪ,-0.185,50,0.6866,0.9916,False
Hindi,中卦-static,z,0.151,5,0.7363,0.9916,False
Hindi,震卦-static,k,-0.142,59,0.7363,0.9916,False
Hindi,巽卦-static,ʈ,0.533,3,0.7463,0.9918,False
Hindi,巽卦-static,e,0.474,3,0.7463,0.9918,False
Hindi,震卦-static,ɟ,0.175,24,0.7463,0.9918,False
Hindi,乾卦-static,ʌ,-0.307,14,0.7512,0.9958,False
Hindi,離卦-static,ʌ,-0.23,28,0.7562,0.996,False
Hindi,艮卦-dynamic,kʰ,-0.222,6,0.7562,0.996,False
Hindi,乾卦-dynamic,s,0.207,45,0.7562,0.996,False
Hindi,坎卦-static,ɟ,-0.318,3,0.7612,0.9974,False
Hindi,巽卦-dynamic,n,0.622,5,0.7761,1.0,False
Hindi,巽卦-static,i,0.486,5,0.791,1.0,False
Hindi,兌卦-static,p,0.397,4,0.796,1.0,False
Hindi,巽卦-dynamic,l,0.357,3,0.8209,1.0,False
Hindi,坎卦-static,m,-0.286,6,0.796,1.0,False
Hindi,巽卦-static,n,-0.276,5,0.8557,1.0,False
Hindi,巽卦-dynamic,a,0.258,8,0.9005,1.0,False
Hindi,離卦-static,o,-0.245,9,0.796,1.0,False
Hindi,巽卦-static,ɡ,0.239,3,0.9104,1.0,False
Hindi,離卦-static,a,-0.234,47,0.791,1.0,False
Hindi,離卦-static,l,0.233,20,0.8408,1.0,False
Hindi,艮卦-dynamic,ʈ,0.223,18,0.796,1.0,False
Hindi,離卦-dynamic,ɾ,0.222,57,0.791,1.0,False
Hindi,坎卦-static,s,-0.209,8,0.8458,1.0,False
Hindi,坤卦-static,e,0.206,6,0.806,1.0,False
Hindi,離卦-dynamic,ə,-0.203,49,0.806,1.0,False
Hindi,艮卦-static,ə,0.2,42,0.7861,1.0,False
Hindi,艮卦-dynamic,ʂ,0.194,4,0.7711,1.0,False
Hindi,坎卦-dynamic,i,-0.192,8,0.8756,1.0,False
Hindi,艮卦-static,ɾ,-0.189,34,0.8657,1.0,False
Hindi,艮卦-static,t,0.178,16,0.806,1.0,False
Hindi,坤卦-static,n,0.171,14,0.8657,1.0,False
Hindi,坤卦-static,d,0.17,5,0.8507,1.0,False
Hindi,離卦-dynamic,o,0.168,18,0.8358,1.0,False
Hindi,離卦-dynamic,ʊ,-0.166,14,0.791,1.0,False
Hindi,乾卦-dynamic,pʰ,-0.166,5,0.791,1.0,False
Hindi,兌卦-dynamic,d,0.163,16,0.8507,1.0,False
Hindi,震卦-static,pʰ,-0.159,6,0.7711,1.0,False
Hindi,坤卦-static,a,0.158,26,0.8756,1.0,False
Hindi,震卦-dynamic,b,-0.157,16,0.8259,1.0,False
Hindi,離卦-static,ɛ,-0.156,3,0.8856,1.0,False
Hindi,坎卦-dynamic,e,-0.141,5,0.8806,1.0,False
Hindi,兌卦-dynamic,ɳ,0.139,5,0.8308,1.0,False
Hindi,兌卦-dynamic,ʂ,-0.137,3,0.8308,1.0,False
Hindi,乾卦-dynamic,ɳ,0.137,7,0.796,1.0,False
Hindi,震卦-static,t,-0.136,32,0.7711,1.0,False
Hindi,坎卦-dynamic,k,-0.135,11,0.8955,1.0,False
Hindi,離卦-dynamic,p,0.134,21,0.8806,1.0,False
Hindi,坎卦-static,o,0.13,5,0.9104,1.0,False
Hindi,震卦-dynamic,ʊ,-0.13,15,0.8308,1.0,False
Hindi,巽卦-static,s,-0.129,4,0.9154,1.0,False
Hindi,坤卦-dynamic,ɳ,-0.127,7,0.8109,1.0,False
Hindi,乾卦-static,o,-0.122,5,0.9055,1.0,False
Hindi,坤卦-dynamic,m,-0.121,39,0.7761,1.0,False
Hindi,艮卦-dynamic,dʰ,0.121,7,0.8955,1.0,False
Hindi,坤卦-static,ə,-0.118,16,0.8955,1.0,False
Hindi,艮卦-dynamic,i,-0.117,26,0.8706,1.0,False
Hindi,艮卦-dynamic,c,0.112,10,0.8856,1.0,False
Hindi,震卦-static,dʰ,0.112,12,0.8706,1.0,False
Hindi,乾卦-static,n,-0.112,13,0.9303,1.0,False
Hindi,坎卦-dynamic,s,-0.101,9,0.9005,1.0,False
Hindi,坤卦-dynamic,ʃ,0.097,14,0.8159,1.0,False
Hindi,兌卦-dynamic,pʰ,-0.095,4,0.9104,1.0,False
Hindi,乾卦-dynamic,cʰ,-0.095,4,0.8607,1.0,False
Hindi,離卦-dynamic,ŋ,0.092,4,0.8955,1.0,False
Hindi,震卦-dynamic,t,-0.086,21,0.9254,1.0,False
Hindi,中卦-static,ə,0.085,104,0.8607,1.0,False
Hindi,坤卦-dynamic,ẽ,-0.084,6,0.8856,1.0,False
Hindi,乾卦-dynamic,m,-0.083,33,0.8955,1.0,False
Hindi,震卦-static,ɳ,0.081,8,0.9005,1.0,False
Hindi,坤卦-dynamic,ɟ,-0.079,21,0.8458,1.0,False
Hindi,乾卦-dynamic,h,0.078,17,0.8806,1.0,False
Hindi,艮卦-dynamic,j,0.076,12,0.9154,1.0,False
Hindi,坎卦-static,ə,-0.076,15,0.9701,1.0,False
Hindi,坎卦-static,k,0.072,11,0.9303,1.0,False
Hindi,兌卦-dynamic,ɔ,-0.07,4,0.9104,1.0,False
Hindi,兌卦-dynamic,ɾ,0.07,54,0.9055,1.0,False
Hindi,乾卦-dynamic,i,-0.062,39,0.9104,1.0,False
Hindi,坤卦-static,ʈ,-0.056,5,0.9751,1.0,False
Hindi,離卦-static,ɪ,0.056,20,0.9353,1.0,False
Hindi,離卦-dynamic,cʰ,-0.055,3,0.9751,1.0,False
Hindi,坎卦-static,ʌ,-0.054,13,0.9751,1.0,False
Hindi,離卦-static,r,-0.052,6,0.9502,1.0,False
Hindi,震卦-static,j,-0.051,19,0.9403,1.0,False
Hindi,兌卦-dynamic,e,-0.048,17,0.9652,1.0,False
Hindi,坤卦-static,p,-0.047,6,0.9701,1.0,False
Hindi,坤卦-static,l,0.044,9,0.9453,1.0,False
Hindi,兌卦-dynamic,u,0.044,11,0.9403,1.0,False
Hindi,艮卦-static,n,-0.043,28,0.9502,1.0,False
Hindi,坎卦-static,r,0.043,3,0.9701,1.0,False
Hindi,坎卦-dynamic,ʈ,-0.042,5,0.9652,1.0,False
Hindi,中卦-static,ĩ,-0.041,4,0.9453,1.0,False
Hindi,中卦-static,ɳ,-0.039,8,0.9303,1.0,False
Hindi,兌卦-static,n,-0.039,7,0.9851,1.0,False
Hindi,震卦-dynamic,ɾ,-0.038,55,0.9204,1.0,False
Hindi,震卦-dynamic,r,0.034,11,0.9602,1.0,False
Hindi,艮卦-dynamic,r,0.032,10,0.9502,1.0,False
Hindi,離卦-static,ɳ,0.028,3,0.9851,1.0,False
Hindi,坤卦-static,ɟ,-0.027,4,0.9801,1.0,False
Hindi,坤卦-static,r,-0.026,3,0.9751,1.0,False
Hindi,中卦-static,p,0.026,36,0.9552,1.0,False
Hindi,乾卦-dynamic,ʂ,0.026,5,0.9801,1.0,False
Hindi,震卦-static,z,0.025,4,0.9751,1.0,False
Hindi,艮卦-static,ɡʰ,-0.023,3,0.9701,1.0,False
Hindi,艮卦-static,h,0.022,8,0.9751,1.0,False
Hindi,震卦-static,kʰ,-0.02,12,0.9652,1.0,False
Hindi,震卦-dynamic,a,-0.019,83,0.995,1.0,False
Hindi,兌卦-static,ʌ,0.019,8,0.9851,1.0,False
Hindi,離卦-dynamic,k,0.018,38,0.9602,1.0,False
Hindi,坤卦-static,c,-0.006,3,0.995,1.0,False
Hindi,乾卦-dynamic,r,0.002,14,1.0,1.0,False
Hindi,震卦-static,h,-0.001,19,0.995,1.0,False
Hungarian,乾卦-static,ɲ,3.506,14,0.005,0.2849,False
Hungarian,坤卦-static,d,3.198,12,0.005,0.2849,False
Hungarian,兌卦-static,t͡ʃ,3.182,8,0.005,0.2849,False
Hungarian,離卦-static,p,2.887,32,0.005,0.2849,False
Hungarian,離卦-dynamic,z,2.494,35,0.005,0.2849,False
Hungarian,乾卦-dynamic,v,2.211,28,0.005,0.2849,False
Hungarian,震卦-static,ɑ,2.189,137,0.005,0.2849,False
Hungarian,震卦-dynamic,m,2.106,42,0.005,0.2849,False
Hungarian,坤卦-dynamic,u,1.778,39,0.005,0.2849,False
Hungarian,中卦-static,r,-1.664,61,0.005,0.2849,False
Hungarian,坤卦-static,h,2.858,12,0.01,0.4179,False
Hungarian,坤卦-dynamic,ʒ,2.458,6,0.01,0.4179,False
Hungarian,兌卦-dynamic,r,-2.181,29,0.01,0.4179,False
Hungarian,艮卦-static,k,1.642,44,0.01,0.4179,False
Hungarian,艮卦-static,f,2.095,16,0.0149,0.5531,False
Hungarian,兌卦-dynamic,i,2.014,93,0.0149,0.5531,False
Hungarian,震卦-dynamic,u,1.868,24,0.0199,0.597,False
Hungarian,震卦-static,b,1.644,47,0.0199,0.597,False
Hungarian,坤卦-dynamic,ɡ,1.578,60,0.0199,0.597,False
Hungarian,震卦-static,v,-1.253,13,0.0199,0.597,False
Hungarian,坎卦-dynamic,ʎ,3.167,3,0.0249,0.6716,False
Hungarian,兌卦-static,j,2.799,7,0.0299,0.6716,False
Hungarian,巽卦-static,ʃ,2.542,19,0.0299,0.6716,False
Hungarian,離卦-static,v,-1.572,5,0.0299,0.6716,False
Hungarian,震卦-static,ʃ,-1.349,22,0.0249,0.6716,False
Hungarian,震卦-static,ɟ,1.259,19,0.0299,0.6716,False
Hungarian,中卦-static,n,1.219,109,0.0299,0.6716,False
Hungarian,艮卦-static,ø,1.645,27,0.0348,0.7566,False
Hungarian,中卦-dynamic,t,3.128,12,0.0647,0.8018,False
Hungarian,巽卦-static,ø,2.482,12,0.0448,0.8018,False
Hungarian,乾卦-static,y,2.36,7,0.0647,0.8018,False
Hungarian,坤卦-static,ɡ,2.232,12,0.0498,0.8018,False
Hungarian,巽卦-static,r,2.219,20,0.0448,0.8018,False
Hungarian,乾卦-static,ɛ,2.123,27,0.0995,0.8018,False
Hungarian,巽卦-static,ɟ,2.117,4,0.0647,0.8018,False
Hungarian,坎卦-static,f,2.084,7,0.0846,0.8018,False
Hungarian,乾卦-static,m,2.013,11,0.1045,0.8018,False
Hungarian,坎卦-static,b,1.938,10,0.0647,0.8018,False
Hungarian,乾卦-static,t͡ʃ,1.878,7,0.1045,0.8018,False
Hungarian,離卦-static,k,1.815,52,0.0398,0.8018,False
Hungarian,坤卦-static,e,1.783,15,0.0995,0.8018,False
Hungarian,坎卦-dynamic,a,1.7,26,0.0796,0.8018,False
Hungarian,乾卦-dynamic,u,1.677,22,0.0448,0.8018,False
Hungarian,坎卦-dynamic,v,1.52,14,0.0846,0.8018,False
Hungarian,坎卦-dynamic,s,-1.497,7,0.0746,0.8018,False
Hungarian,艮卦-static,ɟ,1.435,9,0.0547,0.8018,False
Hungarian,離卦-dynamic,n,1.395,66,0.0945,0.8018,False
Hungarian,離卦-static,t͡s,1.39,7,0.0945,0.8018,False
Hungarian,乾卦-dynamic,ɑ,1.334,69,0.0746,0.8018,False
Hungarian,離卦-static,ɛ,-1.306,40,0.0896,0.8018,False
Hungarian,震卦-dynamic,l,1.285,69,0.0896,0.8018,False
Hungarian,兌卦-dynamic,l,1.271,90,0.0597,0.8018,False
Hungarian,乾卦-dynamic,ɛ,-1.252,47,0.0945,0.8018,False
Hungarian,艮卦-static,l,1.248,50,0.1095,0.8018,False
Hungarian,艮卦-dynamic,s,1.241,38,0.0498,0.8018,False
Hungarian,艮卦-dynamic,c,1.208,3,0.1095,0.8018,False
Hungarian,乾卦-dynamic,r,1.208,60,0.1095,0.8018,False
Hungarian,震卦-dynamic,j,1.181,20,0.0697,0.8018,False
Hungarian,離卦-dynamic,k,-1.174,27,0.0945,0.8018,False
Hungarian,離卦-dynamic,ɟ,-1.174,3,0.0846,0.8018,False
Hungarian,震卦-static,j,1.133,32,0.0746,0.8018,False
Hungarian,兌卦-dynamic,n,1.095,64,0.1095,0.8018,False
Hungarian,艮卦-dynamic,l,1.05,90,0.1095,0.8018,False
Hungarian,坤卦-dynamic,s,-1.023,25,0.0896,0.8018,False
Hungarian,中卦-static,ɟ,1.004,23,0.0896,0.8018,False
Hungarian,艮卦-dynamic,m,-1.0,19,0.1095,0.8018,False
Hungarian,中卦-static,a,-1.0,39,0.0498,0.8018,False
Hungarian,震卦-static,m,0.992,52,0.0945,0.8018,False
Hungarian,中卦-static,b,-0.991,16,0.0796,0.8018,False
Hungarian,中卦-static,ʃ,0.983,103,0.0498,0.8018,False
Hungarian,坤卦-dynamic,i,-0.976,41,0.0746,0.8018,False
Hungarian,中卦-static,z,0.964,40,0.0697,0.8018,False
Hungarian,中卦-static,f,-0.91,17,0.0945,0.8018,False
Hungarian,中卦-static,j,-0.88,7,0.0846,0.8018,False
Hungarian,震卦-static,i,-0.869,43,0.1095,0.8018,False
Hungarian,坤卦-dynamic,z,-0.859,12,0.1045,0.8018,False
Hungarian,中卦-static,ʒ,0.827,4,0.0995,0.8018,False
Hungarian,中卦-static,m,0.805,65,0.0995,0.8018,False
Hungarian,兌卦-static,k,2.091,14,0.1144,0.81,False
Hungarian,離卦-dynamic,u,-1.035,9,0.1144,0.81,False
Hungarian,艮卦-static,s,1.223,20,0.1194,0.8358,False
Hungarian,兌卦-dynamic,b,-1.059,9,0.1244,0.8426,False
Hungarian,中卦-static,y,-0.709,12,0.1244,0.8426,False
Hungarian,震卦-static,n,-0.887,36,0.1343,0.8724,False
Hungarian,坤卦-dynamic,v,0.793,34,0.1343,0.8724,False
Hungarian,中卦-static,t,0.733,129,0.1343,0.8724,False
Hungarian,坤卦-static,y,1.633,6,0.1443,0.9,False
Hungarian,巽卦-static,o,1.533,19,0.1443,0.9,False
Hungarian,兌卦-static,o,1.851,16,0.1592,0.9153,False
Hungarian,艮卦-static,z,-1.141,4,0.1542,0.9153,False
Hungarian,離卦-dynamic,s,1.064,33,0.1642,0.9153,False
Hungarian,震卦-dynamic,ɛ,1.02,84,0.1642,0.9153,False
Hungarian,乾卦-dynamic,k,-1.007,23,0.1542,0.9153,False
Hungarian,艮卦-dynamic,b,-0.927,11,0.1542,0.9153,False
Hungarian,兌卦-dynamic,k,-0.858,34,0.1542,0.9153,False
Hungarian,坤卦-dynamic,t͡ʃ,-0.842,3,0.1592,0.9153,False
Hungarian,坤卦-dynamic,ɛ,0.766,133,0.1493,0.9153,False
Hungarian,震卦-static,o,0.699,94,0.1642,0.9153,False
Hungarian,中卦-dynamic,n,2.357,8,0.2289,0.9155,False
Hungarian,中卦-dynamic,i,2.219,9,0.2189,0.9155,False
Hungarian,乾卦-static,n,-1.687,3,0.2139,0.9155,False
Hungarian,坤卦-static,l,-1.527,6,0.1692,0.9155,False
Hungarian,巽卦-static,l,-1.466,6,0.2239,0.9155,False
Hungarian,兌卦-static,f,1.464,4,0.2637,0.9155,False
Hungarian,坤卦-static,i,-1.423,5,0.2488,0.9155,False
Hungarian,坤卦-static,a,1.349,12,0.2488,0.9155,False
Hungarian,坤卦-static,m,-1.337,3,0.2637,0.9155,False
Hungarian,巽卦-static,t,-1.336,7,0.2139,0.9155,False
Hungarian,乾卦-static,ɡ,1.331,9,0.2786,0.9155,False
Hungarian,巽卦-static,b,1.308,7,0.2886,0.9155,False
Hungarian,坎卦-static,a,-1.24,5,0.2537,0.9155,False
Hungarian,坤卦-static,ɑ,-1.226,10,0.2388,0.9155,False
Hungarian,坤卦-static,t,-1.192,8,0.2786,0.9155,False
Hungarian,坎卦-dynamic,m,-1.139,7,0.2189,0.9155,False
Hungarian,坎卦-dynamic,u,-1.052,4,0.2587,0.9155,False
Hungarian,艮卦-static,v,1.023,16,0.1791,0.9155,False
Hungarian,乾卦-dynamic,h,1.023,23,0.1891,0.9155,False
Hungarian,艮卦-static,n,-1.002,15,0.2189,0.9155,False
Hungarian,坎卦-dynamic,d,0.994,14,0.2935,0.9155,False
Hungarian,坎卦-dynamic,ɡ,-0.989,6,0.2736,0.9155,False
Hungarian,離卦-dynamic,d,0.989,31,0.1741,0.9155,False
Hungarian,乾卦-dynamic,ɟ,-0.985,3,0.1692,0.9155,False
Hungarian,坎卦-dynamic,t͡s,0.953,4,0.199,0.9155,False
Hungarian,兌卦-dynamic,v,0.944,28,0.1692,0.9155,False
Hungarian,震卦-dynamic,y,-0.942,4,0.1891,0.9155,False
Hungarian,艮卦-static,r,-0.94,27,0.2388,0.9155,False
Hungarian,離卦-static,l,-0.94,26,0.2139,0.9155,False
Hungarian,離卦-static,ɑ,0.933,55,0.204,0.9155,False
Hungarian,乾卦-dynamic,y,-0.918,4,0.1741,0.9155,False
Hungarian,艮卦-static,d,-0.916,7,0.209,0.9155,False
Hungarian,乾卦-dynamic,ɡ,-0.911,11,0.2388,0.9155,False
Hungarian,離卦-static,r,0.91,49,0.2239,0.9155,False
Hungarian,艮卦-static,ɲ,0.905,16,0.2687,0.9155,False
Hungarian,艮卦-static,y,0.904,12,0.2537,0.9155,False
Hungarian,離卦-dynamic,i,0.899,67,0.2388,0.9155,False
Hungarian,艮卦-static,b,-0.895,6,0.2338,0.9155,False
Hungarian,離卦-dynamic,f,-0.881,10,0.204,0.9155,False
Hungarian,艮卦-dynamic,ɛ,-0.865,76,0.1841,0.9155,False
Hungarian,離卦-static,o,0.859,50,0.2886,0.9155,False
Hungarian,震卦-dynamic,s,-0.85,16,0.2587,0.9155,False
Hungarian,艮卦-static,i,-0.805,20,0.2886,0.9155,False
Hungarian,震卦-dynamic,b,-0.797,9,0.2587,0.9155,False
Hungarian,震卦-dynamic,o,-0.796,34,0.2139,0.9155,False
Hungarian,艮卦-static,h,-0.792,4,0.2836,0.9155,False
Hungarian,艮卦-dynamic,i,0.786,72,0.209,0.9155,False
Hungarian,震卦-static,k,0.782,79,0.1741,0.9155,False
Hungarian,離卦-dynamic,h,-0.778,7,0.2637,0.9155,False
Hungarian,艮卦-dynamic,ɲ,-0.776,3,0.209,0.9155,False
Hungarian,兌卦-dynamic,ø,-0.769,19,0.2438,0.9155,False
Hungarian,震卦-dynamic,v,-0.756,11,0.2786,0.9155,False
Hungarian,震卦-dynamic,ɟ,-0.754,4,0.2935,0.9155,False
Hungarian,艮卦-dynamic,t͡s,0.745,9,0.2388,0.9155,False
Hungarian,兌卦-dynamic,y,-0.742,7,0.2587,0.9155,False
Hungarian,坤卦-dynamic,y,-0.731,9,0.1791,0.9155,False
Hungarian,艮卦-dynamic,a,0.726,50,0.2637,0.9155,False
Hungarian,震卦-static,e,-0.709,32,0.1891,0.9155,False
Hungarian,乾卦-dynamic,e,-0.696,19,0.2836,0.9155,False
Hungarian,震卦-static,h,-0.667,11,0.194,0.9155,False
Hungarian,坤卦-dynamic,f,-0.665,15,0.2189,0.9155,False
Hungarian,中卦-static,h,-0.646,15,0.2687,0.9155,False
Hungarian,震卦-static,s,-0.639,28,0.2289,0.9155,False
Hungarian,兌卦-dynamic,e,-0.633,27,0.2886,0.9155,False
Hungarian,坤卦-dynamic,h,0.623,33,0.199,0.9155,False
Hungarian,坤卦-dynamic,o,0.598,93,0.2786,0.9155,False
Hungarian,中卦-static,ø,-0.583,35,0.2687,0.9155,False
Hungarian,坤卦-dynamic,l,-0.582,62,0.2438,0.9155,False
Hungarian,中卦-static,i,0.544,104,0.2488,0.9155,False
Hungarian,中卦-static,e,0.519,78,0.2687,0.9155,False
Hungarian,中卦-static,t͡s,-0.506,6,0.2935,0.9155,False
Hungarian,中卦-static,l,-0.485,84,0.2836,0.9155,False
Hungarian,中卦-dynamic,e,2.114,7,0.3085,0.9184,False
Hungarian,巽卦-dynamic,p,1.759,4,0.2985,0.9184,False
Hungarian,兌卦-static,h,1.462,6,0.3035,0.9184,False
Hungarian,坎卦-static,l,1.445,23,0.2985,0.9184,False
Hungarian,乾卦-static,o,-1.291,7,0.3134,0.9184,False
Hungarian,巽卦-static,y,1.233,5,0.3035,0.9184,False
Hungarian,坎卦-dynamic,ɟ,1.006,6,0.3085,0.9184,False
Hungarian,乾卦-dynamic,a,0.756,35,0.3134,0.9184,False
Hungarian,兌卦-dynamic,o,-0.675,47,0.3134,0.9184,False
Hungarian,艮卦-dynamic,ɟ,-0.666,6,0.3085,0.9184,False
Hungarian,坤卦-dynamic,a,-0.484,39,0.3134,0.9184,False
Hungarian,巽卦-dynamic,e,1.554,7,0.3184,0.9287,False
Hungarian,坎卦-static,i,-1.16,7,0.3284,0.9318,False
Hungarian,艮卦-static,j,0.739,12,0.3284,0.9318,False
Hungarian,坤卦-dynamic,b,0.618,34,0.3284,0.9318,False
Hungarian,震卦-static,p,0.503,29,0.3284,0.9318,False
Hungarian,巽卦-dynamic,ɛ,-1.635,6,0.408,0.9361,False
Hungarian,巽卦-dynamic,b,1.629,4,0.3433,0.9361,False
Hungarian,中卦-dynamic,l,1.594,9,0.4627,0.9361,False
Hungarian,巽卦-dynamic,s,1.465,4,0.4478,0.9361,False
Hungarian,中卦-dynamic,ɛ,1.456,11,0.4677,0.9361,False
Hungarian,兌卦-static,t,-1.192,6,0.4378,0.9361,False
Hungarian,巽卦-dynamic,k,-1.185,3,0.5075,0.9361,False
Hungarian,巽卦-dynamic,ʃ,1.145,7,0.4876,0.9361,False
Hungarian,巽卦-static,n,-1.141,5,0.3831,0.9361,False
Hungarian,巽卦-static,i,-1.127,6,0.3731,0.9361,False
Hungarian,乾卦-static,k,-1.116,6,0.408,0.9361,False
Hungarian,乾卦-static,t,-1.099,8,0.5174,0.9361,False
Hungarian,巽卦-static,ɛ,-1.044,14,0.403,0.9361,False
Hungarian,乾卦-static,ʃ,1.04,13,0.4478,0.9361,False
Hungarian,巽卦-static,s,0.989,7,0.398,0.9361,False
Hungarian,坎卦-static,z,0.987,6,0.4378,0.9361,False
Hungarian,巽卦-static,ɲ,0.944,6,0.403,0.9361,False
Hungarian,巽卦-static,ɡ,-0.939,3,0.4527,0.9361,False
Hungarian,巽卦-static,u,0.937,5,0.4726,0.9361,False
Hungarian,巽卦-dynamic,n,-0.928,3,0.5075,0.9361,False
Hungarian,巽卦-static,h,0.866,6,0.4577,0.9361,False
Hungarian,坎卦-dynamic,ɑ,-0.843,23,0.3831,0.9361,False
Hungarian,坎卦-dynamic,z,0.841,10,0.4229,0.9361,False
Hungarian,坤卦-static,v,-0.813,3,0.4328,0.9361,False
Hungarian,坎卦-static,ɡ,-0.808,4,0.5224,0.9361,False
Hungarian,坎卦-static,o,0.804,19,0.5373,0.9361,False
Hungarian,離卦-dynamic,t,0.752,75,0.3383,0.9361,False
Hungarian,坎卦-dynamic,ø,0.736,16,0.4129,0.9361,False
Hungarian,震卦-dynamic,a,0.716,36,0.3632,0.9361,False
Hungarian,艮卦-static,o,-0.698,26,0.3582,0.9361,False
Hungarian,坎卦-static,r,0.676,18,0.5572,0.9361,False
Hungarian,坎卦-dynamic,k,-0.675,16,0.4776,0.9361,False
Hungarian,離卦-static,z,-0.668,7,0.3781,0.9361,False
Hungarian,兌卦-dynamic,p,-0.664,10,0.3532,0.9361,False
Hungarian,坎卦-dynamic,o,0.659,32,0.5124,0.9361,False
Hungarian,乾卦-dynamic,z,0.657,16,0.3532,0.9361,False
Hungarian,離卦-dynamic,l,-0.654,45,0.3582,0.9361,False
Hungarian,坎卦-dynamic,ʃ,0.637,24,0.5323,0.9361,False
Hungarian,震卦-dynamic,ʃ,-0.634,24,0.3532,0.9361,False
Hungarian,離卦-dynamic,t͡s,-0.633,3,0.3632,0.9361,False
Hungarian,坎卦-dynamic,h,-0.63,4,0.4627,0.9361,False
Hungarian,坎卦-dynamic,ɛ,-0.617,33,0.5572,0.9361,False
Hungarian,艮卦-dynamic,e,-0.61,29,0.3433,0.9361,False
Hungarian,離卦-dynamic,ɡ,0.605,33,0.4378,0.9361,False
Hungarian,離卦-dynamic,ø,-0.604,20,0.4428,0.9361,False
Hungarian,離卦-dynamic,r,-0.603,51,0.4229,0.9361,False
Hungarian,離卦-static,e,0.599,31,0.4577,0.9361,False
Hungarian,震卦-dynamic,t͡s,0.577,6,0.398,0.9361,False
Hungarian,離卦-dynamic,ɛ,0.568,96,0.393,0.9361,False
Hungarian,兌卦-dynamic,u,-0.566,13,0.3831,0.9361,False
Hungarian,兌卦-dynamic,z,0.559,21,0.4129,0.9361,False
Hungarian,乾卦-dynamic,n,0.558,40,0.4826,0.9361,False
Hungarian,兌卦-dynamic,s,0.554,31,0.4328,0.9361,False
Hungarian,兌卦-dynamic,ʃ,-0.552,33,0.4378,0.9361,False
Hungarian,離卦-static,ʃ,-0.55,21,0.4179,0.9361,False
Hungarian,艮卦-static,ɑ,-0.548,33,0.4826,0.9361,False
Hungarian,離卦-static,a,-0.545,19,0.5124,0.9361,False
Hungarian,震卦-static,z,-0.543,15,0.3831,0.9361,False
Hungarian,艮卦-static,a,0.541,25,0.5174,0.9361,False
Hungarian,離卦-static,ɟ,-0.541,4,0.4229,0.9361,False
Hungarian,離卦-static,f,-0.539,8,0.5423,0.9361,False
Hungarian,震卦-static,y,-0.535,11,0.3632,0.9361,False
Hungarian,震卦-static,ɛ,-0.532,98,0.3582,0.9361,False
Hungarian,乾卦-dynamic,f,0.525,14,0.4378,0.9361,False
Hungarian,離卦-dynamic,b,-0.522,14,0.5075,0.9361,False
Hungarian,兌卦-dynamic,f,0.514,19,0.4428,0.9361,False
Hungarian,乾卦-dynamic,j,-0.511,6,0.5323,0.9361,False
Hungarian,離卦-dynamic,t͡ʃ,-0.507,6,0.5323,0.9361,False
Hungarian,兌卦-dynamic,ɲ,-0.505,7,0.4279,0.9361,False
Hungarian,離卦-static,h,-0.503,7,0.4677,0.9361,False
Hungarian,離卦-static,t,-0.503,33,0.4478,0.9361,False
Hungarian,震卦-dynamic,ø,-0.501,17,0.4627,0.9361,False
Hungarian,艮卦-static,ʃ,-0.5,19,0.5323,0.9361,False
Hungarian,離卦-dynamic,e,-0.497,28,0.5075,0.9361,False
Hungarian,震卦-dynamic,t͡ʃ,-0.486,5,0.4179,0.9361,False
Hungarian,震卦-dynamic,t,-0.483,40,0.4826,0.9361,False
Hungarian,艮卦-dynamic,ø,0.469,36,0.4776,0.9361,False
Hungarian,離卦-dynamic,ʃ,-0.466,33,0.5274,0.9361,False
Hungarian,坤卦-dynamic,j,-0.465,11,0.398,0.9361,False
Hungarian,坤卦-dynamic,r,0.462,89,0.4428,0.9361,False
Hungarian,離卦-static,d,-0.461,11,0.5373,0.9361,False
Hungarian,震卦-dynamic,e,-0.457,23,0.4726,0.9361,False
Hungarian,乾卦-dynamic,m,-0.45,18,0.5124,0.9361,False
Hungarian,艮卦-dynamic,ɑ,0.447,82,0.5025,0.9361,False
Hungarian,艮卦-static,ɛ,-0.435,45,0.5522,0.9361,False
Hungarian,坤卦-dynamic,ɑ,0.431,98,0.4478,0.9361,False
Hungarian,乾卦-dynamic,d,-0.423,13,0.5572,0.9361,False
Hungarian,艮卦-dynamic,z,0.418,21,0.5124,0.9361,False
Hungarian,震卦-static,t͡s,0.413,9,0.4826,0.9361,False
Hungarian,兌卦-dynamic,j,0.413,18,0.5174,0.9361,False
Hungarian,震卦-static,ɡ,0.406,40,0.4925,0.9361,False
Hungarian,艮卦-dynamic,ʃ,-0.4,38,0.4876,0.9361,False
Hungarian,離卦-dynamic,ɑ,0.4,73,0.5323,0.9361,False
Hungarian,離卦-static,ø,-0.389,15,0.5473,0.9361,False
Hungarian,中卦-static,o,-0.363,88,0.4627,0.9361,False
Hungarian,兌卦-dynamic,t͡s,0.357,7,0.5473,0.9361,False
Hungarian,坤卦-dynamic,k,-0.336,55,0.5373,0.9361,False
Hungarian,兌卦-dynamic,h,0.322,22,0.5522,0.9361,False
Hungarian,中卦-static,t͡ʃ,-0.319,14,0.5224,0.9361,False
Hungarian,中卦-static,ɑ,0.295,123,0.4726,0.9361,False
Hungarian,中卦-static,v,-0.278,30,0.5423,0.9361,False
Hungarian,中卦-static,u,-0.277,25,0.5075,0.9361,False
Hungarian,中卦-static,ɛ,0.328,158,0.5622,0.937,False
Hungarian,艮卦-static,e,-0.44,17,0.5672,0.9428,False
Hungarian,離卦-static,s,-0.479,15,0.5721,0.9461,False
Hungarian,震卦-dynamic,k,-0.417,32,0.5721,0.9461,False
Hungarian,乾卦-static,v,-0.719,3,0.592,0.9503,False
Hungarian,乾卦-static,d,-0.71,3,0.5871,0.9503,False
Hungarian,兌卦-static,ʃ,-0.657,5,0.6169,0.9503,False
Hungarian,坎卦-static,ɛ,0.628,25,0.607,0.9503,False
Hungarian,坎卦-dynamic,y,-0.478,4,0.6169,0.9503,False
Hungarian,坎卦-dynamic,f,0.454,8,0.607,0.9503,False
Hungarian,震卦-dynamic,ɑ,0.431,59,0.592,0.9503,False
Hungarian,離卦-static,n,0.414,33,0.602,0.9503,False
Hungarian,乾卦-dynamic,l,-0.39,39,0.607,0.9503,False
Hungarian,離卦-static,ɡ,-0.368,14,0.597,0.9503,False
Hungarian,乾卦-dynamic,b,-0.367,12,0.607,0.9503,False
Hungarian,震卦-dynamic,ɡ,-0.351,17,0.5771,0.9503,False
Hungarian,艮卦-dynamic,h,-0.336,14,0.6119,0.9503,False
Hungarian,艮卦-dynamic,j,0.32,18,0.5821,0.9503,False
Hungarian,艮卦-dynamic,v,-0.311,19,0.6169,0.9503,False
Hungarian,坤卦-dynamic,p,-0.295,18,0.602,0.9503,False
Hungarian,震卦-static,t͡ʃ,-0.292,11,0.5871,0.9503,False
Hungarian,坤卦-dynamic,d,0.291,32,0.602,0.9503,False
Hungarian,震卦-static,ø,-0.286,31,0.597,0.9503,False
Hungarian,震卦-static,d,-0.277,24,0.602,0.9503,False
Hungarian,中卦-static,p,-0.207,25,0.6169,0.9503,False
Hungarian,離卦-dynamic,o,-0.357,51,0.6219,0.9556,False
Hungarian,坎卦-static,m,0.575,9,0.6269,0.9562,False
Hungarian,兌卦-dynamic,ɡ,-0.293,23,0.6318,0.9615,False
Hungarian,坎卦-dynamic,e,-0.448,13,0.6368,0.9627,False
Hungarian,艮卦-dynamic,o,-0.296,58,0.6418,0.9627,False
Hungarian,艮卦-dynamic,y,0.29,17,0.6368,0.9627,False
Hungarian,坤卦-dynamic,n,-0.248,51,0.6418,0.9627,False
Hungarian,中卦-static,ɡ,0.228,49,0.6418,0.9627,False
Hungarian,巽卦-dynamic,r,0.779,8,0.6567,0.9644,False
Hungarian,坎卦-static,p,0.611,6,0.6567,0.9644,False
Hungarian,乾卦-dynamic,s,-0.351,18,0.6468,0.9644,False
Hungarian,兌卦-dynamic,t͡ʃ,0.32,16,0.6517,0.9644,False
Hungarian,中卦-static,d,-0.259,32,0.6567,0.9644,False
Hungarian,中卦-static,ɲ,0.187,29,0.6517,0.9644,False
Hungarian,乾卦-dynamic,t͡ʃ,-0.347,6,0.6617,0.965,False
Hungarian,乾卦-dynamic,t͡s,0.309,5,0.6617,0.965,False
Hungarian,艮卦-dynamic,u,0.215,20,0.6617,0.965,False
Hungarian,乾卦-static,a,-0.583,6,0.6667,0.9677,False
Hungarian,巽卦-static,a,0.477,9,0.6667,0.9677,False
Hungarian,巽卦-dynamic,ø,0.757,4,0.6766,0.9754,False
Hungarian,兌卦-dynamic,a,0.267,41,0.6766,0.9754,False
Hungarian,坤卦-dynamic,ɟ,-0.221,10,0.6766,0.9754,False
Hungarian,巽卦-dynamic,a,0.7,5,0.6816,0.976,False
Hungarian,巽卦-dynamic,l,-0.67,5,0.7065,0.976,False
Hungarian,兌卦-static,s,0.552,5,0.6965,0.976,False
Hungarian,巽卦-static,v,0.49,5,0.7065,0.976,False
Hungarian,兌卦-static,r,-0.46,9,0.6965,0.976,False
Hungarian,坤卦-static,n,-0.418,8,0.6965,0.976,False
Hungarian,兌卦-static,n,-0.418,6,0.6915,0.976,False
Hungarian,坎卦-dynamic,t,0.337,30,0.7065,0.976,False
Hungarian,兌卦-dynamic,t,0.296,69,0.7065,0.976,False
Hungarian,離卦-static,y,-0.285,7,0.6866,0.976,False
Hungarian,震卦-static,r,-0.231,74,0.7015,0.976,False
Hungarian,震卦-static,ɲ,-0.229,14,0.6915,0.976,False
Hungarian,中卦-static,k,0.195,87,0.6866,0.976,False
Hungarian,巽卦-dynamic,t,0.579,8,0.7413,0.977,False
Hungarian,兌卦-static,y,0.576,3,0.7214,0.977,False
Hungarian,兌卦-static,l,-0.55,8,0.7164,0.977,False
Hungarian,兌卦-static,ɛ,0.486,16,0.7363,0.977,False
Hungarian,坎卦-static,k,0.435,14,0.7214,0.977,False
Hungarian,坤卦-static,ʃ,0.389,11,0.7164,0.977,False
Hungarian,坤卦-static,k,0.359,12,0.7413,0.977,False
Hungarian,離卦-static,b,0.317,15,0.7413,0.977,False
Hungarian,坎卦-dynamic,p,-0.314,6,0.7264,0.977,False
Hungarian,離卦-static,m,0.266,21,0.7164,0.977,False
Hungarian,震卦-dynamic,d,0.258,19,0.7214,0.977,False
Hungarian,乾卦-dynamic,t,-0.256,42,0.7313,0.977,False
Hungarian,離卦-dynamic,p,-0.25,14,0.7214,0.977,False
Hungarian,坤卦-dynamic,t͡s,-0.227,6,0.7164,0.977,False
Hungarian,震卦-static,t,0.219,84,0.7214,0.977,False
Hungarian,震卦-static,l,-0.218,71,0.7313,0.977,False
Hungarian,離卦-dynamic,m,-0.216,26,0.7413,0.977,False
Hungarian,震卦-static,a,0.201,50,0.7363,0.977,False
Hungarian,艮卦-dynamic,t,-0.19,62,0.7363,0.977,False
Hungarian,巽卦-dynamic,ɑ,-0.697,6,0.7463,0.9774,False
Hungarian,離卦-static,t͡ʃ,-0.239,6,0.7463,0.9774,False
Hungarian,艮卦-dynamic,p,0.203,21,0.7512,0.9819,False
Hungarian,兌卦-static,i,-0.431,7,0.7662,0.9891,False
Hungarian,坤卦-static,ø,0.346,7,0.7612,0.9891,False
Hungarian,艮卦-static,m,-0.255,15,0.7662,0.9891,False
Hungarian,艮卦-dynamic,ɡ,0.193,31,0.7662,0.9891,False
Hungarian,坤卦-dynamic,ʃ,-0.179,51,0.7662,0.9891,False
Hungarian,坎卦-static,ø,0.355,8,0.7861,0.9908,False
Hungarian,巽卦-static,ɑ,-0.316,13,0.791,0.9908,False
Hungarian,坎卦-dynamic,r,0.296,29,0.791,0.9908,False
Hungarian,艮卦-static,ɡ,-0.273,13,0.7811,0.9908,False
Hungarian,震卦-dynamic,n,-0.227,31,0.7861,0.9908,False
Hungarian,兌卦-dynamic,ɟ,-0.197,8,0.7811,0.9908,False
Hungarian,離卦-dynamic,a,0.187,38,0.7811,0.9908,False
Hungarian,兌卦-dynamic,d,0.175,24,0.7711,0.9908,False
Hungarian,艮卦-dynamic,k,-0.169,49,0.7861,0.9908,False
Hungarian,艮卦-dynamic,r,-0.157,64,0.791,0.9908,False
Hungarian,震卦-static,u,0.154,23,0.7761,0.9908,False
Hungarian,艮卦-dynamic,n,0.151,50,0.791,0.9908,False
Hungarian,坤卦-static,b,0.283,5,0.796,0.9931,False
Hungarian,乾卦-static,s,-0.355,5,0.806,0.9937,False
Hungarian,離卦-dynamic,v,0.201,21,0.801,0.9937,False
Hungarian,離卦-static,i,-0.165,31,0.801,0.9937,False
Hungarian,震卦-dynamic,h,-0.15,12,0.806,0.9937,False
Hungarian,坤卦-dynamic,m,-0.127,36,0.806,0.9937,False
Hungarian,中卦-dynamic,r,-0.576,5,0.8209,0.9945,False
Hungarian,中卦-dynamic,ʃ,0.537,5,0.8209,0.9945,False
Hungarian,乾卦-static,l,-0.356,11,0.8209,0.9945,False
Hungarian,坎卦-static,t,0.313,17,0.8159,0.9945,False
Hungarian,艮卦-dynamic,d,-0.129,22,0.8159,0.9945,False
Hungarian,中卦-dynamic,k,-0.345,4,0.8905,0.9966,False
Hungarian,兌卦-static,ɡ,0.322,5,0.8458,0.9966,False
Hungarian,坤卦-static,z,-0.308,3,0.8408,0.9966,False
Hungarian,兌卦-static,v,-0.232,3,0.8607,0.9966,False
Hungarian,巽卦-dynamic,o,-0.225,6,0.9154,0.9966,False
Hungarian,坎卦-static,d,0.222,6,0.8756,0.9966,False
Hungarian,乾卦-static,z,-0.216,3,0.9104,0.9966,False
Hungarian,坎卦-static,s,0.214,7,0.8856,0.9966,False
Hungarian,坎卦-static,n,-0.213,10,0.8657,0.9966,False
Hungarian,坎卦-static,ɑ,-0.212,16,0.8557,0.9966,False
Hungarian,中卦-dynamic,m,0.21,3,0.9552,0.9966,False
Hungarian,巽卦-dynamic,i,0.206,6,0.9055,0.9966,False
Hungarian,坎卦-dynamic,ɲ,-0.202,5,0.8657,0.9966,False
Hungarian,乾卦-static,f,-0.193,3,0.8806,0.9966,False
Hungarian,坎卦-dynamic,j,-0.185,5,0.8756,0.9966,False
Hungarian,乾卦-dynamic,i,0.184,41,0.8358,0.9966,False
Hungarian,坤卦-static,ɛ,0.179,20,0.8557,0.9966,False
Hungarian,兌卦-static,u,0.174,3,0.9254,0.9966,False
Hungarian,巽卦-static,p,0.172,4,0.9502,0.9966,False
Hungarian,艮卦-static,u,-0.155,9,0.8657,0.9966,False
Hungarian,兌卦-static,b,-0.155,3,0.9403,0.9966,False
Hungarian,坎卦-dynamic,b,-0.151,8,0.8557,0.9966,False
Hungarian,乾卦-dynamic,o,0.15,47,0.8308,0.9966,False
Hungarian,坎卦-static,e,0.148,10,0.9303,0.9966,False
Hungarian,乾卦-dynamic,ʃ,-0.144,30,0.8458,0.9966,False
Hungarian,坤卦-static,r,0.137,14,0.8557,0.9966,False
Hungarian,乾卦-dynamic,ø,0.135,22,0.8756,0.9966,False
Hungarian,兌卦-dynamic,ɛ,0.132,92,0.8507,0.9966,False
Hungarian,艮卦-static,t͡ʃ,-0.128,6,0.8905,0.9966,False
Hungarian,艮卦-static,p,-0.126,9,0.8408,0.9966,False
Hungarian,坤卦-static,s,0.119,6,0.9154,0.9966,False
Hungarian,離卦-dynamic,y,-0.105,12,0.8756,0.9966,False
Hungarian,乾卦-dynamic,p,-0.105,12,0.8706,0.9966,False
Hungarian,坎卦-static,h,-0.104,4,0.9453,0.9966,False
Hungarian,巽卦-dynamic,ɡ,0.103,3,0.9552,0.9966,False
Hungarian,坤卦-dynamic,ɲ,-0.088,17,0.8557,0.9966,False
Hungarian,艮卦-static,t,-0.086,34,0.9303,0.9966,False
Hungarian,乾卦-static,i,0.086,11,0.9652,0.9966,False
Hungarian,艮卦-dynamic,t͡ʃ,-0.077,12,0.8607,0.9966,False
Hungarian,震卦-dynamic,r,0.077,49,0.8607,0.9966,False
Hungarian,乾卦-dynamic,ɲ,-0.073,10,0.9154,0.9966,False
Hungarian,坎卦-dynamic,i,0.072,23,0.9552,0.9966,False
Hungarian,離卦-dynamic,ɲ,-0.071,13,0.8657,0.9966,False
Hungarian,震卦-dynamic,z,0.07,13,0.9552,0.9966,False
Hungarian,震卦-dynamic,p,0.069,14,0.8905,0.9966,False
Hungarian,坤卦-dynamic,e,-0.065,47,0.9104,0.9966,False
Hungarian,離卦-static,ɲ,0.065,10,0.9502,0.9966,False
Hungarian,兌卦-static,e,-0.057,6,0.9602,0.9966,False
Hungarian,兌卦-static,ɑ,-0.057,11,0.9701,0.9966,False
Hungarian,乾卦-static,e,0.056,8,0.9453,0.9966,False
Hungarian,坎卦-dynamic,l,-0.055,26,0.9502,0.9966,False
Hungarian,巽卦-static,m,-0.054,6,0.9453,0.9966,False
Hungarian,震卦-dynamic,i,-0.053,39,0.9751,0.9966,False
Hungarian,坤卦-static,ɲ,-0.052,3,0.9552,0.9966,False
Hungarian,坎卦-dynamic,t͡ʃ,-0.051,5,0.9502,0.9966,False
Hungarian,乾卦-static,r,0.047,13,0.9751,0.9966,False
Hungarian,中卦-static,s,0.042,45,0.9303,0.9966,False
Hungarian,兌卦-dynamic,ɑ,0.041,70,0.9652,0.9966,False
Hungarian,乾卦-static,ɑ,-0.036,14,0.9602,0.9966,False
Hungarian,巽卦-static,k,-0.035,10,0.995,0.9966,False
Hungarian,艮卦-dynamic,f,0.033,17,0.9751,0.9966,False
Hungarian,震卦-static,f,0.028,20,0.9453,0.9966,False
Hungarian,震卦-dynamic,f,-0.027,12,0.9751,0.9966,False
Hungarian,坤卦-static,o,-0.025,13,0.9751,0.9966,False
Hungarian,坤卦-dynamic,t,-0.02,79,0.9403,0.9966,False
Hungarian,坎卦-dynamic,n,-0.019,19,0.99,0.9966,False
Hungarian,兌卦-dynamic,m,0.01,30,0.99,0.9966,False
Hungarian,坎卦-static,v,-0.005,5,0.995,0.9966,False
Hungarian,離卦-dynamic,j,0.004,13,0.9801,0.9966,False
Hungarian,坤卦-dynamic,ø,0.003,36,0.995,0.9966,False
Hungarian,離卦-static,u,0.004,11,1.0,1.0,False
Indonesian,兌卦-dynamic,m,2.697,203,0.005,0.3806,False
Indonesian,乾卦-dynamic,ɔ,2.364,8,0.005,0.3806,False
Indonesian,離卦-dynamic,n,2.298,104,0.005,0.3806,False
Indonesian,震卦-dynamic,d͡ʒ,2.213,22,0.005,0.3806,False
Indonesian,中卦-static,a,2.169,445,0.005,0.3806,False
Indonesian,中卦-static,d͡ʒ,2.039,44,0.005,0.3806,False
Indonesian,中卦-static,ɛ,1.745,90,0.005,0.3806,False
Indonesian,中卦-static,s,1.487,124,0.005,0.3806,False
Indonesian,巽卦-dynamic,t͡ʃ,3.16,4,0.0149,0.435,False
Indonesian,兌卦-static,k,2.521,33,0.0149,0.435,False
Indonesian,艮卦-dynamic,ŋ,1.956,45,0.01,0.435,False
Indonesian,離卦-dynamic,m,1.879,133,0.01,0.435,False
Indonesian,兌卦-dynamic,ə,1.859,167,0.01,0.435,False
Indonesian,艮卦-static,p,1.85,23,0.0149,0.435,False
Indonesian,坤卦-dynamic,h,1.591,62,0.01,0.435,False
Indonesian,乾卦-dynamic,s,1.405,58,0.0149,0.435,False
Indonesian,震卦-static,t,1.234,91,0.01,0.435,False
Indonesian,坤卦-dynamic,n,-1.195,59,0.0149,0.435,False
Indonesian,中卦-static,u,-1.184,53,0.0149,0.435,False
Indonesian,坤卦-dynamic,u,1.136,156,0.0149,0.435,False
Indonesian,坎卦-static,i,2.314,37,0.0299,0.63,False
Indonesian,乾卦-dynamic,w,1.466,9,0.0299,0.63,False
Indonesian,兌卦-dynamic,a,-1.217,159,0.0249,0.63,False
Indonesian,震卦-static,n,1.131,100,0.0299,0.63,False
Indonesian,坤卦-dynamic,ə,-1.103,25,0.0299,0.63,False
Indonesian,中卦-dynamic,o,3.863,4,0.0348,0.6459,False
Indonesian,坎卦-dynamic,a͡ʊ,2.661,5,0.0348,0.6459,False
Indonesian,坎卦-static,d,2.168,12,0.0348,0.6459,False
Indonesian,乾卦-static,u,2.224,25,0.0398,0.6766,False
Indonesian,坤卦-static,h,1.498,12,0.0398,0.6766,False
Indonesian,離卦-dynamic,ə,1.473,121,0.0398,0.6766,False
Indonesian,坤卦-static,n,-1.719,9,0.0448,0.7026,False
Indonesian,離卦-static,ŋ,1.381,33,0.0448,0.7026,False
Indonesian,震卦-static,a,1.108,243,0.0448,0.7026,False
Indonesian,乾卦-dynamic,t͡ʃ,1.336,18,0.0498,0.7249,False
Indonesian,中卦-static,d,0.974,62,0.0498,0.7249,False
Indonesian,艮卦-dynamic,ɡ,1.492,23,0.0547,0.7612,False
Indonesian,震卦-static,ə,-0.912,30,0.0547,0.7612,False
Indonesian,乾卦-dynamic,f,1.747,4,0.0597,0.7774,False
Indonesian,兌卦-dynamic,ŋ,1.005,62,0.0597,0.7774,False
Indonesian,坤卦-dynamic,d,0.884,46,0.0597,0.7774,False
Indonesian,中卦-dynamic,b,3.573,3,0.0647,0.8078,False
Indonesian,震卦-static,j,1.084,8,0.0647,0.8078,False
Indonesian,巽卦-dynamic,a͡ɪ,2.349,6,0.0796,0.8088,False
Indonesian,巽卦-static,a͡ɪ,2.134,4,0.0846,0.8088,False
Indonesian,艮卦-static,h,1.811,17,0.0697,0.8088,False
Indonesian,坎卦-static,a,1.789,58,0.0796,0.8088,False
Indonesian,艮卦-dynamic,d,-1.288,5,0.0796,0.8088,False
Indonesian,震卦-dynamic,ə,1.241,101,0.0746,0.8088,False
Indonesian,離卦-dynamic,s,-1.019,21,0.0796,0.8088,False
Indonesian,兌卦-dynamic,t,-0.996,38,0.0697,0.8088,False
Indonesian,兌卦-dynamic,p,-0.992,25,0.0746,0.8088,False
Indonesian,震卦-static,ŋ,0.934,60,0.0846,0.8088,False
Indonesian,中卦-static,t,0.771,126,0.0846,0.8088,False
Indonesian,中卦-static,ŋ,-0.75,47,0.0846,0.8088,False
Indonesian,震卦-dynamic,a,-0.878,127,0.0896,0.818,False
Indonesian,震卦-static,ɡ,0.813,30,0.0896,0.818,False
Indonesian,中卦-dynamic,l,3.512,4,0.1144,0.8239,False
Indonesian,乾卦-static,h,1.849,8,0.1045,0.8239,False
Indonesian,乾卦-static,ɛ,1.653,8,0.0995,0.8239,False
Indonesian,艮卦-static,j,1.524,3,0.1144,0.8239,False
Indonesian,坎卦-dynamic,t,-1.484,8,0.0995,0.8239,False
Indonesian,艮卦-static,t,1.355,29,0.1095,0.8239,False
Indonesian,離卦-static,h,-1.097,3,0.1144,0.8239,False
Indonesian,震卦-static,ɛ,-0.8,19,0.0945,0.8239,False
Indonesian,兌卦-static,d,1.511,10,0.1343,0.8304,False
Indonesian,坤卦-static,a,-1.203,38,0.1294,0.8304,False
Indonesian,震卦-static,r,-0.786,54,0.1294,0.8304,False
Indonesian,坤卦-dynamic,a,0.695,275,0.1294,0.8304,False
Indonesian,中卦-static,m,-0.636,60,0.1194,0.8304,False
Indonesian,震卦-dynamic,f,1.12,3,0.1393,0.8441,False
Indonesian,坤卦-dynamic,s,0.67,74,0.1443,0.849,False
Indonesian,坎卦-static,r,1.371,24,0.1692,0.8525,False
Indonesian,坤卦-static,k,1.314,28,0.1592,0.8525,False
Indonesian,坎卦-dynamic,ɲ,1.262,9,0.1493,0.8525,False
Indonesian,坤卦-static,ə,-1.187,4,0.1741,0.8525,False
Indonesian,離卦-static,j,1.147,4,0.1592,0.8525,False
Indonesian,坤卦-static,s,1.106,17,0.1692,0.8525,False
Indonesian,艮卦-static,s,-0.995,8,0.1692,0.8525,False
Indonesian,艮卦-dynamic,h,-0.948,5,0.1741,0.8525,False
Indonesian,乾卦-dynamic,d,-0.853,11,0.1642,0.8525,False
Indonesian,乾卦-dynamic,a,-0.733,132,0.1642,0.8525,False
Indonesian,巽卦-static,p,1.857,5,0.1791,0.8563,False
Indonesian,坤卦-dynamic,t,0.616,92,0.1791,0.8563,False
Indonesian,艮卦-static,ɛ,-1.204,4,0.1891,0.857,False
Indonesian,艮卦-dynamic,a,-0.807,99,0.1841,0.857,False
Indonesian,中卦-static,ɔ,-0.604,3,0.194,0.8668,False
Indonesian,巽卦-dynamic,n,1.941,11,0.199,0.873,False
Indonesian,坎卦-dynamic,ə,1.19,41,0.204,0.873,False
Indonesian,離卦-static,t͡ʃ,0.824,9,0.204,0.873,False
Indonesian,震卦-dynamic,h,-0.75,9,0.204,0.873,False
Indonesian,乾卦-dynamic,r,0.784,72,0.209,0.8819,False
Indonesian,震卦-static,l,-0.602,32,0.209,0.8819,False
Indonesian,坤卦-static,u,1.021,30,0.2189,0.8991,False
Indonesian,巽卦-static,u,1.621,10,0.2488,0.9028,False
Indonesian,乾卦-static,p,-1.21,3,0.2537,0.9028,False
Indonesian,乾卦-static,a,1.125,35,0.2488,0.9028,False
Indonesian,坤卦-static,d,-1.011,3,0.2338,0.9028,False
Indonesian,坤卦-static,ɛ,0.981,11,0.2537,0.9028,False
Indonesian,艮卦-static,w,0.954,3,0.2537,0.9028,False
Indonesian,離卦-dynamic,i,-0.753,53,0.2289,0.9028,False
Indonesian,離卦-dynamic,r,-0.726,46,0.2388,0.9028,False
Indonesian,震卦-dynamic,b,0.688,56,0.2537,0.9028,False
Indonesian,兌卦-dynamic,l,-0.629,31,0.2438,0.9028,False
Indonesian,兌卦-dynamic,d,-0.617,18,0.2488,0.9028,False
Indonesian,兌卦-dynamic,k,-0.609,57,0.2488,0.9028,False
Indonesian,震卦-static,m,-0.575,41,0.2239,0.9028,False
Indonesian,中卦-static,ə,-0.513,78,0.2438,0.9028,False
Indonesian,中卦-static,w,0.469,12,0.2338,0.9028,False
Indonesian,中卦-static,k,-0.463,96,0.2488,0.9028,False
Indonesian,中卦-dynamic,i,2.541,3,0.403,0.9115,False
Indonesian,巽卦-dynamic,ɲ,1.463,3,0.2687,0.9115,False
Indonesian,巽卦-static,s,1.296,5,0.3731,0.9115,False
Indonesian,巽卦-dynamic,m,1.219,12,0.4527,0.9115,False
Indonesian,乾卦-static,t,1.213,13,0.2786,0.9115,False
Indonesian,乾卦-static,n,-1.201,7,0.2836,0.9115,False
Indonesian,巽卦-static,l,1.136,8,0.4577,0.9115,False
Indonesian,乾卦-static,ə,-1.099,3,0.2836,0.9115,False
Indonesian,巽卦-dynamic,t,1.012,8,0.5373,0.9115,False
Indonesian,坎卦-dynamic,s,0.978,21,0.3284,0.9115,False
Indonesian,巽卦-static,k,0.937,7,0.5124,0.9115,False
Indonesian,坎卦-dynamic,p,0.917,18,0.3134,0.9115,False
Indonesian,巽卦-static,ŋ,0.916,4,0.5771,0.9115,False
Indonesian,巽卦-dynamic,ə,0.89,11,0.5323,0.9115,False
Indonesian,坎卦-static,u,-0.878,10,0.3433,0.9115,False
Indonesian,乾卦-static,r,0.859,14,0.4229,0.9115,False
Indonesian,兌卦-static,m,-0.843,6,0.4129,0.9115,False
Indonesian,艮卦-static,a,0.84,72,0.3582,0.9115,False
Indonesian,坎卦-static,ɛ,-0.834,4,0.3582,0.9115,False
Indonesian,巽卦-dynamic,a,-0.832,16,0.5572,0.9115,False
Indonesian,巽卦-dynamic,r,0.819,9,0.5672,0.9115,False
Indonesian,離卦-static,r,0.759,46,0.2886,0.9115,False
Indonesian,坎卦-dynamic,u,-0.746,16,0.398,0.9115,False
Indonesian,兌卦-static,b,-0.739,5,0.4577,0.9115,False
Indonesian,坎卦-dynamic,ɛ,0.736,13,0.4378,0.9115,False
Indonesian,艮卦-static,d,-0.735,5,0.3731,0.9115,False
Indonesian,兌卦-static,ɛ,0.732,9,0.4826,0.9115,False
Indonesian,坤卦-static,d͡ʒ,0.72,4,0.3831,0.9115,False
Indonesian,坎卦-static,t,0.717,17,0.4428,0.9115,False
Indonesian,震卦-dynamic,r,0.71,70,0.2786,0.9115,False
Indonesian,艮卦-dynamic,a͡ʊ,0.7,4,0.3333,0.9115,False
Indonesian,巽卦-dynamic,u,-0.7,5,0.6866,0.9115,False
Indonesian,巽卦-dynamic,k,-0.698,5,0.6468,0.9115,False
Indonesian,離卦-dynamic,ɛ,-0.697,17,0.2736,0.9115,False
Indonesian,坎卦-dynamic,d,0.694,11,0.5025,0.9115,False
Indonesian,離卦-dynamic,ŋ,0.688,46,0.2786,0.9115,False
Indonesian,離卦-dynamic,l,-0.686,23,0.2985,0.9115,False
Indonesian,離卦-static,ɛ,0.685,20,0.3234,0.9115,False
Indonesian,乾卦-dynamic,h,-0.676,10,0.2836,0.9115,False
Indonesian,坎卦-dynamic,b,-0.669,8,0.4627,0.9115,False
Indonesian,兌卦-static,n,-0.663,13,0.4975,0.9115,False
Indonesian,坎卦-static,m,-0.658,8,0.5224,0.9115,False
Indonesian,離卦-static,p,0.658,26,0.3333,0.9115,False
Indonesian,艮卦-dynamic,ə,0.651,61,0.3433,0.9115,False
Indonesian,乾卦-static,d,0.641,5,0.5672,0.9115,False
Indonesian,坎卦-static,h,-0.64,3,0.5473,0.9115,False
Indonesian,震卦-static,f,0.633,3,0.2687,0.9115,False
Indonesian,離卦-static,k,0.628,46,0.4129,0.9115,False
Indonesian,震卦-dynamic,k,-0.616,42,0.3085,0.9115,False
Indonesian,兌卦-static,l,0.616,20,0.5274,0.9115,False
Indonesian,震卦-static,s,-0.613,34,0.2587,0.9115,False
Indonesian,巽卦-static,ə,-0.61,3,0.6766,0.9115,False
Indonesian,艮卦-dynamic,t,-0.602,27,0.3284,0.9115,False
Indonesian,離卦-dynamic,h,-0.602,12,0.3184,0.9115,False
Indonesian,離卦-dynamic,o,-0.598,7,0.3383,0.9115,False
Indonesian,坎卦-dynamic,t͡ʃ,0.593,5,0.5473,0.9115,False
Indonesian,兌卦-static,o,0.592,15,0.6219,0.9115,False
Indonesian,離卦-static,s,-0.565,17,0.3881,0.9115,False
Indonesian,乾卦-dynamic,ŋ,-0.564,25,0.2935,0.9115,False
Indonesian,艮卦-static,ɡ,-0.563,3,0.4826,0.9115,False
Indonesian,坤卦-static,ŋ,-0.561,8,0.5522,0.9115,False
Indonesian,艮卦-static,n,0.559,27,0.5224,0.9115,False
Indonesian,艮卦-static,m,-0.553,13,0.5174,0.9115,False
Indonesian,兌卦-dynamic,o,-0.552,11,0.3284,0.9115,False
Indonesian,兌卦-dynamic,ɡ,-0.551,10,0.2985,0.9115,False
Indonesian,艮卦-dynamic,m,0.546,55,0.3682,0.9115,False
Indonesian,乾卦-static,l,-0.546,5,0.6119,0.9115,False
Indonesian,震卦-static,k,0.538,92,0.2985,0.9115,False
Indonesian,坎卦-static,b,0.537,15,0.5771,0.9115,False
Indonesian,離卦-static,a͡ʊ,0.534,3,0.4229,0.9115,False
Indonesian,震卦-static,a͡ɪ,-0.521,3,0.3383,0.9115,False
Indonesian,震卦-dynamic,i,-0.521,54,0.398,0.9115,False
Indonesian,兌卦-static,r,0.52,19,0.602,0.9115,False
Indonesian,艮卦-static,u,0.515,32,0.5572,0.9115,False
Indonesian,兌卦-dynamic,u,-0.513,62,0.3383,0.9115,False
Indonesian,坤卦-static,p,-0.507,8,0.5274,0.9115,False
Indonesian,中卦-static,j,0.495,9,0.2935,0.9115,False
Indonesian,坎卦-static,k,-0.487,13,0.6269,0.9115,False
Indonesian,坎卦-dynamic,k,0.487,28,0.6169,0.9115,False
Indonesian,坤卦-static,t,-0.485,12,0.5174,0.9115,False
Indonesian,坤卦-dynamic,t͡ʃ,-0.482,6,0.3035,0.9115,False
Indonesian,坎卦-dynamic,n,-0.48,20,0.6269,0.9115,False
Indonesian,中卦-static,o,-0.48,23,0.2886,0.9115,False
Indonesian,兌卦-dynamic,a͡ʊ,0.48,6,0.3433,0.9115,False
Indonesian,離卦-dynamic,d͡ʒ,0.476,12,0.4179,0.9115,False
Indonesian,乾卦-dynamic,p,0.475,38,0.408,0.9115,False
Indonesian,乾卦-dynamic,l,-0.473,29,0.408,0.9115,False
Indonesian,坎卦-dynamic,r,0.471,27,0.5423,0.9115,False
Indonesian,離卦-dynamic,p,-0.47,28,0.4179,0.9115,False
Indonesian,坤卦-dynamic,a͡ɪ,-0.468,5,0.3234,0.9115,False
Indonesian,坎卦-dynamic,l,-0.467,12,0.5771,0.9115,False
Indonesian,離卦-static,d͡ʒ,0.467,7,0.4876,0.9115,False
Indonesian,坤卦-static,ɡ,0.466,6,0.5821,0.9115,False
Indonesian,艮卦-static,ə,0.466,30,0.5274,0.9115,False
Indonesian,坤卦-dynamic,r,0.462,105,0.3433,0.9115,False
Indonesian,中卦-static,r,-0.453,99,0.2736,0.9115,False
Indonesian,坤卦-static,ɲ,0.447,4,0.5821,0.9115,False
Indonesian,離卦-dynamic,b,-0.447,28,0.5572,0.9115,False
Indonesian,兌卦-dynamic,s,-0.446,38,0.4677,0.9115,False
Indonesian,坤卦-dynamic,o,-0.441,20,0.3781,0.9115,False
Indonesian,坤卦-dynamic,ɔ,0.441,6,0.398,0.9115,False
Indonesian,震卦-static,ɲ,-0.441,3,0.3532,0.9115,False
Indonesian,兌卦-dynamic,a͡ɪ,-0.43,5,0.4577,0.9115,False
Indonesian,坤卦-dynamic,ŋ,-0.426,43,0.3383,0.9115,False
Indonesian,中卦-static,p,0.422,78,0.3234,0.9115,False
Indonesian,坤卦-dynamic,p,-0.416,42,0.3582,0.9115,False
Indonesian,兌卦-static,d͡ʒ,0.414,3,0.6716,0.9115,False
Indonesian,兌卦-dynamic,d͡ʒ,-0.409,7,0.3682,0.9115,False
Indonesian,艮卦-dynamic,d͡ʒ,0.408,8,0.5622,0.9115,False
Indonesian,乾卦-static,s,0.407,8,0.6866,0.9115,False
Indonesian,乾卦-static,k,-0.406,9,0.6667,0.9115,False
Indonesian,坎卦-dynamic,a,-0.4,58,0.6567,0.9115,False
Indonesian,坤卦-dynamic,k,-0.396,76,0.3582,0.9115,False
Indonesian,乾卦-static,i,-0.394,11,0.6766,0.9115,False
Indonesian,艮卦-dynamic,o,-0.391,11,0.5323,0.9115,False
Indonesian,坤卦-static,i,0.384,25,0.6269,0.9115,False
Indonesian,坤卦-dynamic,f,0.384,3,0.4726,0.9115,False
Indonesian,中卦-static,t͡ʃ,0.382,22,0.3632,0.9115,False
Indonesian,震卦-dynamic,ɲ,-0.375,3,0.5721,0.9115,False
Indonesian,離卦-static,a͡ɪ,-0.372,3,0.5771,0.9115,False
Indonesian,坎卦-static,n,0.368,18,0.6716,0.9115,False
Indonesian,坤卦-dynamic,ɛ,0.366,44,0.4279,0.9115,False
Indonesian,艮卦-static,i,-0.361,24,0.6816,0.9115,False
Indonesian,離卦-dynamic,u,-0.358,56,0.5373,0.9115,False
Indonesian,震卦-dynamic,d,-0.352,16,0.5473,0.9115,False
Indonesian,震卦-dynamic,a͡ɪ,-0.349,5,0.592,0.9115,False
Indonesian,離卦-dynamic,t,-0.344,44,0.602,0.9115,False
Indonesian,震卦-static,p,0.339,48,0.4279,0.9115,False
Indonesian,離卦-static,a,-0.338,92,0.5821,0.9115,False
Indonesian,中卦-static,a͡ɪ,-0.335,11,0.4328,0.9115,False
Indonesian,坤卦-dynamic,w,-0.331,5,0.4975,0.9115,False
Indonesian,乾卦-dynamic,m,-0.329,40,0.5522,0.9115,False
Indonesian,艮卦-dynamic,b,-0.324,22,0.5821,0.9115,False
Indonesian,離卦-static,n,-0.324,33,0.6567,0.9115,False
Indonesian,坤卦-dynamic,ɡ,-0.323,16,0.4776,0.9115,False
Indonesian,乾卦-dynamic,ɛ,0.323,27,0.5672,0.9115,False
Indonesian,震卦-dynamic,o,-0.322,17,0.5871,0.9115,False
Indonesian,艮卦-dynamic,k,0.321,49,0.597,0.9115,False
Indonesian,離卦-static,m,-0.317,26,0.6517,0.9115,False
Indonesian,艮卦-dynamic,i,-0.294,46,0.6468,0.9115,False
Indonesian,乾卦-dynamic,k,-0.289,50,0.607,0.9115,False
Indonesian,震卦-static,t͡ʃ,-0.287,7,0.6269,0.9115,False
Indonesian,坤卦-static,o,0.283,13,0.6866,0.9115,False
Indonesian,震卦-static,a͡ʊ,0.282,5,0.5473,0.9115,False
Indonesian,震卦-dynamic,t,-0.277,41,0.6567,0.9115,False
Indonesian,中卦-static,n,-0.274,109,0.5274,0.9115,False
Indonesian,震卦-dynamic,p,-0.266,28,0.6567,0.9115,False
Indonesian,震卦-dynamic,ŋ,-0.252,29,0.6667,0.9115,False
Indonesian,兌卦-dynamic,r,-0.249,69,0.5522,0.9115,False
Indonesian,艮卦-static,ŋ,-0.245,12,0.6816,0.9115,False
Indonesian,震卦-static,o,0.245,52,0.6169,0.9115,False
Indonesian,坤卦-dynamic,m,-0.244,69,0.6219,0.9115,False
Indonesian,兌卦-dynamic,h,0.24,29,0.6517,0.9115,False
Indonesian,離卦-dynamic,ɡ,-0.238,12,0.6567,0.9115,False
Indonesian,兌卦-dynamic,b,-0.235,42,0.6418,0.9115,False
Indonesian,中卦-static,l,-0.229,80,0.5821,0.9115,False
Indonesian,兌卦-dynamic,ɛ,-0.22,28,0.6468,0.9115,False
Indonesian,震卦-static,i,-0.21,83,0.6368,0.9115,False
Indonesian,震卦-static,u,0.209,91,0.6716,0.9115,False
Indonesian,中卦-static,h,0.195,44,0.597,0.9115,False
Indonesian,坤卦-dynamic,l,0.179,86,0.6567,0.9115,False
Indonesian,坤卦-dynamic,b,0.176,68,0.6716,0.9115,False
Indonesian,兌卦-static,ə,-0.381,12,0.7015,0.9141,False
Indonesian,乾卦-static,o,-0.358,3,0.7065,0.9141,False
Indonesian,離卦-dynamic,a͡ɪ,-0.265,7,0.7065,0.9141,False
Indonesian,震卦-static,ɔ,-0.23,3,0.7015,0.9141,False
Indonesian,震卦-dynamic,ɡ,0.228,16,0.7015,0.9141,False
Indonesian,震卦-dynamic,t͡ʃ,0.196,9,0.6965,0.9141,False
Indonesian,乾卦-dynamic,u,0.156,67,0.7065,0.9141,False
Indonesian,離卦-static,ə,-0.301,29,0.7114,0.9147,False
Indonesian,離卦-dynamic,ɲ,-0.243,5,0.7114,0.9147,False
Indonesian,離卦-static,i,-0.226,40,0.7114,0.9147,False
Indonesian,巽卦-dynamic,p,-0.568,3,0.7164,0.9173,False
Indonesian,震卦-dynamic,m,0.2,59,0.7214,0.9198,False
Indonesian,乾卦-static,ŋ,-0.471,5,0.7264,0.9223,False
Indonesian,乾卦-static,b,-0.42,5,0.7264,0.9223,False
Indonesian,乾卦-static,m,-0.417,7,0.7313,0.9267,False
Indonesian,艮卦-dynamic,l,0.216,42,0.7463,0.9417,False
Indonesian,艮卦-dynamic,u,-0.226,42,0.7512,0.9441,False
Indonesian,兌卦-static,u,-0.304,15,0.7562,0.9484,False
Indonesian,坎卦-dynamic,m,0.306,26,0.7662,0.9515,False
Indonesian,坎卦-dynamic,o,-0.262,8,0.7711,0.9515,False
Indonesian,艮卦-static,k,-0.234,21,0.7711,0.9515,False
Indonesian,乾卦-dynamic,t,0.204,50,0.7711,0.9515,False
Indonesian,乾卦-dynamic,d͡ʒ,0.176,9,0.7662,0.9515,False
Indonesian,離卦-dynamic,a,-0.172,162,0.7711,0.9515,False
Indonesian,離卦-static,b,0.214,28,0.7761,0.9538,False
Indonesian,乾卦-dynamic,n,0.201,60,0.7761,0.9538,False
Indonesian,兌卦-static,a,-0.301,41,0.7811,0.9561,False
Indonesian,乾卦-dynamic,ə,0.159,62,0.7811,0.9561,False
Indonesian,坎卦-static,ə,-0.294,13,0.7861,0.9583,False
Indonesian,坤卦-dynamic,d͡ʒ,-0.153,11,0.7861,0.9583,False
Indonesian,坤卦-static,l,0.248,18,0.791,0.9625,False
Indonesian,兌卦-static,p,0.258,10,0.796,0.9647,False
Indonesian,中卦-static,ɲ,-0.14,12,0.796,0.9647,False
Indonesian,兌卦-static,t,-0.23,12,0.801,0.9669,False
Indonesian,艮卦-static,l,-0.208,16,0.801,0.9669,False
Indonesian,離卦-static,ɡ,0.176,10,0.8159,0.9791,False
Indonesian,艮卦-dynamic,a͡ɪ,-0.172,6,0.8159,0.9791,False
Indonesian,坎卦-static,s,-0.255,9,0.8209,0.9793,False
Indonesian,離卦-dynamic,k,-0.128,59,0.8209,0.9793,False
Indonesian,乾卦-dynamic,ɡ,-0.143,12,0.8259,0.9814,False
Indonesian,坤卦-dynamic,j,-0.12,4,0.8308,0.9816,False
Indonesian,震卦-dynamic,n,0.106,58,0.8308,0.9816,False
Indonesian,離卦-static,l,-0.131,27,0.8358,0.9818,False
Indonesian,艮卦-dynamic,ɛ,0.14,19,0.8408,0.982,False
Indonesian,艮卦-dynamic,t͡ʃ,-0.123,5,0.8408,0.982,False
Indonesian,兌卦-dynamic,ɲ,-0.121,8,0.8408,0.982,False
Indonesian,坎卦-dynamic,i,-0.182,26,0.8458,0.9859,False
Indonesian,兌卦-dynamic,i,0.102,95,0.8507,0.9898,False
Indonesian,坤卦-dynamic,a͡ʊ,-0.078,4,0.8557,0.9919,False
Indonesian,離卦-static,d,-0.104,12,0.8607,0.992,False
Indonesian,震卦-static,w,0.098,6,0.8657,0.9921,False
Indonesian,乾卦-dynamic,a͡ɪ,-0.103,9,0.8706,0.9922,False
Indonesian,震卦-static,b,0.084,53,0.8706,0.9922,False
Indonesian,震卦-static,d,0.064,27,0.8706,0.9922,False
Indonesian,中卦-dynamic,a,-0.625,3,0.8756,0.9924,False
Indonesian,兌卦-dynamic,w,0.082,6,0.8756,0.9924,False
Indonesian,巽卦-static,a,-0.221,13,0.9154,0.9925,False
Indonesian,坎卦-static,ŋ,0.166,10,0.8856,0.9925,False
Indonesian,巽卦-dynamic,i,-0.133,8,0.9104,0.9925,False
Indonesian,離卦-static,o,-0.123,16,0.8905,0.9925,False
Indonesian,坎卦-dynamic,h,-0.12,7,0.8905,0.9925,False
Indonesian,離卦-dynamic,w,0.108,5,0.9005,0.9925,False
Indonesian,震卦-dynamic,ɛ,-0.106,22,0.8955,0.9925,False
Indonesian,艮卦-static,d͡ʒ,-0.083,3,0.9204,0.9925,False
Indonesian,艮卦-dynamic,p,0.082,25,0.8905,0.9925,False
Indonesian,艮卦-dynamic,w,-0.082,3,0.8905,0.9925,False
Indonesian,兌卦-static,h,-0.079,5,0.9403,0.9925,False
Indonesian,兌卦-static,ŋ,-0.074,9,0.9453,0.9925,False
Indonesian,坎卦-dynamic,ŋ,-0.071,13,0.9552,0.9925,False
Indonesian,震卦-dynamic,l,-0.069,44,0.9254,0.9925,False
Indonesian,離卦-static,t,-0.069,29,0.9154,0.9925,False
Indonesian,巽卦-dynamic,o,0.068,4,0.9552,0.9925,False
Indonesian,乾卦-dynamic,o,0.06,32,0.9403,0.9925,False
Indonesian,坤卦-static,m,-0.055,16,0.9403,0.9925,False
Indonesian,兌卦-static,i,-0.052,19,0.9502,0.9925,False
Indonesian,離卦-static,u,0.051,41,0.9353,0.9925,False
Indonesian,中卦-static,b,-0.049,76,0.8856,0.9925,False
Indonesian,震卦-static,d͡ʒ,-0.049,10,0.9055,0.9925,False
Indonesian,艮卦-static,b,-0.039,15,0.9502,0.9925,False
Indonesian,離卦-dynamic,d,0.033,22,0.9403,0.9925,False
Indonesian,中卦-static,i,-0.026,141,0.9453,0.9925,False
Indonesian,坤卦-dynamic,i,-0.025,108,0.9552,0.9925,False
Indonesian,震卦-static,h,-0.037,24,0.9602,0.9926,False
Indonesian,中卦-static,ɡ,0.025,29,0.9602,0.9926,False
Indonesian,巽卦-static,t,-0.073,4,0.9652,0.9944,False
Indonesian,離卦-dynamic,t͡ʃ,-0.03,8,0.9652,0.9944,False
Indonesian,震卦-dynamic,j,0.058,3,0.9701,0.9962,False
Indonesian,震卦-dynamic,u,-0.022,61,0.9701,0.9962,False
Indonesian,乾卦-dynamic,b,0.011,38,0.9751,0.9996,False
Indonesian,坎卦-static,p,-0.026,9,0.9851,0.9999,False
Indonesian,巽卦-static,n,-0.025,5,0.9801,0.9999,False
Indonesian,兌卦-static,s,-0.021,10,0.995,0.9999,False
Indonesian,艮卦-dynamic,n,-0.014,43,0.9851,0.9999,False
Indonesian,震卦-dynamic,s,-0.013,35,0.99,0.9999,False
Indonesian,艮卦-static,r,-0.011,23,0.9801,0.9999,False
Indonesian,兌卦-dynamic,t͡ʃ,-0.009,10,0.9851,0.9999,False
Indonesian,坤卦-static,b,-0.005,12,0.99,0.9999,False
Indonesian,乾卦-dynamic,i,-0.004,68,0.99,0.9999,False
Indonesian,艮卦-dynamic,r,0.003,43,0.99,0.9999,False
Indonesian,艮卦-dynamic,s,-0.002,27,0.995,0.9999,False
Indonesian,兌卦-dynamic,n,-0.002,76,0.995,0.9999,False
Indonesian,坤卦-static,r,-0.003,18,1.0,1.0,False
Irish,震卦-dynamic,χ,3.775,4,0.005,0.2985,False
Irish,兌卦-static,a͡ʊ,3.591,9,0.005,0.2985,False
Irish,坎卦-dynamic,d,3.54,5,0.005,0.2985,False
Irish,兌卦-dynamic,ɡ,3.394,82,0.005,0.2985,False
Irish,巽卦-static,s,3.098,10,0.005,0.2985,False
Irish,艮卦-static,i͡ə,3.016,13,0.005,0.2985,False
Irish,震卦-dynamic,ɛ,2.783,27,0.005,0.2985,False
Irish,坎卦-static,h,2.758,13,0.005,0.2985,False
Irish,艮卦-dynamic,u͡ə,2.647,14,0.005,0.2985,False
Irish,震卦-dynamic,d͡ʒ,2.62,13,0.005,0.2985,False
Irish,震卦-dynamic,e,2.376,37,0.005,0.2985,False
Irish,艮卦-static,a͡ɪ,2.366,9,0.005,0.2985,False
Irish,乾卦-dynamic,u͡ə,2.215,12,0.005,0.2985,False
Irish,艮卦-static,l,2.147,45,0.005,0.2985,False
Irish,艮卦-static,k,2.129,45,0.005,0.2985,False
Irish,震卦-static,ʊ,1.918,17,0.005,0.2985,False
Irish,震卦-static,t̪,1.871,51,0.005,0.2985,False
Irish,坎卦-dynamic,cʲ,3.174,4,0.01,0.3582,False
Irish,離卦-static,j,3.066,9,0.01,0.3582,False
Irish,兌卦-dynamic,t,2.75,3,0.01,0.3582,False
Irish,坎卦-static,r,2.588,34,0.01,0.3582,False
Irish,震卦-dynamic,dʲ,2.483,10,0.01,0.3582,False
Irish,坤卦-static,ʃ,2.17,12,0.01,0.3582,False
Irish,離卦-static,p,2.13,23,0.01,0.3582,False
Irish,乾卦-dynamic,c,2.107,16,0.01,0.3582,False
Irish,坤卦-dynamic,ɡʲ,1.748,9,0.01,0.3582,False
Irish,中卦-static,dʲ,1.456,14,0.01,0.3582,False
Irish,乾卦-dynamic,t̪,1.362,39,0.01,0.3582,False
Irish,巽卦-static,u,2.97,6,0.0149,0.3932,False
Irish,坤卦-static,v,2.886,14,0.0149,0.3932,False
Irish,兌卦-static,b,2.462,9,0.0149,0.3932,False
Irish,兌卦-static,n,2.451,26,0.0149,0.3932,False
Irish,離卦-dynamic,nʲ,2.213,12,0.0149,0.3932,False
Irish,震卦-dynamic,ɡʲ,2.209,6,0.0149,0.3932,False
Irish,離卦-dynamic,ɪ,2.132,57,0.0149,0.3932,False
Irish,乾卦-dynamic,kʲ,1.811,18,0.0149,0.3932,False
Irish,兌卦-dynamic,ɪ,1.711,59,0.0149,0.3932,False
Irish,坤卦-dynamic,x,1.434,75,0.0149,0.3932,False
Irish,巽卦-dynamic,m,2.853,6,0.0199,0.4386,False
Irish,乾卦-static,v,2.044,18,0.0199,0.4386,False
Irish,坤卦-dynamic,cʲ,1.56,7,0.0199,0.4386,False
Irish,中卦-static,kʲ,1.4,23,0.0199,0.4386,False
Irish,中卦-static,lʲ,-1.266,21,0.0199,0.4386,False
Irish,坤卦-dynamic,lʲ,-1.226,20,0.0199,0.4386,False
Irish,坤卦-dynamic,ɑ,1.097,87,0.0199,0.4386,False
Irish,離卦-dynamic,ɡ,1.596,44,0.0249,0.4797,False
Irish,震卦-dynamic,ɑ,-1.323,20,0.0249,0.4797,False
Irish,坤卦-dynamic,ɪ,-1.208,30,0.0249,0.4797,False
Irish,中卦-static,ɑ,1.143,95,0.0249,0.4797,False
Irish,中卦-static,s,-0.965,28,0.0249,0.4797,False
Irish,艮卦-static,ɔ,1.509,24,0.0299,0.5285,False
Irish,乾卦-dynamic,o,1.303,33,0.0299,0.5285,False
Irish,震卦-dynamic,t,2.537,3,0.0348,0.5297,False
Irish,坎卦-dynamic,h,2.063,13,0.0348,0.5297,False
Irish,坎卦-dynamic,i,1.556,23,0.0348,0.5297,False
Irish,離卦-static,r,-1.519,16,0.0348,0.5297,False
Irish,離卦-static,ɹ,1.476,27,0.0348,0.5297,False
Irish,震卦-dynamic,ə,-1.366,31,0.0348,0.5297,False
Irish,兌卦-dynamic,n,-1.207,25,0.0348,0.5297,False
Irish,乾卦-static,ʊ,2.088,6,0.0398,0.5582,False
Irish,乾卦-static,ɐ,1.997,36,0.0398,0.5582,False
Irish,艮卦-static,ɡʲ,1.752,4,0.0398,0.5582,False
Irish,震卦-static,w,1.319,4,0.0398,0.5582,False
Irish,坤卦-dynamic,p,-1.088,6,0.0398,0.5582,False
Irish,兌卦-static,ʃ,1.938,12,0.0448,0.6045,False
Irish,震卦-dynamic,w,1.579,3,0.0448,0.6045,False
Irish,中卦-static,r,0.746,92,0.0448,0.6045,False
Irish,巽卦-static,i,2.359,7,0.0498,0.6355,False
Irish,離卦-static,ŋ,1.718,3,0.0547,0.6355,False
Irish,坎卦-static,ə,1.63,38,0.0498,0.6355,False
Irish,離卦-static,e,-1.387,3,0.0498,0.6355,False
Irish,離卦-dynamic,n,-1.28,21,0.0547,0.6355,False
Irish,艮卦-dynamic,ə,-1.106,47,0.0547,0.6355,False
Irish,震卦-static,e,-1.059,10,0.0498,0.6355,False
Irish,中卦-static,p,-0.919,9,0.0547,0.6355,False
Irish,坤卦-dynamic,ɐ,0.913,93,0.0547,0.6355,False
Irish,中卦-static,e,0.854,45,0.0547,0.6355,False
Irish,坎卦-dynamic,ɑ,1.562,32,0.0597,0.6384,False
Irish,震卦-static,mʲ,1.414,4,0.0597,0.6384,False
Irish,艮卦-static,kʲ,1.266,9,0.0597,0.6384,False
Irish,艮卦-static,ɑ,-1.186,17,0.0597,0.6384,False
Irish,乾卦-dynamic,ɐ,1.066,72,0.0597,0.6384,False
Irish,震卦-dynamic,m,-1.016,12,0.0597,0.6384,False
Irish,坤卦-dynamic,b,0.944,32,0.0597,0.6384,False
Irish,中卦-static,l,-0.843,35,0.0597,0.6384,False
Irish,兌卦-static,p,1.584,8,0.0647,0.659,False
Irish,坎卦-dynamic,lʲ,1.452,19,0.0647,0.659,False
Irish,離卦-dynamic,f,1.365,16,0.0647,0.659,False
Irish,艮卦-dynamic,c,1.164,12,0.0746,0.683,False
Irish,兌卦-dynamic,a,1.156,21,0.0697,0.683,False
Irish,離卦-dynamic,ɹ,-1.049,11,0.0746,0.683,False
Irish,艮卦-dynamic,ɹ,1.03,40,0.0697,0.683,False
Irish,乾卦-dynamic,i,-1.002,29,0.0746,0.683,False
Irish,中卦-static,b,0.81,33,0.0746,0.683,False
Irish,坤卦-dynamic,a,0.782,35,0.0746,0.683,False
Irish,中卦-static,o,0.748,40,0.0746,0.683,False
Irish,巽卦-dynamic,ɔ,2.316,5,0.0796,0.6878,False
Irish,離卦-static,pʲ,1.951,3,0.0796,0.6878,False
Irish,離卦-static,ɑ,1.136,40,0.0796,0.6878,False
Irish,艮卦-dynamic,f,0.966,23,0.0796,0.6878,False
Irish,艮卦-dynamic,s,0.854,49,0.0796,0.6878,False
Irish,中卦-static,n,0.77,105,0.0796,0.6878,False
Irish,巽卦-dynamic,lʲ,2.146,5,0.0846,0.7081,False
Irish,震卦-dynamic,d,1.386,4,0.0846,0.7081,False
Irish,乾卦-dynamic,b,-1.022,8,0.0846,0.7081,False
Irish,坤卦-dynamic,k,-0.736,35,0.0846,0.7081,False
Irish,乾卦-dynamic,ɑ,-0.947,32,0.0896,0.7112,False
Irish,震卦-static,p,0.935,29,0.0896,0.7112,False
Irish,坤卦-dynamic,nʲ,0.876,16,0.0896,0.7112,False
Irish,中卦-static,d͡ʒ,0.814,13,0.0896,0.7112,False
Irish,離卦-dynamic,i,1.171,30,0.0945,0.7189,False
Irish,離卦-dynamic,kʲ,1.166,9,0.0945,0.7189,False
Irish,乾卦-dynamic,lʲ,-1.008,17,0.0945,0.7189,False
Irish,坤卦-static,f,1.841,7,0.0995,0.7212,False
Irish,兌卦-static,s,-1.423,3,0.0995,0.7212,False
Irish,乾卦-dynamic,ŋ,1.232,4,0.0995,0.7212,False
Irish,兌卦-dynamic,ə,-1.097,33,0.0995,0.7212,False
Irish,乾卦-static,ʃ,-1.412,3,0.1045,0.7375,False
Irish,離卦-dynamic,ɛ,1.128,13,0.1045,0.7375,False
Irish,離卦-dynamic,ə,-1.085,29,0.1045,0.7375,False
Irish,中卦-static,f,-0.689,14,0.1045,0.7375,False
Irish,兌卦-dynamic,lʲ,-1.03,12,0.1095,0.7577,False
Irish,乾卦-dynamic,r,1.003,67,0.1095,0.7577,False
Irish,兌卦-static,l,1.475,16,0.1144,0.7724,False
Irish,坎卦-dynamic,b,-1.186,3,0.1144,0.7724,False
Irish,乾卦-dynamic,ə,-0.961,49,0.1144,0.7724,False
Irish,坎卦-dynamic,m,-1.216,6,0.1194,0.7768,False
Irish,兌卦-dynamic,cʲ,1.146,3,0.1194,0.7768,False
Irish,震卦-dynamic,u͡ə,1.141,6,0.1194,0.7768,False
Irish,離卦-static,k,1.069,35,0.1194,0.7768,False
Irish,中卦-static,ɪ,-0.759,46,0.1194,0.7768,False
Irish,坎卦-static,ʃ,-1.374,3,0.1244,0.7902,False
Irish,坤卦-dynamic,c,0.853,14,0.1294,0.8029,False
Irish,離卦-static,d̪,-1.149,4,0.1343,0.815,False
Irish,兌卦-dynamic,b,0.966,17,0.1343,0.815,False
Irish,中卦-static,t͡ʃ,-0.694,8,0.1343,0.815,False
Irish,坤卦-static,n,-1.51,7,0.1393,0.8177,False
Irish,坤卦-static,i,-1.446,6,0.1393,0.8177,False
Irish,離卦-static,ʊ,1.209,7,0.1393,0.8177,False
Irish,乾卦-dynamic,nʲ,0.913,12,0.1393,0.8177,False
Irish,艮卦-dynamic,k,0.785,53,0.1393,0.8177,False
Irish,離卦-dynamic,ɔ,-0.876,7,0.1493,0.8484,False
Irish,艮卦-dynamic,ɪ,0.747,64,0.1493,0.8484,False
Irish,中卦-static,t̪,0.593,46,0.1493,0.8484,False
Irish,坤卦-dynamic,dʲ,0.813,10,0.1542,0.8542,False
Irish,震卦-dynamic,l,-0.713,20,0.1542,0.8542,False
Irish,巽卦-dynamic,k,1.816,7,0.1692,0.8577,False
Irish,巽卦-static,ɑ,1.791,9,0.1692,0.8577,False
Irish,坎卦-static,u,1.199,11,0.1592,0.8577,False
Irish,坎卦-static,p,1.157,10,0.1692,0.8577,False
Irish,乾卦-static,a,-1.12,3,0.1642,0.8577,False
Irish,震卦-dynamic,nʲ,0.867,9,0.1692,0.8577,False
Irish,震卦-dynamic,r,0.815,49,0.1642,0.8577,False
Irish,震卦-static,t͡ʃ,-0.721,6,0.1592,0.8577,False
Irish,中卦-static,j,0.643,8,0.1592,0.8577,False
Irish,中卦-static,ɡ,-0.627,23,0.1592,0.8577,False
Irish,中卦-static,h,0.559,22,0.1642,0.8577,False
Irish,巽卦-dynamic,ɪ,2.039,9,0.1741,0.8747,False
Irish,巽卦-static,d̪,1.655,4,0.199,0.883,False
Irish,坤卦-static,ɔ,1.326,9,0.2239,0.883,False
Irish,坤卦-static,i͡ə,1.293,3,0.2836,0.883,False
Irish,兌卦-static,ɐ,-1.258,5,0.2488,0.883,False
Irish,兌卦-static,o,1.172,8,0.2388,0.883,False
Irish,乾卦-static,s,1.09,20,0.209,0.883,False
Irish,乾卦-static,a͡ʊ,1.084,6,0.2886,0.883,False
Irish,艮卦-static,d͡ʒ,1.058,6,0.1841,0.883,False
Irish,兌卦-static,ə,1.028,23,0.2736,0.883,False
Irish,坎卦-static,ɑ,1.013,23,0.2388,0.883,False
Irish,坤卦-static,x,1.011,11,0.2687,0.883,False
Irish,坎卦-static,b,-0.998,3,0.2388,0.883,False
Irish,坎卦-static,d̪,-0.97,3,0.2537,0.883,False
Irish,坎卦-static,m,-0.952,6,0.2189,0.883,False
Irish,乾卦-static,ɔ,-0.949,4,0.2388,0.883,False
Irish,坎卦-dynamic,f,0.947,10,0.199,0.883,False
Irish,離卦-static,o,0.926,18,0.2139,0.883,False
Irish,兌卦-static,r,-0.922,9,0.2786,0.883,False
Irish,乾卦-static,lʲ,-0.905,7,0.2886,0.883,False
Irish,坎卦-dynamic,d̪,-0.893,4,0.2488,0.883,False
Irish,離卦-dynamic,j,0.892,4,0.2438,0.883,False
Irish,離卦-static,m,0.888,23,0.2239,0.883,False
Irish,兌卦-dynamic,a͡ɪ,0.887,6,0.2388,0.883,False
Irish,坎卦-dynamic,ɔ,-0.879,5,0.2388,0.883,False
Irish,坎卦-dynamic,r,0.864,29,0.2189,0.883,False
Irish,離卦-dynamic,s,-0.859,13,0.2139,0.883,False
Irish,離卦-static,ə,0.856,54,0.204,0.883,False
Irish,乾卦-static,ɑ,-0.849,13,0.2935,0.883,False
Irish,艮卦-static,ɪ,-0.831,18,0.1791,0.883,False
Irish,坎卦-static,ɪ,-0.825,11,0.2687,0.883,False
Irish,離卦-dynamic,r,0.818,40,0.2289,0.883,False
Irish,乾卦-static,m,-0.803,7,0.2935,0.883,False
Irish,兌卦-dynamic,i,-0.802,22,0.2239,0.883,False
Irish,離卦-dynamic,a͡ɪ,0.799,5,0.2736,0.883,False
Irish,艮卦-static,x,-0.793,4,0.2438,0.883,False
Irish,離卦-static,ɪ,-0.79,19,0.1891,0.883,False
Irish,離卦-dynamic,ɐ,-0.786,19,0.2239,0.883,False
Irish,兌卦-dynamic,v,-0.786,4,0.2637,0.883,False
Irish,乾卦-dynamic,h,0.772,17,0.1841,0.883,False
Irish,兌卦-dynamic,ɐ,-0.77,22,0.2189,0.883,False
Irish,震卦-static,d͡ʒ,0.76,10,0.204,0.883,False
Irish,離卦-dynamic,a,0.76,16,0.209,0.883,False
Irish,兌卦-dynamic,s,-0.76,16,0.2139,0.883,False
Irish,震卦-dynamic,i,0.757,34,0.2289,0.883,False
Irish,震卦-static,kʲ,0.754,14,0.1791,0.883,False
Irish,離卦-static,t͡ʃ,-0.752,3,0.2935,0.883,False
Irish,艮卦-static,t͡ʃ,-0.74,3,0.2388,0.883,False
Irish,離卦-dynamic,x,-0.731,5,0.2537,0.883,False
Irish,兌卦-dynamic,ɹ,-0.723,15,0.2289,0.883,False
Irish,艮卦-dynamic,n,-0.721,45,0.1891,0.883,False
Irish,艮卦-static,a,-0.711,7,0.2736,0.883,False
Irish,艮卦-dynamic,u,-0.684,9,0.2637,0.883,False
Irish,艮卦-static,o,0.677,16,0.2438,0.883,False
Irish,震卦-dynamic,a,0.675,19,0.2139,0.883,False
Irish,震卦-static,c,0.672,11,0.2189,0.883,False
Irish,坤卦-dynamic,a͡ɪ,0.658,10,0.2687,0.883,False
Irish,兌卦-dynamic,d̪,-0.658,8,0.2687,0.883,False
Irish,震卦-dynamic,ɹ,0.656,27,0.2637,0.883,False
Irish,震卦-dynamic,k,-0.642,21,0.2338,0.883,False
Irish,乾卦-dynamic,f,-0.632,10,0.2786,0.883,False
Irish,艮卦-dynamic,l,0.625,50,0.2587,0.883,False
Irish,震卦-dynamic,x,-0.62,8,0.2637,0.883,False
Irish,震卦-static,nʲ,0.617,12,0.2836,0.883,False
Irish,艮卦-static,ɡ,-0.59,10,0.2687,0.883,False
Irish,震卦-static,ɐ,0.59,71,0.2239,0.883,False
Irish,坤卦-dynamic,mʲ,0.588,3,0.2836,0.883,False
Irish,艮卦-dynamic,ɔ,-0.588,15,0.2537,0.883,False
Irish,坤卦-dynamic,i͡ə,0.585,12,0.2736,0.883,False
Irish,乾卦-dynamic,ɡ,-0.574,17,0.2886,0.883,False
Irish,坤卦-dynamic,ʊ,-0.564,4,0.2935,0.883,False
Irish,艮卦-dynamic,lʲ,0.563,34,0.2786,0.883,False
Irish,艮卦-dynamic,x,-0.561,12,0.2886,0.883,False
Irish,坤卦-dynamic,ə,-0.559,78,0.2289,0.883,False
Irish,震卦-static,r,0.548,69,0.2687,0.883,False
Irish,乾卦-dynamic,k,-0.548,29,0.2637,0.883,False
Irish,震卦-static,ə,-0.542,67,0.2836,0.883,False
Irish,震卦-static,n,-0.531,55,0.2836,0.883,False
Irish,坤卦-dynamic,ɔ,0.522,38,0.2687,0.883,False
Irish,坤卦-dynamic,m,-0.511,29,0.2537,0.883,False
Irish,坤卦-dynamic,f,-0.497,15,0.2786,0.883,False
Irish,中卦-static,d̪,0.455,32,0.2886,0.883,False
Irish,巽卦-static,ə,1.454,12,0.2985,0.8881,False
Irish,離卦-dynamic,d̪,-0.657,7,0.2985,0.8881,False
Irish,坎卦-dynamic,o,0.915,13,0.3035,0.8882,False
Irish,離卦-static,s,-0.741,14,0.3035,0.8882,False
Irish,震卦-static,d̪,-0.563,14,0.3035,0.8882,False
Irish,乾卦-dynamic,p,-0.639,9,0.3085,0.8931,False
Irish,中卦-static,w,0.527,3,0.3085,0.8931,False
Irish,坤卦-dynamic,ʃ,-0.449,26,0.3085,0.8931,False
Irish,兌卦-static,ʊ,1.324,3,0.3134,0.8933,False
Irish,巽卦-static,f,1.291,3,0.3284,0.8933,False
Irish,巽卦-static,ɹ,1.28,5,0.3284,0.8933,False
Irish,坎卦-dynamic,d͡ʒ,0.826,4,0.3284,0.8933,False
Irish,坎卦-dynamic,a,-0.76,5,0.3134,0.8933,False
Irish,乾卦-static,b,-0.729,4,0.3284,0.8933,False
Irish,兌卦-dynamic,dʲ,0.701,5,0.3184,0.8933,False
Irish,坎卦-dynamic,u,-0.672,4,0.3134,0.8933,False
Irish,離卦-static,i,-0.616,20,0.3234,0.8933,False
Irish,乾卦-dynamic,t͡ʃ,0.615,19,0.3234,0.8933,False
Irish,震卦-static,l,0.443,53,0.3184,0.8933,False
Irish,中卦-static,ʃ,0.409,43,0.3284,0.8933,False
Irish,兌卦-static,u,0.992,7,0.3333,0.8955,False
Irish,乾卦-static,i,-0.776,12,0.3333,0.8955,False
Irish,坤卦-dynamic,i,-0.44,46,0.3333,0.8955,False
Irish,巽卦-dynamic,p,1.396,3,0.3632,0.8995,False
Irish,巽卦-dynamic,l,1.25,6,0.3731,0.8995,False
Irish,巽卦-static,ɐ,-1.025,3,0.3532,0.8995,False
Irish,坤卦-static,m,0.927,9,0.3682,0.8995,False
Irish,坤卦-static,t̪,-0.889,4,0.3582,0.8995,False
Irish,坤卦-static,ɑ,-0.852,8,0.3632,0.8995,False
Irish,乾卦-static,ɛ,0.815,7,0.3632,0.8995,False
Irish,坎卦-dynamic,n,-0.805,19,0.3383,0.8995,False
Irish,坎卦-static,a,-0.785,4,0.3731,0.8995,False
Irish,坎卦-static,ɐ,-0.68,12,0.3731,0.8995,False
Irish,離卦-dynamic,t̪,0.653,20,0.3582,0.8995,False
Irish,坤卦-dynamic,ŋ,0.635,4,0.3532,0.8995,False
Irish,離卦-static,ɔ,0.615,18,0.3632,0.8995,False
Irish,震卦-static,dʲ,-0.593,3,0.3433,0.8995,False
Irish,乾卦-dynamic,a͡ɪ,0.574,7,0.3483,0.8995,False
Irish,艮卦-static,r,-0.559,25,0.3483,0.8995,False
Irish,乾卦-dynamic,x,0.551,36,0.3383,0.8995,False
Irish,艮卦-dynamic,nʲ,-0.549,4,0.3632,0.8995,False
Irish,兌卦-dynamic,o,0.539,18,0.3632,0.8995,False
Irish,震卦-dynamic,ɔ,-0.505,12,0.3383,0.8995,False
Irish,中卦-static,ɡʲ,0.504,5,0.3731,0.8995,False
Irish,艮卦-dynamic,a,-0.495,14,0.3483,0.8995,False
Irish,坤卦-dynamic,a͡ʊ,-0.476,4,0.3731,0.8995,False
Irish,中卦-static,ʊ,-0.466,5,0.3582,0.8995,False
Irish,震卦-static,u,0.45,25,0.3632,0.8995,False
Irish,坎卦-dynamic,l,-0.673,12,0.3881,0.9032,False
Irish,離卦-static,u,-0.603,6,0.3831,0.9032,False
Irish,離卦-static,x,-0.579,7,0.3781,0.9032,False
Irish,離卦-static,ʃ,0.527,19,0.3881,0.9032,False
Irish,艮卦-static,m,-0.492,13,0.3831,0.9032,False
Irish,艮卦-dynamic,ɐ,-0.486,38,0.3881,0.9032,False
Irish,震卦-static,ʃ,-0.391,23,0.3881,0.9032,False
Irish,巽卦-dynamic,ə,-1.403,4,0.398,0.9069,False
Irish,坤卦-static,r,-0.796,9,0.398,0.9069,False
Irish,坎卦-dynamic,ɐ,-0.648,15,0.398,0.9069,False
Irish,艮卦-dynamic,dʲ,-0.493,3,0.393,0.9069,False
Irish,巽卦-static,r,-1.062,4,0.403,0.9086,False
Irish,中卦-static,mʲ,0.479,3,0.408,0.916,False
Irish,乾卦-static,e,0.653,11,0.4129,0.9176,False
Irish,兌卦-dynamic,ɑ,-0.493,28,0.4129,0.9176,False
Irish,震卦-dynamic,ɡ,0.432,32,0.4129,0.9176,False
Irish,坤卦-dynamic,ɛ,-0.411,10,0.4129,0.9176,False
Irish,兌卦-static,ɑ,-0.717,9,0.4179,0.9208,False
Irish,乾卦-dynamic,v,-0.48,10,0.4229,0.9208,False
Irish,坤卦-dynamic,v,0.461,32,0.4229,0.9208,False
Irish,兌卦-dynamic,x,-0.458,10,0.4229,0.9208,False
Irish,震卦-dynamic,a͡ʊ,0.456,8,0.4229,0.9208,False
Irish,震卦-dynamic,s,-0.441,21,0.4229,0.9208,False
Irish,艮卦-static,f,-0.423,7,0.4179,0.9208,False
Irish,坤卦-dynamic,u,-0.418,16,0.4229,0.9208,False
Irish,坎卦-dynamic,t͡ʃ,0.72,9,0.4279,0.9242,False
Irish,中卦-static,i,0.289,59,0.4279,0.9242,False
Irish,巽卦-dynamic,r,-1.282,3,0.4328,0.9243,False
Irish,巽卦-dynamic,ɑ,-1.091,3,0.4428,0.9243,False
Irish,乾卦-static,ɪ,-0.655,13,0.4527,0.9243,False
Irish,坤卦-static,b,0.609,5,0.4478,0.9243,False
Irish,乾卦-static,d̪,0.599,9,0.4527,0.9243,False
Irish,離卦-dynamic,p,-0.58,6,0.4527,0.9243,False
Irish,艮卦-static,ɹ,-0.501,14,0.4428,0.9243,False
Irish,兌卦-dynamic,nʲ,-0.498,3,0.4527,0.9243,False
Irish,離卦-dynamic,u,-0.471,7,0.4527,0.9243,False
Irish,離卦-dynamic,k,0.469,29,0.4527,0.9243,False
Irish,兌卦-dynamic,t̪,-0.463,15,0.4428,0.9243,False
Irish,艮卦-static,d̪,0.429,13,0.4478,0.9243,False
Irish,艮卦-static,t̪,-0.398,13,0.4428,0.9243,False
Irish,震卦-static,lʲ,-0.397,27,0.4378,0.9243,False
Irish,中卦-static,k,-0.328,48,0.4428,0.9243,False
Irish,乾卦-static,o,-0.655,5,0.4577,0.9274,False
Irish,艮卦-static,ɐ,-0.438,23,0.4577,0.9274,False
Irish,中卦-static,u,0.351,30,0.4577,0.9274,False
Irish,乾卦-static,ə,0.629,32,0.4627,0.9323,False
Irish,坎卦-dynamic,e,0.514,12,0.4627,0.9323,False
Irish,坤卦-dynamic,s,-0.309,40,0.4726,0.947,False
Irish,坤卦-static,t͡ʃ,0.802,5,0.4776,0.9482,False
Irish,離卦-static,h,-0.532,3,0.4776,0.9482,False
Irish,坎卦-dynamic,ə,0.523,36,0.4776,0.9482,False
Irish,離卦-dynamic,lʲ,-0.486,14,0.4776,0.9482,False
Irish,震卦-dynamic,v,-0.36,9,0.4776,0.9482,False
Irish,坤卦-static,ɐ,0.657,15,0.4876,0.9488,False
Irish,坎卦-static,v,-0.605,3,0.4876,0.9488,False
Irish,坎卦-static,f,-0.514,4,0.4876,0.9488,False
Irish,震卦-dynamic,ɐ,-0.396,30,0.4876,0.9488,False
Irish,乾卦-dynamic,ɪ,-0.391,39,0.4876,0.9488,False
Irish,震卦-static,ɡ,-0.317,27,0.4826,0.9488,False
Irish,震卦-static,a,-0.299,18,0.4876,0.9488,False
Irish,坎卦-dynamic,k,0.498,21,0.4925,0.9516,False
Irish,震卦-dynamic,a͡ɪ,0.467,5,0.4925,0.9516,False
Irish,艮卦-dynamic,kʲ,0.339,10,0.4925,0.9516,False
Irish,兌卦-static,i,-0.697,8,0.5025,0.9521,False
Irish,艮卦-static,ɛ,-0.494,4,0.4975,0.9521,False
Irish,離卦-static,b,0.419,12,0.4975,0.9521,False
Irish,艮卦-static,c,0.409,5,0.5025,0.9521,False
Irish,艮卦-dynamic,i,-0.406,35,0.5025,0.9521,False
Irish,艮卦-static,lʲ,-0.402,14,0.4975,0.9521,False
Irish,坤卦-dynamic,h,-0.341,9,0.4975,0.9521,False
Irish,坤卦-dynamic,o,-0.332,22,0.5025,0.9521,False
Irish,兌卦-static,x,-0.554,3,0.5075,0.9548,False
Irish,離卦-dynamic,m,-0.422,14,0.5075,0.9548,False
Irish,艮卦-dynamic,r,-0.35,46,0.5075,0.9548,False
Irish,中卦-static,u͡ə,-0.346,3,0.5075,0.9548,False
Irish,乾卦-static,nʲ,0.61,4,0.5224,0.9562,False
Irish,坎卦-static,i,-0.571,12,0.5224,0.9562,False
Irish,艮卦-dynamic,h,-0.423,6,0.5174,0.9562,False
Irish,兌卦-dynamic,r,-0.363,32,0.5124,0.9562,False
Irish,震卦-dynamic,ʃ,0.355,22,0.5224,0.9562,False
Irish,震卦-static,s,-0.263,35,0.5174,0.9562,False
Irish,兌卦-static,k,-0.624,7,0.5274,0.9572,False
Irish,坎卦-dynamic,v,-0.554,4,0.5274,0.9572,False
Irish,艮卦-static,ə,0.416,47,0.5274,0.9572,False
Irish,離卦-static,ɡ,-0.41,13,0.5274,0.9572,False
Irish,巽卦-dynamic,i,-0.916,3,0.5323,0.9585,False
Irish,坤卦-static,ɪ,-0.658,8,0.5423,0.9585,False
Irish,兌卦-static,e,0.593,7,0.5323,0.9585,False
Irish,坤卦-static,o,0.535,6,0.5423,0.9585,False
Irish,乾卦-static,l,0.483,18,0.5373,0.9585,False
Irish,震卦-static,ŋ,0.431,3,0.5373,0.9585,False
Irish,震卦-dynamic,u,-0.423,9,0.5373,0.9585,False
Irish,坎卦-dynamic,ɪ,0.421,25,0.5423,0.9585,False
Irish,艮卦-dynamic,m,-0.414,23,0.5373,0.9585,False
Irish,艮卦-dynamic,i͡ə,0.39,8,0.5423,0.9585,False
Irish,震卦-dynamic,lʲ,-0.38,18,0.5323,0.9585,False
Irish,坎卦-dynamic,ʃ,-0.371,9,0.5373,0.9585,False
Irish,坤卦-dynamic,t̪,-0.272,31,0.5423,0.9585,False
Irish,震卦-dynamic,h,-0.353,5,0.5473,0.9626,False
Irish,乾卦-dynamic,a͡ʊ,-0.345,4,0.5473,0.9626,False
Irish,震卦-static,x,-0.267,21,0.5473,0.9626,False
Irish,艮卦-dynamic,b,0.311,19,0.5522,0.9682,False
Irish,巽卦-static,k,-0.782,3,0.5622,0.9715,False
Irish,坤卦-static,s,-0.585,6,0.5622,0.9715,False
Irish,乾卦-dynamic,i͡ə,0.424,8,0.5622,0.9715,False
Irish,乾卦-dynamic,e,-0.334,17,0.5622,0.9715,False
Irish,震卦-static,ɛ,0.328,16,0.5622,0.9715,False
Irish,艮卦-dynamic,e,0.31,25,0.5572,0.9715,False
Irish,坤卦-static,k,-0.53,7,0.5672,0.9754,False
Irish,坤卦-dynamic,u͡ə,-0.304,3,0.5672,0.9754,False
Irish,乾卦-dynamic,ʊ,-0.341,4,0.5721,0.9777,False
Irish,坤卦-static,l,-0.524,7,0.5771,0.98,False
Irish,震卦-dynamic,t͡ʃ,-0.339,7,0.5771,0.98,False
Irish,坤卦-dynamic,t͡ʃ,-0.295,13,0.5771,0.98,False
Irish,坎卦-static,ɡ,-0.488,7,0.5821,0.9838,False
Irish,乾卦-dynamic,a,-0.356,15,0.5821,0.9838,False
Irish,坤卦-static,ɹ,0.489,8,0.5871,0.986,False
Irish,離卦-static,ɐ,0.383,35,0.5871,0.986,False
Irish,震卦-dynamic,b,0.273,14,0.5871,0.986,False
Irish,坤卦-static,lʲ,0.589,8,0.592,0.9898,False
Irish,坤卦-static,ə,0.485,19,0.592,0.9898,False
Irish,兌卦-static,ɡ,-0.461,5,0.597,0.9904,False
Irish,艮卦-static,s,0.348,24,0.597,0.9904,False
Irish,艮卦-dynamic,t̪,-0.31,23,0.602,0.9941,False
Irish,艮卦-dynamic,ɡ,0.244,38,0.602,0.9941,False
Irish,乾卦-static,k,-0.433,12,0.607,0.9947,False
Irish,中卦-static,ɹ,-0.242,38,0.607,0.9947,False
Irish,巽卦-dynamic,e,0.77,3,0.6119,0.9953,False
Irish,乾卦-static,n,0.524,26,0.6119,0.9953,False
Irish,艮卦-dynamic,ʃ,0.242,28,0.6169,0.9989,False
Irish,巽卦-static,ɪ,-0.665,4,0.6219,1.0,False
Irish,巽卦-static,v,0.559,3,0.6866,1.0,False
Irish,巽卦-static,n,0.502,8,0.7264,1.0,False
Irish,兌卦-static,ɔ,0.497,7,0.6318,1.0,False
Irish,巽卦-dynamic,ʃ,0.443,3,0.8109,1.0,False
Irish,乾卦-static,r,-0.416,17,0.6368,1.0,False
Irish,坤卦-static,ɡ,-0.414,5,0.6915,1.0,False
Irish,兌卦-static,lʲ,0.412,8,0.6766,1.0,False
Irish,坎卦-static,c,0.384,3,0.7065,1.0,False
Irish,離卦-static,u͡ə,0.376,3,0.6418,1.0,False
Irish,坤卦-static,e,0.369,6,0.6517,1.0,False
Irish,乾卦-static,u,0.366,8,0.6617,1.0,False
Irish,兌卦-static,ɪ,-0.363,10,0.6866,1.0,False
Irish,離卦-static,c,0.362,5,0.6368,1.0,False
Irish,坤卦-static,u,-0.35,3,0.7065,1.0,False
Irish,乾卦-dynamic,ɛ,0.349,14,0.6219,1.0,False
Irish,離卦-static,ɛ,-0.328,5,0.6617,1.0,False
Irish,坎卦-dynamic,t̪,-0.325,10,0.6716,1.0,False
Irish,離卦-dynamic,t͡ʃ,0.324,10,0.6617,1.0,False
Irish,坎卦-static,l,-0.321,12,0.7065,1.0,False
Irish,離卦-dynamic,h,0.321,8,0.6617,1.0,False
Irish,乾卦-static,x,0.321,12,0.6716,1.0,False
Irish,坎卦-static,ɛ,-0.317,3,0.7164,1.0,False
Irish,震卦-static,a͡ʊ,-0.306,5,0.6517,1.0,False
Irish,兌卦-dynamic,j,0.306,3,0.6567,1.0,False
Irish,兌卦-static,m,-0.302,6,0.7214,1.0,False
Irish,巽卦-dynamic,s,-0.293,3,0.8109,1.0,False
Irish,坤卦-static,p,-0.289,3,0.6816,1.0,False
Irish,兌卦-dynamic,ɔ,0.285,18,0.6567,1.0,False
Irish,乾卦-static,c,0.285,3,0.7463,1.0,False
Irish,艮卦-dynamic,t͡ʃ,-0.277,10,0.6269,1.0,False
Irish,離卦-static,v,-0.276,8,0.7065,1.0,False
Irish,兌卦-dynamic,t͡ʃ,0.264,11,0.6368,1.0,False
Irish,艮卦-dynamic,ʊ,0.259,7,0.7562,1.0,False
Irish,震卦-dynamic,o,-0.259,13,0.6716,1.0,False
Irish,坎卦-static,lʲ,0.254,11,0.806,1.0,False
Irish,乾卦-static,ɹ,-0.254,10,0.7363,1.0,False
Irish,離卦-static,kʲ,-0.251,4,0.7413,1.0,False
Irish,離卦-static,l,-0.249,21,0.7164,1.0,False
Irish,巽卦-static,ɡ,-0.248,3,0.8458,1.0,False
Irish,艮卦-static,i,0.243,24,0.6368,1.0,False
Irish,坎卦-static,s,0.243,14,0.7761,1.0,False
Irish,震卦-dynamic,kʲ,-0.242,5,0.6318,1.0,False
Irish,中卦-static,d,0.236,3,0.6965,1.0,False
Irish,離卦-dynamic,ɑ,-0.236,27,0.7214,1.0,False
Irish,兌卦-dynamic,f,0.235,12,0.6418,1.0,False
Irish,乾卦-static,t̪,-0.234,9,0.806,1.0,False
Irish,巽卦-static,lʲ,-0.233,3,0.8806,1.0,False
Irish,兌卦-dynamic,e,-0.233,13,0.7463,1.0,False
Irish,坎卦-dynamic,ɛ,-0.232,4,0.7811,1.0,False
Irish,震卦-dynamic,j,0.231,3,0.6716,1.0,False
Irish,離卦-static,a,-0.231,10,0.7313,1.0,False
Irish,坎卦-dynamic,s,0.226,17,0.7363,1.0,False
Irish,震卦-static,i,0.225,46,0.6617,1.0,False
Irish,坤卦-dynamic,j,-0.222,3,0.6915,1.0,False
Irish,坎卦-static,x,-0.222,7,0.8308,1.0,False
Irish,坎卦-static,ɔ,-0.218,7,0.7562,1.0,False
Irish,坎卦-static,o,0.216,8,0.7512,1.0,False
Irish,乾卦-static,ɡ,-0.216,10,0.7861,1.0,False
Irish,坎卦-dynamic,p,-0.208,6,0.8209,1.0,False
Irish,震卦-dynamic,t̪,-0.208,18,0.7065,1.0,False
Irish,兌卦-dynamic,u͡ə,0.206,3,0.7264,1.0,False
Irish,艮卦-dynamic,ɛ,0.201,13,0.6816,1.0,False
Irish,兌卦-dynamic,a͡ʊ,0.201,6,0.7711,1.0,False
Irish,震卦-static,m,0.193,34,0.7065,1.0,False
Irish,艮卦-static,a͡ʊ,0.191,5,0.8159,1.0,False
Irish,巽卦-static,m,-0.191,3,0.8756,1.0,False
Irish,中卦-static,i͡ə,-0.19,7,0.7214,1.0,False
Irish,坎卦-dynamic,kʲ,0.189,4,0.8109,1.0,False
Irish,兌卦-dynamic,ɛ,0.186,9,0.7363,1.0,False
Irish,兌卦-static,t̪,-0.181,6,0.8507,1.0,False
Irish,乾卦-dynamic,n,-0.181,54,0.7114,1.0,False
Irish,坤卦-dynamic,l,0.179,56,0.6617,1.0,False
Irish,兌卦-dynamic,m,-0.178,18,0.7811,1.0,False
Irish,乾卦-dynamic,dʲ,-0.178,4,0.791,1.0,False
Irish,坎卦-static,a͡ʊ,0.177,3,0.7711,1.0,False
Irish,離卦-dynamic,ʃ,-0.177,14,0.7612,1.0,False
Irish,震卦-static,k,-0.174,41,0.7164,1.0,False
Irish,兌卦-dynamic,ʃ,0.174,19,0.7612,1.0,False
Irish,兌卦-static,d̪,-0.173,4,0.8557,1.0,False
Irish,坤卦-static,a,-0.172,4,0.8706,1.0,False
Irish,離卦-dynamic,ʊ,0.166,4,0.8159,1.0,False
Irish,乾卦-dynamic,l,0.163,41,0.7463,1.0,False
Irish,坎卦-dynamic,ɹ,-0.16,12,0.8756,1.0,False
Irish,離卦-static,f,0.16,10,0.801,1.0,False
Irish,兌卦-dynamic,kʲ,-0.159,5,0.8308,1.0,False
Irish,艮卦-static,u,0.156,11,0.796,1.0,False
Irish,乾卦-dynamic,d̪,-0.155,16,0.8458,1.0,False
Irish,坎卦-static,k,0.151,15,0.8358,1.0,False
Irish,兌卦-dynamic,p,-0.151,10,0.7264,1.0,False
Irish,坤卦-dynamic,d͡ʒ,0.149,8,0.796,1.0,False
Irish,坎卦-static,n,-0.148,20,0.9005,1.0,False
Irish,艮卦-static,b,-0.145,9,0.8607,1.0,False
Irish,乾卦-dynamic,ɔ,-0.144,20,0.796,1.0,False
Irish,震卦-dynamic,n,-0.138,42,0.7612,1.0,False
Irish,離卦-static,n,0.136,37,0.8159,1.0,False
Irish,坤卦-dynamic,d̪,-0.133,22,0.801,1.0,False
Irish,震卦-static,h,-0.126,10,0.791,1.0,False
Irish,震卦-static,ɑ,-0.126,52,0.7811,1.0,False
Irish,兌卦-dynamic,k,0.126,29,0.8209,1.0,False
Irish,艮卦-dynamic,a͡ɪ,-0.122,4,0.8308,1.0,False
Irish,中卦-static,x,0.122,39,0.7811,1.0,False
Irish,震卦-dynamic,ɪ,0.12,38,0.8259,1.0,False
Irish,兌卦-dynamic,c,0.118,5,0.9055,1.0,False
Irish,巽卦-dynamic,n,0.115,6,0.9502,1.0,False
Irish,震卦-dynamic,p,-0.114,11,0.8806,1.0,False
Irish,離卦-dynamic,o,0.114,13,0.8756,1.0,False
Irish,震卦-static,i͡ə,-0.113,6,0.8905,1.0,False
Irish,艮卦-static,dʲ,0.111,3,0.9005,1.0,False
Irish,坎卦-static,ɹ,-0.11,10,0.9055,1.0,False
Irish,中卦-static,m,-0.109,38,0.806,1.0,False
Irish,艮卦-static,p,0.108,10,0.9005,1.0,False
Irish,艮卦-static,ʃ,-0.104,14,0.8308,1.0,False
Irish,中卦-static,v,0.104,27,0.8159,1.0,False
Irish,坤卦-dynamic,r,0.103,71,0.8109,1.0,False
Irish,艮卦-dynamic,o,-0.103,19,0.8209,1.0,False
Irish,離卦-dynamic,l,0.103,25,0.9005,1.0,False
Irish,坤卦-dynamic,ɹ,0.101,40,0.8109,1.0,False
Irish,坎卦-static,t̪,-0.097,9,0.8657,1.0,False
Irish,坤卦-dynamic,ɡ,-0.096,39,0.806,1.0,False
Irish,坎卦-dynamic,ɡ,0.096,15,0.9005,1.0,False
Irish,震卦-static,v,-0.096,18,0.8259,1.0,False
Irish,艮卦-dynamic,d̪,-0.091,17,0.9005,1.0,False
Irish,離卦-static,a͡ɪ,0.091,3,0.8756,1.0,False
Irish,坤卦-dynamic,kʲ,-0.09,10,0.8706,1.0,False
Irish,坤卦-dynamic,n,0.086,80,0.8607,1.0,False
Irish,坎卦-static,e,0.085,8,0.9154,1.0,False
Irish,艮卦-dynamic,p,-0.084,15,0.8806,1.0,False
Irish,中卦-static,ə,-0.082,99,0.8259,1.0,False
Irish,震卦-dynamic,d̪,0.081,14,0.8955,1.0,False
Irish,中卦-static,ɐ,0.08,73,0.9104,1.0,False
Irish,兌卦-dynamic,d͡ʒ,0.08,4,0.8806,1.0,False
Irish,中卦-static,a͡ʊ,-0.078,9,0.8557,1.0,False
Irish,震卦-static,ɹ,-0.078,32,0.9104,1.0,False
Irish,坤卦-static,d̪,-0.077,4,0.9104,1.0,False
Irish,艮卦-dynamic,d͡ʒ,-0.077,5,0.8856,1.0,False
Irish,中卦-static,a,0.077,28,0.8657,1.0,False
Irish,兌卦-static,v,-0.076,4,0.9502,1.0,False
Irish,震卦-dynamic,f,-0.075,11,0.8806,1.0,False
Irish,艮卦-static,e,0.064,13,0.9254,1.0,False
Irish,艮卦-dynamic,ɑ,0.063,49,0.9353,1.0,False
Irish,震卦-static,o,-0.061,22,0.8955,1.0,False
Irish,震卦-static,ɔ,0.06,26,0.8806,1.0,False
Irish,巽卦-dynamic,ɡ,-0.056,3,0.9701,1.0,False
Irish,離卦-dynamic,dʲ,0.056,3,0.9502,1.0,False
Irish,乾卦-static,h,0.055,4,0.9602,1.0,False
Irish,乾卦-dynamic,ɹ,0.054,29,0.9154,1.0,False
Irish,乾卦-dynamic,d͡ʒ,-0.052,5,0.9204,1.0,False
Irish,中卦-static,ɔ,-0.048,31,0.9204,1.0,False
Irish,艮卦-static,n,-0.047,34,0.9303,1.0,False
Irish,坤卦-dynamic,e,0.045,29,0.8955,1.0,False
Irish,艮卦-dynamic,v,0.045,18,0.9502,1.0,False
Irish,巽卦-static,ʃ,0.043,3,0.9851,1.0,False
Irish,乾卦-dynamic,u,0.043,17,0.9801,1.0,False
Irish,乾卦-dynamic,ʃ,0.043,25,0.9502,1.0,False
Irish,震卦-static,b,0.038,19,0.9403,1.0,False
Irish,離卦-static,t̪,0.036,16,0.9801,1.0,False
Irish,震卦-static,f,-0.033,17,0.9552,1.0,False
Irish,兌卦-dynamic,l,-0.029,27,0.9502,1.0,False
Irish,乾卦-dynamic,s,-0.024,34,0.9602,1.0,False
Irish,震卦-static,ɪ,-0.023,54,0.9851,1.0,False
Irish,兌卦-dynamic,u,0.023,12,0.9552,1.0,False
Irish,中卦-static,nʲ,-0.022,10,0.9751,1.0,False
Irish,震卦-static,u͡ə,0.016,4,0.9701,1.0,False
Irish,震卦-dynamic,c,0.016,5,0.9851,1.0,False
Irish,乾卦-dynamic,m,-0.015,27,0.9701,1.0,False
Irish,離卦-dynamic,b,-0.014,10,0.9851,1.0,False
Irish,離卦-static,lʲ,0.01,17,0.995,1.0,False
Irish,艮卦-dynamic,a͡ʊ,0.008,7,0.995,1.0,False
Irish,離卦-dynamic,e,-0.006,13,1.0,1.0,False
Irish,中卦-static,ɛ,-0.004,16,1.0,1.0,False
Italian,乾卦-static,s,2.841,17,0.005,0.3682,False
Italian,艮卦-static,l,2.586,74,0.005,0.3682,False
Italian,震卦-static,ɾ,2.353,18,0.005,0.3682,False
Italian,兌卦-dynamic,r,2.321,277,0.005,0.3682,False
Italian,震卦-dynamic,v,2.29,23,0.005,0.3682,False
Italian,離卦-dynamic,e,2.123,234,0.005,0.3682,False
Italian,兌卦-dynamic,e,1.886,287,0.005,0.3682,False
Italian,兌卦-dynamic,j,1.535,22,0.005,0.3682,False
Italian,坎卦-dynamic,ʎ,3.084,5,0.01,0.5098,False
Italian,震卦-dynamic,ɪ,2.143,18,0.01,0.5098,False
Italian,艮卦-static,i,-1.835,28,0.01,0.5098,False
Italian,離卦-dynamic,r,1.647,181,0.01,0.5098,False
Italian,巽卦-dynamic,ʊ,2.948,9,0.0149,0.5847,False
Italian,中卦-static,b,1.657,37,0.0149,0.5847,False
Italian,兌卦-dynamic,o,-1.269,89,0.0149,0.5847,False
Italian,巽卦-static,ʃ,3.38,3,0.0299,0.6165,False
Italian,兌卦-static,i,2.965,16,0.0199,0.6165,False
Italian,坎卦-static,ŋ,2.67,3,0.0249,0.6165,False
Italian,乾卦-static,z,2.512,6,0.0249,0.6165,False
Italian,乾卦-static,ɡ,2.066,6,0.0249,0.6165,False
Italian,坎卦-static,t,1.901,30,0.0398,0.6165,False
Italian,艮卦-dynamic,ɾ,1.844,7,0.0249,0.6165,False
Italian,離卦-static,d,-1.767,5,0.0299,0.6165,False
Italian,震卦-dynamic,z,1.671,14,0.0348,0.6165,False
Italian,乾卦-dynamic,t͡ʃ,1.634,24,0.0299,0.6165,False
Italian,離卦-static,m,1.544,34,0.0348,0.6165,False
Italian,離卦-dynamic,l,-1.519,24,0.0348,0.6165,False
Italian,離卦-static,n,-1.466,29,0.0348,0.6165,False
Italian,兌卦-dynamic,ɾ,1.364,12,0.0299,0.6165,False
Italian,坤卦-dynamic,b,1.357,38,0.0249,0.6165,False
Italian,震卦-dynamic,o,-1.347,42,0.0398,0.6165,False
Italian,震卦-static,a,1.336,247,0.0199,0.6165,False
Italian,兌卦-dynamic,n,-1.309,61,0.0199,0.6165,False
Italian,震卦-dynamic,a,1.287,120,0.0398,0.6165,False
Italian,兌卦-dynamic,l,-1.168,44,0.0299,0.6165,False
Italian,兌卦-dynamic,d͡ʒ,1.147,22,0.0299,0.6165,False
Italian,兌卦-dynamic,i,-1.054,88,0.0348,0.6165,False
Italian,震卦-static,ɛ,0.958,62,0.0398,0.6165,False
Italian,坤卦-dynamic,d͡ʒ,0.911,23,0.0398,0.6165,False
Italian,兌卦-static,ɔ,2.562,5,0.0498,0.6372,False
Italian,乾卦-static,m,1.982,12,0.0448,0.6372,False
Italian,坎卦-static,s,1.981,17,0.0498,0.6372,False
Italian,艮卦-static,t͡ʃ,1.477,16,0.0498,0.6372,False
Italian,震卦-dynamic,ɾ,1.377,6,0.0498,0.6372,False
Italian,離卦-dynamic,b,-1.26,3,0.0498,0.6372,False
Italian,離卦-dynamic,o,-1.211,71,0.0498,0.6372,False
Italian,兌卦-dynamic,a,1.095,233,0.0448,0.6372,False
Italian,離卦-dynamic,n,1.073,92,0.0498,0.6372,False
Italian,乾卦-dynamic,s,-1.291,21,0.0547,0.6509,False
Italian,離卦-dynamic,ɡ,-1.202,5,0.0547,0.6509,False
Italian,兌卦-dynamic,u,-0.958,4,0.0547,0.6509,False
Italian,巽卦-static,ɲ,2.804,3,0.0746,0.6716,False
Italian,乾卦-static,d͡z,2.686,4,0.0697,0.6716,False
Italian,坤卦-static,ɲ,2.05,4,0.0597,0.6716,False
Italian,乾卦-static,n,2.01,23,0.0647,0.6716,False
Italian,坎卦-dynamic,t͡ʃ,1.765,7,0.0697,0.6716,False
Italian,乾卦-static,ɛ,1.74,13,0.0746,0.6716,False
Italian,坤卦-static,ʃ,1.729,3,0.0647,0.6716,False
Italian,乾卦-dynamic,j,1.055,11,0.0647,0.6716,False
Italian,兌卦-dynamic,ɛ,-1.019,12,0.0597,0.6716,False
Italian,坤卦-dynamic,o,0.958,250,0.0597,0.6716,False
Italian,兌卦-dynamic,t,-0.936,56,0.0746,0.6716,False
Italian,兌卦-dynamic,v,0.888,29,0.0746,0.6716,False
Italian,坤卦-dynamic,t,0.852,141,0.0746,0.6716,False
Italian,兌卦-dynamic,ɔ,-0.834,10,0.0697,0.6716,False
Italian,坤卦-dynamic,m,0.804,63,0.0697,0.6716,False
Italian,坤卦-dynamic,v,0.85,33,0.0846,0.7222,False
Italian,離卦-static,ɡ,1.252,15,0.0896,0.7455,False
Italian,兌卦-dynamic,k,-0.888,46,0.0896,0.7455,False
Italian,艮卦-dynamic,r,1.16,97,0.0945,0.7585,False
Italian,乾卦-dynamic,d,-1.019,14,0.0945,0.7585,False
Italian,離卦-dynamic,ɔ,-0.897,7,0.0945,0.7585,False
Italian,巽卦-dynamic,n,-2.059,5,0.1095,0.7776,False
Italian,坤卦-static,ʊ,1.701,8,0.1095,0.7776,False
Italian,艮卦-static,d͡ʒ,1.149,9,0.1144,0.7776,False
Italian,離卦-static,k,1.005,52,0.1045,0.7776,False
Italian,離卦-static,a,0.996,116,0.1144,0.7776,False
Italian,離卦-dynamic,u,-0.963,3,0.1095,0.7776,False
Italian,艮卦-static,m,0.911,23,0.1144,0.7776,False
Italian,震卦-static,b,0.796,27,0.1095,0.7776,False
Italian,中卦-static,f,-0.755,14,0.0995,0.7776,False
Italian,乾卦-dynamic,v,1.037,18,0.1194,0.7952,False
Italian,中卦-static,s͡s,0.773,17,0.1194,0.7952,False
Italian,乾卦-static,ɪ,1.675,5,0.1244,0.7965,False
Italian,乾卦-static,l,-1.524,5,0.1244,0.7965,False
Italian,艮卦-static,o,1.158,93,0.1244,0.7965,False
Italian,離卦-static,t,0.966,64,0.1244,0.7965,False
Italian,坤卦-static,ʎ,1.775,3,0.1443,0.8284,False
Italian,巽卦-dynamic,ɡ,1.729,4,0.1343,0.8284,False
Italian,巽卦-dynamic,p,1.659,10,0.1343,0.8284,False
Italian,坎卦-dynamic,ɪ,1.632,5,0.1443,0.8284,False
Italian,乾卦-static,o,1.517,40,0.1443,0.8284,False
Italian,艮卦-dynamic,k,-1.013,20,0.1443,0.8284,False
Italian,艮卦-static,s,-0.956,17,0.1343,0.8284,False
Italian,乾卦-dynamic,b,-0.838,5,0.1393,0.8284,False
Italian,離卦-dynamic,a,-0.818,114,0.1393,0.8284,False
Italian,震卦-static,j,0.74,17,0.1443,0.8284,False
Italian,坤卦-dynamic,k,-0.691,60,0.1393,0.8284,False
Italian,震卦-dynamic,ɡ,-1.037,4,0.1493,0.8411,False
Italian,艮卦-dynamic,ɔ,-0.942,4,0.1592,0.8411,False
Italian,艮卦-dynamic,m,-0.912,12,0.1493,0.8411,False
Italian,離卦-dynamic,ʊ,-0.813,6,0.1642,0.8411,False
Italian,離卦-dynamic,s,-0.802,34,0.1592,0.8411,False
Italian,兌卦-dynamic,s,-0.754,45,0.1642,0.8411,False
Italian,兌卦-dynamic,b,-0.709,10,0.1642,0.8411,False
Italian,坤卦-dynamic,ʊ,-0.673,12,0.1592,0.8411,False
Italian,震卦-static,i,-0.666,99,0.1642,0.8411,False
Italian,中卦-static,o,0.648,203,0.1642,0.8411,False
Italian,坤卦-dynamic,e,-0.621,122,0.1642,0.8411,False
Italian,震卦-static,e,-0.606,108,0.1592,0.8411,False
Italian,兌卦-static,a,-2.038,8,0.1841,0.8538,False
Italian,巽卦-static,l,1.639,13,0.1741,0.8538,False
Italian,坎卦-dynamic,k,1.459,19,0.204,0.8538,False
Italian,坤卦-static,k,-1.303,5,0.1891,0.8538,False
Italian,艮卦-static,n,-0.904,29,0.1791,0.8538,False
Italian,艮卦-static,ɡ,-0.852,4,0.194,0.8538,False
Italian,震卦-dynamic,p,0.845,34,0.1791,0.8538,False
Italian,乾卦-dynamic,t,0.845,71,0.1791,0.8538,False
Italian,離卦-dynamic,i,0.838,104,0.199,0.8538,False
Italian,震卦-dynamic,f,-0.828,6,0.199,0.8538,False
Italian,乾卦-dynamic,p,-0.823,20,0.209,0.8538,False
Italian,震卦-dynamic,k,-0.811,24,0.1741,0.8538,False
Italian,乾卦-dynamic,d͡ʒ,0.796,11,0.209,0.8538,False
Italian,離卦-dynamic,d͡ʒ,0.724,14,0.204,0.8538,False
Italian,乾卦-dynamic,l,0.724,66,0.199,0.8538,False
Italian,離卦-dynamic,t͡ʃ,-0.717,9,0.1841,0.8538,False
Italian,震卦-static,t͡ʃ,0.634,29,0.1791,0.8538,False
Italian,中卦-static,v,0.597,26,0.194,0.8538,False
Italian,中卦-static,z,0.596,17,0.1791,0.8538,False
Italian,坤卦-dynamic,j,0.556,18,0.209,0.8538,False
Italian,中卦-static,d͡ʒ,0.548,17,0.194,0.8538,False
Italian,中卦-static,m,0.532,51,0.209,0.8538,False
Italian,坤卦-dynamic,p,-0.512,47,0.2139,0.8688,False
Italian,巽卦-dynamic,d͡ʒ,1.539,3,0.2189,0.8783,False
Italian,乾卦-dynamic,a,0.786,128,0.2189,0.8783,False
Italian,艮卦-dynamic,o,-0.865,53,0.2239,0.8823,False
Italian,艮卦-dynamic,d,0.842,28,0.2239,0.8823,False
Italian,震卦-static,ɪ,-0.577,6,0.2289,0.8862,False
Italian,艮卦-dynamic,s,0.844,34,0.2388,0.897,False
Italian,艮卦-static,e,-0.827,37,0.2388,0.897,False
Italian,艮卦-dynamic,ɡ,0.806,12,0.2438,0.897,False
Italian,艮卦-static,a,0.751,89,0.2438,0.897,False
Italian,離卦-static,ɔ,0.663,16,0.2388,0.897,False
Italian,震卦-static,d,-0.566,33,0.2388,0.897,False
Italian,中卦-static,l,-0.526,69,0.2388,0.897,False
Italian,震卦-dynamic,b,0.753,13,0.2488,0.9053,False
Italian,震卦-dynamic,d,0.693,28,0.2488,0.9053,False
Italian,兌卦-static,p,1.525,7,0.2637,0.9078,False
Italian,巽卦-static,b,1.444,3,0.2886,0.9078,False
Italian,巽卦-dynamic,z,1.425,3,0.2985,0.9078,False
Italian,坤卦-static,ɪ,1.305,4,0.2736,0.9078,False
Italian,巽卦-dynamic,t,-1.301,5,0.2886,0.9078,False
Italian,巽卦-dynamic,v,1.297,4,0.2985,0.9078,False
Italian,乾卦-static,e,-1.22,10,0.2637,0.9078,False
Italian,坎卦-static,e,-1.116,13,0.2736,0.9078,False
Italian,艮卦-dynamic,n,-0.781,35,0.2836,0.9078,False
Italian,艮卦-static,ʎ,0.772,5,0.2836,0.9078,False
Italian,乾卦-dynamic,r,-0.739,51,0.2537,0.9078,False
Italian,乾卦-dynamic,ʊ,0.727,21,0.2637,0.9078,False
Italian,艮卦-dynamic,e,0.725,96,0.2886,0.9078,False
Italian,離卦-static,l,0.703,57,0.2935,0.9078,False
Italian,震卦-dynamic,s,-0.677,23,0.2836,0.9078,False
Italian,艮卦-dynamic,a,0.655,101,0.2985,0.9078,False
Italian,離卦-static,e,-0.635,53,0.2836,0.9078,False
Italian,震卦-static,ʊ,-0.593,12,0.2886,0.9078,False
Italian,兌卦-dynamic,ɪ,-0.57,6,0.2935,0.9078,False
Italian,中卦-static,t͡ʃ,-0.559,14,0.2537,0.9078,False
Italian,震卦-static,l,0.518,107,0.2786,0.9078,False
Italian,坤卦-dynamic,ɔ,0.515,34,0.2786,0.9078,False
Italian,中卦-static,i,-0.506,104,0.2637,0.9078,False
Italian,坤卦-dynamic,s,-0.5,57,0.2687,0.9078,False
Italian,坤卦-dynamic,n,0.499,122,0.2786,0.9078,False
Italian,坤卦-dynamic,t͡s,-0.495,3,0.2886,0.9078,False
Italian,中卦-static,ʊ,-0.492,14,0.2985,0.9078,False
Italian,震卦-static,f,-0.482,20,0.2935,0.9078,False
Italian,中卦-static,r,-0.477,106,0.2935,0.9078,False
Italian,中卦-dynamic,k,2.598,3,0.3333,0.9199,False
Italian,兌卦-static,f,1.286,5,0.393,0.9199,False
Italian,兌卦-static,r,-1.2,5,0.3731,0.9199,False
Italian,巽卦-dynamic,r,1.147,24,0.393,0.9199,False
Italian,兌卦-static,k,1.119,9,0.4677,0.9199,False
Italian,坤卦-static,p,1.115,11,0.3184,0.9199,False
Italian,乾卦-static,a,-1.083,22,0.3085,0.9199,False
Italian,坤卦-static,f,1.058,8,0.3532,0.9199,False
Italian,巽卦-static,r,-1.058,6,0.4179,0.9199,False
Italian,坎卦-static,n,0.997,22,0.3134,0.9199,False
Italian,乾卦-static,p,-0.982,5,0.3333,0.9199,False
Italian,巽卦-static,k,0.969,9,0.4826,0.9199,False
Italian,巽卦-static,i,-0.968,8,0.4677,0.9199,False
Italian,坎卦-dynamic,t,-0.964,9,0.3582,0.9199,False
Italian,坤卦-static,d͡ʒ,0.943,3,0.4328,0.9199,False
Italian,巽卦-dynamic,d,-0.937,3,0.4378,0.9199,False
Italian,坎卦-dynamic,o,-0.902,18,0.4627,0.9199,False
Italian,巽卦-dynamic,i,0.877,16,0.4428,0.9199,False
Italian,坎卦-dynamic,e,0.875,35,0.4229,0.9199,False
Italian,坤卦-static,e,-0.87,13,0.4328,0.9199,False
Italian,坤卦-static,d,-0.866,4,0.408,0.9199,False
Italian,坤卦-static,r,-0.847,12,0.4129,0.9199,False
Italian,坎卦-static,m,-0.829,5,0.393,0.9199,False
Italian,坎卦-static,o,0.828,39,0.408,0.9199,False
Italian,坤卦-static,m,-0.821,4,0.4527,0.9199,False
Italian,坤卦-static,ɔ,0.808,5,0.408,0.9199,False
Italian,乾卦-static,t͡s,0.765,5,0.4677,0.9199,False
Italian,坎卦-static,ɔ,0.704,6,0.4328,0.9199,False
Italian,艮卦-dynamic,b,0.681,12,0.3433,0.9199,False
Italian,艮卦-static,ɛ,0.663,22,0.3781,0.9199,False
Italian,震卦-dynamic,t,-0.653,33,0.3184,0.9199,False
Italian,艮卦-dynamic,u,-0.631,5,0.3532,0.9199,False
Italian,離卦-static,o,0.624,100,0.3284,0.9199,False
Italian,乾卦-dynamic,ɛ,-0.606,13,0.3284,0.9199,False
Italian,離卦-dynamic,k,-0.6,42,0.3234,0.9199,False
Italian,艮卦-static,b,0.599,10,0.3383,0.9199,False
Italian,震卦-dynamic,r,0.579,84,0.3532,0.9199,False
Italian,乾卦-dynamic,i,0.569,75,0.398,0.9199,False
Italian,震卦-dynamic,l,-0.554,33,0.3682,0.9199,False
Italian,艮卦-dynamic,p,-0.535,19,0.408,0.9199,False
Italian,離卦-dynamic,ɲ,0.535,10,0.3881,0.9199,False
Italian,艮卦-static,t,-0.53,29,0.4229,0.9199,False
Italian,艮卦-dynamic,j,-0.523,4,0.4378,0.9199,False
Italian,兌卦-dynamic,f,-0.515,19,0.3582,0.9199,False
Italian,震卦-static,ŋ,0.507,6,0.3582,0.9199,False
Italian,離卦-static,v,-0.505,6,0.4627,0.9199,False
Italian,中卦-static,ŋ,0.496,6,0.3085,0.9199,False
Italian,離卦-dynamic,f,-0.492,15,0.4378,0.9199,False
Italian,兌卦-dynamic,z,-0.485,5,0.3582,0.9199,False
Italian,乾卦-dynamic,z,0.484,9,0.3433,0.9199,False
Italian,乾卦-dynamic,n,0.46,61,0.4229,0.9199,False
Italian,震卦-dynamic,u,-0.455,7,0.4378,0.9199,False
Italian,震卦-static,ɲ,-0.453,4,0.3234,0.9199,False
Italian,震卦-dynamic,m,0.441,24,0.4478,0.9199,False
Italian,兌卦-dynamic,t͡s,-0.432,4,0.3582,0.9199,False
Italian,震卦-dynamic,ɔ,0.43,14,0.393,0.9199,False
Italian,離卦-dynamic,p,0.423,46,0.4826,0.9199,False
Italian,艮卦-static,j,0.422,6,0.4677,0.9199,False
Italian,乾卦-dynamic,e,-0.421,70,0.4726,0.9199,False
Italian,震卦-static,n,-0.42,84,0.3831,0.9199,False
Italian,中卦-static,w,0.415,20,0.3632,0.9199,False
Italian,震卦-static,r,-0.398,110,0.4129,0.9199,False
Italian,坤卦-dynamic,f,-0.397,25,0.4129,0.9199,False
Italian,震卦-static,p,0.394,60,0.4279,0.9199,False
Italian,兌卦-dynamic,ʎ,-0.394,3,0.4577,0.9199,False
Italian,坤卦-dynamic,r,-0.363,128,0.3881,0.9199,False
Italian,中卦-static,ʃ,-0.359,3,0.4776,0.9199,False
Italian,震卦-static,t,0.355,105,0.4179,0.9199,False
Italian,坤卦-dynamic,ɪ,-0.333,10,0.4826,0.9199,False
Italian,坤卦-dynamic,i,-0.319,123,0.4229,0.9199,False
Italian,中卦-static,ɾ,0.311,6,0.4726,0.9199,False
Italian,坤卦-dynamic,ɛ,0.271,51,0.4876,0.9199,False
Italian,巽卦-dynamic,e,0.744,24,0.4975,0.9281,False
Italian,巽卦-static,t͡ʃ,1.05,3,0.5274,0.9298,False
Italian,兌卦-static,n,0.994,10,0.5274,0.9298,False
Italian,坎卦-dynamic,i,0.805,22,0.5075,0.9298,False
Italian,坤卦-static,o,0.705,30,0.5373,0.9298,False
Italian,乾卦-static,d,0.664,9,0.5373,0.9298,False
Italian,坎卦-static,f,-0.648,3,0.5174,0.9298,False
Italian,坤卦-static,s,0.568,10,0.5473,0.9298,False
Italian,艮卦-dynamic,ɛ,-0.481,12,0.5323,0.9298,False
Italian,艮卦-static,ʊ,-0.437,6,0.5274,0.9298,False
Italian,震卦-dynamic,n,-0.434,41,0.5473,0.9298,False
Italian,艮卦-dynamic,z,0.426,7,0.5423,0.9298,False
Italian,乾卦-dynamic,m,0.421,28,0.5124,0.9298,False
Italian,艮卦-static,r,-0.412,44,0.5373,0.9298,False
Italian,艮卦-dynamic,l,-0.405,34,0.5373,0.9298,False
Italian,離卦-static,ɛ,-0.392,14,0.5323,0.9298,False
Italian,離卦-dynamic,ɛ,-0.352,22,0.5323,0.9298,False
Italian,兌卦-dynamic,ʃ,-0.351,3,0.5224,0.9298,False
Italian,坤卦-dynamic,d͡z,-0.307,3,0.5224,0.9298,False
Italian,震卦-static,m,0.269,46,0.5423,0.9298,False
Italian,兌卦-static,t,1.056,11,0.5572,0.9327,False
Italian,坤卦-static,ɛ,0.661,8,0.5622,0.9327,False
Italian,乾卦-static,r,-0.648,15,0.5572,0.9327,False
Italian,艮卦-dynamic,ɪ,0.409,8,0.5672,0.9327,False
Italian,離卦-dynamic,v,0.328,17,0.5672,0.9327,False
Italian,中卦-static,ɛ,-0.283,31,0.5672,0.9327,False
Italian,中卦-static,d,0.245,49,0.5672,0.9327,False
Italian,震卦-dynamic,t͡ʃ,-0.365,8,0.5721,0.9339,False
Italian,乾卦-dynamic,f,0.33,22,0.5721,0.9339,False
Italian,震卦-static,ɔ,0.254,26,0.5721,0.9339,False
Italian,離卦-dynamic,s͡s,-0.32,3,0.5821,0.9387,False
Italian,震卦-static,u,-0.224,19,0.5771,0.9387,False
Italian,兌卦-static,o,0.882,18,0.5871,0.9444,False
Italian,坤卦-dynamic,ɾ,-0.251,3,0.592,0.9456,False
Italian,坎卦-dynamic,d,-0.673,5,0.602,0.9523,False
Italian,坤卦-dynamic,a,0.227,225,0.602,0.9523,False
Italian,坎卦-dynamic,l,-0.533,11,0.6119,0.9545,False
Italian,坎卦-dynamic,ɛ,-0.519,4,0.607,0.9545,False
Italian,艮卦-dynamic,d͡ʒ,-0.36,4,0.6119,0.9545,False
Italian,乾卦-dynamic,t͡s,-0.306,4,0.6119,0.9545,False
Italian,艮卦-dynamic,i,-0.345,50,0.6169,0.96,False
Italian,巽卦-static,ɔ,0.822,3,0.6368,0.9606,False
Italian,巽卦-dynamic,k,-0.718,6,0.6318,0.9606,False
Italian,巽卦-static,d,0.692,5,0.6617,0.9606,False
Italian,兌卦-static,ʊ,0.69,3,0.6617,0.9606,False
Italian,兌卦-static,e,-0.615,9,0.6418,0.9606,False
Italian,巽卦-static,t,0.602,10,0.6816,0.9606,False
Italian,坎卦-dynamic,a,-0.579,26,0.6318,0.9606,False
Italian,巽卦-static,o,0.528,17,0.6368,0.9606,False
Italian,坤卦-static,a,-0.521,24,0.6716,0.9606,False
Italian,坎卦-static,k,-0.457,11,0.6517,0.9606,False
Italian,坎卦-dynamic,n,0.432,17,0.6418,0.9606,False
Italian,坎卦-static,a,-0.419,31,0.6866,0.9606,False
Italian,乾卦-dynamic,ɲ,-0.323,3,0.6318,0.9606,False
Italian,艮卦-static,f,0.286,15,0.6318,0.9606,False
Italian,震卦-dynamic,t͡s,0.283,10,0.6866,0.9606,False
Italian,離卦-static,u,-0.274,9,0.6567,0.9606,False
Italian,震卦-dynamic,d͡ʒ,0.267,7,0.6269,0.9606,False
Italian,離卦-static,s,-0.266,27,0.6517,0.9606,False
Italian,艮卦-dynamic,v,-0.264,7,0.6716,0.9606,False
Italian,中卦-static,d͡z,-0.261,3,0.6567,0.9606,False
Italian,震卦-dynamic,i,0.259,60,0.6866,0.9606,False
Italian,乾卦-dynamic,ɔ,0.258,15,0.6468,0.9606,False
Italian,艮卦-dynamic,f,0.251,17,0.6517,0.9606,False
Italian,離卦-dynamic,j,-0.228,8,0.6766,0.9606,False
Italian,坤卦-dynamic,d,0.227,55,0.6269,0.9606,False
Italian,離卦-dynamic,d,-0.225,30,0.6468,0.9606,False
Italian,震卦-static,v,0.216,21,0.6816,0.9606,False
Italian,震卦-static,ɡ,-0.214,16,0.6567,0.9606,False
Italian,兌卦-dynamic,t͡ʃ,-0.214,18,0.6368,0.9606,False
Italian,離卦-dynamic,ʎ,0.212,6,0.6866,0.9606,False
Italian,中卦-static,e,-0.201,139,0.6716,0.9606,False
Italian,中卦-static,ɡ,0.187,20,0.6816,0.9606,False
Italian,中卦-static,u,0.206,28,0.6965,0.9644,False
Italian,巽卦-static,e,-0.521,10,0.7015,0.9693,False
Italian,乾卦-dynamic,d͡z,0.267,4,0.7114,0.977,False
Italian,乾卦-dynamic,k,-0.248,38,0.7114,0.977,False
Italian,震卦-static,z,0.151,12,0.7114,0.977,False
Italian,中卦-dynamic,e,1.375,5,0.7164,0.9797,False
Italian,離卦-static,j,0.288,7,0.7164,0.9797,False
Italian,巽卦-dynamic,s,-0.393,6,0.7264,0.9833,False
Italian,坎卦-dynamic,ʊ,0.43,5,0.7363,0.9835,False
Italian,坎卦-static,ɡ,0.384,4,0.7363,0.9835,False
Italian,震卦-dynamic,ʊ,-0.249,9,0.7313,0.9835,False
Italian,乾卦-dynamic,ɪ,-0.186,6,0.7413,0.9835,False
Italian,坤卦-dynamic,ɡ,-0.146,19,0.7413,0.9835,False
Italian,兌卦-dynamic,s͡s,-0.14,6,0.7363,0.9835,False
Italian,兌卦-dynamic,ɡ,0.129,19,0.7413,0.9835,False
Italian,坎卦-static,b,0.323,4,0.7463,0.9881,False
Italian,坎卦-static,l,-0.321,14,0.7512,0.9907,False
Italian,震卦-static,t͡s,0.178,18,0.7512,0.9907,False
Italian,巽卦-dynamic,t͡ʃ,0.389,3,0.7562,0.9921,False
Italian,乾卦-static,k,-0.351,10,0.7612,0.9921,False
Italian,坎卦-static,d,-0.307,7,0.7612,0.9921,False
Italian,離卦-dynamic,w,-0.227,4,0.7612,0.9921,False
Italian,震卦-static,o,-0.149,155,0.7612,0.9921,False
Italian,巽卦-static,u,0.527,3,0.7761,0.994,False
Italian,坎卦-static,p,0.378,11,0.7761,0.994,False
Italian,坎卦-dynamic,r,0.315,25,0.7662,0.994,False
Italian,坤卦-static,n,0.311,15,0.7711,0.994,False
Italian,坎卦-static,r,0.269,28,0.7711,0.994,False
Italian,震卦-dynamic,ɛ,0.198,21,0.7761,0.994,False
Italian,坤卦-dynamic,t͡ʃ,0.144,26,0.7711,0.994,False
Italian,中卦-static,j,0.123,13,0.7761,0.994,False
Italian,巽卦-static,a,0.414,18,0.7811,0.9966,False
Italian,巽卦-static,n,0.334,9,0.7811,0.9966,False
Italian,巽卦-dynamic,m,-0.4,4,0.791,0.9981,False
Italian,兌卦-static,m,-0.326,3,0.806,0.9981,False
Italian,巽卦-dynamic,a,-0.321,20,0.791,0.9981,False
Italian,巽卦-dynamic,o,-0.293,17,0.7861,0.9981,False
Italian,坎卦-dynamic,f,0.283,6,0.8259,0.9981,False
Italian,坤卦-static,t,0.281,15,0.801,0.9981,False
Italian,乾卦-static,t,-0.268,13,0.791,0.9981,False
Italian,坎卦-dynamic,ɔ,-0.255,3,0.8109,0.9981,False
Italian,坎卦-dynamic,m,-0.246,6,0.8209,0.9981,False
Italian,乾卦-static,ʊ,-0.223,3,0.8458,0.9981,False
Italian,坎卦-static,ɛ,0.22,8,0.8358,0.9981,False
Italian,兌卦-static,l,0.205,8,0.9154,0.9981,False
Italian,兌卦-static,d,0.201,4,0.8507,0.9981,False
Italian,乾卦-static,ɔ,0.196,4,0.8458,0.9981,False
Italian,艮卦-dynamic,ɲ,-0.191,3,0.8358,0.9981,False
Italian,坎卦-dynamic,p,0.188,9,0.9005,0.9981,False
Italian,離卦-static,p,-0.187,24,0.8109,0.9981,False
Italian,離卦-static,b,0.169,10,0.8458,0.9981,False
Italian,坤卦-static,l,-0.164,12,0.8507,0.9981,False
Italian,坎卦-dynamic,s,-0.161,9,0.8607,0.9981,False
Italian,坤卦-static,u,-0.153,3,0.8756,0.9981,False
Italian,離卦-dynamic,t͡s,-0.149,8,0.8408,0.9981,False
Italian,乾卦-dynamic,o,0.143,99,0.8458,0.9981,False
Italian,離卦-static,f,0.141,17,0.8358,0.9981,False
Italian,兌卦-dynamic,p,0.141,54,0.796,0.9981,False
Italian,中卦-static,a,0.139,195,0.8308,0.9981,False
Italian,坎卦-static,i,0.138,22,0.9005,0.9981,False
Italian,乾卦-dynamic,u,-0.133,12,0.8458,0.9981,False
Italian,艮卦-static,p,0.132,22,0.8657,0.9981,False
Italian,坤卦-dynamic,ɲ,-0.129,8,0.796,0.9981,False
Italian,中卦-static,p,0.129,55,0.8209,0.9981,False
Italian,艮卦-static,v,0.124,8,0.8159,0.9981,False
Italian,震卦-static,ʃ,0.122,7,0.8358,0.9981,False
Italian,中卦-static,ɪ,0.12,14,0.8109,0.9981,False
Italian,離卦-dynamic,t,0.119,73,0.8358,0.9981,False
Italian,兌卦-dynamic,d,-0.119,41,0.8458,0.9981,False
Italian,艮卦-dynamic,s͡s,-0.11,3,0.9104,0.9981,False
Italian,離卦-static,w,-0.107,4,0.9204,0.9981,False
Italian,乾卦-static,i,-0.106,18,0.9154,0.9981,False
Italian,離卦-dynamic,z,-0.104,7,0.8607,0.9981,False
Italian,坎卦-static,t͡s,0.102,3,0.9701,0.9981,False
Italian,震卦-dynamic,w,-0.099,4,0.8706,0.9981,False
Italian,震卦-static,d͡ʒ,-0.093,11,0.8756,0.9981,False
Italian,坎卦-static,u,-0.091,4,0.8856,0.9981,False
Italian,艮卦-static,d,-0.088,17,0.8657,0.9981,False
Italian,艮卦-dynamic,w,-0.081,4,0.9055,0.9981,False
Italian,巽卦-static,s,-0.079,5,0.9701,0.9981,False
Italian,離卦-static,i,-0.079,57,0.9303,0.9981,False
Italian,乾卦-static,u,0.078,4,0.9552,0.9981,False
Italian,離卦-static,t͡ʃ,-0.077,10,0.8955,0.9981,False
Italian,震卦-dynamic,e,-0.076,72,0.9154,0.9981,False
Italian,離卦-dynamic,ʃ,0.073,5,0.9502,0.9981,False
Italian,兌卦-dynamic,m,0.07,42,0.8905,0.9981,False
Italian,乾卦-dynamic,ɡ,-0.07,10,0.9055,0.9981,False
Italian,坎卦-static,ʊ,-0.069,4,0.9154,0.9981,False
Italian,兌卦-static,s,0.069,5,0.9801,0.9981,False
Italian,艮卦-dynamic,t,0.068,44,0.9303,0.9981,False
Italian,中卦-static,t,0.064,95,0.9254,0.9981,False
Italian,艮卦-static,u,0.061,10,0.8955,0.9981,False
Italian,坎卦-dynamic,u,0.06,4,0.9502,0.9981,False
Italian,艮卦-dynamic,ʃ,0.054,3,0.9552,0.9981,False
Italian,艮卦-static,k,-0.052,29,0.9303,0.9981,False
Italian,震卦-static,k,-0.049,72,0.9055,0.9981,False
Italian,離卦-dynamic,m,0.046,32,0.9403,0.9981,False
Italian,離卦-static,r,0.045,69,0.9353,0.9981,False
Italian,坎卦-dynamic,b,0.044,3,0.9652,0.9981,False
Italian,巽卦-dynamic,l,-0.042,10,0.9801,0.9981,False
Italian,坤卦-static,t͡ʃ,-0.04,3,0.9801,0.9981,False
Italian,中卦-static,t͡s,0.04,15,0.9303,0.9981,False
Italian,震卦-dynamic,s͡s,0.037,4,0.9403,0.9981,False
Italian,中卦-static,ɔ,-0.034,22,0.9353,0.9981,False
Italian,震卦-static,s,0.032,59,0.9303,0.9981,False
Italian,艮卦-dynamic,ʊ,0.031,11,0.9502,0.9981,False
Italian,艮卦-dynamic,ʎ,0.028,3,0.9602,0.9981,False
Italian,中卦-static,k,0.027,75,0.9453,0.9981,False
Italian,離卦-static,ʎ,-0.026,3,0.9502,0.9981,False
Italian,離卦-static,ɲ,-0.023,4,0.9801,0.9981,False
Italian,坤卦-dynamic,l,0.018,101,0.9751,0.9981,False
Italian,兌卦-dynamic,ʊ,0.018,23,0.9801,0.9981,False
Italian,兌卦-dynamic,d͡z,0.017,5,0.9801,0.9981,False
Italian,坤卦-dynamic,z,0.015,12,0.9652,0.9981,False
Italian,中卦-static,n,-0.014,95,0.9801,0.9981,False
Italian,坤卦-dynamic,s͡s,0.013,9,0.9652,0.9981,False
Italian,艮卦-static,w,-0.021,4,0.995,1.0,False
Italian,坤卦-dynamic,u,0.005,27,0.9851,1.0,False
Italian,坤卦-static,i,0.0,17,1.0,1.0,False
Italian,中卦-static,s,-0.0,59,1.0,1.0,False
Japanese,離卦-static,kʲ,3.91,7,0.005,0.1397,False
Japanese,乾卦-static,i,3.626,66,0.005,0.1397,False
Japanese,巽卦-dynamic,s,2.734,8,0.005,0.1397,False
Japanese,離卦-static,k,1.928,45,0.005,0.1397,False
Japanese,中卦-static,a͡ɪ,1.802,933,0.005,0.1397,False
Japanese,中卦-static,t͡ʃ,1.802,933,0.005,0.1397,False
Japanese,中卦-static,l,1.775,937,0.005,0.1397,False
Japanese,中卦-static,z,1.747,936,0.005,0.1397,False
Japanese,中卦-static,ə,1.741,939,0.005,0.1397,False
Japanese,中卦-static,ɯ͡ᵝ,-1.542,35,0.005,0.1397,False
Japanese,震卦-static,a͡ɪ,1.508,336,0.005,0.1397,False
Japanese,震卦-static,t͡ʃ,1.508,336,0.005,0.1397,False
Japanese,震卦-static,l,1.501,340,0.005,0.1397,False
Japanese,震卦-static,ə,1.492,344,0.005,0.1397,False
Japanese,震卦-static,z,1.487,342,0.005,0.1397,False
Japanese,中卦-static,t,1.416,970,0.005,0.1397,False
Japanese,中卦-static,k,-1.407,21,0.005,0.1397,False
Japanese,震卦-static,ɯ͡ᵝ,-1.4,49,0.005,0.1397,False
Japanese,中卦-static,ɽ,-1.298,39,0.005,0.1397,False
Japanese,震卦-static,k,-1.201,26,0.005,0.1397,False
Japanese,震卦-static,t,1.197,364,0.005,0.1397,False
Japanese,中卦-static,a,-1.177,92,0.005,0.1397,False
Japanese,中卦-static,e,1.136,976,0.005,0.1397,False
Japanese,震卦-static,ɽ,-1.122,42,0.005,0.1397,False
Japanese,巽卦-dynamic,m,3.325,12,0.01,0.2054,False
Japanese,巽卦-dynamic,ɽ,3.032,20,0.01,0.2054,False
Japanese,離卦-static,ɴ,2.547,14,0.01,0.2054,False
Japanese,巽卦-dynamic,ɯ͡ᵝ,2.447,30,0.01,0.2054,False
Japanese,坤卦-dynamic,d,2.422,15,0.01,0.2054,False
Japanese,乾卦-dynamic,ə,1.774,216,0.01,0.2054,False
Japanese,離卦-dynamic,l,1.258,177,0.01,0.2054,False
Japanese,震卦-static,s,-1.239,9,0.01,0.2054,False
Japanese,艮卦-static,d͡ʑ,3.1,4,0.0149,0.2328,False
Japanese,乾卦-dynamic,a͡ɪ,1.853,216,0.0149,0.2328,False
Japanese,乾卦-dynamic,t͡ʃ,1.853,216,0.0149,0.2328,False
Japanese,乾卦-dynamic,t,1.453,223,0.0149,0.2328,False
Japanese,離卦-dynamic,a͡ɪ,1.293,177,0.0149,0.2328,False
Japanese,離卦-dynamic,t͡ʃ,1.293,177,0.0149,0.2328,False
Japanese,離卦-dynamic,z,1.252,179,0.0149,0.2328,False
Japanese,中卦-static,s,-1.198,29,0.0149,0.2328,False
Japanese,離卦-dynamic,a,-1.179,21,0.0149,0.2328,False
Japanese,中卦-static,ɡ,-1.117,3,0.0149,0.2328,False
Japanese,坤卦-static,ŋ,3.563,4,0.0199,0.2687,False
Japanese,巽卦-dynamic,ɕ,2.641,4,0.0199,0.2687,False
Japanese,乾卦-dynamic,l,1.814,216,0.0199,0.2687,False
Japanese,乾卦-dynamic,z,1.79,216,0.0199,0.2687,False
Japanese,離卦-static,b,1.67,14,0.0199,0.2687,False
Japanese,離卦-dynamic,ə,1.221,177,0.0199,0.2687,False
Japanese,中卦-static,o,-0.922,62,0.0199,0.2687,False
Japanese,離卦-dynamic,k,-1.241,13,0.0249,0.3175,False
Japanese,震卦-static,e,1.06,384,0.0249,0.3175,False
Japanese,震卦-static,a,-1.02,67,0.0249,0.3175,False
Japanese,乾卦-dynamic,ɯ͡ᵝ,-1.556,6,0.0299,0.3552,False
Japanese,兌卦-dynamic,ɯ͡ᵝ,0.932,196,0.0299,0.3552,False
Japanese,乾卦-dynamic,k,-1.361,7,0.0348,0.3704,False
Japanese,乾卦-dynamic,e,1.185,225,0.0348,0.3704,False
Japanese,中卦-static,b,-0.883,11,0.0348,0.3704,False
Japanese,中卦-static,n,0.775,961,0.0348,0.3704,False
Japanese,乾卦-dynamic,ɽ,-1.332,6,0.0398,0.3991,False
Japanese,離卦-static,a,1.284,78,0.0398,0.3991,False
Japanese,兌卦-dynamic,ʔ,2.929,3,0.0448,0.4248,False
Japanese,中卦-static,m,-0.788,19,0.0448,0.4248,False
Japanese,兌卦-static,p,3.237,7,0.0498,0.4657,False
Japanese,兌卦-dynamic,d͡ʒ,2.317,6,0.0547,0.4863,False
Japanese,巽卦-static,ɡ,1.795,4,0.0547,0.4863,False
Japanese,乾卦-dynamic,a,-1.268,11,0.0597,0.5049,False
Japanese,乾卦-static,e,-1.195,7,0.0597,0.5049,False
Japanese,中卦-static,d,-0.781,13,0.0597,0.5049,False
Japanese,兌卦-dynamic,o,-0.75,18,0.0597,0.5049,False
Japanese,坎卦-static,ɯᵝ,3.613,3,0.0697,0.5093,False
Japanese,震卦-dynamic,d͡ʒ,2.442,4,0.0647,0.5093,False
Japanese,坤卦-static,ɕ,2.172,4,0.0697,0.5093,False
Japanese,離卦-static,ɸ,1.481,12,0.0697,0.5093,False
Japanese,震卦-dynamic,ũ,1.25,5,0.0647,0.5093,False
Japanese,乾卦-dynamic,s,-1.187,7,0.0647,0.5093,False
Japanese,坤卦-dynamic,t,1.161,53,0.0697,0.5093,False
Japanese,坤卦-dynamic,e,1.146,58,0.0697,0.5093,False
Japanese,離卦-dynamic,t,0.969,194,0.0647,0.5093,False
Japanese,震卦-static,o,-0.645,77,0.0647,0.5093,False
Japanese,中卦-static,ɹ,4.123,4,0.0746,0.5187,False
Japanese,兌卦-dynamic,a,-0.855,31,0.0746,0.5187,False
Japanese,中卦-static,ɴ,-0.766,5,0.0746,0.5187,False
Japanese,巽卦-static,b,2.216,4,0.0796,0.5272,False
Japanese,艮卦-dynamic,w,1.51,4,0.0796,0.5272,False
Japanese,中卦-static,t͡ɕ,-0.831,5,0.0796,0.5272,False
Japanese,震卦-static,n,0.625,359,0.0796,0.5272,False
Japanese,乾卦-static,h,1.387,3,0.0846,0.5301,False
Japanese,離卦-static,ũ,1.342,4,0.0846,0.5301,False
Japanese,震卦-static,ɡ,-0.72,16,0.0846,0.5301,False
Japanese,震卦-static,m,-0.648,21,0.0846,0.5301,False
Japanese,艮卦-static,b,1.465,6,0.0896,0.5419,False
Japanese,離卦-dynamic,o,-0.971,9,0.0945,0.5484,False
Japanese,離卦-static,n,-0.944,11,0.0995,0.5679,False
Japanese,艮卦-dynamic,d͡ʒ,1.649,4,0.1045,0.5686,False
Japanese,乾卦-static,ɴ,1.229,3,0.1045,0.5686,False
Japanese,中卦-static,d͡ʑ,-0.641,3,0.1045,0.5686,False
Japanese,中卦-dynamic,o,3.378,3,0.1095,0.5777,False
Japanese,艮卦-static,a,1.49,39,0.1095,0.5777,False
Japanese,中卦-static,ɕ,-0.617,21,0.1095,0.5777,False
Japanese,艮卦-static,d,1.371,5,0.1194,0.5862,False
Japanese,坤卦-dynamic,j,1.095,4,0.1144,0.5862,False
Japanese,震卦-static,p,-0.636,11,0.1144,0.5862,False
Japanese,震卦-dynamic,j,0.947,5,0.1244,0.594,False
Japanese,離卦-dynamic,b,-0.86,3,0.1244,0.594,False
Japanese,艮卦-dynamic,e,0.766,96,0.1244,0.594,False
Japanese,坤卦-dynamic,b,0.986,10,0.1294,0.6094,False
Japanese,震卦-dynamic,kʲ,1.065,3,0.1393,0.635,False
Japanese,離卦-static,z,-0.845,5,0.1393,0.635,False
Japanese,震卦-static,b,-0.483,18,0.1393,0.635,False
Japanese,乾卦-dynamic,n,0.848,226,0.1443,0.637,False
Japanese,中卦-static,p,-0.699,6,0.1443,0.637,False
Japanese,兌卦-dynamic,s,0.64,41,0.1443,0.637,False
Japanese,坤卦-static,ɡ,1.936,4,0.1493,0.6428,False
Japanese,乾卦-static,t,-0.921,6,0.1493,0.6428,False
Japanese,震卦-static,ɕ,-0.576,10,0.1493,0.6428,False
Japanese,離卦-static,t͡ɕ,1.053,7,0.1592,0.6536,False
Japanese,乾卦-dynamic,o,-0.913,15,0.1592,0.6536,False
Japanese,離卦-static,o,0.811,54,0.1592,0.6536,False
Japanese,離卦-dynamic,m,-0.723,8,0.1592,0.6536,False
Japanese,坤卦-dynamic,s,-0.853,5,0.1642,0.6586,False
Japanese,離卦-dynamic,d,-0.782,3,0.1642,0.6586,False
Japanese,中卦-static,h,-0.655,3,0.1642,0.6586,False
Japanese,乾卦-static,a,0.862,23,0.1692,0.6709,False
Japanese,坤卦-static,m,1.55,8,0.1841,0.6766,False
Japanese,巽卦-static,e,-1.375,4,0.1841,0.6766,False
Japanese,艮卦-static,s,1.01,11,0.1841,0.6766,False
Japanese,乾卦-static,ɡ,0.844,4,0.1841,0.6766,False
Japanese,坤卦-dynamic,ɽ,0.819,49,0.1791,0.6766,False
Japanese,離卦-dynamic,e,0.656,195,0.1791,0.6766,False
Japanese,兌卦-dynamic,ɽ,0.615,95,0.1791,0.6766,False
Japanese,震卦-static,ɴ,-0.432,11,0.1841,0.6766,False
Japanese,中卦-dynamic,n,3.223,3,0.199,0.6985,False
Japanese,坎卦-static,p,1.495,3,0.2139,0.7398,False
Japanese,震卦-static,h,-0.513,5,0.2239,0.752,False
Japanese,兌卦-dynamic,e,0.474,100,0.2289,0.7614,False
Japanese,中卦-static,j,-0.547,5,0.2338,0.7671,False
Japanese,兌卦-static,a,1.851,8,0.2388,0.7725,False
Japanese,兌卦-dynamic,ə,0.502,66,0.2388,0.7725,False
Japanese,震卦-static,ɸ,-0.484,3,0.2438,0.7779,False
Japanese,中卦-static,t͡s,-0.441,6,0.2438,0.7779,False
Japanese,離卦-static,s,0.738,21,0.2488,0.7831,False
Japanese,震卦-dynamic,t͡ɕ,0.805,8,0.2537,0.7847,False
Japanese,兌卦-dynamic,i,-0.439,87,0.2537,0.7847,False
Japanese,乾卦-static,n,-0.626,7,0.2587,0.7965,False
Japanese,兌卦-dynamic,ɕ,-0.505,4,0.2637,0.7979,False
Japanese,離卦-static,e,-0.673,29,0.2687,0.8025,False
Japanese,震卦-static,d,-0.424,16,0.2687,0.8025,False
Japanese,乾卦-static,d,0.891,3,0.2736,0.8037,False
Japanese,震卦-dynamic,ɕ,0.597,11,0.2736,0.8037,False
Japanese,震卦-static,t͡s,-0.4,5,0.2736,0.8037,False
Japanese,離卦-dynamic,ɕ,-0.565,6,0.2935,0.848,False
Japanese,兌卦-dynamic,t͡ɕ,-0.505,3,0.2935,0.848,False
Japanese,乾卦-dynamic,ɴ,-0.644,3,0.2985,0.8518,False
Japanese,離卦-dynamic,s,0.45,68,0.2985,0.8518,False
Japanese,坤卦-dynamic,ɕ,0.585,8,0.3035,0.8625,False
Japanese,震卦-static,ɯᵝ,-0.432,3,0.3134,0.8801,False
Japanese,兌卦-dynamic,z,0.419,63,0.3184,0.887,False
Japanese,巽卦-dynamic,e,0.892,11,0.3333,0.8955,False
Japanese,震卦-dynamic,d͡ʑ,0.634,4,0.3483,0.8955,False
Japanese,坤卦-dynamic,k,0.564,26,0.3383,0.8955,False
Japanese,艮卦-dynamic,o,-0.55,26,0.3483,0.8955,False
Japanese,艮卦-dynamic,ə,0.518,58,0.3433,0.8955,False
Japanese,艮卦-dynamic,s,-0.473,16,0.3234,0.8955,False
Japanese,震卦-static,j,-0.417,4,0.3383,0.8955,False
Japanese,震卦-static,ŋ,-0.387,4,0.3433,0.8955,False
Japanese,兌卦-dynamic,ɡ,-0.381,9,0.3383,0.8955,False
Japanese,離卦-dynamic,n,0.399,183,0.3532,0.8984,False
Japanese,坤卦-dynamic,z,-0.528,11,0.3582,0.9045,False
Japanese,乾卦-static,m,0.499,7,0.3582,0.9045,False
Japanese,坤卦-static,t,-0.891,4,0.408,0.9175,False
Japanese,巽卦-static,n,-0.886,3,0.403,0.9175,False
Japanese,坤卦-static,s,0.845,5,0.4179,0.9175,False
Japanese,巽卦-static,o,0.837,13,0.4328,0.9175,False
Japanese,坎卦-dynamic,a͡ɪ,0.781,14,0.4229,0.9175,False
Japanese,坎卦-dynamic,t͡ʃ,0.781,14,0.4229,0.9175,False
Japanese,坎卦-dynamic,l,0.749,14,0.4279,0.9175,False
Japanese,坎卦-dynamic,ə,0.717,14,0.4478,0.9175,False
Japanese,坎卦-dynamic,n,0.715,22,0.4229,0.9175,False
Japanese,坎卦-dynamic,z,0.71,14,0.4478,0.9175,False
Japanese,坎卦-dynamic,a,-0.656,8,0.4478,0.9175,False
Japanese,艮卦-static,ə,-0.632,4,0.3731,0.9175,False
Japanese,艮卦-static,t,0.614,21,0.398,0.9175,False
Japanese,艮卦-static,l,-0.61,4,0.3731,0.9175,False
Japanese,艮卦-static,i,-0.603,17,0.393,0.9175,False
Japanese,艮卦-static,a͡ɪ,-0.587,4,0.393,0.9175,False
Japanese,艮卦-static,t͡ʃ,-0.587,4,0.393,0.9175,False
Japanese,坤卦-dynamic,h,0.573,5,0.4577,0.9175,False
Japanese,艮卦-static,n,-0.569,10,0.3781,0.9175,False
Japanese,坤卦-dynamic,p,-0.567,3,0.4378,0.9175,False
Japanese,艮卦-static,z,-0.562,5,0.4328,0.9175,False
Japanese,乾卦-static,ɯ͡ᵝ,-0.544,14,0.393,0.9175,False
Japanese,坤卦-dynamic,a͡ɪ,-0.498,10,0.4179,0.9175,False
Japanese,坤卦-dynamic,t͡ʃ,-0.498,10,0.4179,0.9175,False
Japanese,坤卦-dynamic,l,-0.472,11,0.4328,0.9175,False
Japanese,艮卦-dynamic,ɕ,-0.455,4,0.4428,0.9175,False
Japanese,震卦-dynamic,ɴ,0.454,7,0.4478,0.9175,False
Japanese,艮卦-dynamic,z,0.452,56,0.4328,0.9175,False
Japanese,坤卦-dynamic,n,-0.446,24,0.4428,0.9175,False
Japanese,艮卦-dynamic,l,0.44,54,0.4279,0.9175,False
Japanese,艮卦-dynamic,ɽ,0.428,75,0.398,0.9175,False
Japanese,艮卦-dynamic,a,-0.414,50,0.3731,0.9175,False
Japanese,坤卦-dynamic,i,0.412,70,0.408,0.9175,False
Japanese,兌卦-dynamic,l,0.391,60,0.393,0.9175,False
Japanese,兌卦-dynamic,p,-0.39,14,0.4328,0.9175,False
Japanese,兌卦-dynamic,d͡ʑ,0.36,5,0.3881,0.9175,False
Japanese,離卦-dynamic,ɯ͡ᵝ,-0.351,177,0.4129,0.9175,False
Japanese,兌卦-dynamic,ɯᵝ,-0.343,3,0.4428,0.9175,False
Japanese,離卦-static,i,-0.342,46,0.4627,0.9175,False
Japanese,坤卦-static,n,-0.708,4,0.4726,0.9186,False
Japanese,艮卦-static,o,0.658,23,0.4776,0.9186,False
Japanese,坤卦-dynamic,ə,-0.445,12,0.4677,0.9186,False
Japanese,艮卦-dynamic,ɴ,0.382,9,0.4677,0.9186,False
Japanese,艮卦-dynamic,p,-0.395,12,0.4826,0.9206,False
Japanese,離卦-static,j,0.597,3,0.5025,0.921,False
Japanese,離卦-static,ɽ,0.379,41,0.4925,0.921,False
Japanese,震卦-dynamic,s,-0.377,13,0.4975,0.921,False
Japanese,艮卦-dynamic,a͡ɪ,0.361,50,0.4925,0.921,False
Japanese,艮卦-dynamic,t͡ʃ,0.361,50,0.4925,0.921,False
Japanese,兌卦-dynamic,a͡ɪ,0.278,54,0.5025,0.921,False
Japanese,兌卦-dynamic,t͡ʃ,0.278,54,0.5025,0.921,False
Japanese,坤卦-dynamic,ɯ͡ᵝ,-0.386,44,0.5075,0.9229,False
Japanese,坎卦-static,ɯ͡ᵝ,1.259,7,0.5124,0.9271,False
Japanese,兌卦-static,ɯ͡ᵝ,1.216,9,0.5274,0.9325,False
Japanese,坎卦-dynamic,t,0.578,17,0.5274,0.9325,False
Japanese,震卦-dynamic,ɡ,-0.347,6,0.5224,0.9325,False
Japanese,兌卦-dynamic,h,-0.342,3,0.5224,0.9325,False
Japanese,離卦-dynamic,ɽ,-0.289,96,0.5274,0.9325,False
Japanese,震卦-static,d͡ʑ,-0.246,7,0.5274,0.9325,False
Japanese,坎卦-dynamic,b,0.495,3,0.5473,0.9347,False
Japanese,乾卦-static,ɽ,0.332,14,0.5473,0.9347,False
Japanese,離卦-static,t,-0.327,28,0.5423,0.9347,False
Japanese,震卦-dynamic,b,0.306,9,0.5473,0.9347,False
Japanese,艮卦-dynamic,m,-0.292,15,0.5473,0.9347,False
Japanese,中卦-static,w,-0.232,5,0.5423,0.9347,False
Japanese,巽卦-dynamic,a,-0.502,5,0.5622,0.9435,False
Japanese,離卦-static,ɕ,0.356,7,0.5672,0.9435,False
Japanese,兌卦-dynamic,t͡s,-0.328,3,0.5672,0.9435,False
Japanese,坤卦-static,i,0.591,18,0.5821,0.9525,False
Japanese,艮卦-static,k,0.468,12,0.5771,0.9525,False
Japanese,坎卦-dynamic,ɽ,-0.491,8,0.597,0.9724,False
Japanese,坤卦-static,k,0.515,6,0.6219,0.9967,False
Japanese,巽卦-dynamic,k,0.441,5,0.6219,0.9967,False
Japanese,巽卦-static,a,0.493,13,0.6269,0.9971,False
Japanese,巽卦-static,t,-0.475,6,0.6368,0.9971,False
Japanese,巽卦-static,ɽ,0.428,10,0.7065,0.9971,False
Japanese,巽卦-static,k,0.423,6,0.7562,0.9971,False
Japanese,巽卦-static,ɯ͡ᵝ,0.405,18,0.6368,0.9971,False
Japanese,坤卦-static,ɯ͡ᵝ,0.384,17,0.7761,0.9971,False
Japanese,坎卦-dynamic,e,0.378,18,0.6915,0.9971,False
Japanese,坎卦-dynamic,ɯ͡ᵝ,-0.351,18,0.7463,0.9971,False
Japanese,巽卦-dynamic,i,-0.344,9,0.7264,0.9971,False
Japanese,坤卦-dynamic,a,0.334,48,0.6567,0.9971,False
Japanese,坎卦-dynamic,m,-0.33,3,0.7313,0.9971,False
Japanese,坤卦-static,a,-0.319,7,0.7264,0.9971,False
Japanese,巽卦-static,s,0.319,4,0.7363,0.9971,False
Japanese,艮卦-static,m,0.312,8,0.6915,0.9971,False
Japanese,坤卦-static,e,-0.309,8,0.7413,0.9971,False
Japanese,坎卦-dynamic,i,-0.308,18,0.7413,0.9971,False
Japanese,乾卦-static,p,-0.308,3,0.6567,0.9971,False
Japanese,坎卦-dynamic,k,-0.305,6,0.7512,0.9971,False
Japanese,艮卦-static,ɽ,-0.279,12,0.6716,0.9971,False
Japanese,震卦-dynamic,ɯᵝ,-0.27,3,0.6567,0.9971,False
Japanese,艮卦-static,ɕ,0.264,3,0.8159,0.9971,False
Japanese,艮卦-dynamic,h,0.259,7,0.6866,0.9971,False
Japanese,離卦-static,ɡ,0.249,8,0.7512,0.9971,False
Japanese,坎卦-dynamic,o,-0.239,9,0.8209,0.9971,False
Japanese,乾卦-static,k,0.235,8,0.6915,0.9971,False
Japanese,震卦-dynamic,m,0.232,21,0.6617,0.9971,False
Japanese,震卦-dynamic,i,0.231,87,0.6567,0.9971,False
Japanese,艮卦-dynamic,t,0.229,68,0.6965,0.9971,False
Japanese,乾卦-static,s,-0.229,4,0.6667,0.9971,False
Japanese,坤卦-dynamic,m,-0.226,9,0.6915,0.9971,False
Japanese,震卦-dynamic,a͡ɪ,-0.224,21,0.6716,0.9971,False
Japanese,震卦-dynamic,t͡ʃ,-0.224,21,0.6716,0.9971,False
Japanese,坎卦-dynamic,s,0.207,6,0.8109,0.9971,False
Japanese,兌卦-dynamic,n,-0.207,65,0.6567,0.9971,False
Japanese,震卦-dynamic,d,0.201,7,0.7811,0.9971,False
Japanese,艮卦-dynamic,i,-0.199,91,0.7065,0.9971,False
Japanese,離卦-static,ɯ͡ᵝ,0.198,68,0.7363,0.9971,False
Japanese,艮卦-static,t͡s,0.193,3,0.8955,0.9971,False
Japanese,離卦-static,p,0.19,19,0.7761,0.9971,False
Japanese,震卦-static,ũ,-0.183,7,0.6866,0.9971,False
Japanese,艮卦-static,ɯ͡ᵝ,-0.175,25,0.7861,0.9971,False
Japanese,艮卦-dynamic,ɯᵝ,-0.175,6,0.8607,0.9971,False
Japanese,兌卦-static,o,0.172,3,0.9453,0.9971,False
Japanese,艮卦-dynamic,b,0.171,11,0.7214,0.9971,False
Japanese,艮卦-dynamic,ɡ,-0.168,10,0.7065,0.9971,False
Japanese,震卦-dynamic,k,-0.163,23,0.7662,0.9971,False
Japanese,震卦-dynamic,ɽ,0.16,47,0.8109,0.9971,False
Japanese,震卦-static,c,-0.156,3,0.7264,0.9971,False
Japanese,震卦-dynamic,a,-0.147,47,0.796,0.9971,False
Japanese,艮卦-dynamic,ɯ͡ᵝ,-0.144,98,0.7861,0.9971,False
Japanese,震卦-dynamic,e,-0.14,50,0.7861,0.9971,False
Japanese,兌卦-static,ɽ,0.14,3,0.9502,0.9971,False
Japanese,巽卦-static,i,0.138,15,0.8806,0.9971,False
Japanese,兌卦-dynamic,k,0.135,44,0.7562,0.9971,False
Japanese,艮卦-dynamic,k,-0.134,32,0.801,0.9971,False
Japanese,震卦-dynamic,p,-0.133,16,0.7811,0.9971,False
Japanese,中卦-static,i,0.132,1019,0.7114,0.9971,False
Japanese,震卦-dynamic,o,-0.13,35,0.7811,0.9971,False
Japanese,乾卦-static,o,0.128,12,0.791,0.9971,False
Japanese,坤卦-dynamic,ɡ,0.127,7,0.8458,0.9971,False
Japanese,巽卦-static,p,-0.113,3,0.9204,0.9971,False
Japanese,震卦-dynamic,n,-0.112,45,0.796,0.9971,False
Japanese,震卦-dynamic,z,0.11,32,0.8209,0.9971,False
Japanese,艮卦-static,e,-0.108,18,0.8706,0.9971,False
Japanese,艮卦-dynamic,d,-0.106,7,0.8458,0.9971,False
Japanese,震卦-dynamic,l,-0.102,25,0.8607,0.9971,False
Japanese,震卦-dynamic,t,-0.102,42,0.8259,0.9971,False
Japanese,艮卦-static,p,-0.099,6,0.9403,0.9971,False
Japanese,離卦-dynamic,i,-0.099,205,0.8259,0.9971,False
Japanese,震卦-static,w,-0.095,3,0.791,0.9971,False
Japanese,兌卦-dynamic,t,-0.095,66,0.8756,0.9971,False
Japanese,離卦-static,d,-0.091,4,0.8806,0.9971,False
Japanese,離卦-static,m,0.09,14,0.9104,0.9971,False
Japanese,乾卦-dynamic,i,0.089,226,0.8408,0.9971,False
Japanese,震卦-dynamic,ɯ͡ᵝ,0.079,83,0.9154,0.9971,False
Japanese,震卦-dynamic,t͡s,0.077,7,0.8856,0.9971,False
Japanese,兌卦-dynamic,m,-0.065,24,0.9154,0.9971,False
Japanese,坤卦-static,ɽ,-0.06,7,0.9701,0.9971,False
Japanese,震卦-static,d͡ʒ,0.057,4,0.9104,0.9971,False
Japanese,震卦-static,i,0.038,388,0.8856,0.9971,False
Japanese,坤卦-dynamic,t͡ɕ,-0.037,3,0.9204,0.9971,False
Japanese,艮卦-dynamic,t͡ɕ,0.031,6,0.9552,0.9971,False
Japanese,艮卦-dynamic,d͡ʑ,0.024,3,0.9701,0.9971,False
Japanese,震卦-dynamic,ə,0.019,29,0.9652,0.9971,False
Japanese,坤卦-dynamic,o,-0.009,29,0.9701,0.9971,False
Japanese,艮卦-static,ɡ,-0.019,3,0.9851,1.0,False
Japanese,艮卦-dynamic,n,-0.018,66,0.995,1.0,False
Japanese,兌卦-dynamic,b,0.017,11,0.99,1.0,False
Japanese,坤卦-static,o,0.013,7,1.0,1.0,False
Japanese,震卦-dynamic,ŋ,0.003,3,1.0,1.0,False
Korean,艮卦-static,a͡ɪ,4.103,15,0.005,0.2204,False
Korean,艮卦-static,z,4.103,15,0.005,0.2204,False
Korean,兌卦-static,p͡h,3.461,11,0.005,0.2204,False
Korean,艮卦-static,t͡ʃ,3.049,28,0.005,0.2204,False
Korean,坎卦-static,o,2.905,32,0.005,0.2204,False
Korean,兌卦-static,ɫ,2.899,13,0.005,0.2204,False
Korean,兌卦-static,u,2.799,15,0.005,0.2204,False
Korean,兌卦-dynamic,d,2.479,144,0.005,0.2204,False
Korean,兌卦-dynamic,ɐ,2.158,279,0.005,0.2204,False
Korean,震卦-static,ɡ,1.901,49,0.005,0.2204,False
Korean,艮卦-static,e,1.866,26,0.005,0.2204,False
Korean,乾卦-dynamic,ʌ,1.711,75,0.005,0.2204,False
Korean,中卦-static,ʌ,1.364,139,0.005,0.2204,False
Korean,乾卦-static,p,2.608,27,0.01,0.2492,False
Korean,艮卦-static,l,2.569,16,0.01,0.2492,False
Korean,坎卦-static,ŋ,2.443,28,0.01,0.2492,False
Korean,離卦-static,ɾ,1.846,30,0.01,0.2492,False
Korean,離卦-static,ɡ,1.772,24,0.01,0.2492,False
Korean,中卦-static,n,1.734,177,0.01,0.2492,False
Korean,坤卦-dynamic,ʌ,1.678,94,0.01,0.2492,False
Korean,離卦-static,n,-1.602,27,0.01,0.2492,False
Korean,乾卦-dynamic,ɐ,-1.566,45,0.01,0.2492,False
Korean,兌卦-dynamic,m,-1.484,35,0.01,0.2492,False
Korean,艮卦-dynamic,d,2.03,68,0.0149,0.3439,False
Korean,兌卦-dynamic,n,-1.565,52,0.0149,0.3439,False
Korean,坤卦-static,t͡ɕ,2.422,15,0.0199,0.3582,False
Korean,坤卦-static,t,2.356,23,0.0199,0.3582,False
Korean,離卦-dynamic,h,1.761,76,0.0199,0.3582,False
Korean,離卦-static,s,1.619,52,0.0199,0.3582,False
Korean,艮卦-static,s,-1.552,11,0.0199,0.3582,False
Korean,離卦-static,j,-1.547,9,0.0199,0.3582,False
Korean,兌卦-dynamic,ʌ,-1.372,45,0.0199,0.3582,False
Korean,兌卦-static,k͡h,2.527,5,0.0299,0.3658,False
Korean,乾卦-static,q,2.325,31,0.0299,0.3658,False
Korean,巽卦-static,p,2.276,17,0.0299,0.3658,False
Korean,坎卦-static,i,-2.008,15,0.0249,0.3658,False
Korean,坎卦-static,q,1.957,28,0.0249,0.3658,False
Korean,艮卦-dynamic,m,-1.767,16,0.0249,0.3658,False
Korean,離卦-static,k͡h,1.663,17,0.0249,0.3658,False
Korean,離卦-static,ɛ,1.429,28,0.0299,0.3658,False
Korean,坤卦-dynamic,n,1.304,103,0.0299,0.3658,False
Korean,乾卦-dynamic,s,1.297,58,0.0249,0.3658,False
Korean,坤卦-dynamic,w,1.213,30,0.0299,0.3658,False
Korean,坤卦-dynamic,ŋ,1.213,64,0.0299,0.3658,False
Korean,震卦-static,ŋ,1.157,82,0.0249,0.3658,False
Korean,坤卦-dynamic,s,1.079,69,0.0299,0.3658,False
Korean,中卦-static,ɾ,-0.94,30,0.0249,0.3658,False
Korean,乾卦-static,ɡ,-2.084,3,0.0348,0.4012,False
Korean,坤卦-static,i,-1.878,14,0.0348,0.4012,False
Korean,震卦-dynamic,ɡ,1.431,28,0.0348,0.4012,False
Korean,坎卦-static,w,1.851,11,0.0398,0.4409,False
Korean,震卦-dynamic,k͡h,1.247,18,0.0398,0.4409,False
Korean,乾卦-static,b,1.866,7,0.0448,0.4525,False
Korean,坎卦-static,t͡ɕ,1.679,14,0.0448,0.4525,False
Korean,兌卦-dynamic,e,-1.065,11,0.0448,0.4525,False
Korean,中卦-static,i,-1.043,104,0.0448,0.4525,False
Korean,震卦-static,t͡ʃ,0.949,32,0.0448,0.4525,False
Korean,離卦-dynamic,ɐ,1.507,158,0.0547,0.4705,False
Korean,離卦-dynamic,n,1.353,84,0.0547,0.4705,False
Korean,離卦-dynamic,d,1.31,65,0.0498,0.4705,False
Korean,乾卦-dynamic,u,1.303,57,0.0547,0.4705,False
Korean,艮卦-static,t͡ɕ,-1.285,5,0.0498,0.4705,False
Korean,乾卦-dynamic,w,1.244,24,0.0547,0.4705,False
Korean,乾卦-dynamic,i,1.193,84,0.0547,0.4705,False
Korean,兌卦-dynamic,q,-1.157,42,0.0498,0.4705,False
Korean,兌卦-dynamic,i,1.133,130,0.0547,0.4705,False
Korean,中卦-static,d͡ʑ,0.894,53,0.0547,0.4705,False
Korean,中卦-static,o,-0.931,61,0.0597,0.4984,False
Korean,兌卦-dynamic,k͡h,0.97,24,0.0647,0.5322,False
Korean,乾卦-dynamic,ɛ,-1.118,9,0.0697,0.5572,False
Korean,震卦-static,u,0.854,82,0.0697,0.5572,False
Korean,坎卦-dynamic,ɾ,1.584,12,0.0746,0.5731,False
Korean,乾卦-dynamic,ɫ,1.066,41,0.0746,0.5731,False
Korean,中卦-dynamic,d͡ʑ,3.184,3,0.0796,0.5955,False
Korean,乾卦-dynamic,o,1.107,58,0.0796,0.5955,False
Korean,坤卦-static,j,-1.746,3,0.0896,0.6141,False
Korean,坤卦-static,m,1.57,20,0.0896,0.6141,False
Korean,坎卦-dynamic,e,1.463,11,0.0896,0.6141,False
Korean,離卦-dynamic,u,-1.138,18,0.0896,0.6141,False
Korean,震卦-dynamic,q,-1.073,29,0.0896,0.6141,False
Korean,坤卦-dynamic,o,-0.91,39,0.0846,0.6141,False
Korean,兌卦-static,ɛ,1.84,7,0.0995,0.6181,False
Korean,兌卦-static,m,1.728,11,0.1095,0.6181,False
Korean,巽卦-static,m,1.642,16,0.1095,0.6181,False
Korean,離卦-dynamic,ɛ,1.18,32,0.0995,0.6181,False
Korean,艮卦-static,p͡h,1.139,21,0.0995,0.6181,False
Korean,離卦-dynamic,m,-1.128,27,0.0945,0.6181,False
Korean,震卦-dynamic,ɐ,1.069,144,0.0945,0.6181,False
Korean,震卦-dynamic,ŋ,-1.06,12,0.1045,0.6181,False
Korean,乾卦-dynamic,d,-0.956,9,0.1095,0.6181,False
Korean,坤卦-dynamic,ɯ,-0.898,19,0.1095,0.6181,False
Korean,震卦-static,q,0.889,93,0.0995,0.6181,False
Korean,兌卦-dynamic,o,-0.878,49,0.1095,0.6181,False
Korean,震卦-static,n,-0.874,74,0.1045,0.6181,False
Korean,中卦-static,u,-0.738,48,0.1045,0.6181,False
Korean,艮卦-static,ɐ,-1.04,47,0.1144,0.6277,False
Korean,兌卦-dynamic,ŋ,-0.881,23,0.1144,0.6277,False
Korean,震卦-static,i,0.749,128,0.1144,0.6277,False
Korean,巽卦-static,t,1.629,15,0.1393,0.7164,False
Korean,坤卦-static,e,1.493,11,0.1393,0.7164,False
Korean,離卦-dynamic,ɫ,-1.006,8,0.1393,0.7164,False
Korean,離卦-static,d,-0.928,8,0.1393,0.7164,False
Korean,中卦-static,s,-0.646,57,0.1343,0.7164,False
Korean,震卦-static,ɐ,-0.603,131,0.1393,0.7164,False
Korean,艮卦-static,d,-1.047,5,0.1443,0.729,False
Korean,離卦-dynamic,s,-1.046,23,0.1443,0.729,False
Korean,兌卦-dynamic,h,0.78,91,0.1493,0.7476,False
Korean,離卦-dynamic,t,-0.972,14,0.1542,0.7593,False
Korean,中卦-static,p͡h,-0.547,12,0.1542,0.7593,False
Korean,艮卦-static,j,0.883,28,0.1592,0.7642,False
Korean,乾卦-dynamic,h,0.827,59,0.1592,0.7642,False
Korean,震卦-dynamic,u,-0.792,24,0.1592,0.7642,False
Korean,乾卦-dynamic,ɾ,0.891,29,0.1642,0.7688,False
Korean,中卦-static,j,0.671,71,0.1642,0.7688,False
Korean,坎卦-dynamic,t͡ɕ,-1.104,3,0.1741,0.796,False
Korean,艮卦-dynamic,ʌ,-0.901,30,0.1741,0.796,False
Korean,震卦-static,s,-0.613,48,0.1741,0.796,False
Korean,中卦-static,ɐ,0.654,248,0.1791,0.8123,False
Korean,震卦-static,ɛ,-0.61,23,0.1841,0.8284,False
Korean,離卦-dynamic,e,-0.98,8,0.1891,0.8313,False
Korean,離卦-dynamic,j,0.907,39,0.1891,0.8313,False
Korean,離卦-static,t͡ɕ,-0.869,9,0.1891,0.8313,False
Korean,中卦-dynamic,ɯ,2.636,6,0.2189,0.8374,False
Korean,兌卦-static,q,-1.519,4,0.204,0.8374,False
Korean,乾卦-static,s,-1.222,8,0.204,0.8374,False
Korean,坤卦-static,p,-1.21,3,0.199,0.8374,False
Korean,坎卦-static,t,-1.192,4,0.2189,0.8374,False
Korean,坎卦-dynamic,n,-1.166,14,0.2239,0.8374,False
Korean,坤卦-static,w,1.111,8,0.2139,0.8374,False
Korean,乾卦-static,i,-1.038,21,0.194,0.8374,False
Korean,離卦-dynamic,ɡ,-0.961,14,0.204,0.8374,False
Korean,艮卦-dynamic,l,0.936,10,0.204,0.8374,False
Korean,艮卦-static,t,0.909,32,0.2139,0.8374,False
Korean,艮卦-dynamic,ɡ,-0.855,12,0.2139,0.8374,False
Korean,離卦-static,q,0.831,46,0.204,0.8374,False
Korean,震卦-dynamic,n,0.826,76,0.2189,0.8374,False
Korean,乾卦-dynamic,ɯ,-0.754,19,0.2239,0.8374,False
Korean,震卦-dynamic,t,-0.738,18,0.209,0.8374,False
Korean,乾卦-dynamic,ɡ,-0.736,15,0.2189,0.8374,False
Korean,乾卦-dynamic,m,-0.652,32,0.2239,0.8374,False
Korean,坤卦-dynamic,t,-0.637,24,0.2139,0.8374,False
Korean,兌卦-dynamic,j,-0.631,33,0.2189,0.8374,False
Korean,中卦-static,b,-0.582,10,0.2239,0.8374,False
Korean,震卦-static,l,-0.553,5,0.2189,0.8374,False
Korean,坤卦-static,h,-1.149,9,0.2289,0.8396,False
Korean,坎卦-dynamic,w,1.08,8,0.2289,0.8396,False
Korean,艮卦-dynamic,n,-0.774,39,0.2289,0.8396,False
Korean,兌卦-static,ɐ,-1.463,9,0.2488,0.8419,False
Korean,兌卦-static,n,-1.293,7,0.2488,0.8419,False
Korean,坎卦-dynamic,i,1.111,29,0.2587,0.8419,False
Korean,坎卦-static,d͡ʑ,1.021,11,0.2388,0.8419,False
Korean,艮卦-static,i,-0.8,41,0.2537,0.8419,False
Korean,離卦-static,ʌ,-0.792,31,0.2488,0.8419,False
Korean,艮卦-static,o,-0.785,24,0.2587,0.8419,False
Korean,艮卦-dynamic,b,0.784,10,0.2537,0.8419,False
Korean,坤卦-dynamic,t͡ɕ,-0.685,16,0.2338,0.8419,False
Korean,乾卦-dynamic,q,-0.664,34,0.2537,0.8419,False
Korean,坤卦-dynamic,l,-0.662,3,0.2587,0.8419,False
Korean,兌卦-dynamic,t͡ɕ,-0.609,21,0.2438,0.8419,False
Korean,中卦-static,t,0.542,75,0.2587,0.8419,False
Korean,中卦-static,ŋ,-0.48,43,0.2388,0.8419,False
Korean,中卦-static,w,-0.466,24,0.2587,0.8419,False
Korean,艮卦-dynamic,i,0.831,66,0.2637,0.8533,False
Korean,坎卦-static,h,-1.012,11,0.2786,0.8582,False
Korean,坎卦-dynamic,ɫ,1.003,14,0.2687,0.8582,False
Korean,離卦-dynamic,b,-0.798,4,0.2736,0.8582,False
Korean,離卦-dynamic,i,0.74,79,0.2687,0.8582,False
Korean,震卦-dynamic,d,0.633,49,0.2786,0.8582,False
Korean,坤卦-dynamic,u,-0.562,34,0.2786,0.8582,False
Korean,坎卦-dynamic,ŋ,-0.905,5,0.2836,0.8597,False
Korean,坤卦-dynamic,h,-0.663,43,0.2836,0.8597,False
Korean,震卦-static,t͡ɕ,0.493,40,0.2836,0.8597,False
Korean,艮卦-dynamic,k,0.77,6,0.2886,0.8612,False
Korean,離卦-static,o,0.749,44,0.2886,0.8612,False
Korean,坤卦-dynamic,p͡h,-0.642,6,0.2886,0.8612,False
Korean,中卦-dynamic,j,2.488,3,0.2985,0.8684,False
Korean,坎卦-static,ʌ,0.818,24,0.2985,0.8684,False
Korean,艮卦-static,ʌ,0.603,43,0.2935,0.8684,False
Korean,中卦-static,q,-0.445,74,0.2985,0.8684,False
Korean,兌卦-static,s,-1.109,4,0.3035,0.8709,False
Korean,震卦-dynamic,ɾ,0.643,28,0.3085,0.8709,False
Korean,離卦-static,ɐ,-0.629,65,0.3035,0.8709,False
Korean,兌卦-dynamic,ɫ,-0.537,24,0.3085,0.8709,False
Korean,震卦-static,e,-0.473,21,0.3085,0.8709,False
Korean,坎卦-dynamic,ɯ,0.95,23,0.3134,0.8764,False
Korean,兌卦-dynamic,b,-0.563,8,0.3134,0.8764,False
Korean,巽卦-static,h,-0.952,8,0.3234,0.887,False
Korean,離卦-dynamic,d͡ʑ,-0.646,7,0.3234,0.887,False
Korean,兌卦-dynamic,d͡ʑ,-0.483,14,0.3234,0.887,False
Korean,震卦-dynamic,b,-0.617,5,0.3284,0.8921,False
Korean,坤卦-dynamic,b,0.46,13,0.3284,0.8921,False
Korean,兌卦-static,ŋ,1.094,9,0.3383,0.8924,False
Korean,巽卦-static,ɛ,0.957,8,0.3483,0.8924,False
Korean,坤卦-static,ɯ,-0.921,5,0.3532,0.8924,False
Korean,坎卦-dynamic,ɡ,-0.865,5,0.3532,0.8924,False
Korean,艮卦-dynamic,t,-0.632,16,0.3433,0.8924,False
Korean,離卦-dynamic,ɯ,-0.623,23,0.3383,0.8924,False
Korean,震卦-dynamic,o,-0.616,36,0.3333,0.8924,False
Korean,離卦-dynamic,o,-0.58,36,0.3532,0.8924,False
Korean,離卦-static,b,0.574,9,0.3532,0.8924,False
Korean,震卦-dynamic,p͡h,-0.564,6,0.3333,0.8924,False
Korean,乾卦-dynamic,k,0.541,6,0.3433,0.8924,False
Korean,震卦-static,ɫ,-0.434,28,0.3483,0.8924,False
Korean,中卦-static,m,-0.423,69,0.3483,0.8924,False
Korean,震卦-static,j,-0.402,39,0.3532,0.8924,False
Korean,中卦-static,ɫ,-0.398,35,0.3532,0.8924,False
Korean,兌卦-static,h,-1.084,5,0.3632,0.894,False
Korean,坎卦-dynamic,d͡ʑ,0.823,9,0.3632,0.894,False
Korean,震卦-dynamic,ɫ,0.622,35,0.3582,0.894,False
Korean,震卦-static,b,0.463,17,0.3632,0.894,False
Korean,坤卦-dynamic,ɫ,-0.456,21,0.3582,0.894,False
Korean,中卦-static,ɛ,-0.393,32,0.3632,0.894,False
Korean,巽卦-dynamic,h,2.384,4,0.3682,0.8986,False
Korean,艮卦-static,w,-0.636,8,0.3682,0.8986,False
Korean,艮卦-dynamic,d͡ʑ,-0.623,6,0.3731,0.8993,False
Korean,艮卦-dynamic,ɛ,-0.571,12,0.3731,0.8993,False
Korean,震卦-static,o,-0.41,62,0.3731,0.8993,False
Korean,坤卦-static,ɡ,-0.841,5,0.3781,0.9,False
Korean,艮卦-dynamic,ɐ,0.579,102,0.3781,0.9,False
Korean,離卦-static,i,0.557,62,0.3781,0.9,False
Korean,坎卦-static,ɯ,-0.792,7,0.3831,0.9006,False
Korean,乾卦-static,ʌ,-0.8,15,0.3881,0.9013,False
Korean,坎卦-static,ɡ,0.714,9,0.3881,0.9013,False
Korean,離卦-dynamic,ŋ,-0.594,20,0.3881,0.9013,False
Korean,巽卦-dynamic,ɯ,2.43,5,0.4179,0.9065,False
Korean,坤卦-static,k,1.06,3,0.408,0.9065,False
Korean,兌卦-static,e,1.009,5,0.408,0.9065,False
Korean,巽卦-static,j,-0.884,5,0.4229,0.9065,False
Korean,坎卦-dynamic,ɐ,-0.749,26,0.4577,0.9065,False
Korean,乾卦-static,ɐ,0.723,51,0.4179,0.9065,False
Korean,乾卦-static,ɫ,-0.718,5,0.4378,0.9065,False
Korean,坎卦-dynamic,ʌ,0.709,21,0.4627,0.9065,False
Korean,坎卦-static,j,0.697,14,0.4577,0.9065,False
Korean,坎卦-static,s,0.687,19,0.4328,0.9065,False
Korean,乾卦-static,o,0.682,21,0.4378,0.9065,False
Korean,坎卦-dynamic,b,0.681,4,0.4527,0.9065,False
Korean,乾卦-static,t,0.68,16,0.4527,0.9065,False
Korean,乾卦-static,ɾ,0.68,11,0.4179,0.9065,False
Korean,坎卦-dynamic,p,-0.657,6,0.408,0.9065,False
Korean,坎卦-dynamic,s,-0.65,10,0.4577,0.9065,False
Korean,艮卦-dynamic,ŋ,0.556,33,0.4229,0.9065,False
Korean,艮卦-dynamic,o,-0.543,30,0.398,0.9065,False
Korean,艮卦-static,ɡ,-0.504,12,0.4378,0.9065,False
Korean,艮卦-dynamic,j,-0.489,19,0.4478,0.9065,False
Korean,離卦-dynamic,p͡h,-0.484,7,0.4279,0.9065,False
Korean,艮卦-static,q,-0.479,27,0.4577,0.9065,False
Korean,坤卦-dynamic,i,0.47,93,0.408,0.9065,False
Korean,乾卦-dynamic,p,-0.47,20,0.4378,0.9065,False
Korean,離卦-static,ɫ,0.468,26,0.4627,0.9065,False
Korean,震卦-dynamic,i,0.46,76,0.4428,0.9065,False
Korean,震卦-dynamic,ɛ,-0.453,16,0.408,0.9065,False
Korean,震卦-dynamic,ʌ,-0.45,44,0.4627,0.9065,False
Korean,兌卦-dynamic,t͡ʃ,-0.448,11,0.408,0.9065,False
Korean,離卦-static,ɯ,-0.433,23,0.4627,0.9065,False
Korean,坤卦-dynamic,ɾ,-0.419,24,0.4328,0.9065,False
Korean,乾卦-dynamic,d͡ʑ,-0.402,10,0.4478,0.9065,False
Korean,坤卦-dynamic,ɛ,0.397,30,0.4129,0.9065,False
Korean,兌卦-dynamic,ɯ,-0.397,45,0.4428,0.9065,False
Korean,離卦-static,u,0.391,35,0.4527,0.9065,False
Korean,兌卦-dynamic,w,-0.36,20,0.4328,0.9065,False
Korean,震卦-static,d,-0.35,39,0.4328,0.9065,False
Korean,震卦-static,t,-0.343,39,0.4577,0.9065,False
Korean,中卦-static,e,0.34,41,0.4577,0.9065,False
Korean,巽卦-static,ʌ,-0.853,10,0.4726,0.9166,False
Korean,坤卦-dynamic,k͡h,-0.441,6,0.4726,0.9166,False
Korean,離卦-dynamic,ʌ,-0.476,43,0.4776,0.9201,False
Korean,中卦-static,k,0.349,10,0.4776,0.9201,False
Korean,艮卦-dynamic,h,0.443,44,0.4826,0.9266,False
Korean,兌卦-static,ɾ,-0.787,3,0.4876,0.9299,False
Korean,巽卦-static,i,0.685,21,0.4876,0.9299,False
Korean,巽卦-static,q,-0.74,9,0.4925,0.9363,False
Korean,離卦-dynamic,t͡ʃ,-0.467,7,0.4975,0.9396,False
Korean,艮卦-dynamic,u,0.361,35,0.4975,0.9396,False
Korean,乾卦-dynamic,t͡ɕ,-0.348,16,0.5025,0.9397,False
Korean,坤卦-dynamic,j,-0.321,31,0.5025,0.9397,False
Korean,坤卦-static,ɐ,0.638,43,0.5075,0.9399,False
Korean,坎卦-static,ɐ,-0.601,31,0.5075,0.9399,False
Korean,坤卦-static,q,0.574,18,0.5124,0.943,False
Korean,中卦-static,k͡h,0.33,21,0.5124,0.943,False
Korean,巽卦-dynamic,s,1.679,3,0.5323,0.9465,False
Korean,巽卦-static,ŋ,-0.673,5,0.5373,0.9465,False
Korean,坤卦-static,ɛ,0.619,9,0.5274,0.9465,False
Korean,艮卦-dynamic,w,-0.481,10,0.5224,0.9465,False
Korean,離卦-dynamic,l,-0.404,4,0.5224,0.9465,False
Korean,震卦-dynamic,l,0.396,9,0.5274,0.9465,False
Korean,離卦-static,h,-0.387,32,0.5373,0.9465,False
Korean,乾卦-dynamic,j,-0.372,24,0.5373,0.9465,False
Korean,乾卦-dynamic,t͡ʃ,0.338,14,0.5323,0.9465,False
Korean,震卦-static,m,0.255,70,0.5224,0.9465,False
Korean,巽卦-dynamic,o,1.536,3,0.5572,0.9524,False
Korean,巽卦-static,l,0.772,3,0.5572,0.9524,False
Korean,兌卦-static,j,-0.584,4,0.5572,0.9524,False
Korean,坎卦-dynamic,q,0.541,18,0.5522,0.9524,False
Korean,離卦-dynamic,q,-0.435,38,0.5522,0.9524,False
Korean,艮卦-static,k͡h,0.373,8,0.5572,0.9524,False
Korean,震卦-static,h,0.275,82,0.5473,0.9524,False
Korean,巽卦-static,w,-0.621,3,0.5771,0.9663,False
Korean,坤卦-static,d,-0.494,7,0.5771,0.9663,False
Korean,離卦-static,ŋ,0.373,30,0.5721,0.9663,False
Korean,艮卦-dynamic,p,-0.372,18,0.5771,0.9663,False
Korean,震卦-static,w,0.241,28,0.5771,0.9663,False
Korean,坤卦-dynamic,ɐ,0.275,140,0.5821,0.969,False
Korean,坎卦-static,u,-0.482,11,0.5871,0.9745,False
Korean,坎卦-static,m,-0.533,13,0.592,0.9799,False
Korean,中卦-dynamic,m,1.422,3,0.6169,0.992,False
Korean,巽卦-static,n,0.582,19,0.6269,0.992,False
Korean,乾卦-static,d,-0.504,8,0.6169,0.992,False
Korean,乾卦-static,t͡ɕ,-0.456,6,0.6219,0.992,False
Korean,坤卦-static,s,-0.442,11,0.607,0.992,False
Korean,乾卦-static,ŋ,0.436,15,0.6219,0.992,False
Korean,艮卦-static,d͡ʑ,-0.334,8,0.6269,0.992,False
Korean,艮卦-static,ɛ,0.326,17,0.607,0.992,False
Korean,坤卦-dynamic,t͡ʃ,0.279,17,0.6119,0.992,False
Korean,坤卦-dynamic,m,-0.266,46,0.6119,0.992,False
Korean,兌卦-dynamic,u,-0.25,50,0.6269,0.992,False
Korean,震卦-static,d͡ʑ,0.191,29,0.6219,0.992,False
Korean,乾卦-static,ɯ,-0.448,11,0.6418,0.9961,False
Korean,艮卦-dynamic,ɯ,-0.314,26,0.6468,0.9961,False
Korean,震卦-dynamic,d͡ʑ,-0.276,12,0.6368,0.9961,False
Korean,乾卦-dynamic,e,-0.239,15,0.6368,0.9961,False
Korean,坤卦-dynamic,q,-0.219,51,0.6368,0.9961,False
Korean,中卦-dynamic,s,1.162,3,0.7264,1.0,False
Korean,中卦-dynamic,n,0.887,4,0.7164,1.0,False
Korean,中卦-dynamic,i,-0.78,3,0.7662,1.0,False
Korean,中卦-dynamic,ɐ,-0.74,4,0.801,1.0,False
Korean,巽卦-static,ɫ,0.56,9,0.6517,1.0,False
Korean,巽卦-static,o,-0.489,10,0.6965,1.0,False
Korean,兌卦-static,t,-0.472,4,0.6617,1.0,False
Korean,兌卦-static,ɡ,0.451,4,0.6915,1.0,False
Korean,坤卦-static,u,0.449,15,0.7114,1.0,False
Korean,巽卦-dynamic,ɐ,-0.449,4,0.9204,1.0,False
Korean,中卦-dynamic,ʌ,0.441,3,0.8806,1.0,False
Korean,巽卦-static,ɯ,0.42,14,0.7562,1.0,False
Korean,乾卦-static,t͡ʃ,-0.399,3,0.7214,1.0,False
Korean,坤卦-static,ŋ,-0.395,8,0.6567,1.0,False
Korean,兌卦-static,o,-0.393,7,0.7114,1.0,False
Korean,乾卦-static,u,0.393,17,0.6716,1.0,False
Korean,兌卦-static,p,-0.364,4,0.7214,1.0,False
Korean,巽卦-static,s,-0.363,9,0.7313,1.0,False
Korean,巽卦-static,d͡ʑ,-0.326,3,0.7562,1.0,False
Korean,離卦-static,w,-0.288,11,0.6866,1.0,False
Korean,震卦-dynamic,ɯ,-0.282,33,0.6766,1.0,False
Korean,乾卦-static,h,0.278,20,0.7811,1.0,False
Korean,離卦-dynamic,p,0.273,32,0.6766,1.0,False
Korean,坎卦-static,n,0.269,25,0.791,1.0,False
Korean,坤卦-static,t͡ʃ,-0.266,3,0.8109,1.0,False
Korean,兌卦-static,ɯ,-0.263,6,0.7711,1.0,False
Korean,乾卦-static,ɛ,0.257,9,0.801,1.0,False
Korean,巽卦-static,t͡ɕ,0.255,6,0.8209,1.0,False
Korean,離卦-static,l,-0.252,4,0.7562,1.0,False
Korean,乾卦-static,e,-0.245,6,0.7861,1.0,False
Korean,巽卦-dynamic,n,0.244,3,0.9303,1.0,False
Korean,艮卦-dynamic,t͡ʃ,0.241,11,0.6766,1.0,False
Korean,巽卦-static,ɐ,0.239,30,0.806,1.0,False
Korean,艮卦-static,n,-0.236,41,0.6965,1.0,False
Korean,坤卦-static,ɫ,-0.235,7,0.791,1.0,False
Korean,坎卦-dynamic,o,-0.234,14,0.8259,1.0,False
Korean,震卦-dynamic,s,-0.234,36,0.7065,1.0,False
Korean,巽卦-dynamic,i,-0.231,3,0.9403,1.0,False
Korean,兌卦-dynamic,ɾ,-0.23,32,0.6617,1.0,False
Korean,艮卦-dynamic,s,0.227,35,0.7214,1.0,False
Korean,坤卦-static,n,0.224,22,0.8557,1.0,False
Korean,坤卦-static,o,0.223,16,0.8209,1.0,False
Korean,艮卦-dynamic,ɫ,0.221,23,0.7114,1.0,False
Korean,坎卦-static,ɾ,-0.22,8,0.8159,1.0,False
Korean,震卦-dynamic,e,0.213,20,0.7512,1.0,False
Korean,離卦-static,e,0.211,16,0.7363,1.0,False
Korean,離卦-dynamic,ɾ,-0.21,21,0.7363,1.0,False
Korean,兌卦-static,d,-0.21,5,0.8209,1.0,False
Korean,坎卦-dynamic,m,-0.208,13,0.8109,1.0,False
Korean,坎卦-dynamic,h,0.203,17,0.7711,1.0,False
Korean,震卦-dynamic,t͡ɕ,-0.203,18,0.7313,1.0,False
Korean,乾卦-dynamic,p͡h,0.2,16,0.7313,1.0,False
Korean,離卦-static,p,0.196,25,0.7811,1.0,False
Korean,乾卦-dynamic,t,-0.196,26,0.6667,1.0,False
Korean,乾卦-dynamic,b,-0.192,7,0.7114,1.0,False
Korean,中卦-static,t͡ɕ,-0.188,35,0.6766,1.0,False
Korean,乾卦-static,m,-0.188,15,0.8109,1.0,False
Korean,中卦-static,d,0.187,73,0.6766,1.0,False
Korean,艮卦-dynamic,e,-0.184,13,0.7413,1.0,False
Korean,乾卦-dynamic,ŋ,0.183,33,0.7711,1.0,False
Korean,坤卦-dynamic,d,-0.181,35,0.7512,1.0,False
Korean,震卦-static,p͡h,-0.18,18,0.6866,1.0,False
Korean,離卦-static,p͡h,0.179,13,0.7214,1.0,False
Korean,離卦-static,m,-0.178,31,0.8109,1.0,False
Korean,中卦-static,ɡ,0.174,40,0.6667,1.0,False
Korean,坤卦-static,ʌ,0.17,18,0.8507,1.0,False
Korean,坤卦-static,d͡ʑ,0.168,6,0.8607,1.0,False
Korean,坎卦-static,d,-0.161,11,0.8308,1.0,False
Korean,艮卦-dynamic,t͡ɕ,-0.153,15,0.8507,1.0,False
Korean,震卦-dynamic,m,-0.153,39,0.8209,1.0,False
Korean,兌卦-static,i,-0.151,12,0.8905,1.0,False
Korean,巽卦-static,ɡ,-0.149,5,0.8955,1.0,False
Korean,乾卦-dynamic,k͡h,-0.142,7,0.7711,1.0,False
Korean,中卦-static,p,-0.137,50,0.7313,1.0,False
Korean,中卦-static,ɯ,-0.128,72,0.7015,1.0,False
Korean,兌卦-dynamic,ɡ,0.128,31,0.7861,1.0,False
Korean,坤卦-dynamic,ɡ,0.126,25,0.8159,1.0,False
Korean,兌卦-dynamic,s,0.126,63,0.8458,1.0,False
Korean,艮卦-dynamic,q,0.125,38,0.8259,1.0,False
Korean,震卦-static,p,0.125,48,0.7662,1.0,False
Korean,離卦-static,t͡ʃ,0.122,10,0.8259,1.0,False
Korean,坤卦-dynamic,p,-0.121,32,0.8259,1.0,False
Korean,巽卦-static,d,-0.119,8,0.9055,1.0,False
Korean,中卦-static,t͡ʃ,0.118,24,0.7811,1.0,False
Korean,坤卦-dynamic,d͡ʑ,0.117,21,0.8159,1.0,False
Korean,艮卦-static,ɾ,0.114,17,0.8657,1.0,False
Korean,坤卦-static,ɾ,0.112,8,0.8905,1.0,False
Korean,震卦-dynamic,w,-0.112,15,0.8607,1.0,False
Korean,震卦-static,ɾ,0.111,38,0.796,1.0,False
Korean,乾卦-dynamic,l,0.11,7,0.8657,1.0,False
Korean,艮卦-static,ɯ,-0.109,27,0.8607,1.0,False
Korean,艮卦-static,m,0.105,30,0.8905,1.0,False
Korean,兌卦-dynamic,p͡h,0.104,23,0.7711,1.0,False
Korean,離卦-dynamic,k͡h,0.102,9,0.9154,1.0,False
Korean,巽卦-static,e,0.101,5,0.9453,1.0,False
Korean,艮卦-dynamic,ɾ,-0.093,18,0.8905,1.0,False
Korean,坎卦-dynamic,d,0.089,12,0.9453,1.0,False
Korean,艮卦-static,p,0.085,21,0.9104,1.0,False
Korean,乾卦-dynamic,n,0.08,61,0.9154,1.0,False
Korean,震卦-dynamic,j,0.079,30,0.9055,1.0,False
Korean,離卦-dynamic,t͡ɕ,-0.079,19,0.9154,1.0,False
Korean,艮卦-static,ŋ,-0.078,21,0.9005,1.0,False
Korean,震卦-static,ɯ,-0.074,62,0.8607,1.0,False
Korean,坎卦-dynamic,p͡h,0.072,5,0.9552,1.0,False
Korean,離卦-static,t,0.071,25,0.8856,1.0,False
Korean,坎卦-dynamic,u,0.07,13,0.9403,1.0,False
Korean,坎卦-static,e,0.069,7,0.9453,1.0,False
Korean,震卦-static,ʌ,0.068,83,0.8657,1.0,False
Korean,乾卦-static,j,-0.068,11,0.9602,1.0,False
Korean,坎卦-static,p,0.067,11,0.9104,1.0,False
Korean,坎卦-static,ɛ,0.065,8,0.9154,1.0,False
Korean,中卦-static,h,-0.058,88,0.9005,1.0,False
Korean,震卦-static,k͡h,0.057,14,0.8657,1.0,False
Korean,離卦-dynamic,w,0.057,16,0.9502,1.0,False
Korean,震卦-dynamic,p,0.056,29,0.9303,1.0,False
Korean,艮卦-static,ɫ,-0.053,17,0.9353,1.0,False
Korean,坎卦-dynamic,t͡ʃ,0.047,4,0.9751,1.0,False
Korean,兌卦-static,ʌ,-0.045,9,0.9801,1.0,False
Korean,離卦-static,d͡ʑ,0.044,13,0.9154,1.0,False
Korean,艮卦-static,u,-0.043,26,0.9552,1.0,False
Korean,震卦-dynamic,t͡ʃ,-0.04,11,0.9453,1.0,False
Korean,震卦-dynamic,h,-0.038,46,0.9204,1.0,False
Korean,巽卦-static,ɾ,-0.037,6,0.9652,1.0,False
Korean,坎卦-dynamic,j,0.036,10,0.9751,1.0,False
Korean,坎卦-dynamic,t,-0.034,10,0.9552,1.0,False
Korean,兌卦-dynamic,p,-0.023,42,0.9652,1.0,False
Korean,艮卦-static,h,-0.021,33,0.9801,1.0,False
Korean,兌卦-dynamic,t,0.021,46,0.9701,1.0,False
Korean,坤卦-dynamic,e,0.013,22,0.9801,1.0,False
Korean,兌卦-dynamic,l,0.009,10,0.99,1.0,False
Korean,兌卦-dynamic,ɛ,-0.008,31,0.9751,1.0,False
Korean,乾卦-static,n,0.007,24,0.995,1.0,False
Russian,巽卦-static,ʃ,3.21,9,0.005,0.3198,False
Russian,巽卦-static,ɛ,3.196,4,0.005,0.3198,False
Russian,震卦-dynamic,pʲ,3.069,11,0.005,0.3198,False
Russian,離卦-static,a,2.982,77,0.005,0.3198,False
Russian,兌卦-dynamic,tʲ,2.788,171,0.005,0.3198,False
Russian,震卦-dynamic,bʲ,2.607,8,0.005,0.3198,False
Russian,乾卦-static,x,2.55,8,0.005,0.3198,False
Russian,兌卦-dynamic,ʒ,2.48,28,0.005,0.3198,False
Russian,離卦-static,mʲ,2.304,15,0.005,0.3198,False
Russian,離卦-dynamic,dʲ,2.213,18,0.005,0.3198,False
Russian,震卦-dynamic,ʑ,2.21,8,0.005,0.3198,False
Russian,中卦-static,j,2.163,101,0.005,0.3198,False
Russian,離卦-dynamic,v,2.066,45,0.005,0.3198,False
Russian,兌卦-dynamic,ɑ,2.007,92,0.005,0.3198,False
Russian,乾卦-static,t,2.262,34,0.01,0.3894,False
Russian,乾卦-dynamic,^,2.127,7,0.01,0.3894,False
Russian,艮卦-dynamic,t͡s,2.1,21,0.01,0.3894,False
Russian,離卦-dynamic,p,2.039,50,0.01,0.3894,False
Russian,離卦-static,k,1.997,79,0.01,0.3894,False
Russian,離卦-dynamic,tʲ,1.804,103,0.01,0.3894,False
Russian,震卦-static,t͡ʃʲ,-1.434,7,0.01,0.3894,False
Russian,震卦-static,ɭ,1.411,79,0.01,0.3894,False
Russian,震卦-static,j͡a,1.643,31,0.0149,0.5166,False
Russian,兌卦-dynamic,v,1.625,50,0.0149,0.5166,False
Russian,乾卦-dynamic,i,1.589,104,0.0149,0.5166,False
Russian,巽卦-dynamic,z,3.302,7,0.0249,0.5676,False
Russian,坤卦-static,kʲ,3.068,4,0.0348,0.5676,False
Russian,巽卦-dynamic,ɕ,2.954,3,0.0299,0.5676,False
Russian,巽卦-dynamic,u,2.7,10,0.0448,0.5676,False
Russian,兌卦-static,k,2.326,20,0.0448,0.5676,False
Russian,艮卦-static,ɕ,2.202,7,0.0249,0.5676,False
Russian,乾卦-static,s,2.19,29,0.0398,0.5676,False
Russian,兌卦-static,t͡ʃʲ,2.175,5,0.0448,0.5676,False
Russian,兌卦-static,kʲ,2.169,3,0.0348,0.5676,False
Russian,艮卦-static,e,2.126,24,0.0249,0.5676,False
Russian,乾卦-static,ɡ,2.099,11,0.0348,0.5676,False
Russian,艮卦-static,b,2.036,13,0.0249,0.5676,False
Russian,中卦-static,ɵ,1.894,4,0.0249,0.5676,False
Russian,乾卦-static,i,-1.846,19,0.0348,0.5676,False
Russian,艮卦-static,j͡a,1.822,9,0.0348,0.5676,False
Russian,震卦-dynamic,ɭʲ,-1.746,3,0.0398,0.5676,False
Russian,震卦-dynamic,sʲ,1.689,12,0.0249,0.5676,False
Russian,離卦-dynamic,ɭ,-1.64,11,0.0348,0.5676,False
Russian,艮卦-dynamic,ʑ,1.598,9,0.0199,0.5676,False
Russian,震卦-dynamic,e,1.559,27,0.0448,0.5676,False
Russian,坤卦-dynamic,^,1.539,8,0.0348,0.5676,False
Russian,離卦-static,v,-1.524,4,0.0398,0.5676,False
Russian,離卦-static,t͡ʃʲ,1.513,18,0.0398,0.5676,False
Russian,離卦-dynamic,ʌ,1.504,128,0.0398,0.5676,False
Russian,兌卦-dynamic,k,-1.494,22,0.0199,0.5676,False
Russian,離卦-dynamic,o,-1.469,13,0.0448,0.5676,False
Russian,坤卦-dynamic,u,-1.398,25,0.0249,0.5676,False
Russian,乾卦-dynamic,vʲ,1.38,16,0.0299,0.5676,False
Russian,艮卦-dynamic,j,-1.33,3,0.0398,0.5676,False
Russian,離卦-dynamic,i,1.311,102,0.0348,0.5676,False
Russian,乾卦-dynamic,s,-1.306,28,0.0448,0.5676,False
Russian,乾卦-dynamic,r,1.304,76,0.0249,0.5676,False
Russian,離卦-dynamic,vʲ,1.303,16,0.0299,0.5676,False
Russian,兌卦-dynamic,j,-1.253,6,0.0249,0.5676,False
Russian,兌卦-dynamic,n,-1.212,25,0.0299,0.5676,False
Russian,中卦-static,nʲ,1.211,47,0.0448,0.5676,False
Russian,坤卦-dynamic,n,1.092,95,0.0348,0.5676,False
Russian,中卦-static,a,-1.068,43,0.0299,0.5676,False
Russian,震卦-static,ʒ,-1.049,4,0.0448,0.5676,False
Russian,中卦-static,n,0.989,117,0.0398,0.5676,False
Russian,離卦-static,ɭ,1.453,39,0.0498,0.5892,False
Russian,乾卦-dynamic,y,-1.08,11,0.0498,0.5892,False
Russian,兌卦-static,ʌ,-2.18,6,0.0547,0.6007,False
Russian,乾卦-static,r,1.712,36,0.0547,0.6007,False
Russian,艮卦-dynamic,o,-1.251,14,0.0547,0.6007,False
Russian,坤卦-dynamic,sʲ,1.171,25,0.0547,0.6007,False
Russian,兌卦-dynamic,a,-1.051,30,0.0547,0.6007,False
Russian,兌卦-dynamic,pʲ,1.041,13,0.0547,0.6007,False
Russian,巽卦-static,y,2.491,10,0.0597,0.6106,False
Russian,震卦-dynamic,ɑ,1.516,39,0.0597,0.6106,False
Russian,乾卦-dynamic,ɑ,1.203,61,0.0597,0.6106,False
Russian,震卦-static,dʲ,-0.976,5,0.0597,0.6106,False
Russian,中卦-static,t͡ʃʲ,0.935,34,0.0597,0.6106,False
Russian,中卦-dynamic,ɪ,3.174,4,0.0647,0.6397,False
Russian,坎卦-static,ɭʲ,2.359,6,0.0647,0.6397,False
Russian,艮卦-static,t͡s,1.622,10,0.0647,0.6397,False
Russian,中卦-dynamic,m,3.202,5,0.0697,0.6463,False
Russian,乾卦-static,n,1.725,33,0.0697,0.6463,False
Russian,兌卦-dynamic,o,-1.095,25,0.0697,0.6463,False
Russian,坤卦-dynamic,a,-1.022,35,0.0697,0.6463,False
Russian,兌卦-dynamic,mʲ,1.006,16,0.0697,0.6463,False
Russian,震卦-dynamic,rʲ,1.337,17,0.0746,0.665,False
Russian,乾卦-dynamic,mʲ,1.128,13,0.0746,0.665,False
Russian,震卦-static,ɡ,0.919,30,0.0746,0.665,False
Russian,坎卦-static,d,2.148,6,0.0796,0.6759,False
Russian,離卦-static,y,-1.316,6,0.0796,0.6759,False
Russian,艮卦-dynamic,a,1.181,52,0.0796,0.6759,False
Russian,兌卦-dynamic,t͡s,1.14,23,0.0796,0.6759,False
Russian,兌卦-dynamic,e,-0.923,22,0.0796,0.6759,False
Russian,乾卦-dynamic,ʌ,-1.109,58,0.0846,0.692,False
Russian,兌卦-dynamic,t,-0.979,39,0.0846,0.692,False
Russian,坤卦-dynamic,j,0.966,54,0.0846,0.692,False
Russian,坤卦-dynamic,ʌ,0.931,161,0.0846,0.692,False
Russian,兌卦-static,o,2.043,15,0.0896,0.7008,False
Russian,震卦-static,fʲ,0.94,7,0.0896,0.7008,False
Russian,中卦-static,j͡a,-0.893,6,0.0896,0.7008,False
Russian,乾卦-static,j,1.654,20,0.0945,0.7149,False
Russian,離卦-static,d,-1.177,7,0.0945,0.7149,False
Russian,兌卦-dynamic,f,-0.973,3,0.0945,0.7149,False
Russian,震卦-static,a,0.806,94,0.0945,0.7149,False
Russian,坎卦-static,sʲ,2.122,4,0.0995,0.734,False
Russian,離卦-dynamic,m,-1.15,4,0.0995,0.734,False
Russian,坎卦-dynamic,ʑ,1.684,3,0.1045,0.7583,False
Russian,離卦-static,ɪ,-1.208,6,0.1095,0.7756,False
Russian,震卦-static,ʌ,-0.796,112,0.1095,0.7756,False
Russian,中卦-static,r,-0.736,64,0.1095,0.7756,False
Russian,巽卦-dynamic,ʃ,2.036,7,0.1144,0.7861,False
Russian,離卦-dynamic,k,-1.218,24,0.1144,0.7861,False
Russian,乾卦-dynamic,nʲ,1.182,25,0.1144,0.7861,False
Russian,兌卦-dynamic,r,-0.815,42,0.1144,0.7861,False
Russian,兌卦-dynamic,m,-0.906,9,0.1194,0.802,False
Russian,震卦-static,b,-0.811,15,0.1194,0.802,False
Russian,坎卦-static,n,2.094,15,0.1244,0.8112,False
Russian,艮卦-static,s,-1.126,14,0.1244,0.8112,False
Russian,離卦-dynamic,mʲ,-0.979,4,0.1244,0.8112,False
Russian,中卦-static,y,0.755,75,0.1244,0.8112,False
Russian,兌卦-static,r,1.853,17,0.1393,0.8141,False
Russian,坤卦-static,o,1.705,14,0.1393,0.8141,False
Russian,坎卦-static,ɛ,1.61,3,0.1294,0.8141,False
Russian,震卦-dynamic,vʲ,1.21,9,0.1343,0.8141,False
Russian,震卦-dynamic,y,-1.036,7,0.1393,0.8141,False
Russian,離卦-dynamic,s,-1.033,32,0.1393,0.8141,False
Russian,艮卦-dynamic,ɑ,0.998,49,0.1294,0.8141,False
Russian,乾卦-dynamic,ʒ,-0.932,3,0.1343,0.8141,False
Russian,中卦-static,t͡s,-0.793,7,0.1294,0.8141,False
Russian,震卦-static,tʲ,-0.73,25,0.1343,0.8141,False
Russian,中卦-static,ʌ,0.642,191,0.1393,0.8141,False
Russian,兌卦-static,mʲ,1.681,3,0.1443,0.8324,False
Russian,中卦-static,u,-0.716,46,0.1443,0.8324,False
Russian,離卦-static,j͡a,1.004,12,0.1592,0.8684,False
Russian,離卦-dynamic,ɡ,-0.805,6,0.1592,0.8684,False
Russian,坤卦-dynamic,e,0.765,53,0.1592,0.8684,False
Russian,兌卦-dynamic,ɭ,-0.758,27,0.1542,0.8684,False
Russian,兌卦-dynamic,ɪ,-0.725,15,0.1542,0.8684,False
Russian,坤卦-dynamic,tʲ,-0.701,23,0.1542,0.8684,False
Russian,離卦-dynamic,u,-0.925,23,0.1692,0.9062,False
Russian,兌卦-static,t,-1.63,4,0.1741,0.9111,False
Russian,兌卦-dynamic,rʲ,0.819,30,0.1741,0.9111,False
Russian,中卦-static,f,-0.621,8,0.1741,0.9111,False
Russian,中卦-dynamic,nʲ,2.508,3,0.2289,0.9114,False
Russian,巽卦-dynamic,y,1.783,9,0.2139,0.9114,False
Russian,坎卦-static,p,1.705,8,0.2239,0.9114,False
Russian,巽卦-static,i,-1.67,7,0.2239,0.9114,False
Russian,巽卦-static,s,1.597,9,0.2139,0.9114,False
Russian,坤卦-static,r,-1.429,4,0.2189,0.9114,False
Russian,離卦-static,ʌ,-1.02,50,0.204,0.9114,False
Russian,艮卦-static,o,1.006,27,0.1841,0.9114,False
Russian,艮卦-static,u,-1.005,10,0.2239,0.9114,False
Russian,離卦-static,nʲ,-1.0,6,0.2289,0.9114,False
Russian,震卦-dynamic,u,-0.982,13,0.1841,0.9114,False
Russian,震卦-dynamic,o,-0.973,13,0.194,0.9114,False
Russian,震卦-dynamic,dʲ,0.941,7,0.209,0.9114,False
Russian,艮卦-dynamic,z,0.937,18,0.199,0.9114,False
Russian,艮卦-static,ɭ,0.922,19,0.2289,0.9114,False
Russian,離卦-static,z,-0.918,3,0.1891,0.9114,False
Russian,艮卦-dynamic,b,-0.887,7,0.209,0.9114,False
Russian,艮卦-dynamic,nʲ,-0.866,7,0.1891,0.9114,False
Russian,艮卦-dynamic,ʌ,0.864,91,0.199,0.9114,False
Russian,乾卦-dynamic,j͡u,0.863,3,0.199,0.9114,False
Russian,艮卦-dynamic,tʲ,0.843,57,0.2139,0.9114,False
Russian,艮卦-dynamic,dʲ,-0.84,3,0.2139,0.9114,False
Russian,兌卦-dynamic,z,0.82,26,0.209,0.9114,False
Russian,離卦-dynamic,n,-0.819,28,0.2139,0.9114,False
Russian,離卦-dynamic,x,-0.812,4,0.2289,0.9114,False
Russian,離卦-dynamic,e,-0.806,19,0.2139,0.9114,False
Russian,離卦-static,i,0.805,75,0.2289,0.9114,False
Russian,中卦-static,tʲ,-0.72,28,0.1791,0.9114,False
Russian,兌卦-dynamic,i,0.716,114,0.1891,0.9114,False
Russian,震卦-static,rʲ,0.715,38,0.1791,0.9114,False
Russian,乾卦-dynamic,b,0.707,19,0.2239,0.9114,False
Russian,坤卦-dynamic,rʲ,-0.681,13,0.1791,0.9114,False
Russian,中卦-static,sʲ,-0.672,12,0.1841,0.9114,False
Russian,坤卦-dynamic,d,0.669,33,0.2289,0.9114,False
Russian,坤卦-dynamic,k,-0.644,53,0.2289,0.9114,False
Russian,震卦-static,ɛ,-0.638,4,0.209,0.9114,False
Russian,震卦-static,x,-0.626,8,0.1891,0.9114,False
Russian,坤卦-dynamic,p,-0.625,30,0.2289,0.9114,False
Russian,中卦-static,z,-0.623,12,0.194,0.9114,False
Russian,中卦-static,ɑ,-0.592,69,0.2239,0.9114,False
Russian,離卦-dynamic,j,-0.771,12,0.2338,0.919,False
Russian,震卦-static,y,-0.588,32,0.2388,0.9345,False
Russian,坤卦-static,ɑ,-1.474,5,0.2488,0.9446,False
Russian,兌卦-static,ɑ,-1.446,5,0.2488,0.9446,False
Russian,乾卦-static,p,-1.012,7,0.2488,0.9446,False
Russian,離卦-static,o,-0.777,21,0.2438,0.9446,False
Russian,艮卦-static,ɡ,0.847,8,0.2537,0.9595,False
Russian,坎卦-static,u,1.61,9,0.2587,0.9621,False
Russian,坎卦-static,ʒ,1.589,3,0.2587,0.9621,False
Russian,震卦-dynamic,m,-0.802,5,0.2637,0.9726,False
Russian,巽卦-dynamic,b,1.629,4,0.2985,0.9799,False
Russian,坎卦-static,j͡a,1.416,3,0.3035,0.9799,False
Russian,巽卦-static,k,1.384,12,0.3085,0.9799,False
Russian,坤卦-static,v,1.293,7,0.2786,0.9799,False
Russian,坤卦-static,ɪ,1.291,6,0.3085,0.9799,False
Russian,坤卦-static,ɡ,1.29,4,0.2836,0.9799,False
Russian,坎卦-dynamic,f,1.262,4,0.2836,0.9799,False
Russian,兌卦-static,nʲ,1.262,5,0.2687,0.9799,False
Russian,坎卦-dynamic,b,1.176,6,0.2786,0.9799,False
Russian,坎卦-dynamic,vʲ,1.161,4,0.2736,0.9799,False
Russian,坎卦-dynamic,t,1.15,17,0.2985,0.9799,False
Russian,艮卦-static,f,0.923,6,0.2886,0.9799,False
Russian,乾卦-static,a,-0.913,11,0.2935,0.9799,False
Russian,乾卦-static,k,-0.9,13,0.3134,0.9799,False
Russian,乾卦-static,y,0.874,18,0.2836,0.9799,False
Russian,艮卦-static,rʲ,0.842,11,0.2786,0.9799,False
Russian,離卦-dynamic,ʒ,0.815,13,0.2836,0.9799,False
Russian,艮卦-static,m,-0.784,4,0.3134,0.9799,False
Russian,震卦-dynamic,p,0.758,21,0.3234,0.9799,False
Russian,震卦-dynamic,v,-0.736,8,0.2935,0.9799,False
Russian,離卦-dynamic,ɑ,0.713,56,0.2935,0.9799,False
Russian,離卦-dynamic,ʑ,0.706,7,0.3134,0.9799,False
Russian,離卦-static,ɑ,0.698,45,0.3234,0.9799,False
Russian,艮卦-dynamic,t͡ʃʲ,0.666,14,0.3234,0.9799,False
Russian,離卦-dynamic,b,0.629,19,0.3234,0.9799,False
Russian,離卦-static,pʲ,0.624,7,0.3085,0.9799,False
Russian,兌卦-dynamic,ʌ,0.595,130,0.3134,0.9799,False
Russian,乾卦-dynamic,j͡a,0.587,12,0.2935,0.9799,False
Russian,震卦-static,e,0.586,58,0.2687,0.9799,False
Russian,兌卦-dynamic,nʲ,-0.548,14,0.3234,0.9799,False
Russian,震卦-static,t͡s,0.542,23,0.3035,0.9799,False
Russian,坤卦-dynamic,ɭ,0.53,53,0.3234,0.9799,False
Russian,坤卦-dynamic,o,0.525,72,0.3234,0.9799,False
Russian,震卦-static,ɪ,-0.525,23,0.3134,0.9799,False
Russian,震卦-static,j,-0.52,26,0.3184,0.9799,False
Russian,中卦-static,o,0.509,91,0.3184,0.9799,False
Russian,震卦-static,ʑ,0.495,10,0.3234,0.9799,False
Russian,震卦-static,m,0.477,42,0.3035,0.9799,False
Russian,中卦-static,ɪ,0.449,42,0.3085,0.9799,False
Russian,震卦-static,vʲ,0.424,18,0.3234,0.9799,False
Russian,坎卦-static,t,1.473,12,0.3284,0.9884,False
Russian,兌卦-dynamic,s,-0.549,47,0.3284,0.9884,False
Russian,中卦-dynamic,rʲ,2.1,3,0.403,0.9995,False
Russian,中卦-dynamic,i,1.783,9,0.4378,0.9995,False
Russian,中卦-dynamic,ɭ,1.513,4,0.5522,0.9995,False
Russian,中卦-dynamic,s,1.465,5,0.5672,0.9995,False
Russian,巽卦-dynamic,ʌ,-1.41,8,0.3731,0.9995,False
Russian,巽卦-static,u,1.326,7,0.3632,0.9995,False
Russian,巽卦-dynamic,o,1.278,10,0.3731,0.9995,False
Russian,巽卦-dynamic,a,1.246,10,0.3781,0.9995,False
Russian,坤卦-static,j,1.212,8,0.3731,0.9995,False
Russian,巽卦-static,n,-1.167,3,0.4279,0.9995,False
Russian,巽卦-dynamic,ɭʲ,1.127,4,0.4378,0.9995,False
Russian,坎卦-static,ɭ,-1.111,3,0.408,0.9995,False
Russian,坤卦-static,s,1.11,11,0.408,0.9995,False
Russian,兌卦-static,d,1.078,5,0.3582,0.9995,False
Russian,巽卦-static,t,1.045,9,0.4876,0.9995,False
Russian,巽卦-dynamic,d,1.016,4,0.5224,0.9995,False
Russian,巽卦-dynamic,p,1.011,6,0.5423,0.9995,False
Russian,巽卦-dynamic,ɑ,-1.009,5,0.4925,0.9995,False
Russian,巽卦-dynamic,s,-1.002,5,0.4975,0.9995,False
Russian,坎卦-static,t͡s,1.001,3,0.4627,0.9995,False
Russian,坤卦-static,ʌ,0.982,22,0.4478,0.9995,False
Russian,巽卦-dynamic,r,0.973,11,0.5821,0.9995,False
Russian,坤卦-static,a,-0.941,5,0.4378,0.9995,False
Russian,坎卦-static,o,-0.928,4,0.5423,0.9995,False
Russian,乾卦-static,m,0.923,13,0.3682,0.9995,False
Russian,巽卦-static,ɭ,0.921,6,0.5423,0.9995,False
Russian,坤卦-static,i,-0.914,12,0.5124,0.9995,False
Russian,巽卦-dynamic,t,-0.909,5,0.5323,0.9995,False
Russian,坎卦-static,r,0.895,12,0.5224,0.9995,False
Russian,中卦-dynamic,j,0.892,3,0.7662,0.9995,False
Russian,巽卦-dynamic,tʲ,0.887,11,0.5274,0.9995,False
Russian,兌卦-static,sʲ,0.88,3,0.4179,0.9995,False
Russian,巽卦-dynamic,k,-0.854,5,0.5473,0.9995,False
Russian,坎卦-static,i,-0.836,11,0.5473,0.9995,False
Russian,坎卦-static,ɑ,-0.833,6,0.5871,0.9995,False
Russian,中卦-dynamic,ʌ,0.832,9,0.7562,0.9995,False
Russian,中卦-dynamic,n,0.828,5,0.7413,0.9995,False
Russian,巽卦-static,ɑ,-0.822,5,0.5522,0.9995,False
Russian,坎卦-static,ʌ,0.821,19,0.5522,0.9995,False
Russian,坎卦-dynamic,dʲ,0.804,3,0.4328,0.9995,False
Russian,兌卦-static,y,0.804,8,0.4776,0.9995,False
Russian,坎卦-static,s,-0.796,6,0.5672,0.9995,False
Russian,乾卦-static,ɭʲ,-0.791,5,0.4129,0.9995,False
Russian,艮卦-static,n,-0.785,13,0.3483,0.9995,False
Russian,巽卦-dynamic,i,-0.782,10,0.5871,0.9995,False
Russian,坎卦-dynamic,ʌ,-0.778,18,0.5373,0.9995,False
Russian,震卦-dynamic,j,-0.769,7,0.3532,0.9995,False
Russian,乾卦-static,ɭ,-0.756,9,0.393,0.9995,False
Russian,乾卦-static,d,-0.748,5,0.4229,0.9995,False
Russian,離卦-static,sʲ,-0.743,5,0.3383,0.9995,False
Russian,兌卦-static,e,0.742,7,0.5075,0.9995,False
Russian,艮卦-static,tʲ,-0.721,7,0.3831,0.9995,False
Russian,兌卦-static,tʲ,-0.71,3,0.607,0.9995,False
Russian,坎卦-dynamic,n,-0.703,8,0.5373,0.9995,False
Russian,震卦-dynamic,i,0.697,53,0.3731,0.9995,False
Russian,坤卦-static,e,0.694,7,0.6617,0.9995,False
Russian,中卦-dynamic,ɑ,-0.686,3,0.806,0.9995,False
Russian,坤卦-static,t,0.679,11,0.5871,0.9995,False
Russian,震卦-dynamic,t͡ʃʲ,0.677,10,0.3632,0.9995,False
Russian,乾卦-dynamic,ɭʲ,0.674,22,0.3582,0.9995,False
Russian,艮卦-dynamic,bʲ,0.67,5,0.3881,0.9995,False
Russian,巽卦-static,m,0.667,4,0.6617,0.9995,False
Russian,坎卦-static,tʲ,-0.665,3,0.6816,0.9995,False
Russian,中卦-dynamic,k,-0.661,3,0.8507,0.9995,False
Russian,坤卦-static,p,-0.65,4,0.597,0.9995,False
Russian,艮卦-static,j,0.644,15,0.4328,0.9995,False
Russian,震卦-dynamic,ʃ,-0.644,3,0.398,0.9995,False
Russian,巽卦-static,p,-0.634,3,0.7065,0.9995,False
Russian,艮卦-static,ɑ,-0.633,17,0.5025,0.9995,False
Russian,離卦-static,p,0.631,28,0.3682,0.9995,False
Russian,兌卦-static,u,-0.631,5,0.5821,0.9995,False
Russian,坎卦-static,v,0.63,5,0.6766,0.9995,False
Russian,離卦-dynamic,ɪ,-0.623,13,0.3433,0.9995,False
Russian,艮卦-static,ʑ,0.621,3,0.4925,0.9995,False
Russian,艮卦-dynamic,m,-0.619,9,0.3682,0.9995,False
Russian,震卦-dynamic,r,-0.618,22,0.4328,0.9995,False
Russian,艮卦-dynamic,ʒ,-0.614,4,0.3433,0.9995,False
Russian,艮卦-dynamic,r,-0.613,31,0.408,0.9995,False
Russian,兌卦-static,s,-0.613,7,0.6169,0.9995,False
Russian,坎卦-dynamic,r,-0.611,10,0.607,0.9995,False
Russian,離卦-dynamic,y,-0.611,19,0.3483,0.9995,False
Russian,震卦-dynamic,j͡a,-0.591,3,0.4677,0.9995,False
Russian,離卦-static,s,-0.591,30,0.393,0.9995,False
Russian,坎卦-dynamic,m,-0.59,3,0.6169,0.9995,False
Russian,離卦-dynamic,ʃ,-0.587,6,0.3831,0.9995,False
Russian,兌卦-static,ɡ,0.587,3,0.6716,0.9995,False
Russian,坎卦-dynamic,tʲ,0.585,16,0.6368,0.9995,False
Russian,艮卦-dynamic,y,-0.577,16,0.4129,0.9995,False
Russian,艮卦-dynamic,ɪ,-0.576,11,0.3632,0.9995,False
Russian,艮卦-static,i,-0.574,31,0.4527,0.9995,False
Russian,乾卦-static,e,-0.574,9,0.5274,0.9995,False
Russian,離卦-dynamic,sʲ,0.572,14,0.4627,0.9995,False
Russian,離卦-static,b,0.57,15,0.3881,0.9995,False
Russian,乾卦-static,ʌ,0.57,43,0.5174,0.9995,False
Russian,乾卦-static,z,-0.562,3,0.5373,0.9995,False
Russian,艮卦-static,y,-0.558,9,0.4627,0.9995,False
Russian,坎卦-dynamic,j,-0.558,4,0.597,0.9995,False
Russian,震卦-dynamic,x,-0.558,3,0.3831,0.9995,False
Russian,艮卦-dynamic,t,-0.555,31,0.4627,0.9995,False
Russian,艮卦-static,t,0.552,25,0.4826,0.9995,False
Russian,艮卦-static,ʃ,-0.546,3,0.4776,0.9995,False
Russian,坤卦-dynamic,bʲ,0.544,8,0.3383,0.9995,False
Russian,震卦-dynamic,ɪ,0.541,14,0.4627,0.9995,False
Russian,艮卦-static,d,0.53,10,0.5124,0.9995,False
Russian,乾卦-dynamic,ɡ,0.53,15,0.4428,0.9995,False
Russian,離卦-static,ʑ,0.527,5,0.4677,0.9995,False
Russian,離卦-static,m,0.522,21,0.4229,0.9995,False
Russian,離卦-dynamic,f,-0.519,5,0.4925,0.9995,False
Russian,巽卦-dynamic,m,0.511,4,0.7662,0.9995,False
Russian,巽卦-static,rʲ,0.508,3,0.7313,0.9995,False
Russian,坎卦-dynamic,ɑ,0.504,14,0.7015,0.9995,False
Russian,兌卦-dynamic,b,-0.5,14,0.3483,0.9995,False
Russian,艮卦-static,z,0.496,8,0.5075,0.9995,False
Russian,震卦-static,z,-0.496,13,0.3532,0.9995,False
Russian,離卦-dynamic,t͡ʃʲ,-0.494,10,0.4378,0.9995,False
Russian,離卦-dynamic,a,-0.489,34,0.4627,0.9995,False
Russian,兌卦-dynamic,t͡ʃʲ,0.489,20,0.3831,0.9995,False
Russian,坤卦-dynamic,ʒ,-0.486,8,0.3731,0.9995,False
Russian,兌卦-dynamic,vʲ,0.48,14,0.4129,0.9995,False
Russian,乾卦-dynamic,ɡʲ,0.479,3,0.4478,0.9995,False
Russian,乾卦-dynamic,j,-0.473,16,0.4378,0.9995,False
Russian,坤卦-dynamic,dʲ,0.472,14,0.3682,0.9995,False
Russian,中卦-static,ʒ,0.47,20,0.3383,0.9995,False
Russian,乾卦-dynamic,t͡s,0.468,13,0.4527,0.9995,False
Russian,坤卦-static,ɭ,0.462,7,0.7512,0.9995,False
Russian,乾卦-dynamic,tʲ,-0.455,24,0.4677,0.9995,False
Russian,坎卦-dynamic,rʲ,-0.454,3,0.7413,0.9995,False
Russian,離卦-dynamic,j͡a,-0.452,6,0.5075,0.9995,False
Russian,艮卦-dynamic,n,-0.451,29,0.4826,0.9995,False
Russian,巽卦-static,ʌ,-0.451,11,0.6667,0.9995,False
Russian,震卦-dynamic,t,-0.451,23,0.5871,0.9995,False
Russian,乾卦-static,nʲ,-0.45,5,0.6468,0.9995,False
Russian,艮卦-static,vʲ,0.447,5,0.5274,0.9995,False
Russian,巽卦-static,ɭʲ,0.444,3,0.8209,0.9995,False
Russian,離卦-static,t,-0.441,32,0.5025,0.9995,False
Russian,乾卦-dynamic,k,-0.428,41,0.4627,0.9995,False
Russian,離卦-static,n,-0.426,29,0.5522,0.9995,False
Russian,巽卦-static,r,-0.422,6,0.8458,0.9995,False
Russian,坤卦-static,ɭʲ,0.42,4,0.801,0.9995,False
Russian,震卦-static,s,0.42,81,0.3781,0.9995,False
Russian,離卦-dynamic,t,-0.42,40,0.5224,0.9995,False
Russian,離卦-static,r,0.416,48,0.5821,0.9995,False
Russian,離卦-static,tʲ,-0.415,21,0.5622,0.9995,False
Russian,坎卦-dynamic,v,0.413,7,0.6915,0.9995,False
Russian,坎卦-static,j,-0.41,3,0.7711,0.9995,False
Russian,離卦-dynamic,ɕ,0.409,6,0.602,0.9995,False
Russian,坤卦-dynamic,j͡u,0.407,3,0.4279,0.9995,False
Russian,乾卦-static,v,0.407,11,0.6866,0.9995,False
Russian,中卦-static,t,-0.401,73,0.3582,0.9995,False
Russian,震卦-static,v,-0.394,29,0.4279,0.9995,False
Russian,坎卦-dynamic,ɪ,-0.393,4,0.7065,0.9995,False
Russian,離卦-dynamic,d,0.393,21,0.6169,0.9995,False
Russian,乾卦-dynamic,ɪ,0.39,22,0.5423,0.9995,False
Russian,乾卦-static,rʲ,-0.387,5,0.6766,0.9995,False
Russian,坤卦-dynamic,ɡʲ,0.385,4,0.4328,0.9995,False
Russian,乾卦-dynamic,u,0.383,37,0.5025,0.9995,False
Russian,坤卦-dynamic,ʃ,-0.379,13,0.4876,0.9995,False
Russian,坤卦-dynamic,t͡s,-0.374,10,0.4527,0.9995,False
Russian,震卦-static,k,0.372,100,0.4428,0.9995,False
Russian,乾卦-dynamic,ʃ,-0.37,9,0.5124,0.9995,False
Russian,艮卦-dynamic,rʲ,0.368,16,0.6219,0.9995,False
Russian,坎卦-dynamic,i,-0.367,19,0.796,0.9995,False
Russian,兌卦-static,ɭ,-0.367,5,0.7313,0.9995,False
Russian,坤卦-static,n,0.365,10,0.7861,0.9995,False
Russian,震卦-dynamic,b,0.365,10,0.6667,0.9995,False
Russian,坤卦-dynamic,vʲ,0.36,15,0.4876,0.9995,False
Russian,震卦-static,sʲ,0.356,21,0.4726,0.9995,False
Russian,坎卦-static,y,-0.355,4,0.8507,0.9995,False
Russian,震卦-dynamic,ʌ,0.355,57,0.6269,0.9995,False
Russian,艮卦-static,ʌ,-0.352,36,0.6915,0.9995,False
Russian,坤卦-dynamic,s,-0.351,57,0.5124,0.9995,False
Russian,坎卦-dynamic,t͡ʃʲ,0.35,4,0.7761,0.9995,False
Russian,兌卦-dynamic,ɭʲ,-0.35,19,0.5522,0.9995,False
Russian,艮卦-dynamic,k,0.343,49,0.6716,0.9995,False
Russian,震卦-dynamic,s,0.339,28,0.6169,0.9995,False
Russian,離卦-static,u,-0.338,24,0.6517,0.9995,False
Russian,乾卦-dynamic,x,-0.335,6,0.6567,0.9995,False
Russian,艮卦-static,ɪ,0.332,10,0.6866,0.9995,False
Russian,中卦-dynamic,a,-0.331,3,0.8955,0.9995,False
Russian,艮卦-static,p,-0.329,11,0.7363,0.9995,False
Russian,離卦-static,j,-0.329,15,0.6269,0.9995,False
Russian,離卦-static,ʃ,-0.326,8,0.592,0.9995,False
Russian,中卦-static,d,0.32,37,0.4826,0.9995,False
Russian,坤卦-dynamic,kʲ,-0.314,3,0.5622,0.9995,False
Russian,坎卦-dynamic,y,0.313,9,0.8209,0.9995,False
Russian,中卦-static,ɭ,-0.311,49,0.5522,0.9995,False
Russian,震卦-static,n,0.311,84,0.5473,0.9995,False
Russian,離卦-dynamic,rʲ,0.311,19,0.6318,0.9995,False
Russian,離卦-dynamic,ɭʲ,0.311,20,0.6418,0.9995,False
Russian,兌卦-static,z,0.31,3,0.8308,0.9995,False
Russian,艮卦-static,ʒ,-0.309,3,0.6169,0.9995,False
Russian,離卦-static,f,-0.309,5,0.7015,0.9995,False
Russian,巽卦-static,o,-0.304,5,0.8209,0.9995,False
Russian,艮卦-dynamic,pʲ,0.303,6,0.6269,0.9995,False
Russian,乾卦-dynamic,o,-0.303,34,0.607,0.9995,False
Russian,艮卦-dynamic,s,0.302,39,0.6468,0.9995,False
Russian,震卦-static,mʲ,0.301,16,0.5124,0.9995,False
Russian,震卦-static,ʃ,-0.301,17,0.6517,0.9995,False
Russian,坤卦-dynamic,ɪ,-0.292,23,0.597,0.9995,False
Russian,艮卦-static,ɭʲ,0.292,9,0.7363,0.9995,False
Russian,震卦-dynamic,ɡ,0.292,8,0.6915,0.9995,False
Russian,艮卦-static,a,-0.29,17,0.6866,0.9995,False
Russian,中卦-static,b,-0.286,23,0.4925,0.9995,False
Russian,離卦-dynamic,t͡s,0.286,12,0.6816,0.9995,False
Russian,坎卦-dynamic,u,-0.285,8,0.796,0.9995,False
Russian,中卦-static,p,0.282,56,0.5124,0.9995,False
Russian,兌卦-dynamic,u,0.281,46,0.597,0.9995,False
Russian,兌卦-dynamic,x,-0.281,8,0.6418,0.9995,False
Russian,坎卦-dynamic,ʃ,0.279,5,0.8159,0.9995,False
Russian,坤卦-dynamic,pʲ,-0.276,7,0.6119,0.9995,False
Russian,中卦-dynamic,u,0.275,3,0.9303,0.9995,False
Russian,震卦-static,j͡u,0.273,3,0.5821,0.9995,False
Russian,兌卦-dynamic,d,0.271,25,0.6119,0.9995,False
Russian,乾卦-dynamic,pʲ,0.27,7,0.6418,0.9995,False
Russian,震卦-static,ɕ,-0.269,4,0.5522,0.9995,False
Russian,艮卦-dynamic,u,-0.268,25,0.7512,0.9995,False
Russian,兌卦-static,ɭʲ,-0.267,3,0.8159,0.9995,False
Russian,坤卦-dynamic,ɛ,-0.264,7,0.6567,0.9995,False
Russian,中卦-static,mʲ,-0.264,13,0.5771,0.9995,False
Russian,中卦-static,pʲ,-0.263,9,0.5423,0.9995,False
Russian,艮卦-static,dʲ,0.259,4,0.7711,0.9995,False
Russian,坎卦-dynamic,o,0.259,12,0.7761,0.9995,False
Russian,艮卦-dynamic,d,-0.258,13,0.7363,0.9995,False
Russian,艮卦-dynamic,ɭʲ,-0.258,13,0.7065,0.9995,False
Russian,離卦-static,ɛ,-0.257,4,0.6816,0.9995,False
Russian,兌卦-dynamic,dʲ,-0.255,8,0.6169,0.9995,False
Russian,震卦-static,ɡʲ,0.254,4,0.6468,0.9995,False
Russian,離卦-dynamic,ɛ,-0.251,5,0.6766,0.9995,False
Russian,震卦-dynamic,n,-0.25,23,0.7413,0.9995,False
Russian,艮卦-static,k,-0.246,21,0.7463,0.9995,False
Russian,震卦-dynamic,nʲ,-0.246,8,0.7662,0.9995,False
Russian,乾卦-static,o,-0.241,15,0.8159,0.9995,False
Russian,艮卦-dynamic,ʃ,0.236,15,0.7612,0.9995,False
Russian,艮卦-static,x,-0.235,3,0.7612,0.9995,False
Russian,坤卦-dynamic,ɡ,0.234,19,0.6318,0.9995,False
Russian,艮卦-dynamic,vʲ,0.231,8,0.6766,0.9995,False
Russian,坎卦-dynamic,p,0.231,8,0.8259,0.9995,False
Russian,艮卦-dynamic,e,-0.23,21,0.7811,0.9995,False
Russian,兌卦-static,ɪ,0.23,4,0.8358,0.9995,False
Russian,乾卦-dynamic,ɛ,-0.23,5,0.6766,0.9995,False
Russian,坤卦-dynamic,ʑ,-0.229,4,0.7015,0.9995,False
Russian,離卦-static,ɭʲ,-0.227,13,0.7413,0.9995,False
Russian,震卦-static,ɭʲ,0.225,32,0.6517,0.9995,False
Russian,中卦-static,e,0.223,56,0.6169,0.9995,False
Russian,離卦-dynamic,pʲ,0.223,7,0.7214,0.9995,False
Russian,艮卦-static,nʲ,0.221,8,0.7811,0.9995,False
Russian,震卦-static,o,0.221,74,0.7065,0.9995,False
Russian,乾卦-dynamic,v,-0.217,19,0.791,0.9995,False
Russian,乾卦-static,u,0.216,15,0.8458,0.9995,False
Russian,乾卦-static,ɪ,-0.216,7,0.8209,0.9995,False
Russian,坤卦-static,u,-0.214,6,0.8856,0.9995,False
Russian,坤卦-dynamic,b,0.214,23,0.6716,0.9995,False
Russian,坎卦-dynamic,k,0.214,15,0.8706,0.9995,False
Russian,艮卦-static,r,0.21,25,0.806,0.9995,False
Russian,震卦-static,i,0.209,136,0.592,0.9995,False
Russian,坤卦-dynamic,nʲ,0.208,25,0.7264,0.9995,False
Russian,乾卦-static,ɑ,-0.208,18,0.7861,0.9995,False
Russian,震卦-static,ɑ,0.207,81,0.6766,0.9995,False
Russian,乾卦-static,vʲ,0.206,4,0.8507,0.9995,False
Russian,中卦-static,ɕ,-0.205,5,0.6368,0.9995,False
Russian,中卦-dynamic,o,-0.205,3,0.9055,0.9995,False
Russian,乾卦-dynamic,m,-0.205,16,0.7463,0.9995,False
Russian,乾卦-dynamic,a,0.204,45,0.6766,0.9995,False
Russian,坎卦-dynamic,s,-0.203,11,0.8507,0.9995,False
Russian,坤卦-dynamic,z,0.2,21,0.6915,0.9995,False
Russian,震卦-static,t,0.199,82,0.6766,0.9995,False
Russian,坤卦-dynamic,m,0.198,31,0.7562,0.9995,False
Russian,離卦-static,e,-0.198,21,0.796,0.9995,False
Russian,乾卦-dynamic,p,-0.197,25,0.7114,0.9995,False
Russian,坤卦-dynamic,ɕ,-0.196,4,0.7214,0.9995,False
Russian,兌卦-static,j,0.193,5,0.8905,0.9995,False
Russian,震卦-dynamic,f,-0.191,4,0.7761,0.9995,False
Russian,震卦-static,kʲ,0.182,8,0.6667,0.9995,False
Russian,離卦-dynamic,r,-0.18,47,0.7861,0.9995,False
Russian,坎卦-dynamic,e,0.175,8,0.8955,0.9995,False
Russian,離卦-static,vʲ,-0.173,6,0.8308,0.9995,False
Russian,中卦-static,i,0.172,148,0.7065,0.9995,False
Russian,巽卦-static,j,-0.17,3,0.9104,0.9995,False
Russian,乾卦-dynamic,n,-0.17,40,0.7612,0.9995,False
Russian,坎卦-dynamic,ɭʲ,0.169,5,0.8557,0.9995,False
Russian,震卦-dynamic,k,-0.169,28,0.8308,0.9995,False
Russian,兌卦-dynamic,p,0.167,37,0.8408,0.9995,False
Russian,乾卦-dynamic,ɭ,-0.167,28,0.7313,0.9995,False
Russian,坤卦-dynamic,ɭʲ,0.166,27,0.7612,0.9995,False
Russian,兌卦-dynamic,sʲ,-0.166,12,0.7463,0.9995,False
Russian,艮卦-dynamic,i,-0.16,62,0.8507,0.9995,False
Russian,中卦-static,v,0.16,43,0.7164,0.9995,False
Russian,坤卦-dynamic,i,-0.159,108,0.7264,0.9995,False
Russian,乾卦-dynamic,rʲ,0.159,17,0.7363,0.9995,False
Russian,離卦-static,t͡s,-0.154,7,0.796,0.9995,False
Russian,乾卦-dynamic,t,-0.15,43,0.796,0.9995,False
Russian,坤卦-dynamic,x,-0.148,10,0.7612,0.9995,False
Russian,離卦-static,rʲ,0.146,14,0.8358,0.9995,False
Russian,坤卦-dynamic,ɑ,-0.145,63,0.8358,0.9995,False
Russian,中卦-static,s,0.144,83,0.801,0.9995,False
Russian,乾卦-static,j͡a,0.144,4,0.9204,0.9995,False
Russian,中卦-static,dʲ,0.143,15,0.7761,0.9995,False
Russian,兌卦-static,n,0.143,9,0.8856,0.9995,False
Russian,震卦-static,pʲ,0.142,11,0.7015,0.9995,False
Russian,離卦-dynamic,nʲ,0.142,17,0.8557,0.9995,False
Russian,兌卦-dynamic,ʑ,-0.14,4,0.8408,0.9995,False
Russian,艮卦-dynamic,sʲ,-0.139,8,0.8507,0.9995,False
Russian,乾卦-dynamic,e,-0.138,26,0.8159,0.9995,False
Russian,艮卦-dynamic,p,0.137,24,0.8557,0.9995,False
Russian,兌卦-dynamic,bʲ,0.137,5,0.7861,0.9995,False
Russian,乾卦-dynamic,kʲ,-0.137,3,0.7811,0.9995,False
Russian,坎卦-dynamic,d,0.135,5,0.9502,0.9995,False
Russian,乾卦-dynamic,f,-0.135,7,0.8358,0.9995,False
Russian,坤卦-static,y,0.132,6,0.9104,0.9995,False
Russian,艮卦-static,pʲ,0.132,3,0.8657,0.9995,False
Russian,震卦-dynamic,ɭ,-0.132,17,0.8507,0.9995,False
Russian,坎卦-dynamic,sʲ,0.131,3,0.8905,0.9995,False
Russian,乾卦-dynamic,dʲ,0.131,8,0.8259,0.9995,False
Russian,震卦-dynamic,d,0.126,11,0.8905,0.9995,False
Russian,坤卦-static,m,0.124,4,0.9652,0.9995,False
Russian,中卦-static,vʲ,-0.122,14,0.8109,0.9995,False
Russian,震卦-dynamic,tʲ,0.122,26,0.8955,0.9995,False
Russian,離卦-dynamic,bʲ,-0.119,3,0.8657,0.9995,False
Russian,坤卦-static,tʲ,-0.117,7,0.9254,0.9995,False
Russian,坎卦-static,a,-0.117,7,0.9104,0.9995,False
Russian,兌卦-dynamic,kʲ,-0.115,4,0.8507,0.9995,False
Russian,艮卦-dynamic,v,0.114,19,0.8856,0.9995,False
Russian,乾卦-dynamic,t͡ʃʲ,-0.113,12,0.8458,0.9995,False
Russian,坤卦-dynamic,r,-0.111,69,0.8358,0.9995,False
Russian,艮卦-static,mʲ,0.107,4,0.8955,0.9995,False
Russian,艮卦-dynamic,f,0.103,7,0.8955,0.9995,False
Russian,中卦-static,ʃ,-0.103,24,0.8159,0.9995,False
Russian,離卦-static,ɡ,0.101,10,0.8557,0.9995,False
Russian,坤卦-dynamic,y,-0.1,39,0.8259,0.9995,False
Russian,震卦-dynamic,z,0.099,8,0.9055,0.9995,False
Russian,中卦-static,m,0.097,37,0.8607,0.9995,False
Russian,艮卦-dynamic,ɡ,-0.096,9,0.9154,0.9995,False
Russian,中卦-static,kʲ,-0.096,6,0.7811,0.9995,False
Russian,中卦-static,ɡ,-0.091,20,0.8756,0.9995,False
Russian,巽卦-static,v,-0.09,3,0.8955,0.9995,False
Russian,中卦-static,ɛ,-0.09,11,0.8458,0.9995,False
Russian,中卦-static,ɭʲ,-0.089,31,0.8806,0.9995,False
Russian,兌卦-dynamic,y,0.088,38,0.8209,0.9995,False
Russian,乾卦-static,ɛ,0.084,3,0.9701,0.9995,False
Russian,艮卦-dynamic,ɭ,0.081,26,0.9005,0.9995,False
Russian,坤卦-dynamic,f,0.08,12,0.8657,0.9995,False
Russian,震卦-dynamic,a,-0.08,24,0.9502,0.9995,False
Russian,離卦-dynamic,z,-0.078,12,0.9303,0.9995,False
Russian,兌卦-static,ʃ,0.068,3,0.9701,0.9995,False
Russian,坤卦-dynamic,t͡ʃʲ,-0.065,18,0.9403,0.9995,False
Russian,兌卦-dynamic,ɡ,-0.065,14,0.8706,0.9995,False
Russian,離卦-static,bʲ,0.063,3,0.9453,0.9995,False
Russian,震卦-dynamic,t͡s,0.062,6,0.9254,0.9995,False
Russian,乾卦-dynamic,z,0.061,13,0.9254,0.9995,False
Russian,坤卦-dynamic,j͡a,0.06,13,0.9254,0.9995,False
Russian,坎卦-static,e,0.056,5,0.9602,0.9995,False
Russian,離卦-static,x,-0.055,6,0.9104,0.9995,False
Russian,乾卦-dynamic,d,-0.055,17,0.9104,0.9995,False
Russian,乾卦-dynamic,sʲ,-0.055,10,0.9254,0.9995,False
Russian,震卦-dynamic,mʲ,0.054,5,0.9502,0.9995,False
Russian,巽卦-dynamic,ɪ,0.053,3,0.9652,0.9995,False
Russian,坎卦-dynamic,a,-0.051,11,0.9751,0.9995,False
Russian,艮卦-dynamic,mʲ,0.046,7,0.9552,0.9995,False
Russian,坤卦-dynamic,v,0.045,32,0.9104,0.9995,False
Russian,震卦-static,d,-0.045,29,0.9453,0.9995,False
Russian,中卦-static,rʲ,-0.044,28,0.9254,0.9995,False
Russian,巽卦-static,tʲ,0.043,6,0.9851,0.9995,False
Russian,坎卦-dynamic,ɡ,-0.042,3,0.9602,0.9995,False
Russian,巽卦-static,a,-0.041,6,0.9801,0.9995,False
Russian,坎卦-dynamic,ɭ,-0.037,8,0.9751,0.9995,False
Russian,艮卦-dynamic,j͡a,-0.033,7,0.9552,0.9995,False
Russian,兌卦-dynamic,ɕ,0.032,5,0.9453,0.9995,False
Russian,乾卦-static,b,-0.031,6,0.9502,0.9995,False
Russian,中卦-static,k,-0.029,93,0.9303,0.9995,False
Russian,震卦-static,u,-0.029,55,0.9453,0.9995,False
Russian,兌卦-static,i,0.027,15,0.99,0.9995,False
Russian,坤卦-static,nʲ,-0.026,3,0.99,0.9995,False
Russian,兌卦-static,a,-0.026,8,0.9851,0.9995,False
Russian,兌卦-dynamic,ʃ,-0.025,18,0.9751,0.9995,False
Russian,坤卦-dynamic,mʲ,0.016,12,0.99,0.9995,False
Russian,震卦-static,f,-0.016,13,0.9851,0.9995,False
Russian,坤卦-dynamic,t,-0.015,66,0.9751,0.9995,False
Russian,艮卦-static,v,0.01,10,0.9851,0.9995,False
Russian,中卦-static,x,0.009,14,0.9701,0.9995,False
Russian,震卦-static,nʲ,-0.007,26,0.995,0.9995,False
Russian,震卦-static,r,0.005,84,0.9851,0.9995,False
Russian,震卦-static,p,0.001,46,0.995,0.9995,False
Russian,坎卦-static,k,0.007,9,1.0,1.0,False
Russian,坤卦-static,k,-0.001,10,1.0,1.0,False
Spanish,坎卦-dynamic,e͡ɪ,4.057,4,0.005,0.194,False
Spanish,坎卦-static,a͡ʊ,3.813,4,0.005,0.194,False
Spanish,兌卦-static,u,3.724,13,0.005,0.194,False
Spanish,坤卦-static,ʎ,3.652,7,0.005,0.194,False
Spanish,離卦-dynamic,ɲ,3.203,9,0.005,0.194,False
Spanish,艮卦-static,ŋ,2.863,7,0.005,0.194,False
Spanish,巽卦-static,ð,2.699,14,0.005,0.194,False
Spanish,兌卦-dynamic,ɾ,2.627,273,0.005,0.194,False
Spanish,離卦-dynamic,p,2.61,50,0.005,0.194,False
Spanish,乾卦-static,s,2.522,29,0.005,0.194,False
Spanish,艮卦-static,b,2.46,21,0.005,0.194,False
Spanish,艮卦-dynamic,d,2.422,21,0.005,0.194,False
Spanish,離卦-dynamic,ɾ,1.969,163,0.005,0.194,False
Spanish,離卦-dynamic,θ,-1.903,8,0.005,0.194,False
Spanish,震卦-dynamic,a,1.801,154,0.005,0.194,False
Spanish,坤卦-dynamic,r,1.602,33,0.005,0.194,False
Spanish,震卦-static,s,-1.592,37,0.005,0.194,False
Spanish,坤卦-dynamic,o,1.447,287,0.005,0.194,False
Spanish,艮卦-static,t͡ʃ,2.399,6,0.01,0.3676,False
Spanish,巽卦-static,w,3.094,11,0.0149,0.4366,False
Spanish,乾卦-dynamic,ʝ,1.833,3,0.0149,0.4366,False
Spanish,艮卦-static,l,1.626,45,0.0149,0.4366,False
Spanish,震卦-static,a,1.43,297,0.0149,0.4366,False
Spanish,震卦-static,θ,1.175,47,0.0149,0.4366,False
Spanish,艮卦-static,t,-1.764,15,0.0199,0.4989,False
Spanish,中卦-static,d,1.075,35,0.0199,0.4989,False
Spanish,兌卦-static,ɣ,2.678,5,0.0299,0.5373,False
Spanish,坎卦-dynamic,e,1.926,41,0.0398,0.5373,False
Spanish,巽卦-static,t,1.899,20,0.0398,0.5373,False
Spanish,乾卦-static,a,-1.752,25,0.0398,0.5373,False
Spanish,震卦-dynamic,o,-1.624,38,0.0249,0.5373,False
Spanish,艮卦-static,e,-1.56,38,0.0299,0.5373,False
Spanish,離卦-dynamic,l,-1.497,11,0.0348,0.5373,False
Spanish,離卦-dynamic,d,1.42,21,0.0398,0.5373,False
Spanish,震卦-dynamic,θ,1.39,24,0.0299,0.5373,False
Spanish,艮卦-static,a,1.387,103,0.0398,0.5373,False
Spanish,艮卦-dynamic,θ,1.37,22,0.0299,0.5373,False
Spanish,艮卦-dynamic,t,-1.325,24,0.0348,0.5373,False
Spanish,震卦-static,r,1.277,26,0.0299,0.5373,False
Spanish,離卦-dynamic,x,-1.13,3,0.0249,0.5373,False
Spanish,坤卦-dynamic,β,1.081,48,0.0398,0.5373,False
Spanish,兌卦-dynamic,o,-1.07,92,0.0398,0.5373,False
Spanish,震卦-static,x,1.051,25,0.0348,0.5373,False
Spanish,中卦-static,k,0.997,104,0.0398,0.5373,False
Spanish,兌卦-dynamic,θ,-0.981,20,0.0299,0.5373,False
Spanish,坤卦-dynamic,ð,0.874,65,0.0299,0.5373,False
Spanish,乾卦-dynamic,t͡ʃ,1.422,7,0.0448,0.5419,False
Spanish,兌卦-dynamic,a,1.104,236,0.0448,0.5419,False
Spanish,兌卦-dynamic,j,-1.034,6,0.0448,0.5419,False
Spanish,中卦-static,ɾ,-0.906,98,0.0448,0.5419,False
Spanish,中卦-static,s,0.896,114,0.0448,0.5419,False
Spanish,坤卦-dynamic,j,0.916,68,0.0498,0.5725,False
Spanish,震卦-static,β,0.893,39,0.0498,0.5725,False
Spanish,離卦-static,s,-1.257,21,0.0547,0.6098,False
Spanish,震卦-static,t͡ʃ,0.98,10,0.0547,0.6098,False
Spanish,坎卦-dynamic,w,1.522,8,0.0597,0.6448,False
Spanish,中卦-static,ʝ,1.528,5,0.0697,0.6519,False
Spanish,離卦-static,ð,-1.234,7,0.0647,0.6519,False
Spanish,離卦-static,ɡ,1.173,7,0.0697,0.6519,False
Spanish,離卦-dynamic,o,-1.021,65,0.0647,0.6519,False
Spanish,坤卦-dynamic,d,-0.892,13,0.0697,0.6519,False
Spanish,兌卦-dynamic,l,-0.888,34,0.0697,0.6519,False
Spanish,乾卦-static,ɡ,2.019,4,0.0746,0.6804,False
Spanish,震卦-dynamic,n,1.168,56,0.0746,0.6804,False
Spanish,坎卦-static,ŋ,2.098,3,0.0796,0.6815,False
Spanish,坎卦-static,n,1.541,24,0.0796,0.6815,False
Spanish,艮卦-dynamic,o,-1.224,45,0.0796,0.6815,False
Spanish,坤卦-dynamic,b,0.799,39,0.0796,0.6815,False
Spanish,坤卦-dynamic,ɣ,-0.723,7,0.0796,0.6815,False
Spanish,兌卦-static,β,2.062,5,0.0995,0.6848,False
Spanish,兌卦-static,x,2.019,3,0.0846,0.6848,False
Spanish,坤卦-static,ɣ,1.98,4,0.0896,0.6848,False
Spanish,坎卦-dynamic,s,1.535,23,0.0945,0.6848,False
Spanish,坎卦-dynamic,r,1.37,5,0.0995,0.6848,False
Spanish,艮卦-static,x,1.134,9,0.0995,0.6848,False
Spanish,離卦-dynamic,e,1.131,113,0.0995,0.6848,False
Spanish,艮卦-dynamic,r,1.104,11,0.0945,0.6848,False
Spanish,乾卦-dynamic,t,1.077,64,0.0945,0.6848,False
Spanish,離卦-static,a,1.017,125,0.0896,0.6848,False
Spanish,離卦-dynamic,m,-1.015,19,0.0896,0.6848,False
Spanish,震卦-static,i,-0.864,71,0.0896,0.6848,False
Spanish,中卦-static,m,0.716,73,0.0995,0.6848,False
Spanish,乾卦-static,l,-1.445,4,0.1045,0.6919,False
Spanish,離卦-static,t͡ʃ,1.18,5,0.1045,0.6919,False
Spanish,乾卦-dynamic,j,0.924,34,0.1045,0.6919,False
Spanish,中卦-dynamic,k,3.319,4,0.1095,0.7114,False
Spanish,乾卦-dynamic,m,1.003,42,0.1144,0.7172,False
Spanish,乾卦-dynamic,r,0.885,13,0.1144,0.7172,False
Spanish,震卦-static,o,-0.714,129,0.1144,0.7172,False
Spanish,中卦-dynamic,j,3.287,3,0.1194,0.7226,False
Spanish,離卦-dynamic,ð,-1.055,11,0.1194,0.7226,False
Spanish,艮卦-dynamic,m,-0.865,16,0.1194,0.7226,False
Spanish,巽卦-static,n,-1.597,6,0.1244,0.7399,False
Spanish,坤卦-dynamic,i,-0.634,88,0.1244,0.7399,False
Spanish,艮卦-dynamic,e,1.056,86,0.1294,0.7567,False
Spanish,兌卦-static,n,-1.806,3,0.1393,0.7648,False
Spanish,坎卦-dynamic,o,-1.296,18,0.1443,0.7648,False
Spanish,乾卦-static,o,1.247,46,0.1493,0.7648,False
Spanish,坎卦-dynamic,θ,-1.193,4,0.1443,0.7648,False
Spanish,震卦-dynamic,p,0.99,31,0.1493,0.7648,False
Spanish,乾卦-dynamic,n,0.985,63,0.1393,0.7648,False
Spanish,坤卦-dynamic,ɲ,0.851,7,0.1343,0.7648,False
Spanish,震卦-dynamic,r,-0.844,4,0.1493,0.7648,False
Spanish,震卦-static,ɲ,0.828,6,0.1493,0.7648,False
Spanish,離卦-dynamic,f,0.788,19,0.1493,0.7648,False
Spanish,中卦-static,ɲ,0.717,6,0.1393,0.7648,False
Spanish,兌卦-static,e,-1.79,9,0.1542,0.7733,False
Spanish,巽卦-static,θ,-1.347,3,0.1542,0.7733,False
Spanish,巽卦-static,p,-1.248,5,0.1592,0.7926,False
Spanish,震卦-dynamic,ð,-0.866,11,0.1642,0.806,False
Spanish,坤卦-dynamic,x,0.6,24,0.1642,0.806,False
Spanish,乾卦-static,i,-1.223,12,0.1692,0.8133,False
Spanish,艮卦-static,ɡ,0.997,5,0.1692,0.8133,False
Spanish,坤卦-static,o,1.712,23,0.1791,0.8179,False
Spanish,坎卦-static,t,1.201,22,0.1791,0.8179,False
Spanish,坎卦-static,θ,1.173,9,0.1841,0.8179,False
Spanish,離卦-static,p,0.84,28,0.1841,0.8179,False
Spanish,離卦-static,j,-0.806,6,0.1791,0.8179,False
Spanish,離卦-dynamic,r,-0.798,5,0.1841,0.8179,False
Spanish,乾卦-dynamic,β,-0.792,8,0.1791,0.8179,False
Spanish,乾卦-dynamic,i,0.741,63,0.1841,0.8179,False
Spanish,兌卦-dynamic,f,-0.614,7,0.1791,0.8179,False
Spanish,中卦-static,b,-0.594,13,0.1791,0.8179,False
Spanish,震卦-static,n,0.579,99,0.1841,0.8179,False
Spanish,震卦-static,ʝ,0.712,3,0.1891,0.8192,False
Spanish,兌卦-dynamic,t͡ʃ,0.644,7,0.1891,0.8192,False
Spanish,震卦-static,ɾ,-0.63,109,0.1891,0.8192,False
Spanish,震卦-static,b,0.548,30,0.1891,0.8192,False
Spanish,坎卦-static,i,1.15,23,0.194,0.8305,False
Spanish,坤卦-dynamic,a͡ʊ,0.633,6,0.194,0.8305,False
Spanish,坎卦-static,ɡ,1.212,3,0.199,0.8365,False
Spanish,艮卦-dynamic,ɾ,0.866,93,0.199,0.8365,False
Spanish,兌卦-dynamic,s,-0.612,54,0.199,0.8365,False
Spanish,兌卦-static,l,1.489,11,0.2189,0.8537,False
Spanish,巽卦-static,o,1.103,35,0.2189,0.8537,False
Spanish,艮卦-static,θ,0.797,15,0.2189,0.8537,False
Spanish,離卦-dynamic,n,0.796,61,0.2189,0.8537,False
Spanish,艮卦-dynamic,a,0.791,118,0.2189,0.8537,False
Spanish,乾卦-dynamic,p,-0.721,23,0.209,0.8537,False
Spanish,兌卦-dynamic,d,-0.621,12,0.209,0.8537,False
Spanish,震卦-static,k,-0.539,52,0.2139,0.8537,False
Spanish,坤卦-dynamic,ɾ,-0.514,134,0.2189,0.8537,False
Spanish,坎卦-dynamic,b,1.024,7,0.2239,0.8635,False
Spanish,中卦-static,t,0.514,106,0.2239,0.8635,False
Spanish,坤卦-static,i,1.417,11,0.2289,0.8731,False
Spanish,震卦-static,ɡ,0.631,12,0.2338,0.8825,False
Spanish,中卦-static,ɡ,-0.538,5,0.2338,0.8825,False
Spanish,坎卦-static,p,-0.986,7,0.2438,0.8913,False
Spanish,震卦-dynamic,l,-0.808,21,0.2388,0.8913,False
Spanish,離卦-static,d,-0.715,6,0.2438,0.8913,False
Spanish,離卦-dynamic,j,-0.656,10,0.2438,0.8913,False
Spanish,巽卦-static,ɣ,1.094,5,0.2587,0.8991,False
Spanish,乾卦-static,e,1.054,37,0.2537,0.8991,False
Spanish,艮卦-static,n,-0.74,22,0.2537,0.8991,False
Spanish,艮卦-static,p,-0.73,14,0.2488,0.8991,False
Spanish,乾卦-dynamic,b,-0.693,6,0.2587,0.8991,False
Spanish,中卦-static,ʎ,-0.539,5,0.2587,0.8991,False
Spanish,坤卦-dynamic,ʎ,-0.506,6,0.2587,0.8991,False
Spanish,兌卦-dynamic,p,0.495,48,0.2587,0.8991,False
Spanish,中卦-static,e,0.466,187,0.2637,0.9118,False
Spanish,巽卦-dynamic,m,2.128,4,0.2886,0.9208,False
Spanish,巽卦-dynamic,l,2.064,6,0.2736,0.9208,False
Spanish,坤卦-static,a,-1.373,13,0.2886,0.9208,False
Spanish,震卦-dynamic,k,-0.774,22,0.2736,0.9208,False
Spanish,震卦-dynamic,i,-0.741,36,0.2886,0.9208,False
Spanish,離卦-static,e,-0.687,62,0.2687,0.9208,False
Spanish,離卦-static,ʎ,0.664,12,0.2786,0.9208,False
Spanish,乾卦-dynamic,s,-0.652,36,0.2786,0.9208,False
Spanish,乾卦-dynamic,ɾ,-0.64,62,0.2836,0.9208,False
Spanish,中卦-static,r,-0.498,12,0.2736,0.9208,False
Spanish,坤卦-dynamic,t͡ʃ,-0.481,3,0.2786,0.9208,False
Spanish,震卦-static,p,-0.444,44,0.2886,0.9208,False
Spanish,坤卦-dynamic,k,-0.44,63,0.2886,0.9208,False
Spanish,艮卦-dynamic,f,-0.707,3,0.2935,0.9282,False
Spanish,坤卦-dynamic,e,-0.436,166,0.2935,0.9282,False
Spanish,兌卦-static,ɾ,-1.258,6,0.2985,0.9313,False
Spanish,艮卦-static,k,-0.754,16,0.2985,0.9313,False
Spanish,坤卦-static,l,1.236,10,0.3184,0.9332,False
Spanish,乾卦-static,ɛ,0.988,6,0.3284,0.9332,False
Spanish,坎卦-dynamic,n,0.877,20,0.3284,0.9332,False
Spanish,坎卦-static,m,-0.824,7,0.3234,0.9332,False
Spanish,坎卦-dynamic,u,-0.806,3,0.3134,0.9332,False
Spanish,艮卦-dynamic,ð,0.72,24,0.3184,0.9332,False
Spanish,艮卦-dynamic,ɣ,-0.682,3,0.3134,0.9332,False
Spanish,乾卦-dynamic,ɡ,0.668,7,0.3035,0.9332,False
Spanish,艮卦-static,d,-0.613,5,0.3284,0.9332,False
Spanish,乾卦-dynamic,ð,-0.502,17,0.3184,0.9332,False
Spanish,震卦-static,d,0.476,26,0.3284,0.9332,False
Spanish,兌卦-dynamic,k,-0.451,46,0.3134,0.9332,False
Spanish,中卦-static,l,-0.428,61,0.3085,0.9332,False
Spanish,坤卦-dynamic,p,-0.415,51,0.3085,0.9332,False
Spanish,中卦-static,a,-0.396,217,0.3234,0.9332,False
Spanish,中卦-static,ɣ,-0.383,12,0.3085,0.9332,False
Spanish,巽卦-dynamic,i,2.139,6,0.3483,0.9389,False
Spanish,坎卦-dynamic,l,-0.816,8,0.3483,0.9389,False
Spanish,巽卦-static,i,-0.803,11,0.3682,0.9389,False
Spanish,坎卦-dynamic,β,0.792,7,0.3483,0.9389,False
Spanish,坎卦-dynamic,x,0.659,4,0.3731,0.9389,False
Spanish,離卦-static,m,0.639,30,0.3433,0.9389,False
Spanish,離卦-dynamic,t,0.579,58,0.3731,0.9389,False
Spanish,艮卦-static,ɾ,-0.547,40,0.3731,0.9389,False
Spanish,乾卦-dynamic,x,-0.544,6,0.3383,0.9389,False
Spanish,離卦-dynamic,u,-0.528,14,0.3383,0.9389,False
Spanish,震卦-dynamic,u,-0.507,12,0.3731,0.9389,False
Spanish,乾卦-dynamic,o,0.48,112,0.3532,0.9389,False
Spanish,中卦-static,o,0.458,210,0.3682,0.9389,False
Spanish,兌卦-dynamic,ð,-0.445,26,0.3383,0.9389,False
Spanish,兌卦-dynamic,i,-0.42,69,0.3632,0.9389,False
Spanish,中卦-static,i,0.366,109,0.3731,0.9389,False
Spanish,兌卦-dynamic,m,0.362,51,0.3532,0.9389,False
Spanish,震卦-dynamic,s,0.57,47,0.3781,0.9413,False
Spanish,坤卦-dynamic,a,-0.411,230,0.3831,0.9459,False
Spanish,兌卦-dynamic,u,-0.375,24,0.3881,0.9459,False
Spanish,坤卦-dynamic,m,-0.305,54,0.3881,0.9459,False
Spanish,震卦-static,ɛ,0.389,20,0.393,0.9481,False
Spanish,坤卦-static,p,-1.133,3,0.398,0.9504,False
Spanish,中卦-static,ð,0.348,50,0.398,0.9504,False
Spanish,中卦-static,j,-0.329,28,0.398,0.9504,False
Spanish,兌卦-static,t,-1.211,5,0.403,0.9557,False
Spanish,坤卦-static,t,-1.162,5,0.403,0.9557,False
Spanish,坎卦-static,e,0.765,35,0.408,0.9578,False
Spanish,乾卦-dynamic,d,-0.481,9,0.408,0.9578,False
Spanish,巽卦-dynamic,p,1.599,3,0.4726,0.9613,False
Spanish,中卦-dynamic,t,1.519,3,0.5771,0.9613,False
Spanish,巽卦-dynamic,e,-1.202,5,0.5373,0.9613,False
Spanish,巽卦-dynamic,ɾ,0.997,9,0.6567,0.9613,False
Spanish,坤卦-static,ð,0.922,5,0.4975,0.9613,False
Spanish,坤卦-static,ɾ,-0.887,8,0.4726,0.9613,False
Spanish,兌卦-static,i,0.847,10,0.5373,0.9613,False
Spanish,兌卦-static,k,0.782,8,0.5622,0.9613,False
Spanish,坤卦-static,k,-0.746,4,0.5572,0.9613,False
Spanish,巽卦-static,a,-0.71,28,0.5025,0.9613,False
Spanish,坎卦-dynamic,j,-0.699,3,0.4179,0.9613,False
Spanish,坎卦-static,β,-0.679,3,0.4826,0.9613,False
Spanish,乾卦-static,θ,0.665,8,0.4627,0.9613,False
Spanish,巽卦-static,ʎ,0.66,4,0.5572,0.9613,False
Spanish,巽卦-static,s,0.651,15,0.4925,0.9613,False
Spanish,坎卦-static,a,-0.644,36,0.4826,0.9613,False
Spanish,乾卦-static,j,0.641,10,0.4876,0.9613,False
Spanish,坤卦-static,e,-0.638,12,0.6468,0.9613,False
Spanish,乾卦-static,p,-0.626,8,0.5224,0.9613,False
Spanish,乾卦-static,u,0.618,11,0.4229,0.9613,False
Spanish,坎卦-static,o,-0.593,26,0.5274,0.9613,False
Spanish,巽卦-static,ɾ,-0.584,17,0.597,0.9613,False
Spanish,乾卦-static,ɾ,-0.552,22,0.5721,0.9613,False
Spanish,震卦-dynamic,d,0.543,13,0.4179,0.9613,False
Spanish,乾卦-static,t,-0.54,14,0.4627,0.9613,False
Spanish,乾卦-static,k,0.535,16,0.6169,0.9613,False
Spanish,坎卦-dynamic,p,-0.527,8,0.5323,0.9613,False
Spanish,離卦-static,b,-0.519,6,0.4726,0.9613,False
Spanish,震卦-dynamic,e,0.513,85,0.4677,0.9613,False
Spanish,離卦-static,ŋ,0.511,3,0.4826,0.9613,False
Spanish,震卦-dynamic,m,-0.496,21,0.4478,0.9613,False
Spanish,艮卦-static,m,0.485,22,0.4726,0.9613,False
Spanish,巽卦-static,β,0.485,5,0.6119,0.9613,False
Spanish,乾卦-static,d,0.471,5,0.607,0.9613,False
Spanish,艮卦-dynamic,j,-0.465,10,0.4776,0.9613,False
Spanish,乾卦-dynamic,k,-0.464,31,0.4279,0.9613,False
Spanish,離卦-static,t,0.461,44,0.4577,0.9613,False
Spanish,艮卦-static,r,-0.459,4,0.4677,0.9613,False
Spanish,兌卦-static,p,0.454,5,0.6716,0.9613,False
Spanish,震卦-dynamic,ʎ,0.453,11,0.4876,0.9613,False
Spanish,坎卦-dynamic,d,-0.449,3,0.5871,0.9613,False
Spanish,乾卦-dynamic,l,0.449,50,0.4428,0.9613,False
Spanish,震卦-dynamic,w,0.447,11,0.4726,0.9613,False
Spanish,震卦-dynamic,b,-0.445,7,0.4577,0.9613,False
Spanish,離卦-static,o,0.445,88,0.4428,0.9613,False
Spanish,艮卦-static,s,-0.443,24,0.4826,0.9613,False
Spanish,坎卦-dynamic,t,-0.442,14,0.6368,0.9613,False
Spanish,離卦-dynamic,ɣ,-0.437,6,0.4378,0.9613,False
Spanish,坎卦-static,ɛ,0.436,4,0.6567,0.9613,False
Spanish,乾卦-static,ð,-0.43,6,0.5771,0.9613,False
Spanish,乾卦-dynamic,ɣ,-0.426,6,0.4478,0.9613,False
Spanish,艮卦-dynamic,ʎ,-0.425,3,0.4577,0.9613,False
Spanish,艮卦-static,ɣ,0.414,8,0.5871,0.9613,False
Spanish,坎卦-static,l,-0.402,11,0.6169,0.9613,False
Spanish,離卦-static,β,-0.399,9,0.5473,0.9613,False
Spanish,坤卦-dynamic,e͡ɪ,0.398,4,0.4726,0.9613,False
Spanish,離卦-dynamic,w,-0.388,4,0.5572,0.9613,False
Spanish,艮卦-dynamic,l,-0.385,26,0.5274,0.9613,False
Spanish,坤卦-dynamic,ɡ,0.384,12,0.4577,0.9613,False
Spanish,艮卦-static,β,-0.384,7,0.4726,0.9613,False
Spanish,乾卦-dynamic,w,-0.382,4,0.5075,0.9613,False
Spanish,艮卦-dynamic,β,-0.38,9,0.5323,0.9613,False
Spanish,離卦-dynamic,b,-0.375,9,0.5224,0.9613,False
Spanish,離卦-static,ɣ,0.355,10,0.597,0.9613,False
Spanish,兌卦-dynamic,n,-0.353,62,0.4179,0.9613,False
Spanish,乾卦-static,ʎ,0.351,4,0.6169,0.9613,False
Spanish,中卦-static,f,-0.346,14,0.4726,0.9613,False
Spanish,艮卦-dynamic,i,0.345,45,0.5721,0.9613,False
Spanish,震卦-dynamic,β,0.343,15,0.5871,0.9613,False
Spanish,離卦-static,i,-0.343,38,0.597,0.9613,False
Spanish,艮卦-static,j,-0.336,9,0.5871,0.9613,False
Spanish,震卦-dynamic,x,0.336,9,0.607,0.9613,False
Spanish,離卦-static,k,0.33,35,0.607,0.9613,False
Spanish,艮卦-dynamic,t͡ʃ,0.327,3,0.6667,0.9613,False
Spanish,坤卦-dynamic,ɛ,-0.313,8,0.4876,0.9613,False
Spanish,乾卦-dynamic,ʎ,-0.312,5,0.6219,0.9613,False
Spanish,坤卦-dynamic,l,-0.302,70,0.4726,0.9613,False
Spanish,離卦-static,f,0.301,11,0.6866,0.9613,False
Spanish,震卦-dynamic,j,-0.3,13,0.6119,0.9613,False
Spanish,乾卦-dynamic,a,-0.297,118,0.5871,0.9613,False
Spanish,坤卦-dynamic,w,-0.291,10,0.5025,0.9613,False
Spanish,震卦-static,ɣ,0.286,21,0.5224,0.9613,False
Spanish,離卦-static,w,-0.286,4,0.592,0.9613,False
Spanish,震卦-dynamic,t,0.279,45,0.592,0.9613,False
Spanish,兌卦-dynamic,ʎ,-0.271,8,0.5771,0.9613,False
Spanish,艮卦-static,f,-0.269,5,0.6617,0.9613,False
Spanish,中卦-static,n,-0.264,82,0.5622,0.9613,False
Spanish,中卦-static,p,0.263,58,0.5274,0.9613,False
Spanish,兌卦-dynamic,t,-0.258,67,0.5124,0.9613,False
Spanish,兌卦-dynamic,x,0.258,15,0.5622,0.9613,False
Spanish,艮卦-static,o,0.255,64,0.6766,0.9613,False
Spanish,乾卦-dynamic,e,-0.254,86,0.6716,0.9613,False
Spanish,震卦-static,j,-0.252,28,0.607,0.9613,False
Spanish,離卦-static,r,-0.248,6,0.6716,0.9613,False
Spanish,離卦-static,x,0.239,8,0.6866,0.9613,False
Spanish,震卦-static,ð,0.229,44,0.6219,0.9613,False
Spanish,離卦-dynamic,ɛ,-0.225,5,0.6667,0.9613,False
Spanish,震卦-static,w,-0.223,10,0.6517,0.9613,False
Spanish,坤卦-dynamic,s,-0.219,86,0.607,0.9613,False
Spanish,坤卦-dynamic,u,-0.215,38,0.5622,0.9613,False
Spanish,乾卦-dynamic,u,-0.211,19,0.6716,0.9613,False
Spanish,坤卦-dynamic,θ,0.208,42,0.5672,0.9613,False
Spanish,兌卦-dynamic,e,0.202,139,0.6617,0.9613,False
Spanish,坤卦-dynamic,t,-0.196,93,0.6368,0.9613,False
Spanish,坤卦-dynamic,f,-0.191,18,0.6219,0.9613,False
Spanish,坤卦-dynamic,n,0.174,101,0.6766,0.9613,False
Spanish,中卦-static,β,-0.174,25,0.6617,0.9613,False
Spanish,艮卦-dynamic,p,0.252,24,0.7015,0.9618,False
Spanish,震卦-static,e,0.176,164,0.7015,0.9618,False
Spanish,巽卦-static,e,0.406,26,0.7065,0.963,False
Spanish,離卦-static,l,-0.219,29,0.7065,0.963,False
Spanish,中卦-dynamic,e,-1.126,3,0.7313,0.9637,False
Spanish,中卦-dynamic,a,-1.111,4,0.7562,0.9637,False
Spanish,巽卦-dynamic,o,-0.442,6,0.7811,0.9637,False
Spanish,坤卦-static,j,0.423,4,0.7711,0.9637,False
Spanish,坤卦-static,s,0.405,8,0.7612,0.9637,False
Spanish,乾卦-static,n,0.373,18,0.7264,0.9637,False
Spanish,兌卦-static,s,0.336,8,0.7562,0.9637,False
Spanish,乾卦-static,b,0.289,5,0.7711,0.9637,False
Spanish,坎卦-static,s,-0.283,14,0.7363,0.9637,False
Spanish,坎卦-static,u,0.268,9,0.7761,0.9637,False
Spanish,艮卦-dynamic,x,-0.225,6,0.7313,0.9637,False
Spanish,震卦-dynamic,t͡ʃ,0.222,3,0.7463,0.9637,False
Spanish,離卦-static,u,-0.217,15,0.7214,0.9637,False
Spanish,艮卦-dynamic,ɡ,-0.21,3,0.7761,0.9637,False
Spanish,乾卦-dynamic,f,-0.187,9,0.7512,0.9637,False
Spanish,兌卦-dynamic,β,0.183,24,0.7711,0.9637,False
Spanish,離卦-static,n,0.18,40,0.7313,0.9637,False
Spanish,震卦-dynamic,ɣ,-0.162,7,0.7761,0.9637,False
Spanish,中卦-static,ɛ,-0.14,11,0.7811,0.9637,False
Spanish,中卦-static,x,0.136,18,0.7662,0.9637,False
Spanish,兌卦-dynamic,r,-0.127,12,0.7761,0.9637,False
Spanish,震卦-static,u,-0.114,36,0.7811,0.9637,False
Spanish,坎卦-dynamic,m,-0.245,9,0.7861,0.9647,False
Spanish,坎卦-dynamic,ɾ,0.236,31,0.791,0.9674,False
Spanish,坤卦-static,n,0.325,8,0.796,0.9701,False
Spanish,坎卦-dynamic,a,-0.245,39,0.801,0.9728,False
Spanish,中卦-static,θ,0.082,38,0.806,0.9755,False
Spanish,巽卦-dynamic,a,-0.562,8,0.8109,0.9782,False
Spanish,巽卦-dynamic,t,-0.562,3,0.8109,0.9782,False
Spanish,震卦-dynamic,ɛ,-0.135,5,0.8259,0.9927,False
Spanish,坤卦-static,u,0.235,4,0.8308,0.9936,False
Spanish,中卦-static,t͡ʃ,-0.081,5,0.8308,0.9936,False
Spanish,坎卦-dynamic,i,0.18,18,0.8358,0.9953,False
Spanish,坎卦-static,ɾ,0.172,31,0.8408,0.9953,False
Spanish,坎卦-static,k,-0.17,12,0.8408,0.9953,False
Spanish,離卦-dynamic,β,-0.112,14,0.8358,0.9953,False
Spanish,離卦-dynamic,a,-0.097,126,0.8408,0.9953,False
Spanish,巽卦-dynamic,s,-0.319,3,0.8706,0.9971,False
Spanish,兌卦-static,ð,0.285,4,0.8557,0.9971,False
Spanish,坤卦-static,m,0.217,5,0.8657,0.9971,False
Spanish,兌卦-static,o,0.204,16,0.8706,0.9971,False
Spanish,乾卦-static,m,0.193,11,0.8507,0.9971,False
Spanish,巽卦-static,k,0.17,11,0.8557,0.9971,False
Spanish,坎卦-dynamic,f,0.141,4,0.8557,0.9971,False
Spanish,乾卦-dynamic,ɛ,-0.124,6,0.8507,0.9971,False
Spanish,坎卦-static,ð,0.115,8,0.8507,0.9971,False
Spanish,乾卦-dynamic,θ,-0.103,19,0.8458,0.9971,False
Spanish,艮卦-dynamic,k,-0.098,29,0.8657,0.9971,False
Spanish,兌卦-dynamic,ɣ,-0.092,13,0.8657,0.9971,False
Spanish,震卦-static,m,0.091,55,0.8458,0.9971,False
Spanish,離卦-static,θ,0.085,16,0.8657,0.9971,False
Spanish,中卦-static,w,0.082,17,0.8657,0.9971,False
Spanish,震卦-static,t,-0.071,84,0.8657,0.9971,False
Spanish,坎卦-static,j,-0.128,6,0.8756,0.9979,False
Spanish,中卦-dynamic,o,0.632,5,0.9005,0.9987,False
Spanish,坎卦-dynamic,k,-0.113,12,0.8806,0.9987,False
Spanish,坎卦-dynamic,ð,-0.103,7,0.9005,0.9987,False
Spanish,離卦-dynamic,ɡ,0.091,5,0.8905,0.9987,False
Spanish,離卦-dynamic,k,-0.076,38,0.8905,0.9987,False
Spanish,艮卦-static,u,-0.072,13,0.9005,0.9987,False
Spanish,中卦-static,u,0.052,44,0.9005,0.9987,False
Spanish,中卦-dynamic,ɾ,-0.424,3,0.9254,0.9993,False
Spanish,巽卦-static,b,-0.103,3,0.9055,0.9993,False
Spanish,乾卦-static,f,0.101,4,0.9154,0.9993,False
Spanish,震卦-dynamic,ɾ,0.086,76,0.9154,0.9993,False
Spanish,艮卦-dynamic,b,-0.082,9,0.9154,0.9993,False
Spanish,坎卦-static,ɣ,-0.075,3,0.9453,0.9993,False
Spanish,兌卦-static,a,0.068,20,0.9701,0.9993,False
Spanish,離卦-dynamic,s,-0.064,46,0.9353,0.9993,False
Spanish,震卦-static,f,-0.057,18,0.9204,0.9993,False
Spanish,震卦-static,ŋ,0.055,4,0.9254,0.9993,False
Spanish,坎卦-static,r,0.044,3,0.9602,0.9993,False
Spanish,兌卦-dynamic,ɡ,0.044,7,0.9303,0.9993,False
Spanish,離卦-dynamic,i,-0.036,53,0.9403,0.9993,False
Spanish,艮卦-dynamic,u,0.032,18,0.9502,0.9993,False
Spanish,乾卦-static,r,0.032,3,0.9751,0.9993,False
Spanish,艮卦-static,ð,0.028,14,0.9652,0.9993,False
Spanish,震卦-dynamic,f,-0.028,9,0.9801,0.9993,False
Spanish,巽卦-static,l,0.026,11,0.9602,0.9993,False
Spanish,震卦-static,ʎ,-0.022,14,0.9652,0.9993,False
Spanish,艮卦-dynamic,n,-0.021,37,0.9801,0.9993,False
Spanish,艮卦-static,i,-0.02,32,0.9851,0.9993,False
Spanish,坤卦-static,θ,0.019,3,0.99,0.9993,False
Spanish,艮卦-dynamic,s,-0.019,36,0.9801,0.9993,False
Spanish,乾卦-static,x,0.014,3,0.995,0.9993,False
Spanish,震卦-static,l,0.012,72,0.9851,0.9993,False
Spanish,離卦-static,ɾ,-0.012,68,0.9652,0.9993,False
Spanish,巽卦-static,u,0.009,6,0.9851,0.9993,False
Spanish,艮卦-static,ʎ,-0.005,5,0.995,0.9993,False
Spanish,兌卦-dynamic,b,-0.002,18,0.995,0.9993,False
Spanish,坎卦-static,d,-0.001,4,1.0,1.0,False
Swahili,兌卦-static,o,3.688,27,0.005,0.2442,False
Swahili,乾卦-static,ɲ,3.631,7,0.005,0.2442,False
Swahili,坤卦-static,f,3.356,20,0.005,0.2442,False
Swahili,坤卦-static,s,2.878,21,0.005,0.2442,False
Swahili,震卦-dynamic,e,2.769,68,0.005,0.2442,False
Swahili,震卦-dynamic,l,2.385,32,0.005,0.2442,False
Swahili,中卦-static,h,2.068,45,0.005,0.2442,False
Swahili,中卦-static,w,2.059,78,0.005,0.2442,False
Swahili,中卦-static,s,1.987,89,0.005,0.2442,False
Swahili,兌卦-dynamic,k,1.717,105,0.005,0.2442,False
Swahili,中卦-static,a,1.141,419,0.005,0.2442,False
Swahili,兌卦-static,a,-2.826,7,0.0149,0.403,False
Swahili,兌卦-static,ɡ,2.432,7,0.0149,0.403,False
Swahili,離卦-dynamic,ð,2.425,5,0.0149,0.403,False
Swahili,離卦-static,n,2.098,25,0.01,0.403,False
Swahili,乾卦-dynamic,w,2.024,34,0.01,0.403,False
Swahili,坤卦-dynamic,ð,1.797,6,0.0149,0.403,False
Swahili,離卦-dynamic,z,1.607,28,0.0149,0.403,False
Swahili,震卦-static,a,-1.598,97,0.0149,0.403,False
Swahili,中卦-static,n,1.119,99,0.0149,0.403,False
Swahili,離卦-static,d,1.753,16,0.0199,0.5117,False
Swahili,艮卦-dynamic,t͡ʃ,1.351,29,0.0249,0.5597,False
Swahili,中卦-static,i,0.986,317,0.0249,0.5597,False
Swahili,離卦-dynamic,θ,2.728,3,0.0299,0.5877,False
Swahili,坎卦-dynamic,ŋ,1.852,14,0.0348,0.5877,False
Swahili,乾卦-dynamic,b,1.33,44,0.0348,0.5877,False
Swahili,艮卦-dynamic,k,1.176,94,0.0299,0.5877,False
Swahili,離卦-dynamic,l,-1.104,10,0.0348,0.5877,False
Swahili,兌卦-dynamic,a,1.029,227,0.0348,0.5877,False
Swahili,中卦-static,e,-0.917,51,0.0299,0.5877,False
Swahili,中卦-static,ʃ,-0.869,4,0.0348,0.5877,False
Swahili,坎卦-dynamic,ɡ,1.547,17,0.0398,0.6141,False
Swahili,離卦-dynamic,k,1.362,75,0.0398,0.6141,False
Swahili,艮卦-dynamic,ɟ,-1.124,5,0.0398,0.6141,False
Swahili,巽卦-static,v,2.607,9,0.0448,0.6363,False
Swahili,艮卦-static,ʃ,1.613,15,0.0448,0.6363,False
Swahili,乾卦-static,h,2.159,4,0.0498,0.6397,False
Swahili,中卦-static,θ,1.329,4,0.0498,0.6397,False
Swahili,乾卦-dynamic,d,-1.068,9,0.0498,0.6397,False
Swahili,巽卦-dynamic,ʃ,2.844,3,0.0647,0.6468,False
Swahili,離卦-static,p,1.725,16,0.0647,0.6468,False
Swahili,艮卦-static,t,1.327,20,0.0547,0.6468,False
Swahili,兌卦-dynamic,u,1.094,129,0.0597,0.6468,False
Swahili,離卦-dynamic,m,-1.079,31,0.0647,0.6468,False
Swahili,兌卦-dynamic,m,-1.073,40,0.0647,0.6468,False
Swahili,乾卦-dynamic,ɡ,-1.017,11,0.0647,0.6468,False
Swahili,艮卦-dynamic,b,1.002,51,0.0647,0.6468,False
Swahili,中卦-static,ð,0.893,6,0.0597,0.6468,False
Swahili,坤卦-dynamic,ŋ,-0.821,8,0.0647,0.6468,False
Swahili,中卦-static,p,-0.812,15,0.0597,0.6468,False
Swahili,中卦-static,o,-0.751,43,0.0597,0.6468,False
Swahili,艮卦-dynamic,i,-0.887,96,0.0697,0.6839,False
Swahili,坤卦-dynamic,t,0.745,45,0.0746,0.7196,False
Swahili,巽卦-dynamic,u,2.639,11,0.0796,0.7411,False
Swahili,巽卦-dynamic,ɟ,2.455,3,0.0796,0.7411,False
Swahili,巽卦-dynamic,v,2.666,4,0.0846,0.744,False
Swahili,乾卦-static,b,1.84,10,0.0846,0.744,False
Swahili,坤卦-static,j,1.443,6,0.0896,0.744,False
Swahili,坎卦-dynamic,l,1.371,16,0.0896,0.744,False
Swahili,震卦-dynamic,p,1.167,20,0.0846,0.744,False
Swahili,艮卦-static,ŋ,1.098,13,0.0896,0.744,False
Swahili,震卦-static,z,0.983,25,0.0896,0.744,False
Swahili,兌卦-static,ŋ,2.111,5,0.1144,0.7445,False
Swahili,乾卦-static,j,1.682,3,0.0995,0.7445,False
Swahili,坤卦-dynamic,ɣ,1.247,4,0.1144,0.7445,False
Swahili,震卦-dynamic,t,1.119,24,0.0995,0.7445,False
Swahili,乾卦-dynamic,ð,1.116,3,0.1095,0.7445,False
Swahili,坎卦-dynamic,w,1.038,11,0.1045,0.7445,False
Swahili,坤卦-dynamic,j,0.992,17,0.1144,0.7445,False
Swahili,震卦-dynamic,b,-0.958,9,0.1144,0.7445,False
Swahili,離卦-dynamic,b,-0.94,13,0.1095,0.7445,False
Swahili,震卦-static,p,-0.823,7,0.0995,0.7445,False
Swahili,兌卦-dynamic,b,-0.745,20,0.1095,0.7445,False
Swahili,坤卦-dynamic,m,0.739,120,0.1045,0.7445,False
Swahili,中卦-static,m,-0.727,94,0.0995,0.7445,False
Swahili,中卦-static,b,-0.652,39,0.1045,0.7445,False
Swahili,坎卦-static,ɟ,1.577,9,0.1244,0.7511,False
Swahili,離卦-static,e,1.308,31,0.1244,0.7511,False
Swahili,乾卦-dynamic,m,0.96,88,0.1294,0.7511,False
Swahili,兌卦-dynamic,d,-0.753,15,0.1244,0.7511,False
Swahili,中卦-static,t,0.674,68,0.1194,0.7511,False
Swahili,中卦-static,ɡ,-0.641,34,0.1294,0.7511,False
Swahili,中卦-static,u,-0.636,115,0.1244,0.7511,False
Swahili,兌卦-static,d,1.602,5,0.1393,0.7564,False
Swahili,震卦-dynamic,j,0.99,8,0.1443,0.7564,False
Swahili,艮卦-static,m,-0.952,19,0.1343,0.7564,False
Swahili,離卦-dynamic,ŋ,0.828,21,0.1393,0.7564,False
Swahili,兌卦-dynamic,p,0.786,31,0.1443,0.7564,False
Swahili,艮卦-dynamic,l,-0.741,18,0.1443,0.7564,False
Swahili,坤卦-dynamic,ʃ,-0.711,5,0.1393,0.7564,False
Swahili,坤卦-dynamic,ɡ,-0.637,22,0.1493,0.775,False
Swahili,艮卦-dynamic,u,0.751,119,0.1542,0.7932,False
Swahili,兌卦-dynamic,t͡ʃ,0.71,21,0.1592,0.8035,False
Swahili,兌卦-dynamic,t,0.627,37,0.1592,0.8035,False
Swahili,巽卦-static,b,1.575,8,0.1692,0.8127,False
Swahili,乾卦-static,k,-1.499,4,0.1791,0.8127,False
Swahili,離卦-static,u,-1.073,17,0.1642,0.8127,False
Swahili,坤卦-static,d,-1.032,4,0.1741,0.8127,False
Swahili,震卦-static,ð,0.979,3,0.1791,0.8127,False
Swahili,震卦-dynamic,m,-0.914,25,0.1791,0.8127,False
Swahili,乾卦-dynamic,k,-0.754,35,0.1741,0.8127,False
Swahili,艮卦-static,ɡ,0.745,16,0.1741,0.8127,False
Swahili,震卦-static,i,0.621,137,0.1791,0.8127,False
Swahili,艮卦-dynamic,a,0.696,218,0.1841,0.8148,False
Swahili,離卦-static,t͡ʃ,1.058,9,0.1891,0.8233,False
Swahili,坤卦-static,e,-0.987,9,0.1891,0.8233,False
Swahili,坎卦-dynamic,m,-0.846,17,0.199,0.8297,False
Swahili,離卦-dynamic,n,0.798,39,0.204,0.8297,False
Swahili,震卦-dynamic,d,0.765,18,0.209,0.8297,False
Swahili,艮卦-static,i,0.75,71,0.209,0.8297,False
Swahili,艮卦-dynamic,j,-0.75,3,0.194,0.8297,False
Swahili,震卦-static,o,0.692,78,0.204,0.8297,False
Swahili,震卦-static,b,-0.621,19,0.209,0.8297,False
Swahili,中卦-static,ɟ,-0.516,23,0.199,0.8297,False
Swahili,中卦-static,v,-0.581,4,0.2139,0.8432,False
Swahili,震卦-static,ʃ,-0.595,5,0.2189,0.8566,False
Swahili,坎卦-dynamic,f,0.846,9,0.2239,0.8698,False
Swahili,巽卦-dynamic,i,-1.859,3,0.2289,0.8703,False
Swahili,離卦-static,w,-0.859,3,0.2289,0.8703,False
Swahili,離卦-dynamic,a,0.647,164,0.2289,0.8703,False
Swahili,兌卦-static,n,1.445,7,0.2338,0.8739,False
Swahili,坤卦-static,r,-0.932,3,0.2388,0.8739,False
Swahili,坎卦-dynamic,z,-0.905,3,0.2587,0.8739,False
Swahili,離卦-static,ɟ,-0.857,3,0.2687,0.8739,False
Swahili,坎卦-dynamic,t,0.805,14,0.2687,0.8739,False
Swahili,震卦-dynamic,ɟ,-0.796,5,0.2438,0.8739,False
Swahili,坎卦-dynamic,b,-0.762,7,0.2637,0.8739,False
Swahili,兌卦-dynamic,j,-0.738,3,0.2338,0.8739,False
Swahili,震卦-dynamic,n,-0.736,15,0.2637,0.8739,False
Swahili,震卦-static,m,0.692,87,0.2438,0.8739,False
Swahili,震卦-dynamic,u,-0.682,34,0.2488,0.8739,False
Swahili,兌卦-dynamic,s,-0.558,14,0.2637,0.8739,False
Swahili,兌卦-dynamic,o,-0.553,33,0.2587,0.8739,False
Swahili,艮卦-dynamic,n,-0.539,31,0.2587,0.8739,False
Swahili,坤卦-dynamic,w,0.528,29,0.2637,0.8739,False
Swahili,坤卦-dynamic,p,-0.491,15,0.2637,0.8739,False
Swahili,中卦-static,t͡ʃ,-0.458,14,0.2687,0.8739,False
Swahili,乾卦-static,ŋ,1.243,5,0.2836,0.8852,False
Swahili,坎卦-dynamic,e,-0.811,11,0.2836,0.8852,False
Swahili,坎卦-dynamic,r,-0.803,4,0.2786,0.8852,False
Swahili,震卦-static,f,-0.625,5,0.2836,0.8852,False
Swahili,兌卦-dynamic,e,-0.54,38,0.2786,0.8852,False
Swahili,坤卦-dynamic,b,0.449,47,0.2786,0.8852,False
Swahili,中卦-dynamic,i,3.012,6,0.2985,0.8983,False
Swahili,中卦-dynamic,m,2.842,4,0.3333,0.8983,False
Swahili,巽卦-dynamic,a,1.292,14,0.408,0.8983,False
Swahili,兌卦-static,i,-1.275,9,0.3582,0.8983,False
Swahili,巽卦-static,n,-1.074,3,0.2985,0.8983,False
Swahili,兌卦-static,p,1.001,4,0.4378,0.8983,False
Swahili,乾卦-static,e,0.957,12,0.3881,0.8983,False
Swahili,坎卦-static,m,0.956,25,0.3532,0.8983,False
Swahili,兌卦-static,e,0.951,9,0.4129,0.8983,False
Swahili,坎卦-static,b,0.935,11,0.2935,0.8983,False
Swahili,坎卦-static,r,0.927,10,0.3731,0.8983,False
Swahili,兌卦-static,ʃ,0.904,3,0.4726,0.8983,False
Swahili,坎卦-static,a,0.889,50,0.3632,0.8983,False
Swahili,乾卦-static,ɡ,0.834,6,0.4776,0.8983,False
Swahili,坤卦-static,ɟ,-0.82,3,0.3035,0.8983,False
Swahili,坤卦-static,m,-0.789,17,0.3134,0.8983,False
Swahili,巽卦-static,a,-0.774,20,0.4975,0.8983,False
Swahili,巽卦-static,l,0.767,5,0.5323,0.8983,False
Swahili,坎卦-dynamic,s,-0.755,4,0.3035,0.8983,False
Swahili,坎卦-static,z,0.746,6,0.398,0.8983,False
Swahili,兌卦-static,u,-0.743,7,0.4478,0.8983,False
Swahili,坤卦-static,a,0.732,73,0.3383,0.8983,False
Swahili,乾卦-static,o,-0.712,4,0.5124,0.8983,False
Swahili,艮卦-static,f,0.689,10,0.3085,0.8983,False
Swahili,坎卦-dynamic,ɟ,0.679,10,0.3383,0.8983,False
Swahili,離卦-static,l,0.678,13,0.3781,0.8983,False
Swahili,巽卦-static,ʃ,0.658,3,0.5274,0.8983,False
Swahili,艮卦-static,k,-0.652,20,0.3682,0.8983,False
Swahili,離卦-dynamic,h,0.651,11,0.2985,0.8983,False
Swahili,震卦-dynamic,ŋ,-0.637,5,0.3333,0.8983,False
Swahili,艮卦-static,u,0.635,48,0.3234,0.8983,False
Swahili,坤卦-static,v,0.611,9,0.4378,0.8983,False
Swahili,艮卦-static,ɟ,-0.601,5,0.3433,0.8983,False
Swahili,坎卦-dynamic,d,-0.591,6,0.3831,0.8983,False
Swahili,坤卦-static,w,-0.572,4,0.4478,0.8983,False
Swahili,震卦-static,n,0.564,40,0.3632,0.8983,False
Swahili,艮卦-static,s,-0.561,6,0.3682,0.8983,False
Swahili,震卦-dynamic,k,0.561,42,0.3682,0.8983,False
Swahili,坤卦-static,ɲ,0.559,5,0.5124,0.8983,False
Swahili,乾卦-dynamic,ŋ,-0.558,8,0.3433,0.8983,False
Swahili,離卦-static,t,0.556,13,0.4627,0.8983,False
Swahili,震卦-dynamic,s,0.534,16,0.4129,0.8983,False
Swahili,離卦-dynamic,i,-0.533,85,0.3632,0.8983,False
Swahili,乾卦-dynamic,ɟ,-0.528,10,0.3582,0.8983,False
Swahili,坤卦-static,ɡ,-0.512,7,0.5025,0.8983,False
Swahili,震卦-static,t͡ʃ,0.501,16,0.3632,0.8983,False
Swahili,離卦-static,a,-0.497,58,0.4975,0.8983,False
Swahili,坤卦-static,t,0.495,12,0.5323,0.8983,False
Swahili,震卦-static,j,-0.491,4,0.3483,0.8983,False
Swahili,震卦-static,ɲ,0.489,12,0.393,0.8983,False
Swahili,震卦-dynamic,w,-0.488,7,0.4677,0.8983,False
Swahili,震卦-dynamic,z,0.486,13,0.4627,0.8983,False
Swahili,離卦-dynamic,f,0.483,16,0.403,0.8983,False
Swahili,艮卦-static,e,-0.48,17,0.4428,0.8983,False
Swahili,乾卦-dynamic,t͡ʃ,-0.476,6,0.3781,0.8983,False
Swahili,離卦-static,m,-0.469,22,0.5075,0.8983,False
Swahili,乾卦-dynamic,p,0.462,21,0.3881,0.8983,False
Swahili,坤卦-dynamic,t͡ʃ,-0.46,9,0.3483,0.8983,False
Swahili,乾卦-dynamic,n,-0.458,25,0.4229,0.8983,False
Swahili,離卦-dynamic,s,-0.457,12,0.3831,0.8983,False
Swahili,兌卦-dynamic,w,0.455,24,0.3433,0.8983,False
Swahili,坤卦-dynamic,s,-0.454,18,0.3731,0.8983,False
Swahili,坤卦-dynamic,k,-0.451,60,0.3682,0.8983,False
Swahili,艮卦-dynamic,v,-0.45,5,0.3682,0.8983,False
Swahili,乾卦-dynamic,h,0.449,10,0.4826,0.8983,False
Swahili,乾卦-dynamic,l,-0.448,17,0.398,0.8983,False
Swahili,艮卦-dynamic,s,-0.442,16,0.3333,0.8983,False
Swahili,艮卦-dynamic,ɲ,-0.439,5,0.3682,0.8983,False
Swahili,坤卦-dynamic,i,-0.438,132,0.3682,0.8983,False
Swahili,坤卦-dynamic,u,-0.436,83,0.3333,0.8983,False
Swahili,乾卦-dynamic,j,-0.435,4,0.5373,0.8983,False
Swahili,坎卦-dynamic,k,0.429,26,0.5224,0.8983,False
Swahili,兌卦-dynamic,ɲ,-0.426,5,0.4428,0.8983,False
Swahili,兌卦-dynamic,z,0.425,23,0.3532,0.8983,False
Swahili,兌卦-dynamic,n,-0.419,32,0.408,0.8983,False
Swahili,震卦-dynamic,ɡ,-0.413,12,0.4975,0.8983,False
Swahili,坤卦-dynamic,e,0.41,73,0.3881,0.8983,False
Swahili,離卦-dynamic,p,0.41,20,0.4428,0.8983,False
Swahili,震卦-static,v,-0.403,5,0.4328,0.8983,False
Swahili,艮卦-dynamic,o,-0.402,41,0.3781,0.8983,False
Swahili,震卦-dynamic,o,-0.401,22,0.5025,0.8983,False
Swahili,震卦-static,ɡ,0.397,28,0.4129,0.8983,False
Swahili,離卦-dynamic,u,0.397,80,0.4229,0.8983,False
Swahili,艮卦-static,a,-0.396,71,0.5373,0.8983,False
Swahili,乾卦-dynamic,ʃ,0.395,15,0.4975,0.8983,False
Swahili,震卦-static,e,-0.389,36,0.4229,0.8983,False
Swahili,震卦-static,t,0.389,29,0.4527,0.8983,False
Swahili,離卦-dynamic,r,-0.383,15,0.5174,0.8983,False
Swahili,離卦-dynamic,w,0.379,18,0.4776,0.8983,False
Swahili,兌卦-dynamic,i,-0.374,116,0.403,0.8983,False
Swahili,震卦-static,u,0.361,87,0.4925,0.8983,False
Swahili,坤卦-dynamic,r,-0.358,23,0.398,0.8983,False
Swahili,坤卦-dynamic,ɟ,0.358,28,0.4478,0.8983,False
Swahili,中卦-static,r,0.35,60,0.3881,0.8983,False
Swahili,坤卦-dynamic,l,0.349,37,0.4627,0.8983,False
Swahili,震卦-static,d,-0.344,17,0.4726,0.8983,False
Swahili,兌卦-dynamic,r,-0.344,20,0.4279,0.8983,False
Swahili,兌卦-dynamic,ɟ,-0.34,15,0.4925,0.8983,False
Swahili,乾卦-dynamic,r,0.323,26,0.5124,0.8983,False
Swahili,兌卦-dynamic,ŋ,-0.317,13,0.5373,0.8983,False
Swahili,艮卦-dynamic,ʃ,0.296,18,0.5373,0.8983,False
Swahili,中卦-static,ŋ,-0.294,24,0.5025,0.8983,False
Swahili,艮卦-dynamic,ɡ,0.292,32,0.5323,0.8983,False
Swahili,中卦-static,d,-0.286,37,0.4627,0.8983,False
Swahili,中卦-static,f,-0.271,19,0.4826,0.8983,False
Swahili,坤卦-dynamic,z,-0.266,18,0.5323,0.8983,False
Swahili,中卦-static,l,-0.261,43,0.4826,0.8983,False
Swahili,中卦-static,ɲ,-0.259,12,0.5224,0.8983,False
Swahili,中卦-static,z,-0.21,29,0.5274,0.8983,False
Swahili,乾卦-static,r,0.623,6,0.5423,0.9038,False
Swahili,離卦-static,i,0.523,56,0.5473,0.9093,False
Swahili,乾卦-static,w,0.588,4,0.5622,0.917,False
Swahili,離卦-static,ŋ,-0.474,4,0.5672,0.917,False
Swahili,乾卦-dynamic,a,-0.378,132,0.5672,0.917,False
Swahili,離卦-dynamic,o,-0.352,33,0.5672,0.917,False
Swahili,震卦-static,s,0.281,22,0.5572,0.917,False
Swahili,中卦-static,j,-0.277,11,0.5771,0.9275,False
Swahili,巽卦-static,s,0.579,4,0.597,0.9427,False
Swahili,艮卦-static,r,0.439,15,0.597,0.9427,False
Swahili,艮卦-static,d,0.349,12,0.592,0.9427,False
Swahili,巽卦-dynamic,k,0.913,5,0.6219,0.9482,False
Swahili,乾卦-static,t͡ʃ,0.551,3,0.6269,0.9482,False
Swahili,巽卦-static,d,0.506,4,0.6169,0.9482,False
Swahili,坤卦-static,u,0.397,35,0.6119,0.9482,False
Swahili,坎卦-dynamic,p,0.388,9,0.6119,0.9482,False
Swahili,坎卦-dynamic,u,0.363,36,0.6219,0.9482,False
Swahili,艮卦-static,o,-0.312,19,0.6169,0.9482,False
Swahili,離卦-dynamic,ɟ,-0.309,12,0.6169,0.9482,False
Swahili,乾卦-dynamic,ɲ,-0.295,5,0.6219,0.9482,False
Swahili,離卦-dynamic,t,0.265,25,0.6119,0.9482,False
Swahili,乾卦-dynamic,u,-0.257,62,0.6119,0.9482,False
Swahili,艮卦-dynamic,f,-0.255,11,0.607,0.9482,False
Swahili,兌卦-dynamic,ʃ,0.254,17,0.6219,0.9482,False
Swahili,艮卦-dynamic,z,-0.251,16,0.6269,0.9482,False
Swahili,巽卦-static,f,0.617,3,0.6517,0.9486,False
Swahili,坎卦-static,p,-0.463,3,0.6418,0.9486,False
Swahili,離卦-static,ʃ,-0.405,3,0.6517,0.9486,False
Swahili,離卦-static,k,-0.403,19,0.6368,0.9486,False
Swahili,坎卦-static,l,-0.392,5,0.6468,0.9486,False
Swahili,坎卦-static,k,-0.389,12,0.6368,0.9486,False
Swahili,坤卦-static,h,0.339,4,0.6468,0.9486,False
Swahili,乾卦-dynamic,s,-0.298,14,0.6517,0.9486,False
Swahili,艮卦-static,b,-0.28,12,0.6468,0.9486,False
Swahili,離卦-dynamic,ɡ,0.261,24,0.6368,0.9486,False
Swahili,坤卦-dynamic,ɲ,0.201,13,0.6567,0.9533,False
Swahili,兌卦-static,m,-0.508,7,0.6667,0.9574,False
Swahili,坎卦-static,o,0.449,18,0.6617,0.9574,False
Swahili,坤卦-dynamic,o,0.233,81,0.6667,0.9574,False
Swahili,坤卦-dynamic,n,0.2,48,0.6667,0.9574,False
Swahili,離卦-static,r,0.353,12,0.6716,0.962,False
Swahili,巽卦-dynamic,m,0.718,6,0.6866,0.9655,False
Swahili,坤卦-static,b,-0.369,9,0.6766,0.9655,False
Swahili,震卦-dynamic,h,0.233,6,0.6866,0.9655,False
Swahili,艮卦-static,n,-0.224,15,0.6866,0.9655,False
Swahili,巽卦-static,k,0.476,10,0.6915,0.9669,False
Swahili,坎卦-dynamic,n,0.272,15,0.6915,0.9669,False
Swahili,離卦-dynamic,v,-0.247,7,0.7015,0.9688,False
Swahili,兌卦-static,b,-0.419,3,0.7164,0.9844,False
Swahili,艮卦-dynamic,h,-0.177,8,0.7164,0.9844,False
Swahili,坎卦-static,i,-0.4,26,0.7264,0.9952,False
Swahili,乾卦-static,m,0.355,14,0.8408,0.9952,False
Swahili,坎卦-static,s,-0.292,4,0.806,0.9952,False
Swahili,兌卦-static,s,0.276,3,0.7811,0.9952,False
Swahili,坎卦-static,ɡ,0.271,7,0.7711,0.9952,False
Swahili,離卦-static,o,-0.249,17,0.7413,0.9952,False
Swahili,離卦-static,ɡ,0.238,11,0.806,0.9952,False
Swahili,坎卦-static,d,0.23,6,0.8507,0.9952,False
Swahili,坎卦-static,u,-0.215,18,0.791,0.9952,False
Swahili,坎卦-dynamic,ɲ,0.213,4,0.7562,0.9952,False
Swahili,坤卦-static,z,0.2,7,0.7811,0.9952,False
Swahili,震卦-dynamic,i,-0.196,68,0.7463,0.9952,False
Swahili,坎卦-static,n,-0.193,8,0.8408,0.9952,False
Swahili,坎卦-dynamic,i,0.193,50,0.8209,0.9952,False
Swahili,震卦-dynamic,ɲ,-0.193,4,0.7313,0.9952,False
Swahili,艮卦-static,z,-0.189,7,0.7512,0.9952,False
Swahili,坎卦-dynamic,ʃ,-0.181,4,0.791,0.9952,False
Swahili,乾卦-dynamic,v,0.177,14,0.7811,0.9952,False
Swahili,震卦-dynamic,f,0.171,9,0.8159,0.9952,False
Swahili,離卦-static,s,-0.168,7,0.8159,0.9952,False
Swahili,兌卦-dynamic,f,-0.159,12,0.7662,0.9952,False
Swahili,艮卦-dynamic,t,-0.157,27,0.7463,0.9952,False
Swahili,離卦-static,z,-0.157,6,0.8458,0.9952,False
Swahili,坤卦-static,t͡ʃ,0.152,5,0.8458,0.9952,False
Swahili,乾卦-dynamic,t,-0.152,21,0.8109,0.9952,False
Swahili,離卦-dynamic,ɲ,-0.151,6,0.7562,0.9952,False
Swahili,兌卦-dynamic,h,-0.151,8,0.8308,0.9952,False
Swahili,坤卦-dynamic,a,0.147,220,0.7811,0.9952,False
Swahili,震卦-static,l,0.146,25,0.7413,0.9952,False
Swahili,艮卦-dynamic,d,0.131,26,0.7711,0.9952,False
Swahili,離卦-static,b,-0.129,11,0.8607,0.9952,False
Swahili,離卦-dynamic,e,-0.125,38,0.8358,0.9952,False
Swahili,艮卦-static,l,-0.124,11,0.8557,0.9952,False
Swahili,震卦-static,ɟ,0.121,18,0.8209,0.9952,False
Swahili,乾卦-dynamic,f,-0.116,10,0.8557,0.9952,False
Swahili,坎卦-dynamic,o,-0.111,19,0.8358,0.9952,False
Swahili,震卦-static,r,-0.11,21,0.8358,0.9952,False
Swahili,坤卦-dynamic,f,0.1,18,0.8308,0.9952,False
Swahili,艮卦-dynamic,w,-0.085,18,0.8209,0.9952,False
Swahili,震卦-static,k,-0.084,52,0.8607,0.9952,False
Swahili,兌卦-static,k,0.223,8,0.8806,0.9995,False
Swahili,巽卦-static,o,0.178,9,0.9154,0.9995,False
Swahili,巽卦-dynamic,o,-0.163,3,0.9204,0.9995,False
Swahili,巽卦-static,u,-0.155,11,0.9154,0.9995,False
Swahili,坎卦-static,t,-0.144,6,0.9005,0.9995,False
Swahili,巽卦-static,m,0.131,11,0.8756,0.9995,False
Swahili,乾卦-static,l,-0.123,4,0.9005,0.9995,False
Swahili,乾卦-static,u,-0.118,13,0.8905,0.9995,False
Swahili,乾卦-static,i,-0.1,20,0.9254,0.9995,False
Swahili,巽卦-static,t,0.094,4,0.9254,0.9995,False
Swahili,乾卦-dynamic,o,0.09,50,0.8856,0.9995,False
Swahili,乾卦-dynamic,e,0.079,43,0.8955,0.9995,False
Swahili,艮卦-static,p,0.077,9,0.8955,0.9995,False
Swahili,坤卦-static,i,-0.076,44,0.9254,0.9995,False
Swahili,坤卦-dynamic,h,-0.075,10,0.8756,0.9995,False
Swahili,乾卦-static,a,0.075,29,0.9204,0.9995,False
Swahili,坤卦-static,o,-0.063,19,0.9403,0.9995,False
Swahili,兌卦-dynamic,l,0.061,28,0.9254,0.9995,False
Swahili,艮卦-dynamic,ŋ,0.057,18,0.9254,0.9995,False
Swahili,坤卦-dynamic,d,-0.056,27,0.9154,0.9995,False
Swahili,坤卦-dynamic,v,-0.056,15,0.9403,0.9995,False
Swahili,震卦-static,ŋ,0.05,15,0.9303,0.9995,False
Swahili,中卦-static,k,-0.048,111,0.8856,0.9995,False
Swahili,震卦-dynamic,a,-0.048,99,0.9403,0.9995,False
Swahili,離卦-dynamic,d,0.048,19,0.9403,0.9995,False
Swahili,乾卦-dynamic,z,0.046,15,0.9104,0.9995,False
Swahili,艮卦-dynamic,p,0.045,21,0.9254,0.9995,False
Swahili,震卦-dynamic,r,0.041,15,0.9403,0.9995,False
Swahili,艮卦-dynamic,m,-0.035,78,0.9403,0.9995,False
Swahili,離卦-dynamic,ʃ,0.035,11,0.9303,0.9995,False
Swahili,中卦-dynamic,a,-0.146,4,0.9701,1.0,False
Swahili,坤卦-static,ŋ,0.061,6,0.9453,1.0,False
Swahili,離卦-static,j,0.056,3,0.9502,1.0,False
Swahili,艮卦-dynamic,e,-0.05,52,0.9602,1.0,False
Swahili,坤卦-static,k,-0.041,21,0.9801,1.0,False
Swahili,巽卦-dynamic,e,-0.035,3,0.9751,1.0,False
Swahili,巽卦-static,i,0.034,18,0.9851,1.0,False
Swahili,兌卦-dynamic,ɡ,-0.025,27,0.9602,1.0,False
Swahili,艮卦-static,h,0.02,4,0.9751,1.0,False
Swahili,乾卦-dynamic,i,0.02,106,0.9751,1.0,False
Swahili,坎卦-dynamic,a,0.016,65,0.99,1.0,False
Swahili,乾卦-static,ɟ,-0.015,3,0.99,1.0,False
Swahili,乾卦-static,n,0.013,6,0.99,1.0,False
Swahili,艮卦-dynamic,r,-0.011,27,0.9801,1.0,False
Swahili,坤卦-static,n,-0.005,13,0.995,1.0,False
Swahili,震卦-static,w,0.005,16,0.99,1.0,False
Swahili,艮卦-static,w,0.003,8,1.0,1.0,False
Swahili,艮卦-static,v,-0.002,6,1.0,1.0,False
Swahili,巽卦-static,e,0.002,7,1.0,1.0,False
Thai,乾卦-dynamic,f,2.611,32,0.005,0.2035,False
Thai,巽卦-static,j,2.412,15,0.005,0.2035,False
Thai,乾卦-dynamic,ɹ,2.338,68,0.005,0.2035,False
Thai,坎卦-dynamic,p,2.076,29,0.005,0.2035,False
Thai,兌卦-dynamic,p,2.035,52,0.005,0.2035,False
Thai,艮卦-static,ɡ,1.784,35,0.005,0.2035,False
Thai,離卦-static,l,1.757,37,0.005,0.2035,False
Thai,中卦-static,c,1.751,63,0.005,0.2035,False
Thai,乾卦-dynamic,w,1.559,47,0.005,0.2035,False
Thai,兌卦-dynamic,a,-1.49,172,0.005,0.2035,False
Thai,坤卦-dynamic,w,1.172,54,0.005,0.2035,False
Thai,離卦-static,ɹ,1.53,35,0.01,0.3198,False
Thai,離卦-dynamic,t,1.432,66,0.01,0.3198,False
Thai,兌卦-dynamic,e,1.335,96,0.01,0.3198,False
Thai,艮卦-static,i,2.178,17,0.0149,0.3358,False
Thai,坤卦-static,ɡ,2.05,19,0.0149,0.3358,False
Thai,兌卦-dynamic,c,1.851,28,0.0149,0.3358,False
Thai,兌卦-dynamic,j,1.584,43,0.0149,0.3358,False
Thai,離卦-dynamic,c,1.482,34,0.0149,0.3358,False
Thai,兌卦-dynamic,ɹ,-1.4,3,0.0149,0.3358,False
Thai,兌卦-static,o,3.079,6,0.0199,0.3444,False
Thai,巽卦-static,e,2.105,32,0.0199,0.3444,False
Thai,兌卦-dynamic,r,1.696,23,0.0199,0.3444,False
Thai,乾卦-dynamic,a,1.241,394,0.0199,0.3444,False
Thai,兌卦-dynamic,ʔ,1.204,58,0.0199,0.3444,False
Thai,中卦-static,l,-0.894,32,0.0199,0.3444,False
Thai,兌卦-dynamic,a͡i,1.577,17,0.0249,0.3498,False
Thai,離卦-static,a,1.529,263,0.0249,0.3498,False
Thai,震卦-static,a͡i,1.131,32,0.0249,0.3498,False
Thai,乾卦-dynamic,ʔ,-1.082,31,0.0249,0.3498,False
Thai,坤卦-dynamic,j,1.063,69,0.0249,0.3498,False
Thai,震卦-static,t,0.913,90,0.0249,0.3498,False
Thai,中卦-static,h,0.887,240,0.0299,0.3951,False
Thai,中卦-static,ʔ,-0.727,61,0.0299,0.3951,False
Thai,艮卦-static,ʔ,1.292,41,0.0348,0.4236,False
Thai,兌卦-dynamic,u,1.225,47,0.0348,0.4236,False
Thai,震卦-dynamic,a,-1.032,187,0.0348,0.4236,False
Thai,乾卦-static,n,1.646,43,0.0448,0.4579,False
Thai,離卦-static,i,-1.23,6,0.0448,0.4579,False
Thai,離卦-dynamic,h,0.904,143,0.0448,0.4579,False
Thai,震卦-static,ɜ,-0.722,125,0.0448,0.4579,False
Thai,兌卦-dynamic,w,-1.363,8,0.0547,0.5354,False
Thai,艮卦-dynamic,t,1.064,51,0.0547,0.5354,False
Thai,坎卦-static,u,1.697,21,0.0597,0.5373,False
Thai,震卦-dynamic,a͡i,1.164,15,0.0597,0.5373,False
Thai,艮卦-dynamic,c,1.116,25,0.0597,0.5373,False
Thai,乾卦-dynamic,e,-1.011,50,0.0597,0.5373,False
Thai,離卦-dynamic,r,1.295,28,0.0647,0.5491,False
Thai,兌卦-dynamic,n,-0.9,49,0.0647,0.5491,False
Thai,兌卦-static,f,2.649,4,0.0697,0.5597,False
Thai,巽卦-dynamic,ʔ,1.831,8,0.0846,0.5597,False
Thai,震卦-dynamic,c,1.079,21,0.0896,0.5597,False
Thai,離卦-dynamic,l,-0.973,18,0.0896,0.5597,False
Thai,震卦-dynamic,ɡ,-0.95,18,0.0896,0.5597,False
Thai,乾卦-dynamic,s,0.893,193,0.0746,0.5597,False
Thai,兌卦-dynamic,h,0.878,103,0.0697,0.5597,False
Thai,離卦-dynamic,p,0.876,51,0.0896,0.5597,False
Thai,坤卦-dynamic,i,0.874,34,0.0846,0.5597,False
Thai,震卦-dynamic,ʔ,-0.866,24,0.0896,0.5597,False
Thai,坤卦-dynamic,u,-0.823,36,0.0746,0.5597,False
Thai,離卦-dynamic,ɡ,-0.817,27,0.0896,0.5597,False
Thai,震卦-static,w,0.802,54,0.0746,0.5597,False
Thai,震卦-static,e,-0.754,86,0.0697,0.5597,False
Thai,坤卦-dynamic,ʔ,-0.752,50,0.0846,0.5597,False
Thai,艮卦-static,t,-1.006,13,0.0945,0.5827,False
Thai,巽卦-dynamic,e,1.893,13,0.1045,0.6353,False
Thai,離卦-dynamic,n,-0.832,70,0.1095,0.6481,False
Thai,中卦-static,n,0.58,201,0.1095,0.6481,False
Thai,乾卦-dynamic,l,-0.815,22,0.1144,0.6602,False
Thai,坤卦-dynamic,s,0.622,231,0.1144,0.6602,False
Thai,艮卦-static,w,1.129,19,0.1194,0.6801,False
Thai,巽卦-static,ɜ,-1.089,14,0.1244,0.6826,False
Thai,離卦-dynamic,ɜ,0.732,117,0.1244,0.6826,False
Thai,震卦-static,a,0.571,514,0.1244,0.6826,False
Thai,離卦-static,r,1.013,18,0.1294,0.6848,False
Thai,震卦-dynamic,l,0.893,30,0.1294,0.6848,False
Thai,中卦-static,u,-0.551,52,0.1294,0.6848,False
Thai,坤卦-dynamic,r,-0.786,12,0.1343,0.6869,False
Thai,震卦-static,u,-0.595,47,0.1343,0.6869,False
Thai,中卦-static,s,0.554,273,0.1343,0.6869,False
Thai,坤卦-static,o,1.498,7,0.1393,0.7043,False
Thai,乾卦-static,u,-1.403,4,0.1443,0.7135,False
Thai,艮卦-static,ɜ,-0.871,38,0.1443,0.7135,False
Thai,坤卦-static,l,-1.159,4,0.1542,0.7229,False
Thai,坤卦-static,e,-1.073,11,0.1542,0.7229,False
Thai,艮卦-dynamic,u,0.785,48,0.1542,0.7229,False
Thai,離卦-static,ʔ,0.657,48,0.1542,0.7229,False
Thai,坤卦-dynamic,c,0.537,31,0.1493,0.7229,False
Thai,巽卦-static,u,0.992,12,0.1592,0.7237,False
Thai,震卦-dynamic,r,0.952,18,0.1592,0.7237,False
Thai,坎卦-dynamic,h,0.81,56,0.1592,0.7237,False
Thai,巽卦-dynamic,n,1.89,14,0.1642,0.7243,False
Thai,兌卦-static,l,1.704,7,0.1642,0.7243,False
Thai,離卦-dynamic,a͡i,1.067,20,0.1642,0.7243,False
Thai,震卦-dynamic,h,0.609,97,0.1692,0.7319,False
Thai,離卦-static,j,-0.809,9,0.1741,0.7323,False
Thai,離卦-dynamic,w,-0.721,18,0.1741,0.7323,False
Thai,中卦-static,ɹ,0.564,58,0.1741,0.7323,False
Thai,兌卦-static,t,1.442,9,0.1791,0.7463,False
Thai,坤卦-static,t,-1.158,6,0.1891,0.7592,False
Thai,離卦-static,s,-0.706,80,0.194,0.7592,False
Thai,震卦-dynamic,t,0.683,39,0.194,0.7592,False
Thai,兌卦-dynamic,ɡ,-0.614,22,0.194,0.7592,False
Thai,兌卦-dynamic,k,-0.541,41,0.1891,0.7592,False
Thai,震卦-dynamic,u,0.715,40,0.199,0.772,False
Thai,中卦-static,e,-0.443,112,0.209,0.7969,False
Thai,兌卦-static,r,1.446,4,0.2438,0.8171,False
Thai,兌卦-static,a,1.128,48,0.2239,0.8171,False
Thai,坎卦-static,t,1.055,17,0.2189,0.8171,False
Thai,坤卦-static,a͡i,1.006,5,0.2438,0.8171,False
Thai,坎卦-dynamic,ɹ,0.926,16,0.2239,0.8171,False
Thai,坎卦-dynamic,r,-0.899,3,0.2388,0.8171,False
Thai,離卦-static,a͡i,-0.845,5,0.2488,0.8171,False
Thai,離卦-static,w,-0.692,13,0.2289,0.8171,False
Thai,兌卦-dynamic,l,0.678,28,0.2488,0.8171,False
Thai,艮卦-dynamic,w,-0.646,16,0.2338,0.8171,False
Thai,艮卦-dynamic,n,0.531,100,0.2289,0.8171,False
Thai,震卦-static,j,-0.51,29,0.2388,0.8171,False
Thai,中卦-static,ɡ,0.492,82,0.2338,0.8171,False
Thai,震卦-static,h,0.465,202,0.2488,0.8171,False
Thai,坤卦-dynamic,t,-0.462,49,0.2388,0.8171,False
Thai,震卦-static,n,0.419,178,0.2388,0.8171,False
Thai,坎卦-dynamic,ɡ,-0.787,11,0.2537,0.8274,False
Thai,艮卦-dynamic,a͡i,-0.67,7,0.2587,0.8316,False
Thai,中卦-static,o,-0.54,10,0.2587,0.8316,False
Thai,艮卦-static,a,0.569,164,0.2637,0.8415,False
Thai,離卦-static,o,0.901,15,0.2687,0.8454,False
Thai,艮卦-static,m,-0.616,21,0.2687,0.8454,False
Thai,艮卦-static,ɹ,0.668,18,0.2736,0.8551,False
Thai,兌卦-static,a͡i,1.37,3,0.3085,0.8577,False
Thai,巽卦-dynamic,ɜ,-1.079,6,0.3831,0.8577,False
Thai,乾卦-static,i,1.039,7,0.3632,0.8577,False
Thai,坎卦-static,i,-0.95,3,0.3781,0.8577,False
Thai,乾卦-static,ʔ,-0.879,9,0.3184,0.8577,False
Thai,巽卦-static,w,0.871,7,0.3085,0.8577,False
Thai,乾卦-static,ɡ,0.85,15,0.3035,0.8577,False
Thai,兌卦-static,h,-0.818,12,0.3532,0.8577,False
Thai,乾卦-static,s,0.785,47,0.3184,0.8577,False
Thai,坎卦-dynamic,a͡i,-0.778,3,0.3582,0.8577,False
Thai,坤卦-static,a,0.768,86,0.3035,0.8577,False
Thai,兌卦-static,ɜ,0.756,16,0.3731,0.8577,False
Thai,乾卦-static,p,-0.752,6,0.3582,0.8577,False
Thai,坎卦-static,ɜ,-0.679,23,0.3433,0.8577,False
Thai,巽卦-static,s,0.659,33,0.3781,0.8577,False
Thai,坎卦-dynamic,n,-0.618,31,0.3134,0.8577,False
Thai,坎卦-dynamic,w,0.618,13,0.3433,0.8577,False
Thai,震卦-dynamic,f,0.613,8,0.3682,0.8577,False
Thai,艮卦-static,p,0.598,23,0.2786,0.8577,False
Thai,坎卦-dynamic,l,0.587,15,0.3234,0.8577,False
Thai,震卦-dynamic,i,0.581,16,0.2886,0.8577,False
Thai,離卦-dynamic,i,0.576,22,0.3234,0.8577,False
Thai,坎卦-dynamic,ʔ,0.541,26,0.3632,0.8577,False
Thai,離卦-static,d,-0.538,12,0.3483,0.8577,False
Thai,震卦-dynamic,s,0.532,117,0.2886,0.8577,False
Thai,震卦-dynamic,n,0.517,85,0.2886,0.8577,False
Thai,乾卦-dynamic,p,0.513,49,0.3433,0.8577,False
Thai,中卦-static,i,0.491,36,0.2786,0.8577,False
Thai,兌卦-dynamic,t,-0.488,25,0.3085,0.8577,False
Thai,離卦-static,u,0.486,36,0.3085,0.8577,False
Thai,兌卦-dynamic,s,-0.483,88,0.2886,0.8577,False
Thai,坤卦-dynamic,ɡ,0.438,67,0.2935,0.8577,False
Thai,兌卦-dynamic,d,-0.437,15,0.3284,0.8577,False
Thai,震卦-static,o,-0.436,11,0.3731,0.8577,False
Thai,乾卦-dynamic,i,0.428,23,0.3731,0.8577,False
Thai,乾卦-dynamic,c,-0.424,11,0.3483,0.8577,False
Thai,乾卦-dynamic,ɡ,-0.418,37,0.3682,0.8577,False
Thai,離卦-static,n,-0.416,60,0.3532,0.8577,False
Thai,坤卦-dynamic,a͡i,-0.412,14,0.3284,0.8577,False
Thai,兌卦-dynamic,m,-0.41,41,0.3532,0.8577,False
Thai,震卦-static,c,-0.406,16,0.3085,0.8577,False
Thai,坤卦-dynamic,d,-0.4,31,0.3184,0.8577,False
Thai,震卦-static,l,0.397,55,0.3433,0.8577,False
Thai,離卦-dynamic,j,0.387,36,0.3831,0.8577,False
Thai,離卦-dynamic,m,-0.376,59,0.3831,0.8577,False
Thai,震卦-static,i,0.368,32,0.3632,0.8577,False
Thai,坤卦-dynamic,n,0.349,156,0.3085,0.8577,False
Thai,中卦-static,p,-0.348,49,0.3383,0.8577,False
Thai,坤卦-dynamic,ɜ,0.338,150,0.3781,0.8577,False
Thai,中卦-static,ɜ,0.334,180,0.3134,0.8577,False
Thai,坤卦-dynamic,m,-0.323,88,0.3831,0.8577,False
Thai,坤卦-static,j,0.751,11,0.408,0.8587,False
Thai,兌卦-static,ʔ,-0.703,5,0.408,0.8587,False
Thai,坎卦-static,ʔ,0.623,19,0.4179,0.8587,False
Thai,巽卦-static,ɡ,0.593,10,0.4179,0.8587,False
Thai,乾卦-static,ɜ,-0.571,23,0.408,0.8587,False
Thai,離卦-static,c,-0.546,6,0.408,0.8587,False
Thai,坎卦-dynamic,s,-0.52,48,0.408,0.8587,False
Thai,乾卦-dynamic,o,-0.499,7,0.4179,0.8587,False
Thai,震卦-static,d,-0.411,34,0.393,0.8587,False
Thai,震卦-dynamic,k,-0.403,48,0.4179,0.8587,False
Thai,離卦-static,h,-0.402,72,0.4179,0.8587,False
Thai,艮卦-dynamic,h,0.364,107,0.3881,0.8587,False
Thai,乾卦-dynamic,k,-0.361,76,0.403,0.8587,False
Thai,中卦-static,t,0.339,81,0.4129,0.8587,False
Thai,坤卦-dynamic,h,0.309,174,0.4179,0.8587,False
Thai,中卦-static,m,-0.278,111,0.4179,0.8587,False
Thai,坤卦-static,p,-0.659,6,0.4229,0.8611,False
Thai,中卦-static,r,-0.368,21,0.4229,0.8611,False
Thai,震卦-static,p,0.346,65,0.4279,0.8673,False
Thai,坤卦-dynamic,b,-0.365,21,0.4328,0.8695,False
Thai,震卦-static,ʔ,-0.324,71,0.4328,0.8695,False
Thai,乾卦-static,o,0.968,6,0.4826,0.8761,False
Thai,巽卦-dynamic,s,0.931,15,0.4577,0.8761,False
Thai,兌卦-static,p,-0.74,3,0.4876,0.8761,False
Thai,巽卦-static,ʔ,0.56,13,0.4428,0.8761,False
Thai,乾卦-static,a,0.555,90,0.4577,0.8761,False
Thai,巽卦-static,k,-0.486,12,0.4925,0.8761,False
Thai,坎卦-dynamic,u,0.449,20,0.4577,0.8761,False
Thai,艮卦-dynamic,r,-0.443,10,0.4826,0.8761,False
Thai,艮卦-static,h,0.435,64,0.4428,0.8761,False
Thai,艮卦-static,j,-0.433,10,0.4677,0.8761,False
Thai,艮卦-dynamic,o,-0.433,6,0.4925,0.8761,False
Thai,艮卦-static,c,-0.423,5,0.4925,0.8761,False
Thai,艮卦-static,s,-0.364,63,0.4876,0.8761,False
Thai,坤卦-dynamic,o,-0.359,11,0.4627,0.8761,False
Thai,艮卦-dynamic,k,-0.356,59,0.4776,0.8761,False
Thai,震卦-dynamic,ɜ,-0.343,65,0.4925,0.8761,False
Thai,離卦-dynamic,ɹ,0.342,31,0.4925,0.8761,False
Thai,艮卦-dynamic,a,-0.341,245,0.4627,0.8761,False
Thai,離卦-static,m,-0.333,44,0.4726,0.8761,False
Thai,震卦-static,f,-0.324,4,0.4478,0.8761,False
Thai,艮卦-dynamic,ʔ,0.319,51,0.4577,0.8761,False
Thai,中卦-static,k,-0.312,122,0.4776,0.8761,False
Thai,中卦-static,a͡i,0.305,25,0.4776,0.8761,False
Thai,震卦-static,s,0.282,237,0.4826,0.8761,False
Thai,巽卦-dynamic,a,-0.726,23,0.5025,0.8764,False
Thai,離卦-static,b,-0.461,8,0.5025,0.8764,False
Thai,乾卦-dynamic,m,-0.298,71,0.4975,0.8764,False
Thai,震卦-static,ɡ,0.292,71,0.5025,0.8764,False
Thai,坤卦-static,u,-0.526,8,0.5075,0.8817,False
Thai,坎卦-dynamic,t,-0.458,14,0.5174,0.8955,False
Thai,坤卦-static,ʔ,0.439,16,0.5224,0.8972,False
Thai,艮卦-dynamic,l,0.315,29,0.5224,0.8972,False
Thai,乾卦-static,k,-0.517,16,0.5274,0.9023,False
Thai,坤卦-static,ɜ,0.447,28,0.5323,0.9074,False
Thai,坎卦-static,r,0.558,6,0.5373,0.909,False
Thai,坎卦-static,d,-0.52,5,0.5373,0.909,False
Thai,巽卦-dynamic,u,0.915,5,0.5423,0.9106,False
Thai,乾卦-dynamic,n,-0.262,99,0.5423,0.9106,False
Thai,巽卦-dynamic,w,0.882,3,0.5821,0.9132,False
Thai,乾卦-static,r,0.636,6,0.5622,0.9132,False
Thai,兌卦-static,i,0.583,3,0.6169,0.9132,False
Thai,兌卦-static,d,0.576,8,0.5522,0.9132,False
Thai,巽卦-dynamic,m,-0.544,4,0.5871,0.9132,False
Thai,兌卦-static,n,-0.521,11,0.5871,0.9132,False
Thai,兌卦-static,k,-0.509,8,0.5821,0.9132,False
Thai,乾卦-static,ɹ,-0.488,5,0.5771,0.9132,False
Thai,巽卦-static,t,-0.444,7,0.5821,0.9132,False
Thai,坎卦-static,w,-0.433,6,0.592,0.9132,False
Thai,巽卦-static,l,0.406,7,0.597,0.9132,False
Thai,巽卦-static,a,-0.367,57,0.5672,0.9132,False
Thai,艮卦-static,d,-0.349,12,0.5721,0.9132,False
Thai,坎卦-dynamic,ɜ,-0.325,36,0.5572,0.9132,False
Thai,坎卦-static,ɡ,0.316,13,0.6169,0.9132,False
Thai,艮卦-static,l,0.309,17,0.597,0.9132,False
Thai,乾卦-dynamic,j,-0.295,25,0.6119,0.9132,False
Thai,艮卦-static,e,-0.293,36,0.607,0.9132,False
Thai,震卦-static,r,0.281,29,0.5622,0.9132,False
Thai,乾卦-dynamic,b,-0.281,20,0.6119,0.9132,False
Thai,離卦-dynamic,k,-0.275,75,0.5721,0.9132,False
Thai,離卦-dynamic,d,-0.27,27,0.6169,0.9132,False
Thai,離卦-dynamic,s,-0.264,130,0.602,0.9132,False
Thai,震卦-static,b,-0.239,31,0.5821,0.9132,False
Thai,兌卦-dynamic,ɜ,0.204,75,0.5871,0.9132,False
Thai,坤卦-dynamic,p,0.178,54,0.5821,0.9132,False
Thai,坤卦-static,r,-0.443,3,0.6269,0.9156,False
Thai,坤卦-static,s,0.319,39,0.6318,0.9156,False
Thai,兌卦-dynamic,f,0.31,6,0.6318,0.9156,False
Thai,坎卦-static,a,0.308,90,0.6219,0.9156,False
Thai,乾卦-dynamic,a͡i,-0.277,12,0.6368,0.9156,False
Thai,艮卦-dynamic,m,-0.262,57,0.6368,0.9156,False
Thai,乾卦-dynamic,ɜ,-0.221,102,0.6368,0.9156,False
Thai,震卦-static,k,-0.205,125,0.6318,0.9156,False
Thai,震卦-dynamic,b,-0.252,14,0.6418,0.9198,False
Thai,乾卦-static,h,-0.273,29,0.6468,0.921,False
Thai,乾卦-dynamic,t,0.232,51,0.6468,0.921,False
Thai,巽卦-static,m,-0.285,13,0.6517,0.9252,False
Thai,離卦-static,ɜ,-0.208,66,0.6567,0.9293,False
Thai,乾卦-static,j,0.407,10,0.6866,0.9334,False
Thai,坎卦-dynamic,i,-0.357,6,0.6667,0.9334,False
Thai,巽卦-static,a͡i,0.344,3,0.6766,0.9334,False
Thai,兌卦-dynamic,o,-0.317,6,0.6716,0.9334,False
Thai,坎卦-static,k,-0.291,21,0.6866,0.9334,False
Thai,坤卦-static,h,-0.265,27,0.6866,0.9334,False
Thai,離卦-static,k,0.21,77,0.6816,0.9334,False
Thai,艮卦-dynamic,d,-0.206,25,0.6866,0.9334,False
Thai,離卦-dynamic,ʔ,0.189,57,0.6816,0.9334,False
Thai,離卦-static,t,-0.187,28,0.6816,0.9334,False
Thai,中卦-static,a,-0.171,498,0.6766,0.9334,False
Thai,乾卦-dynamic,d,-0.215,32,0.6915,0.9345,False
Thai,震卦-static,ɹ,0.154,44,0.6915,0.9345,False
Thai,離卦-static,f,0.329,6,0.6965,0.9384,False
Thai,巽卦-dynamic,t,-0.436,3,0.7264,0.9502,False
Thai,乾卦-static,d,-0.407,6,0.7164,0.9502,False
Thai,乾卦-static,w,0.306,8,0.7164,0.9502,False
Thai,坎卦-static,ɹ,-0.299,6,0.7214,0.9502,False
Thai,坎卦-dynamic,m,-0.184,29,0.7164,0.9502,False
Thai,艮卦-static,k,0.175,53,0.7114,0.9502,False
Thai,艮卦-dynamic,s,0.17,125,0.7264,0.9502,False
Thai,坤卦-dynamic,e,-0.16,108,0.7214,0.9502,False
Thai,坤卦-dynamic,a,0.127,433,0.7264,0.9502,False
Thai,乾卦-static,b,-0.28,5,0.7413,0.9504,False
Thai,坤卦-static,d,-0.259,7,0.7363,0.9504,False
Thai,坎卦-dynamic,c,-0.225,5,0.7413,0.9504,False
Thai,巽卦-static,n,0.191,21,0.7413,0.9504,False
Thai,坎卦-dynamic,e,0.19,36,0.7413,0.9504,False
Thai,巽卦-static,h,-0.268,21,0.7512,0.9604,False
Thai,坤卦-static,n,0.193,27,0.7711,0.9701,False
Thai,艮卦-dynamic,ɡ,-0.175,32,0.7711,0.9701,False
Thai,震卦-dynamic,w,0.161,20,0.7761,0.9701,False
Thai,兌卦-dynamic,i,-0.149,12,0.7761,0.9701,False
Thai,艮卦-dynamic,e,0.141,75,0.7662,0.9701,False
Thai,艮卦-dynamic,ɜ,-0.12,81,0.7761,0.9701,False
Thai,巽卦-dynamic,ɡ,-0.312,3,0.806,0.9703,False
Thai,坤卦-static,i,-0.268,4,0.801,0.9703,False
Thai,坤卦-static,b,-0.244,5,0.8209,0.9703,False
Thai,坎卦-static,e,0.23,26,0.7811,0.9703,False
Thai,兌卦-static,ɡ,-0.228,5,0.8259,0.9703,False
Thai,乾卦-static,e,0.217,25,0.8109,0.9703,False
Thai,坤卦-static,w,-0.212,6,0.791,0.9703,False
Thai,坎卦-static,j,-0.196,7,0.796,0.9703,False
Thai,坎卦-static,s,0.191,42,0.8259,0.9703,False
Thai,震卦-dynamic,o,-0.188,7,0.7861,0.9703,False
Thai,艮卦-static,b,-0.181,11,0.8259,0.9703,False
Thai,坎卦-dynamic,j,-0.177,10,0.7861,0.9703,False
Thai,艮卦-dynamic,b,-0.173,19,0.801,0.9703,False
Thai,坤卦-static,ɹ,-0.144,6,0.8159,0.9703,False
Thai,艮卦-static,u,0.137,22,0.8259,0.9703,False
Thai,艮卦-dynamic,p,0.129,32,0.7811,0.9703,False
Thai,震卦-dynamic,p,-0.126,24,0.801,0.9703,False
Thai,震卦-dynamic,ɹ,0.118,20,0.801,0.9703,False
Thai,震卦-dynamic,d,0.111,30,0.8209,0.9703,False
Thai,乾卦-dynamic,h,-0.108,122,0.8109,0.9703,False
Thai,中卦-static,d,-0.104,56,0.8209,0.9703,False
Thai,坎卦-static,l,-0.161,8,0.8358,0.9777,False
Thai,震卦-dynamic,m,-0.119,56,0.8408,0.9777,False
Thai,坤卦-static,k,0.114,26,0.8408,0.9777,False
Thai,震卦-static,m,0.083,143,0.8408,0.9777,False
Thai,兌卦-dynamic,b,-0.107,18,0.8507,0.9842,False
Thai,離卦-dynamic,b,-0.103,25,0.8507,0.9842,False
Thai,艮卦-static,o,-0.154,5,0.8557,0.9848,False
Thai,坎卦-static,o,-0.101,3,0.8557,0.9848,False
Thai,坎卦-dynamic,o,-0.154,4,0.8905,0.9871,False
Thai,乾卦-dynamic,r,-0.146,16,0.8657,0.9871,False
Thai,坎卦-static,b,-0.113,7,0.8756,0.9871,False
Thai,艮卦-dynamic,j,0.108,26,0.8806,0.9871,False
Thai,坎卦-dynamic,k,-0.094,35,0.8806,0.9871,False
Thai,艮卦-static,n,0.086,51,0.8706,0.9871,False
Thai,坎卦-static,m,0.085,26,0.8905,0.9871,False
Thai,離卦-static,p,-0.084,24,0.8905,0.9871,False
Thai,巽卦-static,d,0.083,8,0.8806,0.9871,False
Thai,離卦-dynamic,u,0.083,43,0.8905,0.9871,False
Thai,震卦-dynamic,e,-0.082,58,0.8905,0.9871,False
Thai,艮卦-dynamic,ɹ,-0.067,21,0.8806,0.9871,False
Thai,中卦-static,j,0.062,50,0.8706,0.9871,False
Thai,坎卦-dynamic,b,-0.103,10,0.8955,0.9901,False
Thai,坤卦-dynamic,ɹ,-0.05,35,0.9005,0.9908,False
Thai,坎卦-dynamic,d,0.076,16,0.9055,0.9938,False
Thai,巽卦-dynamic,k,-0.166,7,0.9204,0.9962,False
Thai,巽卦-dynamic,h,0.114,10,0.9204,0.9962,False
Thai,乾卦-static,l,-0.084,8,0.9204,0.9962,False
Thai,乾卦-static,t,0.071,12,0.9254,0.9962,False
Thai,兌卦-static,m,-0.066,11,0.9204,0.9962,False
Thai,離卦-static,ɡ,-0.065,28,0.9254,0.9962,False
Thai,坤卦-static,m,-0.046,21,0.9104,0.9962,False
Thai,中卦-static,b,-0.043,46,0.9254,0.9962,False
Thai,乾卦-static,c,-0.062,4,0.9453,0.9985,False
Thai,離卦-dynamic,a,-0.048,301,0.9353,0.9985,False
Thai,離卦-dynamic,e,0.029,84,0.9453,0.9985,False
Thai,乾卦-static,m,-0.077,22,0.9502,0.9991,False
Thai,離卦-static,e,-0.033,58,0.9502,0.9991,False
Thai,兌卦-static,e,-0.056,11,0.995,1.0,False
Thai,坎卦-static,h,-0.051,32,0.9751,1.0,False
Thai,坎卦-dynamic,a,0.043,122,0.9602,1.0,False
Thai,乾卦-dynamic,u,-0.028,45,0.9552,1.0,False
Thai,中卦-static,w,-0.026,43,0.9701,1.0,False
Thai,震卦-dynamic,j,0.024,21,0.9652,1.0,False
Thai,坤卦-dynamic,l,-0.018,42,0.9801,1.0,False
Thai,兌卦-static,s,-0.017,19,0.9851,1.0,False
Thai,坎卦-static,n,-0.015,28,0.99,1.0,False
Thai,坎卦-static,p,-0.007,10,0.995,1.0,False
Thai,艮卦-dynamic,i,-0.006,15,0.995,1.0,False
Thai,坤卦-dynamic,k,0.002,132,0.995,1.0,False
Turkish,中卦-dynamic,e,3.835,9,0.005,0.2836,False
Turkish,巽卦-dynamic,b,3.76,4,0.005,0.2836,False
Turkish,艮卦-static,ɟ,2.944,14,0.005,0.2836,False
Turkish,乾卦-static,h,2.942,9,0.005,0.2836,False
Turkish,中卦-static,æ,2.531,43,0.005,0.2836,False
Turkish,兌卦-dynamic,m,2.486,200,0.005,0.2836,False
Turkish,離卦-static,p,2.48,21,0.005,0.2836,False
Turkish,離卦-static,d͡ʒ,2.386,12,0.005,0.2836,False
Turkish,坤卦-dynamic,s,2.255,94,0.005,0.2836,False
Turkish,震卦-static,i,1.734,41,0.005,0.2836,False
Turkish,坤卦-dynamic,u,1.727,30,0.005,0.2836,False
Turkish,兌卦-static,ɯ,2.596,14,0.01,0.3241,False
Turkish,離卦-dynamic,ɛ,2.136,89,0.01,0.3241,False
Turkish,兌卦-dynamic,ɛ,2.103,156,0.01,0.3241,False
Turkish,震卦-static,t͡ʃ,1.781,42,0.01,0.3241,False
Turkish,坤卦-dynamic,ø,1.629,35,0.01,0.3241,False
Turkish,兌卦-dynamic,k,1.579,252,0.01,0.3241,False
Turkish,坤卦-dynamic,y,1.469,24,0.01,0.3241,False
Turkish,坤卦-dynamic,d͡ʒ,1.415,26,0.01,0.3241,False
Turkish,乾卦-dynamic,s,1.482,54,0.0149,0.4439,False
Turkish,乾卦-dynamic,f,1.34,14,0.0149,0.4439,False
Turkish,坎卦-static,u,2.488,8,0.0199,0.4537,False
Turkish,乾卦-static,ɫ,2.368,13,0.0199,0.4537,False
Turkish,震卦-dynamic,ɔ,1.925,21,0.0199,0.4537,False
Turkish,離卦-dynamic,m,1.823,95,0.0199,0.4537,False
Turkish,乾卦-dynamic,ʃ,1.493,31,0.0199,0.4537,False
Turkish,兌卦-dynamic,z,-1.278,14,0.0199,0.4537,False
Turkish,中卦-static,n,1.202,101,0.0199,0.4537,False
Turkish,坤卦-static,v,1.886,8,0.0249,0.4726,False
Turkish,乾卦-dynamic,ɡ,1.653,13,0.0249,0.4726,False
Turkish,乾卦-dynamic,ø,1.572,23,0.0249,0.4726,False
Turkish,艮卦-dynamic,m,1.45,73,0.0249,0.4726,False
Turkish,震卦-static,z,-1.32,10,0.0249,0.4726,False
Turkish,中卦-static,i,1.058,40,0.0249,0.4726,False
Turkish,震卦-static,t,1.192,73,0.0299,0.5518,False
Turkish,中卦-dynamic,ɪ,3.142,9,0.0348,0.5672,False
Turkish,震卦-dynamic,n,1.596,57,0.0348,0.5672,False
Turkish,乾卦-dynamic,k,-1.173,64,0.0348,0.5672,False
Turkish,震卦-static,k,-1.014,82,0.0348,0.5672,False
Turkish,巽卦-static,l,2.669,7,0.0448,0.5768,False
Turkish,兌卦-static,r,2.454,16,0.0498,0.5768,False
Turkish,兌卦-static,d,2.441,9,0.0498,0.5768,False
Turkish,兌卦-static,f,2.235,3,0.0498,0.5768,False
Turkish,坎卦-dynamic,ʃ,1.97,14,0.0498,0.5768,False
Turkish,坤卦-static,i,1.857,10,0.0398,0.5768,False
Turkish,坎卦-static,ɾ,1.847,13,0.0498,0.5768,False
Turkish,坎卦-static,ɟ,1.809,9,0.0398,0.5768,False
Turkish,離卦-static,t͡ʃ,1.725,18,0.0398,0.5768,False
Turkish,艮卦-static,œ,1.473,9,0.0498,0.5768,False
Turkish,離卦-dynamic,j,-1.45,15,0.0448,0.5768,False
Turkish,艮卦-dynamic,r,-1.301,17,0.0498,0.5768,False
Turkish,艮卦-dynamic,a,1.286,134,0.0448,0.5768,False
Turkish,兌卦-dynamic,ɔ,-1.152,10,0.0398,0.5768,False
Turkish,坤卦-dynamic,ʊ,1.118,57,0.0448,0.5768,False
Turkish,乾卦-dynamic,ɯ,1.058,59,0.0498,0.5768,False
Turkish,離卦-static,ʊ,1.446,22,0.0547,0.6137,False
Turkish,艮卦-dynamic,t,-1.318,23,0.0547,0.6137,False
Turkish,兌卦-dynamic,n,-1.047,47,0.0597,0.6282,False
Turkish,震卦-static,j,-1.028,26,0.0597,0.6282,False
Turkish,震卦-static,ɫ,-1.02,24,0.0597,0.6282,False
Turkish,坤卦-dynamic,r,-0.994,43,0.0597,0.6282,False
Turkish,中卦-dynamic,z,2.832,4,0.0647,0.6603,False
Turkish,艮卦-dynamic,ø,1.12,15,0.0647,0.6603,False
Turkish,震卦-static,d͡ʒ,0.937,17,0.0697,0.6905,False
Turkish,中卦-static,r,-0.892,44,0.0697,0.6905,False
Turkish,兌卦-dynamic,d,-0.915,19,0.0746,0.6992,False
Turkish,中卦-static,v,-0.818,10,0.0746,0.6992,False
Turkish,震卦-static,f,0.79,13,0.0746,0.6992,False
Turkish,中卦-static,h,0.933,26,0.0796,0.7164,False
Turkish,震卦-static,p,0.868,30,0.0796,0.7164,False
Turkish,兌卦-static,y,1.988,3,0.0846,0.7231,False
Turkish,離卦-static,j,1.516,27,0.0846,0.7231,False
Turkish,坤卦-dynamic,f,0.851,17,0.0846,0.7231,False
Turkish,坤卦-static,s,1.489,15,0.0896,0.738,False
Turkish,艮卦-dynamic,œ,-1.016,3,0.0896,0.738,False
Turkish,兌卦-dynamic,ɾ,-0.925,12,0.0945,0.7518,False
Turkish,震卦-dynamic,ɾ,-1.114,4,0.0995,0.7647,False
Turkish,坤卦-dynamic,ʃ,0.744,35,0.0995,0.7647,False
Turkish,乾卦-dynamic,j,-1.035,22,0.1045,0.7684,False
Turkish,震卦-static,æ,-0.769,6,0.1045,0.7684,False
Turkish,震卦-dynamic,p,-1.078,5,0.1144,0.7827,False
Turkish,離卦-static,z,-1.053,6,0.1144,0.7827,False
Turkish,乾卦-dynamic,a,1.018,168,0.1095,0.7827,False
Turkish,中卦-static,k,-0.784,111,0.1095,0.7827,False
Turkish,震卦-static,s,-0.782,33,0.1144,0.7827,False
Turkish,乾卦-static,o,1.335,8,0.1194,0.7929,False
Turkish,離卦-dynamic,ɯ,-1.063,17,0.1194,0.7929,False
Turkish,中卦-static,p,-0.84,13,0.1194,0.7929,False
Turkish,坤卦-static,r,-1.337,6,0.1244,0.8102,False
Turkish,震卦-dynamic,h,1.035,14,0.1244,0.8102,False
Turkish,震卦-dynamic,f,1.026,9,0.1294,0.8117,False
Turkish,中卦-static,y,-0.753,6,0.1294,0.8117,False
Turkish,離卦-static,s,-1.187,12,0.1343,0.8131,False
Turkish,兌卦-dynamic,ʊ,-0.762,17,0.1343,0.8131,False
Turkish,中卦-static,ɟ,-0.726,6,0.1343,0.8131,False
Turkish,震卦-static,ɟ,-0.902,3,0.1393,0.8358,False
Turkish,乾卦-static,k,-1.504,13,0.1443,0.8435,False
Turkish,坤卦-dynamic,m,-0.66,45,0.1443,0.8435,False
Turkish,震卦-static,ɪ,0.712,79,0.1493,0.8579,False
Turkish,乾卦-static,s,1.325,13,0.1592,0.8643,False
Turkish,坎卦-dynamic,s,-1.217,9,0.1542,0.8643,False
Turkish,離卦-dynamic,ʊ,-0.969,7,0.1592,0.8643,False
Turkish,兌卦-dynamic,r,-0.8,51,0.1592,0.8643,False
Turkish,兌卦-dynamic,a,0.665,244,0.1592,0.8643,False
Turkish,中卦-static,d͡ʒ,0.643,18,0.1592,0.8643,False
Turkish,兌卦-dynamic,d͡ʒ,-0.778,6,0.1642,0.8705,False
Turkish,兌卦-dynamic,æ,-0.763,8,0.1642,0.8705,False
Turkish,艮卦-static,z,1.213,14,0.1692,0.8832,False
Turkish,艮卦-static,ɔ,1.016,8,0.1692,0.8832,False
Turkish,坎卦-static,i,1.369,10,0.1741,0.8867,False
Turkish,乾卦-static,v,1.297,6,0.1841,0.8867,False
Turkish,坎卦-dynamic,ɯ,1.189,24,0.1741,0.8867,False
Turkish,艮卦-static,p,1.098,10,0.1841,0.8867,False
Turkish,艮卦-dynamic,z,-0.929,10,0.1791,0.8867,False
Turkish,兌卦-dynamic,ɪ,-0.723,46,0.1741,0.8867,False
Turkish,震卦-static,ɛ,-0.686,47,0.1791,0.8867,False
Turkish,震卦-static,œ,-0.678,8,0.1841,0.8867,False
Turkish,坤卦-dynamic,k,-0.66,123,0.1841,0.8867,False
Turkish,兌卦-static,œ,1.494,4,0.199,0.8989,False
Turkish,乾卦-static,æ,1.203,5,0.204,0.8989,False
Turkish,坤卦-static,ɾ,1.165,9,0.194,0.8989,False
Turkish,坤卦-static,k,-1.148,18,0.194,0.8989,False
Turkish,坤卦-static,t,-1.147,9,0.199,0.8989,False
Turkish,坤卦-static,n,1.072,19,0.199,0.8989,False
Turkish,艮卦-static,s,-1.054,9,0.194,0.8989,False
Turkish,艮卦-dynamic,ʃ,0.903,19,0.204,0.8989,False
Turkish,艮卦-dynamic,d,0.856,27,0.194,0.8989,False
Turkish,乾卦-dynamic,ɛ,-0.729,39,0.209,0.8989,False
Turkish,兌卦-dynamic,b,-0.598,24,0.194,0.8989,False
Turkish,中卦-static,ø,0.518,22,0.209,0.8989,False
Turkish,坤卦-static,o,1.079,8,0.2139,0.9075,False
Turkish,震卦-dynamic,m,0.825,56,0.2189,0.9075,False
Turkish,坤卦-dynamic,ɡ,0.635,12,0.2189,0.9075,False
Turkish,乾卦-dynamic,m,-0.631,31,0.2189,0.9075,False
Turkish,坤卦-dynamic,t͡ʃ,-0.619,15,0.2139,0.9075,False
Turkish,巽卦-dynamic,k,2.513,7,0.3184,0.9084,False
Turkish,中卦-dynamic,ɾ,2.103,3,0.2935,0.9084,False
Turkish,中卦-dynamic,t,2.03,5,0.2786,0.9084,False
Turkish,巽卦-static,p,1.536,4,0.3134,0.9084,False
Turkish,兌卦-static,t͡ʃ,1.377,5,0.2338,0.9084,False
Turkish,兌卦-static,ɛ,-1.372,4,0.2786,0.9084,False
Turkish,巽卦-static,z,1.305,5,0.3284,0.9084,False
Turkish,兌卦-static,j,-1.3,3,0.2438,0.9084,False
Turkish,乾卦-static,j,1.147,12,0.3085,0.9084,False
Turkish,坎卦-static,ɫ,1.126,13,0.2637,0.9084,False
Turkish,艮卦-static,æ,1.11,7,0.2239,0.9084,False
Turkish,坎卦-dynamic,d,1.072,15,0.2736,0.9084,False
Turkish,艮卦-static,y,1.054,5,0.2537,0.9084,False
Turkish,坎卦-static,j,-1.05,7,0.2438,0.9084,False
Turkish,艮卦-static,r,-1.046,10,0.2239,0.9084,False
Turkish,坎卦-static,æ,1.023,6,0.3035,0.9084,False
Turkish,坎卦-dynamic,ɾ,1.019,12,0.2836,0.9084,False
Turkish,坎卦-static,l,-0.999,4,0.3085,0.9084,False
Turkish,艮卦-static,l,0.992,13,0.2637,0.9084,False
Turkish,乾卦-static,f,0.977,3,0.2985,0.9084,False
Turkish,艮卦-static,ɫ,0.936,14,0.2438,0.9084,False
Turkish,坤卦-static,d͡ʒ,0.934,4,0.3085,0.9084,False
Turkish,坤卦-static,m,-0.931,6,0.3234,0.9084,False
Turkish,離卦-static,ɫ,-0.908,11,0.2836,0.9084,False
Turkish,坎卦-static,n,0.904,21,0.3085,0.9084,False
Turkish,離卦-dynamic,ʃ,0.898,22,0.2338,0.9084,False
Turkish,艮卦-static,ɾ,-0.875,3,0.3234,0.9084,False
Turkish,坤卦-static,u,0.847,4,0.3234,0.9084,False
Turkish,離卦-static,ɯ,-0.844,12,0.2935,0.9084,False
Turkish,艮卦-static,t͡ʃ,0.773,9,0.2935,0.9084,False
Turkish,離卦-dynamic,s,-0.752,25,0.2637,0.9084,False
Turkish,離卦-dynamic,ɾ,-0.714,9,0.2836,0.9084,False
Turkish,乾卦-dynamic,ɪ,-0.706,30,0.2537,0.9084,False
Turkish,離卦-dynamic,z,-0.701,14,0.3333,0.9084,False
Turkish,艮卦-dynamic,i,-0.695,8,0.2537,0.9084,False
Turkish,兌卦-dynamic,ɟ,-0.695,7,0.2488,0.9084,False
Turkish,震卦-dynamic,ɛ,0.692,51,0.2985,0.9084,False
Turkish,震卦-dynamic,v,0.685,14,0.2985,0.9084,False
Turkish,乾卦-dynamic,h,0.682,16,0.2488,0.9084,False
Turkish,離卦-dynamic,d͡ʒ,-0.668,4,0.3234,0.9084,False
Turkish,艮卦-dynamic,ɫ,-0.666,18,0.3184,0.9084,False
Turkish,乾卦-dynamic,œ,-0.654,7,0.2438,0.9084,False
Turkish,乾卦-dynamic,b,0.652,43,0.2537,0.9084,False
Turkish,兌卦-dynamic,ɯ,-0.651,42,0.2289,0.9084,False
Turkish,艮卦-dynamic,ɪ,-0.645,24,0.3085,0.9084,False
Turkish,離卦-dynamic,ɔ,-0.63,9,0.3234,0.9084,False
Turkish,震卦-dynamic,ʃ,-0.619,7,0.3333,0.9084,False
Turkish,乾卦-dynamic,e,-0.61,15,0.2537,0.9084,False
Turkish,中卦-static,d,0.607,46,0.2338,0.9084,False
Turkish,兌卦-dynamic,s,-0.592,47,0.2935,0.9084,False
Turkish,震卦-static,y,-0.586,6,0.2637,0.9084,False
Turkish,坤卦-dynamic,ɫ,0.584,53,0.2239,0.9084,False
Turkish,中卦-static,j,0.581,59,0.2438,0.9084,False
Turkish,兌卦-dynamic,v,-0.572,14,0.2388,0.9084,False
Turkish,兌卦-dynamic,o,-0.568,12,0.2388,0.9084,False
Turkish,坤卦-dynamic,ɪ,-0.549,51,0.2687,0.9084,False
Turkish,中卦-static,a,-0.549,169,0.2637,0.9084,False
Turkish,震卦-static,d,0.543,37,0.2886,0.9084,False
Turkish,乾卦-dynamic,ɫ,0.537,35,0.3333,0.9084,False
Turkish,震卦-static,ʃ,0.53,25,0.2886,0.9084,False
Turkish,坤卦-dynamic,v,-0.527,14,0.2786,0.9084,False
Turkish,坤卦-dynamic,ɛ,-0.522,65,0.2786,0.9084,False
Turkish,震卦-static,v,0.522,21,0.2985,0.9084,False
Turkish,兌卦-dynamic,t,0.507,83,0.3284,0.9084,False
Turkish,中卦-static,l,0.5,43,0.3284,0.9084,False
Turkish,中卦-static,ɾ,0.498,35,0.2736,0.9084,False
Turkish,中卦-static,œ,-0.485,12,0.2687,0.9084,False
Turkish,坤卦-dynamic,b,-0.478,27,0.2836,0.9084,False
Turkish,坤卦-dynamic,i,-0.478,19,0.2985,0.9084,False
Turkish,中卦-static,ɔ,0.478,26,0.3085,0.9084,False
Turkish,坤卦-dynamic,ɔ,-0.47,17,0.2886,0.9084,False
Turkish,坤卦-dynamic,ɾ,0.457,36,0.3035,0.9084,False
Turkish,坤卦-dynamic,t,-0.381,63,0.3333,0.9084,False
Turkish,坤卦-dynamic,h,0.462,21,0.3383,0.9183,False
Turkish,乾卦-dynamic,æ,0.535,15,0.3433,0.9244,False
Turkish,坤卦-dynamic,a,0.463,225,0.3433,0.9244,False
Turkish,艮卦-dynamic,b,-0.521,13,0.3483,0.9342,False
Turkish,兌卦-static,n,-0.984,5,0.3582,0.946,False
Turkish,中卦-dynamic,l,1.634,3,0.3682,0.9611,False
Turkish,巽卦-static,œ,1.354,3,0.3682,0.9611,False
Turkish,兌卦-dynamic,e,-0.421,31,0.3731,0.9704,False
Turkish,巽卦-static,v,1.274,3,0.3831,0.9759,False
Turkish,兌卦-static,ø,0.99,3,0.3781,0.9759,False
Turkish,離卦-dynamic,i,0.635,21,0.3881,0.9759,False
Turkish,兌卦-dynamic,y,-0.457,9,0.3881,0.9759,False
Turkish,兌卦-dynamic,j,0.453,62,0.3881,0.9759,False
Turkish,震卦-static,a,0.431,176,0.3831,0.9759,False
Turkish,巽卦-dynamic,r,1.651,3,0.5323,0.9796,False
Turkish,中卦-dynamic,ɛ,1.495,6,0.4229,0.9796,False
Turkish,中卦-dynamic,r,1.117,5,0.5771,0.9796,False
Turkish,巽卦-static,ɪ,0.889,9,0.5323,0.9796,False
Turkish,坎卦-dynamic,t,-0.878,14,0.393,0.9796,False
Turkish,兌卦-static,p,0.828,4,0.4478,0.9796,False
Turkish,坎卦-static,m,-0.825,8,0.4428,0.9796,False
Turkish,兌卦-static,m,-0.82,4,0.4975,0.9796,False
Turkish,巽卦-static,ʃ,0.794,3,0.5025,0.9796,False
Turkish,坎卦-static,r,0.774,21,0.4378,0.9796,False
Turkish,巽卦-static,a,-0.77,14,0.602,0.9796,False
Turkish,坎卦-dynamic,l,-0.754,6,0.4229,0.9796,False
Turkish,兌卦-static,t,0.752,9,0.4925,0.9796,False
Turkish,乾卦-static,b,-0.751,3,0.5473,0.9796,False
Turkish,坎卦-dynamic,ɫ,-0.737,9,0.4378,0.9796,False
Turkish,坎卦-dynamic,v,-0.735,3,0.4428,0.9796,False
Turkish,兌卦-static,k,0.729,21,0.5373,0.9796,False
Turkish,坎卦-dynamic,a,0.725,62,0.5025,0.9796,False
Turkish,乾卦-static,m,-0.724,7,0.4229,0.9796,False
Turkish,坎卦-dynamic,p,-0.722,4,0.4677,0.9796,False
Turkish,離卦-static,v,-0.721,4,0.398,0.9796,False
Turkish,乾卦-static,y,0.718,3,0.5274,0.9796,False
Turkish,乾卦-static,ʊ,0.703,8,0.4925,0.9796,False
Turkish,中卦-dynamic,k,0.7,9,0.7413,0.9796,False
Turkish,坤卦-static,ɛ,-0.698,11,0.4279,0.9796,False
Turkish,巽卦-static,ʊ,0.687,4,0.6269,0.9796,False
Turkish,艮卦-static,ø,0.682,6,0.4179,0.9796,False
Turkish,乾卦-static,ɛ,-0.676,10,0.4925,0.9796,False
Turkish,艮卦-static,t,0.665,20,0.4378,0.9796,False
Turkish,兌卦-static,a,0.663,25,0.5672,0.9796,False
Turkish,坤卦-static,p,-0.662,3,0.4726,0.9796,False
Turkish,艮卦-static,v,-0.658,3,0.4328,0.9796,False
Turkish,坎卦-static,a,-0.65,37,0.5124,0.9796,False
Turkish,離卦-static,ɔ,0.65,10,0.4179,0.9796,False
Turkish,艮卦-dynamic,n,0.633,46,0.408,0.9796,False
Turkish,離卦-dynamic,f,-0.629,3,0.403,0.9796,False
Turkish,坤卦-static,ɪ,0.628,18,0.5174,0.9796,False
Turkish,震卦-dynamic,ɫ,0.597,26,0.4279,0.9796,False
Turkish,坎卦-dynamic,n,-0.594,15,0.5075,0.9796,False
Turkish,震卦-dynamic,k,-0.589,62,0.4677,0.9796,False
Turkish,艮卦-static,d,-0.582,6,0.5025,0.9796,False
Turkish,乾卦-static,e,-0.569,4,0.5871,0.9796,False
Turkish,艮卦-static,m,-0.561,12,0.5522,0.9796,False
Turkish,艮卦-dynamic,y,-0.554,4,0.4876,0.9796,False
Turkish,艮卦-dynamic,ɯ,-0.546,22,0.4527,0.9796,False
Turkish,坎卦-dynamic,j,0.546,16,0.5025,0.9796,False
Turkish,震卦-dynamic,d,0.545,23,0.4129,0.9796,False
Turkish,乾卦-static,i,-0.544,3,0.5821,0.9796,False
Turkish,震卦-dynamic,z,-0.543,13,0.4129,0.9796,False
Turkish,坎卦-static,ɔ,0.542,6,0.5174,0.9796,False
Turkish,坎卦-static,ɪ,-0.542,11,0.597,0.9796,False
Turkish,乾卦-static,t,-0.538,10,0.592,0.9796,False
Turkish,離卦-dynamic,œ,0.537,15,0.4279,0.9796,False
Turkish,坤卦-static,a,-0.535,33,0.5572,0.9796,False
Turkish,震卦-dynamic,o,-0.53,6,0.4925,0.9796,False
Turkish,離卦-dynamic,ø,-0.525,7,0.4279,0.9796,False
Turkish,艮卦-static,o,-0.522,3,0.5771,0.9796,False
Turkish,震卦-dynamic,i,-0.518,9,0.4826,0.9796,False
Turkish,離卦-static,d,-0.511,9,0.5522,0.9796,False
Turkish,坤卦-static,h,0.504,4,0.6119,0.9796,False
Turkish,坤卦-static,b,0.501,11,0.6269,0.9796,False
Turkish,艮卦-dynamic,l,-0.494,14,0.5075,0.9796,False
Turkish,坎卦-static,ɛ,0.494,21,0.6119,0.9796,False
Turkish,坎卦-static,p,-0.49,4,0.6816,0.9796,False
Turkish,離卦-dynamic,p,-0.488,11,0.4826,0.9796,False
Turkish,坤卦-static,y,0.487,3,0.5821,0.9796,False
Turkish,乾卦-static,ɯ,0.48,12,0.6766,0.9796,False
Turkish,坎卦-static,t,0.479,17,0.6119,0.9796,False
Turkish,震卦-dynamic,ʊ,-0.478,11,0.4876,0.9796,False
Turkish,坤卦-static,ʊ,0.477,8,0.6965,0.9796,False
Turkish,離卦-dynamic,a,0.477,133,0.5323,0.9796,False
Turkish,艮卦-dynamic,k,0.469,93,0.4925,0.9796,False
Turkish,坤卦-static,t͡ʃ,0.467,6,0.6169,0.9796,False
Turkish,艮卦-static,i,0.466,8,0.5672,0.9796,False
Turkish,艮卦-dynamic,ɾ,-0.464,10,0.4876,0.9796,False
Turkish,離卦-dynamic,d,-0.464,16,0.5274,0.9796,False
Turkish,兌卦-static,e,-0.463,3,0.7065,0.9796,False
Turkish,巽卦-static,ɯ,0.461,6,0.7562,0.9796,False
Turkish,兌卦-static,l,-0.461,3,0.7015,0.9796,False
Turkish,離卦-static,ɛ,-0.46,23,0.5522,0.9796,False
Turkish,坤卦-static,æ,0.459,4,0.607,0.9796,False
Turkish,離卦-static,ɪ,0.456,31,0.5572,0.9796,False
Turkish,兌卦-static,z,-0.456,3,0.7264,0.9796,False
Turkish,巽卦-static,j,0.453,5,0.7512,0.9796,False
Turkish,乾卦-static,ɪ,0.449,15,0.607,0.9796,False
Turkish,乾卦-dynamic,l,-0.446,19,0.4279,0.9796,False
Turkish,坎卦-dynamic,ɔ,0.434,7,0.6418,0.9796,False
Turkish,震卦-dynamic,l,-0.433,14,0.5075,0.9796,False
Turkish,坎卦-static,ɯ,-0.428,10,0.6418,0.9796,False
Turkish,坎卦-dynamic,m,0.423,25,0.6219,0.9796,False
Turkish,坎卦-static,ʊ,0.422,9,0.6567,0.9796,False
Turkish,離卦-dynamic,v,-0.422,9,0.597,0.9796,False
Turkish,兌卦-dynamic,ʃ,-0.422,18,0.4229,0.9796,False
Turkish,離卦-static,u,0.421,6,0.5522,0.9796,False
Turkish,乾卦-dynamic,ɟ,0.421,15,0.4726,0.9796,False
Turkish,兌卦-static,ɪ,-0.414,6,0.7015,0.9796,False
Turkish,震卦-dynamic,ɯ,-0.413,23,0.5522,0.9796,False
Turkish,中卦-static,m,-0.411,54,0.398,0.9796,False
Turkish,坎卦-dynamic,k,0.409,47,0.6368,0.9796,False
Turkish,離卦-dynamic,k,0.408,106,0.4876,0.9796,False
Turkish,艮卦-dynamic,æ,-0.4,6,0.5871,0.9796,False
Turkish,兌卦-dynamic,i,-0.399,21,0.4677,0.9796,False
Turkish,震卦-static,ɔ,-0.398,14,0.4726,0.9796,False
Turkish,離卦-dynamic,æ,-0.394,7,0.6119,0.9796,False
Turkish,乾卦-static,n,0.392,14,0.6766,0.9796,False
Turkish,乾卦-dynamic,o,-0.39,10,0.4627,0.9796,False
Turkish,坤卦-static,z,0.384,8,0.7015,0.9796,False
Turkish,離卦-dynamic,ɪ,-0.378,34,0.6169,0.9796,False
Turkish,兌卦-dynamic,ø,-0.378,14,0.398,0.9796,False
Turkish,坤卦-static,ø,0.377,4,0.6468,0.9796,False
Turkish,離卦-static,m,-0.377,20,0.6567,0.9796,False
Turkish,艮卦-dynamic,h,-0.375,5,0.607,0.9796,False
Turkish,乾卦-static,ʃ,-0.375,3,0.7214,0.9796,False
Turkish,艮卦-static,ɪ,-0.372,14,0.6517,0.9796,False
Turkish,震卦-dynamic,d͡ʒ,0.37,8,0.5672,0.9796,False
Turkish,坤卦-dynamic,j,0.364,58,0.4627,0.9796,False
Turkish,艮卦-static,j,0.361,14,0.6667,0.9796,False
Turkish,坎卦-dynamic,t͡ʃ,-0.36,5,0.7264,0.9796,False
Turkish,坎卦-dynamic,ɟ,-0.357,3,0.7015,0.9796,False
Turkish,離卦-dynamic,r,-0.356,37,0.6169,0.9796,False
Turkish,兌卦-dynamic,t͡ʃ,-0.355,20,0.4776,0.9796,False
Turkish,中卦-static,ʊ,-0.354,24,0.4677,0.9796,False
Turkish,離卦-dynamic,t͡ʃ,0.354,18,0.6617,0.9796,False
Turkish,坤卦-static,d,0.347,8,0.7214,0.9796,False
Turkish,艮卦-static,n,0.344,20,0.6965,0.9796,False
Turkish,坤卦-dynamic,e,-0.338,33,0.4925,0.9796,False
Turkish,坤卦-static,e,0.337,11,0.7164,0.9796,False
Turkish,震卦-dynamic,u,-0.336,5,0.6468,0.9796,False
Turkish,艮卦-dynamic,ʊ,-0.334,13,0.6567,0.9796,False
Turkish,坎卦-static,ø,-0.329,3,0.7065,0.9796,False
Turkish,艮卦-static,k,-0.328,34,0.6766,0.9796,False
Turkish,乾卦-static,l,0.325,7,0.7562,0.9796,False
Turkish,乾卦-dynamic,v,-0.324,11,0.5522,0.9796,False
Turkish,中卦-static,e,0.323,56,0.4826,0.9796,False
Turkish,乾卦-static,z,0.322,7,0.7214,0.9796,False
Turkish,艮卦-static,ɯ,-0.319,12,0.6816,0.9796,False
Turkish,震卦-static,h,0.316,15,0.5871,0.9796,False
Turkish,艮卦-dynamic,j,0.314,29,0.6766,0.9796,False
Turkish,離卦-dynamic,ɫ,0.314,29,0.6667,0.9796,False
Turkish,離卦-static,k,0.313,60,0.6965,0.9796,False
Turkish,艮卦-dynamic,d͡ʒ,0.304,8,0.5871,0.9796,False
Turkish,中卦-static,ʃ,0.304,27,0.4279,0.9796,False
Turkish,坤卦-dynamic,æ,-0.295,13,0.5025,0.9796,False
Turkish,離卦-static,t,0.294,26,0.7015,0.9796,False
Turkish,艮卦-dynamic,t͡ʃ,0.291,15,0.6219,0.9796,False
Turkish,震卦-dynamic,a,0.289,106,0.6517,0.9796,False
Turkish,中卦-static,ɡ,0.285,9,0.5572,0.9796,False
Turkish,震卦-dynamic,ɪ,-0.284,30,0.6915,0.9796,False
Turkish,坤卦-dynamic,o,-0.283,17,0.6219,0.9796,False
Turkish,艮卦-dynamic,f,-0.283,4,0.7065,0.9796,False
Turkish,乾卦-dynamic,z,-0.273,21,0.7164,0.9796,False
Turkish,離卦-static,ø,0.268,7,0.7313,0.9796,False
Turkish,坤卦-static,ɫ,0.265,9,0.7463,0.9796,False
Turkish,坤卦-dynamic,œ,0.262,22,0.607,0.9796,False
Turkish,兌卦-dynamic,l,-0.258,33,0.6269,0.9796,False
Turkish,坤卦-dynamic,p,-0.256,22,0.602,0.9796,False
Turkish,離卦-static,l,0.255,14,0.7413,0.9796,False
Turkish,兌卦-dynamic,p,-0.248,23,0.6915,0.9796,False
Turkish,艮卦-dynamic,o,-0.246,9,0.7363,0.9796,False
Turkish,乾卦-dynamic,ɔ,-0.245,13,0.6468,0.9796,False
Turkish,震卦-dynamic,b,-0.243,17,0.7214,0.9796,False
Turkish,坤卦-dynamic,d,0.239,41,0.602,0.9796,False
Turkish,震卦-static,r,0.239,64,0.6468,0.9796,False
Turkish,震卦-static,ɯ,-0.233,41,0.6617,0.9796,False
Turkish,坤卦-static,l,-0.223,6,0.7463,0.9796,False
Turkish,乾卦-dynamic,t͡ʃ,0.22,19,0.6816,0.9796,False
Turkish,中卦-static,t,-0.218,63,0.6517,0.9796,False
Turkish,中卦-static,b,-0.216,34,0.6219,0.9796,False
Turkish,震卦-static,ø,-0.212,12,0.6716,0.9796,False
Turkish,乾卦-dynamic,d,0.207,27,0.7413,0.9796,False
Turkish,中卦-static,s,0.199,56,0.6915,0.9796,False
Turkish,兌卦-dynamic,f,-0.186,9,0.7512,0.9796,False
Turkish,中卦-static,ɪ,0.185,76,0.7015,0.9796,False
Turkish,震卦-static,l,-0.185,26,0.6965,0.9796,False
Turkish,離卦-dynamic,e,-0.183,23,0.7562,0.9796,False
Turkish,震卦-dynamic,æ,-0.18,7,0.7214,0.9796,False
Turkish,坤卦-dynamic,ɟ,0.177,19,0.7562,0.9796,False
Turkish,兌卦-dynamic,h,-0.176,13,0.7065,0.9796,False
Turkish,震卦-static,ɾ,0.146,24,0.7463,0.9796,False
Turkish,坎卦-dynamic,b,-0.368,8,0.7612,0.9805,False
Turkish,離卦-static,a,-0.292,65,0.7612,0.9805,False
Turkish,離卦-dynamic,t,0.237,44,0.7662,0.9851,False
Turkish,乾卦-static,p,0.304,5,0.7711,0.9859,False
Turkish,離卦-dynamic,b,-0.217,21,0.7711,0.9859,False
Turkish,艮卦-static,e,-0.229,9,0.7761,0.9886,False
Turkish,中卦-static,ɛ,0.095,81,0.7761,0.9886,False
Turkish,巽卦-static,ɛ,-0.321,6,0.791,0.9903,False
Turkish,坎卦-dynamic,d͡ʒ,0.256,4,0.806,0.9903,False
Turkish,艮卦-static,ɛ,-0.229,18,0.8109,0.9903,False
Turkish,離卦-static,r,-0.22,23,0.8209,0.9903,False
Turkish,艮卦-static,ʃ,-0.198,5,0.8209,0.9903,False
Turkish,離卦-static,i,-0.19,8,0.806,0.9903,False
Turkish,艮卦-static,ʊ,-0.178,7,0.806,0.9903,False
Turkish,離卦-static,e,0.161,18,0.8109,0.9903,False
Turkish,離卦-dynamic,y,0.161,8,0.8109,0.9903,False
Turkish,震卦-dynamic,ɟ,-0.156,7,0.801,0.9903,False
Turkish,坤卦-dynamic,z,0.153,39,0.7811,0.9903,False
Turkish,乾卦-dynamic,y,0.146,9,0.791,0.9903,False
Turkish,乾卦-dynamic,ɾ,-0.14,17,0.8109,0.9903,False
Turkish,震卦-static,ɡ,-0.138,5,0.796,0.9903,False
Turkish,坤卦-dynamic,l,-0.129,34,0.8209,0.9903,False
Turkish,震卦-dynamic,r,0.124,38,0.8209,0.9903,False
Turkish,坤卦-dynamic,ɯ,0.121,62,0.7811,0.9903,False
Turkish,乾卦-dynamic,p,-0.121,16,0.8209,0.9903,False
Turkish,兌卦-dynamic,œ,0.118,21,0.8109,0.9903,False
Turkish,震卦-static,m,0.115,64,0.806,0.9903,False
Turkish,巽卦-static,n,0.368,7,0.8308,0.9905,False
Turkish,巽卦-static,r,0.308,7,0.8308,0.9905,False
Turkish,巽卦-static,s,0.248,5,0.8607,0.9905,False
Turkish,中卦-dynamic,m,-0.23,3,0.8756,0.9905,False
Turkish,乾卦-static,ɾ,-0.22,4,0.8607,0.9905,False
Turkish,坎卦-dynamic,r,0.211,21,0.8607,0.9905,False
Turkish,巽卦-static,ɫ,0.205,4,0.8806,0.9905,False
Turkish,離卦-static,o,0.198,9,0.8358,0.9905,False
Turkish,坎卦-dynamic,u,0.195,4,0.8358,0.9905,False
Turkish,離卦-static,f,0.187,4,0.8607,0.9905,False
Turkish,乾卦-static,ɔ,0.177,4,0.8806,0.9905,False
Turkish,艮卦-dynamic,u,-0.17,6,0.8259,0.9905,False
Turkish,坤卦-static,ɯ,-0.168,10,0.8458,0.9905,False
Turkish,坎卦-dynamic,f,0.166,3,0.8905,0.9905,False
Turkish,坎卦-dynamic,ɛ,-0.165,20,0.8657,0.9905,False
Turkish,離卦-static,æ,-0.157,5,0.8458,0.9905,False
Turkish,巽卦-static,b,0.148,4,0.9254,0.9905,False
Turkish,乾卦-static,a,0.148,35,0.8955,0.9905,False
Turkish,艮卦-dynamic,p,-0.142,12,0.8259,0.9905,False
Turkish,坎卦-static,v,-0.142,4,0.8607,0.9905,False
Turkish,坤卦-static,ʃ,-0.141,4,0.8955,0.9905,False
Turkish,震卦-dynamic,œ,0.139,10,0.8557,0.9905,False
Turkish,坤卦-static,j,0.136,10,0.9055,0.9905,False
Turkish,乾卦-static,r,0.135,13,0.8955,0.9905,False
Turkish,震卦-dynamic,j,-0.133,24,0.8706,0.9905,False
Turkish,離卦-static,n,-0.131,24,0.8557,0.9905,False
Turkish,艮卦-static,u,-0.108,3,0.8756,0.9905,False
Turkish,坎卦-static,e,-0.108,9,0.9154,0.9905,False
Turkish,震卦-static,b,-0.103,31,0.8706,0.9905,False
Turkish,乾卦-dynamic,n,0.103,51,0.8756,0.9905,False
Turkish,坎卦-dynamic,y,-0.101,3,0.9154,0.9905,False
Turkish,艮卦-static,a,-0.096,48,0.9055,0.9905,False
Turkish,離卦-dynamic,h,-0.095,8,0.8756,0.9905,False
Turkish,兌卦-dynamic,ɫ,0.095,48,0.8458,0.9905,False
Turkish,坤卦-dynamic,n,0.094,76,0.8756,0.9905,False
Turkish,中卦-static,u,-0.09,12,0.8458,0.9905,False
Turkish,中卦-static,f,-0.088,9,0.8308,0.9905,False
Turkish,離卦-dynamic,ɟ,-0.088,9,0.9055,0.9905,False
Turkish,震卦-static,e,0.086,39,0.8458,0.9905,False
Turkish,艮卦-dynamic,ɛ,0.085,43,0.9154,0.9905,False
Turkish,艮卦-static,b,0.083,11,0.9154,0.9905,False
Turkish,中卦-static,t͡ʃ,0.083,25,0.8756,0.9905,False
Turkish,中卦-static,z,0.083,36,0.8358,0.9905,False
Turkish,震卦-dynamic,e,-0.083,21,0.9254,0.9905,False
Turkish,離卦-static,y,-0.08,4,0.9055,0.9905,False
Turkish,震卦-dynamic,t,0.073,35,0.9055,0.9905,False
Turkish,震卦-static,ʊ,0.068,27,0.8955,0.9905,False
Turkish,乾卦-dynamic,r,-0.067,48,0.9254,0.9905,False
Turkish,乾卦-dynamic,ʊ,-0.066,21,0.8955,0.9905,False
Turkish,離卦-dynamic,l,0.06,22,0.9254,0.9905,False
Turkish,坎卦-static,z,0.057,8,0.9254,0.9905,False
Turkish,震卦-static,u,0.055,11,0.9154,0.9905,False
Turkish,震卦-static,n,-0.04,57,0.9104,0.9905,False
Turkish,中卦-static,ɯ,-0.033,55,0.9005,0.9905,False
Turkish,巽卦-static,k,0.163,14,0.9303,0.9928,False
Turkish,艮卦-dynamic,v,-0.056,10,0.9303,0.9928,False
Turkish,坎卦-static,k,-0.081,33,0.9353,0.995,False
Turkish,離卦-static,ɾ,0.07,10,0.9353,0.995,False
Turkish,乾卦-dynamic,d͡ʒ,0.055,9,0.9403,0.9956,False
Turkish,艮卦-dynamic,ɟ,-0.054,8,0.9403,0.9956,False
Turkish,乾卦-dynamic,i,-0.049,17,0.9403,0.9956,False
Turkish,巽卦-dynamic,a,0.114,5,0.9602,0.9967,False
Turkish,坎卦-dynamic,z,-0.102,9,0.9652,0.9967,False
Turkish,兌卦-static,s,0.055,6,0.9602,0.9967,False
Turkish,坎卦-static,d,0.051,8,0.9502,0.9967,False
Turkish,坎卦-static,o,0.046,5,0.9652,0.9967,False
Turkish,坎卦-dynamic,i,0.044,7,0.9602,0.9967,False
Turkish,震卦-static,o,-0.044,17,0.9602,0.9967,False
Turkish,艮卦-dynamic,ɔ,-0.04,11,0.9552,0.9967,False
Turkish,坎卦-static,s,0.036,12,0.9851,0.9967,False
Turkish,坎卦-dynamic,h,0.035,4,0.9751,0.9967,False
Turkish,艮卦-dynamic,e,0.028,24,0.9851,0.9967,False
Turkish,坎卦-dynamic,o,0.028,6,0.9701,0.9967,False
Turkish,離卦-static,b,0.028,15,0.9751,0.9967,False
Turkish,坎卦-static,b,-0.025,9,0.9801,0.9967,False
Turkish,中卦-static,ɫ,0.022,43,0.9502,0.9967,False
Turkish,震卦-dynamic,t͡ʃ,-0.022,12,0.9851,0.9967,False
Turkish,中卦-static,o,-0.021,21,0.9652,0.9967,False
Turkish,離卦-dynamic,n,-0.018,43,0.9851,0.9967,False
Turkish,坎卦-static,œ,-0.004,4,0.9851,0.9967,False
Turkish,乾卦-static,d,-0.014,6,0.99,0.9973,False
Turkish,艮卦-dynamic,s,-0.011,28,0.99,0.9973,False
Turkish,坎卦-dynamic,ɪ,0.007,19,0.99,0.9973,False
Turkish,坎卦-dynamic,e,-0.006,12,0.995,0.9994,False
Turkish,震卦-dynamic,s,-0.006,27,0.995,0.9994,False
Turkish,乾卦-dynamic,t,0.004,47,1.0,1.0,False
Turkish,兌卦-dynamic,u,0.001,14,1.0,1.0,False
Turkish,乾卦-dynamic,u,0.001,9,1.0,1.0,False
Vietnamese,震卦-static,ə͡ɪ,3.896,50,0.005,0.5037,False
Vietnamese,兌卦-static,a͡ɪ,3.785,4,0.005,0.5037,False
Vietnamese,震卦-static,i͡ə,3.707,14,0.005,0.5037,False
Vietnamese,離卦-dynamic,t,2.814,38,0.005,0.5037,False
Vietnamese,離卦-dynamic,p,2.421,17,0.005,0.5037,False
Vietnamese,震卦-static,k,2.12,107,0.005,0.5037,False
Vietnamese,震卦-dynamic,t̪,-2.065,12,0.005,0.5037,False
Vietnamese,中卦-dynamic,v,3.911,5,0.01,0.5373,False
Vietnamese,乾卦-static,l,2.663,13,0.01,0.5373,False
Vietnamese,坎卦-static,e,2.558,20,0.01,0.5373,False
Vietnamese,坎卦-dynamic,ɣ,2.426,4,0.01,0.5373,False
Vietnamese,震卦-dynamic,u͡ə,2.226,21,0.01,0.5373,False
Vietnamese,震卦-static,ɗ,1.496,52,0.01,0.5373,False
Vietnamese,巽卦-static,j,3.102,15,0.0149,0.5757,False
Vietnamese,巽卦-dynamic,b,2.795,8,0.0149,0.5757,False
Vietnamese,乾卦-dynamic,i͡ɛ,1.795,28,0.0149,0.5757,False
Vietnamese,震卦-static,m,-1.479,15,0.0149,0.5757,False
Vietnamese,震卦-static,i,-1.301,15,0.0149,0.5757,False
Vietnamese,中卦-static,o,1.289,66,0.0149,0.5757,False
Vietnamese,兌卦-dynamic,t͡ʃ,1.879,32,0.0199,0.62,False
Vietnamese,艮卦-dynamic,ɗ,1.694,35,0.0199,0.62,False
Vietnamese,離卦-dynamic,i͡ɛ,1.558,25,0.0199,0.62,False
Vietnamese,中卦-static,ɲ,1.164,54,0.0199,0.62,False
Vietnamese,離卦-static,ɔ,1.837,39,0.0249,0.6948,False
Vietnamese,震卦-static,ɔ,-1.168,17,0.0249,0.6948,False
Vietnamese,坤卦-dynamic,n,1.167,109,0.0249,0.6948,False
Vietnamese,坎卦-dynamic,w,2.176,22,0.0299,0.7112,False
Vietnamese,離卦-dynamic,y,1.755,15,0.0299,0.7112,False
Vietnamese,震卦-static,ɣ,1.255,15,0.0299,0.7112,False
Vietnamese,坤卦-dynamic,c,-1.192,7,0.0299,0.7112,False
Vietnamese,巽卦-static,x,2.923,3,0.0348,0.7233,False
Vietnamese,兌卦-dynamic,ɛ,1.581,9,0.0348,0.7233,False
Vietnamese,震卦-static,ŋ,1.194,99,0.0348,0.7233,False
Vietnamese,巽卦-dynamic,t̪,2.803,12,0.0398,0.7327,False
Vietnamese,兌卦-static,ɔ,2.399,12,0.0398,0.7327,False
Vietnamese,坤卦-dynamic,u,-1.264,11,0.0398,0.7327,False
Vietnamese,坤卦-dynamic,o,1.152,58,0.0398,0.7327,False
Vietnamese,中卦-static,s,0.996,50,0.0398,0.7327,False
Vietnamese,坎卦-dynamic,t͡ʃ,2.163,19,0.0448,0.7402,False
Vietnamese,兌卦-dynamic,n,1.61,38,0.0448,0.7402,False
Vietnamese,震卦-dynamic,n,-1.403,23,0.0448,0.7402,False
Vietnamese,艮卦-dynamic,s,-1.091,10,0.0448,0.7402,False
Vietnamese,中卦-dynamic,f,3.591,3,0.0597,0.7556,False
Vietnamese,中卦-dynamic,ə,3.505,6,0.0597,0.7556,False
Vietnamese,巽卦-static,a,2.383,24,0.0547,0.7556,False
Vietnamese,巽卦-static,z,2.266,8,0.0547,0.7556,False
Vietnamese,乾卦-static,n,2.234,20,0.0498,0.7556,False
Vietnamese,兌卦-static,h,2.185,8,0.0547,0.7556,False
Vietnamese,兌卦-static,e,2.174,11,0.0597,0.7556,False
Vietnamese,兌卦-static,i,2.114,12,0.0597,0.7556,False
Vietnamese,坤卦-static,ŋ,1.929,18,0.0597,0.7556,False
Vietnamese,兌卦-dynamic,y͡ə,1.554,14,0.0597,0.7556,False
Vietnamese,離卦-static,h,1.291,23,0.0597,0.7556,False
Vietnamese,震卦-dynamic,w,1.281,49,0.0547,0.7556,False
Vietnamese,艮卦-dynamic,u͡ə,1.143,17,0.0597,0.7556,False
Vietnamese,震卦-static,ɜ,-1.087,85,0.0498,0.7556,False
Vietnamese,巽卦-static,s,2.214,6,0.0647,0.7819,False
Vietnamese,震卦-static,n,-1.045,52,0.0647,0.7819,False
Vietnamese,離卦-static,k,1.299,44,0.0697,0.7946,False
Vietnamese,乾卦-dynamic,y,1.237,13,0.0697,0.7946,False
Vietnamese,震卦-dynamic,ɔ,-1.159,9,0.0697,0.7946,False
Vietnamese,坤卦-dynamic,p,-1.029,3,0.0697,0.7946,False
Vietnamese,震卦-static,t̪,-0.941,47,0.0746,0.8281,False
Vietnamese,巽卦-static,u͡ə,2.142,4,0.0896,0.8414,False
Vietnamese,兌卦-static,ɲ,1.932,8,0.0945,0.8414,False
Vietnamese,坤卦-dynamic,a͡ɪ,1.39,13,0.0945,0.8414,False
Vietnamese,艮卦-static,z,-1.329,3,0.0945,0.8414,False
Vietnamese,乾卦-dynamic,o,1.256,30,0.0896,0.8414,False
Vietnamese,乾卦-dynamic,y͡ə,1.253,20,0.0896,0.8414,False
Vietnamese,震卦-dynamic,ɗ,1.251,25,0.0846,0.8414,False
Vietnamese,乾卦-dynamic,e,-1.18,4,0.0896,0.8414,False
Vietnamese,離卦-dynamic,ɔ,-1.043,10,0.0945,0.8414,False
Vietnamese,震卦-dynamic,i,-1.017,11,0.0945,0.8414,False
Vietnamese,震卦-static,x,0.948,14,0.0796,0.8414,False
Vietnamese,震卦-static,ɛ,-0.92,9,0.0796,0.8414,False
Vietnamese,中卦-static,x,0.91,16,0.0896,0.8414,False
Vietnamese,坤卦-dynamic,t̪,-0.905,51,0.0796,0.8414,False
Vietnamese,中卦-static,y͡ə,0.89,38,0.0846,0.8414,False
Vietnamese,震卦-static,b,-0.878,14,0.0846,0.8414,False
Vietnamese,坎卦-static,ɜ,-1.721,15,0.0995,0.8484,False
Vietnamese,坤卦-static,p,1.667,4,0.0995,0.8484,False
Vietnamese,離卦-static,t͡ʃ,1.12,37,0.0995,0.8484,False
Vietnamese,離卦-static,ɛ,-1.091,4,0.0995,0.8484,False
Vietnamese,兌卦-dynamic,ŋ,-1.342,10,0.1045,0.8635,False
Vietnamese,震卦-dynamic,h,1.098,22,0.1045,0.8635,False
Vietnamese,離卦-dynamic,z,-1.02,7,0.1045,0.8635,False
Vietnamese,震卦-static,i͡ɛ,-0.933,11,0.1095,0.8778,False
Vietnamese,中卦-static,u,0.853,42,0.1095,0.8778,False
Vietnamese,中卦-static,ɛ,-0.738,12,0.1095,0.8778,False
Vietnamese,兌卦-static,y,1.736,4,0.1144,0.8999,False
Vietnamese,離卦-dynamic,o,-1.121,9,0.1194,0.9124,False
Vietnamese,坤卦-dynamic,h,-0.983,12,0.1194,0.9124,False
Vietnamese,坤卦-dynamic,x,0.833,14,0.1194,0.9124,False
Vietnamese,離卦-static,t,-1.126,4,0.1244,0.9328,False
Vietnamese,巽卦-dynamic,m,2.296,11,0.1294,0.9439,False
Vietnamese,巽卦-dynamic,c,2.25,6,0.1294,0.9439,False
Vietnamese,坤卦-static,m,1.652,15,0.1294,0.9439,False
Vietnamese,巽卦-dynamic,ɜ,2.105,17,0.1343,0.9715,False
Vietnamese,離卦-dynamic,s,-1.113,8,0.1443,0.9739,False
Vietnamese,震卦-dynamic,ɛ,1.061,12,0.1443,0.9739,False
Vietnamese,艮卦-dynamic,n,0.93,61,0.1443,0.9739,False
Vietnamese,震卦-static,y͡ə,0.848,32,0.1443,0.9739,False
Vietnamese,艮卦-dynamic,y͡ə,0.826,20,0.1443,0.9739,False
Vietnamese,中卦-static,ɜ,0.802,165,0.1443,0.9739,False
Vietnamese,中卦-dynamic,i,2.275,3,0.4876,0.9986,False
Vietnamese,乾卦-static,o,1.695,10,0.1642,0.9986,False
Vietnamese,巽卦-dynamic,y͡ə,1.638,4,0.2239,0.9986,False
Vietnamese,乾卦-static,ɜ,-1.609,11,0.1493,0.9986,False
Vietnamese,坎卦-static,ɲ,1.594,12,0.199,0.9986,False
Vietnamese,坎卦-static,ɛ,1.564,6,0.1741,0.9986,False
Vietnamese,兌卦-static,ŋ,1.553,15,0.199,0.9986,False
Vietnamese,坎卦-dynamic,y,1.527,5,0.1841,0.9986,False
Vietnamese,兌卦-static,ɜ,-1.504,10,0.2139,0.9986,False
Vietnamese,兌卦-static,l,1.434,8,0.2786,0.9986,False
Vietnamese,兌卦-static,t,1.433,7,0.2537,0.9986,False
Vietnamese,坎卦-dynamic,ŋ,-1.432,5,0.1692,0.9986,False
Vietnamese,坎卦-static,f,1.427,10,0.1592,0.9986,False
Vietnamese,兌卦-static,a,-1.427,6,0.209,0.9986,False
Vietnamese,巽卦-dynamic,u,1.383,4,0.3333,0.9986,False
Vietnamese,巽卦-dynamic,ə,1.316,10,0.3483,0.9986,False
Vietnamese,坤卦-static,k,1.309,13,0.199,0.9986,False
Vietnamese,兌卦-static,z,1.244,8,0.3433,0.9986,False
Vietnamese,巽卦-dynamic,a,-1.238,5,0.3881,0.9986,False
Vietnamese,坎卦-static,t͡ʃ,1.215,17,0.2736,0.9986,False
Vietnamese,坎卦-dynamic,k,-1.186,4,0.2388,0.9986,False
Vietnamese,兌卦-static,k,-1.18,3,0.3383,0.9986,False
Vietnamese,坎卦-static,k,-1.17,5,0.204,0.9986,False
Vietnamese,坤卦-static,ɜ,1.167,23,0.2786,0.9986,False
Vietnamese,坎卦-static,u,1.156,9,0.3333,0.9986,False
Vietnamese,兌卦-static,p,1.13,3,0.393,0.9986,False
Vietnamese,坎卦-static,ŋ,1.118,22,0.2537,0.9986,False
Vietnamese,乾卦-static,j,-1.1,3,0.4129,0.9986,False
Vietnamese,兌卦-static,n,-1.098,7,0.3433,0.9986,False
Vietnamese,中卦-dynamic,t̪,1.088,3,0.7662,0.9986,False
Vietnamese,坤卦-static,i,-1.071,3,0.2289,0.9986,False
Vietnamese,離卦-static,z,-1.019,7,0.1841,0.9986,False
Vietnamese,艮卦-static,w,1.008,34,0.204,0.9986,False
Vietnamese,兌卦-static,j,-1.007,3,0.398,0.9986,False
Vietnamese,乾卦-static,u͡ə,1.003,4,0.3582,0.9986,False
Vietnamese,坤卦-static,ɔ,0.999,9,0.3483,0.9986,False
Vietnamese,兌卦-static,w,-0.99,4,0.393,0.9986,False
Vietnamese,乾卦-static,t̪,0.99,14,0.4229,0.9986,False
Vietnamese,巽卦-dynamic,z,0.987,5,0.5473,0.9986,False
Vietnamese,坤卦-static,z,0.985,8,0.3433,0.9986,False
Vietnamese,坎卦-static,i,-0.968,5,0.4129,0.9986,False
Vietnamese,巽卦-dynamic,s,0.963,4,0.5522,0.9986,False
Vietnamese,兌卦-dynamic,h,-0.945,4,0.2289,0.9986,False
Vietnamese,離卦-static,ɲ,0.944,22,0.1841,0.9986,False
Vietnamese,震卦-dynamic,k,0.933,40,0.1891,0.9986,False
Vietnamese,巽卦-static,b,0.928,5,0.5174,0.9986,False
Vietnamese,兌卦-static,ɛ,0.9,3,0.4279,0.9986,False
Vietnamese,兌卦-dynamic,u,-0.897,5,0.2438,0.9986,False
Vietnamese,艮卦-dynamic,i,-0.885,15,0.1741,0.9986,False
Vietnamese,乾卦-dynamic,w,0.88,44,0.2338,0.9986,False
Vietnamese,坎卦-static,ə,-0.879,7,0.4428,0.9986,False
Vietnamese,坎卦-dynamic,ɛ,0.879,4,0.3433,0.9986,False
Vietnamese,艮卦-static,ɔ,-0.878,9,0.2985,0.9986,False
Vietnamese,艮卦-static,a,0.877,63,0.2886,0.9986,False
Vietnamese,艮卦-static,m,0.869,31,0.3134,0.9986,False
Vietnamese,坎卦-dynamic,o,-0.867,4,0.3184,0.9986,False
Vietnamese,坎卦-static,l,-0.863,3,0.4527,0.9986,False
Vietnamese,艮卦-dynamic,m,-0.859,20,0.1642,0.9986,False
Vietnamese,乾卦-static,z,0.859,8,0.4975,0.9986,False
Vietnamese,乾卦-static,ɔ,0.858,9,0.4876,0.9986,False
Vietnamese,離卦-dynamic,ŋ,-0.856,22,0.2388,0.9986,False
Vietnamese,震卦-dynamic,j,0.855,41,0.1891,0.9986,False
Vietnamese,離卦-static,i,0.852,31,0.2438,0.9986,False
Vietnamese,離卦-static,n,-0.844,29,0.194,0.9986,False
Vietnamese,乾卦-static,i͡ɛ,0.844,6,0.4726,0.9986,False
Vietnamese,離卦-static,y͡ə,-0.841,5,0.2338,0.9986,False
Vietnamese,震卦-dynamic,a,0.829,82,0.2189,0.9986,False
Vietnamese,坎卦-static,z,-0.817,4,0.3881,0.9986,False
Vietnamese,坎卦-dynamic,h,0.817,7,0.3781,0.9986,False
Vietnamese,乾卦-static,i,-0.815,4,0.5274,0.9986,False
Vietnamese,坤卦-static,ə,-0.813,5,0.403,0.9986,False
Vietnamese,兌卦-dynamic,ɜ,0.81,48,0.2935,0.9986,False
Vietnamese,艮卦-dynamic,u,-0.806,10,0.194,0.9986,False
Vietnamese,坎卦-static,c,0.804,9,0.4677,0.9986,False
Vietnamese,震卦-dynamic,m,0.8,40,0.2338,0.9986,False
Vietnamese,震卦-dynamic,t,0.795,21,0.194,0.9986,False
Vietnamese,乾卦-dynamic,n,-0.786,31,0.2935,0.9986,False
Vietnamese,震卦-dynamic,s,0.783,21,0.2289,0.9986,False
Vietnamese,艮卦-static,n,-0.779,23,0.3134,0.9986,False
Vietnamese,震卦-dynamic,i͡ɛ,-0.777,7,0.204,0.9986,False
Vietnamese,兌卦-dynamic,k,-0.767,11,0.2687,0.9986,False
Vietnamese,離卦-static,i͡ɛ,-0.758,7,0.3035,0.9986,False
Vietnamese,離卦-static,o,-0.758,12,0.2935,0.9986,False
Vietnamese,坤卦-dynamic,ɣ,0.755,13,0.2139,0.9986,False
Vietnamese,艮卦-static,ə,-0.749,14,0.3831,0.9986,False
Vietnamese,坎卦-static,m,0.746,17,0.4577,0.9986,False
Vietnamese,坤卦-static,a,0.744,23,0.4677,0.9986,False
Vietnamese,離卦-static,l,-0.741,8,0.3333,0.9986,False
Vietnamese,坤卦-dynamic,ɛ,-0.735,11,0.1791,0.9986,False
Vietnamese,震卦-dynamic,ɲ,-0.732,9,0.2836,0.9986,False
Vietnamese,乾卦-dynamic,b,0.72,24,0.3333,0.9986,False
Vietnamese,坎卦-static,ɗ,-0.715,3,0.5124,0.9986,False
Vietnamese,坎卦-dynamic,n,-0.715,11,0.4378,0.9986,False
Vietnamese,乾卦-dynamic,s,0.715,21,0.2786,0.9986,False
Vietnamese,艮卦-static,k,0.712,28,0.3483,0.9986,False
Vietnamese,中卦-static,l,-0.706,19,0.1642,0.9986,False
Vietnamese,震卦-static,s,0.7,39,0.209,0.9986,False
Vietnamese,震卦-static,w,0.699,77,0.1791,0.9986,False
Vietnamese,乾卦-dynamic,ə,-0.69,20,0.2438,0.9986,False
Vietnamese,兌卦-dynamic,ɣ,0.689,4,0.3333,0.9986,False
Vietnamese,中卦-static,c,0.686,44,0.1891,0.9986,False
Vietnamese,艮卦-dynamic,j,0.679,46,0.2289,0.9986,False
Vietnamese,乾卦-dynamic,j,-0.679,17,0.4179,0.9986,False
Vietnamese,離卦-static,t̪,-0.677,27,0.3333,0.9986,False
Vietnamese,巽卦-dynamic,j,-0.676,3,0.5871,0.9986,False
Vietnamese,坤卦-dynamic,z,0.672,50,0.2189,0.9986,False
Vietnamese,兌卦-dynamic,p,0.667,6,0.393,0.9986,False
Vietnamese,震卦-static,p,-0.666,6,0.2637,0.9986,False
Vietnamese,巽卦-static,ɜ,-0.664,10,0.6269,0.9986,False
Vietnamese,乾卦-static,t,0.664,6,0.5821,0.9986,False
Vietnamese,離卦-dynamic,m,-0.662,19,0.3085,0.9986,False
Vietnamese,坤卦-dynamic,k,0.66,74,0.2139,0.9986,False
Vietnamese,乾卦-dynamic,ɗ,0.66,20,0.3632,0.9986,False
Vietnamese,離卦-static,s,-0.658,11,0.2935,0.9986,False
Vietnamese,乾卦-static,a,-0.658,13,0.5771,0.9986,False
Vietnamese,坎卦-static,ɔ,0.657,12,0.5373,0.9986,False
Vietnamese,中卦-dynamic,n,0.654,3,0.8109,0.9986,False
Vietnamese,兌卦-static,b,0.654,6,0.602,0.9986,False
Vietnamese,離卦-static,x,0.651,6,0.3433,0.9986,False
Vietnamese,兌卦-dynamic,ɲ,0.648,13,0.3881,0.9986,False
Vietnamese,艮卦-static,h,0.646,14,0.4328,0.9986,False
Vietnamese,離卦-dynamic,e,0.64,24,0.3881,0.9986,False
Vietnamese,中卦-static,ɣ,-0.639,5,0.1891,0.9986,False
Vietnamese,離卦-static,ɜ,0.639,70,0.3483,0.9986,False
Vietnamese,巽卦-static,ŋ,-0.638,5,0.6318,0.9986,False
Vietnamese,震卦-static,o,0.638,46,0.1741,0.9986,False
Vietnamese,兌卦-static,s,-0.633,3,0.6219,0.9986,False
Vietnamese,乾卦-dynamic,t,0.632,20,0.3333,0.9986,False
Vietnamese,坤卦-static,ɛ,0.627,3,0.5672,0.9986,False
Vietnamese,艮卦-static,y͡ə,-0.624,5,0.4577,0.9986,False
Vietnamese,巽卦-static,i,-0.624,3,0.6219,0.9986,False
Vietnamese,震卦-dynamic,t͡ʃ,-0.623,11,0.2836,0.9986,False
Vietnamese,坎卦-static,n,-0.617,14,0.5224,0.9986,False
Vietnamese,坎卦-static,w,-0.616,9,0.5025,0.9986,False
Vietnamese,乾卦-static,ə,0.616,13,0.5771,0.9986,False
Vietnamese,艮卦-static,ɲ,0.614,15,0.4428,0.9986,False
Vietnamese,坎卦-dynamic,z,-0.613,4,0.5473,0.9986,False
Vietnamese,震卦-dynamic,l,0.611,22,0.3532,0.9986,False
Vietnamese,坎卦-dynamic,s,0.61,7,0.5572,0.9986,False
Vietnamese,乾卦-dynamic,ɔ,-0.609,15,0.3881,0.9986,False
Vietnamese,坤卦-static,f,0.607,4,0.5373,0.9986,False
Vietnamese,乾卦-dynamic,ɛ,-0.607,6,0.3134,0.9986,False
Vietnamese,艮卦-static,o,0.601,18,0.4378,0.9986,False
Vietnamese,離卦-dynamic,u͡ə,-0.598,3,0.3881,0.9986,False
Vietnamese,坎卦-dynamic,ɜ,0.594,25,0.5572,0.9986,False
Vietnamese,坤卦-dynamic,j,0.591,75,0.2687,0.9986,False
Vietnamese,震卦-static,t,-0.579,17,0.2587,0.9986,False
Vietnamese,離卦-static,ɗ,-0.579,8,0.3532,0.9986,False
Vietnamese,坎卦-static,y͡ə,-0.578,3,0.5224,0.9986,False
Vietnamese,艮卦-static,s,-0.561,9,0.5174,0.9986,False
Vietnamese,坤卦-static,ɲ,-0.557,3,0.607,0.9986,False
Vietnamese,乾卦-dynamic,i,0.553,29,0.3881,0.9986,False
Vietnamese,震卦-dynamic,c,-0.552,9,0.4229,0.9986,False
Vietnamese,乾卦-static,u,-0.552,3,0.6318,0.9986,False
Vietnamese,艮卦-static,t,-0.54,7,0.5274,0.9986,False
Vietnamese,巽卦-static,n,0.539,9,0.6567,0.9986,False
Vietnamese,兌卦-dynamic,v,-0.534,3,0.4428,0.9986,False
Vietnamese,艮卦-dynamic,ɜ,0.528,84,0.4378,0.9986,False
Vietnamese,艮卦-static,ŋ,0.526,32,0.4527,0.9986,False
Vietnamese,艮卦-static,c,-0.523,7,0.5423,0.9986,False
Vietnamese,坤卦-dynamic,y,-0.521,8,0.3234,0.9986,False
Vietnamese,中卦-static,ŋ,0.52,94,0.2687,0.9986,False
Vietnamese,坎卦-static,o,0.518,10,0.607,0.9986,False
Vietnamese,坎卦-dynamic,ə,-0.517,8,0.5721,0.9986,False
Vietnamese,艮卦-dynamic,c,0.516,22,0.3333,0.9986,False
Vietnamese,艮卦-static,t̪,0.515,31,0.5323,0.9986,False
Vietnamese,兌卦-dynamic,j,0.512,23,0.4876,0.9986,False
Vietnamese,巽卦-static,k,-0.511,4,0.6567,0.9986,False
Vietnamese,巽卦-static,t̪,0.511,8,0.6816,0.9986,False
Vietnamese,艮卦-dynamic,ŋ,-0.51,33,0.3532,0.9986,False
Vietnamese,巽卦-dynamic,i,0.5,5,0.7264,0.9986,False
Vietnamese,離卦-dynamic,t̪,0.5,40,0.5025,0.9986,False
Vietnamese,坎卦-dynamic,p,0.498,3,0.607,0.9986,False
Vietnamese,坤卦-dynamic,f,-0.496,3,0.3383,0.9986,False
Vietnamese,坎卦-static,i͡ɛ,-0.495,4,0.6418,0.9986,False
Vietnamese,艮卦-dynamic,l,0.49,25,0.3731,0.9986,False
Vietnamese,艮卦-static,b,0.489,16,0.5622,0.9986,False
Vietnamese,艮卦-static,p,-0.488,3,0.5771,0.9986,False
Vietnamese,坎卦-dynamic,b,-0.483,4,0.7164,0.9986,False
Vietnamese,兌卦-dynamic,l,-0.482,7,0.5124,0.9986,False
Vietnamese,震卦-dynamic,ɜ,-0.481,54,0.4527,0.9986,False
Vietnamese,震卦-static,a,0.48,139,0.3234,0.9986,False
Vietnamese,乾卦-static,t͡ʃ,-0.478,4,0.6965,0.9986,False
Vietnamese,坤卦-static,u,-0.476,3,0.6169,0.9986,False
Vietnamese,兌卦-dynamic,a,-0.47,31,0.4975,0.9986,False
Vietnamese,坤卦-dynamic,u͡ə,-0.462,8,0.3881,0.9986,False
Vietnamese,坤卦-dynamic,w,-0.462,47,0.3184,0.9986,False
Vietnamese,坎卦-static,t̪,-0.461,13,0.6716,0.9986,False
Vietnamese,乾卦-dynamic,v,-0.46,6,0.4925,0.9986,False
Vietnamese,離卦-static,w,0.459,36,0.5025,0.9986,False
Vietnamese,中卦-static,e,-0.454,27,0.3582,0.9986,False
Vietnamese,坎卦-static,b,0.453,9,0.6866,0.9986,False
Vietnamese,中卦-static,w,-0.443,52,0.3035,0.9986,False
Vietnamese,離卦-dynamic,l,-0.443,11,0.4975,0.9986,False
Vietnamese,乾卦-dynamic,ŋ,0.442,42,0.4876,0.9986,False
Vietnamese,艮卦-dynamic,ə,-0.437,29,0.4726,0.9986,False
Vietnamese,離卦-static,u͡ə,-0.437,4,0.5124,0.9986,False
Vietnamese,乾卦-dynamic,k,-0.433,22,0.5473,0.9986,False
Vietnamese,坎卦-dynamic,m,-0.43,8,0.6866,0.9986,False
Vietnamese,中卦-static,n,-0.428,77,0.4577,0.9986,False
Vietnamese,兌卦-static,t̪,-0.425,8,0.7214,0.9986,False
Vietnamese,艮卦-dynamic,e,-0.424,15,0.4428,0.9986,False
Vietnamese,艮卦-dynamic,ɔ,-0.42,20,0.4577,0.9986,False
Vietnamese,坎卦-dynamic,j,0.414,12,0.7015,0.9986,False
Vietnamese,震卦-static,e,-0.413,24,0.3682,0.9986,False
Vietnamese,離卦-static,ə,-0.413,24,0.5274,0.9986,False
Vietnamese,離卦-dynamic,c,0.409,17,0.5124,0.9986,False
Vietnamese,巽卦-dynamic,n,0.404,8,0.806,0.9986,False
Vietnamese,乾卦-dynamic,h,0.404,17,0.5771,0.9986,False
Vietnamese,坎卦-dynamic,a,0.403,25,0.6617,0.9986,False
Vietnamese,艮卦-dynamic,a,0.395,85,0.5622,0.9986,False
Vietnamese,乾卦-static,m,-0.395,7,0.6866,0.9986,False
Vietnamese,乾卦-static,h,0.392,5,0.7512,0.9986,False
Vietnamese,坤卦-static,c,-0.39,3,0.6965,0.9986,False
Vietnamese,乾卦-static,ɗ,-0.389,3,0.7264,0.9986,False
Vietnamese,震卦-dynamic,ə,-0.387,25,0.5572,0.9986,False
Vietnamese,離卦-dynamic,i,0.387,26,0.6219,0.9986,False
Vietnamese,坤卦-dynamic,e,0.384,44,0.4677,0.9986,False
Vietnamese,震卦-dynamic,u,-0.383,11,0.5423,0.9986,False
Vietnamese,乾卦-dynamic,ɜ,0.381,69,0.5572,0.9986,False
Vietnamese,中卦-static,i͡ɛ,0.379,36,0.4478,0.9986,False
Vietnamese,中卦-static,ɔ,-0.377,38,0.3582,0.9986,False
Vietnamese,兌卦-dynamic,ə,0.374,25,0.5572,0.9986,False
Vietnamese,震卦-static,j,-0.373,41,0.4826,0.9986,False
Vietnamese,坤卦-dynamic,v,-0.371,15,0.408,0.9986,False
Vietnamese,艮卦-dynamic,k,0.371,39,0.4826,0.9986,False
Vietnamese,離卦-dynamic,w,-0.367,24,0.5871,0.9986,False
Vietnamese,艮卦-dynamic,v,-0.364,9,0.5821,0.9986,False
Vietnamese,震卦-static,l,-0.362,23,0.4826,0.9986,False
Vietnamese,兌卦-dynamic,z,-0.362,9,0.6368,0.9986,False
Vietnamese,坤卦-dynamic,i͡ɛ,-0.36,21,0.5025,0.9986,False
Vietnamese,震卦-static,u,0.36,30,0.4925,0.9986,False
Vietnamese,坎卦-dynamic,t̪,-0.359,11,0.7164,0.9986,False
Vietnamese,離卦-static,ŋ,-0.356,29,0.592,0.9986,False
Vietnamese,乾卦-static,e,-0.356,4,0.7363,0.9986,False
Vietnamese,坤卦-static,t̪,-0.354,9,0.7313,0.9986,False
Vietnamese,巽卦-static,ə,-0.354,5,0.8209,0.9986,False
Vietnamese,離卦-static,f,-0.354,3,0.5672,0.9986,False
Vietnamese,中卦-static,h,-0.352,24,0.4279,0.9986,False
Vietnamese,坤卦-static,i͡ɛ,-0.347,3,0.7463,0.9986,False
Vietnamese,坤卦-dynamic,ɲ,0.346,36,0.4279,0.9986,False
Vietnamese,乾卦-static,ŋ,0.345,12,0.7164,0.9986,False
Vietnamese,坤卦-dynamic,a,0.341,141,0.5373,0.9986,False
Vietnamese,艮卦-static,i͡ɛ,0.341,12,0.6667,0.9986,False
Vietnamese,坤卦-dynamic,y͡ə,0.338,27,0.5025,0.9986,False
Vietnamese,乾卦-static,y͡ə,0.335,4,0.791,0.9986,False
Vietnamese,兌卦-dynamic,i,-0.334,12,0.6716,0.9986,False
Vietnamese,艮卦-dynamic,f,-0.332,4,0.5622,0.9986,False
Vietnamese,中卦-static,k,-0.331,51,0.5025,0.9986,False
Vietnamese,震卦-dynamic,ŋ,-0.329,30,0.5672,0.9986,False
Vietnamese,中卦-static,v,-0.328,18,0.4876,0.9986,False
Vietnamese,兌卦-static,v,0.326,5,0.8209,0.9986,False
Vietnamese,艮卦-static,ɗ,-0.318,8,0.6766,0.9986,False
Vietnamese,中卦-static,z,-0.318,32,0.4726,0.9986,False
Vietnamese,震卦-dynamic,o,-0.317,16,0.5473,0.9986,False
Vietnamese,坤卦-static,e,0.315,6,0.7463,0.9986,False
Vietnamese,乾卦-static,k,-0.312,7,0.806,0.9986,False
Vietnamese,震卦-dynamic,y,-0.306,5,0.6617,0.9986,False
Vietnamese,乾卦-dynamic,u͡ə,0.306,9,0.6418,0.9986,False
Vietnamese,坤卦-dynamic,t,0.305,34,0.6119,0.9986,False
Vietnamese,坎卦-dynamic,t,-0.303,4,0.7711,0.9986,False
Vietnamese,坤卦-dynamic,ŋ,-0.3,62,0.5721,0.9986,False
Vietnamese,坎卦-dynamic,i,0.294,9,0.791,0.9986,False
Vietnamese,離卦-dynamic,ɛ,0.294,9,0.6517,0.9986,False
Vietnamese,坎卦-static,v,0.293,8,0.801,0.9986,False
Vietnamese,坤卦-dynamic,l,-0.292,26,0.5672,0.9986,False
Vietnamese,兌卦-dynamic,ɗ,-0.291,7,0.6667,0.9986,False
Vietnamese,震卦-dynamic,ɣ,0.29,5,0.6716,0.9986,False
Vietnamese,兌卦-dynamic,x,0.283,3,0.7065,0.9986,False
Vietnamese,坎卦-static,t,-0.279,5,0.7861,0.9986,False
Vietnamese,艮卦-static,f,-0.274,3,0.7463,0.9986,False
Vietnamese,坎卦-dynamic,e,-0.273,5,0.8159,0.9986,False
Vietnamese,震卦-static,z,0.273,39,0.6468,0.9986,False
Vietnamese,坎卦-static,s,-0.272,6,0.7861,0.9986,False
Vietnamese,中卦-static,b,-0.271,30,0.6219,0.9986,False
Vietnamese,乾卦-dynamic,ɲ,-0.27,13,0.7065,0.9986,False
Vietnamese,坤卦-static,s,-0.269,4,0.8109,0.9986,False
Vietnamese,乾卦-dynamic,u,-0.267,12,0.6866,0.9986,False
Vietnamese,震卦-static,y,0.266,15,0.6269,0.9986,False
Vietnamese,中卦-static,t,-0.265,26,0.5572,0.9986,False
Vietnamese,離卦-dynamic,f,-0.264,4,0.6866,0.9986,False
Vietnamese,兌卦-dynamic,s,-0.264,9,0.7313,0.9986,False
Vietnamese,震卦-dynamic,p,-0.262,5,0.6766,0.9986,False
Vietnamese,離卦-static,e,-0.261,14,0.7015,0.9986,False
Vietnamese,坎卦-dynamic,u͡ə,0.258,3,0.8209,0.9986,False
Vietnamese,中卦-static,t̪,-0.255,72,0.6418,0.9986,False
Vietnamese,兌卦-dynamic,e,0.252,13,0.6468,0.9986,False
Vietnamese,坤卦-static,o,0.25,6,0.791,0.9986,False
Vietnamese,離卦-dynamic,ɗ,-0.248,11,0.6567,0.9986,False
Vietnamese,離卦-static,j,-0.246,23,0.7114,0.9986,False
Vietnamese,乾卦-dynamic,a,-0.246,55,0.7711,0.9986,False
Vietnamese,坤卦-dynamic,b,0.242,38,0.6368,0.9986,False
Vietnamese,艮卦-static,u,-0.242,9,0.7711,0.9986,False
Vietnamese,中卦-static,ɗ,0.241,35,0.597,0.9986,False
Vietnamese,兌卦-dynamic,y,0.24,5,0.7512,0.9986,False
Vietnamese,離卦-dynamic,h,0.233,15,0.7413,0.9986,False
Vietnamese,乾卦-dynamic,m,-0.233,26,0.7562,0.9986,False
Vietnamese,坎卦-dynamic,i͡ɛ,-0.231,4,0.806,0.9986,False
Vietnamese,艮卦-static,j,-0.228,18,0.7562,0.9986,False
Vietnamese,離卦-dynamic,v,0.226,17,0.7413,0.9986,False
Vietnamese,坤卦-dynamic,ə,-0.221,57,0.6716,0.9986,False
Vietnamese,艮卦-static,i,-0.219,15,0.7861,0.9986,False
Vietnamese,兌卦-dynamic,ɔ,0.219,15,0.7811,0.9986,False
Vietnamese,中卦-static,ə͡ɪ,-0.216,4,0.6318,0.9986,False
Vietnamese,震卦-static,v,-0.216,19,0.6716,0.9986,False
Vietnamese,離卦-dynamic,b,0.214,18,0.7214,0.9986,False
Vietnamese,離卦-dynamic,k,-0.214,24,0.7065,0.9986,False
Vietnamese,乾卦-dynamic,c,0.214,16,0.7662,0.9986,False
Vietnamese,坤卦-dynamic,ɔ,0.207,47,0.6716,0.9986,False
Vietnamese,乾卦-static,ɲ,-0.206,4,0.8358,0.9986,False
Vietnamese,離卦-static,p,0.205,7,0.7711,0.9986,False
Vietnamese,震卦-static,c,-0.2,23,0.6567,0.9986,False
Vietnamese,離卦-static,v,-0.2,10,0.801,0.9986,False
Vietnamese,兌卦-dynamic,o,-0.199,11,0.7463,0.9986,False
Vietnamese,艮卦-dynamic,ɲ,-0.198,16,0.7114,0.9986,False
Vietnamese,離卦-static,a,0.196,64,0.8159,0.9986,False
Vietnamese,乾卦-dynamic,z,-0.193,16,0.806,0.9986,False
Vietnamese,離卦-dynamic,t͡ʃ,0.188,23,0.8358,0.9986,False
Vietnamese,離卦-static,u,-0.184,12,0.7811,0.9986,False
Vietnamese,離卦-dynamic,j,-0.184,24,0.8159,0.9986,False
Vietnamese,艮卦-static,v,-0.179,8,0.8109,0.9986,False
Vietnamese,中卦-static,p,-0.178,12,0.6965,0.9986,False
Vietnamese,離卦-static,c,0.176,15,0.8308,0.9986,False
Vietnamese,乾卦-dynamic,t̪,0.176,38,0.7662,0.9986,False
Vietnamese,艮卦-dynamic,t̪,-0.175,40,0.7214,0.9986,False
Vietnamese,震卦-static,u͡ə,-0.173,11,0.7363,0.9986,False
Vietnamese,艮卦-dynamic,ɛ,-0.17,9,0.7512,0.9986,False
Vietnamese,坤卦-dynamic,ɜ,-0.169,120,0.7562,0.9986,False
Vietnamese,兌卦-dynamic,t,0.166,10,0.8259,0.9986,False
Vietnamese,兌卦-dynamic,c,-0.164,8,0.8159,0.9986,False
Vietnamese,坤卦-dynamic,m,-0.158,54,0.7612,0.9986,False
Vietnamese,震卦-dynamic,y͡ə,0.157,12,0.8159,0.9986,False
Vietnamese,震卦-dynamic,ə͡ɪ,0.156,4,0.7612,0.9986,False
Vietnamese,兌卦-dynamic,m,0.156,20,0.8408,0.9986,False
Vietnamese,震卦-static,t͡ʃ,-0.145,35,0.7761,0.9986,False
Vietnamese,震卦-static,ə,-0.145,56,0.7413,0.9986,False
Vietnamese,中卦-static,i,0.14,53,0.7214,0.9986,False
Vietnamese,艮卦-dynamic,h,-0.134,15,0.8109,0.9986,False
Vietnamese,坤卦-dynamic,t͡ʃ,0.13,46,0.8358,0.9986,False
Vietnamese,乾卦-dynamic,t͡ʃ,-0.129,19,0.8308,0.9986,False
Vietnamese,離卦-static,y,0.125,7,0.8159,0.9986,False
Vietnamese,中卦-static,a,-0.124,127,0.8109,0.9986,False
Vietnamese,坤卦-dynamic,i,0.118,48,0.8358,0.9986,False
Vietnamese,兌卦-static,u,-0.319,3,0.8458,0.9987,False
Vietnamese,中卦-static,f,-0.108,13,0.8458,0.9987,False
Vietnamese,中卦-static,ə,-0.104,67,0.8458,0.9987,False
Vietnamese,巽卦-static,m,-0.223,5,0.8507,0.9988,False
Vietnamese,坎卦-static,a,-0.185,24,0.8557,0.9988,False
Vietnamese,離卦-static,m,0.137,30,0.8507,0.9988,False
Vietnamese,離卦-static,b,0.115,17,0.8557,0.9988,False
Vietnamese,巽卦-dynamic,o,-0.239,3,0.8806,1.0,False
Vietnamese,坎卦-dynamic,ɗ,-0.236,4,0.8607,1.0,False
Vietnamese,巽卦-dynamic,v,0.185,3,0.9254,1.0,False
Vietnamese,坤卦-static,n,0.167,12,0.8955,1.0,False
Vietnamese,坎卦-static,p,0.156,3,0.8806,1.0,False
Vietnamese,坎卦-dynamic,l,-0.155,5,0.8856,1.0,False
Vietnamese,兌卦-static,m,-0.149,7,0.9104,1.0,False
Vietnamese,坎卦-dynamic,v,-0.133,4,0.8607,1.0,False
Vietnamese,巽卦-dynamic,ɔ,0.125,4,0.9204,1.0,False
Vietnamese,乾卦-static,s,0.124,5,0.9552,1.0,False
Vietnamese,艮卦-static,ɜ,0.122,48,0.9005,1.0,False
Vietnamese,艮卦-static,l,-0.119,11,0.9005,1.0,False
Vietnamese,坎卦-dynamic,u,0.115,5,0.9005,1.0,False
Vietnamese,艮卦-static,e,0.111,14,0.8806,1.0,False
Vietnamese,坎卦-dynamic,ɔ,-0.107,7,0.9005,1.0,False
Vietnamese,中卦-dynamic,ɜ,0.107,4,0.9851,1.0,False
Vietnamese,離卦-dynamic,x,-0.106,3,0.8706,1.0,False
Vietnamese,兌卦-static,t͡ʃ,-0.102,5,0.9303,1.0,False
Vietnamese,兌卦-dynamic,i͡ɛ,-0.1,8,0.8955,1.0,False
Vietnamese,艮卦-dynamic,t͡ʃ,-0.095,23,0.9005,1.0,False
Vietnamese,艮卦-dynamic,i͡ɛ,-0.088,15,0.8856,1.0,False
Vietnamese,艮卦-dynamic,p,-0.085,7,0.9005,1.0,False
Vietnamese,兌卦-static,ə,-0.085,8,0.9502,1.0,False
Vietnamese,中卦-static,t͡ʃ,-0.083,43,0.8905,1.0,False
Vietnamese,震卦-dynamic,b,0.079,17,0.9204,1.0,False
Vietnamese,乾卦-dynamic,p,-0.074,6,0.9353,1.0,False
Vietnamese,坤卦-dynamic,s,0.073,33,0.8657,1.0,False
Vietnamese,震卦-dynamic,e,0.067,18,0.9403,1.0,False
Vietnamese,艮卦-dynamic,z,0.063,22,0.8955,1.0,False
Vietnamese,艮卦-dynamic,w,0.053,37,0.9154,1.0,False
Vietnamese,震卦-static,h,-0.052,25,0.9403,1.0,False
Vietnamese,離卦-dynamic,ɲ,0.052,15,0.9303,1.0,False
Vietnamese,巽卦-static,w,0.051,6,0.9552,1.0,False
Vietnamese,艮卦-static,t͡ʃ,-0.049,15,0.9502,1.0,False
Vietnamese,艮卦-dynamic,o,-0.049,22,0.9552,1.0,False
Vietnamese,中卦-static,y,-0.049,14,0.9353,1.0,False
Vietnamese,艮卦-static,ɛ,-0.046,6,0.9701,1.0,False
Vietnamese,坎卦-static,h,0.045,6,0.9652,1.0,False
Vietnamese,離卦-dynamic,y͡ə,0.045,11,0.9502,1.0,False
Vietnamese,艮卦-dynamic,b,0.04,20,0.9403,1.0,False
Vietnamese,巽卦-static,l,-0.04,3,0.9801,1.0,False
Vietnamese,震卦-static,ɲ,0.039,29,0.9453,1.0,False
Vietnamese,兌卦-dynamic,w,-0.038,19,0.9502,1.0,False
Vietnamese,震卦-dynamic,z,0.036,18,0.9502,1.0,False
Vietnamese,兌卦-dynamic,t̪,0.032,23,0.9602,1.0,False
Vietnamese,中卦-static,m,-0.031,63,0.9552,1.0,False
Vietnamese,離卦-dynamic,u,-0.027,13,0.9751,1.0,False
Vietnamese,坤卦-dynamic,ɗ,0.026,28,0.9602,1.0,False
Vietnamese,中卦-static,j,0.026,62,0.9602,1.0,False
Vietnamese,艮卦-dynamic,y,0.023,8,0.9552,1.0,False
Vietnamese,坤卦-static,j,0.021,8,0.9801,1.0,False
Vietnamese,震卦-static,f,-0.021,13,0.9602,1.0,False
Vietnamese,離卦-dynamic,ɜ,-0.021,60,0.9801,1.0,False
Vietnamese,離卦-dynamic,ɣ,-0.02,4,0.99,1.0,False
Vietnamese,坎卦-static,j,0.018,12,0.9851,1.0,False
Vietnamese,離卦-static,ɣ,-0.018,4,0.9701,1.0,False
Vietnamese,離卦-dynamic,ə,-0.017,31,0.9801,1.0,False
Vietnamese,艮卦-static,y,0.016,5,0.9801,1.0,False
Vietnamese,艮卦-dynamic,t,0.014,17,0.995,1.0,False
Vietnamese,離卦-dynamic,n,0.012,39,0.9851,1.0,False
Vietnamese,乾卦-static,w,-0.012,9,0.995,1.0,False
Vietnamese,坎卦-static,u͡ə,0.01,3,0.995,1.0,False
Vietnamese,乾卦-dynamic,l,-0.01,16,0.99,1.0,False
Vietnamese,離卦-dynamic,a,-0.002,59,0.995,1.0,False
Welsh,兌卦-dynamic,ɔ͡ɪ,4.123,9,0.005,0.3657,False
Welsh,坎卦-dynamic,e͡ʊ,3.72,6,0.005,0.3657,False
Welsh,震卦-dynamic,ʃ,3.573,11,0.005,0.3657,False
Welsh,坤卦-static,ə͡ɨ,3.484,3,0.005,0.3657,False
Welsh,兌卦-dynamic,ø,2.591,69,0.005,0.3657,False
Welsh,震卦-dynamic,ə,2.519,11,0.005,0.3657,False
Welsh,震卦-static,ɑ͡ɨ,2.163,24,0.005,0.3657,False
Welsh,艮卦-dynamic,j,2.096,37,0.005,0.3657,False
Welsh,坤卦-dynamic,e,1.991,32,0.005,0.3657,False
Welsh,震卦-static,ɛ,1.754,89,0.005,0.3657,False
Welsh,震卦-static,θ,1.484,24,0.005,0.3657,False
Welsh,坎卦-dynamic,w,2.757,11,0.01,0.4179,False
Welsh,離卦-static,k,2.187,46,0.01,0.4179,False
Welsh,離卦-dynamic,ŋ,2.102,10,0.01,0.4179,False
Welsh,坤卦-dynamic,ɨ͡u,1.999,16,0.01,0.4179,False
Welsh,乾卦-dynamic,r,1.959,92,0.01,0.4179,False
Welsh,艮卦-static,k,1.726,39,0.01,0.4179,False
Welsh,震卦-static,n,1.636,145,0.01,0.4179,False
Welsh,中卦-static,v,1.186,49,0.01,0.4179,False
Welsh,坎卦-static,ʌ,2.333,15,0.0149,0.5266,False
Welsh,離卦-static,ɪ͡u,2.293,5,0.0149,0.5266,False
Welsh,乾卦-dynamic,θ,1.711,15,0.0149,0.5266,False
Welsh,坤卦-dynamic,u,1.574,13,0.0149,0.5266,False
Welsh,中卦-dynamic,a,3.842,3,0.0199,0.5662,False
Welsh,乾卦-dynamic,ɑ͡ɨ,1.942,13,0.0199,0.5662,False
Welsh,兌卦-dynamic,a͡ɨ,1.681,7,0.0199,0.5662,False
Welsh,離卦-static,p,1.5,20,0.0199,0.5662,False
Welsh,中卦-static,d,1.036,90,0.0199,0.5662,False
Welsh,乾卦-static,ø,2.246,19,0.0249,0.5774,False
Welsh,離卦-dynamic,ə͡ɪ,1.564,16,0.0249,0.5774,False
Welsh,兌卦-dynamic,o,1.369,16,0.0249,0.5774,False
Welsh,離卦-dynamic,θ,1.344,18,0.0249,0.5774,False
Welsh,艮卦-static,u͡ɨ,1.299,10,0.0249,0.5774,False
Welsh,艮卦-dynamic,ɔ,1.263,68,0.0249,0.5774,False
Welsh,中卦-static,k,-0.884,28,0.0249,0.5774,False
Welsh,坤卦-static,ɔ͡ɨ,2.631,4,0.0299,0.6123,False
Welsh,乾卦-static,u,2.471,3,0.0299,0.6123,False
Welsh,乾卦-dynamic,ɪ͡u,1.66,5,0.0299,0.6123,False
Welsh,離卦-dynamic,t,-1.224,17,0.0299,0.6123,False
Welsh,兌卦-dynamic,e,1.216,14,0.0299,0.6123,False
Welsh,兌卦-static,t,2.991,5,0.0398,0.6188,False
Welsh,巽卦-static,ʊ,2.635,7,0.0448,0.6188,False
Welsh,乾卦-static,a͡ʊ,2.308,5,0.0498,0.6188,False
Welsh,乾卦-static,ɔ͡ɨ,2.267,3,0.0398,0.6188,False
Welsh,坎卦-static,ð,1.832,9,0.0498,0.6188,False
Welsh,坤卦-static,u͡ɨ,1.794,6,0.0348,0.6188,False
Welsh,坤卦-static,ð,1.776,12,0.0348,0.6188,False
Welsh,艮卦-static,a͡ɨ,1.772,5,0.0348,0.6188,False
Welsh,艮卦-static,o,1.602,12,0.0348,0.6188,False
Welsh,離卦-dynamic,ə,1.523,10,0.0498,0.6188,False
Welsh,震卦-dynamic,o,1.34,15,0.0348,0.6188,False
Welsh,震卦-dynamic,m,1.335,30,0.0547,0.6188,False
Welsh,震卦-dynamic,t,-1.335,12,0.0398,0.6188,False
Welsh,艮卦-static,ɨ,-1.233,10,0.0498,0.6188,False
Welsh,離卦-dynamic,s,-1.194,20,0.0547,0.6188,False
Welsh,震卦-static,d,-1.156,38,0.0448,0.6188,False
Welsh,震卦-static,m,1.111,46,0.0398,0.6188,False
Welsh,艮卦-dynamic,n,-1.11,36,0.0398,0.6188,False
Welsh,震卦-static,u͡ɨ,1.097,21,0.0448,0.6188,False
Welsh,離卦-dynamic,ɔ,1.094,64,0.0498,0.6188,False
Welsh,坤卦-dynamic,a͡ʊ,1.029,18,0.0547,0.6188,False
Welsh,離卦-dynamic,o,1.011,17,0.0547,0.6188,False
Welsh,坤卦-dynamic,ɬ,-0.968,11,0.0448,0.6188,False
Welsh,中卦-static,a͡ɪ,0.963,22,0.0498,0.6188,False
Welsh,中卦-static,ɛ,0.932,87,0.0547,0.6188,False
Welsh,震卦-static,v,-0.907,19,0.0448,0.6188,False
Welsh,坤卦-dynamic,d,0.858,83,0.0498,0.6188,False
Welsh,中卦-static,e,0.817,22,0.0547,0.6188,False
Welsh,兌卦-dynamic,ɛ,-1.268,20,0.0597,0.6501,False
Welsh,艮卦-dynamic,ʌ,0.999,47,0.0597,0.6501,False
Welsh,艮卦-static,ɬ,1.359,19,0.0647,0.6557,False
Welsh,艮卦-static,d,-1.275,16,0.0647,0.6557,False
Welsh,兌卦-dynamic,c,1.191,5,0.0647,0.6557,False
Welsh,坤卦-dynamic,r,0.966,145,0.0647,0.6557,False
Welsh,巽卦-dynamic,x,2.23,6,0.0746,0.6929,False
Welsh,坎卦-static,x,1.865,7,0.0697,0.6929,False
Welsh,坎卦-dynamic,ɔ,1.586,19,0.0746,0.6929,False
Welsh,震卦-dynamic,ɔ,1.057,49,0.0746,0.6929,False
Welsh,坤卦-dynamic,o,-0.999,4,0.0746,0.6929,False
Welsh,坤卦-dynamic,ɪ͡u,0.945,7,0.0746,0.6929,False
Welsh,巽卦-dynamic,j,2.041,6,0.0796,0.7238,False
Welsh,坤卦-dynamic,ɡ,0.833,78,0.0796,0.7238,False
Welsh,兌卦-static,ʊ,2.427,4,0.0846,0.7386,False
Welsh,巽卦-dynamic,ɨ,2.132,9,0.0846,0.7386,False
Welsh,巽卦-dynamic,ə͡ɪ,1.947,3,0.0846,0.7386,False
Welsh,艮卦-static,ɡ,1.119,33,0.0846,0.7386,False
Welsh,巽卦-static,b,2.145,5,0.0896,0.7522,False
Welsh,坤卦-dynamic,v,0.766,42,0.0896,0.7522,False
Welsh,巽卦-dynamic,ɡ,2.016,12,0.0945,0.7566,False
Welsh,離卦-static,ʌ,-1.17,6,0.0945,0.7566,False
Welsh,離卦-static,ɛ,1.151,36,0.0945,0.7566,False
Welsh,離卦-static,ɨ,-1.147,11,0.0995,0.7566,False
Welsh,艮卦-dynamic,ɨ͡u,1.053,7,0.0995,0.7566,False
Welsh,離卦-dynamic,e,-0.996,3,0.0995,0.7566,False
Welsh,艮卦-dynamic,t,0.862,46,0.0995,0.7566,False
Welsh,中卦-static,ø,-0.716,29,0.0995,0.7566,False
Welsh,中卦-static,b,0.69,44,0.0995,0.7566,False
Welsh,中卦-static,m,0.663,47,0.0995,0.7566,False
Welsh,坤卦-dynamic,ɔ͡ɨ,0.912,10,0.1045,0.7744,False
Welsh,艮卦-dynamic,w,-0.904,5,0.1045,0.7744,False
Welsh,坎卦-dynamic,a͡ɪ,1.606,5,0.1095,0.7849,False
Welsh,坎卦-dynamic,d,1.608,17,0.1144,0.7947,False
Welsh,坎卦-dynamic,ə͡ɪ,1.534,4,0.1144,0.7947,False
Welsh,坎卦-dynamic,t,-1.308,4,0.1144,0.7947,False
Welsh,坎卦-dynamic,ɑ͡ɨ,1.655,4,0.1244,0.8007,False
Welsh,坎卦-dynamic,s,-1.598,3,0.1244,0.8007,False
Welsh,坤卦-static,ɛ,1.421,19,0.1194,0.8007,False
Welsh,艮卦-dynamic,o,0.865,16,0.1194,0.8007,False
Welsh,艮卦-dynamic,ɬ,0.767,27,0.1244,0.8007,False
Welsh,震卦-static,x,-0.758,6,0.1244,0.8007,False
Welsh,兌卦-static,l,2.466,6,0.1294,0.806,False
Welsh,乾卦-static,d,-1.554,6,0.1343,0.806,False
Welsh,乾卦-static,m,1.522,10,0.1294,0.806,False
Welsh,坤卦-static,d,-1.342,8,0.1343,0.806,False
Welsh,乾卦-dynamic,v,0.859,22,0.1343,0.806,False
Welsh,離卦-dynamic,j,0.856,23,0.1294,0.806,False
Welsh,震卦-static,k,0.763,64,0.1343,0.806,False
Welsh,兌卦-dynamic,ʌ,0.753,35,0.1343,0.806,False
Welsh,震卦-static,l,0.711,73,0.1343,0.806,False
Welsh,離卦-dynamic,ʊ,-0.854,3,0.1393,0.8083,False
Welsh,離卦-dynamic,ɬ,-0.84,9,0.1393,0.8083,False
Welsh,震卦-static,ə͡ɪ,-0.724,4,0.1393,0.8083,False
Welsh,坤卦-dynamic,h,-0.67,8,0.1393,0.8083,False
Welsh,乾卦-static,s,1.459,18,0.1542,0.8195,False
Welsh,坎卦-static,b,1.39,8,0.1542,0.8195,False
Welsh,離卦-static,ɔ,1.03,37,0.1542,0.8195,False
Welsh,乾卦-dynamic,a͡ʊ,0.99,9,0.1542,0.8195,False
Welsh,兌卦-dynamic,l,-0.841,23,0.1443,0.8195,False
Welsh,艮卦-dynamic,d,0.839,57,0.1493,0.8195,False
Welsh,震卦-static,w,-0.706,9,0.1493,0.8195,False
Welsh,中卦-static,ɨ,0.661,58,0.1443,0.8195,False
Welsh,中卦-static,x,-0.641,9,0.1542,0.8195,False
Welsh,坤卦-static,ɔ,-1.114,4,0.1592,0.826,False
Welsh,震卦-dynamic,v,0.854,23,0.1592,0.826,False
Welsh,巽卦-dynamic,ʌ,1.802,10,0.1642,0.8322,False
Welsh,坎卦-static,θ,1.432,4,0.1642,0.8322,False
Welsh,離卦-static,ə͡ɪ,1.123,8,0.1692,0.8382,False
Welsh,離卦-static,ð,-0.871,5,0.1692,0.8382,False
Welsh,艮卦-dynamic,ŋ,0.834,6,0.1692,0.8382,False
Welsh,巽卦-dynamic,l,1.84,13,0.1741,0.8392,False
Welsh,坤卦-static,k,1.168,17,0.1741,0.8392,False
Welsh,離卦-static,u͡ɨ,-0.893,3,0.1741,0.8392,False
Welsh,震卦-dynamic,ɨ,0.806,31,0.1741,0.8392,False
Welsh,乾卦-static,x,1.496,7,0.1791,0.8539,False
Welsh,艮卦-dynamic,r,-0.665,60,0.1791,0.8539,False
Welsh,坤卦-static,a͡ʊ,1.234,4,0.1841,0.8545,False
Welsh,乾卦-dynamic,ɡ,-0.839,20,0.1841,0.8545,False
Welsh,兌卦-dynamic,ʊ,-0.816,3,0.1841,0.8545,False
Welsh,中卦-static,a͡ɨ,0.626,8,0.1841,0.8545,False
Welsh,坤卦-dynamic,f,-0.574,4,0.1891,0.8685,False
Welsh,中卦-static,ʊ,-0.533,13,0.1891,0.8685,False
Welsh,兌卦-dynamic,t,-0.776,19,0.194,0.8731,False
Welsh,震卦-static,b,-0.625,18,0.194,0.8731,False
Welsh,震卦-static,ð,-0.6,15,0.194,0.8731,False
Welsh,兌卦-static,ð,2.119,3,0.199,0.8865,False
Welsh,艮卦-dynamic,e,-0.684,5,0.199,0.8865,False
Welsh,巽卦-static,v,1.679,4,0.204,0.8947,False
Welsh,巽卦-dynamic,n,-1.522,4,0.209,0.8947,False
Welsh,離卦-dynamic,ð,0.718,28,0.209,0.8947,False
Welsh,震卦-static,ɡ,-0.61,39,0.209,0.8947,False
Welsh,坤卦-dynamic,n,0.509,119,0.209,0.8947,False
Welsh,巽卦-dynamic,d,1.554,11,0.2139,0.898,False
Welsh,離卦-static,w,-0.896,3,0.2189,0.898,False
Welsh,兌卦-dynamic,d,-0.656,30,0.2139,0.898,False
Welsh,坤卦-dynamic,ɨ,0.614,55,0.2189,0.898,False
Welsh,坤卦-dynamic,a͡ɪ,-0.572,3,0.2189,0.898,False
Welsh,坎卦-dynamic,x,1.043,6,0.2289,0.9345,False
Welsh,艮卦-static,s,-0.784,16,0.2338,0.9417,False
Welsh,艮卦-dynamic,a,-0.643,37,0.2338,0.9417,False
Welsh,震卦-static,ɬ,-0.59,15,0.2388,0.9531,False
Welsh,兌卦-static,n,1.872,8,0.2886,0.9636,False
Welsh,巽卦-static,ɡ,1.474,7,0.2935,0.9636,False
Welsh,巽卦-dynamic,ɔ,1.206,11,0.3085,0.9636,False
Welsh,坎卦-dynamic,r,1.092,26,0.2886,0.9636,False
Welsh,乾卦-static,u͡ɨ,1.064,4,0.2836,0.9636,False
Welsh,乾卦-static,ɔ,-0.998,4,0.2687,0.9636,False
Welsh,乾卦-static,ɛ,-0.995,7,0.2886,0.9636,False
Welsh,坤卦-static,ʌ,-0.961,4,0.2836,0.9636,False
Welsh,坤卦-static,ɑ,0.94,7,0.2836,0.9636,False
Welsh,震卦-dynamic,ə͡ɨ,0.856,3,0.2637,0.9636,False
Welsh,艮卦-static,n,0.795,51,0.2488,0.9636,False
Welsh,離卦-static,n,0.779,53,0.2587,0.9636,False
Welsh,乾卦-dynamic,w,-0.737,5,0.2537,0.9636,False
Welsh,乾卦-dynamic,ø,-0.731,14,0.2587,0.9636,False
Welsh,震卦-dynamic,a͡ʊ,0.697,8,0.2637,0.9636,False
Welsh,離卦-static,s,-0.676,18,0.2935,0.9636,False
Welsh,離卦-static,v,-0.671,10,0.3085,0.9636,False
Welsh,艮卦-dynamic,u͡ɨ,0.657,14,0.2637,0.9636,False
Welsh,震卦-dynamic,d,0.637,42,0.2537,0.9636,False
Welsh,艮卦-static,e,-0.636,3,0.3234,0.9636,False
Welsh,震卦-dynamic,p,0.635,19,0.3085,0.9636,False
Welsh,離卦-dynamic,l,-0.581,33,0.2935,0.9636,False
Welsh,震卦-dynamic,a,-0.578,30,0.2736,0.9636,False
Welsh,艮卦-dynamic,ə͡ɪ,-0.573,4,0.3085,0.9636,False
Welsh,離卦-dynamic,ɛ,-0.566,35,0.3134,0.9636,False
Welsh,震卦-static,ə͡ɨ,0.558,4,0.3184,0.9636,False
Welsh,艮卦-dynamic,x,-0.544,7,0.2836,0.9636,False
Welsh,震卦-static,r,-0.543,80,0.2438,0.9636,False
Welsh,離卦-dynamic,ʌ,0.533,39,0.3035,0.9636,False
Welsh,震卦-static,ʊ,-0.531,11,0.2836,0.9636,False
Welsh,離卦-dynamic,ɡ,-0.525,32,0.2985,0.9636,False
Welsh,中卦-static,n,-0.512,80,0.2687,0.9636,False
Welsh,震卦-static,h,-0.493,12,0.2836,0.9636,False
Welsh,震卦-static,j,-0.492,10,0.3134,0.9636,False
Welsh,坤卦-dynamic,s,-0.444,51,0.2836,0.9636,False
Welsh,坤卦-dynamic,ʌ,-0.428,33,0.2985,0.9636,False
Welsh,坤卦-dynamic,ŋ,-0.406,3,0.3234,0.9636,False
Welsh,中卦-static,j,0.399,27,0.3035,0.9636,False
Welsh,離卦-static,b,0.657,17,0.3284,0.9751,False
Welsh,巽卦-static,w,1.225,3,0.3433,0.9781,False
Welsh,坎卦-dynamic,ɛ,-1.05,7,0.3383,0.9781,False
Welsh,坎卦-static,m,0.782,7,0.3483,0.9781,False
Welsh,艮卦-static,p,-0.656,6,0.3333,0.9781,False
Welsh,離卦-static,ɑ,0.621,12,0.3433,0.9781,False
Welsh,乾卦-dynamic,j,0.611,15,0.3483,0.9781,False
Welsh,艮卦-static,h,-0.6,4,0.3532,0.9781,False
Welsh,艮卦-dynamic,ʃ,0.593,4,0.3483,0.9781,False
Welsh,離卦-dynamic,m,-0.588,17,0.3383,0.9781,False
Welsh,乾卦-dynamic,x,-0.566,5,0.3532,0.9781,False
Welsh,離卦-static,a,0.553,41,0.3582,0.9781,False
Welsh,乾卦-dynamic,d,0.525,39,0.3383,0.9781,False
Welsh,震卦-dynamic,ð,-0.51,10,0.3532,0.9781,False
Welsh,離卦-dynamic,h,0.481,31,0.3433,0.9781,False
Welsh,坤卦-dynamic,u͡ɨ,-0.457,11,0.3483,0.9781,False
Welsh,巽卦-static,m,1.146,4,0.3632,0.9856,False
Welsh,坤卦-dynamic,k,-0.417,40,0.3632,0.9856,False
Welsh,中卦-static,ʌ,-0.363,36,0.3682,0.99,False
Welsh,離卦-static,d,-0.615,22,0.3731,0.9943,False
Welsh,離卦-dynamic,ə͡ɨ,0.499,3,0.3781,0.9955,False
Welsh,震卦-static,a͡ʊ,-0.449,4,0.3781,0.9955,False
Welsh,中卦-static,o,-0.361,11,0.3781,0.9955,False
Welsh,艮卦-static,ɛ,0.51,29,0.3831,0.9996,False
Welsh,巽卦-dynamic,w,0.921,4,0.4627,1.0,False
Welsh,坎卦-static,a͡ɪ,0.883,3,0.4826,1.0,False
Welsh,坎卦-dynamic,ɬ,0.836,7,0.4527,1.0,False
Welsh,坎卦-static,w,0.823,5,0.3881,1.0,False
Welsh,坎卦-static,ɡ,-0.788,6,0.403,1.0,False
Welsh,巽卦-dynamic,ø,0.769,8,0.5622,1.0,False
Welsh,巽卦-static,ɛ,0.749,6,0.6119,1.0,False
Welsh,坎卦-static,ɛ,-0.736,7,0.5025,1.0,False
Welsh,乾卦-static,r,0.719,23,0.4876,1.0,False
Welsh,坎卦-static,ɔ,-0.697,5,0.4776,1.0,False
Welsh,坤卦-static,p,-0.688,3,0.408,1.0,False
Welsh,巽卦-dynamic,a,-0.666,6,0.6219,1.0,False
Welsh,坎卦-dynamic,l,-0.651,8,0.5124,1.0,False
Welsh,兌卦-static,r,-0.647,4,0.7065,1.0,False
Welsh,乾卦-static,b,0.64,7,0.5323,1.0,False
Welsh,乾卦-static,l,-0.601,8,0.4876,1.0,False
Welsh,乾卦-dynamic,u͡ɨ,-0.601,5,0.393,1.0,False
Welsh,離卦-static,ɬ,-0.586,7,0.4129,1.0,False
Welsh,坎卦-static,n,-0.58,11,0.5721,1.0,False
Welsh,坤卦-static,v,0.578,8,0.4179,1.0,False
Welsh,震卦-dynamic,c,0.577,3,0.5274,1.0,False
Welsh,乾卦-static,k,-0.576,6,0.5373,1.0,False
Welsh,坎卦-dynamic,j,0.571,5,0.5672,1.0,False
Welsh,坎卦-dynamic,b,0.567,7,0.4876,1.0,False
Welsh,坎卦-static,ʊ,0.566,6,0.6667,1.0,False
Welsh,離卦-static,x,-0.565,4,0.4378,1.0,False
Welsh,乾卦-static,ð,-0.564,3,0.5821,1.0,False
Welsh,兌卦-dynamic,u͡ɨ,0.563,11,0.408,1.0,False
Welsh,巽卦-static,s,0.535,6,0.7562,1.0,False
Welsh,離卦-dynamic,a͡ɨ,0.531,5,0.398,1.0,False
Welsh,離卦-dynamic,w,0.522,20,0.3881,1.0,False
Welsh,離卦-static,ɡ,-0.518,19,0.4279,1.0,False
Welsh,離卦-static,u,0.513,3,0.5473,1.0,False
Welsh,艮卦-static,ɔ͡ɨ,0.51,3,0.4776,1.0,False
Welsh,震卦-dynamic,b,-0.508,12,0.4129,1.0,False
Welsh,離卦-static,f,0.501,9,0.4279,1.0,False
Welsh,兌卦-static,k,0.501,3,0.8507,1.0,False
Welsh,乾卦-static,a,-0.501,10,0.602,1.0,False
Welsh,離卦-dynamic,ø,0.494,43,0.408,1.0,False
Welsh,坎卦-dynamic,ø,-0.484,6,0.6418,1.0,False
Welsh,坤卦-static,t,-0.478,8,0.5423,1.0,False
Welsh,艮卦-static,ɑ͡ɨ,0.478,5,0.4776,1.0,False
Welsh,坎卦-static,v,-0.476,4,0.6567,1.0,False
Welsh,兌卦-dynamic,b,-0.473,13,0.4129,1.0,False
Welsh,艮卦-static,b,-0.471,9,0.4577,1.0,False
Welsh,乾卦-dynamic,ɛ,-0.471,27,0.3881,1.0,False
Welsh,艮卦-dynamic,f,-0.467,4,0.398,1.0,False
Welsh,坎卦-static,a,-0.466,9,0.6219,1.0,False
Welsh,兌卦-dynamic,ə͡ɪ,0.455,8,0.4527,1.0,False
Welsh,乾卦-static,e,0.453,3,0.6866,1.0,False
Welsh,震卦-dynamic,ɛ,0.448,39,0.5274,1.0,False
Welsh,艮卦-static,θ,-0.446,4,0.4577,1.0,False
Welsh,離卦-static,m,-0.446,11,0.5174,1.0,False
Welsh,離卦-static,ʊ,-0.445,6,0.5124,1.0,False
Welsh,乾卦-dynamic,k,-0.445,20,0.4925,1.0,False
Welsh,兌卦-dynamic,ɬ,-0.443,11,0.4328,1.0,False
Welsh,震卦-dynamic,n,0.439,62,0.5075,1.0,False
Welsh,兌卦-dynamic,j,0.439,15,0.4279,1.0,False
Welsh,乾卦-dynamic,e,0.439,9,0.4378,1.0,False
Welsh,乾卦-dynamic,ɬ,-0.437,10,0.403,1.0,False
Welsh,離卦-dynamic,p,-0.433,13,0.4229,1.0,False
Welsh,乾卦-dynamic,s,0.427,39,0.5075,1.0,False
Welsh,艮卦-static,ʌ,-0.414,13,0.5124,1.0,False
Welsh,艮卦-dynamic,v,0.411,26,0.3881,1.0,False
Welsh,艮卦-static,ð,-0.41,8,0.4876,1.0,False
Welsh,離卦-dynamic,d,0.405,51,0.4975,1.0,False
Welsh,震卦-static,ɑ,-0.403,11,0.408,1.0,False
Welsh,離卦-dynamic,a͡ɪ,0.403,10,0.5075,1.0,False
Welsh,艮卦-dynamic,ʊ,0.402,25,0.4826,1.0,False
Welsh,中卦-static,ə,0.402,8,0.4428,1.0,False
Welsh,坎卦-static,ɬ,-0.401,3,0.6915,1.0,False
Welsh,乾卦-static,θ,0.4,3,0.6368,1.0,False
Welsh,乾卦-dynamic,l,-0.399,27,0.4876,1.0,False
Welsh,兌卦-dynamic,θ,0.396,10,0.4925,1.0,False
Welsh,巽卦-static,l,-0.393,4,0.7612,1.0,False
Welsh,離卦-dynamic,k,-0.393,28,0.5224,1.0,False
Welsh,巽卦-dynamic,r,-0.392,11,0.7065,1.0,False
Welsh,艮卦-static,l,0.385,29,0.5274,1.0,False
Welsh,震卦-dynamic,ø,-0.381,20,0.4925,1.0,False
Welsh,離卦-dynamic,ɨ,-0.379,27,0.5373,1.0,False
Welsh,坤卦-static,r,0.378,25,0.6269,1.0,False
Welsh,艮卦-static,e͡ʊ,0.378,3,0.5373,1.0,False
Welsh,艮卦-dynamic,h,-0.378,12,0.4826,1.0,False
Welsh,兌卦-dynamic,ɡ,0.376,38,0.5323,1.0,False
Welsh,震卦-dynamic,k,-0.374,22,0.5174,1.0,False
Welsh,艮卦-static,w,-0.372,6,0.5572,1.0,False
Welsh,艮卦-dynamic,ɛ,-0.372,38,0.5075,1.0,False
Welsh,震卦-dynamic,ɑ,-0.37,7,0.5522,1.0,False
Welsh,坤卦-static,f,0.368,4,0.6766,1.0,False
Welsh,艮卦-static,i,-0.367,4,0.5522,1.0,False
Welsh,坤卦-static,a,-0.366,13,0.6816,1.0,False
Welsh,坤卦-static,b,-0.366,5,0.6617,1.0,False
Welsh,兌卦-dynamic,a͡ʊ,-0.366,3,0.5522,1.0,False
Welsh,乾卦-static,h,-0.366,3,0.7015,1.0,False
Welsh,坤卦-dynamic,t,-0.364,42,0.4378,1.0,False
Welsh,坤卦-dynamic,p,-0.361,20,0.408,1.0,False
Welsh,離卦-static,l,0.358,30,0.5522,1.0,False
Welsh,震卦-dynamic,ɑ͡ɨ,-0.355,3,0.5274,1.0,False
Welsh,離卦-static,t,0.355,23,0.602,1.0,False
Welsh,艮卦-static,f,-0.354,3,0.5821,1.0,False
Welsh,兌卦-dynamic,n,-0.354,47,0.5174,1.0,False
Welsh,中卦-static,ə͡ɨ,0.353,4,0.4577,1.0,False
Welsh,震卦-static,t,-0.352,37,0.4428,1.0,False
Welsh,震卦-dynamic,ɡ,-0.35,27,0.5522,1.0,False
Welsh,坤卦-static,ɨ,-0.348,8,0.6219,1.0,False
Welsh,艮卦-dynamic,ɨ,0.346,35,0.5274,1.0,False
Welsh,坤卦-dynamic,ð,0.345,34,0.4328,1.0,False
Welsh,離卦-dynamic,i,0.344,15,0.5124,1.0,False
Welsh,兌卦-dynamic,i,-0.343,6,0.4925,1.0,False
Welsh,巽卦-static,ɨ,-0.342,3,0.8358,1.0,False
Welsh,艮卦-dynamic,ð,-0.341,15,0.5124,1.0,False
Welsh,坎卦-dynamic,m,-0.34,5,0.7463,1.0,False
Welsh,兌卦-dynamic,a,-0.338,37,0.5721,1.0,False
Welsh,乾卦-static,o,0.338,3,0.7065,1.0,False
Welsh,艮卦-dynamic,ɑ͡ɨ,-0.334,4,0.5274,1.0,False
Welsh,中卦-static,ɡ,-0.334,53,0.4378,1.0,False
Welsh,坎卦-dynamic,h,0.333,7,0.6915,1.0,False
Welsh,乾卦-dynamic,ɑ,-0.333,7,0.6169,1.0,False
Welsh,中卦-static,u,-0.331,3,0.4826,1.0,False
Welsh,中卦-static,r,-0.328,103,0.4328,1.0,False
Welsh,乾卦-dynamic,a͡ɪ,-0.328,3,0.592,1.0,False
Welsh,坤卦-dynamic,m,-0.325,29,0.393,1.0,False
Welsh,坤卦-dynamic,ɔ,-0.324,46,0.4478,1.0,False
Welsh,艮卦-dynamic,ø,-0.322,27,0.5473,1.0,False
Welsh,艮卦-static,ɔ,-0.319,18,0.602,1.0,False
Welsh,巽卦-static,h,0.319,3,0.9055,1.0,False
Welsh,坎卦-dynamic,ɨ,-0.314,7,0.8159,1.0,False
Welsh,震卦-static,ŋ,-0.314,3,0.5124,1.0,False
Welsh,兌卦-dynamic,s,-0.307,31,0.5672,1.0,False
Welsh,艮卦-dynamic,p,0.306,21,0.5871,1.0,False
Welsh,坎卦-static,ɨ,-0.305,6,0.7711,1.0,False
Welsh,坤卦-dynamic,ə͡ɪ,-0.304,8,0.5473,1.0,False
Welsh,離卦-dynamic,ʃ,0.303,3,0.6617,1.0,False
Welsh,坤卦-static,h,-0.301,4,0.7164,1.0,False
Welsh,震卦-dynamic,j,0.301,13,0.6368,1.0,False
Welsh,坎卦-dynamic,ɡ,-0.299,9,0.7861,1.0,False
Welsh,巽卦-static,ø,-0.299,3,0.8806,1.0,False
Welsh,震卦-static,ə,-0.298,3,0.5871,1.0,False
Welsh,坎卦-static,r,0.296,18,0.7711,1.0,False
Welsh,艮卦-dynamic,m,0.295,27,0.607,1.0,False
Welsh,坤卦-dynamic,x,-0.293,14,0.5274,1.0,False
Welsh,艮卦-dynamic,s,0.291,50,0.6219,1.0,False
Welsh,乾卦-dynamic,ʊ,0.288,17,0.6119,1.0,False
Welsh,艮卦-static,t,-0.284,17,0.6169,1.0,False
Welsh,坎卦-static,d,-0.281,9,0.7313,1.0,False
Welsh,震卦-dynamic,l,-0.28,30,0.6667,1.0,False
Welsh,兌卦-dynamic,p,-0.279,12,0.5473,1.0,False
Welsh,乾卦-static,ɡ,0.279,11,0.8209,1.0,False
Welsh,中卦-static,u͡ɨ,-0.278,13,0.4776,1.0,False
Welsh,坤卦-static,m,-0.277,6,0.6915,1.0,False
Welsh,乾卦-dynamic,t,0.276,28,0.6269,1.0,False
Welsh,震卦-static,f,0.273,16,0.5522,1.0,False
Welsh,坤卦-static,n,0.272,22,0.6667,1.0,False
Welsh,坤卦-dynamic,j,-0.272,15,0.5721,1.0,False
Welsh,離卦-static,r,0.272,49,0.6468,1.0,False
Welsh,坎卦-dynamic,ð,-0.271,4,0.7861,1.0,False
Welsh,震卦-dynamic,i,0.27,11,0.6816,1.0,False
Welsh,離卦-dynamic,ɪ͡u,0.269,3,0.6517,1.0,False
Welsh,兌卦-dynamic,ɔ,0.268,37,0.6119,1.0,False
Welsh,艮卦-dynamic,ɪ͡u,0.267,3,0.7114,1.0,False
Welsh,震卦-static,a,-0.265,60,0.6119,1.0,False
Welsh,離卦-dynamic,n,0.265,75,0.597,1.0,False
Welsh,震卦-static,e,0.26,14,0.5672,1.0,False
Welsh,離卦-dynamic,x,-0.258,10,0.6766,1.0,False
Welsh,乾卦-dynamic,ɨ,-0.256,21,0.6816,1.0,False
Welsh,乾卦-static,p,0.254,5,0.791,1.0,False
Welsh,巽卦-static,r,0.247,9,0.8308,1.0,False
Welsh,中卦-static,ə͡ɪ,0.247,13,0.6169,1.0,False
Welsh,乾卦-dynamic,o,-0.246,6,0.7313,1.0,False
Welsh,坤卦-static,w,0.245,5,0.806,1.0,False
Welsh,中卦-static,a,0.242,92,0.5423,1.0,False
Welsh,離卦-dynamic,a,-0.234,48,0.6119,1.0,False
Welsh,乾卦-static,v,0.234,6,0.8159,1.0,False
Welsh,震卦-static,u,-0.229,3,0.6418,1.0,False
Welsh,坤卦-static,i,0.225,4,0.7711,1.0,False
Welsh,乾卦-dynamic,ŋ,0.221,3,0.7662,1.0,False
Welsh,離卦-static,θ,-0.219,5,0.7662,1.0,False
Welsh,巽卦-dynamic,s,0.217,8,0.8905,1.0,False
Welsh,中卦-static,ð,0.217,33,0.5473,1.0,False
Welsh,震卦-dynamic,r,-0.215,55,0.7264,1.0,False
Welsh,震卦-dynamic,w,0.214,13,0.7214,1.0,False
Welsh,中卦-static,a͡ʊ,0.212,11,0.6716,1.0,False
Welsh,坤卦-static,l,0.206,14,0.8358,1.0,False
Welsh,震卦-dynamic,s,-0.203,31,0.6368,1.0,False
Welsh,艮卦-static,x,-0.202,6,0.7264,1.0,False
Welsh,兌卦-dynamic,ɑ,-0.197,9,0.7562,1.0,False
Welsh,中卦-static,ŋ,0.196,6,0.6965,1.0,False
Welsh,離卦-static,o,-0.196,5,0.7612,1.0,False
Welsh,坤卦-static,ɬ,0.191,6,0.7761,1.0,False
Welsh,坤卦-static,s,0.189,14,0.8259,1.0,False
Welsh,坤卦-dynamic,b,0.189,34,0.6667,1.0,False
Welsh,震卦-static,ɨ,-0.189,37,0.6269,1.0,False
Welsh,乾卦-dynamic,n,-0.189,46,0.7562,1.0,False
Welsh,坎卦-dynamic,a,0.187,15,0.8706,1.0,False
Welsh,巽卦-static,t,0.186,4,0.8657,1.0,False
Welsh,乾卦-static,ɬ,0.18,5,0.8706,1.0,False
Welsh,離卦-dynamic,v,0.178,24,0.7711,1.0,False
Welsh,坤卦-static,ɡ,-0.176,11,0.801,1.0,False
Welsh,艮卦-static,a͡ɪ,-0.175,3,0.801,1.0,False
Welsh,乾卦-dynamic,ɔ,-0.174,26,0.7662,1.0,False
Welsh,中卦-static,h,-0.172,25,0.7313,1.0,False
Welsh,震卦-dynamic,ʌ,-0.171,21,0.7413,1.0,False
Welsh,離卦-dynamic,ɑ͡ɨ,0.171,7,0.7363,1.0,False
Welsh,巽卦-dynamic,t,0.17,6,0.9005,1.0,False
Welsh,兌卦-dynamic,ɨ,0.167,27,0.7811,1.0,False
Welsh,震卦-static,o,0.164,14,0.7214,1.0,False
Welsh,震卦-dynamic,a͡ɨ,0.164,3,0.806,1.0,False
Welsh,艮卦-dynamic,i,0.162,13,0.7811,1.0,False
Welsh,坎卦-static,k,-0.162,7,0.8905,1.0,False
Welsh,中卦-static,ɔ͡ɨ,-0.162,4,0.7512,1.0,False
Welsh,中卦-static,l,0.16,71,0.7363,1.0,False
Welsh,震卦-static,i,-0.155,12,0.7662,1.0,False
Welsh,離卦-dynamic,b,0.153,23,0.7811,1.0,False
Welsh,坤卦-dynamic,ø,-0.152,44,0.6965,1.0,False
Welsh,坎卦-dynamic,v,0.148,6,0.8856,1.0,False
Welsh,坤卦-dynamic,ɛ,-0.147,60,0.7711,1.0,False
Welsh,離卦-static,ø,-0.145,18,0.8358,1.0,False
Welsh,震卦-static,a͡ɪ,0.14,10,0.7662,1.0,False
Welsh,震卦-dynamic,ʊ,-0.14,12,0.796,1.0,False
Welsh,離卦-dynamic,u͡ɨ,0.14,11,0.791,1.0,False
Welsh,坤卦-dynamic,θ,-0.138,13,0.7811,1.0,False
Welsh,離卦-static,j,-0.138,7,0.8458,1.0,False
Welsh,坎卦-dynamic,n,0.133,18,0.8806,1.0,False
Welsh,中卦-static,ɬ,0.132,30,0.7711,1.0,False
Welsh,乾卦-dynamic,ð,-0.132,13,0.8259,1.0,False
Welsh,中卦-static,w,0.13,24,0.7662,1.0,False
Welsh,中卦-static,θ,0.13,16,0.7463,1.0,False
Welsh,兌卦-dynamic,ð,0.13,17,0.801,1.0,False
Welsh,坤卦-static,ø,-0.128,9,0.8905,1.0,False
Welsh,中卦-static,t,0.128,54,0.7413,1.0,False
Welsh,兌卦-dynamic,u,0.128,3,0.8358,1.0,False
Welsh,坎卦-static,l,0.127,10,0.8955,1.0,False
Welsh,坤卦-dynamic,w,0.126,23,0.7662,1.0,False
Welsh,巽卦-static,n,-0.124,7,0.9353,1.0,False
Welsh,乾卦-dynamic,f,0.12,8,0.8458,1.0,False
Welsh,兌卦-dynamic,k,0.118,31,0.8259,1.0,False
Welsh,坎卦-static,s,-0.116,9,0.9204,1.0,False
Welsh,震卦-static,ʃ,0.115,3,0.8259,1.0,False
Welsh,兌卦-static,ɛ,0.114,3,0.9303,1.0,False
Welsh,震卦-static,p,0.112,24,0.9005,1.0,False
Welsh,艮卦-dynamic,ɑ,-0.11,12,0.801,1.0,False
Welsh,坎卦-static,t,-0.11,7,0.9104,1.0,False
Welsh,艮卦-dynamic,l,-0.108,42,0.8706,1.0,False
Welsh,坤卦-dynamic,a,0.104,83,0.8209,1.0,False
Welsh,中卦-static,f,0.102,16,0.8607,1.0,False
Welsh,坎卦-dynamic,ʌ,0.1,8,0.9204,1.0,False
Welsh,乾卦-static,t,-0.097,8,0.9303,1.0,False
Welsh,乾卦-static,i,0.096,3,0.9005,1.0,False
Welsh,艮卦-dynamic,ɡ,0.095,42,0.8607,1.0,False
Welsh,震卦-static,ø,-0.094,40,0.8607,1.0,False
Welsh,震卦-dynamic,ə͡ɪ,0.093,6,0.9204,1.0,False
Welsh,艮卦-static,j,-0.091,7,0.9005,1.0,False
Welsh,坤卦-static,x,0.089,4,0.9453,1.0,False
Welsh,乾卦-static,ɑ,-0.088,3,0.9254,1.0,False
Welsh,乾卦-dynamic,i,0.088,9,0.8905,1.0,False
Welsh,艮卦-static,ʊ,0.086,11,0.8955,1.0,False
Welsh,艮卦-dynamic,k,-0.085,34,0.8856,1.0,False
Welsh,震卦-dynamic,θ,0.085,8,0.8458,1.0,False
Welsh,中卦-static,s,-0.084,64,0.8507,1.0,False
Welsh,乾卦-static,ʌ,-0.084,7,0.9055,1.0,False
Welsh,乾卦-dynamic,ə͡ɪ,-0.083,5,0.8905,1.0,False
Welsh,艮卦-static,r,-0.082,42,0.8209,1.0,False
Welsh,兌卦-dynamic,e͡ʊ,0.082,3,0.9104,1.0,False
Welsh,坤卦-dynamic,ʊ,-0.08,24,0.8308,1.0,False
Welsh,震卦-static,s,-0.08,54,0.8507,1.0,False
Welsh,震卦-dynamic,f,0.078,8,0.9005,1.0,False
Welsh,艮卦-static,ɑ,-0.076,7,0.9055,1.0,False
Welsh,離卦-dynamic,r,0.075,78,0.8756,1.0,False
Welsh,坤卦-dynamic,ɑ,-0.074,18,0.8557,1.0,False
Welsh,艮卦-dynamic,ɔ͡ɨ,-0.074,3,0.9254,1.0,False
Welsh,兌卦-dynamic,h,0.074,18,0.9204,1.0,False
Welsh,兌卦-dynamic,m,0.071,20,0.8706,1.0,False
Welsh,離卦-dynamic,ɑ,0.068,14,0.9403,1.0,False
Welsh,坤卦-dynamic,l,-0.067,62,0.8756,1.0,False
Welsh,乾卦-static,n,0.065,17,0.9303,1.0,False
Welsh,兌卦-dynamic,v,-0.064,18,0.9204,1.0,False
Welsh,乾卦-dynamic,ʌ,0.063,23,0.9403,1.0,False
Welsh,艮卦-dynamic,b,0.061,22,0.8905,1.0,False
Welsh,艮卦-static,m,-0.059,13,0.9055,1.0,False
Welsh,震卦-static,ɔ,-0.059,48,0.9154,1.0,False
Welsh,乾卦-dynamic,m,0.059,18,0.9204,1.0,False
Welsh,乾卦-dynamic,h,0.056,16,0.9055,1.0,False
Welsh,艮卦-static,v,0.053,13,0.9154,1.0,False
Welsh,中卦-static,i,-0.051,16,0.8856,1.0,False
Welsh,震卦-dynamic,e,-0.051,7,0.9403,1.0,False
Welsh,坤卦-dynamic,i,0.049,17,0.9104,1.0,False
Welsh,兌卦-dynamic,x,-0.049,10,0.9154,1.0,False
Welsh,震卦-dynamic,h,-0.046,15,0.9254,1.0,False
Welsh,坎卦-static,ø,-0.043,7,0.9751,1.0,False
Welsh,震卦-static,ɔ͡ɨ,-0.036,4,0.9701,1.0,False
Welsh,離卦-dynamic,f,-0.035,9,0.9552,1.0,False
Welsh,中卦-static,ɨ͡u,0.034,4,0.9303,1.0,False
Welsh,震卦-dynamic,a͡ɪ,-0.034,5,0.9751,1.0,False
Welsh,艮卦-dynamic,θ,0.031,10,0.9453,1.0,False
Welsh,震卦-static,ɪ͡u,0.031,3,0.9552,1.0,False
Welsh,兌卦-dynamic,f,0.031,8,0.9453,1.0,False
Welsh,艮卦-static,ə͡ɪ,-0.027,4,0.9303,1.0,False
Welsh,中卦-static,p,0.019,27,0.9602,1.0,False
Welsh,兌卦-dynamic,r,-0.019,62,0.9701,1.0,False
Welsh,巽卦-static,a,0.018,6,1.0,1.0,False
Welsh,艮卦-static,a,0.015,31,0.9801,1.0,False
Welsh,艮卦-static,ø,0.014,19,0.9751,1.0,False
Welsh,兌卦-dynamic,w,0.014,12,0.9701,1.0,False
Welsh,巽卦-dynamic,ʊ,0.013,3,0.99,1.0,False
Welsh,兌卦-dynamic,ə,0.013,3,0.9701,1.0,False
Welsh,乾卦-dynamic,a,-0.013,40,0.995,1.0,False
Welsh,巽卦-static,d,0.012,5,0.99,1.0,False
Welsh,乾卦-dynamic,p,-0.011,13,0.9801,1.0,False
Welsh,中卦-static,ʃ,0.006,3,0.99,1.0,False
Welsh,震卦-static,ʌ,-0.006,38,0.99,1.0,False
Welsh,中卦-static,ɔ,-0.001,59,0.9851,1.0,False
Welsh,中卦-static,ɑ,0.0,20,1.0,1.0,False
