language,pole,phoneme,z,count,p_perm,q_fdr,significant
Arabic,FAST,j,3.104,8,0.005,0.2473,False
Arabic,SMALL,l,2.463,45,0.005,0.2473,False
Arabic,ROUND,t,2.288,44,0.005,0.2473,False
Arabic,SMOOTH,n,2.243,45,0.005,0.2473,False
Arabic,FAST,h,2.22,7,0.005,0.2473,False
Arabic,SMOOTH,ħ,1.915,23,0.005,0.2473,False
Arabic,SMOOTH,k,1.365,16,0.005,0.2473,False
Arabic,ROUGH,d͡ʒ,3.024,3,0.0149,0.3463,False
Arabic,BIG,w,2.737,3,0.0149,0.3463,False
Arabic,BIG,χ,2.665,4,0.0149,0.3463,False
Arabic,SHARP,q,2.306,17,0.0149,0.3463,False
Arabic,QUIET,u,2.281,12,0.01,0.3463,False
Arabic,SHARP,d,2.073,17,0.0149,0.3463,False
Arabic,SMOOTH,r,-1.445,20,0.01,0.3463,False
Arabic,DARK,f,2.286,13,0.0199,0.3847,False
Arabic,SLOW,a,2.04,57,0.0199,0.3847,False
Arabic,LOUD,ɣ,2.858,4,0.0299,0.4722,False
Arabic,BIG,z,2.584,3,0.0299,0.4722,False
Arabic,LOUD,i,2.403,11,0.0299,0.4722,False
Arabic,DARK,ʔ,1.82,19,0.0299,0.4722,False
Arabic,BRIGHT,r,2.393,8,0.0398,0.5771,False
Arabic,LOUD,b,2.416,4,0.0448,0.5993,False
Arabic,SMOOTH,u,-1.02,17,0.0448,0.5993,False
Arabic,BRIGHT,m,2.141,8,0.0647,0.6431,False
Arabic,BIG,k,2.119,3,0.0547,0.6431,False
Arabic,FAST,ð,1.707,5,0.0597,0.6431,False
Arabic,QUIET,s̪,1.701,5,0.0647,0.6431,False
Arabic,SLOW,z,1.535,3,0.0647,0.6431,False
Arabic,SHARP,m,-1.454,4,0.0597,0.6431,False
Arabic,DARK,i,-1.3,9,0.0647,0.6431,False
Arabic,SMALL,r,-1.251,13,0.0597,0.6431,False
Arabic,SMOOTH,χ,-1.139,3,0.0647,0.6431,False
Arabic,SHARP,ʕ,1.396,10,0.0746,0.7019,False
Arabic,SMOOTH,f,-0.988,11,0.0746,0.7019,False
Arabic,LOUD,s̪,2.112,3,0.0846,0.7151,False
Arabic,DARK,ʃ,1.593,11,0.0796,0.7151,False
Arabic,SHARP,ħ,1.534,7,0.0846,0.7151,False
Arabic,FAST,s,1.36,15,0.0945,0.7151,False
Arabic,ROUND,t̪,1.017,13,0.0945,0.7151,False
Arabic,ROUND,d,-1.006,12,0.0896,0.7151,False
Arabic,SMOOTH,s,-0.848,13,0.0896,0.7151,False
Arabic,ROUND,m,-1.03,15,0.1045,0.7469,False
Arabic,SMOOTH,a,0.902,227,0.1095,0.7469,False
Arabic,SMALL,s,-1.044,6,0.1194,0.7695,False
Arabic,SMALL,t,-1.034,11,0.1194,0.7695,False
Arabic,SMALL,f,-1.019,6,0.1194,0.7695,False
Arabic,SLOW,ʔ,-1.605,3,0.1244,0.7729,False
Arabic,SHARP,s,-1.213,3,0.1244,0.7729,False
Arabic,QUIET,m,1.369,12,0.1642,0.9303,False
Arabic,DARK,h,1.074,4,0.1791,0.9303,False
Arabic,SHARP,ʃ,1.06,9,0.1692,0.9303,False
Arabic,SMALL,b,-0.99,7,0.1692,0.9303,False
Arabic,SHARP,n,-0.977,4,0.1642,0.9303,False
Arabic,ROUND,l,0.921,37,0.1592,0.9303,False
Arabic,SMALL,i,0.91,46,0.1791,0.9303,False
Arabic,SMOOTH,ʕ,0.799,24,0.1741,0.9303,False
Arabic,SMOOTH,b,0.707,28,0.1741,0.9303,False
Arabic,FAST,a,1.069,91,0.1841,0.9359,False
Arabic,ROUND,χ,-0.765,4,0.199,0.9359,False
Arabic,SMOOTH,m,-0.701,27,0.1891,0.9359,False
Arabic,SMOOTH,s̪,-0.67,6,0.194,0.9359,False
Arabic,FAST,ʕ,0.981,10,0.204,0.9465,False
Arabic,LOUD,f,1.587,3,0.2338,0.9573,False
Arabic,SLOW,t,1.248,10,0.2139,0.9573,False
Arabic,SLOW,u,-1.203,3,0.2289,0.9573,False
Arabic,SHARP,l,-0.878,5,0.2289,0.9573,False
Arabic,ROUND,ʃ,-0.726,4,0.2239,0.9573,False
Arabic,SMOOTH,ʃ,-0.676,6,0.2289,0.9573,False
Arabic,SMALL,d,0.784,20,0.2438,0.9865,False
Arabic,LOUD,a,-1.442,13,0.3632,1.0,False
Arabic,BIG,ʔ,1.157,7,0.3881,1.0,False
Arabic,SLOW,m,-1.103,4,0.3085,1.0,False
Arabic,BRIGHT,a,1.06,22,0.4677,1.0,False
Arabic,BIG,a,-0.982,23,0.4378,1.0,False
Arabic,QUIET,ʔ,0.977,8,0.393,1.0,False
Arabic,ROUGH,a,-0.974,10,0.607,1.0,False
Arabic,BIG,u,0.962,7,0.4726,1.0,False
Arabic,FAST,b,-0.959,5,0.2537,1.0,False
Arabic,BIG,t,-0.953,3,0.4726,1.0,False
Arabic,QUIET,r,-0.926,5,0.403,1.0,False
Arabic,SLOW,s,0.886,7,0.4229,1.0,False
Arabic,SLOW,i,-0.864,8,0.4129,1.0,False
Arabic,LOUD,s,0.862,3,0.5821,1.0,False
Arabic,SHARP,b,0.851,10,0.3333,1.0,False
Arabic,BRIGHT,t,0.85,4,0.4925,1.0,False
Arabic,FAST,i,-0.835,15,0.2836,1.0,False
Arabic,ROUGH,i,0.793,5,0.7015,1.0,False
Arabic,SMALL,θ,0.776,7,0.2886,1.0,False
Arabic,FAST,f,-0.773,5,0.3383,1.0,False
Arabic,QUIET,ʃ,0.771,4,0.4428,1.0,False
Arabic,ROUND,s,0.729,23,0.2687,1.0,False
Arabic,SHARP,t,-0.72,8,0.3632,1.0,False
Arabic,QUIET,ɣ,0.72,3,0.6169,1.0,False
Arabic,SHARP,w,0.715,3,0.3433,1.0,False
Arabic,DARK,r,-0.694,11,0.408,1.0,False
Arabic,QUIET,ʕ,0.686,4,0.5423,1.0,False
Arabic,BIG,m,0.684,8,0.6269,1.0,False
Arabic,BRIGHT,i,-0.68,4,0.6816,1.0,False
Arabic,BRIGHT,ʔ,0.68,4,0.6169,1.0,False
Arabic,ROUND,n,0.641,21,0.2736,1.0,False
Arabic,LOUD,r,0.603,5,0.6716,1.0,False
Arabic,ROUND,w,0.601,6,0.3284,1.0,False
Arabic,QUIET,a,-0.597,30,0.5075,1.0,False
Arabic,SLOW,χ,0.586,3,0.5771,1.0,False
Arabic,ROUND,i,-0.585,33,0.2687,1.0,False
Arabic,SMOOTH,i,0.58,74,0.2637,1.0,False
Arabic,DARK,b,0.565,9,0.4677,1.0,False
Arabic,SLOW,ħ,0.549,3,0.597,1.0,False
Arabic,SHARP,s̪,0.539,6,0.5274,1.0,False
Arabic,DARK,u,0.538,14,0.4328,1.0,False
Arabic,QUIET,i,-0.534,8,0.6169,1.0,False
Arabic,ROUND,k,0.53,8,0.3781,1.0,False
Arabic,DARK,ɣ,0.524,5,0.4726,1.0,False
Arabic,QUIET,s,0.519,5,0.607,1.0,False
Arabic,SMALL,ʕ,0.516,12,0.5473,1.0,False
Arabic,SHARP,u,0.507,14,0.5025,1.0,False
Arabic,SLOW,f,0.502,5,0.6766,1.0,False
Arabic,SHARP,a,-0.501,60,0.5075,1.0,False
Arabic,SHARP,r,0.501,18,0.4527,1.0,False
Arabic,LOUD,d,0.5,3,0.7512,1.0,False
Arabic,DARK,d,0.496,11,0.5075,1.0,False
Arabic,SHARP,h,0.492,3,0.4726,1.0,False
Arabic,SMALL,n,0.486,15,0.5274,1.0,False
Arabic,ROUND,u,0.48,30,0.408,1.0,False
Arabic,SMALL,q,0.478,14,0.5274,1.0,False
Arabic,SMALL,ð,0.472,4,0.4279,1.0,False
Arabic,SLOW,ɣ,0.467,3,0.6219,1.0,False
Arabic,ROUND,r,-0.461,27,0.4179,1.0,False
Arabic,QUIET,l,-0.455,4,0.6667,1.0,False
Arabic,ROUND,s̪,-0.448,6,0.4975,1.0,False
Arabic,SLOW,r,0.444,11,0.6318,1.0,False
Arabic,SMOOTH,d,0.438,32,0.4179,1.0,False
Arabic,SMALL,w,0.435,4,0.5522,1.0,False
Arabic,ROUND,q,0.429,18,0.4826,1.0,False
Arabic,SMALL,ʃ,-0.425,5,0.5672,1.0,False
Arabic,BRIGHT,d,0.414,3,0.7861,1.0,False
Arabic,FAST,r,0.41,20,0.6318,1.0,False
Arabic,SMOOTH,l,0.408,40,0.4378,1.0,False
Arabic,ROUND,h,-0.403,3,0.5124,1.0,False
Arabic,ROUND,ʕ,0.386,15,0.4975,1.0,False
Arabic,FAST,d,-0.382,9,0.6915,1.0,False
Arabic,BIG,i,0.376,10,0.8358,1.0,False
Arabic,SHARP,d͡ʒ,0.376,5,0.6766,1.0,False
Arabic,SHARP,ʔ,-0.374,10,0.6269,1.0,False
Arabic,SMALL,a,-0.369,101,0.6219,1.0,False
Arabic,SLOW,q,0.368,5,0.7761,1.0,False
Arabic,SMOOTH,ɣ,-0.355,4,0.4677,1.0,False
Arabic,SLOW,d,-0.337,5,0.7413,1.0,False
Arabic,ROUGH,m,0.315,3,0.8905,1.0,False
Arabic,FAST,s̪,0.307,6,0.7463,1.0,False
Arabic,SLOW,l,0.29,8,0.7861,1.0,False
Arabic,ROUND,b,-0.285,14,0.6368,1.0,False
Arabic,ROUND,θ,0.278,6,0.6816,1.0,False
Arabic,DARK,q,-0.275,5,0.7015,1.0,False
Arabic,SHARP,i,-0.264,18,0.7761,1.0,False
Arabic,FAST,m,-0.264,14,0.7861,1.0,False
Arabic,FAST,ʔ,-0.259,12,0.7562,1.0,False
Arabic,SMOOTH,t,-0.258,29,0.6617,1.0,False
Arabic,DARK,ħ,-0.255,3,0.791,1.0,False
Arabic,DARK,s̪,0.251,5,0.8259,1.0,False
Arabic,QUIET,f,-0.246,3,0.8408,1.0,False
Arabic,SMALL,ɣ,-0.244,3,0.6816,1.0,False
Arabic,BIG,r,0.23,7,0.8458,1.0,False
Arabic,DARK,ʕ,-0.229,5,0.7463,1.0,False
Arabic,SMOOTH,h,-0.226,5,0.6866,1.0,False
Arabic,DARK,χ,-0.225,3,0.796,1.0,False
Arabic,SMOOTH,ð,0.219,6,0.6965,1.0,False
Arabic,SLOW,b,0.219,5,0.796,1.0,False
Arabic,SMALL,χ,-0.218,5,0.7264,1.0,False
Arabic,ROUND,f,-0.203,13,0.7413,1.0,False
Arabic,DARK,t,-0.202,10,0.7711,1.0,False
Arabic,SHARP,k,0.2,3,0.7662,1.0,False
Arabic,QUIET,t,0.198,6,0.8557,1.0,False
Arabic,ROUGH,r,0.195,3,0.9204,1.0,False
Arabic,FAST,l,-0.192,11,0.8358,1.0,False
Arabic,FAST,t̪,-0.187,3,0.8358,1.0,False
Arabic,SMALL,t̪,0.184,6,0.8308,1.0,False
Arabic,SMALL,u,-0.168,17,0.7861,1.0,False
Arabic,BIG,f,0.159,3,0.8856,1.0,False
Arabic,QUIET,b,0.158,4,0.8856,1.0,False
Arabic,BIG,q,0.155,3,0.8756,1.0,False
Arabic,SMOOTH,θ,0.15,7,0.7761,1.0,False
Arabic,FAST,u,-0.148,12,0.8607,1.0,False
Arabic,SHARP,f,0.143,7,0.8706,1.0,False
Arabic,SMALL,ʔ,-0.14,18,0.8706,1.0,False
Arabic,BIG,l,0.125,5,0.9303,1.0,False
Arabic,FAST,n,0.119,9,0.8806,1.0,False
Arabic,DARK,a,-0.117,64,0.8607,1.0,False
Arabic,LOUD,m,0.117,4,0.9204,1.0,False
Arabic,SMOOTH,q,-0.115,17,0.8159,1.0,False
Arabic,FAST,t,-0.114,12,0.8905,1.0,False
Arabic,QUIET,n,0.113,4,0.9403,1.0,False
Arabic,ROUND,ʔ,0.104,26,0.8706,1.0,False
Arabic,SMALL,m,-0.091,22,0.8657,1.0,False
Arabic,ROUND,a,-0.088,141,0.8905,1.0,False
Arabic,SMOOTH,ʔ,0.087,35,0.8706,1.0,False
Arabic,DARK,s,0.085,8,0.9005,1.0,False
Arabic,SMALL,d͡ʒ,-0.083,5,0.9403,1.0,False
Arabic,SMOOTH,d͡ʒ,-0.079,9,0.8458,1.0,False
Arabic,ROUND,d͡ʒ,0.069,8,0.9204,1.0,False
Arabic,SMALL,k,-0.065,4,0.9303,1.0,False
Arabic,FAST,ħ,-0.049,4,0.9502,1.0,False
Arabic,LOUD,t,0.048,3,0.9602,1.0,False
Arabic,ROUND,ħ,0.042,8,0.9502,1.0,False
Arabic,DARK,l,0.035,11,0.9353,1.0,False
Arabic,BIG,d,0.029,4,0.9801,1.0,False
Arabic,SMALL,ħ,0.027,6,0.9701,1.0,False
Arabic,DARK,m,0.016,14,0.995,1.0,False
Arabic,FAST,χ,-0.016,4,0.995,1.0,False
Chinese,DARK,s,3.148,18,0.005,0.2117,False
Chinese,BIG,p,2.974,4,0.005,0.2117,False
Chinese,SLOW,pʰ,2.857,4,0.005,0.2117,False
Chinese,DARK,ɯ,2.823,18,0.005,0.2117,False
Chinese,DARK,ʌ,2.823,18,0.005,0.2117,False
Chinese,LOUD,ɑ,2.692,14,0.005,0.2117,False
Chinese,SHARP,ɛ,2.4,18,0.005,0.2117,False
Chinese,SMALL,ɻ,2.254,14,0.005,0.2117,False
Chinese,QUIET,ŋ,2.23,19,0.005,0.2117,False
Chinese,SMOOTH,ə,1.679,18,0.005,0.2117,False
Chinese,BIG,t,2.777,4,0.01,0.2739,False
Chinese,LOUD,t͡ɕʰ,2.7,4,0.01,0.2739,False
Chinese,DARK,x,2.097,14,0.01,0.2739,False
Chinese,FAST,y,2.028,11,0.01,0.2739,False
Chinese,FAST,ʈ͡ʂ,1.915,9,0.01,0.2739,False
Chinese,SMOOTH,ɻ,1.844,27,0.01,0.2739,False
Chinese,LOUD,tʰ,2.488,5,0.0149,0.3326,False
Chinese,SMOOTH,ɔ,1.891,12,0.0149,0.3326,False
Chinese,SMOOTH,k,1.684,15,0.0149,0.3326,False
Chinese,SMALL,a,1.536,13,0.0149,0.3326,False
Chinese,BIG,l,2.421,3,0.0348,0.6209,False
Chinese,QUIET,f,2.138,3,0.0398,0.6209,False
Chinese,ROUND,œ,1.71,5,0.0398,0.6209,False
Chinese,ROUND,ʈ͡ʂ,1.429,16,0.0348,0.6209,False
Chinese,ROUND,y,1.32,18,0.0348,0.6209,False
Chinese,SHARP,i,1.285,48,0.0398,0.6209,False
Chinese,ROUND,a,1.091,21,0.0398,0.6209,False
Chinese,DARK,m,1.463,7,0.0448,0.635,False
Chinese,SMALL,ɪ,1.313,12,0.0448,0.635,False
Chinese,ROUND,ʊ,-0.999,16,0.0448,0.635,False
Chinese,ROUND,ɔ,1.234,8,0.0498,0.6468,False
Chinese,ROUND,ɛ,1.076,17,0.0498,0.6468,False
Chinese,QUIET,kʰ,1.934,4,0.0547,0.6567,False
Chinese,DARK,ɑ,-1.365,13,0.0547,0.6567,False
Chinese,ROUND,k,1.246,11,0.0547,0.6567,False
Chinese,BIG,ɪ,1.86,3,0.0746,0.7761,False
Chinese,LOUD,x,1.8,4,0.0796,0.7761,False
Chinese,FAST,ɤ,1.408,7,0.0746,0.7761,False
Chinese,SMALL,e,1.235,7,0.0846,0.7761,False
Chinese,ROUND,t͡s,1.209,11,0.0746,0.7761,False
Chinese,ROUND,i,-1.144,36,0.0796,0.7761,False
Chinese,LOUD,i,1.883,18,0.0945,0.79,False
Chinese,DARK,ʊ,-1.166,9,0.0945,0.79,False
Chinese,SMALL,i,-1.133,19,0.0995,0.8029,False
Chinese,FAST,ŋ,-1.268,8,0.1045,0.8149,False
Chinese,SMALL,ʈ͡ʂʰ,1.127,4,0.1045,0.8149,False
Chinese,SMOOTH,a,0.838,22,0.1095,0.8397,False
Chinese,SHARP,t͡ɕ,0.906,13,0.1194,0.8731,False
Chinese,LOUD,ʊ,1.699,14,0.1493,0.8832,False
Chinese,SLOW,ə,1.43,3,0.1592,0.8832,False
Chinese,SLOW,ɪ,1.426,5,0.1443,0.8832,False
Chinese,SLOW,e,1.407,3,0.1642,0.8832,False
Chinese,FAST,ɔ,1.368,4,0.1244,0.8832,False
Chinese,FAST,ɑ,-1.153,10,0.1343,0.8832,False
Chinese,FAST,a,1.111,10,0.1294,0.8832,False
Chinese,SHARP,ŋ,-1.034,13,0.1542,0.8832,False
Chinese,DARK,ɕ,-0.953,3,0.1343,0.8832,False
Chinese,DARK,ɛ,0.937,11,0.1343,0.8832,False
Chinese,ROUND,ɨ,0.936,9,0.1343,0.8832,False
Chinese,SMALL,n,-0.856,10,0.1642,0.8832,False
Chinese,DARK,t͡ɕ,-0.822,4,0.1443,0.8832,False
Chinese,SMOOTH,ɯ,0.803,13,0.1393,0.8832,False
Chinese,SMOOTH,ʌ,0.803,13,0.1393,0.8832,False
Chinese,SMOOTH,l,-0.755,4,0.1642,0.8832,False
Chinese,FAST,t͡ɕ,1.076,10,0.1791,0.8917,False
Chinese,SHARP,ɤ,0.893,8,0.1741,0.8917,False
Chinese,DARK,n,0.877,26,0.1791,0.8917,False
Chinese,ROUND,ɑ,-0.808,25,0.1791,0.8917,False
Chinese,SMOOTH,ʂ,0.751,22,0.1741,0.8917,False
Chinese,SMOOTH,t,0.638,19,0.1791,0.8917,False
Chinese,SMOOTH,ɤ,0.692,13,0.1891,0.9121,False
Chinese,SMOOTH,t͡ɕ,-0.689,8,0.1891,0.9121,False
Chinese,SMOOTH,ɛ,-0.651,4,0.1891,0.9121,False
Chinese,SMOOTH,m,0.712,9,0.194,0.9172,False
Chinese,LOUD,t͡ɕ,1.282,5,0.209,0.9313,False
Chinese,QUIET,pʰ,1.056,3,0.2189,0.9478,False
Chinese,SMALL,ʊ,-0.828,10,0.2289,0.9478,False
Chinese,SHARP,n,0.778,24,0.2289,0.9478,False
Chinese,SMOOTH,e,-0.649,3,0.2239,0.9478,False
Chinese,ROUND,n,0.727,36,0.2338,0.9516,False
Chinese,SMALL,ʂ,0.769,10,0.2388,0.9635,False
Chinese,SMOOTH,ŋ,-0.62,29,0.2438,0.9669,False
Chinese,BRIGHT,t͡ɕ,1.495,3,0.2935,0.974,False
Chinese,LOUD,ŋ,1.08,10,0.3035,0.974,False
Chinese,QUIET,tʰ,0.899,4,0.2786,0.974,False
Chinese,SMALL,ɕ,-0.802,3,0.2886,0.974,False
Chinese,DARK,ŋ,0.776,29,0.2786,0.974,False
Chinese,SMALL,kʰ,0.773,4,0.2836,0.974,False
Chinese,FAST,n,0.726,17,0.3134,0.974,False
Chinese,SHARP,ə,-0.718,3,0.2537,0.974,False
Chinese,SMALL,ʈ͡ʂ,0.701,6,0.3184,0.974,False
Chinese,ROUND,u,0.699,43,0.2587,0.974,False
Chinese,DARK,ʂ,-0.638,4,0.2687,0.974,False
Chinese,SMALL,u,0.633,22,0.3134,0.974,False
Chinese,DARK,t,-0.601,3,0.3134,0.974,False
Chinese,ROUND,x,0.56,10,0.2587,0.974,False
Chinese,SMOOTH,t͡ɕʰ,-0.534,3,0.2836,0.974,False
Chinese,SMOOTH,i,-0.525,53,0.2537,0.974,False
Chinese,ROUND,ɤ,-0.509,5,0.2935,0.974,False
Chinese,ROUND,ʂ,-0.509,7,0.2736,0.974,False
Chinese,FAST,l,0.736,7,0.3483,0.992,False
Chinese,FAST,t͡ɕʰ,0.68,4,0.3532,0.992,False
Chinese,SMALL,m,0.679,4,0.3483,0.992,False
Chinese,DARK,u,-0.641,14,0.3483,0.992,False
Chinese,SHARP,ɪ,-0.573,4,0.3582,0.992,False
Chinese,SMOOTH,ɑ,-0.435,34,0.3582,0.992,False
Chinese,BRIGHT,i,1.324,9,0.3881,1.0,False
Chinese,BRIGHT,ɕ,1.267,3,0.4826,1.0,False
Chinese,LOUD,n,-0.927,4,0.4179,1.0,False
Chinese,BRIGHT,ʊ,0.865,6,0.5274,1.0,False
Chinese,SLOW,a,0.863,4,0.408,1.0,False
Chinese,SLOW,i,-0.691,9,0.5174,1.0,False
Chinese,BRIGHT,ɑ,0.624,5,0.6617,1.0,False
Chinese,QUIET,y,0.595,4,0.5025,1.0,False
Chinese,DARK,ɨ,0.593,5,0.4428,1.0,False
Chinese,QUIET,ɯ,0.57,3,0.5373,1.0,False
Chinese,QUIET,ʌ,0.57,3,0.5373,1.0,False
Chinese,SLOW,ʊ,-0.557,5,0.5323,1.0,False
Chinese,SMALL,t͡s,0.508,4,0.4179,1.0,False
Chinese,DARK,y,-0.508,3,0.4577,1.0,False
Chinese,SMALL,t͡ɕʰ,0.504,4,0.4328,1.0,False
Chinese,SMALL,p,0.499,7,0.4428,1.0,False
Chinese,BIG,i,-0.478,5,0.6716,1.0,False
Chinese,SHARP,y,-0.478,3,0.4776,1.0,False
Chinese,SMALL,ŋ,-0.475,14,0.4876,1.0,False
Chinese,ROUND,ɪ,-0.471,7,0.4378,1.0,False
Chinese,SMALL,k,0.451,4,0.5174,1.0,False
Chinese,DARK,ə,-0.449,4,0.398,1.0,False
Chinese,SMOOTH,p,-0.448,5,0.4129,1.0,False
Chinese,ROUND,m,-0.447,4,0.4478,1.0,False
Chinese,ROUND,f,0.432,4,0.4925,1.0,False
Chinese,ROUND,tʰ,-0.429,4,0.4428,1.0,False
Chinese,BRIGHT,n,0.424,4,0.7811,1.0,False
Chinese,ROUND,pʰ,0.415,6,0.4876,1.0,False
Chinese,SLOW,u,0.414,8,0.7164,1.0,False
Chinese,QUIET,i,0.411,19,0.6468,1.0,False
Chinese,FAST,ɪ,0.41,7,0.5672,1.0,False
Chinese,SLOW,n,-0.407,5,0.6816,1.0,False
Chinese,SMOOTH,y,-0.4,6,0.4478,1.0,False
Chinese,SHARP,l,0.391,8,0.4876,1.0,False
Chinese,ROUND,p,-0.374,5,0.5373,1.0,False
Chinese,SMALL,ə,0.373,5,0.592,1.0,False
Chinese,SLOW,ɑ,0.373,8,0.7065,1.0,False
Chinese,SHARP,ɨ,0.372,4,0.5473,1.0,False
Chinese,BIG,ŋ,0.366,4,0.7662,1.0,False
Chinese,SHARP,tʰ,0.366,6,0.592,1.0,False
Chinese,SMALL,ɛ,-0.361,3,0.5373,1.0,False
Chinese,SMOOTH,t͡s,-0.358,4,0.4527,1.0,False
Chinese,QUIET,ə,0.355,3,0.6766,1.0,False
Chinese,SMOOTH,x,0.347,10,0.5323,1.0,False
Chinese,SMALL,t͡ɕ,0.343,8,0.5423,1.0,False
Chinese,FAST,s,0.343,3,0.597,1.0,False
Chinese,BIG,u,0.342,4,0.8259,1.0,False
Chinese,BIG,ʊ,-0.34,3,0.791,1.0,False
Chinese,SHARP,ʈ͡ʂ,0.338,6,0.597,1.0,False
Chinese,ROUND,ɕ,-0.332,10,0.5224,1.0,False
Chinese,ROUND,ʈ͡ʂʰ,-0.322,3,0.597,1.0,False
Chinese,SHARP,u,-0.309,17,0.6468,1.0,False
Chinese,ROUND,ɯ,-0.303,3,0.592,1.0,False
Chinese,ROUND,ʌ,-0.303,3,0.592,1.0,False
Chinese,QUIET,n,0.302,10,0.7413,1.0,False
Chinese,SHARP,e,-0.299,3,0.6766,1.0,False
Chinese,DARK,tʰ,0.296,6,0.6219,1.0,False
Chinese,DARK,p,-0.291,4,0.6915,1.0,False
Chinese,FAST,ɛ,-0.28,3,0.7413,1.0,False
Chinese,SHARP,ʊ,-0.271,19,0.6617,1.0,False
Chinese,SMOOTH,u,-0.268,31,0.6567,1.0,False
Chinese,FAST,t,0.265,6,0.7114,1.0,False
Chinese,BIG,ɑ,0.264,4,0.8109,1.0,False
Chinese,SMOOTH,n,0.249,36,0.6169,1.0,False
Chinese,FAST,ʊ,-0.232,14,0.7363,1.0,False
Chinese,QUIET,ɑ,-0.229,10,0.7811,1.0,False
Chinese,ROUND,e,-0.224,5,0.7114,1.0,False
Chinese,FAST,u,-0.213,13,0.7612,1.0,False
Chinese,SHARP,t,0.212,8,0.6965,1.0,False
Chinese,FAST,p,0.212,5,0.7811,1.0,False
Chinese,SMOOTH,ʊ,-0.21,35,0.6766,1.0,False
Chinese,SHARP,ʂ,0.203,9,0.7612,1.0,False
Chinese,DARK,a,-0.2,7,0.7811,1.0,False
Chinese,SMOOTH,ɪ,-0.197,11,0.6816,1.0,False
Chinese,ROUND,t,0.193,12,0.6915,1.0,False
Chinese,SHARP,t͡ɕʰ,0.191,4,0.7463,1.0,False
Chinese,DARK,ɔ,0.185,3,0.7761,1.0,False
Chinese,SHARP,ɑ,-0.181,21,0.7711,1.0,False
Chinese,ROUND,t͡ɕ,-0.179,11,0.7711,1.0,False
Chinese,SMOOTH,ɕ,0.171,17,0.7313,1.0,False
Chinese,DARK,t͡s,-0.17,3,0.7562,1.0,False
Chinese,DARK,e,0.168,5,0.7313,1.0,False
Chinese,QUIET,u,-0.167,9,0.8806,1.0,False
Chinese,SHARP,ɻ,-0.158,4,0.8159,1.0,False
Chinese,ROUND,l,-0.157,8,0.7463,1.0,False
Chinese,FAST,ə,0.142,4,0.8607,1.0,False
Chinese,SLOW,ɕ,0.141,3,0.8905,1.0,False
Chinese,SMALL,tʰ,0.13,4,0.8706,1.0,False
Chinese,QUIET,ʊ,-0.13,10,0.8557,1.0,False
Chinese,DARK,l,0.122,7,0.8657,1.0,False
Chinese,FAST,ɻ,0.121,4,0.8657,1.0,False
Chinese,ROUND,ŋ,-0.119,31,0.8557,1.0,False
Chinese,QUIET,ɛ,0.113,3,0.8756,1.0,False
Chinese,FAST,i,0.103,26,0.8657,1.0,False
Chinese,DARK,i,0.098,38,0.8905,1.0,False
Chinese,SHARP,k,0.094,4,0.8905,1.0,False
Chinese,SHARP,ɕ,-0.092,8,0.8905,1.0,False
Chinese,SLOW,ŋ,0.076,7,0.9552,1.0,False
Chinese,ROUND,ɻ,0.066,8,0.9154,1.0,False
Chinese,SMALL,t,-0.065,5,0.9204,1.0,False
Chinese,SHARP,kʰ,0.062,3,0.9204,1.0,False
Chinese,SHARP,p,0.06,6,0.9453,1.0,False
Chinese,QUIET,ɕ,-0.049,4,0.9701,1.0,False
Chinese,DARK,ɪ,0.044,8,0.9751,1.0,False
Chinese,ROUND,ə,0.039,8,0.9403,1.0,False
Chinese,FAST,ɕ,-0.035,6,0.9701,1.0,False
Chinese,ROUND,t͡ɕʰ,-0.034,5,0.9602,1.0,False
Chinese,SMALL,ɑ,0.024,18,0.9801,1.0,False
Chinese,SMOOTH,ʈ͡ʂ,-0.024,8,0.9552,1.0,False
Chinese,QUIET,t͡ɕ,0.016,4,0.9751,1.0,False
Chinese,SMOOTH,tʰ,0.014,8,0.9751,1.0,False
Chinese,FAST,x,0.013,3,0.9751,1.0,False
Chinese,SMOOTH,kʰ,-0.004,5,1.0,1.0,False
English,ROUGH,ʌ,3.268,4,0.005,0.3507,False
English,BRIGHT,ʃ,3.237,7,0.005,0.3507,False
English,SMOOTH,ð,3.205,9,0.005,0.3507,False
English,SMALL,θ,2.983,7,0.005,0.3507,False
English,SHARP,i͡ə,2.945,6,0.005,0.3507,False
English,ROUND,ŋ,2.677,10,0.005,0.3507,False
English,ROUND,ə͡l,2.459,8,0.005,0.3507,False
English,BIG,ɔ,2.804,3,0.0149,0.4677,False
English,BIG,h,2.794,3,0.0149,0.4677,False
English,SLOW,i,2.675,6,0.0149,0.4677,False
English,BRIGHT,ə,2.379,8,0.0149,0.4677,False
English,SMOOTH,e͡ə,2.292,6,0.01,0.4677,False
English,QUIET,a͡ɪ,2.213,7,0.0149,0.4677,False
English,ROUND,ɒ,2.138,10,0.01,0.4677,False
English,SMALL,t,2.056,19,0.0149,0.4677,False
English,SMOOTH,f,1.678,20,0.01,0.4677,False
English,SMOOTH,l,-1.377,9,0.0149,0.4677,False
English,ROUND,a,1.653,11,0.0199,0.5102,False
English,FAST,ɹ,1.613,24,0.0199,0.5102,False
English,SMOOTH,u,1.639,11,0.0249,0.5846,False
English,FAST,ɪ,1.52,19,0.0249,0.5846,False
English,SMOOTH,ɐ,1.865,5,0.0299,0.6235,False
English,FAST,e͡ɪ,1.835,16,0.0299,0.6235,False
English,FAST,l,-1.617,4,0.0299,0.6235,False
English,BIG,a͡ʊ,2.545,4,0.0348,0.6773,False
English,ROUND,k,1.491,21,0.0348,0.6773,False
English,SMOOTH,ʊ,2.388,3,0.0398,0.6802,False
English,DARK,d͡ʒ,2.0,3,0.0398,0.6802,False
English,SHARP,t͡ʃ,1.501,5,0.0398,0.6802,False
English,BIG,b,2.396,4,0.0448,0.7015,False
English,SLOW,s,2.207,9,0.0448,0.7015,False
English,QUIET,ə͡ʊ,1.925,5,0.0498,0.7015,False
English,DARK,v,1.686,8,0.0498,0.7015,False
English,SHARP,a,1.325,9,0.0448,0.7015,False
English,FAST,ɐ,1.647,3,0.0547,0.7528,False
English,BIG,m,2.101,4,0.0597,0.8017,False
English,SLOW,d,2.223,6,0.0697,0.8358,False
English,BRIGHT,n,1.677,11,0.0697,0.8358,False
English,SMALL,k,-1.392,3,0.0697,0.8358,False
English,QUIET,f,1.489,6,0.0796,0.9162,False
English,FAST,k,-1.196,5,0.0796,0.9162,False
English,SLOW,p,1.815,4,0.0945,0.9353,False
English,LOUD,a͡ʊ,1.709,3,0.0896,0.9353,False
English,QUIET,t,-1.494,4,0.0896,0.9353,False
English,DARK,ɒ,1.148,5,0.0995,0.9353,False
English,SHARP,m,1.108,14,0.1095,0.9353,False
English,SMOOTH,j,1.093,5,0.1045,0.9353,False
English,SHARP,θ,1.092,5,0.0995,0.9353,False
English,SHARP,ɑ,1.166,3,0.1194,0.976,False
English,LOUD,ɛ,1.638,3,0.2289,1.0,False
English,SLOW,l,1.471,7,0.2985,1.0,False
English,QUIET,v,1.418,4,0.1542,1.0,False
English,LOUD,k,1.359,4,0.3383,1.0,False
English,BRIGHT,a,1.194,3,0.2786,1.0,False
English,BRIGHT,e͡ɪ,1.17,5,0.2537,1.0,False
English,DARK,l,1.142,23,0.1294,1.0,False
English,DARK,w,1.128,6,0.1542,1.0,False
English,SLOW,n,-1.068,3,0.3682,1.0,False
English,LOUD,p,1.057,3,0.403,1.0,False
English,QUIET,ɡ,1.055,3,0.2786,1.0,False
English,SHARP,ɡ,1.052,7,0.1493,1.0,False
English,FAST,t,1.048,21,0.1692,1.0,False
English,SHARP,p,1.034,14,0.1493,1.0,False
English,BRIGHT,k,1.004,6,0.3781,1.0,False
English,DARK,a,0.974,6,0.1542,1.0,False
English,BRIGHT,f,0.968,4,0.3682,1.0,False
English,LOUD,d,0.96,4,0.5373,1.0,False
English,BRIGHT,b,0.957,4,0.3781,1.0,False
English,FAST,s,-0.948,10,0.1791,1.0,False
English,SMALL,ɔ,0.946,5,0.2239,1.0,False
English,BIG,ɪ,0.937,4,0.5224,1.0,False
English,FAST,h,0.913,6,0.204,1.0,False
English,SHARP,l,-0.905,11,0.1741,1.0,False
English,SHARP,ə͡l,0.905,4,0.1493,1.0,False
English,FAST,ə͡ʊ,-0.904,3,0.204,1.0,False
English,QUIET,w,0.889,3,0.3383,1.0,False
English,FAST,d,0.883,16,0.2736,1.0,False
English,DARK,ɡ,0.86,5,0.2637,1.0,False
English,SHARP,i,-0.852,6,0.194,1.0,False
English,SMOOTH,d͡ʒ,0.836,3,0.1493,1.0,False
English,DARK,n,-0.834,12,0.2537,1.0,False
English,SMALL,ɛ,0.822,7,0.2886,1.0,False
English,ROUND,m,-0.807,5,0.194,1.0,False
English,LOUD,s,0.807,6,0.5771,1.0,False
English,FAST,p,-0.789,3,0.2488,1.0,False
English,SMALL,p,0.786,8,0.2985,1.0,False
English,DARK,i,-0.786,5,0.3184,1.0,False
English,SMOOTH,t,0.781,30,0.1493,1.0,False
English,ROUND,t,0.752,24,0.3134,1.0,False
English,SMOOTH,ɒ,0.751,7,0.1791,1.0,False
English,ROUND,b,0.742,11,0.2587,1.0,False
English,SMOOTH,ɹ,-0.741,11,0.1891,1.0,False
English,QUIET,ə,0.734,6,0.398,1.0,False
English,QUIET,d,-0.711,3,0.4776,1.0,False
English,SHARP,ŋ,0.71,4,0.2338,1.0,False
English,SLOW,t,-0.705,3,0.5721,1.0,False
English,ROUND,p,0.704,13,0.2587,1.0,False
English,SMOOTH,ɛ,0.691,14,0.1741,1.0,False
English,DARK,a͡ɪ,0.69,7,0.3731,1.0,False
English,DARK,t,-0.672,11,0.3831,1.0,False
English,SMALL,s,-0.667,9,0.4129,1.0,False
English,BIG,s,-0.667,3,0.6617,1.0,False
English,SMOOTH,ə,-0.645,9,0.2537,1.0,False
English,SHARP,e͡ɪ,-0.634,3,0.2736,1.0,False
English,QUIET,m,0.633,5,0.5373,1.0,False
English,DARK,ɛ,0.628,8,0.398,1.0,False
English,ROUND,i,-0.619,8,0.3582,1.0,False
English,SMOOTH,p,-0.606,6,0.2438,1.0,False
English,SMALL,ɹ,-0.596,6,0.4279,1.0,False
English,BRIGHT,a͡ɪ,0.595,3,0.6318,1.0,False
English,SMALL,f,0.593,6,0.4527,1.0,False
English,FAST,m,0.584,10,0.4328,1.0,False
English,BRIGHT,ɪ,0.568,6,0.6368,1.0,False
English,SHARP,ɛ,0.563,10,0.3682,1.0,False
English,SMALL,i,-0.552,5,0.4826,1.0,False
English,BRIGHT,l,-0.552,5,0.607,1.0,False
English,SMOOTH,a͡ɪ,0.54,11,0.3682,1.0,False
English,QUIET,s,0.539,11,0.5721,1.0,False
English,SMOOTH,w,0.532,8,0.2836,1.0,False
English,SHARP,w,-0.523,3,0.3532,1.0,False
English,ROUND,f,-0.52,4,0.4627,1.0,False
English,ROUND,d,-0.519,9,0.4428,1.0,False
English,DARK,ə,0.505,10,0.4925,1.0,False
English,BRIGHT,d,-0.499,3,0.597,1.0,False
English,DARK,e͡ɪ,-0.498,3,0.4627,1.0,False
English,DARK,p,-0.497,4,0.4328,1.0,False
English,SHARP,ɔ,-0.49,3,0.408,1.0,False
English,SMOOTH,i,-0.489,11,0.408,1.0,False
English,BIG,l,0.487,5,0.7413,1.0,False
English,SMALL,m,-0.473,4,0.5771,1.0,False
English,ROUND,t͡ʃ,0.473,3,0.5075,1.0,False
English,SHARP,s,-0.472,16,0.4677,1.0,False
English,DARK,d,0.469,12,0.5075,1.0,False
English,QUIET,l,0.466,10,0.607,1.0,False
English,SMALL,ə͡ʊ,-0.465,3,0.5672,1.0,False
English,SHARP,f,-0.465,4,0.4826,1.0,False
English,LOUD,i,0.464,3,0.8209,1.0,False
English,SMALL,ə,0.459,8,0.5721,1.0,False
English,DARK,m,-0.447,5,0.5423,1.0,False
English,BRIGHT,i,-0.446,3,0.6617,1.0,False
English,QUIET,i,0.445,6,0.6269,1.0,False
English,DARK,k,0.434,11,0.592,1.0,False
English,QUIET,n,0.433,10,0.7015,1.0,False
English,SHARP,h,0.431,5,0.5224,1.0,False
English,SHARP,n,-0.418,18,0.5622,1.0,False
English,FAST,i,0.398,12,0.5224,1.0,False
English,QUIET,ɛ,0.393,4,0.6866,1.0,False
English,ROUND,w,0.385,6,0.607,1.0,False
English,ROUND,l,-0.372,17,0.607,1.0,False
English,SHARP,ə͡ʊ,-0.366,5,0.5721,1.0,False
English,SHARP,k,-0.363,10,0.4925,1.0,False
English,SMOOTH,b,-0.358,6,0.4677,1.0,False
English,FAST,z,0.357,5,0.6169,1.0,False
English,FAST,f,-0.353,4,0.6318,1.0,False
English,FAST,ɛ,0.343,8,0.6119,1.0,False
English,BRIGHT,ɹ,0.334,6,0.7313,1.0,False
English,SMALL,ɪ,-0.331,8,0.6816,1.0,False
English,QUIET,ɹ,-0.32,5,0.7114,1.0,False
English,ROUND,a͡ʊ,-0.302,3,0.6119,1.0,False
English,ROUND,s,-0.299,19,0.6816,1.0,False
English,SMALL,d,0.295,9,0.6816,1.0,False
English,ROUND,ɡ,0.292,5,0.6517,1.0,False
English,SHARP,a͡ɪ,0.284,7,0.6368,1.0,False
English,LOUD,n,-0.283,4,0.8657,1.0,False
English,SMOOTH,h,-0.281,3,0.5622,1.0,False
English,ROUND,u,-0.278,3,0.7065,1.0,False
English,DARK,s,-0.27,14,0.796,1.0,False
English,SMOOTH,ɔ,-0.269,5,0.6269,1.0,False
English,FAST,ɡ,0.268,4,0.6716,1.0,False
English,DARK,b,0.255,6,0.7313,1.0,False
English,DARK,f,-0.246,4,0.7214,1.0,False
English,SHARP,ɪ,-0.243,13,0.6915,1.0,False
English,DARK,ɔ,-0.24,3,0.7562,1.0,False
English,DARK,ɪ,0.236,12,0.7711,1.0,False
English,SMOOTH,d,-0.219,14,0.7363,1.0,False
English,SMALL,n,0.215,14,0.7562,1.0,False
English,SMALL,l,-0.209,11,0.7562,1.0,False
English,SMOOTH,v,0.201,7,0.7214,1.0,False
English,SMOOTH,ʌ,-0.189,7,0.7015,1.0,False
English,FAST,ə,-0.189,8,0.7861,1.0,False
English,ROUND,ɹ,0.186,17,0.7711,1.0,False
English,SMALL,a,0.179,3,0.8209,1.0,False
English,SMOOTH,n,0.174,29,0.7711,1.0,False
English,QUIET,p,-0.172,3,0.8856,1.0,False
English,SMOOTH,k,0.17,17,0.7512,1.0,False
English,ROUND,ʌ,-0.169,6,0.7861,1.0,False
English,BRIGHT,t,-0.164,6,0.8458,1.0,False
English,SHARP,ə,0.162,11,0.801,1.0,False
English,ROUND,ə,-0.161,10,0.7811,1.0,False
English,FAST,ʌ,-0.161,5,0.8259,1.0,False
English,SMOOTH,ɪ,0.158,20,0.7711,1.0,False
English,BIG,t,0.152,4,0.9303,1.0,False
English,ROUND,ə͡ʊ,0.151,7,0.8458,1.0,False
English,SHARP,d,-0.148,11,0.8109,1.0,False
English,SMALL,z,0.139,3,0.8955,1.0,False
English,ROUND,ɪ,0.135,16,0.8607,1.0,False
English,DARK,ɹ,0.133,12,0.8756,1.0,False
English,SHARP,b,0.123,7,0.796,1.0,False
English,FAST,b,-0.123,5,0.8657,1.0,False
English,DARK,ə͡ʊ,0.116,5,0.8408,1.0,False
English,ROUND,ɛ,-0.102,8,0.9005,1.0,False
English,ROUND,h,0.1,4,0.8806,1.0,False
English,SMOOTH,e͡ɪ,0.091,10,0.8607,1.0,False
English,SHARP,ʃ,0.088,3,0.8706,1.0,False
English,SHARP,ɹ,0.087,15,0.9254,1.0,False
English,SHARP,ʌ,0.085,10,0.9254,1.0,False
English,ROUND,e͡ɪ,0.082,8,0.9204,1.0,False
English,SMALL,w,0.08,3,0.9403,1.0,False
English,SMOOTH,a,-0.079,5,0.9055,1.0,False
English,SMOOTH,m,-0.071,11,0.9005,1.0,False
English,SMOOTH,z,-0.071,5,0.8955,1.0,False
English,SLOW,ɪ,-0.062,3,0.9552,1.0,False
English,FAST,u,-0.052,3,0.9254,1.0,False
English,SMOOTH,s,0.047,28,0.9403,1.0,False
English,SMALL,a͡ʊ,0.039,3,0.9652,1.0,False
English,QUIET,ɪ,-0.038,6,0.9552,1.0,False
English,LOUD,l,-0.035,4,0.995,1.0,False
English,ROUND,n,-0.028,22,0.9403,1.0,False
English,SMOOTH,ə͡ʊ,-0.025,8,0.9353,1.0,False
English,FAST,ɔ,-0.024,4,0.9701,1.0,False
English,FAST,a͡ɪ,0.02,5,0.9851,1.0,False
English,SMALL,b,-0.015,4,0.9652,1.0,False
English,LOUD,ɪ,-0.014,3,0.995,1.0,False
English,FAST,n,-0.006,18,0.995,1.0,False
English,SHARP,t,0.005,18,1.0,1.0,False
English,FAST,v,0.003,4,0.995,1.0,False
Finnish,SHARP,e͡u,3.216,7,0.005,0.5672,False
Finnish,SLOW,o͡u,3.165,3,0.005,0.5672,False
Finnish,QUIET,u͡i,3.035,4,0.005,0.5672,False
Finnish,SMALL,u,-2.122,3,0.005,0.5672,False
Finnish,SLOW,æ͡y,2.521,3,0.0299,0.6745,False
Finnish,QUIET,u͡o,2.296,4,0.0348,0.6745,False
Finnish,SHARP,r,2.258,26,0.0149,0.6745,False
Finnish,SMALL,æ͡i,2.247,4,0.0398,0.6745,False
Finnish,BIG,p,2.104,6,0.0498,0.6745,False
Finnish,FAST,o͡i,1.995,3,0.0547,0.6745,False
Finnish,SLOW,t,1.921,27,0.0299,0.6745,False
Finnish,ROUND,e͡i,1.92,4,0.0249,0.6745,False
Finnish,QUIET,n,1.873,22,0.0249,0.6745,False
Finnish,QUIET,j,1.725,5,0.0448,0.6745,False
Finnish,SLOW,a,1.712,33,0.0448,0.6745,False
Finnish,SLOW,u,1.698,17,0.0299,0.6745,False
Finnish,SMALL,a͡i,1.692,10,0.0199,0.6745,False
Finnish,ROUND,u,1.692,24,0.0348,0.6745,False
Finnish,SMALL,e,1.632,33,0.0299,0.6745,False
Finnish,ROUND,l,1.567,36,0.0348,0.6745,False
Finnish,SMOOTH,i͡e,1.527,5,0.0448,0.6745,False
Finnish,SMALL,n,1.511,38,0.0149,0.6745,False
Finnish,ROUND,n,-1.476,10,0.0398,0.6745,False
Finnish,FAST,a,1.472,53,0.0498,0.6745,False
Finnish,FAST,r,-1.446,4,0.0547,0.6745,False
Finnish,SMOOTH,ɪ,-1.421,12,0.0149,0.6745,False
Finnish,SMOOTH,e,1.372,45,0.0249,0.6745,False
Finnish,ROUND,p,1.323,14,0.0547,0.6745,False
Finnish,SHARP,k,1.261,36,0.0398,0.6745,False
Finnish,SMOOTH,n,1.157,51,0.0348,0.6745,False
Finnish,LOUD,o,2.478,4,0.0746,0.709,False
Finnish,ROUND,ŋ,1.821,4,0.0597,0.709,False
Finnish,FAST,d,1.394,5,0.0697,0.709,False
Finnish,SMALL,o,-1.358,5,0.0647,0.709,False
Finnish,SMOOTH,r,-1.154,9,0.0697,0.709,False
Finnish,SMOOTH,s,-0.948,25,0.0697,0.709,False
Finnish,BRIGHT,a͡i,1.714,3,0.0796,0.7142,False
Finnish,FAST,æ͡i,1.702,3,0.0796,0.7142,False
Finnish,SLOW,e,-1.568,4,0.0846,0.7142,False
Finnish,ROUND,s,-1.26,11,0.0846,0.7142,False
Finnish,SMOOTH,o͡i,0.962,3,0.0846,0.7142,False
Finnish,ROUND,h,-1.184,5,0.0945,0.7837,False
Finnish,DARK,m,1.219,13,0.1194,0.8643,False
Finnish,SMALL,h,0.987,16,0.1194,0.8643,False
Finnish,SMALL,k,1.05,36,0.1343,0.8877,False
Finnish,SHARP,e,-1.027,11,0.1294,0.8877,False
Finnish,FAST,æ,0.976,24,0.1343,0.8877,False
Finnish,LOUD,ɪ,2.343,4,0.1542,0.9504,False
Finnish,QUIET,l,1.222,23,0.1542,0.9504,False
Finnish,SMOOTH,e͡i,0.906,5,0.1592,0.9552,False
Finnish,SMOOTH,u͡i,0.796,4,0.1592,0.9552,False
Finnish,DARK,t,-1.117,13,0.1692,0.9642,False
Finnish,DARK,ɪ,1.095,17,0.1841,0.9654,False
Finnish,QUIET,k,-1.094,7,0.1741,0.9654,False
Finnish,SHARP,t,-0.929,22,0.199,0.9654,False
Finnish,FAST,t,0.902,37,0.199,0.9654,False
Finnish,SMALL,l,-0.896,19,0.1791,0.9654,False
Finnish,SHARP,n,-0.87,17,0.1891,0.9654,False
Finnish,SMALL,ɪ,-0.825,13,0.194,0.9654,False
Finnish,FAST,ɪ,-0.818,12,0.1741,0.9654,False
Finnish,SMOOTH,a͡i,0.647,9,0.194,0.9654,False
Finnish,SLOW,s,-1.017,9,0.204,0.9689,False
Finnish,ROUND,t,-0.927,18,0.204,0.9689,False
Finnish,SMOOTH,j,0.707,9,0.209,0.9723,False
Finnish,FAST,h,-0.929,7,0.2189,0.9786,False
Finnish,SMALL,y,0.92,16,0.2139,0.9786,False
Finnish,SHARP,l,-0.884,18,0.2189,0.9786,False
Finnish,BRIGHT,v,1.352,6,0.2338,0.9864,False
Finnish,SLOW,æ,0.937,14,0.2488,0.9864,False
Finnish,FAST,m,-0.913,5,0.2289,0.9864,False
Finnish,FAST,u,-0.91,11,0.2438,0.9864,False
Finnish,SLOW,m,-0.903,3,0.2338,0.9864,False
Finnish,DARK,e,0.839,16,0.2488,0.9864,False
Finnish,FAST,j,0.818,6,0.2338,0.9864,False
Finnish,SHARP,s,0.762,31,0.2388,0.9864,False
Finnish,SHARP,h,-0.726,8,0.2488,0.9864,False
Finnish,BIG,s,1.403,10,0.2537,0.9889,False
Finnish,ROUGH,t,1.817,3,0.3582,1.0,False
Finnish,ROUGH,l,1.733,3,0.4428,1.0,False
Finnish,LOUD,k,1.261,4,0.4577,1.0,False
Finnish,BRIGHT,s,1.198,11,0.2736,1.0,False
Finnish,BRIGHT,l,-1.091,5,0.3483,1.0,False
Finnish,QUIET,a,-1.05,14,0.3085,1.0,False
Finnish,BIG,ɪ,0.956,7,0.4726,1.0,False
Finnish,QUIET,r,-0.951,4,0.2836,1.0,False
Finnish,BIG,t,-0.936,6,0.4229,1.0,False
Finnish,BRIGHT,a,0.893,15,0.3682,1.0,False
Finnish,BRIGHT,e,0.869,8,0.4229,1.0,False
Finnish,BIG,l,-0.858,5,0.4229,1.0,False
Finnish,LOUD,a,-0.844,3,0.6269,1.0,False
Finnish,SLOW,ɪ,-0.842,7,0.3085,1.0,False
Finnish,LOUD,l,0.811,4,0.6866,1.0,False
Finnish,DARK,l,-0.809,12,0.3234,1.0,False
Finnish,FAST,ŋ,0.788,3,0.3383,1.0,False
Finnish,SLOW,r,0.785,10,0.3682,1.0,False
Finnish,QUIET,v,-0.776,3,0.3632,1.0,False
Finnish,SHARP,j,0.77,6,0.2637,1.0,False
Finnish,SMALL,æ,0.759,24,0.2836,1.0,False
Finnish,ROUND,r,0.757,14,0.3035,1.0,False
Finnish,BRIGHT,k,-0.744,5,0.4975,1.0,False
Finnish,FAST,a͡i,0.741,6,0.2985,1.0,False
Finnish,QUIET,h,0.74,8,0.4179,1.0,False
Finnish,ROUND,e,-0.702,11,0.3234,1.0,False
Finnish,BRIGHT,i,0.692,4,0.5721,1.0,False
Finnish,SMALL,p,-0.691,5,0.2886,1.0,False
Finnish,BIG,v,0.677,4,0.6169,1.0,False
Finnish,SHARP,i,-0.67,7,0.3632,1.0,False
Finnish,DARK,i,0.665,8,0.4129,1.0,False
Finnish,ROUND,æ,-0.651,8,0.3383,1.0,False
Finnish,SMALL,ŋ,0.648,3,0.4478,1.0,False
Finnish,FAST,v,0.63,14,0.3582,1.0,False
Finnish,BIG,u,0.626,6,0.5572,1.0,False
Finnish,DARK,s,0.621,19,0.4826,1.0,False
Finnish,SMOOTH,v,0.614,22,0.2736,1.0,False
Finnish,DARK,a,-0.608,19,0.4478,1.0,False
Finnish,QUIET,i,0.604,7,0.4726,1.0,False
Finnish,ROUND,k,0.601,24,0.403,1.0,False
Finnish,ROUND,m,0.594,13,0.3682,1.0,False
Finnish,SMOOTH,y,-0.594,4,0.2985,1.0,False
Finnish,ROUND,a͡u,0.587,4,0.5323,1.0,False
Finnish,SHARP,v,0.58,14,0.3731,1.0,False
Finnish,SMALL,s,0.551,31,0.3881,1.0,False
Finnish,SMALL,i,-0.543,8,0.4129,1.0,False
Finnish,SMOOTH,d,0.541,5,0.2886,1.0,False
Finnish,BRIGHT,r,-0.534,3,0.6269,1.0,False
Finnish,SHARP,a,0.516,43,0.393,1.0,False
Finnish,SMOOTH,ŋ,0.513,4,0.3532,1.0,False
Finnish,DARK,r,0.511,10,0.5274,1.0,False
Finnish,SHARP,m,-0.51,8,0.4328,1.0,False
Finnish,QUIET,a͡i,0.487,3,0.5771,1.0,False
Finnish,SMOOTH,u,-0.484,22,0.403,1.0,False
Finnish,SHARP,æ,0.474,20,0.4776,1.0,False
Finnish,SMOOTH,h,-0.471,14,0.393,1.0,False
Finnish,ROUND,o,0.464,16,0.5025,1.0,False
Finnish,SHARP,o,-0.464,12,0.4478,1.0,False
Finnish,QUIET,o,0.431,11,0.5522,1.0,False
Finnish,SMALL,t,-0.427,28,0.5672,1.0,False
Finnish,FAST,y,-0.411,4,0.5821,1.0,False
Finnish,BRIGHT,h,0.402,4,0.7114,1.0,False
Finnish,QUIET,m,-0.402,5,0.6269,1.0,False
Finnish,SMALL,r,-0.388,11,0.6219,1.0,False
Finnish,BRIGHT,o,-0.385,4,0.7363,1.0,False
Finnish,FAST,i,-0.384,8,0.592,1.0,False
Finnish,FAST,k,-0.383,19,0.597,1.0,False
Finnish,QUIET,s,-0.383,12,0.6318,1.0,False
Finnish,DARK,h,0.375,8,0.6766,1.0,False
Finnish,SHARP,u,-0.371,15,0.592,1.0,False
Finnish,DARK,o,0.37,12,0.6716,1.0,False
Finnish,LOUD,t,-0.352,3,0.8756,1.0,False
Finnish,DARK,æ,-0.348,8,0.6766,1.0,False
Finnish,BIG,a,-0.342,9,0.7363,1.0,False
Finnish,DARK,y,-0.337,3,0.6368,1.0,False
Finnish,ROUND,ɪ,-0.336,13,0.6567,1.0,False
Finnish,BIG,r,0.335,4,0.7214,1.0,False
Finnish,BRIGHT,æ,-0.335,4,0.7214,1.0,False
Finnish,SHARP,p,0.33,11,0.6468,1.0,False
Finnish,SMOOTH,p,0.328,17,0.5124,1.0,False
Finnish,SMOOTH,l,-0.327,37,0.4975,1.0,False
Finnish,DARK,p,0.325,7,0.6766,1.0,False
Finnish,QUIET,e,0.307,12,0.7413,1.0,False
Finnish,BIG,o,0.306,5,0.8109,1.0,False
Finnish,SHARP,y,0.306,10,0.6716,1.0,False
Finnish,FAST,n,-0.3,21,0.6418,1.0,False
Finnish,SLOW,l,-0.3,14,0.6915,1.0,False
Finnish,ROUND,i,-0.294,7,0.6866,1.0,False
Finnish,SMOOTH,i,0.292,17,0.5871,1.0,False
Finnish,BIG,i,0.287,3,0.8109,1.0,False
Finnish,SLOW,y,-0.278,3,0.791,1.0,False
Finnish,SLOW,i,-0.273,5,0.7413,1.0,False
Finnish,SMOOTH,a,0.268,62,0.592,1.0,False
Finnish,SMALL,a,-0.259,36,0.6915,1.0,False
Finnish,BIG,n,-0.243,6,0.8408,1.0,False
Finnish,BIG,k,0.228,7,0.8259,1.0,False
Finnish,BRIGHT,u,0.2,6,0.8507,1.0,False
Finnish,SMOOTH,æ,0.194,27,0.7463,1.0,False
Finnish,BRIGHT,n,0.183,8,0.8806,1.0,False
Finnish,BRIGHT,t,0.182,10,0.9005,1.0,False
Finnish,QUIET,æ,-0.182,8,0.8259,1.0,False
Finnish,SMALL,m,-0.181,11,0.796,1.0,False
Finnish,SMOOTH,m,0.179,20,0.7463,1.0,False
Finnish,FAST,o,-0.179,14,0.8507,1.0,False
Finnish,DARK,k,0.176,16,0.8308,1.0,False
Finnish,FAST,l,-0.17,25,0.7512,1.0,False
Finnish,SLOW,h,-0.15,6,0.8856,1.0,False
Finnish,FAST,s,0.138,25,0.8657,1.0,False
Finnish,ROUND,y,0.132,7,0.8507,1.0,False
Finnish,SMOOTH,k,-0.131,34,0.806,1.0,False
Finnish,SMOOTH,o,0.125,26,0.801,1.0,False
Finnish,QUIET,ɪ,0.118,11,0.9154,1.0,False
Finnish,SMOOTH,t,-0.11,45,0.8259,1.0,False
Finnish,DARK,v,0.109,7,0.8806,1.0,False
Finnish,FAST,e,0.093,19,0.9154,1.0,False
Finnish,SLOW,k,0.09,14,0.9254,1.0,False
Finnish,BRIGHT,p,0.085,3,0.9104,1.0,False
Finnish,ROUND,a,0.084,31,0.9005,1.0,False
Finnish,SHARP,ɪ,0.077,19,0.9254,1.0,False
Finnish,BRIGHT,ɪ,0.074,6,0.9453,1.0,False
Finnish,BIG,e,-0.061,5,0.9851,1.0,False
Finnish,SLOW,p,-0.052,5,0.9453,1.0,False
Finnish,DARK,u,-0.05,11,0.9453,1.0,False
Finnish,DARK,n,-0.045,15,0.9552,1.0,False
Finnish,SLOW,n,0.045,14,0.9602,1.0,False
Finnish,FAST,p,0.04,9,0.9602,1.0,False
Finnish,QUIET,t,-0.024,17,0.99,1.0,False
Finnish,ROUND,a͡i,0.023,3,0.9851,1.0,False
Finnish,SMALL,v,0.013,11,1.0,1.0,False
Finnish,QUIET,u,-0.005,10,1.0,1.0,False
Finnish,SMALL,j,0.001,4,1.0,1.0,False
French,BIG,ɡ,3.039,4,0.005,0.4418,False
French,SMALL,w,2.263,10,0.005,0.4418,False
French,DARK,ʒ,2.241,6,0.005,0.4418,False
French,SMOOTH,ɛ̃,2.13,14,0.005,0.4418,False
French,SMOOTH,ɛ,1.594,33,0.005,0.4418,False
French,QUIET,d,2.362,7,0.01,0.5522,False
French,SHARP,ʃ,1.994,7,0.0149,0.5522,False
French,SLOW,e,1.828,28,0.0149,0.5522,False
French,SMOOTH,v,1.688,18,0.0149,0.5522,False
French,ROUND,k,1.63,28,0.0149,0.5522,False
French,SMALL,p,1.44,13,0.0149,0.5522,False
French,BIG,n,2.296,5,0.0199,0.6311,False
French,DARK,b,1.746,8,0.0199,0.6311,False
French,DARK,z,2.321,3,0.0249,0.6497,False
French,SMALL,ə,1.973,9,0.0249,0.6497,False
French,ROUND,ɛ,1.124,24,0.0249,0.6497,False
French,SMALL,t,1.273,17,0.0299,0.7363,False
French,QUIET,o,2.205,5,0.0448,0.7593,False
French,QUIET,ɔ,2.04,6,0.0398,0.7593,False
French,BIG,ʁ,1.771,12,0.0498,0.7593,False
French,FAST,ʒ,1.544,8,0.0448,0.7593,False
French,DARK,v,1.526,7,0.0398,0.7593,False
French,ROUND,ʃ,1.375,8,0.0448,0.7593,False
French,FAST,d,1.317,15,0.0498,0.7593,False
French,SMALL,a,1.169,20,0.0348,0.7593,False
French,FAST,l,-1.147,5,0.0547,0.7593,False
French,SMOOTH,f,1.141,17,0.0547,0.7593,False
French,SMALL,l,1.107,25,0.0547,0.7593,False
French,SMALL,ʁ,-1.0,17,0.0547,0.7593,False
French,ROUND,a,0.991,28,0.0547,0.7593,False
French,LOUD,u,2.233,3,0.0896,0.7919,False
French,LOUD,k,1.967,4,0.0746,0.7919,False
French,BIG,m,1.939,4,0.0647,0.7919,False
French,LOUD,e,1.812,7,0.0846,0.7919,False
French,BIG,y,1.759,3,0.0697,0.7919,False
French,SMALL,m,1.202,13,0.0896,0.7919,False
French,SLOW,a,1.143,15,0.0746,0.7919,False
French,SMOOTH,m,1.125,22,0.0597,0.7919,False
French,FAST,t,1.104,20,0.0945,0.7919,False
French,SMOOTH,ə,1.044,11,0.0945,0.7919,False
French,FAST,e,1.042,34,0.0945,0.7919,False
French,SMOOTH,l,-0.902,11,0.0697,0.7919,False
French,BIG,f,1.864,3,0.1045,0.8237,False
French,QUIET,v,1.526,4,0.1095,0.8237,False
French,DARK,ɔ̃,1.231,5,0.1095,0.8237,False
French,ROUND,b,1.052,13,0.1045,0.8237,False
French,BIG,ɔ,1.623,3,0.1294,0.8439,False
French,BRIGHT,n,1.603,5,0.209,0.8439,False
French,BRIGHT,j,1.5,7,0.204,0.8439,False
French,BRIGHT,b,1.45,3,0.2488,0.8439,False
French,QUIET,ɛ,1.254,7,0.1194,0.8439,False
French,LOUD,ʁ,1.102,8,0.2687,0.8439,False
French,FAST,y,1.095,12,0.1443,0.8439,False
French,LOUD,t,1.036,3,0.3383,0.8439,False
French,QUIET,ɑ̃,0.962,8,0.2438,0.8439,False
French,FAST,z,0.941,3,0.2239,0.8439,False
French,DARK,ɛ,-0.932,3,0.1841,0.8439,False
French,SMALL,ɑ̃,-0.903,4,0.1443,0.8439,False
French,DARK,u,0.894,7,0.1891,0.8439,False
French,SMALL,ɛ̃,0.892,5,0.1891,0.8439,False
French,SMALL,e,-0.874,4,0.1244,0.8439,False
French,SLOW,l,-0.87,5,0.1891,0.8439,False
French,ROUND,ɔ,0.84,13,0.1493,0.8439,False
French,SHARP,ɛ,0.831,15,0.1841,0.8439,False
French,FAST,ɛ̃,0.826,6,0.2139,0.8439,False
French,SMOOTH,w,0.822,10,0.1244,0.8439,False
French,SHARP,ɔ̃,0.806,6,0.2338,0.8439,False
French,SLOW,u,0.801,7,0.2836,0.8439,False
French,SLOW,t,0.795,11,0.204,0.8439,False
French,DARK,i,-0.786,6,0.2239,0.8439,False
French,DARK,y,0.772,6,0.2736,0.8439,False
French,FAST,ʃ,0.755,5,0.2687,0.8439,False
French,FAST,ɔ̃,0.754,7,0.2836,0.8439,False
French,FAST,m,-0.751,4,0.2239,0.8439,False
French,DARK,e,-0.749,4,0.2587,0.8439,False
French,ROUND,l,0.738,32,0.1393,0.8439,False
French,ROUND,m,-0.722,5,0.2637,0.8439,False
French,SMOOTH,p,0.695,17,0.1692,0.8439,False
French,DARK,t,-0.689,5,0.2388,0.8439,False
French,FAST,a,0.685,21,0.209,0.8439,False
French,SHARP,d,-0.673,3,0.3284,0.8439,False
French,SHARP,p,0.67,10,0.2687,0.8439,False
French,SHARP,k,0.643,13,0.3085,0.8439,False
French,SMALL,f,-0.622,3,0.3234,0.8439,False
French,SHARP,f,0.609,8,0.2886,0.8439,False
French,FAST,j,-0.606,3,0.2886,0.8439,False
French,FAST,ɑ̃,-0.605,8,0.3134,0.8439,False
French,ROUND,o,0.594,11,0.2687,0.8439,False
French,SMOOTH,o,-0.575,7,0.2985,0.8439,False
French,ROUND,ɑ̃,-0.571,10,0.2935,0.8439,False
French,ROUND,ʁ,-0.561,33,0.2488,0.8439,False
French,SMALL,k,0.56,12,0.3333,0.8439,False
French,ROUND,i,-0.534,15,0.3035,0.8439,False
French,SMOOTH,u,0.532,14,0.3234,0.8439,False
French,SMOOTH,n,-0.483,8,0.3383,0.8439,False
French,BRIGHT,f,1.228,3,0.403,0.8623,False
French,QUIET,t,0.79,6,0.393,0.8623,False
French,BRIGHT,ɛ,0.657,4,0.4378,0.8623,False
French,SLOW,m,-0.603,3,0.408,0.8623,False
French,SMALL,n,-0.584,4,0.393,0.8623,False
French,SLOW,p,0.582,7,0.4129,0.8623,False
French,FAST,o,-0.568,5,0.403,0.8623,False
French,SHARP,ʒ,0.561,4,0.3831,0.8623,False
French,DARK,ɛ̃,0.543,3,0.4328,0.8623,False
French,FAST,ə,0.537,6,0.4279,0.8623,False
French,SLOW,ɛ,-0.511,5,0.4428,0.8623,False
French,FAST,v,0.507,7,0.4229,0.8623,False
French,DARK,l,0.5,14,0.3682,0.8623,False
French,SHARP,e,-0.492,9,0.3582,0.8623,False
French,SMALL,ɛ,-0.445,7,0.3731,0.8623,False
French,SHARP,b,-0.431,4,0.4129,0.8623,False
French,SMOOTH,j,-0.389,8,0.3881,0.8623,False
French,FAST,ɔ,-0.483,3,0.4577,0.876,False
French,SHARP,ɔ,0.42,7,0.4826,0.8836,False
French,DARK,a,0.412,11,0.4776,0.8836,False
French,ROUND,s,-0.383,15,0.4776,0.8836,False
French,SMOOTH,z,0.383,3,0.4677,0.8836,False
French,ROUND,e,-0.374,15,0.4677,0.8836,False
French,SMOOTH,t,-0.361,15,0.4826,0.8836,False
French,SMOOTH,i,-0.346,20,0.4826,0.8836,False
French,BRIGHT,p,0.771,3,0.5174,0.8867,False
French,LOUD,l,0.681,4,0.5224,0.8867,False
French,SLOW,j,-0.451,3,0.5323,0.8867,False
French,SLOW,i,0.449,13,0.5124,0.8867,False
French,DARK,j,-0.433,3,0.5124,0.8867,False
French,SMALL,i,0.422,17,0.5025,0.8867,False
French,DARK,o,0.422,5,0.5373,0.8867,False
French,QUIET,e,-0.41,4,0.5522,0.8867,False
French,ROUND,ɔ̃,0.406,7,0.5373,0.8867,False
French,SLOW,b,0.402,5,0.5572,0.8867,False
French,DARK,f,0.4,5,0.5423,0.8867,False
French,SMALL,b,-0.388,4,0.5373,0.8867,False
French,DARK,ɑ̃,-0.382,6,0.5423,0.8867,False
French,SHARP,ɡ,0.375,5,0.5423,0.8867,False
French,FAST,s,-0.36,13,0.5572,0.8867,False
French,DARK,ʁ,0.356,24,0.5224,0.8867,False
French,SMOOTH,ɑ̃,-0.345,15,0.5124,0.8867,False
French,SHARP,m,0.338,9,0.5473,0.8867,False
French,SMOOTH,d,0.313,13,0.5323,0.8867,False
French,QUIET,ʁ,0.414,14,0.5622,0.8915,False
French,BIG,ɑ̃,0.637,4,0.5721,0.8976,False
French,SHARP,i,-0.332,12,0.602,0.9091,False
French,FAST,n,-0.303,7,0.602,0.9091,False
French,SHARP,s,-0.293,12,0.592,0.9091,False
French,SMOOTH,ɔ̃,-0.29,5,0.602,0.9091,False
French,SHARP,ɑ̃,-0.335,9,0.6269,0.9247,False
French,BRIGHT,e,0.448,6,0.6567,0.9286,False
French,BRIGHT,ʁ,0.392,10,0.6468,0.9286,False
French,SLOW,f,-0.37,3,0.6368,0.9286,False
French,ROUND,p,0.315,12,0.6567,0.9286,False
French,FAST,ɛ,-0.262,10,0.6418,0.9286,False
French,SHARP,u,0.251,7,0.6567,0.9286,False
French,DARK,w,0.287,3,0.6617,0.9327,False
French,SHARP,n,-0.279,6,0.6716,0.9407,False
French,SLOW,k,-0.278,5,0.6716,0.9407,False
French,BRIGHT,a,-0.399,3,0.6766,0.9447,False
French,SMALL,ʒ,0.237,3,0.6816,0.9457,False
French,LOUD,a,0.502,3,0.6915,0.9506,False
French,SHARP,l,-0.233,13,0.6915,0.9506,False
French,DARK,m,0.262,6,0.6965,0.9545,False
French,FAST,w,0.248,5,0.7015,0.9554,False
French,DARK,ɡ,0.225,3,0.7114,0.9572,False
French,SMOOTH,ø,-0.223,4,0.7114,0.9572,False
French,ROUND,ə,-0.202,4,0.7114,0.9572,False
French,BRIGHT,i,0.395,5,0.7612,0.9583,False
French,QUIET,n,0.386,4,0.7214,0.9583,False
French,QUIET,s,-0.261,5,0.7662,0.9583,False
French,SMALL,ɔ̃,-0.24,3,0.7662,0.9583,False
French,ROUND,v,-0.238,4,0.7313,0.9583,False
French,SMALL,o,-0.236,5,0.7463,0.9583,False
French,SMALL,y,0.235,6,0.7214,0.9583,False
French,SMALL,d,0.215,7,0.7463,0.9583,False
French,ROUND,ɡ,0.201,6,0.7612,0.9583,False
French,ROUND,t,0.195,17,0.7363,0.9583,False
French,SHARP,w,0.188,4,0.7612,0.9583,False
French,SHARP,y,0.184,6,0.7463,0.9583,False
French,SMOOTH,e,-0.169,22,0.7264,0.9583,False
French,FAST,u,-0.168,6,0.7562,0.9583,False
French,SMOOTH,k,-0.147,13,0.7711,0.9618,False
French,ROUND,j,0.229,16,0.7761,0.9633,False
French,SHARP,t,-0.159,10,0.7811,0.9633,False
French,QUIET,i,-0.258,5,0.791,0.9694,False
French,SMOOTH,ʒ,0.187,5,0.8209,0.9694,False
French,SMALL,ø,0.177,6,0.8159,0.9694,False
French,QUIET,k,-0.177,3,0.8209,0.9694,False
French,DARK,ɔ,0.166,4,0.8109,0.9694,False
French,ROUND,d,0.159,10,0.801,0.9694,False
French,SMOOTH,ɔ,-0.151,7,0.8209,0.9694,False
French,SHARP,a,0.141,14,0.8109,0.9694,False
French,ROUND,n,-0.116,10,0.8209,0.9694,False
French,SMOOTH,a,-0.089,21,0.8109,0.9694,False
French,FAST,ø,-0.209,3,0.8259,0.9701,False
French,DARK,n,0.15,6,0.8358,0.9715,False
French,SMALL,s,-0.144,14,0.8408,0.9722,False
French,FAST,ɡ,-0.163,3,0.8507,0.9735,False
French,DARK,s,-0.155,10,0.8507,0.9735,False
French,FAST,b,-0.134,6,0.8507,0.9735,False
French,SLOW,d,-0.155,4,0.8657,0.9793,False
French,SLOW,n,-0.138,5,0.8657,0.9793,False
French,SHARP,j,0.115,10,0.8756,0.9793,False
French,ROUND,u,0.102,9,0.8756,0.9793,False
French,SMOOTH,ʁ,-0.07,49,0.8756,0.9793,False
French,QUIET,j,-0.123,3,0.8806,0.9824,False
French,SHARP,ə,-0.135,3,0.8955,0.9891,False
French,FAST,k,-0.052,10,0.8955,0.9891,False
French,SLOW,ɔ̃,0.123,3,0.9204,0.9919,False
French,FAST,p,-0.06,8,0.9254,0.9924,False
French,SLOW,s,0.052,13,0.9303,0.9954,False
French,SLOW,ɑ̃,0.056,9,0.9403,0.9964,False
French,SMOOTH,s,-0.053,27,0.9403,0.9964,False
French,SMOOTH,b,-0.037,9,0.9403,0.9964,False
French,SHARP,œ,0.052,3,0.9502,0.9998,False
French,SMALL,ɡ,-0.033,3,0.9502,0.9998,False
French,QUIET,m,0.055,3,0.9701,1.0,False
French,SHARP,o,0.034,6,0.9552,1.0,False
French,FAST,i,-0.034,17,0.9701,1.0,False
French,QUIET,l,-0.02,6,0.9602,1.0,False
French,SLOW,ʁ,0.013,22,0.99,1.0,False
French,FAST,ʁ,0.009,36,1.0,1.0,False
French,SHARP,ʁ,-0.001,30,1.0,1.0,False
German,ROUND,p͡f,3.317,3,0.005,0.2139,False
German,ROUGH,ɔ,3.252,3,0.005,0.2139,False
German,SMALL,ʊ͡ɐ,3.14,3,0.005,0.2139,False
German,BIG,e,2.775,6,0.005,0.2139,False
German,SHARP,ŋ,2.669,10,0.005,0.2139,False
German,BIG,s,2.655,8,0.005,0.2139,False
German,BIG,ɾ,2.61,12,0.005,0.2139,False
German,SLOW,n,2.405,55,0.005,0.2139,False
German,SMALL,ʊ,1.861,7,0.005,0.2139,False
German,SMOOTH,z,1.834,24,0.005,0.2139,False
German,SMOOTH,v,1.787,23,0.005,0.2139,False
German,ROUGH,k,3.079,3,0.01,0.3423,False
German,QUIET,ø,3.026,3,0.01,0.3423,False
German,SMALL,t͡s,1.999,9,0.01,0.3423,False
German,LOUD,ɪ,2.762,6,0.0149,0.4279,False
German,SLOW,ə,1.929,44,0.0149,0.4279,False
German,SMALL,v,1.706,11,0.0149,0.4279,False
German,DARK,l,1.807,23,0.0199,0.5134,False
German,SMOOTH,i,1.667,13,0.0199,0.5134,False
German,SMOOTH,ɛ,1.246,22,0.0249,0.5834,False
German,LOUD,c,2.593,5,0.0299,0.6625,False
German,QUIET,ɜ,2.085,9,0.0398,0.6625,False
German,SHARP,ʃ,1.549,17,0.0348,0.6625,False
German,SMALL,d,1.46,9,0.0398,0.6625,False
German,FAST,t,-1.429,17,0.0348,0.6625,False
German,SHARP,f,1.395,15,0.0348,0.6625,False
German,SMOOTH,n,1.111,66,0.0398,0.6625,False
German,ROUND,m,1.376,16,0.0498,0.7131,False
German,SMOOTH,x,1.197,7,0.0547,0.7632,False
German,BRIGHT,b,2.27,4,0.0597,0.7813,False
German,QUIET,p,1.932,4,0.0597,0.7813,False
German,SMALL,t,-1.295,12,0.0697,0.7813,False
German,ROUND,i,1.25,7,0.0697,0.7813,False
German,FAST,ŋ,1.2,7,0.0697,0.7813,False
German,SMOOTH,ʃ,-1.099,7,0.0697,0.7813,False
German,BIG,o,1.71,4,0.0746,0.8082,False
German,SMALL,x,1.555,4,0.0796,0.8082,False
German,SLOW,ʃ,1.352,16,0.0796,0.8082,False
German,ROUND,ʏ,1.125,4,0.0846,0.8082,False
German,FAST,ɛ,1.228,16,0.0995,0.8417,False
German,ROUND,a,1.187,14,0.0995,0.8417,False
German,FAST,r,1.166,16,0.0995,0.8417,False
German,ROUND,ʊ,1.102,7,0.0945,0.8417,False
German,DARK,ʃ,-1.091,3,0.0995,0.8417,False
German,SHARP,p,1.101,7,0.1045,0.8557,False
German,SLOW,f,-1.125,4,0.1144,0.9061,False
German,FAST,ə,1.023,40,0.1194,0.9061,False
German,DARK,b,1.083,8,0.1244,0.9168,False
German,LOUD,m,2.01,3,0.1393,0.9584,False
German,BIG,ɡ,1.342,4,0.1443,0.9669,False
German,DARK,ɾ,-1.034,3,0.1493,0.9749,False
German,SMOOTH,t͡s,-0.883,3,0.1493,0.9749,False
German,LOUD,l,1.576,5,0.3682,1.0,False
German,QUIET,r,1.352,6,0.194,1.0,False
German,BIG,d,1.324,4,0.1741,1.0,False
German,BIG,t,1.222,11,0.2438,1.0,False
German,BRIGHT,a,1.087,3,0.4776,1.0,False
German,QUIET,h,1.066,3,0.2935,1.0,False
German,SMALL,ʏ,1.026,3,0.1592,1.0,False
German,BIG,t͡s,1.025,3,0.3731,1.0,False
German,BRIGHT,f,0.99,3,0.4179,1.0,False
German,QUIET,ə,-0.973,4,0.3085,1.0,False
German,ROUND,ɪ,-0.951,4,0.1841,1.0,False
German,BRIGHT,l,0.95,6,0.5124,1.0,False
German,ROUND,y,0.943,3,0.2189,1.0,False
German,DARK,a͡ʊ,0.92,5,0.209,1.0,False
German,QUIET,a͡ʊ,0.91,3,0.4577,1.0,False
German,SHARP,v,-0.897,3,0.1642,1.0,False
German,FAST,l,-0.878,15,0.204,1.0,False
German,SLOW,ɡ,0.875,9,0.209,1.0,False
German,QUIET,c,0.864,7,0.3234,1.0,False
German,DARK,s,0.834,8,0.2736,1.0,False
German,BRIGHT,t,-0.826,4,0.4975,1.0,False
German,DARK,o,0.826,5,0.2438,1.0,False
German,SLOW,d,-0.82,3,0.2388,1.0,False
German,DARK,v,0.819,7,0.2289,1.0,False
German,BRIGHT,ə,0.817,7,0.5721,1.0,False
German,BRIGHT,ɜ,0.813,3,0.5373,1.0,False
German,SMALL,f,0.809,10,0.2488,1.0,False
German,SLOW,l,-0.807,13,0.2587,1.0,False
German,FAST,n,0.801,44,0.2537,1.0,False
German,BIG,ʃ,0.799,5,0.4478,1.0,False
German,ROUND,d,0.79,9,0.1791,1.0,False
German,SHARP,m,-0.787,5,0.2388,1.0,False
German,DARK,ɛ,-0.78,3,0.3035,1.0,False
German,SLOW,p,0.778,6,0.3134,1.0,False
German,SLOW,ɜ,-0.775,3,0.2338,1.0,False
German,SHARP,ʊ,0.761,6,0.2338,1.0,False
German,DARK,t͡s,0.761,5,0.3632,1.0,False
German,SHARP,c,-0.757,3,0.2637,1.0,False
German,SMALL,ɛ,0.754,9,0.3184,1.0,False
German,DARK,d,0.739,6,0.2985,1.0,False
German,FAST,a,0.737,14,0.2736,1.0,False
German,SMOOTH,a͡ɪ,0.728,16,0.1891,1.0,False
German,ROUND,p,0.726,6,0.2786,1.0,False
German,FAST,ɜ,-0.725,4,0.2587,1.0,False
German,SMOOTH,r,-0.722,6,0.2239,1.0,False
German,QUIET,ɪ,0.722,8,0.4328,1.0,False
German,SLOW,ɛ,0.717,11,0.2886,1.0,False
German,BRIGHT,ɾ,0.713,4,0.5473,1.0,False
German,SHARP,t͡s,0.707,7,0.2736,1.0,False
German,SMALL,e,0.705,6,0.3284,1.0,False
German,DARK,a,0.696,8,0.3234,1.0,False
German,SMALL,ʃ,-0.692,5,0.2985,1.0,False
German,SMOOTH,m,-0.688,9,0.1741,1.0,False
German,SMALL,ɜ,-0.663,3,0.3035,1.0,False
German,SHARP,r,-0.655,4,0.2886,1.0,False
German,BIG,ə,-0.649,5,0.5771,1.0,False
German,BIG,ɛ,0.645,4,0.5871,1.0,False
German,SMALL,n,0.644,28,0.3632,1.0,False
German,QUIET,l,-0.644,6,0.4876,1.0,False
German,SHARP,n,-0.642,20,0.3682,1.0,False
German,FAST,b,0.637,11,0.3383,1.0,False
German,LOUD,t,-0.635,3,0.7065,1.0,False
German,DARK,n,-0.634,14,0.4577,1.0,False
German,SMALL,a,0.633,9,0.3731,1.0,False
German,SMALL,ɾ,-0.62,6,0.3831,1.0,False
German,FAST,ʃ,-0.6,8,0.3433,1.0,False
German,DARK,t,0.593,18,0.4229,1.0,False
German,SMOOTH,k,-0.585,9,0.2239,1.0,False
German,SHARP,a͡ɪ,0.573,9,0.403,1.0,False
German,ROUND,ʃ,-0.564,7,0.393,1.0,False
German,SLOW,x,0.564,3,0.393,1.0,False
German,ROUND,z,-0.562,3,0.4378,1.0,False
German,SMOOTH,ɾ,-0.56,13,0.2886,1.0,False
German,FAST,k,-0.558,7,0.4279,1.0,False
German,ROUND,ɑ,0.556,8,0.4179,1.0,False
German,ROUND,e,0.554,7,0.3383,1.0,False
German,SHARP,b,-0.55,3,0.4179,1.0,False
German,SHARP,d,-0.545,4,0.403,1.0,False
German,SHARP,i,0.543,5,0.4577,1.0,False
German,FAST,i,0.543,6,0.408,1.0,False
German,DARK,ɜ,0.541,8,0.4876,1.0,False
German,SMOOTH,u,0.539,8,0.3532,1.0,False
German,ROUND,ɡ,0.538,8,0.408,1.0,False
German,DARK,m,0.532,8,0.4776,1.0,False
German,BIG,n,-0.519,8,0.6716,1.0,False
German,ROUND,t,0.519,26,0.4428,1.0,False
German,QUIET,n,-0.519,9,0.597,1.0,False
German,SLOW,c,-0.517,5,0.5274,1.0,False
German,SMOOTH,b,0.516,14,0.3234,1.0,False
German,SMALL,a͡ɪ,0.514,7,0.4975,1.0,False
German,QUIET,ʃ,-0.501,3,0.6517,1.0,False
German,BIG,ɪ,-0.495,3,0.6269,1.0,False
German,ROUND,ɜ,-0.484,5,0.4527,1.0,False
German,FAST,ɾ,0.475,19,0.4428,1.0,False
German,SLOW,r,-0.457,5,0.5572,1.0,False
German,SLOW,ɔ,-0.454,3,0.5572,1.0,False
German,SMOOTH,ɔ,-0.452,5,0.4328,1.0,False
German,SLOW,ʊ,-0.452,3,0.4975,1.0,False
German,SHARP,h,0.449,5,0.5025,1.0,False
German,SMOOTH,a,0.446,17,0.4229,1.0,False
German,SMALL,ɡ,0.441,6,0.4826,1.0,False
German,SMOOTH,ɪ,-0.439,14,0.4378,1.0,False
German,FAST,d,0.429,9,0.5174,1.0,False
German,ROUND,n,-0.428,23,0.5473,1.0,False
German,SMOOTH,ə,0.426,43,0.393,1.0,False
German,SHARP,ə,0.408,26,0.5771,1.0,False
German,SLOW,v,-0.406,5,0.5572,1.0,False
German,SMOOTH,a͡ʊ,-0.401,4,0.4677,1.0,False
German,FAST,m,0.399,13,0.5124,1.0,False
German,SMALL,z,-0.398,3,0.5323,1.0,False
German,DARK,a͡ɪ,-0.394,3,0.5871,1.0,False
German,SHARP,ɪ,0.386,16,0.5672,1.0,False
German,QUIET,ɛ,0.381,4,0.7065,1.0,False
German,SLOW,m,-0.376,7,0.597,1.0,False
German,BIG,m,0.375,4,0.6965,1.0,False
German,SLOW,a͡ɪ,0.372,8,0.6119,1.0,False
German,SHARP,e,-0.37,3,0.6119,1.0,False
German,SHARP,ɑ,0.368,7,0.5473,1.0,False
German,SHARP,l,0.365,22,0.5622,1.0,False
German,DARK,ɪ,0.362,11,0.592,1.0,False
German,DARK,ɡ,0.36,5,0.5771,1.0,False
German,QUIET,m,-0.351,3,0.7662,1.0,False
German,SHARP,z,-0.343,4,0.5672,1.0,False
German,SLOW,z,-0.34,4,0.6468,1.0,False
German,QUIET,d,0.33,3,0.7264,1.0,False
German,BIG,v,0.329,3,0.7512,1.0,False
German,SLOW,ɑ,-0.319,4,0.6617,1.0,False
German,SLOW,a͡ʊ,0.317,5,0.6567,1.0,False
German,SLOW,k,-0.312,9,0.7015,1.0,False
German,SMALL,ə,-0.311,14,0.6667,1.0,False
German,SHARP,ɡ,0.311,7,0.6617,1.0,False
German,SMALL,ɔ,-0.308,4,0.7413,1.0,False
German,SMOOTH,y,0.308,3,0.6269,1.0,False
German,SHARP,a,-0.307,7,0.6517,1.0,False
German,FAST,e,-0.29,4,0.6965,1.0,False
German,SLOW,ɾ,-0.284,10,0.6468,1.0,False
German,DARK,z,-0.281,3,0.7463,1.0,False
German,FAST,ɪ,-0.277,12,0.6965,1.0,False
German,ROUND,k,0.274,17,0.7065,1.0,False
German,SLOW,ɪ,-0.274,10,0.6617,1.0,False
German,DARK,f,0.259,7,0.7164,1.0,False
German,ROUND,f,-0.252,8,0.6716,1.0,False
German,FAST,a͡ɪ,-0.252,6,0.7164,1.0,False
German,FAST,f,0.248,12,0.7463,1.0,False
German,ROUND,t͡s,-0.244,4,0.6965,1.0,False
German,ROUND,o,-0.235,3,0.8109,1.0,False
German,SLOW,t,-0.233,21,0.7065,1.0,False
German,SHARP,ɔ,-0.232,6,0.7313,1.0,False
German,SMOOTH,e,0.229,9,0.6468,1.0,False
German,SMOOTH,ɡ,0.229,11,0.6169,1.0,False
German,SMALL,c,-0.227,6,0.7264,1.0,False
German,SLOW,b,0.224,7,0.7065,1.0,False
German,FAST,c,-0.223,9,0.7662,1.0,False
German,SMALL,m,0.221,8,0.7363,1.0,False
German,SLOW,i,-0.221,3,0.7264,1.0,False
German,ROUND,ɛ,0.219,9,0.796,1.0,False
German,FAST,h,0.209,5,0.7313,1.0,False
German,SMOOTH,o,-0.206,5,0.7413,1.0,False
German,SLOW,ŋ,0.205,3,0.7662,1.0,False
German,ROUND,v,-0.2,6,0.7264,1.0,False
German,SMOOTH,l,-0.2,29,0.7214,1.0,False
German,FAST,s,-0.2,7,0.7711,1.0,False
German,FAST,v,0.198,9,0.7612,1.0,False
German,ROUND,ə,0.194,24,0.7711,1.0,False
German,ROUND,ɾ,0.193,14,0.801,1.0,False
German,SMOOTH,f,0.192,16,0.7512,1.0,False
German,ROUND,b,0.189,7,0.7512,1.0,False
German,SHARP,ɛ,-0.18,7,0.796,1.0,False
German,QUIET,t,-0.171,9,0.8209,1.0,False
German,SHARP,s,-0.17,6,0.8209,1.0,False
German,FAST,p,0.167,5,0.7662,1.0,False
German,DARK,ə,0.154,16,0.8259,1.0,False
German,SMOOTH,s,-0.152,10,0.796,1.0,False
German,SHARP,k,0.149,15,0.8209,1.0,False
German,QUIET,ɔ,-0.148,3,0.9104,1.0,False
German,SLOW,a,0.147,9,0.8358,1.0,False
German,SMALL,k,-0.144,9,0.8209,1.0,False
German,QUIET,f,0.139,4,0.8905,1.0,False
German,FAST,z,-0.138,6,0.796,1.0,False
German,ROUND,a͡ɪ,0.128,7,0.8259,1.0,False
German,SLOW,e,-0.126,4,0.8557,1.0,False
German,FAST,ɔ,-0.121,9,0.8657,1.0,False
German,SMOOTH,c,0.117,17,0.8507,1.0,False
German,SHARP,ɾ,0.104,13,0.8657,1.0,False
German,SHARP,t,0.102,23,0.8308,1.0,False
German,ROUND,r,-0.101,7,0.8905,1.0,False
German,SMALL,s,0.099,6,0.9204,1.0,False
German,FAST,ɑ,0.099,7,0.9055,1.0,False
German,ROUND,ɔ,-0.098,8,0.8806,1.0,False
German,SMALL,ɑ,-0.097,4,0.9204,1.0,False
German,QUIET,k,-0.09,5,0.9353,1.0,False
German,ROUND,l,-0.084,19,0.8955,1.0,False
German,BRIGHT,n,-0.082,6,0.9652,1.0,False
German,FAST,a͡ʊ,0.081,5,0.9403,1.0,False
German,SMOOTH,t,-0.08,36,0.8756,1.0,False
German,BIG,a,-0.075,3,0.9453,1.0,False
German,SMALL,l,-0.07,15,0.9303,1.0,False
German,DARK,ɔ,0.068,7,0.9254,1.0,False
German,SMALL,i,0.058,3,0.9254,1.0,False
German,SMOOTH,ʏ,-0.054,3,0.9303,1.0,False
German,QUIET,s,0.04,3,0.9751,1.0,False
German,SMOOTH,d,0.039,10,0.9154,1.0,False
German,QUIET,ɾ,-0.039,5,0.9751,1.0,False
German,DARK,r,-0.035,5,0.9502,1.0,False
German,BIG,k,0.025,5,0.995,1.0,False
German,SMOOTH,ɑ,0.02,9,0.9701,1.0,False
German,FAST,ʊ,0.017,5,0.9801,1.0,False
German,ROUND,s,-0.016,7,0.9851,1.0,False
German,FAST,ɡ,-0.013,7,0.99,1.0,False
German,SMALL,ɪ,-0.007,10,0.995,1.0,False
German,BIG,ɜ,0.005,3,0.995,1.0,False
German,SHARP,ɜ,-0.0,8,0.995,1.0,False
Greek,LOUD,θ,2.949,4,0.01,0.4478,False
Greek,ROUND,ð,2.399,25,0.01,0.4478,False
Greek,FAST,u,2.336,13,0.01,0.4478,False
Greek,ROUND,t,2.328,42,0.005,0.4478,False
Greek,SHARP,o,-2.143,31,0.01,0.4478,False
Greek,SHARP,r,2.107,33,0.005,0.4478,False
Greek,ROUND,a,1.922,81,0.01,0.4478,False
Greek,SMOOTH,m,1.612,38,0.005,0.4478,False
Greek,SHARP,t͡s,2.948,3,0.0149,0.597,False
Greek,SMALL,n,-1.716,4,0.0199,0.6513,False
Greek,SMOOTH,e,1.213,70,0.0199,0.6513,False
Greek,DARK,ʎ,2.625,5,0.0249,0.6889,False
Greek,ROUND,f,-1.366,3,0.0249,0.6889,False
Greek,ROUGH,c,2.67,4,0.0697,0.7375,False
Greek,QUIET,i,2.478,17,0.0398,0.7375,False
Greek,QUIET,f,2.392,5,0.0398,0.7375,False
Greek,LOUD,v,2.053,4,0.0846,0.7375,False
Greek,ROUND,ɡ,2.006,5,0.0547,0.7375,False
Greek,QUIET,o,1.888,17,0.0945,0.7375,False
Greek,SLOW,z,1.836,5,0.0647,0.7375,False
Greek,LOUD,z,1.83,3,0.1045,0.7375,False
Greek,SMALL,d,1.758,4,0.0498,0.7375,False
Greek,BRIGHT,x,1.754,3,0.0796,0.7375,False
Greek,ROUND,s,-1.574,21,0.0348,0.7375,False
Greek,SMALL,e,1.494,32,0.0597,0.7375,False
Greek,SMALL,k,1.477,17,0.0697,0.7375,False
Greek,ROUND,b,1.467,3,0.0995,0.7375,False
Greek,DARK,m,-1.406,6,0.0647,0.7375,False
Greek,FAST,a,-1.363,30,0.0846,0.7375,False
Greek,SMALL,l,1.335,15,0.0896,0.7375,False
Greek,FAST,n,1.311,25,0.0697,0.7375,False
Greek,DARK,k,1.266,15,0.0896,0.7375,False
Greek,SHARP,u,1.244,9,0.0945,0.7375,False
Greek,ROUND,o,-1.241,56,0.0647,0.7375,False
Greek,SHARP,x,1.215,7,0.0995,0.7375,False
Greek,ROUND,l,1.206,25,0.0796,0.7375,False
Greek,ROUND,e,-1.175,18,0.0995,0.7375,False
Greek,DARK,e,-1.141,10,0.0945,0.7375,False
Greek,SHARP,i,1.095,55,0.0746,0.7375,False
Greek,SMOOTH,s,-0.844,42,0.1045,0.7375,False
Greek,ROUND,ŋ,1.212,3,0.1095,0.7577,False
Greek,QUIET,n,1.859,7,0.1244,0.7638,False
Greek,BIG,s,1.781,12,0.1443,0.7638,False
Greek,SLOW,j,1.464,3,0.1343,0.7638,False
Greek,DARK,j,1.337,5,0.1244,0.7638,False
Greek,SMALL,t,1.3,18,0.1244,0.7638,False
Greek,DARK,o,1.16,48,0.1393,0.7638,False
Greek,DARK,f,1.138,11,0.1443,0.7638,False
Greek,ROUND,x,0.994,9,0.1393,0.7638,False
Greek,FAST,z,0.962,8,0.1343,0.7638,False
Greek,SMOOTH,ɣ,0.848,12,0.1294,0.7638,False
Greek,SMOOTH,o,0.798,115,0.1393,0.7638,False
Greek,DARK,v,1.272,9,0.1493,0.7787,False
Greek,SMALL,f,-1.056,3,0.1642,0.8342,False
Greek,FAST,e,0.908,33,0.1692,0.8342,False
Greek,ROUND,ɣ,0.913,9,0.1741,0.8471,False
Greek,SLOW,m,1.323,8,0.2139,0.9168,False
Greek,SMALL,i,-1.064,26,0.209,0.9168,False
Greek,DARK,p,-0.989,6,0.194,0.9168,False
Greek,SHARP,n,-0.8,11,0.199,0.9168,False
Greek,SMOOTH,u,-0.753,3,0.194,0.9168,False
Greek,ROUGH,s,1.891,6,0.2289,0.9362,False
Greek,SMOOTH,v,-0.62,6,0.2289,0.9362,False
Greek,SMOOTH,p,0.602,36,0.2239,0.9362,False
Greek,QUIET,c,1.37,5,0.2836,0.9462,False
Greek,ROUGH,p,1.343,3,0.5224,0.9462,False
Greek,BIG,a,-1.289,8,0.2935,0.9462,False
Greek,BIG,p,1.267,6,0.3035,0.9462,False
Greek,SLOW,i,-1.207,13,0.2637,0.9462,False
Greek,BRIGHT,p,1.203,8,0.2736,0.9462,False
Greek,LOUD,k,1.176,5,0.3781,0.9462,False
Greek,BRIGHT,a,1.141,18,0.3085,0.9462,False
Greek,SLOW,a,1.132,22,0.3284,0.9462,False
Greek,SLOW,r,-1.122,6,0.3184,0.9462,False
Greek,BIG,e,1.056,9,0.4627,0.9462,False
Greek,QUIET,a,-1.031,8,0.3433,0.9462,False
Greek,SLOW,n,1.012,10,0.3433,0.9462,False
Greek,BIG,ð,0.999,3,0.4677,0.9462,False
Greek,SLOW,k,-0.911,4,0.398,0.9462,False
Greek,LOUD,e,-0.908,4,0.5373,0.9462,False
Greek,BRIGHT,i,-0.847,12,0.4577,0.9462,False
Greek,FAST,j,0.835,5,0.2836,0.9462,False
Greek,FAST,θ,0.793,7,0.2836,0.9462,False
Greek,FAST,ɣ,0.788,6,0.2736,0.9462,False
Greek,SHARP,k,-0.755,10,0.3483,0.9462,False
Greek,SLOW,v,0.718,4,0.5423,0.9462,False
Greek,FAST,m,0.703,16,0.2886,0.9462,False
Greek,FAST,ð,-0.702,4,0.3532,0.9462,False
Greek,FAST,s,-0.691,23,0.3582,0.9462,False
Greek,QUIET,r,-0.686,4,0.5522,0.9462,False
Greek,SHARP,m,0.679,16,0.2736,0.9462,False
Greek,SHARP,v,0.663,9,0.2886,0.9462,False
Greek,SMALL,r,0.642,20,0.4378,0.9462,False
Greek,DARK,l,-0.626,8,0.3632,0.9462,False
Greek,ROUND,k,-0.621,15,0.3234,0.9462,False
Greek,SMOOTH,k,0.611,32,0.2637,0.9462,False
Greek,SMALL,a,-0.602,30,0.4577,0.9462,False
Greek,SMALL,ð,0.589,8,0.4776,0.9462,False
Greek,SMALL,p,0.55,15,0.4925,0.9462,False
Greek,SMOOTH,i,-0.549,72,0.3284,0.9462,False
Greek,SMOOTH,f,-0.537,12,0.3333,0.9462,False
Greek,SMOOTH,c,-0.534,9,0.3134,0.9462,False
Greek,SHARP,p,-0.525,11,0.4478,0.9462,False
Greek,FAST,p,-0.515,11,0.5274,0.9462,False
Greek,SHARP,l,0.514,15,0.4428,0.9462,False
Greek,ROUND,m,-0.513,16,0.4726,0.9462,False
Greek,SMALL,c,-0.508,4,0.4428,0.9462,False
Greek,FAST,x,0.505,5,0.4975,0.9462,False
Greek,SMOOTH,r,-0.499,34,0.3134,0.9462,False
Greek,SMOOTH,n,0.489,38,0.3582,0.9462,False
Greek,DARK,s,0.484,26,0.5323,0.9462,False
Greek,SMOOTH,a,-0.453,73,0.3831,0.9462,False
Greek,SHARP,f,0.441,11,0.5224,0.9462,False
Greek,ROUND,n,-0.43,19,0.4776,0.9462,False
Greek,SMOOTH,l,-0.404,22,0.4627,0.9462,False
Greek,SHARP,s,-0.383,26,0.5224,0.9462,False
Greek,SMOOTH,ð,-0.326,11,0.5124,0.9462,False
Greek,FAST,i,-0.456,38,0.5672,0.9497,False
Greek,SMOOTH,t,0.266,27,0.5622,0.9497,False
Greek,QUIET,s,0.802,9,0.5821,0.9569,False
Greek,ROUND,v,-0.369,6,0.602,0.9589,False
Greek,DARK,i,-0.352,30,0.602,0.9589,False
Greek,SHARP,a,-0.3,39,0.592,0.9589,False
Greek,ROUND,i,0.339,66,0.6219,0.9609,False
Greek,BIG,i,0.635,13,0.6269,0.9644,False
Greek,FAST,f,-0.366,7,0.6318,0.9679,False
Greek,BRIGHT,k,-0.478,4,0.6368,0.9714,False
Greek,BIG,l,0.613,4,0.6468,0.9824,False
Greek,ROUGH,a,0.687,6,0.7015,0.9933,False
Greek,BIG,f,0.551,3,0.7711,0.9933,False
Greek,ROUGH,o,-0.468,6,0.8159,0.9933,False
Greek,BIG,m,-0.463,3,0.7463,0.9933,False
Greek,SLOW,s,-0.442,11,0.6915,0.9933,False
Greek,BRIGHT,s,-0.438,9,0.7214,0.9933,False
Greek,BIG,r,0.432,6,0.7811,0.9933,False
Greek,LOUD,r,0.432,6,0.7811,0.9933,False
Greek,BRIGHT,r,0.359,8,0.7164,0.9933,False
Greek,SLOW,e,0.355,12,0.7413,0.9933,False
Greek,SLOW,l,-0.353,5,0.6915,0.9933,False
Greek,ROUGH,i,-0.352,5,0.8458,0.9933,False
Greek,SLOW,t,-0.345,4,0.7861,0.9933,False
Greek,ROUND,c,-0.327,9,0.6716,0.9933,False
Greek,BRIGHT,ð,0.31,3,0.8408,0.9933,False
Greek,SMALL,s,-0.302,22,0.6915,0.9933,False
Greek,BRIGHT,l,0.302,5,0.8259,0.9933,False
Greek,SHARP,ɣ,-0.291,3,0.6716,0.9933,False
Greek,DARK,n,-0.289,11,0.6866,0.9933,False
Greek,LOUD,s,-0.283,7,0.8408,0.9933,False
Greek,FAST,l,0.282,14,0.6965,0.9933,False
Greek,LOUD,i,0.28,12,0.8657,0.9933,False
Greek,SHARP,t,0.272,14,0.7711,0.9933,False
Greek,FAST,r,0.27,22,0.7811,0.9933,False
Greek,QUIET,k,-0.264,3,0.8308,0.9933,False
Greek,SHARP,ð,-0.255,6,0.7264,0.9933,False
Greek,SLOW,p,0.246,7,0.7761,0.9933,False
Greek,FAST,t,-0.241,10,0.7861,0.9933,False
Greek,LOUD,o,0.222,14,0.8706,0.9933,False
Greek,BRIGHT,m,0.208,5,0.8657,0.9933,False
Greek,SMOOTH,x,0.183,8,0.7164,0.9933,False
Greek,BIG,o,-0.176,13,0.8955,0.9933,False
Greek,BRIGHT,e,-0.166,8,0.8657,0.9933,False
Greek,DARK,t,0.157,10,0.8408,0.9933,False
Greek,DARK,c,-0.15,6,0.8657,0.9933,False
Greek,LOUD,n,-0.144,4,0.9254,0.9933,False
Greek,ROUND,r,0.128,30,0.8657,0.9933,False
Greek,DARK,u,-0.114,3,0.8806,0.9933,False
Greek,ROUND,θ,-0.109,5,0.8458,0.9933,False
Greek,SHARP,c,0.105,10,0.8806,0.9933,False
Greek,LOUD,a,0.1,11,0.9303,0.9933,False
Greek,FAST,k,0.098,14,0.9254,0.9933,False
Greek,BRIGHT,n,0.094,6,0.9403,0.9933,False
Greek,SMOOTH,θ,-0.091,7,0.8507,0.9933,False
Greek,SLOW,f,0.085,4,0.9502,0.9933,False
Greek,SLOW,o,-0.085,22,0.9453,0.9933,False
Greek,BRIGHT,o,-0.077,18,0.9502,0.9933,False
Greek,BRIGHT,t,-0.076,4,0.9353,0.9933,False
Greek,DARK,r,0.076,16,0.8955,0.9933,False
Greek,BRIGHT,c,-0.074,3,0.9552,0.9933,False
Greek,SHARP,e,0.073,25,0.8905,0.9933,False
Greek,ROUGH,e,-0.07,3,0.9602,0.9933,False
Greek,BRIGHT,f,-0.069,3,0.9502,0.9933,False
Greek,SMALL,o,0.061,43,0.9104,0.9933,False
Greek,SMALL,ɣ,-0.06,3,0.9602,0.9933,False
Greek,DARK,a,0.056,32,0.9453,0.9933,False
Greek,ROUND,p,-0.052,20,0.9303,0.9933,False
Greek,FAST,o,0.06,52,0.9751,0.9945,False
Greek,LOUD,t,-0.048,3,0.9751,0.9945,False
Greek,SMALL,v,0.028,5,0.9701,0.9945,False
Greek,ROUND,u,-0.027,6,0.9751,0.9945,False
Greek,SMOOTH,z,-0.009,8,0.995,0.9978,False
Greek,SMALL,m,0.008,11,0.995,0.9978,False
Greek,SHARP,θ,0.008,4,0.995,0.9978,False
Greek,SLOW,c,0.016,4,1.0,1.0,False
Hebrew,BIG,e,3.105,13,0.005,0.3821,False
Hebrew,QUIET,n,2.707,24,0.005,0.3821,False
Hebrew,LOUD,ʁ,2.694,3,0.005,0.3821,False
Hebrew,SLOW,ɑ,2.529,17,0.005,0.3821,False
Hebrew,SMALL,m,2.014,40,0.005,0.3821,False
Hebrew,QUIET,ɒ,2.097,7,0.0249,0.796,False
Hebrew,QUIET,ɪ,2.097,7,0.0249,0.796,False
Hebrew,SHARP,m,-1.932,23,0.0149,0.796,False
Hebrew,SMOOTH,h,1.501,170,0.0199,0.796,False
Hebrew,ROUND,χ,-1.107,22,0.0249,0.796,False
Hebrew,ROUND,o,-1.067,30,0.0249,0.796,False
Hebrew,ROUND,m,-1.142,62,0.0299,0.8817,False
Hebrew,BIG,ɡ,2.588,6,0.0348,0.8915,False
Hebrew,LOUD,h,-2.276,10,0.0348,0.8915,False
Hebrew,BIG,i,-2.665,6,0.0448,0.9049,False
Hebrew,LOUD,z,2.552,3,0.0448,0.9049,False
Hebrew,BIG,b,-2.418,4,0.0448,0.9049,False
Hebrew,SHARP,d,1.588,67,0.0398,0.9049,False
Hebrew,ROUGH,ɛ,2.892,3,0.0547,0.9118,False
Hebrew,BIG,u,-2.573,3,0.0597,0.9118,False
Hebrew,BRIGHT,j,2.57,6,0.0846,0.9118,False
Hebrew,BIG,ɹ,-2.539,3,0.0796,0.9118,False
Hebrew,BIG,o,2.367,5,0.0896,0.9118,False
Hebrew,LOUD,r,2.261,9,0.0647,0.9118,False
Hebrew,LOUD,d,-2.092,4,0.0597,0.9118,False
Hebrew,LOUD,k,2.065,6,0.0697,0.9118,False
Hebrew,LOUD,ʔ,1.858,7,0.0945,0.9118,False
Hebrew,LOUD,s,1.756,5,0.1045,0.9118,False
Hebrew,SMALL,f,1.401,16,0.0597,0.9118,False
Hebrew,FAST,h,1.097,94,0.0846,0.9118,False
Hebrew,SMALL,j,-1.057,9,0.0896,0.9118,False
Hebrew,SMOOTH,o,-0.831,27,0.1095,0.934,False
Hebrew,BIG,a,2.107,14,0.1294,0.9524,False
Hebrew,BIG,ʔ,2.051,4,0.1642,0.9524,False
Hebrew,BRIGHT,l,2.028,8,0.1692,0.9524,False
Hebrew,ROUGH,d,2.022,3,0.3632,0.9524,False
Hebrew,BRIGHT,i,2.02,14,0.199,0.9524,False
Hebrew,BIG,l,1.907,8,0.1592,0.9524,False
Hebrew,BIG,k,1.807,3,0.1692,0.9524,False
Hebrew,LOUD,o,1.746,8,0.1393,0.9524,False
Hebrew,BRIGHT,r,1.739,4,0.2239,0.9524,False
Hebrew,BIG,v,1.693,5,0.1791,0.9524,False
Hebrew,BRIGHT,b,-1.617,5,0.2935,0.9524,False
Hebrew,QUIET,a,-1.438,25,0.1692,0.9524,False
Hebrew,BRIGHT,u,-1.434,5,0.3632,0.9524,False
Hebrew,LOUD,a,-1.412,14,0.1592,0.9524,False
Hebrew,LOUD,ɒ,1.306,3,0.2239,0.9524,False
Hebrew,LOUD,ɪ,1.306,3,0.2239,0.9524,False
Hebrew,BRIGHT,a,1.263,12,0.3632,0.9524,False
Hebrew,SLOW,n,-1.188,12,0.209,0.9524,False
Hebrew,ROUGH,h,-1.175,3,0.602,0.9524,False
Hebrew,BRIGHT,ɹ,-1.16,5,0.4328,0.9524,False
Hebrew,QUIET,v,1.077,14,0.3134,0.9524,False
Hebrew,QUIET,ʃ,1.053,20,0.2289,0.9524,False
Hebrew,SHARP,f,1.038,21,0.1194,0.9524,False
Hebrew,LOUD,ɹ,-1.011,10,0.3184,0.9524,False
Hebrew,LOUD,ʃ,1.009,11,0.3831,0.9524,False
Hebrew,LOUD,v,-1.008,3,0.3383,0.9524,False
Hebrew,ROUGH,b,1.006,4,0.6716,0.9524,False
Hebrew,BIG,m,-0.956,3,0.5473,0.9524,False
Hebrew,BRIGHT,χ,0.952,3,0.5174,0.9524,False
Hebrew,SHARP,t,0.927,47,0.1393,0.9524,False
Hebrew,QUIET,ɛ,-0.919,4,0.3234,0.9524,False
Hebrew,FAST,u,0.915,94,0.1891,0.9524,False
Hebrew,SLOW,r,-0.913,3,0.2388,0.9524,False
Hebrew,SLOW,j,-0.912,10,0.2537,0.9524,False
Hebrew,DARK,ʁ,0.893,10,0.1642,0.9524,False
Hebrew,QUIET,u,0.892,32,0.3383,0.9524,False
Hebrew,LOUD,e,-0.89,7,0.408,0.9524,False
Hebrew,ROUND,ʃ,0.887,126,0.1244,0.9524,False
Hebrew,SLOW,l,0.869,37,0.2886,0.9524,False
Hebrew,ROUND,ʁ,0.863,17,0.194,0.9524,False
Hebrew,SHARP,j,-0.857,16,0.1741,0.9524,False
Hebrew,QUIET,l,-0.843,3,0.3582,0.9524,False
Hebrew,BIG,χ,0.838,3,0.5174,0.9524,False
Hebrew,BRIGHT,h,-0.827,7,0.5473,0.9524,False
Hebrew,SLOW,ɹ,0.818,58,0.2587,0.9524,False
Hebrew,LOUD,t,0.815,8,0.4876,0.9524,False
Hebrew,SLOW,h,0.806,65,0.3085,0.9524,False
Hebrew,SHARP,n,-0.804,24,0.204,0.9524,False
Hebrew,FAST,o,-0.804,16,0.1741,0.9524,False
Hebrew,SHARP,ɡ,0.776,35,0.2338,0.9524,False
Hebrew,ROUND,ɹ,0.764,180,0.1542,0.9524,False
Hebrew,ROUND,r,-0.763,14,0.1443,0.9524,False
Hebrew,SHARP,ɹ,0.748,87,0.209,0.9524,False
Hebrew,SMALL,k,0.739,14,0.1891,0.9524,False
Hebrew,BRIGHT,e,-0.737,4,0.592,0.9524,False
Hebrew,SHARP,ʔ,-0.733,12,0.2786,0.9524,False
Hebrew,LOUD,b,-0.73,12,0.4776,0.9524,False
Hebrew,SMOOTH,v,-0.722,33,0.2189,0.9524,False
Hebrew,SMALL,ʃ,0.72,40,0.2985,0.9524,False
Hebrew,ROUND,u,0.704,203,0.1642,0.9524,False
Hebrew,FAST,ɑ,0.7,12,0.3134,0.9524,False
Hebrew,SHARP,ɛ,0.699,38,0.2985,0.9524,False
Hebrew,SMALL,ɑ,0.698,9,0.3433,0.9524,False
Hebrew,SLOW,a,-0.69,62,0.4279,0.9524,False
Hebrew,SLOW,v,0.683,26,0.4328,0.9524,False
Hebrew,SMALL,ɒ,0.671,9,0.3333,0.9524,False
Hebrew,SMALL,ɪ,0.671,9,0.3333,0.9524,False
Hebrew,FAST,k,-0.668,5,0.3035,0.9524,False
Hebrew,SMOOTH,t,-0.664,50,0.2139,0.9524,False
Hebrew,SHARP,s,0.663,20,0.2388,0.9524,False
Hebrew,FAST,a,0.661,110,0.3234,0.9524,False
Hebrew,LOUD,n,0.658,8,0.5821,0.9524,False
Hebrew,QUIET,o,-0.653,6,0.5174,0.9524,False
Hebrew,DARK,ʃ,0.651,68,0.2637,0.9524,False
Hebrew,BRIGHT,ɡ,0.645,3,0.7463,0.9524,False
Hebrew,FAST,ɹ,0.643,78,0.2886,0.9524,False
Hebrew,SLOW,ɒ,-0.642,3,0.4577,0.9524,False
Hebrew,SLOW,ɪ,-0.642,3,0.4577,0.9524,False
Hebrew,DARK,l,-0.64,18,0.2537,0.9524,False
Hebrew,LOUD,m,0.636,8,0.607,0.9524,False
Hebrew,SMALL,ɡ,-0.62,9,0.3632,0.9524,False
Hebrew,SMALL,ɛ,-0.618,12,0.3781,0.9524,False
Hebrew,QUIET,χ,-0.617,5,0.5871,0.9524,False
Hebrew,DARK,ɹ,0.614,101,0.2587,0.9524,False
Hebrew,SMALL,χ,-0.613,11,0.3433,0.9524,False
Hebrew,SHARP,b,0.61,90,0.2786,0.9524,False
Hebrew,ROUND,z,-0.606,3,0.3085,0.9524,False
Hebrew,SLOW,f,-0.606,7,0.5473,0.9524,False
Hebrew,SHARP,a,0.599,119,0.3184,0.9524,False
Hebrew,ROUND,b,0.59,185,0.2736,0.9524,False
Hebrew,SLOW,b,0.59,59,0.398,0.9524,False
Hebrew,SHARP,u,0.585,96,0.3234,0.9524,False
Hebrew,ROUGH,a,-0.585,4,0.801,0.9524,False
Hebrew,ROUGH,u,-0.584,3,0.7562,0.9524,False
Hebrew,DARK,d,-0.575,49,0.3284,0.9524,False
Hebrew,QUIET,b,0.575,28,0.4975,0.9524,False
Hebrew,QUIET,r,-0.575,3,0.5522,0.9524,False
Hebrew,QUIET,e,-0.572,15,0.5672,0.9524,False
Hebrew,ROUND,s,-0.569,21,0.2886,0.9524,False
Hebrew,SHARP,e,-0.569,48,0.3532,0.9524,False
Hebrew,SMALL,l,-0.553,12,0.398,0.9524,False
Hebrew,SMOOTH,f,0.532,28,0.2935,0.9524,False
Hebrew,FAST,j,-0.53,19,0.3831,0.9524,False
Hebrew,SMALL,s,0.528,13,0.4627,0.9524,False
Hebrew,BRIGHT,n,0.524,4,0.7662,0.9524,False
Hebrew,QUIET,ɹ,0.514,26,0.5224,0.9524,False
Hebrew,QUIET,m,0.502,14,0.5771,0.9524,False
Hebrew,SMALL,ʔ,-0.498,10,0.403,0.9524,False
Hebrew,DARK,ɡ,-0.492,18,0.4677,0.9524,False
Hebrew,SMOOTH,ɹ,0.492,130,0.3333,0.9524,False
Hebrew,DARK,b,0.489,105,0.393,0.9524,False
Hebrew,ROUND,h,0.488,195,0.3781,0.9524,False
Hebrew,DARK,a,-0.486,117,0.4129,0.9524,False
Hebrew,SLOW,ɡ,-0.486,10,0.597,0.9524,False
Hebrew,BIG,d,-0.477,4,0.7612,0.9524,False
Hebrew,FAST,χ,-0.477,16,0.408,0.9524,False
Hebrew,ROUND,ə,-0.476,7,0.3781,0.9524,False
Hebrew,SMOOTH,l,-0.471,31,0.393,0.9524,False
Hebrew,SLOW,ɛ,-0.471,13,0.5473,0.9524,False
Hebrew,ROUND,ɛ,0.469,71,0.403,0.9524,False
Hebrew,FAST,m,-0.469,33,0.4279,0.9524,False
Hebrew,SHARP,l,-0.461,20,0.4776,0.9524,False
Hebrew,ROUND,ʔ,-0.454,31,0.398,0.9524,False
Hebrew,SMALL,r,0.447,17,0.5672,0.9524,False
Hebrew,FAST,t,-0.447,31,0.5025,0.9524,False
Hebrew,FAST,b,0.446,80,0.4478,0.9524,False
Hebrew,SMALL,i,-0.443,73,0.4876,0.9524,False
Hebrew,BIG,t,0.433,4,0.7612,0.9524,False
Hebrew,ROUND,l,-0.43,43,0.4229,0.9524,False
Hebrew,SMALL,t,0.426,29,0.5572,0.9524,False
Hebrew,SMOOTH,ə,0.425,14,0.398,0.9524,False
Hebrew,SLOW,u,0.425,61,0.5522,0.9524,False
Hebrew,QUIET,j,-0.42,7,0.6269,0.9524,False
Hebrew,SHARP,r,-0.412,12,0.4876,0.9524,False
Hebrew,BRIGHT,m,0.412,4,0.8209,0.9524,False
Hebrew,SMOOTH,s,-0.41,18,0.403,0.9524,False
Hebrew,LOUD,j,0.41,6,0.7164,0.9524,False
Hebrew,ROUND,k,-0.406,17,0.4577,0.9524,False
Hebrew,SMOOTH,b,0.388,136,0.4876,0.9524,False
Hebrew,SMALL,u,0.374,63,0.5174,0.9524,False
Hebrew,ROUND,v,0.37,73,0.592,0.9524,False
Hebrew,ROUND,ɡ,0.369,59,0.6169,0.9524,False
Hebrew,ROUND,d,0.365,108,0.4677,0.9524,False
Hebrew,DARK,v,0.358,42,0.5473,0.9524,False
Hebrew,QUIET,t,0.355,13,0.6318,0.9524,False
Hebrew,SLOW,i,0.354,80,0.6318,0.9524,False
Hebrew,SMOOTH,i,0.348,191,0.4179,0.9524,False
Hebrew,QUIET,h,0.348,29,0.7164,0.9524,False
Hebrew,QUIET,i,0.343,38,0.6667,0.9524,False
Hebrew,SHARP,v,0.34,35,0.6368,0.9524,False
Hebrew,BRIGHT,d,-0.34,4,0.796,0.9524,False
Hebrew,DARK,ɛ,-0.339,26,0.5771,0.9524,False
Hebrew,DARK,n,0.337,49,0.6318,0.9524,False
Hebrew,DARK,o,0.337,36,0.4776,0.9524,False
Hebrew,SLOW,ʃ,0.336,34,0.6318,0.9524,False
Hebrew,FAST,ɒ,-0.335,6,0.607,0.9524,False
Hebrew,FAST,ɪ,-0.335,6,0.607,0.9524,False
Hebrew,DARK,ɒ,0.334,13,0.6219,0.9524,False
Hebrew,DARK,ɪ,0.334,13,0.6219,0.9524,False
Hebrew,SLOW,o,-0.327,15,0.6866,0.9524,False
Hebrew,SMOOTH,n,-0.326,49,0.5572,0.9524,False
Hebrew,ROUND,j,-0.325,49,0.5373,0.9524,False
Hebrew,SHARP,ɑ,-0.322,6,0.6269,0.9524,False
Hebrew,DARK,u,0.321,108,0.6269,0.9524,False
Hebrew,SLOW,s,-0.321,8,0.7264,0.9524,False
Hebrew,SLOW,z,0.321,4,0.7363,0.9524,False
Hebrew,SMOOTH,χ,0.318,41,0.5075,0.9524,False
Hebrew,SMOOTH,m,-0.304,59,0.5174,0.9524,False
Hebrew,SLOW,t,0.304,27,0.6965,0.9524,False
Hebrew,SHARP,h,0.299,92,0.6169,0.9524,False
Hebrew,SMOOTH,ʁ,-0.298,4,0.5423,0.9524,False
Hebrew,DARK,f,-0.297,15,0.597,0.9524,False
Hebrew,FAST,e,-0.296,50,0.6716,0.9524,False
Hebrew,LOUD,i,-0.296,19,0.801,0.9524,False
Hebrew,SMOOTH,d,-0.29,70,0.607,0.9524,False
Hebrew,DARK,j,-0.285,29,0.6667,0.9524,False
Hebrew,SMOOTH,u,0.275,141,0.6269,0.9524,False
Hebrew,QUIET,d,-0.273,14,0.7711,0.9524,False
Hebrew,DARK,s,-0.268,15,0.7015,0.9524,False
Hebrew,QUIET,f,-0.266,4,0.7861,0.9524,False
Hebrew,SMALL,h,-0.265,58,0.7264,0.9524,False
Hebrew,LOUD,ɛ,-0.265,4,0.8109,0.9524,False
Hebrew,DARK,ɑ,0.263,12,0.6617,0.9524,False
Hebrew,SLOW,m,0.26,28,0.796,0.9524,False
Hebrew,DARK,h,0.259,109,0.6418,0.9524,False
Hebrew,SMOOTH,ʔ,-0.257,27,0.6468,0.9524,False
Hebrew,BIG,h,-0.255,8,0.8259,0.9524,False
Hebrew,SMALL,ɹ,0.249,54,0.6716,0.9524,False
Hebrew,SHARP,χ,-0.244,20,0.6766,0.9524,False
Hebrew,DARK,z,-0.225,4,0.7264,0.9524,False
Hebrew,FAST,n,-0.219,30,0.7313,0.9524,False
Hebrew,DARK,t,-0.216,43,0.7214,0.9524,False
Hebrew,ROUND,e,-0.211,117,0.7065,0.9524,False
Hebrew,SMALL,e,-0.209,39,0.7811,0.9524,False
Hebrew,ROUND,ɑ,0.209,20,0.6766,0.9524,False
Hebrew,DARK,ə,0.203,9,0.7214,0.9524,False
Hebrew,FAST,ɡ,-0.201,18,0.7662,0.9524,False
Hebrew,FAST,ɛ,-0.196,22,0.8408,0.9524,False
Hebrew,FAST,ʃ,0.188,45,0.7861,0.9524,False
Hebrew,SLOW,d,0.182,33,0.8308,0.9524,False
Hebrew,ROUND,i,0.181,244,0.7413,0.9524,False
Hebrew,SLOW,k,-0.18,7,0.8259,0.9524,False
Hebrew,SHARP,ʃ,-0.174,43,0.7662,0.9524,False
Hebrew,FAST,i,-0.173,102,0.8109,0.9524,False
Hebrew,FAST,ʔ,0.173,20,0.806,0.9524,False
Hebrew,SMOOTH,a,0.166,174,0.8159,0.9524,False
Hebrew,SMOOTH,j,-0.165,41,0.7313,0.9524,False
Hebrew,SMOOTH,k,-0.163,17,0.7363,0.9524,False
Hebrew,SMOOTH,ɡ,-0.157,32,0.7313,0.9524,False
Hebrew,FAST,ʁ,-0.149,3,0.8209,0.9524,False
Hebrew,ROUND,f,-0.14,28,0.806,0.9524,False
Hebrew,DARK,i,0.138,140,0.8209,0.9524,False
Hebrew,SMOOTH,ɛ,0.138,46,0.7761,0.9524,False
Hebrew,ROUND,t,-0.136,76,0.8259,0.9524,False
Hebrew,FAST,f,0.133,14,0.8408,0.9524,False
Hebrew,SMOOTH,z,0.122,8,0.8209,0.9524,False
Hebrew,SMOOTH,e,-0.111,93,0.806,0.9524,False
Hebrew,SMOOTH,ʃ,0.102,75,0.8109,0.9524,False
Hebrew,SMOOTH,ɑ,0.096,14,0.8109,0.9524,False
Hebrew,SMALL,a,-0.14,72,0.8458,0.9552,False
Hebrew,ROUGH,i,0.287,5,0.8657,0.958,False
Hebrew,SHARP,o,-0.13,25,0.8706,0.958,False
Hebrew,SMALL,d,-0.118,32,0.8706,0.958,False
Hebrew,DARK,m,0.097,49,0.8557,0.958,False
Hebrew,SHARP,i,-0.093,113,0.8706,0.958,False
Hebrew,ROUND,n,0.084,77,0.8706,0.958,False
Hebrew,FAST,l,-0.072,28,0.8706,0.958,False
Hebrew,BIG,j,0.222,3,0.8806,0.9661,False
Hebrew,SLOW,χ,0.155,16,0.8905,0.9742,False
Hebrew,ROUND,ɒ,-0.076,17,0.8955,0.9742,False
Hebrew,ROUND,ɪ,-0.076,17,0.8955,0.9742,False
Hebrew,ROUGH,e,0.425,3,0.9104,0.9792,False
Hebrew,LOUD,l,-0.141,5,0.9154,0.9792,False
Hebrew,LOUD,u,0.1,15,0.9154,0.9792,False
Hebrew,QUIET,ʔ,-0.074,6,0.9154,0.9792,False
Hebrew,FAST,s,-0.064,13,0.9154,0.9792,False
Hebrew,SMALL,ʁ,0.073,3,0.9403,0.9809,False
Hebrew,SMALL,b,0.071,56,0.9353,0.9809,False
Hebrew,DARK,ʔ,-0.062,23,0.9502,0.9809,False
Hebrew,ROUND,a,-0.044,220,0.9254,0.9809,False
Hebrew,DARK,e,0.044,75,0.9353,0.9809,False
Hebrew,SHARP,k,0.043,13,0.9453,0.9809,False
Hebrew,FAST,r,-0.043,16,0.9303,0.9809,False
Hebrew,DARK,r,-0.033,21,0.9254,0.9809,False
Hebrew,SMOOTH,ɒ,0.026,14,0.9453,0.9809,False
Hebrew,SMOOTH,ɪ,0.026,14,0.9453,0.9809,False
Hebrew,ROUGH,ɹ,-0.132,3,0.9552,0.9832,False
Hebrew,SMALL,n,0.022,25,0.99,1.0,False
Hebrew,SMALL,o,-0.022,18,0.9851,1.0,False
Hebrew,SMOOTH,r,0.022,29,0.995,1.0,False
Hebrew,SLOW,e,0.02,41,0.9801,1.0,False
Hebrew,FAST,d,0.007,44,0.995,1.0,False
Hebrew,FAST,v,0.006,28,1.0,1.0,False
Hebrew,SMALL,v,0.004,21,1.0,1.0,False
Hebrew,DARK,χ,0.001,27,1.0,1.0,False
Hindi,DARK,dʰ,3.134,7,0.005,0.4691,False
Hindi,SLOW,pʰ,2.785,4,0.005,0.4691,False
Hindi,SMALL,cʰ,2.627,8,0.005,0.4691,False
Hindi,BIG,ə,2.527,14,0.005,0.4691,False
Hindi,SHARP,kʰ,2.371,4,0.005,0.4691,False
Hindi,DARK,d,2.255,10,0.005,0.4691,False
Hindi,SMOOTH,h,1.879,24,0.005,0.4691,False
Hindi,QUIET,ã,2.732,4,0.01,0.6567,False
Hindi,QUIET,ɛ,2.671,4,0.01,0.6567,False
Hindi,BIG,ɡ,2.612,9,0.0149,0.6567,False
Hindi,BIG,b,2.524,6,0.0149,0.6567,False
Hindi,ROUND,ɾ,1.887,32,0.01,0.6567,False
Hindi,SMALL,ɔ,1.813,3,0.0149,0.6567,False
Hindi,SMOOTH,m,1.554,23,0.0149,0.6567,False
Hindi,ROUND,i,1.486,25,0.0149,0.6567,False
Hindi,SHARP,ɡʰ,2.372,4,0.0199,0.7726,False
Hindi,SMALL,u,2.174,9,0.0199,0.7726,False
Hindi,LOUD,o,2.424,7,0.0348,0.8209,False
Hindi,BRIGHT,ʊ,2.379,4,0.0299,0.8209,False
Hindi,SLOW,n,2.213,18,0.0249,0.8209,False
Hindi,SHARP,ẽ,1.848,5,0.0299,0.8209,False
Hindi,ROUND,ɖ,1.831,6,0.0348,0.8209,False
Hindi,SHARP,r,1.665,10,0.0348,0.8209,False
Hindi,ROUND,e,1.663,10,0.0299,0.8209,False
Hindi,LOUD,ĩ,2.424,4,0.0448,0.84,False
Hindi,BIG,bʰ,2.328,3,0.0448,0.84,False
Hindi,SLOW,ẽ,2.154,3,0.0547,0.84,False
Hindi,QUIET,ɾ,-1.576,5,0.0547,0.84,False
Hindi,SHARP,ɪ,1.564,17,0.0448,0.84,False
Hindi,FAST,j,1.525,6,0.0498,0.84,False
Hindi,ROUND,ʈ,1.394,16,0.0547,0.84,False
Hindi,SHARP,c,1.269,7,0.0498,0.84,False
Hindi,SMOOTH,ʌ,1.07,49,0.0448,0.84,False
Hindi,QUIET,t,1.785,6,0.0697,0.8513,False
Hindi,DARK,ɾ,1.567,17,0.0647,0.8513,False
Hindi,DARK,ĩ,1.56,5,0.0647,0.8513,False
Hindi,SMALL,l,-1.443,5,0.0647,0.8513,False
Hindi,ROUND,ɔ,1.442,3,0.0597,0.8513,False
Hindi,ROUND,ʈʰ,1.433,3,0.0597,0.8513,False
Hindi,SMOOTH,ɾ,-1.146,27,0.0697,0.8513,False
Hindi,SMOOTH,l,-1.098,13,0.0697,0.8513,False
Hindi,SMOOTH,ɟ,1.084,13,0.0647,0.8513,False
Hindi,BRIGHT,ʃ,2.18,4,0.0896,0.9324,False
Hindi,LOUD,k,1.824,10,0.1144,0.9324,False
Hindi,QUIET,p,1.794,5,0.0896,0.9324,False
Hindi,FAST,ɛ,1.496,5,0.0995,0.9324,False
Hindi,SHARP,ã,1.372,5,0.0896,0.9324,False
Hindi,ROUND,l,1.283,22,0.0945,0.9324,False
Hindi,SMALL,ɳ,1.123,3,0.1095,0.9324,False
Hindi,ROUND,ŋ,1.09,5,0.1045,0.9324,False
Hindi,SMALL,ɪ,-1.067,6,0.0995,0.9324,False
Hindi,SMOOTH,t,0.921,21,0.1144,0.9324,False
Hindi,LOUD,s,1.787,10,0.1393,0.9619,False
Hindi,DARK,h,1.392,7,0.1343,0.9619,False
Hindi,DARK,ʊ,1.29,7,0.1244,0.9619,False
Hindi,SHARP,ŋ,1.203,4,0.1443,0.9619,False
Hindi,SHARP,ɟ,1.104,6,0.1244,0.9619,False
Hindi,SMOOTH,e,0.77,12,0.1294,0.9619,False
Hindi,BIG,ʌ,1.732,11,0.1493,0.9753,False
Hindi,LOUD,a,-1.611,6,0.1542,0.998,False
Hindi,ROUGH,a,2.11,5,0.2587,1.0,False
Hindi,ROUGH,ʌ,1.693,3,0.4129,1.0,False
Hindi,LOUD,ʌ,-1.405,3,0.2488,1.0,False
Hindi,BIG,m,1.285,4,0.2587,1.0,False
Hindi,BIG,a,-1.247,7,0.2488,1.0,False
Hindi,QUIET,r,1.239,4,0.199,1.0,False
Hindi,LOUD,l,1.23,7,0.3682,1.0,False
Hindi,LOUD,m,1.179,4,0.2886,1.0,False
Hindi,SLOW,u,1.109,3,0.3085,1.0,False
Hindi,SLOW,ɪ,1.097,8,0.2637,1.0,False
Hindi,SHARP,l,-1.086,6,0.1791,1.0,False
Hindi,FAST,s,1.072,16,0.1891,1.0,False
Hindi,SLOW,a,1.064,19,0.2886,1.0,False
Hindi,BIG,i,1.059,7,0.3134,1.0,False
Hindi,FAST,t,1.058,9,0.194,1.0,False
Hindi,QUIET,ʃ,1.054,4,0.3483,1.0,False
Hindi,FAST,d,1.048,8,0.209,1.0,False
Hindi,SLOW,ʌ,-1.029,5,0.3035,1.0,False
Hindi,QUIET,l,-0.992,3,0.3582,1.0,False
Hindi,QUIET,ə,-0.988,6,0.3085,1.0,False
Hindi,FAST,i,-0.974,7,0.1891,1.0,False
Hindi,SLOW,ɾ,-0.963,7,0.3483,1.0,False
Hindi,SMALL,o,0.958,11,0.2189,1.0,False
Hindi,QUIET,s,0.954,8,0.3582,1.0,False
Hindi,SMALL,k,0.95,20,0.2289,1.0,False
Hindi,SMALL,t,0.949,11,0.194,1.0,False
Hindi,SHARP,p,0.902,8,0.1891,1.0,False
Hindi,SMALL,ɡ,-0.895,3,0.194,1.0,False
Hindi,SMALL,pʰ,0.878,4,0.2289,1.0,False
Hindi,ROUND,kʰ,0.867,3,0.2289,1.0,False
Hindi,BIG,r,0.851,3,0.4577,1.0,False
Hindi,BRIGHT,s,0.836,5,0.5075,1.0,False
Hindi,ROUND,c,-0.83,3,0.3085,1.0,False
Hindi,FAST,e,0.828,5,0.2836,1.0,False
Hindi,SHARP,ɡ,0.825,12,0.204,1.0,False
Hindi,BIG,l,0.821,6,0.5224,1.0,False
Hindi,ROUND,ẽ,0.82,4,0.2388,1.0,False
Hindi,SHARP,s,-0.817,4,0.2587,1.0,False
Hindi,ROUND,n,-0.814,12,0.2388,1.0,False
Hindi,FAST,o,0.798,8,0.3035,1.0,False
Hindi,SHARP,j,0.789,5,0.2736,1.0,False
Hindi,ROUND,ɳ,0.778,3,0.2786,1.0,False
Hindi,LOUD,n,-0.778,4,0.4577,1.0,False
Hindi,SHARP,cʰ,0.777,3,0.2886,1.0,False
Hindi,ROUND,m,-0.773,4,0.2388,1.0,False
Hindi,SMOOTH,ʃ,-0.769,3,0.1592,1.0,False
Hindi,LOUD,ə,0.764,10,0.5174,1.0,False
Hindi,FAST,ɡ,-0.762,3,0.3682,1.0,False
Hindi,SHARP,ʌ,-0.761,11,0.2836,1.0,False
Hindi,BIG,n,0.751,9,0.5124,1.0,False
Hindi,ROUND,s,-0.748,6,0.2736,1.0,False
Hindi,ROUND,a,-0.73,28,0.3085,1.0,False
Hindi,SMOOTH,n,0.724,47,0.1791,1.0,False
Hindi,FAST,ʌ,-0.722,10,0.403,1.0,False
Hindi,ROUND,ʌ,-0.717,15,0.2736,1.0,False
Hindi,DARK,e,0.717,4,0.3781,1.0,False
Hindi,FAST,n,0.707,19,0.4179,1.0,False
Hindi,BRIGHT,ɾ,0.704,6,0.6517,1.0,False
Hindi,SMALL,ɖ,0.7,3,0.3731,1.0,False
Hindi,BRIGHT,a,0.694,10,0.6418,1.0,False
Hindi,LOUD,ɪ,-0.688,3,0.5672,1.0,False
Hindi,QUIET,a,-0.687,10,0.4577,1.0,False
Hindi,SMALL,e,0.685,6,0.3134,1.0,False
Hindi,BRIGHT,ɪ,0.662,4,0.6318,1.0,False
Hindi,LOUD,h,0.652,3,0.6567,1.0,False
Hindi,SHARP,ʊ,-0.647,3,0.3881,1.0,False
Hindi,DARK,s,-0.632,4,0.4279,1.0,False
Hindi,BIG,ɪ,-0.631,3,0.6517,1.0,False
Hindi,QUIET,i,0.625,7,0.4925,1.0,False
Hindi,ROUND,r,-0.617,3,0.3682,1.0,False
Hindi,ROUND,u,0.616,6,0.3383,1.0,False
Hindi,SMOOTH,ɔ,0.611,3,0.2935,1.0,False
Hindi,SHARP,a,-0.61,22,0.4179,1.0,False
Hindi,SLOW,s,-0.601,3,0.5572,1.0,False
Hindi,DARK,ʃ,0.586,5,0.5522,1.0,False
Hindi,BIG,ʋ,0.58,3,0.6368,1.0,False
Hindi,FAST,k,-0.57,7,0.4378,1.0,False
Hindi,SHARP,e,0.555,5,0.4229,1.0,False
Hindi,FAST,ɟ,0.554,4,0.5224,1.0,False
Hindi,ROUND,ɡ,0.553,14,0.403,1.0,False
Hindi,DARK,c,0.547,4,0.5672,1.0,False
Hindi,SMOOTH,ə,0.543,48,0.3731,1.0,False
Hindi,SMALL,j,0.542,5,0.4726,1.0,False
Hindi,QUIET,k,0.533,7,0.597,1.0,False
Hindi,ROUND,ʋ,-0.532,3,0.4726,1.0,False
Hindi,SMALL,c,0.515,6,0.4527,1.0,False
Hindi,SMALL,n,-0.511,13,0.4428,1.0,False
Hindi,SMALL,b,0.506,8,0.4428,1.0,False
Hindi,SHARP,d,0.506,7,0.4975,1.0,False
Hindi,SLOW,l,0.502,7,0.6318,1.0,False
Hindi,SMALL,r,-0.501,3,0.4279,1.0,False
Hindi,DARK,a,0.494,23,0.5224,1.0,False
Hindi,ROUND,p,0.492,9,0.5025,1.0,False
Hindi,SMOOTH,o,-0.491,7,0.3682,1.0,False
Hindi,FAST,ʊ,0.487,6,0.5871,1.0,False
Hindi,SMALL,m,0.483,8,0.5323,1.0,False
Hindi,SMOOTH,i,-0.48,22,0.4328,1.0,False
Hindi,LOUD,ɾ,0.48,8,0.6915,1.0,False
Hindi,SMALL,ə,-0.475,18,0.4925,1.0,False
Hindi,SMOOTH,r,-0.472,6,0.4328,1.0,False
Hindi,ROUND,o,0.469,10,0.5473,1.0,False
Hindi,SMALL,ʈ,0.467,8,0.5174,1.0,False
Hindi,SHARP,ɾ,-0.459,15,0.5572,1.0,False
Hindi,SMALL,ɾ,-0.458,17,0.4975,1.0,False
Hindi,SHARP,ə,-0.456,16,0.5224,1.0,False
Hindi,SHARP,ʈ,0.456,7,0.5522,1.0,False
Hindi,ROUND,t,-0.444,6,0.5323,1.0,False
Hindi,BRIGHT,ʌ,-0.442,4,0.801,1.0,False
Hindi,FAST,ə,0.442,19,0.5572,1.0,False
Hindi,DARK,ə,-0.439,12,0.592,1.0,False
Hindi,SMOOTH,s,0.435,29,0.3881,1.0,False
Hindi,SMALL,s,0.431,15,0.5174,1.0,False
Hindi,ROUND,k,0.426,19,0.6169,1.0,False
Hindi,SMOOTH,k,0.411,31,0.4627,1.0,False
Hindi,SMALL,h,0.405,7,0.5522,1.0,False
Hindi,ROUND,ɪ,-0.4,11,0.602,1.0,False
Hindi,LOUD,i,0.399,6,0.7363,1.0,False
Hindi,FAST,m,0.385,6,0.5821,1.0,False
Hindi,SHARP,k,0.383,14,0.6567,1.0,False
Hindi,DARK,ɟ,0.382,3,0.6119,1.0,False
Hindi,SLOW,r,0.368,3,0.7413,1.0,False
Hindi,ROUND,ə,-0.367,22,0.597,1.0,False
Hindi,SMALL,i,-0.361,12,0.6318,1.0,False
Hindi,QUIET,d,0.346,3,0.7612,1.0,False
Hindi,QUIET,n,-0.344,6,0.7612,1.0,False
Hindi,FAST,c,-0.336,3,0.6716,1.0,False
Hindi,QUIET,ɪ,-0.335,4,0.6766,1.0,False
Hindi,DARK,k,-0.333,7,0.7463,1.0,False
Hindi,LOUD,ɡ,0.33,4,0.7363,1.0,False
Hindi,SHARP,n,-0.323,13,0.6766,1.0,False
Hindi,DARK,l,-0.322,7,0.7114,1.0,False
Hindi,SMALL,ʌ,0.306,20,0.6766,1.0,False
Hindi,SMALL,p,0.298,7,0.6866,1.0,False
Hindi,FAST,a,0.29,26,0.7313,1.0,False
Hindi,BRIGHT,k,-0.279,3,0.9005,1.0,False
Hindi,SMALL,a,0.278,33,0.7114,1.0,False
Hindi,DARK,i,0.276,10,0.7861,1.0,False
Hindi,FAST,ɾ,-0.268,14,0.7512,1.0,False
Hindi,SHARP,h,-0.264,4,0.6866,1.0,False
Hindi,FAST,p,-0.26,4,0.7562,1.0,False
Hindi,ROUND,pʰ,0.259,3,0.6517,1.0,False
Hindi,ROUND,bʰ,-0.246,3,0.7065,1.0,False
Hindi,BRIGHT,l,-0.244,3,0.8607,1.0,False
Hindi,SLOW,k,0.237,7,0.791,1.0,False
Hindi,FAST,ɪ,-0.236,8,0.7811,1.0,False
Hindi,FAST,h,0.233,5,0.8259,1.0,False
Hindi,SLOW,h,0.226,3,0.8159,1.0,False
Hindi,DARK,n,0.225,13,0.7413,1.0,False
Hindi,ROUND,b,0.221,8,0.7512,1.0,False
Hindi,SMOOTH,p,0.221,13,0.607,1.0,False
Hindi,SMALL,ʊ,-0.219,5,0.7662,1.0,False
Hindi,LOUD,t,0.219,3,0.9303,1.0,False
Hindi,QUIET,ʌ,0.219,8,0.8756,1.0,False
Hindi,SMOOTH,c,0.196,10,0.8159,1.0,False
Hindi,SLOW,ʈ,0.194,3,0.8507,1.0,False
Hindi,SMOOTH,ʋ,0.189,12,0.7463,1.0,False
Hindi,SMOOTH,u,-0.185,6,0.7711,1.0,False
Hindi,SMOOTH,j,-0.162,6,0.7662,1.0,False
Hindi,FAST,l,-0.16,9,0.9104,1.0,False
Hindi,SMOOTH,d,-0.155,10,0.7711,1.0,False
Hindi,DARK,t,0.146,5,0.8806,1.0,False
Hindi,SHARP,bʰ,0.139,3,0.8557,1.0,False
Hindi,SLOW,ʊ,0.139,3,0.9154,1.0,False
Hindi,DARK,ʋ,-0.137,3,0.8856,1.0,False
Hindi,BRIGHT,ə,0.128,6,0.9204,1.0,False
Hindi,SMOOTH,kʰ,0.107,3,0.8507,1.0,False
Hindi,SLOW,p,0.105,3,0.9453,1.0,False
Hindi,FAST,u,0.1,3,0.9055,1.0,False
Hindi,SMOOTH,b,0.078,12,0.9104,1.0,False
Hindi,BRIGHT,n,0.076,5,0.9453,1.0,False
Hindi,SMOOTH,ĩ,-0.06,4,0.8955,1.0,False
Hindi,DARK,ʌ,0.058,12,0.9303,1.0,False
Hindi,SHARP,b,-0.055,5,0.9303,1.0,False
Hindi,SMOOTH,a,-0.046,58,0.9204,1.0,False
Hindi,DARK,b,0.045,4,0.9652,1.0,False
Hindi,SHARP,t,-0.044,6,0.9204,1.0,False
Hindi,SHARP,i,-0.043,12,0.9552,1.0,False
Hindi,DARK,m,-0.042,4,0.9652,1.0,False
Hindi,SMALL,d,0.041,6,0.9652,1.0,False
Hindi,ROUND,ʊ,0.038,7,0.9701,1.0,False
Hindi,BIG,ɾ,0.032,7,0.9851,1.0,False
Hindi,ROUND,d,0.032,7,0.9801,1.0,False
Hindi,SMOOTH,ʊ,-0.032,11,0.9552,1.0,False
Hindi,FAST,ʋ,-0.032,4,0.9851,1.0,False
Hindi,FAST,ʃ,0.024,4,0.9652,1.0,False
Hindi,SMOOTH,ɛ,-0.021,4,0.9701,1.0,False
Hindi,SLOW,ə,-0.011,10,0.9851,1.0,False
Hindi,SLOW,ɡ,-0.01,4,0.995,1.0,False
Hindi,SMOOTH,bʰ,0.007,6,1.0,1.0,False
Hindi,SMOOTH,ɳ,0.006,3,0.9801,1.0,False
Hindi,SMOOTH,ɪ,0.004,22,0.995,1.0,False
Hungarian,SHARP,j,2.331,14,0.005,0.6567,False
Hungarian,SMALL,z,2.325,14,0.005,0.6567,False
Hungarian,ROUND,ø,2.142,19,0.005,0.6567,False
Hungarian,ROUGH,k,2.705,4,0.0249,0.7881,False
Hungarian,SLOW,a,2.563,13,0.0149,0.7881,False
Hungarian,BRIGHT,y,2.358,4,0.0348,0.7881,False
Hungarian,QUIET,l,2.356,19,0.01,0.7881,False
Hungarian,BRIGHT,s,2.324,7,0.0348,0.7881,False
Hungarian,SLOW,u,2.088,6,0.0398,0.7881,False
Hungarian,QUIET,h,2.077,8,0.0249,0.7881,False
Hungarian,QUIET,ɡ,1.902,12,0.0348,0.7881,False
Hungarian,ROUND,t͡s,1.798,4,0.0249,0.7881,False
Hungarian,SMALL,ɟ,1.72,5,0.0249,0.7881,False
Hungarian,ROUND,r,1.685,35,0.0199,0.7881,False
Hungarian,SHARP,t͡ʃ,1.623,11,0.0249,0.7881,False
Hungarian,ROUND,ɟ,1.5,6,0.0348,0.7881,False
Hungarian,SMOOTH,a,-1.198,10,0.0249,0.7881,False
Hungarian,SLOW,ʃ,1.769,11,0.0498,0.8209,False
Hungarian,DARK,f,1.72,9,0.0498,0.8209,False
Hungarian,BIG,m,2.15,7,0.0597,0.9093,False
Hungarian,BIG,t͡ʃ,2.019,3,0.0597,0.9093,False
Hungarian,ROUGH,o,2.302,5,0.1393,0.9182,False
Hungarian,ROUGH,m,2.135,3,0.2289,0.9182,False
Hungarian,BIG,ɑ,2.132,12,0.1045,0.9182,False
Hungarian,LOUD,ɑ,2.014,8,0.1741,0.9182,False
Hungarian,LOUD,n,1.91,5,0.199,0.9182,False
Hungarian,BIG,i,1.864,8,0.1343,0.9182,False
Hungarian,LOUD,ɡ,1.812,4,0.1841,0.9182,False
Hungarian,LOUD,o,1.782,7,0.2537,0.9182,False
Hungarian,BRIGHT,t,-1.738,3,0.1741,0.9182,False
Hungarian,BIG,ɲ,1.72,5,0.1642,0.9182,False
Hungarian,ROUGH,t,1.706,3,0.3682,0.9182,False
Hungarian,BRIGHT,ɲ,1.546,7,0.1741,0.9182,False
Hungarian,SLOW,j,1.546,5,0.1045,0.9182,False
Hungarian,BIG,d,1.536,3,0.2786,0.9182,False
Hungarian,QUIET,ʃ,-1.52,6,0.0896,0.9182,False
Hungarian,FAST,v,1.366,8,0.0697,0.9182,False
Hungarian,ROUND,y,1.315,9,0.0697,0.9182,False
Hungarian,FAST,t,-1.297,8,0.0846,0.9182,False
Hungarian,DARK,i,-1.271,4,0.1343,0.9182,False
Hungarian,QUIET,r,-1.269,3,0.1592,0.9182,False
Hungarian,SLOW,v,1.262,5,0.1841,0.9182,False
Hungarian,ROUGH,ɛ,1.26,4,0.5572,0.9182,False
Hungarian,SLOW,r,-1.254,3,0.2189,0.9182,False
Hungarian,FAST,z,1.227,8,0.1393,0.9182,False
Hungarian,BRIGHT,d,1.223,4,0.2736,0.9182,False
Hungarian,BRIGHT,f,1.202,4,0.2935,0.9182,False
Hungarian,ROUND,d,1.199,13,0.0796,0.9182,False
Hungarian,ROUND,ʃ,-1.185,16,0.0846,0.9182,False
Hungarian,DARK,a,1.169,13,0.1443,0.9182,False
Hungarian,SMALL,p,1.131,7,0.1045,0.9182,False
Hungarian,DARK,ɛ,1.13,25,0.1791,0.9182,False
Hungarian,SLOW,t,1.113,12,0.209,0.9182,False
Hungarian,BRIGHT,ʃ,-1.082,5,0.3682,0.9182,False
Hungarian,SMALL,ɛ,1.061,33,0.1692,0.9182,False
Hungarian,FAST,ø,1.06,8,0.2239,0.9182,False
Hungarian,BIG,t,-1.05,3,0.4478,0.9182,False
Hungarian,QUIET,t͡ʃ,1.044,4,0.2985,0.9182,False
Hungarian,BRIGHT,ɑ,-1.033,6,0.3333,0.9182,False
Hungarian,FAST,ɟ,1.032,3,0.194,0.9182,False
Hungarian,SHARP,r,1.031,25,0.1095,0.9182,False
Hungarian,BIG,b,1.027,3,0.4826,0.9182,False
Hungarian,DARK,u,1.02,6,0.1592,0.9182,False
Hungarian,LOUD,r,1.008,4,0.5025,0.9182,False
Hungarian,BIG,ʃ,1.004,5,0.5274,0.9182,False
Hungarian,SHARP,u,0.982,9,0.1194,0.9182,False
Hungarian,FAST,ʃ,0.951,15,0.2587,0.9182,False
Hungarian,SHARP,e,0.945,17,0.1443,0.9182,False
Hungarian,SMALL,e,0.941,15,0.204,0.9182,False
Hungarian,SMOOTH,ɟ,0.932,7,0.1294,0.9182,False
Hungarian,SLOW,o,-0.93,6,0.3134,0.9182,False
Hungarian,LOUD,t,0.93,4,0.592,0.9182,False
Hungarian,DARK,b,0.929,8,0.2388,0.9182,False
Hungarian,BRIGHT,i,0.921,9,0.4826,0.9182,False
Hungarian,SHARP,h,-0.91,3,0.1443,0.9182,False
Hungarian,SHARP,n,-0.897,10,0.194,0.9182,False
Hungarian,ROUND,o,-0.851,16,0.1891,0.9182,False
Hungarian,SMALL,ø,0.848,9,0.2537,0.9182,False
Hungarian,DARK,s,0.845,8,0.2736,0.9182,False
Hungarian,SHARP,ʃ,-0.842,15,0.1841,0.9182,False
Hungarian,LOUD,i,0.838,4,0.6219,0.9182,False
Hungarian,DARK,v,0.837,6,0.2836,0.9182,False
Hungarian,SLOW,l,0.822,12,0.4179,0.9182,False
Hungarian,BRIGHT,n,0.801,8,0.5174,0.9182,False
Hungarian,SMALL,m,-0.782,5,0.2935,0.9182,False
Hungarian,DARK,ɑ,-0.775,13,0.3781,0.9182,False
Hungarian,DARK,ʃ,-0.775,10,0.3582,0.9182,False
Hungarian,SMALL,o,-0.774,13,0.2886,0.9182,False
Hungarian,ROUND,e,-0.77,8,0.2338,0.9182,False
Hungarian,DARK,r,0.765,15,0.3632,0.9182,False
Hungarian,ROUND,ɑ,-0.764,23,0.2438,0.9182,False
Hungarian,ROUND,a,0.752,20,0.2637,0.9182,False
Hungarian,SMOOTH,n,0.74,39,0.1692,0.9182,False
Hungarian,FAST,ɡ,-0.738,5,0.3781,0.9182,False
Hungarian,BRIGHT,l,-0.736,4,0.5224,0.9182,False
Hungarian,QUIET,ɛ,0.73,16,0.4179,0.9182,False
Hungarian,DARK,o,-0.728,10,0.3831,0.9182,False
Hungarian,SHARP,l,0.722,25,0.2985,0.9182,False
Hungarian,SLOW,i,0.721,11,0.4428,0.9182,False
Hungarian,SHARP,i,-0.718,11,0.2985,0.9182,False
Hungarian,BIG,ɡ,0.687,4,0.6567,0.9182,False
Hungarian,SHARP,f,0.682,9,0.2985,0.9182,False
Hungarian,SHARP,t,-0.677,15,0.2637,0.9182,False
Hungarian,FAST,e,0.676,11,0.4328,0.9182,False
Hungarian,SLOW,k,-0.667,5,0.5224,0.9182,False
Hungarian,FAST,s,0.659,8,0.4726,0.9182,False
Hungarian,BRIGHT,r,-0.652,4,0.5721,0.9182,False
Hungarian,DARK,ɡ,-0.652,5,0.4378,0.9182,False
Hungarian,SHARP,ɛ,-0.614,20,0.3184,0.9182,False
Hungarian,ROUND,z,-0.609,4,0.3085,0.9182,False
Hungarian,DARK,n,-0.605,8,0.4478,0.9182,False
Hungarian,SMOOTH,ɲ,-0.605,6,0.2587,0.9182,False
Hungarian,SMOOTH,t,0.604,40,0.2289,0.9182,False
Hungarian,FAST,o,-0.587,12,0.4876,0.9182,False
Hungarian,SLOW,t͡ʃ,0.584,3,0.5423,0.9182,False
Hungarian,QUIET,d,0.562,4,0.5473,0.9182,False
Hungarian,DARK,m,-0.544,5,0.4876,0.9182,False
Hungarian,SMOOTH,p,-0.538,4,0.3333,0.9182,False
Hungarian,SHARP,k,0.534,21,0.3781,0.9182,False
Hungarian,BIG,n,-0.533,3,0.7214,0.9182,False
Hungarian,SMALL,v,0.527,7,0.4776,0.9182,False
Hungarian,SMALL,r,-0.518,11,0.5373,0.9182,False
Hungarian,FAST,b,-0.518,3,0.5672,0.9182,False
Hungarian,ROUND,k,0.508,24,0.4378,0.9182,False
Hungarian,ROUND,ɡ,-0.502,10,0.4229,0.9182,False
Hungarian,FAST,ɲ,-0.502,3,0.5771,0.9182,False
Hungarian,SLOW,n,-0.5,6,0.6269,0.9182,False
Hungarian,SHARP,y,0.498,5,0.4577,0.9182,False
Hungarian,BIG,ɛ,-0.497,5,0.6965,0.9182,False
Hungarian,ROUND,v,0.494,9,0.4726,0.9182,False
Hungarian,SMALL,n,0.488,18,0.5174,0.9182,False
Hungarian,DARK,l,-0.485,9,0.5622,0.9182,False
Hungarian,SMOOTH,s,0.478,18,0.403,0.9182,False
Hungarian,SHARP,v,-0.473,4,0.4776,0.9182,False
Hungarian,SMOOTH,ʃ,0.469,34,0.398,0.9182,False
Hungarian,BRIGHT,e,0.467,5,0.6816,0.9182,False
Hungarian,SLOW,ɛ,-0.458,10,0.6169,0.9182,False
Hungarian,SMOOTH,b,-0.453,8,0.398,0.9182,False
Hungarian,SMALL,a,-0.445,9,0.5522,0.9182,False
Hungarian,FAST,p,0.445,4,0.6567,0.9182,False
Hungarian,BRIGHT,o,0.444,10,0.7065,0.9182,False
Hungarian,QUIET,m,-0.438,4,0.6716,0.9182,False
Hungarian,SMALL,i,-0.427,12,0.592,0.9182,False
Hungarian,SMOOTH,i,0.421,37,0.4975,0.9182,False
Hungarian,SMALL,ʃ,0.42,17,0.6219,0.9182,False
Hungarian,SLOW,m,-0.418,4,0.6567,0.9182,False
Hungarian,ROUND,m,-0.417,10,0.5473,0.9182,False
Hungarian,SMOOTH,ɑ,0.416,57,0.5124,0.9182,False
Hungarian,SMOOTH,o,-0.407,33,0.5075,0.9182,False
Hungarian,SMALL,ɑ,-0.403,21,0.602,0.9182,False
Hungarian,DARK,h,0.403,6,0.6219,0.9182,False
Hungarian,SMALL,t,0.388,19,0.6119,0.9182,False
Hungarian,DARK,j,0.387,4,0.607,0.9182,False
Hungarian,SMOOTH,e,0.383,24,0.5572,0.9182,False
Hungarian,FAST,f,-0.376,3,0.6866,0.9182,False
Hungarian,QUIET,a,-0.376,5,0.6667,0.9182,False
Hungarian,SHARP,b,-0.374,5,0.5224,0.9182,False
Hungarian,DARK,z,0.374,5,0.6318,0.9182,False
Hungarian,DARK,y,0.371,3,0.6915,0.9182,False
Hungarian,FAST,r,0.368,14,0.6766,0.9182,False
Hungarian,SMALL,u,0.366,6,0.6169,0.9182,False
Hungarian,QUIET,t,-0.356,8,0.6517,0.9182,False
Hungarian,FAST,u,-0.354,3,0.6866,0.9182,False
Hungarian,BRIGHT,ɛ,-0.352,8,0.7512,0.9182,False
Hungarian,FAST,h,-0.352,4,0.7114,0.9182,False
Hungarian,SHARP,s,-0.344,6,0.597,0.9182,False
Hungarian,DARK,ɲ,0.341,7,0.6716,0.9182,False
Hungarian,SMALL,k,-0.34,12,0.602,0.9182,False
Hungarian,SMOOTH,m,0.338,26,0.5622,0.9182,False
Hungarian,SMOOTH,h,-0.331,10,0.4577,0.9182,False
Hungarian,SMOOTH,v,-0.328,8,0.5622,0.9182,False
Hungarian,SMOOTH,z,0.328,13,0.5871,0.9182,False
Hungarian,ROUND,p,0.323,6,0.5871,0.9182,False
Hungarian,SMOOTH,d,0.319,13,0.5721,0.9182,False
Hungarian,DARK,ø,0.316,5,0.6667,0.9182,False
Hungarian,QUIET,n,0.316,9,0.7313,0.9182,False
Hungarian,SMALL,ɲ,-0.312,5,0.6866,0.9182,False
Hungarian,ROUND,n,0.311,22,0.5871,0.9182,False
Hungarian,SHARP,ɡ,-0.31,10,0.5622,0.9182,False
Hungarian,SHARP,a,-0.309,11,0.6617,0.9182,False
Hungarian,SMOOTH,l,-0.303,27,0.592,0.9182,False
Hungarian,FAST,l,0.297,15,0.7065,0.9182,False
Hungarian,BRIGHT,ɡ,0.291,5,0.7413,0.9182,False
Hungarian,SHARP,ɑ,-0.288,25,0.6318,0.9182,False
Hungarian,QUIET,i,-0.285,7,0.7413,0.9182,False
Hungarian,SMALL,ɡ,-0.283,9,0.7114,0.9182,False
Hungarian,SMOOTH,ɡ,-0.271,18,0.6567,0.9182,False
Hungarian,ROUND,t,0.268,24,0.6468,0.9182,False
Hungarian,FAST,ɑ,-0.267,18,0.7313,0.9182,False
Hungarian,SHARP,p,0.266,5,0.7264,0.9182,False
Hungarian,SHARP,m,-0.253,10,0.6965,0.9182,False
Hungarian,SMOOTH,t͡ʃ,-0.251,5,0.6318,0.9182,False
Hungarian,SHARP,d,-0.237,5,0.6766,0.9182,False
Hungarian,SMALL,l,0.228,18,0.7164,0.9182,False
Hungarian,FAST,d,0.224,5,0.7512,0.9182,False
Hungarian,SMOOTH,ɛ,0.21,50,0.6866,0.9182,False
Hungarian,ROUND,i,-0.202,18,0.7512,0.9182,False
Hungarian,SHARP,ø,0.189,7,0.7463,0.9182,False
Hungarian,FAST,a,-0.273,8,0.7562,0.9214,False
Hungarian,FAST,m,-0.275,7,0.7761,0.9342,False
Hungarian,SMOOTH,k,-0.125,27,0.7811,0.9373,False
Hungarian,FAST,y,0.265,3,0.796,0.9523,False
Hungarian,QUIET,e,0.217,6,0.8109,0.9531,False
Hungarian,QUIET,o,-0.196,10,0.8159,0.9531,False
Hungarian,SLOW,ɡ,-0.194,5,0.8109,0.9531,False
Hungarian,SMOOTH,f,-0.171,9,0.801,0.9531,False
Hungarian,ROUND,s,-0.166,8,0.806,0.9531,False
Hungarian,SMOOTH,j,-0.128,7,0.8159,0.9531,False
Hungarian,SLOW,h,0.298,4,0.8408,0.954,False
Hungarian,FAST,n,0.201,13,0.8209,0.954,False
Hungarian,ROUND,l,-0.192,19,0.8308,0.954,False
Hungarian,SMALL,b,0.156,7,0.8408,0.954,False
Hungarian,SMALL,h,0.143,7,0.8358,0.954,False
Hungarian,SHARP,o,0.142,25,0.8408,0.954,False
Hungarian,ROUND,h,0.115,9,0.8408,0.954,False
Hungarian,ROUND,b,0.132,9,0.8458,0.9569,False
Hungarian,SLOW,ɑ,-0.201,12,0.8507,0.9598,False
Hungarian,BRIGHT,b,0.264,3,0.8706,0.9658,False
Hungarian,LOUD,ʃ,0.233,3,0.8607,0.9658,False
Hungarian,SLOW,f,0.127,3,0.8657,0.9658,False
Hungarian,FAST,k,-0.123,11,0.8657,0.9658,False
Hungarian,DARK,e,0.125,8,0.8756,0.9686,False
Hungarian,BRIGHT,a,-0.249,4,0.8806,0.9714,False
Hungarian,SLOW,ø,0.082,3,0.8856,0.9741,False
Hungarian,BIG,o,-0.196,5,0.9005,0.9745,False
Hungarian,SLOW,s,0.165,4,0.8905,0.9745,False
Hungarian,BIG,l,-0.137,4,0.9154,0.9745,False
Hungarian,DARK,t,0.108,13,0.8955,0.9745,False
Hungarian,SMOOTH,u,-0.095,9,0.9005,0.9745,False
Hungarian,FAST,i,0.095,13,0.9154,0.9745,False
Hungarian,ROUND,u,-0.079,6,0.9055,0.9745,False
Hungarian,ROUND,j,-0.046,5,0.9154,0.9745,False
Hungarian,SLOW,z,0.107,3,0.9303,0.9774,False
Hungarian,SLOW,d,0.104,3,0.9453,0.9774,False
Hungarian,FAST,j,-0.076,3,0.9353,0.9774,False
Hungarian,QUIET,k,0.058,8,0.9353,0.9774,False
Hungarian,QUIET,ɑ,-0.049,13,0.9453,0.9774,False
Hungarian,SMOOTH,ø,0.04,11,0.9403,0.9774,False
Hungarian,ROUND,ɛ,0.046,31,0.9502,0.9799,False
Hungarian,BRIGHT,k,0.067,6,0.9701,0.98,False
Hungarian,SMOOTH,y,0.036,6,0.9602,0.98,False
Hungarian,DARK,k,0.033,11,0.9652,0.98,False
Hungarian,FAST,ɛ,0.027,19,0.9701,0.98,False
Hungarian,SMALL,s,0.025,7,0.9652,0.98,False
Hungarian,SHARP,ɲ,-0.006,8,0.9751,0.9826,False
Hungarian,SMOOTH,r,-0.012,29,0.99,0.9951,False
Hungarian,BIG,a,-0.019,3,1.0,1.0,False
Indonesian,SHARP,ɡ,2.711,14,0.005,0.4478,False
Indonesian,DARK,w,2.71,5,0.005,0.4478,False
Indonesian,DARK,j,2.198,3,0.0149,0.4776,False
Indonesian,SLOW,ŋ,2.096,18,0.0199,0.4776,False
Indonesian,SMALL,p,2.08,20,0.0149,0.4776,False
Indonesian,SMOOTH,a͡ɪ,1.981,9,0.01,0.4776,False
Indonesian,SMALL,d,1.783,16,0.0199,0.4776,False
Indonesian,SHARP,t,1.614,29,0.0199,0.4776,False
Indonesian,SMOOTH,b,1.543,35,0.01,0.4776,False
Indonesian,SMOOTH,u,-1.394,17,0.0199,0.4776,False
Indonesian,BIG,u,2.464,11,0.0249,0.5268,False
Indonesian,SLOW,ə,1.966,35,0.0249,0.5268,False
Indonesian,LOUD,t͡ʃ,2.54,3,0.0348,0.623,False
Indonesian,SLOW,m,1.884,31,0.0398,0.623,False
Indonesian,ROUND,o,1.707,15,0.0398,0.623,False
Indonesian,ROUND,ŋ,1.435,21,0.0398,0.623,False
Indonesian,LOUD,o,2.362,4,0.0647,0.8316,False
Indonesian,BRIGHT,r,1.948,17,0.0647,0.8316,False
Indonesian,SMOOTH,ɛ,-1.005,10,0.0597,0.8316,False
Indonesian,SMOOTH,ŋ,-0.964,6,0.0647,0.8316,False
Indonesian,BIG,d,1.897,5,0.0697,0.8358,False
Indonesian,DARK,p,-1.292,5,0.0697,0.8358,False
Indonesian,QUIET,i,1.68,19,0.0746,0.8396,False
Indonesian,SMOOTH,l,-1.074,13,0.0746,0.8396,False
Indonesian,SMOOTH,a,1.056,119,0.0796,0.8428,False
Indonesian,BRIGHT,a,-1.74,13,0.0995,0.8582,False
Indonesian,QUIET,b,1.294,11,0.1144,0.8582,False
Indonesian,SHARP,t͡ʃ,1.24,8,0.0995,0.8582,False
Indonesian,ROUND,l,1.15,28,0.1095,0.8582,False
Indonesian,SHARP,k,1.138,26,0.0945,0.8582,False
Indonesian,ROUND,n,1.093,28,0.1095,0.8582,False
Indonesian,SHARP,s,-1.058,5,0.1045,0.8582,False
Indonesian,SMOOTH,r,-0.955,20,0.1144,0.8582,False
Indonesian,DARK,r,1.186,31,0.1194,0.8772,False
Indonesian,ROUGH,s,2.606,3,0.1393,0.8861,False
Indonesian,BRIGHT,ɲ,1.677,3,0.1393,0.8861,False
Indonesian,LOUD,i,1.665,8,0.2139,0.8861,False
Indonesian,BIG,t,1.539,7,0.199,0.8861,False
Indonesian,FAST,ə,1.249,28,0.1443,0.8861,False
Indonesian,QUIET,u,1.128,18,0.2139,0.8861,False
Indonesian,SLOW,a,-1.122,31,0.194,0.8861,False
Indonesian,DARK,a,1.12,70,0.1244,0.8861,False
Indonesian,QUIET,t,1.104,14,0.1891,0.8861,False
Indonesian,QUIET,ɛ,-1.096,3,0.1692,0.8861,False
Indonesian,QUIET,n,-1.095,7,0.1741,0.8861,False
Indonesian,SLOW,i,-1.076,10,0.1891,0.8861,False
Indonesian,DARK,ə,-1.07,6,0.1642,0.8861,False
Indonesian,FAST,m,1.068,24,0.1692,0.8861,False
Indonesian,SMALL,m,-1.031,6,0.2289,0.8861,False
Indonesian,ROUND,a͡ɪ,1.007,4,0.2139,0.8861,False
Indonesian,ROUND,p,0.977,20,0.1493,0.8861,False
Indonesian,SHARP,m,-0.974,8,0.1393,0.8861,False
Indonesian,DARK,i,-0.968,13,0.1791,0.8861,False
Indonesian,QUIET,h,0.927,8,0.2338,0.8861,False
Indonesian,DARK,k,-0.917,8,0.1791,0.8861,False
Indonesian,SMOOTH,k,0.917,39,0.1692,0.8861,False
Indonesian,SMOOTH,ɲ,0.909,8,0.1741,0.8861,False
Indonesian,SHARP,ɛ,-0.899,7,0.1542,0.8861,False
Indonesian,SHARP,a,0.886,71,0.1642,0.8861,False
Indonesian,DARK,s,-0.852,7,0.2139,0.8861,False
Indonesian,SMOOTH,t,-0.695,22,0.2189,0.8861,False
Indonesian,LOUD,k,1.644,7,0.2836,0.9102,False
Indonesian,BIG,a,1.302,19,0.2736,0.9102,False
Indonesian,BRIGHT,p,1.111,8,0.2836,0.9102,False
Indonesian,SLOW,h,-0.99,3,0.2935,0.9102,False
Indonesian,SLOW,ɛ,-0.964,5,0.3035,0.9102,False
Indonesian,QUIET,p,-0.943,4,0.2985,0.9102,False
Indonesian,FAST,a,-0.878,34,0.2637,0.9102,False
Indonesian,SHARP,h,-0.793,5,0.2736,0.9102,False
Indonesian,SMALL,u,-0.784,13,0.3035,0.9102,False
Indonesian,SMALL,ɛ,0.745,16,0.2836,0.9102,False
Indonesian,DARK,d,-0.717,3,0.2935,0.9102,False
Indonesian,SMALL,i,0.694,22,0.3085,0.9102,False
Indonesian,SHARP,b,-0.677,8,0.2786,0.9102,False
Indonesian,ROUND,d,-0.648,4,0.2587,0.9102,False
Indonesian,SMOOTH,h,0.633,21,0.2687,0.9102,False
Indonesian,SMOOTH,i,0.568,42,0.2886,0.9102,False
Indonesian,SLOW,p,-0.857,6,0.3134,0.9174,False
Indonesian,DARK,b,0.621,15,0.3234,0.924,False
Indonesian,LOUD,a,-1.211,9,0.3831,0.9403,False
Indonesian,BRIGHT,k,-1.082,3,0.3582,0.9403,False
Indonesian,BRIGHT,ə,1.015,14,0.3383,0.9403,False
Indonesian,BIG,l,1.009,6,0.398,0.9403,False
Indonesian,BRIGHT,ɛ,0.975,9,0.4179,0.9403,False
Indonesian,QUIET,d,0.746,7,0.4179,0.9403,False
Indonesian,SLOW,n,0.727,18,0.3881,0.9403,False
Indonesian,SMALL,h,0.722,11,0.3483,0.9403,False
Indonesian,FAST,k,-0.701,8,0.403,0.9403,False
Indonesian,ROUND,b,-0.644,9,0.3532,0.9403,False
Indonesian,DARK,h,0.597,12,0.393,0.9403,False
Indonesian,SMALL,b,-0.583,7,0.4129,0.9403,False
Indonesian,SHARP,p,0.583,16,0.3632,0.9403,False
Indonesian,SHARP,r,-0.578,16,0.3831,0.9403,False
Indonesian,ROUND,ə,-0.575,14,0.3632,0.9403,False
Indonesian,SHARP,ə,-0.557,13,0.3632,0.9403,False
Indonesian,ROUND,t,-0.547,16,0.393,0.9403,False
Indonesian,SMOOTH,n,0.531,36,0.393,0.9403,False
Indonesian,LOUD,u,-1.116,3,0.4577,0.975,False
Indonesian,SLOW,t,-0.59,11,0.4527,0.975,False
Indonesian,SMALL,a,0.491,53,0.4577,0.975,False
Indonesian,QUIET,k,0.661,12,0.4627,0.9798,False
Indonesian,LOUD,n,1.168,6,0.4776,0.9806,False
Indonesian,BRIGHT,h,0.859,6,0.4726,0.9806,False
Indonesian,BRIGHT,ɡ,0.856,3,0.4726,0.9806,False
Indonesian,QUIET,ŋ,-0.688,3,0.4826,0.9806,False
Indonesian,ROUND,ɛ,-0.504,11,0.4876,0.9806,False
Indonesian,SMOOTH,o,-0.42,3,0.4826,0.9806,False
Indonesian,SMOOTH,ə,0.354,40,0.4876,0.9806,False
Indonesian,LOUD,s,1.056,7,0.4975,0.9841,False
Indonesian,DARK,l,0.477,19,0.4975,0.9841,False
Indonesian,BIG,b,0.671,4,0.5473,1.0,False
Indonesian,BRIGHT,m,0.629,11,0.597,1.0,False
Indonesian,QUIET,r,0.607,15,0.5522,1.0,False
Indonesian,QUIET,s,-0.559,6,0.6418,1.0,False
Indonesian,SLOW,k,0.527,16,0.5622,1.0,False
Indonesian,BRIGHT,s,0.509,10,0.6269,1.0,False
Indonesian,FAST,t͡ʃ,0.505,4,0.5622,1.0,False
Indonesian,ROUGH,a,0.503,4,0.8607,1.0,False
Indonesian,BIG,h,0.495,3,0.6219,1.0,False
Indonesian,BIG,k,-0.483,3,0.7413,1.0,False
Indonesian,QUIET,l,-0.469,7,0.5771,1.0,False
Indonesian,LOUD,ə,0.45,6,0.7363,1.0,False
Indonesian,DARK,ŋ,0.446,12,0.5373,1.0,False
Indonesian,LOUD,l,-0.446,3,0.7512,1.0,False
Indonesian,SHARP,l,-0.444,13,0.5721,1.0,False
Indonesian,FAST,i,-0.425,14,0.6368,1.0,False
Indonesian,DARK,u,0.421,25,0.602,1.0,False
Indonesian,DARK,ɛ,0.411,16,0.5522,1.0,False
Indonesian,FAST,p,-0.407,8,0.597,1.0,False
Indonesian,ROUND,m,-0.391,16,0.5771,1.0,False
Indonesian,SMALL,t,0.39,17,0.6318,1.0,False
Indonesian,SMALL,l,-0.382,11,0.6169,1.0,False
Indonesian,SMOOTH,p,-0.381,17,0.5522,1.0,False
Indonesian,BRIGHT,n,0.378,9,0.7015,1.0,False
Indonesian,DARK,n,-0.366,16,0.592,1.0,False
Indonesian,BIG,ŋ,0.358,3,0.806,1.0,False
Indonesian,ROUND,a,-0.358,57,0.5473,1.0,False
Indonesian,SLOW,b,0.348,11,0.6866,1.0,False
Indonesian,BRIGHT,b,0.34,6,0.7861,1.0,False
Indonesian,FAST,b,0.34,11,0.6617,1.0,False
Indonesian,SLOW,ɡ,0.337,4,0.7313,1.0,False
Indonesian,SMALL,ə,-0.329,13,0.6716,1.0,False
Indonesian,SHARP,o,0.325,6,0.6716,1.0,False
Indonesian,SHARP,n,0.314,21,0.5871,1.0,False
Indonesian,FAST,r,0.314,19,0.7562,1.0,False
Indonesian,BIG,ɛ,0.312,4,0.7164,1.0,False
Indonesian,SMOOTH,d͡ʒ,-0.31,6,0.6368,1.0,False
Indonesian,FAST,h,-0.298,6,0.7164,1.0,False
Indonesian,FAST,ɛ,-0.291,9,0.7015,1.0,False
Indonesian,SLOW,d͡ʒ,-0.286,3,0.7363,1.0,False
Indonesian,SLOW,l,-0.278,11,0.7612,1.0,False
Indonesian,SMOOTH,ɡ,0.268,8,0.6219,1.0,False
Indonesian,FAST,n,0.267,16,0.7562,1.0,False
Indonesian,DARK,t͡ʃ,0.265,4,0.7164,1.0,False
Indonesian,BRIGHT,t,-0.242,7,0.8159,1.0,False
Indonesian,SMOOTH,m,0.233,35,0.7214,1.0,False
Indonesian,FAST,d,-0.217,5,0.796,1.0,False
Indonesian,SLOW,r,-0.215,15,0.8358,1.0,False
Indonesian,SMOOTH,d,0.209,15,0.7413,1.0,False
Indonesian,FAST,l,0.209,14,0.8507,1.0,False
Indonesian,DARK,ɡ,-0.205,3,0.806,1.0,False
Indonesian,SMOOTH,t͡ʃ,-0.201,4,0.7512,1.0,False
Indonesian,ROUND,u,0.194,27,0.7662,1.0,False
Indonesian,FAST,u,0.193,19,0.8358,1.0,False
Indonesian,SLOW,d,0.183,7,0.8209,1.0,False
Indonesian,SLOW,o,0.182,4,0.8358,1.0,False
Indonesian,DARK,t,-0.179,16,0.8109,1.0,False
Indonesian,FAST,o,0.178,4,0.8458,1.0,False
Indonesian,FAST,s,-0.177,12,0.8657,1.0,False
Indonesian,BRIGHT,u,-0.172,9,0.8856,1.0,False
Indonesian,SHARP,ŋ,0.169,11,0.8259,1.0,False
Indonesian,ROUND,i,0.166,25,0.7761,1.0,False
Indonesian,ROUND,ɡ,0.163,5,0.8657,1.0,False
Indonesian,LOUD,m,-0.15,4,0.9353,1.0,False
Indonesian,SMALL,s,-0.144,13,0.8308,1.0,False
Indonesian,SMOOTH,s,-0.132,26,0.791,1.0,False
Indonesian,BIG,r,-0.127,5,0.9005,1.0,False
Indonesian,ROUND,r,0.126,25,0.8308,1.0,False
Indonesian,ROUND,s,0.124,21,0.8557,1.0,False
Indonesian,ROUND,k,0.118,19,0.8458,1.0,False
Indonesian,LOUD,ɛ,-0.118,3,0.9254,1.0,False
Indonesian,BIG,s,-0.115,4,0.9204,1.0,False
Indonesian,SHARP,u,-0.101,22,0.8607,1.0,False
Indonesian,SMALL,k,0.098,14,0.8905,1.0,False
Indonesian,QUIET,d͡ʒ,-0.092,3,0.9701,1.0,False
Indonesian,SLOW,u,-0.089,17,0.9303,1.0,False
Indonesian,SMALL,r,-0.077,17,0.9204,1.0,False
Indonesian,SMALL,n,0.075,16,0.9353,1.0,False
Indonesian,FAST,ŋ,0.07,8,0.9353,1.0,False
Indonesian,SHARP,i,0.064,22,0.9254,1.0,False
Indonesian,QUIET,a,-0.05,31,0.9652,1.0,False
Indonesian,SHARP,d͡ʒ,-0.03,6,0.9552,1.0,False
Indonesian,DARK,d͡ʒ,0.018,6,0.995,1.0,False
Indonesian,SMALL,ŋ,-0.017,8,1.0,1.0,False
Indonesian,ROUND,d͡ʒ,0.017,7,0.9801,1.0,False
Indonesian,SHARP,d,0.015,8,0.9701,1.0,False
Indonesian,BRIGHT,i,-0.015,9,0.995,1.0,False
Indonesian,DARK,m,0.015,18,0.995,1.0,False
Indonesian,FAST,t,-0.015,14,0.9801,1.0,False
Indonesian,LOUD,r,0.007,5,0.995,1.0,False
Indonesian,QUIET,ə,-0.004,11,0.995,1.0,False
Irish,DARK,ɡʲ,2.967,5,0.005,0.4205,False
Irish,SLOW,a͡ɪ,2.888,3,0.01,0.4205,False
Irish,SLOW,c,2.841,6,0.01,0.4205,False
Irish,BIG,u,2.779,3,0.01,0.4205,False
Irish,BRIGHT,s,2.716,7,0.01,0.4205,False
Irish,DARK,v,2.622,12,0.005,0.4205,False
Irish,BRIGHT,t̪,2.552,5,0.0149,0.4205,False
Irish,SMALL,j,2.523,6,0.01,0.4205,False
Irish,ROUND,cʲ,2.523,3,0.0149,0.4205,False
Irish,DARK,i͡ə,2.411,5,0.01,0.4205,False
Irish,SLOW,ɡ,2.307,17,0.005,0.4205,False
Irish,SMOOTH,ɛ,2.281,12,0.005,0.4205,False
Irish,SHARP,e,2.149,18,0.005,0.4205,False
Irish,SLOW,ɪ,2.133,16,0.0149,0.4205,False
Irish,QUIET,kʲ,2.097,6,0.0149,0.4205,False
Irish,SLOW,ʃ,2.076,8,0.0149,0.4205,False
Irish,SHARP,k,1.805,16,0.005,0.4205,False
Irish,ROUND,k,1.686,19,0.01,0.4205,False
Irish,SHARP,ə,1.463,29,0.0149,0.4205,False
Irish,SMOOTH,ʃ,1.343,17,0.01,0.4205,False
Irish,BIG,r,2.513,8,0.0199,0.5158,False
Irish,ROUND,j,1.614,5,0.0299,0.667,False
Irish,SMOOTH,ɪ,1.055,31,0.0299,0.667,False
Irish,FAST,nʲ,2.054,3,0.0448,0.6908,False
Irish,SMALL,dʲ,1.766,7,0.0348,0.6908,False
Irish,DARK,t͡ʃ,1.74,4,0.0348,0.6908,False
Irish,FAST,ɪ,1.524,18,0.0348,0.6908,False
Irish,SMALL,h,1.469,6,0.0448,0.6908,False
Irish,ROUND,n,1.261,33,0.0448,0.6908,False
Irish,SMALL,ɔ,-1.194,3,0.0398,0.6908,False
Irish,SMOOTH,l,-1.061,10,0.0398,0.6908,False
Irish,QUIET,a͡ʊ,1.752,3,0.0498,0.7327,False
Irish,SMALL,ɛ,1.44,6,0.0498,0.7327,False
Irish,SMOOTH,dʲ,1.439,9,0.0547,0.7545,False
Irish,ROUND,i,1.16,19,0.0547,0.7545,False
Irish,BIG,ɹ,1.926,4,0.0597,0.7586,False
Irish,QUIET,f,1.782,6,0.0597,0.7586,False
Irish,BRIGHT,f,2.073,3,0.0746,0.8456,False
Irish,BIG,o,1.927,4,0.0697,0.8456,False
Irish,SLOW,ʊ,1.833,3,0.0796,0.8456,False
Irish,SLOW,a͡ʊ,1.651,3,0.0746,0.8456,False
Irish,FAST,dʲ,1.22,4,0.0796,0.8456,False
Irish,SMOOTH,h,1.202,8,0.0746,0.8456,False
Irish,DARK,ə,1.121,23,0.0746,0.8456,False
Irish,SMALL,t͡ʃ,1.349,4,0.0846,0.8563,False
Irish,SHARP,kʲ,1.204,8,0.0846,0.8563,False
Irish,FAST,d̪,1.259,8,0.0896,0.8627,False
Irish,SLOW,m,1.253,8,0.0896,0.8627,False
Irish,SMOOTH,e,0.908,17,0.0945,0.8627,False
Irish,FAST,i͡ə,1.451,3,0.1095,0.8649,False
Irish,SMALL,nʲ,1.244,3,0.1095,0.8649,False
Irish,DARK,d̪,1.143,9,0.0995,0.8649,False
Irish,ROUND,lʲ,1.141,14,0.1045,0.8649,False
Irish,SHARP,d͡ʒ,1.119,5,0.1095,0.8649,False
Irish,ROUND,m,-0.986,4,0.0995,0.8649,False
Irish,SMALL,n,0.781,24,0.1045,0.8649,False
Irish,QUIET,i,1.393,9,0.1144,0.8694,False
Irish,SHARP,p,1.191,7,0.1144,0.8694,False
Irish,SMALL,d̪,1.009,10,0.1194,0.8694,False
Irish,SMALL,e,0.986,12,0.1194,0.8694,False
Irish,SMALL,l,-0.869,8,0.1194,0.8694,False
Irish,SMALL,ʊ,1.063,4,0.1343,0.9163,False
Irish,ROUND,t͡ʃ,1.009,4,0.1294,0.9163,False
Irish,SMOOTH,lʲ,-0.855,3,0.1294,0.9163,False
Irish,SMOOTH,m,0.736,18,0.1343,0.9163,False
Irish,LOUD,n,1.956,4,0.1393,0.9306,False
Irish,BIG,b,1.746,3,0.1443,0.9444,False
Irish,SMALL,a͡ʊ,0.894,4,0.1443,0.9444,False
Irish,LOUD,l,1.902,3,0.1592,0.9465,False
Irish,BIG,ɑ,1.464,6,0.1493,0.9465,False
Irish,QUIET,ɔ,1.169,7,0.1493,0.9465,False
Irish,SLOW,ə,-0.962,4,0.1542,0.9465,False
Irish,ROUND,d̪,0.851,11,0.1542,0.9465,False
Irish,SMALL,ə,0.803,24,0.1592,0.9465,False
Irish,SMOOTH,ɔ,0.728,17,0.1542,0.9465,False
Irish,SMALL,ɑ,0.703,24,0.1592,0.9465,False
Irish,LOUD,ɑ,1.861,4,0.1642,0.9585,False
Irish,BRIGHT,l,1.228,5,0.209,0.992,False
Irish,SLOW,lʲ,0.992,6,0.209,0.992,False
Irish,ROUND,nʲ,0.923,3,0.204,0.992,False
Irish,SHARP,u͡ə,0.91,4,0.2388,0.992,False
Irish,QUIET,ɡ,0.83,10,0.2388,0.992,False
Irish,SHARP,m,0.788,12,0.2338,0.992,False
Irish,SMALL,u,0.782,7,0.2239,0.992,False
Irish,SHARP,ɪ,-0.782,6,0.209,0.992,False
Irish,DARK,o,-0.78,3,0.199,0.992,False
Irish,FAST,k,-0.767,4,0.2338,0.992,False
Irish,QUIET,ɑ,-0.751,6,0.2338,0.992,False
Irish,SMOOTH,v,0.72,10,0.204,0.992,False
Irish,FAST,i,0.717,10,0.2338,0.992,False
Irish,SHARP,ɔ,0.706,11,0.2338,0.992,False
Irish,ROUND,s,0.692,16,0.2338,0.992,False
Irish,SMOOTH,f,-0.681,3,0.2239,0.992,False
Irish,ROUND,r,-0.662,13,0.1841,0.992,False
Irish,SMOOTH,ɡʲ,0.641,3,0.2139,0.992,False
Irish,SMOOTH,ɡ,0.633,26,0.2139,0.992,False
Irish,SHARP,ɡ,-0.611,7,0.2388,0.992,False
Irish,SMOOTH,i,0.548,19,0.209,0.992,False
Irish,SMOOTH,ə,-0.524,17,0.199,0.992,False
Irish,BIG,m,1.326,3,0.2438,1.0,False
Irish,FAST,u͡ə,0.9,3,0.2587,1.0,False
Irish,BRIGHT,r,0.878,6,0.2786,1.0,False
Irish,SHARP,t͡ʃ,0.854,3,0.2786,1.0,False
Irish,BRIGHT,m,0.83,3,0.4478,1.0,False
Irish,QUIET,o,0.829,7,0.2935,1.0,False
Irish,FAST,e,0.821,8,0.2537,1.0,False
Irish,LOUD,ɐ,0.82,4,0.6119,1.0,False
Irish,QUIET,ɹ,0.806,7,0.3383,1.0,False
Irish,BRIGHT,o,0.699,3,0.5025,1.0,False
Irish,FAST,o,-0.68,3,0.3035,1.0,False
Irish,SLOW,ɐ,-0.642,3,0.3483,1.0,False
Irish,ROUND,h,0.641,5,0.3433,1.0,False
Irish,ROUND,t̪,-0.641,4,0.2687,1.0,False
Irish,SHARP,ʃ,0.635,8,0.3682,1.0,False
Irish,BRIGHT,ɑ,-0.619,3,0.4726,1.0,False
Irish,SLOW,ɔ,-0.614,3,0.4726,1.0,False
Irish,ROUND,a͡ʊ,0.606,4,0.3234,1.0,False
Irish,SMOOTH,o,-0.581,7,0.2637,1.0,False
Irish,SHARP,x,-0.575,3,0.3085,1.0,False
Irish,ROUND,p,0.574,6,0.3582,1.0,False
Irish,SMALL,ɐ,-0.569,7,0.2836,1.0,False
Irish,ROUND,ɡ,-0.568,9,0.2587,1.0,False
Irish,SMALL,i,0.565,13,0.2736,1.0,False
Irish,SMOOTH,nʲ,0.561,3,0.3383,1.0,False
Irish,BRIGHT,n,-0.56,3,0.5373,1.0,False
Irish,LOUD,x,0.56,3,0.8607,1.0,False
Irish,SHARP,ɐ,-0.554,7,0.403,1.0,False
Irish,FAST,s,0.544,9,0.4577,1.0,False
Irish,SHARP,ɑ,-0.523,13,0.2786,1.0,False
Irish,QUIET,m,-0.519,3,0.4876,1.0,False
Irish,ROUND,x,-0.518,5,0.403,1.0,False
Irish,SMALL,v,0.514,6,0.4179,1.0,False
Irish,DARK,ɹ,0.514,10,0.4129,1.0,False
Irish,BRIGHT,ə,0.502,5,0.6567,1.0,False
Irish,SLOW,ɹ,-0.496,3,0.5323,1.0,False
Irish,QUIET,u,0.489,3,0.6418,1.0,False
Irish,SLOW,i,-0.487,4,0.4876,1.0,False
Irish,FAST,t̪,0.484,7,0.4726,1.0,False
Irish,ROUND,a,-0.478,3,0.3682,1.0,False
Irish,DARK,ɛ,0.471,3,0.5274,1.0,False
Irish,SMOOTH,j,0.467,3,0.3881,1.0,False
Irish,SHARP,n,-0.462,13,0.3035,1.0,False
Irish,QUIET,v,0.459,3,0.6119,1.0,False
Irish,SMOOTH,t̪,0.457,14,0.3682,1.0,False
Irish,QUIET,n,0.453,11,0.4826,1.0,False
Irish,SMALL,ɪ,-0.441,9,0.4627,1.0,False
Irish,SMOOTH,ɐ,-0.439,14,0.408,1.0,False
Irish,SMOOTH,ʊ,0.438,4,0.4279,1.0,False
Irish,SMALL,ɡ,0.434,16,0.4975,1.0,False
Irish,SMALL,f,-0.433,3,0.5124,1.0,False
Irish,DARK,s,-0.43,4,0.5224,1.0,False
Irish,FAST,lʲ,-0.429,3,0.5373,1.0,False
Irish,ROUND,l,0.426,19,0.4776,1.0,False
Irish,SMOOTH,x,-0.423,9,0.403,1.0,False
Irish,SHARP,s,0.422,11,0.4129,1.0,False
Irish,BIG,ə,0.412,4,0.7662,1.0,False
Irish,SMALL,a,-0.404,4,0.5423,1.0,False
Irish,ROUND,ɪ,-0.398,11,0.4179,1.0,False
Irish,SHARP,a,-0.396,4,0.5025,1.0,False
Irish,DARK,k,0.396,9,0.5323,1.0,False
Irish,DARK,ɪ,-0.393,8,0.5224,1.0,False
Irish,QUIET,ɪ,-0.36,5,0.5821,1.0,False
Irish,SHARP,d̪,0.355,7,0.5075,1.0,False
Irish,DARK,c,0.352,3,0.6816,1.0,False
Irish,SMOOTH,b,0.345,12,0.4378,1.0,False
Irish,SMOOTH,kʲ,-0.337,4,0.5373,1.0,False
Irish,FAST,ɑ,-0.33,11,0.6368,1.0,False
Irish,SMALL,x,-0.327,8,0.5373,1.0,False
Irish,FAST,a,-0.327,4,0.6866,1.0,False
Irish,ROUND,u,0.321,6,0.6915,1.0,False
Irish,SMALL,ʃ,-0.317,4,0.5871,1.0,False
Irish,ROUND,kʲ,0.317,6,0.6219,1.0,False
Irish,SMALL,b,0.315,8,0.5622,1.0,False
Irish,SMOOTH,k,0.311,15,0.4776,1.0,False
Irish,SLOW,n,-0.302,8,0.6318,1.0,False
Irish,QUIET,ə,0.302,10,0.5871,1.0,False
Irish,QUIET,lʲ,0.296,4,0.7463,1.0,False
Irish,ROUND,o,0.294,12,0.597,1.0,False
Irish,SLOW,ɑ,0.288,11,0.6716,1.0,False
Irish,BIG,l,0.284,3,0.806,1.0,False
Irish,DARK,l,0.284,13,0.6517,1.0,False
Irish,DARK,m,-0.276,6,0.6318,1.0,False
Irish,BRIGHT,ɐ,-0.274,3,0.7662,1.0,False
Irish,SHARP,i,0.272,11,0.6567,1.0,False
Irish,ROUND,u͡ə,0.267,3,0.7363,1.0,False
Irish,SMOOTH,r,0.266,29,0.5721,1.0,False
Irish,FAST,n,-0.266,11,0.6667,1.0,False
Irish,QUIET,k,-0.259,4,0.7015,1.0,False
Irish,SMOOTH,u,-0.255,4,0.6119,1.0,False
Irish,SMOOTH,s,-0.251,9,0.6418,1.0,False
Irish,SLOW,r,-0.251,8,0.7114,1.0,False
Irish,DARK,a,-0.25,6,0.7065,1.0,False
Irish,FAST,x,-0.242,7,0.7015,1.0,False
Irish,ROUND,ə,0.237,22,0.6617,1.0,False
Irish,FAST,m,0.235,7,0.7612,1.0,False
Irish,SLOW,f,0.233,3,0.7662,1.0,False
Irish,QUIET,ɐ,-0.232,7,0.7562,1.0,False
Irish,SMOOTH,a,-0.228,11,0.6617,1.0,False
Irish,SMALL,o,-0.22,7,0.7264,1.0,False
Irish,FAST,f,0.217,4,0.7861,1.0,False
Irish,QUIET,t̪,-0.211,3,0.8209,1.0,False
Irish,DARK,ɡ,0.203,12,0.7512,1.0,False
Irish,DARK,x,-0.197,9,0.796,1.0,False
Irish,SMALL,k,-0.195,8,0.7512,1.0,False
Irish,SMOOTH,n,0.19,28,0.6915,1.0,False
Irish,SMALL,t̪,0.185,8,0.806,1.0,False
Irish,SMOOTH,ɹ,-0.185,11,0.7065,1.0,False
Irish,ROUND,ɑ,0.181,23,0.7662,1.0,False
Irish,SHARP,l,0.177,14,0.7811,1.0,False
Irish,SHARP,b,0.174,7,0.796,1.0,False
Irish,SHARP,o,-0.174,7,0.7811,1.0,False
Irish,FAST,ɹ,0.174,7,0.8358,1.0,False
Irish,FAST,ɡ,0.17,10,0.8259,1.0,False
Irish,FAST,l,-0.166,9,0.8209,1.0,False
Irish,DARK,ʃ,-0.165,4,0.806,1.0,False
Irish,SHARP,r,0.162,18,0.8109,1.0,False
Irish,DARK,lʲ,0.158,6,0.8557,1.0,False
Irish,ROUND,ɹ,-0.157,9,0.8408,1.0,False
Irish,SHARP,u,-0.157,3,0.8607,1.0,False
Irish,FAST,ə,0.157,13,0.801,1.0,False
Irish,SMALL,lʲ,0.15,7,0.8408,1.0,False
Irish,ROUND,ɔ,-0.149,9,0.7761,1.0,False
Irish,FAST,ɐ,-0.146,11,0.8408,1.0,False
Irish,QUIET,x,-0.145,6,0.8458,1.0,False
Irish,ROUND,ɐ,-0.14,18,0.8358,1.0,False
Irish,SHARP,f,0.136,5,0.8557,1.0,False
Irish,SMALL,r,-0.131,16,0.8358,1.0,False
Irish,SMOOTH,c,-0.131,3,0.806,1.0,False
Irish,SLOW,e,-0.122,3,0.9303,1.0,False
Irish,DARK,i,-0.119,8,0.8209,1.0,False
Irish,DARK,n,-0.119,14,0.8458,1.0,False
Irish,SMOOTH,ɑ,-0.119,25,0.7761,1.0,False
Irish,ROUND,f,-0.111,5,0.8756,1.0,False
Irish,ROUND,ʃ,0.111,7,0.8607,1.0,False
Irish,DARK,b,-0.106,5,0.8507,1.0,False
Irish,SLOW,k,0.105,5,0.9055,1.0,False
Irish,DARK,ɐ,0.1,17,0.8706,1.0,False
Irish,ROUND,b,-0.09,7,0.8856,1.0,False
Irish,SMALL,m,-0.088,8,0.8657,1.0,False
Irish,ROUND,e,0.088,8,0.8806,1.0,False
Irish,DARK,r,-0.086,14,0.8607,1.0,False
Irish,SLOW,t̪,0.085,4,0.9303,1.0,False
Irish,SLOW,s,-0.084,4,0.8955,1.0,False
Irish,FAST,r,0.077,13,0.8905,1.0,False
Irish,DARK,e,-0.073,5,0.9303,1.0,False
Irish,SMOOTH,d̪,0.072,9,0.9303,1.0,False
Irish,SLOW,l,-0.071,7,0.9154,1.0,False
Irish,SLOW,x,-0.071,7,0.9154,1.0,False
Irish,SHARP,t̪,0.057,7,0.9303,1.0,False
Irish,DARK,ɑ,-0.047,15,0.9453,1.0,False
Irish,SHARP,ɹ,-0.045,8,0.8856,1.0,False
Irish,BRIGHT,ɡ,0.039,3,0.9801,1.0,False
Irish,BRIGHT,a,0.038,3,0.9552,1.0,False
Irish,SHARP,v,0.034,4,0.9652,1.0,False
Irish,DARK,ɔ,-0.022,7,0.9751,1.0,False
Irish,BRIGHT,ɪ,0.019,3,0.9801,1.0,False
Irish,QUIET,a,-0.019,6,0.995,1.0,False
Irish,FAST,ʃ,0.017,4,0.99,1.0,False
Irish,QUIET,r,0.016,9,0.9801,1.0,False
Irish,SMALL,s,-0.013,8,0.9801,1.0,False
Irish,QUIET,l,0.008,7,0.995,1.0,False
Irish,FAST,ɔ,-0.007,6,1.0,1.0,False
Italian,ROUND,ŋ,3.214,7,0.005,0.2985,False
Italian,BIG,ɡ,3.144,4,0.005,0.2985,False
Italian,SMALL,a,-2.633,17,0.005,0.2985,False
Italian,SHARP,t͡s,2.631,6,0.005,0.2985,False
Italian,SMALL,o,2.398,75,0.005,0.2985,False
Italian,SLOW,s,2.24,19,0.005,0.2985,False
Italian,SMALL,ɪ,2.076,9,0.005,0.2985,False
Italian,QUIET,n,2.273,18,0.01,0.4179,False
Italian,SMALL,s,1.658,23,0.01,0.4179,False
Italian,FAST,l,-1.633,6,0.01,0.4179,False
Italian,LOUD,ʊ,3.115,5,0.0149,0.4643,False
Italian,ROUGH,i,2.749,10,0.0149,0.4643,False
Italian,SLOW,ʃ,2.573,3,0.0199,0.4643,False
Italian,QUIET,ɔ,2.224,7,0.0149,0.4643,False
Italian,SHARP,p,1.786,14,0.0199,0.4643,False
Italian,SMALL,d,1.662,19,0.0199,0.4643,False
Italian,SMALL,e,-1.544,13,0.0199,0.4643,False
Italian,ROUGH,v,2.702,4,0.0299,0.5451,False
Italian,BRIGHT,d͡ʒ,2.181,3,0.0299,0.5451,False
Italian,DARK,u,1.911,8,0.0249,0.5451,False
Italian,SMALL,n,1.431,30,0.0299,0.5451,False
Italian,ROUND,ɛ,1.716,15,0.0348,0.5764,False
Italian,ROUND,k,1.711,25,0.0348,0.5764,False
Italian,FAST,ɾ,1.68,5,0.0398,0.5764,False
Italian,SLOW,o,-1.656,13,0.0398,0.5764,False
Italian,SHARP,ɛ,1.531,10,0.0398,0.5764,False
Italian,DARK,j,1.453,6,0.0398,0.5764,False
Italian,SMOOTH,w,1.47,7,0.0448,0.6066,False
Italian,QUIET,j,2.02,5,0.0498,0.6146,False
Italian,DARK,b,1.566,9,0.0498,0.6146,False
Italian,DARK,ɾ,1.359,3,0.0498,0.6146,False
Italian,DARK,t,-1.456,10,0.0547,0.6212,False
Italian,ROUND,t,1.371,34,0.0547,0.6212,False
Italian,FAST,f,1.593,14,0.0597,0.6429,False
Italian,DARK,p,-1.408,4,0.0597,0.6429,False
Italian,DARK,d͡ʒ,1.342,5,0.0647,0.6625,False
Italian,ROUND,t͡ʃ,1.089,11,0.0697,0.6649,False
Italian,SMOOTH,m,1.049,18,0.0697,0.6649,False
Italian,SLOW,r,1.499,43,0.0746,0.6814,False
Italian,SMALL,r,-1.165,22,0.0746,0.6814,False
Italian,SLOW,e,1.492,42,0.0796,0.6823,False
Italian,SMALL,p,1.139,15,0.0796,0.6823,False
Italian,BRIGHT,t͡ʃ,1.72,4,0.1244,0.7059,False
Italian,BRIGHT,b,1.616,4,0.1045,0.7059,False
Italian,SLOW,k,1.54,15,0.1095,0.7059,False
Italian,SLOW,n,-1.469,8,0.0945,0.7059,False
Italian,SLOW,ɾ,1.442,3,0.1244,0.7059,False
Italian,SLOW,a,1.252,41,0.1194,0.7059,False
Italian,FAST,e,1.222,59,0.1045,0.7059,False
Italian,SHARP,t,-1.218,12,0.0846,0.7059,False
Italian,ROUND,e,-1.188,21,0.0995,0.7059,False
Italian,SMALL,l,-1.178,10,0.0995,0.7059,False
Italian,FAST,z,1.149,5,0.1095,0.7059,False
Italian,SHARP,r,-1.137,18,0.1194,0.7059,False
Italian,SHARP,l,1.136,26,0.1095,0.7059,False
Italian,SMALL,ɔ,1.071,9,0.1194,0.7059,False
Italian,SMOOTH,e,0.994,76,0.0995,0.7059,False
Italian,SMOOTH,p,0.94,21,0.1095,0.7059,False
Italian,SMOOTH,ʃ,0.927,3,0.1194,0.7059,False
Italian,SMOOTH,u,-0.9,4,0.0995,0.7059,False
Italian,SMOOTH,f,-0.861,5,0.1144,0.7059,False
Italian,SMOOTH,a,-0.953,51,0.1343,0.7327,False
Italian,LOUD,l,2.109,8,0.1592,0.8154,False
Italian,QUIET,t,1.324,15,0.1542,0.8154,False
Italian,SLOW,f,1.137,8,0.1592,0.8154,False
Italian,SMOOTH,s͡s,0.758,5,0.1542,0.8154,False
Italian,SMALL,m,0.986,12,0.1642,0.8308,False
Italian,QUIET,p,-1.281,3,0.1692,0.8358,False
Italian,DARK,m,1.049,9,0.1692,0.8358,False
Italian,SMOOTH,d͡ʒ,0.893,8,0.1741,0.8504,False
Italian,FAST,t͡s,1.018,4,0.1791,0.8548,False
Italian,FAST,ɲ,0.966,3,0.1791,0.8548,False
Italian,SMALL,f,-0.961,3,0.199,0.8892,False
Italian,SMOOTH,l,-0.738,21,0.1891,0.8892,False
Italian,DARK,e,-0.881,17,0.204,0.9018,False
Italian,QUIET,f,1.275,6,0.209,0.9041,False
Italian,FAST,u,-0.871,3,0.2189,0.9041,False
Italian,DARK,z,0.819,3,0.2239,0.9041,False
Italian,BRIGHT,o,-1.41,7,0.2289,0.9068,False
Italian,DARK,ɔ,0.865,6,0.2289,0.9068,False
Italian,BIG,d,2.047,3,0.2338,0.9178,False
Italian,SLOW,ɪ,0.967,4,0.2388,0.9287,False
Italian,SHARP,u,0.741,6,0.2587,0.9616,False
Italian,SMOOTH,ɪ,0.677,7,0.2537,0.9616,False
Italian,SMALL,j,0.736,6,0.2687,0.9644,False
Italian,ROUND,p,-0.753,9,0.2736,0.9739,False
Italian,ROUGH,r,-1.468,3,0.3234,0.9751,False
Italian,BRIGHT,e,1.28,18,0.2985,0.9751,False
Italian,QUIET,m,0.931,6,0.3035,0.9751,False
Italian,QUIET,k,-0.914,5,0.3532,0.9751,False
Italian,QUIET,u,0.881,4,0.3184,0.9751,False
Italian,SLOW,d,-0.831,3,0.3532,0.9751,False
Italian,FAST,ɛ,-0.792,4,0.2836,0.9751,False
Italian,DARK,v,0.714,8,0.2786,0.9751,False
Italian,FAST,o,-0.697,34,0.3582,0.9751,False
Italian,ROUND,b,-0.695,3,0.3234,0.9751,False
Italian,ROUND,s,-0.684,9,0.3184,0.9751,False
Italian,ROUND,a,0.677,59,0.2985,0.9751,False
Italian,DARK,a,0.665,38,0.3632,0.9751,False
Italian,FAST,b,-0.655,3,0.3483,0.9751,False
Italian,DARK,s,-0.645,6,0.3781,0.9751,False
Italian,SMALL,k,0.643,17,0.3582,0.9751,False
Italian,SHARP,z,0.632,3,0.3781,0.9751,False
Italian,FAST,v,0.621,11,0.3831,0.9751,False
Italian,SMALL,ɛ,0.611,9,0.2985,0.9751,False
Italian,SMALL,b,-0.608,3,0.3234,0.9751,False
Italian,ROUND,o,0.608,57,0.3433,0.9751,False
Italian,SMOOTH,v,0.608,15,0.2836,0.9751,False
Italian,FAST,i,0.604,33,0.3831,0.9751,False
Italian,ROUND,ɔ,0.591,8,0.3831,0.9751,False
Italian,SMOOTH,ʊ,-0.581,4,0.3234,0.9751,False
Italian,SMOOTH,t,-0.51,28,0.3632,0.9751,False
Italian,SMOOTH,i,-0.508,24,0.3682,0.9751,False
Italian,QUIET,i,-0.852,6,0.3881,0.9818,False
Italian,LOUD,r,1.284,11,0.4279,0.9874,False
Italian,DARK,r,-0.622,22,0.408,0.9874,False
Italian,SMALL,s͡s,0.54,3,0.408,0.9874,False
Italian,DARK,l,0.596,20,0.4328,0.9934,False
Italian,BRIGHT,k,-1.027,3,0.4378,0.9939,False
Italian,ROUGH,t,1.297,5,0.4577,1.0,False
Italian,BIG,r,1.237,8,0.5224,1.0,False
Italian,ROUGH,e,-0.853,4,0.597,1.0,False
Italian,BRIGHT,n,-0.808,5,0.5423,1.0,False
Italian,ROUGH,a,0.788,9,0.6368,1.0,False
Italian,BRIGHT,r,0.75,16,0.5771,1.0,False
Italian,LOUD,t,0.728,5,0.6766,1.0,False
Italian,LOUD,a,0.726,10,0.6766,1.0,False
Italian,BRIGHT,l,0.681,9,0.6119,1.0,False
Italian,QUIET,r,-0.645,15,0.4677,1.0,False
Italian,SLOW,l,-0.61,11,0.4975,1.0,False
Italian,BRIGHT,t,-0.572,6,0.6119,1.0,False
Italian,SLOW,i,-0.57,11,0.5174,1.0,False
Italian,QUIET,d,-0.547,3,0.5373,1.0,False
Italian,QUIET,s,0.534,8,0.6269,1.0,False
Italian,BIG,e,-0.532,4,0.8209,1.0,False
Italian,DARK,o,0.529,36,0.4826,1.0,False
Italian,BIG,a,0.482,7,0.8259,1.0,False
Italian,FAST,r,0.474,49,0.4876,1.0,False
Italian,SHARP,k,0.466,13,0.5124,1.0,False
Italian,BRIGHT,ʊ,0.463,3,0.6368,1.0,False
Italian,SLOW,m,-0.458,5,0.6269,1.0,False
Italian,DARK,t͡ʃ,0.443,5,0.5721,1.0,False
Italian,ROUND,v,-0.442,4,0.5174,1.0,False
Italian,FAST,s͡s,0.429,3,0.5821,1.0,False
Italian,BIG,o,-0.428,5,0.8159,1.0,False
Italian,SHARP,ʊ,-0.42,3,0.6119,1.0,False
Italian,ROUND,l,0.417,29,0.602,1.0,False
Italian,FAST,k,-0.417,13,0.5473,1.0,False
Italian,DARK,i,-0.404,13,0.5473,1.0,False
Italian,BRIGHT,a,-0.402,13,0.7711,1.0,False
Italian,DARK,d,-0.399,5,0.5871,1.0,False
Italian,LOUD,o,0.396,9,0.8557,1.0,False
Italian,SHARP,j,0.395,4,0.602,1.0,False
Italian,ROUGH,l,-0.389,3,0.8109,1.0,False
Italian,ROUND,f,-0.388,6,0.5522,1.0,False
Italian,BRIGHT,i,0.388,9,0.7363,1.0,False
Italian,ROUND,r,-0.384,38,0.5721,1.0,False
Italian,DARK,ɛ,0.383,6,0.607,1.0,False
Italian,SMOOTH,ɛ,0.383,12,0.5373,1.0,False
Italian,QUIET,l,-0.38,9,0.6418,1.0,False
Italian,SMALL,ʊ,-0.378,4,0.5572,1.0,False
Italian,SMALL,v,-0.364,4,0.607,1.0,False
Italian,SHARP,s,-0.363,8,0.6119,1.0,False
Italian,SMOOTH,j,-0.362,4,0.5473,1.0,False
Italian,SMALL,t,0.361,24,0.5821,1.0,False
Italian,ROUND,d,-0.361,8,0.607,1.0,False
Italian,SHARP,d,0.347,9,0.6667,1.0,False
Italian,SHARP,m,-0.333,6,0.6318,1.0,False
Italian,ROUND,ɡ,0.323,8,0.6716,1.0,False
Italian,SMALL,i,0.314,27,0.6915,1.0,False
Italian,SMOOTH,z,-0.313,3,0.5522,1.0,False
Italian,QUIET,a,-0.312,21,0.7264,1.0,False
Italian,ROUND,m,0.299,11,0.6965,1.0,False
Italian,SMOOTH,t͡ʃ,0.29,9,0.597,1.0,False
Italian,FAST,s,0.262,15,0.7214,1.0,False
Italian,ROUND,d͡ʒ,0.256,4,0.6866,1.0,False
Italian,SHARP,i,0.248,21,0.7463,1.0,False
Italian,FAST,t͡ʃ,-0.248,4,0.7363,1.0,False
Italian,SMALL,u,0.234,6,0.6816,1.0,False
Italian,SLOW,p,-0.229,7,0.7811,1.0,False
Italian,SMALL,z,0.223,3,0.7114,1.0,False
Italian,SHARP,a,-0.217,34,0.7363,1.0,False
Italian,QUIET,ɛ,-0.213,3,0.8507,1.0,False
Italian,SMOOTH,ɔ,0.21,8,0.6766,1.0,False
Italian,FAST,m,0.209,10,0.7512,1.0,False
Italian,BRIGHT,m,0.206,3,0.8706,1.0,False
Italian,SMOOTH,b,-0.195,7,0.7861,1.0,False
Italian,DARK,k,0.193,11,0.7612,1.0,False
Italian,SMOOTH,k,0.193,22,0.7164,1.0,False
Italian,QUIET,e,0.191,20,0.8308,1.0,False
Italian,SHARP,e,-0.188,27,0.806,1.0,False
Italian,SMOOTH,r,0.176,61,0.7761,1.0,False
Italian,SMOOTH,d,0.174,15,0.791,1.0,False
Italian,SHARP,b,0.153,5,0.8756,1.0,False
Italian,SHARP,o,0.151,35,0.8259,1.0,False
Italian,SHARP,f,-0.143,5,0.8308,1.0,False
Italian,SMOOTH,o,0.141,64,0.7811,1.0,False
Italian,SHARP,n,-0.129,16,0.8806,1.0,False
Italian,FAST,p,-0.121,11,0.8607,1.0,False
Italian,SLOW,ʊ,-0.12,4,0.8458,1.0,False
Italian,SMOOTH,s,-0.119,17,0.8358,1.0,False
Italian,SLOW,t,0.105,16,0.9154,1.0,False
Italian,SHARP,ɔ,0.101,4,0.8955,1.0,False
Italian,BIG,n,0.082,3,0.9801,1.0,False
Italian,FAST,t,-0.082,23,0.9154,1.0,False
Italian,QUIET,b,0.077,3,0.9204,1.0,False
Italian,QUIET,ʊ,-0.077,3,0.9353,1.0,False
Italian,FAST,a,-0.072,47,0.9005,1.0,False
Italian,DARK,n,-0.061,15,0.9154,1.0,False
Italian,ROUND,i,0.058,27,0.9453,1.0,False
Italian,SHARP,ɡ,0.055,4,0.9453,1.0,False
Italian,SLOW,ɡ,-0.045,3,0.9851,1.0,False
Italian,ROUND,n,0.044,24,0.9353,1.0,False
Italian,SMOOTH,n,0.044,31,0.9104,1.0,False
Italian,SMALL,t͡ʃ,0.039,5,0.9353,1.0,False
Italian,FAST,n,-0.035,22,0.9652,1.0,False
Italian,FAST,d,0.031,10,0.9502,1.0,False
Italian,ROUGH,o,-0.024,7,0.9851,1.0,False
Italian,FAST,d͡ʒ,0.022,3,0.9751,1.0,False
Italian,ROUND,ɪ,-0.021,3,0.9701,1.0,False
Italian,LOUD,n,0.021,4,0.99,1.0,False
Italian,BRIGHT,s,0.019,4,0.9751,1.0,False
Italian,BIG,l,-0.011,3,0.995,1.0,False
Italian,QUIET,o,-0.009,21,0.9701,1.0,False
Italian,LOUD,e,0.006,7,1.0,1.0,False
Italian,DARK,f,-0.0,5,1.0,1.0,False
Japanese,BRIGHT,ũ,3.314,3,0.005,0.2454,False
Japanese,SLOW,ɯ͡ᵝ,3.003,47,0.005,0.2454,False
Japanese,SLOW,ɡ,2.631,5,0.005,0.2454,False
Japanese,SLOW,ɽ,2.354,36,0.005,0.2454,False
Japanese,SLOW,k,2.143,10,0.005,0.2454,False
Japanese,DARK,a͡ɪ,1.579,162,0.005,0.2454,False
Japanese,DARK,t͡ʃ,1.579,162,0.005,0.2454,False
Japanese,SMOOTH,i,1.571,91,0.005,0.2454,False
Japanese,DARK,l,1.498,162,0.005,0.2454,False
Japanese,LOUD,b,3.262,3,0.01,0.3398,False
Japanese,SMOOTH,t͡s,2.632,6,0.01,0.3398,False
Japanese,DARK,ə,1.413,162,0.01,0.3398,False
Japanese,SMOOTH,a,1.271,56,0.01,0.3398,False
Japanese,SLOW,m,2.049,8,0.0149,0.3682,False
Japanese,DARK,z,1.496,162,0.0149,0.3682,False
Japanese,SHARP,a͡ɪ,1.342,100,0.0199,0.3682,False
Japanese,SHARP,t͡ʃ,1.342,100,0.0199,0.3682,False
Japanese,SHARP,n,1.161,103,0.0199,0.3682,False
Japanese,BIG,p,3.12,3,0.0299,0.4733,False
Japanese,LOUD,ɕ,2.858,3,0.0299,0.4733,False
Japanese,SHARP,z,1.311,102,0.0299,0.4733,False
Japanese,SHARP,l,1.267,100,0.0299,0.4733,False
Japanese,SLOW,i,-1.407,10,0.0348,0.4832,False
Japanese,DARK,n,1.341,162,0.0348,0.4832,False
Japanese,DARK,ɯ͡ᵝ,-0.989,4,0.0348,0.4832,False
Japanese,ROUGH,e,3.001,7,0.0398,0.5198,False
Japanese,SHARP,ə,1.189,100,0.0398,0.5198,False
Japanese,SMOOTH,ɕ,1.267,17,0.0448,0.5522,False
Japanese,SHARP,k,-1.165,6,0.0547,0.564,False
Japanese,DARK,o,-1.075,5,0.0597,0.564,False
Japanese,DARK,t,1.054,165,0.0597,0.564,False
Japanese,DARK,ɽ,-1.048,3,0.0597,0.564,False
Japanese,DARK,a,-0.924,3,0.0498,0.564,False
Japanese,SHARP,ɽ,-0.947,9,0.0697,0.5727,False
Japanese,SMOOTH,m,0.865,15,0.0697,0.5727,False
Japanese,SHARP,t,0.805,103,0.0846,0.6475,False
Japanese,FAST,k,-1.095,4,0.0896,0.6739,False
Japanese,BIG,a,1.977,4,0.1045,0.7028,False
Japanese,SMOOTH,j,1.087,5,0.1045,0.7028,False
Japanese,SLOW,t,-1.083,6,0.1095,0.7147,False
Japanese,SHARP,o,-0.832,12,0.1095,0.7147,False
Japanese,SHARP,s,-0.714,6,0.1144,0.7258,False
Japanese,SHARP,ɯ͡ᵝ,-0.855,13,0.1194,0.7262,False
Japanese,BIG,o,2.083,3,0.1393,0.8007,False
Japanese,SMOOTH,ə,-0.657,11,0.1443,0.8007,False
Japanese,SMOOTH,z,-0.616,12,0.1393,0.8007,False
Japanese,ROUND,ɯᵝ,1.776,3,0.1841,0.8788,False
Japanese,LOUD,a,1.585,6,0.1741,0.8788,False
Japanese,ROUND,z,0.863,39,0.1841,0.8788,False
Japanese,FAST,ə,0.839,47,0.1841,0.8788,False
Japanese,SHARP,a,-0.677,15,0.1791,0.8788,False
Japanese,SHARP,m,-0.653,4,0.1791,0.8788,False
Japanese,SMOOTH,l,-0.637,11,0.1642,0.8788,False
Japanese,SMOOTH,a͡ɪ,-0.613,11,0.1791,0.8788,False
Japanese,SMOOTH,t͡ʃ,-0.613,11,0.1791,0.8788,False
Japanese,ROUND,l,0.874,39,0.1891,0.8836,False
Japanese,ROUND,ə,0.912,41,0.194,0.8974,False
Japanese,SMOOTH,t,-0.578,27,0.199,0.9109,False
Japanese,SMOOTH,k,0.582,18,0.2139,0.9499,False
Japanese,ROUND,a͡ɪ,0.829,37,0.2338,0.9613,False
Japanese,ROUND,t͡ʃ,0.829,37,0.2338,0.9613,False
Japanese,ROUND,t,0.821,48,0.2338,0.9613,False
Japanese,FAST,l,0.816,45,0.2338,0.9613,False
Japanese,ROUND,n,0.81,42,0.2338,0.9613,False
Japanese,FAST,z,0.804,45,0.2289,0.9613,False
Japanese,ROUGH,ɽ,1.82,6,0.2985,1.0,False
Japanese,ROUGH,i,1.812,6,0.2736,1.0,False
Japanese,LOUD,o,1.336,4,0.3085,1.0,False
Japanese,LOUD,i,1.279,8,0.3632,1.0,False
Japanese,QUIET,m,1.109,4,0.2836,1.0,False
Japanese,BRIGHT,t,1.0,13,0.4677,1.0,False
Japanese,BRIGHT,o,0.962,9,0.4627,1.0,False
Japanese,SMALL,ə,0.853,15,0.3682,1.0,False
Japanese,SMALL,ɯ͡ᵝ,-0.801,3,0.4179,1.0,False
Japanese,FAST,a͡ɪ,0.786,43,0.2537,1.0,False
Japanese,FAST,t͡ʃ,0.786,43,0.2537,1.0,False
Japanese,ROUND,ɽ,-0.766,10,0.2836,1.0,False
Japanese,ROUGH,t,0.724,3,0.6866,1.0,False
Japanese,ROUND,s,-0.692,3,0.3085,1.0,False
Japanese,ROUND,k,-0.664,7,0.3632,1.0,False
Japanese,QUIET,e,-0.664,8,0.5323,1.0,False
Japanese,FAST,n,0.662,47,0.3284,1.0,False
Japanese,SMALL,l,0.636,13,0.5323,1.0,False
Japanese,SMALL,z,0.622,13,0.5572,1.0,False
Japanese,ROUND,i,-0.612,46,0.3881,1.0,False
Japanese,QUIET,o,0.592,7,0.602,1.0,False
Japanese,SLOW,a,-0.585,3,0.3234,1.0,False
Japanese,FAST,a,-0.582,11,0.3433,1.0,False
Japanese,SMALL,ɽ,-0.581,6,0.6169,1.0,False
Japanese,ROUND,ɯ͡ᵝ,-0.576,16,0.408,1.0,False
Japanese,FAST,m,-0.573,3,0.4179,1.0,False
Japanese,FAST,t,0.551,52,0.4179,1.0,False
Japanese,SMOOTH,e,-0.532,37,0.2786,1.0,False
Japanese,SMOOTH,d,0.528,10,0.2836,1.0,False
Japanese,SMALL,o,-0.525,4,0.5821,1.0,False
Japanese,SMALL,n,0.516,14,0.5622,1.0,False
Japanese,ROUND,o,-0.503,11,0.4826,1.0,False
Japanese,QUIET,k,0.479,4,0.6468,1.0,False
Japanese,SMALL,e,-0.47,14,0.6468,1.0,False
Japanese,ROUND,a,-0.469,12,0.5821,1.0,False
Japanese,FAST,i,-0.465,58,0.4776,1.0,False
Japanese,SMALL,a,0.457,13,0.6517,1.0,False
Japanese,SHARP,p,-0.453,3,0.3383,1.0,False
Japanese,QUIET,a,-0.451,3,0.6517,1.0,False
Japanese,SMALL,i,0.441,25,0.6766,1.0,False
Japanese,QUIET,i,-0.415,12,0.6617,1.0,False
Japanese,ROUND,ɴ,0.409,3,0.8806,1.0,False
Japanese,SMALL,a͡ɪ,0.403,11,0.6915,1.0,False
Japanese,SMALL,t͡ʃ,0.403,11,0.6915,1.0,False
Japanese,QUIET,t,-0.395,7,0.7164,1.0,False
Japanese,BRIGHT,n,0.392,9,0.7861,1.0,False
Japanese,DARK,i,-0.37,162,0.5124,1.0,False
Japanese,BRIGHT,ɯ͡ᵝ,-0.367,6,0.8159,1.0,False
Japanese,BRIGHT,i,-0.365,13,0.7562,1.0,False
Japanese,BRIGHT,ɽ,-0.347,6,0.8259,1.0,False
Japanese,SHARP,i,-0.33,111,0.4577,1.0,False
Japanese,SHARP,b,-0.324,3,0.4826,1.0,False
Japanese,BRIGHT,a͡ɪ,0.3,7,0.8159,1.0,False
Japanese,BRIGHT,t͡ʃ,0.3,7,0.8159,1.0,False
Japanese,SMALL,t,0.298,15,0.7463,1.0,False
Japanese,FAST,ɽ,-0.29,30,0.6716,1.0,False
Japanese,FAST,s,0.287,15,0.6269,1.0,False
Japanese,ROUGH,ɯ͡ᵝ,0.278,3,0.8806,1.0,False
Japanese,QUIET,n,0.273,8,0.7562,1.0,False
Japanese,QUIET,ɯ͡ᵝ,0.255,11,0.7761,1.0,False
Japanese,BRIGHT,l,0.253,7,0.8756,1.0,False
Japanese,BRIGHT,p,0.253,3,0.9801,1.0,False
Japanese,SLOW,e,0.251,17,0.7164,1.0,False
Japanese,SMOOTH,o,0.243,24,0.5672,1.0,False
Japanese,BRIGHT,z,0.234,7,0.8756,1.0,False
Japanese,DARK,e,0.233,165,0.6816,1.0,False
Japanese,SMALL,k,-0.232,4,0.8607,1.0,False
Japanese,BRIGHT,ə,0.206,7,0.8657,1.0,False
Japanese,SMALL,s,-0.187,3,0.8507,1.0,False
Japanese,QUIET,a͡ɪ,0.167,6,0.8657,1.0,False
Japanese,QUIET,t͡ʃ,0.167,6,0.8657,1.0,False
Japanese,LOUD,ɯ͡ᵝ,0.134,4,0.9502,1.0,False
Japanese,QUIET,l,0.122,6,0.8955,1.0,False
Japanese,LOUD,ɽ,-0.111,3,0.9154,1.0,False
Japanese,SMOOTH,s,-0.109,9,0.8557,1.0,False
Japanese,FAST,e,-0.107,53,0.8657,1.0,False
Japanese,QUIET,z,0.101,6,0.9104,1.0,False
Japanese,QUIET,ə,0.08,6,0.9254,1.0,False
Japanese,SMOOTH,ɽ,-0.079,33,0.8408,1.0,False
Japanese,SMALL,m,0.077,3,0.9453,1.0,False
Japanese,SMOOTH,ɯ͡ᵝ,-0.073,35,0.9055,1.0,False
Japanese,ROUND,p,-0.07,7,0.9204,1.0,False
Japanese,ROUND,e,0.056,48,0.9154,1.0,False
Japanese,SHARP,e,0.044,103,0.9453,1.0,False
Japanese,QUIET,ɽ,-0.042,8,0.9602,1.0,False
Japanese,SMOOTH,n,-0.037,29,0.9055,1.0,False
Japanese,SMOOTH,h,0.019,3,0.9751,1.0,False
Japanese,FAST,ɯ͡ᵝ,0.014,44,0.9801,1.0,False
Japanese,ROUND,b,-0.008,4,0.995,1.0,False
Japanese,BRIGHT,e,0.002,12,1.0,1.0,False
Korean,BIG,u,2.375,9,0.01,0.3582,False
Korean,DARK,ɛ,2.374,14,0.005,0.3582,False
Korean,DARK,s,2.201,22,0.01,0.3582,False
Korean,SHARP,m,2.017,24,0.005,0.3582,False
Korean,ROUND,p͡h,1.881,15,0.01,0.3582,False
Korean,SMALL,p,1.819,22,0.005,0.3582,False
Korean,SMALL,i,-1.76,12,0.01,0.3582,False
Korean,ROUND,o,1.65,24,0.005,0.3582,False
Korean,SMOOTH,ɐ,1.39,173,0.005,0.3582,False
Korean,SHARP,n,-1.316,14,0.01,0.3582,False
Korean,SLOW,ɐ,1.796,49,0.0149,0.4133,False
Korean,ROUND,e,1.553,11,0.0149,0.4133,False
Korean,ROUND,ɯ,1.498,24,0.0149,0.4133,False
Korean,LOUD,t,2.791,3,0.0299,0.4822,False
Korean,FAST,l,1.892,4,0.0348,0.4822,False
Korean,SMALL,t͡ɕ,1.601,12,0.0199,0.4822,False
Korean,SLOW,ɾ,1.585,12,0.0348,0.4822,False
Korean,DARK,i,-1.319,12,0.0299,0.4822,False
Korean,FAST,ɐ,1.298,74,0.0348,0.4822,False
Korean,SHARP,q,1.284,25,0.0249,0.4822,False
Korean,ROUND,n,-1.262,18,0.0299,0.4822,False
Korean,SHARP,o,1.229,17,0.0299,0.4822,False
Korean,DARK,w,1.576,9,0.0398,0.4941,False
Korean,DARK,q,1.481,21,0.0398,0.4941,False
Korean,BRIGHT,n,1.971,17,0.0498,0.5052,False
Korean,SLOW,d,1.548,27,0.0498,0.5052,False
Korean,SLOW,ʌ,-1.461,4,0.0547,0.5052,False
Korean,SMALL,j,1.283,18,0.0448,0.5052,False
Korean,FAST,p,1.266,21,0.0547,0.5052,False
Korean,ROUND,ɾ,1.153,18,0.0547,0.5052,False
Korean,SMALL,k,2.155,3,0.0597,0.5242,False
Korean,SHARP,l,1.672,3,0.0597,0.5242,False
Korean,FAST,k͡h,1.311,7,0.0697,0.597,False
Korean,BIG,ŋ,1.789,4,0.0746,0.6106,False
Korean,ROUND,k͡h,1.255,7,0.0746,0.6106,False
Korean,ROUND,h,-0.816,13,0.0796,0.623,False
Korean,SMOOTH,n,0.79,84,0.0796,0.623,False
Korean,FAST,d,1.043,38,0.0896,0.6321,False
Korean,SMOOTH,i,-0.759,57,0.1045,0.7233,False
Korean,SLOW,t͡ɕ,1.277,7,0.1095,0.7435,False
Korean,BIG,d͡ʑ,1.726,3,0.1144,0.744,False
Korean,SLOW,n,-1.132,11,0.1244,0.744,False
Korean,FAST,q,-0.946,9,0.1144,0.744,False
Korean,DARK,h,0.933,16,0.1343,0.744,False
Korean,FAST,n,0.917,38,0.1194,0.744,False
Korean,SHARP,h,-0.888,10,0.1343,0.744,False
Korean,ROUND,ɛ,-0.839,4,0.1294,0.744,False
Korean,SMOOTH,q,-0.789,24,0.1294,0.744,False
Korean,QUIET,i,1.164,14,0.1393,0.7598,False
Korean,SMOOTH,h,0.715,53,0.1443,0.7638,False
Korean,SMOOTH,s,-0.682,15,0.1443,0.7638,False
Korean,QUIET,e,1.381,3,0.1493,0.7676,False
Korean,SHARP,ɐ,-0.838,26,0.1493,0.7676,False
Korean,DARK,j,1.072,12,0.1542,0.7711,False
Korean,ROUND,ɐ,-0.763,34,0.1542,0.7711,False
Korean,SLOW,p,-1.125,3,0.1592,0.7851,False
Korean,SMALL,n,0.811,33,0.1891,0.8102,False
Korean,SMALL,t,0.711,21,0.1891,0.8102,False
Korean,ROUND,ŋ,0.681,14,0.1692,0.8102,False
Korean,SHARP,ʌ,0.656,26,0.1741,0.8102,False
Korean,ROUND,m,0.646,18,0.1841,0.8102,False
Korean,QUIET,s,1.103,7,0.209,0.8107,False
Korean,BRIGHT,ɾ,1.049,6,0.2139,0.8107,False
Korean,FAST,m,-0.71,6,0.2139,0.8107,False
Korean,SHARP,p,0.678,14,0.194,0.8107,False
Korean,SMOOTH,t͡ʃ,-0.607,6,0.2139,0.8107,False
Korean,SLOW,ɯ,0.828,11,0.2289,0.8322,False
Korean,SHARP,d,-0.694,8,0.2338,0.8418,False
Korean,FAST,ʌ,-0.768,15,0.2388,0.8428,False
Korean,SMALL,ɫ,-0.623,6,0.2388,0.8428,False
Korean,ROUND,ʌ,-0.63,17,0.2438,0.8521,False
Korean,QUIET,o,1.139,6,0.2488,0.8529,False
Korean,SMOOTH,u,-0.589,19,0.2488,0.8529,False
Korean,BIG,ɐ,-1.174,5,0.2587,0.8559,False
Korean,BRIGHT,q,-1.003,3,0.2687,0.8559,False
Korean,BRIGHT,s,0.996,8,0.2687,0.8559,False
Korean,SMALL,e,0.8,7,0.2587,0.8559,False
Korean,DARK,t,-0.789,4,0.2687,0.8559,False
Korean,FAST,ɫ,-0.601,7,0.2637,0.8559,False
Korean,SMOOTH,w,-0.477,9,0.2736,0.8566,False
Korean,SMALL,ɯ,-0.593,8,0.2836,0.8801,False
Korean,ROUND,t͡ʃ,-0.562,3,0.2886,0.8803,False
Korean,SMOOTH,d,0.511,67,0.2886,0.8803,False
Korean,BRIGHT,t͡ɕ,1.12,4,0.2985,0.9015,False
Korean,BIG,ɯ,1.013,4,0.3532,0.9015,False
Korean,BIG,n,-0.995,4,0.3682,0.9015,False
Korean,BRIGHT,e,0.954,3,0.3383,0.9015,False
Korean,QUIET,m,0.949,6,0.3085,0.9015,False
Korean,BIG,m,0.939,4,0.3582,0.9015,False
Korean,QUIET,ʌ,-0.899,4,0.3085,0.9015,False
Korean,BRIGHT,ʌ,0.828,12,0.3483,0.9015,False
Korean,SLOW,u,-0.708,4,0.3383,0.9015,False
Korean,FAST,t͡ɕ,-0.69,3,0.3234,0.9015,False
Korean,SMALL,ɐ,0.618,54,0.3134,0.9015,False
Korean,SMALL,w,-0.596,3,0.3184,0.9015,False
Korean,SMALL,s,-0.548,7,0.3134,0.9015,False
Korean,SHARP,k͡h,0.547,4,0.3333,0.9015,False
Korean,SHARP,d͡ʑ,-0.545,3,0.3333,0.9015,False
Korean,SHARP,ɾ,0.54,11,0.3582,0.9015,False
Korean,SHARP,w,-0.534,3,0.3532,0.9015,False
Korean,SHARP,t͡ɕ,0.526,7,0.3184,0.9015,False
Korean,SMOOTH,t͡ɕ,0.476,19,0.3085,0.9015,False
Korean,ROUND,d,-0.453,14,0.3582,0.9015,False
Korean,SMOOTH,ɯ,0.452,37,0.3532,0.9015,False
Korean,SMOOTH,ɛ,-0.436,14,0.3682,0.9015,False
Korean,SMOOTH,ɫ,-0.391,22,0.3781,0.9075,False
Korean,SLOW,j,-0.641,3,0.393,0.9309,False
Korean,SLOW,ɫ,-0.614,4,0.393,0.9309,False
Korean,LOUD,i,1.211,3,0.5771,0.9548,False
Korean,QUIET,w,0.791,3,0.4478,0.9548,False
Korean,BRIGHT,ŋ,0.748,5,0.4826,0.9548,False
Korean,BIG,i,-0.746,5,0.5174,0.9548,False
Korean,QUIET,d͡ʑ,0.735,3,0.4527,0.9548,False
Korean,QUIET,u,0.634,7,0.4925,0.9548,False
Korean,SLOW,ɛ,0.624,7,0.4279,0.9548,False
Korean,BRIGHT,t,0.622,8,0.5423,0.9548,False
Korean,BRIGHT,h,0.614,8,0.5274,0.9548,False
Korean,BRIGHT,d,-0.602,4,0.4876,0.9548,False
Korean,QUIET,ɾ,0.543,4,0.5522,0.9548,False
Korean,BIG,ʌ,0.519,6,0.6617,0.9548,False
Korean,DARK,p,-0.502,6,0.4527,0.9548,False
Korean,QUIET,t͡ʃ,0.497,3,0.592,0.9548,False
Korean,FAST,d͡ʑ,-0.478,4,0.4229,0.9548,False
Korean,SLOW,w,0.474,5,0.5572,0.9548,False
Korean,DARK,b,0.464,4,0.5572,0.9548,False
Korean,ROUND,p,0.459,16,0.4129,0.9548,False
Korean,QUIET,n,0.452,10,0.6318,0.9548,False
Korean,FAST,o,-0.447,10,0.5075,0.9548,False
Korean,BIG,ɫ,0.443,4,0.6567,0.9548,False
Korean,SLOW,t,-0.436,6,0.5572,0.9548,False
Korean,FAST,s,0.414,17,0.5075,0.9548,False
Korean,BRIGHT,d͡ʑ,0.407,3,0.6915,0.9548,False
Korean,SLOW,o,-0.406,6,0.5721,0.9548,False
Korean,SMALL,k͡h,0.403,4,0.4975,0.9548,False
Korean,QUIET,ɐ,-0.403,12,0.6468,0.9548,False
Korean,DARK,o,0.401,10,0.592,0.9548,False
Korean,SHARP,ɫ,0.398,16,0.4279,0.9548,False
Korean,SHARP,i,-0.382,24,0.4975,0.9548,False
Korean,DARK,ɾ,0.381,8,0.5522,0.9548,False
Korean,SLOW,p͡h,0.376,4,0.6368,0.9548,False
Korean,BIG,d,-0.368,3,0.7463,0.9548,False
Korean,FAST,p͡h,-0.364,3,0.607,0.9548,False
Korean,DARK,d͡ʑ,-0.352,3,0.5871,0.9548,False
Korean,ROUND,s,-0.345,10,0.4478,0.9548,False
Korean,SLOW,i,0.342,22,0.6318,0.9548,False
Korean,SMALL,ʌ,0.34,25,0.5821,0.9548,False
Korean,SMALL,t͡ʃ,-0.332,4,0.6269,0.9548,False
Korean,DARK,t͡ɕ,-0.332,3,0.6617,0.9548,False
Korean,DARK,m,-0.328,6,0.5622,0.9548,False
Korean,DARK,ɯ,-0.328,7,0.597,0.9548,False
Korean,SLOW,h,0.324,12,0.607,0.9548,False
Korean,DARK,t͡ʃ,-0.31,3,0.6617,0.9548,False
Korean,ROUND,d͡ʑ,-0.301,5,0.5473,0.9548,False
Korean,ROUND,i,0.3,38,0.5672,0.9548,False
Korean,SMOOTH,o,-0.299,25,0.5423,0.9548,False
Korean,DARK,ɫ,-0.297,7,0.607,0.9548,False
Korean,SMOOTH,d͡ʑ,0.296,18,0.5025,0.9548,False
Korean,FAST,u,-0.294,12,0.5323,0.9548,False
Korean,SMALL,m,0.293,13,0.5721,0.9548,False
Korean,FAST,t,-0.286,12,0.6418,0.9548,False
Korean,QUIET,ɛ,0.282,3,0.7562,0.9548,False
Korean,SMOOTH,p,0.28,33,0.5771,0.9548,False
Korean,FAST,ɛ,-0.279,7,0.7214,0.9548,False
Korean,FAST,j,-0.275,8,0.7164,0.9548,False
Korean,QUIET,h,0.273,6,0.7662,0.9548,False
Korean,SMOOTH,j,0.271,28,0.5821,0.9548,False
Korean,SHARP,t,-0.268,10,0.6716,0.9548,False
Korean,DARK,u,-0.265,8,0.6766,0.9548,False
Korean,FAST,ɾ,-0.26,8,0.7114,0.9548,False
Korean,QUIET,d,-0.26,5,0.7811,0.9548,False
Korean,SMALL,o,-0.258,10,0.7065,0.9548,False
Korean,BRIGHT,t͡ʃ,0.254,3,0.7662,0.9548,False
Korean,SMALL,ŋ,0.253,10,0.6567,0.9548,False
Korean,BRIGHT,i,0.252,13,0.7562,0.9548,False
Korean,BRIGHT,o,-0.251,4,0.796,0.9548,False
Korean,FAST,b,-0.239,3,0.7413,0.9548,False
Korean,FAST,ɡ,-0.238,9,0.6617,0.9548,False
Korean,ROUND,u,-0.237,13,0.6667,0.9548,False
Korean,SHARP,p͡h,0.234,5,0.7612,0.9548,False
Korean,SHARP,ɯ,0.227,12,0.6866,0.9548,False
Korean,ROUND,t,-0.225,13,0.7114,0.9548,False
Korean,SHARP,ɛ,-0.219,6,0.6965,0.9548,False
Korean,SHARP,u,0.214,15,0.7463,0.9548,False
Korean,QUIET,q,0.213,6,0.801,0.9548,False
Korean,SMOOTH,k͡h,0.207,9,0.7313,0.9548,False
Korean,DARK,ʌ,-0.205,14,0.7761,0.9548,False
Korean,SHARP,j,-0.204,7,0.7313,0.9548,False
Korean,ROUND,ɡ,0.192,15,0.7512,0.9548,False
Korean,SMALL,d,-0.191,16,0.7463,0.9548,False
Korean,ROUND,b,0.179,5,0.791,0.9548,False
Korean,DARK,n,-0.172,18,0.7562,0.9548,False
Korean,SMOOTH,ɡ,-0.156,23,0.7114,0.9548,False
Korean,ROUND,q,0.147,20,0.7861,0.9548,False
Korean,SMOOTH,ɾ,-0.147,20,0.6816,0.9548,False
Korean,ROUND,ɫ,-0.146,13,0.7761,0.9548,False
Korean,SMOOTH,ʌ,-0.144,51,0.7114,0.9548,False
Korean,SMALL,p͡h,0.137,5,0.801,0.9548,False
Korean,SMOOTH,e,0.128,12,0.796,0.9548,False
Korean,SMOOTH,m,0.125,30,0.791,0.9548,False
Korean,BIG,h,0.261,4,0.8109,0.9635,False
Korean,BRIGHT,p,-0.202,4,0.8308,0.9649,False
Korean,SMALL,ɛ,-0.125,7,0.8259,0.9649,False
Korean,DARK,ɐ,-0.101,30,0.8259,0.9649,False
Korean,SMOOTH,ŋ,-0.095,21,0.8209,0.9649,False
Korean,FAST,w,0.153,7,0.8458,0.9666,False
Korean,FAST,ɯ,0.132,14,0.8458,0.9666,False
Korean,BIG,ɡ,0.223,3,0.8557,0.9669,False
Korean,BIG,q,0.204,4,0.8756,0.9669,False
Korean,BRIGHT,ɯ,0.143,5,0.8756,0.9669,False
Korean,SLOW,s,-0.114,7,0.8607,0.9669,False
Korean,SMALL,h,0.11,17,0.8657,0.9669,False
Korean,SLOW,q,-0.106,10,0.8756,0.9669,False
Korean,SMALL,u,0.093,15,0.8756,0.9669,False
Korean,ROUND,w,-0.08,6,0.8507,0.9669,False
Korean,DARK,ɡ,-0.101,7,0.8856,0.9686,False
Korean,SHARP,t͡ʃ,0.088,6,0.8905,0.9686,False
Korean,SHARP,ɡ,-0.087,9,0.8905,0.9686,False
Korean,BRIGHT,ɐ,0.119,18,0.9154,0.975,False
Korean,SLOW,e,0.096,3,0.9154,0.975,False
Korean,ROUND,t͡ɕ,-0.062,6,0.9104,0.975,False
Korean,DARK,ŋ,-0.083,6,0.9254,0.976,False
Korean,FAST,e,0.061,5,0.9353,0.976,False
Korean,ROUND,j,-0.047,10,0.9303,0.976,False
Korean,FAST,h,-0.045,18,0.9303,0.976,False
Korean,BRIGHT,m,-0.095,4,0.9453,0.9779,False
Korean,SHARP,s,0.04,11,0.9552,0.9797,False
Korean,FAST,i,0.025,34,0.9502,0.9797,False
Korean,SMOOTH,t,-0.036,34,0.9602,0.982,False
Korean,QUIET,ŋ,0.059,3,0.9751,0.9917,False
Korean,DARK,e,-0.034,3,0.99,0.9928,False
Korean,SMALL,q,-0.02,16,0.9801,0.9928,False
Korean,SLOW,ɡ,-0.012,7,0.99,0.9928,False
Korean,SHARP,ŋ,0.004,8,0.99,0.9928,False
Korean,BIG,t,-0.021,3,0.995,0.995,False
Russian,SLOW,tʲ,3.127,34,0.005,0.4975,False
Russian,BRIGHT,ɕ,3.114,3,0.005,0.4975,False
Russian,SHARP,ɭʲ,2.249,6,0.005,0.4975,False
Russian,SMALL,dʲ,2.183,10,0.005,0.4975,False
Russian,SHARP,ɛ,2.838,3,0.01,0.5427,False
Russian,SHARP,k,2.336,18,0.01,0.5427,False
Russian,BIG,b,2.255,6,0.01,0.5427,False
Russian,SMOOTH,y,1.869,41,0.01,0.5427,False
Russian,SLOW,t,-1.972,3,0.0149,0.6889,False
Russian,SMOOTH,d,1.566,22,0.0149,0.6889,False
Russian,BRIGHT,vʲ,2.705,4,0.0199,0.7024,False
Russian,SMOOTH,i,-1.484,26,0.0199,0.7024,False
Russian,QUIET,ɪ,2.109,3,0.0398,0.7463,False
Russian,QUIET,m,2.094,5,0.0299,0.7463,False
Russian,BIG,ɡ,2.074,5,0.0398,0.7463,False
Russian,SLOW,ʒ,1.737,5,0.0398,0.7463,False
Russian,FAST,d,1.653,12,0.0249,0.7463,False
Russian,DARK,j,1.588,18,0.0348,0.7463,False
Russian,FAST,p,1.558,17,0.0299,0.7463,False
Russian,ROUND,k,1.549,35,0.0249,0.7463,False
Russian,ROUND,ɡ,1.23,12,0.0299,0.7463,False
Russian,SMOOTH,x,1.205,14,0.0348,0.7463,False
Russian,SMOOTH,a,-1.149,5,0.0249,0.7463,False
Russian,BRIGHT,dʲ,1.811,3,0.0448,0.7902,False
Russian,SHARP,ʌ,-1.583,7,0.0498,0.8292,False
Russian,DARK,e,1.486,12,0.0498,0.8292,False
Russian,QUIET,i,2.054,10,0.0697,0.8529,False
Russian,BIG,ʒ,2.029,3,0.0597,0.8529,False
Russian,SHARP,ɑ,1.632,13,0.0647,0.8529,False
Russian,SLOW,t͡s,1.516,5,0.0597,0.8529,False
Russian,SMALL,ʌ,1.383,66,0.0697,0.8529,False
Russian,SMALL,ɑ,-1.359,11,0.0697,0.8529,False
Russian,ROUND,a,1.3,19,0.0697,0.8529,False
Russian,SMALL,u,-1.245,4,0.0697,0.8529,False
Russian,ROUND,y,-1.21,5,0.0597,0.8529,False
Russian,LOUD,u,2.547,3,0.0746,0.8611,False
Russian,BIG,y,2.003,7,0.0746,0.8611,False
Russian,ROUGH,ɭ,2.548,3,0.0896,0.8652,False
Russian,BRIGHT,sʲ,1.864,4,0.0995,0.8652,False
Russian,BIG,ʃ,1.726,5,0.0896,0.8652,False
Russian,BIG,r,1.72,10,0.0846,0.8652,False
Russian,SHARP,o,1.467,12,0.0846,0.8652,False
Russian,ROUND,j͡a,1.319,5,0.0896,0.8652,False
Russian,SLOW,ɑ,1.303,17,0.0945,0.8652,False
Russian,SMALL,t,1.166,25,0.0995,0.8652,False
Russian,SMOOTH,ʒ,1.037,12,0.0846,0.8652,False
Russian,SMOOTH,j,0.886,39,0.0896,0.8652,False
Russian,SMOOTH,o,0.84,46,0.0995,0.8652,False
Russian,QUIET,nʲ,1.833,3,0.1144,0.9154,False
Russian,BRIGHT,ʌ,-1.598,6,0.1144,0.9154,False
Russian,DARK,rʲ,1.245,7,0.1095,0.9154,False
Russian,BRIGHT,a,1.42,7,0.1194,0.9287,False
Russian,SLOW,pʲ,1.368,5,0.1294,0.9287,False
Russian,SLOW,p,1.293,9,0.1393,0.9287,False
Russian,FAST,o,-1.231,8,0.1294,0.9287,False
Russian,SMALL,nʲ,1.046,13,0.1393,0.9287,False
Russian,DARK,y,-1.03,4,0.1343,0.9287,False
Russian,ROUND,vʲ,1.025,6,0.1393,0.9287,False
Russian,SMOOTH,v,-0.766,10,0.1343,0.9287,False
Russian,SMOOTH,t,0.764,41,0.1393,0.9287,False
Russian,LOUD,m,2.205,3,0.1443,0.9409,False
Russian,SMOOTH,nʲ,-0.75,8,0.1443,0.9409,False
Russian,BIG,o,1.409,9,0.1592,0.9564,False
Russian,SHARP,i,-1.191,7,0.1642,0.9564,False
Russian,SHARP,p,1.115,6,0.1642,0.9564,False
Russian,SMALL,r,-0.84,7,0.1642,0.9564,False
Russian,DARK,r,1.033,17,0.1692,0.9575,False
Russian,ROUGH,n,2.029,4,0.2338,0.9967,False
Russian,ROUGH,s,1.953,3,0.3483,0.9967,False
Russian,LOUD,t,1.803,3,0.3383,0.9967,False
Russian,LOUD,n,1.66,4,0.3731,0.9967,False
Russian,ROUGH,ɑ,1.493,3,0.3731,0.9967,False
Russian,LOUD,ʌ,1.482,7,0.4577,0.9967,False
Russian,ROUGH,ʌ,1.245,6,0.5871,0.9967,False
Russian,BRIGHT,s,1.229,9,0.2388,0.9967,False
Russian,BIG,nʲ,1.104,4,0.2985,0.9967,False
Russian,SHARP,t͡s,1.094,3,0.204,0.9967,False
Russian,BIG,j,1.092,7,0.2488,0.9967,False
Russian,SHARP,rʲ,1.064,4,0.1841,0.9967,False
Russian,BIG,d,1.036,3,0.3532,0.9967,False
Russian,SHARP,a,1.031,7,0.194,0.9967,False
Russian,SHARP,b,1.03,5,0.2338,0.9967,False
Russian,BRIGHT,i,1.013,15,0.3433,0.9967,False
Russian,BIG,i,-1.003,6,0.3184,0.9967,False
Russian,SMALL,a,-0.965,4,0.194,0.9967,False
Russian,QUIET,ʌ,-0.953,5,0.4925,0.9967,False
Russian,BRIGHT,n,-0.917,4,0.3333,0.9967,False
Russian,FAST,k,-0.914,6,0.2289,0.9967,False
Russian,SHARP,e,0.909,6,0.2736,0.9967,False
Russian,ROUND,mʲ,0.899,6,0.1841,0.9967,False
Russian,BRIGHT,ɪ,0.883,4,0.4527,0.9967,False
Russian,BRIGHT,b,0.86,4,0.3632,0.9967,False
Russian,FAST,t,-0.848,12,0.2438,0.9967,False
Russian,FAST,e,-0.84,5,0.194,0.9967,False
Russian,SLOW,n,-0.83,7,0.3433,0.9967,False
Russian,SHARP,n,-0.821,5,0.3184,0.9967,False
Russian,BRIGHT,e,0.8,5,0.398,0.9967,False
Russian,ROUND,j,-0.799,6,0.2537,0.9967,False
Russian,BRIGHT,u,0.799,6,0.4328,0.9967,False
Russian,SHARP,s,0.791,9,0.3582,0.9967,False
Russian,ROUND,r,0.788,23,0.2438,0.9967,False
Russian,ROUND,e,0.774,14,0.199,0.9967,False
Russian,SMALL,ɭ,-0.749,8,0.209,0.9967,False
Russian,SLOW,rʲ,0.748,5,0.3831,0.9967,False
Russian,FAST,v,0.733,12,0.3284,0.9967,False
Russian,FAST,i,0.73,39,0.3234,0.9967,False
Russian,DARK,b,0.714,7,0.3582,0.9967,False
Russian,BRIGHT,k,-0.705,3,0.4726,0.9967,False
Russian,DARK,nʲ,-0.701,3,0.3582,0.9967,False
Russian,SHARP,r,0.7,9,0.408,0.9967,False
Russian,DARK,ɭ,0.698,12,0.3682,0.9967,False
Russian,FAST,r,0.698,22,0.3333,0.9967,False
Russian,QUIET,u,0.695,3,0.6567,0.9967,False
Russian,DARK,u,-0.684,5,0.408,0.9967,False
Russian,DARK,ɪ,0.677,7,0.4229,0.9967,False
Russian,SMALL,kʲ,0.671,3,0.408,0.9967,False
Russian,FAST,tʲ,0.662,25,0.3433,0.9967,False
Russian,FAST,ɪ,-0.662,5,0.3582,0.9967,False
Russian,SMOOTH,e,0.652,25,0.1891,0.9967,False
Russian,DARK,a,-0.651,4,0.4229,0.9967,False
Russian,SMALL,v,0.644,12,0.3383,0.9967,False
Russian,FAST,y,0.631,15,0.398,0.9967,False
Russian,DARK,v,-0.62,4,0.4179,0.9967,False
Russian,SMALL,i,0.617,39,0.3483,0.9967,False
Russian,DARK,t,-0.616,9,0.4229,0.9967,False
Russian,SLOW,ɭ,-0.616,5,0.4428,0.9967,False
Russian,DARK,ɡ,0.613,6,0.4527,0.9967,False
Russian,FAST,ɑ,-0.601,16,0.3881,0.9967,False
Russian,SMALL,b,-0.597,3,0.408,0.9967,False
Russian,ROUND,nʲ,-0.592,5,0.3085,0.9967,False
Russian,SMOOTH,n,0.589,50,0.2786,0.9967,False
Russian,LOUD,i,0.586,4,0.7761,0.9967,False
Russian,ROUND,b,-0.582,3,0.3035,0.9967,False
Russian,SHARP,t͡ʃʲ,0.573,4,0.4279,0.9967,False
Russian,SLOW,z,0.572,5,0.5174,0.9967,False
Russian,QUIET,ɑ,-0.57,3,0.6468,0.9967,False
Russian,ROUND,ɭ,0.562,17,0.4279,0.9967,False
Russian,SMOOTH,ɭʲ,-0.558,7,0.2687,0.9967,False
Russian,FAST,rʲ,0.558,8,0.3881,0.9967,False
Russian,SMALL,ʃ,-0.552,3,0.4229,0.9967,False
Russian,DARK,p,-0.547,4,0.3781,0.9967,False
Russian,FAST,ɭʲ,0.539,8,0.4328,0.9967,False
Russian,FAST,ʃ,-0.535,3,0.4378,0.9967,False
Russian,ROUND,ɭʲ,0.53,8,0.3831,0.9967,False
Russian,SMOOTH,u,-0.521,16,0.2488,0.9967,False
Russian,SMALL,j,0.511,18,0.4229,0.9967,False
Russian,SMOOTH,rʲ,-0.506,8,0.2886,0.9967,False
Russian,ROUND,tʲ,-0.503,9,0.403,0.9967,False
Russian,SMALL,sʲ,0.494,7,0.4577,0.9967,False
Russian,FAST,nʲ,0.491,10,0.5174,0.9967,False
Russian,SMOOTH,z,-0.49,6,0.393,0.9967,False
Russian,BRIGHT,ɑ,-0.475,6,0.6667,0.9967,False
Russian,FAST,dʲ,0.461,4,0.5473,0.9967,False
Russian,ROUND,n,-0.457,16,0.4776,0.9967,False
Russian,SMALL,s,-0.456,13,0.5274,0.9967,False
Russian,SMALL,n,0.454,26,0.5174,0.9967,False
Russian,SMALL,tʲ,-0.451,10,0.4975,0.9967,False
Russian,FAST,n,-0.449,16,0.5672,0.9967,False
Russian,SMALL,o,0.446,22,0.4776,0.9967,False
Russian,DARK,m,-0.438,3,0.5672,0.9967,False
Russian,BRIGHT,t,0.427,7,0.7164,0.9967,False
Russian,SMALL,ɡ,-0.426,4,0.4826,0.9967,False
Russian,FAST,ɭ,-0.426,10,0.6219,0.9967,False
Russian,QUIET,k,0.422,4,0.7463,0.9967,False
Russian,BIG,s,-0.42,4,0.7463,0.9967,False
Russian,SMOOTH,t͡ʃʲ,0.419,17,0.3632,0.9967,False
Russian,ROUND,s,-0.408,13,0.5025,0.9967,False
Russian,SHARP,t,0.405,8,0.6219,0.9967,False
Russian,ROUND,pʲ,0.404,5,0.4428,0.9967,False
Russian,SLOW,s,0.402,11,0.6169,0.9967,False
Russian,FAST,vʲ,0.399,4,0.6318,0.9967,False
Russian,DARK,tʲ,-0.397,7,0.6368,0.9967,False
Russian,ROUND,v,-0.394,7,0.5274,0.9967,False
Russian,FAST,t͡ʃʲ,-0.384,5,0.5672,0.9967,False
Russian,SLOW,v,0.376,6,0.6269,0.9967,False
Russian,SMOOTH,vʲ,-0.366,3,0.4428,0.9967,False
Russian,DARK,ɭʲ,-0.365,3,0.5572,0.9967,False
Russian,SMOOTH,ʌ,0.361,90,0.4378,0.9967,False
Russian,SMALL,t͡ʃʲ,0.357,9,0.6219,0.9967,False
Russian,SMALL,z,-0.357,4,0.5871,0.9967,False
Russian,SMALL,e,0.354,12,0.5572,0.9967,False
Russian,BIG,t,0.354,6,0.7164,0.9967,False
Russian,FAST,t͡s,0.353,5,0.6368,0.9967,False
Russian,SMALL,p,0.345,11,0.597,0.9967,False
Russian,FAST,u,0.345,14,0.6617,0.9967,False
Russian,SMOOTH,m,-0.344,10,0.5323,0.9967,False
Russian,ROUND,d,0.341,7,0.5871,0.9967,False
Russian,DARK,ɑ,-0.337,12,0.6567,0.9967,False
Russian,FAST,j,-0.337,10,0.6269,0.9967,False
Russian,BIG,k,-0.329,4,0.7612,0.9967,False
Russian,SHARP,y,-0.327,4,0.7164,0.9967,False
Russian,SMOOTH,ʃ,-0.319,8,0.5075,0.9967,False
Russian,FAST,ʌ,0.315,47,0.6119,0.9967,False
Russian,BIG,ɑ,0.314,7,0.7612,0.9967,False
Russian,SHARP,z,0.314,3,0.7562,0.9967,False
Russian,SMOOTH,tʲ,-0.306,22,0.5423,0.9967,False
Russian,SMALL,t͡s,0.3,5,0.6517,0.9967,False
Russian,DARK,ʃ,-0.28,3,0.7164,0.9967,False
Russian,ROUND,m,-0.269,6,0.6169,0.9967,False
Russian,ROUND,ʌ,-0.269,38,0.6667,0.9967,False
Russian,SLOW,ɭʲ,0.267,4,0.7612,0.9967,False
Russian,SHARP,tʲ,-0.265,5,0.7463,0.9967,False
Russian,ROUND,i,-0.248,28,0.6866,0.9967,False
Russian,DARK,sʲ,0.247,4,0.7861,0.9967,False
Russian,SLOW,k,-0.241,8,0.7761,0.9967,False
Russian,ROUND,ɑ,0.231,22,0.6965,0.9967,False
Russian,SMALL,ɭʲ,0.225,7,0.791,0.9967,False
Russian,SMOOTH,t͡s,-0.224,6,0.6617,0.9967,False
Russian,BIG,ʌ,-0.223,12,0.8607,0.9967,False
Russian,SHARP,ʃ,0.217,3,0.7711,0.9967,False
Russian,ROUND,p,0.214,10,0.7811,0.9967,False
Russian,SMOOTH,dʲ,0.213,6,0.6269,0.9967,False
Russian,SMALL,rʲ,0.209,7,0.7313,0.9967,False
Russian,DARK,o,0.204,13,0.7861,0.9967,False
Russian,BIG,v,0.203,3,0.9005,0.9967,False
Russian,SMALL,mʲ,0.202,4,0.7264,0.9967,False
Russian,ROUND,t,-0.199,16,0.791,0.9967,False
Russian,SMOOTH,ɪ,0.198,16,0.7065,0.9967,False
Russian,SMOOTH,ɡ,0.195,13,0.7214,0.9967,False
Russian,SMOOTH,s,0.194,33,0.6567,0.9967,False
Russian,FAST,ɡ,-0.194,5,0.791,0.9967,False
Russian,QUIET,o,-0.192,3,0.8856,0.9967,False
Russian,SLOW,ɪ,-0.184,4,0.8458,0.9967,False
Russian,BRIGHT,r,0.182,6,0.8209,0.9967,False
Russian,ROUND,u,0.179,13,0.7463,0.9967,False
Russian,ROUND,ɪ,-0.177,7,0.7413,0.9967,False
Russian,SLOW,e,-0.177,5,0.8259,0.9967,False
Russian,SMALL,y,-0.17,11,0.8209,0.9967,False
Russian,SMOOTH,p,-0.166,15,0.7463,0.9967,False
Russian,BRIGHT,ɭ,0.156,5,0.8308,0.9967,False
Russian,DARK,k,-0.154,10,0.801,0.9967,False
Russian,DARK,s,-0.15,10,0.8806,0.9967,False
Russian,QUIET,t,-0.149,3,0.8806,0.9967,False
Russian,SMALL,m,0.146,10,0.8358,0.9967,False
Russian,SMOOTH,ɕ,0.139,3,0.8259,0.9967,False
Russian,SLOW,ʌ,-0.137,23,0.8507,0.9967,False
Russian,FAST,s,-0.136,15,0.8209,0.9967,False
Russian,SMOOTH,r,-0.131,26,0.7861,0.9967,False
Russian,FAST,x,-0.13,3,0.8806,0.9967,False
Russian,SLOW,r,-0.123,8,0.8905,0.9967,False
Russian,SLOW,d,-0.119,3,0.8706,0.9967,False
Russian,FAST,b,0.118,7,0.8557,0.9967,False
Russian,SMOOTH,ɭ,0.115,26,0.806,0.9967,False
Russian,SMOOTH,k,0.114,34,0.7761,0.9967,False
Russian,FAST,a,0.109,11,0.9154,0.9967,False
Russian,BRIGHT,o,-0.108,6,0.9005,0.9967,False
Russian,SHARP,ɭ,-0.107,5,0.8607,0.9967,False
Russian,SMOOTH,f,-0.107,3,0.8706,0.9967,False
Russian,QUIET,n,0.107,4,0.9104,0.9967,False
Russian,SLOW,i,-0.106,17,0.9254,0.9967,False
Russian,ROUND,o,-0.105,17,0.9055,0.9967,False
Russian,SLOW,y,0.105,7,0.9204,0.9967,False
Russian,BIG,a,-0.097,3,0.9254,0.9967,False
Russian,SMOOTH,ɑ,-0.089,37,0.9104,0.9967,False
Russian,DARK,i,-0.079,20,0.9005,0.9967,False
Russian,DARK,d,0.078,4,0.9204,0.9967,False
Russian,BRIGHT,p,-0.073,3,0.9751,0.9967,False
Russian,BRIGHT,tʲ,0.073,6,0.9602,0.9967,False
Russian,BRIGHT,v,-0.063,3,0.9502,0.9967,False
Russian,FAST,z,0.055,6,0.9403,0.9967,False
Russian,ROUND,sʲ,-0.053,5,0.9453,0.9967,False
Russian,SLOW,u,0.053,7,0.9453,0.9967,False
Russian,DARK,z,0.046,4,0.9701,0.9967,False
Russian,FAST,m,-0.041,8,0.9552,0.9967,False
Russian,SMALL,d,0.038,6,0.9751,0.9967,False
Russian,DARK,n,0.03,14,0.9552,0.9967,False
Russian,ROUND,t͡s,0.029,4,0.9701,0.9967,False
Russian,SMALL,k,-0.022,17,0.9801,0.9967,False
Russian,DARK,ʌ,-0.022,28,0.9652,0.9967,False
Russian,BIG,ɭ,-0.02,4,0.99,0.9967,False
Russian,SLOW,a,0.019,6,0.99,0.9967,False
Russian,ROUND,rʲ,-0.017,6,0.9801,0.9967,False
Russian,SLOW,sʲ,0.017,3,0.9801,0.9967,False
Russian,SMALL,ɪ,0.014,8,0.9851,0.9967,False
Russian,ROUND,t͡ʃʲ,0.009,7,0.9851,0.9967,False
Russian,SMOOTH,b,0.007,12,0.995,0.9967,False
Russian,SLOW,t͡ʃʲ,0.004,4,0.995,0.9967,False
Russian,FAST,ʒ,0.015,3,1.0,1.0,False
Spanish,SHARP,ʎ,3.054,8,0.005,0.2985,False
Spanish,BIG,β,3.051,6,0.005,0.2985,False
Spanish,BRIGHT,ɛ,2.974,3,0.01,0.2985,False
Spanish,BRIGHT,f,2.905,6,0.005,0.2985,False
Spanish,SHARP,ɣ,2.439,6,0.01,0.2985,False
Spanish,QUIET,n,2.357,19,0.01,0.2985,False
Spanish,SMALL,d,2.188,12,0.005,0.2985,False
Spanish,SLOW,o,-2.129,9,0.005,0.2985,False
Spanish,SLOW,ɾ,1.925,54,0.01,0.2985,False
Spanish,SMALL,m,1.918,18,0.01,0.2985,False
Spanish,ROUGH,ɡ,3.122,3,0.0149,0.3918,False
Spanish,BIG,t͡ʃ,2.723,3,0.0149,0.3918,False
Spanish,SHARP,b,2.015,9,0.0249,0.6146,False
Spanish,ROUND,l,1.459,23,0.0299,0.6599,False
Spanish,DARK,l,1.765,19,0.0348,0.6965,False
Spanish,DARK,t,-1.667,8,0.0348,0.6965,False
Spanish,DARK,j,1.422,9,0.0448,0.7836,False
Spanish,DARK,i,-1.528,5,0.0498,0.8358,False
Spanish,ROUGH,e,2.629,8,0.0896,0.8548,False
Spanish,ROUGH,u,2.577,4,0.0597,0.8548,False
Spanish,BIG,w,1.964,3,0.0697,0.8548,False
Spanish,BIG,x,1.856,3,0.0846,0.8548,False
Spanish,SHARP,s,-1.773,3,0.0697,0.8548,False
Spanish,FAST,p,1.576,15,0.0846,0.8548,False
Spanish,DARK,o,1.54,54,0.0896,0.8548,False
Spanish,SLOW,i,1.529,23,0.0597,0.8548,False
Spanish,SMOOTH,ɲ,1.452,4,0.0746,0.8548,False
Spanish,DARK,b,1.358,8,0.0846,0.8548,False
Spanish,SMALL,ɣ,1.339,5,0.0896,0.8548,False
Spanish,ROUND,b,1.205,10,0.0896,0.8548,False
Spanish,SHARP,p,-1.471,3,0.0945,0.8631,False
Spanish,SLOW,p,1.375,13,0.0995,0.8892,False
Spanish,BIG,r,1.687,3,0.1244,0.9856,False
Spanish,FAST,θ,1.234,9,0.1244,0.9856,False
Spanish,ROUGH,t,2.158,4,0.2338,0.9974,False
Spanish,ROUGH,s,2.124,5,0.209,0.9974,False
Spanish,LOUD,ð,1.885,6,0.1642,0.9974,False
Spanish,LOUD,e,-1.765,8,0.1542,0.9974,False
Spanish,LOUD,θ,1.598,4,0.2189,0.9974,False
Spanish,LOUD,r,1.575,4,0.209,0.9974,False
Spanish,BIG,ɾ,-1.563,3,0.2637,0.9974,False
Spanish,LOUD,j,1.559,4,0.2836,0.9974,False
Spanish,LOUD,i,1.481,10,0.2736,0.9974,False
Spanish,BRIGHT,x,1.474,4,0.194,0.9974,False
Spanish,QUIET,j,1.385,6,0.2239,0.9974,False
Spanish,QUIET,k,1.348,12,0.2388,0.9974,False
Spanish,QUIET,w,1.225,5,0.2637,0.9974,False
Spanish,BRIGHT,t,1.205,10,0.3085,0.9974,False
Spanish,SLOW,a,1.204,53,0.1592,0.9974,False
Spanish,SHARP,o,-1.169,19,0.194,0.9974,False
Spanish,BIG,o,1.158,15,0.3483,0.9974,False
Spanish,FAST,t,-1.14,11,0.1692,0.9974,False
Spanish,SHARP,a,1.129,49,0.1741,0.9974,False
Spanish,ROUGH,ɾ,1.114,7,0.6368,0.9974,False
Spanish,LOUD,u,1.113,7,0.393,0.9974,False
Spanish,SHARP,d,1.096,7,0.194,0.9974,False
Spanish,BRIGHT,ɾ,1.089,21,0.2886,0.9974,False
Spanish,FAST,a,1.06,56,0.2687,0.9974,False
Spanish,SMALL,ɾ,-1.039,19,0.1343,0.9974,False
Spanish,FAST,m,1.016,13,0.2139,0.9974,False
Spanish,SLOW,k,-1.016,4,0.2836,0.9974,False
Spanish,ROUND,k,1.015,21,0.1443,0.9974,False
Spanish,ROUND,s,-1.01,12,0.204,0.9974,False
Spanish,BIG,a,1.006,16,0.4279,0.9974,False
Spanish,SMOOTH,w,0.967,11,0.1443,0.9974,False
Spanish,SHARP,k,0.962,14,0.2985,0.9974,False
Spanish,SMALL,i,0.947,23,0.2587,0.9974,False
Spanish,FAST,o,-0.942,25,0.2935,0.9974,False
Spanish,SLOW,r,0.938,7,0.2488,0.9974,False
Spanish,FAST,ɾ,0.913,45,0.2637,0.9974,False
Spanish,ROUND,ɾ,-0.89,25,0.2189,0.9974,False
Spanish,SMOOTH,m,0.881,20,0.1741,0.9974,False
Spanish,FAST,u,-0.872,4,0.3433,0.9974,False
Spanish,QUIET,m,0.872,8,0.403,0.9974,False
Spanish,SMALL,s,0.858,26,0.2687,0.9974,False
Spanish,SMOOTH,d,0.851,12,0.1841,0.9974,False
Spanish,ROUGH,o,0.847,7,0.6716,0.9974,False
Spanish,SMALL,a,-0.838,31,0.2637,0.9974,False
Spanish,BIG,t,0.822,6,0.5174,0.9974,False
Spanish,SMOOTH,u,-0.819,7,0.204,0.9974,False
Spanish,QUIET,ð,0.811,7,0.4179,0.9974,False
Spanish,SMALL,p,0.807,13,0.2786,0.9974,False
Spanish,SLOW,n,-0.803,12,0.3582,0.9974,False
Spanish,SLOW,m,-0.797,5,0.3234,0.9974,False
Spanish,QUIET,f,0.785,4,0.4328,0.9974,False
Spanish,SHARP,t,-0.778,11,0.3483,0.9974,False
Spanish,SHARP,t͡ʃ,0.758,4,0.3632,0.9974,False
Spanish,SHARP,e,-0.752,24,0.3284,0.9974,False
Spanish,SMOOTH,k,0.737,24,0.2637,0.9974,False
Spanish,SMOOTH,p,0.734,19,0.1891,0.9974,False
Spanish,SHARP,m,-0.715,5,0.3433,0.9974,False
Spanish,DARK,d,-0.708,3,0.3632,0.9974,False
Spanish,SMOOTH,b,-0.705,3,0.2736,0.9974,False
Spanish,DARK,e,-0.7,27,0.403,0.9974,False
Spanish,SHARP,i,0.698,17,0.4527,0.9974,False
Spanish,BIG,l,0.692,4,0.5672,0.9974,False
Spanish,DARK,x,0.674,6,0.3632,0.9974,False
Spanish,SMALL,o,0.673,49,0.3781,0.9974,False
Spanish,BIG,n,0.662,6,0.5622,0.9974,False
Spanish,BRIGHT,s,0.657,10,0.6119,0.9974,False
Spanish,SLOW,u,-0.653,5,0.4876,0.9974,False
Spanish,FAST,e,0.65,39,0.4627,0.9974,False
Spanish,SMALL,ð,0.648,11,0.3881,0.9974,False
Spanish,SMOOTH,θ,0.648,12,0.3184,0.9974,False
Spanish,ROUND,ɣ,0.635,4,0.3234,0.9974,False
Spanish,ROUND,n,0.632,26,0.3881,0.9974,False
Spanish,DARK,θ,0.602,7,0.4577,0.9974,False
Spanish,SHARP,u,0.601,12,0.4925,0.9974,False
Spanish,BRIGHT,p,0.597,5,0.607,0.9974,False
Spanish,ROUND,j,0.586,8,0.4627,0.9974,False
Spanish,SMOOTH,n,-0.578,23,0.3333,0.9974,False
Spanish,QUIET,a,-0.578,21,0.5572,0.9974,False
Spanish,SLOW,l,-0.575,6,0.4527,0.9974,False
Spanish,ROUND,r,0.563,8,0.4179,0.9974,False
Spanish,SMALL,l,0.555,14,0.4577,0.9974,False
Spanish,SLOW,ð,0.549,9,0.5323,0.9974,False
Spanish,SHARP,x,0.534,5,0.5323,0.9974,False
Spanish,QUIET,ɾ,-0.53,16,0.5871,0.9974,False
Spanish,SLOW,d,0.529,6,0.5473,0.9974,False
Spanish,SMOOTH,l,-0.528,11,0.4229,0.9974,False
Spanish,SLOW,θ,-0.528,4,0.5572,0.9974,False
Spanish,ROUND,β,-0.518,5,0.4677,0.9974,False
Spanish,SHARP,ð,-0.517,5,0.5622,0.9974,False
Spanish,BRIGHT,k,0.51,6,0.6866,0.9974,False
Spanish,FAST,β,-0.508,4,0.5622,0.9974,False
Spanish,FAST,l,-0.501,7,0.5622,0.9974,False
Spanish,FAST,i,-0.493,12,0.5672,0.9974,False
Spanish,BRIGHT,a,-0.484,15,0.6915,0.9974,False
Spanish,BRIGHT,m,-0.483,3,0.6816,0.9974,False
Spanish,SHARP,n,0.48,17,0.5771,0.9974,False
Spanish,SHARP,ɾ,-0.474,22,0.5672,0.9974,False
Spanish,SMOOTH,s,0.472,34,0.4527,0.9974,False
Spanish,DARK,β,-0.466,4,0.5075,0.9974,False
Spanish,SMOOTH,f,-0.465,3,0.4627,0.9974,False
Spanish,LOUD,l,0.453,5,0.7164,0.9974,False
Spanish,DARK,p,-0.451,7,0.5821,0.9974,False
Spanish,FAST,n,-0.444,15,0.5672,0.9974,False
Spanish,DARK,ɾ,-0.429,25,0.5622,0.9974,False
Spanish,SMOOTH,i,-0.425,20,0.5373,0.9974,False
Spanish,BRIGHT,o,-0.42,14,0.7015,0.9974,False
Spanish,FAST,k,0.416,13,0.6368,0.9974,False
Spanish,DARK,m,0.411,10,0.6318,0.9974,False
Spanish,SMOOTH,ð,0.41,15,0.5721,0.9974,False
Spanish,FAST,d,-0.4,4,0.5721,0.9974,False
Spanish,SLOW,t,0.4,17,0.6517,0.9974,False
Spanish,DARK,ð,-0.391,6,0.6915,0.9974,False
Spanish,SMOOTH,j,0.391,9,0.5871,0.9974,False
Spanish,BRIGHT,θ,0.387,3,0.806,0.9974,False
Spanish,ROUND,e,-0.383,39,0.5572,0.9974,False
Spanish,QUIET,u,0.371,8,0.7761,0.9974,False
Spanish,QUIET,l,-0.369,5,0.7562,0.9974,False
Spanish,SMALL,u,-0.363,8,0.6269,0.9974,False
Spanish,SMALL,j,-0.362,3,0.6368,0.9974,False
Spanish,SMOOTH,β,0.362,13,0.5871,0.9974,False
Spanish,QUIET,e,-0.36,20,0.7512,0.9974,False
Spanish,SMALL,t,-0.355,16,0.6468,0.9974,False
Spanish,ROUND,a,0.351,58,0.607,0.9974,False
Spanish,DARK,k,-0.35,8,0.6766,0.9974,False
Spanish,SMALL,x,-0.346,3,0.6119,0.9974,False
Spanish,LOUD,t,-0.346,6,0.791,0.9974,False
Spanish,FAST,ð,0.322,9,0.6517,0.9974,False
Spanish,ROUND,f,-0.319,3,0.6915,0.9974,False
Spanish,LOUD,s,0.314,8,0.8209,0.9974,False
Spanish,SMALL,e,0.307,39,0.7264,0.9974,False
Spanish,ROUND,u,-0.294,10,0.5871,0.9974,False
Spanish,SMOOTH,ʎ,-0.294,3,0.6866,0.9974,False
Spanish,BRIGHT,e,0.292,16,0.8259,0.9974,False
Spanish,BRIGHT,n,-0.284,7,0.8259,0.9974,False
Spanish,SMOOTH,o,0.269,65,0.6567,0.9974,False
Spanish,DARK,r,0.261,5,0.7413,0.9974,False
Spanish,QUIET,o,0.26,26,0.8209,0.9974,False
Spanish,SLOW,b,-0.256,3,0.7811,0.9974,False
Spanish,LOUD,a,-0.245,15,0.8557,0.9974,False
Spanish,DARK,t͡ʃ,0.239,3,0.801,0.9974,False
Spanish,QUIET,t,-0.23,10,0.8159,0.9974,False
Spanish,SMOOTH,t,-0.22,25,0.6866,0.9974,False
Spanish,ROUND,θ,0.213,8,0.7363,0.9974,False
Spanish,ROUND,i,0.212,21,0.801,0.9974,False
Spanish,SLOW,x,-0.202,3,0.7761,0.9974,False
Spanish,FAST,s,-0.183,16,0.8507,0.9974,False
Spanish,ROUND,m,0.169,12,0.8607,0.9974,False
Spanish,LOUD,ɾ,-0.169,12,0.8657,0.9974,False
Spanish,SMOOTH,a,-0.158,62,0.7662,0.9974,False
Spanish,ROUND,t,0.152,22,0.8458,0.9974,False
Spanish,FAST,f,0.15,4,0.8507,0.9974,False
Spanish,ROUND,w,0.146,5,0.8408,0.9974,False
Spanish,ROUND,d,-0.131,6,0.8308,0.9974,False
Spanish,SHARP,β,0.126,6,0.8856,0.9974,False
Spanish,SLOW,e,-0.126,30,0.9154,0.9974,False
Spanish,SMOOTH,e,0.124,56,0.8557,0.9974,False
Spanish,SMALL,ʎ,0.122,3,0.8607,0.9974,False
Spanish,SMALL,b,-0.119,4,0.8657,0.9974,False
Spanish,ROUND,o,-0.112,45,0.8905,0.9974,False
Spanish,SHARP,l,0.107,9,0.9104,0.9974,False
Spanish,DARK,n,-0.098,16,0.8756,0.9974,False
Spanish,SHARP,r,0.096,4,0.9353,0.9974,False
Spanish,DARK,f,-0.096,3,0.9104,0.9974,False
Spanish,BRIGHT,i,0.093,7,0.9502,0.9974,False
Spanish,ROUND,p,-0.092,11,0.8806,0.9974,False
Spanish,LOUD,k,-0.09,4,0.9602,0.9974,False
Spanish,DARK,u,0.088,10,0.8856,0.9974,False
Spanish,FAST,r,-0.086,4,0.9204,0.9974,False
Spanish,BIG,e,0.083,10,0.9303,0.9974,False
Spanish,DARK,s,-0.083,16,0.8955,0.9974,False
Spanish,SMALL,n,0.075,19,0.9204,0.9974,False
Spanish,ROUND,ɡ,-0.074,3,0.9403,0.9974,False
Spanish,SMALL,f,0.07,4,0.8955,0.9974,False
Spanish,SMALL,θ,-0.07,6,0.9254,0.9974,False
Spanish,DARK,a,-0.068,38,0.9204,0.9974,False
Spanish,QUIET,p,0.068,6,0.9502,0.9974,False
Spanish,ROUND,ʎ,-0.066,3,0.9254,0.9974,False
Spanish,SMOOTH,ɾ,0.053,53,0.9254,0.9974,False
Spanish,QUIET,s,-0.048,11,0.9403,0.9974,False
Spanish,QUIET,i,0.044,10,0.9701,0.9974,False
Spanish,SMALL,k,-0.043,11,0.9751,0.9974,False
Spanish,SLOW,β,0.04,6,0.9801,0.9974,False
Spanish,QUIET,β,-0.039,4,0.9751,0.9974,False
Spanish,FAST,j,-0.037,4,0.9502,0.9974,False
Spanish,ROUND,ð,0.034,10,0.9453,0.9974,False
Spanish,FAST,b,-0.031,4,0.9851,0.9974,False
Spanish,LOUD,n,0.025,7,0.995,0.9974,False
Spanish,LOUD,o,0.025,15,0.995,0.9974,False
Spanish,SMOOTH,ɣ,0.021,3,0.9701,0.9974,False
Spanish,SHARP,θ,0.018,5,0.995,0.9974,False
Spanish,SHARP,w,0.014,3,0.995,0.9974,False
Spanish,SLOW,s,0.012,16,0.9851,0.9974,False
Swahili,BRIGHT,ɡ,2.974,6,0.005,0.199,False
Swahili,DARK,ð,2.93,3,0.005,0.199,False
Swahili,BIG,b,2.583,9,0.005,0.199,False
Swahili,SHARP,o,2.5,30,0.005,0.199,False
Swahili,SMALL,n,2.404,29,0.005,0.199,False
Swahili,SMOOTH,h,2.114,19,0.005,0.199,False
Swahili,SLOW,k,2.027,28,0.005,0.199,False
Swahili,SMOOTH,a,1.305,126,0.005,0.199,False
Swahili,QUIET,j,3.034,4,0.01,0.2559,False
Swahili,LOUD,s,2.792,8,0.01,0.2559,False
Swahili,DARK,ɲ,2.555,7,0.01,0.2559,False
Swahili,ROUND,r,1.975,17,0.01,0.2559,False
Swahili,SMOOTH,e,-1.171,10,0.01,0.2559,False
Swahili,BRIGHT,ŋ,3.029,4,0.0149,0.3161,False
Swahili,ROUND,p,2.01,16,0.0149,0.3161,False
Swahili,SHARP,d,2.007,13,0.0149,0.3161,False
Swahili,LOUD,t,2.442,7,0.0199,0.3582,False
Swahili,FAST,h,2.148,10,0.0199,0.3582,False
Swahili,SMALL,f,1.886,8,0.0199,0.3582,False
Swahili,BIG,w,2.032,6,0.0249,0.3894,False
Swahili,FAST,ʃ,1.806,6,0.0249,0.3894,False
Swahili,SHARP,a,-1.529,33,0.0249,0.3894,False
Swahili,BIG,t͡ʃ,2.387,4,0.0299,0.4478,False
Swahili,SMOOTH,k,-1.105,21,0.0348,0.5015,False
Swahili,DARK,k,-1.538,7,0.0398,0.5307,False
Swahili,LOUD,z,2.135,4,0.0498,0.6176,False
Swahili,SHARP,l,1.346,22,0.0498,0.6176,False
Swahili,FAST,f,1.418,6,0.0597,0.6848,False
Swahili,FAST,w,1.362,12,0.0647,0.6848,False
Swahili,FAST,r,1.264,10,0.0647,0.6848,False
Swahili,SMALL,m,1.091,21,0.0647,0.6848,False
Swahili,SHARP,e,1.143,30,0.0697,0.6965,False
Swahili,SMOOTH,w,0.901,19,0.0697,0.6965,False
Swahili,BIG,u,1.702,18,0.0796,0.7164,False
Swahili,ROUND,b,1.059,18,0.0796,0.7164,False
Swahili,SMALL,t,1.131,16,0.0945,0.7398,False
Swahili,DARK,a,-1.009,30,0.0945,0.7398,False
Swahili,SMOOTH,u,-0.906,26,0.0896,0.7398,False
Swahili,SMOOTH,s,0.806,24,0.0945,0.7398,False
Swahili,SLOW,i,-1.303,17,0.0995,0.7621,False
Swahili,QUIET,i,1.713,13,0.1095,0.7922,False
Swahili,BIG,i,-1.527,7,0.1144,0.7922,False
Swahili,SLOW,ʃ,1.175,4,0.1095,0.7922,False
Swahili,ROUND,m,0.978,24,0.1144,0.7922,False
Swahili,LOUD,i,1.881,18,0.1294,0.806,False
Swahili,SMOOTH,ð,1.095,3,0.1343,0.806,False
Swahili,DARK,m,1.054,16,0.1244,0.806,False
Swahili,SHARP,p,1.001,10,0.1244,0.806,False
Swahili,DARK,w,0.952,9,0.1592,0.9396,False
Swahili,FAST,e,0.881,22,0.1642,0.9533,False
Swahili,SLOW,p,1.056,7,0.1791,0.9604,False
Swahili,SLOW,z,0.991,7,0.1791,0.9604,False
Swahili,BRIGHT,a,1.343,14,0.2537,1.0,False
Swahili,LOUD,a,1.177,21,0.2886,1.0,False
Swahili,QUIET,n,1.118,4,0.3284,1.0,False
Swahili,QUIET,u,-1.015,3,0.398,1.0,False
Swahili,DARK,t͡ʃ,0.847,5,0.3035,1.0,False
Swahili,SHARP,ʃ,0.836,5,0.2338,1.0,False
Swahili,FAST,n,-0.804,3,0.2289,1.0,False
Swahili,ROUND,o,0.768,19,0.199,1.0,False
Swahili,ROUND,i,-0.723,36,0.2687,1.0,False
Swahili,FAST,u,-0.702,16,0.3333,1.0,False
Swahili,ROUND,d,0.7,9,0.2736,1.0,False
Swahili,SLOW,s,-0.697,3,0.3383,1.0,False
Swahili,SHARP,u,-0.694,20,0.2488,1.0,False
Swahili,ROUND,k,-0.683,19,0.209,1.0,False
Swahili,DARK,e,0.664,18,0.3184,1.0,False
Swahili,DARK,r,0.64,7,0.3682,1.0,False
Swahili,SMALL,b,0.612,12,0.3582,1.0,False
Swahili,SLOW,l,-0.608,3,0.4378,1.0,False
Swahili,BIG,ɟ,0.605,4,0.4677,1.0,False
Swahili,SMOOTH,t,-0.588,8,0.2189,1.0,False
Swahili,SMOOTH,i,0.584,78,0.2687,1.0,False
Swahili,ROUND,z,-0.575,4,0.3433,1.0,False
Swahili,FAST,m,-0.57,9,0.393,1.0,False
Swahili,SLOW,a,0.57,47,0.4279,1.0,False
Swahili,SHARP,m,0.569,19,0.3433,1.0,False
Swahili,BIG,a,0.564,22,0.5771,1.0,False
Swahili,BIG,k,0.556,9,0.5274,1.0,False
Swahili,SMOOTH,l,0.553,23,0.2985,1.0,False
Swahili,SHARP,k,0.543,28,0.4527,1.0,False
Swahili,SHARP,w,-0.543,4,0.3383,1.0,False
Swahili,BIG,m,0.531,6,0.4925,1.0,False
Swahili,LOUD,u,-0.521,6,0.6517,1.0,False
Swahili,ROUND,e,0.516,26,0.4179,1.0,False
Swahili,SMOOTH,ɟ,-0.509,4,0.3184,1.0,False
Swahili,ROUND,f,-0.506,3,0.4179,1.0,False
Swahili,QUIET,a,-0.506,10,0.6617,1.0,False
Swahili,SMALL,a,-0.501,47,0.408,1.0,False
Swahili,SMALL,l,-0.499,5,0.4478,1.0,False
Swahili,SMALL,w,-0.49,4,0.393,1.0,False
Swahili,ROUND,t,0.49,14,0.3831,1.0,False
Swahili,SHARP,z,-0.488,4,0.3682,1.0,False
Swahili,SHARP,r,-0.483,5,0.403,1.0,False
Swahili,SHARP,s,-0.479,6,0.3682,1.0,False
Swahili,QUIET,o,0.479,3,0.7463,1.0,False
Swahili,SLOW,d,0.468,5,0.5124,1.0,False
Swahili,BRIGHT,u,-0.467,4,0.7612,1.0,False
Swahili,FAST,k,0.467,22,0.4726,1.0,False
Swahili,SMALL,ɡ,-0.456,4,0.4229,1.0,False
Swahili,FAST,t,-0.438,5,0.5025,1.0,False
Swahili,FAST,p,0.435,6,0.5771,1.0,False
Swahili,FAST,ɲ,0.432,3,0.5522,1.0,False
Swahili,DARK,n,-0.425,5,0.5373,1.0,False
Swahili,SMOOTH,n,0.42,22,0.408,1.0,False
Swahili,SMALL,ŋ,-0.411,3,0.5025,1.0,False
Swahili,SLOW,u,0.404,25,0.5771,1.0,False
Swahili,SHARP,ɡ,0.4,12,0.5622,1.0,False
Swahili,ROUND,ɲ,0.399,4,0.5224,1.0,False
Swahili,SHARP,n,0.396,14,0.5174,1.0,False
Swahili,FAST,a,0.396,53,0.5124,1.0,False
Swahili,SHARP,f,-0.395,3,0.5124,1.0,False
Swahili,SMALL,u,-0.381,23,0.5721,1.0,False
Swahili,DARK,d,-0.381,3,0.592,1.0,False
Swahili,SMOOTH,j,0.366,8,0.5672,1.0,False
Swahili,BRIGHT,m,0.361,3,0.7811,1.0,False
Swahili,SMALL,z,0.347,7,0.602,1.0,False
Swahili,SLOW,t,0.347,8,0.6617,1.0,False
Swahili,ROUND,t͡ʃ,-0.341,3,0.5622,1.0,False
Swahili,FAST,v,0.337,6,0.6716,1.0,False
Swahili,SHARP,t,-0.326,7,0.5871,1.0,False
Swahili,SMOOTH,m,-0.318,20,0.5423,1.0,False
Swahili,SLOW,b,-0.302,4,0.6766,1.0,False
Swahili,DARK,ɟ,0.299,7,0.6915,1.0,False
Swahili,ROUND,ʃ,0.296,4,0.6219,1.0,False
Swahili,SMOOTH,r,-0.292,9,0.5174,1.0,False
Swahili,SMOOTH,v,-0.292,3,0.6119,1.0,False
Swahili,DARK,u,0.291,25,0.6468,1.0,False
Swahili,ROUND,l,-0.289,8,0.6119,1.0,False
Swahili,ROUND,ɟ,-0.289,5,0.6219,1.0,False
Swahili,FAST,s,-0.283,6,0.6716,1.0,False
Swahili,SHARP,ŋ,-0.279,4,0.6866,1.0,False
Swahili,FAST,o,0.279,11,0.6468,1.0,False
Swahili,ROUND,a,-0.268,60,0.6468,1.0,False
Swahili,FAST,l,-0.268,6,0.6368,1.0,False
Swahili,SMALL,p,-0.267,4,0.6468,1.0,False
Swahili,SMALL,ɲ,0.256,3,0.6965,1.0,False
Swahili,SMOOTH,ŋ,0.249,11,0.597,1.0,False
Swahili,SMOOTH,z,0.246,11,0.6269,1.0,False
Swahili,SMOOTH,d,0.234,10,0.6418,1.0,False
Swahili,DARK,ŋ,0.228,5,0.7463,1.0,False
Swahili,QUIET,k,0.227,5,0.8358,1.0,False
Swahili,SMOOTH,f,0.224,7,0.6766,1.0,False
Swahili,BIG,n,0.22,4,0.806,1.0,False
Swahili,DARK,s,0.22,8,0.7214,1.0,False
Swahili,SLOW,o,0.212,9,0.796,1.0,False
Swahili,SLOW,ɡ,0.206,7,0.7512,1.0,False
Swahili,SMALL,e,0.202,19,0.7711,1.0,False
Swahili,SMALL,t͡ʃ,-0.201,3,0.7761,1.0,False
Swahili,FAST,i,-0.201,32,0.7363,1.0,False
Swahili,SMALL,i,0.2,42,0.806,1.0,False
Swahili,SMALL,k,-0.198,20,0.7065,1.0,False
Swahili,ROUND,ŋ,-0.187,5,0.7612,1.0,False
Swahili,ROUND,n,-0.178,10,0.7811,1.0,False
Swahili,QUIET,e,0.178,4,0.8756,1.0,False
Swahili,SMOOTH,o,-0.175,16,0.6617,1.0,False
Swahili,SLOW,f,0.172,3,0.8209,1.0,False
Swahili,DARK,l,-0.166,6,0.8308,1.0,False
Swahili,SMALL,s,0.164,10,0.8109,1.0,False
Swahili,DARK,i,0.162,32,0.7811,1.0,False
Swahili,SHARP,b,-0.154,7,0.7164,1.0,False
Swahili,SLOW,m,0.147,11,0.8308,1.0,False
Swahili,SMOOTH,ɡ,-0.144,11,0.8159,1.0,False
Swahili,SMALL,r,-0.141,6,0.8308,1.0,False
Swahili,SLOW,n,0.129,8,0.8756,1.0,False
Swahili,DARK,o,0.128,9,0.8706,1.0,False
Swahili,ROUND,ɡ,-0.126,8,0.8507,1.0,False
Swahili,SLOW,t͡ʃ,0.125,3,0.8905,1.0,False
Swahili,SMALL,o,-0.117,10,0.8706,1.0,False
Swahili,BRIGHT,i,-0.109,7,0.9403,1.0,False
Swahili,FAST,b,-0.095,6,0.8657,1.0,False
Swahili,DARK,f,0.089,3,0.9005,1.0,False
Swahili,LOUD,k,-0.071,6,0.9602,1.0,False
Swahili,DARK,t,0.069,7,0.8856,1.0,False
Swahili,SLOW,e,0.065,13,0.9303,1.0,False
Swahili,ROUND,s,0.061,11,0.9005,1.0,False
Swahili,SMALL,d,-0.058,5,0.9254,1.0,False
Swahili,SHARP,v,-0.057,4,0.9602,1.0,False
Swahili,SHARP,i,0.039,43,0.9602,1.0,False
Swahili,FAST,ɟ,0.038,6,0.9801,1.0,False
Swahili,SLOW,ŋ,0.037,4,0.9552,1.0,False
Swahili,ROUND,u,-0.034,33,0.9801,1.0,False
Swahili,SMOOTH,b,0.027,13,0.9602,1.0,False
Swahili,DARK,b,0.025,6,0.9652,1.0,False
Swahili,DARK,p,0.018,4,0.9851,1.0,False
Swahili,BIG,t,0.012,3,0.9801,1.0,False
Swahili,QUIET,m,0.006,3,0.995,1.0,False
Swahili,DARK,ɡ,-0.003,6,1.0,1.0,False
Thai,BIG,u,3.101,10,0.005,0.3731,False
Thai,SLOW,p,2.82,11,0.005,0.3731,False
Thai,SMOOTH,c,2.2,23,0.005,0.3731,False
Thai,SMOOTH,a͡i,2.005,18,0.005,0.3731,False
Thai,FAST,ɹ,2.356,16,0.01,0.4975,False
Thai,SHARP,h,2.118,61,0.01,0.4975,False
Thai,SLOW,i,2.473,7,0.0199,0.597,False
Thai,QUIET,f,2.336,5,0.0199,0.597,False
Thai,QUIET,n,2.314,37,0.0199,0.597,False
Thai,SHARP,s,-1.785,30,0.0199,0.597,False
Thai,SLOW,e,2.245,17,0.0249,0.6784,False
Thai,LOUD,r,2.576,5,0.0299,0.7463,False
Thai,SLOW,a,-2.167,21,0.0498,0.8619,False
Thai,LOUD,ɡ,1.892,11,0.1841,0.8619,False
Thai,BIG,a,-1.745,12,0.1642,0.8619,False
Thai,DARK,m,-1.738,8,0.0398,0.8619,False
Thai,QUIET,ɡ,1.695,23,0.0448,0.8619,False
Thai,BIG,ʔ,1.619,5,0.1791,0.8619,False
Thai,FAST,n,-1.585,21,0.0547,0.8619,False
Thai,BRIGHT,k,-1.575,4,0.1393,0.8619,False
Thai,SLOW,s,-1.572,10,0.204,0.8619,False
Thai,BRIGHT,ɜ,1.505,15,0.1841,0.8619,False
Thai,SLOW,k,-1.479,4,0.1393,0.8619,False
Thai,SLOW,ɜ,1.448,14,0.1443,0.8619,False
Thai,ROUND,a,1.358,140,0.0746,0.8619,False
Thai,FAST,c,1.333,9,0.0746,0.8619,False
Thai,SHARP,j,-1.319,4,0.0498,0.8619,False
Thai,QUIET,ɜ,-1.307,14,0.0896,0.8619,False
Thai,FAST,f,1.245,4,0.0846,0.8619,False
Thai,FAST,ɜ,-1.245,18,0.1443,0.8619,False
Thai,FAST,h,1.238,38,0.0647,0.8619,False
Thai,QUIET,d,-1.22,3,0.1443,0.8619,False
Thai,DARK,f,1.201,3,0.1443,0.8619,False
Thai,DARK,d,-1.19,3,0.1493,0.8619,False
Thai,DARK,s,1.137,43,0.194,0.8619,False
Thai,QUIET,e,-1.137,11,0.1891,0.8619,False
Thai,ROUND,l,1.129,18,0.0746,0.8619,False
Thai,ROUND,h,-1.125,35,0.1045,0.8619,False
Thai,ROUND,ɹ,1.119,15,0.0945,0.8619,False
Thai,DARK,t,1.106,12,0.1741,0.8619,False
Thai,SHARP,ʔ,1.104,28,0.0995,0.8619,False
Thai,SHARP,k,1.076,34,0.0796,0.8619,False
Thai,SMOOTH,l,-1.061,6,0.0597,0.8619,False
Thai,FAST,ʔ,-1.046,7,0.0995,0.8619,False
Thai,FAST,ɡ,-1.031,7,0.204,0.8619,False
Thai,SMOOTH,ɜ,1.003,60,0.0597,0.8619,False
Thai,FAST,t,0.999,15,0.1891,0.8619,False
Thai,FAST,e,-0.994,15,0.1891,0.8619,False
Thai,SMOOTH,t,0.988,29,0.0796,0.8619,False
Thai,SMALL,t,-0.974,4,0.199,0.8619,False
Thai,SMOOTH,ɹ,0.973,18,0.0796,0.8619,False
Thai,SMALL,l,0.967,13,0.1194,0.8619,False
Thai,FAST,r,0.955,8,0.1791,0.8619,False
Thai,ROUND,m,-0.951,22,0.1791,0.8619,False
Thai,ROUND,t,0.937,22,0.1841,0.8619,False
Thai,ROUND,w,0.915,20,0.1791,0.8619,False
Thai,SMALL,s,0.896,61,0.1194,0.8619,False
Thai,SMOOTH,w,-0.884,8,0.1343,0.8619,False
Thai,ROUND,e,-0.871,24,0.1791,0.8619,False
Thai,SMOOTH,s,-0.72,66,0.204,0.8619,False
Thai,LOUD,h,-1.741,7,0.2438,0.8851,False
Thai,BIG,l,1.586,3,0.2189,0.8851,False
Thai,BRIGHT,n,-1.353,10,0.2488,0.8851,False
Thai,SLOW,a͡i,1.269,3,0.2537,0.8851,False
Thai,QUIET,m,1.019,20,0.2537,0.8851,False
Thai,ROUND,c,-0.799,3,0.2338,0.8851,False
Thai,SHARP,ɜ,-0.78,29,0.2338,0.8851,False
Thai,ROUND,ʔ,-0.772,13,0.2438,0.8851,False
Thai,ROUND,j,-0.75,9,0.2488,0.8851,False
Thai,SLOW,t,1.295,7,0.2836,0.9368,False
Thai,BRIGHT,a͡i,1.125,3,0.2935,0.9368,False
Thai,SHARP,b,0.693,11,0.2836,0.9368,False
Thai,SMALL,j,0.691,16,0.2886,0.9368,False
Thai,ROUND,b,-0.681,6,0.2836,0.9368,False
Thai,SMOOTH,ɡ,-0.558,21,0.2886,0.9368,False
Thai,SLOW,w,1.117,6,0.2985,0.9427,False
Thai,BIG,e,1.19,7,0.3035,0.9484,False
Thai,ROUGH,k,2.108,3,0.3483,0.9573,False
Thai,ROUGH,m,1.941,3,0.3333,0.9573,False
Thai,ROUGH,s,1.501,6,0.4577,0.9573,False
Thai,BIG,ɜ,1.242,7,0.3532,0.9573,False
Thai,LOUD,j,1.188,6,0.4129,0.9573,False
Thai,BRIGHT,s,1.164,25,0.3134,0.9573,False
Thai,LOUD,n,1.141,14,0.4279,0.9573,False
Thai,BRIGHT,b,1.112,4,0.3333,0.9573,False
Thai,BIG,m,-1.101,3,0.4328,0.9573,False
Thai,BRIGHT,m,0.939,11,0.3881,0.9573,False
Thai,BRIGHT,a,0.923,39,0.4229,0.9573,False
Thai,BRIGHT,e,-0.897,7,0.4527,0.9573,False
Thai,BRIGHT,h,-0.886,11,0.4129,0.9573,False
Thai,QUIET,k,0.807,18,0.3333,0.9573,False
Thai,SLOW,j,0.764,6,0.4627,0.9573,False
Thai,DARK,ʔ,-0.695,7,0.4229,0.9573,False
Thai,FAST,a,0.688,85,0.3831,0.9573,False
Thai,FAST,i,-0.623,3,0.3383,0.9573,False
Thai,FAST,m,0.607,23,0.3781,0.9573,False
Thai,SMALL,e,-0.578,21,0.3831,0.9573,False
Thai,DARK,c,0.576,5,0.4428,0.9573,False
Thai,SHARP,p,-0.562,7,0.3234,0.9573,False
Thai,SHARP,c,0.546,9,0.3831,0.9573,False
Thai,ROUND,a͡i,-0.542,3,0.403,0.9573,False
Thai,SHARP,e,0.533,38,0.3731,0.9573,False
Thai,SMALL,n,0.52,40,0.4577,0.9573,False
Thai,SMOOTH,a,-0.496,137,0.3433,0.9573,False
Thai,SMOOTH,r,0.456,12,0.4378,0.9573,False
Thai,ROUND,k,0.449,31,0.4328,0.9573,False
Thai,SMALL,ɜ,-0.435,26,0.4627,0.9573,False
Thai,SMOOTH,j,-0.435,15,0.408,0.9573,False
Thai,SMOOTH,h,0.429,64,0.408,0.9573,False
Thai,DARK,h,0.573,26,0.4677,0.9609,False
Thai,SMALL,a,0.504,95,0.4826,0.9849,False
Thai,DARK,u,-0.56,4,0.4876,0.9883,False
Thai,LOUD,e,0.975,11,0.5572,1.0,False
Thai,LOUD,l,0.917,4,0.5721,1.0,False
Thai,BRIGHT,p,0.792,6,0.5721,1.0,False
Thai,LOUD,k,-0.723,5,0.6318,1.0,False
Thai,BIG,n,-0.571,6,0.7164,1.0,False
Thai,LOUD,m,-0.571,6,0.6915,1.0,False
Thai,SLOW,ʔ,0.569,7,0.607,1.0,False
Thai,LOUD,d,0.562,4,0.7463,1.0,False
Thai,SLOW,m,-0.561,7,0.7214,1.0,False
Thai,LOUD,ʔ,0.561,6,0.7562,1.0,False
Thai,QUIET,o,0.557,3,0.5522,1.0,False
Thai,QUIET,p,-0.554,4,0.5821,1.0,False
Thai,DARK,a,0.552,64,0.5274,1.0,False
Thai,LOUD,ɜ,-0.506,8,0.7662,1.0,False
Thai,QUIET,t,-0.491,5,0.5821,1.0,False
Thai,QUIET,r,0.489,5,0.5373,1.0,False
Thai,QUIET,u,-0.462,5,0.7065,1.0,False
Thai,QUIET,w,-0.457,5,0.5522,1.0,False
Thai,DARK,ɡ,-0.446,9,0.597,1.0,False
Thai,FAST,d,-0.439,7,0.5423,1.0,False
Thai,DARK,k,-0.423,12,0.5821,1.0,False
Thai,BIG,h,-0.422,6,0.8259,1.0,False
Thai,DARK,j,-0.42,6,0.6866,1.0,False
Thai,SLOW,n,-0.417,12,0.7264,1.0,False
Thai,LOUD,p,0.411,4,0.796,1.0,False
Thai,BRIGHT,ʔ,0.41,7,0.7164,1.0,False
Thai,QUIET,i,0.406,6,0.6269,1.0,False
Thai,DARK,ɹ,0.405,5,0.6617,1.0,False
Thai,FAST,p,-0.402,6,0.5821,1.0,False
Thai,SMALL,ʔ,0.395,18,0.5572,1.0,False
Thai,BIG,ɡ,0.388,4,0.7512,1.0,False
Thai,ROUND,o,0.385,5,0.607,1.0,False
Thai,SHARP,t,0.383,16,0.5821,1.0,False
Thai,SMOOTH,k,-0.363,31,0.5373,1.0,False
Thai,SMOOTH,m,0.353,42,0.5423,1.0,False
Thai,FAST,j,0.34,12,0.6219,1.0,False
Thai,LOUD,a,0.329,29,0.7861,1.0,False
Thai,DARK,p,-0.321,5,0.7214,1.0,False
Thai,FAST,b,-0.321,5,0.6866,1.0,False
Thai,SMOOTH,n,0.313,65,0.5323,1.0,False
Thai,SMALL,h,0.311,37,0.6567,1.0,False
Thai,ROUGH,a,0.311,8,0.8955,1.0,False
Thai,SHARP,ɡ,0.31,25,0.5373,1.0,False
Thai,LOUD,s,-0.304,14,0.8557,1.0,False
Thai,QUIET,ʔ,0.303,12,0.7065,1.0,False
Thai,ROUND,p,-0.298,10,0.6617,1.0,False
Thai,QUIET,a,-0.288,58,0.7313,1.0,False
Thai,SHARP,d,0.284,14,0.6318,1.0,False
Thai,SHARP,l,0.284,12,0.6368,1.0,False
Thai,SHARP,r,-0.263,5,0.6468,1.0,False
Thai,SLOW,h,-0.259,12,0.8209,1.0,False
Thai,SHARP,u,0.25,20,0.6716,1.0,False
Thai,DARK,b,-0.246,4,0.7662,1.0,False
Thai,SMOOTH,ʔ,-0.241,23,0.7065,1.0,False
Thai,QUIET,j,-0.237,7,0.7811,1.0,False
Thai,ROUND,n,-0.224,45,0.7463,1.0,False
Thai,BRIGHT,ɡ,-0.223,6,0.8408,1.0,False
Thai,SMALL,ɹ,-0.217,4,0.7363,1.0,False
Thai,SMOOTH,i,0.21,13,0.6418,1.0,False
Thai,QUIET,h,-0.21,23,0.7811,1.0,False
Thai,BRIGHT,j,0.206,5,0.8159,1.0,False
Thai,ROUND,i,0.201,10,0.796,1.0,False
Thai,SMOOTH,p,0.2,19,0.6368,1.0,False
Thai,SMOOTH,u,-0.196,18,0.7313,1.0,False
Thai,ROUGH,n,-0.193,3,0.9154,1.0,False
Thai,SHARP,m,0.173,29,0.8259,1.0,False
Thai,DARK,n,0.173,25,0.8358,1.0,False
Thai,SMALL,ɡ,-0.171,16,0.796,1.0,False
Thai,DARK,i,0.169,5,0.8209,1.0,False
Thai,FAST,k,0.165,19,0.8408,1.0,False
Thai,ROUND,ɡ,0.164,25,0.8159,1.0,False
Thai,FAST,a͡i,0.159,4,0.8159,1.0,False
Thai,BRIGHT,l,-0.158,3,0.8856,1.0,False
Thai,SMALL,u,0.144,15,0.801,1.0,False
Thai,QUIET,b,0.144,5,0.8607,1.0,False
Thai,FAST,u,-0.131,10,0.8756,1.0,False
Thai,DARK,a͡i,0.127,3,0.8507,1.0,False
Thai,ROUND,d,0.124,14,0.7861,1.0,False
Thai,SLOW,ɡ,-0.121,6,0.8955,1.0,False
Thai,SHARP,n,-0.118,43,0.8905,1.0,False
Thai,SMALL,k,-0.11,20,0.8806,1.0,False
Thai,SMALL,p,-0.11,9,0.8308,1.0,False
Thai,SMALL,m,-0.108,22,0.8756,1.0,False
Thai,ROUND,s,-0.107,62,0.9005,1.0,False
Thai,QUIET,ɹ,0.103,4,0.8955,1.0,False
Thai,DARK,l,0.102,6,0.9005,1.0,False
Thai,FAST,l,-0.098,7,0.9104,1.0,False
Thai,DARK,w,0.094,7,0.9154,1.0,False
Thai,DARK,e,-0.092,17,0.9104,1.0,False
Thai,BIG,s,-0.086,9,0.9552,1.0,False
Thai,SMOOTH,b,-0.083,11,0.8607,1.0,False
Thai,QUIET,s,-0.079,33,0.9353,1.0,False
Thai,SMALL,b,0.071,7,0.9502,1.0,False
Thai,FAST,w,0.071,9,0.9254,1.0,False
Thai,DARK,ɜ,-0.07,19,0.9353,1.0,False
Thai,BIG,k,0.069,4,0.9701,1.0,False
Thai,SHARP,o,-0.066,3,0.9204,1.0,False
Thai,BRIGHT,d,0.05,4,0.9602,1.0,False
Thai,FAST,s,-0.045,42,0.9403,1.0,False
Thai,SLOW,u,0.044,5,0.9751,1.0,False
Thai,SHARP,a,0.03,108,0.9851,1.0,False
Thai,ROUND,ɜ,0.025,38,0.99,1.0,False
Thai,SMOOTH,e,-0.025,44,0.9801,1.0,False
Thai,SMALL,d,-0.023,10,0.9801,1.0,False
Thai,ROUGH,h,-0.023,3,0.99,1.0,False
Thai,SHARP,w,-0.016,12,0.9851,1.0,False
Thai,SMALL,w,0.015,10,0.9751,1.0,False
Thai,SHARP,i,-0.014,8,0.9652,1.0,False
Thai,ROUND,u,-0.013,17,0.99,1.0,False
Thai,SMOOTH,d,-0.012,17,0.9851,1.0,False
Turkish,DARK,ɡ,2.982,9,0.005,0.3781,False
Turkish,SMALL,z,2.593,20,0.005,0.3781,False
Turkish,SHARP,t͡ʃ,2.555,15,0.005,0.3781,False
Turkish,SLOW,m,2.437,40,0.005,0.3781,False
Turkish,SLOW,ɪ,-2.139,4,0.005,0.3781,False
Turkish,ROUND,t,2.074,20,0.005,0.3781,False
Turkish,DARK,f,2.588,9,0.01,0.4537,False
Turkish,ROUND,p,2.437,14,0.01,0.4537,False
Turkish,SMALL,i,1.834,8,0.01,0.4537,False
Turkish,SHARP,d͡ʒ,1.777,7,0.01,0.4537,False
Turkish,LOUD,l,3.008,5,0.0149,0.6187,False
Turkish,LOUD,ɔ,2.764,4,0.0348,0.7041,False
Turkish,BRIGHT,v,2.462,3,0.0249,0.7041,False
Turkish,BIG,ø,2.339,6,0.0249,0.7041,False
Turkish,QUIET,s,2.183,14,0.0299,0.7041,False
Turkish,BIG,j,2.091,7,0.0448,0.7041,False
Turkish,SLOW,n,-2.004,5,0.0299,0.7041,False
Turkish,SLOW,k,2.001,53,0.0199,0.7041,False
Turkish,FAST,ɪ,-1.72,6,0.0348,0.7041,False
Turkish,SMALL,ɾ,1.715,11,0.0249,0.7041,False
Turkish,DARK,ɟ,1.684,8,0.0299,0.7041,False
Turkish,SMALL,d͡ʒ,1.591,7,0.0398,0.7041,False
Turkish,ROUND,æ,1.589,9,0.0448,0.7041,False
Turkish,DARK,h,1.583,6,0.0448,0.7041,False
Turkish,FAST,ɛ,1.557,24,0.0448,0.7041,False
Turkish,SHARP,ɛ,-1.449,8,0.0348,0.7041,False
Turkish,SMALL,n,1.426,26,0.0299,0.7041,False
Turkish,DARK,ʃ,1.414,9,0.0398,0.7041,False
Turkish,SMOOTH,ɔ,1.268,18,0.0448,0.7041,False
Turkish,BIG,ɫ,1.731,7,0.0547,0.7562,False
Turkish,FAST,j,-1.514,5,0.0547,0.7562,False
Turkish,SMALL,r,-1.481,5,0.0498,0.7562,False
Turkish,BRIGHT,u,1.932,6,0.0647,0.7971,False
Turkish,SHARP,j,-1.412,5,0.0647,0.7971,False
Turkish,SHARP,e,1.285,12,0.0647,0.7971,False
Turkish,SLOW,a,1.577,55,0.0697,0.83,False
Turkish,SMOOTH,ɫ,1.286,24,0.0746,0.83,False
Turkish,DARK,œ,1.245,7,0.0746,0.83,False
Turkish,SMOOTH,e,-1.186,5,0.0746,0.83,False
Turkish,BRIGHT,y,1.72,5,0.0796,0.8442,False
Turkish,ROUND,e,1.329,13,0.0796,0.8442,False
Turkish,LOUD,ʊ,2.157,3,0.0896,0.8561,False
Turkish,BRIGHT,ɟ,1.722,4,0.0896,0.8561,False
Turkish,SMALL,d,1.31,12,0.0995,0.8561,False
Turkish,ROUND,d,1.301,12,0.0995,0.8561,False
Turkish,ROUND,n,-1.232,10,0.1045,0.8662,False
Turkish,BIG,n,1.581,10,0.1144,0.8844,False
Turkish,SMALL,k,-1.037,20,0.1144,0.8844,False
Turkish,QUIET,u,1.424,7,0.1244,0.9453,False
Turkish,ROUGH,ɛ,2.231,3,0.2388,0.9598,False
Turkish,LOUD,r,1.91,4,0.2388,0.9598,False
Turkish,QUIET,o,1.325,5,0.1493,0.9598,False
Turkish,FAST,r,-1.288,6,0.1791,0.9598,False
Turkish,QUIET,d,1.265,8,0.1642,0.9598,False
Turkish,QUIET,ʊ,1.264,8,0.1393,0.9598,False
Turkish,FAST,ɯ,1.252,23,0.1493,0.9598,False
Turkish,BIG,b,1.219,5,0.2488,0.9598,False
Turkish,FAST,d͡ʒ,1.158,6,0.1493,0.9598,False
Turkish,SHARP,i,1.145,6,0.1343,0.9598,False
Turkish,BIG,y,1.136,3,0.2836,0.9598,False
Turkish,SLOW,s,-1.11,4,0.1791,0.9598,False
Turkish,BIG,ɯ,1.108,8,0.2786,0.9598,False
Turkish,BIG,ʃ,1.079,3,0.2985,0.9598,False
Turkish,SHARP,ɪ,1.064,16,0.1592,0.9598,False
Turkish,ROUND,k,-1.042,20,0.1891,0.9598,False
Turkish,BRIGHT,i,1.035,3,0.3284,0.9598,False
Turkish,FAST,ɫ,1.025,15,0.1841,0.9598,False
Turkish,FAST,ʃ,1.018,8,0.199,0.9598,False
Turkish,SMOOTH,h,0.995,7,0.1294,0.9598,False
Turkish,SLOW,e,0.994,11,0.2289,0.9598,False
Turkish,DARK,m,-0.94,6,0.204,0.9598,False
Turkish,DARK,ɛ,-0.937,11,0.2139,0.9598,False
Turkish,SMALL,b,0.904,12,0.2189,0.9598,False
Turkish,DARK,o,0.896,6,0.2239,0.9598,False
Turkish,SMOOTH,æ,0.873,10,0.1841,0.9598,False
Turkish,SMALL,ʊ,0.868,10,0.1841,0.9598,False
Turkish,SMOOTH,j,-0.858,11,0.1592,0.9598,False
Turkish,ROUND,r,-0.857,8,0.2438,0.9598,False
Turkish,FAST,œ,0.854,6,0.3134,0.9598,False
Turkish,QUIET,h,0.848,3,0.3134,0.9598,False
Turkish,QUIET,ʃ,0.847,5,0.3085,0.9598,False
Turkish,FAST,b,-0.83,4,0.3234,0.9598,False
Turkish,SHARP,r,0.823,15,0.2637,0.9598,False
Turkish,ROUND,j,0.822,14,0.2836,0.9598,False
Turkish,SHARP,z,-0.822,3,0.1891,0.9598,False
Turkish,ROUND,ɯ,-0.821,6,0.2687,0.9598,False
Turkish,SMALL,l,-0.817,4,0.3134,0.9598,False
Turkish,SMALL,u,0.816,8,0.1741,0.9598,False
Turkish,SHARP,a,0.81,45,0.194,0.9598,False
Turkish,DARK,k,-0.767,23,0.2637,0.9598,False
Turkish,FAST,a,0.767,48,0.3234,0.9598,False
Turkish,SMOOTH,m,0.764,36,0.2239,0.9598,False
Turkish,SHARP,d,0.737,9,0.3184,0.9598,False
Turkish,SMOOTH,i,0.731,8,0.2537,0.9598,False
Turkish,SMOOTH,ʃ,-0.701,4,0.2687,0.9598,False
Turkish,SHARP,v,0.699,3,0.2786,0.9598,False
Turkish,SMALL,t,-0.69,6,0.3134,0.9598,False
Turkish,SMOOTH,t,-0.668,9,0.2637,0.9598,False
Turkish,SMALL,h,0.655,4,0.3284,0.9598,False
Turkish,SMOOTH,ø,-0.623,4,0.2935,0.9598,False
Turkish,ROUGH,k,1.823,6,0.3433,0.9742,False
Turkish,QUIET,e,-0.914,3,0.3632,0.9742,False
Turkish,SHARP,ɾ,0.746,7,0.3483,0.9742,False
Turkish,SMOOTH,ɯ,-0.637,11,0.3632,0.9742,False
Turkish,ROUND,b,-0.607,5,0.3582,0.9742,False
Turkish,DARK,b,-0.593,5,0.3483,0.9742,False
Turkish,ROUND,ɡ,0.568,3,0.3682,0.976,False
Turkish,DARK,ɾ,0.639,7,0.3831,0.9982,False
Turkish,BRIGHT,j,0.919,7,0.3881,0.9997,False
Turkish,SLOW,l,-0.775,4,0.3881,0.9997,False
Turkish,ROUGH,ɯ,1.796,3,0.4328,1.0,False
Turkish,LOUD,t,1.27,3,0.5323,1.0,False
Turkish,LOUD,k,-0.939,4,0.6119,1.0,False
Turkish,BRIGHT,r,0.904,8,0.403,1.0,False
Turkish,BRIGHT,n,0.848,11,0.4577,1.0,False
Turkish,LOUD,ɪ,0.77,3,0.7214,1.0,False
Turkish,QUIET,ɫ,0.759,9,0.4527,1.0,False
Turkish,QUIET,k,-0.734,16,0.4577,1.0,False
Turkish,BIG,a,-0.732,10,0.4527,1.0,False
Turkish,BRIGHT,s,-0.731,3,0.5174,1.0,False
Turkish,DARK,ɯ,-0.686,7,0.403,1.0,False
Turkish,QUIET,r,-0.673,6,0.4876,1.0,False
Turkish,BIG,k,0.67,15,0.5522,1.0,False
Turkish,BRIGHT,æ,0.658,3,0.5025,1.0,False
Turkish,QUIET,j,0.648,9,0.5721,1.0,False
Turkish,FAST,f,0.641,4,0.4428,1.0,False
Turkish,LOUD,n,0.626,4,0.7662,1.0,False
Turkish,QUIET,ɪ,-0.618,7,0.5373,1.0,False
Turkish,ROUND,ɾ,0.613,7,0.4478,1.0,False
Turkish,BRIGHT,e,0.613,5,0.6119,1.0,False
Turkish,FAST,d,-0.607,4,0.4876,1.0,False
Turkish,FAST,m,0.603,23,0.4776,1.0,False
Turkish,DARK,v,0.598,3,0.4677,1.0,False
Turkish,SLOW,j,-0.591,8,0.4577,1.0,False
Turkish,DARK,ɪ,0.587,15,0.4627,1.0,False
Turkish,FAST,s,-0.576,7,0.4677,1.0,False
Turkish,QUIET,z,-0.572,3,0.4925,1.0,False
Turkish,SLOW,t͡ʃ,0.563,7,0.5124,1.0,False
Turkish,SMALL,ɛ,-0.562,13,0.4776,1.0,False
Turkish,DARK,ø,0.559,8,0.4478,1.0,False
Turkish,DARK,n,-0.541,14,0.4627,1.0,False
Turkish,ROUND,ø,0.536,8,0.4826,1.0,False
Turkish,FAST,z,0.534,10,0.5622,1.0,False
Turkish,SHARP,b,-0.532,5,0.408,1.0,False
Turkish,SHARP,ʃ,0.52,6,0.4378,1.0,False
Turkish,DARK,ɫ,-0.503,6,0.4826,1.0,False
Turkish,FAST,u,-0.499,3,0.6169,1.0,False
Turkish,QUIET,l,-0.493,4,0.592,1.0,False
Turkish,FAST,l,-0.49,6,0.5373,1.0,False
Turkish,FAST,ɾ,-0.486,3,0.5274,1.0,False
Turkish,SMOOTH,a,0.48,64,0.4677,1.0,False
Turkish,DARK,s,0.469,12,0.5622,1.0,False
Turkish,SHARP,s,-0.466,7,0.5174,1.0,False
Turkish,DARK,t͡ʃ,-0.463,3,0.4776,1.0,False
Turkish,QUIET,t,0.462,8,0.6169,1.0,False
Turkish,ROUND,t͡ʃ,0.456,7,0.5274,1.0,False
Turkish,SLOW,ɫ,-0.448,6,0.6269,1.0,False
Turkish,SHARP,ɫ,-0.444,6,0.5423,1.0,False
Turkish,QUIET,n,-0.438,10,0.6816,1.0,False
Turkish,ROUND,s,0.437,12,0.5622,1.0,False
Turkish,BRIGHT,ʃ,0.435,3,0.6965,1.0,False
Turkish,BRIGHT,p,0.427,3,0.7214,1.0,False
Turkish,SLOW,ɾ,-0.424,3,0.607,1.0,False
Turkish,SMALL,ɯ,0.421,16,0.5572,1.0,False
Turkish,SMOOTH,n,-0.407,22,0.5473,1.0,False
Turkish,DARK,a,0.403,42,0.6368,1.0,False
Turkish,BRIGHT,m,0.395,10,0.7512,1.0,False
Turkish,SLOW,ʊ,-0.393,4,0.6368,1.0,False
Turkish,BRIGHT,ɪ,0.381,7,0.7811,1.0,False
Turkish,SMOOTH,t͡ʃ,-0.378,5,0.4776,1.0,False
Turkish,BIG,d,0.376,3,0.7861,1.0,False
Turkish,ROUND,ɛ,-0.373,14,0.592,1.0,False
Turkish,DARK,p,-0.373,3,0.5672,1.0,False
Turkish,SMALL,ɫ,-0.339,7,0.6418,1.0,False
Turkish,SLOW,p,-0.333,3,0.6965,1.0,False
Turkish,FAST,i,-0.331,3,0.6965,1.0,False
Turkish,SHARP,p,-0.33,3,0.6517,1.0,False
Turkish,SMOOTH,s,-0.327,12,0.6617,1.0,False
Turkish,SMOOTH,y,-0.318,4,0.6965,1.0,False
Turkish,SMALL,j,0.316,12,0.6119,1.0,False
Turkish,SHARP,m,-0.316,12,0.7065,1.0,False
Turkish,DARK,y,0.315,5,0.7214,1.0,False
Turkish,DARK,e,0.312,9,0.6567,1.0,False
Turkish,SHARP,æ,-0.31,3,0.6517,1.0,False
Turkish,SLOW,b,-0.308,6,0.6965,1.0,False
Turkish,DARK,i,-0.302,3,0.597,1.0,False
Turkish,SLOW,r,-0.302,10,0.7214,1.0,False
Turkish,SMALL,ɪ,0.3,14,0.6866,1.0,False
Turkish,DARK,æ,0.3,5,0.7363,1.0,False
Turkish,SHARP,n,0.297,18,0.7313,1.0,False
Turkish,SHARP,œ,0.289,4,0.6766,1.0,False
Turkish,SMALL,e,0.288,9,0.7264,1.0,False
Turkish,SMOOTH,ʊ,-0.282,7,0.6915,1.0,False
Turkish,DARK,t,-0.278,8,0.6866,1.0,False
Turkish,ROUND,ɔ,-0.277,3,0.6866,1.0,False
Turkish,QUIET,m,0.277,13,0.801,1.0,False
Turkish,SMALL,ʃ,-0.275,4,0.6915,1.0,False
Turkish,FAST,t,0.274,11,0.7662,1.0,False
Turkish,BIG,r,-0.271,4,0.8657,1.0,False
Turkish,QUIET,ɯ,0.267,10,0.7761,1.0,False
Turkish,FAST,n,-0.266,16,0.7264,1.0,False
Turkish,SMOOTH,ɟ,0.262,6,0.6716,1.0,False
Turkish,BIG,t,0.256,4,0.8209,1.0,False
Turkish,ROUND,z,-0.256,6,0.7711,1.0,False
Turkish,SMALL,s,0.244,11,0.7413,1.0,False
Turkish,BRIGHT,l,0.244,5,0.796,1.0,False
Turkish,SLOW,ɔ,-0.244,3,0.7662,1.0,False
Turkish,SMOOTH,œ,-0.238,4,0.7214,1.0,False
Turkish,SLOW,i,-0.234,3,0.806,1.0,False
Turkish,ROUND,ʊ,-0.232,5,0.7612,1.0,False
Turkish,SLOW,ɛ,0.23,16,0.7463,1.0,False
Turkish,SLOW,t,0.227,10,0.7562,1.0,False
Turkish,BRIGHT,ɫ,0.226,5,0.8756,1.0,False
Turkish,BRIGHT,z,-0.224,3,0.8507,1.0,False
Turkish,SMOOTH,b,0.221,13,0.7463,1.0,False
Turkish,QUIET,ɔ,0.211,4,0.8109,1.0,False
Turkish,ROUND,m,-0.208,14,0.7811,1.0,False
Turkish,DARK,r,-0.2,11,0.7861,1.0,False
Turkish,ROUND,l,0.199,10,0.7711,1.0,False
Turkish,ROUND,œ,0.195,4,0.791,1.0,False
Turkish,SLOW,ʃ,-0.192,4,0.791,1.0,False
Turkish,SMOOTH,o,-0.189,4,0.7463,1.0,False
Turkish,FAST,h,0.188,3,0.796,1.0,False
Turkish,SMOOTH,ɾ,-0.181,6,0.7512,1.0,False
Turkish,FAST,k,0.181,35,0.796,1.0,False
Turkish,SMOOTH,r,0.177,19,0.7512,1.0,False
Turkish,DARK,z,0.17,8,0.806,1.0,False
Turkish,ROUND,ɫ,-0.169,8,0.8507,1.0,False
Turkish,BIG,ɪ,0.166,5,0.8458,1.0,False
Turkish,SHARP,ɯ,0.155,13,0.806,1.0,False
Turkish,SMALL,a,0.153,39,0.8308,1.0,False
Turkish,SMOOTH,ɪ,-0.144,18,0.8358,1.0,False
Turkish,ROUND,a,0.143,39,0.8308,1.0,False
Turkish,BRIGHT,k,-0.141,15,0.9204,1.0,False
Turkish,FAST,p,-0.137,4,0.8856,1.0,False
Turkish,FAST,ɟ,-0.133,3,0.8856,1.0,False
Turkish,BRIGHT,ø,0.132,3,0.9055,1.0,False
Turkish,ROUND,ɟ,-0.123,3,0.8607,1.0,False
Turkish,SMOOTH,l,0.121,14,0.8209,1.0,False
Turkish,ROUND,i,0.11,4,0.8657,1.0,False
Turkish,SMALL,ɔ,-0.108,4,0.8806,1.0,False
Turkish,BRIGHT,ɛ,0.107,8,0.9254,1.0,False
Turkish,QUIET,a,0.107,26,0.9005,1.0,False
Turkish,DARK,d,-0.105,6,0.9104,1.0,False
Turkish,SMOOTH,p,-0.104,6,0.8458,1.0,False
Turkish,SMALL,ø,0.101,6,0.8955,1.0,False
Turkish,ROUND,o,-0.1,3,0.9055,1.0,False
Turkish,SMALL,o,-0.097,3,0.9154,1.0,False
Turkish,SMOOTH,d,-0.092,9,0.8557,1.0,False
Turkish,SMOOTH,ɛ,0.092,24,0.8856,1.0,False
Turkish,DARK,j,0.085,11,0.9204,1.0,False
Turkish,QUIET,ɛ,0.079,11,0.9552,1.0,False
Turkish,BIG,ɛ,0.064,6,0.9602,1.0,False
Turkish,SHARP,ɔ,-0.064,4,0.9652,1.0,False
Turkish,FAST,æ,-0.063,4,0.9453,1.0,False
Turkish,DARK,l,0.049,9,0.9254,1.0,False
Turkish,SHARP,ø,-0.047,5,0.9453,1.0,False
Turkish,SMOOTH,z,0.047,11,0.9254,1.0,False
Turkish,SMALL,æ,-0.046,4,0.9502,1.0,False
Turkish,BIG,e,0.046,3,0.9751,1.0,False
Turkish,SHARP,l,-0.046,8,0.9502,1.0,False
Turkish,ROUND,ɪ,0.039,13,0.9453,1.0,False
Turkish,SHARP,k,-0.034,30,0.9254,1.0,False
Turkish,SMALL,y,0.03,4,0.9801,1.0,False
Turkish,SLOW,d,-0.03,6,0.9701,1.0,False
Turkish,SHARP,t,0.023,9,0.99,1.0,False
Turkish,ROUND,d͡ʒ,-0.022,3,0.99,1.0,False
Turkish,FAST,t͡ʃ,-0.019,5,0.9801,1.0,False
Turkish,SMOOTH,k,0.018,48,0.99,1.0,False
Turkish,SLOW,ɯ,0.018,12,0.99,1.0,False
Turkish,BRIGHT,a,-0.006,18,1.0,1.0,False
Turkish,DARK,ʊ,0.004,6,1.0,1.0,False
Turkish,SMOOTH,v,0.003,3,1.0,1.0,False
Turkish,FAST,e,-0.002,8,1.0,1.0,False
Vietnamese,QUIET,a͡ɪ,3.317,3,0.005,0.4776,False
Vietnamese,SHARP,ɣ,3.061,6,0.005,0.4776,False
Vietnamese,SLOW,p,2.562,3,0.005,0.4776,False
Vietnamese,FAST,ɗ,2.221,16,0.005,0.4776,False
Vietnamese,SMOOTH,t,2.114,21,0.005,0.4776,False
Vietnamese,ROUGH,z,3.02,4,0.0149,0.6513,False
Vietnamese,BIG,o,2.761,5,0.0149,0.6513,False
Vietnamese,LOUD,h,2.674,6,0.0149,0.6513,False
Vietnamese,SHARP,ə͡ɪ,2.62,4,0.01,0.6513,False
Vietnamese,DARK,w,1.86,30,0.01,0.6513,False
Vietnamese,SMALL,ŋ,1.747,27,0.0149,0.6513,False
Vietnamese,ROUGH,j,2.885,4,0.0199,0.6633,False
Vietnamese,ROUGH,s,2.874,3,0.0199,0.6633,False
Vietnamese,LOUD,ɔ,2.771,6,0.0199,0.6633,False
Vietnamese,SLOW,ə,2.554,10,0.0249,0.6633,False
Vietnamese,SHARP,c,1.976,9,0.0249,0.6633,False
Vietnamese,SHARP,k,1.909,15,0.0249,0.6633,False
Vietnamese,SMOOTH,ə,1.617,33,0.0249,0.6633,False
Vietnamese,SMOOTH,y,1.38,9,0.0299,0.7541,False
Vietnamese,LOUD,t̪,2.472,7,0.0348,0.7598,False
Vietnamese,SMALL,y͡ə,1.601,10,0.0348,0.7598,False
Vietnamese,ROUGH,n,2.409,3,0.0746,0.7642,False
Vietnamese,BRIGHT,w,1.956,16,0.0448,0.7642,False
Vietnamese,QUIET,l,1.838,7,0.0697,0.7642,False
Vietnamese,QUIET,x,1.779,5,0.0796,0.7642,False
Vietnamese,BRIGHT,ɲ,1.742,10,0.0796,0.7642,False
Vietnamese,FAST,t,1.687,10,0.0398,0.7642,False
Vietnamese,FAST,l,1.634,12,0.0448,0.7642,False
Vietnamese,FAST,b,1.626,9,0.0697,0.7642,False
Vietnamese,FAST,i͡ɛ,1.449,6,0.0597,0.7642,False
Vietnamese,DARK,m,1.424,26,0.0597,0.7642,False
Vietnamese,ROUND,m,-1.416,3,0.0697,0.7642,False
Vietnamese,ROUND,ɗ,1.389,17,0.0746,0.7642,False
Vietnamese,ROUND,y͡ə,1.38,11,0.0448,0.7642,False
Vietnamese,FAST,u͡ə,1.339,6,0.0746,0.7642,False
Vietnamese,ROUND,ə͡ɪ,1.335,4,0.0796,0.7642,False
Vietnamese,DARK,b,1.327,11,0.0647,0.7642,False
Vietnamese,ROUND,v,1.301,6,0.0597,0.7642,False
Vietnamese,SMOOTH,i͡ɛ,1.243,10,0.0498,0.7642,False
Vietnamese,DARK,a,1.225,49,0.0498,0.7642,False
Vietnamese,ROUND,ɲ,-1.147,3,0.0697,0.7642,False
Vietnamese,SMOOTH,t͡ʃ,1.04,20,0.0796,0.7642,False
Vietnamese,ROUND,ŋ,1.282,28,0.0896,0.8266,False
Vietnamese,FAST,y,1.378,5,0.0995,0.8684,False
Vietnamese,SMALL,v,1.297,5,0.1095,0.9309,False
Vietnamese,ROUND,t͡ʃ,1.145,16,0.1144,0.9309,False
Vietnamese,ROUND,b,1.079,10,0.1244,0.9476,False
Vietnamese,ROUND,a,-1.027,22,0.1194,0.9476,False
Vietnamese,SMOOTH,o,-0.976,4,0.1244,0.9476,False
Vietnamese,LOUD,e,1.772,3,0.1741,0.9912,False
Vietnamese,SLOW,t̪,1.353,10,0.199,0.9912,False
Vietnamese,SLOW,n,1.302,9,0.2488,0.9912,False
Vietnamese,BRIGHT,i͡ɛ,1.272,4,0.2189,0.9912,False
Vietnamese,ROUGH,a,1.272,4,0.4428,0.9912,False
Vietnamese,SLOW,e,1.246,5,0.2338,0.9912,False
Vietnamese,BIG,h,1.226,3,0.5821,0.9912,False
Vietnamese,SLOW,ɲ,1.199,5,0.2736,0.9912,False
Vietnamese,QUIET,i,1.184,5,0.2687,0.9912,False
Vietnamese,BRIGHT,a,1.158,25,0.2388,0.9912,False
Vietnamese,BRIGHT,x,1.138,5,0.1592,0.9912,False
Vietnamese,BRIGHT,y͡ə,1.098,5,0.209,0.9912,False
Vietnamese,SHARP,a,1.08,29,0.1592,0.9912,False
Vietnamese,QUIET,ɛ,1.063,4,0.3284,0.9912,False
Vietnamese,QUIET,e,1.053,6,0.2886,0.9912,False
Vietnamese,DARK,j,-1.051,4,0.1393,0.9912,False
Vietnamese,SLOW,b,1.044,3,0.3184,0.9912,False
Vietnamese,BRIGHT,y,1.02,3,0.2338,0.9912,False
Vietnamese,SLOW,m,1.017,7,0.3483,0.9912,False
Vietnamese,SHARP,ɜ,1.009,25,0.2239,0.9912,False
Vietnamese,SHARP,ə,-1.001,3,0.2786,0.9912,False
Vietnamese,ROUND,u͡ə,0.996,7,0.1741,0.9912,False
Vietnamese,SMALL,m,0.992,19,0.1741,0.9912,False
Vietnamese,BRIGHT,ɜ,-0.98,10,0.3085,0.9912,False
Vietnamese,ROUND,t,0.976,10,0.1891,0.9912,False
Vietnamese,ROUND,n,-0.96,13,0.1592,0.9912,False
Vietnamese,QUIET,a,-0.954,9,0.3731,0.9912,False
Vietnamese,ROUND,u,0.934,9,0.1493,0.9912,False
Vietnamese,SMALL,t͡ʃ,-0.925,4,0.1791,0.9912,False
Vietnamese,ROUND,i,-0.908,5,0.1493,0.9912,False
Vietnamese,BRIGHT,i,0.908,6,0.3284,0.9912,False
Vietnamese,ROUND,c,0.899,10,0.2388,0.9912,False
Vietnamese,BIG,z,0.886,3,0.5622,0.9912,False
Vietnamese,SMOOTH,i,0.873,15,0.1493,0.9912,False
Vietnamese,FAST,n,0.869,19,0.1891,0.9912,False
Vietnamese,SMALL,o,0.865,17,0.1841,0.9912,False
Vietnamese,SMALL,f,0.82,3,0.2935,0.9912,False
Vietnamese,SMOOTH,a,-0.807,32,0.2338,0.9912,False
Vietnamese,LOUD,ɜ,0.807,6,0.5821,0.9912,False
Vietnamese,DARK,n,-0.801,14,0.3134,0.9912,False
Vietnamese,DARK,l,-0.777,3,0.2687,0.9912,False
Vietnamese,SMALL,ɗ,0.776,11,0.2687,0.9912,False
Vietnamese,FAST,y͡ə,0.776,6,0.2985,0.9912,False
Vietnamese,FAST,m,-0.767,6,0.2985,0.9912,False
Vietnamese,SMALL,u,0.765,7,0.2488,0.9912,False
Vietnamese,DARK,i,0.752,11,0.3085,0.9912,False
Vietnamese,QUIET,j,-0.745,3,0.5224,0.9912,False
Vietnamese,BIG,ŋ,0.736,3,0.592,0.9912,False
Vietnamese,ROUND,ɜ,0.716,38,0.3433,0.9912,False
Vietnamese,ROUND,ɛ,-0.715,3,0.2537,0.9912,False
Vietnamese,FAST,ɲ,-0.7,4,0.3682,0.9912,False
Vietnamese,QUIET,m,0.698,8,0.5025,0.9912,False
Vietnamese,SMOOTH,ɜ,0.697,49,0.2537,0.9912,False
Vietnamese,SHARP,e,-0.696,3,0.4129,0.9912,False
Vietnamese,SMOOTH,ɛ,-0.694,4,0.2488,0.9912,False
Vietnamese,SLOW,a,-0.68,8,0.4876,0.9912,False
Vietnamese,SMALL,l,-0.678,3,0.2836,0.9912,False
Vietnamese,DARK,ŋ,0.668,22,0.393,0.9912,False
Vietnamese,SMOOTH,m,0.663,26,0.2786,0.9912,False
Vietnamese,SMALL,j,0.649,20,0.3383,0.9912,False
Vietnamese,DARK,t̪,-0.647,10,0.3532,0.9912,False
Vietnamese,LOUD,w,0.643,3,0.6965,0.9912,False
Vietnamese,SMALL,i,-0.64,5,0.393,0.9912,False
Vietnamese,SMOOTH,ŋ,-0.639,13,0.2786,0.9912,False
Vietnamese,SMOOTH,y͡ə,0.638,10,0.3085,0.9912,False
Vietnamese,SLOW,t͡ʃ,0.614,4,0.5274,0.9912,False
Vietnamese,BRIGHT,n,-0.604,8,0.5721,0.9912,False
Vietnamese,SMALL,w,-0.603,7,0.3781,0.9912,False
Vietnamese,DARK,ə,-0.599,8,0.3831,0.9912,False
Vietnamese,BRIGHT,m,0.595,10,0.5075,0.9912,False
Vietnamese,SMALL,ɜ,-0.571,20,0.4826,0.9912,False
Vietnamese,BRIGHT,h,0.571,8,0.5871,0.9912,False
Vietnamese,SMALL,ɛ,-0.568,3,0.4129,0.9912,False
Vietnamese,FAST,o,-0.566,5,0.4378,0.9912,False
Vietnamese,SLOW,j,-0.557,3,0.607,0.9912,False
Vietnamese,QUIET,u,0.557,3,0.602,0.9912,False
Vietnamese,SMOOTH,h,-0.553,4,0.3433,0.9912,False
Vietnamese,DARK,o,-0.551,7,0.4527,0.9912,False
Vietnamese,ROUND,f,0.55,3,0.3881,0.9912,False
Vietnamese,QUIET,k,-0.545,3,0.6269,0.9912,False
Vietnamese,SHARP,ɗ,-0.542,3,0.5224,0.9912,False
Vietnamese,QUIET,t͡ʃ,0.539,5,0.6517,0.9912,False
Vietnamese,FAST,t͡ʃ,-0.529,5,0.4826,0.9912,False
Vietnamese,DARK,ɗ,-0.524,5,0.4527,0.9912,False
Vietnamese,ROUND,z,-0.515,5,0.4726,0.9912,False
Vietnamese,DARK,z,-0.511,5,0.4428,0.9912,False
Vietnamese,DARK,e,-0.505,6,0.4627,0.9912,False
Vietnamese,SMOOTH,w,-0.505,12,0.3483,0.9912,False
Vietnamese,DARK,s,0.496,14,0.5423,0.9912,False
Vietnamese,QUIET,ɜ,0.496,14,0.6716,0.9912,False
Vietnamese,ROUND,ə,-0.483,9,0.4876,0.9912,False
Vietnamese,ROUND,ɔ,0.478,16,0.4826,0.9912,False
Vietnamese,SHARP,i,-0.477,4,0.592,0.9912,False
Vietnamese,SMOOTH,j,-0.475,14,0.4627,0.9912,False
Vietnamese,BRIGHT,ɛ,0.474,4,0.6318,0.9912,False
Vietnamese,DARK,ɲ,0.453,12,0.592,0.9912,False
Vietnamese,SMOOTH,v,0.451,5,0.4726,0.9912,False
Vietnamese,BRIGHT,z,-0.449,3,0.6965,0.9912,False
Vietnamese,FAST,k,-0.446,6,0.5323,0.9912,False
Vietnamese,SLOW,w,-0.44,3,0.6418,0.9912,False
Vietnamese,SLOW,l,0.428,3,0.7114,0.9912,False
Vietnamese,SHARP,o,-0.427,5,0.5821,0.9912,False
Vietnamese,SMALL,ɲ,0.425,10,0.5821,0.9912,False
Vietnamese,SMOOTH,k,-0.422,11,0.4627,0.9912,False
Vietnamese,QUIET,t̪,-0.418,5,0.6816,0.9912,False
Vietnamese,SMOOTH,n,-0.417,22,0.4577,0.9912,False
Vietnamese,SMALL,ə,-0.409,8,0.5672,0.9912,False
Vietnamese,BRIGHT,j,-0.398,6,0.6468,0.9912,False
Vietnamese,BRIGHT,ɗ,-0.397,3,0.7413,0.9912,False
Vietnamese,DARK,k,0.393,14,0.6219,0.9912,False
Vietnamese,SMOOTH,s,-0.392,7,0.5075,0.9912,False
Vietnamese,SMALL,t̪,-0.377,11,0.5075,0.9912,False
Vietnamese,SMALL,n,0.376,19,0.5721,0.9912,False
Vietnamese,SHARP,m,-0.376,7,0.602,0.9912,False
Vietnamese,ROUND,k,0.37,14,0.597,0.9912,False
Vietnamese,SMOOTH,z,-0.363,9,0.4975,0.9912,False
Vietnamese,BRIGHT,t͡ʃ,0.351,6,0.6766,0.9912,False
Vietnamese,ROUND,i͡ɛ,-0.349,3,0.5672,0.9912,False
Vietnamese,SMALL,z,-0.344,6,0.6866,0.9912,False
Vietnamese,DARK,i͡ɛ,-0.338,3,0.6318,0.9912,False
Vietnamese,SMALL,s,-0.333,5,0.6517,0.9912,False
Vietnamese,SHARP,t͡ʃ,0.32,7,0.7463,0.9912,False
Vietnamese,FAST,t̪,-0.316,10,0.6418,0.9912,False
Vietnamese,ROUND,j,0.311,20,0.6667,0.9912,False
Vietnamese,SMALL,a,0.307,32,0.6617,0.9912,False
Vietnamese,QUIET,n,-0.303,7,0.791,0.9912,False
Vietnamese,FAST,w,-0.299,8,0.6915,0.9912,False
Vietnamese,SHARP,ɔ,-0.296,5,0.7612,0.9912,False
Vietnamese,QUIET,ɗ,0.295,4,0.7612,0.9912,False
Vietnamese,ROUND,o,0.294,15,0.6617,0.9912,False
Vietnamese,BIG,a,0.293,5,0.8607,0.9912,False
Vietnamese,SHARP,j,0.292,12,0.7612,0.9912,False
Vietnamese,DARK,ɜ,0.292,33,0.6716,0.9912,False
Vietnamese,ROUND,h,-0.291,6,0.6716,0.9912,False
Vietnamese,SHARP,u,0.272,4,0.7214,0.9912,False
Vietnamese,SMOOTH,u,-0.269,6,0.6816,0.9912,False
Vietnamese,SMOOTH,ɔ,0.267,18,0.5821,0.9912,False
Vietnamese,SMOOTH,p,0.263,4,0.6318,0.9912,False
Vietnamese,SHARP,n,-0.258,11,0.7662,0.9912,False
Vietnamese,SLOW,o,-0.256,3,0.791,0.9912,False
Vietnamese,BRIGHT,s,0.247,6,0.7861,0.9912,False
Vietnamese,BRIGHT,k,-0.241,5,0.8109,0.9912,False
Vietnamese,SLOW,ɜ,0.239,10,0.8358,0.9912,False
Vietnamese,SMOOTH,f,0.238,3,0.6269,0.9912,False
Vietnamese,SMOOTH,t̪,0.229,26,0.6716,0.9912,False
Vietnamese,SHARP,ŋ,0.227,11,0.7711,0.9912,False
Vietnamese,SMOOTH,ɲ,0.219,14,0.7413,0.9912,False
Vietnamese,ROUND,w,-0.198,12,0.7612,0.9912,False
Vietnamese,SMALL,b,0.195,5,0.7761,0.9912,False
Vietnamese,DARK,ɔ,0.194,13,0.8209,0.9912,False
Vietnamese,QUIET,ŋ,0.192,7,0.8657,0.9912,False
Vietnamese,DARK,y͡ə,-0.19,4,0.7811,0.9912,False
Vietnamese,SMALL,h,-0.184,6,0.8358,0.9912,False
Vietnamese,BRIGHT,t̪,0.18,10,0.8259,0.9912,False
Vietnamese,SHARP,ɛ,0.175,4,0.8259,0.9912,False
Vietnamese,SMOOTH,e,0.166,13,0.8308,0.9912,False
Vietnamese,SMALL,ɔ,-0.162,8,0.7861,0.9912,False
Vietnamese,QUIET,ɔ,0.151,5,0.8657,0.9912,False
Vietnamese,SMALL,i͡ɛ,-0.149,3,0.806,0.9912,False
Vietnamese,QUIET,h,-0.145,3,0.8657,0.9912,False
Vietnamese,BRIGHT,ə,-0.139,6,0.8955,0.9912,False
Vietnamese,SLOW,z,-0.136,3,0.9154,0.9912,False
Vietnamese,SHARP,z,-0.133,6,0.8408,0.9912,False
Vietnamese,ROUND,t̪,-0.129,16,0.8507,0.9912,False
Vietnamese,SMOOTH,c,-0.126,7,0.8308,0.9912,False
Vietnamese,DARK,v,0.125,3,0.8557,0.9912,False
Vietnamese,BRIGHT,e,0.119,5,0.8657,0.9912,False
Vietnamese,FAST,e,0.112,7,0.9055,0.9912,False
Vietnamese,QUIET,ɲ,0.109,4,0.9303,0.9912,False
Vietnamese,SMOOTH,b,-0.105,6,0.8458,0.9912,False
Vietnamese,SHARP,s,-0.104,5,0.9303,0.9912,False
Vietnamese,FAST,a,-0.104,24,0.9055,0.9912,False
Vietnamese,DARK,h,-0.103,8,0.8756,0.9912,False
Vietnamese,FAST,s,-0.096,6,0.8607,0.9912,False
Vietnamese,SMALL,k,-0.093,9,0.9204,0.9912,False
Vietnamese,SMOOTH,l,-0.085,9,0.8806,0.9912,False
Vietnamese,FAST,ɛ,-0.083,4,0.9353,0.9912,False
Vietnamese,ROUND,y,0.082,3,0.9552,0.9912,False
Vietnamese,FAST,ŋ,-0.08,11,0.9055,0.9912,False
Vietnamese,ROUND,l,-0.075,7,0.8806,0.9912,False
Vietnamese,SHARP,w,-0.065,8,0.9552,0.9912,False
Vietnamese,SHARP,t̪,0.059,11,0.9453,0.9912,False
Vietnamese,DARK,t͡ʃ,0.058,10,0.9104,0.9912,False
Vietnamese,FAST,z,-0.038,8,0.9602,0.9912,False
Vietnamese,SMOOTH,x,0.031,6,0.9602,0.9912,False
Vietnamese,FAST,ɜ,0.03,22,0.9602,0.9912,False
Vietnamese,QUIET,o,0.05,5,0.9801,0.9967,False
Vietnamese,BRIGHT,ŋ,-0.044,8,0.9701,0.9967,False
Vietnamese,FAST,ə,-0.038,9,0.9801,0.9967,False
Vietnamese,BIG,ɜ,0.03,4,0.9751,0.9967,False
Vietnamese,SMOOTH,ɗ,0.025,11,0.9701,0.9967,False
Vietnamese,SMALL,t,0.02,4,0.9801,0.9967,False
Vietnamese,FAST,j,0.025,12,0.995,0.9992,False
Vietnamese,DARK,c,0.023,6,0.995,0.9992,False
Vietnamese,FAST,u,-0.015,4,0.99,0.9992,False
Vietnamese,QUIET,ə,-0.009,5,1.0,1.0,False
Vietnamese,FAST,i,-0.007,6,1.0,1.0,False
Welsh,SMOOTH,ə,3.317,8,0.005,0.3821,False
Welsh,BIG,u,3.153,3,0.01,0.3821,False
Welsh,LOUD,c,3.101,3,0.01,0.3821,False
Welsh,ROUGH,ɔ͡ɨ,2.989,3,0.01,0.3821,False
Welsh,DARK,a͡ɨ,2.964,5,0.005,0.3821,False
Welsh,FAST,ʃ,2.834,4,0.01,0.3821,False
Welsh,BIG,a͡ɪ,2.748,5,0.01,0.3821,False
Welsh,QUIET,ð,2.666,8,0.005,0.3821,False
Welsh,SMOOTH,ə͡ɨ,2.576,4,0.01,0.3821,False
Welsh,SHARP,u͡ɨ,2.49,8,0.01,0.3821,False
Welsh,ROUND,ʊ,2.379,17,0.01,0.3821,False
Welsh,SHARP,i,2.346,9,0.005,0.3821,False
Welsh,SLOW,j,2.313,10,0.005,0.3821,False
Welsh,FAST,ɔ,1.792,23,0.01,0.3821,False
Welsh,QUIET,b,2.515,6,0.0149,0.4525,False
Welsh,SMALL,ŋ,2.45,4,0.0149,0.4525,False
Welsh,SLOW,ʌ,2.086,11,0.0149,0.4525,False
Welsh,SMOOTH,d,1.662,40,0.0149,0.4525,False
Welsh,LOUD,a͡ʊ,2.934,3,0.0199,0.5458,False
Welsh,BIG,x,2.29,5,0.0199,0.5458,False
Welsh,ROUND,p,1.782,13,0.0249,0.597,False
Welsh,SMOOTH,l,-1.27,13,0.0249,0.597,False
Welsh,LOUD,ɨ,2.783,5,0.0299,0.6368,False
Welsh,LOUD,ɬ,2.619,3,0.0299,0.6368,False
Welsh,BIG,s,2.16,8,0.0299,0.6368,False
Welsh,SLOW,r,-1.998,8,0.0348,0.6687,False
Welsh,SLOW,f,1.76,3,0.0348,0.6687,False
Welsh,SHARP,k,1.579,13,0.0348,0.6687,False
Welsh,BRIGHT,ə͡ɪ,2.487,3,0.0547,0.7005,False
Welsh,BIG,r,1.97,12,0.0448,0.7005,False
Welsh,QUIET,ɑ,1.941,3,0.0547,0.7005,False
Welsh,DARK,o,1.814,4,0.0498,0.7005,False
Welsh,SHARP,n,1.78,25,0.0448,0.7005,False
Welsh,SHARP,v,1.744,10,0.0398,0.7005,False
Welsh,DARK,ɑ͡ɨ,1.739,3,0.0448,0.7005,False
Welsh,SLOW,ø,1.692,12,0.0547,0.7005,False
Welsh,FAST,r,1.646,33,0.0498,0.7005,False
Welsh,ROUND,m,1.487,11,0.0498,0.7005,False
Welsh,SMOOTH,s,-1.105,13,0.0498,0.7005,False
Welsh,SLOW,ɔ,1.644,15,0.0647,0.7164,False
Welsh,FAST,f,1.493,4,0.0647,0.7164,False
Welsh,SMALL,w,1.375,6,0.0597,0.7164,False
Welsh,SMOOTH,h,1.195,19,0.0597,0.7164,False
Welsh,SMOOTH,t,-1.06,8,0.0697,0.757,False
Welsh,DARK,ɑ,1.456,5,0.0746,0.7676,False
Welsh,FAST,o,1.352,4,0.0746,0.7676,False
Welsh,FAST,ɑ͡ɨ,1.305,3,0.0746,0.7676,False
Welsh,LOUD,l,2.073,5,0.0846,0.8399,False
Welsh,BRIGHT,h,2.024,5,0.0846,0.8399,False
Welsh,SMALL,t,1.335,12,0.0945,0.9075,False
Welsh,QUIET,w,1.536,3,0.0995,0.9396,False
Welsh,ROUGH,ɡ,2.433,5,0.1045,0.9552,False
Welsh,DARK,u͡ɨ,1.38,6,0.1095,0.9552,False
Welsh,ROUND,k,1.104,16,0.1144,0.9552,False
Welsh,SMOOTH,ʃ,0.984,3,0.1095,0.9552,False
Welsh,DARK,k,1.2,13,0.1194,0.9681,False
Welsh,ROUGH,a,2.174,5,0.1592,1.0,False
Welsh,LOUD,d,2.051,5,0.1493,1.0,False
Welsh,BRIGHT,n,1.586,10,0.2637,1.0,False
Welsh,LOUD,ɛ,1.42,4,0.3632,1.0,False
Welsh,BRIGHT,ø,1.411,5,0.3632,1.0,False
Welsh,BIG,i,1.404,3,0.1741,1.0,False
Welsh,LOUD,ø,1.363,3,0.3731,1.0,False
Welsh,BIG,v,1.282,4,0.2886,1.0,False
Welsh,SLOW,ɛ,-1.219,3,0.2139,1.0,False
Welsh,BRIGHT,j,1.216,3,0.4776,1.0,False
Welsh,QUIET,j,1.144,4,0.3582,1.0,False
Welsh,BRIGHT,ɛ,1.133,6,0.4179,1.0,False
Welsh,BRIGHT,p,1.13,3,0.4279,1.0,False
Welsh,BIG,ɔ͡ɨ,1.117,3,0.1642,1.0,False
Welsh,FAST,s,-1.091,8,0.1592,1.0,False
Welsh,DARK,ɨ,-1.084,4,0.1891,1.0,False
Welsh,SHARP,a,-1.081,5,0.1542,1.0,False
Welsh,SLOW,k,1.077,10,0.2488,1.0,False
Welsh,SHARP,m,-1.064,3,0.1841,1.0,False
Welsh,FAST,ʌ,1.059,12,0.1692,1.0,False
Welsh,QUIET,a͡ɪ,0.996,3,0.4328,1.0,False
Welsh,DARK,d,-0.991,8,0.2189,1.0,False
Welsh,ROUND,ʌ,-0.99,4,0.1741,1.0,False
Welsh,DARK,ɡ,0.965,17,0.2239,1.0,False
Welsh,ROUND,l,0.964,22,0.204,1.0,False
Welsh,FAST,n,-0.963,13,0.1741,1.0,False
Welsh,ROUND,ɬ,0.956,10,0.204,1.0,False
Welsh,SMALL,m,0.952,8,0.2239,1.0,False
Welsh,ROUND,ɡ,-0.947,6,0.2587,1.0,False
Welsh,BRIGHT,d,-0.947,3,0.4677,1.0,False
Welsh,ROUND,ɨ,-0.938,6,0.2388,1.0,False
Welsh,SMOOTH,b,0.909,14,0.1642,1.0,False
Welsh,SLOW,m,0.909,6,0.3632,1.0,False
Welsh,FAST,v,0.892,10,0.2935,1.0,False
Welsh,BIG,m,0.871,3,0.5025,1.0,False
Welsh,BIG,p,0.85,3,0.4328,1.0,False
Welsh,SLOW,l,-0.85,7,0.3333,1.0,False
Welsh,SMOOTH,w,0.845,9,0.1493,1.0,False
Welsh,BIG,t,0.842,4,0.5174,1.0,False
Welsh,QUIET,a͡ʊ,0.84,3,0.5672,1.0,False
Welsh,ROUND,r,-0.832,20,0.2189,1.0,False
Welsh,FAST,ə͡ɪ,0.827,5,0.2886,1.0,False
Welsh,SMALL,ɑ,0.826,4,0.2189,1.0,False
Welsh,QUIET,a,0.824,9,0.4328,1.0,False
Welsh,QUIET,n,-0.818,6,0.4478,1.0,False
Welsh,FAST,ɛ,-0.814,7,0.3085,1.0,False
Welsh,FAST,e,0.812,7,0.2537,1.0,False
Welsh,DARK,ɔ,0.811,14,0.2587,1.0,False
Welsh,SMOOTH,m,0.798,14,0.1542,1.0,False
Welsh,BRIGHT,l,0.792,6,0.6468,1.0,False
Welsh,SHARP,s,-0.774,7,0.3234,1.0,False
Welsh,DARK,v,0.767,8,0.3085,1.0,False
Welsh,SMOOTH,o,0.759,5,0.194,1.0,False
Welsh,DARK,n,0.753,22,0.2985,1.0,False
Welsh,QUIET,ɡ,-0.752,3,0.4378,1.0,False
Welsh,FAST,p,-0.748,3,0.3383,1.0,False
Welsh,SMOOTH,ɬ,-0.743,4,0.1841,1.0,False
Welsh,QUIET,s,0.709,7,0.5771,1.0,False
Welsh,ROUND,t,0.702,12,0.3582,1.0,False
Welsh,SMALL,ø,-0.696,5,0.3284,1.0,False
Welsh,ROUND,f,0.692,3,0.3234,1.0,False
Welsh,SHARP,p,0.686,6,0.4428,1.0,False
Welsh,DARK,ɛ,0.686,14,0.3781,1.0,False
Welsh,BIG,h,0.677,3,0.5771,1.0,False
Welsh,QUIET,l,0.676,8,0.6368,1.0,False
Welsh,QUIET,ɨ,-0.675,3,0.5274,1.0,False
Welsh,QUIET,ɛ,0.664,7,0.5622,1.0,False
Welsh,BRIGHT,s,0.658,5,0.6816,1.0,False
Welsh,SMALL,a͡ɪ,0.65,5,0.3582,1.0,False
Welsh,SLOW,s,0.647,11,0.4279,1.0,False
Welsh,SMALL,ɨ,0.64,13,0.3632,1.0,False
Welsh,SHARP,θ,0.632,4,0.4428,1.0,False
Welsh,DARK,ø,-0.626,5,0.4677,1.0,False
Welsh,ROUND,s,-0.622,11,0.3582,1.0,False
Welsh,SHARP,t,0.622,8,0.3831,1.0,False
Welsh,BIG,l,-0.609,4,0.5821,1.0,False
Welsh,LOUD,s,0.605,3,0.7413,1.0,False
Welsh,DARK,p,-0.593,3,0.4826,1.0,False
Welsh,SMOOTH,x,-0.575,4,0.3731,1.0,False
Welsh,LOUD,n,-0.574,3,0.7562,1.0,False
Welsh,ROUND,ɛ,0.558,17,0.5025,1.0,False
Welsh,SLOW,a,0.551,13,0.6219,1.0,False
Welsh,SMOOTH,ʌ,-0.549,9,0.2736,1.0,False
Welsh,SMOOTH,u,0.546,4,0.3284,1.0,False
Welsh,SMOOTH,a͡ɨ,0.545,3,0.3234,1.0,False
Welsh,SMALL,ɔ,-0.534,7,0.4328,1.0,False
Welsh,DARK,b,-0.534,3,0.5672,1.0,False
Welsh,SMALL,ɛ,0.532,14,0.4378,1.0,False
Welsh,SMOOTH,i,0.53,9,0.3134,1.0,False
Welsh,SHARP,r,-0.526,15,0.4975,1.0,False
Welsh,FAST,a,-0.522,11,0.4876,1.0,False
Welsh,SMALL,ɡ,0.516,15,0.4776,1.0,False
Welsh,ROUND,ɑ,0.504,4,0.4179,1.0,False
Welsh,SMALL,l,-0.495,11,0.5373,1.0,False
Welsh,DARK,l,0.492,15,0.592,1.0,False
Welsh,QUIET,ʊ,0.485,3,0.7015,1.0,False
Welsh,SHARP,ɨ,-0.483,6,0.4975,1.0,False
Welsh,SMALL,k,-0.48,5,0.5522,1.0,False
Welsh,ROUND,a,0.48,20,0.4726,1.0,False
Welsh,SMOOTH,ɛ,-0.476,15,0.398,1.0,False
Welsh,SMOOTH,θ,0.469,8,0.4279,1.0,False
Welsh,SLOW,p,0.465,5,0.6468,1.0,False
Welsh,SLOW,t,0.462,7,0.6418,1.0,False
Welsh,SHARP,ø,-0.457,5,0.5771,1.0,False
Welsh,SHARP,ɡ,0.457,12,0.6119,1.0,False
Welsh,SMOOTH,a,0.448,30,0.4726,1.0,False
Welsh,FAST,x,-0.443,3,0.5821,1.0,False
Welsh,SMALL,v,-0.436,4,0.5373,1.0,False
Welsh,DARK,ʌ,0.436,8,0.4776,1.0,False
Welsh,DARK,t,-0.432,6,0.5821,1.0,False
Welsh,SHARP,ɛ,0.424,11,0.602,1.0,False
Welsh,DARK,ɬ,0.418,6,0.6119,1.0,False
Welsh,SLOW,n,0.416,16,0.7214,1.0,False
Welsh,DARK,a,-0.409,10,0.5622,1.0,False
Welsh,FAST,b,-0.405,4,0.5622,1.0,False
Welsh,BRIGHT,ɡ,-0.402,3,0.806,1.0,False
Welsh,SMOOTH,ɡ,-0.396,16,0.4925,1.0,False
Welsh,SMOOTH,j,-0.394,4,0.4627,1.0,False
Welsh,SMOOTH,ɑ͡ɨ,0.391,3,0.5373,1.0,False
Welsh,SMOOTH,k,-0.389,10,0.5174,1.0,False
Welsh,QUIET,r,-0.386,9,0.7463,1.0,False
Welsh,FAST,t,0.383,10,0.5771,1.0,False
Welsh,BIG,ɨ,-0.38,3,0.7711,1.0,False
Welsh,SHARP,ð,-0.38,3,0.6915,1.0,False
Welsh,BIG,n,-0.379,6,0.7015,1.0,False
Welsh,FAST,ɨ,0.377,13,0.6368,1.0,False
Welsh,LOUD,r,-0.363,4,0.8308,1.0,False
Welsh,ROUND,w,-0.358,3,0.6567,1.0,False
Welsh,FAST,ɬ,-0.356,4,0.6716,1.0,False
Welsh,SMOOTH,ø,-0.349,12,0.5373,1.0,False
Welsh,SHARP,ɔ,0.347,10,0.6219,1.0,False
Welsh,SMOOTH,ɨ,0.345,21,0.5174,1.0,False
Welsh,SMALL,p,-0.341,4,0.6517,1.0,False
Welsh,SMOOTH,ð,-0.337,7,0.5821,1.0,False
Welsh,SHARP,ɬ,0.335,5,0.7313,1.0,False
Welsh,ROUND,b,0.316,7,0.6567,1.0,False
Welsh,SMALL,ɬ,0.313,6,0.7065,1.0,False
Welsh,DARK,x,-0.311,3,0.7065,1.0,False
Welsh,BRIGHT,t,0.305,3,0.8159,1.0,False
Welsh,SMALL,ʌ,0.297,8,0.7164,1.0,False
Welsh,SMALL,s,0.292,13,0.6617,1.0,False
Welsh,ROUND,d,0.291,18,0.6816,1.0,False
Welsh,ROUGH,r,0.286,4,0.9055,1.0,False
Welsh,SHARP,d,-0.266,10,0.796,1.0,False
Welsh,ROUND,ð,-0.262,5,0.7761,1.0,False
Welsh,FAST,w,-0.262,3,0.796,1.0,False
Welsh,FAST,m,-0.26,6,0.7413,1.0,False
Welsh,BRIGHT,ɔ,0.256,4,0.8657,1.0,False
Welsh,SLOW,ɬ,-0.255,3,0.7861,1.0,False
Welsh,DARK,r,0.254,21,0.7015,1.0,False
Welsh,ROUND,n,0.253,24,0.7363,1.0,False
Welsh,SMALL,a,0.237,15,0.7413,1.0,False
Welsh,ROUND,ø,0.222,11,0.7711,1.0,False
Welsh,SMOOTH,p,-0.222,8,0.6766,1.0,False
Welsh,SMOOTH,ɑ,0.22,5,0.7015,1.0,False
Welsh,QUIET,t,0.214,4,0.8607,1.0,False
Welsh,SMOOTH,e,0.205,8,0.7264,1.0,False
Welsh,SMOOTH,a͡ɪ,0.203,6,0.7512,1.0,False
Welsh,SLOW,d,0.195,11,0.8408,1.0,False
Welsh,FAST,ð,-0.187,5,0.7662,1.0,False
Welsh,QUIET,v,0.185,3,0.9204,1.0,False
Welsh,FAST,l,-0.184,14,0.7861,1.0,False
Welsh,SMALL,n,-0.182,17,0.7214,1.0,False
Welsh,FAST,ø,0.181,10,0.791,1.0,False
Welsh,QUIET,m,0.176,3,0.8856,1.0,False
Welsh,QUIET,d,-0.17,6,0.8607,1.0,False
Welsh,BRIGHT,a,0.169,5,0.9204,1.0,False
Welsh,FAST,d,0.167,16,0.796,1.0,False
Welsh,DARK,j,-0.148,3,0.8607,1.0,False
Welsh,SLOW,b,0.137,4,0.8507,1.0,False
Welsh,FAST,a͡ʊ,0.124,4,0.8706,1.0,False
Welsh,BRIGHT,r,-0.122,7,0.9602,1.0,False
Welsh,ROUND,θ,0.113,4,0.8408,1.0,False
Welsh,FAST,k,0.106,9,0.8706,1.0,False
Welsh,SMOOTH,v,0.105,11,0.9055,1.0,False
Welsh,SLOW,ɨ,-0.104,7,0.9353,1.0,False
Welsh,SHARP,ʌ,0.103,6,0.8856,1.0,False
Welsh,SMOOTH,a͡ʊ,-0.099,5,0.8159,1.0,False
Welsh,SMALL,d,0.097,14,0.9104,1.0,False
Welsh,SMALL,x,-0.097,4,0.8408,1.0,False
Welsh,ROUND,j,0.092,5,0.8458,1.0,False
Welsh,SMALL,e,0.083,4,0.9055,1.0,False
Welsh,SMALL,ʊ,-0.078,4,0.9154,1.0,False
Welsh,BIG,ø,-0.072,3,0.9801,1.0,False
Welsh,SMOOTH,ə͡ɪ,-0.072,4,0.9154,1.0,False
Welsh,SMOOTH,r,0.069,39,0.9005,1.0,False
Welsh,SMALL,ð,-0.068,5,0.9552,1.0,False
Welsh,SLOW,e,0.068,3,0.9204,1.0,False
Welsh,SMOOTH,f,0.066,3,0.9403,1.0,False
Welsh,BIG,k,0.058,3,0.9502,1.0,False
Welsh,SLOW,ɡ,0.057,9,0.9552,1.0,False
Welsh,ROUND,x,-0.055,5,0.9403,1.0,False
Welsh,SMALL,i,-0.052,3,0.9453,1.0,False
Welsh,SMALL,b,0.05,5,0.99,1.0,False
Welsh,FAST,j,-0.049,4,0.9552,1.0,False
Welsh,ROUND,i,0.048,4,0.9652,1.0,False
Welsh,SMOOTH,ɔ,0.047,19,0.8955,1.0,False
Welsh,SMALL,a͡ʊ,-0.03,3,0.9652,1.0,False
Welsh,FAST,ɡ,0.028,13,0.9602,1.0,False
Welsh,ROUND,ɔ,-0.025,12,0.9701,1.0,False
Welsh,SMOOTH,n,-0.025,33,0.9701,1.0,False
Welsh,SHARP,l,-0.02,11,0.99,1.0,False
Welsh,DARK,s,-0.019,11,0.99,1.0,False
Welsh,FAST,h,0.008,5,0.99,1.0,False
Welsh,DARK,ð,0.004,5,1.0,1.0,False
Welsh,SMALL,r,0.001,21,1.0,1.0,False
