language,pole,phoneme,z,count,p_perm,q_fdr,significant
Arabic,離卦-static,χ,3.286,11,0.005,0.2597,False
Arabic,兌卦-dynamic,a,3.062,634,0.005,0.2597,False
Arabic,艮卦-static,f,3.054,41,0.005,0.2597,False
Arabic,離卦-dynamic,j,2.516,19,0.005,0.2597,False
Arabic,中卦-static,n,2.447,89,0.005,0.2597,False
Arabic,坤卦-dynamic,s̪,2.37,31,0.005,0.2597,False
Arabic,坤卦-static,ɣ,2.081,13,0.005,0.2597,False
Arabic,兌卦-dynamic,i,-2.001,46,0.005,0.2597,False
Arabic,坤卦-static,k,1.916,19,0.005,0.2597,False
Arabic,兌卦-dynamic,u,-1.454,33,0.005,0.2597,False
Arabic,巽卦-dynamic,ʃ,3.797,5,0.01,0.371,False
Arabic,離卦-static,ʔ,2.555,25,0.01,0.371,False
Arabic,坤卦-dynamic,k,-1.69,9,0.01,0.371,False
Arabic,中卦-static,l,-1.326,38,0.01,0.371,False
Arabic,坤卦-dynamic,h,1.514,25,0.0149,0.4101,False
Arabic,艮卦-dynamic,d͡ʒ,1.482,31,0.0149,0.4101,False
Arabic,兌卦-dynamic,j,1.416,16,0.0149,0.4101,False
Arabic,兌卦-dynamic,t,-1.318,43,0.0149,0.4101,False
Arabic,坎卦-static,ʔ,1.201,88,0.0149,0.4101,False
Arabic,中卦-dynamic,θ,3.24,3,0.0199,0.4155,False
Arabic,中卦-dynamic,l,2.963,18,0.0199,0.4155,False
Arabic,乾卦-static,ħ,2.149,22,0.0199,0.4155,False
Arabic,中卦-static,t̪,1.408,24,0.0199,0.4155,False
Arabic,震卦-static,t,1.228,118,0.0199,0.4155,False
Arabic,巽卦-static,d͡ʒ,2.855,9,0.0249,0.4809,False
Arabic,中卦-static,i,1.478,153,0.0249,0.4809,False
Arabic,離卦-dynamic,ʕ,1.382,40,0.0299,0.5373,False
Arabic,離卦-dynamic,r,-1.28,42,0.0299,0.5373,False
Arabic,坤卦-static,h,1.514,12,0.0398,0.5771,False
Arabic,艮卦-dynamic,θ,1.345,12,0.0398,0.5771,False
Arabic,艮卦-dynamic,r,1.29,78,0.0398,0.5771,False
Arabic,離卦-dynamic,a,1.244,405,0.0398,0.5771,False
Arabic,坎卦-static,ʕ,-1.198,21,0.0398,0.5771,False
Arabic,震卦-static,w,1.186,26,0.0348,0.5771,False
Arabic,震卦-static,t̪,1.16,30,0.0398,0.5771,False
Arabic,離卦-static,i,-2.087,7,0.0448,0.5993,False
Arabic,乾卦-static,r,1.869,35,0.0448,0.5993,False
Arabic,震卦-dynamic,b,-1.338,15,0.0498,0.6183,False
Arabic,兌卦-dynamic,w,-0.874,3,0.0498,0.6183,False
Arabic,乾卦-dynamic,q,2.554,11,0.0647,0.662,False
Arabic,中卦-dynamic,s,2.539,9,0.0597,0.662,False
Arabic,坎卦-dynamic,b,1.808,22,0.0647,0.662,False
Arabic,艮卦-static,χ,1.257,14,0.0547,0.662,False
Arabic,坤卦-static,m,1.231,49,0.0647,0.662,False
Arabic,艮卦-dynamic,u,-1.197,29,0.0647,0.662,False
Arabic,中卦-static,r,-1.166,39,0.0597,0.662,False
Arabic,坤卦-dynamic,ʔ,1.081,92,0.0647,0.662,False
Arabic,離卦-static,d,2.113,15,0.0697,0.686,False
Arabic,兌卦-dynamic,r,0.906,106,0.0697,0.686,False
Arabic,坤卦-static,ʕ,-1.173,11,0.0746,0.7214,False
Arabic,中卦-dynamic,ð,2.371,3,0.0796,0.7238,False
Arabic,坎卦-dynamic,u,1.644,38,0.0846,0.7238,False
Arabic,坎卦-dynamic,z,1.576,10,0.0846,0.7238,False
Arabic,震卦-dynamic,ħ,-1.154,5,0.0846,0.7238,False
Arabic,離卦-dynamic,k,-1.017,14,0.0796,0.7238,False
Arabic,離卦-dynamic,ʔ,0.902,83,0.0846,0.7238,False
Arabic,兌卦-dynamic,l,-0.818,69,0.0846,0.7238,False
Arabic,離卦-static,t,-1.759,5,0.1045,0.7471,False
Arabic,離卦-static,f,1.609,12,0.0945,0.7471,False
Arabic,坎卦-dynamic,ð,1.445,6,0.0945,0.7471,False
Arabic,震卦-dynamic,ʕ,-1.222,12,0.1045,0.7471,False
Arabic,坤卦-static,d,1.215,30,0.0995,0.7471,False
Arabic,震卦-static,k,0.986,36,0.0995,0.7471,False
Arabic,艮卦-dynamic,s̪,0.954,16,0.0945,0.7471,False
Arabic,坎卦-static,r,-0.931,48,0.1045,0.7471,False
Arabic,中卦-static,m,0.928,78,0.0995,0.7471,False
Arabic,震卦-static,ð,-0.856,3,0.0945,0.7471,False
Arabic,乾卦-dynamic,h,2.164,4,0.1095,0.7618,False
Arabic,坎卦-dynamic,q,1.515,18,0.1144,0.7859,False
Arabic,巽卦-static,u,1.908,22,0.1194,0.7918,False
Arabic,坤卦-static,ð,1.118,9,0.1244,0.7918,False
Arabic,離卦-dynamic,u,-0.954,44,0.1194,0.7918,False
Arabic,離卦-dynamic,b,-0.867,34,0.1244,0.7918,False
Arabic,坤卦-dynamic,n,-0.817,31,0.1244,0.7918,False
Arabic,兌卦-static,w,2.341,3,0.1393,0.817,False
Arabic,中卦-dynamic,w,1.805,3,0.1393,0.817,False
Arabic,乾卦-static,s̪,1.245,7,0.1393,0.817,False
Arabic,離卦-dynamic,q,-0.874,17,0.1343,0.817,False
Arabic,坎卦-static,ð,-0.782,3,0.1393,0.817,False
Arabic,離卦-dynamic,w,0.781,18,0.1393,0.817,False
Arabic,坤卦-dynamic,ɣ,0.758,15,0.1343,0.817,False
Arabic,坤卦-dynamic,q,-0.815,19,0.1443,0.8186,False
Arabic,中卦-static,h,-0.794,4,0.1443,0.8186,False
Arabic,離卦-dynamic,ð,-0.794,3,0.1443,0.8186,False
Arabic,巽卦-dynamic,ħ,2.73,5,0.1493,0.8377,False
Arabic,乾卦-dynamic,z,1.801,5,0.1592,0.8657,False
Arabic,兌卦-static,n,2.283,9,0.199,0.9097,False
Arabic,兌卦-static,m,2.048,11,0.2587,0.9097,False
Arabic,乾卦-dynamic,s,2.022,10,0.199,0.9097,False
Arabic,中卦-dynamic,k,1.804,4,0.2289,0.9097,False
Arabic,中卦-dynamic,b,1.73,8,0.2587,0.9097,False
Arabic,中卦-dynamic,t,1.692,12,0.3035,0.9097,False
Arabic,巽卦-static,ʕ,-1.599,3,0.1841,0.9097,False
Arabic,巽卦-static,m,1.341,16,0.2786,0.9097,False
Arabic,坎卦-dynamic,r,1.206,28,0.194,0.9097,False
Arabic,離卦-static,b,1.184,13,0.2687,0.9097,False
Arabic,坎卦-dynamic,ʕ,1.013,11,0.2488,0.9097,False
Arabic,震卦-dynamic,t,0.991,52,0.194,0.9097,False
Arabic,坤卦-static,ʃ,-0.98,3,0.1841,0.9097,False
Arabic,乾卦-static,q,-0.949,5,0.2587,0.9097,False
Arabic,乾卦-static,f,-0.922,3,0.209,0.9097,False
Arabic,艮卦-static,q,0.915,23,0.194,0.9097,False
Arabic,坤卦-static,z,-0.897,3,0.2289,0.9097,False
Arabic,震卦-dynamic,ð,0.893,9,0.2338,0.9097,False
Arabic,震卦-dynamic,m,-0.881,22,0.1841,0.9097,False
Arabic,坤卦-static,i,0.874,76,0.2438,0.9097,False
Arabic,艮卦-dynamic,a,0.869,305,0.1841,0.9097,False
Arabic,艮卦-static,d͡ʒ,0.862,14,0.2537,0.9097,False
Arabic,震卦-dynamic,l,0.859,59,0.2338,0.9097,False
Arabic,中卦-static,z,-0.819,6,0.204,0.9097,False
Arabic,艮卦-dynamic,ʔ,0.816,65,0.204,0.9097,False
Arabic,艮卦-static,m,-0.808,19,0.2289,0.9097,False
Arabic,震卦-dynamic,ʔ,0.805,45,0.2736,0.9097,False
Arabic,艮卦-dynamic,n,-0.803,24,0.209,0.9097,False
Arabic,震卦-dynamic,ʃ,-0.785,5,0.3035,0.9097,False
Arabic,坤卦-static,t̪,-0.776,4,0.2886,0.9097,False
Arabic,坤卦-static,ħ,-0.771,8,0.2786,0.9097,False
Arabic,震卦-dynamic,u,-0.768,28,0.3085,0.9097,False
Arabic,艮卦-static,ʃ,0.761,15,0.2687,0.9097,False
Arabic,震卦-dynamic,ɣ,0.761,8,0.2637,0.9097,False
Arabic,震卦-dynamic,k,-0.757,9,0.2985,0.9097,False
Arabic,中卦-static,ð,0.727,13,0.1891,0.9097,False
Arabic,中卦-static,ʕ,0.725,31,0.2189,0.9097,False
Arabic,坎卦-static,h,-0.723,5,0.194,0.9097,False
Arabic,震卦-static,i,-0.712,106,0.2239,0.9097,False
Arabic,離卦-dynamic,m,-0.712,44,0.2189,0.9097,False
Arabic,艮卦-static,a,-0.71,124,0.2687,0.9097,False
Arabic,坤卦-static,ʔ,-0.707,21,0.3035,0.9097,False
Arabic,艮卦-static,s̪,-0.689,4,0.2886,0.9097,False
Arabic,艮卦-static,t̪,-0.689,4,0.3085,0.9097,False
Arabic,坎卦-static,ħ,-0.68,17,0.2488,0.9097,False
Arabic,坤卦-dynamic,d͡ʒ,-0.679,11,0.2189,0.9097,False
Arabic,震卦-static,l,-0.669,74,0.1891,0.9097,False
Arabic,坤卦-dynamic,b,0.651,60,0.2189,0.9097,False
Arabic,艮卦-dynamic,m,-0.639,37,0.2488,0.9097,False
Arabic,坎卦-static,i,-0.638,89,0.2836,0.9097,False
Arabic,中卦-static,b,-0.631,33,0.2736,0.9097,False
Arabic,震卦-static,χ,-0.624,9,0.209,0.9097,False
Arabic,中卦-static,s,0.62,41,0.3035,0.9097,False
Arabic,震卦-static,z,-0.608,11,0.2438,0.9097,False
Arabic,坎卦-static,s,-0.605,23,0.2985,0.9097,False
Arabic,震卦-static,ʕ,0.589,41,0.3035,0.9097,False
Arabic,兌卦-dynamic,ʔ,-0.569,54,0.204,0.9097,False
Arabic,兌卦-dynamic,ð,0.544,16,0.2239,0.9097,False
Arabic,離卦-dynamic,ɣ,-0.539,3,0.2985,0.9097,False
Arabic,中卦-static,w,-0.533,5,0.3035,0.9097,False
Arabic,兌卦-dynamic,s,-0.485,31,0.3085,0.9097,False
Arabic,艮卦-static,u,0.76,46,0.3134,0.9192,False
Arabic,坎卦-dynamic,s,-0.781,6,0.3184,0.9234,False
Arabic,震卦-dynamic,a,0.717,206,0.3184,0.9234,False
Arabic,巽卦-static,a,-1.173,38,0.3781,0.9258,False
Arabic,離卦-static,m,-1.036,7,0.3831,0.9258,False
Arabic,巽卦-static,i,1.022,25,0.3781,0.9258,False
Arabic,乾卦-static,t,-0.878,15,0.3333,0.9258,False
Arabic,坎卦-dynamic,ʔ,-0.873,11,0.3632,0.9258,False
Arabic,坎卦-dynamic,j,0.789,3,0.3383,0.9258,False
Arabic,艮卦-static,ʔ,-0.718,19,0.3433,0.9258,False
Arabic,乾卦-static,i,0.693,46,0.3682,0.9258,False
Arabic,艮卦-static,d,0.679,23,0.3483,0.9258,False
Arabic,震卦-dynamic,t̪,-0.662,5,0.3532,0.9258,False
Arabic,坤卦-static,f,-0.599,8,0.3532,0.9258,False
Arabic,艮卦-dynamic,k,-0.596,14,0.3682,0.9258,False
Arabic,坤卦-dynamic,ʕ,0.578,36,0.3333,0.9258,False
Arabic,坎卦-static,d͡ʒ,0.578,26,0.3383,0.9258,False
Arabic,艮卦-dynamic,ʕ,-0.571,21,0.3532,0.9258,False
Arabic,中卦-static,a,-0.544,247,0.3682,0.9258,False
Arabic,艮卦-dynamic,i,-0.536,77,0.3831,0.9258,False
Arabic,坎卦-static,χ,0.532,21,0.3532,0.9258,False
Arabic,中卦-static,d͡ʒ,-0.52,11,0.3781,0.9258,False
Arabic,坤卦-dynamic,ħ,0.509,41,0.3532,0.9258,False
Arabic,坤卦-dynamic,l,-0.506,70,0.3632,0.9258,False
Arabic,中卦-static,χ,-0.495,8,0.3731,0.9258,False
Arabic,兌卦-dynamic,ʃ,-0.495,16,0.3284,0.9258,False
Arabic,中卦-static,k,-0.493,16,0.3781,0.9258,False
Arabic,中卦-static,f,-0.481,16,0.3483,0.9258,False
Arabic,兌卦-dynamic,t̪,-0.444,13,0.3582,0.9258,False
Arabic,震卦-static,b,-0.403,49,0.3333,0.9258,False
Arabic,震卦-static,ɣ,-0.403,5,0.3383,0.9258,False
Arabic,兌卦-dynamic,s̪,0.369,19,0.3632,0.9258,False
Arabic,巽卦-static,d,-1.101,3,0.3881,0.9292,False
Arabic,離卦-static,k,-0.886,3,0.3881,0.9292,False
Arabic,乾卦-dynamic,i,1.316,23,0.393,0.9359,False
Arabic,乾卦-static,m,0.762,27,0.398,0.9359,False
Arabic,艮卦-dynamic,ʃ,-0.557,10,0.398,0.9359,False
Arabic,震卦-static,d͡ʒ,0.451,30,0.403,0.9391,False
Arabic,震卦-static,u,-0.378,75,0.403,0.9391,False
Arabic,中卦-static,ʔ,-0.51,41,0.408,0.9465,False
Arabic,巽卦-dynamic,t,1.714,7,0.4527,0.9557,False
Arabic,兌卦-static,d,1.54,6,0.4378,0.9557,False
Arabic,兌卦-static,z,1.454,3,0.4478,0.9557,False
Arabic,中卦-dynamic,t̪,1.435,3,0.4179,0.9557,False
Arabic,乾卦-dynamic,m,1.15,13,0.4428,0.9557,False
Arabic,坤卦-static,r,-0.554,29,0.4229,0.9557,False
Arabic,中卦-static,q,0.487,37,0.4229,0.9557,False
Arabic,離卦-dynamic,θ,0.461,9,0.4527,0.9557,False
Arabic,中卦-static,ħ,-0.452,19,0.4328,0.9557,False
Arabic,離卦-dynamic,i,-0.451,99,0.4279,0.9557,False
Arabic,坎卦-static,k,0.44,25,0.4428,0.9557,False
Arabic,兌卦-dynamic,b,-0.407,49,0.4179,0.9557,False
Arabic,震卦-static,θ,-0.383,4,0.4577,0.9557,False
Arabic,中卦-static,s̪,0.376,14,0.4577,0.9557,False
Arabic,震卦-static,s̪,0.372,19,0.4527,0.9557,False
Arabic,坤卦-dynamic,t,-0.347,63,0.4527,0.9557,False
Arabic,兌卦-dynamic,m,-0.332,65,0.4478,0.9557,False
Arabic,巽卦-dynamic,l,1.603,8,0.5274,0.9568,False
Arabic,巽卦-dynamic,u,1.572,8,0.5473,0.9568,False
Arabic,兌卦-static,u,-1.302,3,0.5373,0.9568,False
Arabic,兌卦-static,b,1.181,6,0.4876,0.9568,False
Arabic,乾卦-dynamic,a,-1.128,33,0.4776,0.9568,False
Arabic,中卦-dynamic,u,1.071,12,0.5274,0.9568,False
Arabic,乾卦-dynamic,l,-1.051,7,0.4925,0.9568,False
Arabic,中卦-dynamic,m,-0.976,4,0.5473,0.9568,False
Arabic,中卦-dynamic,ʕ,0.93,4,0.5423,0.9568,False
Arabic,乾卦-dynamic,ʕ,0.894,5,0.5323,0.9568,False
Arabic,離卦-static,ħ,-0.816,3,0.4726,0.9568,False
Arabic,離卦-static,n,0.805,13,0.5025,0.9568,False
Arabic,離卦-static,ʕ,0.698,7,0.5423,0.9568,False
Arabic,坎卦-dynamic,k,-0.647,5,0.4925,0.9568,False
Arabic,坎卦-dynamic,i,-0.637,27,0.4876,0.9568,False
Arabic,坎卦-dynamic,a,-0.634,81,0.5124,0.9568,False
Arabic,乾卦-static,j,0.628,3,0.4726,0.9568,False
Arabic,坎卦-dynamic,t̪,0.625,6,0.4677,0.9568,False
Arabic,坎卦-dynamic,d,-0.623,8,0.5473,0.9568,False
Arabic,乾卦-static,b,0.592,18,0.5224,0.9568,False
Arabic,乾卦-static,ʕ,0.589,11,0.4975,0.9568,False
Arabic,乾卦-static,d͡ʒ,-0.524,4,0.5522,0.9568,False
Arabic,震卦-dynamic,r,0.438,44,0.5124,0.9568,False
Arabic,坎卦-static,l,0.41,90,0.4776,0.9568,False
Arabic,離卦-dynamic,ʃ,-0.39,15,0.5323,0.9568,False
Arabic,艮卦-dynamic,χ,0.388,16,0.5473,0.9568,False
Arabic,坤卦-dynamic,s,0.364,44,0.4975,0.9568,False
Arabic,中卦-static,ɣ,-0.36,4,0.5323,0.9568,False
Arabic,中卦-static,j,0.354,7,0.5075,0.9568,False
Arabic,離卦-dynamic,s̪,-0.352,11,0.5572,0.9568,False
Arabic,兌卦-dynamic,h,-0.337,10,0.4726,0.9568,False
Arabic,坤卦-dynamic,r,0.319,80,0.5025,0.9568,False
Arabic,震卦-static,s,0.319,49,0.4975,0.9568,False
Arabic,坤卦-dynamic,f,0.317,36,0.5473,0.9568,False
Arabic,中卦-static,u,-0.314,57,0.5522,0.9568,False
Arabic,坤卦-dynamic,ʃ,-0.312,17,0.5522,0.9568,False
Arabic,坤卦-dynamic,i,0.305,135,0.5522,0.9568,False
Arabic,坎卦-static,s̪,0.303,15,0.5522,0.9568,False
Arabic,坤卦-dynamic,u,-0.292,69,0.5274,0.9568,False
Arabic,坎卦-static,w,0.289,13,0.5274,0.9568,False
Arabic,震卦-static,a,0.283,404,0.5473,0.9568,False
Arabic,坎卦-static,q,0.269,37,0.5373,0.9568,False
Arabic,兌卦-dynamic,ħ,-0.26,30,0.5522,0.9568,False
Arabic,兌卦-dynamic,k,0.255,29,0.5572,0.9568,False
Arabic,坎卦-dynamic,l,-0.58,19,0.5672,0.9603,False
Arabic,乾卦-static,u,-0.486,19,0.5721,0.9603,False
Arabic,艮卦-static,ħ,-0.445,10,0.5672,0.9603,False
Arabic,艮卦-static,n,-0.378,18,0.5721,0.9603,False
Arabic,離卦-dynamic,l,0.348,91,0.5721,0.9603,False
Arabic,坎卦-static,z,0.306,19,0.5672,0.9603,False
Arabic,兌卦-static,l,-0.938,5,0.5771,0.9616,False
Arabic,兌卦-static,i,0.91,14,0.6318,0.9616,False
Arabic,中卦-dynamic,a,-0.891,28,0.602,0.9616,False
Arabic,乾卦-dynamic,k,0.868,4,0.6318,0.9616,False
Arabic,乾卦-dynamic,n,-0.831,4,0.5821,0.9616,False
Arabic,乾卦-dynamic,f,0.793,6,0.607,0.9616,False
Arabic,中卦-dynamic,i,0.781,16,0.6119,0.9616,False
Arabic,巽卦-static,b,-0.633,6,0.592,0.9616,False
Arabic,乾卦-static,χ,-0.474,3,0.602,0.9616,False
Arabic,乾卦-static,ð,0.428,4,0.597,0.9616,False
Arabic,坤卦-static,s,-0.389,14,0.597,0.9616,False
Arabic,艮卦-dynamic,ħ,-0.343,19,0.602,0.9616,False
Arabic,坤卦-static,w,0.341,7,0.6169,0.9616,False
Arabic,艮卦-dynamic,f,-0.337,17,0.5871,0.9616,False
Arabic,艮卦-static,l,-0.324,33,0.602,0.9616,False
Arabic,震卦-dynamic,f,-0.32,12,0.6318,0.9616,False
Arabic,艮卦-dynamic,ɣ,-0.313,4,0.6219,0.9616,False
Arabic,中卦-static,θ,0.308,7,0.6318,0.9616,False
Arabic,坎卦-static,ɣ,-0.292,5,0.602,0.9616,False
Arabic,坎卦-static,n,0.275,52,0.6219,0.9616,False
Arabic,兌卦-dynamic,ɣ,0.271,12,0.597,0.9616,False
Arabic,坤卦-dynamic,m,-0.267,59,0.607,0.9616,False
Arabic,離卦-dynamic,h,-0.261,9,0.6169,0.9616,False
Arabic,坎卦-static,b,-0.258,42,0.6269,0.9616,False
Arabic,震卦-static,n,-0.255,50,0.6318,0.9616,False
Arabic,兌卦-dynamic,θ,0.242,9,0.6169,0.9616,False
Arabic,兌卦-dynamic,z,-0.24,16,0.6169,0.9616,False
Arabic,兌卦-dynamic,d,0.211,50,0.6318,0.9616,False
Arabic,艮卦-dynamic,j,0.253,6,0.6368,0.9663,False
Arabic,乾卦-dynamic,ʔ,-0.622,6,0.6468,0.9701,False
Arabic,離卦-static,a,0.395,69,0.6468,0.9701,False
Arabic,震卦-dynamic,h,0.376,8,0.6418,0.9701,False
Arabic,艮卦-static,ð,-0.339,3,0.6468,0.9701,False
Arabic,艮卦-dynamic,t̪,0.289,14,0.6517,0.972,False
Arabic,離卦-static,s,-0.531,5,0.6716,0.9748,False
Arabic,坤卦-static,a,-0.369,148,0.6617,0.9748,False
Arabic,艮卦-dynamic,h,-0.297,7,0.6816,0.9748,False
Arabic,坤卦-static,d͡ʒ,-0.264,8,0.6766,0.9748,False
Arabic,艮卦-static,i,-0.255,49,0.6667,0.9748,False
Arabic,離卦-dynamic,z,0.254,19,0.6816,0.9748,False
Arabic,離卦-dynamic,d͡ʒ,-0.253,16,0.6667,0.9748,False
Arabic,坎卦-static,a,0.245,326,0.6617,0.9748,False
Arabic,艮卦-dynamic,t,0.244,60,0.6766,0.9748,False
Arabic,坎卦-static,m,0.165,66,0.6816,0.9748,False
Arabic,兌卦-static,ħ,0.754,4,0.6915,0.9756,False
Arabic,巽卦-dynamic,a,-0.719,17,0.7214,0.9756,False
Arabic,巽卦-static,q,-0.439,4,0.6965,0.9756,False
Arabic,巽卦-static,ħ,0.428,6,0.7065,0.9756,False
Arabic,乾卦-static,ʃ,-0.35,5,0.7114,0.9756,False
Arabic,坎卦-dynamic,ħ,-0.334,7,0.7015,0.9756,False
Arabic,震卦-dynamic,d͡ʒ,0.306,13,0.6915,0.9756,False
Arabic,震卦-dynamic,q,-0.245,16,0.7015,0.9756,False
Arabic,艮卦-dynamic,b,-0.244,35,0.6965,0.9756,False
Arabic,艮卦-static,b,-0.241,20,0.7065,0.9756,False
Arabic,離卦-dynamic,ħ,0.231,34,0.7214,0.9756,False
Arabic,艮卦-static,t,0.222,34,0.7114,0.9756,False
Arabic,坤卦-static,χ,0.221,9,0.7214,0.9756,False
Arabic,坤卦-dynamic,t̪,-0.169,14,0.7065,0.9756,False
Arabic,震卦-static,q,0.156,43,0.7065,0.9756,False
Arabic,坎卦-static,t̪,0.186,16,0.7264,0.9798,False
Arabic,離卦-static,w,0.467,3,0.7363,0.9799,False
Arabic,巽卦-static,t̪,0.445,3,0.7363,0.9799,False
Arabic,乾卦-dynamic,t,-0.409,8,0.7463,0.9799,False
Arabic,離卦-static,ʃ,-0.386,3,0.796,0.9799,False
Arabic,巽卦-static,ʔ,-0.378,8,0.791,0.9799,False
Arabic,坎卦-dynamic,m,-0.333,16,0.7463,0.9799,False
Arabic,離卦-static,u,0.307,17,0.801,0.9799,False
Arabic,乾卦-static,a,-0.277,96,0.7562,0.9799,False
Arabic,坎卦-dynamic,t,0.251,22,0.791,0.9799,False
Arabic,艮卦-static,h,0.226,6,0.7711,0.9799,False
Arabic,坤卦-static,s̪,-0.22,6,0.806,0.9799,False
Arabic,乾卦-static,h,-0.217,3,0.796,0.9799,False
Arabic,艮卦-dynamic,z,-0.216,11,0.7313,0.9799,False
Arabic,震卦-dynamic,χ,-0.216,7,0.7711,0.9799,False
Arabic,乾卦-static,d,-0.215,11,0.7761,0.9799,False
Arabic,坎卦-dynamic,f,-0.205,7,0.7861,0.9799,False
Arabic,坎卦-static,f,0.201,31,0.7612,0.9799,False
Arabic,坤卦-dynamic,ð,-0.199,8,0.7313,0.9799,False
Arabic,震卦-dynamic,j,0.194,4,0.8109,0.9799,False
Arabic,艮卦-static,r,-0.189,30,0.8109,0.9799,False
Arabic,坤卦-static,q,-0.184,15,0.7512,0.9799,False
Arabic,中卦-static,ʃ,-0.179,16,0.791,0.9799,False
Arabic,坤卦-static,u,-0.178,35,0.7413,0.9799,False
Arabic,中卦-static,t,0.177,64,0.7612,0.9799,False
Arabic,震卦-dynamic,d,0.171,23,0.801,0.9799,False
Arabic,中卦-static,d,0.164,36,0.801,0.9799,False
Arabic,坤卦-static,b,0.156,25,0.8109,0.9799,False
Arabic,震卦-static,f,0.155,37,0.7662,0.9799,False
Arabic,離卦-dynamic,χ,0.151,17,0.7562,0.9799,False
Arabic,坤卦-dynamic,χ,-0.15,14,0.7512,0.9799,False
Arabic,離卦-dynamic,f,-0.145,25,0.796,0.9799,False
Arabic,離卦-dynamic,t,0.14,72,0.796,0.9799,False
Arabic,兌卦-dynamic,f,-0.139,30,0.7463,0.9799,False
Arabic,艮卦-dynamic,d,-0.119,29,0.8109,0.9799,False
Arabic,震卦-static,d,-0.119,43,0.7811,0.9799,False
Arabic,坎卦-static,d,0.117,39,0.7861,0.9799,False
Arabic,離卦-dynamic,n,-0.115,45,0.7861,0.9799,False
Arabic,震卦-static,m,0.1,79,0.8109,0.9799,False
Arabic,坎卦-static,u,-0.095,70,0.806,0.9799,False
Arabic,震卦-dynamic,z,-0.159,8,0.8209,0.9851,False
Arabic,離卦-dynamic,d,-0.122,36,0.8259,0.9888,False
Arabic,巽卦-dynamic,q,0.778,3,0.8408,0.9899,False
Arabic,巽卦-dynamic,r,0.461,5,0.8358,0.9899,False
Arabic,巽卦-static,χ,0.298,3,0.8358,0.9899,False
Arabic,巽卦-static,z,0.235,3,0.8308,0.9899,False
Arabic,坎卦-dynamic,ʃ,0.183,7,0.8458,0.9899,False
Arabic,艮卦-dynamic,q,-0.113,25,0.8408,0.9899,False
Arabic,乾卦-static,n,0.111,16,0.8358,0.9899,False
Arabic,坤卦-dynamic,j,0.097,7,0.8408,0.9899,False
Arabic,震卦-static,ħ,-0.073,34,0.8458,0.9899,False
Arabic,兌卦-static,a,-0.37,27,0.8706,0.9928,False
Arabic,兌卦-static,ʕ,0.342,3,0.8657,0.9928,False
Arabic,巽卦-static,ʃ,0.265,4,0.8756,0.9928,False
Arabic,巽卦-static,l,0.231,14,0.8607,0.9928,False
Arabic,離卦-static,r,-0.193,13,0.8806,0.9928,False
Arabic,震卦-dynamic,s,-0.152,18,0.8756,0.9928,False
Arabic,乾卦-static,w,-0.141,3,0.8706,0.9928,False
Arabic,艮卦-static,z,0.115,8,0.8756,0.9928,False
Arabic,艮卦-static,s,0.103,17,0.8806,0.9928,False
Arabic,坎卦-static,ʃ,-0.091,19,0.8806,0.9928,False
Arabic,坤卦-dynamic,z,0.09,18,0.8756,0.9928,False
Arabic,震卦-static,r,0.088,85,0.8756,0.9928,False
Arabic,兌卦-dynamic,d͡ʒ,-0.067,22,0.8806,0.9928,False
Arabic,兌卦-static,r,0.314,7,0.9005,0.9938,False
Arabic,乾卦-dynamic,b,-0.222,6,0.9005,0.9938,False
Arabic,兌卦-static,ʔ,-0.213,5,0.8905,0.9938,False
Arabic,乾卦-dynamic,u,0.156,11,0.9005,0.9938,False
Arabic,坤卦-static,n,-0.086,23,0.8905,0.9938,False
Arabic,震卦-dynamic,i,0.083,67,0.8905,0.9938,False
Arabic,巽卦-static,s,0.133,6,0.9154,0.9997,False
Arabic,坎卦-dynamic,d͡ʒ,0.085,6,0.9104,0.9997,False
Arabic,震卦-static,ʃ,0.053,26,0.9154,0.9997,False
Arabic,乾卦-dynamic,r,-0.169,9,0.9453,1.0,False
Arabic,巽卦-dynamic,i,-0.147,7,0.9353,1.0,False
Arabic,巽卦-static,n,0.117,8,0.9254,1.0,False
Arabic,乾卦-static,l,-0.105,25,0.9254,1.0,False
Arabic,乾卦-dynamic,d,-0.092,5,0.9602,1.0,False
Arabic,坤卦-static,l,-0.061,40,0.9254,1.0,False
Arabic,艮卦-static,k,-0.055,10,0.9204,1.0,False
Arabic,離卦-dynamic,s,0.05,36,0.9453,1.0,False
Arabic,坤卦-static,t,-0.045,34,0.9502,1.0,False
Arabic,震卦-static,ʔ,-0.045,70,0.9353,1.0,False
Arabic,艮卦-static,ʕ,0.044,14,0.9801,1.0,False
Arabic,乾卦-static,k,-0.043,7,0.9652,1.0,False
Arabic,乾卦-static,s,-0.038,11,0.9751,1.0,False
Arabic,震卦-dynamic,n,0.036,27,0.9751,1.0,False
Arabic,震卦-static,h,-0.034,13,0.9453,1.0,False
Arabic,兌卦-static,q,-0.03,3,0.9851,1.0,False
Arabic,坎卦-dynamic,s̪,0.029,4,0.9851,1.0,False
Arabic,兌卦-dynamic,n,-0.029,56,0.9453,1.0,False
Arabic,離卦-static,l,-0.027,16,0.9701,1.0,False
Arabic,巽卦-static,r,-0.023,11,0.9701,1.0,False
Arabic,坎卦-static,t,-0.022,66,0.9602,1.0,False
Arabic,艮卦-static,w,0.021,5,0.9652,1.0,False
Arabic,離卦-dynamic,t̪,0.019,15,0.9851,1.0,False
Arabic,兌卦-dynamic,q,0.018,40,0.9701,1.0,False
Arabic,乾卦-static,ʔ,-0.018,19,0.99,1.0,False
Arabic,艮卦-dynamic,s,-0.014,28,0.9652,1.0,False
Arabic,巽卦-static,t,0.013,11,0.99,1.0,False
Arabic,艮卦-dynamic,l,-0.01,65,0.9851,1.0,False
Arabic,兌卦-dynamic,χ,-0.007,18,0.9851,1.0,False
Arabic,坤卦-static,θ,0.005,3,0.995,1.0,False
Arabic,震卦-dynamic,w,0.005,6,0.99,1.0,False
Arabic,兌卦-dynamic,ʕ,-0.005,36,0.995,1.0,False
Arabic,坤卦-dynamic,d,-0.003,40,1.0,1.0,False
Arabic,坎卦-dynamic,n,0.002,14,1.0,1.0,False
Arabic,坤卦-dynamic,a,-0.001,335,1.0,1.0,False
Chinese,艮卦-static,p,2.951,38,0.005,0.3175,False
Chinese,中卦-static,ɯ,2.675,28,0.005,0.3175,False
Chinese,中卦-static,ʌ,2.675,28,0.005,0.3175,False
Chinese,艮卦-static,pʰ,2.497,17,0.005,0.3175,False
Chinese,兌卦-dynamic,f,2.402,28,0.005,0.3175,False
Chinese,中卦-static,s,2.212,25,0.005,0.3175,False
Chinese,艮卦-static,ʊ,1.962,66,0.005,0.3175,False
Chinese,中卦-static,ə,1.819,39,0.005,0.3175,False
Chinese,艮卦-static,ɕ,-1.784,7,0.005,0.3175,False
Chinese,震卦-static,t,1.537,45,0.005,0.3175,False
Chinese,坤卦-dynamic,ʈ͡ʂʰ,-1.4,3,0.005,0.3175,False
Chinese,乾卦-dynamic,l,2.902,12,0.01,0.4366,False
Chinese,艮卦-dynamic,ɪ,1.657,46,0.01,0.4366,False
Chinese,坤卦-dynamic,ŋ,1.606,101,0.01,0.4366,False
Chinese,震卦-static,y,-1.301,7,0.01,0.4366,False
Chinese,艮卦-dynamic,ɕ,1.293,38,0.01,0.4366,False
Chinese,坎卦-dynamic,ə,2.397,18,0.0149,0.4817,False
Chinese,坎卦-dynamic,f,2.356,11,0.0149,0.4817,False
Chinese,艮卦-dynamic,e,1.627,33,0.0149,0.4817,False
Chinese,中卦-static,ɻ,1.408,27,0.0199,0.4817,False
Chinese,坤卦-dynamic,t͡ɕʰ,1.402,25,0.0199,0.4817,False
Chinese,中卦-static,tʰ,-1.386,4,0.0199,0.4817,False
Chinese,兌卦-dynamic,ʈ͡ʂ,1.365,26,0.0149,0.4817,False
Chinese,坤卦-dynamic,ɪ,-1.245,11,0.0199,0.4817,False
Chinese,離卦-dynamic,ʈ͡ʂ,1.223,46,0.0199,0.4817,False
Chinese,坤卦-dynamic,x,1.152,34,0.0199,0.4817,False
Chinese,震卦-static,t͡ɕʰ,-1.061,5,0.0199,0.4817,False
Chinese,離卦-dynamic,ɛ,1.044,55,0.0199,0.4817,False
Chinese,坤卦-static,i,1.862,50,0.0249,0.5821,False
Chinese,兌卦-static,x,3.363,3,0.0348,0.6269,False
Chinese,乾卦-static,ʂ,1.915,11,0.0348,0.6269,False
Chinese,坎卦-static,n,1.376,73,0.0299,0.6269,False
Chinese,坤卦-dynamic,t͡s,-1.232,3,0.0348,0.6269,False
Chinese,坎卦-static,ʊ,-1.186,27,0.0348,0.6269,False
Chinese,坤卦-dynamic,e,-1.073,3,0.0348,0.6269,False
Chinese,離卦-dynamic,ɕ,1.007,55,0.0348,0.6269,False
Chinese,巽卦-dynamic,t͡sʰ,3.203,3,0.0498,0.635,False
Chinese,兌卦-static,ɤ,3.034,3,0.0547,0.635,False
Chinese,中卦-dynamic,œ,2.744,3,0.0398,0.635,False
Chinese,巽卦-static,k,2.656,4,0.0597,0.635,False
Chinese,中卦-dynamic,y,2.536,6,0.0597,0.635,False
Chinese,中卦-dynamic,t,2.487,4,0.0498,0.635,False
Chinese,乾卦-static,ɻ,2.17,10,0.0398,0.635,False
Chinese,乾卦-static,a,2.137,14,0.0448,0.635,False
Chinese,坎卦-dynamic,kʰ,1.794,7,0.0547,0.635,False
Chinese,乾卦-static,ɔ,1.618,7,0.0597,0.635,False
Chinese,坤卦-static,k,1.587,11,0.0448,0.635,False
Chinese,坤卦-static,kʰ,1.535,6,0.0448,0.635,False
Chinese,坤卦-static,p,1.389,9,0.0498,0.635,False
Chinese,兌卦-dynamic,ʊ,1.237,60,0.0498,0.635,False
Chinese,震卦-dynamic,ɔ,1.171,25,0.0498,0.635,False
Chinese,震卦-dynamic,t͡s,1.123,22,0.0597,0.635,False
Chinese,艮卦-static,y,-1.065,7,0.0597,0.635,False
Chinese,艮卦-static,tʰ,1.044,20,0.0498,0.635,False
Chinese,震卦-static,tʰ,1.018,34,0.0448,0.635,False
Chinese,艮卦-static,u,-0.964,41,0.0547,0.635,False
Chinese,震卦-static,t͡s,0.956,27,0.0547,0.635,False
Chinese,離卦-dynamic,ʂ,0.95,52,0.0448,0.635,False
Chinese,震卦-static,ɨ,0.851,24,0.0398,0.635,False
Chinese,坤卦-static,ɕ,1.377,12,0.0647,0.6486,False
Chinese,震卦-dynamic,ʈ͡ʂʰ,-0.983,6,0.0647,0.6486,False
Chinese,艮卦-dynamic,t͡s,-0.954,5,0.0647,0.6486,False
Chinese,離卦-static,i,1.992,38,0.0697,0.6519,False
Chinese,艮卦-static,t͡ɕ,-1.12,10,0.0697,0.6519,False
Chinese,坎卦-static,ɛ,1.066,26,0.0697,0.6519,False
Chinese,震卦-static,k,1.036,40,0.0697,0.6519,False
Chinese,震卦-static,ɕ,-0.862,24,0.0697,0.6519,False
Chinese,中卦-static,ʊ,-1.2,31,0.0746,0.6549,False
Chinese,兌卦-dynamic,ɑ,1.013,82,0.0746,0.6549,False
Chinese,離卦-dynamic,tʰ,-0.878,14,0.0746,0.6549,False
Chinese,巽卦-static,u,2.574,13,0.0945,0.657,False
Chinese,巽卦-static,ɑ,2.54,12,0.0945,0.657,False
Chinese,中卦-dynamic,t͡ɕ,2.241,5,0.0945,0.657,False
Chinese,乾卦-dynamic,ɤ,1.835,7,0.0896,0.657,False
Chinese,離卦-static,t͡ɕʰ,1.682,6,0.0896,0.657,False
Chinese,乾卦-static,ɑ,-1.514,6,0.0945,0.657,False
Chinese,坤卦-static,a,1.489,15,0.0796,0.657,False
Chinese,中卦-static,ɤ,-1.081,3,0.0896,0.657,False
Chinese,艮卦-dynamic,n,-1.053,41,0.0846,0.657,False
Chinese,中卦-static,ʈ͡ʂ,1.039,23,0.0896,0.657,False
Chinese,艮卦-static,m,1.014,19,0.0945,0.657,False
Chinese,中卦-static,ɑ,-1.009,33,0.0945,0.657,False
Chinese,兌卦-dynamic,t͡ɕ,0.994,32,0.0846,0.657,False
Chinese,坤卦-dynamic,n,0.951,94,0.0796,0.657,False
Chinese,艮卦-dynamic,pʰ,0.892,12,0.0846,0.657,False
Chinese,兌卦-dynamic,l,-0.844,8,0.0896,0.657,False
Chinese,離卦-dynamic,ŋ,-0.788,66,0.0796,0.657,False
Chinese,巽卦-static,tʰ,2.339,3,0.1294,0.6688,False
Chinese,中卦-dynamic,t͡sʰ,1.74,3,0.1194,0.6688,False
Chinese,離卦-static,u,-1.674,7,0.1194,0.6688,False
Chinese,坎卦-dynamic,ɛ,1.382,13,0.1343,0.6688,False
Chinese,坤卦-static,n,1.26,30,0.1294,0.6688,False
Chinese,坎卦-static,x,0.982,22,0.1095,0.6688,False
Chinese,坎卦-static,t͡ɕ,0.979,28,0.0995,0.6688,False
Chinese,坎卦-static,ə,0.967,25,0.1095,0.6688,False
Chinese,兌卦-dynamic,ə,-0.946,6,0.1294,0.6688,False
Chinese,震卦-dynamic,ʊ,0.94,71,0.1045,0.6688,False
Chinese,中卦-static,u,-0.898,45,0.1045,0.6688,False
Chinese,震卦-dynamic,t͡ɕ,0.895,39,0.1144,0.6688,False
Chinese,艮卦-dynamic,ɻ,0.865,26,0.0995,0.6688,False
Chinese,兌卦-dynamic,i,-0.853,71,0.1343,0.6688,False
Chinese,艮卦-dynamic,ʂ,0.832,32,0.1045,0.6688,False
Chinese,艮卦-dynamic,m,-0.818,8,0.1194,0.6688,False
Chinese,坤卦-dynamic,ɯ,-0.801,4,0.1343,0.6688,False
Chinese,坤卦-dynamic,ʌ,-0.801,4,0.1343,0.6688,False
Chinese,坤卦-dynamic,ɛ,0.796,34,0.1244,0.6688,False
Chinese,震卦-static,ʈ͡ʂ,0.784,33,0.1095,0.6688,False
Chinese,艮卦-static,ʈ͡ʂ,-0.768,4,0.1045,0.6688,False
Chinese,震卦-dynamic,ʈ͡ʂ,0.765,25,0.1343,0.6688,False
Chinese,坤卦-dynamic,ɻ,0.752,26,0.1194,0.6688,False
Chinese,震卦-static,m,-0.729,12,0.1144,0.6688,False
Chinese,離卦-dynamic,ɻ,0.717,38,0.1244,0.6688,False
Chinese,震卦-static,ɻ,-0.7,12,0.1343,0.6688,False
Chinese,坤卦-dynamic,k,-0.678,10,0.1343,0.6688,False
Chinese,震卦-static,ɯ,0.651,22,0.1144,0.6688,False
Chinese,震卦-static,ʌ,0.651,22,0.1144,0.6688,False
Chinese,離卦-dynamic,t͡ɕ,0.63,53,0.1144,0.6688,False
Chinese,兌卦-dynamic,ɻ,0.796,21,0.1393,0.6839,False
Chinese,乾卦-dynamic,t͡ɕʰ,1.654,4,0.1493,0.6939,False
Chinese,坎卦-dynamic,t͡ɕ,-1.157,4,0.1493,0.6939,False
Chinese,艮卦-static,ɨ,0.852,14,0.1443,0.6939,False
Chinese,坎卦-static,ɕ,-0.836,13,0.1443,0.6939,False
Chinese,艮卦-dynamic,ɯ,-0.779,4,0.1493,0.6939,False
Chinese,艮卦-dynamic,ʌ,-0.779,4,0.1493,0.6939,False
Chinese,兌卦-dynamic,t,-0.756,7,0.1493,0.6939,False
Chinese,中卦-static,y,-0.79,11,0.1542,0.703,False
Chinese,坤卦-dynamic,y,0.706,38,0.1542,0.703,False
Chinese,離卦-dynamic,f,0.646,25,0.1542,0.703,False
Chinese,震卦-static,p,0.721,29,0.1642,0.7295,False
Chinese,離卦-static,ɕ,1.415,9,0.1741,0.7384,False
Chinese,乾卦-static,ɯ,1.139,5,0.1791,0.7384,False
Chinese,乾卦-static,ʌ,1.139,5,0.1791,0.7384,False
Chinese,坤卦-static,ɑ,-1.129,11,0.1791,0.7384,False
Chinese,坤卦-static,pʰ,1.053,4,0.1741,0.7384,False
Chinese,坎卦-dynamic,y,-1.046,3,0.1841,0.7384,False
Chinese,坤卦-static,y,-1.005,3,0.1741,0.7384,False
Chinese,坎卦-static,k,-0.792,6,0.1741,0.7384,False
Chinese,中卦-static,ɛ,0.762,27,0.1841,0.7384,False
Chinese,坎卦-static,e,0.753,17,0.1841,0.7384,False
Chinese,艮卦-static,ə,-0.747,8,0.1791,0.7384,False
Chinese,艮卦-dynamic,k,-0.723,9,0.1692,0.7384,False
Chinese,坤卦-dynamic,kʰ,-0.659,5,0.1741,0.7384,False
Chinese,巽卦-static,i,-2.188,4,0.209,0.7424,False
Chinese,巽卦-static,ŋ,2.117,9,0.2189,0.7424,False
Chinese,乾卦-dynamic,ʈ͡ʂ,1.452,5,0.209,0.7424,False
Chinese,離卦-static,ʊ,-1.331,8,0.209,0.7424,False
Chinese,離卦-static,ɨ,1.319,5,0.2189,0.7424,False
Chinese,離卦-static,t͡s,1.218,5,0.2189,0.7424,False
Chinese,離卦-static,ŋ,-1.123,8,0.2189,0.7424,False
Chinese,乾卦-static,ʈ͡ʂʰ,1.116,5,0.1891,0.7424,False
Chinese,震卦-dynamic,kʰ,-0.8,4,0.194,0.7424,False
Chinese,坎卦-static,m,0.79,16,0.2189,0.7424,False
Chinese,中卦-static,ɕ,-0.712,16,0.2189,0.7424,False
Chinese,中卦-static,k,-0.682,8,0.2189,0.7424,False
Chinese,艮卦-static,t͡s,0.672,14,0.194,0.7424,False
Chinese,震卦-dynamic,a,0.659,40,0.2189,0.7424,False
Chinese,艮卦-dynamic,i,-0.653,91,0.2189,0.7424,False
Chinese,離卦-dynamic,e,-0.639,12,0.194,0.7424,False
Chinese,艮卦-dynamic,kʰ,-0.623,5,0.209,0.7424,False
Chinese,艮卦-dynamic,t,0.611,23,0.204,0.7424,False
Chinese,離卦-dynamic,ɨ,-0.523,8,0.199,0.7424,False
Chinese,坎卦-static,ɤ,-0.756,6,0.2239,0.7449,False
Chinese,震卦-dynamic,ɯ,-0.687,5,0.2239,0.7449,False
Chinese,震卦-dynamic,ʌ,-0.687,5,0.2239,0.7449,False
Chinese,乾卦-dynamic,œ,1.285,3,0.2388,0.7473,False
Chinese,乾卦-static,ɕ,-1.007,4,0.2438,0.7473,False
Chinese,坎卦-dynamic,ɔ,0.891,7,0.2388,0.7473,False
Chinese,坎卦-static,ɨ,0.727,12,0.2388,0.7473,False
Chinese,坎卦-static,ɑ,-0.665,36,0.2388,0.7473,False
Chinese,震卦-dynamic,e,-0.644,8,0.2438,0.7473,False
Chinese,離卦-dynamic,i,0.583,196,0.2338,0.7473,False
Chinese,艮卦-dynamic,a,-0.567,23,0.2388,0.7473,False
Chinese,震卦-static,ŋ,0.513,98,0.2338,0.7473,False
Chinese,坎卦-dynamic,ɨ,0.916,6,0.2488,0.756,False
Chinese,艮卦-static,ɑ,0.642,70,0.2537,0.758,False
Chinese,震卦-dynamic,u,-0.599,65,0.2537,0.758,False
Chinese,離卦-dynamic,ɪ,-0.529,30,0.2537,0.758,False
Chinese,離卦-dynamic,kʰ,-0.507,9,0.2537,0.758,False
Chinese,震卦-static,ɤ,0.458,35,0.2587,0.7631,False
Chinese,乾卦-static,f,1.06,5,0.2637,0.7649,False
Chinese,震卦-dynamic,ʂ,-0.627,16,0.2637,0.7649,False
Chinese,震卦-dynamic,s,-0.55,5,0.2637,0.7649,False
Chinese,兌卦-dynamic,p,-0.662,4,0.2687,0.7761,False
Chinese,坤卦-static,ʂ,-0.831,4,0.2736,0.7777,False
Chinese,艮卦-dynamic,y,0.565,34,0.2736,0.7777,False
Chinese,離卦-dynamic,ɔ,0.502,27,0.2736,0.7777,False
Chinese,乾卦-dynamic,y,1.292,7,0.2886,0.7882,False
Chinese,乾卦-dynamic,n,1.26,15,0.2836,0.7882,False
Chinese,乾卦-static,ɛ,-0.932,3,0.2886,0.7882,False
Chinese,中卦-static,x,-0.622,7,0.2886,0.7882,False
Chinese,離卦-dynamic,l,-0.49,25,0.2886,0.7882,False
Chinese,離卦-dynamic,t͡sʰ,-0.452,8,0.2836,0.7882,False
Chinese,乾卦-static,ɪ,0.868,9,0.2935,0.7956,False
Chinese,震卦-dynamic,y,0.589,36,0.2935,0.7956,False
Chinese,艮卦-static,n,-0.625,41,0.2985,0.7998,False
Chinese,艮卦-dynamic,ŋ,0.531,72,0.2985,0.7998,False
Chinese,離卦-static,t͡ɕ,-1.077,3,0.3035,0.8039,False
Chinese,震卦-dynamic,k,0.571,25,0.3035,0.8039,False
Chinese,中卦-dynamic,ʊ,-1.506,3,0.3085,0.808,False
Chinese,坎卦-dynamic,i,-0.99,27,0.3085,0.808,False
Chinese,艮卦-static,s,-0.663,3,0.3085,0.808,False
Chinese,艮卦-dynamic,ɨ,-0.537,5,0.3134,0.818,False
Chinese,離卦-static,tʰ,1.169,6,0.3184,0.8218,False
Chinese,坤卦-dynamic,i,0.481,129,0.3184,0.8218,False
Chinese,乾卦-dynamic,i,1.172,22,0.3234,0.8225,False
Chinese,艮卦-dynamic,t͡sʰ,-0.544,4,0.3234,0.8225,False
Chinese,兌卦-dynamic,n,-0.462,46,0.3234,0.8225,False
Chinese,艮卦-dynamic,ɛ,-0.43,18,0.3234,0.8225,False
Chinese,離卦-static,pʰ,1.074,3,0.3284,0.8232,False
Chinese,坎卦-static,ɪ,0.58,24,0.3284,0.8232,False
Chinese,中卦-static,t͡s,0.548,14,0.3284,0.8232,False
Chinese,震卦-static,x,-0.479,14,0.3284,0.8232,False
Chinese,坤卦-dynamic,ɕ,-0.502,22,0.3333,0.8239,False
Chinese,離卦-dynamic,ʊ,-0.46,74,0.3333,0.8239,False
Chinese,坤卦-dynamic,ɨ,-0.458,6,0.3333,0.8239,False
Chinese,震卦-static,ɔ,-0.443,11,0.3333,0.8239,False
Chinese,巽卦-dynamic,u,1.854,8,0.3383,0.8275,False
Chinese,離卦-static,n,1.027,21,0.3383,0.8275,False
Chinese,坤卦-dynamic,œ,0.489,13,0.3383,0.8275,False
Chinese,坤卦-static,ɯ,0.662,5,0.3433,0.831,False
Chinese,坤卦-static,ʌ,0.662,5,0.3433,0.831,False
Chinese,震卦-dynamic,ɕ,0.51,32,0.3433,0.831,False
Chinese,震卦-dynamic,m,0.469,20,0.3483,0.8373,False
Chinese,兌卦-static,l,2.066,3,0.3532,0.8377,False
Chinese,中卦-static,m,0.589,17,0.3532,0.8377,False
Chinese,中卦-static,t,-0.546,9,0.3532,0.8377,False
Chinese,兌卦-dynamic,t͡s,-0.511,7,0.3532,0.8377,False
Chinese,中卦-dynamic,u,1.31,11,0.3582,0.841,False
Chinese,震卦-dynamic,n,0.449,81,0.3582,0.841,False
Chinese,離卦-static,ɛ,1.003,8,0.3682,0.8446,False
Chinese,艮卦-static,ʈ͡ʂʰ,-0.542,7,0.3632,0.8446,False
Chinese,坎卦-static,t͡sʰ,-0.536,3,0.3682,0.8446,False
Chinese,艮卦-dynamic,l,-0.437,17,0.3682,0.8446,False
Chinese,離卦-dynamic,ʈ͡ʂʰ,-0.418,15,0.3682,0.8446,False
Chinese,離卦-dynamic,t,0.379,32,0.3682,0.8446,False
Chinese,中卦-dynamic,e,1.561,3,0.3781,0.859,False
Chinese,乾卦-dynamic,ʊ,1.168,11,0.3781,0.859,False
Chinese,離卦-static,ʈ͡ʂ,0.946,6,0.3831,0.8675,False
Chinese,離卦-static,m,0.776,5,0.398,0.8677,False
Chinese,艮卦-static,a,0.507,29,0.393,0.8677,False
Chinese,坎卦-static,ɻ,0.49,16,0.3881,0.8677,False
Chinese,兌卦-dynamic,a,0.487,30,0.398,0.8677,False
Chinese,震卦-dynamic,l,-0.479,17,0.398,0.8677,False
Chinese,震卦-dynamic,f,-0.476,5,0.3881,0.8677,False
Chinese,兌卦-dynamic,y,0.465,27,0.393,0.8677,False
Chinese,坤卦-dynamic,ʂ,-0.464,18,0.398,0.8677,False
Chinese,震卦-dynamic,ŋ,-0.462,52,0.393,0.8677,False
Chinese,兌卦-dynamic,ɛ,-0.427,15,0.3881,0.8677,False
Chinese,震卦-static,ʊ,0.396,82,0.393,0.8677,False
Chinese,巽卦-dynamic,ɑ,1.656,7,0.4726,0.8731,False
Chinese,中卦-dynamic,ɪ,1.412,4,0.4279,0.8731,False
Chinese,乾卦-dynamic,u,-0.951,8,0.4378,0.8731,False
Chinese,離卦-static,ʂ,-0.821,3,0.4428,0.8731,False
Chinese,乾卦-static,ʊ,0.719,16,0.4527,0.8731,False
Chinese,坤卦-static,ɻ,-0.616,3,0.4677,0.8731,False
Chinese,坤卦-static,ə,-0.541,4,0.4577,0.8731,False
Chinese,坤卦-static,x,-0.518,3,0.4577,0.8731,False
Chinese,坤卦-static,ɛ,0.517,9,0.4478,0.8731,False
Chinese,艮卦-static,ɛ,0.492,23,0.4378,0.8731,False
Chinese,中卦-static,n,0.482,66,0.4378,0.8731,False
Chinese,震卦-dynamic,ɻ,-0.456,12,0.4378,0.8731,False
Chinese,兌卦-dynamic,ɪ,0.453,26,0.4378,0.8731,False
Chinese,中卦-static,i,0.45,103,0.4627,0.8731,False
Chinese,坎卦-static,ɯ,-0.443,5,0.4129,0.8731,False
Chinese,坎卦-static,ʌ,-0.443,5,0.4129,0.8731,False
Chinese,坎卦-static,ɔ,-0.426,6,0.4677,0.8731,False
Chinese,坎卦-static,ʈ͡ʂʰ,-0.425,7,0.4577,0.8731,False
Chinese,坤卦-dynamic,p,-0.424,8,0.4428,0.8731,False
Chinese,中卦-static,ʈ͡ʂʰ,0.421,13,0.4726,0.8731,False
Chinese,兌卦-dynamic,s,-0.412,5,0.4279,0.8731,False
Chinese,中卦-static,t͡ɕ,-0.403,18,0.4129,0.8731,False
Chinese,兌卦-dynamic,ɯ,-0.398,6,0.4428,0.8731,False
Chinese,兌卦-dynamic,ʌ,-0.398,6,0.4428,0.8731,False
Chinese,坤卦-dynamic,ɤ,-0.397,14,0.4279,0.8731,False
Chinese,兌卦-dynamic,e,0.394,16,0.4726,0.8731,False
Chinese,離卦-dynamic,k,-0.39,20,0.408,0.8731,False
Chinese,震卦-dynamic,ɑ,0.389,84,0.4527,0.8731,False
Chinese,坤卦-dynamic,t,-0.384,13,0.4577,0.8731,False
Chinese,坤卦-dynamic,f,-0.382,6,0.4179,0.8731,False
Chinese,兌卦-dynamic,u,-0.38,57,0.4279,0.8731,False
Chinese,震卦-dynamic,ə,-0.374,16,0.4627,0.8731,False
Chinese,離卦-dynamic,p,-0.364,13,0.408,0.8731,False
Chinese,坎卦-static,t͡s,0.348,11,0.4726,0.8731,False
Chinese,震卦-static,ɛ,0.34,37,0.4577,0.8731,False
Chinese,震卦-static,ʈ͡ʂʰ,-0.33,14,0.4279,0.8731,False
Chinese,坎卦-dynamic,ʂ,0.674,10,0.4776,0.8777,False
Chinese,巽卦-static,ʂ,1.171,3,0.4876,0.8785,False
Chinese,乾卦-dynamic,s,1.076,3,0.5025,0.8785,False
Chinese,乾卦-dynamic,a,-0.858,3,0.5473,0.8785,False
Chinese,中卦-dynamic,ʂ,0.854,3,0.597,0.8785,False
Chinese,乾卦-dynamic,ə,0.836,5,0.5373,0.8785,False
Chinese,中卦-dynamic,i,-0.83,8,0.607,0.8785,False
Chinese,乾卦-dynamic,ɑ,-0.799,7,0.5522,0.8785,False
Chinese,乾卦-dynamic,ɕ,-0.665,3,0.6119,0.8785,False
Chinese,乾卦-dynamic,ŋ,-0.658,7,0.5771,0.8785,False
Chinese,乾卦-static,p,0.637,5,0.5174,0.8785,False
Chinese,乾卦-static,n,0.589,20,0.5224,0.8785,False
Chinese,乾卦-static,y,-0.588,4,0.5323,0.8785,False
Chinese,乾卦-static,ŋ,0.562,18,0.5124,0.8785,False
Chinese,乾卦-static,ə,0.547,7,0.4975,0.8785,False
Chinese,坎卦-dynamic,ʈ͡ʂ,0.542,7,0.4925,0.8785,False
Chinese,離卦-static,t͡sʰ,0.539,4,0.592,0.8785,False
Chinese,坤卦-static,ʈ͡ʂʰ,0.532,5,0.5025,0.8785,False
Chinese,離卦-static,ə,-0.532,3,0.5771,0.8785,False
Chinese,坎卦-dynamic,tʰ,-0.508,4,0.5522,0.8785,False
Chinese,乾卦-static,t͡s,0.492,4,0.5423,0.8785,False
Chinese,乾卦-static,t͡ɕ,0.492,8,0.5871,0.8785,False
Chinese,坎卦-dynamic,ɤ,-0.485,4,0.5124,0.8785,False
Chinese,離卦-static,ɻ,0.479,5,0.5721,0.8785,False
Chinese,坎卦-dynamic,a,-0.474,8,0.5871,0.8785,False
Chinese,乾卦-static,i,-0.442,24,0.607,0.8785,False
Chinese,坎卦-dynamic,ɑ,0.432,27,0.5572,0.8785,False
Chinese,兌卦-dynamic,t͡sʰ,-0.381,5,0.5274,0.8785,False
Chinese,兌卦-dynamic,k,0.376,18,0.4876,0.8785,False
Chinese,中卦-static,t͡ɕʰ,0.375,13,0.4975,0.8785,False
Chinese,中卦-static,e,-0.374,9,0.4925,0.8785,False
Chinese,中卦-static,f,-0.361,5,0.5124,0.8785,False
Chinese,艮卦-static,ɻ,-0.359,10,0.5721,0.8785,False
Chinese,艮卦-dynamic,f,-0.354,6,0.4876,0.8785,False
Chinese,中卦-static,a,0.348,29,0.602,0.8785,False
Chinese,兌卦-dynamic,ʂ,0.347,22,0.5124,0.8785,False
Chinese,坤卦-dynamic,s,-0.34,7,0.5323,0.8785,False
Chinese,艮卦-static,ŋ,0.337,54,0.5672,0.8785,False
Chinese,坎卦-static,t͡ɕʰ,-0.337,7,0.5224,0.8785,False
Chinese,震卦-dynamic,t͡sʰ,-0.327,7,0.5771,0.8785,False
Chinese,艮卦-dynamic,t͡ɕʰ,0.326,15,0.5025,0.8785,False
Chinese,坤卦-dynamic,ʈ͡ʂ,-0.324,11,0.5224,0.8785,False
Chinese,震卦-dynamic,i,-0.322,105,0.5871,0.8785,False
Chinese,艮卦-dynamic,tʰ,0.32,19,0.5174,0.8785,False
Chinese,兌卦-dynamic,ɤ,-0.32,12,0.5473,0.8785,False
Chinese,艮卦-static,x,-0.31,10,0.5174,0.8785,False
Chinese,震卦-static,ɪ,-0.31,30,0.4925,0.8785,False
Chinese,震卦-dynamic,pʰ,0.305,9,0.5274,0.8785,False
Chinese,艮卦-dynamic,t͡ɕ,0.304,30,0.5522,0.8785,False
Chinese,中卦-static,ɨ,-0.304,6,0.5473,0.8785,False
Chinese,兌卦-dynamic,ɕ,-0.303,19,0.5672,0.8785,False
Chinese,震卦-static,f,-0.296,9,0.4826,0.8785,False
Chinese,震卦-dynamic,t,-0.291,14,0.5721,0.8785,False
Chinese,震卦-static,a,0.288,46,0.5771,0.8785,False
Chinese,坤卦-dynamic,u,-0.282,75,0.597,0.8785,False
Chinese,中卦-static,ŋ,0.279,56,0.5821,0.8785,False
Chinese,震卦-dynamic,ɤ,0.273,24,0.6119,0.8785,False
Chinese,離卦-dynamic,ɑ,-0.267,95,0.5174,0.8785,False
Chinese,坤卦-dynamic,ɑ,-0.266,64,0.602,0.8785,False
Chinese,兌卦-dynamic,t͡ɕʰ,0.256,12,0.592,0.8785,False
Chinese,離卦-dynamic,u,0.255,136,0.5423,0.8785,False
Chinese,震卦-static,l,-0.246,28,0.607,0.8785,False
Chinese,坤卦-dynamic,ə,0.231,25,0.5821,0.8785,False
Chinese,離卦-dynamic,ə,-0.229,27,0.5871,0.8785,False
Chinese,坤卦-dynamic,a,-0.195,29,0.602,0.8785,False
Chinese,離卦-dynamic,s,-0.225,12,0.6169,0.882,False
Chinese,艮卦-dynamic,ə,0.245,24,0.6219,0.8873,False
Chinese,乾卦-dynamic,t͡ɕ,-0.56,3,0.6269,0.8908,False
Chinese,坎卦-dynamic,t͡s,0.355,5,0.6269,0.8908,False
Chinese,震卦-static,e,-0.216,17,0.6318,0.8961,False
Chinese,震卦-static,ʂ,0.207,34,0.6368,0.8995,False
Chinese,艮卦-dynamic,x,0.314,21,0.6418,0.9011,False
Chinese,艮卦-static,t,0.216,15,0.6468,0.9044,False
Chinese,兌卦-dynamic,ŋ,-0.211,46,0.6517,0.9096,False
Chinese,中卦-dynamic,ɕ,0.689,3,0.6766,0.9187,False
Chinese,離卦-static,a,0.384,8,0.6716,0.9187,False
Chinese,坎卦-dynamic,k,0.332,7,0.6667,0.9187,False
Chinese,坎卦-static,i,-0.291,74,0.6716,0.9187,False
Chinese,坤卦-static,t,0.274,6,0.6716,0.9187,False
Chinese,震卦-static,ə,-0.214,24,0.6716,0.9187,False
Chinese,艮卦-dynamic,ʈ͡ʂ,0.206,17,0.6716,0.9187,False
Chinese,離卦-dynamic,x,-0.193,22,0.6766,0.9187,False
Chinese,離卦-dynamic,ɯ,-0.189,14,0.6617,0.9187,False
Chinese,離卦-dynamic,ʌ,-0.189,14,0.6617,0.9187,False
Chinese,離卦-dynamic,ɤ,-0.208,25,0.6816,0.9219,False
Chinese,艮卦-dynamic,p,0.199,15,0.6866,0.9251,False
Chinese,坤卦-static,t͡s,-0.345,3,0.6965,0.9253,False
Chinese,坎卦-dynamic,x,-0.343,4,0.6965,0.9253,False
Chinese,離卦-static,ɑ,0.323,18,0.7065,0.9253,False
Chinese,坎卦-dynamic,l,0.29,10,0.7015,0.9253,False
Chinese,中卦-static,pʰ,0.252,7,0.7065,0.9253,False
Chinese,艮卦-static,kʰ,-0.246,6,0.7015,0.9253,False
Chinese,坎卦-static,l,-0.244,15,0.7065,0.9253,False
Chinese,兌卦-dynamic,ʈ͡ʂʰ,-0.244,9,0.6915,0.9253,False
Chinese,艮卦-static,ʂ,0.226,20,0.7015,0.9253,False
Chinese,坎卦-static,a,0.224,24,0.6965,0.9253,False
Chinese,坎卦-static,y,0.223,21,0.6965,0.9253,False
Chinese,坤卦-dynamic,t͡ɕ,0.187,30,0.7065,0.9253,False
Chinese,離卦-dynamic,n,0.168,110,0.7065,0.9253,False
Chinese,離卦-static,ɪ,0.387,7,0.7114,0.9283,False
Chinese,坎卦-dynamic,t͡sʰ,0.353,5,0.7114,0.9283,False
Chinese,離卦-dynamic,m,0.188,26,0.7164,0.9331,False
Chinese,艮卦-static,e,-0.207,10,0.7214,0.9344,False
Chinese,震卦-static,n,-0.151,86,0.7214,0.9344,False
Chinese,坎卦-static,pʰ,0.237,6,0.7313,0.942,False
Chinese,震卦-dynamic,p,-0.181,11,0.7313,0.942,False
Chinese,離卦-static,t,-0.321,3,0.7463,0.9439,False
Chinese,離卦-static,l,0.304,7,0.7413,0.9439,False
Chinese,坤卦-static,t͡ɕ,-0.296,7,0.7463,0.9439,False
Chinese,坎卦-dynamic,ŋ,0.283,22,0.7413,0.9439,False
Chinese,艮卦-dynamic,œ,0.22,10,0.7463,0.9439,False
Chinese,坎卦-static,ʈ͡ʂ,-0.176,9,0.7463,0.9439,False
Chinese,艮卦-static,ɪ,0.15,22,0.7463,0.9439,False
Chinese,坤卦-static,m,-0.246,4,0.7512,0.9451,False
Chinese,中卦-static,ʂ,-0.203,17,0.7512,0.9451,False
Chinese,離卦-dynamic,a,-0.146,44,0.7512,0.9451,False
Chinese,兌卦-dynamic,x,0.184,16,0.7612,0.9542,False
Chinese,坤卦-dynamic,ʊ,0.14,59,0.7612,0.9542,False
Chinese,中卦-dynamic,ɑ,-0.51,5,0.7662,0.9553,False
Chinese,乾卦-static,s,0.266,3,0.7662,0.9553,False
Chinese,坤卦-dynamic,pʰ,-0.193,6,0.7711,0.9581,False
Chinese,坎卦-static,ʂ,0.187,18,0.7711,0.9581,False
Chinese,震卦-dynamic,x,-0.177,15,0.7811,0.9614,False
Chinese,震卦-dynamic,ɪ,0.162,29,0.7761,0.9614,False
Chinese,坎卦-static,tʰ,-0.154,11,0.7861,0.9614,False
Chinese,震卦-dynamic,ɨ,-0.139,9,0.7811,0.9614,False
Chinese,坤卦-dynamic,m,0.131,17,0.7811,0.9614,False
Chinese,艮卦-dynamic,u,-0.127,76,0.7861,0.9614,False
Chinese,兌卦-static,i,0.551,6,0.806,0.9655,False
Chinese,坎卦-dynamic,u,-0.247,24,0.796,0.9655,False
Chinese,離卦-static,e,0.23,4,0.806,0.9655,False
Chinese,坤卦-static,t͡sʰ,0.178,4,0.806,0.9655,False
Chinese,艮卦-static,i,-0.146,84,0.801,0.9655,False
Chinese,坎卦-static,t,-0.135,11,0.806,0.9655,False
Chinese,中卦-static,l,0.128,23,0.796,0.9655,False
Chinese,震卦-static,t͡ɕ,-0.117,34,0.806,0.9655,False
Chinese,震卦-dynamic,t͡ɕʰ,-0.106,12,0.801,0.9655,False
Chinese,巽卦-static,ʊ,-0.434,4,0.8109,0.9698,False
Chinese,兌卦-static,ʊ,0.568,3,0.8159,0.9708,False
Chinese,乾卦-dynamic,ɛ,0.241,4,0.8209,0.9734,False
Chinese,艮卦-dynamic,ʊ,0.127,56,0.8209,0.9734,False
Chinese,坎卦-dynamic,ʊ,0.221,19,0.8259,0.9744,False
Chinese,坎卦-static,s,-0.169,6,0.8259,0.9744,False
Chinese,坎卦-dynamic,ɕ,-0.165,8,0.8308,0.9753,False
Chinese,坤卦-static,e,-0.17,4,0.8408,0.9788,False
Chinese,艮卦-static,k,0.128,15,0.8408,0.9788,False
Chinese,坤卦-dynamic,l,-0.114,24,0.8408,0.9788,False
Chinese,離卦-dynamic,t͡ɕʰ,-0.096,18,0.8408,0.9788,False
Chinese,艮卦-static,l,-0.131,18,0.8507,0.9855,False
Chinese,坤卦-dynamic,ɔ,-0.098,12,0.8507,0.9855,False
Chinese,巽卦-dynamic,i,-0.306,6,0.8856,0.9896,False
Chinese,中卦-dynamic,ŋ,-0.28,5,0.8557,0.9896,False
Chinese,乾卦-dynamic,x,0.196,3,0.8806,0.9896,False
Chinese,離卦-static,ɤ,0.191,5,0.9104,0.9896,False
Chinese,乾卦-static,u,0.172,21,0.8706,0.9896,False
Chinese,坎卦-dynamic,n,-0.128,21,0.8806,0.9896,False
Chinese,坎卦-dynamic,ɪ,-0.128,8,0.8955,0.9896,False
Chinese,乾卦-static,m,0.127,4,0.9303,0.9896,False
Chinese,坎卦-dynamic,ɻ,-0.126,5,0.8657,0.9896,False
Chinese,乾卦-static,t͡sʰ,0.112,3,0.9303,0.9896,False
Chinese,震卦-dynamic,tʰ,0.104,18,0.8756,0.9896,False
Chinese,艮卦-static,ɤ,-0.103,14,0.8706,0.9896,False
Chinese,乾卦-static,k,-0.101,4,0.8856,0.9896,False
Chinese,坤卦-dynamic,tʰ,0.097,18,0.8806,0.9896,False
Chinese,坤卦-static,ŋ,-0.083,18,0.8905,0.9896,False
Chinese,艮卦-static,ɯ,0.083,9,0.9104,0.9896,False
Chinese,艮卦-static,ʌ,0.083,9,0.9104,0.9896,False
Chinese,乾卦-static,ɤ,0.082,5,0.9005,0.9896,False
Chinese,離卦-static,ʈ͡ʂʰ,0.08,3,0.8905,0.9896,False
Chinese,艮卦-dynamic,ʈ͡ʂʰ,0.073,13,0.9154,0.9896,False
Chinese,坤卦-static,u,-0.072,24,0.9104,0.9896,False
Chinese,震卦-dynamic,ɛ,0.071,25,0.8955,0.9896,False
Chinese,震卦-static,i,-0.069,147,0.9005,0.9896,False
Chinese,兌卦-dynamic,kʰ,0.069,8,0.8905,0.9896,False
Chinese,離卦-dynamic,y,0.067,41,0.9254,0.9896,False
Chinese,兌卦-dynamic,m,0.066,13,0.9154,0.9896,False
Chinese,艮卦-dynamic,ɔ,0.062,13,0.9104,0.9896,False
Chinese,坎卦-static,u,-0.061,57,0.9204,0.9896,False
Chinese,離卦-dynamic,t͡s,0.061,20,0.8806,0.9896,False
Chinese,兌卦-dynamic,tʰ,0.061,14,0.9303,0.9896,False
Chinese,坤卦-static,ʊ,0.056,17,0.9254,0.9896,False
Chinese,坎卦-static,ŋ,-0.056,43,0.9005,0.9896,False
Chinese,震卦-static,kʰ,0.051,13,0.9303,0.9896,False
Chinese,震卦-dynamic,œ,-0.048,8,0.9254,0.9896,False
Chinese,震卦-static,ɑ,0.046,96,0.9005,0.9896,False
Chinese,震卦-static,pʰ,-0.044,9,0.9104,0.9896,False
Chinese,艮卦-dynamic,ɑ,0.041,70,0.9254,0.9896,False
Chinese,兌卦-static,n,-0.168,3,0.9353,0.9903,False
Chinese,艮卦-static,f,0.047,8,0.9353,0.9903,False
Chinese,兌卦-static,u,0.119,4,0.9403,0.9904,False
Chinese,兌卦-dynamic,ɔ,-0.037,10,0.9403,0.9904,False
Chinese,離卦-dynamic,œ,0.031,13,0.9453,0.9904,False
Chinese,坎卦-static,p,-0.029,9,0.9502,0.9912,False
Chinese,震卦-static,u,-0.028,108,0.9502,0.9912,False
Chinese,艮卦-static,t͡ɕʰ,0.024,10,0.9502,0.9912,False
Chinese,兌卦-static,ŋ,0.105,3,0.9701,0.9928,False
Chinese,坎卦-dynamic,p,-0.048,4,0.9701,0.9928,False
Chinese,中卦-static,p,0.032,11,0.9652,0.9928,False
Chinese,坎卦-dynamic,e,0.023,5,0.9701,0.9928,False
Chinese,艮卦-static,ɔ,0.014,10,0.9652,0.9928,False
Chinese,中卦-static,ɪ,0.028,22,0.9801,1.0,False
Chinese,坤卦-static,tʰ,-0.019,5,0.995,1.0,False
Chinese,坤卦-static,ɪ,0.012,8,0.995,1.0,False
Chinese,中卦-static,t͡sʰ,-0.006,9,0.99,1.0,False
Chinese,艮卦-dynamic,ɤ,-0.001,19,1.0,1.0,False
English,中卦-dynamic,z,3.626,3,0.005,0.2529,False
English,中卦-dynamic,u,3.556,3,0.005,0.2529,False
English,坤卦-dynamic,a͡ɪ͡ə,3.264,5,0.005,0.2529,False
English,兌卦-dynamic,ɔ͡ɪ,3.249,5,0.005,0.2529,False
English,艮卦-dynamic,e͡ɪ,3.097,65,0.005,0.2529,False
English,震卦-static,a͡ʊ,2.608,18,0.005,0.2529,False
English,艮卦-static,a͡ɪ,2.457,25,0.005,0.2529,False
English,震卦-static,t͡ʃ,2.093,19,0.005,0.2529,False
English,坎卦-dynamic,ɜ,2.082,6,0.005,0.2529,False
English,中卦-static,ə,2.067,100,0.005,0.2529,False
English,艮卦-dynamic,ŋ,1.916,17,0.005,0.2529,False
English,震卦-static,ɔ,1.902,32,0.005,0.2529,False
English,坎卦-static,ɡ,1.85,20,0.005,0.2529,False
English,震卦-static,b,1.671,54,0.005,0.2529,False
English,離卦-dynamic,k,1.364,90,0.005,0.2529,False
English,震卦-static,ɪ,-1.287,42,0.005,0.2529,False
English,坎卦-dynamic,θ,2.763,7,0.01,0.3184,False
English,乾卦-static,ɑ,2.183,8,0.01,0.3184,False
English,兌卦-dynamic,ŋ,2.156,10,0.01,0.3184,False
English,坤卦-static,ɒ,2.009,14,0.01,0.3184,False
English,坎卦-static,ɑ,1.916,12,0.01,0.3184,False
English,艮卦-dynamic,w,1.704,36,0.01,0.3184,False
English,艮卦-dynamic,ə,-1.665,14,0.01,0.3184,False
English,離卦-dynamic,ɐ,1.502,14,0.01,0.3184,False
English,震卦-static,p,1.391,63,0.01,0.3184,False
English,震卦-dynamic,ɡ,1.709,16,0.0149,0.3908,False
English,艮卦-static,l,1.654,49,0.0149,0.3908,False
English,坤卦-dynamic,d,1.65,40,0.0149,0.3908,False
English,中卦-static,j,1.497,15,0.0149,0.3908,False
English,離卦-dynamic,ɒ,-1.249,10,0.0149,0.3908,False
English,離卦-dynamic,n,1.105,117,0.0149,0.3908,False
English,巽卦-dynamic,ʃ,3.343,3,0.0249,0.4214,False
English,中卦-dynamic,w,3.267,3,0.0199,0.4214,False
English,中卦-dynamic,a,3.03,3,0.0249,0.4214,False
English,離卦-static,ɪ,2.409,26,0.0249,0.4214,False
English,乾卦-static,m,2.278,27,0.0249,0.4214,False
English,坤卦-static,j,1.896,6,0.0199,0.4214,False
English,兌卦-dynamic,ə͡ʊ,1.675,16,0.0199,0.4214,False
English,坤卦-dynamic,v,1.657,21,0.0249,0.4214,False
English,艮卦-static,f,1.653,22,0.0249,0.4214,False
English,坤卦-static,f,1.608,13,0.0249,0.4214,False
English,艮卦-static,ə͡ʊ,1.543,18,0.0249,0.4214,False
English,坎卦-static,ŋ,1.467,11,0.0199,0.4214,False
English,兌卦-dynamic,k,1.451,34,0.0249,0.4214,False
English,離卦-dynamic,ɛ,1.375,59,0.0199,0.4214,False
English,艮卦-dynamic,k,1.235,59,0.0249,0.4214,False
English,艮卦-dynamic,a͡ɪ,1.211,27,0.0249,0.4214,False
English,震卦-static,v,-1.092,6,0.0249,0.4214,False
English,坤卦-static,l,1.605,29,0.0299,0.4689,False
English,坤卦-dynamic,ɜ,1.419,13,0.0299,0.4689,False
English,坤卦-dynamic,i,1.3,47,0.0299,0.4689,False
English,兌卦-dynamic,e͡ə,1.764,4,0.0348,0.4853,False
English,乾卦-static,ɔ,1.692,11,0.0348,0.4853,False
English,中卦-static,ɡ,-1.34,4,0.0348,0.4853,False
English,兌卦-dynamic,ə,-1.274,12,0.0348,0.4853,False
English,震卦-static,ʊ,1.237,11,0.0348,0.4853,False
English,艮卦-static,ɡ,1.232,14,0.0348,0.4853,False
English,坤卦-static,ɹ,-1.775,6,0.0398,0.5373,False
English,兌卦-dynamic,ɐ,1.426,5,0.0398,0.5373,False
English,巽卦-dynamic,t,2.954,9,0.0448,0.5689,False
English,巽卦-dynamic,ʌ,2.948,4,0.0448,0.5689,False
English,離卦-static,a͡ʊ,2.066,3,0.0448,0.5689,False
English,離卦-dynamic,t͡ʃ,1.134,16,0.0448,0.5689,False
English,兌卦-static,ə͡l,2.886,3,0.0597,0.6068,False
English,坎卦-dynamic,ɔ,1.56,7,0.0547,0.6068,False
English,坎卦-static,ð,1.408,8,0.0498,0.6068,False
English,艮卦-static,k,1.368,39,0.0547,0.6068,False
English,兌卦-dynamic,j,1.363,7,0.0547,0.6068,False
English,兌卦-dynamic,t,-1.356,21,0.0547,0.6068,False
English,艮卦-static,ɹ,-1.267,16,0.0597,0.6068,False
English,坤卦-dynamic,p,-1.225,11,0.0597,0.6068,False
English,兌卦-dynamic,f,1.176,16,0.0597,0.6068,False
English,離卦-dynamic,e͡ə,1.054,8,0.0597,0.6068,False
English,坤卦-dynamic,ə,1.049,58,0.0597,0.6068,False
English,離卦-static,s,1.843,23,0.0647,0.6279,False
English,艮卦-static,e͡ə,1.366,4,0.0647,0.6279,False
English,離卦-dynamic,s,-0.993,65,0.0647,0.6279,False
English,震卦-static,m,0.916,51,0.0647,0.6279,False
English,中卦-dynamic,b,2.846,3,0.0796,0.6467,False
English,兌卦-static,v,2.395,3,0.0846,0.6467,False
English,離卦-static,k,-1.76,3,0.0846,0.6467,False
English,艮卦-static,ɔ͡ɪ,1.37,3,0.0746,0.6467,False
English,震卦-dynamic,ɑ,1.338,8,0.0746,0.6467,False
English,震卦-dynamic,l,-1.255,13,0.0846,0.6467,False
English,兌卦-dynamic,v,1.233,12,0.0846,0.6467,False
English,兌卦-dynamic,d,1.194,24,0.0846,0.6467,False
English,兌卦-dynamic,ɒ,-1.188,4,0.0846,0.6467,False
English,中卦-static,a͡ɪ͡ə,1.178,3,0.0846,0.6467,False
English,艮卦-static,ɜ,1.166,9,0.0846,0.6467,False
English,艮卦-static,ɛ,-1.018,9,0.0746,0.6467,False
English,艮卦-dynamic,n,-1.015,36,0.0846,0.6467,False
English,離卦-dynamic,ə,0.964,100,0.0697,0.6467,False
English,艮卦-static,n,-0.938,24,0.0697,0.6467,False
English,艮卦-dynamic,ɹ,0.897,65,0.0796,0.6467,False
English,震卦-static,d,0.855,52,0.0746,0.6467,False
English,離卦-dynamic,l,-0.846,42,0.0746,0.6467,False
English,震卦-static,i,-0.807,23,0.0846,0.6467,False
English,坎卦-dynamic,l,1.377,22,0.0945,0.6921,False
English,坤卦-static,ə͡ʊ,1.31,10,0.0945,0.6921,False
English,乾卦-static,i͡ə,1.34,6,0.0995,0.7047,False
English,坎卦-static,ə,1.06,53,0.0995,0.7047,False
English,坎卦-static,m,-1.052,11,0.0995,0.7047,False
English,艮卦-dynamic,ʌ,-0.832,6,0.0995,0.7047,False
English,坎卦-dynamic,a,-1.585,3,0.1095,0.7219,False
English,坎卦-dynamic,i͡ə,1.349,4,0.1095,0.7219,False
English,坤卦-static,t,1.127,37,0.1095,0.7219,False
English,中卦-static,ə͡l,1.03,19,0.1095,0.7219,False
English,坎卦-static,ɜ,1.007,10,0.1045,0.7219,False
English,坤卦-dynamic,ɹ,-0.936,26,0.1095,0.7219,False
English,離卦-dynamic,p,0.884,63,0.1045,0.7219,False
English,震卦-static,s,-0.843,59,0.1095,0.7219,False
English,兌卦-static,ʌ,2.211,5,0.1194,0.7265,False
English,坤卦-static,ɪ,-1.112,14,0.1194,0.7265,False
English,坤卦-dynamic,a,-1.019,13,0.1144,0.7265,False
English,坤卦-dynamic,m,-0.876,14,0.1194,0.7265,False
English,中卦-static,m,0.873,44,0.1144,0.7265,False
English,震卦-static,ə,-0.765,41,0.1194,0.7265,False
English,坎卦-static,b,0.993,26,0.1244,0.7463,False
English,離卦-dynamic,ɜ,-0.771,4,0.1244,0.7463,False
English,中卦-dynamic,i,2.415,4,0.1294,0.7708,False
English,乾卦-static,θ,1.206,6,0.1343,0.7737,False
English,坤卦-static,ə,-1.2,9,0.1443,0.8147,False
English,艮卦-static,b,-0.867,7,0.1443,0.8147,False
English,艮卦-dynamic,s,0.693,73,0.1443,0.8147,False
English,艮卦-static,ʃ,1.022,14,0.1493,0.8214,False
English,震卦-dynamic,z,0.839,13,0.1493,0.8214,False
English,艮卦-dynamic,t,-0.696,54,0.1493,0.8214,False
English,巽卦-static,i,1.913,9,0.1642,0.8221,False
English,巽卦-static,d͡ʒ,1.756,4,0.1741,0.8221,False
English,乾卦-static,d͡ʒ,1.174,11,0.1642,0.8221,False
English,坤卦-dynamic,h,0.952,14,0.1542,0.8221,False
English,中卦-static,a͡ɪ,-0.818,8,0.1542,0.8221,False
English,艮卦-dynamic,ɒ,-0.788,11,0.1642,0.8221,False
English,艮卦-dynamic,d͡ʒ,-0.753,3,0.1592,0.8221,False
English,離卦-dynamic,v,-0.727,11,0.1592,0.8221,False
English,艮卦-dynamic,d,0.725,40,0.1741,0.8221,False
English,坎卦-static,s,-0.723,37,0.1741,0.8221,False
English,離卦-dynamic,f,0.713,36,0.1741,0.8221,False
English,離卦-dynamic,d,-0.696,41,0.1741,0.8221,False
English,離卦-dynamic,ə͡l,-0.679,7,0.1642,0.8221,False
English,震卦-static,h,0.671,18,0.1542,0.8221,False
English,震卦-static,ɑ,0.607,11,0.1692,0.8221,False
English,乾卦-static,d,-1.172,11,0.1791,0.832,False
English,坤卦-dynamic,ɪ,-0.835,35,0.1791,0.832,False
English,離卦-static,ɛ,1.404,10,0.1841,0.8371,False
English,艮卦-static,ɪ,-0.98,25,0.1841,0.8371,False
English,艮卦-dynamic,i,-0.707,20,0.1891,0.8507,False
English,乾卦-dynamic,ɹ,1.834,13,0.194,0.8597,False
English,巽卦-static,ɛ,1.832,6,0.199,0.8597,False
English,離卦-static,a,-1.357,3,0.199,0.8597,False
English,坎卦-dynamic,f,1.162,9,0.194,0.8597,False
English,乾卦-static,i,1.046,24,0.199,0.8597,False
English,震卦-dynamic,h,0.847,10,0.194,0.8597,False
English,艮卦-dynamic,a,-0.688,19,0.199,0.8597,False
English,中卦-static,ɔ,-0.848,5,0.204,0.8639,False
English,震卦-static,j,-0.604,3,0.204,0.8639,False
English,巽卦-dynamic,ɹ,2.414,6,0.209,0.868,False
English,乾卦-dynamic,n,1.871,15,0.209,0.868,False
English,離卦-dynamic,i͡ə,-0.629,4,0.209,0.868,False
English,離卦-static,n,1.366,21,0.2687,0.9067,False
English,坎卦-dynamic,e͡ɪ,1.04,10,0.2488,0.9067,False
English,坎卦-dynamic,ɒ,-0.926,3,0.2338,0.9067,False
English,中卦-static,ɜ,-0.772,3,0.2587,0.9067,False
English,坎卦-static,u,-0.761,3,0.2388,0.9067,False
English,艮卦-static,ɑ,0.736,6,0.2537,0.9067,False
English,坤卦-dynamic,e͡ɪ,0.731,23,0.2537,0.9067,False
English,坎卦-static,i,-0.721,15,0.2488,0.9067,False
English,兌卦-dynamic,ɪ,0.692,39,0.2637,0.9067,False
English,中卦-static,d,-0.672,31,0.2438,0.9067,False
English,艮卦-dynamic,v,-0.654,8,0.2587,0.9067,False
English,中卦-static,l,-0.636,36,0.2637,0.9067,False
English,震卦-dynamic,t,-0.636,35,0.2488,0.9067,False
English,離卦-dynamic,j,0.606,13,0.2289,0.9067,False
English,離卦-dynamic,d͡ʒ,-0.591,7,0.2537,0.9067,False
English,艮卦-dynamic,h,-0.565,3,0.2438,0.9067,False
English,震卦-static,e͡ɪ,-0.562,9,0.2637,0.9067,False
English,震卦-static,ɡ,-0.515,12,0.2338,0.9067,False
English,離卦-dynamic,ɡ,-0.515,14,0.2637,0.9067,False
English,離卦-dynamic,i,-0.501,35,0.2388,0.9067,False
English,坎卦-static,ə͡l,0.66,11,0.2736,0.9093,False
English,中卦-static,h,-0.596,3,0.2736,0.9093,False
English,巽卦-dynamic,s,1.859,6,0.2786,0.9118,False
English,坤卦-static,m,0.831,15,0.2786,0.9118,False
English,震卦-static,l,0.505,69,0.2786,0.9118,False
English,坎卦-dynamic,p,1.079,14,0.2836,0.9142,False
English,中卦-static,ə͡ʊ,-0.627,10,0.2836,0.9142,False
English,坎卦-static,l,0.611,43,0.2836,0.9142,False
English,中卦-static,a,-0.603,22,0.2836,0.9142,False
English,兌卦-static,ɪ,1.744,9,0.2886,0.9166,False
English,離卦-static,d,1.231,11,0.2886,0.9166,False
English,乾卦-static,ŋ,0.808,5,0.2886,0.9166,False
English,離卦-dynamic,ɑ,-0.497,4,0.2886,0.9166,False
English,坤卦-static,u,0.82,9,0.2935,0.9256,False
English,乾卦-static,ɪ,0.894,35,0.3134,0.9338,False
English,坤卦-static,ɛ,0.818,13,0.3035,0.9338,False
English,坎卦-dynamic,m,0.811,12,0.3134,0.9338,False
English,乾卦-static,n,0.81,34,0.3085,0.9338,False
English,坎卦-dynamic,k,0.784,16,0.3134,0.9338,False
English,坎卦-static,ɹ,-0.557,29,0.3134,0.9338,False
English,坤卦-dynamic,z,0.552,14,0.3085,0.9338,False
English,震卦-static,ə͡ʊ,0.499,24,0.2985,0.9338,False
English,艮卦-static,i,-0.687,13,0.3184,0.9454,False
English,震卦-dynamic,ɐ,0.749,4,0.3234,0.9471,False
English,震卦-dynamic,ɛ,0.604,20,0.3234,0.9471,False
English,中卦-static,ɪ,0.543,76,0.3234,0.9471,False
English,坤卦-dynamic,t͡ʃ,-0.53,3,0.3284,0.9488,False
English,坎卦-static,a͡ɪ,-0.614,7,0.3333,0.9536,False
English,中卦-static,θ,0.585,10,0.3333,0.9536,False
English,巽卦-static,t,-1.402,5,0.3433,0.9661,False
English,兌卦-dynamic,a͡ɪ,-0.618,5,0.3433,0.9661,False
English,艮卦-dynamic,l,0.476,54,0.3433,0.9661,False
English,巽卦-static,ɪ,-1.454,4,0.3483,0.968,False
English,乾卦-dynamic,e͡ɪ,1.39,6,0.3881,0.968,False
English,乾卦-dynamic,ə,1.364,12,0.408,0.968,False
English,乾卦-dynamic,d͡ʒ,1.324,4,0.398,0.968,False
English,乾卦-dynamic,ə͡ʊ,1.218,4,0.393,0.968,False
English,離卦-static,p,1.001,11,0.3582,0.968,False
English,乾卦-static,ə,0.706,29,0.4129,0.968,False
English,坤卦-static,v,-0.676,3,0.398,0.968,False
English,震卦-dynamic,v,0.613,11,0.3682,0.968,False
English,震卦-dynamic,ɒ,-0.606,8,0.3731,0.968,False
English,坤卦-dynamic,d͡ʒ,-0.586,4,0.3731,0.968,False
English,坎卦-static,f,-0.586,8,0.3582,0.968,False
English,震卦-dynamic,u,0.583,13,0.4129,0.968,False
English,艮卦-static,u,-0.573,4,0.3582,0.968,False
English,中卦-static,ð,0.564,7,0.3532,0.968,False
English,坤卦-dynamic,f,0.56,19,0.3483,0.968,False
English,坎卦-static,ɪ,-0.555,36,0.3731,0.968,False
English,坎卦-static,h,0.553,10,0.3881,0.968,False
English,震卦-dynamic,ɪ,-0.55,30,0.4179,0.968,False
English,兌卦-dynamic,ʊ,0.541,3,0.3532,0.968,False
English,坤卦-dynamic,a͡ʊ,0.518,5,0.393,0.968,False
English,坎卦-static,d,0.512,29,0.4129,0.968,False
English,坤卦-dynamic,n,0.508,56,0.398,0.968,False
English,坤卦-dynamic,t,-0.494,49,0.4129,0.968,False
English,坎卦-static,v,-0.491,7,0.398,0.968,False
English,離卦-dynamic,w,-0.481,9,0.3632,0.968,False
English,艮卦-dynamic,ɛ,-0.472,20,0.3632,0.968,False
English,中卦-static,f,-0.472,13,0.393,0.968,False
English,離卦-dynamic,h,-0.447,6,0.3582,0.968,False
English,艮卦-dynamic,ɑ,-0.444,3,0.3483,0.968,False
English,離卦-dynamic,b,-0.443,24,0.3831,0.968,False
English,中卦-static,s,0.441,76,0.403,0.968,False
English,坤卦-dynamic,ə͡ʊ,-0.429,9,0.403,0.968,False
English,離卦-dynamic,ə͡ʊ,-0.422,16,0.3831,0.968,False
English,震卦-static,ŋ,-0.409,5,0.3582,0.968,False
English,離卦-dynamic,ʃ,-0.409,10,0.3682,0.968,False
English,坤卦-dynamic,a͡ɪ,0.408,16,0.4179,0.968,False
English,震卦-static,w,-0.407,9,0.3781,0.968,False
English,震卦-static,ɛ,0.382,37,0.3881,0.968,False
English,離卦-static,a͡ɪ,0.922,6,0.4229,0.9769,False
English,巽卦-static,p,1.044,6,0.4279,0.978,False
English,中卦-static,ŋ,-0.469,4,0.4279,0.978,False
English,坤卦-dynamic,ɛ,-0.438,17,0.4328,0.9841,False
English,巽卦-static,k,-1.097,3,0.4527,0.9944,False
English,巽卦-static,ɹ,1.028,9,0.4577,0.9944,False
English,乾卦-static,p,-0.627,10,0.4627,0.9944,False
English,乾卦-static,f,-0.562,5,0.4627,0.9944,False
English,坤卦-dynamic,w,-0.489,5,0.4577,0.9944,False
English,艮卦-static,ə͡l,-0.47,4,0.4478,0.9944,False
English,震卦-dynamic,ə͡l,-0.461,4,0.4627,0.9944,False
English,中卦-static,ɒ,-0.41,16,0.4527,0.9944,False
English,震卦-static,ɔ͡ɪ,0.393,3,0.4527,0.9944,False
English,艮卦-dynamic,ɜ,-0.382,5,0.4527,0.9944,False
English,震卦-static,f,0.353,26,0.4428,0.9944,False
English,乾卦-dynamic,a,1.151,6,0.4975,0.995,False
English,乾卦-dynamic,a͡ɪ,1.039,4,0.4925,0.995,False
English,離卦-static,b,-0.777,3,0.4826,0.995,False
English,乾卦-static,ɹ,-0.639,17,0.4677,0.995,False
English,乾卦-static,s,-0.546,24,0.4776,0.995,False
English,兌卦-dynamic,w,-0.524,3,0.4826,0.995,False
English,坤卦-static,a,0.509,12,0.4876,0.995,False
English,兌卦-dynamic,ɡ,0.472,9,0.4876,0.995,False
English,震卦-dynamic,t͡ʃ,0.461,5,0.4876,0.995,False
English,艮卦-static,ɒ,-0.45,9,0.4975,0.995,False
English,艮卦-static,p,0.406,23,0.4826,0.995,False
English,坎卦-static,a,0.404,23,0.4776,0.995,False
English,艮卦-static,ʌ,-0.392,8,0.4925,0.995,False
English,艮卦-dynamic,ə͡ʊ,0.388,18,0.4776,0.995,False
English,坎卦-static,p,-0.38,19,0.4876,0.995,False
English,離卦-dynamic,ɔ,0.348,20,0.4776,0.995,False
English,兌卦-static,s,1.202,8,0.5075,1.0,False
English,巽卦-dynamic,l,0.89,4,0.6816,1.0,False
English,兌卦-static,ə,-0.852,3,0.6915,1.0,False
English,兌卦-static,d,0.825,4,0.6617,1.0,False
English,乾卦-dynamic,t,0.783,14,0.6368,1.0,False
English,兌卦-static,n,-0.777,4,0.592,1.0,False
English,乾卦-dynamic,ʃ,0.745,3,0.6567,1.0,False
English,乾卦-dynamic,m,0.738,6,0.6269,1.0,False
English,兌卦-static,l,-0.733,3,0.6866,1.0,False
English,兌卦-static,b,0.707,3,0.7711,1.0,False
English,離卦-static,ɒ,0.654,6,0.5124,1.0,False
English,乾卦-dynamic,p,0.547,6,0.7264,1.0,False
English,乾卦-static,ɛ,-0.528,9,0.5771,1.0,False
English,兌卦-static,ɛ,0.511,3,0.8109,1.0,False
English,兌卦-static,t,0.488,8,0.8109,1.0,False
English,坎卦-dynamic,ɡ,-0.48,3,0.6219,1.0,False
English,坤卦-static,k,0.471,18,0.5572,1.0,False
English,乾卦-static,k,-0.467,15,0.6119,1.0,False
English,巽卦-static,ɒ,0.466,3,0.8706,1.0,False
English,震卦-dynamic,w,0.461,12,0.5721,1.0,False
English,坤卦-static,ɑ,0.449,3,0.6517,1.0,False
English,坤卦-static,t͡ʃ,0.444,3,0.5473,1.0,False
English,巽卦-static,d,-0.444,4,0.7662,1.0,False
English,乾卦-static,ə͡l,-0.442,3,0.5871,1.0,False
English,離卦-static,t,0.441,20,0.7114,1.0,False
English,離卦-static,f,-0.439,3,0.6965,1.0,False
English,巽卦-dynamic,k,0.437,3,0.791,1.0,False
English,坤卦-static,n,0.42,25,0.6119,1.0,False
English,坎卦-static,w,0.42,14,0.5224,1.0,False
English,乾卦-dynamic,i,-0.413,4,0.801,1.0,False
English,震卦-dynamic,k,-0.41,21,0.5672,1.0,False
English,中卦-static,n,0.407,72,0.5174,1.0,False
English,坎卦-static,θ,0.404,6,0.5025,1.0,False
English,坎卦-static,ɔ,-0.401,6,0.5224,1.0,False
English,兌卦-dynamic,a͡ʊ,0.394,3,0.5323,1.0,False
English,中卦-static,e͡ə,0.384,4,0.5871,1.0,False
English,震卦-dynamic,i,0.374,25,0.597,1.0,False
English,坤卦-static,i,-0.368,10,0.6219,1.0,False
English,巽卦-static,s,0.368,9,0.8109,1.0,False
English,乾卦-static,ɒ,0.366,10,0.6866,1.0,False
English,艮卦-static,ʊ,0.365,3,0.5473,1.0,False
English,坤卦-static,i͡ə,0.358,3,0.7313,1.0,False
English,震卦-dynamic,f,0.354,13,0.5124,1.0,False
English,震卦-dynamic,b,-0.352,11,0.5274,1.0,False
English,坤卦-static,e͡ɪ,-0.351,4,0.6119,1.0,False
English,巽卦-static,a,-0.351,3,0.8756,1.0,False
English,艮卦-static,m,0.35,21,0.5423,1.0,False
English,坎卦-static,e͡ɪ,-0.346,8,0.5124,1.0,False
English,坎卦-dynamic,s,-0.346,17,0.6915,1.0,False
English,中卦-static,k,-0.34,38,0.5821,1.0,False
English,兌卦-dynamic,ɹ,-0.339,23,0.5323,1.0,False
English,兌卦-dynamic,m,-0.338,13,0.5423,1.0,False
English,艮卦-static,w,0.332,11,0.597,1.0,False
English,震卦-dynamic,ə͡ʊ,0.322,11,0.6567,1.0,False
English,坎卦-dynamic,ɪ,-0.321,16,0.6816,1.0,False
English,中卦-static,ɐ,0.316,5,0.6169,1.0,False
English,兌卦-dynamic,a,0.315,16,0.602,1.0,False
English,離卦-static,m,-0.312,6,0.7811,1.0,False
English,兌卦-dynamic,b,0.31,14,0.6468,1.0,False
English,坎卦-static,ə͡ʊ,-0.309,9,0.6368,1.0,False
English,離卦-dynamic,a͡ɪ,-0.307,18,0.5274,1.0,False
English,震卦-dynamic,d,0.306,23,0.6866,1.0,False
English,坤卦-dynamic,j,0.302,6,0.607,1.0,False
English,震卦-dynamic,ʃ,-0.302,5,0.6219,1.0,False
English,坎卦-static,d͡ʒ,-0.297,6,0.6219,1.0,False
English,兌卦-dynamic,ɜ,-0.296,3,0.6716,1.0,False
English,離卦-dynamic,ɪ,0.288,94,0.6269,1.0,False
English,坎卦-dynamic,ə,-0.287,13,0.7413,1.0,False
English,坤卦-static,ŋ,0.284,3,0.7413,1.0,False
English,坤卦-static,b,-0.281,7,0.7562,1.0,False
English,艮卦-static,s,-0.276,36,0.6667,1.0,False
English,震卦-dynamic,ʌ,-0.276,9,0.6766,1.0,False
English,離卦-dynamic,ʌ,-0.276,21,0.607,1.0,False
English,坎卦-static,ʌ,0.273,17,0.6766,1.0,False
English,震卦-static,t,0.273,97,0.5274,1.0,False
English,中卦-static,v,-0.272,12,0.607,1.0,False
English,坤卦-dynamic,b,0.269,21,0.6468,1.0,False
English,震卦-static,ɹ,-0.269,55,0.5174,1.0,False
English,乾卦-dynamic,ɪ,0.267,10,0.8756,1.0,False
English,中卦-static,ʌ,-0.262,16,0.6766,1.0,False
English,震卦-static,u,0.262,21,0.5373,1.0,False
English,震卦-static,ɒ,-0.262,20,0.602,1.0,False
English,坤卦-static,p,0.26,13,0.7463,1.0,False
English,兌卦-dynamic,z,0.254,7,0.7164,1.0,False
English,艮卦-dynamic,m,-0.251,25,0.6169,1.0,False
English,乾卦-dynamic,d,-0.247,5,0.9104,1.0,False
English,兌卦-dynamic,l,0.245,27,0.7363,1.0,False
English,坎卦-static,k,0.241,33,0.7562,1.0,False
English,坎卦-dynamic,n,0.241,19,0.7711,1.0,False
English,乾卦-dynamic,s,-0.241,9,0.8557,1.0,False
English,離卦-static,l,-0.233,10,0.8557,1.0,False
English,艮卦-dynamic,ə͡l,-0.231,8,0.6766,1.0,False
English,中卦-static,p,-0.231,30,0.7313,1.0,False
English,坎卦-dynamic,t,-0.23,20,0.796,1.0,False
English,震卦-dynamic,ɔ,0.229,8,0.7214,1.0,False
English,中卦-static,b,-0.227,21,0.6766,1.0,False
English,震卦-static,d͡ʒ,-0.223,11,0.6368,1.0,False
English,兌卦-dynamic,ɛ,0.222,15,0.6716,1.0,False
English,坎卦-dynamic,ɛ,-0.221,7,0.8159,1.0,False
English,震卦-dynamic,s,0.22,41,0.7015,1.0,False
English,坤卦-static,a͡ɪ,-0.219,5,0.7861,1.0,False
English,震卦-static,i͡ə,0.219,9,0.6816,1.0,False
English,艮卦-dynamic,θ,-0.216,4,0.6866,1.0,False
English,中卦-static,i,-0.215,32,0.6965,1.0,False
English,離卦-static,ɹ,0.215,13,0.8706,1.0,False
English,巽卦-static,ə,0.214,7,0.8806,1.0,False
English,艮卦-static,ɔ,0.212,8,0.7711,1.0,False
English,中卦-static,e͡ɪ,-0.212,14,0.6965,1.0,False
English,坤卦-static,s,-0.211,22,0.7711,1.0,False
English,巽卦-static,n,-0.211,7,0.8657,1.0,False
English,艮卦-dynamic,t͡ʃ,-0.208,5,0.6816,1.0,False
English,中卦-static,u,-0.204,12,0.7413,1.0,False
English,艮卦-static,a,0.202,18,0.7214,1.0,False
English,震卦-dynamic,a͡ʊ,0.202,3,0.8209,1.0,False
English,離卦-dynamic,a͡ʊ,0.202,7,0.7711,1.0,False
English,艮卦-dynamic,ʃ,-0.199,9,0.7065,1.0,False
English,巽卦-dynamic,ɪ,0.199,4,0.9005,1.0,False
English,乾卦-static,l,-0.199,19,0.796,1.0,False
English,坎卦-dynamic,i,-0.198,9,0.8557,1.0,False
English,震卦-static,ɐ,-0.195,3,0.7313,1.0,False
English,乾卦-static,b,-0.192,9,0.8507,1.0,False
English,艮卦-static,a͡ʊ,0.19,3,0.7662,1.0,False
English,震卦-dynamic,e͡ɪ,0.189,12,0.801,1.0,False
English,坎卦-static,n,0.186,46,0.801,1.0,False
English,乾卦-static,ə͡ʊ,-0.186,6,0.8358,1.0,False
English,坤卦-static,ʃ,0.185,5,0.8308,1.0,False
English,兌卦-dynamic,ə͡l,0.183,6,0.8308,1.0,False
English,兌卦-dynamic,ʃ,-0.183,5,0.8109,1.0,False
English,坎卦-static,ɐ,0.181,3,0.801,1.0,False
English,坎卦-dynamic,ə͡ʊ,-0.18,4,0.8308,1.0,False
English,坤卦-dynamic,ə͡l,-0.178,7,0.7363,1.0,False
English,坤卦-dynamic,ɔ,-0.177,8,0.7512,1.0,False
English,坎卦-dynamic,h,0.176,3,0.8358,1.0,False
English,坤卦-static,ʌ,0.174,8,0.8557,1.0,False
English,兌卦-dynamic,n,-0.173,29,0.7811,1.0,False
English,坎卦-static,ɒ,0.168,15,0.806,1.0,False
English,離卦-dynamic,a,0.164,41,0.7313,1.0,False
English,離卦-dynamic,ɹ,-0.164,67,0.801,1.0,False
English,坤卦-dynamic,k,-0.16,31,0.7662,1.0,False
English,震卦-static,k,-0.159,47,0.6716,1.0,False
English,坎卦-static,t͡ʃ,0.155,5,0.7761,1.0,False
English,坎卦-dynamic,d,-0.154,10,0.8657,1.0,False
English,震卦-static,a,-0.154,31,0.7512,1.0,False
English,震卦-static,ʃ,-0.153,12,0.7612,1.0,False
English,震卦-dynamic,d͡ʒ,-0.149,6,0.8408,1.0,False
English,坤卦-dynamic,l,-0.148,35,0.8209,1.0,False
English,離卦-dynamic,e͡ɪ,0.146,27,0.7761,1.0,False
English,艮卦-dynamic,b,-0.145,20,0.8259,1.0,False
English,中卦-static,a͡ʊ,0.144,5,0.8259,1.0,False
English,兌卦-static,ɹ,0.143,5,0.9453,1.0,False
English,艮卦-dynamic,ɔ,0.142,12,0.796,1.0,False
English,坎卦-dynamic,ʌ,-0.142,5,0.8458,1.0,False
English,坤卦-dynamic,s,0.141,53,0.7861,1.0,False
English,震卦-dynamic,j,0.14,4,0.8408,1.0,False
English,兌卦-dynamic,s,-0.14,32,0.8109,1.0,False
English,坎卦-static,ɛ,-0.131,18,0.8806,1.0,False
English,坎卦-dynamic,ʃ,-0.13,3,0.8955,1.0,False
English,巽卦-static,m,0.128,4,0.9403,1.0,False
English,坎卦-dynamic,d͡ʒ,-0.126,3,0.9204,1.0,False
English,兌卦-dynamic,ʌ,0.125,11,0.8259,1.0,False
English,坤卦-dynamic,ʊ,0.124,3,0.8557,1.0,False
English,中卦-static,t,0.123,81,0.8308,1.0,False
English,艮卦-dynamic,p,0.119,32,0.8109,1.0,False
English,艮卦-dynamic,ɡ,0.119,14,0.8209,1.0,False
English,兌卦-static,i,-0.119,3,0.9552,1.0,False
English,離卦-dynamic,m,0.117,44,0.8209,1.0,False
English,坤卦-dynamic,u,-0.111,10,0.8358,1.0,False
English,艮卦-dynamic,j,-0.11,5,0.8308,1.0,False
English,中卦-static,d͡ʒ,-0.108,11,0.8905,1.0,False
English,中卦-static,i͡ə,-0.107,6,0.8607,1.0,False
English,坤卦-dynamic,ɒ,0.106,16,0.8706,1.0,False
English,震卦-dynamic,ə,-0.106,29,0.9353,1.0,False
English,艮卦-static,d,-0.103,21,0.8856,1.0,False
English,艮卦-dynamic,ð,-0.103,3,0.8259,1.0,False
English,離卦-static,v,-0.103,3,0.9254,1.0,False
English,中卦-static,z,0.102,12,0.8905,1.0,False
English,震卦-static,a͡ɪ,-0.099,18,0.8358,1.0,False
English,艮卦-dynamic,ɪ,0.096,60,0.8458,1.0,False
English,離卦-static,d͡ʒ,0.093,3,0.9801,1.0,False
English,震卦-dynamic,n,0.089,37,0.8408,1.0,False
English,兌卦-dynamic,h,-0.087,4,0.9204,1.0,False
English,中卦-static,ɹ,-0.079,52,0.9005,1.0,False
English,艮卦-static,e͡ɪ,0.078,11,0.9005,1.0,False
English,震卦-dynamic,a,0.078,17,0.9303,1.0,False
English,兌卦-static,k,0.077,4,0.9801,1.0,False
English,艮卦-dynamic,f,-0.074,16,0.8706,1.0,False
English,乾卦-static,ʌ,-0.073,8,0.9104,1.0,False
English,離卦-dynamic,u,0.071,21,0.8607,1.0,False
English,中卦-static,ʊ,-0.069,3,0.9453,1.0,False
English,中卦-static,w,-0.068,13,0.9403,1.0,False
English,震卦-dynamic,i͡ə,0.068,4,0.9403,1.0,False
English,離卦-dynamic,ʊ,-0.068,4,0.8706,1.0,False
English,乾卦-static,z,-0.066,4,0.9552,1.0,False
English,震卦-dynamic,a͡ɪ,0.064,10,0.8856,1.0,False
English,震卦-static,ʌ,-0.063,22,0.9154,1.0,False
English,坎卦-static,j,-0.061,4,0.9204,1.0,False
English,兌卦-dynamic,p,0.061,17,0.9502,1.0,False
English,坤卦-dynamic,ʌ,0.057,16,0.9204,1.0,False
English,乾卦-static,t,-0.056,32,0.9353,1.0,False
English,艮卦-dynamic,u,0.051,14,0.9403,1.0,False
English,離卦-dynamic,z,0.051,15,0.9204,1.0,False
English,坤卦-dynamic,ŋ,-0.045,5,0.9751,1.0,False
English,艮卦-static,v,-0.044,8,0.9254,1.0,False
English,兌卦-dynamic,u,-0.042,7,0.9552,1.0,False
English,中卦-dynamic,ɪ,-0.039,3,0.9851,1.0,False
English,艮卦-dynamic,z,-0.037,9,0.9502,1.0,False
English,震卦-dynamic,ɹ,0.034,31,0.9303,1.0,False
English,坎卦-static,t,0.033,54,0.9453,1.0,False
English,坎卦-dynamic,u,-0.031,4,0.9751,1.0,False
English,乾卦-static,ɡ,-0.031,6,0.9801,1.0,False
English,震卦-static,n,-0.03,71,0.9154,1.0,False
English,震卦-static,ə͡l,-0.027,12,0.9701,1.0,False
English,離卦-dynamic,ŋ,-0.026,9,0.9502,1.0,False
English,中卦-static,ʃ,-0.025,12,0.9552,1.0,False
English,離卦-dynamic,ð,-0.025,5,0.9502,1.0,False
English,艮卦-static,ə,0.024,31,0.9602,1.0,False
English,坤卦-static,d,0.023,13,0.9851,1.0,False
English,兌卦-static,p,0.022,3,0.995,1.0,False
English,乾卦-static,a,-0.022,12,0.9851,1.0,False
English,震卦-dynamic,p,-0.019,19,0.9851,1.0,False
English,中卦-static,ɛ,0.017,28,0.9602,1.0,False
English,震卦-dynamic,m,0.015,18,0.9801,1.0,False
English,震卦-dynamic,ŋ,0.015,4,0.9801,1.0,False
English,離卦-static,ə,0.015,12,0.9751,1.0,False
English,坎卦-dynamic,ɹ,0.013,15,0.99,1.0,False
English,兌卦-dynamic,i,0.012,18,0.9851,1.0,False
English,離卦-dynamic,t,0.009,104,0.995,1.0,False
English,艮卦-static,t,0.008,45,0.995,1.0,False
English,巽卦-static,l,0.008,6,0.9851,1.0,False
English,坤卦-dynamic,ɡ,0.004,11,0.9851,1.0,False
English,中卦-static,ɑ,0.003,6,1.0,1.0,False
English,坎卦-static,a͡ʊ,-0.0,3,1.0,1.0,False
Finnish,坤卦-static,æ͡y,3.98,7,0.005,0.2687,False
Finnish,離卦-static,i͡e,3.483,3,0.005,0.2687,False
Finnish,坤卦-dynamic,æ͡i,3.021,14,0.005,0.2687,False
Finnish,震卦-dynamic,y͡ø,2.828,5,0.005,0.2687,False
Finnish,離卦-dynamic,o͡i,2.554,29,0.005,0.2687,False
Finnish,坎卦-static,ŋ,2.446,21,0.005,0.2687,False
Finnish,坤卦-static,y,2.382,15,0.005,0.2687,False
Finnish,兌卦-dynamic,t,2.349,142,0.005,0.2687,False
Finnish,兌卦-dynamic,a,2.232,179,0.005,0.2687,False
Finnish,艮卦-static,p,2.049,44,0.005,0.2687,False
Finnish,中卦-static,a͡i,1.524,25,0.005,0.2687,False
Finnish,中卦-static,l,-1.429,60,0.005,0.2687,False
Finnish,坤卦-dynamic,e,1.302,121,0.005,0.2687,False
Finnish,艮卦-static,e͡u,3.266,6,0.01,0.3761,False
Finnish,坤卦-static,ø,2.844,6,0.01,0.3761,False
Finnish,艮卦-dynamic,y,1.824,28,0.01,0.3761,False
Finnish,中卦-static,n,1.583,130,0.01,0.3761,False
Finnish,艮卦-dynamic,ɪ,-1.497,23,0.01,0.3761,False
Finnish,離卦-dynamic,t,1.385,195,0.01,0.3761,False
Finnish,坎卦-dynamic,ŋ,2.254,6,0.0149,0.3891,False
Finnish,艮卦-dynamic,o͡u,1.926,8,0.0149,0.3891,False
Finnish,中卦-static,æ͡i,1.824,8,0.0149,0.3891,False
Finnish,中卦-static,u͡i,1.797,6,0.0149,0.3891,False
Finnish,震卦-dynamic,n,1.717,83,0.0149,0.3891,False
Finnish,坎卦-static,o͡i,1.573,14,0.0149,0.3891,False
Finnish,震卦-static,k,1.506,125,0.0149,0.3891,False
Finnish,兌卦-dynamic,v,-1.329,13,0.0149,0.3891,False
Finnish,坤卦-dynamic,n,1.262,137,0.0149,0.3891,False
Finnish,震卦-dynamic,ɡ,2.725,3,0.0199,0.4559,False
Finnish,艮卦-dynamic,d,1.548,16,0.0199,0.4559,False
Finnish,兌卦-dynamic,ɪ,-1.446,22,0.0199,0.4559,False
Finnish,震卦-static,o,1.087,65,0.0199,0.4559,False
Finnish,兌卦-static,m,3.119,9,0.0249,0.4701,False
Finnish,坤卦-static,j,2.169,16,0.0249,0.4701,False
Finnish,震卦-dynamic,e͡u,1.885,4,0.0249,0.4701,False
Finnish,坎卦-dynamic,e͡i,1.859,5,0.0249,0.4701,False
Finnish,艮卦-dynamic,a͡u,1.788,12,0.0249,0.4701,False
Finnish,震卦-dynamic,k,-1.746,29,0.0249,0.4701,False
Finnish,乾卦-dynamic,u,2.876,9,0.0498,0.5083,False
Finnish,兌卦-dynamic,b,2.122,3,0.0348,0.5083,False
Finnish,震卦-static,y͡ø,1.803,6,0.0299,0.5083,False
Finnish,坎卦-dynamic,æ,1.672,23,0.0448,0.5083,False
Finnish,坎卦-dynamic,p,1.588,18,0.0398,0.5083,False
Finnish,震卦-dynamic,j,1.519,21,0.0398,0.5083,False
Finnish,兌卦-dynamic,u͡i,1.509,4,0.0498,0.5083,False
Finnish,中卦-static,e,1.457,108,0.0398,0.5083,False
Finnish,艮卦-static,l,1.441,65,0.0348,0.5083,False
Finnish,艮卦-dynamic,y͡ø,1.425,4,0.0448,0.5083,False
Finnish,離卦-dynamic,j,1.391,42,0.0299,0.5083,False
Finnish,艮卦-static,o,1.273,38,0.0498,0.5083,False
Finnish,震卦-dynamic,i,-1.251,14,0.0348,0.5083,False
Finnish,震卦-static,ø,1.243,9,0.0348,0.5083,False
Finnish,艮卦-dynamic,u,1.197,69,0.0498,0.5083,False
Finnish,兌卦-dynamic,e,-1.187,34,0.0448,0.5083,False
Finnish,震卦-dynamic,o,1.179,39,0.0498,0.5083,False
Finnish,兌卦-dynamic,i,-1.16,18,0.0498,0.5083,False
Finnish,坤卦-dynamic,i,-1.153,28,0.0398,0.5083,False
Finnish,兌卦-dynamic,o,-1.151,20,0.0299,0.5083,False
Finnish,坎卦-static,ɪ,1.128,99,0.0448,0.5083,False
Finnish,中卦-static,a,-1.122,96,0.0448,0.5083,False
Finnish,坎卦-static,o,1.081,55,0.0398,0.5083,False
Finnish,坎卦-static,æ,-1.03,24,0.0498,0.5083,False
Finnish,離卦-dynamic,a,1.015,241,0.0448,0.5083,False
Finnish,震卦-static,e,-1.011,52,0.0498,0.5083,False
Finnish,坤卦-dynamic,a,-1.008,117,0.0498,0.5083,False
Finnish,坎卦-static,h,-0.995,20,0.0498,0.5083,False
Finnish,艮卦-dynamic,m,-1.223,17,0.0547,0.5304,False
Finnish,離卦-dynamic,æ,0.961,90,0.0547,0.5304,False
Finnish,震卦-static,p,0.863,56,0.0547,0.5304,False
Finnish,巽卦-static,v,2.231,6,0.0697,0.5485,False
Finnish,離卦-static,d,2.191,3,0.0597,0.5485,False
Finnish,乾卦-static,ø,1.957,4,0.0697,0.5485,False
Finnish,坎卦-dynamic,h,1.535,14,0.0647,0.5485,False
Finnish,艮卦-dynamic,æ͡i,1.247,5,0.0647,0.5485,False
Finnish,坎卦-static,t,-1.157,45,0.0597,0.5485,False
Finnish,艮卦-dynamic,k,1.088,91,0.0597,0.5485,False
Finnish,兌卦-dynamic,u͡o,1.078,13,0.0597,0.5485,False
Finnish,中卦-static,i͡e,1.051,10,0.0647,0.5485,False
Finnish,中卦-static,y,1.026,26,0.0647,0.5485,False
Finnish,坤卦-dynamic,k,0.991,125,0.0697,0.5485,False
Finnish,離卦-dynamic,k,-0.965,83,0.0697,0.5485,False
Finnish,中卦-static,r,-0.934,32,0.0697,0.5485,False
Finnish,艮卦-dynamic,e,-0.911,43,0.0697,0.5485,False
Finnish,震卦-dynamic,r,-1.172,16,0.0746,0.5642,False
Finnish,艮卦-static,s,-1.106,32,0.0746,0.5642,False
Finnish,坎卦-static,r,0.92,70,0.0746,0.5642,False
Finnish,震卦-static,s,-0.778,69,0.0746,0.5642,False
Finnish,兌卦-dynamic,k,-0.92,49,0.0796,0.5677,False
Finnish,坤卦-static,a͡i,1.372,9,0.0846,0.576,False
Finnish,坤卦-dynamic,e͡i,0.885,14,0.0846,0.576,False
Finnish,坤卦-dynamic,o,0.821,67,0.0846,0.576,False
Finnish,坤卦-dynamic,h,0.782,50,0.0846,0.576,False
Finnish,坎卦-dynamic,i,1.34,16,0.0945,0.5955,False
Finnish,艮卦-static,n,-1.052,19,0.0945,0.5955,False
Finnish,艮卦-dynamic,s,-0.937,50,0.0896,0.5955,False
Finnish,兌卦-dynamic,r,-0.932,24,0.0945,0.5955,False
Finnish,兌卦-dynamic,d,0.894,11,0.0896,0.5955,False
Finnish,兌卦-dynamic,n,-0.846,30,0.0945,0.5955,False
Finnish,離卦-dynamic,m,-0.774,39,0.0945,0.5955,False
Finnish,巽卦-dynamic,r,2.731,7,0.0995,0.6116,False
Finnish,坎卦-dynamic,o,-1.436,6,0.0995,0.6116,False
Finnish,艮卦-static,e,-0.941,30,0.0995,0.6116,False
Finnish,巽卦-static,ɪ,2.318,14,0.1045,0.6171,False
Finnish,坎卦-dynamic,t,1.303,40,0.1045,0.6171,False
Finnish,中卦-static,i,-0.879,28,0.1045,0.6171,False
Finnish,坎卦-static,k,0.848,93,0.1045,0.6171,False
Finnish,乾卦-static,æ,-1.328,7,0.1194,0.6312,False
Finnish,坎卦-dynamic,a͡i,1.227,6,0.1194,0.6312,False
Finnish,震卦-dynamic,e,1.154,62,0.1144,0.6312,False
Finnish,震卦-static,e͡u,0.891,4,0.1194,0.6312,False
Finnish,中卦-static,o,-0.879,31,0.1144,0.6312,False
Finnish,坎卦-static,i,-0.871,25,0.1095,0.6312,False
Finnish,震卦-static,v,0.767,47,0.1194,0.6312,False
Finnish,震卦-static,n,-0.744,46,0.1144,0.6312,False
Finnish,離卦-dynamic,n,-0.712,58,0.1095,0.6312,False
Finnish,乾卦-static,h,1.374,17,0.1244,0.6485,False
Finnish,中卦-static,m,0.731,63,0.1244,0.6485,False
Finnish,離卦-static,s,1.74,19,0.1294,0.6563,False
Finnish,坤卦-static,u,-1.153,7,0.1294,0.6563,False
Finnish,中卦-dynamic,s,2.57,12,0.1343,0.677,False
Finnish,離卦-static,l,1.916,15,0.1493,0.6922,False
Finnish,離卦-static,a,-1.693,9,0.1443,0.6922,False
Finnish,乾卦-static,l,-1.166,22,0.1443,0.6922,False
Finnish,艮卦-dynamic,j,-0.831,5,0.1493,0.6922,False
Finnish,艮卦-dynamic,a,0.819,148,0.1393,0.6922,False
Finnish,艮卦-dynamic,i,-0.809,24,0.1493,0.6922,False
Finnish,坎卦-dynamic,v,-1.241,5,0.1542,0.7024,False
Finnish,中卦-static,æ,-0.751,33,0.1542,0.7024,False
Finnish,中卦-static,k,0.731,102,0.1542,0.7024,False
Finnish,坤卦-dynamic,u,0.709,81,0.1592,0.7164,False
Finnish,坤卦-static,ɪ,-1.053,16,0.1642,0.7301,False
Finnish,中卦-static,t,-0.744,67,0.1642,0.7301,False
Finnish,坤卦-static,v,0.946,18,0.1741,0.7566,False
Finnish,震卦-static,a͡i,-0.639,5,0.1741,0.7566,False
Finnish,離卦-static,e,1.603,14,0.1791,0.7693,False
Finnish,震卦-static,d,0.57,13,0.194,0.806,False
Finnish,中卦-static,a͡u,0.727,9,0.199,0.8221,False
Finnish,坎卦-dynamic,ɪ,-1.09,11,0.204,0.8291,False
Finnish,艮卦-dynamic,u͡i,0.759,3,0.204,0.8291,False
Finnish,坤卦-dynamic,a͡u,0.654,10,0.209,0.8403,False
Finnish,中卦-dynamic,e,1.948,8,0.2189,0.844,False
Finnish,巽卦-static,i,1.674,6,0.2189,0.844,False
Finnish,坤卦-static,p,-0.905,8,0.2289,0.844,False
Finnish,兌卦-dynamic,u,0.743,53,0.2189,0.844,False
Finnish,坎卦-static,y,-0.707,8,0.2289,0.844,False
Finnish,坤卦-dynamic,s,-0.633,82,0.2289,0.844,False
Finnish,艮卦-dynamic,h,0.606,34,0.2189,0.844,False
Finnish,坎卦-static,v,-0.593,24,0.2189,0.844,False
Finnish,離卦-dynamic,d,0.574,16,0.2189,0.844,False
Finnish,坎卦-dynamic,n,-0.928,10,0.2338,0.8458,False
Finnish,艮卦-static,u͡o,0.648,8,0.2338,0.8458,False
Finnish,離卦-dynamic,h,-0.591,35,0.2338,0.8458,False
Finnish,坤卦-static,l,0.945,39,0.2388,0.8556,False
Finnish,震卦-static,i,-0.566,34,0.2388,0.8556,False
Finnish,乾卦-dynamic,k,-1.921,3,0.2488,0.8641,False
Finnish,乾卦-static,p,-0.925,7,0.2537,0.8641,False
Finnish,坎卦-static,u͡i,0.65,3,0.2488,0.8641,False
Finnish,兌卦-dynamic,o͡i,0.646,7,0.2537,0.8641,False
Finnish,兌卦-dynamic,m,-0.631,25,0.2537,0.8641,False
Finnish,坎卦-static,l,0.575,85,0.2537,0.8641,False
Finnish,坤卦-dynamic,d,-0.571,5,0.2438,0.8641,False
Finnish,離卦-dynamic,p,-0.566,35,0.2488,0.8641,False
Finnish,離卦-dynamic,u,-0.524,46,0.2537,0.8641,False
Finnish,坤卦-static,k,-0.799,26,0.2587,0.8693,False
Finnish,震卦-dynamic,a͡i,-0.627,3,0.2687,0.8947,False
Finnish,震卦-dynamic,d,0.657,8,0.2736,0.8994,False
Finnish,中卦-static,s,0.554,111,0.2736,0.8994,False
Finnish,震卦-static,u͡o,0.5,13,0.2836,0.9123,False
Finnish,震卦-static,y,0.514,22,0.2886,0.9128,False
Finnish,巽卦-dynamic,æ,1.841,5,0.2935,0.917,False
Finnish,坎卦-dynamic,m,-0.974,7,0.2935,0.917,False
Finnish,兌卦-dynamic,h,-0.632,20,0.2985,0.9174,False
Finnish,坤卦-dynamic,t,-0.498,89,0.2985,0.9174,False
Finnish,坤卦-dynamic,ɪ,-0.474,70,0.2985,0.9174,False
Finnish,巽卦-dynamic,l,-1.806,3,0.3035,0.9251,False
Finnish,艮卦-static,k,0.597,58,0.3035,0.9251,False
Finnish,乾卦-dynamic,v,1.752,4,0.3085,0.9254,False
Finnish,巽卦-static,s,-1.46,4,0.3085,0.9254,False
Finnish,坎卦-dynamic,e,-0.914,14,0.3085,0.9254,False
Finnish,坎卦-dynamic,r,-0.881,9,0.3085,0.9254,False
Finnish,坤卦-dynamic,l,-0.487,89,0.3184,0.9366,False
Finnish,離卦-dynamic,e,-0.448,81,0.3184,0.9366,False
Finnish,乾卦-dynamic,a,-1.682,5,0.3234,0.9367,False
Finnish,乾卦-static,j,0.877,9,0.3234,0.9367,False
Finnish,坤卦-static,m,-0.721,12,0.3234,0.9367,False
Finnish,離卦-dynamic,ŋ,-0.475,3,0.3234,0.9367,False
Finnish,震卦-static,a͡u,-0.458,3,0.3284,0.9403,False
Finnish,坤卦-dynamic,v,-0.416,34,0.3284,0.9403,False
Finnish,巽卦-dynamic,h,1.66,3,0.3532,0.9436,False
Finnish,離卦-static,ɪ,1.131,14,0.3433,0.9436,False
Finnish,離卦-static,æ,1.043,9,0.3383,0.9436,False
Finnish,坤卦-static,i,0.667,19,0.3532,0.9436,False
Finnish,震卦-dynamic,u,-0.581,21,0.3333,0.9436,False
Finnish,艮卦-static,r,0.574,41,0.3433,0.9436,False
Finnish,兌卦-dynamic,æ,0.569,46,0.3582,0.9436,False
Finnish,艮卦-static,i,-0.564,19,0.3433,0.9436,False
Finnish,震卦-dynamic,s,-0.56,45,0.3532,0.9436,False
Finnish,震卦-dynamic,v,-0.544,17,0.3582,0.9436,False
Finnish,中卦-static,o͡i,0.45,8,0.3582,0.9436,False
Finnish,離卦-dynamic,i,-0.442,44,0.3532,0.9436,False
Finnish,坤卦-dynamic,m,-0.422,44,0.3532,0.9436,False
Finnish,震卦-static,m,-0.413,40,0.3532,0.9436,False
Finnish,離卦-dynamic,u͡o,-0.4,6,0.3433,0.9436,False
Finnish,乾卦-static,t,-0.654,24,0.3632,0.9501,False
Finnish,艮卦-static,ɪ,0.58,55,0.3632,0.9501,False
Finnish,坤卦-static,s,-0.555,28,0.3682,0.9532,False
Finnish,兌卦-static,i,1.666,5,0.3731,0.9628,False
Finnish,離卦-static,i,1.089,7,0.3831,0.9719,False
Finnish,坤卦-dynamic,y͡ø,0.471,3,0.3831,0.9719,False
Finnish,乾卦-static,s,0.662,39,0.3881,0.9779,False
Finnish,坤卦-static,t,0.606,46,0.3881,0.9779,False
Finnish,乾卦-dynamic,l,-1.559,4,0.4328,0.9851,False
Finnish,兌卦-static,r,1.343,7,0.4876,0.9851,False
Finnish,巽卦-static,n,1.239,11,0.4129,0.9851,False
Finnish,乾卦-dynamic,i,1.229,4,0.4527,0.9851,False
Finnish,離卦-static,k,-0.999,8,0.4428,0.9851,False
Finnish,離卦-static,r,0.955,10,0.403,0.9851,False
Finnish,巽卦-static,k,0.939,10,0.4876,0.9851,False
Finnish,離卦-static,h,-0.875,3,0.4577,0.9851,False
Finnish,離卦-static,o,-0.825,4,0.4925,0.9851,False
Finnish,乾卦-static,o,0.7,19,0.4826,0.9851,False
Finnish,乾卦-static,r,0.596,24,0.4876,0.9851,False
Finnish,兌卦-dynamic,æ͡y,0.591,3,0.4279,0.9851,False
Finnish,艮卦-dynamic,ø͡y,0.546,3,0.4577,0.9851,False
Finnish,震卦-dynamic,m,-0.522,22,0.4279,0.9851,False
Finnish,坤卦-static,æ,0.514,23,0.4776,0.9851,False
Finnish,艮卦-static,i͡e,0.495,4,0.4925,0.9851,False
Finnish,艮卦-static,h,0.451,23,0.4577,0.9851,False
Finnish,艮卦-static,v,-0.438,17,0.4925,0.9851,False
Finnish,艮卦-static,t,-0.409,47,0.4129,0.9851,False
Finnish,艮卦-dynamic,t,0.4,93,0.4527,0.9851,False
Finnish,兌卦-dynamic,y,-0.399,9,0.4577,0.9851,False
Finnish,坎卦-static,e,-0.397,57,0.408,0.9851,False
Finnish,離卦-dynamic,i͡e,0.387,8,0.4229,0.9851,False
Finnish,震卦-static,h,-0.386,31,0.4378,0.9851,False
Finnish,離卦-dynamic,æ͡i,0.383,4,0.398,0.9851,False
Finnish,離卦-dynamic,y͡ø,0.361,3,0.4428,0.9851,False
Finnish,中卦-static,p,-0.357,31,0.4776,0.9851,False
Finnish,兌卦-dynamic,p,0.356,33,0.4925,0.9851,False
Finnish,坤卦-dynamic,p,-0.355,36,0.4627,0.9851,False
Finnish,坤卦-dynamic,a͡i,0.326,16,0.4726,0.9851,False
Finnish,兌卦-static,v,1.247,4,0.5075,0.9878,False
Finnish,巽卦-static,p,0.859,5,0.5124,0.9878,False
Finnish,離卦-static,t,-0.827,8,0.5075,0.9878,False
Finnish,坤卦-static,o,0.479,20,0.5124,0.9878,False
Finnish,坎卦-static,a,-0.367,114,0.5075,0.9878,False
Finnish,艮卦-dynamic,r,-0.335,39,0.5124,0.9878,False
Finnish,乾卦-dynamic,m,1.15,5,0.5373,0.9932,False
Finnish,巽卦-static,r,-0.935,3,0.5323,0.9932,False
Finnish,坎卦-dynamic,a,0.535,45,0.5274,0.9932,False
Finnish,坤卦-static,h,0.453,15,0.5274,0.9932,False
Finnish,坤卦-static,a,-0.425,48,0.5373,0.9932,False
Finnish,中卦-static,h,-0.348,30,0.5373,0.9932,False
Finnish,坎卦-static,ø,0.328,4,0.5323,0.9932,False
Finnish,離卦-dynamic,ɪ,-0.297,85,0.5373,0.9932,False
Finnish,震卦-static,æ,-0.292,45,0.5373,0.9932,False
Finnish,巽卦-dynamic,a,1.21,11,0.5473,0.9935,False
Finnish,乾卦-dynamic,p,1.098,4,0.5572,0.9935,False
Finnish,乾卦-dynamic,ɪ,-1.01,3,0.5473,0.9935,False
Finnish,乾卦-static,u,0.522,22,0.5572,0.9935,False
Finnish,乾卦-static,v,-0.41,10,0.5423,0.9935,False
Finnish,艮卦-dynamic,ŋ,0.366,7,0.5522,0.9935,False
Finnish,艮卦-dynamic,e͡i,0.339,7,0.5572,0.9935,False
Finnish,震卦-static,ø͡y,0.334,3,0.5572,0.9935,False
Finnish,兌卦-dynamic,j,-0.331,9,0.5473,0.9935,False
Finnish,艮卦-dynamic,o,0.297,41,0.5572,0.9935,False
Finnish,艮卦-dynamic,a͡i,0.272,11,0.5572,0.9935,False
Finnish,艮卦-static,e͡i,0.352,5,0.5622,0.9954,False
Finnish,兌卦-dynamic,l,-0.296,60,0.5622,0.9954,False
Finnish,震卦-static,j,0.259,20,0.5622,0.9954,False
Finnish,乾卦-dynamic,s,1.109,9,0.5821,1.0,False
Finnish,巽卦-dynamic,m,1.102,4,0.6169,1.0,False
Finnish,中卦-dynamic,l,1.085,7,0.597,1.0,False
Finnish,兌卦-static,e,-0.947,4,0.6368,1.0,False
Finnish,中卦-dynamic,a,-0.919,7,0.5771,1.0,False
Finnish,中卦-dynamic,ɪ,0.918,7,0.6219,1.0,False
Finnish,兌卦-static,n,-0.894,3,0.6318,1.0,False
Finnish,中卦-dynamic,k,0.851,7,0.7065,1.0,False
Finnish,兌卦-static,ɪ,0.839,8,0.7463,1.0,False
Finnish,兌卦-static,t,-0.823,5,0.6866,1.0,False
Finnish,乾卦-dynamic,o,0.816,4,0.6816,1.0,False
Finnish,乾卦-dynamic,n,0.799,7,0.7164,1.0,False
Finnish,巽卦-static,h,0.742,4,0.6269,1.0,False
Finnish,巽卦-dynamic,t,0.703,7,0.6766,1.0,False
Finnish,巽卦-static,m,-0.696,3,0.6368,1.0,False
Finnish,兌卦-static,æ,0.681,5,0.7512,1.0,False
Finnish,巽卦-static,u,-0.659,3,0.6667,1.0,False
Finnish,巽卦-dynamic,s,-0.622,4,0.7313,1.0,False
Finnish,巽卦-static,l,0.595,9,0.6716,1.0,False
Finnish,巽卦-static,o,0.537,5,0.7065,1.0,False
Finnish,兌卦-static,a,0.52,13,0.7811,1.0,False
Finnish,中卦-dynamic,n,0.495,6,0.7811,1.0,False
Finnish,乾卦-dynamic,r,-0.487,3,0.806,1.0,False
Finnish,乾卦-static,y,0.474,7,0.5721,1.0,False
Finnish,坎卦-dynamic,u,0.461,17,0.5821,1.0,False
Finnish,兌卦-static,u,-0.431,3,0.801,1.0,False
Finnish,乾卦-static,a͡i,0.423,5,0.6468,1.0,False
Finnish,兌卦-static,k,-0.415,6,0.8259,1.0,False
Finnish,巽卦-static,e,-0.403,6,0.7811,1.0,False
Finnish,離卦-static,u,-0.377,5,0.7065,1.0,False
Finnish,乾卦-static,n,0.375,29,0.6716,1.0,False
Finnish,艮卦-static,m,0.346,32,0.5871,1.0,False
Finnish,乾卦-static,ɪ,-0.338,22,0.6667,1.0,False
Finnish,艮卦-static,u,-0.334,24,0.6169,1.0,False
Finnish,坤卦-static,r,-0.333,18,0.6766,1.0,False
Finnish,中卦-dynamic,i,0.317,3,0.8507,1.0,False
Finnish,坤卦-dynamic,o͡u,0.316,4,0.5871,1.0,False
Finnish,巽卦-static,æ,-0.304,4,0.8507,1.0,False
Finnish,兌卦-static,s,0.294,8,0.8806,1.0,False
Finnish,坎卦-static,i͡e,0.284,5,0.6169,1.0,False
Finnish,兌卦-dynamic,a͡i,0.279,10,0.6119,1.0,False
Finnish,坤卦-static,u͡o,0.277,4,0.7015,1.0,False
Finnish,艮卦-dynamic,n,-0.265,51,0.6418,1.0,False
Finnish,離卦-dynamic,a͡i,0.262,17,0.5821,1.0,False
Finnish,坎卦-static,e͡i,0.251,7,0.6318,1.0,False
Finnish,乾卦-dynamic,t,-0.251,6,0.8905,1.0,False
Finnish,乾卦-static,e,-0.248,23,0.7512,1.0,False
Finnish,震卦-dynamic,a͡u,0.245,4,0.7264,1.0,False
Finnish,兌卦-dynamic,a͡u,-0.237,3,0.6716,1.0,False
Finnish,坎卦-static,u͡o,0.236,9,0.6119,1.0,False
Finnish,震卦-dynamic,ɪ,0.235,51,0.6716,1.0,False
Finnish,兌卦-dynamic,i͡e,0.235,4,0.7562,1.0,False
Finnish,震卦-dynamic,o͡i,0.234,4,0.7164,1.0,False
Finnish,震卦-static,a,0.226,161,0.6816,1.0,False
Finnish,兌卦-static,l,0.226,7,0.9005,1.0,False
Finnish,中卦-static,u,-0.225,44,0.6816,1.0,False
Finnish,離卦-dynamic,v,-0.224,41,0.6418,1.0,False
Finnish,離卦-static,v,-0.223,4,0.8507,1.0,False
Finnish,坎卦-static,p,0.222,37,0.6617,1.0,False
Finnish,離卦-dynamic,s,-0.222,109,0.6517,1.0,False
Finnish,艮卦-dynamic,i͡u,0.22,3,0.7264,1.0,False
Finnish,震卦-static,e͡i,-0.218,5,0.6119,1.0,False
Finnish,中卦-static,ø,0.216,4,0.7562,1.0,False
Finnish,乾卦-static,a,0.212,52,0.8109,1.0,False
Finnish,艮卦-dynamic,æ,-0.209,37,0.7065,1.0,False
Finnish,離卦-static,n,-0.208,8,0.8557,1.0,False
Finnish,中卦-dynamic,t,0.206,7,0.9303,1.0,False
Finnish,震卦-static,ɪ,0.206,86,0.6816,1.0,False
Finnish,中卦-static,d,-0.191,7,0.7363,1.0,False
Finnish,震卦-dynamic,t,0.191,64,0.7711,1.0,False
Finnish,坎卦-static,u,0.177,49,0.7313,1.0,False
Finnish,坎卦-static,a͡i,0.174,11,0.7313,1.0,False
Finnish,震卦-dynamic,a,0.173,93,0.796,1.0,False
Finnish,中卦-static,j,-0.165,14,0.7562,1.0,False
Finnish,艮卦-dynamic,v,-0.164,27,0.7214,1.0,False
Finnish,坤卦-dynamic,ŋ,0.152,8,0.7612,1.0,False
Finnish,艮卦-static,a,0.15,88,0.7761,1.0,False
Finnish,震卦-static,u,0.149,57,0.7214,1.0,False
Finnish,震卦-dynamic,h,0.149,22,0.8209,1.0,False
Finnish,艮卦-static,ŋ,0.143,4,0.8209,1.0,False
Finnish,坎卦-static,a͡u,-0.142,4,0.7811,1.0,False
Finnish,震卦-static,ŋ,-0.14,5,0.7264,1.0,False
Finnish,巽卦-dynamic,ɪ,-0.137,4,0.9652,1.0,False
Finnish,巽卦-dynamic,k,0.136,5,0.9403,1.0,False
Finnish,震卦-dynamic,l,0.136,54,0.8159,1.0,False
Finnish,震卦-static,i͡e,0.134,5,0.7363,1.0,False
Finnish,震卦-dynamic,y,-0.132,9,0.8408,1.0,False
Finnish,艮卦-dynamic,p,0.126,33,0.8109,1.0,False
Finnish,巽卦-static,a,0.126,14,0.9602,1.0,False
Finnish,坤卦-static,n,0.124,29,0.8358,1.0,False
Finnish,坤卦-dynamic,r,-0.117,61,0.796,1.0,False
Finnish,離卦-dynamic,y,0.117,22,0.8109,1.0,False
Finnish,震卦-static,t,0.115,106,0.7811,1.0,False
Finnish,坎卦-static,j,-0.113,13,0.8507,1.0,False
Finnish,中卦-static,ŋ,-0.108,5,0.8756,1.0,False
Finnish,乾卦-static,k,0.108,30,0.8557,1.0,False
Finnish,離卦-dynamic,r,0.107,75,0.8408,1.0,False
Finnish,坤卦-dynamic,j,0.106,20,0.8408,1.0,False
Finnish,坤卦-static,e,0.104,29,0.8557,1.0,False
Finnish,中卦-dynamic,m,-0.104,3,0.9652,1.0,False
Finnish,巽卦-dynamic,e,-0.103,4,0.9502,1.0,False
Finnish,坎卦-dynamic,s,-0.097,24,0.8955,1.0,False
Finnish,中卦-static,v,0.094,36,0.8308,1.0,False
Finnish,離卦-dynamic,l,-0.086,108,0.8905,1.0,False
Finnish,離卦-dynamic,o,-0.086,56,0.8905,1.0,False
Finnish,震卦-static,r,-0.085,56,0.8706,1.0,False
Finnish,坤卦-dynamic,o͡i,-0.084,5,0.8856,1.0,False
Finnish,坤卦-dynamic,æ,-0.082,55,0.8806,1.0,False
Finnish,乾卦-static,d,0.065,3,0.9254,1.0,False
Finnish,艮卦-static,æ,-0.064,28,0.9154,1.0,False
Finnish,艮卦-static,y,-0.058,9,0.9055,1.0,False
Finnish,乾卦-dynamic,e,-0.058,5,0.9751,1.0,False
Finnish,乾卦-static,i,0.055,14,0.9602,1.0,False
Finnish,艮卦-static,j,-0.051,9,0.9104,1.0,False
Finnish,艮卦-dynamic,l,-0.047,70,0.9353,1.0,False
Finnish,坤卦-dynamic,y,-0.042,18,0.9154,1.0,False
Finnish,艮卦-dynamic,u͡o,0.042,7,0.9552,1.0,False
Finnish,坤卦-dynamic,u͡o,-0.039,9,0.9552,1.0,False
Finnish,兌卦-dynamic,s,0.038,70,0.9453,1.0,False
Finnish,中卦-static,e͡i,-0.032,6,0.9502,1.0,False
Finnish,震卦-static,l,-0.03,89,0.9204,1.0,False
Finnish,離卦-static,m,0.03,6,0.9851,1.0,False
Finnish,坎卦-dynamic,k,-0.028,23,0.9851,1.0,False
Finnish,震卦-dynamic,æ,-0.019,30,0.9801,1.0,False
Finnish,坎卦-static,n,-0.014,63,0.9801,1.0,False
Finnish,中卦-static,ɪ,-0.014,75,0.9751,1.0,False
Finnish,坎卦-dynamic,l,-0.011,23,1.0,1.0,False
Finnish,中卦-static,u͡o,-0.011,8,0.9801,1.0,False
Finnish,震卦-dynamic,p,-0.008,23,0.99,1.0,False
Finnish,坎卦-static,m,0.006,42,0.995,1.0,False
Finnish,乾卦-static,m,-0.003,16,0.99,1.0,False
Finnish,坎卦-static,s,0.001,82,1.0,1.0,False
French,乾卦-static,ð,4.095,3,0.005,0.2104,False
French,巽卦-static,j,3.011,14,0.005,0.2104,False
French,坤卦-dynamic,ɔ,2.688,38,0.005,0.2104,False
French,震卦-dynamic,ə,2.542,25,0.005,0.2104,False
French,兌卦-dynamic,e,2.212,129,0.005,0.2104,False
French,震卦-static,b,2.09,47,0.005,0.2104,False
French,震卦-static,ʃ,1.98,21,0.005,0.2104,False
French,艮卦-dynamic,s,1.93,83,0.005,0.2104,False
French,震卦-dynamic,ɛ̃,1.85,13,0.005,0.2104,False
French,離卦-dynamic,l,-1.751,43,0.005,0.2104,False
French,震卦-static,w,1.716,19,0.005,0.2104,False
French,坎卦-static,w,1.666,18,0.005,0.2104,False
French,震卦-static,p,1.639,54,0.005,0.2104,False
French,中卦-static,s,1.638,60,0.005,0.2104,False
French,巽卦-dynamic,f,3.471,6,0.01,0.3238,False
French,坤卦-static,a,1.986,29,0.01,0.3238,False
French,艮卦-dynamic,ə,1.33,26,0.01,0.3238,False
French,艮卦-dynamic,d,1.298,45,0.01,0.3238,False
French,乾卦-dynamic,ɡ,3.064,4,0.0149,0.3507,False
French,艮卦-static,o,1.787,20,0.0149,0.3507,False
French,坎卦-static,ʃ,1.605,18,0.0149,0.3507,False
French,中卦-static,w,1.424,14,0.0149,0.3507,False
French,震卦-dynamic,u,-1.243,5,0.0149,0.3507,False
French,震卦-static,a,1.09,98,0.0149,0.3507,False
French,乾卦-dynamic,œ,3.564,4,0.0199,0.3826,False
French,艮卦-static,ɔ,1.608,13,0.0199,0.3826,False
French,離卦-dynamic,ɛ̃,1.242,27,0.0199,0.3826,False
French,離卦-dynamic,w,1.035,25,0.0199,0.3826,False
French,巽卦-dynamic,z,3.446,4,0.0348,0.3928,False
French,巽卦-dynamic,y,3.097,7,0.0348,0.3928,False
French,坤卦-static,ʒ,1.975,9,0.0348,0.3928,False
French,震卦-dynamic,l,-1.533,20,0.0299,0.3928,False
French,坎卦-static,œ,1.484,22,0.0299,0.3928,False
French,坤卦-dynamic,u,1.221,31,0.0249,0.3928,False
French,艮卦-dynamic,b,1.176,37,0.0299,0.3928,False
French,艮卦-dynamic,m,-1.136,18,0.0249,0.3928,False
French,中卦-static,ʁ,-1.131,59,0.0348,0.3928,False
French,震卦-static,i,-1.111,33,0.0299,0.3928,False
French,震卦-static,l,-0.961,39,0.0348,0.3928,False
French,震卦-dynamic,v,1.316,21,0.0398,0.4262,False
French,艮卦-static,ɛ,1.354,27,0.0448,0.4564,False
French,坤卦-dynamic,e,-1.128,19,0.0448,0.4564,False
French,巽卦-dynamic,ʁ,2.985,13,0.0498,0.463,False
French,乾卦-static,d,1.517,17,0.0498,0.463,False
French,震卦-dynamic,o,-1.197,8,0.0547,0.463,False
French,艮卦-static,ʃ,1.191,7,0.0498,0.463,False
French,中卦-static,u,-1.115,7,0.0498,0.463,False
French,坤卦-dynamic,s,1.075,60,0.0547,0.463,False
French,兌卦-dynamic,ʁ,1.022,134,0.0498,0.463,False
French,離卦-dynamic,e,0.862,146,0.0547,0.463,False
French,震卦-static,e,-0.919,27,0.0597,0.4765,False
French,坎卦-static,j,-0.909,16,0.0647,0.502,False
French,兌卦-dynamic,j,-0.816,18,0.0647,0.502,False
French,兌卦-static,k,3.406,4,0.0697,0.5141,False
French,坎卦-dynamic,ɡ,1.659,6,0.0746,0.5141,False
French,艮卦-dynamic,œ̃,1.466,4,0.0796,0.5141,False
French,乾卦-static,m,1.365,20,0.0746,0.5141,False
French,艮卦-static,s,-1.304,12,0.0746,0.5141,False
French,兌卦-dynamic,a,-1.013,49,0.0697,0.5141,False
French,艮卦-dynamic,e,0.982,94,0.0796,0.5141,False
French,坎卦-static,e,-0.953,25,0.0796,0.5141,False
French,艮卦-dynamic,y,-0.894,12,0.0796,0.5141,False
French,坎卦-static,m,-0.864,20,0.0746,0.5141,False
French,兌卦-dynamic,s,-0.858,35,0.0697,0.5141,False
French,離卦-dynamic,y,-0.83,22,0.0796,0.5141,False
French,離卦-dynamic,v,0.743,42,0.0796,0.5141,False
French,巽卦-static,s,-1.613,5,0.0846,0.5227,False
French,坤卦-static,ɛ̃,1.427,4,0.0846,0.5227,False
French,艮卦-static,i,-1.237,13,0.0896,0.5227,False
French,中卦-static,ɛ̃,1.062,12,0.0896,0.5227,False
French,震卦-dynamic,s,0.996,44,0.0846,0.5227,False
French,中卦-static,ʒ,-0.946,3,0.0846,0.5227,False
French,坤卦-dynamic,ɔ̃,0.907,23,0.0896,0.5227,False
French,震卦-static,ɡ,0.849,22,0.0945,0.5227,False
French,坤卦-dynamic,y,-0.821,12,0.0945,0.5227,False
French,巽卦-static,m,1.472,12,0.0995,0.5229,False
French,坤卦-dynamic,ɛ,0.794,48,0.0995,0.5229,False
French,坎卦-static,t,0.792,64,0.0995,0.5229,False
French,離卦-dynamic,u,-0.779,21,0.0995,0.5229,False
French,坎卦-dynamic,s,-1.432,5,0.1045,0.5293,False
French,中卦-static,i,0.878,68,0.1045,0.5293,False
French,離卦-dynamic,ʁ,0.701,214,0.1045,0.5293,False
French,離卦-static,l,1.713,14,0.1095,0.5322,False
French,巽卦-static,ʒ,1.529,7,0.1095,0.5322,False
French,巽卦-static,v,1.495,7,0.1095,0.5322,False
French,艮卦-static,n,-1.1,4,0.1144,0.5378,False
French,兌卦-dynamic,ʒ,-0.834,5,0.1144,0.5378,False
French,坎卦-static,y,-0.792,13,0.1144,0.5378,False
French,乾卦-dynamic,ɔ̃,1.942,3,0.1244,0.5597,False
French,巽卦-static,d,1.546,10,0.1244,0.5597,False
French,巽卦-static,ø,1.221,3,0.1244,0.5597,False
French,坤卦-dynamic,ə,-0.875,3,0.1244,0.5597,False
French,震卦-static,z,-0.825,4,0.1244,0.5597,False
French,離卦-dynamic,p,0.686,74,0.1244,0.5597,False
French,乾卦-static,ɪ,1.958,3,0.1294,0.5641,False
French,艮卦-static,k,1.004,32,0.1294,0.5641,False
French,兌卦-dynamic,ɔ̃,-0.766,9,0.1294,0.5641,False
French,艮卦-static,l,1.068,33,0.1343,0.5682,False
French,乾卦-static,e,-1.015,9,0.1343,0.5682,False
French,坎卦-static,b,0.777,28,0.1343,0.5682,False
French,坤卦-static,l,1.197,19,0.1393,0.5721,False
French,震卦-dynamic,m,-0.911,14,0.1393,0.5721,False
French,震卦-dynamic,ɑ̃,0.816,27,0.1393,0.5721,False
French,坎卦-dynamic,a,-1.536,7,0.1443,0.5785,False
French,坎卦-dynamic,u,1.471,7,0.1443,0.5785,False
French,艮卦-static,b,1.005,14,0.1443,0.5785,False
French,中卦-static,a,-0.74,45,0.1493,0.5873,False
French,兌卦-dynamic,l,-0.725,44,0.1493,0.5873,False
French,乾卦-static,n,1.05,16,0.1542,0.5931,False
French,艮卦-static,d,-0.933,4,0.1542,0.5931,False
French,中卦-static,m,0.801,37,0.1542,0.5931,False
French,艮卦-dynamic,k,-0.709,26,0.1542,0.5931,False
French,坎卦-dynamic,i,1.465,19,0.1592,0.6013,False
French,艮卦-static,j,0.954,17,0.1592,0.6013,False
French,艮卦-dynamic,ʃ,0.707,14,0.1642,0.6092,False
French,兌卦-dynamic,ɔ,0.691,21,0.1642,0.6092,False
French,巽卦-dynamic,i,2.172,8,0.1692,0.6116,False
French,乾卦-dynamic,ʒ,1.743,3,0.1692,0.6116,False
French,艮卦-dynamic,u,0.639,29,0.1692,0.6116,False
French,震卦-static,ɔ,0.625,20,0.1692,0.6116,False
French,離卦-dynamic,t,0.545,107,0.1692,0.6116,False
French,巽卦-static,i,-1.337,6,0.1741,0.6216,False
French,艮卦-static,ʁ,-0.902,34,0.1741,0.6216,False
French,離卦-dynamic,ɡ,-0.663,10,0.1741,0.6216,False
French,中卦-dynamic,t,2.03,7,0.1791,0.6287,False
French,震卦-static,v,-0.616,10,0.1841,0.6356,False
French,乾卦-static,ɑ̃,0.908,15,0.194,0.6566,False
French,艮卦-static,ɑ̃,-0.904,7,0.194,0.6566,False
French,中卦-static,o,-0.716,14,0.194,0.6566,False
French,坤卦-dynamic,d,0.627,30,0.194,0.6566,False
French,艮卦-dynamic,f,-0.738,8,0.199,0.6681,False
French,中卦-dynamic,e,1.902,9,0.209,0.6905,False
French,巽卦-static,ɑ̃,1.345,10,0.2289,0.7251,False
French,離卦-static,ʁ,1.223,22,0.2289,0.7251,False
French,巽卦-static,k,-1.077,3,0.2289,0.7251,False
French,坤卦-static,t,0.97,17,0.2289,0.7251,False
French,乾卦-static,k,-0.905,7,0.2289,0.7251,False
French,兌卦-dynamic,ɑ̃,-0.63,20,0.2289,0.7251,False
French,艮卦-dynamic,t,-0.573,42,0.2239,0.7251,False
French,離卦-dynamic,ɑ̃,0.495,60,0.2289,0.7251,False
French,中卦-dynamic,a,1.892,9,0.2338,0.7327,False
French,巽卦-static,l,1.164,17,0.2338,0.7327,False
French,離卦-dynamic,z,-0.548,13,0.2338,0.7327,False
French,中卦-static,ɛ,0.648,40,0.2388,0.7373,False
French,離卦-dynamic,j,-0.475,38,0.2388,0.7373,False
French,坤卦-static,ø,1.025,3,0.2438,0.7445,False
French,震卦-static,t,0.474,60,0.2438,0.7445,False
French,兌卦-dynamic,p,0.59,42,0.2488,0.7516,False
French,坎卦-static,p,0.517,39,0.2488,0.7516,False
French,巽卦-static,t,-1.165,6,0.2537,0.7532,False
French,乾卦-static,y,0.862,19,0.2537,0.7532,False
French,震卦-dynamic,d,0.683,23,0.2537,0.7532,False
French,中卦-static,ʃ,-0.604,4,0.2537,0.7532,False
French,乾卦-static,j,0.802,14,0.2587,0.7653,False
French,坤卦-dynamic,ʃ,-0.525,5,0.2637,0.7746,False
French,離卦-dynamic,b,-0.504,20,0.2637,0.7746,False
French,艮卦-static,a,-0.722,24,0.2687,0.781,False
French,艮卦-static,m,0.71,19,0.2687,0.781,False
French,坤卦-dynamic,f,-0.565,10,0.2736,0.7874,False
French,震卦-static,f,-0.495,12,0.2736,0.7874,False
French,坤卦-dynamic,k,-0.473,29,0.2736,0.7874,False
French,坤卦-static,p,0.913,11,0.2786,0.7909,False
French,艮卦-static,f,0.705,15,0.2786,0.7909,False
French,坎卦-static,i,-0.563,45,0.2786,0.7909,False
French,震卦-dynamic,b,0.644,19,0.2886,0.811,False
French,離卦-dynamic,ø,-0.436,4,0.2935,0.8223,False
French,中卦-static,ə,0.572,14,0.2985,0.828,False
French,兌卦-dynamic,t,0.474,61,0.2985,0.828,False
French,離卦-dynamic,d,0.435,51,0.2985,0.828,False
French,震卦-dynamic,f,-0.601,7,0.3035,0.8309,False
French,艮卦-dynamic,ɛ̃,-0.509,7,0.3035,0.8309,False
French,巽卦-static,o,0.969,8,0.3085,0.8418,False
French,坎卦-dynamic,ə,0.935,4,0.3184,0.8471,False
French,離卦-static,t,0.911,11,0.3134,0.8471,False
French,中卦-static,v,-0.526,9,0.3134,0.8471,False
French,艮卦-dynamic,v,0.486,23,0.3184,0.8471,False
French,震卦-static,ʁ,-0.474,90,0.3184,0.8471,False
French,巽卦-static,a,0.802,20,0.3284,0.8521,False
French,乾卦-static,ɛ,0.749,19,0.3284,0.8521,False
French,離卦-dynamic,m,-0.435,47,0.3234,0.8521,False
French,離卦-dynamic,ɔ,0.405,31,0.3284,0.8521,False
French,坤卦-static,ʁ,-0.753,20,0.3333,0.8571,False
French,坎卦-dynamic,f,1.053,8,0.3383,0.8618,False
French,坤卦-static,b,0.759,7,0.3433,0.8618,False
French,離卦-dynamic,o,0.396,52,0.3383,0.8618,False
French,坎卦-static,ɔ,0.388,17,0.3383,0.8618,False
French,坤卦-static,d,-0.719,3,0.3532,0.8764,False
French,震卦-dynamic,ʃ,0.452,8,0.3532,0.8764,False
French,離卦-dynamic,s,0.41,94,0.3532,0.8764,False
French,坤卦-dynamic,t,-0.443,39,0.3582,0.8809,False
French,離卦-dynamic,n,-0.36,36,0.3582,0.8809,False
French,巽卦-dynamic,o,1.541,3,0.3632,0.8829,False
French,坤卦-static,s,0.644,14,0.3632,0.8829,False
French,坤卦-dynamic,i,0.484,68,0.3632,0.8829,False
French,艮卦-dynamic,ɔ̃,-0.419,13,0.3731,0.8917,False
French,坎卦-static,o,0.414,29,0.3731,0.8917,False
French,震卦-static,y,-0.411,22,0.3731,0.8917,False
French,乾卦-dynamic,u,1.333,3,0.3781,0.8985,False
French,坤卦-static,k,-0.694,6,0.3781,0.8985,False
French,艮卦-dynamic,w,0.435,11,0.3831,0.9053,False
French,坤卦-static,ɑ̃,0.69,9,0.3881,0.9069,False
French,中卦-dynamic,m,1.286,4,0.393,0.9085,False
French,坎卦-dynamic,n,0.948,8,0.393,0.9085,False
French,坤卦-dynamic,a,-0.428,58,0.403,0.9214,False
French,坤卦-static,i,-0.621,11,0.4229,0.9221,False
French,乾卦-static,l,0.553,25,0.4129,0.9221,False
French,兌卦-dynamic,b,-0.48,12,0.4229,0.9221,False
French,中卦-static,ɑ̃,-0.463,18,0.4129,0.9221,False
French,坤卦-dynamic,n,0.447,31,0.4179,0.9221,False
French,坎卦-static,l,-0.425,47,0.4129,0.9221,False
French,中卦-static,n,0.423,27,0.4229,0.9221,False
French,坤卦-dynamic,j,0.379,30,0.4129,0.9221,False
French,艮卦-dynamic,ʒ,-0.367,11,0.408,0.9221,False
French,艮卦-dynamic,ʁ,-0.359,100,0.4229,0.9221,False
French,兌卦-dynamic,ɡ,-0.465,8,0.4279,0.9281,False
French,離卦-static,p,0.79,7,0.4428,0.9307,False
French,坎卦-dynamic,ɛ,0.784,10,0.4478,0.9307,False
French,艮卦-static,v,-0.473,5,0.4328,0.9307,False
French,中卦-static,z,-0.465,7,0.4378,0.9307,False
French,兌卦-dynamic,z,-0.437,9,0.4428,0.9307,False
French,坤卦-dynamic,m,0.433,37,0.4428,0.9307,False
French,震卦-dynamic,i,-0.425,35,0.4478,0.9307,False
French,坎卦-static,ɑ̃,0.399,32,0.4428,0.9307,False
French,震卦-static,m,-0.364,28,0.4428,0.9307,False
French,坎卦-static,f,0.36,27,0.4478,0.9307,False
French,震卦-static,s,0.348,53,0.4428,0.9307,False
French,坎卦-static,d,0.347,27,0.4478,0.9307,False
French,乾卦-static,b,-0.566,4,0.4577,0.9308,False
French,艮卦-static,ɡ,-0.557,3,0.4527,0.9308,False
French,坤卦-static,ə,0.513,4,0.4577,0.9308,False
French,坤卦-dynamic,p,-0.436,27,0.4527,0.9308,False
French,中卦-static,k,0.434,47,0.4577,0.9308,False
French,兌卦-dynamic,y,-0.383,23,0.4577,0.9308,False
French,艮卦-dynamic,ɔ,-0.348,11,0.4527,0.9308,False
French,巽卦-dynamic,e,1.385,7,0.4627,0.9364,False
French,坤卦-static,e,-0.605,9,0.4627,0.9364,False
French,坤卦-dynamic,v,0.379,19,0.4677,0.9375,False
French,震卦-static,ɛ,0.354,43,0.4677,0.9375,False
French,震卦-static,ʒ,0.311,18,0.4677,0.9375,False
French,巽卦-static,ɛ,0.731,11,0.4726,0.9397,False
French,離卦-static,j,-0.73,3,0.4776,0.9397,False
French,坤卦-static,ʃ,0.593,3,0.4726,0.9397,False
French,乾卦-static,a,0.542,32,0.4776,0.9397,False
French,艮卦-static,y,-0.471,9,0.4726,0.9397,False
French,震卦-static,u,0.352,24,0.4776,0.9397,False
French,艮卦-dynamic,ɛ,0.348,46,0.4776,0.9397,False
French,坤卦-static,f,-0.478,3,0.4826,0.9451,False
French,中卦-static,e,-0.356,37,0.4826,0.9451,False
French,艮卦-dynamic,ɡ,-0.33,10,0.4876,0.9482,False
French,乾卦-dynamic,i,-1.056,3,0.5075,0.9519,False
French,離卦-static,ɑ̃,0.727,6,0.5025,0.9519,False
French,離卦-static,k,0.621,10,0.5025,0.9519,False
French,震卦-static,o,0.322,29,0.5075,0.9519,False
French,坤卦-dynamic,o,0.313,27,0.5075,0.9519,False
French,坎卦-static,ʁ,0.312,108,0.4925,0.9519,False
French,艮卦-dynamic,n,-0.31,23,0.4975,0.9519,False
French,坤卦-dynamic,ɛ̃,0.306,10,0.4975,0.9519,False
French,離卦-dynamic,ɔ̃,0.244,32,0.5025,0.9519,False
French,兌卦-static,i,1.852,3,0.5124,0.957,False
French,中卦-dynamic,ʁ,-0.904,6,0.5473,0.9585,False
French,乾卦-dynamic,s,-0.862,3,0.5771,0.9585,False
French,乾卦-dynamic,m,0.86,4,0.6517,0.9585,False
French,中卦-dynamic,ɑ̃,0.843,3,0.6219,0.9585,False
French,離卦-static,ə,0.754,3,0.5323,0.9585,False
French,巽卦-static,n,0.66,8,0.5423,0.9585,False
French,坎卦-dynamic,ɑ̃,0.6,7,0.5771,0.9585,False
French,巽卦-static,ʁ,-0.595,19,0.5522,0.9585,False
French,離卦-static,e,-0.59,6,0.5771,0.9585,False
French,坎卦-dynamic,j,-0.587,4,0.5224,0.9585,False
French,乾卦-dynamic,j,0.566,3,0.6368,0.9585,False
French,巽卦-static,p,-0.563,6,0.5224,0.9585,False
French,離卦-static,y,-0.557,3,0.6318,0.9585,False
French,坎卦-dynamic,d,0.532,6,0.5672,0.9585,False
French,巽卦-static,ɡ,0.499,4,0.6318,0.9585,False
French,離卦-static,n,-0.484,3,0.6517,0.9585,False
French,坤卦-static,ɛ,0.471,11,0.5721,0.9585,False
French,乾卦-static,ɡ,-0.456,3,0.5522,0.9585,False
French,坤卦-static,u,0.415,6,0.6269,0.9585,False
French,坤卦-static,o,-0.409,5,0.602,0.9585,False
French,乾卦-static,t,-0.404,16,0.592,0.9585,False
French,坤卦-static,v,0.401,5,0.6219,0.9585,False
French,艮卦-static,e,-0.398,19,0.5622,0.9585,False
French,中卦-static,l,0.372,52,0.5174,0.9585,False
French,震卦-dynamic,p,0.37,27,0.5373,0.9585,False
French,兌卦-dynamic,ɛ,0.369,44,0.5224,0.9585,False
French,震卦-dynamic,ʒ,0.364,13,0.5174,0.9585,False
French,乾卦-static,ʒ,0.364,7,0.6169,0.9585,False
French,兌卦-dynamic,k,-0.355,35,0.5572,0.9585,False
French,中卦-static,d,0.344,23,0.5224,0.9585,False
French,艮卦-static,t,0.343,25,0.5871,0.9585,False
French,兌卦-dynamic,ø,-0.341,3,0.592,0.9585,False
French,震卦-static,n,-0.338,21,0.5224,0.9585,False
French,乾卦-static,s,-0.333,16,0.6567,0.9585,False
French,艮卦-dynamic,o,0.314,31,0.5274,0.9585,False
French,震卦-dynamic,ʁ,-0.314,66,0.5423,0.9585,False
French,乾卦-static,ɔ,-0.31,4,0.6468,0.9585,False
French,中卦-static,ɡ,-0.293,8,0.6169,0.9585,False
French,坤卦-dynamic,z,-0.289,10,0.5771,0.9585,False
French,中卦-static,ɔ̃,-0.287,11,0.5821,0.9585,False
French,坤卦-dynamic,w,-0.283,5,0.5423,0.9585,False
French,中卦-static,ɔ,-0.28,9,0.6169,0.9585,False
French,兌卦-dynamic,n,0.274,31,0.5672,0.9585,False
French,乾卦-static,ʁ,-0.271,36,0.6617,0.9585,False
French,坎卦-static,ʒ,-0.267,11,0.5721,0.9585,False
French,離卦-dynamic,a,-0.261,115,0.5423,0.9585,False
French,艮卦-dynamic,a,-0.254,71,0.5721,0.9585,False
French,艮卦-dynamic,z,-0.25,12,0.6169,0.9585,False
French,坎卦-static,ɛ̃,0.241,10,0.6219,0.9585,False
French,中卦-static,ø,-0.24,3,0.6567,0.9585,False
French,坤卦-dynamic,ɑ̃,0.236,29,0.6169,0.9585,False
French,中卦-static,j,0.235,25,0.6368,0.9585,False
French,坎卦-static,ə,-0.233,9,0.5721,0.9585,False
French,震卦-static,ɑ̃,0.233,31,0.6617,0.9585,False
French,兌卦-dynamic,ə,0.232,14,0.5771,0.9585,False
French,兌卦-dynamic,w,0.23,9,0.5771,0.9585,False
French,震卦-static,ɛ̃,-0.221,8,0.6567,0.9585,False
French,震卦-static,œ,-0.217,4,0.5672,0.9585,False
French,艮卦-dynamic,ɑ̃,0.215,33,0.6517,0.9585,False
French,乾卦-dynamic,l,0.678,6,0.6667,0.9592,False
French,震卦-static,d,-0.197,20,0.6766,0.962,False
French,坎卦-dynamic,k,0.406,11,0.6965,0.963,False
French,坤卦-static,ɔ̃,-0.396,3,0.6915,0.963,False
French,離卦-static,ɛ,0.393,7,0.7114,0.963,False
French,巽卦-static,b,-0.343,3,0.7015,0.963,False
French,坎卦-dynamic,ʁ,0.334,22,0.6965,0.963,False
French,坎卦-dynamic,e,-0.321,9,0.7065,0.963,False
French,坤卦-static,y,-0.292,6,0.7065,0.963,False
French,震卦-dynamic,ɡ,0.268,11,0.6915,0.963,False
French,艮卦-static,u,0.254,10,0.7015,0.963,False
French,震卦-dynamic,e,0.254,45,0.7065,0.963,False
French,艮卦-static,œ,0.252,4,0.6915,0.963,False
French,震卦-dynamic,w,-0.228,4,0.6915,0.963,False
French,兌卦-dynamic,ʃ,0.193,10,0.7114,0.963,False
French,坎卦-static,a,0.191,74,0.6816,0.963,False
French,艮卦-dynamic,l,-0.181,57,0.6816,0.963,False
French,坎卦-dynamic,v,0.392,4,0.7313,0.9643,False
French,艮卦-static,w,0.278,4,0.7164,0.9643,False
French,乾卦-static,ɔ̃,0.269,7,0.7363,0.9643,False
French,艮卦-static,ʒ,-0.26,5,0.7214,0.9643,False
French,艮卦-static,ə,-0.249,4,0.7264,0.9643,False
French,艮卦-static,ɔ̃,0.244,8,0.7313,0.9643,False
French,震卦-dynamic,ɔ,0.201,11,0.7214,0.9643,False
French,兌卦-dynamic,f,-0.19,18,0.7363,0.9643,False
French,震卦-static,ø,-0.188,4,0.7313,0.9643,False
French,坎卦-static,ɔ̃,-0.165,14,0.7363,0.9643,False
French,坎卦-static,n,-0.155,23,0.7363,0.9643,False
French,巽卦-static,e,-0.336,10,0.7413,0.9648,False
French,離卦-dynamic,i,-0.132,100,0.7562,0.9767,False
French,離卦-static,a,0.381,13,0.7662,0.9836,False
French,坎卦-dynamic,l,-0.29,10,0.7662,0.9836,False
French,離卦-static,m,0.288,6,0.7662,0.9836,False
French,離卦-dynamic,ɛ,0.115,67,0.7662,0.9836,False
French,乾卦-static,v,0.213,7,0.7761,0.9903,False
French,坤卦-dynamic,ʁ,-0.134,93,0.7761,0.9903,False
French,震卦-static,j,-0.128,26,0.7761,0.9903,False
French,震卦-dynamic,t,-0.167,33,0.7811,0.9937,False
French,坎卦-static,z,-0.15,12,0.7811,0.9937,False
French,離卦-static,z,0.354,3,0.7861,0.9955,False
French,兌卦-dynamic,d,0.116,25,0.7861,0.9955,False
French,乾卦-dynamic,k,-0.357,3,0.791,0.9974,False
French,震卦-static,k,-0.126,41,0.791,0.9974,False
French,兌卦-dynamic,o,0.111,27,0.791,0.9974,False
French,乾卦-dynamic,ʁ,0.404,10,0.8109,0.9998,False
French,中卦-dynamic,p,0.399,3,0.8557,0.9998,False
French,中卦-dynamic,i,-0.349,4,0.8259,0.9998,False
French,巽卦-dynamic,t,0.345,4,0.8657,0.9998,False
French,乾卦-dynamic,e,-0.329,4,0.8507,0.9998,False
French,巽卦-dynamic,s,-0.296,3,0.8259,0.9998,False
French,中卦-dynamic,s,0.283,4,0.8955,0.9998,False
French,中卦-dynamic,l,-0.244,4,0.8706,0.9998,False
French,坎卦-dynamic,t,-0.227,9,0.8358,0.9998,False
French,巽卦-static,ə,0.223,3,0.8109,0.9998,False
French,坎卦-dynamic,y,0.206,7,0.806,0.9998,False
French,中卦-dynamic,k,-0.196,3,0.9254,0.9998,False
French,乾卦-static,p,-0.188,12,0.8259,0.9998,False
French,坎卦-dynamic,m,0.173,7,0.8756,0.9998,False
French,艮卦-static,p,-0.167,14,0.8109,0.9998,False
French,震卦-dynamic,k,-0.158,28,0.8408,0.9998,False
French,離卦-static,s,0.151,8,0.9005,0.9998,False
French,乾卦-dynamic,a,-0.147,6,0.9552,0.9998,False
French,震卦-dynamic,ø,-0.145,3,0.8607,0.9998,False
French,乾卦-static,f,-0.142,7,0.8458,0.9998,False
French,乾卦-dynamic,y,0.141,3,0.9005,0.9998,False
French,坎卦-static,ø,0.135,6,0.8408,0.9998,False
French,離卦-static,f,-0.135,3,0.8806,0.9998,False
French,兌卦-dynamic,u,0.129,22,0.8109,0.9998,False
French,中卦-static,y,0.125,28,0.806,0.9998,False
French,離卦-dynamic,k,0.125,84,0.796,0.9998,False
French,震卦-dynamic,n,-0.123,17,0.8358,0.9998,False
French,艮卦-dynamic,j,-0.119,28,0.8308,0.9998,False
French,乾卦-static,o,-0.118,9,0.8507,0.9998,False
French,震卦-dynamic,z,0.114,11,0.8955,0.9998,False
French,坎卦-static,k,0.107,46,0.8557,0.9998,False
French,乾卦-static,ʃ,-0.105,3,0.8706,0.9998,False
French,坤卦-dynamic,ɡ,-0.102,11,0.8657,0.9998,False
French,坤卦-dynamic,œ,0.099,7,0.8408,0.9998,False
French,震卦-static,ɔ̃,0.099,17,0.8358,0.9998,False
French,震卦-dynamic,a,0.095,52,0.8557,0.9998,False
French,離卦-dynamic,ʃ,-0.095,14,0.8308,0.9998,False
French,離卦-dynamic,f,0.091,40,0.8209,0.9998,False
French,中卦-static,p,0.087,29,0.8607,0.9998,False
French,艮卦-dynamic,i,-0.079,63,0.9055,0.9998,False
French,中卦-static,b,0.077,16,0.8905,0.9998,False
French,坤卦-dynamic,l,0.075,54,0.8358,0.9998,False
French,離卦-static,i,0.071,10,0.9502,0.9998,False
French,離卦-dynamic,ʒ,-0.059,24,0.8905,0.9998,False
French,兌卦-dynamic,m,-0.058,33,0.9254,0.9998,False
French,坎卦-static,u,-0.055,19,0.8806,0.9998,False
French,兌卦-dynamic,ɛ̃,-0.055,9,0.8955,0.9998,False
French,坎卦-static,ɛ,-0.054,34,0.8955,0.9998,False
French,坤卦-dynamic,ʒ,0.047,14,0.9104,0.9998,False
French,震卦-static,ə,0.047,12,0.9453,0.9998,False
French,艮卦-static,z,-0.043,6,0.9652,0.9998,False
French,坎卦-static,ɡ,-0.04,12,0.9303,0.9998,False
French,震卦-dynamic,ɔ̃,-0.034,11,0.9502,0.9998,False
French,中卦-static,f,-0.033,17,0.9353,0.9998,False
French,巽卦-static,y,0.032,7,0.9701,0.9998,False
French,兌卦-dynamic,v,0.032,17,0.9502,0.9998,False
French,中卦-static,œ,-0.029,5,0.9652,0.9998,False
French,坤卦-static,m,-0.028,8,0.9751,0.9998,False
French,震卦-dynamic,j,-0.028,19,0.9353,0.9998,False
French,兌卦-dynamic,i,-0.028,61,0.9453,0.9998,False
French,艮卦-dynamic,p,0.027,37,0.9701,0.9998,False
French,震卦-dynamic,ɛ,-0.025,25,0.9602,0.9998,False
French,中卦-static,t,0.023,42,0.9602,0.9998,False
French,坎卦-static,v,0.019,16,0.9701,0.9998,False
French,乾卦-static,i,0.017,23,0.9751,0.9998,False
French,乾卦-dynamic,p,0.016,3,0.9851,0.9998,False
French,坤卦-dynamic,b,-0.014,17,0.9751,0.9998,False
French,震卦-dynamic,y,0.013,22,0.99,0.9998,False
French,坤卦-dynamic,ø,0.009,5,0.995,0.9998,False
French,離卦-dynamic,ə,-0.008,20,0.99,0.9998,False
French,坎卦-static,s,0.003,46,0.99,0.9998,False
German,中卦-dynamic,y,3.674,5,0.005,0.2357,False
German,中卦-dynamic,z,3.385,10,0.005,0.2357,False
German,中卦-static,c,3.31,61,0.005,0.2357,False
German,乾卦-static,o,2.963,19,0.005,0.2357,False
German,坤卦-static,a,2.956,34,0.005,0.2357,False
German,離卦-static,e,2.865,10,0.005,0.2357,False
German,震卦-dynamic,x,2.646,11,0.005,0.2357,False
German,兌卦-dynamic,n,2.503,212,0.005,0.2357,False
German,離卦-dynamic,ɛ,2.383,94,0.005,0.2357,False
German,艮卦-dynamic,ʊ͡ɐ,2.353,6,0.005,0.2357,False
German,兌卦-dynamic,ə,2.264,181,0.005,0.2357,False
German,中卦-static,ɪ,2.191,72,0.005,0.2357,False
German,坤卦-dynamic,ɔ͡ø,2.009,9,0.005,0.2357,False
German,坤卦-static,s,1.952,18,0.005,0.2357,False
German,坎卦-static,ɜ,1.891,36,0.005,0.2357,False
German,震卦-static,ɾ,1.864,66,0.005,0.2357,False
German,兌卦-dynamic,ɡ,1.777,37,0.005,0.2357,False
German,震卦-static,b,1.594,49,0.005,0.2357,False
German,離卦-dynamic,n,1.383,235,0.005,0.2357,False
German,中卦-dynamic,i,3.076,10,0.01,0.3198,False
German,震卦-dynamic,l,-2.223,17,0.01,0.3198,False
German,艮卦-dynamic,ʏ,2.168,15,0.01,0.3198,False
German,艮卦-static,ɔ͡ø,2.157,5,0.01,0.3198,False
German,震卦-dynamic,ɾ,1.869,42,0.01,0.3198,False
German,坎卦-static,ŋ,1.817,18,0.01,0.3198,False
German,離卦-dynamic,s,-1.67,24,0.01,0.3198,False
German,兌卦-dynamic,ɜ,-1.752,5,0.0149,0.3731,False
German,兌卦-dynamic,s,-1.697,16,0.0149,0.3731,False
German,坤卦-dynamic,a͡ʊ,1.669,22,0.0149,0.3731,False
German,離卦-dynamic,ɑ,-1.486,15,0.0149,0.3731,False
German,坤卦-dynamic,ə,-1.429,35,0.0149,0.3731,False
German,離卦-dynamic,l,-1.352,66,0.0149,0.3731,False
German,坤卦-dynamic,t͡s,-1.333,6,0.0149,0.3731,False
German,坤卦-dynamic,a͡ɪ,-1.202,5,0.0149,0.3731,False
German,中卦-dynamic,a͡ɪ,2.97,8,0.0199,0.4478,False
German,坤卦-static,a͡ʊ,2.309,10,0.0199,0.4478,False
German,坤卦-dynamic,ɡ,-1.339,10,0.0199,0.4478,False
German,中卦-dynamic,v,2.514,8,0.0249,0.4763,False
German,震卦-static,ʃ,1.343,49,0.0249,0.4763,False
German,中卦-static,ɡ,1.281,34,0.0249,0.4763,False
German,兌卦-dynamic,t,-1.271,40,0.0249,0.4763,False
German,坤卦-dynamic,h,1.222,18,0.0249,0.4763,False
German,離卦-dynamic,ɾ,1.144,91,0.0249,0.4763,False
German,坎卦-static,ɔ,1.493,21,0.0299,0.5373,False
German,坎卦-static,ɑ,-1.306,10,0.0299,0.5373,False
German,巽卦-static,ʊ,2.745,7,0.0348,0.5499,False
German,巽卦-static,m,2.551,9,0.0348,0.5499,False
German,艮卦-dynamic,ʃ,1.5,43,0.0348,0.5499,False
German,坤卦-dynamic,œ,1.498,3,0.0348,0.5499,False
German,兌卦-dynamic,ø,1.162,4,0.0348,0.5499,False
German,中卦-static,t͡s,1.115,28,0.0348,0.5499,False
German,中卦-static,ɛ,1.041,52,0.0348,0.5499,False
German,巽卦-static,p,2.591,7,0.0398,0.5597,False
German,乾卦-dynamic,ŋ,2.133,4,0.0398,0.5597,False
German,坤卦-static,p,1.7,15,0.0398,0.5597,False
German,中卦-static,ə,-1.253,45,0.0398,0.5597,False
German,中卦-static,p,-1.173,12,0.0398,0.5597,False
German,震卦-static,ɔ,1.115,22,0.0398,0.5597,False
German,兌卦-static,ɜ,2.719,7,0.0448,0.6015,False
German,坎卦-static,ø,1.731,4,0.0448,0.6015,False
German,兌卦-dynamic,a͡ʊ,1.188,19,0.0448,0.6015,False
German,艮卦-static,a͡ɪ,1.285,21,0.0498,0.6489,False
German,震卦-static,ɛ,-1.149,26,0.0498,0.6489,False
German,巽卦-dynamic,r,3.431,4,0.0597,0.6716,False
German,坎卦-dynamic,ɔ,2.051,7,0.0597,0.6716,False
German,震卦-dynamic,ø,1.75,3,0.0547,0.6716,False
German,艮卦-static,ʃ,1.644,29,0.0597,0.6716,False
German,艮卦-static,s,1.393,23,0.0597,0.6716,False
German,艮卦-dynamic,ɾ,-1.313,23,0.0597,0.6716,False
German,坎卦-static,k,1.214,51,0.0597,0.6716,False
German,兌卦-dynamic,ʊ,-0.942,9,0.0597,0.6716,False
German,兌卦-static,u,2.534,4,0.0647,0.6768,False
German,中卦-dynamic,k,2.244,10,0.0647,0.6768,False
German,坤卦-static,t,1.528,48,0.0647,0.6768,False
German,坎卦-static,h,1.066,14,0.0647,0.6768,False
German,坤卦-dynamic,ɪ,0.982,49,0.0647,0.6768,False
German,坤卦-dynamic,e,0.997,25,0.0697,0.7205,False
German,坎卦-dynamic,b,1.883,13,0.0846,0.7537,False
German,坤卦-static,d,-1.38,3,0.0846,0.7537,False
German,艮卦-dynamic,n,1.159,116,0.0846,0.7537,False
German,坎卦-static,ʊ,1.109,26,0.0846,0.7537,False
German,兌卦-dynamic,x,1.082,11,0.0846,0.7537,False
German,兌卦-dynamic,l,-1.062,50,0.0846,0.7537,False
German,震卦-static,r,-0.967,9,0.0796,0.7537,False
German,兌卦-dynamic,a,-0.898,26,0.0796,0.7537,False
German,巽卦-static,ʃ,2.272,9,0.0945,0.771,False
German,中卦-dynamic,d,2.013,5,0.0995,0.771,False
German,乾卦-dynamic,ɑ,1.889,9,0.1045,0.771,False
German,離卦-static,ɪ,1.758,16,0.0995,0.771,False
German,震卦-dynamic,p͡f,1.734,3,0.1244,0.771,False
German,坎卦-dynamic,f,-1.678,3,0.1144,0.771,False
German,坎卦-dynamic,h,1.664,5,0.1045,0.771,False
German,乾卦-static,m,1.444,17,0.1194,0.771,False
German,乾卦-static,f,-1.33,6,0.1144,0.771,False
German,乾卦-static,ə,-1.261,14,0.1244,0.771,False
German,震卦-dynamic,ɔ͡ø,1.215,4,0.1244,0.771,False
German,坤卦-static,ə,-1.209,16,0.1194,0.771,False
German,中卦-static,ʊ͡ɐ,1.205,5,0.1144,0.771,False
German,震卦-dynamic,p,-1.146,7,0.1095,0.771,False
German,坤卦-static,x,1.138,4,0.1144,0.771,False
German,坤卦-static,ɛ,-1.131,10,0.0945,0.771,False
German,艮卦-static,f,1.08,28,0.1194,0.771,False
German,艮卦-dynamic,t͡s,-1.012,7,0.1045,0.771,False
German,艮卦-dynamic,i,-0.982,11,0.1045,0.771,False
German,艮卦-dynamic,ə,0.979,102,0.1194,0.771,False
German,艮卦-dynamic,a,-0.918,20,0.1244,0.771,False
German,兌卦-dynamic,d,-0.91,13,0.1294,0.771,False
German,震卦-static,p͡f,0.898,3,0.1294,0.771,False
German,坤卦-dynamic,s,0.895,39,0.0945,0.771,False
German,中卦-static,h,-0.888,4,0.1095,0.771,False
German,震卦-static,ŋ,0.885,15,0.1144,0.771,False
German,震卦-static,n,-0.875,49,0.1045,0.771,False
German,坤卦-dynamic,t,0.863,108,0.1144,0.771,False
German,中卦-static,e,0.855,26,0.1244,0.771,False
German,坤卦-dynamic,v,-0.769,13,0.1144,0.771,False
German,坎卦-dynamic,ə,1.442,34,0.1343,0.775,False
German,中卦-static,f,-0.834,27,0.1343,0.775,False
German,震卦-static,t,0.876,105,0.1393,0.7787,False
German,中卦-static,d,0.836,31,0.1393,0.7787,False
German,震卦-static,i,-0.796,16,0.1393,0.7787,False
German,乾卦-static,l,1.421,31,0.1493,0.7855,False
German,乾卦-static,ʃ,-1.17,5,0.1493,0.7855,False
German,坤卦-static,i,-0.983,5,0.1493,0.7855,False
German,坤卦-dynamic,a,0.89,56,0.1443,0.7855,False
German,坤卦-dynamic,ɛ,-0.824,30,0.1493,0.7855,False
German,艮卦-dynamic,s,-0.82,19,0.1493,0.7855,False
German,震卦-static,c,-0.669,5,0.1542,0.7977,False
German,坤卦-static,b,-1.109,5,0.1592,0.8005,False
German,坤卦-dynamic,c,0.794,24,0.1592,0.8005,False
German,兌卦-static,l,1.755,13,0.1692,0.8162,False
German,乾卦-dynamic,u,1.736,4,0.1692,0.8162,False
German,坎卦-dynamic,k,-1.444,4,0.1741,0.8162,False
German,艮卦-dynamic,o,-0.846,9,0.1741,0.8162,False
German,坤卦-dynamic,m,0.788,42,0.1692,0.8162,False
German,離卦-dynamic,ʃ,-0.7,33,0.1741,0.8162,False
German,震卦-dynamic,ŋ,0.997,10,0.1791,0.8224,False
German,兌卦-dynamic,ɪ,-0.807,24,0.1791,0.8224,False
German,中卦-static,ɜ,0.663,33,0.1791,0.8224,False
German,乾卦-static,ɑ,1.156,15,0.1841,0.8284,False
German,離卦-dynamic,o,-0.628,21,0.1841,0.8284,False
German,震卦-dynamic,ʊ,0.91,18,0.1891,0.8423,False
German,坎卦-static,t͡s,0.759,19,0.1891,0.8423,False
German,艮卦-static,ɛ,-0.989,15,0.194,0.856,False
German,巽卦-dynamic,f,2.923,4,0.199,0.8611,False
German,兌卦-static,ɾ,-1.776,3,0.2239,0.8611,False
German,兌卦-static,b,1.723,7,0.2189,0.8611,False
German,乾卦-dynamic,ɛ,1.633,9,0.2139,0.8611,False
German,坎卦-dynamic,n,1.349,36,0.2239,0.8611,False
German,離卦-static,t͡s,1.175,7,0.2189,0.8611,False
German,乾卦-static,j,1.147,3,0.209,0.8611,False
German,離卦-static,a,1.136,16,0.2139,0.8611,False
German,坤卦-static,ɔ,-0.936,3,0.2139,0.8611,False
German,震卦-dynamic,v,0.927,24,0.209,0.8611,False
German,坤卦-static,ɡ,-0.909,5,0.199,0.8611,False
German,震卦-dynamic,a͡ɪ,-0.862,6,0.204,0.8611,False
German,坎卦-static,u,-0.792,4,0.2139,0.8611,False
German,坎卦-static,n,-0.763,46,0.2239,0.8611,False
German,坎卦-static,t,0.742,86,0.2189,0.8611,False
German,震卦-static,ɑ,-0.729,19,0.199,0.8611,False
German,坎卦-static,r,-0.717,11,0.2189,0.8611,False
German,坤卦-dynamic,b,0.675,38,0.2239,0.8611,False
German,中卦-static,i,-0.675,20,0.2189,0.8611,False
German,離卦-dynamic,m,-0.659,37,0.2139,0.8611,False
German,兌卦-dynamic,t͡s,-0.655,12,0.2189,0.8611,False
German,離卦-dynamic,ŋ,-0.642,8,0.204,0.8611,False
German,中卦-static,r,0.64,38,0.2239,0.8611,False
German,中卦-static,a͡ɪ,0.623,33,0.2239,0.8611,False
German,兌卦-dynamic,k,-0.622,32,0.2139,0.8611,False
German,艮卦-static,r,-0.838,6,0.2289,0.8654,False
German,艮卦-dynamic,ɔ,0.686,16,0.2289,0.8654,False
German,巽卦-static,h,1.708,3,0.2338,0.8666,False
German,兌卦-static,t,1.681,18,0.2338,0.8666,False
German,坎卦-dynamic,v,1.396,11,0.2388,0.8666,False
German,離卦-dynamic,ɡ,-0.575,25,0.2388,0.8666,False
German,離卦-dynamic,a͡ʊ,-0.551,7,0.2388,0.8666,False
German,巽卦-static,ɑ,1.573,7,0.2438,0.8672,False
German,坤卦-static,t͡s,0.923,9,0.2438,0.8672,False
German,離卦-dynamic,k,-0.592,48,0.2438,0.8672,False
German,震卦-static,a͡ɪ,0.583,29,0.2438,0.8672,False
German,中卦-static,b,-0.679,21,0.2488,0.8745,False
German,離卦-dynamic,d,0.619,41,0.2488,0.8745,False
German,坎卦-dynamic,ʃ,-1.32,3,0.2587,0.8786,False
German,艮卦-dynamic,b,-0.75,15,0.2537,0.8786,False
German,艮卦-static,p,0.7,16,0.2537,0.8786,False
German,兌卦-dynamic,p,-0.665,17,0.2587,0.8786,False
German,離卦-dynamic,ə,0.651,174,0.2587,0.8786,False
German,離卦-dynamic,p,-0.607,26,0.2587,0.8786,False
German,艮卦-dynamic,ɪ,-0.784,19,0.2637,0.8822,False
German,艮卦-static,e,-0.734,7,0.2687,0.8824,False
German,兌卦-dynamic,u,-0.671,6,0.2687,0.8824,False
German,坤卦-dynamic,ʃ,-0.591,23,0.2687,0.8824,False
German,震卦-static,h,0.548,13,0.2687,0.8824,False
German,坤卦-static,r,-0.872,4,0.2736,0.8892,False
German,坤卦-static,l,0.83,30,0.2786,0.8892,False
German,坎卦-static,ʃ,-0.676,18,0.2786,0.8892,False
German,中卦-dynamic,ɛ,-1.47,3,0.2836,0.8955,False
German,中卦-dynamic,n,-1.469,3,0.2935,0.8955,False
German,乾卦-dynamic,ɔ,1.282,4,0.393,0.8955,False
German,乾卦-dynamic,o,1.255,6,0.3383,0.8955,False
German,乾卦-dynamic,ə,-1.247,7,0.4478,0.8955,False
German,乾卦-dynamic,s,1.207,7,0.3333,0.8955,False
German,兌卦-static,ɑ,1.206,6,0.398,0.8955,False
German,乾卦-dynamic,ɾ,1.196,10,0.3234,0.8955,False
German,巽卦-static,v,1.161,6,0.398,0.8955,False
German,巽卦-static,t,-1.142,6,0.4627,0.8955,False
German,巽卦-static,a,-1.107,3,0.3731,0.8955,False
German,乾卦-dynamic,k,1.099,10,0.4378,0.8955,False
German,離卦-static,p,1.053,9,0.3035,0.8955,False
German,兌卦-static,f,1.037,7,0.5174,0.8955,False
German,乾卦-dynamic,t,1.034,19,0.4428,0.8955,False
German,坎卦-dynamic,ɡ,1.032,7,0.3532,0.8955,False
German,坎卦-dynamic,t,-1.031,11,0.3383,0.8955,False
German,兌卦-static,n,-1.001,6,0.5373,0.8955,False
German,離卦-static,b,-0.995,4,0.3433,0.8955,False
German,巽卦-static,ɛ,-0.99,4,0.4279,0.8955,False
German,坎卦-dynamic,ɑ,0.983,10,0.398,0.8955,False
German,兌卦-static,d,0.974,4,0.4826,0.8955,False
German,乾卦-dynamic,d,0.969,5,0.5025,0.8955,False
German,離卦-static,z,0.952,10,0.3284,0.8955,False
German,乾卦-dynamic,n,-0.937,8,0.4478,0.8955,False
German,乾卦-static,u,0.912,6,0.3532,0.8955,False
German,坎卦-dynamic,m,-0.905,5,0.393,0.8955,False
German,離卦-static,s,-0.902,6,0.408,0.8955,False
German,坎卦-dynamic,d,-0.896,3,0.403,0.8955,False
German,坎卦-dynamic,ɾ,-0.889,8,0.4328,0.8955,False
German,中卦-dynamic,ɪ,0.878,6,0.5473,0.8955,False
German,乾卦-dynamic,t͡s,0.873,4,0.5323,0.8955,False
German,乾卦-static,t͡s,0.833,8,0.3532,0.8955,False
German,離卦-static,t,-0.83,14,0.403,0.8955,False
German,乾卦-static,s,0.822,13,0.3234,0.8955,False
German,乾卦-static,p,-0.817,5,0.3682,0.8955,False
German,巽卦-static,d,0.807,4,0.5174,0.8955,False
German,離卦-static,ɑ,-0.79,5,0.3682,0.8955,False
German,離卦-static,ɜ,-0.787,4,0.3582,0.8955,False
German,中卦-dynamic,c,0.774,3,0.5572,0.8955,False
German,離卦-static,o,0.769,8,0.4826,0.8955,False
German,坎卦-dynamic,l,0.755,19,0.5572,0.8955,False
German,乾卦-static,ɾ,-0.746,12,0.393,0.8955,False
German,乾卦-static,h,0.742,5,0.4826,0.8955,False
German,離卦-static,f,-0.738,7,0.5075,0.8955,False
German,乾卦-dynamic,f,0.727,8,0.5721,0.8955,False
German,震卦-dynamic,d,0.725,17,0.3234,0.8955,False
German,艮卦-static,b,-0.714,10,0.3085,0.8955,False
German,離卦-static,ʊ,-0.702,3,0.4776,0.8955,False
German,艮卦-dynamic,p,-0.696,13,0.2886,0.8955,False
German,坤卦-static,e,-0.695,5,0.3582,0.8955,False
German,艮卦-static,u,-0.681,3,0.3333,0.8955,False
German,震卦-dynamic,ɜ,-0.676,10,0.3582,0.8955,False
German,坎卦-static,ɾ,0.675,44,0.3035,0.8955,False
German,乾卦-static,d,-0.664,5,0.4378,0.8955,False
German,乾卦-dynamic,p,0.661,5,0.597,0.8955,False
German,坎卦-dynamic,a͡ɪ,-0.658,3,0.597,0.8955,False
German,巽卦-static,l,0.658,11,0.5871,0.8955,False
German,乾卦-static,ʊ,-0.657,4,0.4925,0.8955,False
German,艮卦-static,ʏ,0.652,5,0.3632,0.8955,False
German,艮卦-static,i,-0.648,10,0.3781,0.8955,False
German,乾卦-static,ɛ,0.645,15,0.4627,0.8955,False
German,坎卦-dynamic,a,-0.641,7,0.5174,0.8955,False
German,艮卦-static,v,-0.629,8,0.408,0.8955,False
German,艮卦-dynamic,u,-0.619,5,0.3483,0.8955,False
German,離卦-static,ʃ,-0.619,6,0.4726,0.8955,False
German,坎卦-dynamic,p,-0.617,4,0.5871,0.8955,False
German,兌卦-dynamic,v,-0.616,16,0.2935,0.8955,False
German,震卦-dynamic,k,-0.611,19,0.3383,0.8955,False
German,震卦-dynamic,ɛ,0.608,27,0.3532,0.8955,False
German,震卦-dynamic,j,0.595,4,0.3433,0.8955,False
German,兌卦-dynamic,ɔ,-0.593,11,0.2985,0.8955,False
German,震卦-dynamic,z,-0.591,7,0.403,0.8955,False
German,震卦-static,a͡ʊ,0.579,13,0.3184,0.8955,False
German,震卦-dynamic,r,0.578,21,0.3333,0.8955,False
German,坤卦-static,ɑ,-0.576,8,0.398,0.8955,False
German,艮卦-static,ŋ,-0.57,3,0.3582,0.8955,False
German,乾卦-static,ɜ,0.568,10,0.5473,0.8955,False
German,震卦-dynamic,c,-0.565,4,0.3831,0.8955,False
German,離卦-static,r,0.564,9,0.5423,0.8955,False
German,兌卦-dynamic,b,0.562,38,0.3134,0.8955,False
German,震卦-dynamic,n,0.557,71,0.4428,0.8955,False
German,艮卦-dynamic,l,0.551,62,0.393,0.8955,False
German,離卦-dynamic,ʊ,-0.55,20,0.3184,0.8955,False
German,坎卦-static,e,-0.547,12,0.3731,0.8955,False
German,坎卦-static,ɡ,0.545,21,0.403,0.8955,False
German,中卦-static,ɑ,-0.533,24,0.3582,0.8955,False
German,中卦-static,o,-0.531,16,0.3383,0.8955,False
German,坤卦-dynamic,d,-0.529,16,0.3881,0.8955,False
German,中卦-static,ʃ,-0.519,26,0.3483,0.8955,False
German,坤卦-dynamic,ŋ,0.515,13,0.3383,0.8955,False
German,離卦-dynamic,t,-0.515,97,0.3333,0.8955,False
German,坎卦-static,a͡ʊ,-0.514,4,0.4378,0.8955,False
German,乾卦-static,e,-0.514,5,0.5075,0.8955,False
German,震卦-static,e,0.51,21,0.3333,0.8955,False
German,兌卦-dynamic,m,-0.51,27,0.398,0.8955,False
German,坎卦-static,b,-0.506,18,0.3532,0.8955,False
German,坤卦-static,ʊ,-0.503,5,0.4726,0.8955,False
German,艮卦-dynamic,ʊ,-0.502,11,0.4229,0.8955,False
German,乾卦-static,v,0.5,11,0.5672,0.8955,False
German,中卦-static,z,-0.499,14,0.3383,0.8955,False
German,震卦-static,l,-0.497,56,0.3682,0.8955,False
German,艮卦-static,t͡s,0.493,11,0.4279,0.8955,False
German,離卦-dynamic,t͡s,0.488,32,0.4179,0.8955,False
German,坤卦-static,z,0.486,11,0.5075,0.8955,False
German,兌卦-dynamic,o,-0.484,16,0.3881,0.8955,False
German,中卦-static,n,-0.481,74,0.3333,0.8955,False
German,坤卦-dynamic,j,0.478,6,0.3433,0.8955,False
German,艮卦-static,k,0.475,26,0.4478,0.8955,False
German,震卦-dynamic,h,-0.474,4,0.4328,0.8955,False
German,震卦-static,z,-0.47,13,0.3333,0.8955,False
German,兌卦-dynamic,ɑ,-0.47,24,0.4527,0.8955,False
German,中卦-static,k,-0.469,36,0.3433,0.8955,False
German,震卦-static,ɡ,0.469,24,0.3881,0.8955,False
German,離卦-dynamic,ɪ,-0.468,43,0.3632,0.8955,False
German,艮卦-static,ə,0.464,56,0.4776,0.8955,False
German,中卦-static,ʏ,0.458,9,0.3483,0.8955,False
German,中卦-static,u,-0.453,8,0.4428,0.8955,False
German,艮卦-dynamic,t,-0.451,53,0.4527,0.8955,False
German,震卦-static,ʏ,0.449,8,0.3831,0.8955,False
German,艮卦-static,ɡ,0.448,13,0.5473,0.8955,False
German,艮卦-dynamic,ɑ,-0.444,19,0.5075,0.8955,False
German,艮卦-dynamic,ɡ,0.444,20,0.5025,0.8955,False
German,中卦-static,s,-0.441,29,0.3831,0.8955,False
German,坤卦-static,n,-0.44,26,0.5771,0.8955,False
German,坎卦-static,a͡ɪ,-0.434,13,0.5224,0.8955,False
German,中卦-static,v,0.434,34,0.3781,0.8955,False
German,離卦-dynamic,i,0.432,56,0.4229,0.8955,False
German,震卦-dynamic,f,-0.431,19,0.4975,0.8955,False
German,坎卦-static,d,-0.427,14,0.4527,0.8955,False
German,坤卦-dynamic,l,0.426,74,0.4229,0.8955,False
German,坤卦-static,ɜ,-0.425,7,0.5473,0.8955,False
German,坤卦-static,ʏ,0.423,3,0.5622,0.8955,False
German,震卦-dynamic,ɡ,0.418,15,0.5323,0.8955,False
German,艮卦-static,d,-0.417,9,0.5871,0.8955,False
German,震卦-static,ʊ,0.417,23,0.3632,0.8955,False
German,中卦-static,x,0.409,8,0.5025,0.8955,False
German,震卦-dynamic,o,-0.407,10,0.5473,0.8955,False
German,坤卦-dynamic,k,0.402,48,0.4726,0.8955,False
German,坤卦-dynamic,n,-0.402,72,0.4677,0.8955,False
German,坤卦-static,y,0.401,4,0.5871,0.8955,False
German,坤卦-dynamic,p,-0.401,19,0.4478,0.8955,False
German,震卦-static,ɪ,-0.401,28,0.4776,0.8955,False
German,兌卦-dynamic,c,-0.4,9,0.4378,0.8955,False
German,坤卦-static,c,0.399,7,0.5771,0.8955,False
German,中卦-static,ɾ,-0.399,43,0.4876,0.8955,False
German,離卦-dynamic,ʏ,-0.399,5,0.408,0.8955,False
German,艮卦-dynamic,k,0.398,39,0.5373,0.8955,False
German,坎卦-static,i,-0.396,19,0.4876,0.8955,False
German,坎卦-static,x,-0.395,3,0.5025,0.8955,False
German,艮卦-dynamic,z,-0.393,12,0.4726,0.8955,False
German,中卦-static,ʊ,-0.388,16,0.4527,0.8955,False
German,離卦-dynamic,ɔ,0.388,27,0.5373,0.8955,False
German,中卦-static,m,0.383,40,0.3632,0.8955,False
German,震卦-dynamic,ʃ,-0.381,16,0.5274,0.8955,False
German,震卦-dynamic,a,0.379,29,0.5871,0.8955,False
German,震卦-dynamic,ɪ,-0.378,18,0.5423,0.8955,False
German,震卦-static,x,0.374,7,0.5075,0.8955,False
German,中卦-static,j,0.371,6,0.5025,0.8955,False
German,艮卦-static,n,-0.361,39,0.5821,0.8955,False
German,離卦-dynamic,ɜ,0.361,42,0.4876,0.8955,False
German,震卦-static,ɜ,-0.359,19,0.4975,0.8955,False
German,坎卦-static,ɪ,0.358,33,0.5274,0.8955,False
German,兌卦-dynamic,ɾ,-0.357,42,0.5821,0.8955,False
German,離卦-dynamic,x,0.356,11,0.5672,0.8955,False
German,震卦-dynamic,t,-0.355,42,0.5771,0.8955,False
German,坤卦-dynamic,f,-0.354,32,0.5224,0.8955,False
German,震卦-static,m,-0.349,27,0.5423,0.8955,False
German,艮卦-dynamic,a͡ʊ,-0.348,5,0.5522,0.8955,False
German,坎卦-static,o,-0.348,14,0.5373,0.8955,False
German,艮卦-dynamic,h,-0.345,6,0.5721,0.8955,False
German,離卦-dynamic,f,0.345,65,0.4627,0.8955,False
German,震卦-static,p,-0.341,19,0.5075,0.8955,False
German,艮卦-dynamic,v,-0.334,16,0.5572,0.8955,False
German,艮卦-dynamic,e,-0.332,13,0.5721,0.8955,False
German,艮卦-dynamic,a͡ɪ,-0.329,14,0.5323,0.8955,False
German,中卦-static,t,0.329,98,0.597,0.8955,False
German,兌卦-dynamic,ʃ,-0.321,28,0.5771,0.8955,False
German,坎卦-static,c,-0.318,8,0.597,0.8955,False
German,坤卦-dynamic,x,-0.316,4,0.592,0.8955,False
German,震卦-static,o,0.316,24,0.5622,0.8955,False
German,坎卦-static,a,0.314,38,0.5522,0.8955,False
German,離卦-dynamic,r,0.314,46,0.5522,0.8955,False
German,坤卦-dynamic,y,0.309,10,0.5522,0.8955,False
German,坎卦-static,f,-0.308,27,0.5721,0.8955,False
German,離卦-dynamic,v,-0.303,31,0.5373,0.8955,False
German,離卦-dynamic,h,0.292,18,0.5871,0.8955,False
German,艮卦-dynamic,r,0.29,24,0.5771,0.8955,False
German,兌卦-dynamic,e,-0.284,17,0.5771,0.8955,False
German,坤卦-dynamic,i,-0.272,25,0.5771,0.8955,False
German,兌卦-dynamic,h,0.265,12,0.597,0.8955,False
German,兌卦-dynamic,a͡ɪ,-0.256,19,0.5771,0.8955,False
German,震卦-static,f,0.212,39,0.597,0.8955,False
German,坎卦-static,s,-0.329,23,0.602,0.9015,False
German,巽卦-static,ɾ,-0.739,5,0.6119,0.9058,False
German,坎卦-dynamic,ʊ,-0.585,3,0.6119,0.9058,False
German,乾卦-static,c,0.533,7,0.607,0.9058,False
German,震卦-dynamic,ɑ,0.381,21,0.6119,0.9058,False
German,坤卦-dynamic,ɑ,-0.318,25,0.6119,0.9058,False
German,艮卦-dynamic,ɛ,0.266,33,0.6119,0.9058,False
German,離卦-static,ɾ,-0.564,10,0.6169,0.9072,False
German,中卦-static,a͡ʊ,-0.306,7,0.6169,0.9072,False
German,震卦-dynamic,i,0.292,21,0.6169,0.9072,False
German,兌卦-dynamic,i,-0.276,26,0.6169,0.9072,False
German,兌卦-static,c,0.674,3,0.6219,0.9116,False
German,乾卦-static,ɔ,-0.418,4,0.6219,0.9116,False
German,兌卦-static,p,0.665,4,0.6269,0.9128,False
German,坎卦-dynamic,z,0.466,7,0.6318,0.9128,False
German,坤卦-static,u,0.358,5,0.6318,0.9128,False
German,艮卦-static,ɑ,-0.347,13,0.6318,0.9128,False
German,艮卦-static,c,-0.335,5,0.6318,0.9128,False
German,震卦-dynamic,ə,0.323,62,0.6318,0.9128,False
German,坤卦-dynamic,u,0.29,13,0.6318,0.9128,False
German,坤卦-dynamic,r,0.259,29,0.6269,0.9128,False
German,坎卦-dynamic,ŋ,0.455,3,0.6368,0.917,False
German,艮卦-dynamic,d,0.264,19,0.6368,0.917,False
German,坎卦-dynamic,i,-0.52,5,0.6468,0.9237,False
German,離卦-static,a͡ɪ,-0.482,4,0.6517,0.9237,False
German,艮卦-static,o,-0.34,9,0.6468,0.9237,False
German,震卦-static,v,-0.269,20,0.6468,0.9237,False
German,兌卦-dynamic,ɛ,0.237,42,0.6517,0.9237,False
German,巽卦-dynamic,i,1.893,3,0.6617,0.9247,False
German,巽卦-static,o,0.621,4,0.6617,0.9247,False
German,兌卦-static,e,0.621,3,0.6617,0.9247,False
German,坎卦-dynamic,a͡ʊ,0.473,3,0.6617,0.9247,False
German,艮卦-static,ɾ,0.355,26,0.6567,0.9247,False
German,艮卦-static,h,-0.316,4,0.6567,0.9247,False
German,坤卦-static,ʃ,-0.309,10,0.6567,0.9247,False
German,中卦-dynamic,ʃ,-0.539,3,0.6866,0.9292,False
German,乾卦-dynamic,ɜ,-0.518,3,0.6866,0.9292,False
German,坎卦-dynamic,r,-0.5,4,0.6816,0.9292,False
German,離卦-static,ɔ,-0.488,3,0.6816,0.9292,False
German,坎卦-dynamic,ɛ,-0.454,8,0.6716,0.9292,False
German,離卦-static,i,-0.421,6,0.6716,0.9292,False
German,坤卦-static,v,-0.383,7,0.6816,0.9292,False
German,乾卦-static,i,0.37,12,0.6866,0.9292,False
German,坎卦-static,ɔ͡ø,0.304,3,0.6866,0.9292,False
German,震卦-dynamic,e,-0.292,10,0.6716,0.9292,False
German,艮卦-dynamic,m,0.276,29,0.6816,0.9292,False
German,坤卦-dynamic,z,0.268,26,0.6716,0.9292,False
German,兌卦-dynamic,f,-0.247,35,0.6667,0.9292,False
German,震卦-static,a,0.223,43,0.6816,0.9292,False
German,坎卦-static,z,-0.264,14,0.6915,0.9317,False
German,艮卦-dynamic,f,0.23,33,0.6915,0.9317,False
German,艮卦-static,ɔ,-0.214,7,0.6965,0.9342,False
German,巽卦-static,s,0.51,5,0.7164,0.9447,False
German,乾卦-dynamic,ɪ,0.49,7,0.7214,0.9447,False
German,巽卦-static,n,-0.425,10,0.7264,0.9447,False
German,乾卦-static,ɡ,-0.398,6,0.7164,0.9447,False
German,坤卦-static,ɾ,-0.336,15,0.7264,0.9447,False
German,乾卦-static,t,-0.278,24,0.7264,0.9447,False
German,坤卦-static,o,0.277,9,0.7264,0.9447,False
German,震卦-dynamic,ɔ,-0.249,8,0.7114,0.9447,False
German,震卦-dynamic,m,-0.24,18,0.7114,0.9447,False
German,中卦-static,l,0.211,76,0.7264,0.9447,False
German,震卦-static,s,-0.21,28,0.7114,0.9447,False
German,震卦-static,u,0.209,12,0.7114,0.9447,False
German,中卦-static,y,-0.198,6,0.7114,0.9447,False
German,坎卦-static,v,-0.196,18,0.7214,0.9447,False
German,坤卦-dynamic,ʊ,-0.19,17,0.7164,0.9447,False
German,離卦-dynamic,e,0.186,30,0.7114,0.9447,False
German,坤卦-dynamic,ɾ,0.178,47,0.7264,0.9447,False
German,離卦-dynamic,c,-0.162,18,0.7214,0.9447,False
German,坤卦-dynamic,ʏ,0.235,7,0.7313,0.9457,False
German,兌卦-dynamic,r,0.185,29,0.7313,0.9457,False
German,巽卦-static,k,0.502,7,0.7363,0.9494,False
German,巽卦-static,e,0.451,3,0.7363,0.9494,False
German,巽卦-dynamic,ə,0.836,6,0.7413,0.9545,False
German,兌卦-static,i,-0.43,3,0.7463,0.9568,False
German,坤卦-static,a͡ɪ,-0.206,7,0.7463,0.9568,False
German,震卦-static,ə,-0.16,80,0.7463,0.9568,False
German,坎卦-dynamic,s,0.302,8,0.7512,0.9604,False
German,乾卦-dynamic,l,-0.387,10,0.7562,0.964,False
German,坤卦-dynamic,o,0.165,23,0.7612,0.969,False
German,坎卦-dynamic,ɪ,-0.368,7,0.7662,0.9698,False
German,中卦-static,ɔ,0.132,17,0.7662,0.9698,False
German,乾卦-dynamic,r,-0.429,3,0.7761,0.9769,False
German,乾卦-dynamic,i,0.4,6,0.7761,0.9769,False
German,中卦-dynamic,f,-0.377,4,0.7761,0.9769,False
German,巽卦-static,ɪ,-0.437,4,0.7811,0.9791,False
German,震卦-dynamic,b,-0.199,16,0.7811,0.9791,False
German,坤卦-static,k,-0.199,14,0.791,0.9833,False
German,震卦-dynamic,s,0.182,20,0.791,0.9833,False
German,兌卦-dynamic,y,-0.174,6,0.791,0.9833,False
German,艮卦-static,t,0.164,45,0.791,0.9833,False
German,巽卦-static,z,0.408,4,0.796,0.9854,False
German,中卦-dynamic,ɡ,0.341,3,0.796,0.9854,False
German,艮卦-static,ɪ,-0.176,17,0.796,0.9854,False
German,坤卦-static,ŋ,-0.21,3,0.801,0.9889,False
German,兌卦-static,ɪ,-0.331,4,0.806,0.9896,False
German,坎卦-static,m,-0.158,25,0.806,0.9896,False
German,坤卦-static,ɪ,-0.159,12,0.8109,0.9943,False
German,艮卦-static,a,-0.153,20,0.8159,0.9964,False
German,巽卦-dynamic,t,0.618,5,0.8308,1.0,False
German,巽卦-static,ə,-0.281,11,0.8458,1.0,False
German,中卦-dynamic,l,0.267,9,0.8358,1.0,False
German,離卦-static,ŋ,0.263,3,0.8408,1.0,False
German,中卦-dynamic,ə,-0.253,10,0.8358,1.0,False
German,兌卦-static,k,-0.224,5,0.8756,1.0,False
German,巽卦-static,r,-0.221,3,0.8856,1.0,False
German,巽卦-dynamic,n,0.218,5,0.9204,1.0,False
German,中卦-dynamic,ɾ,0.217,6,0.8557,1.0,False
German,離卦-static,ɡ,0.202,6,0.8458,1.0,False
German,離卦-static,c,-0.192,3,0.8557,1.0,False
German,離卦-static,d,0.183,6,0.8259,1.0,False
German,乾卦-static,k,0.18,15,0.8308,1.0,False
German,兌卦-static,a,-0.179,5,0.8905,1.0,False
German,乾卦-static,y,0.178,3,0.8756,1.0,False
German,坎卦-dynamic,ɜ,0.164,6,0.8756,1.0,False
German,艮卦-static,m,0.15,18,0.8458,1.0,False
German,離卦-static,v,-0.142,6,0.9104,1.0,False
German,坤卦-static,f,-0.14,13,0.8756,1.0,False
German,離卦-static,m,0.136,9,0.9154,1.0,False
German,兌卦-dynamic,ŋ,-0.133,9,0.8259,1.0,False
German,離卦-dynamic,b,0.132,47,0.8458,1.0,False
German,震卦-dynamic,t͡s,0.129,11,0.8706,1.0,False
German,乾卦-static,a,-0.126,13,0.9154,1.0,False
German,乾卦-static,z,0.126,8,0.9055,1.0,False
German,兌卦-static,o,0.118,3,0.9751,1.0,False
German,離卦-dynamic,u,0.117,18,0.8607,1.0,False
German,巽卦-static,f,-0.116,5,0.9204,1.0,False
German,艮卦-dynamic,c,-0.115,10,0.8358,1.0,False
German,艮卦-static,ɜ,0.11,13,0.8706,1.0,False
German,坤卦-dynamic,ɔ,-0.109,14,0.8408,1.0,False
German,乾卦-dynamic,ʃ,-0.108,5,0.9254,1.0,False
German,坎卦-static,p,0.106,20,0.8607,1.0,False
German,兌卦-static,ʃ,-0.105,4,0.9652,1.0,False
German,乾卦-static,n,-0.103,29,0.9055,1.0,False
German,兌卦-static,s,-0.099,4,0.9602,1.0,False
German,艮卦-static,l,0.092,36,0.9005,1.0,False
German,中卦-dynamic,s,0.09,4,0.9453,1.0,False
German,震卦-static,t͡s,0.09,17,0.8657,1.0,False
German,離卦-dynamic,y,-0.09,10,0.9154,1.0,False
German,離卦-static,n,0.089,25,0.9353,1.0,False
German,震卦-static,d,0.085,21,0.8756,1.0,False
German,乾卦-dynamic,b,0.084,5,0.9552,1.0,False
German,乾卦-static,a͡ɪ,-0.083,7,0.9403,1.0,False
German,乾卦-static,r,-0.077,8,0.9403,1.0,False
German,坎卦-static,ɛ,0.076,32,0.8856,1.0,False
German,離卦-dynamic,z,-0.076,31,0.9055,1.0,False
German,乾卦-dynamic,a,0.076,7,0.9303,1.0,False
German,坎卦-static,ʏ,0.075,5,0.8905,1.0,False
German,震卦-dynamic,u,0.074,7,0.9154,1.0,False
German,離卦-static,l,0.072,18,0.9453,1.0,False
German,震卦-static,k,0.068,41,0.8905,1.0,False
German,艮卦-dynamic,j,-0.066,3,0.9303,1.0,False
German,離卦-static,u,0.065,3,0.9801,1.0,False
German,巽卦-static,i,-0.063,4,0.9602,1.0,False
German,兌卦-static,ɛ,-0.059,5,0.9502,1.0,False
German,坎卦-static,ə,0.057,75,0.9154,1.0,False
German,乾卦-dynamic,v,-0.057,4,0.9701,1.0,False
German,乾卦-static,b,0.055,10,0.99,1.0,False
German,離卦-dynamic,a,-0.052,61,0.9055,1.0,False
German,離卦-static,ə,0.048,24,0.9602,1.0,False
German,艮卦-dynamic,ŋ,0.046,8,0.9353,1.0,False
German,中卦-dynamic,m,-0.046,4,0.9751,1.0,False
German,乾卦-static,ɪ,0.045,12,0.9602,1.0,False
German,艮卦-static,x,0.043,3,0.9751,1.0,False
German,坤卦-dynamic,ɜ,-0.042,23,0.9453,1.0,False
German,巽卦-static,ɡ,0.042,3,0.9602,1.0,False
German,中卦-static,ŋ,-0.042,10,0.9502,1.0,False
German,離卦-static,ɛ,-0.032,10,0.9751,1.0,False
German,兌卦-static,ə,0.031,12,0.99,1.0,False
German,離卦-dynamic,a͡ɪ,0.021,34,0.9751,1.0,False
German,兌卦-dynamic,z,-0.02,22,0.9652,1.0,False
German,坤卦-static,m,0.017,12,0.9801,1.0,False
German,艮卦-static,ʊ,-0.016,10,0.9801,1.0,False
German,離卦-static,k,0.014,11,0.995,1.0,False
German,艮卦-dynamic,ɜ,-0.009,19,0.995,1.0,False
German,中卦-static,a,0.008,44,0.99,1.0,False
German,坎卦-dynamic,o,-0.005,5,1.0,1.0,False
German,坎卦-dynamic,t͡s,-0.004,4,1.0,1.0,False
German,坎卦-static,l,0.0,55,1.0,1.0,False
Greek,巽卦-dynamic,k,3.721,8,0.005,0.2313,False
Greek,坤卦-dynamic,j,3.218,36,0.005,0.2313,False
Greek,坤卦-dynamic,a͡ɪ,3.124,3,0.005,0.2313,False
Greek,離卦-static,b,3.115,5,0.005,0.2313,False
Greek,震卦-dynamic,p,2.578,72,0.005,0.2313,False
Greek,兌卦-dynamic,n,2.404,99,0.005,0.2313,False
Greek,兌卦-dynamic,o,2.333,250,0.005,0.2313,False
Greek,震卦-dynamic,ŋ,2.235,7,0.005,0.2313,False
Greek,艮卦-static,f,2.224,43,0.005,0.2313,False
Greek,坤卦-dynamic,c,2.223,44,0.005,0.2313,False
Greek,坤卦-dynamic,u,2.006,39,0.005,0.2313,False
Greek,坎卦-static,ŋ,2.598,12,0.01,0.3266,False
Greek,艮卦-dynamic,ɲ,1.928,6,0.01,0.3266,False
Greek,兌卦-dynamic,i,-1.401,122,0.01,0.3266,False
Greek,離卦-dynamic,ð,1.296,65,0.01,0.3266,False
Greek,中卦-dynamic,m,3.469,7,0.0149,0.3966,False
Greek,坎卦-static,t,1.733,95,0.0149,0.3966,False
Greek,兌卦-dynamic,s,-1.272,66,0.0149,0.3966,False
Greek,離卦-dynamic,e,1.122,143,0.0149,0.3966,False
Greek,坎卦-static,ɡ,2.196,14,0.0199,0.4627,False
Greek,艮卦-static,t,1.433,63,0.0199,0.4627,False
Greek,乾卦-dynamic,z,3.369,5,0.0249,0.5141,False
Greek,離卦-static,d,1.856,4,0.0249,0.5141,False
Greek,坎卦-static,v,-1.217,7,0.0249,0.5141,False
Greek,震卦-dynamic,ɡ,1.48,7,0.0299,0.5552,False
Greek,艮卦-dynamic,i,-1.365,109,0.0299,0.5552,False
Greek,中卦-static,v,-1.227,5,0.0299,0.5552,False
Greek,中卦-dynamic,x,3.384,3,0.0348,0.5716,False
Greek,坤卦-static,ɲ,2.405,3,0.0348,0.5716,False
Greek,震卦-static,r,-1.247,50,0.0348,0.5716,False
Greek,離卦-dynamic,ɣ,1.032,44,0.0348,0.5716,False
Greek,艮卦-static,c,1.133,25,0.0398,0.6169,False
Greek,離卦-dynamic,θ,-0.943,13,0.0398,0.6169,False
Greek,坤卦-dynamic,ð,-1.162,15,0.0448,0.6246,False
Greek,震卦-static,θ,1.108,21,0.0448,0.6246,False
Greek,離卦-dynamic,z,0.959,44,0.0448,0.6246,False
Greek,離卦-dynamic,s,-0.866,121,0.0448,0.6246,False
Greek,離卦-static,o,-1.741,19,0.0498,0.661,False
Greek,艮卦-static,ʎ,1.298,8,0.0498,0.661,False
Greek,震卦-static,u,1.095,28,0.0547,0.6639,False
Greek,坤卦-dynamic,ɣ,-1.057,6,0.0547,0.6639,False
Greek,坎卦-static,θ,0.986,23,0.0547,0.6639,False
Greek,乾卦-static,e,1.683,35,0.0597,0.7088,False
Greek,兌卦-dynamic,ð,-0.912,18,0.0647,0.7519,False
Greek,中卦-static,i,1.158,172,0.0697,0.7711,False
Greek,震卦-dynamic,m,-1.106,14,0.0746,0.7711,False
Greek,中卦-static,c,1.05,25,0.0697,0.7711,False
Greek,中卦-static,u,-1.026,6,0.0746,0.7711,False
Greek,坤卦-dynamic,a,-0.827,127,0.0746,0.7711,False
Greek,巽卦-static,l,1.982,12,0.0796,0.7932,False
Greek,中卦-static,e,1.039,74,0.0796,0.7932,False
Greek,兌卦-static,v,2.782,5,0.0945,0.7992,False
Greek,坎卦-dynamic,r,1.585,27,0.0896,0.7992,False
Greek,艮卦-dynamic,ŋ,1.302,6,0.0945,0.7992,False
Greek,坤卦-dynamic,ʎ,1.212,10,0.0896,0.7992,False
Greek,震卦-dynamic,l,-1.042,23,0.0945,0.7992,False
Greek,兌卦-dynamic,z,0.983,30,0.0896,0.7992,False
Greek,中卦-static,l,-0.94,27,0.0846,0.7992,False
Greek,兌卦-dynamic,θ,-0.906,9,0.0846,0.7992,False
Greek,兌卦-dynamic,l,-0.845,36,0.0995,0.8287,False
Greek,坎卦-static,s,0.917,160,0.1045,0.8483,False
Greek,震卦-static,ɲ,0.904,4,0.1095,0.8483,False
Greek,震卦-static,p,0.829,60,0.1095,0.8483,False
Greek,坎卦-static,c,-0.824,13,0.1095,0.8483,False
Greek,震卦-static,ð,0.821,36,0.1095,0.8483,False
Greek,震卦-dynamic,t,1.095,53,0.1144,0.8628,False
Greek,離卦-dynamic,k,-0.73,55,0.1144,0.8628,False
Greek,中卦-dynamic,a,2.66,15,0.1443,0.886,False
Greek,巽卦-dynamic,n,2.404,5,0.1294,0.886,False
Greek,乾卦-static,ð,1.292,14,0.1393,0.886,False
Greek,坤卦-static,p,1.193,27,0.1393,0.886,False
Greek,坤卦-static,c,1.052,12,0.1443,0.886,False
Greek,艮卦-static,n,-0.956,23,0.1343,0.886,False
Greek,震卦-dynamic,i,-0.899,99,0.1443,0.886,False
Greek,中卦-static,t,0.897,56,0.1443,0.886,False
Greek,艮卦-dynamic,e,0.874,80,0.1194,0.886,False
Greek,震卦-dynamic,s,-0.873,57,0.1493,0.886,False
Greek,坎卦-static,ɣ,-0.847,9,0.1493,0.886,False
Greek,震卦-dynamic,v,-0.821,9,0.1343,0.886,False
Greek,艮卦-dynamic,s,-0.807,74,0.1343,0.886,False
Greek,震卦-static,b,0.777,10,0.1294,0.886,False
Greek,兌卦-dynamic,e,0.764,88,0.1343,0.886,False
Greek,坤卦-dynamic,v,-0.742,14,0.1493,0.886,False
Greek,坎卦-static,e,-0.691,58,0.1493,0.886,False
Greek,震卦-static,i,0.722,191,0.1542,0.8872,False
Greek,兌卦-dynamic,k,-0.695,38,0.1542,0.8872,False
Greek,坎卦-dynamic,ɣ,1.398,8,0.1592,0.8884,False
Greek,震卦-dynamic,b,0.907,8,0.1592,0.8884,False
Greek,兌卦-static,f,2.198,4,0.1642,0.8982,False
Greek,乾卦-static,r,1.225,34,0.1692,0.9076,False
Greek,艮卦-static,z,-0.729,3,0.1692,0.9076,False
Greek,坤卦-dynamic,z,-0.723,4,0.1791,0.9428,False
Greek,巽卦-dynamic,s,2.187,10,0.2239,0.953,False
Greek,乾卦-dynamic,r,1.84,9,0.2289,0.953,False
Greek,巽卦-static,s,1.663,26,0.1891,0.953,False
Greek,巽卦-static,ɣ,1.439,5,0.2289,0.953,False
Greek,坎卦-dynamic,s,-1.343,15,0.199,0.953,False
Greek,坎卦-dynamic,v,1.298,11,0.204,0.953,False
Greek,坎卦-dynamic,e,-1.208,10,0.2239,0.953,False
Greek,乾卦-static,i,-0.995,44,0.2239,0.953,False
Greek,震卦-dynamic,n,0.772,46,0.2139,0.953,False
Greek,艮卦-static,k,-0.743,28,0.2189,0.953,False
Greek,中卦-static,p,0.717,48,0.204,0.953,False
Greek,艮卦-dynamic,c,-0.688,12,0.2139,0.953,False
Greek,震卦-static,t,0.679,63,0.2189,0.953,False
Greek,坤卦-dynamic,m,-0.666,31,0.2289,0.953,False
Greek,離卦-dynamic,o,0.588,272,0.2189,0.953,False
Greek,離卦-dynamic,x,0.576,31,0.194,0.953,False
Greek,震卦-dynamic,o,0.717,132,0.2338,0.9665,False
Greek,乾卦-dynamic,l,1.826,6,0.2537,0.9832,False
Greek,乾卦-static,c,-1.088,3,0.2537,0.9832,False
Greek,震卦-dynamic,e,0.719,61,0.2537,0.9832,False
Greek,中卦-static,s,0.675,110,0.2537,0.9832,False
Greek,坤卦-dynamic,s,0.635,138,0.2488,0.9832,False
Greek,中卦-static,a,-0.614,108,0.2537,0.9832,False
Greek,巽卦-static,e,-1.551,5,0.2587,0.9888,False
Greek,震卦-static,v,-0.558,16,0.2587,0.9888,False
Greek,中卦-static,z,-0.652,4,0.2637,0.9942,False
Greek,中卦-dynamic,o,-2.16,4,0.2736,0.9967,False
Greek,乾卦-dynamic,v,1.718,4,0.3333,0.9967,False
Greek,兌卦-static,i,-1.666,8,0.3582,0.9967,False
Greek,巽卦-dynamic,i,1.636,12,0.3134,0.9967,False
Greek,中卦-dynamic,i,1.541,12,0.4776,0.9967,False
Greek,兌卦-static,o,-1.274,8,0.5025,0.9967,False
Greek,乾卦-dynamic,s,-1.263,5,0.4876,0.9967,False
Greek,兌卦-static,l,1.235,5,0.4876,0.9967,False
Greek,巽卦-static,m,-1.083,3,0.4279,0.9967,False
Greek,兌卦-static,s,1.031,11,0.5522,0.9967,False
Greek,坎卦-dynamic,l,-0.982,8,0.2886,0.9967,False
Greek,離卦-static,n,-0.978,6,0.3035,0.9967,False
Greek,乾卦-dynamic,ð,0.956,3,0.6318,0.9967,False
Greek,離卦-static,ð,0.938,8,0.3134,0.9967,False
Greek,離卦-static,r,0.89,20,0.3483,0.9967,False
Greek,離卦-static,i,0.856,42,0.3333,0.9967,False
Greek,巽卦-static,i,-0.829,21,0.4876,0.9967,False
Greek,巽卦-static,a,0.816,30,0.5572,0.9967,False
Greek,坎卦-dynamic,ð,0.799,9,0.393,0.9967,False
Greek,乾卦-static,l,0.777,20,0.3731,0.9967,False
Greek,坎卦-dynamic,d,0.775,3,0.4677,0.9967,False
Greek,中卦-dynamic,k,0.772,4,0.7363,0.9967,False
Greek,離卦-static,a,0.765,41,0.4378,0.9967,False
Greek,坤卦-static,ɣ,0.763,10,0.2786,0.9967,False
Greek,乾卦-static,ɣ,-0.762,3,0.4179,0.9967,False
Greek,坤卦-static,n,-0.74,13,0.3881,0.9967,False
Greek,乾卦-static,t,-0.736,12,0.4179,0.9967,False
Greek,坤卦-static,f,-0.73,4,0.3881,0.9967,False
Greek,離卦-static,θ,0.73,4,0.4677,0.9967,False
Greek,坤卦-static,l,0.696,23,0.3682,0.9967,False
Greek,坎卦-dynamic,k,-0.696,9,0.5174,0.9967,False
Greek,巽卦-static,ð,-0.695,3,0.6119,0.9967,False
Greek,乾卦-dynamic,a,0.682,15,0.6915,0.9967,False
Greek,乾卦-dynamic,o,0.655,14,0.6517,0.9967,False
Greek,乾卦-static,u,0.64,8,0.4527,0.9967,False
Greek,坤卦-static,e,0.639,32,0.3781,0.9967,False
Greek,乾卦-dynamic,k,-0.629,3,0.7413,0.9967,False
Greek,艮卦-static,i,0.627,152,0.2786,0.9967,False
Greek,震卦-dynamic,c,-0.625,10,0.3284,0.9967,False
Greek,坤卦-static,r,-0.624,25,0.3831,0.9967,False
Greek,乾卦-dynamic,t,-0.624,3,0.7065,0.9967,False
Greek,艮卦-dynamic,x,0.623,19,0.2886,0.9967,False
Greek,巽卦-static,c,0.622,4,0.7114,0.9967,False
Greek,乾卦-static,o,0.617,59,0.5124,0.9967,False
Greek,艮卦-dynamic,n,0.611,55,0.2786,0.9967,False
Greek,艮卦-dynamic,j,0.606,13,0.2836,0.9967,False
Greek,坎卦-dynamic,i,0.604,47,0.5771,0.9967,False
Greek,乾卦-static,n,-0.598,12,0.4925,0.9967,False
Greek,坤卦-static,o,0.595,69,0.4279,0.9967,False
Greek,坎卦-dynamic,m,0.595,15,0.5771,0.9967,False
Greek,兌卦-static,e,0.589,6,0.7612,0.9967,False
Greek,震卦-dynamic,d,0.585,8,0.3085,0.9967,False
Greek,艮卦-static,ð,0.577,27,0.3085,0.9967,False
Greek,坎卦-static,d,-0.574,4,0.3184,0.9967,False
Greek,中卦-static,o,-0.566,109,0.3234,0.9967,False
Greek,坤卦-static,s,-0.563,35,0.4925,0.9967,False
Greek,巽卦-static,t,-0.563,6,0.6119,0.9967,False
Greek,中卦-static,d,-0.56,3,0.3184,0.9967,False
Greek,震卦-dynamic,x,-0.557,4,0.3433,0.9967,False
Greek,離卦-static,v,0.556,7,0.597,0.9967,False
Greek,坤卦-static,θ,0.55,7,0.4478,0.9967,False
Greek,兌卦-static,k,-0.549,3,0.7861,0.9967,False
Greek,兌卦-dynamic,u,0.544,24,0.2985,0.9967,False
Greek,離卦-dynamic,u,-0.532,19,0.2687,0.9967,False
Greek,坎卦-static,b,-0.516,3,0.3134,0.9967,False
Greek,中卦-dynamic,e,-0.506,3,0.8358,0.9967,False
Greek,艮卦-static,p,0.498,43,0.3433,0.9967,False
Greek,巽卦-static,p,-0.496,5,0.7861,0.9967,False
Greek,艮卦-dynamic,a,0.494,168,0.3483,0.9967,False
Greek,震卦-static,k,-0.492,41,0.2935,0.9967,False
Greek,艮卦-dynamic,ɣ,-0.489,11,0.3781,0.9967,False
Greek,兌卦-dynamic,b,-0.484,3,0.2935,0.9967,False
Greek,坤卦-dynamic,b,-0.481,3,0.3333,0.9967,False
Greek,震卦-static,o,-0.481,134,0.398,0.9967,False
Greek,兌卦-static,p,0.481,4,0.7861,0.9967,False
Greek,艮卦-static,v,-0.472,14,0.3682,0.9967,False
Greek,艮卦-dynamic,k,-0.47,39,0.4627,0.9967,False
Greek,艮卦-static,o,-0.466,109,0.4328,0.9967,False
Greek,中卦-static,ɣ,-0.462,10,0.3632,0.9967,False
Greek,坤卦-dynamic,x,-0.457,7,0.3632,0.9967,False
Greek,巽卦-dynamic,o,0.457,9,0.8259,0.9967,False
Greek,艮卦-dynamic,ð,0.455,30,0.4627,0.9967,False
Greek,離卦-static,k,0.453,14,0.6617,0.9967,False
Greek,坎卦-static,f,-0.451,16,0.3881,0.9967,False
Greek,坤卦-dynamic,r,0.447,89,0.393,0.9967,False
Greek,乾卦-static,v,-0.447,6,0.6816,0.9967,False
Greek,乾卦-static,m,0.441,19,0.607,0.9967,False
Greek,坎卦-static,z,-0.435,9,0.408,0.9967,False
Greek,中卦-static,θ,0.435,14,0.4279,0.9967,False
Greek,震卦-dynamic,u,0.43,16,0.4726,0.9967,False
Greek,艮卦-static,e,-0.429,46,0.4726,0.9967,False
Greek,中卦-static,f,-0.428,12,0.4229,0.9967,False
Greek,巽卦-static,n,-0.423,6,0.7861,0.9967,False
Greek,乾卦-dynamic,i,-0.423,12,0.801,0.9967,False
Greek,兌卦-dynamic,a,-0.419,147,0.393,0.9967,False
Greek,艮卦-dynamic,l,0.417,50,0.4129,0.9967,False
Greek,坤卦-dynamic,i,0.413,190,0.4279,0.9967,False
Greek,艮卦-dynamic,f,0.411,25,0.4876,0.9967,False
Greek,坤卦-dynamic,ɲ,0.409,3,0.5373,0.9967,False
Greek,震卦-static,ɡ,0.404,5,0.5025,0.9967,False
Greek,兌卦-dynamic,ɲ,0.402,3,0.4776,0.9967,False
Greek,坎卦-dynamic,z,0.398,5,0.6667,0.9967,False
Greek,兌卦-dynamic,f,0.392,28,0.4776,0.9967,False
Greek,艮卦-static,j,-0.387,5,0.5174,0.9967,False
Greek,離卦-dynamic,ʎ,-0.381,3,0.3881,0.9967,False
Greek,兌卦-static,n,-0.379,3,0.8507,0.9967,False
Greek,乾卦-static,θ,-0.377,4,0.6567,0.9967,False
Greek,艮卦-static,t͡s,0.375,6,0.6119,0.9967,False
Greek,離卦-static,c,0.372,5,0.7264,0.9967,False
Greek,震卦-static,ɣ,-0.369,13,0.4328,0.9967,False
Greek,離卦-dynamic,l,-0.368,65,0.4677,0.9967,False
Greek,離卦-dynamic,j,-0.364,10,0.4975,0.9967,False
Greek,震卦-static,z,-0.36,9,0.4627,0.9967,False
Greek,離卦-dynamic,r,0.357,130,0.4378,0.9967,False
Greek,乾卦-static,a,-0.357,48,0.6368,0.9967,False
Greek,乾卦-static,p,-0.35,12,0.7015,0.9967,False
Greek,震卦-static,x,-0.349,8,0.5025,0.9967,False
Greek,艮卦-dynamic,t,0.347,53,0.5025,0.9967,False
Greek,中卦-static,b,-0.347,3,0.6219,0.9967,False
Greek,艮卦-static,d,-0.346,4,0.5473,0.9967,False
Greek,艮卦-static,m,-0.346,30,0.5572,0.9967,False
Greek,乾卦-static,j,0.336,4,0.6866,0.9967,False
Greek,震卦-dynamic,r,-0.335,51,0.6368,0.9967,False
Greek,離卦-static,m,-0.335,8,0.791,0.9967,False
Greek,震卦-static,t͡s,0.327,7,0.4975,0.9967,False
Greek,艮卦-static,l,0.322,42,0.5871,0.9967,False
Greek,坎卦-dynamic,o,0.322,41,0.6965,0.9967,False
Greek,離卦-static,l,-0.321,9,0.7861,0.9967,False
Greek,中卦-static,m,0.314,44,0.5721,0.9967,False
Greek,坎卦-dynamic,a,0.31,43,0.7413,0.9967,False
Greek,兌卦-static,m,0.307,4,0.8109,0.9967,False
Greek,艮卦-dynamic,p,-0.305,34,0.6119,0.9967,False
Greek,兌卦-dynamic,p,0.303,52,0.592,0.9967,False
Greek,艮卦-static,r,-0.302,56,0.5373,0.9967,False
Greek,震卦-dynamic,ɣ,0.302,15,0.5871,0.9967,False
Greek,離卦-dynamic,ŋ,0.299,5,0.4975,0.9967,False
Greek,離卦-dynamic,n,-0.291,65,0.5274,0.9967,False
Greek,坤卦-dynamic,θ,-0.289,13,0.6219,0.9967,False
Greek,艮卦-dynamic,m,0.288,49,0.6269,0.9967,False
Greek,坤卦-static,i,0.284,70,0.6617,0.9967,False
Greek,坤卦-static,ð,0.279,12,0.6965,0.9967,False
Greek,離卦-static,s,-0.278,21,0.796,0.9967,False
Greek,離卦-static,ɣ,-0.277,3,0.8109,0.9967,False
Greek,兌卦-dynamic,r,-0.274,74,0.6667,0.9967,False
Greek,巽卦-static,o,0.273,25,0.8607,0.9967,False
Greek,乾卦-static,s,0.273,40,0.7363,0.9967,False
Greek,坤卦-dynamic,p,-0.272,39,0.6219,0.9967,False
Greek,離卦-dynamic,i,-0.271,245,0.5871,0.9967,False
Greek,中卦-static,ð,-0.269,20,0.5821,0.9967,False
Greek,艮卦-dynamic,t͡s,0.255,6,0.7065,0.9967,False
Greek,離卦-dynamic,a,-0.252,230,0.5721,0.9967,False
Greek,離卦-dynamic,m,0.252,81,0.602,0.9967,False
Greek,震卦-static,f,-0.251,17,0.5821,0.9967,False
Greek,震卦-static,a,-0.249,146,0.6119,0.9967,False
Greek,坎卦-static,a,-0.246,166,0.5572,0.9967,False
Greek,離卦-dynamic,b,0.246,11,0.6418,0.9967,False
Greek,坎卦-static,l,-0.245,49,0.6468,0.9967,False
Greek,震卦-dynamic,a,-0.242,109,0.6667,0.9967,False
Greek,坤卦-static,k,-0.236,19,0.801,0.9967,False
Greek,震卦-static,e,-0.236,61,0.607,0.9967,False
Greek,兌卦-dynamic,x,-0.236,10,0.597,0.9967,False
Greek,兌卦-dynamic,d,-0.232,6,0.6667,0.9967,False
Greek,中卦-static,ʎ,0.23,4,0.6866,0.9967,False
Greek,坎卦-static,p,-0.228,43,0.6119,0.9967,False
Greek,坤卦-dynamic,e,0.222,75,0.7114,0.9967,False
Greek,坤卦-static,m,-0.219,16,0.7015,0.9967,False
Greek,坎卦-dynamic,f,0.219,6,0.801,0.9967,False
Greek,坤卦-dynamic,l,-0.217,46,0.6816,0.9967,False
Greek,巽卦-static,r,-0.213,11,0.8607,0.9967,False
Greek,艮卦-dynamic,θ,-0.212,12,0.6468,0.9967,False
Greek,兌卦-dynamic,j,-0.211,8,0.6915,0.9967,False
Greek,乾卦-static,f,-0.206,6,0.8159,0.9967,False
Greek,震卦-static,l,0.202,50,0.7015,0.9967,False
Greek,艮卦-static,ɣ,-0.199,12,0.7264,0.9967,False
Greek,坤卦-dynamic,k,0.198,62,0.7114,0.9967,False
Greek,坎卦-static,o,0.197,180,0.6866,0.9967,False
Greek,坤卦-static,x,-0.189,4,0.801,0.9967,False
Greek,兌卦-static,r,0.188,6,0.9353,0.9967,False
Greek,中卦-static,n,-0.186,36,0.7164,0.9967,False
Greek,艮卦-static,s,-0.185,82,0.7413,0.9967,False
Greek,離卦-dynamic,d,0.185,13,0.7015,0.9967,False
Greek,離卦-static,e,0.172,15,0.8557,0.9967,False
Greek,巽卦-static,k,0.171,9,0.8507,0.9967,False
Greek,艮卦-dynamic,z,-0.17,11,0.7711,0.9967,False
Greek,坤卦-dynamic,t,-0.169,49,0.6866,0.9967,False
Greek,乾卦-dynamic,n,0.163,4,0.9453,0.9967,False
Greek,離卦-dynamic,p,-0.158,62,0.7065,0.9967,False
Greek,坎卦-static,r,0.153,89,0.6965,0.9967,False
Greek,兌卦-static,t,0.153,4,0.9403,0.9967,False
Greek,震卦-static,n,-0.147,44,0.7811,0.9967,False
Greek,震卦-static,d,0.146,8,0.8458,0.9967,False
Greek,坎卦-static,u,-0.145,18,0.7861,0.9967,False
Greek,震卦-dynamic,z,-0.145,9,0.8507,0.9967,False
Greek,艮卦-dynamic,b,0.144,6,0.7662,0.9967,False
Greek,震卦-dynamic,j,-0.144,6,0.8557,0.9967,False
Greek,離卦-dynamic,v,-0.143,35,0.6965,0.9967,False
Greek,離卦-static,u,0.141,4,0.8905,0.9967,False
Greek,坎卦-dynamic,u,-0.14,4,0.9005,0.9967,False
Greek,震卦-static,c,0.139,21,0.7662,0.9967,False
Greek,坎卦-dynamic,p,-0.138,10,0.8657,0.9967,False
Greek,兌卦-dynamic,v,0.136,28,0.7761,0.9967,False
Greek,兌卦-dynamic,t,-0.134,50,0.8109,0.9967,False
Greek,艮卦-static,a,0.131,132,0.796,0.9967,False
Greek,艮卦-dynamic,r,0.128,73,0.8109,0.9967,False
Greek,震卦-dynamic,f,-0.128,14,0.796,0.9967,False
Greek,坤卦-dynamic,o,-0.126,155,0.8209,0.9967,False
Greek,艮卦-static,u,-0.124,13,0.796,0.9967,False
Greek,坤卦-dynamic,n,-0.121,47,0.8458,0.9967,False
Greek,坤卦-static,v,-0.12,9,0.8756,0.9967,False
Greek,艮卦-dynamic,d,-0.112,6,0.8408,0.9967,False
Greek,震卦-dynamic,θ,-0.111,10,0.8458,0.9967,False
Greek,坤卦-static,j,0.11,4,0.8259,0.9967,False
Greek,坤卦-static,t,-0.108,19,0.9005,0.9967,False
Greek,艮卦-dynamic,ʎ,-0.108,3,0.8259,0.9967,False
Greek,坎卦-static,ð,0.108,32,0.8657,0.9967,False
Greek,震卦-static,j,0.108,10,0.8209,0.9967,False
Greek,震卦-dynamic,k,-0.102,38,0.8856,0.9967,False
Greek,坎卦-static,n,-0.101,51,0.8358,0.9967,False
Greek,坎卦-dynamic,t,0.1,13,0.9303,0.9967,False
Greek,巽卦-static,v,0.097,4,0.9502,0.9967,False
Greek,兌卦-dynamic,ɣ,0.091,19,0.8955,0.9967,False
Greek,乾卦-static,k,0.088,19,0.8955,0.9967,False
Greek,艮卦-dynamic,u,0.087,17,0.9055,0.9967,False
Greek,離卦-static,t,0.08,11,0.9303,0.9967,False
Greek,兌卦-dynamic,c,-0.079,20,0.9254,0.9967,False
Greek,坤卦-dynamic,d,-0.075,7,0.8856,0.9967,False
Greek,兌卦-dynamic,m,0.074,50,0.8856,0.9967,False
Greek,坎卦-static,x,0.064,15,0.8955,0.9967,False
Greek,離卦-dynamic,f,0.062,34,0.8557,0.9967,False
Greek,艮卦-dynamic,o,0.06,144,0.9303,0.9967,False
Greek,艮卦-dynamic,v,-0.059,22,0.9353,0.9967,False
Greek,坎卦-static,m,-0.055,50,0.9154,0.9967,False
Greek,坎卦-static,j,-0.047,10,0.9005,0.9967,False
Greek,離卦-dynamic,t,-0.044,77,0.9154,0.9967,False
Greek,離卦-dynamic,ɡ,-0.043,5,0.9204,0.9967,False
Greek,中卦-static,r,-0.037,62,0.9303,0.9967,False
Greek,坎卦-static,k,-0.032,60,0.9502,0.9967,False
Greek,中卦-static,x,-0.031,10,0.9453,0.9967,False
Greek,中卦-static,k,-0.03,44,0.9502,0.9967,False
Greek,中卦-dynamic,s,0.064,6,0.9751,0.998,False
Greek,坎卦-dynamic,n,0.044,12,0.9751,0.998,False
Greek,坎卦-dynamic,x,-0.038,3,0.9701,0.998,False
Greek,艮卦-dynamic,ɡ,-0.037,3,0.9751,0.998,False
Greek,離卦-static,p,-0.032,9,0.9801,0.998,False
Greek,震卦-static,m,0.028,46,0.9552,0.998,False
Greek,震卦-dynamic,t͡s,-0.025,3,0.9701,0.998,False
Greek,兌卦-static,a,0.023,12,0.9801,0.998,False
Greek,震卦-dynamic,ð,-0.012,20,0.9701,0.998,False
Greek,坎卦-static,i,0.01,188,0.9701,0.998,False
Greek,坤卦-static,a,0.015,63,0.99,1.0,False
Greek,坤卦-dynamic,f,0.012,22,0.9851,1.0,False
Greek,離卦-static,z,-0.012,3,0.99,1.0,False
Greek,艮卦-static,x,-0.004,10,0.995,1.0,False
Greek,震卦-static,s,0.004,108,0.995,1.0,False
Greek,離卦-dynamic,c,0.004,31,0.995,1.0,False
Hebrew,巽卦-static,ə,3.908,12,0.005,0.1692,False
Hebrew,巽卦-static,p,3.765,3,0.005,0.1692,False
Hebrew,巽卦-static,h,-3.451,5,0.005,0.1692,False
Hebrew,巽卦-static,o,3.451,20,0.005,0.1692,False
Hebrew,巽卦-static,ʔ,3.438,13,0.005,0.1692,False
Hebrew,巽卦-static,n,3.379,23,0.005,0.1692,False
Hebrew,震卦-dynamic,x,3.23,11,0.005,0.1692,False
Hebrew,巽卦-static,u,-3.2,10,0.005,0.1692,False
Hebrew,乾卦-static,ʁ,2.381,15,0.005,0.1692,False
Hebrew,震卦-static,ɡ,2.206,180,0.005,0.1692,False
Hebrew,震卦-static,ɛ,2.07,215,0.005,0.1692,False
Hebrew,坎卦-static,χ,2.064,79,0.005,0.1692,False
Hebrew,艮卦-dynamic,ɒ,2.044,33,0.005,0.1692,False
Hebrew,艮卦-dynamic,ɪ,2.044,33,0.005,0.1692,False
Hebrew,兌卦-dynamic,l,2.026,137,0.005,0.1692,False
Hebrew,中卦-static,m,1.987,207,0.005,0.1692,False
Hebrew,坤卦-dynamic,ɑ,-1.396,18,0.005,0.1692,False
Hebrew,巽卦-static,b,-3.043,6,0.01,0.2648,False
Hebrew,巽卦-static,ʃ,-3.031,3,0.01,0.2648,False
Hebrew,離卦-static,v,2.979,29,0.01,0.2648,False
Hebrew,離卦-dynamic,ɑ,1.294,99,0.01,0.2648,False
Hebrew,中卦-dynamic,z,3.571,5,0.0149,0.2947,False
Hebrew,巽卦-static,k,3.299,9,0.0149,0.2947,False
Hebrew,巽卦-static,ɹ,-3.05,4,0.0149,0.2947,False
Hebrew,巽卦-static,d,-2.774,5,0.0149,0.2947,False
Hebrew,艮卦-static,f,1.632,65,0.0149,0.2947,False
Hebrew,兌卦-dynamic,ɒ,1.332,32,0.0149,0.2947,False
Hebrew,兌卦-dynamic,ɪ,1.332,32,0.0149,0.2947,False
Hebrew,震卦-static,ɑ,-1.213,26,0.0149,0.2947,False
Hebrew,中卦-dynamic,j,3.345,13,0.0199,0.348,False
Hebrew,巽卦-static,r,3.167,11,0.0199,0.348,False
Hebrew,坎卦-static,ɡ,1.528,91,0.0199,0.348,False
Hebrew,兌卦-dynamic,ɡ,-1.641,37,0.0249,0.3904,False
Hebrew,震卦-dynamic,l,1.386,121,0.0249,0.3904,False
Hebrew,坤卦-dynamic,ɒ,1.239,46,0.0249,0.3904,False
Hebrew,坤卦-dynamic,ɪ,1.239,46,0.0249,0.3904,False
Hebrew,巽卦-static,i,-2.612,18,0.0299,0.4567,False
Hebrew,離卦-dynamic,d,1.117,281,0.0398,0.5941,False
Hebrew,巽卦-static,t,2.505,16,0.0448,0.6373,False
Hebrew,坎卦-static,ʁ,1.265,24,0.0448,0.6373,False
Hebrew,震卦-static,o,-0.956,74,0.0498,0.6766,False
Hebrew,乾卦-dynamic,e,-2.33,10,0.0547,0.7126,False
Hebrew,離卦-dynamic,a,0.868,580,0.0547,0.7126,False
Hebrew,離卦-dynamic,r,-0.971,29,0.0647,0.8246,False
Hebrew,坤卦-static,l,-1.39,16,0.0697,0.8358,False
Hebrew,坎卦-static,a,1.137,329,0.0697,0.8358,False
Hebrew,坤卦-dynamic,d,1.016,229,0.0697,0.8358,False
Hebrew,坎卦-static,f,0.989,60,0.0746,0.8699,False
Hebrew,艮卦-static,m,-0.982,58,0.0796,0.8699,False
Hebrew,震卦-static,x,0.849,7,0.0796,0.8699,False
Hebrew,離卦-dynamic,o,-0.796,91,0.0796,0.8699,False
Hebrew,巽卦-dynamic,a,-2.818,16,0.0896,0.9289,False
Hebrew,中卦-dynamic,e,2.531,15,0.0896,0.9289,False
Hebrew,艮卦-dynamic,f,-1.026,23,0.0896,0.9289,False
Hebrew,坤卦-static,m,1.115,61,0.0945,0.9484,False
Hebrew,艮卦-dynamic,i,1.011,306,0.0945,0.9484,False
Hebrew,中卦-dynamic,b,-2.337,6,0.1294,0.9598,False
Hebrew,中卦-dynamic,ɹ,-2.264,5,0.1194,0.9598,False
Hebrew,巽卦-static,s,1.948,7,0.0995,0.9598,False
Hebrew,巽卦-static,a,1.817,28,0.1343,0.9598,False
Hebrew,乾卦-dynamic,s,1.805,12,0.1294,0.9598,False
Hebrew,坎卦-dynamic,χ,-1.624,6,0.1294,0.9598,False
Hebrew,坎卦-dynamic,i,1.558,137,0.1095,0.9598,False
Hebrew,乾卦-static,t,-1.308,36,0.1294,0.9598,False
Hebrew,艮卦-dynamic,ɡ,-1.042,40,0.1095,0.9598,False
Hebrew,艮卦-static,ʁ,-0.991,7,0.1244,0.9598,False
Hebrew,艮卦-static,x,0.978,4,0.1144,0.9598,False
Hebrew,震卦-dynamic,ɡ,0.946,85,0.1443,0.9598,False
Hebrew,艮卦-static,v,-0.932,71,0.1095,0.9598,False
Hebrew,震卦-dynamic,v,-0.93,81,0.1443,0.9598,False
Hebrew,中卦-static,ʃ,0.917,238,0.1144,0.9598,False
Hebrew,中卦-static,u,0.9,418,0.1343,0.9598,False
Hebrew,中卦-static,n,-0.892,101,0.1393,0.9598,False
Hebrew,震卦-static,n,-0.845,128,0.1294,0.9598,False
Hebrew,坎卦-static,ɒ,-0.826,10,0.1343,0.9598,False
Hebrew,坎卦-static,ɪ,-0.826,10,0.1343,0.9598,False
Hebrew,坎卦-static,n,-0.807,75,0.1393,0.9598,False
Hebrew,坤卦-dynamic,s,-0.794,33,0.1045,0.9598,False
Hebrew,坤卦-dynamic,v,-0.766,124,0.1443,0.9598,False
Hebrew,離卦-dynamic,k,-0.754,33,0.1393,0.9598,False
Hebrew,坤卦-dynamic,e,-0.75,209,0.1095,0.9598,False
Hebrew,震卦-static,v,-0.731,146,0.1443,0.9598,False
Hebrew,震卦-static,d,0.719,254,0.1393,0.9598,False
Hebrew,離卦-dynamic,l,0.711,173,0.1443,0.9598,False
Hebrew,離卦-static,l,-1.763,3,0.1493,0.9717,False
Hebrew,兌卦-dynamic,i,0.72,353,0.1493,0.9717,False
Hebrew,震卦-dynamic,a,0.889,335,0.1592,0.9755,False
Hebrew,中卦-static,a,-0.86,357,0.1642,0.9755,False
Hebrew,坎卦-static,ɛ,0.833,89,0.1642,0.9755,False
Hebrew,坎卦-static,i,-0.827,292,0.1542,0.9755,False
Hebrew,艮卦-dynamic,o,-0.815,42,0.1592,0.9755,False
Hebrew,中卦-static,ɹ,0.791,366,0.1642,0.9755,False
Hebrew,坎卦-static,ɑ,-0.758,22,0.1642,0.9755,False
Hebrew,坤卦-dynamic,l,-0.746,77,0.1592,0.9755,False
Hebrew,坤卦-dynamic,ʁ,-0.668,15,0.1692,0.9954,False
Hebrew,兌卦-static,t,2.359,14,0.2438,0.9999,False
Hebrew,兌卦-static,v,2.097,12,0.3532,0.9999,False
Hebrew,巽卦-dynamic,ɑ,1.926,6,0.2537,0.9999,False
Hebrew,中卦-dynamic,ʃ,-1.919,4,0.199,0.9999,False
Hebrew,兌卦-static,s,1.789,6,0.3781,0.9999,False
Hebrew,中卦-dynamic,χ,1.782,4,0.2637,0.9999,False
Hebrew,中卦-dynamic,ʔ,1.77,6,0.2189,0.9999,False
Hebrew,中卦-dynamic,u,-1.747,10,0.2587,0.9999,False
Hebrew,中卦-dynamic,i,-1.738,14,0.2388,0.9999,False
Hebrew,兌卦-static,m,-1.725,3,0.4527,0.9999,False
Hebrew,中卦-dynamic,k,1.607,4,0.2488,0.9999,False
Hebrew,中卦-dynamic,r,1.595,5,0.2736,0.9999,False
Hebrew,巽卦-dynamic,e,1.528,22,0.4577,0.9999,False
Hebrew,中卦-dynamic,h,-1.518,9,0.3532,0.9999,False
Hebrew,離卦-static,f,1.478,10,0.2836,0.9999,False
Hebrew,巽卦-static,m,-1.423,4,0.2388,0.9999,False
Hebrew,離卦-static,χ,-1.392,3,0.2836,0.9999,False
Hebrew,離卦-static,ɡ,-1.38,6,0.3483,0.9999,False
Hebrew,巽卦-dynamic,d,-1.365,9,0.4527,0.9999,False
Hebrew,乾卦-dynamic,f,-1.357,3,0.2388,0.9999,False
Hebrew,中卦-dynamic,s,1.344,4,0.3433,0.9999,False
Hebrew,巽卦-dynamic,m,-1.325,5,0.5174,0.9999,False
Hebrew,坎卦-dynamic,m,-1.275,20,0.1841,0.9999,False
Hebrew,乾卦-dynamic,ɡ,-1.269,6,0.3085,0.9999,False
Hebrew,乾卦-dynamic,u,1.257,43,0.3134,0.9999,False
Hebrew,中卦-dynamic,l,1.256,6,0.3781,0.9999,False
Hebrew,巽卦-static,j,1.213,11,0.3383,0.9999,False
Hebrew,兌卦-static,ɛ,1.212,7,0.607,0.9999,False
Hebrew,兌卦-static,d,1.197,11,0.6169,0.9999,False
Hebrew,兌卦-static,ɡ,1.187,6,0.6269,0.9999,False
Hebrew,乾卦-dynamic,m,1.133,17,0.3333,0.9999,False
Hebrew,乾卦-dynamic,j,1.119,19,0.4328,0.9999,False
Hebrew,巽卦-dynamic,l,1.115,10,0.5572,0.9999,False
Hebrew,巽卦-dynamic,u,1.096,28,0.6119,0.9999,False
Hebrew,兌卦-static,i,-1.061,20,0.5871,0.9999,False
Hebrew,巽卦-dynamic,j,-1.052,3,0.6119,0.9999,False
Hebrew,巽卦-dynamic,n,1.048,16,0.602,0.9999,False
Hebrew,巽卦-static,z,1.022,3,0.3383,0.9999,False
Hebrew,乾卦-dynamic,l,-1.022,6,0.393,0.9999,False
Hebrew,兌卦-static,e,-1.006,9,0.6119,0.9999,False
Hebrew,坤卦-static,d,-1.003,53,0.204,0.9999,False
Hebrew,離卦-static,o,0.995,20,0.398,0.9999,False
Hebrew,坎卦-dynamic,ʁ,0.987,8,0.3582,0.9999,False
Hebrew,坤卦-static,ɑ,0.984,25,0.1741,0.9999,False
Hebrew,坤卦-static,ʃ,0.974,85,0.2338,0.9999,False
Hebrew,中卦-static,l,-0.956,64,0.1841,0.9999,False
Hebrew,坤卦-static,ɒ,0.955,14,0.2139,0.9999,False
Hebrew,坤卦-static,ɪ,0.955,14,0.2139,0.9999,False
Hebrew,坎卦-dynamic,r,-0.952,6,0.403,0.9999,False
Hebrew,巽卦-dynamic,i,0.911,33,0.5771,0.9999,False
Hebrew,乾卦-static,d,-0.908,50,0.2587,0.9999,False
Hebrew,乾卦-dynamic,z,0.904,5,0.4677,0.9999,False
Hebrew,坎卦-dynamic,ɛ,0.894,33,0.4229,0.9999,False
Hebrew,巽卦-dynamic,t,0.891,14,0.6517,0.9999,False
Hebrew,坎卦-dynamic,ɹ,0.89,95,0.398,0.9999,False
Hebrew,坤卦-static,ɡ,-0.881,25,0.2587,0.9999,False
Hebrew,中卦-static,t,-0.872,131,0.1841,0.9999,False
Hebrew,中卦-dynamic,o,0.866,7,0.5124,0.9999,False
Hebrew,乾卦-dynamic,ɛ,-0.866,6,0.4677,0.9999,False
Hebrew,乾卦-static,f,0.855,27,0.3184,0.9999,False
Hebrew,離卦-static,s,-0.854,3,0.5025,0.9999,False
Hebrew,乾卦-static,m,0.854,53,0.2637,0.9999,False
Hebrew,離卦-static,ʃ,-0.851,16,0.5423,0.9999,False
Hebrew,坎卦-dynamic,k,-0.823,6,0.4129,0.9999,False
Hebrew,中卦-dynamic,n,-0.822,4,0.4776,0.9999,False
Hebrew,巽卦-dynamic,b,0.816,25,0.6716,0.9999,False
Hebrew,艮卦-static,j,-0.815,40,0.2139,0.9999,False
Hebrew,坤卦-static,s,-0.799,11,0.2786,0.9999,False
Hebrew,離卦-static,a,-0.799,37,0.5821,0.9999,False
Hebrew,中卦-dynamic,a,0.798,17,0.5522,0.9999,False
Hebrew,震卦-dynamic,χ,-0.798,32,0.1841,0.9999,False
Hebrew,坎卦-dynamic,s,-0.79,8,0.4328,0.9999,False
Hebrew,坎卦-dynamic,ʃ,0.788,59,0.4378,0.9999,False
Hebrew,震卦-dynamic,t,-0.788,99,0.1891,0.9999,False
Hebrew,坎卦-dynamic,e,-0.779,50,0.4328,0.9999,False
Hebrew,乾卦-dynamic,χ,0.766,8,0.5522,0.9999,False
Hebrew,震卦-dynamic,o,-0.764,54,0.2338,0.9999,False
Hebrew,乾卦-dynamic,ə,0.756,7,0.592,0.9999,False
Hebrew,艮卦-dynamic,ʁ,-0.753,8,0.2388,0.9999,False
Hebrew,坎卦-dynamic,o,-0.749,19,0.5224,0.9999,False
Hebrew,坎卦-dynamic,d,0.748,53,0.5124,0.9999,False
Hebrew,震卦-dynamic,m,0.746,116,0.2687,0.9999,False
Hebrew,震卦-dynamic,h,0.736,302,0.2239,0.9999,False
Hebrew,坎卦-dynamic,b,0.733,96,0.5124,0.9999,False
Hebrew,中卦-static,r,-0.733,33,0.2239,0.9999,False
Hebrew,兌卦-dynamic,v,-0.725,85,0.204,0.9999,False
Hebrew,中卦-dynamic,d,-0.723,6,0.607,0.9999,False
Hebrew,艮卦-dynamic,m,0.716,94,0.2438,0.9999,False
Hebrew,兌卦-static,a,-0.711,18,0.7662,0.9999,False
Hebrew,中卦-static,s,-0.689,35,0.2388,0.9999,False
Hebrew,離卦-static,ɛ,-0.687,7,0.6468,0.9999,False
Hebrew,兌卦-dynamic,ʁ,-0.685,10,0.2488,0.9999,False
Hebrew,艮卦-dynamic,ɛ,-0.68,41,0.2388,0.9999,False
Hebrew,震卦-dynamic,r,-0.675,26,0.2537,0.9999,False
Hebrew,乾卦-static,ʃ,0.675,74,0.3582,0.9999,False
Hebrew,艮卦-dynamic,χ,-0.67,28,0.2935,0.9999,False
Hebrew,震卦-static,a,0.669,544,0.1741,0.9999,False
Hebrew,坤卦-static,a,-0.667,130,0.408,0.9999,False
Hebrew,乾卦-static,l,-0.664,25,0.398,0.9999,False
Hebrew,乾卦-dynamic,ɹ,-0.664,25,0.5721,0.9999,False
Hebrew,中卦-static,z,-0.661,3,0.2687,0.9999,False
Hebrew,震卦-static,j,-0.66,89,0.194,0.9999,False
Hebrew,中卦-static,ʔ,-0.657,47,0.2836,0.9999,False
Hebrew,震卦-dynamic,ə,-0.657,4,0.2438,0.9999,False
Hebrew,離卦-dynamic,f,-0.656,60,0.209,0.9999,False
Hebrew,兌卦-dynamic,χ,0.648,56,0.209,0.9999,False
Hebrew,艮卦-dynamic,ʃ,0.647,135,0.3682,0.9999,False
Hebrew,兌卦-dynamic,h,0.646,288,0.2338,0.9999,False
Hebrew,乾卦-dynamic,h,-0.645,30,0.592,0.9999,False
Hebrew,中卦-static,b,0.642,371,0.2736,0.9999,False
Hebrew,乾卦-static,s,-0.638,12,0.403,0.9999,False
Hebrew,乾卦-static,e,-0.636,67,0.4129,0.9999,False
Hebrew,震卦-dynamic,z,-0.625,3,0.3333,0.9999,False
Hebrew,坤卦-dynamic,k,-0.624,32,0.2338,0.9999,False
Hebrew,艮卦-dynamic,j,-0.624,45,0.3035,0.9999,False
Hebrew,乾卦-dynamic,t,-0.624,14,0.6766,0.9999,False
Hebrew,坎卦-static,t,-0.616,100,0.3085,0.9999,False
Hebrew,巽卦-dynamic,ɹ,0.616,23,0.7015,0.9999,False
Hebrew,兌卦-static,n,-0.612,6,0.791,0.9999,False
Hebrew,離卦-dynamic,h,0.61,512,0.2139,0.9999,False
Hebrew,坤卦-static,h,0.608,142,0.4279,0.9999,False
Hebrew,中卦-static,h,0.608,402,0.2886,0.9999,False
Hebrew,兌卦-static,ʃ,0.602,11,0.791,0.9999,False
Hebrew,艮卦-static,ʔ,-0.598,32,0.3134,0.9999,False
Hebrew,巽卦-dynamic,f,0.597,5,0.791,0.9999,False
Hebrew,艮卦-static,ɛ,0.596,76,0.3582,0.9999,False
Hebrew,震卦-dynamic,ʁ,-0.595,11,0.3234,0.9999,False
Hebrew,中卦-static,ɛ,0.592,118,0.3831,0.9999,False
Hebrew,離卦-dynamic,t,-0.587,184,0.2338,0.9999,False
Hebrew,乾卦-dynamic,i,0.587,48,0.6169,0.9999,False
Hebrew,中卦-static,d,0.586,203,0.3383,0.9999,False
Hebrew,震卦-dynamic,i,0.586,359,0.3134,0.9999,False
Hebrew,震卦-static,h,0.584,490,0.199,0.9999,False
Hebrew,乾卦-dynamic,k,0.582,7,0.5871,0.9999,False
Hebrew,離卦-dynamic,z,-0.579,7,0.2189,0.9999,False
Hebrew,艮卦-static,h,0.576,257,0.3532,0.9999,False
Hebrew,坎卦-static,j,-0.572,55,0.2736,0.9999,False
Hebrew,離卦-dynamic,n,-0.571,159,0.2836,0.9999,False
Hebrew,坤卦-static,j,-0.564,28,0.4229,0.9999,False
Hebrew,乾卦-dynamic,b,-0.56,28,0.6567,0.9999,False
Hebrew,中卦-static,ʁ,0.558,27,0.3582,0.9999,False
Hebrew,坤卦-dynamic,n,0.557,220,0.2438,0.9999,False
Hebrew,中卦-dynamic,ɡ,0.556,4,0.7065,0.9999,False
Hebrew,坤卦-dynamic,i,0.553,514,0.2488,0.9999,False
Hebrew,離卦-static,t,-0.553,15,0.7015,0.9999,False
Hebrew,中卦-static,ɑ,0.551,61,0.3781,0.9999,False
Hebrew,坎卦-static,k,-0.549,23,0.3433,0.9999,False
Hebrew,兌卦-static,ɑ,0.548,3,0.8209,0.9999,False
Hebrew,坎卦-dynamic,h,0.545,101,0.6119,0.9999,False
Hebrew,離卦-dynamic,χ,0.543,97,0.2687,0.9999,False
Hebrew,離卦-static,i,0.539,50,0.7264,0.9999,False
Hebrew,坎卦-dynamic,u,0.538,101,0.6517,0.9999,False
Hebrew,離卦-static,d,-0.536,17,0.7114,0.9999,False
Hebrew,震卦-static,t,-0.535,180,0.2289,0.9999,False
Hebrew,乾卦-dynamic,o,0.535,16,0.6816,0.9999,False
Hebrew,坤卦-static,z,0.534,14,0.4478,0.9999,False
Hebrew,艮卦-dynamic,ə,-0.523,7,0.3383,0.9999,False
Hebrew,坎卦-dynamic,ə,-0.521,3,0.6418,0.9999,False
Hebrew,坤卦-static,o,-0.518,32,0.4627,0.9999,False
Hebrew,坎卦-static,b,0.518,253,0.3284,0.9999,False
Hebrew,艮卦-static,n,-0.515,83,0.4378,0.9999,False
Hebrew,乾卦-static,v,-0.515,42,0.5124,0.9999,False
Hebrew,兌卦-dynamic,n,-0.511,92,0.3532,0.9999,False
Hebrew,艮卦-static,e,0.51,177,0.4179,0.9999,False
Hebrew,震卦-static,e,0.51,337,0.2935,0.9999,False
Hebrew,兌卦-dynamic,j,-0.51,59,0.3682,0.9999,False
Hebrew,艮卦-static,z,-0.505,5,0.408,0.9999,False
Hebrew,乾卦-dynamic,a,-0.503,37,0.6915,0.9999,False
Hebrew,離卦-dynamic,ʔ,-0.502,69,0.2935,0.9999,False
Hebrew,艮卦-static,ɹ,0.497,221,0.3234,0.9999,False
Hebrew,艮卦-dynamic,s,-0.496,25,0.3582,0.9999,False
Hebrew,離卦-static,b,0.494,37,0.6915,0.9999,False
Hebrew,乾卦-dynamic,n,0.492,20,0.7313,0.9999,False
Hebrew,坎卦-dynamic,v,0.491,44,0.6567,0.9999,False
Hebrew,離卦-static,k,0.488,7,0.6716,0.9999,False
Hebrew,兌卦-dynamic,ɛ,-0.488,54,0.3831,0.9999,False
Hebrew,中卦-static,k,-0.487,35,0.408,0.9999,False
Hebrew,兌卦-dynamic,d,0.485,142,0.4179,0.9999,False
Hebrew,坤卦-static,ɹ,0.483,121,0.4925,0.9999,False
Hebrew,坎卦-dynamic,ʔ,-0.483,14,0.6418,0.9999,False
Hebrew,坤卦-static,u,0.474,139,0.4478,0.9999,False
Hebrew,乾卦-dynamic,ʃ,-0.474,17,0.7214,0.9999,False
Hebrew,中卦-static,ə,-0.473,14,0.4527,0.9999,False
Hebrew,離卦-static,e,0.47,28,0.7861,0.9999,False
Hebrew,離卦-dynamic,ə,-0.47,18,0.3532,0.9999,False
Hebrew,乾卦-static,n,0.469,66,0.6318,0.9999,False
Hebrew,艮卦-dynamic,l,0.464,75,0.4627,0.9999,False
Hebrew,兌卦-dynamic,ɑ,0.464,42,0.3881,0.9999,False
Hebrew,離卦-dynamic,ɹ,0.462,434,0.2985,0.9999,False
Hebrew,坎卦-dynamic,ɑ,0.461,15,0.6816,0.9999,False
Hebrew,震卦-static,ɒ,-0.454,24,0.3284,0.9999,False
Hebrew,震卦-static,ɪ,-0.454,24,0.3284,0.9999,False
Hebrew,震卦-dynamic,n,-0.454,98,0.4478,0.9999,False
Hebrew,艮卦-static,r,-0.451,29,0.4677,0.9999,False
Hebrew,兌卦-dynamic,o,-0.446,68,0.4378,0.9999,False
Hebrew,震卦-dynamic,s,-0.443,32,0.5075,0.9999,False
Hebrew,艮卦-dynamic,v,-0.442,79,0.4677,0.9999,False
Hebrew,中卦-static,f,0.442,73,0.4975,0.9999,False
Hebrew,離卦-dynamic,m,0.439,186,0.3582,0.9999,False
Hebrew,中卦-static,j,-0.435,88,0.5124,0.9999,False
Hebrew,坎卦-static,e,0.434,189,0.4179,0.9999,False
Hebrew,震卦-dynamic,k,-0.434,27,0.4627,0.9999,False
Hebrew,乾卦-static,χ,0.434,24,0.602,0.9999,False
Hebrew,坤卦-dynamic,u,0.432,412,0.3831,0.9999,False
Hebrew,離卦-dynamic,b,0.429,453,0.3781,0.9999,False
Hebrew,離卦-dynamic,ɛ,0.426,142,0.4826,0.9999,False
Hebrew,中卦-static,o,-0.425,97,0.4627,0.9999,False
Hebrew,中卦-dynamic,v,-0.422,5,0.791,0.9999,False
Hebrew,巽卦-dynamic,ʃ,0.415,14,0.8358,0.9999,False
Hebrew,乾卦-static,ʔ,-0.415,19,0.592,0.9999,False
Hebrew,坤卦-dynamic,t,-0.412,161,0.3881,0.9999,False
Hebrew,離卦-dynamic,ʃ,0.41,273,0.3284,0.9999,False
Hebrew,巽卦-static,χ,0.404,4,0.7363,0.9999,False
Hebrew,兌卦-dynamic,u,-0.402,244,0.4279,0.9999,False
Hebrew,乾卦-dynamic,r,0.4,8,0.7512,0.9999,False
Hebrew,艮卦-static,s,0.397,47,0.4876,0.9999,False
Hebrew,震卦-static,ʁ,0.396,31,0.3532,0.9999,False
Hebrew,震卦-dynamic,ɹ,0.39,246,0.5124,0.9999,False
Hebrew,兌卦-dynamic,f,-0.389,38,0.4378,0.9999,False
Hebrew,艮卦-static,b,0.388,227,0.4975,0.9999,False
Hebrew,震卦-dynamic,ɑ,0.385,42,0.5572,0.9999,False
Hebrew,兌卦-static,l,0.385,6,0.8856,0.9999,False
Hebrew,坎卦-static,s,-0.381,32,0.4677,0.9999,False
Hebrew,坎卦-dynamic,ɒ,0.38,8,0.7264,0.9999,False
Hebrew,坎卦-dynamic,ɪ,0.38,8,0.7264,0.9999,False
Hebrew,坎卦-static,d,0.379,137,0.5672,0.9999,False
Hebrew,艮卦-dynamic,h,0.374,230,0.5473,0.9999,False
Hebrew,中卦-static,v,-0.372,135,0.5224,0.9999,False
Hebrew,離卦-static,n,0.369,20,0.791,0.9999,False
Hebrew,艮卦-dynamic,r,0.367,48,0.5423,0.9999,False
Hebrew,坎卦-static,r,-0.367,34,0.4925,0.9999,False
Hebrew,巽卦-dynamic,h,0.364,25,0.8507,0.9999,False
Hebrew,震卦-static,z,-0.359,15,0.408,0.9999,False
Hebrew,兌卦-static,ʔ,-0.357,3,0.8706,0.9999,False
Hebrew,坤卦-static,t,-0.352,55,0.6219,0.9999,False
Hebrew,兌卦-dynamic,ə,-0.352,14,0.5572,0.9999,False
Hebrew,坎卦-dynamic,n,-0.347,36,0.7065,0.9999,False
Hebrew,震卦-dynamic,ʔ,-0.347,45,0.5721,0.9999,False
Hebrew,坤卦-static,r,0.346,28,0.6269,0.9999,False
Hebrew,乾卦-static,k,-0.345,13,0.6667,0.9999,False
Hebrew,中卦-static,e,0.343,265,0.5423,0.9999,False
Hebrew,乾卦-static,j,0.343,46,0.6468,0.9999,False
Hebrew,離卦-dynamic,ɒ,-0.341,27,0.5075,0.9999,False
Hebrew,離卦-dynamic,ɪ,-0.341,27,0.5075,0.9999,False
Hebrew,兌卦-static,u,0.341,19,0.8856,0.9999,False
Hebrew,震卦-static,ɹ,0.339,406,0.4726,0.9999,False
Hebrew,艮卦-dynamic,k,-0.338,24,0.5473,0.9999,False
Hebrew,坎卦-static,z,-0.338,9,0.602,0.9999,False
Hebrew,艮卦-static,t,0.332,121,0.4975,0.9999,False
Hebrew,艮卦-dynamic,n,0.332,115,0.5473,0.9999,False
Hebrew,震卦-static,f,0.325,86,0.4726,0.9999,False
Hebrew,坎卦-static,ʃ,0.323,147,0.5274,0.9999,False
Hebrew,坤卦-static,b,0.321,123,0.6418,0.9999,False
Hebrew,離卦-dynamic,j,-0.32,122,0.4826,0.9999,False
Hebrew,離卦-dynamic,s,-0.32,61,0.4826,0.9999,False
Hebrew,乾卦-dynamic,ɒ,0.32,3,0.806,0.9999,False
Hebrew,乾卦-dynamic,ɪ,0.32,3,0.806,0.9999,False
Hebrew,震卦-static,l,-0.319,112,0.5075,0.9999,False
Hebrew,乾卦-static,ɛ,0.316,35,0.7015,0.9999,False
Hebrew,艮卦-static,l,-0.313,59,0.592,0.9999,False
Hebrew,坎卦-static,ʔ,-0.312,44,0.5323,0.9999,False
Hebrew,乾卦-dynamic,d,0.309,19,0.7761,0.9999,False
Hebrew,艮卦-dynamic,ɹ,0.306,197,0.602,0.9999,False
Hebrew,兌卦-dynamic,ʔ,-0.306,45,0.597,0.9999,False
Hebrew,乾卦-static,i,-0.306,145,0.7313,0.9999,False
Hebrew,震卦-static,b,0.305,425,0.4677,0.9999,False
Hebrew,巽卦-dynamic,v,-0.304,9,0.8458,0.9999,False
Hebrew,坎卦-static,v,0.3,115,0.607,0.9999,False
Hebrew,中卦-static,i,0.3,475,0.607,0.9999,False
Hebrew,坤卦-dynamic,b,0.296,365,0.5224,0.9999,False
Hebrew,離卦-dynamic,p,-0.295,4,0.5373,0.9999,False
Hebrew,乾卦-static,a,0.295,138,0.6766,0.9999,False
Hebrew,坤卦-dynamic,z,-0.294,15,0.5771,0.9999,False
Hebrew,震卦-static,p,0.294,13,0.5075,0.9999,False
Hebrew,兌卦-dynamic,ɹ,0.287,233,0.5423,0.9999,False
Hebrew,中卦-dynamic,t,0.286,7,0.8259,0.9999,False
Hebrew,坎卦-static,l,-0.283,65,0.6418,0.9999,False
Hebrew,巽卦-static,v,0.283,9,0.8358,0.9999,False
Hebrew,兌卦-static,b,0.279,17,0.9204,0.9999,False
Hebrew,艮卦-dynamic,e,-0.278,136,0.6567,0.9999,False
Hebrew,乾卦-static,ə,0.277,16,0.7363,0.9999,False
Hebrew,艮卦-dynamic,t,0.274,111,0.6418,0.9999,False
Hebrew,坤卦-dynamic,ɹ,0.273,344,0.5672,0.9999,False
Hebrew,兌卦-dynamic,m,-0.272,84,0.6418,0.9999,False
Hebrew,坤卦-static,n,-0.271,52,0.7562,0.9999,False
Hebrew,艮卦-static,a,0.267,271,0.5871,0.9999,False
Hebrew,離卦-dynamic,e,-0.267,290,0.5821,0.9999,False
Hebrew,艮卦-static,k,0.266,39,0.6318,0.9999,False
Hebrew,震卦-static,ə,-0.266,29,0.6169,0.9999,False
Hebrew,震卦-dynamic,j,-0.266,73,0.6617,0.9999,False
Hebrew,坤卦-static,χ,-0.263,20,0.7015,0.9999,False
Hebrew,震卦-dynamic,d,0.263,141,0.7114,0.9999,False
Hebrew,乾卦-static,z,-0.259,5,0.7413,0.9999,False
Hebrew,艮卦-dynamic,d,0.257,115,0.6965,0.9999,False
Hebrew,兌卦-static,ɹ,0.252,16,0.9254,0.9999,False
Hebrew,兌卦-dynamic,b,0.249,244,0.6418,0.9999,False
Hebrew,坤卦-dynamic,m,0.248,146,0.6269,0.9999,False
Hebrew,震卦-static,r,-0.245,66,0.6418,0.9999,False
Hebrew,坎卦-dynamic,ɡ,-0.244,22,0.8308,0.9999,False
Hebrew,離卦-static,u,0.239,39,0.796,0.9999,False
Hebrew,震卦-dynamic,f,0.237,50,0.6816,0.9999,False
Hebrew,兌卦-static,j,-0.237,5,0.9154,0.9999,False
Hebrew,兌卦-dynamic,k,-0.235,31,0.6318,0.9999,False
Hebrew,艮卦-static,d,0.232,123,0.6915,0.9999,False
Hebrew,坤卦-static,ə,-0.227,9,0.7562,0.9999,False
Hebrew,坎卦-dynamic,a,-0.225,100,0.801,0.9999,False
Hebrew,震卦-dynamic,ɛ,0.223,76,0.6667,0.9999,False
Hebrew,艮卦-static,χ,0.222,44,0.7413,0.9999,False
Hebrew,震卦-dynamic,p,-0.221,3,0.7065,0.9999,False
Hebrew,離卦-static,ʔ,0.221,9,0.8806,0.9999,False
Hebrew,兌卦-dynamic,a,-0.218,280,0.6617,0.9999,False
Hebrew,乾卦-static,r,0.213,24,0.7662,0.9999,False
Hebrew,兌卦-dynamic,p,-0.211,3,0.7463,0.9999,False
Hebrew,坤卦-dynamic,ʃ,0.207,216,0.6617,0.9999,False
Hebrew,坤卦-static,ʔ,-0.205,24,0.8308,0.9999,False
Hebrew,震卦-dynamic,b,0.199,249,0.7413,0.9999,False
Hebrew,乾卦-dynamic,v,-0.196,14,0.8607,0.9999,False
Hebrew,艮卦-static,p,0.193,6,0.7363,0.9999,False
Hebrew,艮卦-dynamic,b,0.192,203,0.7114,0.9999,False
Hebrew,離卦-dynamic,x,0.189,4,0.6716,0.9999,False
Hebrew,震卦-dynamic,ɒ,0.182,21,0.7562,0.9999,False
Hebrew,震卦-dynamic,ɪ,0.182,21,0.7562,0.9999,False
Hebrew,兌卦-dynamic,ʃ,0.182,145,0.6965,0.9999,False
Hebrew,震卦-static,i,-0.179,552,0.6766,0.9999,False
Hebrew,震卦-dynamic,e,-0.179,171,0.7612,0.9999,False
Hebrew,艮卦-static,i,-0.178,290,0.7811,0.9999,False
Hebrew,震卦-static,ʔ,-0.173,85,0.7264,0.9999,False
Hebrew,坎卦-static,o,-0.171,80,0.7164,0.9999,False
Hebrew,乾卦-static,ɹ,0.171,104,0.8259,0.9999,False
Hebrew,坎卦-static,u,-0.17,249,0.8209,0.9999,False
Hebrew,坎卦-dynamic,j,-0.168,27,0.9104,0.9999,False
Hebrew,兌卦-dynamic,z,-0.163,13,0.8308,0.9999,False
Hebrew,坤卦-static,v,0.162,56,0.8109,0.9999,False
Hebrew,乾卦-static,h,0.161,120,0.8209,0.9999,False
Hebrew,艮卦-dynamic,z,-0.16,11,0.8109,0.9999,False
Hebrew,坤卦-dynamic,r,0.158,75,0.7413,0.9999,False
Hebrew,兌卦-dynamic,s,0.158,46,0.7662,0.9999,False
Hebrew,艮卦-static,ɡ,0.156,62,0.8159,0.9999,False
Hebrew,坎卦-dynamic,f,-0.153,15,0.8905,0.9999,False
Hebrew,乾卦-static,ɡ,-0.148,29,0.8557,0.9999,False
Hebrew,離卦-static,ə,-0.147,3,0.8905,0.9999,False
Hebrew,坤卦-dynamic,ɛ,0.146,106,0.7662,0.9999,False
Hebrew,坎卦-static,m,-0.145,86,0.791,0.9999,False
Hebrew,坤卦-static,i,0.143,165,0.8408,0.9999,False
Hebrew,坤卦-dynamic,ə,-0.143,31,0.7065,0.9999,False
Hebrew,坤卦-static,ʁ,0.14,8,0.806,0.9999,False
Hebrew,坎卦-static,ɹ,0.14,221,0.7811,0.9999,False
Hebrew,震卦-static,m,-0.14,151,0.8458,0.9999,False
Hebrew,兌卦-static,h,-0.133,17,0.9453,0.9999,False
Hebrew,坤卦-dynamic,χ,-0.132,63,0.7811,0.9999,False
Hebrew,離卦-static,j,0.132,13,0.9104,0.9999,False
Hebrew,震卦-dynamic,u,0.129,274,0.8209,0.9999,False
Hebrew,兌卦-dynamic,r,-0.125,42,0.8259,0.9999,False
Hebrew,艮卦-dynamic,u,-0.124,215,0.8259,0.9999,False
Hebrew,巽卦-static,e,-0.122,13,0.9254,0.9999,False
Hebrew,艮卦-dynamic,ʔ,-0.121,43,0.8259,0.9999,False
Hebrew,離卦-dynamic,u,0.12,475,0.791,0.9999,False
Hebrew,艮卦-static,o,-0.118,76,0.8905,0.9999,False
Hebrew,乾卦-static,ɒ,0.108,9,0.9104,0.9999,False
Hebrew,乾卦-static,ɪ,0.108,9,0.9104,0.9999,False
Hebrew,坤卦-static,f,0.107,23,0.8607,0.9999,False
Hebrew,艮卦-static,ə,-0.107,20,0.8756,0.9999,False
Hebrew,乾卦-dynamic,ɑ,0.107,5,0.9353,0.9999,False
Hebrew,坤卦-static,ɛ,0.106,35,0.9005,0.9999,False
Hebrew,中卦-dynamic,m,0.102,5,0.9502,0.9999,False
Hebrew,震卦-static,ʃ,0.101,245,0.8358,0.9999,False
Hebrew,震卦-static,k,-0.1,59,0.8657,0.9999,False
Hebrew,坤卦-dynamic,p,-0.094,6,0.8507,0.9999,False
Hebrew,坎卦-static,p,-0.092,4,0.8806,0.9999,False
Hebrew,巽卦-static,l,0.092,6,0.9552,0.9999,False
Hebrew,乾卦-dynamic,ʔ,0.09,8,0.9502,0.9999,False
Hebrew,離卦-static,r,0.088,7,0.9652,0.9999,False
Hebrew,中卦-static,χ,-0.083,61,0.8806,0.9999,False
Hebrew,坤卦-dynamic,o,0.082,139,0.8308,0.9999,False
Hebrew,離卦-static,ɹ,0.08,32,0.9403,0.9999,False
Hebrew,震卦-static,u,0.079,454,0.8955,0.9999,False
Hebrew,乾卦-static,b,0.079,108,0.9154,0.9999,False
Hebrew,中卦-static,ɒ,-0.074,25,0.9104,0.9999,False
Hebrew,中卦-static,ɪ,-0.074,25,0.9104,0.9999,False
Hebrew,震卦-static,χ,-0.072,75,0.8607,0.9999,False
Hebrew,坤卦-dynamic,j,0.071,129,0.9005,0.9999,False
Hebrew,兌卦-dynamic,t,0.071,125,0.9303,0.9999,False
Hebrew,坎卦-dynamic,t,-0.07,43,0.9652,0.9999,False
Hebrew,離卦-dynamic,ɡ,0.07,120,0.8955,0.9999,False
Hebrew,兌卦-static,f,-0.07,3,0.9851,0.9999,False
Hebrew,巽卦-dynamic,χ,-0.069,4,0.9353,0.9999,False
Hebrew,坤卦-dynamic,h,-0.068,369,0.8905,0.9999,False
Hebrew,艮卦-dynamic,ɑ,0.068,30,0.9204,0.9999,False
Hebrew,坎卦-static,ə,-0.068,23,0.9005,0.9999,False
Hebrew,離卦-static,h,0.066,37,0.9552,0.9999,False
Hebrew,兌卦-static,o,-0.065,6,0.99,0.9999,False
Hebrew,坎卦-static,h,-0.062,245,0.8856,0.9999,False
Hebrew,巽卦-static,ɡ,-0.061,5,0.9652,0.9999,False
Hebrew,中卦-static,ɡ,0.059,94,0.9204,0.9999,False
Hebrew,離卦-static,m,-0.055,13,0.9751,0.9999,False
Hebrew,乾卦-static,o,-0.054,40,0.9552,0.9999,False
Hebrew,巽卦-dynamic,o,-0.053,8,0.9751,0.9999,False
Hebrew,艮卦-static,ɑ,0.052,32,0.9453,0.9999,False
Hebrew,艮卦-static,ʃ,0.044,127,0.9204,0.9999,False
Hebrew,坤卦-dynamic,f,0.043,67,0.9005,0.9999,False
Hebrew,坤卦-dynamic,a,0.036,430,0.9254,0.9999,False
Hebrew,坤卦-dynamic,ʔ,-0.032,80,0.9403,0.9999,False
Hebrew,兌卦-dynamic,e,0.032,175,0.9453,0.9999,False
Hebrew,艮卦-static,ɒ,0.027,17,0.9652,0.9999,False
Hebrew,艮卦-static,ɪ,0.027,17,0.9652,0.9999,False
Hebrew,乾卦-static,u,0.027,120,0.9701,0.9999,False
Hebrew,艮卦-dynamic,a,0.025,244,0.9652,0.9999,False
Hebrew,坎卦-dynamic,l,0.022,27,0.9801,0.9999,False
Hebrew,巽卦-dynamic,ɡ,-0.022,6,0.99,0.9999,False
Hebrew,離卦-dynamic,v,0.022,194,0.9751,0.9999,False
Hebrew,乾卦-static,ɑ,0.02,16,0.9851,0.9999,False
Hebrew,坤卦-dynamic,ɡ,-0.019,97,0.9851,0.9999,False
Hebrew,坤卦-static,k,-0.018,18,0.9751,0.9999,False
Hebrew,震卦-static,s,0.013,73,0.9851,0.9999,False
Hebrew,艮卦-static,u,0.012,236,0.995,0.9999,False
Hebrew,坤卦-static,e,-0.01,86,0.99,0.9999,False
Hebrew,震卦-dynamic,ʃ,-0.009,143,0.995,0.9999,False
Hebrew,離卦-dynamic,ʁ,0.002,27,0.995,0.9999,False
Hebrew,離卦-dynamic,i,-0.007,585,1.0,1.0,False
Hebrew,離卦-static,ɑ,0.006,5,1.0,1.0,False
Hindi,艮卦-static,q,4.04,3,0.005,0.3003,False
Hindi,艮卦-dynamic,ʈʰ,3.298,9,0.005,0.3003,False
Hindi,坤卦-static,pʰ,3.241,10,0.005,0.3003,False
Hindi,震卦-dynamic,ɛ,2.897,13,0.005,0.3003,False
Hindi,乾卦-static,ɟ,2.796,15,0.005,0.3003,False
Hindi,坎卦-static,bʰ,2.567,21,0.005,0.3003,False
Hindi,兌卦-dynamic,o,2.409,44,0.005,0.3003,False
Hindi,兌卦-dynamic,n,2.386,107,0.005,0.3003,False
Hindi,坤卦-dynamic,d,2.203,43,0.005,0.3003,False
Hindi,坤卦-dynamic,ʋ,2.129,43,0.005,0.3003,False
Hindi,震卦-static,r,2.027,35,0.005,0.3003,False
Hindi,兌卦-dynamic,a,2.012,155,0.005,0.3003,False
Hindi,離卦-dynamic,n,1.84,127,0.005,0.3003,False
Hindi,中卦-static,ʌ,1.825,76,0.005,0.3003,False
Hindi,中卦-static,j,1.735,29,0.005,0.3003,False
Hindi,兌卦-static,dʰ,3.673,3,0.01,0.4084,False
Hindi,巽卦-dynamic,ɡ,3.61,3,0.01,0.4084,False
Hindi,乾卦-dynamic,ʃ,3.348,7,0.01,0.4084,False
Hindi,艮卦-dynamic,tʰ,2.152,12,0.01,0.4084,False
Hindi,離卦-dynamic,j,1.753,45,0.01,0.4084,False
Hindi,離卦-dynamic,ɪ,1.505,87,0.01,0.4084,False
Hindi,震卦-static,e,1.386,56,0.01,0.4084,False
Hindi,中卦-dynamic,cʰ,3.1,5,0.0149,0.4375,False
Hindi,坎卦-static,ɲ,2.29,6,0.0149,0.4375,False
Hindi,坎卦-static,ŋ,2.241,13,0.0149,0.4375,False
Hindi,中卦-static,ĩ,2.214,7,0.0149,0.4375,False
Hindi,乾卦-static,b,2.122,20,0.0149,0.4375,False
Hindi,坎卦-static,ɡʰ,1.706,9,0.0149,0.4375,False
Hindi,坤卦-dynamic,p,-1.326,18,0.0149,0.4375,False
Hindi,震卦-static,ʊ,-1.315,12,0.0149,0.4375,False
Hindi,離卦-dynamic,ɖʰ,2.761,5,0.0199,0.498,False
Hindi,震卦-dynamic,c,1.756,17,0.0199,0.498,False
Hindi,艮卦-dynamic,p,-1.563,12,0.0199,0.498,False
Hindi,坎卦-static,ʊ,-1.415,8,0.0199,0.498,False
Hindi,艮卦-dynamic,r,1.295,19,0.0199,0.498,False
Hindi,兌卦-dynamic,ə,-1.269,42,0.0199,0.498,False
Hindi,艮卦-static,p,1.576,29,0.0249,0.543,False
Hindi,坤卦-dynamic,ĩ,1.284,6,0.0249,0.543,False
Hindi,離卦-dynamic,i,-1.255,31,0.0249,0.543,False
Hindi,坤卦-dynamic,s,-1.116,23,0.0249,0.543,False
Hindi,震卦-static,p,1.009,51,0.0249,0.543,False
Hindi,巽卦-static,ɖ,2.496,4,0.0299,0.6005,False
Hindi,兌卦-dynamic,ʊ,1.285,31,0.0299,0.6005,False
Hindi,震卦-dynamic,ɔ,1.543,11,0.0348,0.6161,False
Hindi,艮卦-dynamic,ɡʰ,1.509,8,0.0348,0.6161,False
Hindi,艮卦-static,ɛ,1.319,7,0.0348,0.6161,False
Hindi,中卦-static,h,1.306,33,0.0348,0.6161,False
Hindi,艮卦-static,ŋ,1.253,6,0.0348,0.6161,False
Hindi,艮卦-static,k,1.245,46,0.0348,0.6161,False
Hindi,離卦-dynamic,ɛ̃,2.833,3,0.0398,0.6187,False
Hindi,乾卦-dynamic,ɾ,2.772,17,0.0398,0.6187,False
Hindi,坤卦-static,p,1.522,18,0.0398,0.6187,False
Hindi,中卦-static,z,1.379,4,0.0398,0.6187,False
Hindi,艮卦-dynamic,ɾ,-1.193,43,0.0398,0.6187,False
Hindi,坤卦-dynamic,ʃ,1.163,28,0.0398,0.6187,False
Hindi,離卦-static,h,2.576,7,0.0448,0.647,False
Hindi,艮卦-dynamic,ɟʰ,1.846,8,0.0448,0.647,False
Hindi,震卦-dynamic,j,1.398,20,0.0448,0.647,False
Hindi,坤卦-static,u,1.338,11,0.0448,0.647,False
Hindi,中卦-static,bʰ,1.158,13,0.0448,0.647,False
Hindi,艮卦-dynamic,u,1.379,25,0.0498,0.6716,False
Hindi,中卦-static,ʋ,1.233,27,0.0498,0.6716,False
Hindi,震卦-static,ʈʰ,1.206,6,0.0498,0.6716,False
Hindi,兌卦-dynamic,i,-0.992,27,0.0498,0.6716,False
Hindi,乾卦-static,m,1.639,23,0.0547,0.6847,False
Hindi,坤卦-static,tʰ,1.407,4,0.0547,0.6847,False
Hindi,中卦-static,o,-1.149,5,0.0547,0.6847,False
Hindi,中卦-static,l,-1.098,16,0.0547,0.6847,False
Hindi,離卦-dynamic,l,-0.918,30,0.0547,0.6847,False
Hindi,中卦-static,s,1.114,53,0.0597,0.6961,False
Hindi,震卦-static,ɪ,-0.947,30,0.0597,0.6961,False
Hindi,震卦-static,s,-0.924,30,0.0597,0.6961,False
Hindi,坎卦-dynamic,m,2.042,12,0.0647,0.7292,False
Hindi,艮卦-dynamic,s,-1.191,17,0.0647,0.7292,False
Hindi,兌卦-dynamic,ɪ,-1.043,23,0.0647,0.7292,False
Hindi,兌卦-static,l,2.905,9,0.0697,0.7546,False
Hindi,巽卦-dynamic,a,2.807,7,0.0796,0.7546,False
Hindi,巽卦-static,e,2.236,10,0.0796,0.7546,False
Hindi,乾卦-dynamic,ɪ,2.133,10,0.0746,0.7546,False
Hindi,乾卦-static,ə,1.682,47,0.0846,0.7546,False
Hindi,艮卦-static,kʰ,1.254,11,0.0746,0.7546,False
Hindi,艮卦-static,ɡʰ,1.218,5,0.0697,0.7546,False
Hindi,艮卦-dynamic,ʂ,1.204,7,0.0846,0.7546,False
Hindi,艮卦-dynamic,ʊ,1.074,25,0.0796,0.7546,False
Hindi,兌卦-dynamic,ĩ,1.074,5,0.0846,0.7546,False
Hindi,兌卦-dynamic,p,-1.01,20,0.0746,0.7546,False
Hindi,艮卦-dynamic,n,1.001,61,0.0746,0.7546,False
Hindi,坤卦-dynamic,ʈ,-0.983,8,0.0846,0.7546,False
Hindi,坤卦-dynamic,z,0.958,4,0.0846,0.7546,False
Hindi,離卦-dynamic,z,0.943,5,0.0796,0.7546,False
Hindi,離卦-dynamic,h,-0.931,9,0.0796,0.7546,False
Hindi,震卦-static,ɳ,0.881,12,0.0796,0.7546,False
Hindi,離卦-dynamic,a,0.858,173,0.0846,0.7546,False
Hindi,震卦-static,ɾ,-0.828,70,0.0746,0.7546,False
Hindi,巽卦-static,p,1.944,9,0.0896,0.7786,False
Hindi,坤卦-dynamic,ʊ,0.877,30,0.0896,0.7786,False
Hindi,中卦-static,ə,0.987,91,0.0945,0.795,False
Hindi,坤卦-dynamic,ʌ,0.954,77,0.0945,0.795,False
Hindi,乾卦-static,ɟʰ,1.414,3,0.0995,0.8102,False
Hindi,坤卦-dynamic,a,-0.958,89,0.0995,0.8102,False
Hindi,震卦-static,ɖ,0.89,16,0.0995,0.8102,False
Hindi,巽卦-dynamic,ʈ,2.566,3,0.1045,0.8121,False
Hindi,坎卦-dynamic,o,1.906,7,0.1045,0.8121,False
Hindi,坎卦-dynamic,kʰ,1.801,4,0.1045,0.8121,False
Hindi,兌卦-dynamic,j,-0.928,5,0.1045,0.8121,False
Hindi,中卦-static,ʊ,-0.995,11,0.1095,0.8257,False
Hindi,震卦-dynamic,u,-0.98,4,0.1095,0.8257,False
Hindi,離卦-dynamic,ẽ,0.81,13,0.1095,0.8257,False
Hindi,中卦-static,t,0.94,35,0.1144,0.8386,False
Hindi,離卦-dynamic,ʈ,-0.87,13,0.1144,0.8386,False
Hindi,離卦-dynamic,u,-0.832,10,0.1144,0.8386,False
Hindi,巽卦-static,i,1.933,13,0.1194,0.8449,False
Hindi,離卦-static,t,2.16,7,0.1244,0.8507,False
Hindi,中卦-static,e,-0.872,13,0.1244,0.8507,False
Hindi,震卦-dynamic,p,-0.966,14,0.1294,0.8618,False
Hindi,艮卦-dynamic,dʰ,0.935,12,0.1294,0.8618,False
Hindi,震卦-dynamic,ɪ,0.904,37,0.1294,0.8618,False
Hindi,兌卦-dynamic,ɡ,-0.856,13,0.1294,0.8618,False
Hindi,離卦-static,m,1.823,8,0.1443,0.8647,False
Hindi,坎卦-dynamic,ʊ,1.539,6,0.1493,0.8647,False
Hindi,乾卦-static,a,-1.248,29,0.1343,0.8647,False
Hindi,艮卦-static,u,-1.071,3,0.1542,0.8647,False
Hindi,震卦-dynamic,ɟ,1.009,16,0.1343,0.8647,False
Hindi,離卦-dynamic,b,-0.857,19,0.1393,0.8647,False
Hindi,艮卦-dynamic,d,-0.856,11,0.1542,0.8647,False
Hindi,坤卦-dynamic,cʰ,0.835,16,0.1343,0.8647,False
Hindi,坎卦-static,kʰ,-0.813,3,0.1393,0.8647,False
Hindi,中卦-static,a,-0.805,76,0.1493,0.8647,False
Hindi,坤卦-dynamic,kʰ,-0.769,4,0.1443,0.8647,False
Hindi,離卦-dynamic,t,0.763,51,0.1393,0.8647,False
Hindi,震卦-static,z,0.745,4,0.1443,0.8647,False
Hindi,兌卦-dynamic,ʈ,-0.739,12,0.1493,0.8647,False
Hindi,離卦-dynamic,ʃ,0.711,28,0.1343,0.8647,False
Hindi,巽卦-static,bʰ,1.563,3,0.1642,0.8866,False
Hindi,震卦-dynamic,ɾ,-0.918,38,0.1642,0.8866,False
Hindi,坤卦-dynamic,b,-0.717,17,0.1642,0.8866,False
Hindi,巽卦-static,b,1.674,8,0.1841,0.8887,False
Hindi,中卦-dynamic,ɪ,1.672,9,0.194,0.8887,False
Hindi,巽卦-static,ʈ,1.658,10,0.1891,0.8887,False
Hindi,坎卦-dynamic,l,1.377,13,0.1891,0.8887,False
Hindi,坤卦-static,ɔ,1.085,5,0.1841,0.8887,False
Hindi,坤卦-static,ʋ,-0.978,3,0.1791,0.8887,False
Hindi,坎卦-static,z,0.799,3,0.1741,0.8887,False
Hindi,中卦-static,c,-0.797,6,0.1692,0.8887,False
Hindi,中卦-static,ɛ,0.79,8,0.194,0.8887,False
Hindi,艮卦-static,m,-0.758,12,0.1791,0.8887,False
Hindi,坤卦-dynamic,ʈʰ,0.754,4,0.1891,0.8887,False
Hindi,坎卦-static,ã,0.752,13,0.1841,0.8887,False
Hindi,中卦-static,ɡ,-0.735,13,0.1891,0.8887,False
Hindi,坤卦-dynamic,o,-0.732,11,0.1741,0.8887,False
Hindi,坎卦-static,i,0.732,49,0.1692,0.8887,False
Hindi,坤卦-dynamic,ɖ,0.712,13,0.1741,0.8887,False
Hindi,坎卦-static,ʌ,0.683,59,0.194,0.8887,False
Hindi,坤卦-dynamic,ɾ,0.68,93,0.1692,0.8887,False
Hindi,震卦-static,ɡ,-0.673,19,0.1741,0.8887,False
Hindi,離卦-dynamic,ɛ,-0.655,3,0.194,0.8887,False
Hindi,離卦-dynamic,m,-0.627,30,0.194,0.8887,False
Hindi,震卦-static,ʈ,0.61,46,0.1841,0.8887,False
Hindi,震卦-static,m,0.567,51,0.194,0.8887,False
Hindi,離卦-dynamic,s,0.617,70,0.199,0.8955,False
Hindi,巽卦-dynamic,k,2.466,4,0.209,0.9008,False
Hindi,坎卦-dynamic,r,1.271,4,0.209,0.9008,False
Hindi,乾卦-static,e,-1.186,4,0.209,0.9008,False
Hindi,坎卦-static,b,0.797,31,0.209,0.9008,False
Hindi,坎卦-static,p,-0.776,20,0.204,0.9008,False
Hindi,乾卦-static,ʌ,1.033,28,0.2189,0.902,False
Hindi,中卦-static,ʈ,-0.777,10,0.2139,0.902,False
Hindi,坤卦-dynamic,ə,0.733,104,0.2189,0.902,False
Hindi,艮卦-static,s,-0.723,17,0.2189,0.902,False
Hindi,震卦-static,ĩ,0.717,5,0.2189,0.902,False
Hindi,艮卦-dynamic,bʰ,0.69,10,0.2189,0.902,False
Hindi,坤卦-dynamic,e,-0.665,19,0.2189,0.902,False
Hindi,震卦-static,ɡʰ,0.568,7,0.2189,0.902,False
Hindi,坤卦-static,k,0.856,26,0.2239,0.9043,False
Hindi,坎卦-static,ʈʰ,0.638,3,0.2239,0.9043,False
Hindi,兌卦-dynamic,ɾ,-0.63,61,0.2239,0.9043,False
Hindi,坎卦-dynamic,ɾ,-1.233,9,0.2338,0.9053,False
Hindi,乾卦-static,ɪ,-1.026,9,0.2338,0.9053,False
Hindi,乾卦-static,l,-0.978,8,0.2338,0.9053,False
Hindi,震卦-dynamic,t,-0.83,12,0.2289,0.9053,False
Hindi,震卦-dynamic,e,0.821,26,0.2338,0.9053,False
Hindi,艮卦-static,ɾ,-0.804,35,0.2289,0.9053,False
Hindi,中卦-static,ɳ,0.722,8,0.2289,0.9053,False
Hindi,離卦-dynamic,ɖ,-0.637,5,0.2289,0.9053,False
Hindi,中卦-dynamic,ʌ,-1.49,4,0.2388,0.9142,False
Hindi,巽卦-static,k,-1.456,4,0.2488,0.9383,False
Hindi,兌卦-dynamic,f,0.656,4,0.2488,0.9383,False
Hindi,艮卦-static,j,-0.775,4,0.2537,0.9466,False
Hindi,震卦-dynamic,l,0.702,39,0.2587,0.948,False
Hindi,離卦-dynamic,e,0.559,47,0.2587,0.948,False
Hindi,坤卦-dynamic,h,-0.537,13,0.2587,0.948,False
Hindi,坎卦-dynamic,i,1.403,12,0.2637,0.9526,False
Hindi,乾卦-static,k,-1.047,12,0.2637,0.9526,False
Hindi,乾卦-static,i,0.837,22,0.2637,0.9526,False
Hindi,乾卦-dynamic,s,1.489,9,0.2687,0.9638,False
Hindi,坎卦-dynamic,j,1.236,5,0.2687,0.9638,False
Hindi,兌卦-static,u,1.946,3,0.2786,0.9657,False
Hindi,坤卦-static,s,0.839,21,0.2786,0.9657,False
Hindi,坤卦-static,e,-0.795,6,0.2736,0.9657,False
Hindi,中卦-static,ɖ,-0.681,3,0.2736,0.9657,False
Hindi,坎卦-static,c,0.63,15,0.2786,0.9657,False
Hindi,中卦-static,b,-0.618,15,0.2836,0.9699,False
Hindi,兌卦-dynamic,ʃ,-0.603,5,0.2836,0.9699,False
Hindi,坎卦-static,k,-0.561,36,0.2836,0.9699,False
Hindi,艮卦-dynamic,j,0.615,18,0.2886,0.9707,False
Hindi,震卦-static,c,0.556,20,0.2886,0.9707,False
Hindi,坤卦-static,l,0.734,22,0.3035,0.973,False
Hindi,艮卦-static,a,-0.675,54,0.2935,0.973,False
Hindi,坎卦-static,n,-0.597,27,0.3035,0.973,False
Hindi,艮卦-dynamic,b,-0.569,15,0.2985,0.973,False
Hindi,中卦-static,ɟ,-0.529,9,0.3035,0.973,False
Hindi,離卦-dynamic,ɳ,-0.529,4,0.2985,0.973,False
Hindi,震卦-static,pʰ,-0.489,4,0.2935,0.973,False
Hindi,乾卦-static,ɾ,0.929,35,0.3085,0.9828,False
Hindi,艮卦-static,ũ,0.704,4,0.3184,0.993,False
Hindi,艮卦-dynamic,ʋ,0.542,20,0.3184,0.993,False
Hindi,乾卦-static,ɡ,0.82,14,0.3234,0.9994,False
Hindi,震卦-static,i,0.51,63,0.3234,0.9994,False
Hindi,兌卦-static,ʈ,1.691,5,0.4179,1.0,False
Hindi,兌卦-static,ʋ,1.663,3,0.4279,1.0,False
Hindi,兌卦-static,e,1.439,4,0.3433,1.0,False
Hindi,離卦-static,r,1.431,3,0.3383,1.0,False
Hindi,巽卦-dynamic,ɾ,1.417,4,0.4776,1.0,False
Hindi,乾卦-dynamic,t,1.319,6,0.3383,1.0,False
Hindi,中卦-dynamic,h,1.276,5,0.3483,1.0,False
Hindi,離卦-static,d,1.242,4,0.4129,1.0,False
Hindi,離卦-static,o,1.227,4,0.408,1.0,False
Hindi,巽卦-dynamic,ʌ,1.175,3,0.6169,1.0,False
Hindi,中卦-dynamic,k,1.137,10,0.4378,1.0,False
Hindi,乾卦-dynamic,ʌ,-1.056,5,0.4577,1.0,False
Hindi,中卦-dynamic,d,1.041,4,0.4876,1.0,False
Hindi,乾卦-dynamic,d,1.041,4,0.4627,1.0,False
Hindi,離卦-static,k,-1.035,4,0.4627,1.0,False
Hindi,兌卦-static,s,1.016,5,0.6567,1.0,False
Hindi,巽卦-static,s,-1.012,4,0.4677,1.0,False
Hindi,中卦-dynamic,ə,1.003,14,0.5124,1.0,False
Hindi,乾卦-dynamic,ə,1.003,14,0.4925,1.0,False
Hindi,巽卦-static,ɟ,0.964,4,0.4378,1.0,False
Hindi,乾卦-dynamic,n,-0.919,3,0.5174,1.0,False
Hindi,乾卦-dynamic,l,-0.911,3,0.5622,1.0,False
Hindi,中卦-dynamic,ɟ,0.86,3,0.607,1.0,False
Hindi,離卦-static,s,0.816,7,0.597,1.0,False
Hindi,離卦-static,a,-0.801,11,0.5423,1.0,False
Hindi,乾卦-static,c,0.801,7,0.3632,1.0,False
Hindi,離卦-static,u,0.791,3,0.5622,1.0,False
Hindi,兌卦-static,ɾ,-0.78,5,0.7015,1.0,False
Hindi,乾卦-static,u,0.774,9,0.3781,1.0,False
Hindi,離卦-static,p,0.763,5,0.6617,1.0,False
Hindi,坎卦-dynamic,ɪ,-0.758,5,0.5522,1.0,False
Hindi,坎卦-dynamic,k,0.748,12,0.4925,1.0,False
Hindi,巽卦-static,u,0.748,4,0.6318,1.0,False
Hindi,乾卦-dynamic,k,-0.748,5,0.6219,1.0,False
Hindi,坎卦-dynamic,e,-0.737,3,0.4627,1.0,False
Hindi,巽卦-static,r,0.722,3,0.607,1.0,False
Hindi,乾卦-dynamic,j,0.714,3,0.6318,1.0,False
Hindi,坎卦-dynamic,a,-0.71,16,0.5672,1.0,False
Hindi,離卦-static,i,0.703,7,0.6269,1.0,False
Hindi,巽卦-static,h,0.686,5,0.5871,1.0,False
Hindi,兌卦-static,ə,-0.669,5,0.7363,1.0,False
Hindi,坤卦-static,cʰ,0.667,5,0.4627,1.0,False
Hindi,中卦-dynamic,u,0.658,3,0.7264,1.0,False
Hindi,坤卦-static,j,-0.653,3,0.3731,1.0,False
Hindi,離卦-static,ə,0.652,12,0.7065,1.0,False
Hindi,艮卦-static,t,-0.65,12,0.3483,1.0,False
Hindi,坎卦-dynamic,ə,0.649,17,0.5423,1.0,False
Hindi,坤卦-static,h,-0.646,4,0.3781,1.0,False
Hindi,震卦-dynamic,pʰ,0.642,7,0.3831,1.0,False
Hindi,中卦-dynamic,s,0.638,7,0.6368,1.0,False
Hindi,坎卦-dynamic,ʌ,-0.631,8,0.5323,1.0,False
Hindi,乾卦-static,d,0.625,10,0.4677,1.0,False
Hindi,乾卦-dynamic,m,-0.617,3,0.7114,1.0,False
Hindi,震卦-dynamic,ʋ,-0.604,8,0.3433,1.0,False
Hindi,艮卦-static,ɳ,0.56,5,0.4677,1.0,False
Hindi,艮卦-dynamic,ɳ,0.55,7,0.4378,1.0,False
Hindi,巽卦-static,ɡ,-0.548,3,0.7214,1.0,False
Hindi,離卦-static,ʋ,0.543,3,0.7015,1.0,False
Hindi,艮卦-dynamic,ʃ,-0.53,5,0.3532,1.0,False
Hindi,乾卦-static,kʰ,0.524,5,0.5373,1.0,False
Hindi,兌卦-dynamic,bʰ,-0.523,4,0.3333,1.0,False
Hindi,坎卦-static,ɟ,0.514,17,0.3632,1.0,False
Hindi,艮卦-static,ɪ,0.511,29,0.408,1.0,False
Hindi,艮卦-static,ʃ,0.511,11,0.3781,1.0,False
Hindi,離卦-static,b,0.51,4,0.6816,1.0,False
Hindi,震卦-static,bʰ,-0.509,5,0.3483,1.0,False
Hindi,坤卦-dynamic,t,0.505,37,0.3483,1.0,False
Hindi,中卦-static,ɾ,0.504,73,0.3383,1.0,False
Hindi,坎卦-static,ɖ,-0.5,4,0.3433,1.0,False
Hindi,坤卦-static,bʰ,0.499,4,0.5323,1.0,False
Hindi,艮卦-dynamic,f,0.498,3,0.4179,1.0,False
Hindi,震卦-dynamic,o,0.498,16,0.4279,1.0,False
Hindi,艮卦-dynamic,i,-0.494,30,0.3433,1.0,False
Hindi,乾卦-static,s,0.494,19,0.5423,1.0,False
Hindi,坎卦-dynamic,n,-0.493,6,0.7164,1.0,False
Hindi,坎卦-static,ə,-0.488,56,0.3781,1.0,False
Hindi,離卦-dynamic,ɔ,-0.488,4,0.3731,1.0,False
Hindi,兌卦-static,ʌ,-0.487,4,0.8259,1.0,False
Hindi,兌卦-dynamic,s,0.487,49,0.408,1.0,False
Hindi,艮卦-dynamic,o,-0.478,11,0.4328,1.0,False
Hindi,艮卦-dynamic,k,-0.477,36,0.403,1.0,False
Hindi,兌卦-dynamic,ɔ,-0.477,3,0.4129,1.0,False
Hindi,震卦-dynamic,ʌ,0.474,43,0.4826,1.0,False
Hindi,離卦-dynamic,ɡ,-0.473,25,0.3383,1.0,False
Hindi,坤卦-static,ɡ,-0.468,7,0.5124,1.0,False
Hindi,艮卦-dynamic,m,-0.468,21,0.4428,1.0,False
Hindi,震卦-static,j,-0.466,12,0.3831,1.0,False
Hindi,乾卦-static,p,-0.466,10,0.5871,1.0,False
Hindi,離卦-static,ɡ,0.463,4,0.7463,1.0,False
Hindi,巽卦-static,o,0.462,4,0.7711,1.0,False
Hindi,巽卦-static,l,0.459,9,0.7562,1.0,False
Hindi,中卦-static,f,0.457,3,0.4627,1.0,False
Hindi,震卦-static,t,0.457,41,0.3582,1.0,False
Hindi,震卦-dynamic,b,-0.455,13,0.4726,1.0,False
Hindi,震卦-dynamic,m,-0.452,17,0.5224,1.0,False
Hindi,離卦-dynamic,cʰ,-0.452,3,0.4179,1.0,False
Hindi,艮卦-static,h,-0.45,8,0.5025,1.0,False
Hindi,艮卦-dynamic,ɡ,-0.441,16,0.4179,1.0,False
Hindi,震卦-dynamic,ə,-0.44,44,0.5224,1.0,False
Hindi,坎卦-static,ĩ,0.438,3,0.4925,1.0,False
Hindi,坎卦-static,ɳ,-0.437,3,0.4428,1.0,False
Hindi,離卦-dynamic,tʰ,0.436,8,0.4129,1.0,False
Hindi,坎卦-dynamic,s,-0.432,6,0.6667,1.0,False
Hindi,震卦-static,kʰ,0.432,15,0.3383,1.0,False
Hindi,震卦-dynamic,ɖ,0.428,7,0.4627,1.0,False
Hindi,坤卦-static,m,0.425,15,0.6119,1.0,False
Hindi,坎卦-static,ɔ,-0.419,3,0.4428,1.0,False
Hindi,離卦-dynamic,c,0.417,21,0.4328,1.0,False
Hindi,中卦-dynamic,ʋ,0.414,3,0.796,1.0,False
Hindi,乾卦-dynamic,ʋ,0.414,3,0.7363,1.0,False
Hindi,坤卦-dynamic,r,-0.413,8,0.4428,1.0,False
Hindi,震卦-static,l,0.41,62,0.4129,1.0,False
Hindi,震卦-dynamic,ʃ,-0.407,5,0.5323,1.0,False
Hindi,艮卦-static,bʰ,0.404,6,0.5522,1.0,False
Hindi,巽卦-static,ɾ,0.403,14,0.7413,1.0,False
Hindi,震卦-static,ʃ,-0.402,9,0.3781,1.0,False
Hindi,坎卦-static,ɡ,0.401,27,0.4677,1.0,False
Hindi,巽卦-static,ɪ,0.398,8,0.7811,1.0,False
Hindi,中卦-dynamic,a,-0.397,13,0.8259,1.0,False
Hindi,中卦-static,d,-0.392,15,0.4925,1.0,False
Hindi,巽卦-static,t,-0.39,4,0.7811,1.0,False
Hindi,中卦-dynamic,i,-0.388,5,0.796,1.0,False
Hindi,中卦-static,p,0.386,31,0.4925,1.0,False
Hindi,坎卦-static,e,-0.385,19,0.4925,1.0,False
Hindi,坎卦-static,t,0.385,29,0.4478,1.0,False
Hindi,巽卦-static,a,0.385,20,0.7512,1.0,False
Hindi,離卦-dynamic,ə,-0.382,90,0.4577,1.0,False
Hindi,震卦-static,ẽ,-0.379,3,0.4279,1.0,False
Hindi,兌卦-dynamic,ʋ,-0.379,14,0.4577,1.0,False
Hindi,兌卦-static,p,0.375,3,0.8607,1.0,False
Hindi,坎卦-static,ɾ,0.371,71,0.4378,1.0,False
Hindi,離卦-dynamic,ɾ,-0.371,90,0.4328,1.0,False
Hindi,兌卦-dynamic,pʰ,-0.371,4,0.5224,1.0,False
Hindi,震卦-dynamic,ʈ,-0.37,13,0.5373,1.0,False
Hindi,震卦-dynamic,ʊ,-0.366,12,0.5274,1.0,False
Hindi,震卦-static,d,-0.365,21,0.4328,1.0,False
Hindi,坤卦-dynamic,u,-0.361,13,0.4726,1.0,False
Hindi,震卦-dynamic,s,0.36,32,0.5473,1.0,False
Hindi,離卦-static,ʊ,0.357,3,0.796,1.0,False
Hindi,坤卦-dynamic,ã,0.356,11,0.5224,1.0,False
Hindi,中卦-static,r,-0.352,7,0.5174,1.0,False
Hindi,離卦-dynamic,p,-0.351,37,0.5025,1.0,False
Hindi,中卦-dynamic,ɾ,-0.347,9,0.791,1.0,False
Hindi,坤卦-dynamic,ɪ,-0.346,37,0.5423,1.0,False
Hindi,坤卦-dynamic,ŋ,0.345,6,0.4428,1.0,False
Hindi,坎卦-static,ẽ,0.345,6,0.4577,1.0,False
Hindi,艮卦-static,c,0.341,9,0.5672,1.0,False
Hindi,兌卦-dynamic,h,0.338,24,0.4776,1.0,False
Hindi,震卦-static,a,-0.337,119,0.4279,1.0,False
Hindi,坤卦-dynamic,ũ,0.336,5,0.5771,1.0,False
Hindi,乾卦-static,ʊ,0.336,9,0.7313,1.0,False
Hindi,乾卦-dynamic,ɡ,0.336,4,0.7761,1.0,False
Hindi,震卦-static,u,-0.334,15,0.4726,1.0,False
Hindi,艮卦-static,l,-0.333,21,0.6219,1.0,False
Hindi,離卦-dynamic,ɟ,0.332,24,0.5025,1.0,False
Hindi,艮卦-dynamic,ʌ,-0.331,42,0.4975,1.0,False
Hindi,中卦-static,n,-0.329,33,0.5522,1.0,False
Hindi,艮卦-dynamic,a,0.326,97,0.6368,1.0,False
Hindi,艮卦-dynamic,e,-0.323,19,0.5721,1.0,False
Hindi,坤卦-dynamic,k,-0.322,49,0.4776,1.0,False
Hindi,震卦-static,n,0.322,66,0.4627,1.0,False
Hindi,坎卦-static,dʰ,-0.319,4,0.5522,1.0,False
Hindi,中卦-static,u,-0.318,11,0.602,1.0,False
Hindi,震卦-dynamic,i,-0.318,26,0.6269,1.0,False
Hindi,震卦-dynamic,ɡ,-0.316,14,0.6119,1.0,False
Hindi,中卦-static,k,0.313,51,0.5473,1.0,False
Hindi,兌卦-dynamic,e,0.312,31,0.607,1.0,False
Hindi,艮卦-dynamic,pʰ,0.311,7,0.6169,1.0,False
Hindi,兌卦-dynamic,t,-0.311,24,0.5721,1.0,False
Hindi,坤卦-static,ɪ,0.31,17,0.6816,1.0,False
Hindi,震卦-static,ɔ,-0.309,5,0.5274,1.0,False
Hindi,兌卦-dynamic,ɳ,-0.309,4,0.5622,1.0,False
Hindi,坎卦-dynamic,p,-0.308,5,0.8259,1.0,False
Hindi,震卦-static,o,-0.307,18,0.5522,1.0,False
Hindi,巽卦-static,ʊ,0.305,4,0.8308,1.0,False
Hindi,坎卦-static,ʈ,-0.304,18,0.592,1.0,False
Hindi,坤卦-dynamic,dʰ,0.301,10,0.5522,1.0,False
Hindi,坤卦-static,b,-0.299,8,0.7164,1.0,False
Hindi,兌卦-static,ɪ,-0.298,3,0.9005,1.0,False
Hindi,坤卦-static,ə,-0.296,26,0.6716,1.0,False
Hindi,艮卦-static,o,-0.296,9,0.6766,1.0,False
Hindi,坎卦-static,r,0.291,12,0.6965,1.0,False
Hindi,艮卦-dynamic,l,0.286,41,0.6169,1.0,False
Hindi,艮卦-static,i,0.282,29,0.6667,1.0,False
Hindi,坤卦-dynamic,j,0.274,19,0.6418,1.0,False
Hindi,艮卦-static,n,0.274,32,0.6866,1.0,False
Hindi,坤卦-dynamic,i,-0.273,42,0.5672,1.0,False
Hindi,坤卦-static,c,-0.272,4,0.7015,1.0,False
Hindi,震卦-dynamic,n,0.269,36,0.607,1.0,False
Hindi,離卦-dynamic,ʊ,0.266,31,0.5672,1.0,False
Hindi,坤卦-static,ʊ,-0.265,7,0.7512,1.0,False
Hindi,離卦-dynamic,kʰ,-0.26,10,0.6119,1.0,False
Hindi,艮卦-static,ə,-0.258,42,0.607,1.0,False
Hindi,艮卦-static,d,-0.256,11,0.7264,1.0,False
Hindi,艮卦-static,r,0.255,8,0.6517,1.0,False
Hindi,乾卦-static,t,0.255,12,0.7512,1.0,False
Hindi,震卦-dynamic,r,0.251,9,0.6119,1.0,False
Hindi,離卦-dynamic,r,-0.251,12,0.602,1.0,False
Hindi,中卦-static,ã,-0.242,3,0.6567,1.0,False
Hindi,坤卦-static,a,-0.24,38,0.7214,1.0,False
Hindi,離卦-dynamic,d,-0.237,25,0.6468,1.0,False
Hindi,離卦-static,e,-0.236,3,0.8955,1.0,False
Hindi,乾卦-static,o,-0.234,6,0.8209,1.0,False
Hindi,乾卦-static,n,0.233,20,0.7761,1.0,False
Hindi,離卦-dynamic,bʰ,-0.231,8,0.5821,1.0,False
Hindi,艮卦-static,ɡ,0.23,17,0.6617,1.0,False
Hindi,中卦-dynamic,l,-0.23,5,0.8706,1.0,False
Hindi,坤卦-static,d,-0.229,7,0.7512,1.0,False
Hindi,離卦-dynamic,o,0.229,28,0.6716,1.0,False
Hindi,坎卦-static,ɪ,-0.228,32,0.6816,1.0,False
Hindi,震卦-static,ʋ,-0.228,19,0.6318,1.0,False
Hindi,坤卦-dynamic,m,-0.226,31,0.6667,1.0,False
Hindi,中卦-static,i,-0.225,35,0.6965,1.0,False
Hindi,兌卦-dynamic,l,-0.224,37,0.7065,1.0,False
Hindi,兌卦-dynamic,c,0.223,14,0.7015,1.0,False
Hindi,坎卦-static,j,-0.22,11,0.7363,1.0,False
Hindi,震卦-static,h,-0.219,20,0.592,1.0,False
Hindi,中卦-static,ʃ,0.218,13,0.7463,1.0,False
Hindi,艮卦-static,pʰ,-0.217,3,0.7562,1.0,False
Hindi,艮卦-dynamic,ɔ,-0.217,4,0.6965,1.0,False
Hindi,坎卦-static,l,-0.217,33,0.6965,1.0,False
Hindi,離卦-dynamic,ã,-0.217,5,0.6965,1.0,False
Hindi,坎卦-dynamic,b,-0.216,4,0.8607,1.0,False
Hindi,坎卦-dynamic,ʈ,-0.211,4,0.9055,1.0,False
Hindi,艮卦-dynamic,ɪ,-0.21,31,0.6915,1.0,False
Hindi,艮卦-dynamic,t,0.208,26,0.7612,1.0,False
Hindi,坎卦-static,õ,0.205,3,0.6766,1.0,False
Hindi,兌卦-static,i,0.204,4,0.9204,1.0,False
Hindi,坎卦-dynamic,ɡ,-0.203,4,0.8806,1.0,False
Hindi,中卦-dynamic,e,0.203,4,0.9104,1.0,False
Hindi,乾卦-dynamic,e,0.203,4,0.8458,1.0,False
Hindi,震卦-static,ʂ,0.202,5,0.6517,1.0,False
Hindi,坤卦-dynamic,ɔ,0.199,8,0.6716,1.0,False
Hindi,兌卦-dynamic,ɟ,-0.199,13,0.6816,1.0,False
Hindi,艮卦-dynamic,cʰ,-0.197,4,0.7761,1.0,False
Hindi,中卦-dynamic,ɡ,-0.197,3,0.8955,1.0,False
Hindi,坎卦-dynamic,h,0.196,4,0.8706,1.0,False
Hindi,中卦-dynamic,ʊ,0.195,3,0.9005,1.0,False
Hindi,乾卦-dynamic,ʊ,0.195,3,0.8905,1.0,False
Hindi,坤卦-dynamic,ɳ,0.194,7,0.6766,1.0,False
Hindi,艮卦-static,ʈ,0.191,18,0.7363,1.0,False
Hindi,坎卦-static,m,-0.185,26,0.7811,1.0,False
Hindi,坤卦-static,kʰ,-0.183,3,0.7612,1.0,False
Hindi,中卦-dynamic,ʈ,0.182,4,0.8657,1.0,False
Hindi,震卦-static,ã,-0.18,5,0.6617,1.0,False
Hindi,兌卦-dynamic,k,0.179,55,0.6816,1.0,False
Hindi,坤卦-dynamic,pʰ,0.178,8,0.7612,1.0,False
Hindi,離卦-dynamic,k,0.175,75,0.7214,1.0,False
Hindi,中卦-dynamic,m,-0.172,4,0.9005,1.0,False
Hindi,艮卦-static,cʰ,-0.171,3,0.7811,1.0,False
Hindi,艮卦-static,ʌ,0.17,35,0.7562,1.0,False
Hindi,坤卦-static,ɾ,0.168,29,0.8507,1.0,False
Hindi,坎卦-static,ɛ,-0.168,4,0.7463,1.0,False
Hindi,震卦-static,k,-0.165,59,0.7413,1.0,False
Hindi,兌卦-dynamic,cʰ,-0.165,5,0.7811,1.0,False
Hindi,震卦-static,dʰ,0.164,10,0.6418,1.0,False
Hindi,兌卦-dynamic,u,-0.159,14,0.791,1.0,False
Hindi,兌卦-static,m,0.155,3,0.8955,1.0,False
Hindi,震卦-static,f,0.153,3,0.7015,1.0,False
Hindi,坎卦-static,tʰ,0.152,4,0.7612,1.0,False
Hindi,中卦-static,ɪ,-0.15,33,0.7811,1.0,False
Hindi,震卦-dynamic,kʰ,0.148,7,0.8458,1.0,False
Hindi,兌卦-dynamic,ɛ,0.148,6,0.7711,1.0,False
Hindi,坤卦-static,n,-0.146,16,0.8109,1.0,False
Hindi,離卦-dynamic,dʰ,-0.141,8,0.7512,1.0,False
Hindi,艮卦-dynamic,kʰ,-0.138,7,0.7861,1.0,False
Hindi,艮卦-dynamic,ʈ,-0.138,20,0.8507,1.0,False
Hindi,離卦-static,ɾ,-0.137,9,0.9353,1.0,False
Hindi,艮卦-static,ʋ,-0.136,10,0.8955,1.0,False
Hindi,兌卦-dynamic,ɡʰ,-0.136,3,0.8259,1.0,False
Hindi,震卦-dynamic,k,0.134,37,0.7811,1.0,False
Hindi,坎卦-dynamic,ʋ,-0.132,3,0.9104,1.0,False
Hindi,坎卦-static,s,-0.131,34,0.796,1.0,False
Hindi,坎卦-static,a,-0.129,91,0.8109,1.0,False
Hindi,坤卦-static,ʈ,-0.128,9,0.8756,1.0,False
Hindi,中卦-dynamic,p,-0.128,4,0.9254,1.0,False
Hindi,兌卦-dynamic,ʌ,0.128,57,0.8159,1.0,False
Hindi,乾卦-dynamic,p,-0.128,4,0.9353,1.0,False
Hindi,艮卦-dynamic,h,0.125,18,0.8308,1.0,False
Hindi,坤卦-dynamic,n,0.123,53,0.8358,1.0,False
Hindi,兌卦-dynamic,dʰ,-0.122,6,0.8109,1.0,False
Hindi,坎卦-static,ʃ,0.119,12,0.801,1.0,False
Hindi,艮卦-dynamic,ɛ,0.118,5,0.8607,1.0,False
Hindi,兌卦-dynamic,kʰ,0.115,10,0.8408,1.0,False
Hindi,坤卦-dynamic,ɟ,0.112,17,0.8607,1.0,False
Hindi,兌卦-dynamic,r,-0.112,10,0.8209,1.0,False
Hindi,乾卦-static,dʰ,0.108,3,0.9154,1.0,False
Hindi,坎卦-static,pʰ,-0.106,5,0.8308,1.0,False
Hindi,中卦-static,ɔ,0.106,6,0.8458,1.0,False
Hindi,艮卦-static,ɖ,0.105,5,0.8955,1.0,False
Hindi,坤卦-dynamic,ʂ,0.104,4,0.8657,1.0,False
Hindi,中卦-static,ŋ,-0.102,3,0.8358,1.0,False
Hindi,艮卦-dynamic,c,-0.1,10,0.7861,1.0,False
Hindi,艮卦-dynamic,ɖ,0.098,7,0.8557,1.0,False
Hindi,坎卦-static,ʋ,-0.097,15,0.8756,1.0,False
Hindi,乾卦-dynamic,a,-0.097,14,0.9403,1.0,False
Hindi,震卦-static,ɟ,0.096,19,0.8408,1.0,False
Hindi,離卦-dynamic,ʌ,0.092,77,0.8557,1.0,False
Hindi,艮卦-static,ʊ,-0.091,12,0.9104,1.0,False
Hindi,震卦-static,ɛ,0.091,7,0.8507,1.0,False
Hindi,震卦-static,b,-0.084,29,0.8408,1.0,False
Hindi,坤卦-static,t,0.081,11,0.9254,1.0,False
Hindi,艮卦-dynamic,ã,0.08,6,0.9005,1.0,False
Hindi,艮卦-static,ɔ,0.078,4,0.9453,1.0,False
Hindi,艮卦-dynamic,ɟ,-0.077,12,0.8955,1.0,False
Hindi,坤卦-static,i,-0.075,16,0.9502,1.0,False
Hindi,兌卦-dynamic,d,0.071,21,0.8657,1.0,False
Hindi,乾卦-static,bʰ,0.068,3,0.9552,1.0,False
Hindi,坎卦-static,h,0.066,18,0.9005,1.0,False
Hindi,震卦-static,ə,-0.065,91,0.8756,1.0,False
Hindi,兌卦-dynamic,ʂ,-0.064,3,0.9303,1.0,False
Hindi,乾卦-dynamic,i,0.063,6,0.9552,1.0,False
Hindi,兌卦-dynamic,b,-0.062,24,0.9104,1.0,False
Hindi,坤卦-dynamic,c,-0.061,13,0.8756,1.0,False
Hindi,巽卦-static,ə,-0.052,13,0.9303,1.0,False
Hindi,坤卦-dynamic,ɛ,0.05,6,0.9602,1.0,False
Hindi,兌卦-dynamic,ẽ,0.049,5,0.9453,1.0,False
Hindi,兌卦-dynamic,tʰ,0.047,4,0.9453,1.0,False
Hindi,震卦-dynamic,a,0.046,73,0.9403,1.0,False
Hindi,離卦-dynamic,ŋ,-0.045,5,0.9502,1.0,False
Hindi,艮卦-static,ã,0.042,4,0.9652,1.0,False
Hindi,離卦-dynamic,ʋ,0.042,25,0.9204,1.0,False
Hindi,艮卦-dynamic,ə,0.041,66,0.9403,1.0,False
Hindi,兌卦-dynamic,m,0.04,33,0.9254,1.0,False
Hindi,兌卦-static,a,-0.037,9,1.0,1.0,False
Hindi,兌卦-dynamic,ũ,0.037,3,0.99,1.0,False
Hindi,中卦-static,ɡʰ,-0.036,3,0.9701,1.0,False
Hindi,兌卦-static,n,0.032,4,0.995,1.0,False
Hindi,坤卦-static,o,0.031,7,0.99,1.0,False
Hindi,坤卦-dynamic,l,0.028,46,0.9453,1.0,False
Hindi,坎卦-static,ʂ,0.028,3,0.9453,1.0,False
Hindi,震卦-dynamic,h,-0.026,13,0.9801,1.0,False
Hindi,中卦-static,m,0.025,29,0.9652,1.0,False
Hindi,艮卦-static,e,-0.023,16,0.9652,1.0,False
Hindi,中卦-static,dʰ,-0.02,6,0.9851,1.0,False
Hindi,坎卦-static,u,0.018,14,0.9602,1.0,False
Hindi,坤卦-static,ʌ,0.017,21,0.9751,1.0,False
Hindi,坤卦-dynamic,ẽ,-0.016,5,0.9851,1.0,False
Hindi,艮卦-static,ɟ,0.014,9,0.9751,1.0,False
Hindi,坎卦-static,d,-0.013,18,0.9751,1.0,False
Hindi,震卦-dynamic,d,0.011,14,0.99,1.0,False
Hindi,震卦-static,cʰ,-0.007,8,0.995,1.0,False
Hindi,離卦-static,ʌ,-0.007,7,1.0,1.0,False
Hindi,坤卦-dynamic,ɡ,0.004,27,1.0,1.0,False
Hindi,艮卦-static,b,-0.004,15,1.0,1.0,False
Hindi,坎卦-static,o,-0.002,16,1.0,1.0,False
Hindi,震卦-dynamic,bʰ,-0.002,5,1.0,1.0,False
Hindi,震卦-static,ʌ,-0.001,67,1.0,1.0,False
Hungarian,乾卦-static,ɲ,3.342,17,0.005,0.3918,False
Hungarian,坤卦-static,e,2.836,34,0.005,0.3918,False
Hungarian,坎卦-dynamic,ø,2.547,22,0.005,0.3918,False
Hungarian,兌卦-dynamic,l,2.053,104,0.005,0.3918,False
Hungarian,坎卦-static,k,1.901,79,0.005,0.3918,False
Hungarian,坎卦-static,a,-1.886,20,0.005,0.3918,False
Hungarian,離卦-dynamic,z,1.864,53,0.005,0.3918,False
Hungarian,中卦-static,ʃ,1.455,74,0.005,0.3918,False
Hungarian,巽卦-static,u,2.824,10,0.0149,0.4701,False
Hungarian,坎卦-dynamic,a,2.319,24,0.0149,0.4701,False
Hungarian,兌卦-dynamic,i,1.91,105,0.01,0.4701,False
Hungarian,坤卦-dynamic,ɡ,1.758,46,0.01,0.4701,False
Hungarian,艮卦-dynamic,t͡s,1.749,11,0.0149,0.4701,False
Hungarian,兌卦-dynamic,r,-1.695,39,0.0149,0.4701,False
Hungarian,坎卦-static,b,1.6,45,0.0149,0.4701,False
Hungarian,中卦-static,z,1.593,31,0.0149,0.4701,False
Hungarian,坎卦-static,ʃ,-1.571,23,0.0149,0.4701,False
Hungarian,坎卦-static,v,1.515,36,0.0149,0.4701,False
Hungarian,離卦-dynamic,t,1.348,141,0.01,0.4701,False
Hungarian,震卦-static,t͡s,1.388,10,0.0199,0.597,False
Hungarian,巽卦-static,m,2.605,13,0.0249,0.6269,False
Hungarian,坤卦-static,l,-1.821,14,0.0299,0.6269,False
Hungarian,中卦-static,d,-1.457,10,0.0299,0.6269,False
Hungarian,艮卦-static,k,1.429,51,0.0299,0.6269,False
Hungarian,兌卦-dynamic,n,1.377,81,0.0299,0.6269,False
Hungarian,兌卦-dynamic,o,-1.364,38,0.0299,0.6269,False
Hungarian,震卦-dynamic,v,-1.298,5,0.0299,0.6269,False
Hungarian,離卦-dynamic,d,1.145,53,0.0249,0.6269,False
Hungarian,兌卦-static,j,2.938,10,0.0348,0.6453,False
Hungarian,乾卦-dynamic,t͡ʃ,2.887,5,0.0348,0.6453,False
Hungarian,離卦-dynamic,s,1.1,68,0.0348,0.6453,False
Hungarian,巽卦-dynamic,ɑ,3.367,9,0.0498,0.6965,False
Hungarian,乾卦-dynamic,r,2.464,14,0.0498,0.6965,False
Hungarian,震卦-static,ʒ,1.479,4,0.0498,0.6965,False
Hungarian,坤卦-dynamic,ʒ,1.376,4,0.0398,0.6965,False
Hungarian,艮卦-static,y,1.36,15,0.0498,0.6965,False
Hungarian,艮卦-static,ɲ,1.226,24,0.0498,0.6965,False
Hungarian,艮卦-dynamic,h,1.144,35,0.0448,0.6965,False
Hungarian,坤卦-dynamic,r,1.058,81,0.0398,0.6965,False
Hungarian,巽卦-static,o,2.35,23,0.0547,0.7183,False
Hungarian,坎卦-dynamic,f,1.765,14,0.0547,0.7183,False
Hungarian,震卦-static,r,-1.137,43,0.0547,0.7183,False
Hungarian,震卦-dynamic,d,1.157,24,0.0697,0.8248,False
Hungarian,坤卦-dynamic,y,1.146,19,0.0697,0.8248,False
Hungarian,艮卦-dynamic,l,1.128,75,0.0647,0.8248,False
Hungarian,兌卦-dynamic,ɛ,1.059,118,0.0697,0.8248,False
Hungarian,中卦-static,n,1.041,71,0.0697,0.8248,False
Hungarian,中卦-static,h,-1.007,7,0.0746,0.8248,False
Hungarian,離卦-dynamic,h,-0.882,14,0.0746,0.8248,False
Hungarian,艮卦-static,d,-1.131,9,0.0796,0.85,False
Hungarian,艮卦-dynamic,z,1.084,23,0.0796,0.85,False
Hungarian,中卦-dynamic,ɟ,2.225,3,0.0846,0.8548,False
Hungarian,兌卦-dynamic,ʎ,1.669,4,0.0896,0.8548,False
Hungarian,乾卦-static,ɡ,1.657,12,0.0896,0.8548,False
Hungarian,震卦-static,h,-1.033,6,0.0846,0.8548,False
Hungarian,震卦-static,ʃ,-1.01,30,0.0896,0.8548,False
Hungarian,艮卦-dynamic,p,-0.959,9,0.0896,0.8548,False
Hungarian,離卦-dynamic,i,0.824,118,0.0896,0.8548,False
Hungarian,兌卦-static,o,2.094,20,0.0945,0.8631,False
Hungarian,離卦-static,b,1.88,10,0.0945,0.8631,False
Hungarian,坤卦-dynamic,m,-0.98,22,0.0945,0.8631,False
Hungarian,離卦-static,y,1.88,5,0.1045,0.8661,False
Hungarian,坤卦-static,a,-1.136,12,0.0995,0.8661,False
Hungarian,艮卦-static,ø,0.996,28,0.1045,0.8661,False
Hungarian,震卦-static,j,0.953,30,0.1045,0.8661,False
Hungarian,震卦-static,i,-0.933,29,0.1045,0.8661,False
Hungarian,坤卦-dynamic,ɛ,0.887,104,0.1045,0.8661,False
Hungarian,巽卦-dynamic,h,3.164,3,0.1294,0.8669,False
Hungarian,兌卦-static,t,-2.115,5,0.1244,0.8669,False
Hungarian,兌卦-static,s,1.847,8,0.1294,0.8669,False
Hungarian,巽卦-static,k,-1.774,3,0.1294,0.8669,False
Hungarian,離卦-static,r,1.701,19,0.1144,0.8669,False
Hungarian,乾卦-static,t͡s,1.6,3,0.1144,0.8669,False
Hungarian,坎卦-dynamic,v,1.514,13,0.1244,0.8669,False
Hungarian,兌卦-dynamic,z,1.0,26,0.1095,0.8669,False
Hungarian,坎卦-static,ɛ,0.919,107,0.1194,0.8669,False
Hungarian,中卦-static,ɟ,0.916,16,0.1194,0.8669,False
Hungarian,艮卦-dynamic,ɟ,-0.912,4,0.1244,0.8669,False
Hungarian,中卦-static,l,-0.894,50,0.1144,0.8669,False
Hungarian,兌卦-dynamic,b,-0.891,8,0.1144,0.8669,False
Hungarian,艮卦-dynamic,u,0.861,30,0.1244,0.8669,False
Hungarian,震卦-static,ɟ,0.826,14,0.1194,0.8669,False
Hungarian,離卦-dynamic,u,-0.791,17,0.1294,0.8669,False
Hungarian,乾卦-dynamic,ʃ,2.194,11,0.1343,0.8689,False
Hungarian,乾卦-static,m,1.555,16,0.1393,0.8689,False
Hungarian,乾卦-static,l,-1.506,10,0.1393,0.8689,False
Hungarian,艮卦-dynamic,b,-0.88,7,0.1393,0.8689,False
Hungarian,兌卦-dynamic,p,-0.83,12,0.1343,0.8689,False
Hungarian,離卦-static,p,1.779,8,0.1443,0.8765,False
Hungarian,乾卦-static,k,-1.466,6,0.1642,0.8765,False
Hungarian,坤卦-static,k,1.12,28,0.1642,0.8765,False
Hungarian,震卦-static,y,-0.839,5,0.1592,0.8765,False
Hungarian,震卦-static,v,0.823,27,0.1592,0.8765,False
Hungarian,中卦-static,k,0.819,63,0.1642,0.8765,False
Hungarian,離卦-dynamic,n,0.816,104,0.1592,0.8765,False
Hungarian,中卦-static,t͡ʃ,-0.81,5,0.1542,0.8765,False
Hungarian,坤卦-dynamic,d,0.805,29,0.1542,0.8765,False
Hungarian,離卦-dynamic,o,-0.796,83,0.1443,0.8765,False
Hungarian,兌卦-dynamic,ʃ,-0.788,38,0.1542,0.8765,False
Hungarian,震卦-static,l,0.752,71,0.1642,0.8765,False
Hungarian,震卦-static,a,0.749,46,0.1642,0.8765,False
Hungarian,離卦-dynamic,f,-0.741,18,0.1642,0.8765,False
Hungarian,離卦-dynamic,ɟ,-0.721,9,0.1592,0.8765,False
Hungarian,離卦-dynamic,k,-0.701,58,0.1592,0.8765,False
Hungarian,兌卦-static,u,1.789,7,0.1741,0.8786,False
Hungarian,兌卦-static,f,1.777,6,0.1791,0.8786,False
Hungarian,坤卦-static,m,-1.061,9,0.1791,0.8786,False
Hungarian,艮卦-static,f,0.908,21,0.1841,0.8786,False
Hungarian,艮卦-static,t,0.888,57,0.1741,0.8786,False
Hungarian,艮卦-static,p,0.845,21,0.1791,0.8786,False
Hungarian,艮卦-dynamic,t,-0.835,48,0.1791,0.8786,False
Hungarian,艮卦-dynamic,k,0.834,56,0.1741,0.8786,False
Hungarian,艮卦-static,n,-0.821,21,0.1791,0.8786,False
Hungarian,震卦-dynamic,h,-0.819,7,0.1741,0.8786,False
Hungarian,艮卦-dynamic,i,0.806,66,0.1841,0.8786,False
Hungarian,離卦-dynamic,ɛ,0.601,161,0.1841,0.8786,False
Hungarian,中卦-dynamic,t,1.798,12,0.2587,0.8807,False
Hungarian,中卦-dynamic,b,1.726,6,0.2985,0.8807,False
Hungarian,中卦-dynamic,y,1.716,3,0.3483,0.8807,False
Hungarian,中卦-dynamic,m,1.644,8,0.2985,0.8807,False
Hungarian,巽卦-dynamic,t,1.586,4,0.5075,0.8807,False
Hungarian,兌卦-static,ɟ,1.566,3,0.2289,0.8807,False
Hungarian,巽卦-static,l,1.552,15,0.2289,0.8807,False
Hungarian,中卦-dynamic,n,1.486,10,0.3383,0.8807,False
Hungarian,離卦-static,ʃ,-1.471,5,0.2438,0.8807,False
Hungarian,中卦-dynamic,i,1.389,11,0.3483,0.8807,False
Hungarian,乾卦-dynamic,n,1.38,10,0.3582,0.8807,False
Hungarian,乾卦-dynamic,s,1.377,6,0.3831,0.8807,False
Hungarian,兌卦-static,a,-1.349,4,0.3035,0.8807,False
Hungarian,巽卦-static,t͡ʃ,1.301,4,0.3682,0.8807,False
Hungarian,乾卦-dynamic,i,1.285,11,0.3582,0.8807,False
Hungarian,乾卦-dynamic,t,-1.277,6,0.3781,0.8807,False
Hungarian,巽卦-static,ɡ,1.258,7,0.3632,0.8807,False
Hungarian,中卦-dynamic,o,-1.236,5,0.4279,0.8807,False
Hungarian,中卦-dynamic,e,1.227,7,0.4328,0.8807,False
Hungarian,離卦-static,a,1.205,11,0.3383,0.8807,False
Hungarian,坎卦-dynamic,e,-1.184,6,0.2438,0.8807,False
Hungarian,乾卦-dynamic,ɑ,1.18,17,0.4328,0.8807,False
Hungarian,兌卦-static,v,1.169,5,0.4229,0.8807,False
Hungarian,巽卦-static,t,-1.153,8,0.3582,0.8807,False
Hungarian,坎卦-dynamic,ɟ,1.1,6,0.2239,0.8807,False
Hungarian,巽卦-static,ɑ,1.051,21,0.408,0.8807,False
Hungarian,乾卦-dynamic,k,-1.02,4,0.4826,0.8807,False
Hungarian,離卦-static,e,-0.989,4,0.4279,0.8807,False
Hungarian,坎卦-dynamic,ɑ,-0.985,20,0.3134,0.8807,False
Hungarian,巽卦-static,b,0.978,6,0.4527,0.8807,False
Hungarian,乾卦-dynamic,a,-0.947,4,0.4876,0.8807,False
Hungarian,坎卦-dynamic,n,-0.897,10,0.3284,0.8807,False
Hungarian,坤卦-static,u,-0.867,4,0.2537,0.8807,False
Hungarian,離卦-static,l,-0.846,10,0.4925,0.8807,False
Hungarian,離卦-static,m,-0.839,5,0.4925,0.8807,False
Hungarian,乾卦-static,s,0.832,10,0.4328,0.8807,False
Hungarian,乾卦-static,i,0.826,19,0.403,0.8807,False
Hungarian,乾卦-static,a,0.804,13,0.4876,0.8807,False
Hungarian,艮卦-dynamic,ɲ,-0.801,3,0.204,0.8807,False
Hungarian,坎卦-dynamic,ɡ,-0.793,7,0.3532,0.8807,False
Hungarian,坤卦-static,s,0.792,16,0.2239,0.8807,False
Hungarian,坎卦-dynamic,ʃ,0.787,22,0.3632,0.8807,False
Hungarian,震卦-dynamic,l,0.785,56,0.2289,0.8807,False
Hungarian,坤卦-static,h,0.784,14,0.3085,0.8807,False
Hungarian,離卦-static,ɛ,0.773,21,0.4975,0.8807,False
Hungarian,乾卦-static,ɛ,0.769,27,0.4428,0.8807,False
Hungarian,艮卦-dynamic,ʃ,-0.757,33,0.2338,0.8807,False
Hungarian,坎卦-dynamic,y,0.752,6,0.4378,0.8807,False
Hungarian,坤卦-static,p,0.751,12,0.3085,0.8807,False
Hungarian,坤卦-static,i,-0.747,15,0.2836,0.8807,False
Hungarian,震卦-dynamic,a,0.746,36,0.2687,0.8807,False
Hungarian,坤卦-static,ɑ,-0.742,27,0.2886,0.8807,False
Hungarian,中卦-static,v,-0.742,13,0.2736,0.8807,False
Hungarian,艮卦-dynamic,ɛ,-0.734,60,0.2438,0.8807,False
Hungarian,震卦-dynamic,t͡s,0.723,6,0.2786,0.8807,False
Hungarian,坎卦-dynamic,i,-0.72,13,0.4527,0.8807,False
Hungarian,中卦-static,ʒ,0.719,3,0.2985,0.8807,False
Hungarian,坎卦-dynamic,h,-0.714,4,0.3532,0.8807,False
Hungarian,艮卦-static,h,-0.708,8,0.2687,0.8807,False
Hungarian,兌卦-dynamic,s,0.704,39,0.2338,0.8807,False
Hungarian,坎卦-static,n,-0.693,32,0.2289,0.8807,False
Hungarian,乾卦-static,r,0.686,20,0.5075,0.8807,False
Hungarian,中卦-static,t͡s,-0.68,3,0.2488,0.8807,False
Hungarian,坤卦-static,f,-0.677,5,0.2935,0.8807,False
Hungarian,艮卦-static,z,-0.673,6,0.2736,0.8807,False
Hungarian,坎卦-dynamic,d,-0.671,6,0.4677,0.8807,False
Hungarian,離卦-dynamic,ʃ,-0.668,61,0.2388,0.8807,False
Hungarian,坤卦-dynamic,t͡ʃ,-0.666,6,0.2587,0.8807,False
Hungarian,兌卦-dynamic,v,0.663,29,0.2488,0.8807,False
Hungarian,坎卦-static,f,-0.657,12,0.3085,0.8807,False
Hungarian,坤卦-static,d,0.654,12,0.3632,0.8807,False
Hungarian,震卦-dynamic,u,0.652,22,0.3284,0.8807,False
Hungarian,坤卦-dynamic,s,-0.649,18,0.2139,0.8807,False
Hungarian,離卦-dynamic,e,0.646,74,0.2189,0.8807,False
Hungarian,坤卦-dynamic,i,-0.645,37,0.2338,0.8807,False
Hungarian,艮卦-static,ɑ,-0.645,48,0.3134,0.8807,False
Hungarian,坤卦-static,r,-0.641,23,0.3383,0.8807,False
Hungarian,兌卦-dynamic,e,-0.635,27,0.2289,0.8807,False
Hungarian,坎卦-dynamic,b,0.634,11,0.4677,0.8807,False
Hungarian,震卦-dynamic,f,-0.633,9,0.3532,0.8807,False
Hungarian,震卦-dynamic,y,-0.63,5,0.393,0.8807,False
Hungarian,坎卦-static,ɲ,-0.619,6,0.2985,0.8807,False
Hungarian,震卦-dynamic,ɛ,0.619,73,0.4179,0.8807,False
Hungarian,坤卦-dynamic,ø,0.615,33,0.2736,0.8807,False
Hungarian,兌卦-dynamic,m,-0.611,30,0.2836,0.8807,False
Hungarian,中卦-static,f,-0.604,13,0.3234,0.8807,False
Hungarian,艮卦-static,a,0.598,34,0.3433,0.8807,False
Hungarian,震卦-dynamic,z,0.591,15,0.3632,0.8807,False
Hungarian,中卦-static,ɛ,0.589,102,0.2935,0.8807,False
Hungarian,坤卦-dynamic,z,-0.587,9,0.2836,0.8807,False
Hungarian,震卦-dynamic,m,0.584,34,0.3881,0.8807,False
Hungarian,坎卦-static,h,-0.582,13,0.2687,0.8807,False
Hungarian,震卦-dynamic,j,0.582,19,0.4129,0.8807,False
Hungarian,坤卦-dynamic,k,-0.575,37,0.2935,0.8807,False
Hungarian,艮卦-dynamic,v,0.575,24,0.3682,0.8807,False
Hungarian,艮卦-dynamic,e,-0.574,24,0.3433,0.8807,False
Hungarian,艮卦-static,ʃ,-0.572,28,0.3333,0.8807,False
Hungarian,艮卦-static,o,-0.57,41,0.3433,0.8807,False
Hungarian,坤卦-static,t͡ʃ,-0.561,3,0.4279,0.8807,False
Hungarian,中卦-static,ø,0.559,34,0.3234,0.8807,False
Hungarian,震卦-static,t͡ʃ,0.556,16,0.3333,0.8807,False
Hungarian,震卦-static,ɑ,0.555,101,0.3184,0.8807,False
Hungarian,坎卦-static,i,-0.551,40,0.3085,0.8807,False
Hungarian,兌卦-dynamic,ɑ,-0.548,75,0.393,0.8807,False
Hungarian,坤卦-dynamic,f,-0.542,13,0.3582,0.8807,False
Hungarian,震卦-static,b,0.525,27,0.3881,0.8807,False
Hungarian,坤卦-dynamic,ʃ,-0.524,39,0.3383,0.8807,False
Hungarian,中卦-static,e,0.522,45,0.3781,0.8807,False
Hungarian,離卦-dynamic,m,-0.517,48,0.2935,0.8807,False
Hungarian,震卦-dynamic,r,0.514,54,0.4378,0.8807,False
Hungarian,震卦-dynamic,e,-0.51,20,0.403,0.8807,False
Hungarian,震卦-static,s,-0.507,19,0.3383,0.8807,False
Hungarian,兌卦-dynamic,ɡ,-0.506,24,0.4328,0.8807,False
Hungarian,中卦-static,y,-0.499,8,0.3682,0.8807,False
Hungarian,離卦-dynamic,r,-0.499,92,0.3383,0.8807,False
Hungarian,中卦-static,i,0.498,67,0.3731,0.8807,False
Hungarian,離卦-dynamic,b,-0.489,22,0.3184,0.8807,False
Hungarian,中卦-static,b,-0.488,14,0.398,0.8807,False
Hungarian,震卦-static,ɛ,0.482,90,0.4627,0.8807,False
Hungarian,艮卦-dynamic,ø,0.474,29,0.4179,0.8807,False
Hungarian,艮卦-static,l,0.473,51,0.4328,0.8807,False
Hungarian,中卦-static,r,-0.468,59,0.4378,0.8807,False
Hungarian,坤卦-static,ɡ,0.466,14,0.4627,0.8807,False
Hungarian,中卦-static,o,-0.466,62,0.4726,0.8807,False
Hungarian,坤卦-dynamic,a,-0.461,35,0.398,0.8807,False
Hungarian,艮卦-dynamic,f,-0.457,13,0.4627,0.8807,False
Hungarian,坎卦-static,t͡ʃ,-0.457,8,0.3582,0.8807,False
Hungarian,兌卦-dynamic,u,-0.456,16,0.4328,0.8807,False
Hungarian,兌卦-dynamic,ɲ,-0.456,9,0.4129,0.8807,False
Hungarian,中卦-static,a,-0.453,37,0.3682,0.8807,False
Hungarian,坤卦-dynamic,ɑ,-0.452,72,0.4478,0.8807,False
Hungarian,坤卦-dynamic,t͡s,0.449,7,0.4279,0.8807,False
Hungarian,艮卦-static,m,-0.441,22,0.4776,0.8807,False
Hungarian,震卦-static,z,-0.432,10,0.398,0.8807,False
Hungarian,艮卦-dynamic,n,0.429,51,0.4726,0.8807,False
Hungarian,兌卦-dynamic,t͡ʃ,0.427,17,0.4876,0.8807,False
Hungarian,震卦-dynamic,t,0.423,53,0.4975,0.8807,False
Hungarian,兌卦-dynamic,t,-0.42,63,0.4378,0.8807,False
Hungarian,坎卦-static,t,0.409,72,0.4229,0.8807,False
Hungarian,坤卦-dynamic,o,0.406,82,0.4328,0.8807,False
Hungarian,坤卦-static,y,0.404,6,0.4925,0.8807,False
Hungarian,離卦-dynamic,c,0.403,3,0.4876,0.8807,False
Hungarian,兌卦-dynamic,y,-0.402,9,0.4925,0.8807,False
Hungarian,坤卦-dynamic,p,0.401,24,0.4876,0.8807,False
Hungarian,中卦-static,ɑ,-0.394,78,0.4975,0.8807,False
Hungarian,離卦-dynamic,t͡ʃ,-0.389,14,0.4328,0.8807,False
Hungarian,中卦-static,t,0.386,74,0.4876,0.8807,False
Hungarian,坎卦-static,s,-0.379,22,0.4627,0.8807,False
Hungarian,艮卦-dynamic,m,-0.374,29,0.5075,0.8807,False
Hungarian,離卦-dynamic,l,-0.365,93,0.4478,0.8807,False
Hungarian,艮卦-dynamic,t͡ʃ,0.359,14,0.5075,0.8807,False
Hungarian,乾卦-static,t,-0.769,14,0.5124,0.8845,False
Hungarian,離卦-dynamic,j,-0.352,17,0.5124,0.8845,False
Hungarian,乾卦-dynamic,m,-0.959,3,0.5274,0.8883,False
Hungarian,乾卦-static,o,-0.705,14,0.5224,0.8883,False
Hungarian,坤卦-static,ɛ,0.505,41,0.5174,0.8883,False
Hungarian,坤卦-static,ɲ,0.403,9,0.5224,0.8883,False
Hungarian,坎卦-static,p,-0.388,16,0.5274,0.8883,False
Hungarian,艮卦-dynamic,a,0.363,41,0.5274,0.8883,False
Hungarian,離卦-dynamic,ɡ,0.316,51,0.5274,0.8883,False
Hungarian,兌卦-static,ɡ,-0.786,3,0.5323,0.8908,False
Hungarian,離卦-static,ø,0.668,7,0.5373,0.8908,False
Hungarian,坎卦-static,ø,0.352,30,0.5373,0.8908,False
Hungarian,坤卦-dynamic,ɲ,0.35,20,0.5373,0.8908,False
Hungarian,離卦-dynamic,t͡s,-0.307,7,0.5373,0.8908,False
Hungarian,離卦-static,i,-0.578,8,0.5423,0.8967,False
Hungarian,乾卦-static,ʃ,0.566,15,0.5473,0.9002,False
Hungarian,巽卦-dynamic,o,1.486,5,0.5622,0.9097,False
Hungarian,中卦-dynamic,a,-0.866,4,0.5871,0.9097,False
Hungarian,中卦-dynamic,ɛ,-0.857,8,0.5821,0.9097,False
Hungarian,離卦-static,ɑ,-0.732,13,0.5721,0.9097,False
Hungarian,坎卦-dynamic,p,0.438,9,0.592,0.9097,False
Hungarian,坤卦-static,t͡s,0.429,3,0.5622,0.9097,False
Hungarian,坤卦-static,z,0.425,8,0.5871,0.9097,False
Hungarian,坤卦-static,ø,0.398,13,0.592,0.9097,False
Hungarian,震卦-dynamic,b,-0.393,11,0.5672,0.9097,False
Hungarian,艮卦-dynamic,o,-0.381,57,0.5871,0.9097,False
Hungarian,艮卦-static,b,-0.369,11,0.5821,0.9097,False
Hungarian,震卦-dynamic,o,-0.368,46,0.5871,0.9097,False
Hungarian,艮卦-dynamic,ɡ,0.348,29,0.592,0.9097,False
Hungarian,坤卦-dynamic,t,-0.341,59,0.5672,0.9097,False
Hungarian,坎卦-static,o,0.306,81,0.592,0.9097,False
Hungarian,坤卦-dynamic,j,-0.305,11,0.5871,0.9097,False
Hungarian,震卦-dynamic,s,-0.292,17,0.592,0.9097,False
Hungarian,震卦-static,n,-0.29,38,0.5672,0.9097,False
Hungarian,震卦-static,ɡ,0.277,29,0.5871,0.9097,False
Hungarian,離卦-dynamic,ø,-0.249,35,0.592,0.9097,False
Hungarian,震卦-static,ɲ,-0.233,11,0.5821,0.9097,False
Hungarian,兌卦-static,m,-0.753,4,0.602,0.9117,False
Hungarian,震卦-static,u,-0.302,16,0.597,0.9117,False
Hungarian,坤卦-dynamic,e,0.285,39,0.602,0.9117,False
Hungarian,震卦-static,d,0.23,23,0.602,0.9117,False
Hungarian,離卦-static,h,0.547,6,0.607,0.9148,False
Hungarian,中卦-static,m,0.275,43,0.607,0.9148,False
Hungarian,巽卦-static,s,-0.691,3,0.6318,0.9214,False
Hungarian,坎卦-dynamic,ɛ,-0.48,26,0.6318,0.9214,False
Hungarian,坤卦-static,n,0.355,23,0.6269,0.9214,False
Hungarian,艮卦-static,v,0.331,17,0.6269,0.9214,False
Hungarian,坤卦-static,t,0.326,30,0.6318,0.9214,False
Hungarian,兌卦-dynamic,h,0.321,28,0.6169,0.9214,False
Hungarian,坎卦-static,r,0.3,70,0.6318,0.9214,False
Hungarian,坎卦-static,m,-0.29,33,0.6219,0.9214,False
Hungarian,坎卦-static,d,0.282,25,0.6219,0.9214,False
Hungarian,離卦-static,o,-0.501,12,0.6418,0.9316,False
Hungarian,兌卦-static,ʃ,0.627,9,0.6617,0.9333,False
Hungarian,兌卦-static,i,-0.598,6,0.6667,0.9333,False
Hungarian,巽卦-static,h,0.558,5,0.6468,0.9333,False
Hungarian,離卦-static,z,0.512,4,0.6667,0.9333,False
Hungarian,離卦-static,f,-0.407,3,0.6617,0.9333,False
Hungarian,艮卦-static,i,-0.297,33,0.6667,0.9333,False
Hungarian,震卦-dynamic,ʃ,-0.289,32,0.6617,0.9333,False
Hungarian,坎卦-static,ɡ,0.282,31,0.6517,0.9333,False
Hungarian,艮卦-dynamic,ɑ,-0.267,73,0.6667,0.9333,False
Hungarian,艮卦-static,ɡ,0.253,22,0.6567,0.9333,False
Hungarian,坤卦-dynamic,l,-0.243,58,0.6617,0.9333,False
Hungarian,離卦-dynamic,p,-0.218,29,0.6716,0.9361,False
Hungarian,巽卦-static,n,-0.522,6,0.6816,0.9376,False
Hungarian,兌卦-static,ɛ,-0.507,11,0.6766,0.9376,False
Hungarian,乾卦-static,ɑ,-0.478,19,0.6766,0.9376,False
Hungarian,離卦-static,u,-0.473,3,0.6816,0.9376,False
Hungarian,震卦-dynamic,n,-0.274,30,0.6816,0.9376,False
Hungarian,巽卦-dynamic,ʃ,1.219,3,0.7015,0.9436,False
Hungarian,乾卦-static,u,-0.434,4,0.7114,0.9436,False
Hungarian,坎卦-dynamic,t͡ʃ,-0.423,3,0.7015,0.9436,False
Hungarian,離卦-static,d,-0.322,4,0.7114,0.9436,False
Hungarian,震卦-dynamic,ɟ,-0.286,6,0.7114,0.9436,False
Hungarian,艮卦-static,u,-0.224,13,0.7114,0.9436,False
Hungarian,艮卦-static,r,-0.214,44,0.6965,0.9436,False
Hungarian,離卦-dynamic,y,-0.203,16,0.6965,0.9436,False
Hungarian,坎卦-static,j,-0.198,13,0.7114,0.9436,False
Hungarian,坎卦-static,ɟ,0.178,11,0.7164,0.9482,False
Hungarian,中卦-dynamic,r,-0.611,7,0.7264,0.9485,False
Hungarian,中卦-dynamic,ɑ,-0.545,9,0.7413,0.9485,False
Hungarian,中卦-dynamic,k,0.442,7,0.7512,0.9485,False
Hungarian,乾卦-static,d,-0.386,5,0.7463,0.9485,False
Hungarian,離卦-static,n,0.351,11,0.7313,0.9485,False
Hungarian,震卦-dynamic,ø,0.254,21,0.7512,0.9485,False
Hungarian,艮卦-static,s,-0.251,17,0.7313,0.9485,False
Hungarian,兌卦-dynamic,t͡s,-0.207,5,0.7413,0.9485,False
Hungarian,艮卦-static,ɟ,0.204,8,0.7463,0.9485,False
Hungarian,艮卦-static,ɛ,-0.179,57,0.7512,0.9485,False
Hungarian,離卦-dynamic,v,-0.176,30,0.7214,0.9485,False
Hungarian,離卦-dynamic,ɲ,-0.154,21,0.7413,0.9485,False
Hungarian,兌卦-dynamic,d,0.208,26,0.7562,0.949,False
Hungarian,坎卦-static,z,-0.188,13,0.7562,0.949,False
Hungarian,震卦-static,k,0.169,47,0.7562,0.949,False
Hungarian,巽卦-static,f,0.407,4,0.7711,0.9601,False
Hungarian,中卦-static,u,-0.133,20,0.7711,0.9601,False
Hungarian,離卦-static,ɡ,-0.309,5,0.7761,0.9644,False
Hungarian,兌卦-static,ɑ,-0.327,12,0.7811,0.9649,False
Hungarian,乾卦-static,j,-0.291,3,0.7811,0.9649,False
Hungarian,兌卦-dynamic,j,-0.191,14,0.7811,0.9649,False
Hungarian,中卦-dynamic,ɲ,0.553,3,0.791,0.9658,False
Hungarian,兌卦-static,r,-0.395,9,0.791,0.9658,False
Hungarian,乾卦-static,t͡ʃ,0.357,4,0.791,0.9658,False
Hungarian,巽卦-static,v,0.335,4,0.791,0.9658,False
Hungarian,乾卦-dynamic,l,0.304,9,0.796,0.9681,False
Hungarian,乾卦-static,p,0.256,6,0.796,0.9681,False
Hungarian,坎卦-static,l,-0.137,61,0.801,0.9704,False
Hungarian,中卦-dynamic,ʃ,0.402,7,0.806,0.9707,False
Hungarian,兌卦-static,l,-0.297,9,0.8259,0.9707,False
Hungarian,坎卦-dynamic,m,-0.275,12,0.8159,0.9707,False
Hungarian,坎卦-dynamic,r,0.252,25,0.8109,0.9707,False
Hungarian,巽卦-static,i,-0.234,8,0.8109,0.9707,False
Hungarian,坎卦-dynamic,j,0.188,7,0.8159,0.9707,False
Hungarian,坤卦-static,b,0.177,10,0.8209,0.9707,False
Hungarian,艮卦-dynamic,r,-0.157,57,0.8159,0.9707,False
Hungarian,乾卦-static,n,0.142,13,0.8259,0.9707,False
Hungarian,兌卦-dynamic,a,-0.135,42,0.8209,0.9707,False
Hungarian,艮卦-dynamic,y,0.106,11,0.8259,0.9707,False
Hungarian,巽卦-static,ʃ,0.323,9,0.8308,0.9711,False
Hungarian,坎卦-dynamic,l,0.19,24,0.8308,0.9711,False
Hungarian,艮卦-dynamic,s,-0.144,23,0.8308,0.9711,False
Hungarian,離卦-dynamic,ɑ,0.099,150,0.8358,0.9733,False
Hungarian,坎卦-dynamic,k,0.149,18,0.8408,0.9773,False
Hungarian,兌卦-static,k,0.27,8,0.8458,0.9777,False
Hungarian,坤卦-dynamic,b,0.104,22,0.8458,0.9777,False
Hungarian,坎卦-static,y,0.101,12,0.8458,0.9777,False
Hungarian,兌卦-static,h,0.301,4,0.8756,0.9788,False
Hungarian,兌卦-static,e,0.226,6,0.8806,0.9788,False
Hungarian,坎卦-dynamic,z,0.19,6,0.8557,0.9788,False
Hungarian,乾卦-static,e,0.185,10,0.8905,0.9788,False
Hungarian,離卦-static,k,-0.184,9,0.8756,0.9788,False
Hungarian,離卦-static,s,0.182,6,0.9104,0.9788,False
Hungarian,巽卦-static,ɲ,0.175,3,0.9005,0.9788,False
Hungarian,中卦-dynamic,u,0.169,3,0.9104,0.9788,False
Hungarian,乾卦-static,h,-0.164,5,0.8756,0.9788,False
Hungarian,乾卦-dynamic,o,-0.16,9,0.8856,0.9788,False
Hungarian,震卦-dynamic,p,0.15,16,0.8657,0.9788,False
Hungarian,坎卦-dynamic,u,-0.132,7,0.8756,0.9788,False
Hungarian,坎卦-static,t͡s,-0.122,5,0.8706,0.9788,False
Hungarian,坎卦-dynamic,t,-0.122,23,0.8955,0.9788,False
Hungarian,坤卦-dynamic,ɟ,-0.12,9,0.9005,0.9788,False
Hungarian,坤卦-dynamic,v,0.112,21,0.8706,0.9788,False
Hungarian,震卦-static,ø,-0.111,22,0.8557,0.9788,False
Hungarian,艮卦-static,t͡ʃ,-0.104,8,0.8856,0.9788,False
Hungarian,震卦-dynamic,k,0.103,36,0.8657,0.9788,False
Hungarian,中卦-static,ɡ,0.101,30,0.8856,0.9788,False
Hungarian,兌卦-dynamic,ɟ,-0.091,10,0.8905,0.9788,False
Hungarian,坤卦-static,v,0.09,9,0.9104,0.9788,False
Hungarian,坎卦-static,ɑ,-0.086,86,0.8706,0.9788,False
Hungarian,坤卦-dynamic,n,-0.083,44,0.8756,0.9788,False
Hungarian,震卦-static,o,-0.083,66,0.9104,0.9788,False
Hungarian,坤卦-static,ʃ,0.077,21,0.9055,0.9788,False
Hungarian,中卦-static,p,-0.076,20,0.8856,0.9788,False
Hungarian,坤卦-dynamic,h,-0.075,20,0.9055,0.9788,False
Hungarian,中卦-static,s,0.074,29,0.8905,0.9788,False
Hungarian,震卦-static,m,-0.074,34,0.8905,0.9788,False
Hungarian,震卦-dynamic,ɡ,-0.064,20,0.9104,0.9788,False
Hungarian,艮卦-static,e,0.06,26,0.9104,0.9788,False
Hungarian,艮卦-dynamic,d,-0.073,20,0.9154,0.9808,False
Hungarian,坎卦-static,u,0.062,22,0.9154,0.9808,False
Hungarian,巽卦-static,a,0.067,7,0.9204,0.9845,False
Hungarian,乾卦-dynamic,ø,-0.161,3,0.9303,0.9901,False
Hungarian,離卦-static,v,-0.058,4,0.9303,0.9901,False
Hungarian,兌卦-dynamic,f,-0.048,20,0.9353,0.992,False
Hungarian,震卦-static,t,-0.031,61,0.9353,0.992,False
Hungarian,中卦-dynamic,d,0.106,3,0.9701,0.9959,False
Hungarian,離卦-static,t,-0.103,13,0.9502,0.9959,False
Hungarian,乾卦-static,z,0.052,4,0.9602,0.9959,False
Hungarian,震卦-dynamic,ɑ,-0.05,64,0.9652,0.9959,False
Hungarian,坎卦-dynamic,s,0.045,10,0.9552,0.9959,False
Hungarian,中卦-dynamic,l,-0.045,8,0.9751,0.9959,False
Hungarian,坎卦-static,e,0.043,36,0.9652,0.9959,False
Hungarian,艮卦-static,t͡s,0.032,4,0.9652,0.9959,False
Hungarian,兌卦-dynamic,k,-0.031,50,0.9751,0.9959,False
Hungarian,艮卦-static,j,0.028,12,0.9652,0.9959,False
Hungarian,坎卦-dynamic,o,-0.026,26,0.9801,0.9959,False
Hungarian,坤卦-dynamic,u,0.021,21,0.9701,0.9959,False
Hungarian,離卦-dynamic,a,-0.02,66,0.9502,0.9959,False
Hungarian,兌卦-dynamic,ø,0.017,27,0.9801,0.9959,False
Hungarian,坤卦-static,o,0.014,31,0.9801,0.9959,False
Hungarian,震卦-static,f,-0.005,18,0.9801,0.9959,False
Hungarian,離卦-static,ɲ,-0.03,3,0.99,0.9966,False
Hungarian,巽卦-static,r,0.021,11,0.99,0.9966,False
Hungarian,中卦-static,ɲ,0.018,16,0.995,0.9966,False
Hungarian,震卦-static,p,0.009,19,0.99,0.9966,False
Hungarian,艮卦-dynamic,j,0.008,15,0.995,0.9966,False
Hungarian,震卦-static,e,-0.006,33,0.995,0.9966,False
Hungarian,震卦-dynamic,i,0.004,39,0.995,0.9966,False
Hungarian,乾卦-dynamic,ɛ,-0.019,11,1.0,1.0,False
Indonesian,艮卦-dynamic,x,4.123,3,0.005,0.2537,False
Indonesian,乾卦-static,j,3.026,4,0.005,0.2537,False
Indonesian,震卦-dynamic,d͡ʒ,2.545,27,0.005,0.2537,False
Indonesian,兌卦-dynamic,m,2.403,199,0.005,0.2537,False
Indonesian,中卦-static,w,2.133,13,0.005,0.2537,False
Indonesian,離卦-dynamic,n,1.98,165,0.005,0.2537,False
Indonesian,中卦-static,s,1.845,98,0.005,0.2537,False
Indonesian,兌卦-dynamic,ə,1.799,167,0.005,0.2537,False
Indonesian,震卦-static,t,1.759,100,0.005,0.2537,False
Indonesian,坎卦-static,a,1.596,270,0.005,0.2537,False
Indonesian,震卦-static,a,1.587,297,0.005,0.2537,False
Indonesian,離卦-dynamic,m,1.298,183,0.005,0.2537,False
Indonesian,艮卦-static,w,2.423,8,0.01,0.3582,False
Indonesian,乾卦-static,u,2.264,50,0.01,0.3582,False
Indonesian,坎卦-static,d,1.436,47,0.01,0.3582,False
Indonesian,震卦-static,d,1.326,50,0.01,0.3582,False
Indonesian,坎卦-static,m,-1.104,18,0.01,0.3582,False
Indonesian,坎卦-dynamic,ŋ,2.438,20,0.0149,0.4152,False
Indonesian,中卦-static,d͡ʒ,1.519,23,0.0149,0.4152,False
Indonesian,離卦-dynamic,ə,1.351,187,0.0149,0.4152,False
Indonesian,坤卦-dynamic,t,1.231,81,0.0149,0.4152,False
Indonesian,中卦-dynamic,o,3.628,5,0.0199,0.4511,False
Indonesian,坎卦-dynamic,ɲ,2.82,8,0.0199,0.4511,False
Indonesian,艮卦-static,a͡ʊ,2.224,9,0.0199,0.4511,False
Indonesian,中卦-static,a,1.441,236,0.0199,0.4511,False
Indonesian,震卦-static,s,-0.932,25,0.0199,0.4511,False
Indonesian,巽卦-dynamic,t͡ʃ,3.752,3,0.0249,0.4911,False
Indonesian,離卦-static,t,-2.17,5,0.0249,0.4911,False
Indonesian,艮卦-static,p,1.549,35,0.0249,0.4911,False
Indonesian,坎卦-dynamic,h,2.108,13,0.0299,0.5075,False
Indonesian,震卦-dynamic,ə,1.32,105,0.0299,0.5075,False
Indonesian,坎卦-static,i,1.223,138,0.0299,0.5075,False
Indonesian,震卦-static,r,-1.175,51,0.0299,0.5075,False
Indonesian,坤卦-dynamic,ə,-1.095,26,0.0299,0.5075,False
Indonesian,兌卦-static,k,2.595,12,0.0348,0.5465,False
Indonesian,坤卦-dynamic,h,0.989,46,0.0348,0.5465,False
Indonesian,乾卦-static,a͡ʊ,2.421,5,0.0398,0.5536,False
Indonesian,中卦-static,u,-1.074,33,0.0398,0.5536,False
Indonesian,中卦-static,k,-0.97,45,0.0398,0.5536,False
Indonesian,震卦-static,ŋ,0.902,75,0.0398,0.5536,False
Indonesian,中卦-static,ɛ,1.188,52,0.0448,0.5957,False
Indonesian,震卦-static,ə,-0.951,36,0.0448,0.5957,False
Indonesian,兌卦-dynamic,t,-1.1,45,0.0498,0.6478,False
Indonesian,坤卦-static,h,1.22,20,0.0597,0.7457,False
Indonesian,乾卦-static,k,-1.492,10,0.0647,0.7761,False
Indonesian,艮卦-dynamic,l,1.047,69,0.0647,0.7761,False
Indonesian,坎卦-static,ɛ,-0.987,17,0.0697,0.7894,False
Indonesian,坎卦-static,ə,-0.944,33,0.0697,0.7894,False
Indonesian,中卦-static,r,-0.851,52,0.0697,0.7894,False
Indonesian,兌卦-static,r,2.184,15,0.0746,0.8304,False
Indonesian,坤卦-static,w,1.294,4,0.0846,0.8485,False
Indonesian,艮卦-dynamic,n,-1.071,34,0.0796,0.8485,False
Indonesian,震卦-static,k,0.825,100,0.0846,0.8485,False
Indonesian,中卦-dynamic,i,3.015,5,0.1343,0.9134,False
Indonesian,中卦-dynamic,l,2.935,4,0.1343,0.9134,False
Indonesian,兌卦-static,u,2.174,17,0.1194,0.9134,False
Indonesian,巽卦-static,b,1.874,11,0.1393,0.9134,False
Indonesian,乾卦-static,s,1.281,24,0.0995,0.9134,False
Indonesian,艮卦-static,j,1.165,4,0.1244,0.9134,False
Indonesian,坤卦-static,ɛ,1.141,22,0.1294,0.9134,False
Indonesian,震卦-dynamic,j,1.105,6,0.1294,0.9134,False
Indonesian,艮卦-static,k,1.093,49,0.1194,0.9134,False
Indonesian,乾卦-static,ə,-1.088,7,0.1493,0.9134,False
Indonesian,坤卦-static,s,1.085,33,0.1244,0.9134,False
Indonesian,坤卦-static,ə,-1.048,11,0.1443,0.9134,False
Indonesian,坤卦-static,n,-1.036,18,0.1343,0.9134,False
Indonesian,艮卦-dynamic,ŋ,1.011,53,0.0945,0.9134,False
Indonesian,艮卦-dynamic,a͡ɪ,0.875,14,0.1343,0.9134,False
Indonesian,艮卦-static,d͡ʒ,0.87,10,0.1443,0.9134,False
Indonesian,中卦-static,j,0.843,6,0.1144,0.9134,False
Indonesian,震卦-static,ɡ,0.726,35,0.1144,0.9134,False
Indonesian,震卦-static,m,-0.664,43,0.1443,0.9134,False
Indonesian,離卦-dynamic,ɛ,-0.654,32,0.1343,0.9134,False
Indonesian,坤卦-dynamic,a͡ɪ,0.643,16,0.1493,0.9134,False
Indonesian,離卦-dynamic,o,-0.62,17,0.1493,0.9134,False
Indonesian,震卦-static,n,0.603,95,0.1443,0.9134,False
Indonesian,震卦-static,b,0.59,73,0.1493,0.9134,False
Indonesian,中卦-dynamic,b,2.858,3,0.1592,0.9449,False
Indonesian,乾卦-dynamic,ɔ,2.251,3,0.1642,0.9449,False
Indonesian,乾卦-dynamic,n,1.962,9,0.1642,0.9449,False
Indonesian,兌卦-static,ɛ,1.613,6,0.1741,0.9449,False
Indonesian,離卦-static,p,1.18,13,0.1741,0.9449,False
Indonesian,艮卦-static,t,0.958,39,0.1592,0.9449,False
Indonesian,艮卦-dynamic,d,-0.825,10,0.1692,0.9449,False
Indonesian,中卦-static,n,-0.758,48,0.1642,0.9449,False
Indonesian,艮卦-dynamic,ɡ,0.748,24,0.1741,0.9449,False
Indonesian,離卦-dynamic,s,-0.658,43,0.1692,0.9449,False
Indonesian,坎卦-static,k,0.617,86,0.1741,0.9449,False
Indonesian,震卦-static,p,0.617,55,0.1791,0.9449,False
Indonesian,乾卦-dynamic,a,-1.826,6,0.1891,0.9642,False
Indonesian,坎卦-dynamic,ə,1.385,25,0.1891,0.9642,False
Indonesian,震卦-dynamic,ɛ,-0.733,17,0.1891,0.9642,False
Indonesian,乾卦-dynamic,i,1.763,12,0.204,0.9717,False
Indonesian,巽卦-static,h,1.742,7,0.2139,0.9717,False
Indonesian,兌卦-static,n,-1.598,3,0.2139,0.9717,False
Indonesian,坤卦-static,ŋ,-0.849,8,0.2139,0.9717,False
Indonesian,坤卦-static,k,0.802,35,0.2139,0.9717,False
Indonesian,艮卦-dynamic,h,-0.675,7,0.194,0.9717,False
Indonesian,離卦-dynamic,r,-0.653,89,0.209,0.9717,False
Indonesian,兌卦-dynamic,s,-0.641,34,0.209,0.9717,False
Indonesian,兌卦-dynamic,k,-0.622,62,0.194,0.9717,False
Indonesian,中卦-static,p,0.614,45,0.199,0.9717,False
Indonesian,中卦-static,ɡ,-0.581,7,0.2239,0.9717,False
Indonesian,坤卦-dynamic,a,0.57,211,0.209,0.9717,False
Indonesian,震卦-static,u,-0.566,66,0.2239,0.9717,False
Indonesian,乾卦-static,n,-0.915,13,0.2289,0.9794,False
Indonesian,坤卦-static,b,-0.684,13,0.2289,0.9794,False
Indonesian,離卦-dynamic,ɔ,-0.587,3,0.2338,0.9869,False
Indonesian,坤卦-dynamic,ɔ,-0.522,3,0.2338,0.9869,False
Indonesian,兌卦-dynamic,d,-0.598,18,0.2388,0.9875,False
Indonesian,中卦-static,m,-0.577,39,0.2388,0.9875,False
Indonesian,離卦-dynamic,l,-0.508,44,0.2388,0.9875,False
Indonesian,巽卦-dynamic,r,2.064,5,0.3483,1.0,False
Indonesian,乾卦-dynamic,s,1.761,8,0.2488,1.0,False
Indonesian,巽卦-static,p,1.695,8,0.2786,1.0,False
Indonesian,乾卦-dynamic,ɛ,1.65,5,0.2488,1.0,False
Indonesian,巽卦-dynamic,a,-1.534,3,0.5174,1.0,False
Indonesian,巽卦-static,ŋ,1.387,9,0.3284,1.0,False
Indonesian,乾卦-dynamic,r,1.288,10,0.3632,1.0,False
Indonesian,乾卦-dynamic,t,-1.229,3,0.5274,1.0,False
Indonesian,兌卦-static,i,-1.208,4,0.3682,1.0,False
Indonesian,巽卦-dynamic,o,1.196,3,0.7413,1.0,False
Indonesian,兌卦-static,l,1.196,9,0.398,1.0,False
Indonesian,巽卦-dynamic,m,1.193,4,0.6219,1.0,False
Indonesian,坎卦-dynamic,a,-1.185,21,0.3035,1.0,False
Indonesian,巽卦-static,k,-1.178,5,0.408,1.0,False
Indonesian,巽卦-dynamic,ə,1.174,4,0.592,1.0,False
Indonesian,坎卦-dynamic,m,1.161,23,0.3532,1.0,False
Indonesian,乾卦-dynamic,t͡ʃ,1.144,3,0.5323,1.0,False
Indonesian,坎卦-dynamic,b,-1.134,4,0.2935,1.0,False
Indonesian,坎卦-dynamic,r,-1.086,9,0.3085,1.0,False
Indonesian,巽卦-static,ə,-1.077,3,0.4876,1.0,False
Indonesian,巽卦-dynamic,k,1.046,3,0.6567,1.0,False
Indonesian,中卦-dynamic,a,-1.018,3,0.7363,1.0,False
Indonesian,巽卦-dynamic,n,0.997,3,0.6617,1.0,False
Indonesian,乾卦-static,h,0.95,12,0.2537,1.0,False
Indonesian,巽卦-static,i,-0.939,6,0.5423,1.0,False
Indonesian,兌卦-static,t,0.922,7,0.5522,1.0,False
Indonesian,巽卦-static,t,-0.914,5,0.5622,1.0,False
Indonesian,兌卦-static,a,-0.9,12,0.4776,1.0,False
Indonesian,乾卦-static,t,0.891,20,0.2736,1.0,False
Indonesian,巽卦-static,u,0.881,14,0.5771,1.0,False
Indonesian,巽卦-static,o,0.879,9,0.5572,1.0,False
Indonesian,離卦-static,l,0.861,18,0.3831,1.0,False
Indonesian,乾卦-static,d,0.827,10,0.2587,1.0,False
Indonesian,兌卦-static,ŋ,0.808,6,0.5075,1.0,False
Indonesian,坎卦-dynamic,s,-0.779,5,0.4627,1.0,False
Indonesian,艮卦-static,m,-0.778,17,0.2736,1.0,False
Indonesian,離卦-static,d,-0.771,3,0.4328,1.0,False
Indonesian,乾卦-static,ŋ,-0.769,6,0.2736,1.0,False
Indonesian,乾卦-dynamic,u,-0.716,4,0.6219,1.0,False
Indonesian,巽卦-static,r,-0.692,7,0.6468,1.0,False
Indonesian,坎卦-dynamic,n,-0.689,10,0.5423,1.0,False
Indonesian,乾卦-dynamic,ə,0.688,8,0.6318,1.0,False
Indonesian,乾卦-static,l,-0.645,7,0.3632,1.0,False
Indonesian,坤卦-static,a,0.635,84,0.3483,1.0,False
Indonesian,震卦-dynamic,ŋ,-0.619,21,0.3582,1.0,False
Indonesian,離卦-static,r,0.614,23,0.5721,1.0,False
Indonesian,坤卦-static,i,-0.607,26,0.3433,1.0,False
Indonesian,離卦-static,b,0.591,14,0.5423,1.0,False
Indonesian,離卦-static,n,0.562,18,0.5323,1.0,False
Indonesian,坎卦-dynamic,u,-0.556,11,0.5821,1.0,False
Indonesian,艮卦-static,i,-0.551,35,0.3731,1.0,False
Indonesian,震卦-dynamic,b,0.549,51,0.2836,1.0,False
Indonesian,坤卦-dynamic,u,0.547,110,0.2687,1.0,False
Indonesian,艮卦-static,a,0.544,107,0.4129,1.0,False
Indonesian,離卦-dynamic,u,-0.543,84,0.2886,1.0,False
Indonesian,巽卦-static,m,-0.537,5,0.7463,1.0,False
Indonesian,兌卦-dynamic,p,-0.536,28,0.2886,1.0,False
Indonesian,坤卦-static,t,0.52,27,0.4677,1.0,False
Indonesian,巽卦-static,ɛ,0.519,5,0.7114,1.0,False
Indonesian,艮卦-static,s,-0.516,18,0.4179,1.0,False
Indonesian,震卦-static,i,-0.51,78,0.2687,1.0,False
Indonesian,坤卦-dynamic,ɡ,-0.509,9,0.2687,1.0,False
Indonesian,艮卦-dynamic,r,-0.506,52,0.3682,1.0,False
Indonesian,中卦-static,ŋ,-0.506,27,0.3184,1.0,False
Indonesian,艮卦-dynamic,a,-0.486,115,0.3682,1.0,False
Indonesian,坎卦-static,t,0.485,69,0.2786,1.0,False
Indonesian,坎卦-dynamic,l,-0.482,6,0.6915,1.0,False
Indonesian,震卦-static,w,0.482,7,0.3234,1.0,False
Indonesian,離卦-dynamic,h,-0.478,19,0.3234,1.0,False
Indonesian,艮卦-static,h,-0.475,7,0.4677,1.0,False
Indonesian,兌卦-dynamic,a,-0.475,166,0.3284,1.0,False
Indonesian,乾卦-static,ɛ,-0.474,7,0.5075,1.0,False
Indonesian,坎卦-dynamic,p,-0.471,5,0.6517,1.0,False
Indonesian,震卦-dynamic,o,-0.471,15,0.3881,1.0,False
Indonesian,坎卦-static,b,-0.47,39,0.2935,1.0,False
Indonesian,艮卦-dynamic,i,-0.469,54,0.408,1.0,False
Indonesian,離卦-dynamic,d͡ʒ,-0.468,11,0.2736,1.0,False
Indonesian,中卦-static,t,0.466,62,0.3483,1.0,False
Indonesian,震卦-static,l,-0.465,37,0.2985,1.0,False
Indonesian,兌卦-static,ə,-0.461,5,0.7662,1.0,False
Indonesian,乾卦-dynamic,m,0.46,7,0.7065,1.0,False
Indonesian,坎卦-static,u,-0.454,65,0.3333,1.0,False
Indonesian,兌卦-static,s,0.453,6,0.7413,1.0,False
Indonesian,艮卦-dynamic,k,-0.452,46,0.3234,1.0,False
Indonesian,坤卦-dynamic,o,-0.449,20,0.2488,1.0,False
Indonesian,離卦-dynamic,p,0.448,64,0.3333,1.0,False
Indonesian,艮卦-dynamic,u,0.436,79,0.3831,1.0,False
Indonesian,乾卦-static,r,0.432,27,0.5572,1.0,False
Indonesian,坎卦-static,a͡ɪ,-0.43,4,0.408,1.0,False
Indonesian,乾卦-static,a,0.428,54,0.5622,1.0,False
Indonesian,艮卦-dynamic,m,0.427,68,0.3831,1.0,False
Indonesian,坤卦-dynamic,t͡ʃ,-0.423,6,0.3881,1.0,False
Indonesian,坎卦-static,j,0.423,5,0.408,1.0,False
Indonesian,兌卦-dynamic,d͡ʒ,-0.422,9,0.3831,1.0,False
Indonesian,離卦-dynamic,t,-0.413,74,0.3781,1.0,False
Indonesian,震卦-dynamic,t,-0.412,42,0.4527,1.0,False
Indonesian,坎卦-static,o,-0.409,22,0.3731,1.0,False
Indonesian,兌卦-dynamic,u,-0.409,72,0.4378,1.0,False
Indonesian,離卦-dynamic,b,-0.408,56,0.4627,1.0,False
Indonesian,兌卦-dynamic,ɔ,-0.399,5,0.4577,1.0,False
Indonesian,巽卦-static,n,0.396,9,0.7662,1.0,False
Indonesian,兌卦-dynamic,l,-0.394,39,0.3433,1.0,False
Indonesian,兌卦-dynamic,r,-0.393,79,0.3831,1.0,False
Indonesian,坤卦-dynamic,s,0.39,63,0.3731,1.0,False
Indonesian,坤卦-static,r,0.376,39,0.5672,1.0,False
Indonesian,坤卦-dynamic,ɛ,0.373,42,0.3582,1.0,False
Indonesian,中卦-static,ɲ,0.372,11,0.4876,1.0,False
Indonesian,乾卦-static,b,-0.363,11,0.6269,1.0,False
Indonesian,兌卦-dynamic,o,-0.361,26,0.4428,1.0,False
Indonesian,中卦-static,d,0.36,28,0.4229,1.0,False
Indonesian,中卦-static,o,-0.358,22,0.4229,1.0,False
Indonesian,艮卦-static,ɡ,-0.357,6,0.5572,1.0,False
Indonesian,震卦-dynamic,i,-0.357,60,0.5274,1.0,False
Indonesian,坤卦-static,d,0.355,12,0.5224,1.0,False
Indonesian,震卦-dynamic,k,-0.353,50,0.5473,1.0,False
Indonesian,艮卦-static,r,-0.351,38,0.6119,1.0,False
Indonesian,兌卦-dynamic,ɛ,-0.35,31,0.5124,1.0,False
Indonesian,乾卦-static,d͡ʒ,0.35,4,0.607,1.0,False
Indonesian,坎卦-dynamic,t,-0.344,10,0.7761,1.0,False
Indonesian,坎卦-static,t͡ʃ,-0.333,8,0.4627,1.0,False
Indonesian,震卦-dynamic,a͡ɪ,-0.332,4,0.5274,1.0,False
Indonesian,離卦-dynamic,ɡ,-0.332,17,0.4925,1.0,False
Indonesian,坤卦-static,o,-0.327,10,0.6169,1.0,False
Indonesian,兌卦-dynamic,w,0.326,6,0.5323,1.0,False
Indonesian,離卦-static,a,0.317,42,0.7114,1.0,False
Indonesian,震卦-dynamic,n,0.316,62,0.5224,1.0,False
Indonesian,離卦-dynamic,d,-0.312,29,0.5871,1.0,False
Indonesian,坤卦-dynamic,r,-0.306,76,0.5124,1.0,False
Indonesian,震卦-static,a͡ɪ,-0.302,6,0.5274,1.0,False
Indonesian,坤卦-dynamic,d,-0.301,21,0.5473,1.0,False
Indonesian,艮卦-dynamic,d͡ʒ,0.3,11,0.5672,1.0,False
Indonesian,坤卦-dynamic,b,-0.299,43,0.4876,1.0,False
Indonesian,艮卦-dynamic,ə,0.297,66,0.5572,1.0,False
Indonesian,中卦-static,h,0.297,28,0.5075,1.0,False
Indonesian,震卦-dynamic,h,-0.293,14,0.6567,1.0,False
Indonesian,艮卦-dynamic,t,0.29,49,0.5721,1.0,False
Indonesian,兌卦-dynamic,a͡ɪ,-0.29,6,0.597,1.0,False
Indonesian,離卦-dynamic,a,0.289,272,0.4975,1.0,False
Indonesian,兌卦-static,b,-0.288,4,0.801,1.0,False
Indonesian,艮卦-static,o,-0.286,14,0.6269,1.0,False
Indonesian,兌卦-dynamic,b,-0.283,47,0.5224,1.0,False
Indonesian,艮卦-dynamic,w,0.279,4,0.592,1.0,False
Indonesian,離卦-dynamic,i,-0.278,110,0.5423,1.0,False
Indonesian,艮卦-dynamic,o,-0.276,21,0.5871,1.0,False
Indonesian,坎卦-static,s,0.275,60,0.5721,1.0,False
Indonesian,震卦-static,d͡ʒ,0.275,16,0.4826,1.0,False
Indonesian,震卦-dynamic,ɲ,-0.273,3,0.6418,1.0,False
Indonesian,離卦-static,o,-0.27,6,0.7512,1.0,False
Indonesian,坎卦-dynamic,k,-0.269,12,0.7861,1.0,False
Indonesian,坤卦-static,u,0.264,38,0.6219,1.0,False
Indonesian,艮卦-static,d,-0.264,11,0.6368,1.0,False
Indonesian,坎卦-dynamic,d,-0.251,4,0.8209,1.0,False
Indonesian,乾卦-dynamic,k,-0.251,5,0.8557,1.0,False
Indonesian,坎卦-static,ɡ,0.249,23,0.6169,1.0,False
Indonesian,離卦-static,k,-0.249,14,0.796,1.0,False
Indonesian,震卦-dynamic,p,0.243,33,0.6866,1.0,False
Indonesian,震卦-static,t͡ʃ,-0.24,11,0.597,1.0,False
Indonesian,艮卦-static,u,0.239,49,0.6965,1.0,False
Indonesian,坎卦-static,d͡ʒ,-0.238,10,0.6617,1.0,False
Indonesian,離卦-dynamic,a͡ʊ,-0.235,4,0.6567,1.0,False
Indonesian,離卦-dynamic,t͡ʃ,-0.232,14,0.597,1.0,False
Indonesian,震卦-dynamic,t͡ʃ,-0.229,8,0.6816,1.0,False
Indonesian,兌卦-dynamic,t͡ʃ,-0.228,11,0.6418,1.0,False
Indonesian,坤卦-dynamic,l,0.227,60,0.6617,1.0,False
Indonesian,艮卦-static,n,0.227,39,0.7512,1.0,False
Indonesian,震卦-dynamic,u,-0.227,59,0.6667,1.0,False
Indonesian,震卦-dynamic,m,-0.223,47,0.6617,1.0,False
Indonesian,中卦-static,b,-0.22,41,0.6119,1.0,False
Indonesian,中卦-static,ə,-0.22,59,0.6418,1.0,False
Indonesian,坤卦-dynamic,m,-0.214,60,0.5672,1.0,False
Indonesian,兌卦-static,p,-0.213,3,0.8905,1.0,False
Indonesian,坎卦-dynamic,i,0.211,18,0.8507,1.0,False
Indonesian,巽卦-static,s,-0.207,5,0.8856,1.0,False
Indonesian,離卦-dynamic,a͡ɪ,-0.207,9,0.6468,1.0,False
Indonesian,震卦-dynamic,r,0.206,74,0.7114,1.0,False
Indonesian,坤卦-static,d͡ʒ,-0.203,4,0.7861,1.0,False
Indonesian,兌卦-dynamic,h,0.202,31,0.6667,1.0,False
Indonesian,兌卦-dynamic,n,0.2,82,0.6965,1.0,False
Indonesian,離卦-static,ə,-0.199,14,0.8308,1.0,False
Indonesian,坤卦-static,p,0.198,16,0.7711,1.0,False
Indonesian,震卦-dynamic,a,0.19,150,0.7313,1.0,False
Indonesian,乾卦-static,i,-0.182,22,0.806,1.0,False
Indonesian,艮卦-static,ə,-0.179,34,0.7512,1.0,False
Indonesian,震卦-dynamic,s,-0.178,36,0.7562,1.0,False
Indonesian,兌卦-dynamic,ŋ,0.178,52,0.7463,1.0,False
Indonesian,巽卦-static,a,-0.175,19,0.9204,1.0,False
Indonesian,艮卦-dynamic,j,0.172,3,0.7761,1.0,False
Indonesian,兌卦-dynamic,i,-0.172,90,0.7463,1.0,False
Indonesian,中卦-static,t͡ʃ,0.171,17,0.7413,1.0,False
Indonesian,離卦-static,s,0.171,12,0.8557,1.0,False
Indonesian,中卦-static,ɔ,-0.165,7,0.7114,1.0,False
Indonesian,中卦-static,i,-0.164,76,0.7413,1.0,False
Indonesian,坎卦-static,r,0.161,93,0.7861,1.0,False
Indonesian,震卦-static,j,-0.16,3,0.7811,1.0,False
Indonesian,坎卦-dynamic,ɛ,0.159,7,0.8458,1.0,False
Indonesian,坤卦-dynamic,ŋ,-0.158,39,0.7065,1.0,False
Indonesian,艮卦-static,b,-0.142,24,0.7761,1.0,False
Indonesian,兌卦-dynamic,ɡ,-0.14,17,0.7363,1.0,False
Indonesian,震卦-static,o,-0.138,38,0.7413,1.0,False
Indonesian,離卦-static,ŋ,0.137,10,0.8706,1.0,False
Indonesian,坤卦-static,l,-0.136,18,0.8259,1.0,False
Indonesian,坎卦-static,l,0.136,57,0.7612,1.0,False
Indonesian,坎卦-static,ŋ,-0.134,40,0.7612,1.0,False
Indonesian,中卦-static,l,-0.133,42,0.7562,1.0,False
Indonesian,離卦-static,ɛ,0.131,8,0.9104,1.0,False
Indonesian,坤卦-dynamic,n,0.127,74,0.806,1.0,False
Indonesian,坤卦-static,ɡ,0.12,8,0.8756,1.0,False
Indonesian,離卦-dynamic,k,0.12,103,0.8308,1.0,False
Indonesian,坤卦-dynamic,a͡ʊ,0.119,5,0.8308,1.0,False
Indonesian,震卦-dynamic,l,0.117,44,0.8557,1.0,False
Indonesian,坤卦-dynamic,d͡ʒ,-0.114,11,0.801,1.0,False
Indonesian,艮卦-dynamic,ɛ,0.113,28,0.8259,1.0,False
Indonesian,震卦-dynamic,ɡ,0.111,16,0.8308,1.0,False
Indonesian,坎卦-static,h,-0.108,22,0.801,1.0,False
Indonesian,離卦-dynamic,ŋ,0.103,64,0.8209,1.0,False
Indonesian,震卦-static,ɛ,0.096,41,0.8159,1.0,False
Indonesian,巽卦-static,d,0.094,3,0.9453,1.0,False
Indonesian,震卦-dynamic,d,-0.093,19,0.8557,1.0,False
Indonesian,震卦-dynamic,f,0.09,3,0.9055,1.0,False
Indonesian,坤卦-dynamic,p,-0.089,35,0.7512,1.0,False
Indonesian,離卦-static,u,0.089,19,0.8955,1.0,False
Indonesian,坤卦-static,m,0.084,29,0.9353,1.0,False
Indonesian,艮卦-dynamic,p,0.083,29,0.8706,1.0,False
Indonesian,坤卦-dynamic,j,-0.082,3,0.8358,1.0,False
Indonesian,艮卦-dynamic,t͡ʃ,-0.081,10,0.8856,1.0,False
Indonesian,艮卦-static,ŋ,-0.078,21,0.9204,1.0,False
Indonesian,離卦-dynamic,w,-0.077,5,0.8706,1.0,False
Indonesian,坤卦-dynamic,k,0.075,73,0.8856,1.0,False
Indonesian,坤卦-dynamic,i,-0.071,87,0.8955,1.0,False
Indonesian,離卦-dynamic,j,0.071,5,0.8657,1.0,False
Indonesian,坎卦-static,n,-0.065,70,0.8657,1.0,False
Indonesian,離卦-dynamic,f,-0.064,4,0.9005,1.0,False
Indonesian,坎卦-dynamic,t͡ʃ,0.061,3,0.9851,1.0,False
Indonesian,坎卦-static,a͡ʊ,-0.053,4,0.9254,1.0,False
Indonesian,坎卦-dynamic,o,-0.053,7,0.9652,1.0,False
Indonesian,艮卦-dynamic,b,0.046,39,0.9254,1.0,False
Indonesian,坎卦-static,p,0.041,38,0.9552,1.0,False
Indonesian,乾卦-static,p,0.039,10,0.9403,1.0,False
Indonesian,艮卦-static,t͡ʃ,0.031,8,0.9701,1.0,False
Indonesian,乾卦-static,m,0.029,19,0.9801,1.0,False
Indonesian,離卦-static,ɡ,0.028,4,0.9751,1.0,False
Indonesian,坤卦-dynamic,ɲ,-0.024,7,0.9701,1.0,False
Indonesian,艮卦-dynamic,s,-0.019,38,0.9602,1.0,False
Indonesian,離卦-static,i,-0.016,19,0.99,1.0,False
Indonesian,離卦-dynamic,ɲ,-0.009,10,1.0,1.0,False
Indonesian,艮卦-static,l,-0.008,26,1.0,1.0,False
Indonesian,艮卦-static,ɛ,0.008,18,0.995,1.0,False
Indonesian,坤卦-dynamic,w,0.007,4,0.9751,1.0,False
Indonesian,離卦-static,m,0.006,15,0.995,1.0,False
Indonesian,兌卦-dynamic,ɲ,0.006,8,0.9801,1.0,False
Indonesian,震卦-static,h,0.004,27,1.0,1.0,False
Indonesian,坎卦-static,w,-0.0,4,1.0,1.0,False
Irish,巽卦-dynamic,ɪ,3.324,11,0.005,0.3838,False
Irish,兌卦-dynamic,ɡ,3.297,77,0.005,0.3838,False
Irish,艮卦-static,a͡ɪ,2.688,14,0.005,0.3838,False
Irish,乾卦-static,s,2.479,31,0.005,0.3838,False
Irish,震卦-static,ʊ,2.383,20,0.005,0.3838,False
Irish,艮卦-dynamic,u͡ə,2.315,14,0.005,0.3838,False
Irish,坎卦-static,h,2.287,32,0.005,0.3838,False
Irish,震卦-static,t̪,2.196,52,0.005,0.3838,False
Irish,坤卦-dynamic,ɡʲ,2.039,8,0.005,0.3838,False
Irish,坤卦-dynamic,c,1.89,20,0.005,0.3838,False
Irish,艮卦-dynamic,ɹ,1.683,43,0.005,0.3838,False
Irish,離卦-dynamic,a,1.649,44,0.005,0.3838,False
Irish,兌卦-dynamic,n,-1.586,30,0.005,0.3838,False
Irish,震卦-dynamic,ə,-1.458,32,0.005,0.3838,False
Irish,兌卦-static,ʃ,3.539,11,0.01,0.5373,False
Irish,艮卦-dynamic,ʒ,3.177,3,0.0199,0.5373,False
Irish,兌卦-static,i͡ə,3.142,4,0.0249,0.5373,False
Irish,巽卦-dynamic,t͡ʃ,3.096,5,0.0348,0.5373,False
Irish,巽卦-dynamic,k,3.082,8,0.0199,0.5373,False
Irish,震卦-dynamic,χ,2.969,3,0.0149,0.5373,False
Irish,坤卦-static,j,2.939,4,0.0149,0.5373,False
Irish,兌卦-dynamic,t,2.89,3,0.01,0.5373,False
Irish,中卦-static,ɡʲ,2.39,6,0.0149,0.5373,False
Irish,坤卦-static,b,2.107,12,0.0149,0.5373,False
Irish,坎卦-static,d,1.845,5,0.0299,0.5373,False
Irish,坎卦-dynamic,i,1.829,20,0.0199,0.5373,False
Irish,坎卦-dynamic,f,1.803,10,0.0249,0.5373,False
Irish,艮卦-static,kʲ,1.73,15,0.01,0.5373,False
Irish,震卦-static,ŋ,1.664,6,0.0348,0.5373,False
Irish,艮卦-static,ə,1.611,84,0.01,0.5373,False
Irish,乾卦-static,ɐ,1.592,43,0.0348,0.5373,False
Irish,中卦-static,n,1.57,59,0.0249,0.5373,False
Irish,乾卦-static,e,1.561,16,0.0398,0.5373,False
Irish,坤卦-dynamic,x,1.514,73,0.01,0.5373,False
Irish,艮卦-static,dʲ,1.505,8,0.0299,0.5373,False
Irish,艮卦-static,l,1.491,50,0.0249,0.5373,False
Irish,坎卦-static,ɹ,1.487,45,0.0149,0.5373,False
Irish,震卦-static,u͡ə,1.485,11,0.0199,0.5373,False
Irish,坤卦-static,d̪,-1.481,3,0.0299,0.5373,False
Irish,艮卦-static,k,1.464,62,0.0149,0.5373,False
Irish,震卦-dynamic,ɛ,1.446,27,0.0299,0.5373,False
Irish,中卦-static,e,1.44,27,0.0299,0.5373,False
Irish,艮卦-dynamic,ə,-1.433,40,0.0249,0.5373,False
Irish,離卦-dynamic,n,-1.401,58,0.0149,0.5373,False
Irish,坎卦-static,ə,1.4,112,0.0249,0.5373,False
Irish,震卦-dynamic,d͡ʒ,1.398,11,0.0299,0.5373,False
Irish,中卦-static,d͡ʒ,1.392,10,0.0199,0.5373,False
Irish,兌卦-dynamic,u͡ə,1.388,7,0.0348,0.5373,False
Irish,震卦-static,l,1.367,66,0.0199,0.5373,False
Irish,艮卦-dynamic,s,1.332,55,0.0149,0.5373,False
Irish,艮卦-static,ɔ,1.318,26,0.0249,0.5373,False
Irish,震卦-static,p,1.302,26,0.0249,0.5373,False
Irish,離卦-dynamic,f,1.298,36,0.0149,0.5373,False
Irish,坤卦-dynamic,ɐ,1.297,104,0.0199,0.5373,False
Irish,中卦-static,i,1.277,41,0.0299,0.5373,False
Irish,艮卦-static,v,-1.249,3,0.0299,0.5373,False
Irish,坎卦-static,ɑ,1.239,81,0.0348,0.5373,False
Irish,離卦-dynamic,dʲ,1.233,12,0.0199,0.5373,False
Irish,離卦-dynamic,ɡ,1.216,78,0.0398,0.5373,False
Irish,震卦-static,n,-1.207,50,0.0149,0.5373,False
Irish,震卦-static,d̪,1.203,28,0.0348,0.5373,False
Irish,離卦-dynamic,nʲ,1.17,19,0.0299,0.5373,False
Irish,坎卦-static,r,1.169,84,0.0398,0.5373,False
Irish,艮卦-dynamic,a͡ɪ,1.166,10,0.0398,0.5373,False
Irish,坎卦-static,d̪,-1.131,12,0.0348,0.5373,False
Irish,坤卦-dynamic,lʲ,-1.121,12,0.0398,0.5373,False
Irish,坎卦-static,ɪ,-1.115,22,0.0199,0.5373,False
Irish,離卦-dynamic,ɪ,1.094,118,0.0249,0.5373,False
Irish,艮卦-static,b,1.077,21,0.0348,0.5373,False
Irish,震卦-static,nʲ,1.077,15,0.0348,0.5373,False
Irish,艮卦-static,f,-1.071,4,0.0398,0.5373,False
Irish,震卦-static,ɑ,0.989,74,0.0398,0.5373,False
Irish,震卦-dynamic,dʲ,1.411,8,0.0448,0.5689,False
Irish,艮卦-static,p,1.308,19,0.0448,0.5689,False
Irish,震卦-dynamic,ɹ,1.276,32,0.0448,0.5689,False
Irish,兌卦-dynamic,b,1.231,20,0.0498,0.6176,False
Irish,兌卦-dynamic,a,1.191,21,0.0498,0.6176,False
Irish,震卦-dynamic,t,2.479,3,0.0547,0.6408,False
Irish,離卦-static,ʊ,1.871,3,0.0597,0.6408,False
Irish,坤卦-static,ɔ,1.52,12,0.0597,0.6408,False
Irish,艮卦-static,i͡ə,1.292,15,0.0547,0.6408,False
Irish,兌卦-dynamic,ə,-1.148,33,0.0647,0.6408,False
Irish,震卦-dynamic,e,1.13,27,0.0647,0.6408,False
Irish,震卦-dynamic,ɑ,-1.101,20,0.0647,0.6408,False
Irish,坎卦-static,n,1.031,80,0.0597,0.6408,False
Irish,坤卦-dynamic,ɔ,1.021,34,0.0597,0.6408,False
Irish,坤卦-dynamic,nʲ,1.0,15,0.0597,0.6408,False
Irish,艮卦-dynamic,ɐ,-0.959,35,0.0597,0.6408,False
Irish,離卦-dynamic,kʲ,0.947,19,0.0647,0.6408,False
Irish,離卦-dynamic,d̪,-0.943,16,0.0547,0.6408,False
Irish,震卦-static,s,-0.895,21,0.0647,0.6408,False
Irish,中卦-dynamic,ɛ,3.084,3,0.0697,0.6716,False
Irish,乾卦-dynamic,x,2.959,7,0.0746,0.683,False
Irish,艮卦-static,ŋ,1.45,4,0.0746,0.683,False
Irish,震卦-static,r,1.084,81,0.0746,0.683,False
Irish,離卦-static,a͡ʊ,1.683,3,0.0846,0.7081,False
Irish,震卦-dynamic,r,1.133,62,0.0846,0.7081,False
Irish,艮卦-dynamic,u,-0.933,10,0.0846,0.7081,False
Irish,兌卦-dynamic,lʲ,-0.836,12,0.0846,0.7081,False
Irish,離卦-dynamic,i,0.783,62,0.0846,0.7081,False
Irish,巽卦-dynamic,lʲ,2.525,6,0.0995,0.7212,False
Irish,離卦-static,c,1.513,3,0.0896,0.7212,False
Irish,坎卦-dynamic,ɑ,1.387,24,0.0945,0.7212,False
Irish,坎卦-dynamic,u͡ə,1.357,3,0.0995,0.7212,False
Irish,坎卦-dynamic,s,1.324,17,0.0995,0.7212,False
Irish,坤卦-static,ʃ,1.304,19,0.0945,0.7212,False
Irish,艮卦-static,ɡʲ,1.212,4,0.0945,0.7212,False
Irish,中卦-static,u,1.096,19,0.0896,0.7212,False
Irish,坤卦-dynamic,cʲ,1.037,5,0.0945,0.7212,False
Irish,坎卦-static,p,0.918,23,0.0945,0.7212,False
Irish,震卦-static,a͡ʊ,0.774,12,0.0995,0.7212,False
Irish,震卦-static,b,0.746,26,0.0995,0.7212,False
Irish,離卦-dynamic,u,-0.745,15,0.0995,0.7212,False
Irish,震卦-dynamic,d,1.349,3,0.1144,0.7313,False
Irish,震卦-dynamic,u͡ə,1.123,7,0.1144,0.7313,False
Irish,艮卦-static,ɪ,-0.945,20,0.1095,0.7313,False
Irish,震卦-dynamic,m,-0.932,13,0.1144,0.7313,False
Irish,震卦-dynamic,d̪,-0.928,10,0.1045,0.7313,False
Irish,坤卦-dynamic,ɪ,-0.926,29,0.1095,0.7313,False
Irish,震卦-dynamic,b,-0.922,9,0.1144,0.7313,False
Irish,坤卦-dynamic,t̪,0.921,39,0.1095,0.7313,False
Irish,坤卦-dynamic,a͡ʊ,-0.892,3,0.1144,0.7313,False
Irish,坤卦-dynamic,k,-0.819,29,0.1144,0.7313,False
Irish,艮卦-dynamic,p,0.783,20,0.1144,0.7313,False
Irish,艮卦-dynamic,ɑ,0.753,64,0.1144,0.7313,False
Irish,艮卦-dynamic,a͡ʊ,0.737,11,0.1095,0.7313,False
Irish,震卦-static,ɪ,-0.751,34,0.1194,0.7411,False
Irish,震卦-dynamic,i,0.975,41,0.1244,0.7504,False
Irish,中卦-static,kʲ,0.781,10,0.1244,0.7504,False
Irish,離卦-dynamic,ɔ,-0.779,20,0.1244,0.7504,False
Irish,震卦-static,t͡ʃ,-0.672,5,0.1244,0.7504,False
Irish,坤卦-static,e,1.015,11,0.1343,0.7517,False
Irish,兌卦-dynamic,o,0.901,26,0.1294,0.7517,False
Irish,坤卦-dynamic,ə,-0.833,59,0.1343,0.7517,False
Irish,兌卦-dynamic,m,-0.817,13,0.1343,0.7517,False
Irish,中卦-static,lʲ,-0.801,13,0.1343,0.7517,False
Irish,坎卦-static,dʲ,0.765,8,0.1343,0.7517,False
Irish,艮卦-dynamic,dʲ,0.678,7,0.1294,0.7517,False
Irish,中卦-dynamic,t͡ʃ,2.036,3,0.1393,0.756,False
Irish,坤卦-dynamic,ʃ,-0.808,16,0.1393,0.756,False
Irish,離卦-dynamic,j,0.791,7,0.1393,0.756,False
Irish,震卦-static,ɐ,-0.693,45,0.1393,0.756,False
Irish,兌卦-dynamic,ɔ,0.877,21,0.1443,0.7638,False
Irish,艮卦-dynamic,e,0.819,30,0.1443,0.7638,False
Irish,坤卦-dynamic,i,0.812,53,0.1443,0.7638,False
Irish,離卦-dynamic,v,-0.716,13,0.1443,0.7638,False
Irish,兌卦-static,lʲ,2.196,9,0.1542,0.7784,False
Irish,震卦-dynamic,ʃ,0.8,37,0.1542,0.7784,False
Irish,艮卦-dynamic,l,0.766,50,0.1493,0.7784,False
Irish,震卦-static,ɹ,-0.678,24,0.1542,0.7784,False
Irish,坤卦-dynamic,l,0.655,53,0.1542,0.7784,False
Irish,巽卦-dynamic,v,2.244,3,0.1592,0.7869,False
Irish,坎卦-dynamic,d͡ʒ,1.261,4,0.1692,0.7869,False
Irish,中卦-static,mʲ,1.048,5,0.1741,0.7869,False
Irish,中卦-static,cʲ,0.863,3,0.1741,0.7869,False
Irish,艮卦-static,r,-0.849,32,0.1741,0.7869,False
Irish,坎卦-static,lʲ,-0.765,20,0.1642,0.7869,False
Irish,坎卦-static,u,0.738,25,0.1642,0.7869,False
Irish,艮卦-dynamic,o,-0.719,14,0.1741,0.7869,False
Irish,坎卦-static,m,-0.717,22,0.1592,0.7869,False
Irish,離卦-dynamic,ɹ,-0.704,29,0.1692,0.7869,False
Irish,離卦-dynamic,x,-0.68,14,0.1692,0.7869,False
Irish,艮卦-dynamic,t̪,0.612,32,0.1741,0.7869,False
Irish,巽卦-dynamic,m,2.016,5,0.209,0.8118,False
Irish,巽卦-static,nʲ,1.548,3,0.209,0.8118,False
Irish,巽卦-static,ɐ,1.534,18,0.199,0.8118,False
Irish,離卦-static,ɹ,-1.43,3,0.1891,0.8118,False
Irish,巽卦-static,n,1.402,14,0.1891,0.8118,False
Irish,坎卦-dynamic,h,1.09,6,0.1891,0.8118,False
Irish,乾卦-static,ə,1.028,40,0.199,0.8118,False
Irish,坤卦-static,o,1.002,13,0.209,0.8118,False
Irish,乾卦-static,ɔ,-0.908,6,0.209,0.8118,False
Irish,兌卦-dynamic,l,0.793,36,0.1841,0.8118,False
Irish,震卦-dynamic,nʲ,0.786,10,0.194,0.8118,False
Irish,中卦-static,b,-0.784,9,0.199,0.8118,False
Irish,艮卦-dynamic,ɡʲ,0.775,4,0.199,0.8118,False
Irish,艮卦-static,x,-0.749,7,0.209,0.8118,False
Irish,中卦-static,k,-0.723,21,0.194,0.8118,False
Irish,兌卦-dynamic,t̪,-0.709,13,0.199,0.8118,False
Irish,離卦-dynamic,ə,-0.686,74,0.1841,0.8118,False
Irish,坎卦-static,ʊ,0.671,10,0.204,0.8118,False
Irish,艮卦-static,d̪,-0.659,11,0.204,0.8118,False
Irish,坎卦-static,f,-0.641,10,0.209,0.8118,False
Irish,坎卦-static,ɡ,-0.633,18,0.209,0.8118,False
Irish,艮卦-static,ɡ,-0.629,13,0.204,0.8118,False
Irish,震卦-static,lʲ,-0.573,24,0.204,0.8118,False
Irish,離卦-dynamic,ɐ,-0.573,59,0.1891,0.8118,False
Irish,震卦-dynamic,k,-0.726,23,0.2139,0.8252,False
Irish,乾卦-static,k,-0.929,10,0.2189,0.8266,False
Irish,艮卦-dynamic,r,-0.733,43,0.2189,0.8266,False
Irish,兌卦-dynamic,s,-0.714,16,0.2239,0.8366,False
Irish,艮卦-dynamic,c,0.701,11,0.2239,0.8366,False
Irish,坎卦-dynamic,ɔ,-1.056,4,0.2289,0.8407,False
Irish,兌卦-dynamic,ɐ,-0.634,31,0.2289,0.8407,False
Irish,兌卦-static,n,1.647,9,0.2338,0.8474,False
Irish,中卦-static,ɡ,-0.703,11,0.2338,0.8474,False
Irish,兌卦-dynamic,e,0.635,20,0.2338,0.8474,False
Irish,艮卦-dynamic,f,0.61,21,0.2338,0.8474,False
Irish,中卦-static,d̪,0.723,17,0.2388,0.8512,False
Irish,震卦-dynamic,c,0.716,9,0.2388,0.8512,False
Irish,震卦-dynamic,l,-0.617,19,0.2388,0.8512,False
Irish,坎卦-static,ɔ,0.65,30,0.2438,0.8576,False
Irish,坎卦-static,a,-0.642,14,0.2438,0.8576,False
Irish,震卦-dynamic,lʲ,-0.641,17,0.2438,0.8576,False
Irish,中卦-static,h,0.716,12,0.2488,0.8583,False
Irish,中卦-static,t̪,0.658,24,0.2488,0.8583,False
Irish,坤卦-dynamic,h,-0.58,6,0.2488,0.8583,False
Irish,震卦-static,ɛ,-0.536,9,0.2488,0.8583,False
Irish,坤卦-static,ə,0.84,31,0.2537,0.8699,False
Irish,兌卦-dynamic,c,0.739,8,0.2537,0.8699,False
Irish,離卦-static,ɑ,1.464,15,0.2637,0.8713,False
Irish,離卦-static,v,1.179,6,0.2687,0.8713,False
Irish,坤卦-static,x,0.864,17,0.2687,0.8713,False
Irish,震卦-dynamic,ɡ,0.721,39,0.2687,0.8713,False
Irish,兌卦-dynamic,x,-0.658,8,0.2637,0.8713,False
Irish,震卦-dynamic,ɡʲ,0.657,3,0.2687,0.8713,False
Irish,震卦-dynamic,j,0.649,4,0.2687,0.8713,False
Irish,兌卦-dynamic,kʲ,0.63,9,0.2637,0.8713,False
Irish,離卦-dynamic,r,0.577,87,0.2687,0.8713,False
Irish,坎卦-static,nʲ,-0.568,5,0.2637,0.8713,False
Irish,震卦-static,kʲ,-0.551,6,0.2587,0.8713,False
Irish,震卦-static,u,0.546,23,0.2637,0.8713,False
Irish,坎卦-dynamic,a,-0.991,3,0.2736,0.8717,False
Irish,震卦-dynamic,w,0.706,3,0.2736,0.8717,False
Irish,坤卦-dynamic,m,-0.593,25,0.2736,0.8717,False
Irish,坤卦-dynamic,ɹ,0.585,37,0.2736,0.8717,False
Irish,中卦-dynamic,o,2.151,3,0.2786,0.8772,False
Irish,坤卦-static,r,-0.855,14,0.2786,0.8772,False
Irish,兌卦-static,m,1.486,7,0.3085,0.8813,False
Irish,巽卦-static,v,1.329,6,0.3085,0.8813,False
Irish,巽卦-static,x,1.325,11,0.2935,0.8813,False
Irish,巽卦-static,b,1.197,5,0.3085,0.8813,False
Irish,坎卦-dynamic,ə,-0.907,16,0.2935,0.8813,False
Irish,坤卦-static,v,-0.82,3,0.2985,0.8813,False
Irish,坎卦-dynamic,e,-0.807,4,0.3085,0.8813,False
Irish,艮卦-static,d͡ʒ,0.698,8,0.2886,0.8813,False
Irish,坎卦-static,w,0.696,4,0.2935,0.8813,False
Irish,震卦-dynamic,t̪,0.616,26,0.2886,0.8813,False
Irish,坎卦-static,ɐ,-0.578,49,0.2836,0.8813,False
Irish,艮卦-static,t͡ʃ,-0.577,5,0.3085,0.8813,False
Irish,艮卦-static,m,-0.57,18,0.2886,0.8813,False
Irish,兌卦-dynamic,p,0.568,13,0.2935,0.8813,False
Irish,震卦-static,j,0.558,5,0.2836,0.8813,False
Irish,離卦-dynamic,h,0.509,19,0.3035,0.8813,False
Irish,坤卦-dynamic,dʲ,0.504,7,0.3085,0.8813,False
Irish,震卦-dynamic,v,-0.615,9,0.3134,0.8861,False
Irish,坎卦-static,ʃ,-0.559,21,0.3134,0.8861,False
Irish,坤卦-static,k,-0.817,9,0.3184,0.8886,False
Irish,艮卦-static,ɛ,-0.492,7,0.3184,0.8886,False
Irish,中卦-static,nʲ,0.524,8,0.3234,0.8932,False
Irish,離卦-dynamic,d͡ʒ,-0.488,6,0.3234,0.8932,False
Irish,離卦-static,t̪,-0.942,3,0.3284,0.8933,False
Irish,艮卦-dynamic,i͡ə,-0.499,3,0.3284,0.8933,False
Irish,坤卦-dynamic,e,-0.489,18,0.3284,0.8933,False
Irish,艮卦-dynamic,t͡ʃ,-0.544,7,0.3333,0.9023,False
Irish,艮卦-static,ɑ,-0.455,30,0.3333,0.9023,False
Irish,乾卦-dynamic,m,2.016,5,0.3383,0.9066,False
Irish,兌卦-dynamic,a͡ɪ,0.591,5,0.3383,0.9066,False
Irish,坤卦-dynamic,v,0.466,26,0.3383,0.9066,False
Irish,巽卦-static,ɹ,1.216,7,0.3433,0.9109,False
Irish,乾卦-static,ɹ,0.817,15,0.3433,0.9109,False
Irish,艮卦-dynamic,nʲ,-0.495,5,0.3433,0.9109,False
Irish,中卦-dynamic,r,1.876,5,0.3632,0.912,False
Irish,離卦-static,kʲ,1.166,3,0.3532,0.912,False
Irish,坤卦-static,ɐ,-0.737,14,0.3582,0.912,False
Irish,震卦-dynamic,o,0.581,26,0.3532,0.912,False
Irish,中卦-static,ə,-0.551,44,0.3532,0.912,False
Irish,離卦-dynamic,ŋ,0.533,4,0.3483,0.912,False
Irish,坎卦-static,j,0.532,5,0.3483,0.912,False
Irish,坤卦-dynamic,ɛ,-0.485,10,0.3682,0.912,False
Irish,艮卦-static,h,-0.463,5,0.3582,0.912,False
Irish,震卦-static,v,0.452,25,0.3532,0.912,False
Irish,艮卦-dynamic,lʲ,-0.449,25,0.3582,0.912,False
Irish,艮卦-dynamic,k,0.42,55,0.3582,0.912,False
Irish,坎卦-static,kʲ,0.512,13,0.3781,0.9136,False
Irish,震卦-static,e,-0.438,18,0.3781,0.9136,False
Irish,震卦-static,ɡ,-0.422,23,0.3731,0.9136,False
Irish,兌卦-static,d̪,1.328,3,0.3831,0.9235,False
Irish,巽卦-static,i,-1.086,3,0.393,0.9309,False
Irish,巽卦-static,s,-1.077,3,0.393,0.9309,False
Irish,離卦-static,l,0.908,10,0.393,0.9309,False
Irish,震卦-dynamic,ɐ,-0.506,38,0.3881,0.9309,False
Irish,中卦-static,a͡ʊ,0.437,7,0.393,0.9309,False
Irish,震卦-static,x,-0.364,20,0.393,0.9309,False
Irish,乾卦-dynamic,ɐ,1.619,7,0.398,0.9345,False
Irish,乾卦-static,ʊ,0.721,4,0.398,0.9345,False
Irish,坎卦-dynamic,u,0.693,7,0.403,0.936,False
Irish,巽卦-dynamic,n,-1.44,3,0.4328,0.9368,False
Irish,巽卦-dynamic,ə,1.38,7,0.4279,0.9368,False
Irish,坤卦-static,ɑ,0.621,21,0.4279,0.9368,False
Irish,坤卦-static,ʊ,0.593,3,0.4179,0.9368,False
Irish,坤卦-static,p,-0.592,3,0.4229,0.9368,False
Irish,兌卦-dynamic,i,-0.478,19,0.4129,0.9368,False
Irish,兌卦-dynamic,r,-0.47,34,0.4328,0.9368,False
Irish,中卦-static,c,-0.468,3,0.4179,0.9368,False
Irish,兌卦-dynamic,f,0.467,14,0.4179,0.9368,False
Irish,震卦-dynamic,ɪ,0.466,57,0.4279,0.9368,False
Irish,坤卦-dynamic,p,-0.447,11,0.4279,0.9368,False
Irish,震卦-static,f,-0.428,12,0.4229,0.9368,False
Irish,中卦-static,v,0.425,17,0.4229,0.9368,False
Irish,坎卦-static,e,0.409,28,0.4229,0.9368,False
Irish,坎卦-static,o,-0.406,20,0.4279,0.9368,False
Irish,震卦-static,dʲ,-0.398,3,0.408,0.9368,False
Irish,離卦-dynamic,b,-0.391,20,0.4179,0.9368,False
Irish,坤卦-dynamic,t͡ʃ,-0.382,11,0.4328,0.9368,False
Irish,離卦-dynamic,a͡ʊ,-0.374,7,0.4328,0.9368,False
Irish,坎卦-static,a͡ʊ,-0.343,6,0.4328,0.9368,False
Irish,乾卦-dynamic,s,1.55,4,0.4428,0.9388,False
Irish,乾卦-dynamic,o,1.431,3,0.5174,0.9388,False
Irish,中卦-dynamic,ɐ,1.137,5,0.6468,0.9388,False
Irish,兌卦-static,r,-1.129,4,0.4378,0.9388,False
Irish,中卦-dynamic,m,1.022,3,0.6318,0.9388,False
Irish,巽卦-static,i͡ə,1.015,3,0.5224,0.9388,False
Irish,巽卦-dynamic,r,0.946,5,0.5871,0.9388,False
Irish,中卦-dynamic,lʲ,0.919,3,0.6667,0.9388,False
Irish,中卦-dynamic,n,0.897,4,0.6766,0.9388,False
Irish,中卦-dynamic,ə,0.813,5,0.6816,0.9388,False
Irish,兌卦-static,ə,0.813,10,0.6169,0.9388,False
Irish,離卦-static,s,-0.8,4,0.5025,0.9388,False
Irish,兌卦-static,v,0.767,3,0.6368,0.9388,False
Irish,離卦-static,ɪ,-0.754,6,0.4876,0.9388,False
Irish,離卦-static,ɐ,0.73,15,0.5672,0.9388,False
Irish,兌卦-static,ɑ,0.697,7,0.6468,0.9388,False
Irish,坎卦-dynamic,k,0.692,19,0.4577,0.9388,False
Irish,巽卦-static,ɔ,0.682,5,0.6368,0.9388,False
Irish,巽卦-static,l,-0.678,4,0.5672,0.9388,False
Irish,坎卦-dynamic,lʲ,0.661,15,0.4876,0.9388,False
Irish,坎卦-dynamic,ɹ,-0.655,7,0.4826,0.9388,False
Irish,巽卦-static,u,0.648,4,0.5572,0.9388,False
Irish,坎卦-dynamic,t̪,-0.602,6,0.5323,0.9388,False
Irish,坤卦-static,ɡ,-0.592,6,0.4627,0.9388,False
Irish,坎卦-dynamic,ɪ,0.591,23,0.4527,0.9388,False
Irish,兌卦-static,ɐ,-0.581,5,0.6766,0.9388,False
Irish,乾卦-static,n,-0.562,23,0.4677,0.9388,False
Irish,坎卦-dynamic,ʃ,-0.554,6,0.4677,0.9388,False
Irish,坎卦-dynamic,n,-0.519,17,0.5274,0.9388,False
Irish,離卦-static,ɔ,0.515,5,0.6567,0.9388,False
Irish,巽卦-static,k,-0.51,6,0.6816,0.9388,False
Irish,乾卦-static,p,-0.506,4,0.5572,0.9388,False
Irish,乾卦-static,a,-0.495,6,0.5174,0.9388,False
Irish,乾卦-static,ɪ,-0.484,17,0.5224,0.9388,False
Irish,乾卦-static,ɑ,-0.481,16,0.5224,0.9388,False
Irish,離卦-static,i,0.467,8,0.6866,0.9388,False
Irish,坎卦-dynamic,ɡ,0.459,13,0.5224,0.9388,False
Irish,坎卦-dynamic,v,-0.456,4,0.592,0.9388,False
Irish,震卦-dynamic,a͡ʊ,-0.456,4,0.4428,0.9388,False
Irish,乾卦-static,ʃ,-0.456,9,0.5522,0.9388,False
Irish,乾卦-static,d̪,0.454,9,0.5672,0.9388,False
Irish,坎卦-dynamic,ɐ,-0.446,15,0.6169,0.9388,False
Irish,中卦-static,ʃ,-0.436,16,0.4826,0.9388,False
Irish,離卦-static,d̪,0.427,4,0.6965,0.9388,False
Irish,離卦-static,m,0.42,8,0.7015,0.9388,False
Irish,震卦-dynamic,x,-0.419,14,0.4726,0.9388,False
Irish,中卦-static,a,-0.417,11,0.4428,0.9388,False
Irish,中卦-static,r,0.417,47,0.5124,0.9388,False
Irish,乾卦-static,lʲ,-0.402,11,0.5572,0.9388,False
Irish,艮卦-static,ɐ,-0.39,39,0.4876,0.9388,False
Irish,震卦-dynamic,a,0.388,18,0.5025,0.9388,False
Irish,中卦-static,ɪ,-0.385,32,0.5075,0.9388,False
Irish,離卦-dynamic,c,-0.38,6,0.4627,0.9388,False
Irish,乾卦-static,h,-0.38,3,0.6667,0.9388,False
Irish,坤卦-dynamic,ŋ,0.379,3,0.5323,0.9388,False
Irish,離卦-dynamic,m,-0.378,35,0.4726,0.9388,False
Irish,坎卦-static,t͡ʃ,-0.373,11,0.4478,0.9388,False
Irish,震卦-dynamic,kʲ,0.372,9,0.4527,0.9388,False
Irish,坤卦-dynamic,i͡ə,0.368,12,0.4378,0.9388,False
Irish,坎卦-static,k,-0.367,40,0.4478,0.9388,False
Irish,坎卦-static,cʲ,0.363,3,0.4478,0.9388,False
Irish,乾卦-static,r,-0.363,21,0.6468,0.9388,False
Irish,乾卦-static,f,-0.362,5,0.6667,0.9388,False
Irish,坤卦-dynamic,r,-0.361,55,0.4876,0.9388,False
Irish,兌卦-dynamic,v,-0.358,10,0.5224,0.9388,False
Irish,中卦-static,l,-0.357,21,0.4627,0.9388,False
Irish,艮卦-dynamic,kʲ,0.356,11,0.4527,0.9388,False
Irish,震卦-dynamic,n,0.356,53,0.5821,0.9388,False
Irish,中卦-static,j,0.353,3,0.5721,0.9388,False
Irish,坤卦-static,u,-0.343,5,0.6716,0.9388,False
Irish,震卦-dynamic,h,-0.343,6,0.6169,0.9388,False
Irish,震卦-dynamic,s,-0.343,23,0.5622,0.9388,False
Irish,中卦-static,ɛ,-0.342,8,0.5373,0.9388,False
Irish,艮卦-dynamic,n,-0.34,57,0.5174,0.9388,False
Irish,震卦-static,ə,0.34,85,0.4876,0.9388,False
Irish,離卦-dynamic,t͡ʃ,-0.34,14,0.4627,0.9388,False
Irish,坎卦-dynamic,d̪,-0.339,5,0.6318,0.9388,False
Irish,坤卦-static,t̪,0.338,10,0.6915,0.9388,False
Irish,坎卦-static,s,-0.337,31,0.4876,0.9388,False
Irish,艮卦-static,a͡ʊ,0.334,7,0.5522,0.9388,False
Irish,坤卦-dynamic,ɑ,0.333,61,0.4478,0.9388,False
Irish,離卦-dynamic,lʲ,-0.33,36,0.5373,0.9388,False
Irish,坤卦-dynamic,kʲ,0.329,12,0.5124,0.9388,False
Irish,坎卦-static,ɛ,-0.328,12,0.5622,0.9388,False
Irish,離卦-dynamic,t̪,0.327,38,0.5423,0.9388,False
Irish,離卦-dynamic,i͡ə,-0.324,6,0.5224,0.9388,False
Irish,中卦-static,o,0.32,21,0.5871,0.9388,False
Irish,震卦-dynamic,t͡ʃ,-0.318,9,0.5771,0.9388,False
Irish,震卦-dynamic,ʊ,-0.318,3,0.5572,0.9388,False
Irish,離卦-dynamic,ɛ,0.317,25,0.5473,0.9388,False
Irish,坤卦-dynamic,d͡ʒ,-0.313,6,0.5423,0.9388,False
Irish,震卦-dynamic,f,-0.308,10,0.5274,0.9388,False
Irish,震卦-static,ɡʲ,0.304,3,0.4876,0.9388,False
Irish,震卦-static,ʃ,-0.302,26,0.4975,0.9388,False
Irish,艮卦-static,o,0.299,22,0.592,0.9388,False
Irish,艮卦-dynamic,a,-0.294,16,0.5622,0.9388,False
Irish,兌卦-dynamic,ɹ,0.294,22,0.6716,0.9388,False
Irish,中卦-static,x,0.293,26,0.6269,0.9388,False
Irish,離卦-dynamic,ʃ,-0.292,32,0.4975,0.9388,False
Irish,艮卦-dynamic,ɡ,0.289,38,0.4925,0.9388,False
Irish,離卦-dynamic,u͡ə,-0.284,3,0.5423,0.9388,False
Irish,震卦-static,i,0.283,42,0.5871,0.9388,False
Irish,離卦-dynamic,ɑ,-0.283,55,0.5423,0.9388,False
Irish,坤卦-static,ɪ,-0.28,16,0.7015,0.9388,False
Irish,震卦-static,d͡ʒ,-0.276,6,0.5572,0.9388,False
Irish,艮卦-dynamic,x,-0.27,21,0.602,0.9388,False
Irish,坎卦-static,t̪,0.27,31,0.5373,0.9388,False
Irish,震卦-static,k,-0.261,42,0.6368,0.9388,False
Irish,坎卦-static,v,0.259,23,0.6318,0.9388,False
Irish,坤卦-dynamic,ɡ,-0.257,28,0.607,0.9388,False
Irish,坤卦-static,m,-0.254,10,0.7015,0.9388,False
Irish,坤卦-dynamic,n,0.254,71,0.6517,0.9388,False
Irish,中卦-static,s,-0.254,22,0.6517,0.9388,False
Irish,艮卦-static,u,0.253,15,0.6766,0.9388,False
Irish,中卦-static,ʊ,-0.252,3,0.6915,0.9388,False
Irish,艮卦-static,t̪,-0.251,18,0.6468,0.9388,False
Irish,艮卦-dynamic,ɛ,-0.249,12,0.6368,0.9388,False
Irish,坤卦-dynamic,a͡ɪ,-0.239,3,0.6866,0.9388,False
Irish,坎卦-static,b,-0.234,18,0.6866,0.9388,False
Irish,坎卦-static,x,-0.23,24,0.6219,0.9388,False
Irish,坤卦-dynamic,o,0.224,30,0.6219,0.9388,False
Irish,震卦-static,h,-0.224,9,0.6816,0.9388,False
Irish,坎卦-static,i͡ə,-0.222,6,0.6766,0.9388,False
Irish,震卦-static,a͡ɪ,-0.222,3,0.6318,0.9388,False
Irish,艮卦-dynamic,i,-0.214,31,0.7015,0.9388,False
Irish,離卦-dynamic,s,-0.204,40,0.7015,0.9388,False
Irish,中卦-static,ɔ,-0.193,15,0.6915,0.9388,False
Irish,坤卦-dynamic,u͡ə,-0.192,3,0.6667,0.9388,False
Irish,坤卦-dynamic,b,0.191,22,0.6915,0.9388,False
Irish,震卦-dynamic,a͡ɪ,0.189,4,0.6716,0.9388,False
Irish,震卦-static,ɔ,0.159,25,0.7015,0.9388,False
Irish,乾卦-dynamic,ə,-0.599,4,0.7214,0.939,False
Irish,兌卦-static,ɔ,0.58,3,0.7164,0.939,False
Irish,中卦-dynamic,ɪ,0.514,4,0.8159,0.939,False
Irish,兌卦-static,l,0.499,5,0.7114,0.939,False
Irish,離卦-static,ɡ,-0.437,4,0.7114,0.939,False
Irish,巽卦-static,ɑ,-0.429,7,0.7612,0.939,False
Irish,巽卦-static,ʃ,-0.406,4,0.7861,0.939,False
Irish,巽卦-static,a,0.394,4,0.7612,0.939,False
Irish,離卦-static,ə,-0.382,12,0.7413,0.939,False
Irish,離卦-static,lʲ,0.366,8,0.7214,0.939,False
Irish,坤卦-static,t͡ʃ,0.355,8,0.7065,0.939,False
Irish,巽卦-static,ɪ,-0.348,8,0.8109,0.939,False
Irish,巽卦-static,r,-0.34,9,0.8109,0.939,False
Irish,坎卦-dynamic,o,-0.333,6,0.7214,0.939,False
Irish,巽卦-static,ɡ,0.329,7,0.7363,0.939,False
Irish,巽卦-static,t̪,-0.326,4,0.7612,0.939,False
Irish,離卦-static,k,0.323,10,0.8308,0.939,False
Irish,離卦-static,b,-0.322,3,0.7711,0.939,False
Irish,乾卦-static,kʲ,-0.301,3,0.7313,0.939,False
Irish,乾卦-static,nʲ,0.283,4,0.7512,0.939,False
Irish,乾卦-static,v,0.273,9,0.7711,0.939,False
Irish,乾卦-static,t̪,0.262,12,0.7512,0.939,False
Irish,乾卦-static,x,-0.26,9,0.7363,0.939,False
Irish,巽卦-static,d̪,-0.255,3,0.8308,0.939,False
Irish,乾卦-static,l,0.254,17,0.7512,0.939,False
Irish,坤卦-static,f,0.238,6,0.7562,0.939,False
Irish,乾卦-static,i,-0.232,13,0.7413,0.939,False
Irish,巽卦-static,ə,-0.227,12,0.8209,0.939,False
Irish,中卦-static,ɑ,-0.222,32,0.7214,0.939,False
Irish,坎卦-dynamic,t͡ʃ,-0.218,4,0.791,0.939,False
Irish,中卦-static,i͡ə,0.217,7,0.7363,0.939,False
Irish,艮卦-static,e,-0.21,15,0.7313,0.939,False
Irish,離卦-static,ʃ,-0.193,5,0.8308,0.939,False
Irish,乾卦-static,m,0.193,16,0.7761,0.939,False
Irish,坤卦-static,a,0.191,7,0.8408,0.939,False
Irish,艮卦-dynamic,d͡ʒ,-0.191,6,0.7313,0.939,False
Irish,離卦-dynamic,cʲ,0.187,3,0.7363,0.939,False
Irish,離卦-static,n,0.185,12,0.8408,0.939,False
Irish,震卦-static,o,-0.182,23,0.7264,0.939,False
Irish,艮卦-static,lʲ,-0.179,24,0.7413,0.939,False
Irish,艮卦-static,ʃ,-0.168,21,0.7662,0.939,False
Irish,艮卦-static,ɹ,-0.166,21,0.7861,0.939,False
Irish,震卦-dynamic,u,0.163,15,0.7612,0.939,False
Irish,坤卦-static,lʲ,0.162,13,0.7761,0.939,False
Irish,艮卦-static,i,0.156,29,0.7363,0.939,False
Irish,兌卦-dynamic,t͡ʃ,-0.156,10,0.7761,0.939,False
Irish,兌卦-dynamic,ɪ,0.153,43,0.8358,0.939,False
Irish,中卦-static,m,-0.152,23,0.7861,0.939,False
Irish,離卦-dynamic,l,0.152,50,0.7463,0.939,False
Irish,艮卦-dynamic,h,-0.151,9,0.796,0.939,False
Irish,震卦-dynamic,p,0.147,12,0.8159,0.939,False
Irish,艮卦-static,c,0.14,6,0.796,0.939,False
Irish,坤卦-dynamic,a,0.132,22,0.8209,0.939,False
Irish,坤卦-dynamic,u,-0.126,18,0.7711,0.939,False
Irish,坎卦-static,a͡ɪ,0.123,5,0.8259,0.939,False
Irish,坎卦-static,l,0.122,41,0.8308,0.939,False
Irish,離卦-dynamic,ʊ,0.118,8,0.796,0.939,False
Irish,震卦-dynamic,ɔ,-0.117,17,0.8308,0.939,False
Irish,兌卦-dynamic,ʃ,0.112,23,0.8159,0.939,False
Irish,艮卦-dynamic,ʃ,-0.109,28,0.8408,0.939,False
Irish,坎卦-static,d͡ʒ,0.091,8,0.8358,0.939,False
Irish,離卦-dynamic,o,0.089,33,0.8259,0.939,False
Irish,艮卦-static,a,-0.084,14,0.8408,0.939,False
Irish,坤卦-dynamic,f,-0.083,16,0.8408,0.939,False
Irish,乾卦-dynamic,ɪ,-0.368,3,0.8458,0.9397,False
Irish,離卦-static,p,0.272,3,0.8458,0.9397,False
Irish,乾卦-static,o,0.145,11,0.8458,0.9397,False
Irish,中卦-static,t͡ʃ,0.114,14,0.8458,0.9397,False
Irish,震卦-static,a,-0.105,19,0.8458,0.9397,False
Irish,坎卦-dynamic,b,0.127,6,0.8507,0.9404,False
Irish,兌卦-dynamic,u,0.131,13,0.8607,0.9418,False
Irish,乾卦-static,ɛ,0.113,7,0.8607,0.9418,False
Irish,兌卦-dynamic,k,0.107,34,0.8557,0.9418,False
Irish,坤卦-dynamic,d̪,0.098,21,0.8557,0.9418,False
Irish,艮卦-dynamic,ʊ,0.098,6,0.8607,0.9418,False
Irish,艮卦-static,n,-0.081,47,0.8607,0.9418,False
Irish,離卦-dynamic,e,-0.073,27,0.8607,0.9418,False
Irish,坤卦-static,i,-0.15,11,0.8706,0.9488,False
Irish,兌卦-dynamic,ɛ,-0.087,10,0.8706,0.9488,False
Irish,巽卦-static,lʲ,0.211,7,0.8756,0.9495,False
Irish,坤卦-static,l,0.136,13,0.8756,0.9495,False
Irish,中卦-dynamic,k,0.37,3,0.8806,0.951,False
Irish,離卦-dynamic,p,-0.074,17,0.8806,0.951,False
Irish,震卦-static,m,-0.073,35,0.8806,0.951,False
Irish,兌卦-static,ɪ,0.231,7,0.8905,0.958,False
Irish,坎卦-static,c,0.084,8,0.8905,0.958,False
Irish,艮卦-dynamic,m,-0.055,33,0.8905,0.958,False
Irish,震卦-static,c,-0.053,7,0.8955,0.9604,False
Irish,巽卦-static,f,0.153,3,0.9005,0.9648,False
Irish,兌卦-dynamic,i͡ə,-0.054,5,0.9055,0.9654,False
Irish,艮卦-dynamic,d̪,-0.051,18,0.9055,0.9654,False
Irish,坎卦-dynamic,r,0.11,18,0.9204,0.9688,False
Irish,坎卦-dynamic,ɛ,0.081,5,0.9204,0.9688,False
Irish,中卦-static,ɐ,-0.071,43,0.9204,0.9688,False
Irish,乾卦-static,u,-0.089,7,0.9254,0.9722,False
Irish,乾卦-static,b,0.069,8,0.9254,0.9722,False
Irish,離卦-static,r,0.105,11,0.9303,0.9727,False
Irish,坤卦-static,s,0.073,12,0.9303,0.9727,False
Irish,離卦-dynamic,a͡ɪ,-0.025,5,0.9303,0.9727,False
Irish,兌卦-static,s,0.131,4,0.9353,0.976,False
Irish,乾卦-static,ɡ,0.078,14,0.9403,0.9793,False
Irish,艮卦-dynamic,b,-0.046,18,0.9403,0.9793,False
Irish,乾卦-dynamic,n,-0.218,4,0.9453,0.9807,False
Irish,坎卦-dynamic,p,-0.083,4,0.9453,0.9807,False
Irish,艮卦-static,s,-0.035,26,0.9453,0.9807,False
Irish,坤卦-static,ɹ,0.096,10,0.9502,0.9821,False
Irish,中卦-static,dʲ,-0.075,3,0.9502,0.9821,False
Irish,中卦-static,f,-0.037,11,0.9502,0.9821,False
Irish,巽卦-static,e,0.08,4,0.9552,0.9844,False
Irish,坎卦-static,i,0.021,38,0.9552,0.9844,False
Irish,離卦-static,f,0.062,3,0.9602,0.9848,False
Irish,離卦-static,ɛ,0.055,3,0.9602,0.9848,False
Irish,兌卦-dynamic,ɑ,0.052,35,0.9602,0.9848,False
Irish,兌卦-static,i,0.084,4,0.9652,0.9871,False
Irish,離卦-dynamic,k,0.026,60,0.9652,0.9871,False
Irish,艮卦-dynamic,ɪ,-0.016,55,0.9652,0.9871,False
Irish,離卦-static,e,-0.029,4,0.99,0.9919,False
Irish,坤卦-dynamic,s,-0.025,37,0.9801,0.9919,False
Irish,坤卦-static,kʲ,-0.023,3,0.99,0.9919,False
Irish,中卦-static,ɹ,0.013,21,0.99,0.9919,False
Irish,兌卦-dynamic,d̪,-0.013,13,0.99,0.9919,False
Irish,坤卦-static,n,0.012,21,0.9851,0.9919,False
Irish,艮卦-dynamic,v,-0.012,18,0.9801,0.9919,False
Irish,坎卦-dynamic,l,0.012,11,0.99,0.9919,False
Irish,兌卦-static,k,-0.016,5,0.995,0.995,False
Irish,艮卦-dynamic,ɔ,0.005,22,0.995,0.995,False
Italian,中卦-dynamic,u,3.449,4,0.005,0.2549,False
Italian,坎卦-static,ŋ,2.816,10,0.005,0.2549,False
Italian,中卦-static,w,2.576,15,0.005,0.2549,False
Italian,坎卦-static,ʎ,2.472,9,0.005,0.2549,False
Italian,兌卦-dynamic,r,2.392,282,0.005,0.2549,False
Italian,坤卦-static,ʊ,2.35,15,0.005,0.2549,False
Italian,艮卦-static,ɛ,2.282,32,0.005,0.2549,False
Italian,震卦-static,b,2.238,36,0.005,0.2549,False
Italian,離卦-dynamic,e,1.966,331,0.005,0.2549,False
Italian,兌卦-dynamic,e,1.954,278,0.005,0.2549,False
Italian,震卦-dynamic,ɾ,1.952,8,0.005,0.2549,False
Italian,中卦-static,d,1.62,49,0.005,0.2549,False
Italian,中卦-static,t͡s,1.586,15,0.005,0.2549,False
Italian,乾卦-static,d͡z,3.43,7,0.01,0.3488,False
Italian,艮卦-static,ʎ,2.231,6,0.01,0.3488,False
Italian,震卦-dynamic,ɪ,1.669,14,0.01,0.3488,False
Italian,震卦-dynamic,v,1.649,23,0.01,0.3488,False
Italian,兌卦-dynamic,o,-1.613,81,0.01,0.3488,False
Italian,震卦-static,t͡s,1.318,16,0.01,0.3488,False
Italian,乾卦-static,ɪ,2.399,10,0.0149,0.4322,False
Italian,坤卦-static,s,2.186,28,0.0149,0.4322,False
Italian,艮卦-static,l,1.845,80,0.0149,0.4322,False
Italian,坤卦-dynamic,ɛ,1.384,48,0.0149,0.4322,False
Italian,乾卦-static,ɡ,1.963,16,0.0199,0.4909,False
Italian,離卦-dynamic,r,1.284,256,0.0199,0.4909,False
Italian,兌卦-dynamic,l,-1.213,48,0.0199,0.4909,False
Italian,離卦-dynamic,a,-1.145,197,0.0199,0.4909,False
Italian,巽卦-dynamic,t͡ʃ,3.438,4,0.0299,0.497,False
Italian,中卦-dynamic,ɔ,2.938,4,0.0299,0.497,False
Italian,兌卦-static,f,2.776,7,0.0299,0.497,False
Italian,乾卦-static,z,2.143,13,0.0249,0.497,False
Italian,乾卦-static,t͡s,2.104,7,0.0299,0.497,False
Italian,坤卦-static,ŋ,1.928,3,0.0299,0.497,False
Italian,震卦-dynamic,p,1.574,42,0.0249,0.497,False
Italian,震卦-static,ɾ,1.515,12,0.0249,0.497,False
Italian,中卦-static,s͡s,1.405,15,0.0299,0.497,False
Italian,兌卦-dynamic,ɛ,-1.357,11,0.0299,0.497,False
Italian,離卦-dynamic,l,-1.233,56,0.0299,0.497,False
Italian,坤卦-dynamic,b,1.444,29,0.0348,0.5522,False
Italian,艮卦-static,m,1.351,31,0.0348,0.5522,False
Italian,乾卦-dynamic,z,2.279,6,0.0398,0.6024,False
Italian,離卦-static,t,2.571,28,0.0448,0.6345,False
Italian,震卦-dynamic,l,-1.428,20,0.0448,0.6345,False
Italian,中卦-dynamic,i,3.088,12,0.0498,0.6372,False
Italian,坤卦-static,w,1.785,4,0.0498,0.6372,False
Italian,艮卦-static,w,1.369,6,0.0498,0.6372,False
Italian,坎卦-static,e,-1.219,42,0.0498,0.6372,False
Italian,兌卦-dynamic,a,1.164,252,0.0498,0.6372,False
Italian,中卦-static,v,-1.061,5,0.0547,0.6877,False
Italian,中卦-dynamic,k,3.104,10,0.0597,0.6976,False
Italian,中卦-static,j,-1.309,4,0.0597,0.6976,False
Italian,震卦-dynamic,t͡s,1.282,9,0.0597,0.6976,False
Italian,艮卦-dynamic,m,1.217,33,0.0647,0.7179,False
Italian,中卦-static,b,1.068,22,0.0647,0.7179,False
Italian,巽卦-dynamic,ɡ,3.104,4,0.0697,0.7203,False
Italian,坎卦-dynamic,v,2.163,6,0.0697,0.7203,False
Italian,兌卦-static,ɔ,2.127,7,0.0697,0.7203,False
Italian,坤卦-static,t,1.519,44,0.0697,0.7203,False
Italian,艮卦-dynamic,ɾ,1.176,6,0.0746,0.7203,False
Italian,震卦-static,d͡ʒ,-1.01,4,0.0746,0.7203,False
Italian,離卦-dynamic,b,-0.998,12,0.0746,0.7203,False
Italian,艮卦-dynamic,d,1.175,30,0.0796,0.7363,False
Italian,坤卦-dynamic,v,0.951,31,0.0796,0.7363,False
Italian,離卦-dynamic,o,-0.845,147,0.0796,0.7363,False
Italian,坎卦-dynamic,d͡ʒ,2.242,5,0.0846,0.7412,False
Italian,艮卦-dynamic,t͡ʃ,-1.308,3,0.0846,0.7412,False
Italian,中卦-static,ɾ,0.977,8,0.0846,0.7412,False
Italian,中卦-static,o,0.894,165,0.0846,0.7412,False
Italian,兌卦-static,ɲ,2.47,4,0.0896,0.755,False
Italian,兌卦-dynamic,ɔ,-0.879,11,0.0896,0.755,False
Italian,離卦-dynamic,j,-0.826,11,0.0896,0.755,False
Italian,震卦-dynamic,o,-1.129,55,0.0945,0.7772,False
Italian,坤卦-static,d,-1.589,4,0.0995,0.7889,False
Italian,巽卦-static,l,1.776,21,0.1045,0.7998,False
Italian,震卦-dynamic,j,-1.0,4,0.1045,0.7998,False
Italian,兌卦-dynamic,t,-0.863,67,0.1045,0.7998,False
Italian,巽卦-static,n,2.028,20,0.1095,0.801,False
Italian,坤卦-static,d͡z,1.328,3,0.1095,0.801,False
Italian,坎卦-static,s,0.878,51,0.1095,0.801,False
Italian,艮卦-static,s,-0.97,18,0.1144,0.8284,False
Italian,震卦-static,i,-0.856,78,0.1194,0.8551,False
Italian,巽卦-static,j,2.013,4,0.1294,0.8791,False
Italian,離卦-static,j,1.811,4,0.1244,0.8791,False
Italian,兌卦-dynamic,i,-0.79,90,0.1294,0.8791,False
Italian,震卦-static,p,0.786,58,0.1294,0.8791,False
Italian,離卦-dynamic,ɪ,-0.743,5,0.1294,0.8791,False
Italian,中卦-dynamic,d,2.425,4,0.1493,0.8848,False
Italian,巽卦-dynamic,ʊ,2.281,3,0.2189,0.8848,False
Italian,兌卦-static,a,-1.925,15,0.1642,0.8848,False
Italian,兌卦-static,k,1.833,16,0.1891,0.8848,False
Italian,坎卦-dynamic,t,-1.813,3,0.1592,0.8848,False
Italian,坎卦-dynamic,a,1.674,31,0.1642,0.8848,False
Italian,巽卦-static,f,1.657,6,0.199,0.8848,False
Italian,離卦-static,n,1.598,19,0.1791,0.8848,False
Italian,乾卦-dynamic,a,-1.413,20,0.204,0.8848,False
Italian,坤卦-static,a,1.315,67,0.1493,0.8848,False
Italian,乾卦-static,m,1.285,19,0.1891,0.8848,False
Italian,坤卦-static,i,-1.245,19,0.1542,0.8848,False
Italian,坤卦-static,e,-1.101,19,0.1642,0.8848,False
Italian,乾卦-static,p,-1.072,7,0.209,0.8848,False
Italian,乾卦-static,o,1.021,66,0.204,0.8848,False
Italian,乾卦-static,b,-0.971,3,0.2139,0.8848,False
Italian,乾卦-static,e,-0.954,24,0.2289,0.8848,False
Italian,艮卦-static,i,-0.953,39,0.1692,0.8848,False
Italian,艮卦-dynamic,r,0.914,99,0.1592,0.8848,False
Italian,震卦-dynamic,t͡ʃ,-0.905,6,0.194,0.8848,False
Italian,艮卦-static,ʊ,-0.901,4,0.1642,0.8848,False
Italian,艮卦-dynamic,o,-0.893,62,0.1891,0.8848,False
Italian,艮卦-static,t,-0.87,31,0.1443,0.8848,False
Italian,艮卦-dynamic,ʃ,0.855,5,0.1741,0.8848,False
Italian,艮卦-dynamic,ɪ,0.846,10,0.199,0.8848,False
Italian,震卦-static,ɛ,0.846,41,0.1493,0.8848,False
Italian,中卦-static,ŋ,0.845,5,0.1642,0.8848,False
Italian,艮卦-static,e,-0.843,42,0.2189,0.8848,False
Italian,艮卦-dynamic,ɔ,-0.837,6,0.2289,0.8848,False
Italian,坎卦-static,ɲ,0.828,11,0.1343,0.8848,False
Italian,震卦-static,n,0.82,104,0.1443,0.8848,False
Italian,離卦-dynamic,ɲ,0.81,20,0.1443,0.8848,False
Italian,兌卦-dynamic,u,-0.807,9,0.1393,0.8848,False
Italian,坎卦-static,d,0.799,34,0.209,0.8848,False
Italian,坤卦-dynamic,o,0.787,189,0.1642,0.8848,False
Italian,艮卦-static,t͡ʃ,0.785,17,0.2239,0.8848,False
Italian,艮卦-dynamic,e,0.782,102,0.2289,0.8848,False
Italian,兌卦-dynamic,k,-0.739,46,0.1493,0.8848,False
Italian,震卦-static,a,0.726,210,0.1493,0.8848,False
Italian,離卦-dynamic,v,0.723,38,0.1692,0.8848,False
Italian,坎卦-static,f,-0.717,10,0.2239,0.8848,False
Italian,坤卦-dynamic,ɪ,-0.708,4,0.1741,0.8848,False
Italian,離卦-dynamic,ɔ,-0.69,17,0.1592,0.8848,False
Italian,離卦-dynamic,u,-0.687,13,0.204,0.8848,False
Italian,坤卦-dynamic,l,0.685,110,0.199,0.8848,False
Italian,坤卦-dynamic,m,0.683,49,0.199,0.8848,False
Italian,兌卦-dynamic,s,-0.683,45,0.2239,0.8848,False
Italian,艮卦-static,b,0.68,12,0.2189,0.8848,False
Italian,中卦-static,f,-0.677,12,0.204,0.8848,False
Italian,離卦-dynamic,s,-0.66,54,0.1592,0.8848,False
Italian,兌卦-dynamic,ɾ,0.644,9,0.1891,0.8848,False
Italian,兌卦-dynamic,ʎ,0.641,6,0.209,0.8848,False
Italian,震卦-static,d,-0.635,27,0.194,0.8848,False
Italian,震卦-static,r,-0.63,90,0.2338,0.8848,False
Italian,離卦-dynamic,n,0.624,130,0.2338,0.8848,False
Italian,中卦-static,r,-0.618,76,0.2289,0.8848,False
Italian,離卦-dynamic,ʎ,0.617,7,0.2139,0.8848,False
Italian,中卦-static,u,0.616,24,0.2139,0.8848,False
Italian,兌卦-dynamic,d͡ʒ,0.608,24,0.2139,0.8848,False
Italian,離卦-dynamic,z,-0.592,8,0.194,0.8848,False
Italian,中卦-static,ʊ,-0.584,10,0.204,0.8848,False
Italian,坎卦-dynamic,o,-1.497,10,0.2438,0.897,False
Italian,艮卦-dynamic,b,0.845,14,0.2388,0.897,False
Italian,震卦-static,m,-0.587,31,0.2438,0.897,False
Italian,震卦-dynamic,r,0.863,97,0.2537,0.9085,False
Italian,坎卦-static,d͡ʒ,-0.611,6,0.2537,0.9085,False
Italian,震卦-static,ɪ,-0.598,5,0.2537,0.9085,False
Italian,坎卦-dynamic,ʊ,1.425,5,0.2637,0.9186,False
Italian,兌卦-static,n,-1.356,4,0.2736,0.9186,False
Italian,乾卦-static,w,0.94,3,0.2637,0.9186,False
Italian,艮卦-dynamic,a,0.747,121,0.2687,0.9186,False
Italian,艮卦-static,r,-0.7,45,0.2786,0.9186,False
Italian,坎卦-static,ɛ,0.585,27,0.2736,0.9186,False
Italian,震卦-static,ʊ,-0.579,12,0.2786,0.9186,False
Italian,中卦-static,a,-0.57,140,0.2786,0.9186,False
Italian,坤卦-dynamic,s,-0.557,42,0.2786,0.9186,False
Italian,坤卦-dynamic,r,-0.551,93,0.2786,0.9186,False
Italian,兌卦-dynamic,p,0.464,58,0.2786,0.9186,False
Italian,中卦-dynamic,l,1.937,9,0.2935,0.9204,False
Italian,坎卦-dynamic,p,1.403,9,0.2886,0.9204,False
Italian,離卦-static,e,1.347,31,0.2985,0.9204,False
Italian,乾卦-static,l,-0.949,17,0.2985,0.9204,False
Italian,坤卦-static,j,0.879,6,0.2935,0.9204,False
Italian,震卦-dynamic,ɛ,0.668,22,0.2836,0.9204,False
Italian,艮卦-static,f,0.649,16,0.2985,0.9204,False
Italian,坤卦-dynamic,i,-0.581,86,0.2985,0.9204,False
Italian,坤卦-dynamic,k,-0.519,48,0.2836,0.9204,False
Italian,離卦-dynamic,t͡ʃ,-0.502,21,0.2886,0.9204,False
Italian,兌卦-dynamic,t͡ʃ,-0.481,18,0.2985,0.9204,False
Italian,乾卦-dynamic,d͡ʒ,1.204,4,0.3085,0.9254,False
Italian,艮卦-dynamic,k,-0.666,25,0.3085,0.9254,False
Italian,中卦-static,m,0.633,41,0.3085,0.9254,False
Italian,離卦-dynamic,ʊ,-0.466,18,0.3085,0.9254,False
Italian,離卦-static,k,-1.332,3,0.3134,0.9278,False
Italian,乾卦-dynamic,v,1.215,5,0.3134,0.9278,False
Italian,震卦-static,ɡ,-0.518,10,0.3134,0.9278,False
Italian,中卦-dynamic,o,-1.663,4,0.3383,0.9305,False
Italian,巽卦-dynamic,a,-1.546,8,0.4428,0.9305,False
Italian,巽卦-dynamic,r,1.465,12,0.4925,0.9305,False
Italian,兌卦-static,o,1.352,27,0.3433,0.9305,False
Italian,坎卦-dynamic,s,1.259,10,0.3433,0.9305,False
Italian,巽卦-static,r,-1.239,8,0.3682,0.9305,False
Italian,乾卦-dynamic,s,1.184,11,0.3532,0.9305,False
Italian,乾卦-dynamic,d,-1.077,3,0.393,0.9305,False
Italian,中卦-dynamic,e,-1.025,4,0.5323,0.9305,False
Italian,離卦-static,m,1.019,8,0.4378,0.9305,False
Italian,兌卦-static,s,1.017,9,0.5025,0.9305,False
Italian,乾卦-dynamic,r,-1.014,10,0.3881,0.9305,False
Italian,乾卦-dynamic,o,0.989,29,0.5025,0.9305,False
Italian,巽卦-static,o,0.982,28,0.4677,0.9305,False
Italian,乾卦-dynamic,i,0.98,20,0.4577,0.9305,False
Italian,兌卦-static,t,0.979,16,0.4726,0.9305,False
Italian,離卦-static,i,-0.946,11,0.4627,0.9305,False
Italian,坎卦-dynamic,n,-0.923,6,0.4428,0.9305,False
Italian,巽卦-static,t,-0.921,8,0.4328,0.9305,False
Italian,巽卦-static,s,-0.897,5,0.4527,0.9305,False
Italian,巽卦-static,e,-0.868,11,0.4826,0.9305,False
Italian,乾卦-dynamic,t,0.847,18,0.4925,0.9305,False
Italian,乾卦-static,s,-0.846,12,0.3881,0.9305,False
Italian,乾卦-static,f,-0.84,4,0.3731,0.9305,False
Italian,乾卦-static,n,0.838,34,0.3731,0.9305,False
Italian,兌卦-static,d,-0.822,3,0.5224,0.9305,False
Italian,坤卦-static,ɪ,0.813,5,0.3433,0.9305,False
Italian,坎卦-dynamic,e,0.808,23,0.5075,0.9305,False
Italian,坤卦-static,p,0.798,17,0.3582,0.9305,False
Italian,坤卦-static,r,-0.776,24,0.3483,0.9305,False
Italian,乾卦-static,t͡ʃ,-0.766,4,0.4478,0.9305,False
Italian,乾卦-static,u,0.764,10,0.3781,0.9305,False
Italian,震卦-dynamic,ʊ,-0.69,6,0.3333,0.9305,False
Italian,艮卦-static,j,0.687,10,0.3333,0.9305,False
Italian,坤卦-static,f,0.662,9,0.4328,0.9305,False
Italian,艮卦-dynamic,ɛ,0.655,22,0.3433,0.9305,False
Italian,震卦-dynamic,i,0.641,73,0.3184,0.9305,False
Italian,艮卦-static,o,0.561,94,0.403,0.9305,False
Italian,乾卦-static,ʊ,-0.556,4,0.4677,0.9305,False
Italian,坎卦-static,ɪ,-0.536,4,0.3333,0.9305,False
Italian,震卦-dynamic,s͡s,0.536,6,0.3831,0.9305,False
Italian,艮卦-static,a,0.522,106,0.403,0.9305,False
Italian,艮卦-dynamic,j,-0.522,6,0.4776,0.9305,False
Italian,中卦-static,d͡z,0.522,5,0.3284,0.9305,False
Italian,坤卦-static,o,0.519,52,0.5174,0.9305,False
Italian,艮卦-dynamic,t,-0.511,42,0.4577,0.9305,False
Italian,坤卦-dynamic,ɡ,-0.51,10,0.3881,0.9305,False
Italian,震卦-dynamic,k,-0.509,28,0.4478,0.9305,False
Italian,坎卦-static,t,0.504,81,0.3532,0.9305,False
Italian,兌卦-dynamic,j,0.5,20,0.3284,0.9305,False
Italian,中卦-static,i,0.495,103,0.398,0.9305,False
Italian,艮卦-static,u,0.493,14,0.4826,0.9305,False
Italian,中卦-static,ɪ,0.485,12,0.3483,0.9305,False
Italian,艮卦-static,v,-0.471,7,0.4726,0.9305,False
Italian,坤卦-dynamic,f,0.462,28,0.3234,0.9305,False
Italian,離卦-dynamic,t,-0.461,100,0.3433,0.9305,False
Italian,坎卦-static,i,0.458,88,0.3632,0.9305,False
Italian,艮卦-static,k,0.457,43,0.5025,0.9305,False
Italian,震卦-static,o,0.456,175,0.3383,0.9305,False
Italian,離卦-dynamic,ʃ,-0.45,3,0.3881,0.9305,False
Italian,坎卦-static,ʊ,-0.443,10,0.5025,0.9305,False
Italian,中卦-static,ɔ,-0.439,14,0.4627,0.9305,False
Italian,坎卦-static,j,-0.438,8,0.4876,0.9305,False
Italian,震卦-static,z,-0.431,8,0.3532,0.9305,False
Italian,離卦-dynamic,m,0.42,61,0.393,0.9305,False
Italian,中卦-static,l,-0.417,60,0.4577,0.9305,False
Italian,中卦-static,e,-0.414,89,0.3831,0.9305,False
Italian,坤卦-dynamic,d͡ʒ,0.409,19,0.4229,0.9305,False
Italian,中卦-static,z,-0.403,7,0.4229,0.9305,False
Italian,震卦-dynamic,u,-0.394,8,0.4925,0.9305,False
Italian,中卦-static,ɛ,0.393,29,0.4577,0.9305,False
Italian,兌卦-dynamic,n,-0.393,72,0.4478,0.9305,False
Italian,震卦-static,e,-0.383,108,0.408,0.9305,False
Italian,坤卦-dynamic,t͡s,-0.377,4,0.5323,0.9305,False
Italian,兌卦-dynamic,b,-0.369,16,0.4428,0.9305,False
Italian,坤卦-dynamic,p,-0.363,35,0.4726,0.9305,False
Italian,坤卦-dynamic,e,-0.359,108,0.4975,0.9305,False
Italian,離卦-dynamic,p,0.355,66,0.4975,0.9305,False
Italian,震卦-static,s͡s,-0.346,3,0.5025,0.9305,False
Italian,離卦-dynamic,ɡ,-0.344,17,0.4627,0.9305,False
Italian,中卦-static,k,-0.339,46,0.5124,0.9305,False
Italian,兌卦-dynamic,m,-0.332,39,0.4975,0.9305,False
Italian,震卦-static,ɲ,-0.329,3,0.5274,0.9305,False
Italian,兌卦-dynamic,f,-0.321,21,0.5323,0.9305,False
Italian,震卦-static,ʃ,0.308,6,0.5274,0.9305,False
Italian,離卦-dynamic,ɛ,-0.3,33,0.5274,0.9305,False
Italian,震卦-dynamic,b,-0.4,8,0.5373,0.9332,False
Italian,坎卦-static,o,0.355,123,0.5373,0.9332,False
Italian,震卦-static,t,0.296,104,0.5423,0.9332,False
Italian,震卦-static,v,0.286,23,0.5423,0.9332,False
Italian,乾卦-static,i,-0.425,30,0.5473,0.937,False
Italian,坤卦-dynamic,n,0.306,86,0.5522,0.9382,False
Italian,兌卦-dynamic,z,-0.286,11,0.5522,0.9382,False
Italian,兌卦-dynamic,ɪ,0.271,14,0.5622,0.9503,False
Italian,坤卦-static,s͡s,0.51,3,0.5672,0.9539,False
Italian,坎卦-static,p,0.295,35,0.5672,0.9539,False
Italian,兌卦-static,r,-0.793,10,0.5821,0.962,False
Italian,巽卦-static,p,-0.705,4,0.5821,0.962,False
Italian,坤卦-dynamic,ʃ,-0.291,3,0.5771,0.962,False
Italian,坎卦-static,ɡ,0.248,16,0.5771,0.962,False
Italian,離卦-static,ɛ,-0.604,3,0.5871,0.9654,False
Italian,坤卦-dynamic,t,0.279,102,0.5871,0.9654,False
Italian,震卦-dynamic,n,-0.376,37,0.592,0.9674,False
Italian,離卦-dynamic,f,-0.256,26,0.597,0.9674,False
Italian,坤卦-dynamic,s͡s,0.255,8,0.597,0.9674,False
Italian,中卦-static,t͡ʃ,0.208,21,0.592,0.9674,False
Italian,離卦-static,a,0.769,31,0.602,0.9684,False
Italian,坤卦-dynamic,d,-0.246,32,0.602,0.9684,False
Italian,坎卦-static,ɔ,0.347,21,0.607,0.9694,False
Italian,離卦-dynamic,s͡s,-0.257,5,0.607,0.9694,False
Italian,巽卦-static,i,0.69,18,0.6119,0.9704,False
Italian,震卦-dynamic,z,0.333,10,0.6119,0.9704,False
Italian,離卦-dynamic,d͡z,0.249,6,0.6119,0.9704,False
Italian,艮卦-dynamic,l,-0.325,43,0.6169,0.9736,False
Italian,中卦-dynamic,r,-1.011,4,0.6219,0.9745,False
Italian,離卦-dynamic,d͡ʒ,-0.265,16,0.6219,0.9745,False
Italian,離卦-static,o,-0.595,18,0.6269,0.9754,False
Italian,艮卦-static,z,-0.304,5,0.6269,0.9754,False
Italian,坎卦-dynamic,r,0.603,20,0.6318,0.9763,False
Italian,坎卦-static,a,0.27,141,0.6318,0.9763,False
Italian,坎卦-dynamic,l,0.62,14,0.6368,0.9795,False
Italian,震卦-static,j,0.248,16,0.6368,0.9795,False
Italian,震卦-dynamic,e,0.298,85,0.6418,0.9849,False
Italian,巽卦-static,ɛ,-0.527,3,0.6468,0.9859,False
Italian,坤卦-static,d͡ʒ,-0.426,3,0.6567,0.9859,False
Italian,乾卦-static,a,-0.409,56,0.6617,0.9859,False
Italian,坤卦-static,ɛ,-0.356,7,0.6617,0.9859,False
Italian,離卦-dynamic,i,0.253,153,0.6517,0.9859,False
Italian,坎卦-static,k,-0.247,42,0.6617,0.9859,False
Italian,艮卦-static,n,-0.245,36,0.6517,0.9859,False
Italian,坎卦-static,r,-0.245,80,0.6567,0.9859,False
Italian,離卦-dynamic,k,-0.233,78,0.6468,0.9859,False
Italian,巽卦-static,d͡ʒ,0.623,3,0.6667,0.9876,False
Italian,離卦-static,p,0.611,8,0.6766,0.9876,False
Italian,坎卦-dynamic,m,-0.577,4,0.6816,0.9876,False
Italian,乾卦-dynamic,u,0.559,4,0.6816,0.9876,False
Italian,艮卦-dynamic,ɡ,-0.27,8,0.6716,0.9876,False
Italian,震卦-dynamic,d͡ʒ,0.245,10,0.6866,0.9876,False
Italian,坎卦-static,w,0.24,4,0.6866,0.9876,False
Italian,坤卦-dynamic,ɾ,-0.224,4,0.6667,0.9876,False
Italian,坎卦-static,t͡s,0.224,6,0.6866,0.9876,False
Italian,坎卦-static,v,0.216,16,0.6766,0.9876,False
Italian,震卦-static,u,-0.187,17,0.6915,0.9926,False
Italian,巽卦-dynamic,n,-0.81,3,0.7662,0.9955,False
Italian,巽卦-dynamic,s,0.714,4,0.8109,0.9955,False
Italian,巽卦-dynamic,i,-0.672,5,0.7065,0.9955,False
Italian,巽卦-dynamic,t,-0.665,4,0.796,0.9955,False
Italian,巽卦-dynamic,e,0.624,10,0.801,0.9955,False
Italian,中卦-dynamic,t,-0.602,4,0.7761,0.9955,False
Italian,巽卦-dynamic,l,-0.535,4,0.8557,0.9955,False
Italian,巽卦-static,b,0.506,3,0.7264,0.9955,False
Italian,乾卦-dynamic,l,-0.474,10,0.7363,0.9955,False
Italian,兌卦-static,i,0.469,15,0.7264,0.9955,False
Italian,乾卦-dynamic,t͡ʃ,0.418,4,0.7562,0.9955,False
Italian,乾卦-dynamic,n,0.404,13,0.7065,0.9955,False
Italian,乾卦-dynamic,p,-0.399,5,0.7711,0.9955,False
Italian,坎卦-dynamic,i,-0.39,12,0.801,0.9955,False
Italian,離卦-static,t͡ʃ,0.379,4,0.7761,0.9955,False
Italian,坤卦-static,m,-0.365,10,0.7015,0.9955,False
Italian,中卦-dynamic,a,-0.354,10,0.9005,0.9955,False
Italian,坎卦-dynamic,k,-0.349,7,0.796,0.9955,False
Italian,兌卦-static,ʊ,0.343,3,0.8159,0.9955,False
Italian,乾卦-dynamic,m,-0.332,5,0.796,0.9955,False
Italian,乾卦-dynamic,e,-0.33,16,0.8358,0.9955,False
Italian,巽卦-dynamic,o,0.319,10,0.8706,0.9955,False
Italian,兌卦-static,p,0.317,6,0.8109,0.9955,False
Italian,坤卦-static,l,-0.312,22,0.7562,0.9955,False
Italian,兌卦-static,e,-0.285,14,0.791,0.9955,False
Italian,乾卦-dynamic,k,0.284,11,0.8507,0.9955,False
Italian,巽卦-static,k,-0.263,8,0.8806,0.9955,False
Italian,乾卦-static,ɔ,0.263,9,0.7562,0.9955,False
Italian,坤卦-static,n,-0.26,20,0.7562,0.9955,False
Italian,坤卦-static,k,0.253,22,0.7114,0.9955,False
Italian,巽卦-static,a,0.244,27,0.8458,0.9955,False
Italian,離卦-static,r,0.24,20,0.8358,0.9955,False
Italian,巽卦-static,m,0.238,6,0.8259,0.9955,False
Italian,乾卦-static,d͡ʒ,-0.237,4,0.806,0.9955,False
Italian,艮卦-dynamic,z,-0.235,6,0.7363,0.9955,False
Italian,坎卦-dynamic,d,0.222,5,0.8756,0.9955,False
Italian,艮卦-dynamic,i,-0.216,57,0.7363,0.9955,False
Italian,震卦-dynamic,ɲ,0.216,5,0.7711,0.9955,False
Italian,巽卦-static,ɡ,0.212,3,0.8756,0.9955,False
Italian,震卦-dynamic,m,-0.196,21,0.7861,0.9955,False
Italian,兌卦-dynamic,t͡s,-0.193,6,0.7114,0.9955,False
Italian,震卦-static,k,0.185,73,0.7562,0.9955,False
Italian,艮卦-static,ɡ,0.183,11,0.8358,0.9955,False
Italian,乾卦-static,r,-0.183,37,0.791,0.9955,False
Italian,艮卦-dynamic,w,0.182,3,0.8308,0.9955,False
Italian,震卦-dynamic,t,-0.182,49,0.7711,0.9955,False
Italian,中卦-static,t,-0.178,72,0.796,0.9955,False
Italian,艮卦-dynamic,ʊ,-0.176,10,0.7662,0.9955,False
Italian,艮卦-static,p,0.175,24,0.7811,0.9955,False
Italian,兌卦-dynamic,ʃ,0.175,6,0.7463,0.9955,False
Italian,兌卦-dynamic,s͡s,-0.174,5,0.7662,0.9955,False
Italian,坤卦-dynamic,u,-0.172,17,0.7512,0.9955,False
Italian,中卦-static,s,-0.169,42,0.8159,0.9955,False
Italian,中卦-static,d͡ʒ,-0.162,11,0.7114,0.9955,False
Italian,乾卦-static,j,0.162,5,0.8557,0.9955,False
Italian,艮卦-static,ɔ,-0.159,11,0.7761,0.9955,False
Italian,中卦-static,n,0.159,69,0.7662,0.9955,False
Italian,兌卦-static,t͡ʃ,0.159,3,0.9154,0.9955,False
Italian,震卦-dynamic,ʃ,0.156,3,0.8109,0.9955,False
Italian,艮卦-dynamic,v,-0.155,10,0.806,0.9955,False
Italian,震卦-dynamic,ɡ,-0.155,9,0.8507,0.9955,False
Italian,坤卦-dynamic,t͡ʃ,0.152,24,0.801,0.9955,False
Italian,艮卦-dynamic,s,-0.148,29,0.8259,0.9955,False
Italian,坤卦-dynamic,j,-0.145,13,0.8657,0.9955,False
Italian,乾卦-static,d,-0.144,11,0.8458,0.9955,False
Italian,中卦-static,p,0.14,38,0.8109,0.9955,False
Italian,艮卦-dynamic,f,0.139,14,0.8358,0.9955,False
Italian,震卦-dynamic,s,-0.136,29,0.8109,0.9955,False
Italian,艮卦-static,d͡ʒ,-0.134,7,0.796,0.9955,False
Italian,兌卦-dynamic,w,-0.131,4,0.8209,0.9955,False
Italian,巽卦-static,ɔ,-0.129,3,0.9254,0.9955,False
Italian,坎卦-static,m,0.126,30,0.8607,0.9955,False
Italian,艮卦-dynamic,n,-0.12,42,0.8458,0.9955,False
Italian,離卦-dynamic,t͡s,0.113,10,0.8856,0.9955,False
Italian,震卦-static,f,0.108,24,0.8109,0.9955,False
Italian,坤卦-dynamic,a,-0.107,180,0.8408,0.9955,False
Italian,震卦-static,ɔ,-0.101,22,0.801,0.9955,False
Italian,艮卦-static,d,-0.096,18,0.8458,0.9955,False
Italian,中卦-static,ɡ,-0.095,14,0.8308,0.9955,False
Italian,乾卦-static,ɛ,-0.094,9,0.9005,0.9955,False
Italian,坤卦-static,v,0.093,6,0.8905,0.9955,False
Italian,坎卦-static,b,-0.09,12,0.8955,0.9955,False
Italian,乾卦-dynamic,ɛ,-0.087,4,0.9751,0.9955,False
Italian,艮卦-dynamic,d͡ʒ,-0.086,8,0.8806,0.9955,False
Italian,艮卦-dynamic,s͡s,-0.084,3,0.9204,0.9955,False
Italian,坎卦-dynamic,t͡ʃ,0.08,3,0.9751,0.9955,False
Italian,乾卦-dynamic,ʊ,0.079,3,0.9154,0.9955,False
Italian,兌卦-static,l,0.078,11,0.9652,0.9955,False
Italian,坎卦-static,u,0.071,15,0.9353,0.9955,False
Italian,震卦-static,s,-0.071,52,0.8657,0.9955,False
Italian,乾卦-static,t,0.071,31,0.9602,0.9955,False
Italian,離卦-dynamic,d,0.066,49,0.9104,0.9955,False
Italian,坎卦-static,l,-0.065,61,0.9204,0.9955,False
Italian,震卦-dynamic,d,0.064,21,0.9353,0.9955,False
Italian,巽卦-static,t͡ʃ,-0.059,3,0.9851,0.9955,False
Italian,中卦-dynamic,s,-0.059,3,0.9602,0.9955,False
Italian,震卦-dynamic,ɔ,0.058,14,0.9353,0.9955,False
Italian,坎卦-dynamic,f,0.057,3,0.9801,0.9955,False
Italian,離卦-static,l,0.056,13,0.9552,0.9955,False
Italian,坎卦-static,n,0.052,57,0.9055,0.9955,False
Italian,離卦-static,u,0.052,3,0.9403,0.9955,False
Italian,坤卦-dynamic,ɔ,0.047,24,0.9453,0.9955,False
Italian,離卦-dynamic,w,0.046,6,0.8905,0.9955,False
Italian,震卦-static,l,-0.045,85,0.9154,0.9955,False
Italian,艮卦-dynamic,p,-0.04,24,0.9751,0.9955,False
Italian,震卦-dynamic,a,0.039,107,0.9602,0.9955,False
Italian,坤卦-dynamic,ʊ,0.036,20,0.9204,0.9955,False
Italian,兌卦-dynamic,ɡ,0.033,21,0.9403,0.9955,False
Italian,乾卦-static,k,0.032,22,0.9652,0.9955,False
Italian,震卦-static,d͡z,-0.031,3,0.9502,0.9955,False
Italian,坤卦-static,ɔ,0.026,7,0.9602,0.9955,False
Italian,震卦-static,t͡ʃ,-0.025,22,0.9652,0.9955,False
Italian,坤卦-static,b,-0.024,5,0.9751,0.9955,False
Italian,兌卦-dynamic,ŋ,0.02,3,0.9751,0.9955,False
Italian,兌卦-dynamic,v,0.018,22,0.9502,0.9955,False
Italian,坎卦-static,t͡ʃ,-0.016,16,0.9851,0.9955,False
Italian,坤卦-dynamic,z,-0.015,13,0.9701,0.9955,False
Italian,兌卦-dynamic,d,-0.015,40,0.9751,0.9955,False
Italian,兌卦-dynamic,ʊ,-0.013,22,0.9652,0.9955,False
Italian,巽卦-static,d,0.005,5,0.9851,0.9955,False
Italian,震卦-dynamic,f,0.006,13,0.99,0.996,False
Italian,坎卦-dynamic,ɔ,-0.013,3,1.0,1.0,False
Japanese,坤卦-static,ɕ,3.097,16,0.005,0.1343,False
Japanese,中卦-static,i,3.053,100,0.005,0.1343,False
Japanese,坎卦-static,a͡ɪ,2.09,928,0.005,0.1343,False
Japanese,坎卦-static,t͡ʃ,2.09,928,0.005,0.1343,False
Japanese,坎卦-static,l,2.039,928,0.005,0.1343,False
Japanese,坎卦-static,z,2.017,928,0.005,0.1343,False
Japanese,坎卦-static,ə,1.988,928,0.005,0.1343,False
Japanese,坎卦-static,ɽ,-1.84,11,0.005,0.1343,False
Japanese,坎卦-static,ɯ͡ᵝ,-1.806,21,0.005,0.1343,False
Japanese,坎卦-static,n,1.803,944,0.005,0.1343,False
Japanese,震卦-static,a͡ɪ,1.657,347,0.005,0.1343,False
Japanese,震卦-static,t͡ʃ,1.657,347,0.005,0.1343,False
Japanese,震卦-static,z,1.623,353,0.005,0.1343,False
Japanese,震卦-static,l,1.622,349,0.005,0.1343,False
Japanese,震卦-static,ɯ͡ᵝ,-1.597,48,0.005,0.1343,False
Japanese,震卦-static,ə,1.588,351,0.005,0.1343,False
Japanese,震卦-static,ɽ,-1.565,37,0.005,0.1343,False
Japanese,坎卦-static,s,-1.494,3,0.005,0.1343,False
Japanese,坎卦-static,b,-1.486,3,0.005,0.1343,False
Japanese,坎卦-static,a,-1.453,16,0.005,0.1343,False
Japanese,震卦-static,n,1.453,372,0.005,0.1343,False
Japanese,坎卦-static,k,-1.362,8,0.005,0.1343,False
Japanese,震卦-static,s,-1.256,18,0.005,0.1343,False
Japanese,坎卦-static,o,-1.242,19,0.005,0.1343,False
Japanese,坎卦-static,t,1.098,930,0.005,0.1343,False
Japanese,坤卦-dynamic,l,1.486,186,0.01,0.2253,False
Japanese,坤卦-dynamic,ə,1.438,186,0.01,0.2253,False
Japanese,震卦-static,k,-1.233,19,0.01,0.2253,False
Japanese,離卦-dynamic,a,-1.055,59,0.01,0.2253,False
Japanese,坤卦-dynamic,z,1.454,186,0.0149,0.2994,False
Japanese,兌卦-dynamic,ɯ͡ᵝ,1.378,243,0.0149,0.2994,False
Japanese,震卦-static,a,-1.174,63,0.0149,0.2994,False
Japanese,坎卦-static,e,1.067,930,0.0149,0.2994,False
Japanese,兌卦-dynamic,ʔ,3.645,4,0.0199,0.3175,False
Japanese,坤卦-static,d,2.318,6,0.0199,0.3175,False
Japanese,坤卦-dynamic,a͡ɪ,1.536,186,0.0199,0.3175,False
Japanese,坤卦-dynamic,t͡ʃ,1.536,186,0.0199,0.3175,False
Japanese,坤卦-dynamic,s,-1.411,4,0.0199,0.3175,False
Japanese,坤卦-dynamic,n,1.263,197,0.0199,0.3175,False
Japanese,震卦-static,e,0.97,394,0.0199,0.3175,False
Japanese,乾卦-static,ũ,3.096,6,0.0249,0.3358,False
Japanese,巽卦-static,t͡ɕ,2.642,6,0.0249,0.3358,False
Japanese,中卦-static,ɯ͡ᵝ,-1.516,7,0.0249,0.3358,False
Japanese,離卦-dynamic,a͡ɪ,1.249,199,0.0249,0.3358,False
Japanese,離卦-dynamic,t͡ʃ,1.249,199,0.0249,0.3358,False
Japanese,坤卦-dynamic,ɽ,-1.242,42,0.0249,0.3358,False
Japanese,離卦-dynamic,l,1.2,199,0.0249,0.3358,False
Japanese,兌卦-static,t,3.002,13,0.0299,0.3676,False
Japanese,坤卦-dynamic,ɯ͡ᵝ,-1.424,45,0.0299,0.3676,False
Japanese,離卦-dynamic,z,1.196,202,0.0299,0.3676,False
Japanese,離卦-dynamic,k,-1.035,29,0.0299,0.3676,False
Japanese,坎卦-static,p,-0.968,5,0.0299,0.3676,False
Japanese,巽卦-static,h,2.299,5,0.0348,0.4075,False
Japanese,離卦-dynamic,b,-1.234,6,0.0348,0.4075,False
Japanese,震卦-static,t,0.907,381,0.0348,0.4075,False
Japanese,乾卦-static,ɴ,2.248,6,0.0398,0.4233,False
Japanese,兌卦-dynamic,i,-1.035,120,0.0398,0.4233,False
Japanese,坎卦-static,d,-0.894,5,0.0398,0.4233,False
Japanese,震卦-static,m,-0.802,28,0.0398,0.4233,False
Japanese,離卦-dynamic,ə,1.153,199,0.0448,0.4555,False
Japanese,震卦-static,b,-0.892,19,0.0448,0.4555,False
Japanese,震卦-static,o,-0.721,84,0.0448,0.4555,False
Japanese,艮卦-static,i,-1.483,24,0.0498,0.4919,False
Japanese,坤卦-dynamic,e,1.021,225,0.0547,0.4989,False
Japanese,離卦-dynamic,n,1.0,218,0.0547,0.4989,False
Japanese,坎卦-static,ɡ,-0.909,4,0.0547,0.4989,False
Japanese,震卦-static,ɡ,-0.787,8,0.0547,0.4989,False
Japanese,坤卦-dynamic,a,-1.017,53,0.0597,0.5174,False
Japanese,震卦-static,ɕ,-0.795,3,0.0597,0.5174,False
Japanese,艮卦-static,d,1.53,8,0.0647,0.5279,False
Japanese,艮卦-static,p,1.439,14,0.0647,0.5279,False
Japanese,坤卦-dynamic,o,-1.03,22,0.0647,0.5279,False
Japanese,兌卦-static,ɽ,2.4,10,0.0746,0.5401,False
Japanese,震卦-dynamic,j,1.723,6,0.0746,0.5401,False
Japanese,艮卦-dynamic,d͡ʒ,1.698,5,0.0697,0.5401,False
Japanese,巽卦-static,d͡ʑ,1.652,4,0.0697,0.5401,False
Japanese,艮卦-static,b,1.373,9,0.0746,0.5401,False
Japanese,艮卦-dynamic,m,1.144,28,0.0697,0.5401,False
Japanese,離卦-dynamic,o,-0.975,32,0.0697,0.5401,False
Japanese,中卦-dynamic,o,2.422,7,0.0846,0.5447,False
Japanese,震卦-dynamic,d͡ʒ,1.767,4,0.0846,0.5447,False
Japanese,坤卦-dynamic,t,0.959,218,0.0796,0.5447,False
Japanese,離卦-dynamic,m,-0.803,19,0.0846,0.5447,False
Japanese,震卦-static,t͡s,-0.744,4,0.0846,0.5447,False
Japanese,震卦-static,p,-0.625,21,0.0846,0.5447,False
Japanese,坤卦-dynamic,m,-0.944,12,0.0945,0.5721,False
Japanese,離卦-dynamic,p,-0.927,3,0.0945,0.5721,False
Japanese,艮卦-dynamic,o,-0.949,12,0.1045,0.5821,False
Japanese,坤卦-dynamic,k,-0.916,32,0.0995,0.5821,False
Japanese,坤卦-dynamic,p,-0.911,3,0.1045,0.5821,False
Japanese,兌卦-dynamic,a,-0.724,62,0.1045,0.5821,False
Japanese,兌卦-dynamic,ɽ,0.801,127,0.1095,0.591,False
Japanese,兌卦-dynamic,d͡ʒ,1.272,7,0.1194,0.6209,False
Japanese,乾卦-dynamic,k,2.253,6,0.1244,0.6282,False
Japanese,震卦-static,t͡ɕ,-0.564,7,0.1244,0.6282,False
Japanese,乾卦-dynamic,a,2.502,11,0.1443,0.6332,False
Japanese,巽卦-static,m,1.264,9,0.1294,0.6332,False
Japanese,巽卦-static,p,1.258,9,0.1542,0.6332,False
Japanese,乾卦-static,a,1.252,36,0.1443,0.6332,False
Japanese,乾卦-static,o,1.221,24,0.1443,0.6332,False
Japanese,巽卦-static,ɡ,1.205,8,0.1393,0.6332,False
Japanese,巽卦-static,ɸ,1.166,3,0.1393,0.6332,False
Japanese,艮卦-static,n,-1.145,8,0.1393,0.6332,False
Japanese,艮卦-static,o,1.08,36,0.1493,0.6332,False
Japanese,乾卦-static,t͡ɕ,1.072,3,0.1542,0.6332,False
Japanese,艮卦-dynamic,s,-0.907,10,0.1493,0.6332,False
Japanese,艮卦-dynamic,e,0.906,91,0.1294,0.6332,False
Japanese,坤卦-dynamic,b,-0.813,12,0.1343,0.6332,False
Japanese,坤卦-dynamic,ɡ,-0.735,6,0.1493,0.6332,False
Japanese,離卦-dynamic,ɡ,-0.714,8,0.1542,0.6332,False
Japanese,離卦-dynamic,ɕ,-0.71,6,0.1493,0.6332,False
Japanese,離卦-dynamic,d,-0.63,7,0.1393,0.6332,False
Japanese,坎卦-static,ɯᵝ,-0.598,6,0.1542,0.6332,False
Japanese,震卦-static,d,-0.51,14,0.1493,0.6332,False
Japanese,乾卦-static,ɡ,1.13,7,0.1692,0.6384,False
Japanese,坤卦-static,m,1.124,7,0.1692,0.6384,False
Japanese,巽卦-static,ŋ,1.078,4,0.1692,0.6384,False
Japanese,艮卦-static,ɸ,1.021,4,0.1692,0.6384,False
Japanese,中卦-static,k,-0.865,7,0.1642,0.6384,False
Japanese,艮卦-dynamic,a,-0.789,33,0.1642,0.6384,False
Japanese,離卦-dynamic,t͡s,-0.688,4,0.1642,0.6384,False
Japanese,兌卦-dynamic,d,-0.563,5,0.1592,0.6384,False
Japanese,震卦-static,ɴ,-0.521,13,0.1642,0.6384,False
Japanese,兌卦-static,e,1.853,10,0.1791,0.6549,False
Japanese,離卦-dynamic,i,-0.642,241,0.1791,0.6549,False
Japanese,乾卦-static,e,-0.903,11,0.1841,0.6627,False
Japanese,震卦-static,ɸ,-0.594,4,0.1891,0.6703,False
Japanese,坤卦-static,i,0.952,35,0.194,0.671,False
Japanese,坎卦-dynamic,e,-1.389,4,0.199,0.6716,False
Japanese,坎卦-dynamic,s,1.208,7,0.2139,0.6734,False
Japanese,坎卦-dynamic,o,1.14,13,0.2139,0.6734,False
Japanese,艮卦-dynamic,ə,0.776,57,0.204,0.6734,False
Japanese,艮卦-dynamic,z,0.712,55,0.209,0.6734,False
Japanese,震卦-static,d͡ʑ,-0.48,7,0.209,0.6734,False
Japanese,巽卦-static,n,-1.091,6,0.2189,0.677,False
Japanese,坤卦-dynamic,ɴ,-0.604,6,0.2239,0.6833,False
Japanese,震卦-dynamic,t͡ɕ,0.755,7,0.2289,0.6836,False
Japanese,艮卦-dynamic,i,-0.743,80,0.2289,0.6836,False
Japanese,坎卦-dynamic,k,1.114,11,0.2438,0.6845,False
Japanese,乾卦-static,d,1.017,4,0.2438,0.6845,False
Japanese,艮卦-dynamic,ɡ,-0.613,4,0.2438,0.6845,False
Japanese,兌卦-dynamic,o,-0.5,47,0.2438,0.6845,False
Japanese,兌卦-dynamic,t͡s,-0.496,5,0.2438,0.6845,False
Japanese,兌卦-dynamic,b,0.462,24,0.2388,0.6845,False
Japanese,巽卦-dynamic,s,2.011,3,0.2488,0.6902,False
Japanese,震卦-static,ũ,-0.516,3,0.2488,0.6902,False
Japanese,艮卦-static,w,0.851,3,0.2537,0.6958,False
Japanese,艮卦-dynamic,l,0.662,52,0.2537,0.6958,False
Japanese,離卦-dynamic,ɸ,-0.574,3,0.2637,0.7119,False
Japanese,離卦-dynamic,e,0.508,230,0.2786,0.7298,False
Japanese,兌卦-dynamic,t,-0.478,82,0.2786,0.7298,False
Japanese,乾卦-static,s,0.88,11,0.2836,0.7319,False
Japanese,離卦-dynamic,t,0.54,227,0.2836,0.7319,False
Japanese,坤卦-static,n,-0.783,7,0.2935,0.7412,False
Japanese,兌卦-dynamic,ɕ,-0.442,11,0.2935,0.7412,False
Japanese,坤卦-dynamic,h,-0.565,3,0.2985,0.7431,False
Japanese,坤卦-dynamic,ɕ,-0.553,11,0.2985,0.7431,False
Japanese,坤卦-static,a,0.782,27,0.3085,0.7571,False
Japanese,坤卦-static,b,0.733,4,0.3085,0.7571,False
Japanese,兌卦-dynamic,t͡ɕ,-0.442,4,0.3085,0.7571,False
Japanese,中卦-dynamic,s,1.791,3,0.3184,0.7734,False
Japanese,坎卦-dynamic,ɽ,1.147,13,0.3184,0.7734,False
Japanese,艮卦-dynamic,k,-0.54,24,0.3234,0.7801,False
Japanese,離卦-dynamic,ɽ,-0.435,115,0.3234,0.7801,False
Japanese,坤卦-dynamic,d,-0.502,8,0.3284,0.7894,False
Japanese,巽卦-static,i,0.799,41,0.3333,0.7959,False
Japanese,震卦-dynamic,b,-0.612,5,0.3433,0.8087,False
Japanese,艮卦-dynamic,a͡ɪ,0.552,47,0.3433,0.8087,False
Japanese,艮卦-dynamic,t͡ʃ,0.552,47,0.3433,0.8087,False
Japanese,艮卦-static,z,-0.627,6,0.3532,0.813,False
Japanese,艮卦-dynamic,ɕ,-0.529,5,0.3483,0.813,False
Japanese,兌卦-dynamic,s,0.425,55,0.3483,0.813,False
Japanese,兌卦-dynamic,ə,0.373,76,0.3532,0.813,False
Japanese,艮卦-static,m,0.655,10,0.3582,0.8138,False
Japanese,艮卦-static,l,-0.629,5,0.3582,0.8138,False
Japanese,中卦-static,o,-0.494,13,0.3582,0.8138,False
Japanese,艮卦-static,a͡ɪ,-0.654,4,0.3632,0.8146,False
Japanese,艮卦-static,t͡ʃ,-0.654,4,0.3632,0.8146,False
Japanese,艮卦-static,k,0.615,25,0.3632,0.8146,False
Japanese,巽卦-static,o,0.795,22,0.3682,0.8179,False
Japanese,震卦-dynamic,k,-0.523,19,0.3682,0.8179,False
Japanese,艮卦-static,a,0.668,45,0.3731,0.8211,False
Japanese,兌卦-dynamic,p,-0.378,14,0.3731,0.8211,False
Japanese,兌卦-static,i,1.369,13,0.3881,0.8255,False
Japanese,兌卦-dynamic,ɯᵝ,-0.361,3,0.3831,0.8255,False
Japanese,震卦-static,i,-0.346,398,0.3881,0.8255,False
Japanese,巽卦-static,ɯ͡ᵝ,-0.813,14,0.393,0.8311,False
Japanese,離卦-dynamic,ũ,-0.458,3,0.393,0.8311,False
Japanese,巽卦-static,d,0.832,4,0.398,0.8316,False
Japanese,艮卦-static,ɯᵝ,0.695,3,0.403,0.8395,False
Japanese,離卦-static,k,1.389,7,0.4129,0.8501,False
Japanese,艮卦-static,ə,-0.596,6,0.4129,0.8501,False
Japanese,震卦-dynamic,d,0.455,8,0.4179,0.8504,False
Japanese,艮卦-dynamic,ɽ,0.405,63,0.4179,0.8504,False
Japanese,坎卦-dynamic,n,-0.862,4,0.4229,0.858,False
Japanese,坤卦-static,s,0.65,9,0.4279,0.8606,False
Japanese,中卦-static,l,0.492,22,0.4328,0.8632,False
Japanese,兌卦-dynamic,z,0.307,73,0.4378,0.8658,False
Japanese,兌卦-static,ɯ͡ᵝ,1.111,11,0.4428,0.8683,False
Japanese,中卦-static,ə,0.448,22,0.4428,0.8683,False
Japanese,艮卦-dynamic,n,0.458,61,0.4478,0.8707,False
Japanese,巽卦-static,a,0.652,31,0.4627,0.8755,False
Japanese,坤卦-static,o,0.556,16,0.4627,0.8755,False
Japanese,坤卦-static,k,-0.547,6,0.4577,0.8755,False
Japanese,震卦-dynamic,i,-0.414,71,0.4627,0.8755,False
Japanese,坎卦-static,i,-0.277,936,0.4627,0.8755,False
Japanese,巽卦-dynamic,k,1.362,4,0.5075,0.8786,False
Japanese,巽卦-dynamic,ɯ͡ᵝ,1.249,7,0.5373,0.8786,False
Japanese,中卦-dynamic,ɯ͡ᵝ,1.055,7,0.5871,0.8786,False
Japanese,中卦-dynamic,n,0.896,4,0.5871,0.8786,False
Japanese,坎卦-dynamic,ɯ͡ᵝ,0.639,17,0.5622,0.8786,False
Japanese,巽卦-static,e,-0.575,15,0.4776,0.8786,False
Japanese,坎卦-dynamic,t,-0.57,7,0.5672,0.8786,False
Japanese,乾卦-static,i,-0.564,24,0.5174,0.8786,False
Japanese,巽卦-static,t,-0.548,14,0.5522,0.8786,False
Japanese,巽卦-static,a͡ɪ,-0.528,4,0.5323,0.8786,False
Japanese,巽卦-static,t͡ʃ,-0.528,4,0.5323,0.8786,False
Japanese,坤卦-static,p,0.526,5,0.5323,0.8786,False
Japanese,巽卦-static,s,-0.526,5,0.5124,0.8786,False
Japanese,乾卦-static,b,0.519,4,0.5721,0.8786,False
Japanese,乾卦-static,ɕ,0.497,6,0.5174,0.8786,False
Japanese,艮卦-static,e,0.49,35,0.5373,0.8786,False
Japanese,艮卦-static,h,0.488,3,0.5522,0.8786,False
Japanese,中卦-static,a͡ɪ,0.473,21,0.4876,0.8786,False
Japanese,中卦-static,t͡ʃ,0.473,21,0.4876,0.8786,False
Japanese,艮卦-static,ɯ͡ᵝ,0.42,44,0.5572,0.8786,False
Japanese,中卦-static,ɽ,-0.42,19,0.5174,0.8786,False
Japanese,震卦-dynamic,p,0.385,14,0.5771,0.8786,False
Japanese,艮卦-static,ɴ,0.375,4,0.5522,0.8786,False
Japanese,中卦-static,z,0.372,21,0.5522,0.8786,False
Japanese,艮卦-static,t͡ɕ,0.356,3,0.5721,0.8786,False
Japanese,震卦-dynamic,m,0.355,15,0.5771,0.8786,False
Japanese,震卦-dynamic,n,0.343,45,0.5672,0.8786,False
Japanese,艮卦-dynamic,h,0.339,6,0.5522,0.8786,False
Japanese,震卦-dynamic,e,0.332,58,0.5373,0.8786,False
Japanese,坎卦-static,kʲ,-0.323,4,0.4726,0.8786,False
Japanese,兌卦-dynamic,ɸ,-0.317,4,0.4975,0.8786,False
Japanese,震卦-dynamic,ɡ,-0.306,6,0.597,0.8786,False
Japanese,兌卦-dynamic,l,0.287,69,0.4826,0.8786,False
Japanese,兌卦-dynamic,e,0.264,125,0.5025,0.8786,False
Japanese,兌卦-dynamic,j,0.229,5,0.592,0.8786,False
Japanese,兌卦-dynamic,ɡ,-0.223,15,0.5871,0.8786,False
Japanese,巽卦-dynamic,ɽ,0.935,4,0.6368,0.8827,False
Japanese,兌卦-static,a,-0.738,3,0.6418,0.8827,False
Japanese,離卦-static,e,-0.718,4,0.6567,0.8827,False
Japanese,離卦-static,ɯ͡ᵝ,0.703,10,0.6915,0.8827,False
Japanese,兌卦-static,k,0.702,5,0.6866,0.8827,False
Japanese,坎卦-dynamic,a,0.688,16,0.6716,0.8827,False
Japanese,離卦-static,t,-0.576,4,0.6716,0.8827,False
Japanese,巽卦-static,ɴ,0.483,3,0.6169,0.8827,False
Japanese,坎卦-dynamic,i,-0.459,14,0.6368,0.8827,False
Japanese,巽卦-static,z,-0.434,6,0.6318,0.8827,False
Japanese,乾卦-static,t,-0.394,14,0.6418,0.8827,False
Japanese,艮卦-static,ɡ,-0.383,3,0.6418,0.8827,False
Japanese,乾卦-static,p,0.38,5,0.6617,0.8827,False
Japanese,巽卦-static,l,-0.368,6,0.6716,0.8827,False
Japanese,坤卦-static,ɡ,0.366,4,0.6667,0.8827,False
Japanese,乾卦-static,n,-0.345,11,0.6915,0.8827,False
Japanese,艮卦-static,ɽ,0.335,27,0.6517,0.8827,False
Japanese,艮卦-dynamic,ɯᵝ,0.321,5,0.607,0.8827,False
Japanese,艮卦-dynamic,p,-0.312,9,0.6567,0.8827,False
Japanese,震卦-dynamic,o,0.281,42,0.6169,0.8827,False
Japanese,艮卦-dynamic,d,-0.275,5,0.6169,0.8827,False
Japanese,艮卦-static,s,0.268,13,0.6468,0.8827,False
Japanese,中卦-static,m,-0.246,6,0.6567,0.8827,False
Japanese,中卦-static,n,0.237,26,0.6468,0.8827,False
Japanese,震卦-dynamic,a,-0.233,46,0.6866,0.8827,False
Japanese,艮卦-dynamic,ɴ,-0.231,5,0.6915,0.8827,False
Japanese,艮卦-dynamic,ɯ͡ᵝ,0.225,91,0.6915,0.8827,False
Japanese,兌卦-dynamic,k,-0.214,57,0.6318,0.8827,False
Japanese,兌卦-dynamic,a͡ɪ,0.205,62,0.6418,0.8827,False
Japanese,兌卦-dynamic,t͡ʃ,0.205,62,0.6418,0.8827,False
Japanese,兌卦-dynamic,w,-0.192,3,0.6716,0.8827,False
Japanese,乾卦-static,ɽ,0.335,17,0.6965,0.8858,False
Japanese,離卦-dynamic,j,-0.244,4,0.7015,0.8873,False
Japanese,乾卦-static,t͡s,0.498,3,0.7114,0.8934,False
Japanese,艮卦-static,ũ,0.537,3,0.7264,0.9003,False
Japanese,巽卦-static,b,0.328,4,0.7413,0.9003,False
Japanese,震卦-dynamic,t͡s,0.275,7,0.7363,0.9003,False
Japanese,震卦-dynamic,ɽ,0.222,45,0.7363,0.9003,False
Japanese,震卦-dynamic,d͡ʑ,0.176,4,0.7413,0.9003,False
Japanese,離卦-dynamic,ɯ͡ᵝ,-0.137,217,0.7413,0.9003,False
Japanese,巽卦-dynamic,a,0.567,5,0.7562,0.9057,False
Japanese,乾卦-dynamic,e,-0.487,3,0.7612,0.9057,False
Japanese,巽卦-static,k,-0.236,10,0.7562,0.9057,False
Japanese,震卦-dynamic,s,-0.187,17,0.7512,0.9057,False
Japanese,中卦-static,t,-0.166,27,0.7711,0.9114,False
Japanese,離卦-static,a,-0.54,4,0.7811,0.9118,False
Japanese,乾卦-dynamic,ɯ͡ᵝ,0.492,6,0.7861,0.9118,False
Japanese,乾卦-static,m,0.232,5,0.7811,0.9118,False
Japanese,坤卦-static,t,-0.22,14,0.7861,0.9118,False
Japanese,艮卦-static,t,-0.188,25,0.7761,0.9118,False
Japanese,震卦-dynamic,a͡ɪ,-0.164,19,0.791,0.9118,False
Japanese,震卦-dynamic,t͡ʃ,-0.164,19,0.791,0.9118,False
Japanese,坤卦-dynamic,j,-0.154,4,0.7861,0.9118,False
Japanese,震卦-dynamic,t,-0.142,45,0.7811,0.9118,False
Japanese,震卦-dynamic,z,0.141,29,0.791,0.9118,False
Japanese,坤卦-dynamic,i,-0.138,241,0.7861,0.9118,False
Japanese,巽卦-static,ə,-0.201,8,0.796,0.9146,False
Japanese,中卦-dynamic,a,0.439,5,0.806,0.923,False
Japanese,中卦-static,a,0.173,37,0.806,0.923,False
Japanese,離卦-static,n,0.269,5,0.8159,0.9283,False
Japanese,艮卦-dynamic,t͡ɕ,-0.143,4,0.8358,0.9429,False
Japanese,兌卦-dynamic,ɴ,-0.109,10,0.8408,0.9429,False
Japanese,震卦-dynamic,ə,0.114,28,0.8507,0.945,False
Japanese,中卦-static,s,-0.101,11,0.8507,0.945,False
Japanese,巽卦-static,ɽ,-0.226,14,0.8557,0.946,False
Japanese,乾卦-static,k,0.138,12,0.8657,0.9525,False
Japanese,離卦-static,o,0.336,5,0.8756,0.956,False
Japanese,巽卦-dynamic,i,-0.254,5,0.8706,0.956,False
Japanese,艮卦-dynamic,ŋ,-0.151,3,0.8756,0.956,False
Japanese,離卦-dynamic,s,0.082,76,0.8756,0.956,False
Japanese,中卦-dynamic,t,-0.253,3,0.8856,0.9638,False
Japanese,坤卦-static,ɽ,0.135,14,0.8955,0.9701,False
Japanese,艮卦-dynamic,t,-0.074,60,0.9005,0.974,False
Japanese,震卦-dynamic,ɯᵝ,0.082,3,0.9104,0.9743,False
Japanese,坤卦-static,e,-0.061,16,0.9055,0.9743,False
Japanese,離卦-static,i,0.176,10,0.9254,0.9843,False
Japanese,中卦-static,e,-0.058,30,0.9303,0.9881,False
Japanese,中卦-dynamic,i,0.095,6,0.9453,0.9898,False
Japanese,坤卦-static,ɯ͡ᵝ,-0.041,20,0.9602,0.9898,False
Japanese,震卦-dynamic,ɕ,-0.041,10,0.9602,0.9898,False
Japanese,兌卦-dynamic,n,-0.038,82,0.9403,0.9898,False
Japanese,乾卦-static,ɯ͡ᵝ,0.034,23,0.9453,0.9898,False
Japanese,震卦-dynamic,ũ,0.031,3,0.9552,0.9898,False
Japanese,兌卦-dynamic,h,-0.028,7,0.9602,0.9898,False
Japanese,兌卦-dynamic,d͡ʑ,-0.026,7,0.9602,0.9898,False
Japanese,中卦-dynamic,ɽ,0.099,3,0.9701,0.9913,False
Japanese,乾卦-dynamic,i,-0.089,6,0.9701,0.9913,False
Japanese,震卦-dynamic,ɯ͡ᵝ,0.028,64,0.9701,0.9913,False
Japanese,兌卦-dynamic,m,0.027,27,0.9701,0.9913,False
Japanese,震卦-dynamic,ŋ,-0.046,3,0.9751,0.9935,False
Japanese,中卦-static,b,-0.019,5,0.9801,0.9943,False
Japanese,乾卦-dynamic,ɽ,-0.017,3,0.99,0.9964,False
Japanese,震卦-dynamic,ɴ,-0.016,5,0.9851,0.9964,False
Japanese,震卦-dynamic,l,-0.007,24,0.995,0.9964,False
Japanese,艮卦-static,t͡s,-0.006,3,0.99,0.9964,False
Japanese,艮卦-static,ɕ,0.002,6,0.995,0.9964,False
Korean,巽卦-dynamic,k,4.077,3,0.005,0.1686,False
Korean,巽卦-static,m,2.906,31,0.005,0.1686,False
Korean,坤卦-dynamic,w,2.898,43,0.005,0.1686,False
Korean,巽卦-static,b,2.707,9,0.005,0.1686,False
Korean,兌卦-dynamic,d,2.696,152,0.005,0.1686,False
Korean,坎卦-dynamic,t͡ʃ,2.598,12,0.005,0.1686,False
Korean,坎卦-static,ŋ,2.503,74,0.005,0.1686,False
Korean,坎卦-static,d͡ʑ,2.45,42,0.005,0.1686,False
Korean,震卦-static,ɡ,2.18,58,0.005,0.1686,False
Korean,震卦-dynamic,k͡h,2.147,25,0.005,0.1686,False
Korean,離卦-dynamic,h,2.01,140,0.005,0.1686,False
Korean,艮卦-dynamic,d,1.98,75,0.005,0.1686,False
Korean,中卦-static,j,1.933,67,0.005,0.1686,False
Korean,中卦-static,ʌ,1.905,92,0.005,0.1686,False
Korean,艮卦-static,t͡ʃ,1.758,23,0.005,0.1686,False
Korean,震卦-static,u,1.57,89,0.005,0.1686,False
Korean,兌卦-dynamic,ʌ,-1.446,41,0.005,0.1686,False
Korean,兌卦-dynamic,ɐ,2.028,291,0.01,0.2605,False
Korean,艮卦-static,ɐ,-1.815,34,0.01,0.2605,False
Korean,艮卦-static,e,1.599,26,0.01,0.2605,False
Korean,震卦-dynamic,ŋ,-1.471,10,0.01,0.2605,False
Korean,中卦-static,d͡ʑ,1.458,29,0.01,0.2605,False
Korean,離卦-static,p,2.43,15,0.0149,0.3307,False
Korean,中卦-static,n,1.514,102,0.0149,0.3307,False
Korean,坎卦-static,ɛ,1.283,34,0.0149,0.3307,False
Korean,坎卦-static,ɡ,1.279,34,0.0149,0.3307,False
Korean,乾卦-dynamic,o,3.496,10,0.0199,0.3674,False
Korean,艮卦-static,a͡ɪ,3.275,14,0.0249,0.3674,False
Korean,艮卦-static,z,3.275,14,0.0249,0.3674,False
Korean,艮卦-static,ʌ,1.561,62,0.0199,0.3674,False
Korean,中卦-static,i,-1.511,52,0.0199,0.3674,False
Korean,中卦-static,q,1.423,66,0.0249,0.3674,False
Korean,坎卦-static,ʌ,1.274,86,0.0199,0.3674,False
Korean,中卦-static,h,-1.27,38,0.0249,0.3674,False
Korean,離卦-dynamic,ɐ,1.268,282,0.0199,0.3674,False
Korean,坎卦-static,ɯ,-1.237,18,0.0249,0.3674,False
Korean,兌卦-dynamic,n,-1.127,66,0.0249,0.3674,False
Korean,震卦-static,s,-1.117,35,0.0249,0.3674,False
Korean,震卦-static,ŋ,1.085,69,0.0249,0.3674,False
Korean,坤卦-dynamic,n,1.357,102,0.0299,0.4299,False
Korean,坤卦-static,t,1.835,48,0.0348,0.4893,False
Korean,乾卦-static,ɯ,2.087,23,0.0398,0.5095,False
Korean,艮卦-static,k͡h,1.299,15,0.0398,0.5095,False
Korean,兌卦-dynamic,e,-1.058,11,0.0398,0.5095,False
Korean,離卦-dynamic,d,0.936,101,0.0398,0.5095,False
Korean,坎卦-dynamic,ɾ,1.656,14,0.0448,0.5487,False
Korean,震卦-static,q,0.954,84,0.0448,0.5487,False
Korean,坤卦-static,n,-1.629,15,0.0498,0.5619,False
Korean,震卦-dynamic,ɡ,1.216,28,0.0498,0.5619,False
Korean,艮卦-static,d,-1.179,6,0.0498,0.5619,False
Korean,坎卦-static,ɫ,-1.091,14,0.0498,0.5619,False
Korean,艮卦-dynamic,b,1.309,15,0.0547,0.5731,False
Korean,震卦-dynamic,u,-1.295,23,0.0547,0.5731,False
Korean,離卦-dynamic,u,-1.019,49,0.0547,0.5731,False
Korean,離卦-dynamic,ɫ,-0.914,27,0.0547,0.5731,False
Korean,坤卦-static,h,-1.756,14,0.0597,0.5929,False
Korean,艮卦-static,l,1.367,15,0.0597,0.5929,False
Korean,坤卦-dynamic,h,-1.008,43,0.0597,0.5929,False
Korean,坤卦-static,ɛ,1.259,14,0.0647,0.6209,False
Korean,艮卦-static,p͡h,1.212,24,0.0647,0.6209,False
Korean,坤卦-static,t͡ɕ,1.474,15,0.0746,0.6321,False
Korean,坤卦-static,i,-1.327,25,0.0746,0.6321,False
Korean,艮卦-static,i,-1.115,44,0.0697,0.6321,False
Korean,震卦-static,ɐ,-0.883,119,0.0697,0.6321,False
Korean,中卦-static,u,-1.017,29,0.0846,0.6673,False
Korean,艮卦-static,ɡ,1.009,21,0.0846,0.6673,False
Korean,坎卦-static,q,1.006,64,0.0846,0.6673,False
Korean,兌卦-dynamic,ŋ,-0.978,27,0.0846,0.6673,False
Korean,中卦-dynamic,k͡h,2.216,4,0.0896,0.6787,False
Korean,坎卦-dynamic,i,1.723,37,0.0896,0.6787,False
Korean,坤卦-static,w,1.256,12,0.0896,0.6787,False
Korean,巽卦-dynamic,t,3.292,6,0.0945,0.6806,False
Korean,兌卦-static,l,2.219,4,0.0945,0.6806,False
Korean,震卦-static,ɛ,-0.817,18,0.0945,0.6806,False
Korean,震卦-static,h,-0.781,64,0.0945,0.6806,False
Korean,兌卦-dynamic,ɛ,0.924,42,0.0995,0.6989,False
Korean,坤卦-static,e,1.393,15,0.1045,0.708,False
Korean,坤卦-static,q,1.357,29,0.1045,0.708,False
Korean,震卦-static,d͡ʑ,0.797,32,0.1045,0.708,False
Korean,巽卦-static,l,1.406,7,0.1095,0.7247,False
Korean,坤卦-dynamic,ɯ,-0.886,24,0.1095,0.7247,False
Korean,艮卦-dynamic,ɫ,0.985,42,0.1144,0.7406,False
Korean,坤卦-static,m,-1.188,8,0.1194,0.7476,False
Korean,兌卦-dynamic,ɫ,-0.739,28,0.1194,0.7476,False
Korean,兌卦-dynamic,i,0.721,149,0.1194,0.7476,False
Korean,乾卦-dynamic,j,2.629,5,0.1244,0.7541,False
Korean,乾卦-static,ʌ,-1.469,8,0.1244,0.7541,False
Korean,兌卦-dynamic,h,0.789,98,0.1244,0.7541,False
Korean,乾卦-dynamic,s,2.58,6,0.1343,0.7579,False
Korean,中卦-dynamic,ɯ,2.054,11,0.1542,0.7579,False
Korean,兌卦-static,ɫ,1.907,9,0.1343,0.7579,False
Korean,兌卦-static,p͡h,1.849,6,0.1294,0.7579,False
Korean,離卦-static,u,1.397,14,0.1542,0.7579,False
Korean,巽卦-static,ɯ,-1.329,5,0.1393,0.7579,False
Korean,乾卦-static,b,1.307,5,0.1592,0.7579,False
Korean,坎卦-dynamic,h,1.271,22,0.1493,0.7579,False
Korean,乾卦-static,ɫ,-1.259,3,0.1294,0.7579,False
Korean,乾卦-static,n,1.202,28,0.1493,0.7579,False
Korean,震卦-dynamic,e,1.042,27,0.1294,0.7579,False
Korean,坤卦-dynamic,s,0.956,67,0.1343,0.7579,False
Korean,艮卦-static,u,0.914,39,0.1493,0.7579,False
Korean,坤卦-dynamic,ʌ,0.89,75,0.1592,0.7579,False
Korean,艮卦-static,d͡ʑ,-0.87,4,0.1443,0.7579,False
Korean,坤卦-dynamic,u,-0.866,32,0.1343,0.7579,False
Korean,坤卦-dynamic,d͡ʑ,-0.841,6,0.1542,0.7579,False
Korean,兌卦-dynamic,m,-0.768,38,0.1443,0.7579,False
Korean,坤卦-dynamic,t͡ʃ,-0.765,8,0.1592,0.7579,False
Korean,兌卦-dynamic,j,-0.762,23,0.1592,0.7579,False
Korean,坎卦-static,k͡h,-0.756,4,0.1542,0.7579,False
Korean,坎卦-static,w,0.743,24,0.1542,0.7579,False
Korean,中卦-static,ŋ,0.73,43,0.1592,0.7579,False
Korean,震卦-static,w,-0.579,15,0.1393,0.7579,False
Korean,坎卦-dynamic,s,-1.353,6,0.1642,0.7612,False
Korean,震卦-dynamic,ɐ,0.792,134,0.1692,0.7612,False
Korean,震卦-dynamic,ɯ,0.729,48,0.1692,0.7612,False
Korean,坎卦-static,t,-0.708,16,0.1692,0.7612,False
Korean,巽卦-static,ɐ,1.302,56,0.1891,0.7655,False
Korean,巽卦-static,n,1.238,32,0.194,0.7655,False
Korean,巽卦-static,u,1.171,19,0.1841,0.7655,False
Korean,乾卦-static,ŋ,1.048,14,0.194,0.7655,False
Korean,坤卦-static,s,0.966,29,0.1741,0.7655,False
Korean,艮卦-static,ɯ,-0.875,17,0.1891,0.7655,False
Korean,艮卦-dynamic,p͡h,-0.809,4,0.1741,0.7655,False
Korean,中卦-static,e,0.775,27,0.1791,0.7655,False
Korean,坤卦-dynamic,ŋ,0.765,45,0.1841,0.7655,False
Korean,震卦-static,k͡h,0.74,23,0.1791,0.7655,False
Korean,震卦-dynamic,n,0.74,77,0.1891,0.7655,False
Korean,艮卦-dynamic,s,-0.739,28,0.1741,0.7655,False
Korean,坎卦-static,d,-0.716,21,0.1841,0.7655,False
Korean,中卦-static,w,0.71,22,0.1791,0.7655,False
Korean,中卦-static,p͡h,-0.706,6,0.194,0.7655,False
Korean,坤卦-dynamic,ɾ,0.68,35,0.1841,0.7655,False
Korean,坤卦-dynamic,ɡ,0.626,26,0.194,0.7655,False
Korean,乾卦-static,p,1.208,14,0.204,0.7885,False
Korean,乾卦-static,s,1.123,20,0.204,0.7885,False
Korean,震卦-dynamic,w,0.723,20,0.204,0.7885,False
Korean,中卦-dynamic,l,1.425,3,0.2189,0.7911,False
Korean,巽卦-static,s,-1.139,8,0.209,0.7911,False
Korean,坎卦-dynamic,t͡ɕ,1.092,9,0.2189,0.7911,False
Korean,艮卦-dynamic,ɐ,0.804,131,0.2139,0.7911,False
Korean,震卦-dynamic,p͡h,-0.661,6,0.2239,0.7911,False
Korean,中卦-static,ɾ,-0.644,17,0.2189,0.7911,False
Korean,離卦-dynamic,j,0.623,71,0.2139,0.7911,False
Korean,中卦-static,s,0.557,57,0.2239,0.7911,False
Korean,離卦-dynamic,t,-0.548,35,0.2239,0.7911,False
Korean,震卦-static,m,0.498,70,0.2239,0.7911,False
Korean,震卦-static,d,-0.572,33,0.2289,0.8038,False
Korean,震卦-static,t͡ɕ,0.568,35,0.2338,0.8163,False
Korean,巽卦-static,t͡ɕ,1.118,10,0.2388,0.8188,False
Korean,兌卦-dynamic,t͡ʃ,-0.656,13,0.2388,0.8188,False
Korean,坎卦-static,t͡ɕ,0.633,27,0.2438,0.8212,False
Korean,兌卦-dynamic,ɯ,-0.609,42,0.2438,0.8212,False
Korean,震卦-static,n,-0.511,83,0.2438,0.8212,False
Korean,坎卦-static,p͡h,-0.604,8,0.2488,0.8235,False
Korean,艮卦-dynamic,ŋ,0.582,36,0.2488,0.8235,False
Korean,兌卦-static,n,-1.563,5,0.2537,0.8304,False
Korean,中卦-dynamic,e,1.549,5,0.2736,0.8384,False
Korean,離卦-static,t͡ɕ,1.114,7,0.2687,0.8384,False
Korean,離卦-static,ɯ,-0.984,5,0.2687,0.8384,False
Korean,艮卦-static,s,-0.674,24,0.2587,0.8384,False
Korean,艮卦-static,w,-0.672,7,0.2637,0.8384,False
Korean,中卦-static,d,-0.655,21,0.2637,0.8384,False
Korean,坤卦-dynamic,k͡h,-0.621,5,0.2637,0.8384,False
Korean,離卦-dynamic,p͡h,-0.586,13,0.2736,0.8384,False
Korean,坤卦-dynamic,p͡h,-0.583,8,0.2687,0.8384,False
Korean,震卦-dynamic,t,-0.569,18,0.2687,0.8384,False
Korean,中卦-static,t,-0.539,21,0.2736,0.8384,False
Korean,巽卦-static,ɡ,-1.009,3,0.2786,0.8491,False
Korean,艮卦-static,ɾ,-0.681,12,0.2836,0.8597,False
Korean,巽卦-static,d͡ʑ,0.962,8,0.2935,0.8626,False
Korean,震卦-dynamic,p,-0.59,21,0.2935,0.8626,False
Korean,坤卦-dynamic,t,-0.585,20,0.2935,0.8626,False
Korean,坎卦-static,p,-0.521,26,0.2935,0.8626,False
Korean,坤卦-dynamic,j,-0.511,21,0.2935,0.8626,False
Korean,乾卦-dynamic,i,2.011,8,0.3085,0.868,False
Korean,離卦-static,n,-1.01,11,0.3134,0.868,False
Korean,乾卦-static,i,-0.931,19,0.3035,0.868,False
Korean,坤卦-static,o,-0.697,12,0.3134,0.868,False
Korean,艮卦-dynamic,m,-0.619,25,0.2985,0.868,False
Korean,震卦-dynamic,i,-0.545,66,0.3085,0.868,False
Korean,離卦-dynamic,e,-0.535,22,0.3085,0.868,False
Korean,中卦-static,p,-0.532,24,0.3085,0.868,False
Korean,離卦-dynamic,s,-0.489,62,0.3085,0.868,False
Korean,震卦-static,p,0.477,54,0.3134,0.868,False
Korean,離卦-static,q,1.035,14,0.3184,0.8692,False
Korean,坎卦-static,t͡ʃ,0.574,22,0.3184,0.8692,False
Korean,中卦-static,m,-0.53,30,0.3184,0.8692,False
Korean,坎卦-dynamic,n,-0.896,15,0.3284,0.8838,False
Korean,兌卦-dynamic,p,0.532,57,0.3284,0.8838,False
Korean,離卦-static,ɾ,-0.971,3,0.3383,0.8858,False
Korean,震卦-dynamic,b,-0.611,3,0.3333,0.8858,False
Korean,坤卦-dynamic,b,0.55,12,0.3383,0.8858,False
Korean,離卦-dynamic,ɛ,0.472,41,0.3383,0.8858,False
Korean,艮卦-dynamic,n,-0.461,52,0.3383,0.8858,False
Korean,乾卦-dynamic,ɫ,1.978,4,0.3682,0.9075,False
Korean,乾卦-dynamic,ɾ,1.808,3,0.3632,0.9075,False
Korean,中卦-dynamic,t͡ʃ,1.394,4,0.3781,0.9075,False
Korean,中卦-dynamic,i,1.291,16,0.3682,0.9075,False
Korean,巽卦-static,ɛ,-0.879,4,0.3582,0.9075,False
Korean,巽卦-static,q,-0.865,10,0.3682,0.9075,False
Korean,乾卦-static,ɛ,0.8,8,0.3632,0.9075,False
Korean,坤卦-static,p,0.671,18,0.3731,0.9075,False
Korean,坤卦-dynamic,ɛ,0.571,26,0.3731,0.9075,False
Korean,震卦-dynamic,ɾ,0.541,29,0.3632,0.9075,False
Korean,坎卦-static,ɐ,-0.511,105,0.3731,0.9075,False
Korean,中卦-static,ɫ,-0.492,23,0.3682,0.9075,False
Korean,兌卦-dynamic,d͡ʑ,-0.48,14,0.3582,0.9075,False
Korean,艮卦-dynamic,h,-0.479,43,0.3731,0.9075,False
Korean,坎卦-static,u,-0.452,39,0.3781,0.9075,False
Korean,艮卦-dynamic,j,-0.445,19,0.3781,0.9075,False
Korean,離卦-dynamic,ŋ,-0.44,44,0.3483,0.9075,False
Korean,坤卦-dynamic,m,0.417,49,0.3582,0.9075,False
Korean,坎卦-static,m,0.417,51,0.3781,0.9075,False
Korean,坤卦-static,ɐ,0.668,64,0.3831,0.9081,False
Korean,艮卦-dynamic,t,-0.462,21,0.3831,0.9081,False
Korean,坤卦-static,t͡ʃ,-0.635,4,0.3881,0.9123,False
Korean,坎卦-dynamic,ɯ,0.895,17,0.393,0.9129,False
Korean,震卦-dynamic,d,0.482,44,0.393,0.9129,False
Korean,震卦-static,b,0.391,15,0.393,0.9129,False
Korean,艮卦-static,ɛ,0.533,18,0.398,0.9134,False
Korean,艮卦-dynamic,o,-0.509,29,0.398,0.9134,False
Korean,坎卦-dynamic,d,0.791,17,0.4129,0.9439,False
Korean,巽卦-static,j,-0.788,5,0.4229,0.9478,False
Korean,震卦-dynamic,q,-0.523,32,0.4229,0.9478,False
Korean,艮卦-dynamic,e,0.478,21,0.4229,0.9478,False
Korean,艮卦-static,m,0.463,35,0.4229,0.9478,False
Korean,離卦-dynamic,ɯ,-0.415,54,0.4229,0.9478,False
Korean,坤卦-static,ʌ,0.614,30,0.4279,0.9515,False
Korean,中卦-dynamic,j,1.011,7,0.4378,0.9516,False
Korean,坎卦-dynamic,ɐ,-0.725,27,0.4328,0.9516,False
Korean,坤卦-static,ŋ,-0.689,10,0.4328,0.9516,False
Korean,艮卦-static,n,-0.452,43,0.4378,0.9516,False
Korean,兌卦-dynamic,b,-0.414,7,0.4378,0.9516,False
Korean,兌卦-dynamic,s,-0.397,57,0.4378,0.9516,False
Korean,坎卦-static,ɾ,-0.374,22,0.4428,0.9552,False
Korean,震卦-static,ɯ,0.349,66,0.4428,0.9552,False
Korean,坎卦-static,s,0.348,57,0.4478,0.9588,False
Korean,艮卦-static,t,0.472,42,0.4527,0.9623,False
Korean,坎卦-static,i,-0.356,83,0.4527,0.9623,False
Korean,乾卦-static,d,-0.679,6,0.4577,0.9657,False
Korean,兌卦-dynamic,u,-0.332,56,0.4577,0.9657,False
Korean,乾卦-dynamic,ɐ,-1.367,4,0.4876,0.9718,False
Korean,兌卦-static,u,1.097,8,0.4776,0.9718,False
Korean,中卦-dynamic,ɐ,-1.024,11,0.4726,0.9718,False
Korean,兌卦-static,i,-1.002,9,0.4826,0.9718,False
Korean,中卦-dynamic,q,-0.979,4,0.4627,0.9718,False
Korean,兌卦-static,ɯ,0.889,8,0.4876,0.9718,False
Korean,離卦-static,ɫ,0.693,10,0.4876,0.9718,False
Korean,乾卦-static,ɾ,0.693,10,0.4776,0.9718,False
Korean,艮卦-dynamic,l,0.421,11,0.4826,0.9718,False
Korean,離卦-dynamic,p,-0.384,44,0.4677,0.9718,False
Korean,震卦-dynamic,l,-0.382,5,0.4826,0.9718,False
Korean,震卦-static,t͡ʃ,-0.329,17,0.4677,0.9718,False
Korean,巽卦-static,h,-0.757,15,0.5025,0.9745,False
Korean,離卦-static,o,0.74,17,0.4925,0.9745,False
Korean,乾卦-static,m,0.616,15,0.4975,0.9745,False
Korean,中卦-static,t͡ʃ,-0.42,11,0.4925,0.9745,False
Korean,坤卦-dynamic,d,-0.366,29,0.5025,0.9745,False
Korean,離卦-dynamic,i,-0.285,133,0.5025,0.9745,False
Korean,中卦-dynamic,n,1.04,13,0.5124,0.9774,False
Korean,離卦-static,ŋ,0.716,10,0.5075,0.9774,False
Korean,離卦-static,t,-0.646,4,0.5124,0.9774,False
Korean,坎卦-dynamic,ŋ,-0.639,7,0.5124,0.9774,False
Korean,中卦-static,ɐ,-0.37,103,0.5075,0.9774,False
Korean,巽卦-dynamic,h,1.83,3,0.5572,0.9791,False
Korean,中卦-dynamic,s,0.89,9,0.5771,0.9791,False
Korean,中卦-dynamic,o,-0.877,3,0.5473,0.9791,False
Korean,兌卦-static,o,0.876,11,0.5423,0.9791,False
Korean,兌卦-static,p,0.798,6,0.5274,0.9791,False
Korean,兌卦-static,q,0.791,8,0.6119,0.9791,False
Korean,兌卦-static,ɾ,0.774,5,0.6119,0.9791,False
Korean,中卦-dynamic,p,-0.742,3,0.5871,0.9791,False
Korean,離卦-static,b,0.723,3,0.5572,0.9791,False
Korean,坎卦-dynamic,w,-0.642,3,0.5423,0.9791,False
Korean,坎卦-dynamic,p,-0.597,7,0.5622,0.9791,False
Korean,坎卦-dynamic,ɡ,-0.582,4,0.5423,0.9791,False
Korean,巽卦-static,p,0.574,13,0.5672,0.9791,False
Korean,坎卦-dynamic,d͡ʑ,0.548,6,0.602,0.9791,False
Korean,巽卦-static,ʌ,-0.543,15,0.5672,0.9791,False
Korean,巽卦-static,d,-0.532,8,0.5622,0.9791,False
Korean,離卦-static,m,-0.532,7,0.6119,0.9791,False
Korean,乾卦-static,t͡ʃ,-0.505,3,0.5821,0.9791,False
Korean,乾卦-static,t͡ɕ,-0.499,4,0.5771,0.9791,False
Korean,坤卦-static,u,-0.482,16,0.5224,0.9791,False
Korean,乾卦-static,ɐ,0.479,40,0.5721,0.9791,False
Korean,乾卦-static,u,0.437,14,0.5622,0.9791,False
Korean,震卦-dynamic,h,-0.408,45,0.5622,0.9791,False
Korean,兌卦-dynamic,k͡h,0.348,19,0.5224,0.9791,False
Korean,艮卦-static,t͡ɕ,-0.347,11,0.602,0.9791,False
Korean,艮卦-static,p,0.338,26,0.5572,0.9791,False
Korean,離卦-dynamic,l,-0.338,10,0.5622,0.9791,False
Korean,艮卦-dynamic,ɛ,-0.325,15,0.602,0.9791,False
Korean,兌卦-dynamic,o,-0.314,58,0.5423,0.9791,False
Korean,坎卦-static,h,-0.311,55,0.5423,0.9791,False
Korean,兌卦-dynamic,t͡ɕ,-0.311,23,0.602,0.9791,False
Korean,中卦-static,ɡ,0.308,22,0.5821,0.9791,False
Korean,坤卦-dynamic,e,-0.305,16,0.597,0.9791,False
Korean,中卦-static,ɯ,-0.302,34,0.5721,0.9791,False
Korean,坎卦-static,o,0.294,63,0.5721,0.9791,False
Korean,艮卦-dynamic,ʌ,-0.286,44,0.592,0.9791,False
Korean,震卦-dynamic,ɫ,-0.28,24,0.592,0.9791,False
Korean,離卦-dynamic,n,0.277,127,0.5821,0.9791,False
Korean,艮卦-dynamic,t͡ɕ,-0.274,14,0.597,0.9791,False
Korean,離卦-dynamic,o,-0.243,70,0.597,0.9791,False
Korean,震卦-static,ɫ,-0.24,39,0.5174,0.9791,False
Korean,震卦-static,ʌ,0.239,86,0.607,0.9791,False
Korean,震卦-static,ɾ,0.214,40,0.5672,0.9791,False
Korean,震卦-dynamic,s,-0.269,37,0.6169,0.9816,False
Korean,巽卦-dynamic,i,1.025,4,0.7711,0.9828,False
Korean,中卦-dynamic,d͡ʑ,0.681,3,0.6269,0.9828,False
Korean,兌卦-static,ɐ,-0.677,13,0.6617,0.9828,False
Korean,乾卦-dynamic,h,0.653,4,0.7164,0.9828,False
Korean,中卦-dynamic,d,-0.648,3,0.6318,0.9828,False
Korean,兌卦-static,h,0.566,9,0.7214,0.9828,False
Korean,中卦-dynamic,m,0.527,7,0.7114,0.9828,False
Korean,巽卦-dynamic,n,0.517,3,0.8706,0.9828,False
Korean,坎卦-dynamic,p͡h,0.508,7,0.6766,0.9828,False
Korean,坎卦-dynamic,ɫ,-0.485,7,0.6468,0.9828,False
Korean,坎卦-dynamic,t,-0.481,7,0.7015,0.9828,False
Korean,乾卦-dynamic,ɯ,0.464,3,0.791,0.9828,False
Korean,離卦-static,l,0.462,3,0.6418,0.9828,False
Korean,乾卦-static,t,-0.462,7,0.6517,0.9828,False
Korean,乾卦-dynamic,m,0.462,3,0.8159,0.9828,False
Korean,中卦-dynamic,h,-0.436,7,0.7562,0.9828,False
Korean,離卦-static,ʌ,-0.435,11,0.6816,0.9828,False
Korean,巽卦-dynamic,ɐ,0.423,5,0.8756,0.9828,False
Korean,兌卦-static,t,0.422,8,0.7811,0.9828,False
Korean,坎卦-dynamic,e,0.412,7,0.6617,0.9828,False
Korean,巽卦-static,w,-0.408,4,0.6667,0.9828,False
Korean,乾卦-static,q,-0.395,11,0.6716,0.9828,False
Korean,離卦-static,s,-0.393,9,0.6766,0.9828,False
Korean,離卦-static,p͡h,0.385,5,0.7015,0.9828,False
Korean,巽卦-static,ŋ,-0.372,9,0.6965,0.9828,False
Korean,中卦-dynamic,p͡h,0.369,3,0.8159,0.9828,False
Korean,兌卦-static,d,-0.366,4,0.7761,0.9828,False
Korean,坎卦-dynamic,m,-0.364,10,0.6766,0.9828,False
Korean,坎卦-dynamic,j,-0.363,7,0.6716,0.9828,False
Korean,坎卦-dynamic,ɛ,0.349,7,0.6716,0.9828,False
Korean,巽卦-static,e,-0.348,5,0.7512,0.9828,False
Korean,巽卦-static,ɾ,-0.329,7,0.8159,0.9828,False
Korean,坤卦-static,ɾ,0.309,13,0.6816,0.9828,False
Korean,兌卦-static,ŋ,-0.301,4,0.8458,0.9828,False
Korean,坎卦-dynamic,o,-0.297,12,0.801,0.9828,False
Korean,艮卦-dynamic,p,-0.294,24,0.6318,0.9828,False
Korean,艮卦-dynamic,d͡ʑ,-0.292,10,0.6766,0.9828,False
Korean,巽卦-static,p͡h,-0.28,4,0.7512,0.9828,False
Korean,震卦-dynamic,j,0.279,32,0.6368,0.9828,False
Korean,乾卦-static,o,-0.261,12,0.7811,0.9828,False
Korean,兌卦-static,m,-0.255,5,0.8607,0.9828,False
Korean,艮卦-dynamic,ɾ,0.25,25,0.6269,0.9828,False
Korean,艮卦-dynamic,q,-0.248,35,0.6965,0.9828,False
Korean,艮卦-dynamic,k͡h,-0.243,7,0.6766,0.9828,False
Korean,中卦-dynamic,ɫ,0.243,5,0.8756,0.9828,False
Korean,離卦-static,d,0.241,10,0.7761,0.9828,False
Korean,巽卦-static,i,0.239,30,0.7363,0.9828,False
Korean,坤卦-dynamic,ɐ,-0.235,112,0.7015,0.9828,False
Korean,艮卦-static,ŋ,0.235,26,0.7214,0.9828,False
Korean,中卦-static,b,-0.235,6,0.6816,0.9828,False
Korean,離卦-static,j,-0.23,6,0.7861,0.9828,False
Korean,乾卦-static,w,-0.229,4,0.801,0.9828,False
Korean,艮卦-dynamic,w,-0.227,12,0.7463,0.9828,False
Korean,坎卦-static,b,0.226,10,0.6219,0.9828,False
Korean,巽卦-static,o,-0.223,14,0.801,0.9828,False
Korean,震卦-dynamic,o,-0.223,38,0.6915,0.9828,False
Korean,艮卦-static,ɫ,-0.22,20,0.7413,0.9828,False
Korean,坤卦-dynamic,ɫ,0.214,36,0.6667,0.9828,False
Korean,艮卦-dynamic,t͡ʃ,0.214,15,0.7015,0.9828,False
Korean,巽卦-static,t,-0.21,11,0.8358,0.9828,False
Korean,震卦-static,k,-0.208,4,0.6567,0.9828,False
Korean,艮卦-static,j,-0.204,19,0.7313,0.9828,False
Korean,離卦-dynamic,k͡h,-0.203,14,0.6915,0.9828,False
Korean,艮卦-dynamic,k,0.202,9,0.7612,0.9828,False
Korean,兌卦-dynamic,q,-0.2,60,0.6517,0.9828,False
Korean,兌卦-dynamic,ɡ,0.197,31,0.6766,0.9828,False
Korean,震卦-dynamic,m,0.186,39,0.7512,0.9828,False
Korean,震卦-static,o,-0.184,62,0.7164,0.9828,False
Korean,離卦-dynamic,ɡ,-0.184,29,0.7264,0.9828,False
Korean,乾卦-static,h,0.182,17,0.8358,0.9828,False
Korean,震卦-dynamic,ʌ,-0.179,47,0.8109,0.9828,False
Korean,坤卦-dynamic,q,0.177,48,0.7363,0.9828,False
Korean,艮卦-dynamic,ɯ,-0.177,32,0.7761,0.9828,False
Korean,離卦-dynamic,b,-0.165,11,0.6617,0.9828,False
Korean,離卦-dynamic,w,-0.164,24,0.7313,0.9828,False
Korean,兌卦-dynamic,l,-0.164,11,0.7413,0.9828,False
Korean,坤卦-dynamic,t͡ɕ,0.161,21,0.7811,0.9828,False
Korean,乾卦-static,e,-0.161,5,0.8806,0.9828,False
Korean,離卦-static,ɐ,-0.158,26,0.8607,0.9828,False
Korean,離卦-dynamic,ɾ,0.158,46,0.7313,0.9828,False
Korean,乾卦-static,l,0.158,3,0.8806,0.9828,False
Korean,震卦-static,p͡h,0.155,26,0.7164,0.9828,False
Korean,離卦-static,e,-0.15,4,0.8856,0.9828,False
Korean,離卦-dynamic,t͡ɕ,-0.15,29,0.7761,0.9828,False
Korean,乾卦-static,j,-0.15,8,0.8657,0.9828,False
Korean,震卦-static,t,0.148,66,0.6915,0.9828,False
Korean,艮卦-static,o,0.144,39,0.8507,0.9828,False
Korean,離卦-static,d͡ʑ,-0.144,3,0.8358,0.9828,False
Korean,震卦-static,i,0.143,126,0.791,0.9828,False
Korean,中卦-static,k,-0.142,4,0.8557,0.9828,False
Korean,坤卦-static,d͡ʑ,0.138,7,0.8458,0.9828,False
Korean,坤卦-static,d,-0.137,15,0.8856,0.9828,False
Korean,兌卦-dynamic,t,-0.135,53,0.7861,0.9828,False
Korean,坎卦-dynamic,ʌ,-0.133,16,0.8806,0.9828,False
Korean,中卦-static,t͡ɕ,0.132,20,0.806,0.9828,False
Korean,震卦-dynamic,ɛ,-0.128,17,0.7463,0.9828,False
Korean,坤卦-static,ɫ,-0.126,13,0.8806,0.9828,False
Korean,兌卦-dynamic,ɾ,-0.124,35,0.7662,0.9828,False
Korean,艮卦-static,h,-0.118,39,0.801,0.9828,False
Korean,震卦-dynamic,d͡ʑ,0.118,14,0.8806,0.9828,False
Korean,震卦-dynamic,k,-0.118,4,0.8856,0.9828,False
Korean,艮卦-static,q,0.117,33,0.8159,0.9828,False
Korean,坎卦-static,j,-0.115,30,0.8358,0.9828,False
Korean,中卦-static,k͡h,-0.115,9,0.8607,0.9828,False
Korean,中卦-static,ɛ,0.115,21,0.8657,0.9828,False
Korean,艮卦-static,b,-0.111,5,0.8657,0.9828,False
Korean,離卦-dynamic,d͡ʑ,0.107,26,0.8557,0.9828,False
Korean,離卦-dynamic,q,-0.104,71,0.8308,0.9828,False
Korean,坎卦-static,e,-0.101,19,0.8507,0.9828,False
Korean,中卦-static,o,-0.098,46,0.8507,0.9828,False
Korean,艮卦-dynamic,u,-0.091,36,0.8657,0.9828,False
Korean,坤卦-dynamic,o,-0.085,48,0.8607,0.9828,False
Korean,離卦-dynamic,t͡ʃ,-0.085,24,0.8856,0.9828,False
Korean,坤卦-dynamic,i,-0.078,86,0.8856,0.9828,False
Korean,震卦-static,j,-0.076,41,0.8507,0.9828,False
Korean,兌卦-dynamic,w,0.06,24,0.8607,0.9828,False
Korean,離卦-dynamic,m,-0.07,65,0.8905,0.9865,False
Korean,離卦-static,w,0.164,4,0.9005,0.9878,False
Korean,離卦-static,ɛ,0.158,5,0.8955,0.9878,False
Korean,艮卦-dynamic,ɡ,-0.081,16,0.9005,0.9878,False
Korean,離卦-dynamic,ʌ,0.069,96,0.9005,0.9878,False
Korean,震卦-dynamic,t͡ʃ,0.052,14,0.9055,0.9878,False
Korean,兌卦-dynamic,p͡h,-0.079,22,0.9154,0.9893,False
Korean,坤卦-dynamic,p,0.05,33,0.9104,0.9893,False
Korean,乾卦-dynamic,n,-0.221,4,0.9353,0.9928,False
Korean,中卦-dynamic,t,-0.148,5,0.9552,0.9928,False
Korean,兌卦-static,s,0.148,7,0.9453,0.9928,False
Korean,坎卦-dynamic,l,0.124,3,0.9254,0.9928,False
Korean,坎卦-dynamic,u,0.073,13,0.9403,0.9928,False
Korean,坤卦-static,j,-0.049,13,0.9403,0.9928,False
Korean,坤卦-static,ɯ,0.039,18,0.9403,0.9928,False
Korean,艮卦-dynamic,i,-0.039,74,0.9353,0.9928,False
Korean,兌卦-static,ʌ,0.033,8,0.9602,0.9928,False
Korean,中卦-dynamic,ʌ,0.053,8,0.9751,0.9957,False
Korean,坎卦-dynamic,q,-0.042,13,0.9801,0.9957,False
Korean,離卦-static,i,0.035,20,0.9801,0.9957,False
Korean,離卦-static,h,0.022,13,0.9801,0.9957,False
Korean,中卦-dynamic,u,0.024,6,0.99,0.997,False
Korean,坎卦-static,n,-0.015,74,0.99,0.997,False
Korean,震卦-dynamic,t͡ɕ,0.013,17,0.99,0.997,False
Korean,坤卦-static,k,0.009,3,0.99,0.997,False
Korean,震卦-static,e,0.011,27,0.995,0.9985,False
Russian,兌卦-dynamic,tʲ,3.208,191,0.005,0.2799,False
Russian,中卦-static,y,2.644,64,0.005,0.2799,False
Russian,中卦-static,j,2.618,78,0.005,0.2799,False
Russian,坤卦-static,ʌ,2.252,98,0.005,0.2799,False
Russian,坤卦-static,o,2.241,50,0.005,0.2799,False
Russian,兌卦-dynamic,ʒ,2.123,27,0.005,0.2799,False
Russian,坤卦-dynamic,x,2.081,20,0.005,0.2799,False
Russian,艮卦-dynamic,bʲ,2.007,6,0.005,0.2799,False
Russian,艮卦-dynamic,mʲ,1.996,14,0.005,0.2799,False
Russian,離卦-dynamic,dʲ,1.989,27,0.005,0.2799,False
Russian,艮卦-static,o,1.658,44,0.005,0.2799,False
Russian,坎卦-static,e,1.637,44,0.005,0.2799,False
Russian,兌卦-dynamic,ɑ,1.512,108,0.005,0.2799,False
Russian,兌卦-dynamic,pʲ,1.506,17,0.005,0.2799,False
Russian,兌卦-dynamic,v,1.466,50,0.005,0.2799,False
Russian,離卦-dynamic,i,1.384,183,0.005,0.2799,False
Russian,乾卦-dynamic,t͡s,3.378,5,0.01,0.3582,False
Russian,中卦-dynamic,ɪ,3.025,7,0.01,0.3582,False
Russian,離卦-static,ʑ,2.644,6,0.01,0.3582,False
Russian,離卦-static,m,2.058,13,0.01,0.3582,False
Russian,坎卦-static,ɭʲ,1.624,27,0.01,0.3582,False
Russian,震卦-static,pʲ,1.451,19,0.01,0.3582,False
Russian,坤卦-dynamic,a,-1.434,29,0.01,0.3582,False
Russian,離卦-dynamic,v,1.407,60,0.01,0.3582,False
Russian,兌卦-dynamic,n,-1.267,33,0.01,0.3582,False
Russian,乾卦-dynamic,vʲ,2.878,3,0.0199,0.4713,False
Russian,坎卦-dynamic,ʃ,2.789,10,0.0149,0.4713,False
Russian,中卦-static,ɵ,2.602,3,0.0199,0.4713,False
Russian,坎卦-dynamic,ʑ,2.491,5,0.0199,0.4713,False
Russian,坤卦-static,i,-1.843,29,0.0149,0.4713,False
Russian,坤卦-static,t,1.68,49,0.0199,0.4713,False
Russian,中卦-static,ɑ,-1.666,26,0.0199,0.4713,False
Russian,兌卦-dynamic,e,-1.549,21,0.0199,0.4713,False
Russian,艮卦-static,f,1.546,10,0.0199,0.4713,False
Russian,艮卦-static,r,1.509,53,0.0149,0.4713,False
Russian,離卦-dynamic,tʲ,1.489,137,0.0199,0.4713,False
Russian,兌卦-dynamic,o,-1.435,20,0.0199,0.4713,False
Russian,兌卦-dynamic,k,-1.421,35,0.0199,0.4713,False
Russian,兌卦-static,ɡ,2.811,5,0.0299,0.4885,False
Russian,坤卦-dynamic,j͡u,2.011,4,0.0249,0.4885,False
Russian,離卦-static,rʲ,1.916,9,0.0299,0.4885,False
Russian,艮卦-static,ɕ,1.834,5,0.0299,0.4885,False
Russian,艮卦-dynamic,z,1.674,21,0.0299,0.4885,False
Russian,艮卦-static,b,1.573,19,0.0249,0.4885,False
Russian,中卦-static,nʲ,1.553,33,0.0249,0.4885,False
Russian,中卦-static,n,1.549,91,0.0249,0.4885,False
Russian,坤卦-static,j,1.476,33,0.0299,0.4885,False
Russian,離卦-dynamic,vʲ,1.378,32,0.0299,0.4885,False
Russian,中卦-static,a,-1.243,31,0.0249,0.4885,False
Russian,兌卦-dynamic,r,-1.215,44,0.0249,0.4885,False
Russian,離卦-dynamic,rʲ,1.133,45,0.0299,0.4885,False
Russian,離卦-dynamic,n,-1.103,46,0.0299,0.4885,False
Russian,離卦-dynamic,k,-0.971,61,0.0249,0.4885,False
Russian,巽卦-dynamic,s,3.263,7,0.0348,0.4975,False
Russian,兌卦-static,nʲ,2.742,4,0.0348,0.4975,False
Russian,離卦-static,ʌ,-2.124,9,0.0348,0.4975,False
Russian,艮卦-dynamic,ɕ,1.492,5,0.0348,0.4975,False
Russian,坎卦-static,dʲ,1.268,12,0.0348,0.4975,False
Russian,離卦-dynamic,m,-1.217,10,0.0348,0.4975,False
Russian,坤卦-dynamic,u,-1.112,22,0.0348,0.4975,False
Russian,兌卦-dynamic,z,1.029,31,0.0348,0.4975,False
Russian,乾卦-dynamic,ɡʲ,3.418,3,0.0398,0.5045,False
Russian,兌卦-static,ɭ,3.07,10,0.0398,0.5045,False
Russian,坎卦-static,j͡u,1.845,3,0.0398,0.5045,False
Russian,兌卦-dynamic,ɕ,1.433,9,0.0398,0.5045,False
Russian,坤卦-dynamic,mʲ,1.236,17,0.0398,0.5045,False
Russian,中卦-static,r,-1.231,35,0.0398,0.5045,False
Russian,離卦-dynamic,o,-1.13,33,0.0398,0.5045,False
Russian,兌卦-dynamic,m,-1.013,12,0.0398,0.5045,False
Russian,兌卦-dynamic,ɵ,1.986,3,0.0448,0.5373,False
Russian,乾卦-static,dʲ,1.629,7,0.0448,0.5373,False
Russian,兌卦-dynamic,j,-1.154,5,0.0448,0.5373,False
Russian,乾卦-dynamic,j͡a,2.641,3,0.0498,0.5668,False
Russian,坎卦-dynamic,y,2.269,12,0.0498,0.5668,False
Russian,震卦-dynamic,rʲ,1.597,17,0.0498,0.5668,False
Russian,坤卦-dynamic,bʲ,1.219,7,0.0498,0.5668,False
Russian,巽卦-static,sʲ,2.552,3,0.0547,0.5934,False
Russian,坎卦-dynamic,x,2.256,4,0.0547,0.5934,False
Russian,離卦-static,i,1.935,31,0.0547,0.5934,False
Russian,震卦-static,ɭ,1.101,92,0.0547,0.5934,False
Russian,兌卦-dynamic,a,-1.037,44,0.0597,0.6248,False
Russian,中卦-dynamic,ɛ,2.695,3,0.0647,0.6691,False
Russian,兌卦-static,k,2.562,12,0.0746,0.6695,False
Russian,離卦-static,j͡a,1.806,6,0.0746,0.6695,False
Russian,艮卦-static,fʲ,1.514,4,0.0697,0.6695,False
Russian,乾卦-static,r,1.504,39,0.0746,0.6695,False
Russian,坤卦-dynamic,^,1.367,11,0.0697,0.6695,False
Russian,坤卦-static,a,-1.275,18,0.0796,0.6695,False
Russian,艮卦-static,bʲ,1.271,4,0.0697,0.6695,False
Russian,坤卦-static,ɪ,1.152,20,0.0796,0.6695,False
Russian,艮卦-dynamic,t͡ʃʲ,1.141,18,0.0796,0.6695,False
Russian,中卦-static,mʲ,1.105,15,0.0697,0.6695,False
Russian,中卦-static,u,-1.087,21,0.0697,0.6695,False
Russian,離卦-dynamic,ʒ,0.9,21,0.0796,0.6695,False
Russian,兌卦-dynamic,mʲ,0.892,17,0.0796,0.6695,False
Russian,兌卦-dynamic,t͡s,0.873,28,0.0746,0.6695,False
Russian,離卦-dynamic,u,-0.858,39,0.0796,0.6695,False
Russian,震卦-static,z,-0.913,9,0.0846,0.692,False
Russian,震卦-static,j͡a,0.811,25,0.0846,0.692,False
Russian,離卦-dynamic,ɭʲ,0.765,37,0.0846,0.692,False
Russian,乾卦-static,ɡ,1.36,16,0.0896,0.7132,False
Russian,坎卦-dynamic,e,-1.749,3,0.0945,0.7398,False
Russian,中卦-static,z,-0.948,6,0.0995,0.7401,False
Russian,離卦-dynamic,ɭ,-0.884,26,0.0995,0.7401,False
Russian,兌卦-dynamic,rʲ,0.858,33,0.0995,0.7401,False
Russian,離卦-dynamic,x,-0.824,4,0.0995,0.7401,False
Russian,兌卦-dynamic,ʌ,0.788,153,0.0995,0.7401,False
Russian,震卦-static,v,-0.779,21,0.0995,0.7401,False
Russian,巽卦-dynamic,u,3.01,5,0.1045,0.7463,False
Russian,震卦-dynamic,pʲ,1.23,6,0.1045,0.7463,False
Russian,坤卦-static,r,-1.038,23,0.1045,0.7463,False
Russian,離卦-dynamic,p,0.784,73,0.1045,0.7463,False
Russian,艮卦-dynamic,d,1.154,22,0.1095,0.752,False
Russian,坎卦-static,f,0.87,11,0.1095,0.752,False
Russian,離卦-dynamic,ɡ,-0.818,10,0.1095,0.752,False
Russian,兌卦-dynamic,y,0.811,48,0.1095,0.752,False
Russian,坎卦-dynamic,b,1.824,7,0.1144,0.7629,False
Russian,中卦-static,i,1.007,112,0.1144,0.7629,False
Russian,坤卦-dynamic,ʌ,0.827,133,0.1144,0.7629,False
Russian,坤卦-dynamic,pʲ,0.803,11,0.1144,0.7629,False
Russian,中卦-dynamic,ʃ,2.081,5,0.1194,0.7787,False
Russian,離卦-dynamic,ʌ,0.75,185,0.1194,0.7787,False
Russian,艮卦-static,k,0.902,54,0.1244,0.8053,False
Russian,艮卦-static,t͡ʃʲ,-1.02,3,0.1294,0.8316,False
Russian,乾卦-dynamic,sʲ,2.093,3,0.1443,0.8324,False
Russian,乾卦-dynamic,ɑ,2.066,9,0.1443,0.8324,False
Russian,離卦-static,mʲ,1.435,4,0.1443,0.8324,False
Russian,離卦-static,k,1.37,24,0.1443,0.8324,False
Russian,乾卦-static,k,-1.285,14,0.1393,0.8324,False
Russian,震卦-dynamic,n,-1.08,15,0.1443,0.8324,False
Russian,艮卦-dynamic,e,1.0,30,0.1443,0.8324,False
Russian,中卦-static,ɡ,-0.86,6,0.1443,0.8324,False
Russian,中卦-static,f,-0.831,3,0.1393,0.8324,False
Russian,兌卦-dynamic,f,-0.655,5,0.1443,0.8324,False
Russian,離卦-static,pʲ,1.338,3,0.1493,0.8343,False
Russian,坎卦-static,ʌ,-0.76,67,0.1493,0.8343,False
Russian,坤卦-dynamic,n,0.667,76,0.1493,0.8343,False
Russian,中卦-dynamic,ɑ,-1.769,3,0.1542,0.8464,False
Russian,艮卦-dynamic,j,-0.982,5,0.1542,0.8464,False
Russian,離卦-static,ɑ,1.452,20,0.1592,0.8492,False
Russian,震卦-dynamic,ɪ,1.078,16,0.1592,0.8492,False
Russian,坤卦-static,z,-0.871,4,0.1642,0.8492,False
Russian,艮卦-dynamic,ɭʲ,0.86,17,0.1642,0.8492,False
Russian,坎卦-static,k,0.795,75,0.1642,0.8492,False
Russian,震卦-static,t͡ʃʲ,-0.675,12,0.1642,0.8492,False
Russian,巽卦-dynamic,p,2.678,4,0.1791,0.8666,False
Russian,巽卦-dynamic,m,2.526,3,0.199,0.8666,False
Russian,兌卦-static,e,2.085,5,0.1791,0.8666,False
Russian,乾卦-dynamic,ʌ,-1.96,4,0.2139,0.8666,False
Russian,乾卦-dynamic,r,1.958,9,0.209,0.8666,False
Russian,乾卦-dynamic,a,1.931,9,0.2139,0.8666,False
Russian,中卦-dynamic,j,1.909,8,0.1841,0.8666,False
Russian,巽卦-static,n,1.845,8,0.2388,0.8666,False
Russian,兌卦-static,u,1.737,7,0.2338,0.8666,False
Russian,坎卦-dynamic,t,1.453,16,0.199,0.8666,False
Russian,震卦-dynamic,ɕ,1.05,3,0.1891,0.8666,False
Russian,乾卦-static,d,-1.013,4,0.1791,0.8666,False
Russian,震卦-dynamic,s,0.991,39,0.194,0.8666,False
Russian,震卦-dynamic,a,-0.96,18,0.199,0.8666,False
Russian,震卦-dynamic,t͡ʃʲ,0.943,12,0.2239,0.8666,False
Russian,震卦-dynamic,ɭʲ,-0.942,5,0.204,0.8666,False
Russian,震卦-dynamic,z,-0.932,3,0.2239,0.8666,False
Russian,震卦-dynamic,e,0.884,21,0.2289,0.8666,False
Russian,中卦-static,k,-0.863,43,0.1692,0.8666,False
Russian,乾卦-static,t͡ʃʲ,-0.84,3,0.2239,0.8666,False
Russian,坤卦-static,n,0.813,44,0.2189,0.8666,False
Russian,艮卦-static,i,-0.809,43,0.199,0.8666,False
Russian,坤卦-static,s,0.79,44,0.2239,0.8666,False
Russian,中卦-static,t͡ʃʲ,0.781,23,0.199,0.8666,False
Russian,離卦-dynamic,j͡u,0.774,3,0.1841,0.8666,False
Russian,坤卦-static,ɭʲ,-0.755,7,0.2388,0.8666,False
Russian,艮卦-dynamic,r,-0.753,30,0.2388,0.8666,False
Russian,艮卦-dynamic,vʲ,0.746,11,0.194,0.8666,False
Russian,離卦-dynamic,ɕ,0.731,8,0.1791,0.8666,False
Russian,坤卦-dynamic,o,0.712,60,0.199,0.8666,False
Russian,坤卦-static,m,0.709,21,0.2239,0.8666,False
Russian,坤卦-dynamic,r,0.699,78,0.2189,0.8666,False
Russian,坎卦-static,r,0.672,62,0.2338,0.8666,False
Russian,坎卦-static,x,-0.668,3,0.2239,0.8666,False
Russian,坤卦-dynamic,rʲ,-0.655,10,0.2289,0.8666,False
Russian,離卦-dynamic,pʲ,-0.638,5,0.1791,0.8666,False
Russian,震卦-static,o,0.621,77,0.209,0.8666,False
Russian,兌卦-dynamic,t,-0.615,50,0.209,0.8666,False
Russian,離卦-dynamic,b,0.603,33,0.2388,0.8666,False
Russian,坎卦-static,b,-0.599,8,0.2338,0.8666,False
Russian,震卦-static,u,-0.596,44,0.199,0.8666,False
Russian,離卦-dynamic,a,-0.586,68,0.1891,0.8666,False
Russian,離卦-dynamic,bʲ,0.575,7,0.209,0.8666,False
Russian,兌卦-dynamic,ɛ,-0.558,3,0.2388,0.8666,False
Russian,兌卦-static,b,1.758,3,0.2438,0.8706,False
Russian,離卦-dynamic,y,-0.587,29,0.2438,0.8706,False
Russian,巽卦-static,a,1.957,8,0.2537,0.8886,False
Russian,坤卦-dynamic,t,-0.568,44,0.2537,0.8886,False
Russian,乾卦-dynamic,p,1.683,6,0.2587,0.8921,False
Russian,艮卦-dynamic,a,0.67,48,0.2587,0.8921,False
Russian,坤卦-dynamic,b,0.576,23,0.2587,0.8921,False
Russian,乾卦-static,t,0.891,30,0.2687,0.9054,False
Russian,乾卦-static,ʌ,0.852,55,0.2687,0.9054,False
Russian,震卦-dynamic,r,-0.817,21,0.2736,0.9054,False
Russian,震卦-dynamic,t͡s,0.718,10,0.2736,0.9054,False
Russian,艮卦-static,ʃ,0.623,13,0.2736,0.9054,False
Russian,坎卦-static,pʲ,-0.596,3,0.2637,0.9054,False
Russian,坎卦-static,t͡s,0.567,16,0.2687,0.9054,False
Russian,兌卦-dynamic,s,-0.547,44,0.2687,0.9054,False
Russian,離卦-static,y,-1.036,3,0.2886,0.9209,False
Russian,坤卦-static,j͡a,-0.738,3,0.2886,0.9209,False
Russian,艮卦-static,vʲ,-0.738,3,0.2836,0.9209,False
Russian,艮卦-dynamic,k,-0.647,33,0.2836,0.9209,False
Russian,坎卦-static,ɪ,-0.597,11,0.2836,0.9209,False
Russian,坤卦-dynamic,ʒ,-0.526,5,0.2886,0.9209,False
Russian,艮卦-dynamic,tʲ,0.685,41,0.2935,0.9302,False
Russian,坤卦-dynamic,k,-0.589,54,0.2935,0.9302,False
Russian,坎卦-static,tʲ,-0.552,13,0.2985,0.9394,False
Russian,坎卦-static,o,0.522,45,0.2985,0.9394,False
Russian,離卦-static,u,1.034,15,0.3085,0.9475,False
Russian,艮卦-static,ʌ,-0.686,48,0.3085,0.9475,False
Russian,艮卦-static,ɡ,0.659,16,0.3085,0.9475,False
Russian,艮卦-dynamic,f,-0.582,3,0.3085,0.9475,False
Russian,震卦-static,p,0.438,59,0.3085,0.9475,False
Russian,艮卦-static,n,-0.748,23,0.3234,0.9574,False
Russian,艮卦-static,a,0.63,42,0.3234,0.9574,False
Russian,坎卦-static,ɭ,-0.53,22,0.3234,0.9574,False
Russian,兌卦-dynamic,i,0.515,126,0.3184,0.9574,False
Russian,坤卦-dynamic,j,0.493,39,0.3184,0.9574,False
Russian,離卦-dynamic,ʃ,-0.473,12,0.3184,0.9574,False
Russian,巽卦-static,d,1.539,3,0.3682,0.9667,False
Russian,巽卦-static,ɭ,1.458,6,0.3881,0.9667,False
Russian,中卦-dynamic,n,1.424,11,0.3632,0.9667,False
Russian,巽卦-static,ɡ,1.391,3,0.4776,0.9667,False
Russian,乾卦-dynamic,t,1.304,7,0.4378,0.9667,False
Russian,兌卦-static,r,-1.302,3,0.3731,0.9667,False
Russian,兌卦-static,ɑ,-1.268,3,0.4478,0.9667,False
Russian,巽卦-static,k,1.189,8,0.5124,0.9667,False
Russian,中卦-dynamic,o,1.155,8,0.398,0.9667,False
Russian,中卦-dynamic,a,1.111,10,0.4577,0.9667,False
Russian,坎卦-dynamic,ɭ,-0.984,3,0.398,0.9667,False
Russian,坎卦-dynamic,ɑ,-0.975,8,0.3731,0.9667,False
Russian,中卦-dynamic,r,-0.971,5,0.4876,0.9667,False
Russian,坎卦-dynamic,v,0.95,7,0.4129,0.9667,False
Russian,離卦-static,t,-0.935,8,0.3483,0.9667,False
Russian,坎卦-dynamic,n,-0.926,7,0.3881,0.9667,False
Russian,離卦-static,ɭʲ,0.926,6,0.4577,0.9667,False
Russian,坎卦-dynamic,tʲ,0.903,14,0.393,0.9667,False
Russian,坎卦-dynamic,ɭʲ,0.785,5,0.4876,0.9667,False
Russian,震卦-dynamic,o,-0.752,14,0.3582,0.9667,False
Russian,乾卦-static,n,0.742,32,0.3383,0.9667,False
Russian,乾卦-static,v,0.722,14,0.3532,0.9667,False
Russian,乾卦-static,b,0.696,10,0.4428,0.9667,False
Russian,離卦-static,o,-0.687,7,0.4776,0.9667,False
Russian,離卦-static,d,-0.665,3,0.4776,0.9667,False
Russian,震卦-dynamic,v,-0.635,8,0.4129,0.9667,False
Russian,震卦-dynamic,p,0.63,22,0.3731,0.9667,False
Russian,艮卦-dynamic,o,-0.628,21,0.3632,0.9667,False
Russian,乾卦-static,z,-0.627,4,0.4229,0.9667,False
Russian,震卦-dynamic,ɛ,0.622,5,0.3831,0.9667,False
Russian,艮卦-static,p,-0.621,13,0.3582,0.9667,False
Russian,艮卦-dynamic,t͡s,0.614,13,0.3433,0.9667,False
Russian,坤卦-static,ɭ,-0.613,14,0.3433,0.9667,False
Russian,艮卦-static,s,-0.613,20,0.3731,0.9667,False
Russian,坤卦-static,e,-0.611,16,0.3532,0.9667,False
Russian,震卦-dynamic,ʑ,0.608,5,0.4378,0.9667,False
Russian,乾卦-static,j͡a,0.597,7,0.3781,0.9667,False
Russian,艮卦-static,nʲ,-0.591,7,0.403,0.9667,False
Russian,震卦-dynamic,sʲ,0.588,9,0.4975,0.9667,False
Russian,離卦-static,s,-0.584,8,0.5124,0.9667,False
Russian,震卦-dynamic,ɭ,-0.571,12,0.5075,0.9667,False
Russian,乾卦-static,p,-0.57,10,0.4726,0.9667,False
Russian,乾卦-static,ɭʲ,0.562,10,0.4378,0.9667,False
Russian,坎卦-static,ʒ,0.561,10,0.3284,0.9667,False
Russian,震卦-dynamic,m,-0.56,8,0.4776,0.9667,False
Russian,乾卦-static,u,-0.56,14,0.4925,0.9667,False
Russian,乾卦-static,ɭ,-0.558,11,0.4975,0.9667,False
Russian,艮卦-dynamic,i,0.553,69,0.3582,0.9667,False
Russian,艮卦-static,ɪ,-0.551,8,0.408,0.9667,False
Russian,艮卦-dynamic,t,-0.548,28,0.3831,0.9667,False
Russian,坤卦-static,x,0.534,6,0.3881,0.9667,False
Russian,乾卦-static,ɪ,-0.53,6,0.4527,0.9667,False
Russian,艮卦-static,z,0.522,12,0.408,0.9667,False
Russian,坤卦-static,p,-0.52,14,0.4328,0.9667,False
Russian,坎卦-static,s,-0.52,31,0.3682,0.9667,False
Russian,震卦-dynamic,ɑ,0.517,33,0.4279,0.9667,False
Russian,坎卦-static,d,0.515,22,0.3881,0.9667,False
Russian,乾卦-static,vʲ,-0.502,3,0.4527,0.9667,False
Russian,艮卦-dynamic,x,-0.497,3,0.4677,0.9667,False
Russian,坤卦-static,sʲ,-0.495,5,0.4428,0.9667,False
Russian,艮卦-dynamic,n,-0.489,30,0.4179,0.9667,False
Russian,震卦-static,ʌ,-0.487,122,0.3582,0.9667,False
Russian,坎卦-static,z,-0.48,9,0.3881,0.9667,False
Russian,坤卦-dynamic,s,-0.479,40,0.3333,0.9667,False
Russian,坎卦-static,i,-0.477,68,0.3433,0.9667,False
Russian,坤卦-dynamic,d,0.474,27,0.3632,0.9667,False
Russian,離卦-dynamic,t,-0.473,65,0.3881,0.9667,False
Russian,艮卦-dynamic,y,-0.471,14,0.4925,0.9667,False
Russian,坤卦-static,ɑ,-0.468,29,0.4577,0.9667,False
Russian,坤卦-static,ʒ,-0.464,3,0.4677,0.9667,False
Russian,中卦-static,ʃ,-0.464,8,0.4129,0.9667,False
Russian,中卦-static,rʲ,0.463,22,0.4129,0.9667,False
Russian,坎卦-static,nʲ,0.458,19,0.4279,0.9667,False
Russian,坤卦-static,mʲ,-0.455,3,0.5124,0.9667,False
Russian,坎卦-static,y,-0.452,18,0.3831,0.9667,False
Russian,中卦-static,tʲ,-0.447,19,0.4279,0.9667,False
Russian,坤卦-dynamic,vʲ,0.445,15,0.4179,0.9667,False
Russian,離卦-dynamic,sʲ,0.441,26,0.4229,0.9667,False
Russian,坤卦-dynamic,p,-0.437,27,0.4129,0.9667,False
Russian,艮卦-dynamic,ɪ,-0.432,10,0.4925,0.9667,False
Russian,坤卦-dynamic,tʲ,-0.431,21,0.3881,0.9667,False
Russian,艮卦-dynamic,nʲ,-0.428,9,0.5274,0.9667,False
Russian,震卦-static,d,0.427,35,0.3731,0.9667,False
Russian,震卦-static,fʲ,0.425,5,0.3781,0.9667,False
Russian,艮卦-dynamic,ʑ,0.424,6,0.4925,0.9667,False
Russian,兌卦-dynamic,ɡ,-0.417,15,0.4129,0.9667,False
Russian,震卦-static,e,0.414,54,0.4129,0.9667,False
Russian,中卦-static,e,0.413,38,0.5174,0.9667,False
Russian,艮卦-static,pʲ,0.41,5,0.5174,0.9667,False
Russian,坤卦-dynamic,t͡ʃʲ,-0.402,12,0.3781,0.9667,False
Russian,震卦-dynamic,y,0.401,16,0.5025,0.9667,False
Russian,坎卦-static,u,0.398,44,0.4229,0.9667,False
Russian,艮卦-static,x,-0.393,3,0.5224,0.9667,False
Russian,坤卦-dynamic,v,0.387,30,0.4428,0.9667,False
Russian,坤卦-dynamic,ɭ,0.383,51,0.408,0.9667,False
Russian,坤卦-dynamic,ʑ,-0.379,3,0.5174,0.9667,False
Russian,兌卦-dynamic,bʲ,0.377,5,0.4527,0.9667,False
Russian,坤卦-dynamic,z,0.375,20,0.4129,0.9667,False
Russian,震卦-static,ɭʲ,0.375,30,0.4279,0.9667,False
Russian,中卦-static,j͡a,-0.374,8,0.5224,0.9667,False
Russian,艮卦-static,tʲ,-0.373,13,0.5274,0.9667,False
Russian,艮卦-dynamic,m,-0.373,13,0.5274,0.9667,False
Russian,坤卦-dynamic,ɛ,-0.36,4,0.5025,0.9667,False
Russian,坤卦-dynamic,ɪ,0.358,26,0.4776,0.9667,False
Russian,艮卦-dynamic,b,-0.355,8,0.5274,0.9667,False
Russian,離卦-dynamic,j,-0.353,30,0.4776,0.9667,False
Russian,震卦-static,tʲ,-0.351,32,0.4428,0.9667,False
Russian,坤卦-dynamic,kʲ,-0.35,3,0.4876,0.9667,False
Russian,坎卦-static,ɑ,-0.346,44,0.4876,0.9667,False
Russian,坎卦-static,t͡ʃʲ,0.343,16,0.5025,0.9667,False
Russian,兌卦-dynamic,ɭ,-0.326,38,0.5124,0.9667,False
Russian,兌卦-dynamic,ɪ,-0.325,20,0.5025,0.9667,False
Russian,兌卦-dynamic,ʑ,-0.324,4,0.4627,0.9667,False
Russian,震卦-static,dʲ,-0.314,8,0.4627,0.9667,False
Russian,離卦-dynamic,e,-0.306,46,0.5274,0.9667,False
Russian,震卦-static,m,-0.292,29,0.5174,0.9667,False
Russian,震卦-static,ɛ,-0.285,6,0.4975,0.9667,False
Russian,坎卦-dynamic,r,0.741,15,0.5323,0.9698,False
Russian,離卦-static,p,-0.638,5,0.5323,0.9698,False
Russian,震卦-static,ɡ,0.301,31,0.5323,0.9698,False
Russian,離卦-static,a,0.549,16,0.5473,0.9715,False
Russian,艮卦-static,v,0.425,17,0.5473,0.9715,False
Russian,坎卦-static,ɡ,-0.361,11,0.5373,0.9715,False
Russian,艮卦-static,ɭ,0.35,28,0.5423,0.9715,False
Russian,坤卦-dynamic,ɡ,-0.343,14,0.5473,0.9715,False
Russian,艮卦-static,j,-0.338,12,0.5473,0.9715,False
Russian,坤卦-dynamic,i,0.324,104,0.5473,0.9715,False
Russian,中卦-static,v,0.304,27,0.5473,0.9715,False
Russian,震卦-static,ɡʲ,-0.296,3,0.5423,0.9715,False
Russian,中卦-static,pʲ,-0.283,5,0.5423,0.9715,False
Russian,震卦-static,r,-0.283,76,0.5473,0.9715,False
Russian,巽卦-static,v,1.16,3,0.5622,0.9741,False
Russian,坎卦-dynamic,j,-0.609,3,0.5622,0.9741,False
Russian,坎卦-dynamic,ʌ,0.608,24,0.5522,0.9741,False
Russian,坤卦-static,ɡ,-0.435,7,0.5622,0.9741,False
Russian,中卦-static,d,-0.372,16,0.5672,0.9741,False
Russian,坤卦-static,tʲ,-0.367,13,0.5672,0.9741,False
Russian,中卦-static,o,0.341,49,0.5622,0.9741,False
Russian,兌卦-dynamic,x,0.301,11,0.5672,0.9741,False
Russian,震卦-static,nʲ,0.287,29,0.5522,0.9741,False
Russian,震卦-static,vʲ,0.273,18,0.5572,0.9741,False
Russian,乾卦-dynamic,i,0.828,10,0.5871,0.9748,False
Russian,中卦-dynamic,i,-0.793,9,0.6119,0.9748,False
Russian,中卦-dynamic,s,0.72,9,0.6219,0.9748,False
Russian,中卦-dynamic,t,0.682,8,0.6716,0.9748,False
Russian,坎卦-dynamic,m,-0.674,3,0.6169,0.9748,False
Russian,中卦-dynamic,nʲ,0.652,3,0.6965,0.9748,False
Russian,乾卦-dynamic,s,-0.646,3,0.6667,0.9748,False
Russian,中卦-dynamic,rʲ,0.643,3,0.602,0.9748,False
Russian,坎卦-dynamic,a,-0.616,9,0.602,0.9748,False
Russian,中卦-dynamic,ɭ,-0.595,3,0.6766,0.9748,False
Russian,坎卦-dynamic,s,-0.581,7,0.5871,0.9748,False
Russian,離卦-static,v,-0.573,4,0.5871,0.9748,False
Russian,中卦-dynamic,u,-0.543,4,0.7264,0.9748,False
Russian,兌卦-static,n,0.511,6,0.7164,0.9748,False
Russian,兌卦-static,i,-0.508,7,0.7114,0.9748,False
Russian,中卦-dynamic,m,0.486,4,0.7164,0.9748,False
Russian,乾卦-static,tʲ,-0.47,8,0.6269,0.9748,False
Russian,坎卦-dynamic,o,-0.452,7,0.6517,0.9748,False
Russian,乾卦-static,ɛ,0.443,4,0.6119,0.9748,False
Russian,坤卦-static,dʲ,-0.423,3,0.5771,0.9748,False
Russian,坎卦-dynamic,d,0.413,5,0.6866,0.9748,False
Russian,艮卦-static,kʲ,0.387,4,0.5871,0.9748,False
Russian,艮卦-dynamic,ɑ,0.377,44,0.592,0.9748,False
Russian,乾卦-static,t͡s,-0.371,3,0.6567,0.9748,False
Russian,震卦-dynamic,mʲ,0.361,5,0.6219,0.9748,False
Russian,艮卦-dynamic,p,-0.36,18,0.5871,0.9748,False
Russian,坤卦-static,b,-0.357,7,0.6269,0.9748,False
Russian,離卦-static,ɭ,-0.349,7,0.7413,0.9748,False
Russian,乾卦-static,s,0.344,27,0.6816,0.9748,False
Russian,離卦-static,e,-0.335,7,0.7114,0.9748,False
Russian,艮卦-dynamic,ʒ,-0.331,4,0.6169,0.9748,False
Russian,乾卦-static,y,-0.329,10,0.6816,0.9748,False
Russian,艮卦-dynamic,ɡ,-0.325,9,0.6567,0.9748,False
Russian,中卦-static,sʲ,0.322,16,0.597,0.9748,False
Russian,震卦-dynamic,nʲ,-0.322,7,0.6119,0.9748,False
Russian,震卦-dynamic,j,0.314,16,0.6667,0.9748,False
Russian,艮卦-static,d,-0.308,10,0.6866,0.9748,False
Russian,坎卦-static,ɛ,0.305,7,0.5821,0.9748,False
Russian,震卦-dynamic,u,-0.304,18,0.6816,0.9748,False
Russian,艮卦-dynamic,u,-0.303,25,0.6269,0.9748,False
Russian,坤卦-static,v,0.3,16,0.7015,0.9748,False
Russian,坤卦-static,u,-0.296,22,0.6368,0.9748,False
Russian,艮卦-static,e,0.294,22,0.6915,0.9748,False
Russian,離卦-static,vʲ,0.294,3,0.7065,0.9748,False
Russian,乾卦-static,m,-0.293,9,0.7065,0.9748,False
Russian,坎卦-static,j,-0.291,18,0.6816,0.9748,False
Russian,坤卦-dynamic,ʃ,-0.286,11,0.607,0.9748,False
Russian,離卦-dynamic,d,0.277,35,0.6119,0.9748,False
Russian,兌卦-dynamic,kʲ,-0.271,4,0.6169,0.9748,False
Russian,坤卦-static,nʲ,0.268,12,0.6667,0.9748,False
Russian,坤卦-dynamic,f,0.266,10,0.5821,0.9748,False
Russian,兌卦-dynamic,u,-0.265,47,0.592,0.9748,False
Russian,震卦-static,ʒ,-0.264,9,0.592,0.9748,False
Russian,坤卦-static,y,-0.262,14,0.7264,0.9748,False
Russian,震卦-static,bʲ,-0.262,3,0.6119,0.9748,False
Russian,震卦-static,t,0.26,80,0.5871,0.9748,False
Russian,艮卦-static,t͡s,-0.248,5,0.6915,0.9748,False
Russian,震卦-dynamic,k,-0.246,29,0.7214,0.9748,False
Russian,中卦-static,b,-0.241,13,0.6119,0.9748,False
Russian,兌卦-dynamic,ɭʲ,-0.239,20,0.6219,0.9748,False
Russian,震卦-dynamic,d,0.235,11,0.7413,0.9748,False
Russian,艮卦-static,u,-0.232,23,0.7164,0.9748,False
Russian,中卦-static,p,-0.231,29,0.6667,0.9748,False
Russian,坎卦-static,sʲ,0.228,13,0.6866,0.9748,False
Russian,坎卦-static,kʲ,0.224,5,0.6816,0.9748,False
Russian,坎卦-static,j͡a,0.218,11,0.6816,0.9748,False
Russian,艮卦-dynamic,rʲ,0.217,13,0.7264,0.9748,False
Russian,坤卦-dynamic,j͡a,-0.212,10,0.6567,0.9748,False
Russian,艮卦-static,ʒ,-0.211,4,0.7313,0.9748,False
Russian,震卦-static,i,0.209,134,0.6766,0.9748,False
Russian,離卦-dynamic,s,-0.2,69,0.6766,0.9748,False
Russian,離卦-dynamic,z,-0.199,20,0.6269,0.9748,False
Russian,坎卦-static,ʃ,0.194,14,0.6766,0.9748,False
Russian,離卦-dynamic,t͡ʃʲ,0.191,26,0.6617,0.9748,False
Russian,震卦-static,ʑ,-0.19,6,0.6716,0.9748,False
Russian,震卦-static,sʲ,-0.189,16,0.7065,0.9748,False
Russian,坤卦-dynamic,ɭʲ,0.187,21,0.7463,0.9748,False
Russian,震卦-static,y,-0.187,35,0.7313,0.9748,False
Russian,震卦-static,ʃ,0.186,23,0.7114,0.9748,False
Russian,離卦-dynamic,t͡s,0.186,21,0.7164,0.9748,False
Russian,兌卦-dynamic,b,-0.179,17,0.7065,0.9748,False
Russian,震卦-static,s,0.176,80,0.6965,0.9748,False
Russian,坤卦-dynamic,t͡s,-0.171,10,0.7214,0.9748,False
Russian,坎卦-static,vʲ,-0.171,8,0.6766,0.9748,False
Russian,坎卦-static,n,0.167,51,0.7463,0.9748,False
Russian,坎卦-static,rʲ,0.165,16,0.7463,0.9748,False
Russian,中卦-static,ʒ,-0.161,7,0.7214,0.9748,False
Russian,坎卦-static,mʲ,-0.153,6,0.7463,0.9748,False
Russian,兌卦-dynamic,p,0.148,45,0.7463,0.9748,False
Russian,兌卦-dynamic,dʲ,0.14,10,0.7313,0.9748,False
Russian,震卦-static,t͡s,-0.128,14,0.7413,0.9748,False
Russian,震卦-static,k,-0.127,89,0.7463,0.9748,False
Russian,坤卦-dynamic,m,-0.162,24,0.7512,0.9771,False
Russian,艮卦-dynamic,v,-0.125,15,0.7512,0.9771,False
Russian,乾卦-dynamic,n,-0.537,4,0.7562,0.9789,False
Russian,乾卦-dynamic,m,0.51,3,0.7662,0.9789,False
Russian,坎卦-dynamic,k,-0.455,11,0.7612,0.9789,False
Russian,中卦-dynamic,k,-0.372,7,0.7562,0.9789,False
Russian,震卦-dynamic,vʲ,0.225,6,0.7662,0.9789,False
Russian,艮卦-dynamic,pʲ,0.211,5,0.7662,0.9789,False
Russian,乾卦-static,ʃ,-0.2,5,0.7711,0.9789,False
Russian,中卦-static,vʲ,0.185,12,0.7711,0.9789,False
Russian,中卦-static,s,0.165,56,0.7662,0.9789,False
Russian,兌卦-dynamic,d,-0.145,23,0.7612,0.9789,False
Russian,震卦-static,rʲ,0.137,26,0.7711,0.9789,False
Russian,乾卦-static,ʒ,-0.192,3,0.791,0.9833,False
Russian,乾卦-static,mʲ,0.174,4,0.7761,0.9833,False
Russian,坤卦-static,t͡ʃʲ,-0.171,8,0.7861,0.9833,False
Russian,艮卦-static,ɭʲ,-0.161,10,0.7861,0.9833,False
Russian,坤卦-static,ɛ,-0.16,3,0.7861,0.9833,False
Russian,中卦-static,t,0.135,54,0.791,0.9833,False
Russian,離卦-dynamic,f,0.133,13,0.791,0.9833,False
Russian,坤卦-static,f,-0.181,4,0.796,0.9841,False
Russian,坤卦-dynamic,dʲ,-0.145,7,0.796,0.9841,False
Russian,離卦-dynamic,fʲ,0.118,4,0.796,0.9841,False
Russian,震卦-static,ɑ,0.106,85,0.796,0.9841,False
Russian,乾卦-static,o,-0.224,17,0.801,0.9889,False
Russian,坤卦-dynamic,ɡʲ,-0.212,3,0.8159,0.9923,False
Russian,震卦-dynamic,ʌ,0.16,51,0.8159,0.9923,False
Russian,震卦-dynamic,tʲ,0.153,20,0.8109,0.9923,False
Russian,艮卦-static,rʲ,0.143,11,0.8109,0.9923,False
Russian,坎卦-static,ʑ,-0.133,4,0.8159,0.9923,False
Russian,震卦-static,a,-0.131,77,0.8109,0.9923,False
Russian,中卦-static,ɭʲ,0.119,19,0.806,0.9923,False
Russian,坎卦-static,t,0.109,46,0.806,0.9923,False
Russian,兌卦-dynamic,sʲ,-0.105,15,0.8159,0.9923,False
Russian,兌卦-static,t,-0.361,4,0.8259,0.9924,False
Russian,中卦-dynamic,y,0.347,4,0.8259,0.9924,False
Russian,巽卦-static,o,0.335,4,0.8259,0.9924,False
Russian,坎卦-dynamic,nʲ,-0.288,3,0.8209,0.9924,False
Russian,離卦-static,j,-0.269,5,0.8209,0.9924,False
Russian,乾卦-static,nʲ,-0.17,7,0.8209,0.9924,False
Russian,震卦-static,f,0.115,12,0.8259,0.9924,False
Russian,震卦-static,j,-0.103,35,0.8259,0.9924,False
Russian,乾卦-dynamic,k,0.359,7,0.8308,0.9944,False
Russian,震卦-dynamic,x,0.188,4,0.8308,0.9944,False
Russian,離卦-dynamic,ɑ,0.107,91,0.8308,0.9944,False
Russian,乾卦-static,rʲ,0.122,8,0.8358,0.9963,False
Russian,中卦-static,kʲ,-0.121,4,0.8358,0.9963,False
Russian,坎卦-static,a,0.115,51,0.8358,0.9963,False
Russian,巽卦-static,ʌ,-0.498,7,0.8408,0.9984,False
Russian,巽卦-static,u,-0.316,3,0.9104,0.9984,False
Russian,巽卦-static,e,0.29,3,0.8806,0.9984,False
Russian,坎卦-dynamic,u,0.289,10,0.8557,0.9984,False
Russian,巽卦-dynamic,a,0.27,3,0.9154,0.9984,False
Russian,離卦-static,r,0.262,15,0.8607,0.9984,False
Russian,巽卦-dynamic,ɑ,0.251,3,0.9005,0.9984,False
Russian,巽卦-static,i,-0.187,7,0.9403,0.9984,False
Russian,巽卦-dynamic,r,0.183,3,0.9254,0.9984,False
Russian,震卦-dynamic,dʲ,0.175,4,0.8607,0.9984,False
Russian,巽卦-static,ɑ,0.173,5,0.9303,0.9984,False
Russian,乾卦-static,f,-0.171,3,0.8557,0.9984,False
Russian,坎卦-dynamic,i,0.153,19,0.8806,0.9984,False
Russian,乾卦-static,ʑ,0.151,3,0.8507,0.9984,False
Russian,巽卦-dynamic,ʌ,0.15,5,0.9602,0.9984,False
Russian,離卦-static,tʲ,-0.149,7,0.8756,0.9984,False
Russian,中卦-dynamic,ʌ,0.146,13,0.9204,0.9984,False
Russian,巽卦-static,t,-0.141,4,0.9204,0.9984,False
Russian,坎卦-dynamic,ɡ,0.138,4,0.9303,0.9984,False
Russian,中卦-dynamic,e,-0.138,4,0.8856,0.9984,False
Russian,巽卦-dynamic,k,-0.129,3,0.9801,0.9984,False
Russian,艮卦-static,m,0.128,16,0.8507,0.9984,False
Russian,兌卦-dynamic,ʃ,0.111,19,0.8408,0.9984,False
Russian,震卦-dynamic,b,-0.109,7,0.8905,0.9984,False
Russian,巽卦-static,r,0.107,5,0.9353,0.9984,False
Russian,坎卦-static,m,-0.101,20,0.8557,0.9984,False
Russian,艮卦-dynamic,j͡a,0.098,8,0.8657,0.9984,False
Russian,乾卦-static,a,0.094,26,0.9254,0.9984,False
Russian,離卦-dynamic,ɪ,0.093,32,0.8557,0.9984,False
Russian,乾卦-static,j,-0.088,11,0.8955,0.9984,False
Russian,坤卦-dynamic,e,-0.087,35,0.8856,0.9984,False
Russian,艮卦-static,ʑ,-0.086,3,0.9303,0.9984,False
Russian,艮卦-dynamic,ʌ,-0.085,66,0.8657,0.9984,False
Russian,坎卦-static,p,0.084,30,0.8607,0.9984,False
Russian,艮卦-static,j͡a,0.081,7,0.8806,0.9984,False
Russian,坤卦-dynamic,nʲ,-0.079,18,0.8607,0.9984,False
Russian,震卦-static,ɪ,-0.078,27,0.8856,0.9984,False
Russian,坤卦-static,pʲ,0.077,4,0.9303,0.9984,False
Russian,艮卦-static,t,-0.077,30,0.9303,0.9984,False
Russian,震卦-static,mʲ,0.077,12,0.8955,0.9984,False
Russian,坎卦-static,v,0.076,21,0.8756,0.9984,False
Russian,坤卦-static,k,-0.075,38,0.9104,0.9984,False
Russian,震卦-static,b,-0.068,21,0.8955,0.9984,False
Russian,震卦-dynamic,i,-0.068,43,0.9005,0.9984,False
Russian,乾卦-static,x,-0.068,3,0.9204,0.9984,False
Russian,艮卦-dynamic,ɭ,0.065,27,0.9303,0.9984,False
Russian,乾卦-static,sʲ,0.063,6,0.9502,0.9984,False
Russian,艮卦-static,mʲ,0.061,5,0.8856,0.9984,False
Russian,乾卦-static,ɑ,-0.06,25,0.9701,0.9984,False
Russian,乾卦-static,i,-0.059,39,0.9453,0.9984,False
Russian,震卦-static,n,-0.057,77,0.9104,0.9984,False
Russian,艮卦-static,ɑ,-0.055,34,0.9403,0.9984,False
Russian,震卦-static,kʲ,0.055,7,0.8856,0.9984,False
Russian,中卦-static,dʲ,-0.054,7,0.9005,0.9984,False
Russian,震卦-dynamic,ɡ,0.054,9,0.9502,0.9984,False
Russian,中卦-static,m,-0.052,24,0.9055,0.9984,False
Russian,坎卦-dynamic,p,0.051,7,0.9851,0.9984,False
Russian,坎卦-dynamic,t͡ʃʲ,-0.05,3,0.9801,0.9984,False
Russian,坤卦-dynamic,ɑ,0.046,63,0.9552,0.9984,False
Russian,離卦-static,nʲ,-0.046,4,0.9403,0.9984,False
Russian,艮卦-dynamic,ʃ,-0.044,9,0.9602,0.9984,False
Russian,兌卦-static,a,-0.044,5,0.9652,0.9984,False
Russian,乾卦-static,e,0.041,15,0.9353,0.9984,False
Russian,震卦-dynamic,ʃ,0.04,7,0.9602,0.9984,False
Russian,艮卦-static,y,-0.038,16,0.9204,0.9984,False
Russian,坎卦-dynamic,z,-0.037,3,0.9552,0.9984,False
Russian,中卦-static,t͡s,-0.037,11,0.9602,0.9984,False
Russian,中卦-static,ʌ,0.036,101,0.9602,0.9984,False
Russian,巽卦-static,tʲ,0.034,3,0.9801,0.9984,False
Russian,離卦-dynamic,ʑ,0.034,9,0.9602,0.9984,False
Russian,中卦-static,x,-0.031,7,0.9552,0.9984,False
Russian,離卦-dynamic,ɛ,-0.03,9,0.9403,0.9984,False
Russian,坤卦-static,ʃ,-0.029,8,0.9353,0.9984,False
Russian,離卦-dynamic,r,-0.025,89,0.9602,0.9984,False
Russian,震卦-static,x,-0.024,10,0.9552,0.9984,False
Russian,兌卦-dynamic,vʲ,-0.022,13,0.9552,0.9984,False
Russian,艮卦-dynamic,dʲ,0.02,5,0.9801,0.9984,False
Russian,離卦-dynamic,nʲ,0.02,27,0.9701,0.9984,False
Russian,坤卦-static,d,0.019,12,0.9801,0.9984,False
Russian,離卦-dynamic,j͡a,0.019,17,0.9851,0.9984,False
Russian,艮卦-dynamic,s,0.018,35,0.9801,0.9984,False
Russian,中卦-static,ɛ,-0.018,6,0.9801,0.9984,False
Russian,坤卦-dynamic,y,-0.016,29,0.9851,0.9984,False
Russian,兌卦-static,p,0.015,3,0.9851,0.9984,False
Russian,中卦-static,ɭ,-0.013,38,0.9801,0.9984,False
Russian,震卦-dynamic,t,-0.012,25,0.9701,0.9984,False
Russian,離卦-dynamic,mʲ,-0.01,12,0.9851,0.9984,False
Russian,兌卦-dynamic,nʲ,0.01,22,0.9801,0.9984,False
Russian,離卦-static,ɡ,-0.045,4,0.99,0.9995,False
Russian,兌卦-static,ʌ,0.03,9,0.99,0.9995,False
Russian,離卦-static,sʲ,-0.02,3,0.99,0.9995,False
Russian,乾卦-dynamic,u,0.006,4,0.995,0.9995,False
Russian,中卦-static,ɪ,0.005,20,0.995,0.9995,False
Russian,離卦-static,n,0.003,13,0.995,0.9995,False
Russian,兌卦-dynamic,t͡ʃʲ,0.005,19,1.0,1.0,False
Russian,坤卦-dynamic,sʲ,0.003,14,1.0,1.0,False
Spanish,中卦-dynamic,k,3.513,15,0.005,0.291,False
Spanish,中卦-static,e͡ɪ,3.397,4,0.005,0.291,False
Spanish,坎卦-dynamic,t͡ʃ,3.378,5,0.005,0.291,False
Spanish,離卦-static,ɡ,3.263,6,0.005,0.291,False
Spanish,坤卦-static,s,2.712,38,0.005,0.291,False
Spanish,兌卦-dynamic,ɾ,2.544,261,0.005,0.291,False
Spanish,艮卦-static,l,2.476,52,0.005,0.291,False
Spanish,坤卦-dynamic,j,2.004,56,0.005,0.291,False
Spanish,離卦-dynamic,ɾ,1.839,262,0.005,0.291,False
Spanish,震卦-static,s,-1.649,41,0.005,0.291,False
Spanish,兌卦-dynamic,o,-1.482,82,0.005,0.291,False
Spanish,離卦-static,t,2.519,28,0.01,0.3676,False
Spanish,坤卦-dynamic,a͡ʊ,2.063,6,0.01,0.3676,False
Spanish,震卦-dynamic,n,1.863,72,0.01,0.3676,False
Spanish,兌卦-dynamic,a,1.403,265,0.01,0.3676,False
Spanish,離卦-dynamic,f,1.376,34,0.01,0.3676,False
Spanish,兌卦-dynamic,θ,-1.24,17,0.01,0.3676,False
Spanish,坤卦-dynamic,o,1.167,232,0.01,0.3676,False
Spanish,中卦-static,m,2.117,61,0.0149,0.4366,False
Spanish,坤卦-static,e,-1.786,27,0.0149,0.4366,False
Spanish,震卦-dynamic,θ,1.508,30,0.0149,0.4366,False
Spanish,中卦-static,d,1.218,23,0.0149,0.4366,False
Spanish,坤卦-dynamic,l,1.169,88,0.0149,0.4366,False
Spanish,離卦-static,ɛ,2.889,10,0.0199,0.4817,False
Spanish,坤卦-static,a,1.789,84,0.0199,0.4817,False
Spanish,艮卦-static,b,1.653,21,0.0199,0.4817,False
Spanish,震卦-dynamic,o,-1.547,48,0.0199,0.4817,False
Spanish,離卦-dynamic,ɲ,1.395,12,0.0199,0.4817,False
Spanish,乾卦-static,o,1.556,76,0.0249,0.4851,False
Spanish,坤卦-dynamic,e͡ɪ,1.552,3,0.0249,0.4851,False
Spanish,艮卦-dynamic,d,1.47,18,0.0249,0.4851,False
Spanish,艮卦-static,ʎ,1.416,12,0.0249,0.4851,False
Spanish,中卦-static,j,1.378,32,0.0249,0.4851,False
Spanish,坤卦-dynamic,β,1.134,44,0.0249,0.4851,False
Spanish,坤卦-dynamic,ð,1.116,58,0.0299,0.5373,False
Spanish,中卦-dynamic,ʎ,2.55,3,0.0348,0.592,False
Spanish,離卦-static,ŋ,2.436,4,0.0498,0.592,False
Spanish,坎卦-static,a͡ʊ,2.146,4,0.0448,0.592,False
Spanish,艮卦-dynamic,ʝ,1.801,3,0.0398,0.592,False
Spanish,乾卦-static,ʎ,1.623,9,0.0448,0.592,False
Spanish,坤卦-static,θ,-1.54,4,0.0498,0.592,False
Spanish,艮卦-dynamic,e,1.364,104,0.0448,0.592,False
Spanish,震卦-static,t͡ʃ,1.336,19,0.0398,0.592,False
Spanish,震卦-dynamic,d,1.297,18,0.0448,0.592,False
Spanish,艮卦-static,a,1.291,129,0.0498,0.592,False
Spanish,震卦-dynamic,k,-1.291,17,0.0448,0.592,False
Spanish,中卦-static,ð,1.179,41,0.0448,0.592,False
Spanish,兌卦-dynamic,j,-1.109,6,0.0348,0.592,False
Spanish,離卦-dynamic,d,1.074,32,0.0398,0.592,False
Spanish,坤卦-dynamic,ʎ,-1.018,4,0.0498,0.592,False
Spanish,乾卦-dynamic,p,2.817,5,0.0547,0.5974,False
Spanish,乾卦-dynamic,u,2.723,4,0.0547,0.5974,False
Spanish,乾卦-dynamic,r,2.546,5,0.0647,0.5974,False
Spanish,兌卦-static,f,2.486,4,0.0647,0.5974,False
Spanish,中卦-dynamic,w,2.205,3,0.0647,0.5974,False
Spanish,坎卦-dynamic,b,2.002,7,0.0647,0.5974,False
Spanish,乾卦-static,m,1.451,23,0.0597,0.5974,False
Spanish,乾卦-static,l,-1.421,7,0.0597,0.5974,False
Spanish,艮卦-static,e,-1.169,54,0.0597,0.5974,False
Spanish,離卦-dynamic,o,-1.001,122,0.0547,0.5974,False
Spanish,震卦-static,d,0.952,29,0.0647,0.5974,False
Spanish,震卦-static,i,-0.94,57,0.0647,0.5974,False
Spanish,中卦-static,a,-0.938,126,0.0647,0.5974,False
Spanish,坤卦-dynamic,k,-0.885,46,0.0547,0.5974,False
Spanish,震卦-dynamic,e,1.269,109,0.0746,0.6163,False
Spanish,震卦-dynamic,a,1.157,154,0.0746,0.6163,False
Spanish,震卦-static,ɡ,0.981,16,0.0746,0.6163,False
Spanish,坎卦-static,u,0.952,35,0.0746,0.6163,False
Spanish,中卦-static,o,0.918,152,0.0746,0.6163,False
Spanish,離卦-dynamic,l,-0.901,37,0.0746,0.6163,False
Spanish,震卦-static,β,0.899,39,0.0697,0.6163,False
Spanish,兌卦-dynamic,u,-0.759,23,0.0697,0.6163,False
Spanish,乾卦-static,ɲ,1.697,4,0.0796,0.635,False
Spanish,坤卦-static,b,1.52,12,0.0796,0.635,False
Spanish,震卦-static,n,0.839,103,0.0796,0.635,False
Spanish,中卦-dynamic,m,2.287,7,0.0846,0.6525,False
Spanish,乾卦-dynamic,i,2.408,8,0.0896,0.676,False
Spanish,離卦-dynamic,x,-0.757,8,0.0896,0.676,False
Spanish,乾卦-dynamic,a,-2.417,5,0.0995,0.7128,False
Spanish,坤卦-static,ɲ,1.372,3,0.0995,0.7128,False
Spanish,震卦-dynamic,l,-1.06,17,0.0995,0.7128,False
Spanish,震卦-static,ʝ,0.973,4,0.1045,0.7262,False
Spanish,離卦-dynamic,u,-0.763,27,0.1045,0.7262,False
Spanish,巽卦-static,ɛ,1.612,6,0.1095,0.7318,False
Spanish,離卦-dynamic,p,0.76,68,0.1095,0.7318,False
Spanish,乾卦-static,p,-1.282,9,0.1244,0.7505,False
Spanish,乾卦-static,u,-1.166,6,0.1244,0.7505,False
Spanish,震卦-dynamic,u,-0.989,12,0.1294,0.7505,False
Spanish,坎卦-static,ð,0.984,36,0.1244,0.7505,False
Spanish,震卦-dynamic,j,0.98,21,0.1144,0.7505,False
Spanish,艮卦-static,j,-0.959,4,0.1194,0.7505,False
Spanish,艮卦-dynamic,m,-0.959,17,0.1294,0.7505,False
Spanish,震卦-dynamic,ð,0.945,29,0.1294,0.7505,False
Spanish,離卦-dynamic,ʝ,0.892,4,0.1244,0.7505,False
Spanish,離卦-dynamic,r,-0.796,4,0.1244,0.7505,False
Spanish,震卦-static,a͡ʊ,0.794,3,0.1194,0.7505,False
Spanish,離卦-dynamic,i,0.749,115,0.1294,0.7505,False
Spanish,震卦-static,a,0.737,263,0.1194,0.7505,False
Spanish,坤卦-dynamic,e,-0.7,141,0.1194,0.7505,False
Spanish,震卦-static,k,-0.727,50,0.1343,0.7667,False
Spanish,坤卦-dynamic,d,-0.685,9,0.1343,0.7667,False
Spanish,巽卦-dynamic,r,2.731,3,0.1443,0.7791,False
Spanish,坎卦-dynamic,ɾ,1.476,30,0.1443,0.7791,False
Spanish,乾卦-static,n,1.293,36,0.1393,0.7791,False
Spanish,艮卦-dynamic,j,0.886,19,0.1443,0.7791,False
Spanish,離卦-dynamic,ð,-0.757,26,0.1443,0.7791,False
Spanish,離卦-static,o,-1.332,18,0.1542,0.7815,False
Spanish,坤卦-static,o,1.178,60,0.1493,0.7815,False
Spanish,坤卦-static,u,-0.959,6,0.1542,0.7815,False
Spanish,艮卦-static,ŋ,0.9,5,0.1592,0.7815,False
Spanish,艮卦-static,u,-0.819,11,0.1592,0.7815,False
Spanish,中卦-static,θ,0.713,32,0.1592,0.7815,False
Spanish,離卦-dynamic,e,0.675,191,0.1592,0.7815,False
Spanish,坤卦-dynamic,p,-0.663,41,0.1592,0.7815,False
Spanish,震卦-static,b,0.636,31,0.1493,0.7815,False
Spanish,艮卦-static,ð,-0.887,10,0.1692,0.8189,False
Spanish,乾卦-static,a,-1.047,53,0.1741,0.8316,False
Spanish,艮卦-dynamic,θ,0.886,24,0.1741,0.8316,False
Spanish,艮卦-dynamic,k,-0.931,22,0.1841,0.8337,False
Spanish,艮卦-dynamic,o,-0.773,65,0.1841,0.8337,False
Spanish,坎卦-static,t,0.711,68,0.1841,0.8337,False
Spanish,震卦-static,l,0.566,71,0.1841,0.8337,False
Spanish,兌卦-dynamic,ð,-0.697,23,0.1891,0.8453,False
Spanish,坤卦-static,l,-0.955,9,0.194,0.8621,False
Spanish,兌卦-static,ð,1.871,6,0.204,0.8731,False
Spanish,巽卦-static,l,1.367,15,0.199,0.8731,False
Spanish,兌卦-dynamic,l,-0.599,38,0.204,0.8731,False
Spanish,震卦-static,m,0.607,60,0.209,0.889,False
Spanish,乾卦-dynamic,s,1.756,6,0.2886,0.8923,False
Spanish,兌卦-static,p,1.673,7,0.2935,0.8923,False
Spanish,坎卦-dynamic,s,-1.457,6,0.2537,0.8923,False
Spanish,中卦-dynamic,e,1.295,16,0.3383,0.8923,False
Spanish,巽卦-static,n,1.236,19,0.2438,0.8923,False
Spanish,巽卦-static,p,-1.22,5,0.2388,0.8923,False
Spanish,巽卦-static,e,-1.21,20,0.2587,0.8923,False
Spanish,坎卦-dynamic,f,1.209,4,0.3483,0.8923,False
Spanish,巽卦-static,ɾ,-1.164,11,0.2189,0.8923,False
Spanish,巽卦-static,m,-1.152,5,0.2388,0.8923,False
Spanish,巽卦-static,x,1.054,6,0.3085,0.8923,False
Spanish,巽卦-static,d,1.047,5,0.3333,0.8923,False
Spanish,坎卦-dynamic,u,0.974,7,0.3333,0.8923,False
Spanish,坤卦-static,j,0.911,10,0.2388,0.8923,False
Spanish,乾卦-static,β,-0.896,3,0.2239,0.8923,False
Spanish,坤卦-static,ɾ,-0.829,23,0.2338,0.8923,False
Spanish,坤卦-static,t,0.822,28,0.2438,0.8923,False
Spanish,艮卦-static,m,-0.799,16,0.2189,0.8923,False
Spanish,坤卦-static,β,-0.797,3,0.3184,0.8923,False
Spanish,艮卦-static,ɾ,-0.771,40,0.2438,0.8923,False
Spanish,乾卦-static,s,0.732,30,0.3333,0.8923,False
Spanish,坤卦-static,p,0.723,17,0.3333,0.8923,False
Spanish,中卦-static,r,-0.686,5,0.2338,0.8923,False
Spanish,坎卦-static,d,0.679,17,0.2488,0.8923,False
Spanish,中卦-static,f,-0.673,5,0.2338,0.8923,False
Spanish,艮卦-dynamic,f,0.665,12,0.2836,0.8923,False
Spanish,艮卦-static,d,-0.663,4,0.3333,0.8923,False
Spanish,艮卦-dynamic,u,-0.649,14,0.3134,0.8923,False
Spanish,中卦-static,l,0.647,52,0.2239,0.8923,False
Spanish,震卦-static,ð,-0.626,27,0.2438,0.8923,False
Spanish,離卦-dynamic,ʎ,-0.626,8,0.2189,0.8923,False
Spanish,中卦-static,ɣ,-0.625,5,0.2587,0.8923,False
Spanish,坎卦-static,p,-0.619,27,0.2388,0.8923,False
Spanish,震卦-static,ɾ,-0.613,100,0.2189,0.8923,False
Spanish,艮卦-dynamic,w,0.612,10,0.3035,0.8923,False
Spanish,中卦-static,w,0.611,14,0.2836,0.8923,False
Spanish,坎卦-static,w,0.606,13,0.2338,0.8923,False
Spanish,離卦-dynamic,w,-0.604,6,0.2687,0.8923,False
Spanish,中卦-static,ɡ,-0.585,3,0.2886,0.8923,False
Spanish,坎卦-static,s,-0.572,44,0.2736,0.8923,False
Spanish,坎卦-static,i,0.568,69,0.2836,0.8923,False
Spanish,坤卦-dynamic,ɾ,-0.561,106,0.2289,0.8923,False
Spanish,艮卦-static,ɣ,0.557,12,0.3284,0.8923,False
Spanish,坤卦-dynamic,a,-0.553,202,0.2488,0.8923,False
Spanish,兌卦-dynamic,k,-0.542,50,0.2488,0.8923,False
Spanish,坎卦-static,b,-0.535,8,0.3035,0.8923,False
Spanish,震卦-static,u,0.523,46,0.2786,0.8923,False
Spanish,坎卦-static,j,0.514,21,0.3035,0.8923,False
Spanish,兌卦-dynamic,e,-0.506,128,0.2637,0.8923,False
Spanish,震卦-static,e,-0.494,144,0.3333,0.8923,False
Spanish,中卦-static,ɾ,-0.481,77,0.3134,0.8923,False
Spanish,兌卦-dynamic,s,-0.481,61,0.3483,0.8923,False
Spanish,離卦-dynamic,s,-0.473,72,0.3333,0.8923,False
Spanish,離卦-dynamic,b,-0.455,14,0.3234,0.8923,False
Spanish,震卦-static,w,-0.405,8,0.3383,0.8923,False
Spanish,乾卦-static,j,0.767,11,0.3582,0.9013,False
Spanish,艮卦-dynamic,b,-0.672,5,0.3582,0.9013,False
Spanish,兌卦-dynamic,m,0.376,50,0.3582,0.9013,False
Spanish,兌卦-dynamic,n,-0.415,59,0.3632,0.9073,False
Spanish,兌卦-static,u,1.267,5,0.3731,0.9153,False
Spanish,離卦-static,ð,-0.915,4,0.3781,0.9153,False
Spanish,坤卦-static,i,-0.589,18,0.3781,0.9153,False
Spanish,中卦-static,β,-0.459,12,0.3781,0.9153,False
Spanish,中卦-static,p,-0.458,31,0.3781,0.9153,False
Spanish,兌卦-dynamic,f,-0.424,9,0.3731,0.9153,False
Spanish,離卦-static,e,0.859,34,0.3881,0.9203,False
Spanish,艮卦-dynamic,x,-0.493,6,0.3881,0.9203,False
Spanish,坤卦-dynamic,ɣ,-0.408,11,0.3881,0.9203,False
Spanish,離卦-dynamic,m,-0.401,45,0.3881,0.9203,False
Spanish,巽卦-static,o,0.756,34,0.398,0.9221,False
Spanish,坤卦-static,ð,-0.661,7,0.393,0.9221,False
Spanish,離卦-dynamic,a,-0.392,215,0.393,0.9221,False
Spanish,艮卦-static,θ,0.563,19,0.403,0.9245,False
Spanish,艮卦-static,r,-0.461,6,0.403,0.9245,False
Spanish,艮卦-dynamic,t,-0.45,35,0.408,0.9329,False
Spanish,離卦-static,k,0.778,18,0.4129,0.9381,False
Spanish,離卦-dynamic,ɣ,-0.421,11,0.4129,0.9381,False
Spanish,離卦-static,a,-0.828,33,0.4179,0.9403,False
Spanish,乾卦-static,ɡ,0.572,4,0.4179,0.9403,False
Spanish,艮卦-static,x,-0.524,5,0.4229,0.9424,False
Spanish,震卦-static,θ,-0.338,31,0.4229,0.9424,False
Spanish,坎卦-dynamic,o,-0.751,17,0.4279,0.9445,False
Spanish,坤卦-dynamic,t͡ʃ,-0.398,3,0.4279,0.9445,False
Spanish,中卦-dynamic,ɾ,-1.009,6,0.4378,0.9457,False
Spanish,巽卦-static,t,0.715,17,0.4378,0.9457,False
Spanish,乾卦-static,ɾ,-0.664,30,0.4378,0.9457,False
Spanish,震卦-dynamic,t,-0.53,36,0.4378,0.9457,False
Spanish,離卦-dynamic,θ,-0.376,32,0.4378,0.9457,False
Spanish,震卦-dynamic,p,0.435,32,0.4428,0.9535,False
Spanish,震卦-dynamic,r,-0.482,7,0.4478,0.9612,False
Spanish,乾卦-dynamic,e,-1.2,6,0.4627,0.969,False
Spanish,坎卦-dynamic,β,0.833,5,0.4627,0.969,False
Spanish,離卦-static,u,0.763,9,0.4677,0.969,False
Spanish,坎卦-dynamic,t,-0.731,8,0.4776,0.969,False
Spanish,坤卦-static,r,-0.538,3,0.4677,0.969,False
Spanish,坤卦-static,k,0.506,24,0.4726,0.969,False
Spanish,乾卦-static,ð,-0.503,9,0.4776,0.969,False
Spanish,震卦-dynamic,b,-0.48,7,0.4627,0.969,False
Spanish,艮卦-dynamic,i,-0.434,37,0.4776,0.969,False
Spanish,震卦-dynamic,ɡ,-0.408,3,0.4726,0.969,False
Spanish,坎卦-static,k,-0.369,41,0.4627,0.969,False
Spanish,離卦-dynamic,ɛ,-0.363,7,0.4726,0.969,False
Spanish,坤卦-dynamic,r,-0.358,17,0.4726,0.969,False
Spanish,坤卦-dynamic,n,0.349,91,0.4726,0.969,False
Spanish,坤卦-dynamic,b,0.345,27,0.4677,0.969,False
Spanish,艮卦-static,n,-0.437,29,0.4876,0.9807,False
Spanish,坤卦-dynamic,f,0.332,20,0.4876,0.9807,False
Spanish,震卦-static,ɲ,-0.32,3,0.4876,0.9807,False
Spanish,坎卦-static,β,0.356,20,0.4975,0.9894,False
Spanish,艮卦-static,i,-0.449,32,0.5025,0.9909,False
Spanish,坎卦-static,ɛ,-0.406,4,0.5025,0.9909,False
Spanish,兌卦-dynamic,t͡ʃ,0.376,9,0.5025,0.9909,False
Spanish,巽卦-dynamic,e,1.606,6,0.6418,0.9913,False
Spanish,乾卦-dynamic,o,1.086,11,0.5672,0.9913,False
Spanish,兌卦-static,ɣ,0.999,3,0.5473,0.9913,False
Spanish,乾卦-dynamic,l,0.963,4,0.6269,0.9913,False
Spanish,兌卦-static,x,0.954,3,0.597,0.9913,False
Spanish,兌卦-static,s,-0.937,5,0.5224,0.9913,False
Spanish,兌卦-static,i,0.935,10,0.6468,0.9913,False
Spanish,巽卦-dynamic,o,0.9,6,0.796,0.9913,False
Spanish,兌卦-static,m,-0.889,3,0.5522,0.9913,False
Spanish,兌卦-static,t,-0.834,5,0.6219,0.9913,False
Spanish,中卦-dynamic,o,-0.801,10,0.5522,0.9913,False
Spanish,坎卦-dynamic,l,-0.792,5,0.5124,0.9913,False
Spanish,中卦-dynamic,p,-0.777,3,0.5075,0.9913,False
Spanish,中卦-dynamic,ð,0.767,4,0.5771,0.9913,False
Spanish,坎卦-dynamic,m,-0.694,5,0.5323,0.9913,False
Spanish,乾卦-static,ŋ,0.673,3,0.597,0.9913,False
Spanish,巽卦-dynamic,ɾ,0.648,5,0.806,0.9913,False
Spanish,坎卦-dynamic,r,0.64,6,0.5721,0.9913,False
Spanish,坎卦-dynamic,i,0.639,14,0.5771,0.9913,False
Spanish,巽卦-static,ð,0.631,8,0.592,0.9913,False
Spanish,乾卦-dynamic,ɾ,-0.6,5,0.7413,0.9913,False
Spanish,離卦-static,θ,-0.591,5,0.5871,0.9913,False
Spanish,離卦-static,f,0.546,4,0.6517,0.9913,False
Spanish,離卦-static,n,0.534,17,0.6169,0.9913,False
Spanish,坎卦-dynamic,e,-0.49,19,0.6716,0.9913,False
Spanish,乾卦-static,b,-0.481,4,0.5373,0.9913,False
Spanish,離卦-static,j,-0.467,3,0.6866,0.9913,False
Spanish,乾卦-static,f,-0.457,3,0.5522,0.9913,False
Spanish,兌卦-static,l,-0.454,4,0.8109,0.9913,False
Spanish,乾卦-static,e,0.442,54,0.5821,0.9913,False
Spanish,坎卦-dynamic,ð,-0.429,4,0.7214,0.9913,False
Spanish,離卦-static,i,0.426,18,0.7114,0.9913,False
Spanish,離卦-static,p,-0.416,8,0.6716,0.9913,False
Spanish,巽卦-static,k,-0.413,10,0.6866,0.9913,False
Spanish,乾卦-static,k,0.404,27,0.6169,0.9913,False
Spanish,巽卦-static,θ,-0.401,5,0.6866,0.9913,False
Spanish,震卦-dynamic,i,-0.397,40,0.5075,0.9913,False
Spanish,震卦-dynamic,ɣ,-0.386,6,0.5572,0.9913,False
Spanish,乾卦-static,i,-0.384,23,0.7015,0.9913,False
Spanish,巽卦-static,ɣ,0.382,4,0.7164,0.9913,False
Spanish,巽卦-static,β,-0.381,3,0.6915,0.9913,False
Spanish,中卦-dynamic,s,0.373,7,0.7711,0.9913,False
Spanish,坎卦-static,ŋ,0.366,5,0.5323,0.9913,False
Spanish,艮卦-static,o,0.363,82,0.5871,0.9913,False
Spanish,艮卦-static,ɡ,0.356,5,0.5323,0.9913,False
Spanish,中卦-static,x,-0.351,10,0.5373,0.9913,False
Spanish,震卦-dynamic,w,0.348,9,0.5771,0.9913,False
Spanish,艮卦-dynamic,n,0.345,45,0.5423,0.9913,False
Spanish,艮卦-dynamic,ɣ,-0.344,6,0.607,0.9913,False
Spanish,坎卦-dynamic,n,-0.344,9,0.7612,0.9913,False
Spanish,震卦-dynamic,f,-0.344,6,0.5423,0.9913,False
Spanish,坎卦-dynamic,a,0.343,32,0.6915,0.9913,False
Spanish,坎卦-dynamic,p,-0.343,6,0.7114,0.9913,False
Spanish,艮卦-dynamic,ð,0.335,22,0.602,0.9913,False
Spanish,中卦-dynamic,i,-0.335,6,0.8308,0.9913,False
Spanish,坎卦-static,a,-0.333,138,0.5771,0.9913,False
Spanish,巽卦-static,i,0.329,16,0.7711,0.9913,False
Spanish,中卦-static,n,-0.327,49,0.5323,0.9913,False
Spanish,離卦-static,m,-0.322,8,0.6965,0.9913,False
Spanish,震卦-dynamic,m,-0.316,24,0.5572,0.9913,False
Spanish,坎卦-static,e,0.313,113,0.597,0.9913,False
Spanish,中卦-static,s,0.31,62,0.5274,0.9913,False
Spanish,兌卦-static,e,-0.308,13,0.806,0.9913,False
Spanish,坎卦-static,r,-0.305,12,0.5473,0.9913,False
Spanish,兌卦-dynamic,d,-0.305,12,0.5224,0.9913,False
Spanish,乾卦-static,t,0.297,28,0.6617,0.9913,False
Spanish,坎卦-static,o,-0.291,101,0.5721,0.9913,False
Spanish,震卦-dynamic,ɾ,0.291,84,0.6318,0.9913,False
Spanish,艮卦-dynamic,s,0.289,44,0.6617,0.9913,False
Spanish,坎卦-static,x,0.288,16,0.6368,0.9913,False
Spanish,乾卦-static,ɣ,-0.278,4,0.7164,0.9913,False
Spanish,震卦-static,j,0.276,28,0.5274,0.9913,False
Spanish,中卦-dynamic,l,-0.273,4,0.8607,0.9913,False
Spanish,乾卦-static,ɛ,0.271,5,0.7264,0.9913,False
Spanish,坎卦-static,m,-0.265,30,0.6418,0.9913,False
Spanish,震卦-dynamic,ʎ,-0.264,6,0.7164,0.9913,False
Spanish,艮卦-static,t͡ʃ,0.262,4,0.597,0.9913,False
Spanish,兌卦-dynamic,p,0.261,50,0.5622,0.9913,False
Spanish,乾卦-static,r,-0.26,6,0.7562,0.9913,False
Spanish,中卦-static,u,-0.258,24,0.6269,0.9913,False
Spanish,離卦-dynamic,ɡ,-0.258,7,0.5522,0.9913,False
Spanish,坎卦-static,ɡ,0.257,7,0.5672,0.9913,False
Spanish,離卦-dynamic,n,0.253,90,0.5721,0.9913,False
Spanish,兌卦-dynamic,ʎ,-0.25,10,0.607,0.9913,False
Spanish,巽卦-dynamic,a,-0.247,6,0.9204,0.9913,False
Spanish,艮卦-static,β,-0.245,9,0.7313,0.9913,False
Spanish,坤卦-static,ʎ,-0.239,3,0.796,0.9913,False
Spanish,中卦-dynamic,t,0.229,7,0.8905,0.9913,False
Spanish,坤卦-static,n,-0.226,19,0.7164,0.9913,False
Spanish,艮卦-static,k,0.225,36,0.7313,0.9913,False
Spanish,兌卦-dynamic,ŋ,-0.225,3,0.6816,0.9913,False
Spanish,艮卦-dynamic,ʎ,0.223,8,0.7413,0.9913,False
Spanish,坎卦-static,n,0.206,56,0.7114,0.9913,False
Spanish,乾卦-dynamic,k,0.204,4,0.8905,0.9913,False
Spanish,坤卦-dynamic,s,-0.203,77,0.6418,0.9913,False
Spanish,離卦-dynamic,t,0.201,92,0.6915,0.9913,False
Spanish,坤卦-dynamic,u,0.199,42,0.6617,0.9913,False
Spanish,艮卦-dynamic,β,0.196,14,0.7264,0.9913,False
Spanish,兌卦-dynamic,r,-0.194,19,0.7164,0.9913,False
Spanish,乾卦-static,x,0.193,7,0.8159,0.9913,False
Spanish,震卦-dynamic,x,-0.186,9,0.7015,0.9913,False
Spanish,坤卦-static,m,0.185,14,0.8109,0.9913,False
Spanish,坎卦-dynamic,θ,0.185,5,0.8856,0.9913,False
Spanish,中卦-dynamic,θ,0.185,3,0.8955,0.9913,False
Spanish,坎卦-static,θ,-0.176,22,0.7562,0.9913,False
Spanish,兌卦-dynamic,b,0.176,21,0.7164,0.9913,False
Spanish,乾卦-static,d,0.174,6,0.8259,0.9913,False
Spanish,坎卦-dynamic,k,-0.172,9,0.796,0.9913,False
Spanish,兌卦-static,ɾ,-0.172,11,0.9502,0.9913,False
Spanish,坤卦-dynamic,t,-0.171,79,0.796,0.9913,False
Spanish,坤卦-dynamic,m,0.169,54,0.6866,0.9913,False
Spanish,坤卦-dynamic,w,-0.169,11,0.7264,0.9913,False
Spanish,離卦-static,ɾ,-0.168,23,0.8905,0.9913,False
Spanish,艮卦-dynamic,ɾ,0.164,75,0.801,0.9913,False
Spanish,中卦-static,t,-0.162,55,0.7612,0.9913,False
Spanish,離卦-dynamic,k,-0.161,72,0.7363,0.9913,False
Spanish,震卦-static,o,0.16,175,0.7114,0.9913,False
Spanish,中卦-static,i,0.158,65,0.796,0.9913,False
Spanish,艮卦-dynamic,r,0.156,16,0.7811,0.9913,False
Spanish,震卦-static,x,0.154,22,0.8109,0.9913,False
Spanish,離卦-static,l,0.149,11,0.8607,0.9913,False
Spanish,艮卦-static,f,-0.145,6,0.8408,0.9913,False
Spanish,離卦-dynamic,β,0.145,28,0.7463,0.9913,False
Spanish,兌卦-static,k,-0.142,6,0.9204,0.9913,False
Spanish,艮卦-static,t,0.138,38,0.8209,0.9913,False
Spanish,艮卦-dynamic,a,0.135,118,0.8308,0.9913,False
Spanish,坤卦-static,w,-0.115,3,0.8806,0.9913,False
Spanish,震卦-dynamic,t͡ʃ,-0.115,3,0.8706,0.9913,False
Spanish,兌卦-dynamic,ɣ,-0.114,14,0.791,0.9913,False
Spanish,巽卦-static,r,0.112,5,0.9254,0.9913,False
Spanish,兌卦-static,a,-0.112,19,0.9353,0.9913,False
Spanish,坤卦-dynamic,ɡ,-0.11,8,0.791,0.9913,False
Spanish,兌卦-static,o,-0.105,14,0.9602,0.9913,False
Spanish,兌卦-dynamic,x,-0.103,16,0.8657,0.9913,False
Spanish,震卦-static,r,-0.101,24,0.796,0.9913,False
Spanish,巽卦-static,u,-0.099,6,0.9353,0.9913,False
Spanish,中卦-static,k,0.099,55,0.8308,0.9913,False
Spanish,離卦-static,s,-0.098,14,0.9353,0.9913,False
Spanish,坤卦-dynamic,ɛ,-0.093,11,0.8159,0.9913,False
Spanish,兌卦-dynamic,β,0.09,23,0.8259,0.9913,False
Spanish,兌卦-static,n,0.083,7,0.9652,0.9913,False
Spanish,震卦-static,ɣ,0.08,19,0.8607,0.9913,False
Spanish,兌卦-dynamic,i,0.075,79,0.8905,0.9913,False
Spanish,艮卦-dynamic,l,0.073,30,0.9154,0.9913,False
Spanish,震卦-static,t,0.073,84,0.9254,0.9913,False
Spanish,坎卦-static,ɾ,0.069,94,0.8955,0.9913,False
Spanish,艮卦-static,s,0.068,36,0.9204,0.9913,False
Spanish,震卦-dynamic,s,0.067,44,0.9055,0.9913,False
Spanish,坎卦-static,l,-0.06,37,0.9104,0.9913,False
Spanish,中卦-static,ɛ,-0.058,8,0.9403,0.9913,False
Spanish,坤卦-dynamic,x,0.055,21,0.9254,0.9913,False
Spanish,巽卦-static,s,-0.055,13,0.9403,0.9913,False
Spanish,離卦-static,d,-0.052,3,0.9453,0.9913,False
Spanish,兌卦-dynamic,ɡ,0.048,8,0.9303,0.9913,False
Spanish,震卦-static,ʎ,0.042,14,0.9204,0.9913,False
Spanish,坤卦-dynamic,θ,0.041,37,0.9403,0.9913,False
Spanish,中卦-static,e,0.04,115,0.9552,0.9913,False
Spanish,兌卦-dynamic,t,0.039,74,0.9154,0.9913,False
Spanish,巽卦-static,a,-0.036,37,0.9701,0.9913,False
Spanish,震卦-static,f,-0.029,15,0.9502,0.9913,False
Spanish,艮卦-static,p,0.026,23,0.9652,0.9913,False
Spanish,坎卦-static,ɣ,0.026,12,0.9701,0.9913,False
Spanish,震卦-dynamic,β,-0.019,13,0.9701,0.9913,False
Spanish,兌卦-dynamic,ɲ,-0.018,4,0.9701,0.9913,False
Spanish,中卦-dynamic,a,0.048,18,0.9801,0.9928,False
Spanish,乾卦-dynamic,t,-0.042,4,0.9801,0.9928,False
Spanish,震卦-static,p,0.027,52,0.9801,0.9928,False
Spanish,中卦-static,b,0.021,15,0.9751,0.9928,False
Spanish,艮卦-dynamic,ɛ,-0.02,6,0.9801,0.9928,False
Spanish,坤卦-dynamic,i,0.012,89,0.9851,0.995,False
Spanish,艮卦-dynamic,p,-0.022,26,0.995,0.9979,False
Spanish,震卦-static,ɛ,-0.007,12,0.995,0.9979,False
Spanish,離卦-dynamic,j,0.005,25,0.995,0.9979,False
Spanish,乾卦-static,θ,0.005,11,1.0,1.0,False
Swahili,坎卦-dynamic,ŋ,2.931,13,0.005,0.2687,False
Swahili,震卦-dynamic,e,2.558,67,0.005,0.2687,False
Swahili,中卦-static,w,2.552,68,0.005,0.2687,False
Swahili,坎卦-dynamic,ɡ,2.252,16,0.005,0.2687,False
Swahili,震卦-dynamic,l,2.013,32,0.005,0.2687,False
Swahili,坤卦-dynamic,h,1.706,26,0.005,0.2687,False
Swahili,兌卦-dynamic,p,1.686,43,0.005,0.2687,False
Swahili,坎卦-static,m,1.611,114,0.005,0.2687,False
Swahili,兌卦-dynamic,k,1.468,126,0.005,0.2687,False
Swahili,震卦-static,a,-1.297,165,0.005,0.2687,False
Swahili,乾卦-static,ð,3.336,3,0.01,0.2985,False
Swahili,乾卦-static,ɲ,2.662,9,0.01,0.2985,False
Swahili,乾卦-static,h,2.235,8,0.01,0.2985,False
Swahili,坤卦-static,f,2.128,22,0.01,0.2985,False
Swahili,坤卦-static,s,1.818,23,0.01,0.2985,False
Swahili,坤卦-dynamic,l,1.607,50,0.01,0.2985,False
Swahili,震卦-static,n,1.429,75,0.01,0.2985,False
Swahili,坤卦-dynamic,b,1.303,51,0.01,0.2985,False
Swahili,中卦-static,θ,3.143,4,0.0149,0.3224,False
Swahili,中卦-static,n,1.419,64,0.0149,0.3224,False
Swahili,離卦-dynamic,h,1.04,26,0.0149,0.3224,False
Swahili,艮卦-dynamic,i,-0.969,105,0.0149,0.3224,False
Swahili,艮卦-dynamic,ʃ,1.44,26,0.0199,0.398,False
Swahili,離卦-dynamic,a,0.831,301,0.0199,0.398,False
Swahili,艮卦-static,t,1.403,21,0.0249,0.4632,False
Swahili,震卦-dynamic,z,1.187,16,0.0249,0.4632,False
Swahili,離卦-dynamic,ʃ,1.09,28,0.0299,0.5373,False
Swahili,艮卦-static,m,-1.448,11,0.0348,0.5531,False
Swahili,震卦-static,o,1.001,108,0.0348,0.5531,False
Swahili,坤卦-static,j,2.017,9,0.0398,0.597,False
Swahili,中卦-static,k,-1.004,47,0.0398,0.597,False
Swahili,兌卦-static,f,2.848,3,0.0597,0.6066,False
Swahili,兌卦-static,o,2.83,7,0.0498,0.6066,False
Swahili,乾卦-dynamic,s,2.82,4,0.0697,0.6066,False
Swahili,巽卦-dynamic,ɟ,2.766,3,0.0697,0.6066,False
Swahili,中卦-dynamic,r,2.76,3,0.0697,0.6066,False
Swahili,離卦-dynamic,θ,1.783,3,0.0697,0.6066,False
Swahili,乾卦-static,r,1.576,13,0.0597,0.6066,False
Swahili,艮卦-static,w,-1.155,3,0.0647,0.6066,False
Swahili,坤卦-static,t,1.013,19,0.0697,0.6066,False
Swahili,艮卦-dynamic,ɟ,-0.98,5,0.0448,0.6066,False
Swahili,艮卦-dynamic,e,0.931,77,0.0498,0.6066,False
Swahili,坎卦-static,ɡ,0.93,40,0.0597,0.6066,False
Swahili,震卦-dynamic,w,-0.915,6,0.0647,0.6066,False
Swahili,坎卦-static,o,0.914,80,0.0498,0.6066,False
Swahili,兌卦-dynamic,a,0.911,274,0.0547,0.6066,False
Swahili,中卦-static,t͡ʃ,-0.897,5,0.0647,0.6066,False
Swahili,兌卦-dynamic,ɟ,-0.83,9,0.0448,0.6066,False
Swahili,中卦-static,a,0.825,252,0.0498,0.6066,False
Swahili,坎卦-static,n,0.823,49,0.0647,0.6066,False
Swahili,離卦-dynamic,z,0.798,33,0.0697,0.6066,False
Swahili,巽卦-dynamic,u,2.913,10,0.0746,0.6106,False
Swahili,坤卦-dynamic,t͡ʃ,-0.798,6,0.0746,0.6106,False
Swahili,兌卦-dynamic,ɲ,-0.797,6,0.0746,0.6106,False
Swahili,中卦-static,ð,1.216,6,0.0796,0.6141,False
Swahili,離卦-dynamic,ð,1.175,7,0.0796,0.6141,False
Swahili,艮卦-static,j,1.107,6,0.0796,0.6141,False
Swahili,艮卦-static,d,1.019,17,0.0796,0.6141,False
Swahili,坎卦-dynamic,e,-1.219,4,0.0846,0.6172,False
Swahili,離卦-dynamic,ŋ,0.825,32,0.0846,0.6172,False
Swahili,離卦-dynamic,m,-0.735,62,0.0846,0.6172,False
Swahili,巽卦-static,d,2.091,3,0.0945,0.6225,False
Swahili,離卦-static,ɟ,1.994,4,0.0945,0.6225,False
Swahili,坎卦-dynamic,m,-1.286,8,0.0945,0.6225,False
Swahili,坤卦-static,a,1.019,102,0.0896,0.6225,False
Swahili,坤卦-static,n,0.946,22,0.0945,0.6225,False
Swahili,坤卦-dynamic,j,0.926,13,0.0896,0.6225,False
Swahili,坤卦-dynamic,f,-0.772,6,0.0945,0.6225,False
Swahili,坎卦-dynamic,u,1.211,40,0.0995,0.6397,False
Swahili,兌卦-dynamic,u,0.714,152,0.0995,0.6397,False
Swahili,巽卦-static,t͡ʃ,2.525,3,0.1045,0.6411,False
Swahili,震卦-dynamic,u,-0.889,24,0.1045,0.6411,False
Swahili,坤卦-dynamic,i,0.748,169,0.1045,0.6411,False
Swahili,震卦-static,f,-0.663,10,0.1045,0.6411,False
Swahili,巽卦-static,i,2.183,12,0.1244,0.6521,False
Swahili,坎卦-dynamic,w,1.004,10,0.1095,0.6521,False
Swahili,震卦-dynamic,t,0.929,24,0.1095,0.6521,False
Swahili,坤卦-static,b,0.884,19,0.1194,0.6521,False
Swahili,艮卦-static,ŋ,0.803,10,0.1194,0.6521,False
Swahili,艮卦-dynamic,f,-0.724,7,0.1194,0.6521,False
Swahili,坎卦-static,h,-0.683,3,0.1194,0.6521,False
Swahili,中卦-static,t,0.68,43,0.1244,0.6521,False
Swahili,坤卦-dynamic,ɟ,-0.643,11,0.1144,0.6521,False
Swahili,兌卦-dynamic,r,-0.636,23,0.1244,0.6521,False
Swahili,兌卦-dynamic,m,-0.633,59,0.1194,0.6521,False
Swahili,坤卦-dynamic,w,-0.615,15,0.1144,0.6521,False
Swahili,乾卦-static,k,-1.285,9,0.1294,0.6553,False
Swahili,坤卦-dynamic,ɣ,1.19,3,0.1493,0.6553,False
Swahili,乾卦-static,m,1.156,26,0.1493,0.6553,False
Swahili,坎卦-dynamic,i,-1.091,25,0.1393,0.6553,False
Swahili,艮卦-static,ɡ,0.813,16,0.1493,0.6553,False
Swahili,震卦-dynamic,d,-0.755,8,0.1493,0.6553,False
Swahili,坤卦-dynamic,n,-0.733,27,0.1493,0.6553,False
Swahili,艮卦-dynamic,k,0.687,89,0.1343,0.6553,False
Swahili,坎卦-static,ŋ,0.657,22,0.1393,0.6553,False
Swahili,中卦-static,s,0.626,38,0.1493,0.6553,False
Swahili,震卦-static,z,0.599,30,0.1393,0.6553,False
Swahili,艮卦-dynamic,b,0.572,40,0.1493,0.6553,False
Swahili,兌卦-dynamic,l,0.568,39,0.1493,0.6553,False
Swahili,中卦-static,ɟ,-0.556,14,0.1443,0.6553,False
Swahili,震卦-static,m,0.556,109,0.1443,0.6553,False
Swahili,艮卦-dynamic,n,-0.733,28,0.1542,0.6558,False
Swahili,坤卦-dynamic,s,0.618,34,0.1542,0.6558,False
Swahili,離卦-dynamic,ɲ,-0.597,9,0.1542,0.6558,False
Swahili,坎卦-static,k,-0.623,52,0.1592,0.6664,False
Swahili,坎卦-dynamic,k,0.949,24,0.1642,0.6716,False
Swahili,震卦-static,r,-0.536,27,0.1642,0.6716,False
Swahili,坎卦-static,t͡ʃ,-0.6,9,0.1741,0.6863,False
Swahili,兌卦-dynamic,ŋ,-0.512,9,0.1741,0.6863,False
Swahili,震卦-dynamic,i,-0.794,61,0.1791,0.6908,False
Swahili,坤卦-dynamic,a,-0.526,163,0.1791,0.6908,False
Swahili,兌卦-dynamic,w,-0.548,19,0.1841,0.7,False
Swahili,艮卦-static,o,0.658,30,0.1891,0.7041,False
Swahili,中卦-static,o,-0.532,35,0.1891,0.7041,False
Swahili,兌卦-static,a,-2.24,4,0.2239,0.7112,False
Swahili,中卦-dynamic,a,2.206,13,0.204,0.7112,False
Swahili,乾卦-static,i,0.995,46,0.204,0.7112,False
Swahili,乾卦-static,e,0.916,19,0.204,0.7112,False
Swahili,坤卦-static,e,-0.77,12,0.2239,0.7112,False
Swahili,艮卦-static,t͡ʃ,-0.722,3,0.204,0.7112,False
Swahili,艮卦-static,r,0.696,16,0.199,0.7112,False
Swahili,震卦-dynamic,ɟ,-0.662,6,0.2189,0.7112,False
Swahili,艮卦-static,z,-0.637,5,0.2139,0.7112,False
Swahili,坤卦-dynamic,m,0.598,85,0.194,0.7112,False
Swahili,中卦-static,h,0.592,17,0.2189,0.7112,False
Swahili,坤卦-dynamic,t,-0.565,19,0.209,0.7112,False
Swahili,離卦-dynamic,n,0.551,60,0.2189,0.7112,False
Swahili,坎卦-static,e,-0.539,34,0.2239,0.7112,False
Swahili,中卦-static,ɡ,-0.524,18,0.2139,0.7112,False
Swahili,坤卦-dynamic,r,-0.518,21,0.209,0.7112,False
Swahili,艮卦-dynamic,h,0.508,15,0.199,0.7112,False
Swahili,離卦-dynamic,t͡ʃ,-0.498,14,0.204,0.7112,False
Swahili,離卦-dynamic,e,-0.489,47,0.2189,0.7112,False
Swahili,坤卦-dynamic,ɡ,-0.474,17,0.2239,0.7112,False
Swahili,兌卦-dynamic,t,0.524,43,0.2289,0.7185,False
Swahili,兌卦-dynamic,o,-0.492,39,0.2338,0.7257,False
Swahili,坤卦-dynamic,k,-0.47,56,0.2338,0.7257,False
Swahili,巽卦-dynamic,k,2.107,5,0.2388,0.7313,False
Swahili,坎卦-dynamic,t,-0.791,4,0.2438,0.7313,False
Swahili,艮卦-static,a,-0.599,67,0.2438,0.7313,False
Swahili,坤卦-dynamic,d,-0.498,18,0.2438,0.7313,False
Swahili,坤卦-dynamic,ɲ,-0.455,8,0.2388,0.7313,False
Swahili,兌卦-static,i,-1.965,3,0.2537,0.7314,False
Swahili,離卦-static,n,1.548,4,0.2488,0.7314,False
Swahili,乾卦-static,ɟ,0.665,9,0.2537,0.7314,False
Swahili,震卦-dynamic,ŋ,0.596,12,0.2587,0.7314,False
Swahili,坎卦-static,f,-0.577,9,0.2587,0.7314,False
Swahili,中卦-static,u,-0.574,66,0.2587,0.7314,False
Swahili,震卦-static,t,0.473,46,0.2537,0.7314,False
Swahili,離卦-dynamic,r,-0.458,29,0.2537,0.7314,False
Swahili,艮卦-dynamic,j,0.456,10,0.2587,0.7314,False
Swahili,兌卦-dynamic,ʃ,0.418,16,0.2587,0.7314,False
Swahili,兌卦-static,b,1.946,3,0.3035,0.7349,False
Swahili,巽卦-static,b,1.621,3,0.2935,0.7349,False
Swahili,離卦-static,w,1.411,3,0.2786,0.7349,False
Swahili,乾卦-static,ɡ,-0.8,3,0.2736,0.7349,False
Swahili,乾卦-static,t,0.695,10,0.3035,0.7349,False
Swahili,坎卦-dynamic,a,0.685,57,0.3035,0.7349,False
Swahili,坤卦-static,o,-0.644,12,0.3035,0.7349,False
Swahili,震卦-dynamic,p,0.61,13,0.2985,0.7349,False
Swahili,坤卦-static,z,0.602,10,0.2886,0.7349,False
Swahili,震卦-dynamic,j,0.595,6,0.3035,0.7349,False
Swahili,坤卦-static,l,-0.575,6,0.2786,0.7349,False
Swahili,艮卦-static,i,0.57,68,0.2736,0.7349,False
Swahili,艮卦-static,k,-0.517,23,0.2935,0.7349,False
Swahili,坎卦-static,i,-0.516,119,0.2736,0.7349,False
Swahili,艮卦-dynamic,t,0.493,37,0.2985,0.7349,False
Swahili,離卦-dynamic,v,-0.469,8,0.2985,0.7349,False
Swahili,兌卦-dynamic,i,-0.466,144,0.2637,0.7349,False
Swahili,艮卦-dynamic,p,0.46,22,0.2985,0.7349,False
Swahili,坎卦-static,p,-0.458,10,0.2736,0.7349,False
Swahili,中卦-static,v,-0.449,7,0.2985,0.7349,False
Swahili,震卦-static,l,-0.437,21,0.2687,0.7349,False
Swahili,兌卦-dynamic,s,-0.409,21,0.2637,0.7349,False
Swahili,震卦-static,s,-0.408,23,0.2935,0.7349,False
Swahili,震卦-static,ɲ,-0.403,11,0.2985,0.7349,False
Swahili,離卦-dynamic,p,0.388,27,0.2886,0.7349,False
Swahili,震卦-static,e,0.381,77,0.2836,0.7349,False
Swahili,坤卦-static,p,-0.522,4,0.3184,0.7608,False
Swahili,坤卦-static,ɟ,-0.487,6,0.3184,0.7608,False
Swahili,兌卦-dynamic,h,-0.383,7,0.3184,0.7608,False
Swahili,乾卦-static,u,-0.739,13,0.3234,0.7693,False
Swahili,艮卦-static,ɲ,-0.554,3,0.3383,0.7841,False
Swahili,兌卦-dynamic,e,-0.399,45,0.3383,0.7841,False
Swahili,離卦-dynamic,d,-0.391,26,0.3383,0.7841,False
Swahili,兌卦-dynamic,t͡ʃ,-0.362,15,0.3333,0.7841,False
Swahili,兌卦-dynamic,d,-0.35,24,0.3383,0.7841,False
Swahili,離卦-dynamic,ɟ,-0.339,22,0.3433,0.7922,False
Swahili,離卦-static,d,1.288,3,0.3632,0.8038,False
Swahili,離卦-static,o,1.178,6,0.3532,0.8038,False
Swahili,坎卦-dynamic,p,0.618,6,0.3632,0.8038,False
Swahili,坎卦-static,ʃ,-0.414,4,0.3582,0.8038,False
Swahili,坤卦-dynamic,z,0.371,21,0.3632,0.8038,False
Swahili,離卦-dynamic,o,-0.37,49,0.3582,0.8038,False
Swahili,震卦-static,i,-0.36,163,0.3582,0.8038,False
Swahili,艮卦-static,n,-0.453,13,0.3781,0.807,False
Swahili,震卦-static,ð,0.432,4,0.3781,0.807,False
Swahili,兌卦-dynamic,b,-0.36,27,0.3731,0.807,False
Swahili,震卦-static,ɡ,0.317,39,0.3781,0.807,False
Swahili,坎卦-dynamic,o,-0.55,8,0.3831,0.8112,False
Swahili,艮卦-static,p,0.479,9,0.3881,0.8186,False
Swahili,離卦-dynamic,l,-0.366,23,0.393,0.8226,False
Swahili,兌卦-dynamic,n,-0.323,39,0.393,0.8226,False
Swahili,中卦-static,e,-0.37,43,0.403,0.837,False
Swahili,震卦-dynamic,n,-0.386,18,0.408,0.8408,False
Swahili,中卦-static,r,0.35,37,0.408,0.8408,False
Swahili,艮卦-dynamic,w,0.341,30,0.4129,0.8446,False
Swahili,坎卦-static,t,0.325,33,0.4129,0.8446,False
Swahili,乾卦-dynamic,l,1.714,3,0.4179,0.8452,False
Swahili,艮卦-dynamic,z,-0.354,15,0.4179,0.8452,False
Swahili,坤卦-dynamic,ʃ,-0.326,5,0.4179,0.8452,False
Swahili,乾卦-static,o,-0.659,7,0.4229,0.8458,False
Swahili,坎卦-dynamic,f,0.587,7,0.4229,0.8458,False
Swahili,離卦-dynamic,w,0.32,38,0.4279,0.8494,False
Swahili,震卦-static,u,0.334,140,0.4328,0.8499,False
Swahili,離卦-dynamic,t,0.332,44,0.4328,0.8499,False
Swahili,中卦-static,ɲ,-0.342,10,0.4378,0.8566,False
Swahili,兌卦-static,k,1.362,5,0.4776,0.8604,False
Swahili,乾卦-dynamic,i,1.277,11,0.4826,0.8604,False
Swahili,兌卦-static,e,1.236,4,0.4627,0.8604,False
Swahili,離卦-static,t,1.052,3,0.4577,0.8604,False
Swahili,乾卦-static,w,0.49,8,0.4776,0.8604,False
Swahili,坎卦-dynamic,n,-0.461,8,0.4826,0.8604,False
Swahili,坤卦-static,i,0.444,68,0.4478,0.8604,False
Swahili,坤卦-static,r,-0.37,10,0.4826,0.8604,False
Swahili,震卦-dynamic,f,-0.357,7,0.4677,0.8604,False
Swahili,坎卦-static,s,-0.324,19,0.4527,0.8604,False
Swahili,坎卦-static,v,-0.318,8,0.4876,0.8604,False
Swahili,中卦-static,d,-0.318,23,0.4478,0.8604,False
Swahili,坤卦-dynamic,ŋ,-0.315,10,0.4478,0.8604,False
Swahili,艮卦-dynamic,r,-0.298,25,0.4776,0.8604,False
Swahili,兌卦-dynamic,f,-0.29,16,0.4527,0.8604,False
Swahili,坎卦-static,a,-0.289,174,0.4876,0.8604,False
Swahili,兌卦-dynamic,z,0.28,24,0.4428,0.8604,False
Swahili,中卦-static,b,-0.269,27,0.4478,0.8604,False
Swahili,震卦-static,p,0.233,24,0.4925,0.8635,False
Swahili,震卦-dynamic,ɡ,0.327,17,0.4975,0.8666,False
Swahili,艮卦-dynamic,s,-0.246,21,0.4975,0.8666,False
Swahili,乾卦-dynamic,m,1.244,6,0.5124,0.8898,False
Swahili,中卦-static,i,0.336,170,0.5174,0.8898,False
Swahili,坎卦-static,u,-0.296,74,0.5174,0.8898,False
Swahili,坤卦-dynamic,e,-0.284,41,0.5174,0.8898,False
Swahili,乾卦-static,s,-0.542,4,0.5224,0.8927,False
Swahili,巽卦-static,e,0.967,4,0.5423,0.9094,False
Swahili,坎卦-dynamic,l,0.451,8,0.5373,0.9094,False
Swahili,坎卦-static,d,0.246,29,0.5423,0.9094,False
Swahili,震卦-static,ɟ,-0.236,24,0.5522,0.9176,False
Swahili,巽卦-dynamic,i,-1.052,4,0.5622,0.9199,False
Swahili,巽卦-static,a,-0.794,8,0.5572,0.9199,False
Swahili,乾卦-static,a,-0.357,44,0.5622,0.9199,False
Swahili,艮卦-static,l,0.314,12,0.5721,0.925,False
Swahili,艮卦-dynamic,l,-0.247,20,0.5771,0.9275,False
Swahili,乾卦-dynamic,a,-1.057,8,0.5821,0.93,False
Swahili,坤卦-static,u,-0.3,32,0.5871,0.9351,False
Swahili,坎卦-static,j,0.227,8,0.592,0.9375,False
Swahili,中卦-static,f,-0.23,16,0.597,0.9427,False
Swahili,巽卦-static,m,0.912,5,0.602,0.945,False
Swahili,震卦-static,ŋ,0.181,21,0.602,0.945,False
Swahili,震卦-dynamic,a,0.269,113,0.607,0.95,False
Swahili,艮卦-static,ʃ,0.282,5,0.6169,0.9518,False
Swahili,中卦-static,ŋ,-0.252,12,0.6169,0.9518,False
Swahili,坎卦-static,w,-0.202,21,0.6169,0.9518,False
Swahili,震卦-dynamic,o,-0.255,23,0.6269,0.9617,False
Swahili,中卦-dynamic,i,1.007,8,0.6318,0.9638,False
Swahili,離卦-dynamic,u,-0.174,107,0.6468,0.981,False
Swahili,離卦-dynamic,ɡ,0.189,37,0.6517,0.9831,False
Swahili,中卦-dynamic,m,0.759,4,0.6816,0.9888,False
Swahili,兌卦-static,u,0.639,6,0.7512,0.9888,False
Swahili,乾卦-dynamic,u,0.582,7,0.7811,0.9888,False
Swahili,離卦-static,u,-0.573,4,0.6766,0.9888,False
Swahili,震卦-dynamic,m,-0.201,35,0.6766,0.9888,False
Swahili,離卦-dynamic,i,-0.194,175,0.6716,0.9888,False
Swahili,坤卦-static,m,-0.19,27,0.7612,0.9888,False
Swahili,坎卦-dynamic,ɟ,-0.19,5,0.7612,0.9888,False
Swahili,坎卦-dynamic,s,0.178,7,0.7264,0.9888,False
Swahili,乾卦-static,n,-0.17,9,0.7811,0.9888,False
Swahili,中卦-static,z,-0.165,18,0.7065,0.9888,False
Swahili,離卦-dynamic,k,0.163,96,0.6766,0.9888,False
Swahili,離卦-dynamic,f,0.156,27,0.7313,0.9888,False
Swahili,艮卦-dynamic,d,-0.151,24,0.7413,0.9888,False
Swahili,坎卦-static,z,0.151,19,0.7363,0.9888,False
Swahili,離卦-dynamic,b,-0.145,35,0.7065,0.9888,False
Swahili,坤卦-dynamic,v,0.141,14,0.7363,0.9888,False
Swahili,震卦-static,j,-0.141,7,0.6766,0.9888,False
Swahili,中卦-static,j,-0.14,6,0.7214,0.9888,False
Swahili,艮卦-dynamic,o,0.138,56,0.7413,0.9888,False
Swahili,艮卦-dynamic,a,0.13,201,0.7363,0.9888,False
Swahili,震卦-static,t͡ʃ,-0.129,21,0.7264,0.9888,False
Swahili,艮卦-static,e,-0.128,19,0.7811,0.9888,False
Swahili,艮卦-dynamic,ŋ,0.124,16,0.7463,0.9888,False
Swahili,坎卦-static,ɲ,0.124,13,0.7562,0.9888,False
Swahili,坎卦-static,ɟ,0.123,25,0.7662,0.9888,False
Swahili,艮卦-dynamic,v,-0.119,11,0.7562,0.9888,False
Swahili,艮卦-dynamic,t͡ʃ,-0.113,17,0.7761,0.9888,False
Swahili,震卦-static,ʃ,0.113,13,0.7811,0.9888,False
Swahili,艮卦-dynamic,m,-0.111,67,0.7861,0.9888,False
Swahili,中卦-static,m,0.11,79,0.7811,0.9888,False
Swahili,乾卦-static,ŋ,-0.181,3,0.8209,0.9892,False
Swahili,坤卦-static,ʃ,-0.157,3,0.8109,0.9892,False
Swahili,坎卦-dynamic,d,-0.151,6,0.8209,0.9892,False
Swahili,坤卦-static,k,-0.134,28,0.8209,0.9892,False
Swahili,坤卦-static,t͡ʃ,-0.128,7,0.8408,0.9892,False
Swahili,艮卦-static,b,0.125,13,0.801,0.9892,False
Swahili,震卦-dynamic,r,-0.121,15,0.806,0.9892,False
Swahili,坤卦-dynamic,u,0.116,96,0.801,0.9892,False
Swahili,震卦-dynamic,h,0.11,6,0.8358,0.9892,False
Swahili,震卦-static,v,-0.107,14,0.8109,0.9892,False
Swahili,震卦-static,d,0.102,35,0.8109,0.9892,False
Swahili,坤卦-dynamic,o,0.079,52,0.8209,0.9892,False
Swahili,艮卦-dynamic,u,0.069,97,0.8209,0.9892,False
Swahili,震卦-static,b,0.067,39,0.8358,0.9892,False
Swahili,艮卦-static,s,0.128,11,0.8458,0.9895,False
Swahili,離卦-static,k,0.234,5,0.8806,0.9948,False
Swahili,坤卦-dynamic,p,-0.049,15,0.8756,0.9948,False
Swahili,離卦-static,m,0.221,5,0.9154,1.0,False
Swahili,兌卦-static,m,-0.204,3,0.9453,1.0,False
Swahili,巽卦-dynamic,a,0.175,8,0.9254,1.0,False
Swahili,離卦-static,e,-0.156,3,0.9403,1.0,False
Swahili,離卦-static,i,-0.152,9,0.9353,1.0,False
Swahili,乾卦-static,b,0.132,8,0.9104,1.0,False
Swahili,乾卦-dynamic,e,0.11,3,0.9701,1.0,False
Swahili,離卦-static,a,0.109,13,0.9751,1.0,False
Swahili,乾卦-static,f,0.097,5,0.9204,1.0,False
Swahili,坎卦-dynamic,r,-0.092,7,0.9055,1.0,False
Swahili,乾卦-static,t͡ʃ,0.087,5,0.9254,1.0,False
Swahili,艮卦-static,u,-0.077,36,0.9055,1.0,False
Swahili,艮卦-static,f,0.073,8,0.9055,1.0,False
Swahili,艮卦-static,ɟ,-0.073,9,0.9055,1.0,False
Swahili,震卦-dynamic,s,-0.071,13,0.9104,1.0,False
Swahili,坎卦-static,b,0.07,30,0.9005,1.0,False
Swahili,中卦-static,l,0.053,27,0.9303,1.0,False
Swahili,坎卦-static,r,0.051,29,0.9104,1.0,False
Swahili,坤卦-static,v,-0.047,5,0.9154,1.0,False
Swahili,坤卦-static,ɲ,-0.046,5,0.9254,1.0,False
Swahili,坎卦-dynamic,v,-0.045,3,0.9353,1.0,False
Swahili,乾卦-dynamic,k,0.036,4,0.995,1.0,False
Swahili,震卦-dynamic,k,-0.029,38,0.9552,1.0,False
Swahili,震卦-dynamic,b,-0.028,16,0.9403,1.0,False
Swahili,中卦-static,p,-0.027,17,0.9602,1.0,False
Swahili,震卦-dynamic,t͡ʃ,-0.025,10,0.9652,1.0,False
Swahili,兌卦-dynamic,ɡ,-0.023,29,0.9652,1.0,False
Swahili,坎卦-static,l,-0.022,23,0.9652,1.0,False
Swahili,艮卦-static,v,-0.019,5,0.9801,1.0,False
Swahili,艮卦-dynamic,ɡ,0.018,26,0.9602,1.0,False
Swahili,震卦-dynamic,ʃ,0.014,5,0.9701,1.0,False
Swahili,震卦-static,k,0.011,89,0.9751,1.0,False
Swahili,震卦-static,w,-0.009,31,0.9751,1.0,False
Swahili,離卦-dynamic,s,-0.004,32,0.99,1.0,False
Thai,坎卦-dynamic,e,2.53,54,0.005,0.1599,False
Thai,坤卦-dynamic,w,2.375,58,0.005,0.1599,False
Thai,兌卦-dynamic,a,-2.141,234,0.005,0.1599,False
Thai,震卦-static,ɜ,-2.044,64,0.005,0.1599,False
Thai,兌卦-dynamic,w,-2.04,11,0.005,0.1599,False
Thai,坤卦-static,ɡ,1.972,29,0.005,0.1599,False
Thai,兌卦-dynamic,u,1.938,64,0.005,0.1599,False
Thai,兌卦-dynamic,p,1.9,67,0.005,0.1599,False
Thai,震卦-static,n,1.834,203,0.005,0.1599,False
Thai,震卦-dynamic,a͡i,1.819,29,0.005,0.1599,False
Thai,兌卦-dynamic,j,1.818,54,0.005,0.1599,False
Thai,離卦-dynamic,c,1.677,62,0.005,0.1599,False
Thai,震卦-static,ɡ,1.643,87,0.005,0.1599,False
Thai,震卦-static,h,1.485,196,0.005,0.1599,False
Thai,兌卦-static,o,3.304,5,0.01,0.2488,False
Thai,兌卦-dynamic,e,1.698,119,0.01,0.2488,False
Thai,艮卦-dynamic,b,-1.483,8,0.01,0.2488,False
Thai,兌卦-dynamic,h,1.312,147,0.01,0.2488,False
Thai,艮卦-dynamic,c,1.38,29,0.0149,0.3535,False
Thai,坎卦-dynamic,d,2.176,27,0.0249,0.3611,False
Thai,中卦-static,ɹ,1.584,72,0.0199,0.3611,False
Thai,震卦-dynamic,t,1.579,56,0.0249,0.3611,False
Thai,中卦-static,ʔ,-1.46,27,0.0249,0.3611,False
Thai,艮卦-static,ɡ,1.305,45,0.0249,0.3611,False
Thai,中卦-static,e,-1.204,59,0.0249,0.3611,False
Thai,兌卦-dynamic,ɹ,-1.171,8,0.0249,0.3611,False
Thai,震卦-static,a,-1.147,348,0.0249,0.3611,False
Thai,震卦-static,t,1.142,76,0.0249,0.3611,False
Thai,離卦-dynamic,p,1.132,95,0.0199,0.3611,False
Thai,震卦-static,j,-1.102,17,0.0249,0.3611,False
Thai,離卦-dynamic,u,1.049,88,0.0199,0.3611,False
Thai,離卦-dynamic,h,1.07,246,0.0299,0.4071,False
Thai,坤卦-dynamic,e,-1.048,69,0.0299,0.4071,False
Thai,離卦-static,l,2.049,21,0.0348,0.4478,False
Thai,坎卦-dynamic,n,-1.715,13,0.0398,0.4478,False
Thai,兌卦-dynamic,f,1.419,15,0.0398,0.4478,False
Thai,中卦-static,l,-1.378,16,0.0398,0.4478,False
Thai,艮卦-static,p,1.321,42,0.0348,0.4478,False
Thai,兌卦-dynamic,c,1.114,29,0.0398,0.4478,False
Thai,坤卦-dynamic,d,-1.061,19,0.0398,0.4478,False
Thai,乾卦-dynamic,f,2.958,3,0.0498,0.4664,False
Thai,坎卦-dynamic,b,1.842,14,0.0498,0.4664,False
Thai,坤卦-static,s,1.422,80,0.0498,0.4664,False
Thai,艮卦-static,j,-1.268,8,0.0498,0.4664,False
Thai,中卦-static,w,1.106,42,0.0498,0.4664,False
Thai,震卦-static,d,-0.945,21,0.0498,0.4664,False
Thai,震卦-static,e,-0.921,71,0.0498,0.4664,False
Thai,震卦-static,a͡i,0.847,30,0.0448,0.4664,False
Thai,艮卦-dynamic,t,1.17,54,0.0547,0.4925,False
Thai,坎卦-dynamic,s,-1.627,33,0.0597,0.5166,False
Thai,震卦-dynamic,a,-1.268,228,0.0597,0.5166,False
Thai,艮卦-static,ʔ,1.236,58,0.0697,0.5804,False
Thai,艮卦-static,c,-1.03,4,0.0697,0.5804,False
Thai,乾卦-static,k,-1.359,27,0.0796,0.6139,False
Thai,艮卦-static,s,-1.085,78,0.0846,0.6139,False
Thai,震卦-dynamic,i,1.069,24,0.0846,0.6139,False
Thai,中卦-static,a,0.991,426,0.0796,0.6139,False
Thai,離卦-dynamic,o,-0.88,5,0.0846,0.6139,False
Thai,坤卦-dynamic,ɡ,0.856,70,0.0846,0.6139,False
Thai,離卦-dynamic,n,-0.84,113,0.0796,0.6139,False
Thai,震卦-static,u,0.789,59,0.0846,0.6139,False
Thai,巽卦-dynamic,ɹ,2.887,6,0.0896,0.62,False
Thai,震卦-static,i,-0.838,12,0.0896,0.62,False
Thai,離卦-dynamic,m,-0.81,92,0.0896,0.62,False
Thai,坤卦-dynamic,ʔ,-0.969,43,0.0945,0.6349,False
Thai,離卦-dynamic,k,-0.825,116,0.0945,0.6349,False
Thai,離卦-dynamic,l,-0.78,40,0.0995,0.6489,False
Thai,坎卦-dynamic,u,1.315,21,0.1194,0.6801,False
Thai,坤卦-static,k,-1.286,22,0.1144,0.6801,False
Thai,坤卦-static,l,-1.243,6,0.1194,0.6801,False
Thai,坎卦-static,h,0.924,127,0.1194,0.6801,False
Thai,坎卦-static,b,-0.87,13,0.1194,0.6801,False
Thai,兌卦-dynamic,m,-0.821,52,0.1194,0.6801,False
Thai,兌卦-dynamic,d,-0.729,20,0.1144,0.6801,False
Thai,兌卦-dynamic,ʔ,0.718,68,0.1095,0.6801,False
Thai,艮卦-static,k,0.927,76,0.1294,0.7013,False
Thai,兌卦-dynamic,k,-0.864,65,0.1294,0.7013,False
Thai,震卦-static,ʔ,-0.739,48,0.1294,0.7013,False
Thai,艮卦-static,r,-0.895,4,0.1393,0.7135,False
Thai,坎卦-static,ɜ,-0.777,77,0.1443,0.7135,False
Thai,艮卦-dynamic,r,-0.762,7,0.1343,0.7135,False
Thai,坤卦-dynamic,l,-0.737,31,0.1393,0.7135,False
Thai,坤卦-dynamic,n,0.735,158,0.1443,0.7135,False
Thai,兌卦-dynamic,a͡i,0.726,22,0.1393,0.7135,False
Thai,中卦-static,m,0.72,102,0.1443,0.7135,False
Thai,離卦-dynamic,ɡ,-0.629,44,0.1443,0.7135,False
Thai,坎卦-static,u,0.852,44,0.1493,0.7222,False
Thai,震卦-static,w,0.664,40,0.1493,0.7222,False
Thai,乾卦-static,ʔ,-1.171,14,0.1542,0.7306,False
Thai,乾卦-static,j,1.124,22,0.1542,0.7306,False
Thai,乾卦-dynamic,m,2.01,13,0.1592,0.7386,False
Thai,離卦-dynamic,t,0.667,92,0.1592,0.7386,False
Thai,艮卦-static,m,-0.835,38,0.1692,0.7537,False
Thai,坤卦-dynamic,j,0.708,51,0.1692,0.7537,False
Thai,離卦-dynamic,i,0.703,43,0.1692,0.7537,False
Thai,乾卦-static,i,1.089,14,0.1741,0.7608,False
Thai,艮卦-static,u,0.816,34,0.1741,0.7608,False
Thai,巽卦-static,c,1.42,7,0.1791,0.7676,False
Thai,艮卦-dynamic,n,0.662,106,0.1791,0.7676,False
Thai,中卦-dynamic,ɜ,2.794,5,0.209,0.7707,False
Thai,兌卦-static,e,-1.774,4,0.1891,0.7707,False
Thai,兌卦-static,i,1.72,4,0.194,0.7707,False
Thai,兌卦-static,d,1.62,7,0.1891,0.7707,False
Thai,離卦-static,o,1.195,7,0.209,0.7707,False
Thai,坎卦-dynamic,p,1.146,21,0.204,0.7707,False
Thai,坎卦-dynamic,h,1.058,54,0.209,0.7707,False
Thai,坤卦-static,i,-1.011,3,0.204,0.7707,False
Thai,震卦-dynamic,k,-0.904,55,0.194,0.7707,False
Thai,坤卦-static,n,0.888,49,0.199,0.7707,False
Thai,艮卦-static,i,0.851,19,0.1841,0.7707,False
Thai,艮卦-static,w,-0.772,15,0.1891,0.7707,False
Thai,艮卦-dynamic,l,0.683,42,0.194,0.7707,False
Thai,坤卦-dynamic,f,0.645,13,0.204,0.7707,False
Thai,中卦-static,b,0.633,32,0.209,0.7707,False
Thai,震卦-static,c,-0.536,14,0.199,0.7707,False
Thai,艮卦-static,b,0.759,20,0.2139,0.7827,False
Thai,兌卦-static,ɜ,1.741,17,0.2189,0.7922,False
Thai,兌卦-static,m,-1.685,4,0.2239,0.7922,False
Thai,兌卦-static,b,1.63,4,0.2289,0.7922,False
Thai,坎卦-static,w,0.78,30,0.2289,0.7922,False
Thai,兌卦-dynamic,s,-0.651,123,0.2289,0.7922,False
Thai,中卦-static,a͡i,-0.628,9,0.2239,0.7922,False
Thai,坤卦-dynamic,a͡i,-0.611,10,0.2239,0.7922,False
Thai,中卦-static,t,-0.636,41,0.2388,0.8141,False
Thai,中卦-dynamic,k,2.553,4,0.2438,0.8187,False
Thai,乾卦-static,s,0.954,92,0.2438,0.8187,False
Thai,巽卦-dynamic,ʔ,2.084,7,0.2537,0.8214,False
Thai,巽卦-static,ʔ,1.221,17,0.2537,0.8214,False
Thai,坎卦-dynamic,c,-0.821,3,0.2488,0.8214,False
Thai,中卦-static,r,-0.637,12,0.2488,0.8214,False
Thai,震卦-static,r,-0.529,15,0.2537,0.8214,False
Thai,巽卦-static,f,1.251,3,0.2587,0.824,False
Thai,震卦-dynamic,c,0.703,21,0.2587,0.824,False
Thai,震卦-dynamic,l,-0.597,22,0.2637,0.824,False
Thai,離卦-dynamic,f,-0.564,3,0.2637,0.824,False
Thai,坤卦-dynamic,o,-0.547,8,0.2637,0.824,False
Thai,巽卦-static,u,-1.233,3,0.2687,0.8281,False
Thai,乾卦-dynamic,r,1.773,6,0.2836,0.8341,False
Thai,離卦-static,ɡ,-1.095,5,0.2786,0.8341,False
Thai,乾卦-static,b,-0.838,7,0.2836,0.8341,False
Thai,震卦-dynamic,ɡ,-0.593,22,0.2786,0.8341,False
Thai,艮卦-dynamic,d,0.548,38,0.2836,0.8341,False
Thai,坤卦-static,w,-0.781,8,0.2935,0.8522,False
Thai,巽卦-static,p,-1.22,3,0.2985,0.8556,False
Thai,乾卦-static,p,-0.734,11,0.2985,0.8556,False
Thai,乾卦-static,ɹ,0.794,22,0.3035,0.8589,False
Thai,艮卦-dynamic,a͡i,-0.597,7,0.3035,0.8589,False
Thai,乾卦-dynamic,a,1.619,44,0.3333,0.8601,False
Thai,兌卦-static,k,1.313,13,0.3383,0.8601,False
Thai,離卦-static,j,-0.885,5,0.3234,0.8601,False
Thai,坎卦-dynamic,a,-0.852,109,0.3383,0.8601,False
Thai,坎卦-dynamic,m,0.802,33,0.3134,0.8601,False
Thai,坎卦-dynamic,ʔ,0.795,27,0.3184,0.8601,False
Thai,坎卦-dynamic,w,-0.742,8,0.3383,0.8601,False
Thai,震卦-dynamic,ʔ,-0.572,35,0.3234,0.8601,False
Thai,坎卦-static,l,-0.537,25,0.3085,0.8601,False
Thai,坤卦-dynamic,u,-0.487,34,0.3383,0.8601,False
Thai,離卦-dynamic,s,-0.47,229,0.3383,0.8601,False
Thai,中卦-static,i,0.466,27,0.3383,0.8601,False
Thai,兌卦-dynamic,n,-0.444,78,0.3383,0.8601,False
Thai,巽卦-dynamic,s,1.882,16,0.3582,0.8655,False
Thai,乾卦-dynamic,s,1.401,24,0.3731,0.8655,False
Thai,巽卦-static,r,0.967,8,0.3483,0.8655,False
Thai,巽卦-static,j,0.932,9,0.3731,0.8655,False
Thai,離卦-static,i,0.864,8,0.3731,0.8655,False
Thai,坎卦-dynamic,ɡ,-0.723,9,0.3582,0.8655,False
Thai,乾卦-static,u,-0.709,11,0.3682,0.8655,False
Thai,坤卦-static,t,-0.669,13,0.3483,0.8655,False
Thai,艮卦-dynamic,p,-0.548,23,0.3582,0.8655,False
Thai,艮卦-static,d,-0.546,17,0.3582,0.8655,False
Thai,震卦-dynamic,j,0.541,31,0.3682,0.8655,False
Thai,中卦-static,h,0.513,150,0.3582,0.8655,False
Thai,震卦-static,p,-0.484,34,0.3433,0.8655,False
Thai,兌卦-dynamic,o,-0.446,7,0.3682,0.8655,False
Thai,坤卦-dynamic,i,0.445,29,0.3632,0.8655,False
Thai,坤卦-dynamic,r,-0.37,19,0.3781,0.8726,False
Thai,中卦-dynamic,a,1.861,11,0.4826,0.8733,False
Thai,中卦-dynamic,m,1.714,3,0.5473,0.8733,False
Thai,巽卦-dynamic,h,-1.703,4,0.3831,0.8733,False
Thai,乾卦-dynamic,ʔ,-1.307,3,0.403,0.8733,False
Thai,巽卦-dynamic,l,1.247,4,0.5274,0.8733,False
Thai,兌卦-static,ʔ,1.16,9,0.4279,0.8733,False
Thai,兌卦-static,a͡i,1.075,3,0.403,0.8733,False
Thai,兌卦-static,a,-1.021,32,0.4527,0.8733,False
Thai,巽卦-static,b,-0.866,3,0.4478,0.8733,False
Thai,離卦-static,h,-0.851,25,0.398,0.8733,False
Thai,巽卦-static,k,0.849,22,0.4378,0.8733,False
Thai,離卦-static,a,0.788,105,0.4677,0.8733,False
Thai,巽卦-static,n,0.763,26,0.4975,0.8733,False
Thai,離卦-static,n,0.762,37,0.393,0.8733,False
Thai,巽卦-static,ɜ,0.726,26,0.4478,0.8733,False
Thai,巽卦-static,t,-0.717,7,0.4975,0.8733,False
Thai,離卦-static,p,-0.699,7,0.4577,0.8733,False
Thai,離卦-static,r,-0.641,3,0.5423,0.8733,False
Thai,坎卦-dynamic,t,-0.637,13,0.4677,0.8733,False
Thai,坤卦-static,h,-0.595,35,0.403,0.8733,False
Thai,坎卦-dynamic,j,-0.571,8,0.4726,0.8733,False
Thai,坎卦-static,k,-0.569,67,0.408,0.8733,False
Thai,離卦-static,d,-0.569,7,0.5224,0.8733,False
Thai,乾卦-static,a͡i,-0.564,4,0.4577,0.8733,False
Thai,坤卦-static,d,-0.56,9,0.4428,0.8733,False
Thai,離卦-static,c,0.544,7,0.5423,0.8733,False
Thai,坤卦-static,b,0.542,10,0.4627,0.8733,False
Thai,坎卦-dynamic,l,0.534,17,0.5373,0.8733,False
Thai,乾卦-static,ɜ,-0.516,44,0.5323,0.8733,False
Thai,坤卦-static,m,-0.503,23,0.5373,0.8733,False
Thai,乾卦-static,r,-0.503,6,0.5473,0.8733,False
Thai,坤卦-static,j,0.501,14,0.5473,0.8733,False
Thai,坎卦-static,ɡ,0.48,43,0.403,0.8733,False
Thai,兌卦-dynamic,i,-0.463,13,0.4179,0.8733,False
Thai,坎卦-static,ɹ,-0.452,20,0.4428,0.8733,False
Thai,震卦-dynamic,s,0.448,142,0.4129,0.8733,False
Thai,坤卦-dynamic,b,-0.441,23,0.4229,0.8733,False
Thai,兌卦-dynamic,r,0.436,28,0.4478,0.8733,False
Thai,震卦-dynamic,ɜ,-0.424,78,0.393,0.8733,False
Thai,坎卦-static,a͡i,-0.423,9,0.4627,0.8733,False
Thai,艮卦-dynamic,ʔ,-0.419,40,0.4627,0.8733,False
Thai,坤卦-dynamic,a,0.418,434,0.4726,0.8733,False
Thai,坤卦-static,o,0.415,6,0.5323,0.8733,False
Thai,艮卦-static,t,-0.412,27,0.5373,0.8733,False
Thai,中卦-static,c,0.41,26,0.4279,0.8733,False
Thai,離卦-dynamic,e,0.402,154,0.398,0.8733,False
Thai,坎卦-static,r,-0.4,13,0.4527,0.8733,False
Thai,震卦-dynamic,h,0.39,102,0.5274,0.8733,False
Thai,艮卦-static,ɜ,0.387,82,0.5473,0.8733,False
Thai,坎卦-static,s,0.377,153,0.5323,0.8733,False
Thai,離卦-dynamic,ʔ,0.373,107,0.4378,0.8733,False
Thai,坎卦-static,j,-0.371,22,0.4876,0.8733,False
Thai,中卦-static,p,0.367,50,0.5373,0.8733,False
Thai,坤卦-dynamic,m,0.366,101,0.4129,0.8733,False
Thai,艮卦-dynamic,s,-0.359,122,0.4975,0.8733,False
Thai,艮卦-dynamic,m,-0.348,56,0.4677,0.8733,False
Thai,離卦-dynamic,a,-0.343,528,0.4726,0.8733,False
Thai,中卦-static,f,-0.33,4,0.4975,0.8733,False
Thai,震卦-dynamic,d,-0.33,23,0.5075,0.8733,False
Thai,震卦-static,s,0.324,207,0.5075,0.8733,False
Thai,中卦-static,o,-0.323,10,0.5473,0.8733,False
Thai,中卦-static,d,-0.32,33,0.5274,0.8733,False
Thai,艮卦-dynamic,ɡ,-0.317,28,0.5473,0.8733,False
Thai,離卦-dynamic,j,0.309,58,0.5174,0.8733,False
Thai,離卦-dynamic,d,-0.305,48,0.5025,0.8733,False
Thai,震卦-static,o,-0.285,11,0.5174,0.8733,False
Thai,坎卦-dynamic,o,0.438,6,0.5522,0.875,False
Thai,中卦-static,ɡ,-0.304,38,0.5522,0.875,False
Thai,坎卦-static,c,0.315,19,0.5572,0.8798,False
Thai,巽卦-dynamic,p,1.213,4,0.5672,0.8862,False
Thai,兌卦-dynamic,t,-0.255,39,0.5672,0.8862,False
Thai,震卦-static,m,0.248,95,0.5672,0.8862,False
Thai,兌卦-dynamic,b,0.368,24,0.5721,0.8909,False
Thai,兌卦-static,ɡ,0.788,6,0.5821,0.894,False
Thai,坤卦-static,a,0.432,129,0.5821,0.894,False
Thai,艮卦-dynamic,f,0.331,7,0.5821,0.894,False
Thai,坎卦-static,o,-0.288,8,0.5771,0.894,False
Thai,巽卦-dynamic,k,1.263,8,0.597,0.8984,False
Thai,巽卦-static,l,-0.467,6,0.6219,0.8984,False
Thai,離卦-static,k,-0.411,23,0.6269,0.8984,False
Thai,坎卦-dynamic,k,-0.408,29,0.597,0.8984,False
Thai,坤卦-static,u,-0.341,11,0.6169,0.8984,False
Thai,震卦-dynamic,u,0.324,33,0.597,0.8984,False
Thai,艮卦-dynamic,ɹ,0.302,32,0.592,0.8984,False
Thai,震卦-dynamic,p,0.294,34,0.6219,0.8984,False
Thai,艮卦-dynamic,e,-0.293,64,0.6119,0.8984,False
Thai,坎卦-static,t,0.291,44,0.597,0.8984,False
Thai,震卦-dynamic,m,0.289,64,0.6119,0.8984,False
Thai,坤卦-dynamic,h,0.275,153,0.6119,0.8984,False
Thai,離卦-dynamic,a͡i,0.266,30,0.6119,0.8984,False
Thai,中卦-static,u,-0.248,36,0.6269,0.8984,False
Thai,離卦-dynamic,ɹ,0.239,60,0.597,0.8984,False
Thai,震卦-static,ɹ,-0.175,34,0.6269,0.8984,False
Thai,乾卦-static,e,0.451,44,0.6368,0.9012,False
Thai,震卦-dynamic,n,0.293,89,0.6368,0.9012,False
Thai,坎卦-static,d,-0.28,26,0.6318,0.9012,False
Thai,離卦-dynamic,w,-0.234,43,0.6368,0.9012,False
Thai,坤卦-dynamic,ɜ,-0.232,127,0.6418,0.9025,False
Thai,震卦-dynamic,b,-0.283,16,0.6468,0.9067,False
Thai,坤卦-dynamic,c,-0.221,19,0.6517,0.9108,False
Thai,兌卦-static,h,-0.696,10,0.6617,0.9134,False
Thai,巽卦-static,d,-0.547,5,0.6617,0.9134,False
Thai,坤卦-static,ɹ,-0.366,9,0.6617,0.9134,False
Thai,兌卦-dynamic,ɜ,-0.226,96,0.6617,0.9134,False
Thai,乾卦-static,a,0.328,161,0.6667,0.9174,False
Thai,中卦-dynamic,e,1.071,3,0.7214,0.9222,False
Thai,巽卦-dynamic,j,0.922,3,0.7214,0.9222,False
Thai,巽卦-dynamic,n,-0.697,5,0.7164,0.9222,False
Thai,乾卦-dynamic,ɜ,-0.681,10,0.7164,0.9222,False
Thai,乾卦-dynamic,d,0.571,5,0.7164,0.9222,False
Thai,兌卦-static,s,-0.499,15,0.7065,0.9222,False
Thai,離卦-static,m,0.452,24,0.7065,0.9222,False
Thai,巽卦-static,e,0.421,19,0.7015,0.9222,False
Thai,坎卦-dynamic,a͡i,-0.355,4,0.7065,0.9222,False
Thai,離卦-static,u,0.355,12,0.6866,0.9222,False
Thai,坎卦-dynamic,i,0.317,8,0.7164,0.9222,False
Thai,坤卦-static,ɜ,-0.301,37,0.6915,0.9222,False
Thai,坤卦-static,p,-0.243,12,0.6866,0.9222,False
Thai,中卦-static,j,0.236,39,0.6866,0.9222,False
Thai,坤卦-dynamic,s,0.225,208,0.7164,0.9222,False
Thai,離卦-dynamic,r,0.224,43,0.6766,0.9222,False
Thai,震卦-dynamic,ɹ,-0.216,22,0.7214,0.9222,False
Thai,中卦-static,ɜ,0.213,131,0.7015,0.9222,False
Thai,兌卦-dynamic,l,-0.202,32,0.7164,0.9222,False
Thai,坤卦-dynamic,t,-0.185,53,0.7114,0.9222,False
Thai,坤卦-dynamic,p,-0.173,42,0.6965,0.9222,False
Thai,坎卦-static,a,0.165,299,0.6965,0.9222,False
Thai,坎卦-static,n,0.187,94,0.7264,0.9233,False
Thai,震卦-static,l,0.126,48,0.7264,0.9233,False
Thai,艮卦-static,n,0.205,74,0.7313,0.9271,False
Thai,震卦-dynamic,o,-0.203,8,0.7363,0.9281,False
Thai,中卦-static,n,-0.172,107,0.7363,0.9281,False
Thai,坤卦-dynamic,k,0.152,115,0.7413,0.9292,False
Thai,乾卦-static,o,0.294,7,0.7463,0.9328,False
Thai,乾卦-static,d,0.222,18,0.7512,0.9339,False
Thai,艮卦-dynamic,h,0.134,101,0.7512,0.9339,False
Thai,兌卦-static,l,0.479,5,0.7562,0.9349,False
Thai,艮卦-static,o,-0.183,7,0.7562,0.9349,False
Thai,巽卦-dynamic,ɜ,-0.738,6,0.7612,0.9359,False
Thai,坎卦-static,p,-0.159,30,0.7612,0.9359,False
Thai,乾卦-static,n,0.205,50,0.7662,0.9369,False
Thai,巽卦-dynamic,a,0.537,24,0.7761,0.9414,False
Thai,坎卦-dynamic,ɹ,-0.208,10,0.7761,0.9414,False
Thai,艮卦-dynamic,j,0.159,28,0.7761,0.9414,False
Thai,乾卦-dynamic,h,-0.468,11,0.7811,0.9433,False
Thai,乾卦-static,t,0.255,23,0.7861,0.9433,False
Thai,離卦-static,e,-0.252,22,0.7861,0.9433,False
Thai,乾卦-static,h,-0.211,50,0.7861,0.9433,False
Thai,艮卦-dynamic,a,-0.14,279,0.791,0.9467,False
Thai,坎卦-static,ʔ,-0.185,46,0.796,0.9502,False
Thai,乾卦-dynamic,e,-0.413,8,0.801,0.9519,False
Thai,中卦-static,k,0.11,105,0.806,0.9519,False
Thai,艮卦-dynamic,k,-0.097,74,0.806,0.9519,False
Thai,乾卦-dynamic,k,-0.352,9,0.8109,0.953,False
Thai,巽卦-static,a,-0.32,65,0.8159,0.953,False
Thai,兌卦-static,r,0.305,3,0.8159,0.953,False
Thai,巽卦-static,m,0.257,16,0.8159,0.953,False
Thai,巽卦-static,s,-0.245,30,0.8358,0.953,False
Thai,巽卦-static,ɡ,-0.235,7,0.8358,0.953,False
Thai,巽卦-static,w,0.216,6,0.8308,0.953,False
Thai,離卦-static,ɹ,-0.198,8,0.8358,0.953,False
Thai,乾卦-static,ɡ,0.187,20,0.8308,0.953,False
Thai,坤卦-static,e,-0.158,29,0.8209,0.953,False
Thai,坤卦-static,ʔ,0.146,22,0.8408,0.953,False
Thai,震卦-dynamic,f,-0.122,4,0.8209,0.953,False
Thai,坤卦-dynamic,ɹ,-0.093,37,0.8259,0.953,False
Thai,離卦-dynamic,ɜ,0.084,183,0.8408,0.953,False
Thai,巽卦-dynamic,e,-0.347,5,0.8557,0.9563,False
Thai,離卦-static,b,-0.182,6,0.8607,0.9563,False
Thai,震卦-dynamic,r,0.16,20,0.8507,0.9563,False
Thai,坤卦-static,r,0.134,9,0.8557,0.9563,False
Thai,震卦-dynamic,e,-0.122,64,0.8507,0.9563,False
Thai,艮卦-dynamic,u,0.118,32,0.8607,0.9563,False
Thai,艮卦-static,a,0.094,232,0.8607,0.9563,False
Thai,離卦-dynamic,b,-0.067,36,0.8607,0.9563,False
Thai,乾卦-static,c,0.124,9,0.8706,0.9603,False
Thai,震卦-dynamic,w,0.092,23,0.8706,0.9603,False
Thai,坤卦-static,a͡i,-0.133,5,0.8756,0.9634,False
Thai,兌卦-static,ɹ,-0.209,3,0.8856,0.972,False
Thai,震卦-static,k,-0.091,105,0.8905,0.9727,False
Thai,艮卦-static,l,-0.077,25,0.8905,0.9727,False
Thai,坎卦-static,i,0.058,17,0.9055,0.9818,False
Thai,巽卦-static,h,-0.176,22,0.9104,0.9849,False
Thai,乾卦-dynamic,ɡ,-0.16,4,0.9204,0.9932,False
Thai,乾卦-dynamic,ɹ,0.223,4,0.9254,0.9962,False
Thai,乾卦-dynamic,w,-0.11,3,0.9751,1.0,False
Thai,乾卦-static,m,0.085,35,0.9403,1.0,False
Thai,艮卦-static,h,-0.076,77,0.9403,1.0,False
Thai,坎卦-static,m,0.074,66,0.9403,1.0,False
Thai,乾卦-static,l,-0.063,17,0.9602,1.0,False
Thai,坎卦-dynamic,ɜ,0.055,40,0.9701,1.0,False
Thai,離卦-static,s,-0.053,45,0.9602,1.0,False
Thai,乾卦-dynamic,p,-0.052,4,0.9751,1.0,False
Thai,兌卦-static,w,-0.05,3,0.9652,1.0,False
Thai,離卦-static,ʔ,-0.043,16,0.9552,1.0,False
Thai,離卦-static,ɜ,-0.041,31,0.9453,1.0,False
Thai,坎卦-static,e,-0.039,72,0.9701,1.0,False
Thai,艮卦-dynamic,w,0.037,24,0.9602,1.0,False
Thai,離卦-static,t,-0.03,13,0.9801,1.0,False
Thai,艮卦-dynamic,o,-0.028,10,0.9453,1.0,False
Thai,兌卦-static,n,0.028,11,0.99,1.0,False
Thai,離卦-static,w,-0.021,8,0.995,1.0,False
Thai,兌卦-static,t,0.021,5,0.99,1.0,False
Thai,艮卦-dynamic,ɜ,-0.019,92,0.99,1.0,False
Thai,乾卦-dynamic,n,-0.019,11,0.995,1.0,False
Thai,艮卦-static,ɹ,0.016,22,0.99,1.0,False
Thai,兌卦-dynamic,ɡ,0.012,37,0.9751,1.0,False
Thai,艮卦-dynamic,i,0.009,16,0.99,1.0,False
Thai,震卦-static,f,-0.007,7,0.99,1.0,False
Thai,艮卦-static,f,-0.006,4,0.9801,1.0,False
Thai,中卦-static,s,-0.005,181,1.0,1.0,False
Thai,乾卦-static,w,0.005,13,0.995,1.0,False
Thai,艮卦-static,e,-0.002,57,1.0,1.0,False
Thai,震卦-static,b,-0.001,27,1.0,1.0,False
Turkish,坤卦-static,ʒ,3.998,4,0.005,0.2618,False
Turkish,中卦-dynamic,ɪ,3.047,17,0.005,0.2618,False
Turkish,艮卦-static,ɟ,2.855,18,0.005,0.2618,False
Turkish,巽卦-static,d͡ʒ,2.816,9,0.005,0.2618,False
Turkish,乾卦-static,b,2.693,24,0.005,0.2618,False
Turkish,坤卦-static,ɔ,2.531,15,0.005,0.2618,False
Turkish,坤卦-static,o,2.31,13,0.005,0.2618,False
Turkish,兌卦-dynamic,m,2.264,191,0.005,0.2618,False
Turkish,艮卦-static,l,2.224,22,0.01,0.2618,False
Turkish,乾卦-static,h,2.2,11,0.01,0.2618,False
Turkish,艮卦-static,œ,2.003,11,0.005,0.2618,False
Turkish,艮卦-static,æ,1.949,14,0.005,0.2618,False
Turkish,坎卦-static,r,1.815,71,0.005,0.2618,False
Turkish,坤卦-static,ɾ,1.794,22,0.01,0.2618,False
Turkish,震卦-static,t͡ʃ,1.788,46,0.005,0.2618,False
Turkish,離卦-dynamic,ɛ,1.786,157,0.01,0.2618,False
Turkish,中卦-static,e,1.659,46,0.01,0.2618,False
Turkish,坤卦-dynamic,ɫ,1.64,55,0.01,0.2618,False
Turkish,中卦-static,a,-1.607,91,0.01,0.2618,False
Turkish,坤卦-dynamic,u,1.572,27,0.01,0.2618,False
Turkish,坤卦-dynamic,ʊ,1.491,51,0.01,0.2618,False
Turkish,兌卦-dynamic,k,1.431,238,0.01,0.2618,False
Turkish,震卦-static,d,1.398,45,0.01,0.2618,False
Turkish,中卦-static,b,-1.397,10,0.01,0.2618,False
Turkish,坤卦-dynamic,s,1.389,87,0.01,0.2618,False
Turkish,離卦-static,ɫ,-2.304,3,0.0149,0.3094,False
Turkish,兌卦-dynamic,ɛ,2.151,147,0.0149,0.3094,False
Turkish,坎卦-static,d,1.613,44,0.0149,0.3094,False
Turkish,坤卦-dynamic,h,1.545,31,0.0149,0.3094,False
Turkish,坤卦-dynamic,l,1.379,46,0.0149,0.3094,False
Turkish,坤卦-dynamic,r,-1.333,33,0.0149,0.3094,False
Turkish,離卦-dynamic,u,-1.161,6,0.0149,0.3094,False
Turkish,中卦-dynamic,z,2.903,9,0.0199,0.332,False
Turkish,中卦-dynamic,e,2.649,9,0.0199,0.332,False
Turkish,坤卦-static,h,1.804,11,0.0199,0.332,False
Turkish,坤卦-dynamic,d,-1.43,14,0.0199,0.332,False
Turkish,離卦-dynamic,m,1.205,161,0.0199,0.332,False
Turkish,坤卦-dynamic,œ,1.136,21,0.0199,0.332,False
Turkish,震卦-static,æ,-1.097,4,0.0199,0.332,False
Turkish,艮卦-static,v,1.432,11,0.0249,0.3867,False
Turkish,離卦-dynamic,ʊ,-1.188,16,0.0249,0.3867,False
Turkish,震卦-static,t,1.166,67,0.0249,0.3867,False
Turkish,艮卦-static,b,1.621,25,0.0299,0.4344,False
Turkish,震卦-dynamic,n,1.572,60,0.0299,0.4344,False
Turkish,中卦-static,ɪ,1.26,70,0.0299,0.4344,False
Turkish,中卦-dynamic,a,-2.516,10,0.0348,0.4671,False
Turkish,中卦-dynamic,t,2.429,11,0.0348,0.4671,False
Turkish,艮卦-static,r,-1.718,10,0.0348,0.4671,False
Turkish,坎卦-static,ɡ,1.351,11,0.0348,0.4671,False
Turkish,坤卦-static,ɡ,1.601,5,0.0398,0.5235,False
Turkish,艮卦-dynamic,ɫ,-1.414,13,0.0448,0.5569,False
Turkish,兌卦-dynamic,b,-1.213,20,0.0448,0.5569,False
Turkish,離卦-dynamic,œ,1.018,27,0.0448,0.5569,False
Turkish,坤卦-static,l,-1.403,3,0.0498,0.5768,False
Turkish,坤卦-static,i,1.285,15,0.0498,0.5768,False
Turkish,中卦-static,s,1.174,58,0.0498,0.5768,False
Turkish,坤卦-dynamic,ʃ,1.083,37,0.0498,0.5768,False
Turkish,離卦-static,n,2.112,25,0.0547,0.6239,False
Turkish,震卦-static,ɛ,-0.899,36,0.0597,0.6586,False
Turkish,乾卦-dynamic,ø,2.436,7,0.0647,0.6806,False
Turkish,震卦-static,f,1.078,16,0.0647,0.6806,False
Turkish,離卦-dynamic,ɯ,-1.066,34,0.0647,0.6806,False
Turkish,乾卦-dynamic,v,2.208,4,0.0796,0.7657,False
Turkish,巽卦-static,y,2.102,4,0.0796,0.7657,False
Turkish,乾卦-static,a,1.498,73,0.0896,0.7657,False
Turkish,乾卦-static,j,1.491,21,0.0796,0.7657,False
Turkish,坤卦-static,e,-1.283,4,0.0796,0.7657,False
Turkish,坎卦-static,m,-1.01,20,0.0846,0.7657,False
Turkish,兌卦-dynamic,n,-0.96,41,0.0846,0.7657,False
Turkish,兌卦-dynamic,p,-0.93,15,0.0846,0.7657,False
Turkish,離卦-dynamic,f,-0.91,8,0.0896,0.7657,False
Turkish,震卦-static,j,-0.884,26,0.0846,0.7657,False
Turkish,離卦-dynamic,ʃ,0.865,46,0.0896,0.7657,False
Turkish,巽卦-static,u,1.983,4,0.0945,0.7697,False
Turkish,震卦-dynamic,ʃ,1.198,20,0.0945,0.7697,False
Turkish,艮卦-dynamic,m,1.002,58,0.0945,0.7697,False
Turkish,兌卦-dynamic,ɔ,-0.84,14,0.0945,0.7697,False
Turkish,乾卦-dynamic,ʃ,2.282,6,0.0995,0.7823,False
Turkish,中卦-dynamic,ɾ,2.06,8,0.0995,0.7823,False
Turkish,中卦-static,d,-0.917,15,0.0995,0.7823,False
Turkish,震卦-dynamic,p,-1.028,6,0.1045,0.7853,False
Turkish,兌卦-dynamic,z,-0.748,20,0.1045,0.7853,False
Turkish,艮卦-dynamic,k,1.035,96,0.1095,0.805,False
Turkish,震卦-static,o,0.8,20,0.1095,0.805,False
Turkish,乾卦-dynamic,ɟ,1.952,4,0.1194,0.8086,False
Turkish,乾卦-static,y,1.387,7,0.1194,0.8086,False
Turkish,乾卦-static,k,-1.338,16,0.1194,0.8086,False
Turkish,兌卦-dynamic,æ,-0.89,8,0.1194,0.8086,False
Turkish,兌卦-dynamic,ɾ,-0.851,15,0.1194,0.8086,False
Turkish,中卦-static,ɔ,-0.777,9,0.1194,0.8086,False
Turkish,坤卦-dynamic,k,-0.73,88,0.1194,0.8086,False
Turkish,巽卦-dynamic,ɯ,2.511,6,0.1244,0.8117,False
Turkish,巽卦-dynamic,d͡ʒ,2.407,3,0.1294,0.8117,False
Turkish,乾卦-static,t,-1.222,11,0.1294,0.8117,False
Turkish,乾卦-static,p,-1.118,3,0.1244,0.8117,False
Turkish,坎卦-static,u,-0.774,6,0.1294,0.8117,False
Turkish,坤卦-dynamic,t͡ʃ,-0.763,16,0.1294,0.8117,False
Turkish,震卦-static,ɔ,-0.746,11,0.1294,0.8117,False
Turkish,震卦-static,z,-0.719,15,0.1244,0.8117,False
Turkish,中卦-dynamic,œ,1.869,3,0.1542,0.8148,False
Turkish,巽卦-static,n,1.756,16,0.1343,0.8148,False
Turkish,離卦-static,ɾ,1.61,12,0.1443,0.8148,False
Turkish,離卦-static,ɯ,-1.407,3,0.1692,0.8148,False
Turkish,坤卦-static,k,-1.11,22,0.1393,0.8148,False
Turkish,震卦-dynamic,ɔ,1.024,16,0.1493,0.8148,False
Turkish,坤卦-static,v,0.991,8,0.1692,0.8148,False
Turkish,乾卦-static,s,0.965,22,0.1592,0.8148,False
Turkish,坤卦-static,m,-0.957,9,0.1542,0.8148,False
Turkish,震卦-dynamic,z,-0.953,7,0.1542,0.8148,False
Turkish,坤卦-static,ʊ,0.944,14,0.1592,0.8148,False
Turkish,震卦-dynamic,ʊ,-0.942,8,0.1692,0.8148,False
Turkish,震卦-dynamic,ɾ,-0.914,6,0.1592,0.8148,False
Turkish,坎卦-static,o,0.857,19,0.1493,0.8148,False
Turkish,中卦-static,i,0.845,28,0.1443,0.8148,False
Turkish,離卦-dynamic,s,-0.824,41,0.1343,0.8148,False
Turkish,坤卦-dynamic,y,0.782,19,0.1393,0.8148,False
Turkish,坎卦-static,n,0.774,71,0.1692,0.8148,False
Turkish,坤卦-dynamic,ɟ,0.769,21,0.1542,0.8148,False
Turkish,中卦-static,r,-0.753,31,0.1542,0.8148,False
Turkish,離卦-dynamic,v,-0.742,12,0.1642,0.8148,False
Turkish,中卦-static,j,0.72,42,0.1692,0.8148,False
Turkish,兌卦-dynamic,ʊ,-0.707,22,0.1692,0.8148,False
Turkish,兌卦-dynamic,d,-0.704,28,0.1493,0.8148,False
Turkish,離卦-dynamic,t,0.702,96,0.1692,0.8148,False
Turkish,離卦-dynamic,j,-0.693,46,0.1542,0.8148,False
Turkish,震卦-static,ɾ,-0.676,14,0.1592,0.8148,False
Turkish,離卦-dynamic,b,-0.608,37,0.1692,0.8148,False
Turkish,巽卦-dynamic,k,2.534,13,0.1741,0.8158,False
Turkish,巽卦-dynamic,r,2.419,5,0.1741,0.8158,False
Turkish,艮卦-dynamic,f,-0.941,3,0.1741,0.8158,False
Turkish,震卦-dynamic,e,0.844,26,0.1741,0.8158,False
Turkish,巽卦-static,ɫ,1.456,7,0.1791,0.8167,False
Turkish,坎卦-static,t͡ʃ,-0.727,13,0.1791,0.8167,False
Turkish,兌卦-dynamic,ʃ,-0.677,15,0.1791,0.8167,False
Turkish,兌卦-dynamic,ɫ,0.676,53,0.1791,0.8167,False
Turkish,艮卦-static,p,1.047,15,0.1841,0.8176,False
Turkish,坤卦-static,r,-0.951,13,0.1841,0.8176,False
Turkish,中卦-static,y,-0.769,4,0.1841,0.8176,False
Turkish,離卦-dynamic,l,0.64,49,0.1841,0.8176,False
Turkish,震卦-static,v,0.748,19,0.1891,0.8184,False
Turkish,離卦-dynamic,t͡ʃ,-0.647,24,0.1891,0.8184,False
Turkish,乾卦-dynamic,s,1.816,11,0.204,0.8456,False
Turkish,震卦-dynamic,m,0.852,54,0.204,0.8456,False
Turkish,艮卦-dynamic,t,-0.775,24,0.199,0.8456,False
Turkish,離卦-dynamic,ɾ,-0.58,25,0.199,0.8456,False
Turkish,坤卦-dynamic,ɾ,-0.555,19,0.204,0.8456,False
Turkish,巽卦-dynamic,t͡ʃ,2.23,3,0.209,0.8457,False
Turkish,坤卦-dynamic,ɡ,0.62,10,0.209,0.8457,False
Turkish,震卦-static,ɡ,-0.563,3,0.209,0.8457,False
Turkish,坎卦-dynamic,o,1.304,6,0.2139,0.8458,False
Turkish,坎卦-dynamic,k,1.233,40,0.2139,0.8458,False
Turkish,中卦-static,u,0.684,14,0.2139,0.8458,False
Turkish,坎卦-dynamic,a,1.23,50,0.2189,0.8507,False
Turkish,離卦-static,k,-1.082,13,0.2289,0.8554,False
Turkish,坤卦-static,s,0.871,24,0.2239,0.8554,False
Turkish,艮卦-dynamic,ɪ,-0.81,17,0.2239,0.8554,False
Turkish,艮卦-static,t͡ʃ,-0.79,6,0.2239,0.8554,False
Turkish,震卦-dynamic,d,0.77,23,0.2289,0.8554,False
Turkish,兌卦-dynamic,i,-0.604,20,0.2289,0.8554,False
Turkish,離卦-static,j,1.29,13,0.2338,0.8645,False
Turkish,中卦-static,z,0.654,30,0.2338,0.8645,False
Turkish,艮卦-dynamic,h,-0.797,3,0.2388,0.8782,False
Turkish,坎卦-dynamic,b,-1.369,3,0.2537,0.8848,False
Turkish,坎卦-dynamic,ʊ,-1.005,3,0.2488,0.8848,False
Turkish,艮卦-static,m,-0.874,12,0.2438,0.8848,False
Turkish,乾卦-static,e,-0.807,6,0.2587,0.8848,False
Turkish,艮卦-dynamic,d,0.731,23,0.2537,0.8848,False
Turkish,坤卦-static,ø,-0.712,3,0.2537,0.8848,False
Turkish,坎卦-static,e,0.672,37,0.2537,0.8848,False
Turkish,震卦-static,ɪ,0.65,67,0.2537,0.8848,False
Turkish,坎卦-static,f,-0.646,6,0.2587,0.8848,False
Turkish,兌卦-dynamic,e,-0.624,28,0.2488,0.8848,False
Turkish,坤卦-dynamic,i,-0.614,17,0.2587,0.8848,False
Turkish,震卦-static,k,-0.571,82,0.2438,0.8848,False
Turkish,乾卦-dynamic,ɫ,1.481,6,0.3035,0.8896,False
Turkish,巽卦-static,ɯ,1.384,12,0.2886,0.8896,False
Turkish,巽卦-static,æ,1.373,4,0.2736,0.8896,False
Turkish,中卦-dynamic,i,1.259,5,0.3134,0.8896,False
Turkish,巽卦-static,j,1.249,9,0.3085,0.8896,False
Turkish,離卦-static,r,1.234,15,0.2736,0.8896,False
Turkish,巽卦-static,a,-1.197,19,0.3085,0.8896,False
Turkish,坎卦-dynamic,ɯ,1.052,17,0.2687,0.8896,False
Turkish,坎卦-dynamic,p,1.026,8,0.2985,0.8896,False
Turkish,離卦-static,d,1.023,9,0.2836,0.8896,False
Turkish,離卦-static,æ,1.007,5,0.2836,0.8896,False
Turkish,坎卦-dynamic,j,0.938,13,0.2836,0.8896,False
Turkish,艮卦-dynamic,ʃ,0.885,18,0.2736,0.8896,False
Turkish,乾卦-static,o,0.862,7,0.2985,0.8896,False
Turkish,乾卦-static,d,0.816,13,0.3134,0.8896,False
Turkish,乾卦-static,l,-0.792,5,0.3134,0.8896,False
Turkish,艮卦-dynamic,y,-0.759,3,0.3085,0.8896,False
Turkish,艮卦-dynamic,ɾ,-0.737,8,0.2886,0.8896,False
Turkish,震卦-dynamic,ɛ,0.718,45,0.2935,0.8896,False
Turkish,艮卦-dynamic,œ,0.695,9,0.2886,0.8896,False
Turkish,震卦-dynamic,æ,0.676,12,0.3085,0.8896,False
Turkish,兌卦-dynamic,ɯ,-0.63,43,0.2736,0.8896,False
Turkish,中卦-static,p,-0.628,12,0.2687,0.8896,False
Turkish,離卦-dynamic,ø,-0.601,15,0.2886,0.8896,False
Turkish,中卦-static,ʊ,0.597,27,0.3035,0.8896,False
Turkish,兌卦-dynamic,d͡ʒ,-0.59,6,0.2985,0.8896,False
Turkish,坎卦-static,z,-0.568,16,0.2935,0.8896,False
Turkish,坎卦-static,l,-0.561,16,0.2886,0.8896,False
Turkish,中卦-static,l,0.556,25,0.3085,0.8896,False
Turkish,震卦-static,b,-0.554,24,0.2736,0.8896,False
Turkish,兌卦-dynamic,ø,-0.546,14,0.3035,0.8896,False
Turkish,坎卦-static,æ,0.53,17,0.3085,0.8896,False
Turkish,離卦-dynamic,k,0.508,209,0.2935,0.8896,False
Turkish,離卦-dynamic,o,-0.485,13,0.3134,0.8896,False
Turkish,震卦-static,a,0.458,179,0.3085,0.8896,False
Turkish,震卦-static,ɟ,-0.454,5,0.2985,0.8896,False
Turkish,離卦-static,ʊ,0.911,8,0.3234,0.8955,False
Turkish,艮卦-static,ɪ,-0.684,14,0.3184,0.8955,False
Turkish,兌卦-dynamic,o,-0.501,11,0.3234,0.8955,False
Turkish,艮卦-static,n,-0.759,16,0.3284,0.8984,False
Turkish,兌卦-dynamic,y,-0.526,9,0.3284,0.8984,False
Turkish,坤卦-static,t,-0.753,15,0.3333,0.9048,False
Turkish,艮卦-static,s,-0.587,14,0.3333,0.9048,False
Turkish,離卦-static,s,-0.969,5,0.3383,0.9075,False
Turkish,離卦-dynamic,z,-0.466,30,0.3383,0.9075,False
Turkish,巽卦-dynamic,a,1.766,13,0.398,0.9082,False
Turkish,巽卦-dynamic,m,1.744,7,0.393,0.9082,False
Turkish,乾卦-dynamic,l,1.267,5,0.403,0.9082,False
Turkish,乾卦-dynamic,n,-1.226,3,0.408,0.9082,False
Turkish,中卦-dynamic,ɫ,-1.146,3,0.3781,0.9082,False
Turkish,巽卦-static,k,-1.095,9,0.3731,0.9082,False
Turkish,中卦-dynamic,æ,1.087,3,0.3881,0.9082,False
Turkish,巽卦-static,ɔ,0.979,4,0.3831,0.9082,False
Turkish,中卦-dynamic,s,-0.937,3,0.4179,0.9082,False
Turkish,離卦-static,p,0.913,7,0.3582,0.9082,False
Turkish,坎卦-dynamic,t,-0.902,9,0.4179,0.9082,False
Turkish,坎卦-dynamic,m,0.792,21,0.393,0.9082,False
Turkish,乾卦-static,ɡ,0.69,3,0.3483,0.9082,False
Turkish,乾卦-static,ɔ,-0.659,4,0.4328,0.9082,False
Turkish,坤卦-static,t͡ʃ,0.632,12,0.4129,0.9082,False
Turkish,震卦-dynamic,ɟ,0.63,10,0.3831,0.9082,False
Turkish,震卦-dynamic,t,-0.629,25,0.3582,0.9082,False
Turkish,艮卦-static,ɾ,-0.594,7,0.4129,0.9082,False
Turkish,坎卦-static,ɫ,-0.575,26,0.3483,0.9082,False
Turkish,艮卦-static,j,-0.559,14,0.4129,0.9082,False
Turkish,艮卦-dynamic,ø,0.548,16,0.4328,0.9082,False
Turkish,艮卦-dynamic,u,-0.545,5,0.4179,0.9082,False
Turkish,震卦-dynamic,j,-0.544,19,0.4279,0.9082,False
Turkish,艮卦-static,ɔ,0.543,10,0.408,0.9082,False
Turkish,震卦-dynamic,k,-0.538,51,0.4129,0.9082,False
Turkish,坎卦-static,i,0.519,27,0.393,0.9082,False
Turkish,兌卦-dynamic,ɟ,-0.514,6,0.3483,0.9082,False
Turkish,艮卦-static,u,0.505,7,0.4328,0.9082,False
Turkish,艮卦-static,t,0.503,26,0.4229,0.9082,False
Turkish,中卦-static,ɯ,0.503,48,0.3582,0.9082,False
Turkish,坤卦-static,b,0.502,15,0.4129,0.9082,False
Turkish,坎卦-static,ʃ,-0.502,12,0.3632,0.9082,False
Turkish,離卦-dynamic,y,-0.478,11,0.4179,0.9082,False
Turkish,中卦-static,ɟ,-0.476,4,0.3731,0.9082,False
Turkish,震卦-static,y,-0.465,7,0.4129,0.9082,False
Turkish,艮卦-dynamic,v,-0.46,6,0.3831,0.9082,False
Turkish,坤卦-dynamic,b,-0.451,30,0.3881,0.9082,False
Turkish,中卦-static,ɛ,-0.447,39,0.408,0.9082,False
Turkish,坤卦-dynamic,ɔ,-0.445,16,0.3433,0.9082,False
Turkish,坤卦-dynamic,ɛ,-0.44,55,0.3781,0.9082,False
Turkish,中卦-static,ʃ,0.434,20,0.4279,0.9082,False
Turkish,震卦-static,i,0.429,28,0.4279,0.9082,False
Turkish,離卦-dynamic,d͡ʒ,-0.429,11,0.4279,0.9082,False
Turkish,坤卦-dynamic,d͡ʒ,0.426,24,0.398,0.9082,False
Turkish,兌卦-dynamic,ɪ,-0.426,52,0.3582,0.9082,False
Turkish,坎卦-static,s,-0.418,32,0.4229,0.9082,False
Turkish,震卦-static,ø,0.417,24,0.4279,0.9082,False
Turkish,震卦-static,p,0.414,26,0.4279,0.9082,False
Turkish,兌卦-dynamic,t,0.414,77,0.398,0.9082,False
Turkish,坤卦-dynamic,j,-0.411,39,0.3731,0.9082,False
Turkish,坤卦-dynamic,t,0.411,66,0.3632,0.9082,False
Turkish,坤卦-dynamic,m,-0.405,51,0.3831,0.9082,False
Turkish,震卦-static,s,-0.398,35,0.3433,0.9082,False
Turkish,離卦-dynamic,p,-0.393,27,0.4129,0.9082,False
Turkish,坤卦-dynamic,p,-0.39,20,0.408,0.9082,False
Turkish,坤卦-dynamic,o,-0.357,11,0.4328,0.9082,False
Turkish,離卦-dynamic,ɔ,-0.346,23,0.4229,0.9082,False
Turkish,兌卦-dynamic,t͡ʃ,-0.399,25,0.4378,0.9102,False
Turkish,乾卦-dynamic,j,-1.105,3,0.4478,0.9142,False
Turkish,乾卦-static,t͡ʃ,-0.676,5,0.4478,0.9142,False
Turkish,震卦-dynamic,ɯ,-0.496,21,0.4478,0.9142,False
Turkish,中卦-static,t͡ʃ,-0.424,15,0.4478,0.9142,False
Turkish,坤卦-dynamic,ø,0.401,28,0.4428,0.9142,False
Turkish,兌卦-dynamic,u,-0.348,13,0.4428,0.9142,False
Turkish,巽卦-static,m,-0.893,4,0.4527,0.9162,False
Turkish,兌卦-dynamic,a,0.398,243,0.4527,0.9162,False
Turkish,巽卦-static,b,0.923,7,0.4577,0.9208,False
Turkish,艮卦-dynamic,r,-0.53,25,0.4577,0.9208,False
Turkish,坤卦-dynamic,f,0.333,14,0.4627,0.9227,False
Turkish,震卦-static,u,0.299,14,0.4627,0.9227,False
Turkish,艮卦-static,ʊ,-0.576,8,0.4677,0.9245,False
Turkish,中卦-static,m,-0.348,38,0.4776,0.9281,False
Turkish,震卦-static,ɫ,-0.346,30,0.4726,0.9281,False
Turkish,震卦-static,ʃ,-0.327,15,0.4726,0.9281,False
Turkish,巽卦-static,ɪ,0.796,11,0.4925,0.9307,False
Turkish,巽卦-static,t,-0.782,6,0.4876,0.9307,False
Turkish,離卦-static,m,-0.731,7,0.4826,0.9307,False
Turkish,艮卦-static,e,-0.513,10,0.4925,0.9307,False
Turkish,乾卦-static,m,-0.629,12,0.4975,0.9323,False
Turkish,震卦-dynamic,h,0.46,10,0.4975,0.9323,False
Turkish,坎卦-static,j,0.332,41,0.4975,0.9323,False
Turkish,巽卦-static,l,0.773,5,0.5174,0.9354,False
Turkish,離卦-static,t,-0.65,9,0.5224,0.9354,False
Turkish,坎卦-dynamic,l,-0.637,4,0.5174,0.9354,False
Turkish,艮卦-static,o,0.545,8,0.5075,0.9354,False
Turkish,艮卦-static,ø,-0.488,5,0.5224,0.9354,False
Turkish,震卦-dynamic,i,0.416,17,0.5075,0.9354,False
Turkish,艮卦-dynamic,j,0.399,28,0.5124,0.9354,False
Turkish,坎卦-static,y,-0.389,7,0.5025,0.9354,False
Turkish,艮卦-dynamic,l,-0.372,12,0.5124,0.9354,False
Turkish,中卦-static,h,0.365,13,0.5075,0.9354,False
Turkish,中卦-static,v,-0.326,9,0.5224,0.9354,False
Turkish,兌卦-dynamic,œ,0.305,16,0.5224,0.9354,False
Turkish,離卦-dynamic,d,-0.301,40,0.5224,0.9354,False
Turkish,兌卦-dynamic,h,-0.294,13,0.5124,0.9354,False
Turkish,坎卦-dynamic,u,0.645,4,0.5323,0.9385,False
Turkish,艮卦-dynamic,z,-0.428,12,0.5274,0.9385,False
Turkish,坎卦-static,t,0.346,51,0.5323,0.9385,False
Turkish,震卦-static,ɯ,0.317,53,0.5323,0.9385,False
Turkish,乾卦-dynamic,r,0.767,8,0.5373,0.94,False
Turkish,坤卦-static,d,0.451,13,0.5373,0.94,False
Turkish,艮卦-static,y,0.387,6,0.5373,0.94,False
Turkish,乾卦-dynamic,t,-0.844,5,0.5423,0.9414,False
Turkish,震卦-dynamic,v,0.407,10,0.5423,0.9414,False
Turkish,坎卦-static,ɪ,-0.309,38,0.5423,0.9414,False
Turkish,艮卦-dynamic,s,-0.371,22,0.5473,0.9477,False
Turkish,巽卦-static,v,0.794,3,0.5572,0.9485,False
Turkish,離卦-static,ɔ,0.601,5,0.5572,0.9485,False
Turkish,離卦-static,o,0.589,4,0.5672,0.9485,False
Turkish,坎卦-dynamic,ʃ,-0.557,3,0.5522,0.9485,False
Turkish,艮卦-static,z,0.476,15,0.5622,0.9485,False
Turkish,艮卦-static,d,-0.373,11,0.5572,0.9485,False
Turkish,兌卦-dynamic,f,-0.369,11,0.5622,0.9485,False
Turkish,中卦-static,f,0.341,10,0.5622,0.9485,False
Turkish,離卦-dynamic,n,0.305,102,0.5672,0.9485,False
Turkish,震卦-static,d͡ʒ,0.275,18,0.5672,0.9485,False
Turkish,離卦-dynamic,e,0.27,54,0.5622,0.9485,False
Turkish,坤卦-dynamic,ɪ,-0.257,50,0.5522,0.9485,False
Turkish,兌卦-static,t,1.661,3,0.5721,0.9499,False
Turkish,兌卦-dynamic,r,-0.319,60,0.5721,0.9499,False
Turkish,兌卦-static,s,1.403,3,0.592,0.9541,False
Turkish,坎卦-dynamic,z,-0.625,4,0.5821,0.9541,False
Turkish,坎卦-dynamic,n,-0.545,10,0.5771,0.9541,False
Turkish,坎卦-dynamic,ɪ,-0.46,9,0.592,0.9541,False
Turkish,乾卦-static,ɯ,-0.458,12,0.592,0.9541,False
Turkish,離卦-dynamic,ʒ,0.423,3,0.5871,0.9541,False
Turkish,艮卦-static,i,-0.367,8,0.592,0.9541,False
Turkish,坤卦-static,z,0.358,12,0.597,0.9541,False
Turkish,中卦-static,ɫ,0.342,30,0.597,0.9541,False
Turkish,兌卦-dynamic,s,-0.266,52,0.597,0.9541,False
Turkish,坤卦-dynamic,v,0.265,18,0.5871,0.9541,False
Turkish,坤卦-dynamic,z,-0.252,26,0.592,0.9541,False
Turkish,坎卦-static,œ,-0.246,7,0.597,0.9541,False
Turkish,坤卦-static,ɯ,-0.403,14,0.607,0.9588,False
Turkish,震卦-static,h,-0.236,10,0.607,0.9588,False
Turkish,巽卦-static,ʊ,0.601,5,0.6169,0.9656,False
Turkish,震卦-static,m,-0.218,50,0.6169,0.9656,False
Turkish,中卦-dynamic,n,-0.63,5,0.6318,0.969,False
Turkish,中卦-dynamic,ɛ,0.553,9,0.6318,0.969,False
Turkish,乾卦-static,ɾ,0.367,11,0.6269,0.969,False
Turkish,坤卦-static,n,-0.327,18,0.6318,0.969,False
Turkish,艮卦-dynamic,ɟ,0.303,8,0.6269,0.969,False
Turkish,離卦-dynamic,h,-0.231,16,0.6219,0.969,False
Turkish,坎卦-dynamic,i,0.487,7,0.6368,0.9723,False
Turkish,艮卦-static,h,-0.364,4,0.6368,0.9723,False
Turkish,坤卦-dynamic,ɯ,0.227,60,0.6418,0.9734,False
Turkish,坤卦-dynamic,æ,-0.203,14,0.6418,0.9734,False
Turkish,乾卦-dynamic,ɛ,0.801,10,0.6517,0.9775,False
Turkish,巽卦-static,s,-0.524,5,0.6567,0.9775,False
Turkish,坎卦-dynamic,ɫ,0.482,9,0.6517,0.9775,False
Turkish,離卦-static,e,0.416,8,0.6667,0.9775,False
Turkish,震卦-dynamic,f,-0.337,5,0.6667,0.9775,False
Turkish,震卦-dynamic,ɪ,-0.313,25,0.6667,0.9775,False
Turkish,震卦-dynamic,b,-0.287,17,0.6716,0.9775,False
Turkish,艮卦-static,ɫ,0.284,16,0.6468,0.9775,False
Turkish,艮卦-dynamic,e,-0.261,16,0.6667,0.9775,False
Turkish,震卦-static,e,0.211,33,0.6517,0.9775,False
Turkish,震卦-static,œ,-0.187,8,0.6716,0.9775,False
Turkish,坤卦-dynamic,a,-0.185,185,0.6667,0.9775,False
Turkish,中卦-dynamic,b,0.478,5,0.6766,0.9784,False
Turkish,艮卦-dynamic,d͡ʒ,0.261,11,0.6766,0.9784,False
Turkish,兌卦-dynamic,v,-0.207,16,0.6766,0.9784,False
Turkish,乾卦-dynamic,m,-0.558,5,0.6915,0.9802,False
Turkish,中卦-dynamic,j,-0.549,4,0.6866,0.9802,False
Turkish,巽卦-static,ɛ,-0.506,7,0.6965,0.9802,False
Turkish,離卦-static,y,0.428,3,0.7015,0.9802,False
Turkish,離卦-static,ø,0.317,5,0.7015,0.9802,False
Turkish,離卦-static,ɛ,-0.313,11,0.7065,0.9802,False
Turkish,震卦-dynamic,u,-0.297,6,0.6866,0.9802,False
Turkish,艮卦-dynamic,ɔ,0.233,12,0.7015,0.9802,False
Turkish,中卦-static,n,0.231,52,0.6816,0.9802,False
Turkish,艮卦-static,k,0.195,53,0.7015,0.9802,False
Turkish,離卦-dynamic,ɫ,0.192,55,0.7015,0.9802,False
Turkish,乾卦-dynamic,e,-0.472,3,0.7114,0.982,False
Turkish,中卦-dynamic,ø,0.366,3,0.7164,0.982,False
Turkish,震卦-dynamic,t͡ʃ,0.229,16,0.7164,0.982,False
Turkish,艮卦-dynamic,b,-0.198,18,0.7164,0.982,False
Turkish,乾卦-dynamic,d,-0.509,3,0.7413,0.9846,False
Turkish,離卦-static,t͡ʃ,-0.411,4,0.7214,0.9846,False
Turkish,乾卦-dynamic,b,0.409,5,0.7313,0.9846,False
Turkish,坎卦-dynamic,d,0.361,8,0.7214,0.9846,False
Turkish,坎卦-dynamic,ɛ,-0.329,12,0.7413,0.9846,False
Turkish,乾卦-static,d͡ʒ,-0.308,3,0.7264,0.9846,False
Turkish,震卦-dynamic,d͡ʒ,-0.244,6,0.7363,0.9846,False
Turkish,坤卦-static,æ,0.223,6,0.7363,0.9846,False
Turkish,中卦-static,o,-0.205,9,0.7313,0.9846,False
Turkish,坎卦-static,b,-0.194,27,0.7363,0.9846,False
Turkish,震卦-static,n,0.193,61,0.7413,0.9846,False
Turkish,艮卦-dynamic,a,0.188,105,0.7413,0.9846,False
Turkish,坎卦-static,d͡ʒ,-0.182,10,0.7413,0.9846,False
Turkish,坎卦-dynamic,ɔ,0.365,5,0.7463,0.9873,False
Turkish,乾卦-static,z,0.231,10,0.7463,0.9873,False
Turkish,巽卦-static,d,0.309,5,0.7562,0.9928,False
Turkish,坎卦-static,ɛ,0.198,57,0.7562,0.9928,False
Turkish,中卦-static,ø,-0.176,13,0.7562,0.9928,False
Turkish,坤卦-static,u,-0.21,4,0.7612,0.9936,False
Turkish,坤卦-dynamic,e,-0.175,32,0.7612,0.9936,False
Turkish,震卦-static,l,-0.141,22,0.7612,0.9936,False
Turkish,中卦-dynamic,d,-0.458,3,0.7861,0.9941,False
Turkish,兌卦-static,a,-0.44,6,0.8905,0.9941,False
Turkish,巽卦-static,z,0.421,5,0.796,0.9941,False
Turkish,中卦-dynamic,m,-0.314,6,0.7861,0.9941,False
Turkish,乾卦-dynamic,ɯ,0.314,7,0.8856,0.9941,False
Turkish,巽卦-static,t͡ʃ,-0.309,3,0.801,0.9941,False
Turkish,乾卦-dynamic,a,0.308,23,0.8259,0.9941,False
Turkish,巽卦-static,r,-0.224,7,0.8557,0.9941,False
Turkish,坎卦-dynamic,r,-0.223,11,0.8607,0.9941,False
Turkish,乾卦-static,æ,-0.219,4,0.801,0.9941,False
Turkish,乾卦-dynamic,k,-0.214,13,0.8955,0.9941,False
Turkish,乾卦-dynamic,z,-0.212,3,0.8856,0.9941,False
Turkish,坤卦-static,ɛ,-0.205,20,0.7761,0.9941,False
Turkish,乾卦-static,ɛ,0.204,21,0.791,0.9941,False
Turkish,坎卦-static,ø,-0.203,14,0.7711,0.9941,False
Turkish,震卦-dynamic,s,-0.2,24,0.791,0.9941,False
Turkish,兌卦-static,k,-0.2,4,0.9403,0.9941,False
Turkish,坤卦-static,ɪ,0.199,21,0.7811,0.9941,False
Turkish,乾卦-static,ɪ,-0.197,15,0.801,0.9941,False
Turkish,乾卦-static,v,-0.194,4,0.8358,0.9941,False
Turkish,乾卦-dynamic,ɾ,-0.182,3,0.8955,0.9941,False
Turkish,中卦-static,ɡ,-0.181,4,0.7662,0.9941,False
Turkish,艮卦-static,f,0.178,5,0.8358,0.9941,False
Turkish,乾卦-static,ø,0.177,7,0.8209,0.9941,False
Turkish,離卦-static,ɪ,0.175,12,0.8358,0.9941,False
Turkish,艮卦-dynamic,p,-0.174,12,0.8209,0.9941,False
Turkish,艮卦-dynamic,ʊ,-0.174,14,0.7662,0.9941,False
Turkish,中卦-dynamic,p,0.171,3,0.9254,0.9941,False
Turkish,艮卦-static,d͡ʒ,-0.167,5,0.791,0.9941,False
Turkish,坤卦-static,j,0.163,16,0.8657,0.9941,False
Turkish,離卦-static,h,0.151,3,0.8557,0.9941,False
Turkish,艮卦-dynamic,n,0.15,37,0.8358,0.9941,False
Turkish,坎卦-static,h,-0.148,10,0.8209,0.9941,False
Turkish,離卦-dynamic,ɟ,0.146,18,0.7761,0.9941,False
Turkish,艮卦-dynamic,o,-0.142,7,0.796,0.9941,False
Turkish,乾卦-static,i,-0.142,7,0.8657,0.9941,False
Turkish,坤卦-static,œ,0.141,4,0.8159,0.9941,False
Turkish,坎卦-static,ɔ,-0.14,15,0.8209,0.9941,False
Turkish,震卦-dynamic,r,0.138,31,0.8607,0.9941,False
Turkish,坎卦-static,a,-0.135,147,0.7662,0.9941,False
Turkish,中卦-dynamic,r,-0.134,6,0.9353,0.9941,False
Turkish,乾卦-static,ʊ,0.133,9,0.8806,0.9941,False
Turkish,乾卦-dynamic,ɪ,0.13,7,0.9303,0.9941,False
Turkish,離卦-dynamic,ɡ,-0.128,8,0.7711,0.9941,False
Turkish,震卦-dynamic,o,-0.127,7,0.8308,0.9941,False
Turkish,艮卦-dynamic,ɛ,0.124,37,0.8209,0.9941,False
Turkish,艮卦-dynamic,ɯ,0.121,30,0.8507,0.9941,False
Turkish,坤卦-static,ɫ,0.119,13,0.8706,0.9941,False
Turkish,坎卦-dynamic,s,-0.119,10,0.9403,0.9941,False
Turkish,中卦-static,k,-0.119,86,0.801,0.9941,False
Turkish,乾卦-static,n,-0.108,18,0.8955,0.9941,False
Turkish,坎卦-static,ɟ,-0.107,8,0.8557,0.9941,False
Turkish,離卦-static,a,0.106,37,0.8856,0.9941,False
Turkish,坤卦-static,a,0.105,64,0.8358,0.9941,False
Turkish,乾卦-static,r,-0.104,16,0.8955,0.9941,False
Turkish,乾卦-static,ʃ,-0.101,6,0.8557,0.9941,False
Turkish,離卦-dynamic,r,-0.1,75,0.8209,0.9941,False
Turkish,艮卦-dynamic,æ,0.099,9,0.8706,0.9941,False
Turkish,兌卦-dynamic,j,0.099,56,0.8358,0.9941,False
Turkish,艮卦-static,ʃ,0.09,9,0.9005,0.9941,False
Turkish,離卦-static,l,-0.09,5,0.9254,0.9941,False
Turkish,乾卦-static,ɟ,-0.09,3,0.9403,0.9941,False
Turkish,兌卦-dynamic,l,-0.089,31,0.8557,0.9941,False
Turkish,震卦-dynamic,a,-0.086,98,0.8806,0.9941,False
Turkish,坎卦-static,ʊ,-0.083,22,0.8358,0.9941,False
Turkish,離卦-static,z,0.079,6,0.9403,0.9941,False
Turkish,乾卦-static,ɫ,-0.071,11,0.9403,0.9941,False
Turkish,坤卦-static,f,0.07,4,0.9154,0.9941,False
Turkish,艮卦-static,ɯ,-0.07,20,0.9154,0.9941,False
Turkish,坎卦-static,ɯ,-0.064,41,0.9104,0.9941,False
Turkish,中卦-static,æ,-0.063,11,0.8557,0.9941,False
Turkish,離卦-dynamic,ɪ,-0.063,76,0.9104,0.9941,False
Turkish,艮卦-static,a,0.061,75,0.9005,0.9941,False
Turkish,震卦-dynamic,l,-0.059,14,0.9154,0.9941,False
Turkish,艮卦-dynamic,t͡ʃ,-0.05,14,0.9254,0.9941,False
Turkish,離卦-dynamic,a,0.05,263,0.9353,0.9941,False
Turkish,坤卦-static,ʃ,-0.047,7,0.9353,0.9941,False
Turkish,坎卦-static,k,0.047,102,0.9254,0.9941,False
Turkish,中卦-static,ɾ,-0.047,21,0.9353,0.9941,False
Turkish,坤卦-dynamic,n,0.041,67,0.9353,0.9941,False
Turkish,震卦-static,r,-0.04,48,0.9353,0.9941,False
Turkish,中卦-static,d͡ʒ,-0.035,11,0.9204,0.9941,False
Turkish,坎卦-dynamic,t͡ʃ,0.107,6,0.9502,0.9965,False
Turkish,坎卦-dynamic,ɾ,-0.07,6,0.9453,0.9965,False
Turkish,震卦-dynamic,œ,0.059,6,0.9502,0.9965,False
Turkish,坤卦-static,p,-0.043,8,0.9652,0.9965,False
Turkish,坎卦-static,v,-0.037,12,0.9552,0.9965,False
Turkish,離卦-dynamic,i,-0.034,35,0.9552,0.9965,False
Turkish,中卦-dynamic,l,-0.027,3,0.99,0.9965,False
Turkish,離卦-static,b,-0.024,7,0.9751,0.9965,False
Turkish,坎卦-static,p,0.022,20,0.9751,0.9965,False
Turkish,中卦-static,œ,0.021,8,0.9652,0.9965,False
Turkish,震卦-dynamic,ɫ,-0.02,20,0.9801,0.9965,False
Turkish,艮卦-static,ɛ,0.018,26,0.99,0.9965,False
Turkish,震卦-static,ʊ,0.016,25,0.9851,0.9965,False
Turkish,離卦-dynamic,æ,0.015,22,0.9751,0.9965,False
Turkish,中卦-dynamic,k,0.013,14,0.995,0.9965,False
Turkish,離卦-static,i,0.011,5,0.99,0.9965,False
Turkish,坎卦-static,ɾ,0.002,24,0.995,0.9965,False
Turkish,中卦-static,t,0.003,42,1.0,1.0,False
Vietnamese,坎卦-static,a͡ɪ,3.999,14,0.005,0.2239,False
Vietnamese,巽卦-dynamic,s,3.529,6,0.005,0.2239,False
Vietnamese,中卦-dynamic,v,3.529,6,0.005,0.2239,False
Vietnamese,巽卦-static,ə͡ɪ,3.439,10,0.005,0.2239,False
Vietnamese,巽卦-static,k,3.321,25,0.005,0.2239,False
Vietnamese,離卦-static,h,2.947,15,0.005,0.2239,False
Vietnamese,震卦-static,ɗ,2.514,57,0.005,0.2239,False
Vietnamese,艮卦-dynamic,u͡ə,2.477,36,0.005,0.2239,False
Vietnamese,坎卦-static,e,2.361,52,0.005,0.2239,False
Vietnamese,震卦-static,x,2.235,19,0.005,0.2239,False
Vietnamese,離卦-dynamic,t,2.144,55,0.005,0.2239,False
Vietnamese,離卦-dynamic,y,2.061,29,0.005,0.2239,False
Vietnamese,艮卦-dynamic,ɜ,1.966,127,0.005,0.2239,False
Vietnamese,坤卦-dynamic,x,1.852,15,0.005,0.2239,False
Vietnamese,離卦-dynamic,t͡ʃ,1.684,64,0.005,0.2239,False
Vietnamese,離卦-dynamic,o,-1.657,18,0.005,0.2239,False
Vietnamese,震卦-static,m,-1.582,9,0.005,0.2239,False
Vietnamese,震卦-static,ɣ,1.836,19,0.01,0.3664,False
Vietnamese,坤卦-dynamic,n,1.534,79,0.01,0.3664,False
Vietnamese,震卦-static,ŋ,1.443,101,0.01,0.3664,False
Vietnamese,坎卦-dynamic,ɣ,2.526,5,0.0149,0.4133,False
Vietnamese,乾卦-static,n,2.293,27,0.0149,0.4133,False
Vietnamese,坎卦-dynamic,w,2.272,23,0.0149,0.4133,False
Vietnamese,乾卦-static,z,2.261,15,0.0199,0.4133,False
Vietnamese,震卦-static,i͡ə,1.953,7,0.0199,0.4133,False
Vietnamese,震卦-dynamic,y͡ə,1.92,24,0.0149,0.4133,False
Vietnamese,艮卦-dynamic,o,-1.617,14,0.0149,0.4133,False
Vietnamese,艮卦-static,ə,-1.579,5,0.0199,0.4133,False
Vietnamese,坤卦-dynamic,o,1.564,54,0.0199,0.4133,False
Vietnamese,坎卦-static,ɜ,-1.406,73,0.0199,0.4133,False
Vietnamese,離卦-dynamic,ɛ,1.405,25,0.0149,0.4133,False
Vietnamese,艮卦-dynamic,ɗ,1.336,36,0.0199,0.4133,False
Vietnamese,艮卦-dynamic,t̪,1.272,74,0.0149,0.4133,False
Vietnamese,坤卦-dynamic,c,-1.237,7,0.0199,0.4133,False
Vietnamese,震卦-static,o,1.198,55,0.0199,0.4133,False
Vietnamese,乾卦-static,l,2.171,12,0.0249,0.4914,False
Vietnamese,震卦-static,b,-1.129,14,0.0249,0.4914,False
Vietnamese,坎卦-dynamic,a,2.081,35,0.0299,0.5495,False
Vietnamese,艮卦-dynamic,j,1.19,56,0.0299,0.5495,False
Vietnamese,震卦-static,t̪,-1.168,36,0.0299,0.5495,False
Vietnamese,兌卦-static,i,3.079,6,0.0398,0.5656,False
Vietnamese,坤卦-static,m,1.732,27,0.0348,0.5656,False
Vietnamese,坤卦-static,e,1.616,14,0.0348,0.5656,False
Vietnamese,兌卦-dynamic,ɛ,1.465,13,0.0348,0.5656,False
Vietnamese,兌卦-dynamic,ɣ,1.461,10,0.0348,0.5656,False
Vietnamese,艮卦-static,u,1.231,21,0.0398,0.5656,False
Vietnamese,兌卦-dynamic,c,-1.207,5,0.0398,0.5656,False
Vietnamese,坤卦-dynamic,j,1.203,56,0.0398,0.5656,False
Vietnamese,坤卦-dynamic,t͡ʃ,-1.184,17,0.0398,0.5656,False
Vietnamese,震卦-static,ə͡ɪ,1.162,25,0.0398,0.5656,False
Vietnamese,中卦-dynamic,ɲ,2.482,6,0.0597,0.6092,False
Vietnamese,巽卦-static,ɜ,-2.367,9,0.0597,0.6092,False
Vietnamese,艮卦-static,b,1.293,21,0.0547,0.6092,False
Vietnamese,艮卦-static,n,-1.288,15,0.0498,0.6092,False
Vietnamese,坤卦-static,t͡ʃ,1.27,16,0.0547,0.6092,False
Vietnamese,中卦-static,i,1.176,46,0.0647,0.6092,False
Vietnamese,兌卦-dynamic,ɔ,1.166,33,0.0597,0.6092,False
Vietnamese,坤卦-dynamic,y,1.165,16,0.0547,0.6092,False
Vietnamese,兌卦-dynamic,n,1.144,49,0.0448,0.6092,False
Vietnamese,中卦-static,ɔ,-1.109,11,0.0597,0.6092,False
Vietnamese,兌卦-dynamic,u,-1.074,5,0.0547,0.6092,False
Vietnamese,坎卦-static,f,1.03,16,0.0547,0.6092,False
Vietnamese,艮卦-dynamic,t,1.026,30,0.0597,0.6092,False
Vietnamese,坎卦-static,p,-0.998,3,0.0498,0.6092,False
Vietnamese,兌卦-dynamic,o,-0.978,15,0.0647,0.6092,False
Vietnamese,震卦-static,t,-0.971,11,0.0647,0.6092,False
Vietnamese,震卦-static,y͡ə,0.963,30,0.0498,0.6092,False
Vietnamese,離卦-dynamic,n,0.935,91,0.0647,0.6092,False
Vietnamese,震卦-static,y,0.907,16,0.0597,0.6092,False
Vietnamese,震卦-static,p,-0.901,4,0.0597,0.6092,False
Vietnamese,離卦-dynamic,u͡ə,-0.854,5,0.0448,0.6092,False
Vietnamese,中卦-dynamic,t̪,2.267,9,0.0896,0.6125,False
Vietnamese,坎卦-dynamic,j,1.733,15,0.0746,0.6125,False
Vietnamese,乾卦-static,j,-1.66,3,0.0796,0.6125,False
Vietnamese,坎卦-dynamic,z,1.548,10,0.0945,0.6125,False
Vietnamese,離卦-static,f,1.498,4,0.0846,0.6125,False
Vietnamese,艮卦-static,t,-1.416,3,0.0697,0.6125,False
Vietnamese,坤卦-static,f,1.357,6,0.0697,0.6125,False
Vietnamese,坤卦-static,p,1.236,9,0.0945,0.6125,False
Vietnamese,艮卦-static,y͡ə,-1.173,4,0.0945,0.6125,False
Vietnamese,艮卦-static,ŋ,1.159,46,0.0896,0.6125,False
Vietnamese,中卦-static,ɲ,1.124,37,0.0697,0.6125,False
Vietnamese,中卦-static,y͡ə,1.109,25,0.0846,0.6125,False
Vietnamese,中卦-static,c,1.02,28,0.0846,0.6125,False
Vietnamese,兌卦-dynamic,t̪,-1.0,24,0.0846,0.6125,False
Vietnamese,坤卦-dynamic,u,-0.949,9,0.0846,0.6125,False
Vietnamese,坤卦-dynamic,u͡ə,-0.93,3,0.0945,0.6125,False
Vietnamese,兌卦-dynamic,b,-0.929,10,0.0945,0.6125,False
Vietnamese,坤卦-dynamic,w,-0.927,32,0.0746,0.6125,False
Vietnamese,坤卦-dynamic,ɛ,-0.909,4,0.0945,0.6125,False
Vietnamese,兌卦-dynamic,ə,0.853,39,0.0896,0.6125,False
Vietnamese,兌卦-static,u,2.735,4,0.0995,0.6152,False
Vietnamese,乾卦-static,ɜ,-1.535,18,0.0995,0.6152,False
Vietnamese,震卦-dynamic,ɛ,1.046,11,0.0995,0.6152,False
Vietnamese,坎卦-static,t͡ʃ,0.927,45,0.0995,0.6152,False
Vietnamese,艮卦-dynamic,h,-0.895,9,0.0995,0.6152,False
Vietnamese,中卦-static,z,0.806,30,0.0995,0.6152,False
Vietnamese,坤卦-static,b,-1.294,4,0.1045,0.6177,False
Vietnamese,兌卦-dynamic,j,0.909,35,0.1045,0.6177,False
Vietnamese,震卦-static,i͡ɛ,-0.899,8,0.1045,0.6177,False
Vietnamese,離卦-dynamic,e,0.784,39,0.1045,0.6177,False
Vietnamese,震卦-dynamic,ɔ,-1.048,9,0.1144,0.6348,False
Vietnamese,震卦-static,h,-0.832,11,0.1144,0.6348,False
Vietnamese,離卦-dynamic,s,-0.707,19,0.1144,0.6348,False
Vietnamese,離卦-dynamic,v,0.682,30,0.1095,0.6348,False
Vietnamese,坎卦-static,t̪,-0.839,43,0.1194,0.6448,False
Vietnamese,震卦-static,u͡ə,-0.775,5,0.1194,0.6448,False
Vietnamese,離卦-dynamic,l,-0.712,21,0.1194,0.6448,False
Vietnamese,兌卦-static,m,2.43,6,0.1244,0.6542,False
Vietnamese,震卦-dynamic,ɗ,0.986,21,0.1244,0.6542,False
Vietnamese,艮卦-dynamic,ŋ,-0.942,27,0.1244,0.6542,False
Vietnamese,艮卦-dynamic,p,-0.758,5,0.1244,0.6542,False
Vietnamese,坎卦-dynamic,ə͡ɪ,1.42,6,0.1393,0.6565,False
Vietnamese,坎卦-dynamic,ŋ,-1.305,4,0.1294,0.6565,False
Vietnamese,坤卦-static,s,1.196,22,0.1443,0.6565,False
Vietnamese,坤卦-static,y͡ə,-1.075,3,0.1443,0.6565,False
Vietnamese,坤卦-static,a,1.03,45,0.1393,0.6565,False
Vietnamese,艮卦-static,h,-1.015,4,0.1443,0.6565,False
Vietnamese,兌卦-dynamic,ɗ,0.946,21,0.1343,0.6565,False
Vietnamese,震卦-dynamic,ɜ,0.926,72,0.1443,0.6565,False
Vietnamese,兌卦-dynamic,y͡ə,0.903,18,0.1443,0.6565,False
Vietnamese,兌卦-dynamic,p,0.839,14,0.1343,0.6565,False
Vietnamese,坎卦-static,n,0.738,73,0.1294,0.6565,False
Vietnamese,中卦-dynamic,ə,2.032,8,0.1493,0.6643,False
Vietnamese,離卦-static,y,1.353,4,0.1493,0.6643,False
Vietnamese,坤卦-static,k,-1.112,9,0.1493,0.6643,False
Vietnamese,坎卦-static,s,-0.748,15,0.1493,0.6643,False
Vietnamese,中卦-dynamic,i͡ɛ,2.008,5,0.1542,0.6681,False
Vietnamese,震卦-dynamic,l,0.877,20,0.1542,0.6681,False
Vietnamese,坎卦-static,v,0.852,28,0.1592,0.6787,False
Vietnamese,坎卦-static,b,0.785,37,0.1592,0.6787,False
Vietnamese,離卦-static,ɔ,1.367,12,0.1642,0.6851,False
Vietnamese,乾卦-static,t̪,1.189,21,0.1692,0.6851,False
Vietnamese,艮卦-static,k,1.059,42,0.1642,0.6851,False
Vietnamese,艮卦-static,y,0.921,8,0.1692,0.6851,False
Vietnamese,兌卦-dynamic,ŋ,-0.851,20,0.1692,0.6851,False
Vietnamese,兌卦-dynamic,u͡ə,-0.785,3,0.1692,0.6851,False
Vietnamese,震卦-static,i,-0.638,21,0.1692,0.6851,False
Vietnamese,離卦-dynamic,c,0.65,37,0.1741,0.6982,False
Vietnamese,坤卦-static,ɜ,0.984,40,0.1841,0.7203,False
Vietnamese,乾卦-static,m,-1.117,5,0.1891,0.7223,False
Vietnamese,中卦-static,k,-0.852,27,0.1891,0.7223,False
Vietnamese,坎卦-static,k,-0.691,39,0.1891,0.7223,False
Vietnamese,坎卦-static,a,-0.677,86,0.1891,0.7223,False
Vietnamese,坎卦-static,u͡ə,-0.693,6,0.194,0.731,False
Vietnamese,震卦-static,ɛ,-0.69,6,0.194,0.731,False
Vietnamese,艮卦-static,ɲ,0.836,21,0.199,0.7428,False
Vietnamese,震卦-dynamic,o,-0.83,16,0.204,0.7443,False
Vietnamese,震卦-dynamic,b,0.802,22,0.204,0.7443,False
Vietnamese,震卦-static,ɔ,-0.646,22,0.204,0.7443,False
Vietnamese,震卦-dynamic,e,0.849,20,0.209,0.7522,False
Vietnamese,中卦-static,p,-0.689,5,0.209,0.7522,False
Vietnamese,中卦-static,m,0.657,46,0.209,0.7522,False
Vietnamese,離卦-static,l,-1.027,3,0.2189,0.7577,False
Vietnamese,坤卦-static,n,0.923,25,0.2189,0.7577,False
Vietnamese,艮卦-static,p,-0.713,3,0.2189,0.7577,False
Vietnamese,震卦-dynamic,t̪,-0.701,27,0.2139,0.7577,False
Vietnamese,中卦-static,t,-0.602,12,0.2189,0.7577,False
Vietnamese,坤卦-dynamic,ŋ,0.594,68,0.2189,0.7577,False
Vietnamese,兌卦-static,o,1.875,4,0.2239,0.7588,False
Vietnamese,坤卦-dynamic,m,0.705,53,0.2239,0.7588,False
Vietnamese,坎卦-static,ɣ,0.686,11,0.2239,0.7588,False
Vietnamese,離卦-dynamic,ɲ,-0.577,25,0.2239,0.7588,False
Vietnamese,震卦-static,j,0.564,51,0.2239,0.7588,False
Vietnamese,離卦-dynamic,ŋ,-0.607,48,0.2289,0.766,False
Vietnamese,離卦-dynamic,u,-0.558,19,0.2289,0.766,False
Vietnamese,乾卦-dynamic,c,2.324,3,0.2338,0.7713,False
Vietnamese,兌卦-static,b,1.818,3,0.2438,0.7713,False
Vietnamese,坤卦-static,h,-0.953,3,0.2438,0.7713,False
Vietnamese,乾卦-static,c,-0.932,3,0.2388,0.7713,False
Vietnamese,艮卦-static,ɛ,0.739,8,0.2388,0.7713,False
Vietnamese,坎卦-static,c,-0.668,15,0.2338,0.7713,False
Vietnamese,震卦-dynamic,n,-0.654,26,0.2388,0.7713,False
Vietnamese,坎卦-static,ə,0.636,60,0.2438,0.7713,False
Vietnamese,離卦-dynamic,i͡ɛ,0.63,40,0.2388,0.7713,False
Vietnamese,離卦-static,t̪,1.232,17,0.2488,0.775,False
Vietnamese,艮卦-static,t̪,-0.73,22,0.2488,0.775,False
Vietnamese,兌卦-dynamic,ɜ,0.59,69,0.2488,0.775,False
Vietnamese,巽卦-static,z,1.423,8,0.2537,0.7785,False
Vietnamese,巽卦-static,i͡ɛ,1.41,8,0.2537,0.7785,False
Vietnamese,中卦-static,ɛ,-0.648,5,0.2537,0.7785,False
Vietnamese,兌卦-dynamic,k,-0.595,25,0.2537,0.7785,False
Vietnamese,坤卦-dynamic,a͡ɪ,0.736,3,0.2587,0.7878,False
Vietnamese,坎卦-static,t,0.595,29,0.2587,0.7878,False
Vietnamese,兌卦-static,ŋ,1.841,7,0.2687,0.7913,False
Vietnamese,坎卦-dynamic,ɲ,-1.001,3,0.2637,0.7913,False
Vietnamese,艮卦-static,m,0.766,30,0.2687,0.7913,False
Vietnamese,震卦-dynamic,t,0.721,18,0.2687,0.7913,False
Vietnamese,坎卦-static,h,0.682,36,0.2687,0.7913,False
Vietnamese,震卦-static,k,0.548,71,0.2687,0.7913,False
Vietnamese,乾卦-static,ɲ,-0.937,4,0.2736,0.8002,False
Vietnamese,震卦-static,f,0.524,12,0.2786,0.8031,False
Vietnamese,離卦-dynamic,i,0.413,51,0.2786,0.8031,False
Vietnamese,巽卦-dynamic,ə,1.847,4,0.2886,0.806,False
Vietnamese,坎卦-dynamic,n,-0.892,8,0.2886,0.806,False
Vietnamese,中卦-static,i͡ɛ,0.523,25,0.2886,0.806,False
Vietnamese,離卦-dynamic,t̪,-0.52,58,0.2836,0.806,False
Vietnamese,乾卦-static,i͡ɛ,0.937,10,0.2935,0.8115,False
Vietnamese,兌卦-dynamic,m,0.619,35,0.2935,0.8115,False
Vietnamese,震卦-static,l,-0.558,19,0.2935,0.8115,False
Vietnamese,坤卦-static,t̪,-0.837,14,0.3035,0.8194,False
Vietnamese,坤卦-dynamic,t̪,-0.598,42,0.2985,0.8194,False
Vietnamese,艮卦-dynamic,u,-0.576,14,0.3035,0.8194,False
Vietnamese,艮卦-dynamic,v,-0.475,7,0.3035,0.8194,False
Vietnamese,巽卦-dynamic,ɔ,1.753,3,0.3085,0.8273,False
Vietnamese,艮卦-static,o,0.576,23,0.3085,0.8273,False
Vietnamese,巽卦-static,w,1.262,15,0.3134,0.8297,False
Vietnamese,坎卦-dynamic,p,0.937,5,0.3134,0.8297,False
Vietnamese,坎卦-static,y,-0.529,6,0.3134,0.8297,False
Vietnamese,兌卦-static,ɔ,1.77,4,0.3234,0.8342,False
Vietnamese,兌卦-dynamic,e,0.525,18,0.3234,0.8342,False
Vietnamese,震卦-static,ɲ,-0.498,22,0.3184,0.8342,False
Vietnamese,離卦-static,p,0.937,5,0.3284,0.8355,False
Vietnamese,坤卦-static,w,-0.772,13,0.3383,0.8355,False
Vietnamese,震卦-dynamic,s,-0.615,11,0.3383,0.8355,False
Vietnamese,艮卦-static,e,0.593,15,0.3383,0.8355,False
Vietnamese,中卦-static,ɗ,0.58,23,0.3333,0.8355,False
Vietnamese,坎卦-static,y͡ə,-0.523,15,0.3333,0.8355,False
Vietnamese,中卦-static,h,-0.497,13,0.3333,0.8355,False
Vietnamese,坎卦-static,i͡ɛ,-0.492,15,0.3383,0.8355,False
Vietnamese,震卦-static,t͡ʃ,0.41,38,0.3284,0.8355,False
Vietnamese,坎卦-dynamic,k,-0.872,7,0.3483,0.8497,False
Vietnamese,坎卦-dynamic,t͡ʃ,0.833,9,0.3483,0.8497,False
Vietnamese,中卦-static,b,-0.492,17,0.3582,0.8661,False
Vietnamese,艮卦-dynamic,b,0.429,29,0.3582,0.8661,False
Vietnamese,坎卦-dynamic,l,0.906,7,0.3632,0.8755,False
Vietnamese,離卦-dynamic,ə͡ɪ,-0.347,4,0.3682,0.8797,False
Vietnamese,乾卦-static,y͡ə,-0.837,3,0.3731,0.8812,False
Vietnamese,乾卦-static,k,-0.834,9,0.3731,0.8812,False
Vietnamese,艮卦-static,a,0.595,61,0.3731,0.8812,False
Vietnamese,中卦-static,t͡ʃ,0.499,31,0.3781,0.8877,False
Vietnamese,中卦-dynamic,w,1.397,8,0.3831,0.8891,False
Vietnamese,兌卦-dynamic,l,0.491,18,0.3831,0.8891,False
Vietnamese,坎卦-dynamic,ə,-0.733,6,0.3881,0.893,False
Vietnamese,震卦-dynamic,z,0.466,20,0.393,0.9019,False
Vietnamese,坎卦-dynamic,e,-0.749,3,0.398,0.9056,False
Vietnamese,艮卦-dynamic,ɔ,-0.383,24,0.398,0.9056,False
Vietnamese,乾卦-dynamic,b,2.058,3,0.403,0.9089,False
Vietnamese,離卦-static,y͡ə,0.837,6,0.408,0.9089,False
Vietnamese,坤卦-static,ɛ,0.597,5,0.4129,0.9089,False
Vietnamese,坤卦-dynamic,a,0.476,107,0.4129,0.9089,False
Vietnamese,中卦-static,y,-0.471,5,0.408,0.9089,False
Vietnamese,坤卦-dynamic,l,-0.452,18,0.4129,0.9089,False
Vietnamese,坎卦-static,u,-0.431,18,0.408,0.9089,False
Vietnamese,坎卦-static,i͡ə,0.435,3,0.4179,0.91,False
Vietnamese,坤卦-dynamic,b,-0.42,20,0.4179,0.91,False
Vietnamese,坎卦-static,i,0.403,43,0.4179,0.91,False
Vietnamese,巽卦-dynamic,t̪,1.458,4,0.4229,0.9113,False
Vietnamese,中卦-dynamic,n,-1.119,3,0.4378,0.9113,False
Vietnamese,離卦-static,ɜ,0.93,25,0.4378,0.9113,False
Vietnamese,離卦-static,ŋ,0.783,17,0.4428,0.9113,False
Vietnamese,乾卦-static,b,-0.685,5,0.4328,0.9113,False
Vietnamese,坎卦-dynamic,o,-0.677,6,0.4478,0.9113,False
Vietnamese,離卦-static,t,-0.671,3,0.4478,0.9113,False
Vietnamese,乾卦-static,h,0.63,9,0.4428,0.9113,False
Vietnamese,坤卦-static,t,-0.605,5,0.4328,0.9113,False
Vietnamese,震卦-dynamic,ɲ,-0.525,13,0.4428,0.9113,False
Vietnamese,艮卦-dynamic,w,-0.408,43,0.4478,0.9113,False
Vietnamese,坎卦-static,j,0.4,49,0.4328,0.9113,False
Vietnamese,離卦-dynamic,h,0.398,37,0.4279,0.9113,False
Vietnamese,坎卦-static,l,-0.395,21,0.4478,0.9113,False
Vietnamese,震卦-static,w,-0.395,48,0.4279,0.9113,False
Vietnamese,離卦-dynamic,z,-0.388,26,0.4378,0.9113,False
Vietnamese,離卦-static,i,-0.729,4,0.5025,0.9183,False
Vietnamese,坎卦-dynamic,c,-0.698,3,0.5124,0.9183,False
Vietnamese,乾卦-static,w,0.673,19,0.4577,0.9183,False
Vietnamese,離卦-static,n,-0.659,9,0.4826,0.9183,False
Vietnamese,乾卦-static,u,-0.589,4,0.5124,0.9183,False
Vietnamese,乾卦-static,s,-0.58,5,0.4925,0.9183,False
Vietnamese,坤卦-static,x,0.578,3,0.4726,0.9183,False
Vietnamese,坎卦-dynamic,y͡ə,-0.56,3,0.4925,0.9183,False
Vietnamese,坤卦-static,i,-0.484,8,0.4876,0.9183,False
Vietnamese,震卦-dynamic,u͡ə,0.459,11,0.4925,0.9183,False
Vietnamese,震卦-dynamic,h,0.446,19,0.4925,0.9183,False
Vietnamese,震卦-dynamic,i,-0.446,15,0.5075,0.9183,False
Vietnamese,震卦-dynamic,v,-0.439,5,0.4627,0.9183,False
Vietnamese,艮卦-dynamic,y,-0.42,6,0.4527,0.9183,False
Vietnamese,坤卦-dynamic,ə,-0.419,32,0.5124,0.9183,False
Vietnamese,艮卦-static,j,0.411,24,0.4826,0.9183,False
Vietnamese,震卦-dynamic,t͡ʃ,-0.407,17,0.5124,0.9183,False
Vietnamese,兌卦-dynamic,h,-0.399,11,0.4975,0.9183,False
Vietnamese,兌卦-dynamic,a,-0.391,57,0.4577,0.9183,False
Vietnamese,兌卦-dynamic,t,0.384,16,0.4726,0.9183,False
Vietnamese,震卦-dynamic,i͡ɛ,-0.379,10,0.4726,0.9183,False
Vietnamese,艮卦-dynamic,x,-0.376,3,0.4925,0.9183,False
Vietnamese,艮卦-dynamic,e,-0.367,17,0.4925,0.9183,False
Vietnamese,艮卦-dynamic,ɣ,-0.361,3,0.4975,0.9183,False
Vietnamese,坎卦-static,ŋ,0.359,70,0.5075,0.9183,False
Vietnamese,坎卦-static,o,0.356,44,0.4677,0.9183,False
Vietnamese,艮卦-dynamic,ɛ,0.345,12,0.5124,0.9183,False
Vietnamese,艮卦-dynamic,s,-0.342,23,0.4876,0.9183,False
Vietnamese,艮卦-dynamic,i͡ɛ,-0.309,16,0.5075,0.9183,False
Vietnamese,離卦-static,w,-0.607,9,0.5174,0.9252,False
Vietnamese,震卦-static,v,-0.325,10,0.5224,0.93,False
Vietnamese,巽卦-dynamic,a,-1.349,3,0.5323,0.9406,False
Vietnamese,巽卦-static,ɲ,-0.807,3,0.5423,0.9406,False
Vietnamese,巽卦-static,u,0.715,6,0.5323,0.9406,False
Vietnamese,坤卦-static,ŋ,-0.428,15,0.5423,0.9406,False
Vietnamese,坤卦-static,z,-0.425,7,0.5423,0.9406,False
Vietnamese,中卦-static,t̪,-0.338,41,0.5373,0.9406,False
Vietnamese,震卦-static,s,-0.323,26,0.5423,0.9406,False
Vietnamese,艮卦-dynamic,y͡ə,0.31,21,0.5373,0.9406,False
Vietnamese,震卦-static,e,-0.27,20,0.5373,0.9406,False
Vietnamese,離卦-dynamic,k,-0.251,60,0.5423,0.9406,False
Vietnamese,艮卦-static,t͡ʃ,0.429,19,0.5473,0.9412,False
Vietnamese,坤卦-static,u͡ə,-0.398,3,0.5473,0.9412,False
Vietnamese,艮卦-static,z,-0.351,11,0.5473,0.9412,False
Vietnamese,離卦-dynamic,b,-0.261,29,0.5522,0.9417,False
Vietnamese,離卦-dynamic,ɣ,-0.244,5,0.5522,0.9417,False
Vietnamese,離卦-static,b,0.542,7,0.5622,0.9448,False
Vietnamese,坤卦-static,j,-0.439,11,0.5622,0.9448,False
Vietnamese,乾卦-dynamic,i͡ɛ,1.713,3,0.5721,0.945,False
Vietnamese,乾卦-dynamic,ɲ,1.423,3,0.602,0.945,False
Vietnamese,中卦-dynamic,l,0.92,3,0.5821,0.945,False
Vietnamese,巽卦-static,t̪,-0.63,8,0.5672,0.945,False
Vietnamese,離卦-static,ɗ,0.561,6,0.5871,0.945,False
Vietnamese,坎卦-dynamic,u͡ə,0.541,4,0.5771,0.945,False
Vietnamese,坎卦-dynamic,m,-0.462,7,0.597,0.945,False
Vietnamese,乾卦-static,f,0.456,3,0.602,0.945,False
Vietnamese,坤卦-static,u,0.415,10,0.5721,0.945,False
Vietnamese,艮卦-static,x,0.41,4,0.5871,0.945,False
Vietnamese,艮卦-static,c,-0.39,9,0.602,0.945,False
Vietnamese,坤卦-dynamic,ɔ,0.319,35,0.602,0.945,False
Vietnamese,兌卦-dynamic,s,-0.319,16,0.5871,0.945,False
Vietnamese,坎卦-static,w,-0.306,51,0.602,0.945,False
Vietnamese,兌卦-dynamic,z,0.305,19,0.5721,0.945,False
Vietnamese,坤卦-dynamic,i͡ɛ,0.301,25,0.597,0.945,False
Vietnamese,離卦-dynamic,ɗ,-0.273,20,0.597,0.945,False
Vietnamese,艮卦-dynamic,ə͡ɪ,-0.27,4,0.602,0.945,False
Vietnamese,震卦-static,ɜ,-0.269,95,0.5821,0.945,False
Vietnamese,中卦-static,ɜ,0.26,84,0.5871,0.945,False
Vietnamese,震卦-static,c,0.258,26,0.5672,0.945,False
Vietnamese,中卦-static,e,-0.256,16,0.592,0.945,False
Vietnamese,坤卦-dynamic,i,-0.248,26,0.592,0.945,False
Vietnamese,離卦-dynamic,j,-0.2,45,0.592,0.945,False
Vietnamese,中卦-dynamic,k,0.831,7,0.6119,0.9451,False
Vietnamese,巽卦-static,m,-0.675,5,0.6219,0.9451,False
Vietnamese,乾卦-static,ɔ,0.501,11,0.6219,0.9451,False
Vietnamese,震卦-dynamic,m,-0.4,21,0.607,0.9451,False
Vietnamese,坤卦-static,ɗ,-0.38,5,0.6169,0.9451,False
Vietnamese,中卦-static,l,-0.313,17,0.6169,0.9451,False
Vietnamese,兌卦-dynamic,w,-0.283,31,0.6219,0.9451,False
Vietnamese,坎卦-static,x,-0.277,4,0.6119,0.9451,False
Vietnamese,坎卦-static,ɗ,0.273,25,0.6169,0.9451,False
Vietnamese,坤卦-dynamic,e,-0.266,18,0.6219,0.9451,False
Vietnamese,艮卦-dynamic,ɲ,-0.266,23,0.6219,0.9451,False
Vietnamese,坤卦-dynamic,v,-0.248,10,0.6119,0.9451,False
Vietnamese,兌卦-dynamic,ɲ,-0.226,16,0.6169,0.9451,False
Vietnamese,中卦-dynamic,c,0.884,3,0.6318,0.9478,False
Vietnamese,中卦-static,x,-0.301,3,0.6368,0.9499,False
Vietnamese,坤卦-dynamic,t,0.239,22,0.6368,0.9499,False
Vietnamese,乾卦-dynamic,o,0.925,3,0.6418,0.9533,False
Vietnamese,坎卦-dynamic,s,0.499,10,0.6567,0.9533,False
Vietnamese,離卦-static,t͡ʃ,0.433,8,0.6567,0.9533,False
Vietnamese,坎卦-dynamic,ɗ,-0.43,3,0.6567,0.9533,False
Vietnamese,艮卦-static,i,-0.286,14,0.6468,0.9533,False
Vietnamese,震卦-dynamic,w,0.254,38,0.6468,0.9533,False
Vietnamese,兌卦-dynamic,ə͡ɪ,-0.238,3,0.6567,0.9533,False
Vietnamese,兌卦-dynamic,i,-0.226,18,0.6517,0.9533,False
Vietnamese,艮卦-dynamic,c,0.218,23,0.6418,0.9533,False
Vietnamese,艮卦-dynamic,z,-0.265,21,0.6617,0.9537,False
Vietnamese,坤卦-dynamic,ɲ,0.253,30,0.6617,0.9537,False
Vietnamese,坤卦-dynamic,y͡ə,-0.223,16,0.6617,0.9537,False
Vietnamese,巽卦-static,n,-0.508,8,0.6766,0.9581,False
Vietnamese,離卦-static,a,0.492,25,0.6766,0.9581,False
Vietnamese,震卦-dynamic,c,0.304,16,0.6766,0.9581,False
Vietnamese,坎卦-static,m,-0.198,40,0.6766,0.9581,False
Vietnamese,離卦-dynamic,x,0.178,8,0.6716,0.9581,False
Vietnamese,兌卦-dynamic,t͡ʃ,0.236,22,0.6816,0.9618,False
Vietnamese,乾卦-dynamic,ŋ,0.916,5,0.6866,0.9638,False
Vietnamese,乾卦-static,ə,0.399,14,0.6915,0.9641,False
Vietnamese,中卦-static,f,-0.253,5,0.6915,0.9641,False
Vietnamese,中卦-static,u,0.249,22,0.6915,0.9641,False
Vietnamese,中卦-dynamic,ɜ,0.564,10,0.7065,0.9701,False
Vietnamese,巽卦-static,j,-0.359,6,0.7114,0.9701,False
Vietnamese,乾卦-static,a,0.339,30,0.7114,0.9701,False
Vietnamese,艮卦-static,l,-0.241,11,0.7065,0.9701,False
Vietnamese,艮卦-static,w,-0.21,26,0.7114,0.9701,False
Vietnamese,中卦-static,w,-0.183,42,0.7065,0.9701,False
Vietnamese,震卦-static,n,-0.173,53,0.7015,0.9701,False
Vietnamese,離卦-dynamic,ɔ,-0.147,37,0.7114,0.9701,False
Vietnamese,中卦-static,j,0.176,35,0.7214,0.9804,False
Vietnamese,艮卦-dynamic,t͡ʃ,-0.17,28,0.7214,0.9804,False
Vietnamese,巽卦-static,ŋ,0.377,12,0.7264,0.9839,False
Vietnamese,中卦-dynamic,a,-0.503,8,0.7313,0.984,False
Vietnamese,艮卦-static,v,0.221,9,0.7313,0.984,False
Vietnamese,兌卦-dynamic,y,-0.206,5,0.7313,0.984,False
Vietnamese,中卦-static,ə,0.194,39,0.7313,0.984,False
Vietnamese,乾卦-dynamic,ɜ,-0.742,5,0.7711,0.9849,False
Vietnamese,中卦-dynamic,i,0.532,4,0.7363,0.9849,False
Vietnamese,乾卦-dynamic,a,0.485,7,0.791,0.9849,False
Vietnamese,乾卦-dynamic,w,0.475,4,0.8109,0.9849,False
Vietnamese,中卦-dynamic,o,0.473,4,0.7562,0.9849,False
Vietnamese,離卦-static,k,-0.329,10,0.7711,0.9849,False
Vietnamese,坎卦-dynamic,h,-0.326,4,0.801,0.9849,False
Vietnamese,巽卦-static,y͡ə,0.289,4,0.8109,0.9849,False
Vietnamese,乾卦-static,o,0.283,11,0.7761,0.9849,False
Vietnamese,坎卦-dynamic,b,-0.278,5,0.7861,0.9849,False
Vietnamese,巽卦-static,h,0.278,5,0.7861,0.9849,False
Vietnamese,坎卦-dynamic,ɔ,-0.265,6,0.7463,0.9849,False
Vietnamese,巽卦-static,o,-0.256,6,0.801,0.9849,False
Vietnamese,震卦-dynamic,ə͡ɪ,-0.232,3,0.7662,0.9849,False
Vietnamese,離卦-static,s,-0.221,6,0.8109,0.9849,False
Vietnamese,震卦-dynamic,j,0.216,27,0.7662,0.9849,False
Vietnamese,乾卦-static,i,0.213,10,0.7662,0.9849,False
Vietnamese,震卦-dynamic,k,0.185,37,0.7512,0.9849,False
Vietnamese,坤卦-static,ɔ,-0.181,10,0.7811,0.9849,False
Vietnamese,坤卦-dynamic,z,-0.176,22,0.7463,0.9849,False
Vietnamese,坎卦-static,z,-0.173,25,0.7512,0.9849,False
Vietnamese,坎卦-static,ə͡ɪ,-0.168,6,0.7662,0.9849,False
Vietnamese,艮卦-static,i͡ɛ,-0.166,10,0.791,0.9849,False
Vietnamese,離卦-dynamic,a,0.166,132,0.7463,0.9849,False
Vietnamese,艮卦-dynamic,n,-0.161,48,0.7463,0.9849,False
Vietnamese,震卦-dynamic,a,0.158,66,0.8109,0.9849,False
Vietnamese,兌卦-dynamic,x,0.157,4,0.7662,0.9849,False
Vietnamese,震卦-static,z,0.156,29,0.7562,0.9849,False
Vietnamese,中卦-static,v,-0.15,10,0.8159,0.9849,False
Vietnamese,艮卦-dynamic,i,-0.144,28,0.7562,0.9849,False
Vietnamese,震卦-static,ə,0.142,48,0.7512,0.9849,False
Vietnamese,震卦-static,u,0.132,26,0.801,0.9849,False
Vietnamese,坤卦-dynamic,h,-0.131,20,0.796,0.9849,False
Vietnamese,坎卦-static,ɛ,0.128,12,0.796,0.9849,False
Vietnamese,中卦-static,ŋ,-0.128,43,0.7662,0.9849,False
Vietnamese,離卦-dynamic,p,-0.119,15,0.7761,0.9849,False
Vietnamese,離卦-dynamic,ɜ,-0.115,118,0.7512,0.9849,False
Vietnamese,坤卦-dynamic,ɗ,-0.114,17,0.801,0.9849,False
Vietnamese,艮卦-dynamic,l,0.101,23,0.796,0.9849,False
Vietnamese,坤卦-static,ɲ,0.24,11,0.8209,0.9865,False
Vietnamese,離卦-dynamic,w,-0.098,66,0.8209,0.9865,False
Vietnamese,乾卦-dynamic,t̪,-0.365,3,0.8458,0.9878,False
Vietnamese,兌卦-static,t̪,0.341,4,0.8607,0.9878,False
Vietnamese,兌卦-static,w,0.314,4,0.8756,0.9878,False
Vietnamese,兌卦-static,k,0.302,4,0.8458,0.9878,False
Vietnamese,離卦-static,m,-0.244,8,0.8507,0.9878,False
Vietnamese,巽卦-static,ə,-0.203,7,0.8706,0.9878,False
Vietnamese,艮卦-static,ə͡ɪ,-0.158,3,0.8557,0.9878,False
Vietnamese,離卦-static,j,-0.153,8,0.8507,0.9878,False
Vietnamese,乾卦-static,p,0.145,4,0.8706,0.9878,False
Vietnamese,坤卦-static,c,-0.142,7,0.8607,0.9878,False
Vietnamese,坎卦-static,ɲ,0.122,32,0.8607,0.9878,False
Vietnamese,中卦-static,s,0.121,30,0.8657,0.9878,False
Vietnamese,兌卦-dynamic,v,-0.119,8,0.8657,0.9878,False
Vietnamese,中卦-static,o,-0.118,29,0.8259,0.9878,False
Vietnamese,艮卦-static,ɜ,0.102,51,0.8458,0.9878,False
Vietnamese,兌卦-dynamic,i͡ɛ,-0.099,13,0.8458,0.9878,False
Vietnamese,離卦-dynamic,y͡ə,-0.095,23,0.8358,0.9878,False
Vietnamese,艮卦-dynamic,a,0.093,97,0.8308,0.9878,False
Vietnamese,離卦-dynamic,m,-0.092,50,0.8706,0.9878,False
Vietnamese,中卦-static,a,-0.091,81,0.8408,0.9878,False
Vietnamese,離卦-dynamic,f,-0.091,9,0.8358,0.9878,False
Vietnamese,震卦-static,a,0.073,107,0.8458,0.9878,False
Vietnamese,乾卦-static,ɗ,-0.098,5,0.8856,0.9949,False
Vietnamese,巽卦-dynamic,ɜ,0.315,5,0.8905,0.995,False
Vietnamese,乾卦-static,t͡ʃ,0.118,9,0.8905,0.995,False
Vietnamese,坎卦-static,ɔ,0.056,35,0.8905,0.995,False
Vietnamese,艮卦-static,s,-0.09,16,0.8955,0.9964,False
Vietnamese,離卦-static,ə,0.135,10,0.9005,0.9965,False
Vietnamese,離卦-dynamic,ə,0.04,55,0.9005,0.9965,False
Vietnamese,坤卦-dynamic,k,0.052,52,0.9055,0.9992,False
Vietnamese,乾卦-dynamic,n,-0.263,3,0.9204,1.0,False
Vietnamese,乾卦-dynamic,k,-0.203,3,0.9403,1.0,False
Vietnamese,乾卦-static,u͡ə,0.187,4,0.9104,1.0,False
Vietnamese,兌卦-static,ɜ,-0.184,6,0.9254,1.0,False
Vietnamese,巽卦-static,l,-0.146,4,0.9154,1.0,False
Vietnamese,巽卦-static,t,0.112,4,0.9403,1.0,False
Vietnamese,乾卦-static,t,0.105,6,0.9204,1.0,False
Vietnamese,坤卦-static,o,0.074,13,0.9303,1.0,False
Vietnamese,巽卦-static,ɔ,0.071,6,0.9602,1.0,False
Vietnamese,艮卦-static,ɔ,-0.067,16,0.9154,1.0,False
Vietnamese,中卦-dynamic,m,0.056,4,0.9751,1.0,False
Vietnamese,震卦-dynamic,u,-0.055,14,0.9254,1.0,False
Vietnamese,震卦-dynamic,ŋ,-0.053,34,0.9403,1.0,False
Vietnamese,震卦-dynamic,y,0.049,6,0.9254,1.0,False
Vietnamese,坤卦-dynamic,s,-0.045,30,0.9502,1.0,False
Vietnamese,震卦-dynamic,p,-0.045,8,0.9602,1.0,False
Vietnamese,艮卦-dynamic,k,-0.04,50,0.9254,1.0,False
Vietnamese,中卦-dynamic,s,-0.036,3,0.9751,1.0,False
Vietnamese,艮卦-dynamic,m,0.035,40,0.9552,1.0,False
Vietnamese,坎卦-dynamic,t̪,-0.034,12,0.9701,1.0,False
Vietnamese,巽卦-static,a,-0.032,18,0.9801,1.0,False
Vietnamese,離卦-static,v,-0.032,3,0.9552,1.0,False
Vietnamese,艮卦-dynamic,ə,-0.022,40,0.9751,1.0,False
Vietnamese,坤卦-static,v,0.018,5,0.9652,1.0,False
Vietnamese,坤卦-static,ə,0.018,15,0.9851,1.0,False
Vietnamese,巽卦-static,c,0.018,4,0.9751,1.0,False
Vietnamese,乾卦-static,ŋ,-0.017,15,0.9751,1.0,False
Vietnamese,乾卦-static,e,-0.016,6,0.995,1.0,False
Vietnamese,坤卦-dynamic,ɜ,-0.015,90,0.9801,1.0,False
Vietnamese,坎卦-dynamic,u,-0.009,5,0.99,1.0,False
Vietnamese,巽卦-static,e,-0.009,4,0.995,1.0,False
Vietnamese,離卦-static,u,-0.009,5,1.0,1.0,False
Vietnamese,中卦-static,n,0.008,45,0.9851,1.0,False
Vietnamese,離卦-static,o,0.005,8,0.995,1.0,False
Vietnamese,坎卦-dynamic,ɜ,-0.002,21,1.0,1.0,False
Vietnamese,震卦-dynamic,ə,-0.002,27,1.0,1.0,False
Vietnamese,巽卦-static,s,0.001,6,1.0,1.0,False
Welsh,震卦-dynamic,ə,3.332,13,0.005,0.3134,False
Welsh,坤卦-static,a͡ʊ,3.279,15,0.005,0.3134,False
Welsh,兌卦-dynamic,ɔ͡ɪ,3.276,7,0.005,0.3134,False
Welsh,艮卦-static,k,2.555,50,0.005,0.3134,False
Welsh,兌卦-dynamic,ø,2.446,76,0.005,0.3134,False
Welsh,坤卦-dynamic,e,2.39,30,0.005,0.3134,False
Welsh,震卦-static,ɑ͡ɨ,2.278,23,0.005,0.3134,False
Welsh,離卦-dynamic,ə͡ɪ,2.168,29,0.005,0.3134,False
Welsh,坎卦-static,x,2.15,20,0.005,0.3134,False
Welsh,坤卦-dynamic,ɨ͡u,2.146,15,0.005,0.3134,False
Welsh,兌卦-dynamic,o,2.137,24,0.005,0.3134,False
Welsh,坤卦-static,b,1.911,17,0.005,0.3134,False
Welsh,震卦-static,p,1.691,37,0.005,0.3134,False
Welsh,離卦-dynamic,ŋ,1.532,15,0.005,0.3134,False
Welsh,坎卦-dynamic,e͡ʊ,3.365,3,0.01,0.4179,False
Welsh,兌卦-static,v,3.151,8,0.01,0.4179,False
Welsh,震卦-static,a͡ɪ,1.711,16,0.01,0.4179,False
Welsh,震卦-static,u͡ɨ,1.402,29,0.01,0.4179,False
Welsh,離卦-dynamic,s,-1.367,43,0.01,0.4179,False
Welsh,震卦-static,t,1.318,62,0.01,0.4179,False
Welsh,兌卦-static,ɔ͡ɨ,3.608,3,0.0149,0.4701,False
Welsh,坎卦-dynamic,h,3.072,11,0.0149,0.4701,False
Welsh,坤卦-static,ɑ,1.872,9,0.0149,0.4701,False
Welsh,坤卦-dynamic,ʊ,1.748,35,0.0149,0.4701,False
Welsh,離卦-dynamic,w,1.281,35,0.0149,0.4701,False
Welsh,坤卦-dynamic,r,1.26,119,0.0149,0.4701,False
Welsh,震卦-static,n,1.249,126,0.0149,0.4701,False
Welsh,巽卦-dynamic,ʌ,3.239,8,0.0199,0.5102,False
Welsh,巽卦-static,n,2.644,22,0.0199,0.5102,False
Welsh,兌卦-dynamic,c,1.886,4,0.0199,0.5102,False
Welsh,坎卦-static,ŋ,1.805,7,0.0249,0.5102,False
Welsh,中卦-static,a͡ɪ,1.642,10,0.0249,0.5102,False
Welsh,中卦-static,p,1.571,23,0.0249,0.5102,False
Welsh,中卦-static,e,1.44,16,0.0199,0.5102,False
Welsh,震卦-static,ɨ,-1.302,20,0.0249,0.5102,False
Welsh,兌卦-dynamic,ɛ,-1.271,28,0.0249,0.5102,False
Welsh,離卦-dynamic,a͡ɪ,1.263,19,0.0249,0.5102,False
Welsh,震卦-static,ɡ,-1.246,32,0.0249,0.5102,False
Welsh,兌卦-dynamic,ə͡ɪ,1.241,12,0.0249,0.5102,False
Welsh,離卦-dynamic,ɔ,1.182,114,0.0249,0.5102,False
Welsh,坤卦-dynamic,w,1.143,21,0.0199,0.5102,False
Welsh,巽卦-static,ɡ,2.629,14,0.0299,0.5373,False
Welsh,坤卦-static,s,1.761,31,0.0299,0.5373,False
Welsh,坎卦-static,b,1.483,29,0.0299,0.5373,False
Welsh,離卦-dynamic,j,1.193,50,0.0299,0.5373,False
Welsh,坤卦-dynamic,p,-1.189,8,0.0299,0.5373,False
Welsh,中卦-dynamic,f,2.92,3,0.0348,0.5585,False
Welsh,艮卦-static,ɡ,1.562,43,0.0348,0.5585,False
Welsh,離卦-dynamic,ʊ,-1.064,8,0.0348,0.5585,False
Welsh,震卦-static,ø,-0.889,21,0.0348,0.5585,False
Welsh,兌卦-static,ð,2.741,5,0.0398,0.5755,False
Welsh,坎卦-static,a͡ɪ,1.54,9,0.0398,0.5755,False
Welsh,坤卦-static,ɨ,1.425,24,0.0398,0.5755,False
Welsh,中卦-static,w,-1.274,3,0.0398,0.5755,False
Welsh,震卦-dynamic,c,2.473,3,0.0448,0.5984,False
Welsh,震卦-dynamic,ʃ,1.664,5,0.0448,0.5984,False
Welsh,艮卦-static,ɬ,1.537,24,0.0448,0.5984,False
Welsh,艮卦-dynamic,ɔ,1.323,61,0.0448,0.5984,False
Welsh,乾卦-dynamic,θ,2.965,4,0.0498,0.618,False
Welsh,巽卦-static,ɛ,2.556,19,0.0498,0.618,False
Welsh,艮卦-dynamic,d,1.202,68,0.0498,0.618,False
Welsh,坤卦-dynamic,u,1.171,10,0.0498,0.618,False
Welsh,離卦-dynamic,o,0.934,28,0.0498,0.618,False
Welsh,坎卦-dynamic,i,2.212,5,0.0547,0.6612,False
Welsh,坤卦-dynamic,ɛ,-0.993,38,0.0547,0.6612,False
Welsh,中卦-dynamic,a,2.401,8,0.0796,0.6751,False
Welsh,離卦-dynamic,d͡ʒ,2.02,3,0.0697,0.6751,False
Welsh,離卦-static,m,2.019,11,0.0647,0.6751,False
Welsh,中卦-static,c,1.745,3,0.0647,0.6751,False
Welsh,乾卦-static,ʃ,1.706,3,0.0697,0.6751,False
Welsh,乾卦-static,u͡ɨ,1.615,9,0.0697,0.6751,False
Welsh,乾卦-static,m,1.583,18,0.0746,0.6751,False
Welsh,艮卦-static,a͡ɨ,1.53,6,0.0746,0.6751,False
Welsh,震卦-dynamic,ə͡ɨ,1.449,4,0.0746,0.6751,False
Welsh,艮卦-static,e͡ʊ,1.438,5,0.0647,0.6751,False
Welsh,艮卦-static,s,-1.229,17,0.0796,0.6751,False
Welsh,兌卦-dynamic,a͡ɨ,1.155,8,0.0597,0.6751,False
Welsh,坎卦-static,w,1.127,14,0.0796,0.6751,False
Welsh,震卦-static,k,1.065,66,0.0647,0.6751,False
Welsh,坎卦-static,ð,1.051,22,0.0796,0.6751,False
Welsh,坎卦-static,ɑ,1.003,13,0.0796,0.6751,False
Welsh,兌卦-dynamic,l,-0.992,31,0.0796,0.6751,False
Welsh,艮卦-dynamic,r,-0.98,61,0.0796,0.6751,False
Welsh,離卦-dynamic,t,-0.886,37,0.0597,0.6751,False
Welsh,坤卦-dynamic,ð,0.873,31,0.0697,0.6751,False
Welsh,震卦-static,j,-0.834,9,0.0796,0.6751,False
Welsh,震卦-static,ɔ,-0.822,40,0.0796,0.6751,False
Welsh,離卦-dynamic,ø,0.703,80,0.0796,0.6751,False
Welsh,巽卦-dynamic,d,2.867,10,0.0896,0.6778,False
Welsh,巽卦-static,ɨ,2.338,13,0.0945,0.6778,False
Welsh,兌卦-static,ɬ,2.1,5,0.0945,0.6778,False
Welsh,乾卦-static,x,1.62,8,0.0846,0.6778,False
Welsh,乾卦-static,s,1.499,27,0.0896,0.6778,False
Welsh,坤卦-static,ɔ,-1.386,9,0.0896,0.6778,False
Welsh,坤卦-static,l,1.259,27,0.0945,0.6778,False
Welsh,震卦-dynamic,ɔ,1.181,39,0.0896,0.6778,False
Welsh,艮卦-dynamic,a,-1.045,36,0.0846,0.6778,False
Welsh,中卦-static,n,-1.015,43,0.0896,0.6778,False
Welsh,兌卦-dynamic,ʃ,1.012,6,0.0846,0.6778,False
Welsh,中卦-static,u͡ɨ,-0.978,3,0.0896,0.6778,False
Welsh,中卦-static,ɔ,-0.954,24,0.0945,0.6778,False
Welsh,離卦-dynamic,h,0.869,47,0.0945,0.6778,False
Welsh,離卦-dynamic,ɛ,-0.856,66,0.0896,0.6778,False
Welsh,兌卦-static,t,2.306,7,0.0995,0.6965,False
Welsh,坤卦-static,x,1.421,8,0.0995,0.6965,False
Welsh,艮卦-dynamic,ɨ,0.98,50,0.0995,0.6965,False
Welsh,坎卦-dynamic,l,-1.901,3,0.1095,0.7009,False
Welsh,坎卦-dynamic,a,-1.707,6,0.1144,0.7009,False
Welsh,乾卦-static,ɨ,-1.43,5,0.1045,0.7009,False
Welsh,乾卦-static,d,-1.257,7,0.1045,0.7009,False
Welsh,坤卦-static,n,-1.249,19,0.1144,0.7009,False
Welsh,震卦-dynamic,ə͡ɪ,1.144,7,0.1095,0.7009,False
Welsh,震卦-static,c,0.907,3,0.1144,0.7009,False
Welsh,坤卦-dynamic,ɑ͡ɨ,-0.848,3,0.1045,0.7009,False
Welsh,離卦-dynamic,ɑ,0.842,29,0.1144,0.7009,False
Welsh,坤卦-dynamic,s,-0.812,38,0.1144,0.7009,False
Welsh,離卦-dynamic,i,0.811,29,0.1045,0.7009,False
Welsh,離卦-dynamic,ə,0.755,14,0.1045,0.7009,False
Welsh,離卦-dynamic,a͡ʊ,-0.732,3,0.1144,0.7009,False
Welsh,乾卦-dynamic,i,2.3,3,0.1194,0.7021,False
Welsh,離卦-static,ɔ,1.7,14,0.1194,0.7021,False
Welsh,艮卦-static,ɨ,-1.047,13,0.1194,0.7021,False
Welsh,艮卦-dynamic,j,0.892,23,0.1194,0.7021,False
Welsh,坎卦-dynamic,ɬ,1.777,8,0.1244,0.7123,False
Welsh,乾卦-static,ɔ͡ɨ,1.117,4,0.1244,0.7123,False
Welsh,中卦-static,θ,0.903,16,0.1244,0.7123,False
Welsh,兌卦-static,k,2.176,8,0.1294,0.7313,False
Welsh,乾卦-static,ø,1.47,21,0.1343,0.7499,False
Welsh,震卦-static,e,0.778,19,0.1343,0.7499,False
Welsh,震卦-dynamic,t,-0.968,12,0.1393,0.7584,False
Welsh,兌卦-dynamic,w,0.842,17,0.1393,0.7584,False
Welsh,震卦-static,a͡ʊ,-0.653,3,0.1393,0.7584,False
Welsh,坤卦-dynamic,ɔ,-0.817,36,0.1443,0.762,False
Welsh,艮卦-dynamic,u͡ɨ,0.814,17,0.1443,0.762,False
Welsh,離卦-dynamic,a,0.742,111,0.1443,0.762,False
Welsh,兌卦-static,ʊ,2.227,4,0.1493,0.7685,False
Welsh,離卦-static,θ,1.718,5,0.1542,0.7685,False
Welsh,離卦-static,b,1.701,8,0.1493,0.7685,False
Welsh,離卦-static,ɛ,1.665,18,0.1542,0.7685,False
Welsh,坤卦-static,ɬ,1.029,12,0.1542,0.7685,False
Welsh,震卦-dynamic,m,0.994,25,0.1542,0.7685,False
Welsh,巽卦-static,a,-1.772,5,0.1642,0.7894,False
Welsh,乾卦-static,ɡ,-1.29,9,0.1642,0.7894,False
Welsh,乾卦-static,r,1.217,38,0.1692,0.7894,False
Welsh,坤卦-static,m,-1.174,3,0.1642,0.7894,False
Welsh,坤卦-static,ð,-1.03,4,0.1692,0.7894,False
Welsh,坤卦-static,h,1.012,11,0.1692,0.7894,False
Welsh,中卦-static,m,0.848,31,0.1642,0.7894,False
Welsh,坤卦-dynamic,v,0.715,41,0.1692,0.7894,False
Welsh,離卦-dynamic,e,-0.642,9,0.1642,0.7894,False
Welsh,巽卦-dynamic,l,2.368,8,0.1841,0.8078,False
Welsh,兌卦-static,u͡ɨ,1.844,3,0.1791,0.8078,False
Welsh,坎卦-static,i,-0.869,4,0.1841,0.8078,False
Welsh,兌卦-dynamic,ʊ,-0.804,7,0.1791,0.8078,False
Welsh,艮卦-dynamic,n,-0.732,55,0.1791,0.8078,False
Welsh,坤卦-dynamic,ɬ,-0.72,9,0.1841,0.8078,False
Welsh,震卦-static,e͡ʊ,0.659,6,0.1791,0.8078,False
Welsh,兌卦-static,n,-1.871,4,0.1891,0.8174,False
Welsh,震卦-dynamic,ɑ,-0.858,3,0.1891,0.8174,False
Welsh,乾卦-static,u,1.038,3,0.194,0.8267,False
Welsh,震卦-dynamic,n,0.96,58,0.194,0.8267,False
Welsh,坎卦-static,v,-0.813,11,0.194,0.8267,False
Welsh,離卦-static,s,-1.563,4,0.199,0.8358,False
Welsh,艮卦-static,θ,-0.817,5,0.199,0.8358,False
Welsh,中卦-dynamic,r,-1.75,5,0.209,0.8454,False
Welsh,離卦-static,e,1.527,4,0.204,0.8454,False
Welsh,坎卦-dynamic,x,1.39,4,0.204,0.8454,False
Welsh,震卦-dynamic,s,-0.879,20,0.209,0.8454,False
Welsh,艮卦-dynamic,o,0.698,13,0.209,0.8454,False
Welsh,離卦-dynamic,ɨ,-0.619,49,0.209,0.8454,False
Welsh,離卦-dynamic,ɬ,-0.563,18,0.209,0.8454,False
Welsh,兌卦-dynamic,θ,-0.657,9,0.2139,0.8538,False
Welsh,震卦-dynamic,r,-0.923,41,0.2189,0.8632,False
Welsh,艮卦-dynamic,t,0.753,39,0.2388,0.8632,False
Welsh,艮卦-static,i,-0.729,4,0.2189,0.8632,False
Welsh,中卦-static,v,0.687,29,0.2338,0.8632,False
Welsh,兌卦-dynamic,x,0.628,14,0.2338,0.8632,False
Welsh,離卦-dynamic,ð,0.603,45,0.2239,0.8632,False
Welsh,兌卦-dynamic,e,0.593,14,0.2289,0.8632,False
Welsh,震卦-static,ɑ,0.569,18,0.2338,0.8632,False
Welsh,震卦-static,ɛ,0.481,83,0.2388,0.8632,False
Welsh,離卦-dynamic,u͡ɨ,-0.546,13,0.2438,0.8705,False
Welsh,離卦-dynamic,l,-0.5,70,0.2438,0.8705,False
Welsh,乾卦-dynamic,r,2.082,14,0.2537,0.8845,False
Welsh,坤卦-static,u,0.9,3,0.2537,0.8845,False
Welsh,震卦-dynamic,w,0.76,10,0.2537,0.8845,False
Welsh,艮卦-static,a͡ɪ,0.678,5,0.2537,0.8845,False
Welsh,坤卦-dynamic,a͡ʊ,0.64,16,0.2537,0.8845,False
Welsh,坤卦-dynamic,f,-0.598,6,0.2537,0.8845,False
Welsh,艮卦-dynamic,x,-0.643,3,0.2587,0.8913,False
Welsh,坤卦-dynamic,i,-0.59,8,0.2587,0.8913,False
Welsh,離卦-static,r,1.365,21,0.2637,0.9014,False
Welsh,兌卦-dynamic,v,-0.658,17,0.2637,0.9014,False
Welsh,兌卦-dynamic,ʌ,0.567,40,0.2687,0.9044,False
Welsh,坤卦-dynamic,ə͡ɪ,-0.543,4,0.2687,0.9044,False
Welsh,震卦-static,ə͡ɪ,-0.45,5,0.2687,0.9044,False
Welsh,離卦-dynamic,a͡ɨ,0.537,10,0.2736,0.9073,False
Welsh,中卦-static,o,-0.647,4,0.2786,0.9169,False
Welsh,坎卦-static,m,0.67,27,0.2836,0.9229,False
Welsh,中卦-static,ɬ,-0.666,7,0.2836,0.9229,False
Welsh,坤卦-dynamic,a,0.56,67,0.2836,0.9229,False
Welsh,兌卦-dynamic,ɔ,0.598,55,0.2886,0.9289,False
Welsh,兌卦-dynamic,ɑ,-0.552,7,0.2886,0.9289,False
Welsh,巽卦-dynamic,ɨ,1.701,6,0.2935,0.9303,False
Welsh,艮卦-static,d,-0.653,21,0.2985,0.9303,False
Welsh,中卦-static,ð,-0.652,11,0.2985,0.9303,False
Welsh,艮卦-dynamic,f,-0.59,5,0.2935,0.9303,False
Welsh,兌卦-dynamic,m,0.526,34,0.2985,0.9303,False
Welsh,震卦-static,θ,-0.447,13,0.2985,0.9303,False
Welsh,艮卦-static,h,-0.635,4,0.3035,0.9327,False
Welsh,兌卦-dynamic,ɑ͡ɨ,-0.592,4,0.3035,0.9327,False
Welsh,中卦-static,ə͡ɪ,0.562,7,0.3035,0.9327,False
Welsh,坤卦-dynamic,b,-0.513,17,0.3035,0.9327,False
Welsh,中卦-dynamic,t,1.517,5,0.3085,0.9414,False
Welsh,坎卦-static,u͡ɨ,-0.622,5,0.3085,0.9414,False
Welsh,兌卦-dynamic,j,0.592,22,0.3184,0.9585,False
Welsh,艮卦-dynamic,ʃ,0.537,4,0.3184,0.9585,False
Welsh,坤卦-dynamic,d,0.493,65,0.3234,0.9636,False
Welsh,乾卦-dynamic,s,1.658,9,0.3383,0.9673,False
Welsh,坎卦-dynamic,n,1.026,19,0.3284,0.9673,False
Welsh,乾卦-static,a͡ʊ,0.898,6,0.3433,0.9673,False
Welsh,坤卦-static,i,0.682,6,0.3433,0.9673,False
Welsh,中卦-static,j,0.653,18,0.3284,0.9673,False
Welsh,艮卦-static,ð,-0.618,9,0.3333,0.9673,False
Welsh,坎卦-static,h,-0.603,5,0.3383,0.9673,False
Welsh,坎卦-static,ɨ,-0.587,21,0.3333,0.9673,False
Welsh,兌卦-dynamic,s,-0.542,39,0.3433,0.9673,False
Welsh,離卦-dynamic,k,-0.511,47,0.3383,0.9673,False
Welsh,離卦-dynamic,u,-0.434,3,0.3333,0.9673,False
Welsh,中卦-dynamic,j,1.521,3,0.3483,0.969,False
Welsh,震卦-dynamic,ʊ,-0.674,5,0.3483,0.969,False
Welsh,艮卦-static,ʊ,0.596,13,0.3483,0.969,False
Welsh,坎卦-static,j,-0.498,8,0.3483,0.969,False
Welsh,離卦-static,a,1.109,13,0.3532,0.9767,False
Welsh,震卦-static,x,-0.457,6,0.3532,0.9767,False
Welsh,兌卦-static,l,1.392,8,0.3682,0.9781,False
Welsh,兌卦-static,s,1.312,8,0.3682,0.9781,False
Welsh,坎卦-dynamic,u͡ɨ,1.041,4,0.3682,0.9781,False
Welsh,乾卦-static,b,0.794,11,0.3682,0.9781,False
Welsh,坤卦-static,ø,-0.678,8,0.3682,0.9781,False
Welsh,震卦-dynamic,ɡ,-0.654,21,0.3632,0.9781,False
Welsh,震卦-dynamic,p,0.62,13,0.3582,0.9781,False
Welsh,兌卦-dynamic,ə͡ɨ,0.557,4,0.3632,0.9781,False
Welsh,中卦-dynamic,h,1.247,3,0.3731,0.9824,False
Welsh,坎卦-static,ʊ,0.565,15,0.3731,0.9824,False
Welsh,中卦-dynamic,ɛ,1.258,8,0.3781,0.9896,False
Welsh,兌卦-dynamic,p,0.437,20,0.3781,0.9896,False
Welsh,震卦-dynamic,ʌ,0.634,25,0.3831,0.9967,False
Welsh,兌卦-static,a,-1.292,4,0.393,0.9973,False
Welsh,巽卦-static,o,1.238,3,0.3881,0.9973,False
Welsh,乾卦-static,l,-0.844,12,0.3881,0.9973,False
Welsh,乾卦-static,ɔ,-0.743,12,0.393,0.9973,False
Welsh,坤卦-static,ɡ,-0.721,13,0.398,0.9973,False
Welsh,乾卦-static,ɛ,-0.645,15,0.398,0.9973,False
Welsh,兌卦-dynamic,t,-0.499,26,0.398,0.9973,False
Welsh,兌卦-dynamic,i,-0.467,8,0.393,0.9973,False
Welsh,艮卦-dynamic,ʌ,0.41,34,0.398,0.9973,False
Welsh,震卦-static,b,-0.372,21,0.3881,0.9973,False
Welsh,巽卦-dynamic,j,1.691,3,0.5174,1.0,False
Welsh,巽卦-dynamic,r,-1.588,5,0.408,1.0,False
Welsh,巽卦-dynamic,ɡ,1.506,6,0.4975,1.0,False
Welsh,巽卦-dynamic,ð,1.469,3,0.4627,1.0,False
Welsh,巽卦-dynamic,ø,1.294,5,0.5323,1.0,False
Welsh,乾卦-dynamic,p,1.214,3,0.4975,1.0,False
Welsh,兌卦-static,ɡ,-1.163,3,0.4925,1.0,False
Welsh,巽卦-static,t,-1.113,3,0.4726,1.0,False
Welsh,巽卦-static,f,1.077,3,0.6219,1.0,False
Welsh,巽卦-static,v,1.049,7,0.5124,1.0,False
Welsh,巽卦-dynamic,ɛ,-1.03,3,0.5721,1.0,False
Welsh,乾卦-dynamic,j,0.99,3,0.5373,1.0,False
Welsh,乾卦-dynamic,ɛ,0.99,9,0.5572,1.0,False
Welsh,巽卦-static,w,0.982,3,0.5025,1.0,False
Welsh,離卦-static,d,-0.971,5,0.4378,1.0,False
Welsh,中卦-dynamic,l,-0.957,3,0.5274,1.0,False
Welsh,兌卦-static,d,-0.92,3,0.5821,1.0,False
Welsh,坎卦-dynamic,o,0.864,3,0.4279,1.0,False
Welsh,離卦-static,l,0.818,12,0.5174,1.0,False
Welsh,坎卦-dynamic,b,0.784,6,0.4776,1.0,False
Welsh,坎卦-dynamic,v,-0.774,3,0.5025,1.0,False
Welsh,乾卦-dynamic,l,-0.771,4,0.6766,1.0,False
Welsh,坎卦-dynamic,d,-0.759,6,0.4826,1.0,False
Welsh,乾卦-static,p,0.738,8,0.4726,1.0,False
Welsh,坎卦-dynamic,f,0.734,3,0.4776,1.0,False
Welsh,巽卦-static,u͡ɨ,0.731,3,0.607,1.0,False
Welsh,離卦-static,ɨ,-0.721,5,0.4975,1.0,False
Welsh,巽卦-static,l,-0.717,6,0.6567,1.0,False
Welsh,乾卦-static,t,0.705,15,0.4577,1.0,False
Welsh,坎卦-dynamic,ɔ,0.672,11,0.5025,1.0,False
Welsh,兌卦-static,r,-0.672,8,0.6517,1.0,False
Welsh,巽卦-static,k,-0.669,4,0.6766,1.0,False
Welsh,乾卦-static,o,0.667,5,0.4129,1.0,False
Welsh,離卦-static,ð,0.662,5,0.6368,1.0,False
Welsh,乾卦-static,ð,-0.636,5,0.5124,1.0,False
Welsh,離卦-static,ʊ,0.629,4,0.602,1.0,False
Welsh,巽卦-static,r,0.613,16,0.7015,1.0,False
Welsh,乾卦-dynamic,a,0.612,7,0.7811,1.0,False
Welsh,巽卦-static,s,0.609,10,0.7164,1.0,False
Welsh,乾卦-dynamic,d,0.604,7,0.7015,1.0,False
Welsh,坎卦-dynamic,ʊ,0.596,4,0.592,1.0,False
Welsh,乾卦-dynamic,m,0.578,4,0.7015,1.0,False
Welsh,坎卦-dynamic,w,0.573,3,0.6169,1.0,False
Welsh,坎卦-static,ɡ,-0.546,27,0.4279,1.0,False
Welsh,坤卦-static,j,-0.536,4,0.4975,1.0,False
Welsh,乾卦-dynamic,k,-0.535,3,0.7562,1.0,False
Welsh,坎卦-dynamic,t,-0.534,5,0.592,1.0,False
Welsh,震卦-dynamic,θ,-0.532,6,0.4229,1.0,False
Welsh,艮卦-static,a,0.519,38,0.4328,1.0,False
Welsh,巽卦-static,m,-0.519,3,0.7164,1.0,False
Welsh,艮卦-static,ɑ,0.511,9,0.4179,1.0,False
Welsh,坎卦-static,ʌ,0.508,29,0.4179,1.0,False
Welsh,中卦-static,a͡ʊ,-0.507,3,0.4279,1.0,False
Welsh,兌卦-static,ɛ,-0.503,5,0.7612,1.0,False
Welsh,艮卦-dynamic,ð,-0.495,14,0.4279,1.0,False
Welsh,坎卦-static,ɔ,-0.492,28,0.4229,1.0,False
Welsh,乾卦-static,ɑ,0.487,5,0.6318,1.0,False
Welsh,乾卦-static,ɬ,-0.485,4,0.6418,1.0,False
Welsh,艮卦-static,ɛ,-0.482,29,0.4478,1.0,False
Welsh,艮卦-static,ɑ͡ɨ,0.478,6,0.4577,1.0,False
Welsh,艮卦-static,j,-0.473,7,0.4527,1.0,False
Welsh,中卦-static,d,0.465,46,0.5124,1.0,False
Welsh,坎卦-dynamic,ɛ,-0.464,9,0.7214,1.0,False
Welsh,坎卦-dynamic,ø,0.461,8,0.6816,1.0,False
Welsh,震卦-dynamic,l,0.461,34,0.5174,1.0,False
Welsh,坤卦-static,p,-0.46,5,0.607,1.0,False
Welsh,艮卦-static,o,0.46,8,0.5373,1.0,False
Welsh,坎卦-static,d,0.458,43,0.4229,1.0,False
Welsh,坤卦-static,ʊ,-0.455,4,0.5224,1.0,False
Welsh,兌卦-dynamic,a,-0.455,47,0.408,1.0,False
Welsh,中卦-dynamic,ɔ,0.454,5,0.8159,1.0,False
Welsh,坎卦-dynamic,ɡ,0.452,10,0.6766,1.0,False
Welsh,艮卦-static,n,0.448,54,0.4677,1.0,False
Welsh,乾卦-static,a,0.443,21,0.5522,1.0,False
Welsh,艮卦-dynamic,e,-0.438,6,0.4328,1.0,False
Welsh,中卦-static,x,-0.435,4,0.4677,1.0,False
Welsh,乾卦-static,k,-0.426,10,0.6517,1.0,False
Welsh,坎卦-dynamic,r,0.424,18,0.6866,1.0,False
Welsh,坎卦-static,ɛ,-0.419,35,0.4876,1.0,False
Welsh,兌卦-static,ɨ,0.417,5,0.8607,1.0,False
Welsh,坎卦-static,e,-0.416,5,0.5274,1.0,False
Welsh,艮卦-static,ʌ,-0.415,14,0.5771,1.0,False
Welsh,坤卦-dynamic,ɑ,0.414,15,0.4577,1.0,False
Welsh,坎卦-static,θ,-0.414,8,0.4925,1.0,False
Welsh,巽卦-dynamic,n,-0.414,6,0.8657,1.0,False
Welsh,艮卦-dynamic,ɬ,0.41,21,0.4826,1.0,False
Welsh,震卦-static,i,0.407,17,0.403,1.0,False
Welsh,坤卦-dynamic,θ,-0.406,12,0.4826,1.0,False
Welsh,艮卦-static,r,-0.403,49,0.5423,1.0,False
Welsh,艮卦-static,ɔ,0.402,33,0.5423,1.0,False
Welsh,坎卦-static,ə͡ɪ,0.402,6,0.5323,1.0,False
Welsh,坤卦-static,k,-0.397,11,0.6119,1.0,False
Welsh,坎卦-static,n,-0.397,50,0.5224,1.0,False
Welsh,坤卦-static,d,-0.392,15,0.6368,1.0,False
Welsh,艮卦-dynamic,w,0.392,13,0.4776,1.0,False
Welsh,中卦-dynamic,ɨ,-0.384,3,0.8109,1.0,False
Welsh,離卦-static,n,-0.381,13,0.7761,1.0,False
Welsh,離卦-dynamic,ɑ͡ɨ,-0.379,9,0.4229,1.0,False
Welsh,艮卦-dynamic,θ,0.377,15,0.4478,1.0,False
Welsh,坤卦-dynamic,a͡ɪ,-0.375,3,0.4826,1.0,False
Welsh,震卦-static,ɔ͡ɨ,0.375,8,0.4577,1.0,False
Welsh,中卦-static,ʌ,0.374,29,0.5423,1.0,False
Welsh,中卦-static,f,0.365,10,0.5274,1.0,False
Welsh,離卦-dynamic,ɡ,-0.364,69,0.4328,1.0,False
Welsh,震卦-dynamic,ð,-0.363,10,0.6368,1.0,False
Welsh,離卦-dynamic,ʌ,0.355,64,0.4527,1.0,False
Welsh,中卦-static,ɔ͡ɨ,0.348,5,0.5124,1.0,False
Welsh,中卦-static,l,0.345,43,0.5721,1.0,False
Welsh,坤卦-dynamic,ɡ,0.344,55,0.5373,1.0,False
Welsh,艮卦-static,b,-0.344,11,0.6119,1.0,False
Welsh,中卦-static,i,-0.344,7,0.5075,1.0,False
Welsh,震卦-dynamic,v,0.332,19,0.6368,1.0,False
Welsh,坎卦-static,ø,-0.331,20,0.5423,1.0,False
Welsh,艮卦-dynamic,ŋ,0.326,4,0.592,1.0,False
Welsh,離卦-dynamic,m,-0.324,37,0.5622,1.0,False
Welsh,艮卦-dynamic,l,-0.322,39,0.5522,1.0,False
Welsh,艮卦-dynamic,ɛ,-0.322,45,0.602,1.0,False
Welsh,坎卦-static,l,0.322,40,0.5721,1.0,False
Welsh,坎卦-static,s,-0.322,32,0.5821,1.0,False
Welsh,離卦-dynamic,ɪ͡u,0.321,8,0.4776,1.0,False
Welsh,兌卦-static,ø,-0.319,3,0.8507,1.0,False
Welsh,巽卦-static,ʌ,-0.315,4,0.8259,1.0,False
Welsh,艮卦-static,v,-0.313,14,0.6617,1.0,False
Welsh,艮卦-dynamic,i,0.312,12,0.5572,1.0,False
Welsh,震卦-dynamic,d,0.311,33,0.6368,1.0,False
Welsh,艮卦-static,ə͡ɪ,-0.306,3,0.592,1.0,False
Welsh,艮卦-dynamic,ɑ͡ɨ,-0.305,5,0.5522,1.0,False
Welsh,坤卦-static,a,0.304,22,0.7015,1.0,False
Welsh,中卦-static,ʊ,0.302,14,0.6219,1.0,False
Welsh,兌卦-dynamic,ɨ,-0.301,33,0.5572,1.0,False
Welsh,坤卦-dynamic,h,-0.3,12,0.602,1.0,False
Welsh,艮卦-dynamic,p,-0.3,13,0.5572,1.0,False
Welsh,離卦-dynamic,θ,0.297,28,0.5274,1.0,False
Welsh,艮卦-dynamic,ɑ,-0.294,8,0.5721,1.0,False
Welsh,巽卦-static,b,-0.294,3,0.8507,1.0,False
Welsh,艮卦-static,p,0.292,12,0.6169,1.0,False
Welsh,艮卦-dynamic,ɨ͡u,0.29,4,0.592,1.0,False
Welsh,兌卦-dynamic,f,0.288,12,0.6169,1.0,False
Welsh,坎卦-static,p,0.283,14,0.6219,1.0,False
Welsh,坤卦-dynamic,m,-0.279,24,0.5423,1.0,False
Welsh,離卦-static,t,0.279,7,0.8259,1.0,False
Welsh,中卦-static,t,-0.278,23,0.6517,1.0,False
Welsh,中卦-static,ɑ,0.278,10,0.6667,1.0,False
Welsh,乾卦-dynamic,n,-0.276,8,0.8358,1.0,False
Welsh,震卦-dynamic,b,-0.272,11,0.7463,1.0,False
Welsh,震卦-static,v,-0.271,28,0.5522,1.0,False
Welsh,兌卦-dynamic,ɬ,-0.27,14,0.6169,1.0,False
Welsh,離卦-dynamic,f,0.268,21,0.5423,1.0,False
Welsh,乾卦-static,n,0.268,29,0.7711,1.0,False
Welsh,震卦-dynamic,a,-0.265,30,0.7264,1.0,False
Welsh,震卦-static,ɬ,0.263,26,0.5373,1.0,False
Welsh,艮卦-static,e,-0.257,5,0.6816,1.0,False
Welsh,坎卦-static,a,-0.252,37,0.6617,1.0,False
Welsh,離卦-dynamic,ʃ,0.252,6,0.607,1.0,False
Welsh,震卦-static,ʌ,-0.25,31,0.6368,1.0,False
Welsh,艮卦-static,ø,-0.249,18,0.7164,1.0,False
Welsh,震卦-dynamic,x,-0.249,4,0.7214,1.0,False
Welsh,震卦-dynamic,ɑ͡ɨ,0.245,5,0.7363,1.0,False
Welsh,中卦-static,ɛ,0.239,49,0.6667,1.0,False
Welsh,離卦-dynamic,p,-0.239,26,0.6617,1.0,False
Welsh,巽卦-dynamic,s,-0.235,4,0.9154,1.0,False
Welsh,中卦-dynamic,d,0.233,5,0.8557,1.0,False
Welsh,震卦-dynamic,ɛ,-0.232,31,0.7413,1.0,False
Welsh,坤卦-dynamic,ɨ,-0.231,38,0.6667,1.0,False
Welsh,坎卦-dynamic,θ,0.23,3,0.8706,1.0,False
Welsh,離卦-dynamic,r,-0.23,142,0.6517,1.0,False
Welsh,坤卦-static,r,-0.227,31,0.7662,1.0,False
Welsh,震卦-static,ð,-0.226,22,0.6766,1.0,False
Welsh,中卦-dynamic,s,0.223,5,0.9005,1.0,False
Welsh,坎卦-static,ɨ͡u,0.221,3,0.7214,1.0,False
Welsh,坤卦-static,ʌ,0.219,13,0.7214,1.0,False
Welsh,震卦-static,l,-0.216,55,0.6318,1.0,False
Welsh,中卦-static,b,-0.211,15,0.7114,1.0,False
Welsh,中卦-dynamic,k,-0.211,3,0.9055,1.0,False
Welsh,坤卦-dynamic,ɔ͡ɨ,0.208,6,0.7363,1.0,False
Welsh,艮卦-static,t,-0.208,19,0.7662,1.0,False
Welsh,坎卦-static,ɪ͡u,0.206,3,0.7214,1.0,False
Welsh,巽卦-dynamic,a,0.205,5,0.9254,1.0,False
Welsh,兌卦-dynamic,ð,-0.2,18,0.7861,1.0,False
Welsh,震卦-static,r,-0.197,100,0.7114,1.0,False
Welsh,乾卦-dynamic,ɨ,-0.193,4,0.9254,1.0,False
Welsh,坤卦-dynamic,ʌ,-0.192,29,0.6915,1.0,False
Welsh,艮卦-dynamic,m,-0.192,21,0.7711,1.0,False
Welsh,中卦-static,ɡ,-0.192,33,0.7612,1.0,False
Welsh,離卦-static,ɡ,-0.192,8,0.8706,1.0,False
Welsh,坤卦-static,w,0.191,5,0.8507,1.0,False
Welsh,坎卦-static,a͡ʊ,-0.19,5,0.7363,1.0,False
Welsh,震卦-dynamic,ɨ,0.187,25,0.7761,1.0,False
Welsh,艮卦-dynamic,ø,-0.182,27,0.6965,1.0,False
Welsh,離卦-dynamic,d,0.173,91,0.7214,1.0,False
Welsh,震卦-dynamic,ø,-0.17,18,0.7662,1.0,False
Welsh,艮卦-dynamic,ʊ,-0.168,12,0.7761,1.0,False
Welsh,坤卦-dynamic,ŋ,-0.165,3,0.6915,1.0,False
Welsh,巽卦-static,ø,-0.164,5,0.9154,1.0,False
Welsh,艮卦-dynamic,s,-0.159,42,0.8458,1.0,False
Welsh,離卦-dynamic,ə͡ɨ,0.153,5,0.7264,1.0,False
Welsh,艮卦-static,m,-0.15,15,0.8109,1.0,False
Welsh,艮卦-static,ə,0.149,3,0.8159,1.0,False
Welsh,中卦-dynamic,ɡ,-0.148,4,0.9055,1.0,False
Welsh,中卦-static,ɪ͡u,0.147,3,0.8159,1.0,False
Welsh,艮卦-dynamic,b,-0.145,18,0.8209,1.0,False
Welsh,艮卦-dynamic,k,-0.144,30,0.801,1.0,False
Welsh,中卦-static,ø,-0.142,24,0.8358,1.0,False
Welsh,坤卦-dynamic,x,0.141,11,0.7512,1.0,False
Welsh,震卦-static,d,-0.14,55,0.7811,1.0,False
Welsh,兌卦-dynamic,u͡ɨ,0.14,13,0.7861,1.0,False
Welsh,坎卦-dynamic,ɨ,-0.138,7,0.9055,1.0,False
Welsh,中卦-static,r,0.138,69,0.8109,1.0,False
Welsh,震卦-dynamic,ɔ͡ɨ,0.138,3,0.8756,1.0,False
Welsh,坎卦-dynamic,s,0.133,10,0.8756,1.0,False
Welsh,震卦-static,f,-0.131,11,0.806,1.0,False
Welsh,坤卦-dynamic,l,0.13,56,0.791,1.0,False
Welsh,震卦-dynamic,k,-0.13,20,0.8308,1.0,False
Welsh,離卦-static,p,-0.127,3,0.9552,1.0,False
Welsh,艮卦-static,l,0.125,32,0.8706,1.0,False
Welsh,乾卦-dynamic,ø,0.12,4,0.9403,1.0,False
Welsh,乾卦-dynamic,ɔ,-0.12,5,0.9403,1.0,False
Welsh,艮卦-static,w,-0.118,7,0.8507,1.0,False
Welsh,離卦-dynamic,v,0.117,50,0.8109,1.0,False
Welsh,兌卦-dynamic,n,-0.116,73,0.8209,1.0,False
Welsh,兌卦-dynamic,d,-0.113,45,0.8607,1.0,False
Welsh,坤卦-dynamic,ɪ͡u,0.106,4,0.8358,1.0,False
Welsh,離卦-dynamic,x,0.106,17,0.8209,1.0,False
Welsh,震卦-static,s,-0.105,58,0.8557,1.0,False
Welsh,震卦-static,ʊ,-0.103,17,0.8159,1.0,False
Welsh,艮卦-static,ɔ͡ɨ,0.101,3,0.9005,1.0,False
Welsh,艮卦-dynamic,ɡ,0.101,42,0.8159,1.0,False
Welsh,震卦-static,m,0.101,34,0.806,1.0,False
Welsh,艮卦-static,x,-0.1,5,0.8905,1.0,False
Welsh,震卦-static,a,-0.098,64,0.8308,1.0,False
Welsh,震卦-static,u,-0.096,4,0.8756,1.0,False
Welsh,坎卦-static,ɬ,0.095,14,0.9353,1.0,False
Welsh,中卦-static,ɨ,-0.095,29,0.9104,1.0,False
Welsh,乾卦-static,v,-0.094,9,0.9104,1.0,False
Welsh,艮卦-static,u͡ɨ,0.088,8,0.8955,1.0,False
Welsh,艮卦-dynamic,u,-0.086,3,0.8756,1.0,False
Welsh,艮卦-dynamic,ə͡ɪ,0.084,6,0.8358,1.0,False
Welsh,中卦-dynamic,n,-0.08,7,0.9701,1.0,False
Welsh,坤卦-static,t,0.077,13,0.9204,1.0,False
Welsh,乾卦-static,ʊ,-0.076,5,0.9303,1.0,False
Welsh,震卦-dynamic,i,0.075,7,0.9154,1.0,False
Welsh,中卦-static,h,-0.074,11,0.8955,1.0,False
Welsh,兌卦-dynamic,u,0.073,4,0.8955,1.0,False
Welsh,離卦-dynamic,n,-0.072,131,0.9055,1.0,False
Welsh,坎卦-static,t,0.071,25,0.9154,1.0,False
Welsh,兌卦-dynamic,r,-0.071,83,0.8557,1.0,False
Welsh,震卦-dynamic,o,0.067,6,0.8955,1.0,False
Welsh,離卦-static,k,0.066,7,0.9453,1.0,False
Welsh,坤卦-dynamic,o,-0.065,10,0.9154,1.0,False
Welsh,乾卦-static,h,-0.063,5,0.9453,1.0,False
Welsh,乾卦-static,ʌ,0.063,11,0.9602,1.0,False
Welsh,兌卦-dynamic,h,-0.062,14,0.9055,1.0,False
Welsh,坎卦-static,k,0.061,27,0.9353,1.0,False
Welsh,坤卦-dynamic,k,-0.06,38,0.8955,1.0,False
Welsh,坎卦-static,r,-0.06,62,0.9353,1.0,False
Welsh,巽卦-dynamic,ɔ,-0.059,4,0.9751,1.0,False
Welsh,震卦-static,w,0.059,15,0.9055,1.0,False
Welsh,震卦-dynamic,j,0.059,10,0.9154,1.0,False
Welsh,坤卦-dynamic,j,-0.058,17,0.9403,1.0,False
Welsh,坎卦-static,ɑ͡ɨ,-0.058,5,0.9403,1.0,False
Welsh,艮卦-static,f,-0.057,6,0.9453,1.0,False
Welsh,乾卦-dynamic,ɡ,-0.055,5,0.9701,1.0,False
Welsh,艮卦-dynamic,v,0.053,25,0.9502,1.0,False
Welsh,坤卦-dynamic,t,0.051,37,0.9254,1.0,False
Welsh,兌卦-dynamic,k,0.048,36,0.9254,1.0,False
Welsh,坤卦-static,v,-0.046,10,0.9353,1.0,False
Welsh,乾卦-static,θ,0.042,5,0.9801,1.0,False
Welsh,震卦-static,o,0.037,12,0.9104,1.0,False
Welsh,艮卦-dynamic,h,0.034,14,0.9403,1.0,False
Welsh,坤卦-dynamic,ø,0.033,37,0.9751,1.0,False
Welsh,離卦-static,j,-0.032,3,0.9851,1.0,False
Welsh,兌卦-dynamic,b,-0.03,21,0.9652,1.0,False
Welsh,坤卦-static,ɛ,0.027,22,0.9801,1.0,False
Welsh,震卦-dynamic,e,0.025,6,0.9851,1.0,False
Welsh,震卦-dynamic,a͡ʊ,-0.024,5,0.9701,1.0,False
Welsh,兌卦-dynamic,ɡ,-0.023,44,0.99,1.0,False
Welsh,震卦-static,h,-0.022,18,0.9552,1.0,False
Welsh,兌卦-static,ɔ,-0.022,5,0.99,1.0,False
Welsh,中卦-static,s,0.019,39,0.9851,1.0,False
Welsh,坎卦-static,ə,0.018,3,0.99,1.0,False
Welsh,震卦-static,ə͡ɨ,0.015,3,0.9652,1.0,False
Welsh,兌卦-dynamic,ə,0.013,4,0.9801,1.0,False
Welsh,中卦-static,a,-0.009,42,0.995,1.0,False
Welsh,離卦-dynamic,e͡ʊ,-0.009,4,0.9751,1.0,False
Welsh,離卦-dynamic,b,0.007,38,0.9701,1.0,False
Welsh,坎卦-static,o,-0.006,7,1.0,1.0,False
Welsh,坤卦-dynamic,n,0.005,84,0.9751,1.0,False
Welsh,震卦-dynamic,f,0.005,6,0.9851,1.0,False
Welsh,中卦-static,k,0.001,28,1.0,1.0,False
Welsh,震卦-dynamic,h,0.001,9,1.0,1.0,False
