language,pole,phoneme,z,count,p_perm,q_fdr,significant
Arabic,FAST,j,2.788,13,0.005,0.2473,False
Arabic,SHARP,q,2.464,29,0.005,0.2473,False
Arabic,ROUND,t,2.361,96,0.005,0.2473,False
Arabic,SMALL,l,2.247,64,0.005,0.2473,False
Arabic,ROUND,t̪,2.169,32,0.005,0.2473,False
Arabic,SMOOTH,n,2.052,64,0.005,0.2473,False
Arabic,SMOOTH,k,1.541,27,0.005,0.2473,False
Arabic,LOUD,ɣ,3.056,4,0.01,0.3148,False
Arabic,BIG,z,2.887,5,0.01,0.3148,False
Arabic,SHARP,m,-1.86,8,0.01,0.3148,False
Arabic,ROUND,k,1.484,24,0.01,0.3148,False
Arabic,BIG,w,2.573,6,0.0149,0.3995,False
Arabic,SMOOTH,s,-1.548,15,0.0149,0.3995,False
Arabic,ROUGH,θ,3.009,4,0.0199,0.4328,False
Arabic,SHARP,d,1.982,32,0.0199,0.4328,False
Arabic,SLOW,ʔ,-1.857,14,0.0199,0.4328,False
Arabic,SLOW,a,2.221,178,0.0249,0.4556,False
Arabic,SMOOTH,r,-1.478,36,0.0249,0.4556,False
Arabic,SMOOTH,u,-1.373,30,0.0249,0.4556,False
Arabic,DARK,ʃ,2.21,20,0.0299,0.4947,False
Arabic,FAST,h,1.886,14,0.0299,0.4947,False
Arabic,LOUD,b,2.74,9,0.0348,0.505,False
Arabic,SMALL,n,1.545,30,0.0348,0.505,False
Arabic,ROUND,d,-1.445,17,0.0348,0.505,False
Arabic,SLOW,i,-1.756,16,0.0398,0.554,False
Arabic,BRIGHT,r,2.334,17,0.0448,0.5585,False
Arabic,BIG,ħ,2.224,9,0.0498,0.5585,False
Arabic,SMALL,ʔ,-1.564,22,0.0498,0.5585,False
Arabic,SMALL,r,-1.546,18,0.0498,0.5585,False
Arabic,SHARP,s̪,1.424,15,0.0498,0.5585,False
Arabic,SMOOTH,ħ,1.17,41,0.0498,0.5585,False
Arabic,SMOOTH,ʕ,1.113,40,0.0697,0.7575,False
Arabic,LOUD,χ,2.409,3,0.0846,0.787,False
Arabic,ROUGH,d͡ʒ,2.381,4,0.1144,0.787,False
Arabic,BIG,ð,2.007,3,0.1045,0.787,False
Arabic,QUIET,h,1.831,6,0.0995,0.787,False
Arabic,QUIET,u,1.592,24,0.1095,0.787,False
Arabic,QUIET,m,1.564,26,0.1194,0.787,False
Arabic,DARK,f,1.496,18,0.1244,0.787,False
Arabic,SLOW,f,1.441,17,0.0945,0.787,False
Arabic,FAST,s,1.408,29,0.0846,0.787,False
Arabic,DARK,ʔ,1.407,31,0.0945,0.787,False
Arabic,FAST,a,1.396,219,0.0995,0.787,False
Arabic,SLOW,u,-1.384,11,0.0896,0.787,False
Arabic,SHARP,ʃ,1.287,17,0.0995,0.787,False
Arabic,DARK,i,-1.278,23,0.1095,0.787,False
Arabic,DARK,ʕ,-1.242,9,0.0945,0.787,False
Arabic,FAST,q,-1.236,6,0.0995,0.787,False
Arabic,SHARP,ʕ,1.201,18,0.1194,0.787,False
Arabic,SLOW,m,-1.168,14,0.1244,0.787,False
Arabic,FAST,u,-1.106,19,0.1095,0.787,False
Arabic,SMOOTH,t̪,-0.918,5,0.1244,0.787,False
Arabic,SMOOTH,i,0.913,134,0.1045,0.787,False
Arabic,SMOOTH,a,0.908,393,0.0995,0.787,False
Arabic,SHARP,χ,-1.179,3,0.1393,0.8358,False
Arabic,SMALL,ð,1.149,7,0.1393,0.8358,False
Arabic,FAST,d͡ʒ,-1.087,4,0.1443,0.851,False
Arabic,LOUD,s̪,1.962,3,0.1592,0.8657,False
Arabic,SHARP,f,1.176,19,0.1592,0.8657,False
Arabic,DARK,w,1.054,8,0.1642,0.8657,False
Arabic,FAST,f,-1.035,9,0.1493,0.8657,False
Arabic,ROUND,χ,-0.835,9,0.1592,0.8657,False
Arabic,SMOOTH,d,0.814,54,0.1692,0.8657,False
Arabic,ROUND,l,0.831,74,0.1741,0.8782,False
Arabic,ROUND,m,-0.868,42,0.1791,0.8904,False
Arabic,SMOOTH,ð,0.769,11,0.1841,0.9022,False
Arabic,SMALL,d,0.99,30,0.1891,0.9138,False
Arabic,BRIGHT,s,1.632,7,0.194,0.925,False
Arabic,FAST,d,-1.029,13,0.199,0.9359,False
Arabic,ROUGH,ʕ,1.781,4,0.2886,0.9804,False
Arabic,LOUD,i,1.659,12,0.3632,0.9804,False
Arabic,LOUD,a,-1.593,17,0.3134,0.9804,False
Arabic,LOUD,u,1.563,8,0.4129,0.9804,False
Arabic,BIG,ʔ,1.341,13,0.2637,0.9804,False
Arabic,BRIGHT,t,1.28,10,0.3134,0.9804,False
Arabic,BIG,b,-1.175,3,0.3085,0.9804,False
Arabic,BIG,n,-1.147,3,0.2935,0.9804,False
Arabic,BRIGHT,ʔ,1.124,9,0.4826,0.9804,False
Arabic,QUIET,q,-1.118,3,0.3035,0.9804,False
Arabic,BIG,ʕ,-1.084,4,0.3035,0.9804,False
Arabic,BRIGHT,m,1.077,12,0.4179,0.9804,False
Arabic,QUIET,t,1.036,18,0.3682,0.9804,False
Arabic,ROUGH,m,1.031,9,0.5821,0.9804,False
Arabic,QUIET,k,0.992,5,0.3582,0.9804,False
Arabic,SLOW,n,0.976,18,0.2736,0.9804,False
Arabic,BRIGHT,i,0.972,16,0.5224,0.9804,False
Arabic,ROUGH,ʃ,0.955,3,0.5522,0.9804,False
Arabic,FAST,ʕ,0.954,20,0.2488,0.9804,False
Arabic,QUIET,d,-0.934,6,0.3582,0.9804,False
Arabic,SMALL,b,-0.931,13,0.2587,0.9804,False
Arabic,BRIGHT,ʕ,-0.929,3,0.5323,0.9804,False
Arabic,BIG,m,0.924,16,0.4776,0.9804,False
Arabic,LOUD,f,0.911,3,0.6169,0.9804,False
Arabic,DARK,χ,0.892,10,0.2935,0.9804,False
Arabic,BRIGHT,u,-0.891,5,0.5373,0.9804,False
Arabic,BIG,t,-0.889,7,0.4129,0.9804,False
Arabic,SLOW,s̪,-0.888,3,0.3284,0.9804,False
Arabic,BIG,a,-0.864,45,0.5174,0.9804,False
Arabic,QUIET,r,-0.863,12,0.3881,0.9804,False
Arabic,FAST,i,-0.855,38,0.2886,0.9804,False
Arabic,SHARP,ð,0.817,5,0.2736,0.9804,False
Arabic,SHARP,l,-0.813,16,0.3383,0.9804,False
Arabic,SMALL,i,0.811,69,0.2935,0.9804,False
Arabic,DARK,h,0.801,7,0.3085,0.9804,False
Arabic,ROUGH,a,-0.788,25,0.6567,0.9804,False
Arabic,FAST,t,-0.786,23,0.3085,0.9804,False
Arabic,ROUGH,t,-0.784,4,0.6368,0.9804,False
Arabic,SMALL,s̪,-0.766,5,0.3134,0.9804,False
Arabic,LOUD,d,0.758,4,0.6965,0.9804,False
Arabic,FAST,b,-0.755,15,0.3632,0.9804,False
Arabic,QUIET,ʕ,-0.753,6,0.3682,0.9804,False
Arabic,SMALL,t,-0.75,24,0.2736,0.9804,False
Arabic,SLOW,q,0.749,15,0.3582,0.9804,False
Arabic,SMALL,f,-0.746,11,0.3582,0.9804,False
Arabic,BIG,i,0.74,21,0.5124,0.9804,False
Arabic,QUIET,z,0.737,3,0.4478,0.9804,False
Arabic,BIG,χ,0.734,4,0.5522,0.9804,False
Arabic,SMALL,s,-0.727,14,0.3184,0.9804,False
Arabic,SHARP,d͡ʒ,0.725,12,0.3831,0.9804,False
Arabic,SLOW,χ,0.724,9,0.393,0.9804,False
Arabic,SMOOTH,χ,-0.72,11,0.2338,0.9804,False
Arabic,ROUGH,b,0.713,6,0.6667,0.9804,False
Arabic,SMALL,ʃ,-0.71,5,0.2189,0.9804,False
Arabic,DARK,s̪,0.707,10,0.408,0.9804,False
Arabic,QUIET,b,0.704,15,0.4279,0.9804,False
Arabic,DARK,k,-0.702,3,0.4129,0.9804,False
Arabic,ROUND,s,0.696,42,0.2488,0.9804,False
Arabic,SMALL,q,0.695,21,0.3532,0.9804,False
Arabic,DARK,t,-0.691,18,0.4577,0.9804,False
Arabic,SHARP,s,-0.684,12,0.3483,0.9804,False
Arabic,LOUD,ʔ,-0.677,4,0.6915,0.9804,False
Arabic,ROUND,ʃ,-0.676,9,0.2786,0.9804,False
Arabic,SMOOTH,t,-0.668,47,0.2338,0.9804,False
Arabic,DARK,u,0.659,32,0.4876,0.9804,False
Arabic,FAST,s̪,0.653,13,0.3881,0.9804,False
Arabic,SMOOTH,s̪,-0.628,11,0.2736,0.9804,False
Arabic,ROUND,s̪,-0.624,10,0.3085,0.9804,False
Arabic,SMOOTH,l,0.624,76,0.2587,0.9804,False
Arabic,ROUND,i,-0.623,74,0.2488,0.9804,False
Arabic,DARK,n,-0.618,10,0.5025,0.9804,False
Arabic,DARK,q,-0.615,8,0.4378,0.9804,False
Arabic,DARK,d͡ʒ,0.61,10,0.4577,0.9804,False
Arabic,ROUGH,ħ,0.605,3,0.7015,0.9804,False
Arabic,FAST,r,0.603,49,0.4179,0.9804,False
Arabic,SMOOTH,m,-0.602,54,0.2488,0.9804,False
Arabic,SHARP,w,0.587,7,0.4478,0.9804,False
Arabic,BRIGHT,l,-0.582,5,0.6219,0.9804,False
Arabic,ROUND,ɣ,-0.573,5,0.398,0.9804,False
Arabic,ROUND,d͡ʒ,0.568,23,0.393,0.9804,False
Arabic,ROUND,b,-0.558,31,0.3383,0.9804,False
Arabic,FAST,ʃ,-0.558,6,0.4378,0.9804,False
Arabic,ROUND,w,0.555,14,0.3831,0.9804,False
Arabic,FAST,ð,0.551,5,0.4627,0.9804,False
Arabic,SHARP,h,-0.55,3,0.4726,0.9804,False
Arabic,SMOOTH,ʃ,-0.534,12,0.3035,0.9804,False
Arabic,BIG,k,0.527,3,0.6567,0.9804,False
Arabic,BIG,u,0.526,13,0.6816,0.9804,False
Arabic,SMALL,ʕ,-0.524,15,0.398,0.9804,False
Arabic,SLOW,b,-0.524,13,0.5224,0.9804,False
Arabic,BIG,l,0.523,12,0.6816,0.9804,False
Arabic,FAST,m,-0.519,29,0.4677,0.9804,False
Arabic,SHARP,r,0.508,41,0.5522,0.9804,False
Arabic,SMALL,θ,0.507,8,0.5174,0.9804,False
Arabic,QUIET,a,-0.503,67,0.6517,0.9804,False
Arabic,FAST,k,-0.474,5,0.5323,0.9804,False
Arabic,QUIET,χ,-0.463,3,0.5622,0.9804,False
Arabic,SMALL,j,0.441,5,0.5423,0.9804,False
Arabic,SHARP,i,-0.439,39,0.5473,0.9804,False
Arabic,SLOW,ʕ,0.426,13,0.6368,0.9804,False
Arabic,SHARP,ʔ,-0.424,25,0.5771,0.9804,False
Arabic,ROUND,r,-0.414,60,0.5423,0.9804,False
Arabic,SMOOTH,d͡ʒ,-0.409,15,0.408,0.9804,False
Arabic,SMOOTH,h,-0.403,8,0.4726,0.9804,False
Arabic,ROUND,q,0.394,32,0.5274,0.9804,False
Arabic,SLOW,h,-0.391,3,0.6866,0.9804,False
Arabic,SLOW,r,0.389,33,0.6667,0.9804,False
Arabic,DARK,ɣ,0.386,7,0.5871,0.9804,False
Arabic,QUIET,s̪,0.386,5,0.6965,0.9804,False
Arabic,FAST,θ,0.378,7,0.607,0.9804,False
Arabic,SHARP,j,0.377,4,0.607,0.9804,False
Arabic,DARK,ħ,-0.37,8,0.607,0.9804,False
Arabic,SMOOTH,j,-0.369,4,0.4378,0.9804,False
Arabic,ROUND,u,0.365,68,0.5522,0.9804,False
Arabic,SMALL,m,0.355,43,0.6269,0.9804,False
Arabic,FAST,t̪,0.352,9,0.6119,0.9804,False
Arabic,SMOOTH,w,-0.349,6,0.4975,0.9804,False
Arabic,ROUND,ð,-0.347,4,0.602,0.9804,False
Arabic,SMALL,u,-0.343,30,0.6418,0.9804,False
Arabic,SMOOTH,z,-0.314,5,0.5473,0.9804,False
Arabic,SMOOTH,ɣ,-0.308,9,0.592,0.9804,False
Arabic,SMALL,t̪,0.305,9,0.6667,0.9804,False
Arabic,ROUND,h,-0.303,8,0.6716,0.9804,False
Arabic,SMOOTH,ʔ,-0.301,58,0.602,0.9804,False
Arabic,SMOOTH,f,-0.294,26,0.5473,0.9804,False
Arabic,SHARP,k,-0.291,5,0.6716,0.9804,False
Arabic,SLOW,k,0.283,6,0.6866,0.9804,False
Arabic,ROUND,n,0.279,35,0.6567,0.9804,False
Arabic,SHARP,t̪,-0.279,5,0.7015,0.9804,False
Arabic,SHARP,t,0.277,29,0.6816,0.9804,False
Arabic,SMALL,ɣ,-0.273,5,0.6965,0.9804,False
Arabic,SMOOTH,b,-0.258,42,0.6617,0.9804,False
Arabic,ROUGH,s,0.577,4,0.7761,0.9853,False
Arabic,LOUD,r,0.524,7,0.8109,0.9853,False
Arabic,ROUGH,u,0.487,7,0.796,0.9853,False
Arabic,BRIGHT,d,-0.469,4,0.7662,0.9853,False
Arabic,QUIET,i,-0.405,20,0.7463,0.9853,False
Arabic,ROUGH,ʔ,0.4,6,0.8408,0.9853,False
Arabic,BRIGHT,ʃ,0.398,3,0.7711,0.9853,False
Arabic,QUIET,ʔ,0.382,15,0.7612,0.9853,False
Arabic,QUIET,ɣ,0.365,4,0.7711,0.9853,False
Arabic,BIG,q,-0.359,4,0.7811,0.9853,False
Arabic,LOUD,t,-0.354,4,0.8507,0.9853,False
Arabic,DARK,d,0.336,18,0.7413,0.9853,False
Arabic,SLOW,d͡ʒ,-0.296,6,0.7264,0.9853,False
Arabic,BRIGHT,q,-0.284,3,0.8507,0.9853,False
Arabic,FAST,ɣ,-0.254,5,0.7363,0.9853,False
Arabic,DARK,l,-0.25,20,0.7363,0.9853,False
Arabic,SMALL,z,0.246,5,0.7463,0.9853,False
Arabic,SLOW,ʃ,-0.244,6,0.7711,0.9853,False
Arabic,QUIET,n,-0.244,7,0.8308,0.9853,False
Arabic,SMALL,h,-0.23,5,0.7164,0.9853,False
Arabic,DARK,m,-0.229,25,0.7861,0.9853,False
Arabic,QUIET,f,-0.229,6,0.8458,0.9853,False
Arabic,SMALL,a,-0.217,168,0.7413,0.9853,False
Arabic,SMALL,ħ,0.213,15,0.7463,0.9853,False
Arabic,SHARP,a,-0.211,141,0.8358,0.9853,False
Arabic,FAST,χ,0.195,10,0.801,0.9853,False
Arabic,DARK,j,0.189,3,0.8308,0.9853,False
Arabic,QUIET,ʃ,0.177,5,0.8557,0.9853,False
Arabic,FAST,ʔ,0.172,33,0.8259,0.9853,False
Arabic,SLOW,ɣ,-0.171,4,0.8507,0.9853,False
Arabic,SLOW,l,-0.167,20,0.8408,0.9853,False
Arabic,ROUND,ʕ,-0.163,28,0.7811,0.9853,False
Arabic,SMOOTH,q,0.163,32,0.7363,0.9853,False
Arabic,SMALL,k,0.157,8,0.8209,0.9853,False
Arabic,ROUND,ħ,0.156,25,0.8259,0.9853,False
Arabic,ROUND,f,-0.153,25,0.7413,0.9853,False
Arabic,DARK,s,0.153,15,0.8607,0.9853,False
Arabic,SMALL,d͡ʒ,0.136,11,0.8607,0.9853,False
Arabic,SLOW,d,0.122,16,0.8557,0.9853,False
Arabic,LOUD,m,0.297,6,0.8756,0.9909,False
Arabic,ROUGH,q,0.27,3,0.8706,0.9909,False
Arabic,ROUGH,i,0.262,10,0.8806,0.9909,False
Arabic,QUIET,l,-0.187,12,0.8756,0.9909,False
Arabic,QUIET,d͡ʒ,-0.143,4,0.8806,0.9909,False
Arabic,ROUND,a,-0.112,294,0.8856,0.9909,False
Arabic,DARK,a,-0.096,126,0.8856,0.9909,False
Arabic,FAST,n,-0.115,17,0.8905,0.9933,False
Arabic,LOUD,s,0.228,3,0.9552,0.9953,False
Arabic,BRIGHT,a,-0.139,38,0.9254,0.9953,False
Arabic,DARK,r,-0.108,29,0.9104,0.9953,False
Arabic,BIG,d͡ʒ,-0.099,3,0.9453,0.9953,False
Arabic,ROUGH,l,-0.099,5,0.9552,0.9953,False
Arabic,BIG,f,0.098,5,0.9453,0.9953,False
Arabic,SHARP,u,-0.095,28,0.9353,0.9953,False
Arabic,SLOW,ħ,-0.095,9,0.9204,0.9953,False
Arabic,SHARP,z,-0.092,3,0.9403,0.9953,False
Arabic,BRIGHT,b,0.09,6,0.9552,0.9953,False
Arabic,BIG,d,0.089,7,0.9204,0.9953,False
Arabic,SLOW,s,0.083,14,0.9204,0.9953,False
Arabic,DARK,b,-0.082,18,0.9204,0.9953,False
Arabic,SLOW,z,0.076,3,0.9353,0.9953,False
Arabic,SMALL,χ,-0.066,9,0.9254,0.9953,False
Arabic,SHARP,n,-0.059,15,0.9552,0.9953,False
Arabic,SLOW,t̪,-0.053,5,0.9502,0.9953,False
Arabic,ROUND,z,0.029,7,0.9502,0.9953,False
Arabic,QUIET,s,-0.071,8,0.9801,0.9973,False
Arabic,SHARP,ħ,-0.056,11,0.9602,0.9973,False
Arabic,BIG,r,0.044,13,0.9751,0.9973,False
Arabic,SHARP,b,0.037,22,0.9801,0.9973,False
Arabic,SLOW,t,-0.031,22,0.9652,0.9973,False
Arabic,ROUND,θ,-0.025,8,0.9751,0.9973,False
Arabic,FAST,ħ,-0.023,13,0.9751,0.9973,False
Arabic,SMALL,w,-0.018,5,0.9851,0.9979,False
Arabic,FAST,l,-0.013,30,0.99,0.9979,False
Arabic,ROUGH,r,0.008,7,0.995,0.9979,False
Arabic,ROUND,ʔ,-0.003,56,0.995,0.9979,False
Arabic,SMOOTH,θ,-0.011,9,1.0,1.0,False
Chinese,ROUGH,t͡sʰ,3.275,3,0.005,0.2587,False
Chinese,BIG,k,2.726,6,0.005,0.2587,False
Chinese,DARK,ɯ,2.441,21,0.005,0.2587,False
Chinese,DARK,ʌ,2.441,21,0.005,0.2587,False
Chinese,SHARP,ɛ,2.187,37,0.005,0.2587,False
Chinese,DARK,x,2.144,25,0.005,0.2587,False
Chinese,FAST,ɔ,2.106,17,0.005,0.2587,False
Chinese,SMOOTH,ɻ,2.009,40,0.005,0.2587,False
Chinese,ROUND,pʰ,1.613,17,0.005,0.2587,False
Chinese,LOUD,ʊ,2.791,20,0.01,0.291,False
Chinese,LOUD,kʰ,2.642,6,0.01,0.291,False
Chinese,BIG,p,2.533,6,0.01,0.291,False
Chinese,ROUND,ɨ,1.706,23,0.01,0.291,False
Chinese,ROUND,t͡s,1.501,24,0.01,0.291,False
Chinese,SMOOTH,ɯ,1.5,25,0.01,0.291,False
Chinese,SMOOTH,ʌ,1.5,25,0.01,0.291,False
Chinese,BIG,e,2.544,6,0.0149,0.3676,False
Chinese,LOUD,ɑ,2.503,20,0.0149,0.3676,False
Chinese,SHARP,ʈ͡ʂ,1.475,19,0.0149,0.3676,False
Chinese,BIG,t,2.722,8,0.0199,0.4049,False
Chinese,SLOW,pʰ,2.365,5,0.0199,0.4049,False
Chinese,DARK,s,1.724,21,0.0199,0.4049,False
Chinese,SMOOTH,ʂ,1.237,36,0.0249,0.4851,False
Chinese,BIG,n,-2.383,3,0.0299,0.4939,False
Chinese,BIG,f,2.334,3,0.0348,0.4939,False
Chinese,QUIET,ŋ,1.968,32,0.0348,0.4939,False
Chinese,SMALL,ɻ,1.919,17,0.0299,0.4939,False
Chinese,FAST,ŋ,-1.752,14,0.0348,0.4939,False
Chinese,FAST,m,1.646,15,0.0348,0.4939,False
Chinese,DARK,ə,-1.463,6,0.0348,0.4939,False
Chinese,SMOOTH,ɔ,1.275,26,0.0348,0.4939,False
Chinese,SMOOTH,l,-1.246,10,0.0299,0.4939,False
Chinese,ROUGH,ɕ,2.894,3,0.0398,0.5034,False
Chinese,SLOW,ʈ͡ʂʰ,2.069,5,0.0398,0.5034,False
Chinese,DARK,ŋ,1.38,56,0.0398,0.5034,False
Chinese,ROUND,ʈ͡ʂ,1.332,29,0.0398,0.5034,False
Chinese,SMOOTH,j,1.892,3,0.0448,0.5373,False
Chinese,SMOOTH,ə,1.032,32,0.0547,0.6403,False
Chinese,DARK,m,1.339,17,0.0597,0.6815,False
Chinese,SLOW,ɪ,1.773,13,0.0796,0.7197,False
Chinese,FAST,ɤ,1.592,16,0.0647,0.7197,False
Chinese,SMALL,a,1.424,21,0.0697,0.7197,False
Chinese,FAST,ɑ,-1.412,20,0.0796,0.7197,False
Chinese,SHARP,t͡ɕ,1.257,27,0.0796,0.7197,False
Chinese,DARK,ʊ,-1.231,22,0.0796,0.7197,False
Chinese,SHARP,i,1.207,90,0.0697,0.7197,False
Chinese,SHARP,a,-1.204,7,0.0846,0.7197,False
Chinese,ROUND,a,1.097,45,0.0746,0.7197,False
Chinese,SMOOTH,f,-1.01,3,0.0796,0.7197,False
Chinese,ROUND,ʂ,-0.952,13,0.0846,0.7197,False
Chinese,FAST,t͡ɕʰ,1.385,12,0.0896,0.7226,False
Chinese,ROUND,ɕ,-0.987,13,0.0896,0.7226,False
Chinese,SMALL,t͡s,1.19,9,0.0995,0.7511,False
Chinese,ROUND,ɛ,0.889,38,0.1045,0.7761,False
Chinese,LOUD,u,-1.839,4,0.1144,0.8239,False
Chinese,SHARP,ŋ,-1.023,28,0.1144,0.8239,False
Chinese,FAST,t͡s,1.175,10,0.1194,0.834,False
Chinese,ROUGH,y,2.536,3,0.1244,0.8358,False
Chinese,BRIGHT,n,1.715,17,0.1294,0.8358,False
Chinese,FAST,t͡ɕ,1.201,20,0.1294,0.8358,False
Chinese,FAST,ʈ͡ʂ,1.191,13,0.1294,0.8358,False
Chinese,SMALL,ɪ,1.09,19,0.1393,0.8358,False
Chinese,DARK,ʈ͡ʂ,-1.02,3,0.1244,0.8358,False
Chinese,SHARP,m,-0.968,4,0.1343,0.8358,False
Chinese,ROUND,ə,-0.94,15,0.1393,0.8358,False
Chinese,SHARP,ʂ,0.905,21,0.1343,0.8358,False
Chinese,SMOOTH,p,-0.842,9,0.1343,0.8358,False
Chinese,LOUD,x,1.707,6,0.1443,0.844,False
Chinese,FAST,tʰ,-1.092,3,0.1592,0.8731,False
Chinese,SMALL,e,0.91,11,0.1642,0.8731,False
Chinese,ROUND,y,0.868,38,0.1592,0.8731,False
Chinese,BIG,u,1.728,15,0.1791,0.887,False
Chinese,BRIGHT,l,1.618,6,0.1841,0.887,False
Chinese,BIG,ɪ,1.616,7,0.1891,0.887,False
Chinese,SLOW,a,1.334,11,0.1891,0.887,False
Chinese,SLOW,tʰ,1.274,7,0.1741,0.887,False
Chinese,SMALL,l,-1.074,5,0.1791,0.887,False
Chinese,FAST,y,0.992,19,0.199,0.887,False
Chinese,SMOOTH,ɑ,-0.794,53,0.1841,0.887,False
Chinese,SMOOTH,k,0.667,22,0.194,0.887,False
Chinese,DARK,i,0.823,78,0.209,0.9139,False
Chinese,SMOOTH,ɛ,-0.73,11,0.209,0.9139,False
Chinese,SMOOTH,a,0.647,37,0.2139,0.927,False
Chinese,ROUGH,u,1.657,5,0.4527,0.9313,False
Chinese,LOUD,t͡ɕ,1.62,8,0.2289,0.9313,False
Chinese,LOUD,i,1.477,25,0.2935,0.9313,False
Chinese,BRIGHT,f,1.375,3,0.2786,0.9313,False
Chinese,BIG,ɤ,1.329,4,0.2488,0.9313,False
Chinese,BRIGHT,ʈ͡ʂʰ,1.306,3,0.3234,0.9313,False
Chinese,BIG,tʰ,1.302,4,0.2537,0.9313,False
Chinese,LOUD,t͡ɕʰ,1.268,4,0.3433,0.9313,False
Chinese,LOUD,tʰ,1.245,5,0.3035,0.9313,False
Chinese,BIG,l,1.159,4,0.3433,0.9313,False
Chinese,BRIGHT,t͡ɕʰ,1.15,4,0.3433,0.9313,False
Chinese,BRIGHT,i,1.082,24,0.3731,0.9313,False
Chinese,BRIGHT,ɨ,1.025,3,0.4975,0.9313,False
Chinese,BRIGHT,u,-0.975,8,0.4577,0.9313,False
Chinese,BRIGHT,ɕ,0.952,7,0.408,0.9313,False
Chinese,BRIGHT,ɔ,0.946,4,0.4527,0.9313,False
Chinese,SLOW,e,0.939,6,0.3682,0.9313,False
Chinese,LOUD,ŋ,0.926,14,0.4478,0.9313,False
Chinese,BIG,i,-0.922,10,0.4478,0.9313,False
Chinese,SLOW,l,-0.916,3,0.3333,0.9313,False
Chinese,SLOW,ɤ,0.888,6,0.398,0.9313,False
Chinese,SMALL,p,0.885,12,0.2537,0.9313,False
Chinese,QUIET,tʰ,0.884,8,0.3383,0.9313,False
Chinese,QUIET,n,0.872,25,0.2985,0.9313,False
Chinese,SLOW,ɑ,0.832,20,0.4179,0.9313,False
Chinese,DARK,u,-0.817,30,0.2786,0.9313,False
Chinese,SHARP,ɤ,0.814,16,0.2189,0.9313,False
Chinese,SMALL,ʈ͡ʂ,0.812,10,0.2388,0.9313,False
Chinese,DARK,ɤ,-0.799,5,0.2736,0.9313,False
Chinese,SHARP,ɪ,-0.797,7,0.2537,0.9313,False
Chinese,SLOW,n,-0.792,12,0.4478,0.9313,False
Chinese,SMALL,tʰ,-0.791,4,0.2736,0.9313,False
Chinese,FAST,ʂ,-0.786,7,0.2985,0.9313,False
Chinese,BRIGHT,ʊ,-0.782,8,0.5174,0.9313,False
Chinese,BIG,m,0.775,3,0.5622,0.9313,False
Chinese,QUIET,t͡ɕʰ,0.774,6,0.3682,0.9313,False
Chinese,SLOW,t͡s,0.757,4,0.5423,0.9313,False
Chinese,ROUND,i,-0.756,83,0.2537,0.9313,False
Chinese,SMALL,ʊ,-0.752,20,0.3483,0.9313,False
Chinese,BRIGHT,t͡s,0.747,3,0.6269,0.9313,False
Chinese,FAST,l,0.747,13,0.2935,0.9313,False
Chinese,LOUD,ə,0.743,5,0.5821,0.9313,False
Chinese,SMALL,ʈ͡ʂʰ,0.742,6,0.3134,0.9313,False
Chinese,SLOW,i,-0.733,19,0.5174,0.9313,False
Chinese,SMALL,u,0.699,38,0.3483,0.9313,False
Chinese,SLOW,t͡ɕ,-0.699,3,0.4776,0.9313,False
Chinese,QUIET,t,-0.699,3,0.4577,0.9313,False
Chinese,BIG,ʊ,0.689,10,0.6318,0.9313,False
Chinese,SMOOTH,ŋ,-0.688,50,0.2289,0.9313,False
Chinese,SMALL,i,-0.681,36,0.3632,0.9313,False
Chinese,LOUD,n,-0.68,9,0.597,0.9313,False
Chinese,SHARP,n,0.677,50,0.3085,0.9313,False
Chinese,QUIET,ɪ,-0.676,4,0.403,0.9313,False
Chinese,SHARP,p,-0.672,7,0.3333,0.9313,False
Chinese,QUIET,l,0.658,8,0.4876,0.9313,False
Chinese,SHARP,ə,-0.655,11,0.3085,0.9313,False
Chinese,SHARP,e,-0.649,4,0.2886,0.9313,False
Chinese,SMOOTH,ɤ,0.646,23,0.2886,0.9313,False
Chinese,FAST,ɛ,0.642,16,0.4577,0.9313,False
Chinese,SLOW,m,0.64,5,0.5274,0.9313,False
Chinese,SHARP,ɨ,0.636,9,0.2637,0.9313,False
Chinese,ROUND,ʊ,-0.63,50,0.2935,0.9313,False
Chinese,QUIET,t͡ɕ,0.621,10,0.5025,0.9313,False
Chinese,LOUD,ɕ,-0.618,3,0.6468,0.9313,False
Chinese,ROUND,n,0.615,79,0.2687,0.9313,False
Chinese,SMOOTH,t,0.614,29,0.2289,0.9313,False
Chinese,DARK,ɻ,-0.612,4,0.3731,0.9313,False
Chinese,ROUND,m,-0.599,10,0.2786,0.9313,False
Chinese,QUIET,ʂ,0.59,9,0.4876,0.9313,False
Chinese,SHARP,ʈ͡ʂʰ,-0.586,4,0.3483,0.9313,False
Chinese,FAST,n,0.586,37,0.4428,0.9313,False
Chinese,SHARP,y,-0.576,7,0.3483,0.9313,False
Chinese,SMALL,n,-0.575,24,0.4826,0.9313,False
Chinese,QUIET,pʰ,0.575,3,0.5323,0.9313,False
Chinese,SMOOTH,t͡s,-0.574,6,0.3184,0.9313,False
Chinese,FAST,ɕ,-0.565,9,0.393,0.9313,False
Chinese,QUIET,i,0.557,37,0.5473,0.9313,False
Chinese,SMALL,k,0.538,9,0.4826,0.9313,False
Chinese,SMOOTH,s,-0.538,4,0.3284,0.9313,False
Chinese,DARK,ɛ,0.537,19,0.4627,0.9313,False
Chinese,FAST,p,-0.536,6,0.4925,0.9313,False
Chinese,SLOW,ʂ,-0.536,4,0.6368,0.9313,False
Chinese,SHARP,l,0.524,16,0.3682,0.9313,False
Chinese,SHARP,ɑ,0.519,51,0.4378,0.9313,False
Chinese,DARK,t͡s,-0.509,4,0.4627,0.9313,False
Chinese,FAST,ə,-0.497,9,0.5473,0.9313,False
Chinese,QUIET,ʊ,0.495,22,0.597,0.9313,False
Chinese,SHARP,u,-0.491,37,0.4328,0.9313,False
Chinese,FAST,ʈ͡ʂʰ,0.487,6,0.5124,0.9313,False
Chinese,SMOOTH,t͡ɕ,-0.479,16,0.4328,0.9313,False
Chinese,FAST,ɻ,0.477,10,0.5224,0.9313,False
Chinese,SHARP,f,-0.465,4,0.4925,0.9313,False
Chinese,ROUND,u,0.463,84,0.4129,0.9313,False
Chinese,SHARP,tʰ,0.462,14,0.4677,0.9313,False
Chinese,DARK,p,-0.46,8,0.5174,0.9313,False
Chinese,QUIET,ɑ,0.454,24,0.6468,0.9313,False
Chinese,DARK,y,-0.449,8,0.4677,0.9313,False
Chinese,SMALL,ŋ,-0.447,24,0.5025,0.9313,False
Chinese,DARK,ʂ,-0.444,11,0.6119,0.9313,False
Chinese,SMOOTH,ʈ͡ʂʰ,-0.441,7,0.4279,0.9313,False
Chinese,ROUND,ɯ,-0.439,6,0.4826,0.9313,False
Chinese,ROUND,ʌ,-0.439,6,0.4826,0.9313,False
Chinese,SMALL,ʂ,0.437,12,0.4925,0.9313,False
Chinese,QUIET,k,-0.436,3,0.6418,0.9313,False
Chinese,SHARP,t,0.428,17,0.4876,0.9313,False
Chinese,SHARP,t͡ɕʰ,-0.424,6,0.5473,0.9313,False
Chinese,SMOOTH,x,0.422,19,0.4428,0.9313,False
Chinese,ROUND,t͡ɕʰ,0.42,17,0.4478,0.9313,False
Chinese,DARK,ɔ,-0.42,5,0.5423,0.9313,False
Chinese,SMOOTH,ʈ͡ʂ,0.419,19,0.4627,0.9313,False
Chinese,SMOOTH,œ,-0.418,3,0.4726,0.9313,False
Chinese,SMALL,y,-0.414,6,0.5871,0.9313,False
Chinese,SMALL,ɛ,-0.414,7,0.5622,0.9313,False
Chinese,SMALL,ɕ,-0.409,9,0.6468,0.9313,False
Chinese,ROUND,s,-0.405,6,0.5224,0.9313,False
Chinese,SHARP,ɯ,-0.399,4,0.5672,0.9313,False
Chinese,SHARP,ʌ,-0.399,4,0.5672,0.9313,False
Chinese,SMOOTH,y,-0.397,14,0.5572,0.9313,False
Chinese,SMOOTH,ʊ,-0.393,53,0.4478,0.9313,False
Chinese,ROUND,f,-0.368,7,0.4478,0.9313,False
Chinese,SMOOTH,kʰ,-0.364,8,0.5174,0.9313,False
Chinese,QUIET,e,-0.36,3,0.6318,0.9313,False
Chinese,DARK,t,-0.358,9,0.6269,0.9313,False
Chinese,FAST,ɪ,0.352,15,0.6318,0.9313,False
Chinese,SMALL,t,0.351,11,0.592,0.9313,False
Chinese,DARK,a,-0.351,14,0.592,0.9313,False
Chinese,ROUND,ŋ,-0.346,59,0.607,0.9313,False
Chinese,DARK,t͡ɕ,-0.345,11,0.602,0.9313,False
Chinese,FAST,k,0.344,9,0.5672,0.9313,False
Chinese,SMOOTH,t͡sʰ,-0.343,3,0.597,0.9313,False
Chinese,FAST,a,0.343,16,0.6169,0.9313,False
Chinese,SMOOTH,e,-0.334,10,0.4975,0.9313,False
Chinese,SHARP,ɕ,-0.332,14,0.5174,0.9313,False
Chinese,SMALL,ɯ,-0.331,3,0.6269,0.9313,False
Chinese,SMALL,ʌ,-0.331,3,0.6269,0.9313,False
Chinese,ROUND,ʈ͡ʂʰ,-0.316,8,0.5174,0.9313,False
Chinese,DARK,l,0.303,14,0.6468,0.9313,False
Chinese,SMOOTH,tʰ,-0.303,14,0.6318,0.9313,False
Chinese,ROUND,t͡sʰ,-0.294,4,0.5473,0.9313,False
Chinese,ROUND,l,-0.246,19,0.6219,0.9313,False
Chinese,ROUND,œ,0.235,11,0.6318,0.9313,False
Chinese,ROUND,p,0.212,21,0.6368,0.9313,False
Chinese,QUIET,u,-0.452,18,0.6617,0.9356,False
Chinese,SLOW,ŋ,-0.428,13,0.6567,0.9356,False
Chinese,FAST,t,-0.385,7,0.6617,0.9356,False
Chinese,SMALL,t͡ɕ,0.292,12,0.6517,0.9356,False
Chinese,QUIET,œ,0.434,4,0.6766,0.9452,False
Chinese,FAST,x,-0.27,5,0.6915,0.9547,False
Chinese,DARK,t͡sʰ,-0.235,3,0.6965,0.9559,False
Chinese,BRIGHT,ŋ,0.471,13,0.7015,0.9571,False
Chinese,ROUND,ɪ,-0.196,22,0.7065,0.9611,False
Chinese,SHARP,t͡sʰ,-0.25,3,0.7114,0.9623,False
Chinese,FAST,ʊ,-0.285,27,0.7164,0.9635,False
Chinese,BRIGHT,t͡ɕ,-0.418,3,0.7313,0.9745,False
Chinese,SMALL,ɑ,0.231,32,0.7363,0.9745,False
Chinese,ROUND,ɔ,-0.189,11,0.7313,0.9745,False
Chinese,ROUND,ɤ,-0.186,15,0.7313,0.9745,False
Chinese,DARK,ɑ,-0.164,40,0.7363,0.9745,False
Chinese,SMOOTH,pʰ,-0.151,5,0.7413,0.9745,False
Chinese,BIG,ɑ,-0.438,8,0.7861,0.9926,False
Chinese,BRIGHT,ɛ,0.356,5,0.801,0.9926,False
Chinese,SLOW,p,0.305,5,0.801,0.9926,False
Chinese,SLOW,ə,0.299,6,0.791,0.9926,False
Chinese,SLOW,ʊ,-0.284,13,0.796,0.9926,False
Chinese,SLOW,u,0.282,18,0.791,0.9926,False
Chinese,QUIET,ɯ,0.281,4,0.7662,0.9926,False
Chinese,QUIET,ʌ,0.281,4,0.7662,0.9926,False
Chinese,QUIET,y,0.265,8,0.7612,0.9926,False
Chinese,SLOW,x,0.263,4,0.801,0.9926,False
Chinese,QUIET,ɕ,-0.262,7,0.7711,0.9926,False
Chinese,QUIET,ɛ,0.208,8,0.801,0.9926,False
Chinese,SMOOTH,ɕ,0.199,29,0.7662,0.9926,False
Chinese,SHARP,k,-0.197,8,0.791,0.9926,False
Chinese,SMOOTH,m,0.187,17,0.7711,0.9926,False
Chinese,ROUND,ɑ,-0.156,68,0.806,0.9926,False
Chinese,ROUND,t,0.149,23,0.801,0.9926,False
Chinese,SMOOTH,n,-0.119,63,0.7761,0.9926,False
Chinese,BRIGHT,ɑ,-0.336,11,0.8209,0.9927,False
Chinese,SHARP,ʊ,0.116,41,0.8109,0.9927,False
Chinese,SMOOTH,u,-0.177,65,0.8259,0.9962,False
Chinese,ROUGH,ʊ,0.268,3,0.9502,1.0,False
Chinese,BRIGHT,y,-0.235,3,0.8806,1.0,False
Chinese,SLOW,y,-0.23,4,0.8507,1.0,False
Chinese,SLOW,ʈ͡ʂ,-0.22,3,0.8607,1.0,False
Chinese,SLOW,ɻ,0.206,4,0.8458,1.0,False
Chinese,QUIET,x,0.197,5,0.8607,1.0,False
Chinese,BIG,ŋ,-0.19,8,0.9005,1.0,False
Chinese,QUIET,kʰ,0.177,4,0.8507,1.0,False
Chinese,SMALL,m,-0.164,6,0.8557,1.0,False
Chinese,SLOW,kʰ,0.158,3,0.9403,1.0,False
Chinese,BIG,a,0.152,4,0.9254,1.0,False
Chinese,FAST,e,-0.148,6,0.8408,1.0,False
Chinese,QUIET,f,0.137,3,0.8905,1.0,False
Chinese,ROUGH,ŋ,0.13,3,0.9751,1.0,False
Chinese,DARK,f,-0.123,5,0.8706,1.0,False
Chinese,SHARP,kʰ,0.116,8,0.8806,1.0,False
Chinese,DARK,œ,-0.114,4,0.8955,1.0,False
Chinese,QUIET,s,-0.114,3,0.8955,1.0,False
Chinese,DARK,ɨ,0.105,6,0.9204,1.0,False
Chinese,SMALL,t͡ɕʰ,0.103,6,0.9005,1.0,False
Chinese,BRIGHT,p,-0.1,3,0.9502,1.0,False
Chinese,ROUND,k,-0.095,14,0.8706,1.0,False
Chinese,DARK,ɪ,0.091,16,0.8856,1.0,False
Chinese,FAST,i,-0.086,49,0.9204,1.0,False
Chinese,SLOW,t,0.086,5,0.9303,1.0,False
Chinese,FAST,u,-0.078,33,0.9104,1.0,False
Chinese,FAST,s,-0.074,5,0.9154,1.0,False
Chinese,ROUGH,n,0.072,3,0.9801,1.0,False
Chinese,ROUND,t͡ɕ,0.068,25,0.9254,1.0,False
Chinese,DARK,tʰ,-0.068,10,0.9403,1.0,False
Chinese,ROUND,ɻ,-0.067,14,0.9453,1.0,False
Chinese,ROUND,tʰ,-0.064,17,0.8905,1.0,False
Chinese,LOUD,ɛ,0.063,4,0.9602,1.0,False
Chinese,SLOW,ɕ,-0.055,6,0.9552,1.0,False
Chinese,DARK,e,0.053,9,0.9552,1.0,False
Chinese,SMALL,f,0.043,4,0.9701,1.0,False
Chinese,SHARP,ɻ,-0.035,9,0.9403,1.0,False
Chinese,ROUND,e,0.032,15,0.9552,1.0,False
Chinese,SHARP,pʰ,0.031,4,0.9652,1.0,False
Chinese,BRIGHT,ə,-0.031,4,0.9751,1.0,False
Chinese,LOUD,p,-0.03,3,0.9751,1.0,False
Chinese,BRIGHT,a,0.024,5,0.995,1.0,False
Chinese,SMOOTH,i,-0.024,102,0.9652,1.0,False
Chinese,SMOOTH,ɪ,0.024,25,0.9602,1.0,False
Chinese,QUIET,ə,-0.024,7,0.9801,1.0,False
Chinese,QUIET,ɤ,-0.022,5,0.9851,1.0,False
Chinese,SMOOTH,t͡ɕʰ,0.019,13,0.9801,1.0,False
Chinese,BRIGHT,ʂ,-0.018,4,0.99,1.0,False
Chinese,SMALL,s,0.016,5,0.995,1.0,False
Chinese,DARK,n,0.014,40,0.9851,1.0,False
Chinese,SMALL,kʰ,0.013,5,0.9851,1.0,False
Chinese,ROUND,x,-0.012,14,1.0,1.0,False
Chinese,SHARP,t͡s,0.009,7,0.9851,1.0,False
Chinese,DARK,ɕ,-0.006,16,0.99,1.0,False
Chinese,SMALL,ə,0.003,10,1.0,1.0,False
English,ROUGH,ʌ,3.296,7,0.005,0.2551,False
English,SHARP,i͡ə,3.128,9,0.005,0.2551,False
English,BIG,h,3.033,6,0.005,0.2551,False
English,SMALL,θ,2.935,10,0.005,0.2551,False
English,SLOW,ɜ,2.84,6,0.005,0.2551,False
English,FAST,e͡ɪ,2.373,30,0.005,0.2551,False
English,ROUND,ŋ,2.171,14,0.005,0.2551,False
English,SMALL,t,2.103,43,0.005,0.2551,False
English,SMOOTH,f,2.053,35,0.005,0.2551,False
English,SHARP,a,1.935,23,0.005,0.2551,False
English,SMOOTH,u,1.573,17,0.005,0.2551,False
English,SMOOTH,ð,2.5,10,0.01,0.4317,False
English,ROUND,a,1.344,28,0.01,0.4317,False
English,BRIGHT,ʃ,2.563,9,0.0199,0.4677,False
English,BRIGHT,n,2.13,18,0.0149,0.4677,False
English,ROUND,ʊ,2.076,5,0.0199,0.4677,False
English,QUIET,a͡ɪ,2.025,12,0.0199,0.4677,False
English,SMOOTH,e͡ə,1.973,8,0.0199,0.4677,False
English,SHARP,ɡ,1.936,13,0.0199,0.4677,False
English,SMOOTH,ɐ,1.821,7,0.0149,0.4677,False
English,SHARP,p,1.796,32,0.0149,0.4677,False
English,FAST,l,-1.694,13,0.0149,0.4677,False
English,SMOOTH,l,-1.647,18,0.0149,0.4677,False
English,DARK,ɐ,1.637,4,0.0249,0.5011,False
English,SMOOTH,ɔ,1.425,15,0.0249,0.5011,False
English,ROUND,ə͡l,1.409,15,0.0249,0.5011,False
English,SMALL,e͡ə,1.66,4,0.0299,0.5612,False
English,SHARP,m,1.568,27,0.0299,0.5612,False
English,SMOOTH,d͡ʒ,1.515,7,0.0348,0.6138,False
English,ROUND,i,-1.455,14,0.0348,0.6138,False
English,ROUGH,ɹ,2.799,4,0.0448,0.6313,False
English,QUIET,j,1.638,4,0.0448,0.6313,False
English,SHARP,ɑ,1.42,5,0.0398,0.6313,False
English,FAST,d͡ʒ,1.389,5,0.0448,0.6313,False
English,FAST,u,1.374,12,0.0398,0.6313,False
English,SHARP,i,-1.236,11,0.0448,0.6313,False
English,ROUND,k,1.198,51,0.0398,0.6313,False
English,SMOOTH,a͡ɪ,1.106,22,0.0448,0.6313,False
English,BIG,b,2.342,9,0.0547,0.6353,False
English,LOUD,ɛ,2.278,5,0.0597,0.6353,False
English,SLOW,w,2.093,6,0.0498,0.6353,False
English,BRIGHT,ə,1.74,15,0.0547,0.6353,False
English,SMALL,ð,1.584,4,0.0547,0.6353,False
English,FAST,z,1.384,13,0.0597,0.6353,False
English,DARK,ɡ,1.256,9,0.0597,0.6353,False
English,SMOOTH,ə,-1.196,15,0.0547,0.6353,False
English,ROUND,p,1.194,39,0.0547,0.6353,False
English,ROUND,ɒ,1.149,18,0.0547,0.6353,False
English,LOUD,a͡ʊ,2.43,4,0.0647,0.64,False
English,SHARP,a͡ɪ,1.303,17,0.0647,0.64,False
English,SHARP,ŋ,1.283,7,0.0647,0.64,False
English,ROUND,v,-1.149,4,0.0647,0.64,False
English,BRIGHT,ɪ,1.769,18,0.0697,0.6658,False
English,BIG,ə͡l,1.845,3,0.0746,0.6789,False
English,FAST,k,-1.198,17,0.0746,0.6789,False
English,ROUND,s,-0.992,31,0.0846,0.7572,False
English,SHARP,ə͡l,1.12,9,0.0945,0.784,False
English,SMOOTH,j,1.055,8,0.0945,0.784,False
English,FAST,j,1.046,6,0.0945,0.784,False
English,SLOW,v,1.464,5,0.1045,0.8299,False
English,FAST,ɐ,1.194,4,0.1045,0.8299,False
English,BIG,ɔ,1.811,3,0.1144,0.8381,False
English,QUIET,ə,1.451,18,0.1095,0.8381,False
English,SHARP,a͡ɪ͡ə,1.091,3,0.1144,0.8381,False
English,DARK,v,1.091,11,0.1144,0.8381,False
English,SHARP,l,-1.008,20,0.1144,0.8381,False
English,SLOW,ə͡ʊ,1.577,7,0.1194,0.8555,False
English,QUIET,f,1.338,11,0.1244,0.8555,False
English,SMOOTH,ʊ,0.993,3,0.1244,0.8555,False
English,ROUND,t,0.884,62,0.1244,0.8555,False
English,BRIGHT,k,1.519,16,0.1343,0.8913,False
English,SLOW,i,1.413,10,0.1343,0.8913,False
English,SHARP,ɒ,-0.954,3,0.1343,0.8913,False
English,BIG,n,-1.947,5,0.1443,0.926,False
English,BIG,a͡ʊ,1.749,5,0.1443,0.926,False
English,BIG,k,-1.735,3,0.1642,0.926,False
English,SLOW,s,1.518,20,0.1592,0.926,False
English,SLOW,p,1.461,10,0.1592,0.926,False
English,SLOW,ə,-1.445,3,0.1642,0.926,False
English,SLOW,n,-1.356,8,0.1642,0.926,False
English,DARK,ə,1.183,26,0.1542,0.926,False
English,SMALL,ŋ,1.033,5,0.1493,0.926,False
English,SHARP,t͡ʃ,1.022,6,0.1493,0.926,False
English,SHARP,d͡ʒ,1.02,4,0.1542,0.926,False
English,FAST,d,0.932,33,0.1592,0.926,False
English,SLOW,d,1.273,12,0.1692,0.9262,False
English,SMOOTH,ɪ,0.793,46,0.1692,0.9262,False
English,SMOOTH,b,-0.741,11,0.1741,0.9443,False
English,DARK,i,-0.971,11,0.1791,0.962,False
English,FAST,i,0.927,27,0.1841,0.9794,False
English,ROUGH,s,1.638,4,0.5224,0.9971,False
English,LOUD,k,1.611,6,0.3383,0.9971,False
English,LOUD,d,1.586,6,0.3682,0.9971,False
English,LOUD,t,-1.48,3,0.3731,0.9971,False
English,LOUD,s,1.442,9,0.3831,0.9971,False
English,SLOW,t,-1.344,7,0.204,0.9971,False
English,BIG,s,-1.338,4,0.2736,0.9971,False
English,LOUD,ə͡ʊ,1.337,3,0.3433,0.9971,False
English,LOUD,m,1.329,4,0.408,0.9971,False
English,ROUGH,l,1.206,3,0.6269,0.9971,False
English,QUIET,t,-1.205,12,0.2488,0.9971,False
English,BIG,l,1.141,11,0.4428,0.9971,False
English,BRIGHT,m,-1.138,3,0.2736,0.9971,False
English,BIG,ɒ,1.096,3,0.3582,0.9971,False
English,SLOW,l,1.089,15,0.2488,0.9971,False
English,BIG,i,-1.088,3,0.4279,0.9971,False
English,QUIET,m,1.086,13,0.2687,0.9971,False
English,BRIGHT,e͡ɪ,1.083,8,0.3234,0.9971,False
English,QUIET,n,1.057,20,0.2289,0.9971,False
English,QUIET,v,1.051,7,0.2985,0.9971,False
English,QUIET,ɹ,-1.046,7,0.2836,0.9971,False
English,QUIET,b,-1.01,3,0.2637,0.9971,False
English,DARK,ɜ,0.958,7,0.2488,0.9971,False
English,BRIGHT,p,-0.948,3,0.3383,0.9971,False
English,DARK,d,0.938,27,0.2537,0.9971,False
English,BIG,a,0.893,4,0.4975,0.9971,False
English,DARK,w,0.882,10,0.2189,0.9971,False
English,LOUD,i,0.865,4,0.6318,0.9971,False
English,QUIET,ə͡ʊ,0.851,9,0.3483,0.9971,False
English,BRIGHT,s,-0.846,10,0.3134,0.9971,False
English,DARK,l,0.846,35,0.2488,0.9971,False
English,SMALL,ɹ,-0.843,12,0.204,0.9971,False
English,SMALL,ɑ,0.841,3,0.3184,0.9971,False
English,BRIGHT,u,0.82,4,0.4826,0.9971,False
English,SMALL,w,0.817,9,0.3383,0.9971,False
English,BIG,ə͡ʊ,0.812,4,0.607,0.9971,False
English,SHARP,ə͡ʊ,-0.807,7,0.2289,0.9971,False
English,FAST,ɹ,0.796,37,0.2189,0.9971,False
English,SMALL,j,0.786,4,0.3085,0.9971,False
English,FAST,v,0.781,12,0.2338,0.9971,False
English,FAST,p,-0.774,9,0.2537,0.9971,False
English,FAST,ɒ,-0.772,4,0.2438,0.9971,False
English,DARK,d͡ʒ,0.768,3,0.2985,0.9971,False
English,FAST,t,0.752,43,0.2488,0.9971,False
English,FAST,ɡ,0.741,9,0.3085,0.9971,False
English,SHARP,w,-0.73,4,0.2935,0.9971,False
English,BRIGHT,l,-0.721,10,0.4925,0.9971,False
English,SMALL,ə͡ʊ,-0.708,6,0.3284,0.9971,False
English,SHARP,θ,0.7,5,0.2438,0.9971,False
English,FAST,ə͡ʊ,-0.699,8,0.3284,0.9971,False
English,QUIET,ə͡l,0.687,4,0.4577,0.9971,False
English,QUIET,a,-0.685,3,0.4478,0.9971,False
English,SHARP,e͡ɪ,-0.681,5,0.2985,0.9971,False
English,SMALL,e͡ɪ,-0.676,4,0.4279,0.9971,False
English,FAST,h,0.671,10,0.3234,0.9971,False
English,FAST,b,-0.666,9,0.2985,0.9971,False
English,SLOW,ɛ,0.666,7,0.5174,0.9971,False
English,ROUND,ɑ,0.663,5,0.2637,0.9971,False
English,SLOW,b,-0.651,3,0.5622,0.9971,False
English,ROUND,d,-0.647,23,0.2935,0.9971,False
English,SMOOTH,ɒ,0.643,14,0.2488,0.9971,False
English,FAST,a,-0.641,6,0.3035,0.9971,False
English,SMALL,v,-0.634,4,0.403,0.9971,False
English,BIG,ɛ,0.629,5,0.6418,0.9971,False
English,SMALL,s,-0.627,21,0.3781,0.9971,False
English,BIG,m,0.623,5,0.6468,0.9971,False
English,SHARP,ɔ,-0.615,4,0.3234,0.9971,False
English,ROUND,e͡ɪ,0.613,22,0.2985,0.9971,False
English,BRIGHT,t,0.611,17,0.5025,0.9971,False
English,BIG,d,-0.609,4,0.6368,0.9971,False
English,DARK,ɛ,0.597,17,0.4627,0.9971,False
English,ROUND,w,0.578,15,0.3234,0.9971,False
English,SMOOTH,a͡ʊ,-0.577,3,0.2736,0.9971,False
English,SMALL,ə,0.564,20,0.4378,0.9971,False
English,SHARP,u,-0.564,4,0.3085,0.9971,False
English,DARK,p,-0.564,9,0.4478,0.9971,False
English,SHARP,f,-0.562,6,0.393,0.9971,False
English,FAST,s,-0.551,29,0.393,0.9971,False
English,SMOOTH,p,-0.535,15,0.3383,0.9971,False
English,BRIGHT,f,0.527,6,0.607,0.9971,False
English,SHARP,s,-0.52,28,0.4129,0.9971,False
English,SMALL,k,-0.519,17,0.4925,0.9971,False
English,SMALL,f,0.516,11,0.5224,0.9971,False
English,SLOW,m,-0.515,4,0.5871,0.9971,False
English,SHARP,b,-0.507,10,0.4826,0.9971,False
English,ROUND,a͡ɪ,-0.501,8,0.3682,0.9971,False
English,SMALL,ɒ,-0.491,4,0.5025,0.9971,False
English,QUIET,k,-0.489,12,0.5821,0.9971,False
English,FAST,ɔ,0.476,8,0.4876,0.9971,False
English,SMOOTH,v,0.473,14,0.4378,0.9971,False
English,SMOOTH,n,0.468,46,0.4129,0.9971,False
English,ROUND,t͡ʃ,0.465,7,0.4627,0.9971,False
English,DARK,n,-0.465,24,0.408,0.9971,False
English,SMALL,ɔ,0.461,6,0.5771,0.9971,False
English,ROUND,ʃ,-0.454,3,0.4129,0.9971,False
English,SMOOTH,t,0.453,53,0.4478,0.9971,False
English,SMOOTH,s,0.448,59,0.4527,0.9971,False
English,SMALL,d,-0.447,14,0.5672,0.9971,False
English,DARK,s,-0.446,25,0.597,0.9971,False
English,BIG,ɹ,-0.442,5,0.7463,0.9971,False
English,SHARP,k,-0.44,22,0.4975,0.9971,False
English,ROUND,ə,-0.433,25,0.4378,0.9971,False
English,QUIET,w,-0.433,3,0.5821,0.9971,False
English,SMALL,ɛ,-0.431,10,0.6169,0.9971,False
English,DARK,f,-0.427,6,0.5572,0.9971,False
English,QUIET,ɒ,0.415,5,0.6318,0.9971,False
English,DARK,a͡ʊ,-0.402,3,0.5622,0.9971,False
English,BRIGHT,ə͡ʊ,-0.396,4,0.6119,0.9971,False
English,SMOOTH,ə͡ʊ,-0.394,13,0.4478,0.9971,False
English,BRIGHT,ɹ,0.389,13,0.7065,0.9971,False
English,ROUND,j,-0.388,3,0.5373,0.9971,False
English,ROUND,ɔ,-0.386,7,0.5224,0.9971,False
English,ROUND,ɛ,-0.384,19,0.5274,0.9971,False
English,SMOOTH,ɹ,-0.382,29,0.4826,0.9971,False
English,SHARP,ɛ,-0.372,13,0.5224,0.9971,False
English,SMALL,a͡ɪ,-0.367,5,0.6318,0.9971,False
English,SMALL,u,0.366,6,0.6517,0.9971,False
English,SMALL,a,-0.365,6,0.6169,0.9971,False
English,ROUND,l,0.365,52,0.5672,0.9971,False
English,SMOOTH,ə͡l,-0.365,4,0.4975,0.9971,False
English,LOUD,p,0.363,3,0.8507,0.9971,False
English,QUIET,ɔ,0.358,4,0.7015,0.9971,False
English,FAST,n,-0.356,30,0.5373,0.9971,False
English,ROUND,ɹ,-0.355,31,0.5622,0.9971,False
English,BRIGHT,d,-0.352,8,0.7612,0.9971,False
English,SMOOTH,m,-0.34,18,0.5174,0.9971,False
English,ROUND,m,-0.335,19,0.5771,0.9971,False
English,SHARP,a͡ʊ,-0.335,4,0.6716,0.9971,False
English,ROUND,b,0.333,26,0.6269,0.9971,False
English,QUIET,i,0.333,12,0.7512,0.9971,False
English,SMOOTH,i,-0.326,24,0.5522,0.9971,False
English,SMOOTH,k,-0.326,32,0.5721,0.9971,False
English,SMOOTH,ʌ,-0.325,8,0.5821,0.9971,False
English,QUIET,a͡ʊ,0.318,5,0.7065,0.9971,False
English,BRIGHT,v,0.311,4,0.6965,0.9971,False
English,ROUND,ʌ,-0.31,9,0.597,0.9971,False
English,DARK,b,0.309,15,0.6368,0.9971,False
English,SMOOTH,z,-0.305,6,0.6119,0.9971,False
English,SMOOTH,h,-0.293,5,0.5572,0.9971,False
English,ROUND,n,0.289,47,0.6318,0.9971,False
English,DARK,ɔ,0.288,6,0.7065,0.9971,False
English,SMOOTH,ɛ,-0.288,19,0.6318,0.9971,False
English,ROUND,ɜ,-0.287,3,0.6468,0.9971,False
English,DARK,a͡ɪ,0.284,9,0.6517,0.9971,False
English,FAST,m,-0.282,14,0.7313,0.9971,False
English,FAST,a͡ɪ,0.281,11,0.6219,0.9971,False
English,BRIGHT,ʌ,-0.279,3,0.8109,0.9971,False
English,DARK,ʌ,-0.279,6,0.7413,0.9971,False
English,DARK,k,-0.277,20,0.7164,0.9971,False
English,QUIET,u,0.277,4,0.7761,0.9971,False
English,QUIET,s,0.275,22,0.7214,0.9971,False
English,DARK,e͡ɪ,-0.272,7,0.7413,0.9971,False
English,QUIET,ʌ,-0.27,4,0.7761,0.9971,False
English,QUIET,l,0.267,19,0.7761,0.9971,False
English,DARK,ɪ,-0.266,20,0.7562,0.9971,False
English,SMOOTH,ɜ,-0.266,3,0.607,0.9971,False
English,BRIGHT,a͡ɪ,-0.263,3,0.801,0.9971,False
English,ROUND,ə͡ʊ,0.256,19,0.6119,0.9971,False
English,SHARP,ɪ,0.255,28,0.6567,0.9971,False
English,SMOOTH,e͡ɪ,0.25,17,0.592,0.9971,False
English,DARK,a,0.242,10,0.7463,0.9971,False
English,BRIGHT,ɛ,-0.239,6,0.8557,0.9971,False
English,BRIGHT,a,0.238,5,0.8458,0.9971,False
English,SMOOTH,w,0.238,12,0.6368,0.9971,False
English,DARK,ə͡ʊ,0.235,11,0.7264,0.9971,False
English,FAST,ʌ,-0.221,9,0.7214,0.9971,False
English,SMALL,ɪ,0.22,22,0.7313,0.9971,False
English,DARK,ɒ,0.217,7,0.7512,0.9971,False
English,SMOOTH,a,0.214,16,0.6517,0.9971,False
English,LOUD,n,0.214,5,0.9104,0.9971,False
English,SMOOTH,ɡ,-0.211,7,0.7512,0.9971,False
English,DARK,t,-0.209,27,0.7711,0.9971,False
English,SHARP,d,-0.208,20,0.7562,0.9971,False
English,ROUND,z,-0.207,7,0.7214,0.9971,False
English,SMOOTH,d,-0.205,28,0.7363,0.9971,False
English,FAST,ɪ,0.205,29,0.7114,0.9971,False
English,SLOW,a,-0.197,3,0.8657,0.9971,False
English,SMALL,p,-0.194,11,0.7811,0.9971,False
English,SHARP,ə,-0.188,19,0.7662,0.9971,False
English,BIG,ɪ,-0.185,6,0.9055,0.9971,False
English,FAST,ŋ,-0.182,3,0.7562,0.9971,False
English,FAST,w,-0.17,7,0.796,0.9971,False
English,QUIET,ɛ,-0.169,8,0.8607,0.9971,False
English,SMALL,ʌ,-0.165,8,0.7761,0.9971,False
English,SMALL,ə͡l,0.161,4,0.8458,0.9971,False
English,BIG,t,-0.148,8,0.8955,0.9971,False
English,ROUND,a͡ʊ,-0.148,8,0.806,0.9971,False
English,SMOOTH,θ,-0.142,3,0.806,0.9971,False
English,FAST,ə͡l,-0.138,4,0.8209,0.9971,False
English,SMALL,l,0.131,26,0.8557,0.9971,False
English,QUIET,p,-0.131,8,0.8905,0.9971,False
English,FAST,ɜ,-0.122,3,0.8458,0.9971,False
English,DARK,m,0.121,14,0.8657,0.9971,False
English,BRIGHT,i,-0.119,8,0.8955,0.9971,False
English,SMALL,z,0.115,5,0.8905,0.9971,False
English,SMALL,i,0.113,16,0.8756,0.9971,False
English,SHARP,n,0.113,31,0.8706,0.9971,False
English,DARK,ɹ,0.11,23,0.8557,0.9971,False
English,DARK,t͡ʃ,-0.103,3,0.8557,0.9971,False
English,QUIET,ɡ,-0.103,3,0.9204,0.9971,False
English,SHARP,h,0.102,6,0.8806,0.9971,False
English,SHARP,ʌ,-0.094,12,0.8756,0.9971,False
English,ROUND,ɪ,0.09,39,0.9154,0.9971,False
English,ROUND,ɡ,0.087,9,0.8856,0.9971,False
English,SMALL,b,-0.086,11,0.9204,0.9971,False
English,SLOW,k,0.084,9,0.9502,0.9971,False
English,ROUND,f,-0.079,14,0.8607,0.9971,False
English,BRIGHT,b,-0.077,6,0.9552,0.9971,False
English,SMOOTH,ŋ,0.074,5,0.8706,0.9971,False
English,SMOOTH,ɑ,0.072,3,0.9204,0.9971,False
English,QUIET,z,-0.071,3,0.9154,0.9971,False
English,BIG,ə,-0.066,5,0.9353,0.9971,False
English,SMOOTH,t͡ʃ,-0.064,5,0.9254,0.9971,False
English,FAST,ɛ,-0.058,16,0.9353,0.9971,False
English,SLOW,ɹ,0.052,9,0.9502,0.9971,False
English,FAST,f,0.049,11,0.9254,0.9971,False
English,LOUD,ɪ,-0.049,4,0.9851,0.9971,False
English,QUIET,ɪ,-0.049,14,0.9851,0.9971,False
English,SHARP,t,-0.046,33,0.9552,0.9971,False
English,QUIET,d,-0.044,12,0.9353,0.9971,False
English,BIG,p,0.043,4,0.9851,0.9971,False
English,FAST,ə,0.043,22,0.9502,0.9971,False
English,SLOW,ɪ,0.04,9,0.9751,0.9971,False
English,SMALL,m,-0.039,12,0.9552,0.9971,False
English,SMALL,a͡ʊ,-0.037,5,0.9801,0.9971,False
English,SMALL,n,-0.037,24,0.9502,0.9971,False
English,SHARP,ɹ,-0.033,25,0.9403,0.9971,False
English,ROUND,θ,0.027,4,0.9602,0.9971,False
English,SMALL,ʃ,0.025,4,0.9602,0.9971,False
English,LOUD,l,0.025,5,0.9701,0.9971,False
English,SHARP,ʃ,0.02,5,0.9851,0.9971,False
English,FAST,ʃ,-0.02,5,0.9851,0.9971,False
English,ROUND,h,0.01,8,0.9801,0.9971,False
English,ROUND,u,-0.009,9,0.9801,0.9971,False
Finnish,SHARP,e͡u,3.276,10,0.005,0.3134,False
Finnish,LOUD,ø,3.264,4,0.005,0.3134,False
Finnish,QUIET,u͡i,3.121,6,0.005,0.3134,False
Finnish,SLOW,o͡u,2.997,4,0.005,0.3134,False
Finnish,SMOOTH,n,2.222,109,0.005,0.3134,False
Finnish,SHARP,r,2.152,56,0.005,0.3134,False
Finnish,SLOW,æ͡y,2.59,3,0.01,0.3582,False
Finnish,SMOOTH,i͡e,2.54,10,0.01,0.3582,False
Finnish,SMOOTH,e͡i,2.171,13,0.01,0.3582,False
Finnish,SMALL,u,-1.895,7,0.01,0.3582,False
Finnish,ROUND,l,1.794,88,0.01,0.3582,False
Finnish,SMALL,k,1.726,62,0.01,0.3582,False
Finnish,ROUND,e͡i,1.742,8,0.0149,0.4701,False
Finnish,SMOOTH,o͡i,1.643,10,0.0149,0.4701,False
Finnish,SMALL,æ͡i,2.077,5,0.0199,0.5015,False
Finnish,QUIET,j,2.038,9,0.0199,0.5015,False
Finnish,DARK,ɪ,2.02,36,0.0199,0.5015,False
Finnish,SLOW,a,1.979,79,0.0199,0.5015,False
Finnish,SLOW,y͡ø,2.513,5,0.0249,0.5451,False
Finnish,ROUND,p,1.679,39,0.0249,0.5451,False
Finnish,LOUD,h,2.557,6,0.0348,0.5485,False
Finnish,BIG,d,2.086,4,0.0299,0.5485,False
Finnish,SLOW,t,1.806,56,0.0299,0.5485,False
Finnish,SHARP,k,1.519,68,0.0299,0.5485,False
Finnish,FAST,t,1.483,81,0.0348,0.5485,False
Finnish,ROUND,k,1.462,76,0.0348,0.5485,False
Finnish,SMOOTH,r,-1.309,16,0.0299,0.5485,False
Finnish,SMOOTH,e,1.271,81,0.0348,0.5485,False
Finnish,SMOOTH,ɪ,-1.159,35,0.0348,0.5485,False
Finnish,BIG,v,2.411,18,0.0398,0.6079,False
Finnish,FAST,a͡i,1.588,15,0.0448,0.6637,False
Finnish,SLOW,o,-1.62,8,0.0498,0.6777,False
Finnish,SMOOTH,j,1.074,19,0.0498,0.6777,False
Finnish,ROUGH,y,2.894,3,0.0796,0.7867,False
Finnish,ROUGH,m,2.767,3,0.0697,0.7867,False
Finnish,BRIGHT,u͡o,1.769,4,0.0746,0.7867,False
Finnish,FAST,æ͡i,1.763,5,0.0746,0.7867,False
Finnish,BRIGHT,a͡i,1.732,6,0.0796,0.7867,False
Finnish,DARK,o͡i,1.542,4,0.0697,0.7867,False
Finnish,ROUND,s,-1.352,29,0.0796,0.7867,False
Finnish,ROUND,æ,-1.178,14,0.0746,0.7867,False
Finnish,SHARP,l,-1.165,27,0.0746,0.7867,False
Finnish,SMOOTH,u,-0.882,36,0.0697,0.7867,False
Finnish,SMALL,o,-1.371,13,0.0945,0.8075,False
Finnish,FAST,ɪ,-1.314,20,0.0846,0.8075,False
Finnish,ROUND,t,-1.193,44,0.0945,0.8075,False
Finnish,FAST,k,-1.128,34,0.0945,0.8075,False
Finnish,ROUND,o,1.083,42,0.0945,0.8075,False
Finnish,FAST,d,1.168,8,0.0995,0.8089,False
Finnish,FAST,r,-1.221,11,0.1045,0.8228,False
Finnish,ROUND,h,-1.053,12,0.1095,0.8233,False
Finnish,ROUND,u,0.994,56,0.1095,0.8233,False
Finnish,QUIET,u͡o,1.343,5,0.1244,0.8358,False
Finnish,FAST,o͡i,1.119,5,0.1194,0.8358,False
Finnish,FAST,u,-0.964,21,0.1244,0.8358,False
Finnish,LOUD,o,2.146,6,0.1493,0.8446,False
Finnish,BIG,s,1.458,25,0.1493,0.8446,False
Finnish,BIG,æ,-1.441,3,0.1343,0.8446,False
Finnish,QUIET,p,-1.309,3,0.1592,0.8446,False
Finnish,SLOW,s,-1.194,18,0.1493,0.8446,False
Finnish,DARK,e,1.193,33,0.1393,0.8446,False
Finnish,SLOW,m,-1.192,5,0.1542,0.8446,False
Finnish,QUIET,n,1.19,30,0.1443,0.8446,False
Finnish,SMALL,s,1.12,57,0.1592,0.8446,False
Finnish,SLOW,e,-1.112,14,0.1343,0.8446,False
Finnish,ROUND,v,-1.067,8,0.1343,0.8446,False
Finnish,SMOOTH,a͡i,0.978,19,0.1294,0.8446,False
Finnish,SMALL,æ,0.955,39,0.1542,0.8446,False
Finnish,SMOOTH,d,0.797,11,0.1343,0.8446,False
Finnish,QUIET,h,1.198,18,0.1692,0.8789,False
Finnish,FAST,j,0.929,11,0.1791,0.9027,False
Finnish,BIG,l,-1.264,9,0.1891,0.9162,False
Finnish,QUIET,l,1.236,37,0.1891,0.9162,False
Finnish,SHARP,n,-0.914,29,0.1841,0.9162,False
Finnish,BRIGHT,i,1.223,9,0.199,0.9374,False
Finnish,FAST,n,0.833,50,0.209,0.9574,False
Finnish,BIG,ɪ,1.376,17,0.2189,0.9678,False
Finnish,SMALL,a͡i,0.884,10,0.2189,0.9678,False
Finnish,SLOW,n,-0.853,19,0.2189,0.9678,False
Finnish,BRIGHT,s,1.247,25,0.2488,0.973,False
Finnish,BRIGHT,v,1.148,13,0.2289,0.973,False
Finnish,DARK,s,0.931,41,0.2587,0.973,False
Finnish,SMALL,o͡i,0.881,4,0.2289,0.973,False
Finnish,FAST,a,0.87,94,0.2537,0.973,False
Finnish,SLOW,p,0.865,17,0.2587,0.973,False
Finnish,FAST,e,0.777,44,0.2338,0.973,False
Finnish,FAST,m,-0.715,14,0.2537,0.973,False
Finnish,SMOOTH,k,-0.592,66,0.2488,0.973,False
Finnish,SLOW,æ,0.918,28,0.2637,0.9772,False
Finnish,SMALL,e,0.746,39,0.2736,0.9994,False
Finnish,ROUGH,æ,2.065,3,0.4179,1.0,False
Finnish,ROUGH,u,1.794,3,0.5025,1.0,False
Finnish,LOUD,s,-1.493,3,0.3682,1.0,False
Finnish,ROUGH,t,1.421,4,0.6169,1.0,False
Finnish,LOUD,n,-1.357,3,0.4229,1.0,False
Finnish,LOUD,l,1.353,9,0.4129,1.0,False
Finnish,LOUD,u,1.35,7,0.4677,1.0,False
Finnish,LOUD,p,1.342,4,0.3881,1.0,False
Finnish,BIG,i,-1.184,3,0.2786,1.0,False
Finnish,LOUD,i,1.122,3,0.5622,1.0,False
Finnish,BIG,u͡o,1.114,3,0.3035,1.0,False
Finnish,BRIGHT,k,-1.113,13,0.3234,1.0,False
Finnish,BIG,r,1.112,15,0.2836,1.0,False
Finnish,LOUD,a,-1.062,6,0.5224,1.0,False
Finnish,BRIGHT,e,1.057,18,0.3234,1.0,False
Finnish,LOUD,y,0.999,4,0.592,1.0,False
Finnish,BRIGHT,m,-0.978,4,0.4229,1.0,False
Finnish,BIG,a,0.977,35,0.3831,1.0,False
Finnish,QUIET,t,-0.864,24,0.3184,1.0,False
Finnish,SMALL,p,-0.824,9,0.3134,1.0,False
Finnish,BIG,t,-0.822,16,0.4478,1.0,False
Finnish,ROUGH,l,0.816,3,0.7711,1.0,False
Finnish,DARK,t,-0.802,30,0.3333,1.0,False
Finnish,DARK,i,0.769,14,0.3731,1.0,False
Finnish,SLOW,v,-0.757,7,0.393,1.0,False
Finnish,BIG,k,-0.752,14,0.4826,1.0,False
Finnish,SMALL,j,0.734,9,0.2935,1.0,False
Finnish,BIG,m,0.734,12,0.5174,1.0,False
Finnish,SMALL,ŋ,0.731,6,0.3731,1.0,False
Finnish,FAST,l,-0.723,34,0.3035,1.0,False
Finnish,BRIGHT,l,-0.712,13,0.5174,1.0,False
Finnish,LOUD,t,-0.705,6,0.7562,1.0,False
Finnish,SMALL,r,-0.692,16,0.3433,1.0,False
Finnish,ROUND,n,-0.685,36,0.2886,1.0,False
Finnish,SMALL,l,-0.682,31,0.3383,1.0,False
Finnish,SMALL,n,0.679,43,0.3781,1.0,False
Finnish,QUIET,m,-0.676,8,0.4229,1.0,False
Finnish,QUIET,r,-0.674,10,0.4876,1.0,False
Finnish,QUIET,o,0.649,18,0.4527,1.0,False
Finnish,ROUND,a͡u,0.639,9,0.3234,1.0,False
Finnish,BRIGHT,ɪ,0.627,15,0.5323,1.0,False
Finnish,SLOW,d,0.611,4,0.3781,1.0,False
Finnish,BIG,e,-0.601,10,0.5323,1.0,False
Finnish,DARK,y,-0.601,4,0.4229,1.0,False
Finnish,FAST,y,-0.597,6,0.4975,1.0,False
Finnish,DARK,æ,-0.595,14,0.4179,1.0,False
Finnish,SHARP,p,0.594,24,0.3284,1.0,False
Finnish,QUIET,e,0.584,23,0.4925,1.0,False
Finnish,QUIET,a,-0.58,32,0.5025,1.0,False
Finnish,ROUND,ŋ,0.578,7,0.3383,1.0,False
Finnish,BRIGHT,æ,-0.577,8,0.5224,1.0,False
Finnish,DARK,n,-0.577,22,0.4826,1.0,False
Finnish,FAST,æ,0.573,38,0.4876,1.0,False
Finnish,SMOOTH,s,-0.561,61,0.2985,1.0,False
Finnish,DARK,k,0.557,37,0.4378,1.0,False
Finnish,SMOOTH,y,-0.547,11,0.3483,1.0,False
Finnish,SLOW,ɪ,-0.546,18,0.4975,1.0,False
Finnish,DARK,l,-0.54,25,0.4726,1.0,False
Finnish,BIG,n,-0.536,12,0.5622,1.0,False
Finnish,SMALL,y,0.534,21,0.4378,1.0,False
Finnish,BIG,o,-0.528,8,0.6119,1.0,False
Finnish,SHARP,e,-0.528,29,0.408,1.0,False
Finnish,BRIGHT,t,0.528,25,0.597,1.0,False
Finnish,QUIET,æ,-0.528,12,0.5423,1.0,False
Finnish,SLOW,k,-0.519,27,0.5174,1.0,False
Finnish,QUIET,y,-0.516,4,0.4876,1.0,False
Finnish,ROUND,e,-0.51,33,0.3781,1.0,False
Finnish,QUIET,u,0.5,23,0.5721,1.0,False
Finnish,SMALL,i,0.495,17,0.5124,1.0,False
Finnish,SLOW,y,-0.488,5,0.4876,1.0,False
Finnish,SHARP,i,-0.483,13,0.4826,1.0,False
Finnish,DARK,o,0.483,21,0.4627,1.0,False
Finnish,DARK,m,0.471,20,0.5423,1.0,False
Finnish,DARK,a,-0.468,41,0.4577,1.0,False
Finnish,ROUND,j,-0.459,5,0.4726,1.0,False
Finnish,BIG,y,-0.449,3,0.6816,1.0,False
Finnish,DARK,r,0.437,22,0.6119,1.0,False
Finnish,DARK,u͡o,0.425,4,0.5622,1.0,False
Finnish,ROUND,y,-0.423,10,0.4527,1.0,False
Finnish,SMOOTH,æ͡i,0.418,4,0.4627,1.0,False
Finnish,FAST,p,-0.411,14,0.5224,1.0,False
Finnish,SMOOTH,i,0.41,30,0.4129,1.0,False
Finnish,SMALL,ɪ,-0.407,26,0.5771,1.0,False
Finnish,ROUND,y͡ø,0.403,3,0.5821,1.0,False
Finnish,SLOW,h,-0.395,11,0.6269,1.0,False
Finnish,SHARP,æ,0.394,36,0.5522,1.0,False
Finnish,SHARP,t,-0.391,52,0.6269,1.0,False
Finnish,FAST,h,-0.387,17,0.5821,1.0,False
Finnish,ROUND,i,0.377,21,0.5423,1.0,False
Finnish,SMOOTH,æ,0.376,57,0.4378,1.0,False
Finnish,SMOOTH,v,0.37,40,0.5075,1.0,False
Finnish,SHARP,a,0.367,83,0.602,1.0,False
Finnish,SHARP,o,-0.363,24,0.5721,1.0,False
Finnish,QUIET,k,-0.36,24,0.7065,1.0,False
Finnish,QUIET,i,0.357,10,0.7413,1.0,False
Finnish,DARK,u,-0.352,20,0.6567,1.0,False
Finnish,ROUND,ɪ,0.336,42,0.5821,1.0,False
Finnish,SMALL,m,-0.335,17,0.6915,1.0,False
Finnish,FAST,v,0.319,24,0.6816,1.0,False
Finnish,SHARP,ɪ,0.317,37,0.6318,1.0,False
Finnish,SLOW,i,-0.314,9,0.7164,1.0,False
Finnish,QUIET,ɪ,0.31,20,0.7114,1.0,False
Finnish,SMOOTH,ŋ,-0.306,4,0.6418,1.0,False
Finnish,BIG,u,-0.301,11,0.7264,1.0,False
Finnish,SMOOTH,h,-0.301,29,0.5672,1.0,False
Finnish,FAST,s,0.301,51,0.6915,1.0,False
Finnish,FAST,a͡u,0.3,6,0.6119,1.0,False
Finnish,DARK,p,0.299,14,0.7114,1.0,False
Finnish,SHARP,u,-0.296,31,0.6269,1.0,False
Finnish,QUIET,s,-0.295,23,0.7214,1.0,False
Finnish,FAST,i,-0.29,14,0.607,1.0,False
Finnish,SHARP,m,-0.288,20,0.6318,1.0,False
Finnish,SHARP,j,0.273,8,0.7015,1.0,False
Finnish,SMALL,h,0.271,21,0.7264,1.0,False
Finnish,SMOOTH,u͡i,0.271,4,0.592,1.0,False
Finnish,SLOW,u,0.271,25,0.6965,1.0,False
Finnish,SMALL,e͡i,0.268,3,0.7512,1.0,False
Finnish,SMALL,v,-0.268,15,0.7512,1.0,False
Finnish,SHARP,a͡u,-0.265,3,0.7065,1.0,False
Finnish,SMOOTH,p,-0.265,25,0.5721,1.0,False
Finnish,LOUD,ɪ,-0.246,4,0.9055,1.0,False
Finnish,SHARP,s,0.243,51,0.6965,1.0,False
Finnish,FAST,o,0.243,29,0.7413,1.0,False
Finnish,SMOOTH,t,-0.235,87,0.6816,1.0,False
Finnish,SMOOTH,u͡o,-0.231,6,0.6766,1.0,False
Finnish,SMALL,t,-0.226,48,0.7065,1.0,False
Finnish,BRIGHT,u,-0.218,12,0.8458,1.0,False
Finnish,ROUND,u͡o,0.215,6,0.7065,1.0,False
Finnish,SMALL,a,-0.213,60,0.7861,1.0,False
Finnish,ROUND,m,0.2,30,0.7612,1.0,False
Finnish,ROUND,d,-0.196,4,0.7711,1.0,False
Finnish,DARK,ŋ,0.179,3,0.8308,1.0,False
Finnish,QUIET,a͡i,-0.178,3,0.8706,1.0,False
Finnish,FAST,ŋ,-0.175,3,0.8358,1.0,False
Finnish,ROUND,a,0.166,88,0.796,1.0,False
Finnish,SHARP,y,-0.16,13,0.8308,1.0,False
Finnish,QUIET,v,-0.158,10,0.8607,1.0,False
Finnish,DARK,h,-0.156,13,0.8109,1.0,False
Finnish,LOUD,k,-0.156,6,0.9453,1.0,False
Finnish,BIG,p,-0.141,6,0.8756,1.0,False
Finnish,SMOOTH,a,0.134,123,0.7761,1.0,False
Finnish,FAST,e͡i,0.122,3,0.8209,1.0,False
Finnish,SHARP,h,-0.12,20,0.8607,1.0,False
Finnish,SMOOTH,l,-0.111,72,0.8657,1.0,False
Finnish,ROUND,a͡i,0.102,8,0.8557,1.0,False
Finnish,SMOOTH,o,0.099,45,0.8657,1.0,False
Finnish,SMOOTH,y͡ø,0.087,3,0.9204,1.0,False
Finnish,SLOW,j,-0.082,4,0.9104,1.0,False
Finnish,ROUND,r,0.069,32,0.9254,1.0,False
Finnish,BRIGHT,o,-0.059,10,0.9353,1.0,False
Finnish,SLOW,r,0.059,18,0.9552,1.0,False
Finnish,BRIGHT,a,-0.057,27,0.9851,1.0,False
Finnish,DARK,v,0.056,14,0.9502,1.0,False
Finnish,BRIGHT,p,0.052,7,0.9602,1.0,False
Finnish,BRIGHT,r,-0.048,10,0.9701,1.0,False
Finnish,SMOOTH,m,0.043,39,0.9154,1.0,False
Finnish,SLOW,u͡o,0.039,3,0.9701,1.0,False
Finnish,SHARP,v,-0.035,20,0.9751,1.0,False
Finnish,LOUD,m,-0.032,3,0.995,1.0,False
Finnish,BRIGHT,n,-0.024,15,0.9801,1.0,False
Finnish,BRIGHT,h,0.022,8,0.995,1.0,False
Finnish,SLOW,l,-0.003,30,0.995,1.0,False
Finnish,SMALL,u͡o,-0.002,4,1.0,1.0,False
French,LOUD,y,2.848,6,0.005,0.2328,False
French,BIG,ɡ,2.801,7,0.005,0.2328,False
French,SMALL,w,2.786,17,0.005,0.2328,False
French,DARK,b,2.383,19,0.005,0.2328,False
French,SMALL,ə,2.316,16,0.005,0.2328,False
French,SLOW,e,2.237,66,0.005,0.2328,False
French,SMOOTH,ɛ̃,2.225,18,0.005,0.2328,False
French,ROUND,k,2.09,47,0.005,0.2328,False
French,SMOOTH,v,1.822,33,0.005,0.2328,False
French,BIG,ɔ̃,2.417,5,0.0249,0.5588,False
French,BIG,n,2.202,9,0.0199,0.5588,False
French,BRIGHT,o,2.187,7,0.0199,0.5588,False
French,DARK,z,2.072,8,0.0299,0.5588,False
French,SHARP,ʃ,1.756,15,0.0199,0.5588,False
French,SMALL,d,1.711,24,0.0149,0.5588,False
French,SMALL,t,1.711,29,0.0299,0.5588,False
French,ROUND,l,1.597,57,0.0249,0.5588,False
French,FAST,ʒ,1.583,17,0.0249,0.5588,False
French,ROUND,f,-1.464,7,0.0249,0.5588,False
French,FAST,f,-1.423,8,0.0299,0.5588,False
French,DARK,m,1.386,17,0.0299,0.5588,False
French,ROUND,a,1.31,55,0.0299,0.5588,False
French,ROUND,b,1.31,25,0.0249,0.5588,False
French,DARK,ʒ,1.74,9,0.0348,0.5821,False
French,SMOOTH,l,-1.158,19,0.0348,0.5821,False
French,QUIET,ɑ̃,2.026,11,0.0498,0.5956,False
French,QUIET,ɔ,1.843,8,0.0448,0.5956,False
French,BIG,t,1.816,10,0.0448,0.5956,False
French,SMALL,ʁ,-1.483,31,0.0448,0.5956,False
French,FAST,d,1.292,37,0.0398,0.5956,False
French,SMOOTH,ə,1.269,21,0.0498,0.5956,False
French,DARK,a,1.222,30,0.0547,0.5956,False
French,FAST,l,-1.106,19,0.0498,0.5956,False
French,SMOOTH,ɛ,1.054,49,0.0547,0.5956,False
French,SMALL,l,1.215,32,0.0597,0.635,False
French,BIG,œ,1.823,3,0.0647,0.644,False
French,FAST,ʃ,1.215,16,0.0647,0.644,False
French,QUIET,z,1.769,4,0.0697,0.6791,False
French,SLOW,u,1.232,17,0.0746,0.6985,False
French,SMOOTH,u,0.911,28,0.0746,0.6985,False
French,FAST,a,1.182,59,0.0846,0.7468,False
French,SMOOTH,m,1.067,32,0.0846,0.7468,False
French,DARK,l,1.391,30,0.0896,0.762,False
French,SHARP,ɛ,1.009,35,0.0896,0.762,False
French,ROUGH,s,2.889,4,0.0945,0.7881,False
French,BRIGHT,ɛ,1.76,11,0.1045,0.7881,False
French,DARK,t,-1.229,15,0.0995,0.7881,False
French,ROUND,ʃ,1.134,14,0.1095,0.7881,False
French,SMALL,e,-1.115,8,0.0995,0.7881,False
French,ROUND,ʒ,-0.93,3,0.0995,0.7881,False
French,BIG,ɑ̃,1.628,7,0.1144,0.7993,False
French,ROUND,ɔ,0.968,19,0.1144,0.7993,False
French,ROUGH,i,2.867,4,0.1194,0.8099,False
French,ROUND,ʁ,-0.932,61,0.1194,0.8099,False
French,BRIGHT,a,-1.765,4,0.1244,0.8164,False
French,BRIGHT,j,1.721,12,0.1294,0.8164,False
French,DARK,p,-1.203,8,0.1343,0.8164,False
French,ROUND,d,0.908,29,0.1343,0.8164,False
French,ROUND,m,-0.894,10,0.1294,0.8164,False
French,FAST,n,-0.881,12,0.1343,0.8164,False
French,FAST,j,-0.825,8,0.1294,0.8164,False
French,SLOW,f,-1.03,6,0.1443,0.8234,False
French,DARK,k,-0.973,9,0.1443,0.8234,False
French,FAST,k,-0.87,19,0.1393,0.8234,False
French,SHARP,ɡ,0.854,13,0.1443,0.8234,False
French,SHARP,o,0.923,20,0.1542,0.8393,False
French,FAST,e,0.785,73,0.1542,0.8393,False
French,SMOOTH,t,-0.731,35,0.1542,0.8393,False
French,SMOOTH,w,0.685,15,0.1542,0.8393,False
French,BIG,ʃ,1.162,3,0.1642,0.8537,False
French,SMALL,a,1.0,32,0.1592,0.8537,False
French,SHARP,k,0.859,29,0.1642,0.8537,False
French,SMOOTH,s,0.756,62,0.1642,0.8537,False
French,ROUGH,j,2.477,3,0.1891,0.9121,False
French,QUIET,m,1.23,9,0.1891,0.9121,False
French,BIG,ʁ,1.174,22,0.1891,0.9121,False
French,SMALL,u,-0.971,3,0.1891,0.9121,False
French,SLOW,ɛ,-0.925,9,0.1791,0.9121,False
French,ROUND,i,-0.859,28,0.1841,0.9121,False
French,SHARP,u,0.761,19,0.1841,0.9121,False
French,DARK,i,-0.915,15,0.204,0.9185,False
French,DARK,ɔ̃,0.912,8,0.194,0.9185,False
French,DARK,e,-0.867,11,0.2139,0.9185,False
French,SHARP,ɔ,0.831,15,0.199,0.9185,False
French,ROUND,y,-0.79,7,0.2139,0.9185,False
French,SMALL,j,-0.785,5,0.199,0.9185,False
French,ROUND,u,0.694,22,0.209,0.9185,False
French,ROUND,ɛ̃,-0.694,3,0.2139,0.9185,False
French,SMALL,n,-0.69,8,0.2139,0.9185,False
French,SMOOTH,n,-0.676,15,0.2139,0.9185,False
French,LOUD,ʁ,1.622,15,0.2388,0.9226,False
French,LOUD,u,1.485,4,0.2637,0.9226,False
French,BRIGHT,l,-1.306,3,0.2388,0.9226,False
French,BRIGHT,f,1.213,5,0.2687,0.9226,False
French,BRIGHT,ʁ,1.21,22,0.2985,0.9226,False
French,BIG,f,1.186,5,0.2488,0.9226,False
French,BIG,k,-1.174,3,0.2587,0.9226,False
French,BRIGHT,k,-1.164,3,0.4179,0.9226,False
French,BIG,i,-1.099,5,0.2886,0.9226,False
French,QUIET,p,-1.011,5,0.2637,0.9226,False
French,BIG,ɔ,0.956,4,0.3433,0.9226,False
French,QUIET,d,0.922,9,0.3682,0.9226,False
French,QUIET,a,-0.898,9,0.3532,0.9226,False
French,QUIET,ɛ̃,0.866,3,0.3085,0.9226,False
French,SMALL,ɛ̃,0.844,6,0.2637,0.9226,False
French,QUIET,l,0.808,14,0.393,0.9226,False
French,QUIET,ɛ,0.804,12,0.4129,0.9226,False
French,SLOW,j,-0.781,5,0.2189,0.9226,False
French,QUIET,o,0.764,7,0.403,0.9226,False
French,SMALL,ɑ̃,-0.752,11,0.2786,0.9226,False
French,QUIET,v,0.745,6,0.4129,0.9226,False
French,QUIET,ʁ,-0.744,20,0.408,0.9226,False
French,SLOW,z,0.734,5,0.3234,0.9226,False
French,SHARP,ɑ̃,-0.713,15,0.2438,0.9226,False
French,SMOOTH,j,-0.709,11,0.2289,0.9226,False
French,SHARP,v,-0.705,6,0.2687,0.9226,False
French,FAST,v,0.697,21,0.2239,0.9226,False
French,DARK,ɛ,-0.683,10,0.3731,0.9226,False
French,SMALL,p,0.671,20,0.3184,0.9226,False
French,SMALL,m,0.666,15,0.3035,0.9226,False
French,SLOW,k,-0.649,12,0.3134,0.9226,False
French,SLOW,ɔ,-0.611,4,0.3582,0.9226,False
French,ROUND,v,-0.606,8,0.2836,0.9226,False
French,SHARP,ə,-0.603,4,0.3184,0.9226,False
French,SMOOTH,b,-0.6,10,0.2537,0.9226,False
French,SHARP,e,-0.594,23,0.3085,0.9226,False
French,SMOOTH,f,0.594,23,0.2836,0.9226,False
French,SLOW,v,-0.594,5,0.3483,0.9226,False
French,SMOOTH,ɔ̃,-0.587,6,0.2687,0.9226,False
French,DARK,v,0.573,10,0.3483,0.9226,False
French,DARK,f,-0.572,7,0.403,0.9226,False
French,SLOW,m,-0.565,8,0.398,0.9226,False
French,SLOW,s,-0.565,17,0.4179,0.9226,False
French,SMALL,ʒ,-0.563,3,0.408,0.9226,False
French,SMOOTH,ʃ,-0.543,4,0.3134,0.9226,False
French,ROUND,ɔ̃,0.523,12,0.3333,0.9226,False
French,ROUND,e,-0.504,30,0.3532,0.9226,False
French,FAST,ɔ̃,0.488,13,0.3184,0.9226,False
French,SMOOTH,a,-0.432,40,0.4179,0.9226,False
French,FAST,ɔ,-0.513,8,0.4279,0.9401,False
French,SMALL,y,0.53,13,0.4328,0.9422,False
French,LOUD,k,1.165,5,0.4478,0.9569,False
French,LOUD,f,1.026,3,0.4478,0.9569,False
French,SLOW,a,0.488,28,0.4577,0.9737,False
French,BRIGHT,n,0.84,6,0.4925,0.9738,False
French,BRIGHT,i,0.739,12,0.6119,0.9738,False
French,BIG,ə,0.709,3,0.5025,0.9738,False
French,BIG,l,-0.671,5,0.5025,0.9738,False
French,QUIET,k,0.64,10,0.5274,0.9738,False
French,BIG,m,0.616,5,0.5323,0.9738,False
French,BRIGHT,b,0.613,4,0.592,0.9738,False
French,QUIET,n,0.585,8,0.5423,0.9738,False
French,LOUD,e,0.576,8,0.6965,0.9738,False
French,SLOW,t,0.561,24,0.4925,0.9738,False
French,SMALL,f,-0.533,8,0.4726,0.9738,False
French,QUIET,e,-0.533,9,0.5224,0.9738,False
French,SLOW,ʁ,0.527,56,0.4776,0.9738,False
French,QUIET,f,-0.513,4,0.607,0.9738,False
French,ROUND,s,-0.492,29,0.4677,0.9738,False
French,DARK,u,0.48,11,0.4975,0.9738,False
French,DARK,d,-0.476,7,0.5423,0.9738,False
French,QUIET,b,-0.475,3,0.5672,0.9738,False
French,BIG,j,-0.471,3,0.6468,0.9738,False
French,LOUD,p,0.465,4,0.7562,0.9738,False
French,BRIGHT,e,0.462,12,0.6716,0.9738,False
French,SMALL,k,0.449,19,0.5274,0.9738,False
French,SHARP,a,-0.432,29,0.4925,0.9738,False
French,SHARP,p,0.432,25,0.5124,0.9738,False
French,SHARP,d,-0.431,11,0.5323,0.9738,False
French,SLOW,ʒ,0.431,6,0.5622,0.9738,False
French,QUIET,ʒ,0.431,3,0.6716,0.9738,False
French,SLOW,n,0.427,15,0.5771,0.9738,False
French,QUIET,t,-0.413,10,0.6567,0.9738,False
French,ROUND,œ,-0.405,3,0.5174,0.9738,False
French,SLOW,l,-0.404,17,0.6219,0.9738,False
French,SMOOTH,i,-0.4,42,0.5075,0.9738,False
French,SMALL,ɔ̃,-0.387,4,0.5473,0.9738,False
French,SMOOTH,y,-0.385,13,0.4975,0.9738,False
French,FAST,u,-0.384,12,0.4876,0.9738,False
French,BIG,o,-0.377,3,0.6667,0.9738,False
French,SLOW,ɔ̃,-0.377,4,0.6119,0.9738,False
French,SLOW,y,-0.376,7,0.6468,0.9738,False
French,DARK,j,-0.368,9,0.597,0.9738,False
French,SMALL,ɛ,-0.364,14,0.5622,0.9738,False
French,SHARP,i,-0.364,31,0.5224,0.9738,False
French,FAST,ɡ,-0.364,5,0.5373,0.9738,False
French,ROUND,ɡ,0.353,11,0.5174,0.9738,False
French,DARK,o,-0.349,8,0.5871,0.9738,False
French,FAST,ʁ,0.345,96,0.5771,0.9738,False
French,BIG,y,0.342,4,0.7711,0.9738,False
French,FAST,b,-0.34,12,0.5373,0.9738,False
French,DARK,n,0.337,13,0.5721,0.9738,False
French,SMALL,ø,0.329,7,0.6816,0.9738,False
French,SLOW,o,-0.322,9,0.6965,0.9738,False
French,SLOW,ʃ,-0.32,3,0.6119,0.9738,False
French,QUIET,s,-0.319,10,0.7264,0.9738,False
French,SHARP,n,-0.313,14,0.5522,0.9738,False
French,SMOOTH,o,-0.305,17,0.5721,0.9738,False
French,FAST,t,0.302,41,0.6468,0.9738,False
French,FAST,m,-0.294,17,0.6169,0.9738,False
French,ROUND,n,-0.285,17,0.6716,0.9738,False
French,SLOW,b,0.283,10,0.6915,0.9738,False
French,SHARP,ɛ̃,-0.282,4,0.6318,0.9738,False
French,FAST,œ,-0.28,4,0.7015,0.9738,False
French,SHARP,f,0.275,15,0.5721,0.9738,False
French,DARK,ə,-0.265,4,0.6965,0.9738,False
French,FAST,s,-0.262,37,0.6169,0.9738,False
French,SHARP,t,-0.261,28,0.6169,0.9738,False
French,DARK,y,0.256,10,0.6965,0.9738,False
French,FAST,ə,0.249,12,0.6617,0.9738,False
French,SHARP,z,-0.227,3,0.7015,0.9738,False
French,SMOOTH,ɔ,-0.227,11,0.7413,0.9738,False
French,ROUND,j,-0.225,19,0.7612,0.9738,False
French,SLOW,ɑ̃,-0.225,13,0.7313,0.9738,False
French,SHARP,b,-0.216,10,0.6915,0.9738,False
French,FAST,o,-0.211,17,0.6866,0.9738,False
French,SHARP,j,0.207,23,0.7413,0.9738,False
French,SHARP,s,-0.207,29,0.7562,0.9738,False
French,SHARP,y,-0.206,11,0.7313,0.9738,False
French,SMOOTH,p,0.206,32,0.7065,0.9738,False
French,SMALL,ɡ,0.201,6,0.7562,0.9738,False
French,ROUND,w,-0.194,7,0.7512,0.9738,False
French,ROUND,p,-0.186,24,0.7562,0.9738,False
French,SHARP,w,0.18,8,0.7512,0.9738,False
French,SHARP,ʁ,-0.176,64,0.7313,0.9738,False
French,ROUND,t,-0.175,34,0.7662,0.9738,False
French,SMOOTH,k,-0.173,28,0.7413,0.9738,False
French,ROUND,ɛ,0.171,30,0.7761,0.9738,False
French,SMOOTH,ʒ,-0.135,8,0.7662,0.9738,False
French,FAST,p,-0.135,27,0.7711,0.9738,False
French,SLOW,i,0.184,29,0.7861,0.9784,False
French,DARK,ɔ,0.16,7,0.7861,0.9784,False
French,QUIET,j,-0.202,6,0.791,0.9794,False
French,ROUGH,e,0.988,3,0.801,0.9848,False
French,BRIGHT,p,0.295,6,0.806,0.9848,False
French,BRIGHT,t,-0.278,7,0.801,0.9848,False
French,FAST,z,-0.218,4,0.806,0.9848,False
French,LOUD,i,-0.326,5,0.8109,0.986,False
French,BIG,s,-0.286,7,0.8209,0.986,False
French,SHARP,ʒ,0.154,7,0.8259,0.986,False
French,SLOW,p,-0.153,15,0.8209,0.986,False
French,SMALL,s,0.152,26,0.8209,0.986,False
French,SHARP,m,-0.15,14,0.8159,0.986,False
French,ROUND,z,-0.139,4,0.8259,0.986,False
French,DARK,ɛ̃,-0.138,3,0.8209,0.986,False
French,LOUD,t,0.38,5,0.8308,0.9887,False
French,SLOW,d,-0.171,10,0.8408,0.9887,False
French,DARK,ɑ̃,-0.145,12,0.8358,0.9887,False
French,ROUND,o,0.135,18,0.8408,0.9887,False
French,QUIET,y,-0.222,4,0.8458,0.9896,False
French,LOUD,l,0.286,5,0.8607,0.9916,False
French,DARK,w,-0.166,4,0.8607,0.9916,False
French,BIG,a,-0.16,8,0.8806,0.9916,False
French,QUIET,ɔ̃,0.152,3,0.8806,0.9916,False
French,DARK,s,-0.139,20,0.8557,0.9916,False
French,BRIGHT,v,0.135,3,0.9005,0.9916,False
French,FAST,ɑ̃,-0.118,24,0.8856,0.9916,False
French,SMALL,b,-0.111,8,0.8507,0.9916,False
French,FAST,w,0.109,10,0.8706,0.9916,False
French,BRIGHT,m,0.107,4,0.8955,0.9916,False
French,QUIET,i,0.095,14,0.9005,0.9916,False
French,FAST,i,0.093,50,0.8756,0.9916,False
French,SMALL,o,0.089,11,0.8856,0.9916,False
French,FAST,ɛ̃,0.082,7,0.8706,0.9916,False
French,ROUND,ɑ̃,0.073,23,0.9005,0.9916,False
French,SMOOTH,z,-0.069,5,0.8657,0.9916,False
French,LOUD,a,-0.17,5,0.9303,1.0,False
French,DARK,œ,0.072,3,0.9353,1.0,False
French,SHARP,ɔ̃,-0.071,7,0.9204,1.0,False
French,DARK,ɡ,-0.069,4,0.9403,1.0,False
French,BRIGHT,d,0.067,4,0.9552,1.0,False
French,BIG,ɛ,0.054,6,0.9453,1.0,False
French,FAST,ø,-0.054,7,0.9303,1.0,False
French,LOUD,s,-0.052,5,0.995,1.0,False
French,SHARP,œ,-0.051,4,0.9204,1.0,False
French,DARK,ʃ,0.051,4,0.9502,1.0,False
French,DARK,ʁ,0.046,45,0.9303,1.0,False
French,LOUD,j,-0.04,3,0.9801,1.0,False
French,SMALL,z,0.035,3,0.9751,1.0,False
French,SLOW,ɡ,0.032,5,0.9502,1.0,False
French,SMOOTH,e,-0.03,50,0.9552,1.0,False
French,FAST,ɛ,-0.028,30,0.9552,1.0,False
French,SMOOTH,ʁ,-0.017,92,0.9751,1.0,False
French,SMALL,i,-0.016,27,0.99,1.0,False
French,LOUD,ɑ̃,0.014,3,0.995,1.0,False
French,ROUND,ə,-0.013,9,0.9701,1.0,False
French,FAST,y,0.011,17,0.9751,1.0,False
French,SMOOTH,ø,-0.009,8,0.9652,1.0,False
French,SMOOTH,d,-0.005,21,0.995,1.0,False
French,SHARP,l,-0.004,28,1.0,1.0,False
French,SMOOTH,ɑ̃,-0.003,26,1.0,1.0,False
German,ROUGH,ʊ,3.183,3,0.005,0.6475,False
German,ROUGH,ɔ,3.047,4,0.0149,0.6475,False
German,QUIET,ø,2.748,4,0.01,0.6475,False
German,BIG,e,2.725,12,0.01,0.6475,False
German,ROUGH,t,2.712,7,0.0149,0.6475,False
German,BIG,ɾ,2.532,17,0.005,0.6475,False
German,SLOW,n,2.18,110,0.005,0.6475,False
German,SMOOTH,z,2.083,36,0.005,0.6475,False
German,SMALL,x,1.985,7,0.0149,0.6475,False
German,SLOW,ʃ,1.927,34,0.0149,0.6475,False
German,SLOW,ə,1.87,90,0.0149,0.6475,False
German,SMOOTH,v,1.739,36,0.0149,0.6475,False
German,SMOOTH,x,1.408,10,0.0149,0.6475,False
German,ROUGH,k,3.009,6,0.0199,0.6681,False
German,ROUGH,ɑ,2.873,3,0.0199,0.6681,False
German,LOUD,i,2.759,4,0.0249,0.6681,False
German,ROUND,p͡f,2.088,4,0.0249,0.6681,False
German,SMOOTH,ɛ,1.516,44,0.0249,0.6681,False
German,ROUND,d,1.429,28,0.0249,0.6681,False
German,ROUND,ʏ,1.405,8,0.0249,0.6681,False
German,LOUD,c,2.854,5,0.0299,0.6734,False
German,LOUD,h,2.646,3,0.0299,0.6734,False
German,QUIET,p,2.017,10,0.0299,0.6734,False
German,SHARP,ʃ,1.347,31,0.0299,0.6734,False
German,SMALL,ʊ͡ɐ,2.298,3,0.0398,0.7741,False
German,ROUND,a͡ʊ,-1.218,3,0.0398,0.7741,False
German,ROUGH,a͡ɪ,2.842,4,0.0498,0.7794,False
German,LOUD,u,2.769,3,0.0448,0.7794,False
German,QUIET,t͡s,1.988,9,0.0498,0.7794,False
German,SMOOTH,ɜ,-1.153,3,0.0498,0.7794,False
German,DARK,l,1.567,42,0.0547,0.7914,False
German,DARK,s,1.561,21,0.0547,0.7914,False
German,SMALL,v,1.498,19,0.0597,0.8213,False
German,FAST,t,-1.479,32,0.0597,0.8213,False
German,ROUND,ʊ͡ɐ,1.748,4,0.0697,0.854,False
German,SMALL,d,1.438,17,0.0697,0.854,False
German,SHARP,p,1.267,21,0.0697,0.854,False
German,ROUND,a,1.096,39,0.0697,0.854,False
German,BRIGHT,b,1.844,8,0.0796,0.9353,False
German,ROUGH,r,2.5,3,0.0995,0.9512,False
German,QUIET,ɜ,1.719,13,0.0995,0.9512,False
German,BIG,o,1.713,8,0.0896,0.9512,False
German,FAST,ɛ,1.281,30,0.0995,0.9512,False
German,ROUND,y,1.182,8,0.0846,0.9512,False
German,SHARP,ŋ,1.145,15,0.0945,0.9512,False
German,SMOOTH,p,-1.085,3,0.0896,0.9512,False
German,FAST,d,1.074,19,0.0945,0.9512,False
German,ROUND,c,-0.97,5,0.0995,0.9512,False
German,LOUD,ɪ,2.426,6,0.1194,0.962,False
German,BIG,s,1.715,10,0.1194,0.962,False
German,DARK,v,1.228,15,0.1144,0.962,False
German,DARK,a,1.17,21,0.1144,0.962,False
German,SLOW,s,-1.15,4,0.1144,0.962,False
German,SLOW,ɡ,1.126,19,0.1144,0.962,False
German,FAST,t͡s,-1.118,3,0.1045,0.962,False
German,ROUND,ɪ,-1.064,17,0.1095,0.962,False
German,SMOOTH,n,0.875,110,0.1144,0.962,False
German,SLOW,t,-1.202,34,0.1294,0.9945,False
German,SMALL,r,-1.152,4,0.1393,0.9945,False
German,FAST,n,1.105,86,0.1343,0.9945,False
German,SMALL,t͡s,1.064,14,0.1393,0.9945,False
German,LOUD,l,2.047,8,0.204,0.9953,False
German,ROUGH,ɜ,1.959,3,0.2637,0.9953,False
German,ROUGH,b,1.951,3,0.3134,0.9953,False
German,LOUD,m,1.814,4,0.2836,0.9953,False
German,LOUD,o,1.704,3,0.3731,0.9953,False
German,BIG,ɡ,1.493,7,0.194,0.9953,False
German,LOUD,e,1.434,3,0.4925,0.9953,False
German,BRIGHT,o,1.375,5,0.3532,0.9953,False
German,BIG,m,1.233,9,0.3035,0.9953,False
German,BRIGHT,ɾ,1.19,9,0.3781,0.9953,False
German,DARK,ʃ,-1.174,6,0.1493,0.9953,False
German,QUIET,a͡ʊ,1.149,5,0.199,0.9953,False
German,BIG,ʃ,1.145,9,0.3184,0.9953,False
German,LOUD,n,-1.111,3,0.5672,0.9953,False
German,QUIET,ɔ͡ø,1.107,3,0.2189,0.9953,False
German,QUIET,ə,-1.07,8,0.2189,0.9953,False
German,QUIET,a,1.025,11,0.3383,0.9953,False
German,BRIGHT,ɪ,-1.014,3,0.4677,0.9953,False
German,SMALL,ɪ,0.993,28,0.1891,0.9953,False
German,FAST,r,0.987,24,0.1741,0.9953,False
German,DARK,ɾ,-0.942,13,0.2139,0.9953,False
German,SLOW,t͡s,-0.941,4,0.2239,0.9953,False
German,SLOW,ɛ,0.941,26,0.1891,0.9953,False
German,SMALL,f,0.932,22,0.1642,0.9953,False
German,FAST,ʃ,-0.914,11,0.194,0.9953,False
German,FAST,l,-0.899,25,0.1891,0.9953,False
German,BIG,a,-0.888,4,0.4129,0.9953,False
German,BRIGHT,ɡ,0.866,4,0.592,0.9953,False
German,SMALL,i,-0.858,4,0.2488,0.9953,False
German,SLOW,z,-0.858,6,0.2139,0.9953,False
German,BIG,l,-0.854,8,0.403,0.9953,False
German,SHARP,ʏ,0.849,5,0.2189,0.9953,False
German,SMOOTH,ʊ,-0.843,6,0.1841,0.9953,False
German,SHARP,o,-0.839,3,0.194,0.9953,False
German,BRIGHT,f,0.825,6,0.5871,0.9953,False
German,FAST,h,0.819,13,0.2189,0.9953,False
German,DARK,ɛ,-0.817,9,0.2587,0.9953,False
German,DARK,ɪ,0.808,23,0.2736,0.9953,False
German,FAST,ə,0.808,68,0.2985,0.9953,False
German,SMALL,y,0.793,4,0.2886,0.9953,False
German,SMOOTH,y,0.793,7,0.1841,0.9953,False
German,SLOW,ɜ,-0.789,6,0.2886,0.9953,False
German,DARK,a͡ʊ,0.788,8,0.2637,0.9953,False
German,SMOOTH,a͡ʊ,-0.779,6,0.1493,0.9953,False
German,FAST,k,-0.767,13,0.2886,0.9953,False
German,SHARP,z,-0.766,7,0.2438,0.9953,False
German,SMOOTH,k,-0.764,18,0.199,0.9953,False
German,SMOOTH,ʃ,-0.761,17,0.2189,0.9953,False
German,ROUND,m,0.755,32,0.2637,0.9953,False
German,SHARP,f,0.747,27,0.204,0.9953,False
German,QUIET,f,0.746,10,0.5274,0.9953,False
German,SHARP,b,-0.736,9,0.2289,0.9953,False
German,ROUND,h,-0.735,3,0.1791,0.9953,False
German,ROUND,f,-0.731,22,0.2239,0.9953,False
German,BRIGHT,k,-0.731,3,0.5323,0.9953,False
German,SMOOTH,c,0.724,29,0.1841,0.9953,False
German,FAST,o,-0.722,4,0.3284,0.9953,False
German,DARK,ɜ,0.714,16,0.3433,0.9953,False
German,FAST,ɑ,0.713,18,0.2935,0.9953,False
German,DARK,z,-0.711,5,0.3234,0.9953,False
German,ROUND,ə,0.698,85,0.2488,0.9953,False
German,SHARP,ə,0.695,66,0.2786,0.9953,False
German,QUIET,r,0.686,8,0.4279,0.9953,False
German,ROUND,p,0.682,21,0.2687,0.9953,False
German,DARK,f,0.677,18,0.3881,0.9953,False
German,SLOW,l,-0.674,27,0.3632,0.9953,False
German,SMALL,ɜ,-0.672,6,0.3433,0.9953,False
German,DARK,k,-0.672,10,0.3781,0.9953,False
German,BIG,p,0.671,5,0.607,0.9953,False
German,DARK,a͡ɪ,-0.654,4,0.403,0.9953,False
German,ROUND,z,-0.652,10,0.2836,0.9953,False
German,SHARP,a͡ʊ,-0.652,5,0.3234,0.9953,False
German,FAST,f,0.646,26,0.408,0.9953,False
German,FAST,v,0.646,17,0.3483,0.9953,False
German,SHARP,t͡s,0.63,15,0.3333,0.9953,False
German,SLOW,ɪ,-0.627,17,0.3881,0.9953,False
German,LOUD,t,0.622,7,0.8109,0.9953,False
German,ROUND,ɾ,-0.616,29,0.2985,0.9953,False
German,FAST,ɪ,-0.611,18,0.4179,0.9953,False
German,SLOW,ʊ,-0.607,6,0.4129,0.9953,False
German,SMALL,o,-0.602,4,0.4478,0.9953,False
German,SHARP,a,0.602,26,0.398,0.9953,False
German,ROUND,ɜ,-0.598,11,0.2736,0.9953,False
German,BIG,z,0.59,5,0.6219,0.9953,False
German,DARK,ʏ,0.585,3,0.4129,0.9953,False
German,DARK,i,-0.583,5,0.4279,0.9953,False
German,SMOOTH,ɔ,-0.582,8,0.3134,0.9953,False
German,LOUD,f,0.582,3,0.791,0.9953,False
German,QUIET,n,-0.582,15,0.5572,0.9953,False
German,QUIET,u,0.581,4,0.6418,0.9953,False
German,SMALL,ʃ,-0.574,11,0.4179,0.9953,False
German,SHARP,c,-0.569,8,0.4129,0.9953,False
German,SHARP,v,-0.566,7,0.4378,0.9953,False
German,SHARP,n,-0.564,41,0.3831,0.9953,False
German,SMALL,ɾ,-0.562,18,0.408,0.9953,False
German,FAST,a͡ɪ,-0.561,7,0.408,0.9953,False
German,DARK,ɡ,0.56,11,0.4279,0.9953,False
German,DARK,n,-0.554,28,0.4975,0.9953,False
German,SLOW,a,-0.552,15,0.4328,0.9953,False
German,LOUD,k,0.523,4,0.7711,0.9953,False
German,SLOW,c,-0.521,8,0.4428,0.9953,False
German,BIG,n,-0.52,13,0.607,0.9953,False
German,SMOOTH,o,-0.52,8,0.3781,0.9953,False
German,FAST,ʊ,-0.52,7,0.5174,0.9953,False
German,SLOW,v,-0.515,7,0.5025,0.9953,False
German,SHARP,h,0.509,11,0.408,0.9953,False
German,SLOW,ʏ,0.505,4,0.4129,0.9953,False
German,FAST,i,0.504,16,0.4726,0.9953,False
German,SMOOTH,r,-0.496,15,0.4478,0.9953,False
German,SMALL,a͡ɪ,0.495,16,0.4876,0.9953,False
German,SMOOTH,a͡ɪ,0.495,28,0.4179,0.9953,False
German,QUIET,i,-0.493,3,0.6318,0.9953,False
German,QUIET,c,0.492,7,0.6716,0.9953,False
German,DARK,c,-0.487,6,0.393,0.9953,False
German,DARK,b,0.486,15,0.4975,0.9953,False
German,SMOOTH,a,0.482,34,0.3532,0.9953,False
German,QUIET,h,0.48,4,0.6716,0.9953,False
German,ROUND,v,-0.475,10,0.4826,0.9953,False
German,FAST,p,-0.474,7,0.5721,0.9953,False
German,SLOW,h,-0.461,4,0.5174,0.9953,False
German,SLOW,ɔ,-0.455,7,0.5323,0.9953,False
German,DARK,m,0.453,15,0.5572,0.9953,False
German,BIG,ɛ,-0.452,5,0.7612,0.9953,False
German,SMALL,t,-0.443,36,0.5771,0.9953,False
German,BRIGHT,n,0.443,15,0.7214,0.9953,False
German,SMOOTH,m,-0.443,19,0.4677,0.9953,False
German,BRIGHT,ə,0.442,13,0.6965,0.9953,False
German,DARK,d,0.442,10,0.5672,0.9953,False
German,DARK,p,-0.438,5,0.5323,0.9953,False
German,SMOOTH,h,-0.438,6,0.4428,0.9953,False
German,SMOOTH,f,-0.436,26,0.4776,0.9953,False
German,BRIGHT,ɔ,0.434,4,0.7662,0.9953,False
German,SHARP,e,-0.432,7,0.5025,0.9953,False
German,BIG,u,0.428,3,0.7363,0.9953,False
German,QUIET,ɪ,0.427,11,0.6816,0.9953,False
German,QUIET,k,-0.421,7,0.6418,0.9953,False
German,SHARP,ɔ,-0.408,8,0.5373,0.9953,False
German,SLOW,k,-0.408,18,0.6219,0.9953,False
German,SMOOTH,i,0.407,21,0.4975,0.9953,False
German,SHARP,u,-0.404,4,0.4826,0.9953,False
German,SMOOTH,u,0.398,13,0.5174,0.9953,False
German,DARK,e,-0.396,5,0.5771,0.9953,False
German,SLOW,e,-0.39,7,0.6169,0.9953,False
German,SHARP,r,-0.385,12,0.592,0.9953,False
German,SHARP,y,0.385,4,0.5522,0.9953,False
German,ROUND,l,0.38,57,0.5721,0.9953,False
German,BIG,ə,-0.379,12,0.7612,0.9953,False
German,SMALL,b,-0.378,10,0.5721,0.9953,False
German,DARK,t͡s,0.377,9,0.6667,0.9953,False
German,BRIGHT,ɛ,0.369,5,0.7562,0.9953,False
German,BIG,b,-0.364,4,0.7612,0.9953,False
German,ROUND,k,0.362,41,0.592,0.9953,False
German,SHARP,i,0.356,15,0.602,0.9953,False
German,ROUND,t,-0.353,61,0.5025,0.9953,False
German,SLOW,m,-0.342,14,0.6667,0.9953,False
German,QUIET,t,0.342,21,0.7164,0.9953,False
German,QUIET,ʃ,-0.338,6,0.7264,0.9953,False
German,QUIET,s,0.337,7,0.7662,0.9953,False
German,SMOOTH,t,-0.332,65,0.5672,0.9953,False
German,SMALL,ŋ,-0.328,4,0.6667,0.9953,False
German,SMALL,ʊ,0.327,11,0.6866,0.9953,False
German,SMALL,ʏ,0.325,3,0.6866,0.9953,False
German,FAST,e,-0.324,8,0.6816,0.9953,False
German,QUIET,e,-0.324,3,0.801,0.9953,False
German,BRIGHT,r,0.323,4,0.8507,0.9953,False
German,SMOOTH,ə,0.318,77,0.607,0.9953,False
German,SLOW,a͡ʊ,0.313,9,0.6567,0.9953,False
German,DARK,ʊ,-0.309,6,0.6368,0.9953,False
German,ROUND,u,-0.308,6,0.6816,0.9953,False
German,ROUND,o,0.296,17,0.6318,0.9953,False
German,LOUD,ɾ,-0.293,3,0.8557,0.9953,False
German,BIG,i,-0.291,3,0.7214,0.9953,False
German,SMOOTH,ɡ,-0.291,14,0.5771,0.9953,False
German,FAST,a,0.291,23,0.7065,0.9953,False
German,SHARP,ʊ,-0.29,9,0.6667,0.9953,False
German,SLOW,d,-0.288,9,0.6766,0.9953,False
German,SMALL,z,-0.286,8,0.6866,0.9953,False
German,BRIGHT,s,0.281,4,0.801,0.9953,False
German,SMOOTH,l,-0.281,47,0.6517,0.9953,False
German,SMOOTH,s,0.281,25,0.6119,0.9953,False
German,ROUND,e,-0.279,11,0.6567,0.9953,False
German,SLOW,f,-0.273,19,0.7065,0.9953,False
German,QUIET,o,-0.272,3,0.7662,0.9953,False
German,FAST,ɡ,0.268,14,0.6866,0.9953,False
German,QUIET,d,0.267,5,0.8458,0.9953,False
German,SMALL,ɡ,0.26,11,0.6667,0.9953,False
German,BRIGHT,ɜ,0.257,4,0.8209,0.9953,False
German,FAST,x,0.256,4,0.7114,0.9953,False
German,BRIGHT,a,0.251,5,0.8856,0.9953,False
German,SLOW,ɑ,-0.241,9,0.7214,0.9953,False
German,SMALL,u,-0.24,4,0.7512,0.9953,False
German,ROUND,ɔ,-0.237,13,0.6716,0.9953,False
German,SMALL,p,-0.236,7,0.7413,0.9953,False
German,ROUND,b,0.236,25,0.6915,0.9953,False
German,SMALL,ɛ,0.233,17,0.7612,0.9953,False
German,ROUND,i,0.232,18,0.7264,0.9953,False
German,BIG,t,0.231,17,0.8209,0.9953,False
German,SMALL,n,0.229,49,0.7811,0.9953,False
German,BRIGHT,z,0.227,3,0.8159,0.9953,False
German,SHARP,d,-0.225,10,0.7214,0.9953,False
German,DARK,h,-0.224,4,0.7363,0.9953,False
German,DARK,ŋ,-0.214,4,0.791,0.9953,False
German,BIG,ɜ,-0.211,4,0.8806,0.9953,False
German,BIG,ɪ,-0.203,7,0.8458,0.9953,False
German,BIG,ʊ,-0.201,3,0.8209,0.9953,False
German,SMOOTH,ɪ,-0.201,31,0.6915,0.9953,False
German,ROUND,t͡s,-0.199,12,0.6965,0.9953,False
German,QUIET,m,-0.196,6,0.8458,0.9953,False
German,BIG,d,0.195,4,0.8557,0.9953,False
German,SLOW,b,-0.19,14,0.796,0.9953,False
German,BIG,k,-0.189,7,0.8408,0.9953,False
German,SLOW,r,-0.184,13,0.8259,0.9953,False
German,SHARP,ɪ,0.183,27,0.7612,0.9953,False
German,SLOW,i,-0.183,10,0.801,0.9953,False
German,BRIGHT,l,0.177,9,0.9353,0.9953,False
German,SMALL,a,-0.17,15,0.7861,0.9953,False
German,DARK,ə,-0.17,30,0.8507,0.9953,False
German,DARK,ɑ,0.168,9,0.8607,0.9953,False
German,SMOOTH,t͡s,-0.168,13,0.8109,0.9953,False
German,ROUND,ŋ,-0.166,8,0.8209,0.9953,False
German,SMALL,ɑ,-0.162,8,0.8308,0.9953,False
German,ROUND,s,0.154,22,0.8209,0.9953,False
German,SMALL,c,0.152,12,0.8657,0.9953,False
German,BIG,v,0.145,4,0.8905,0.9953,False
German,SLOW,ŋ,-0.144,6,0.8706,0.9953,False
German,SMALL,m,0.14,15,0.8259,0.9953,False
German,SHARP,ɜ,0.139,17,0.796,0.9953,False
German,SMOOTH,b,-0.139,21,0.8507,0.9953,False
German,BIG,t͡s,-0.138,3,0.8905,0.9953,False
German,FAST,ɾ,0.138,30,0.8358,0.9953,False
German,SLOW,a͡ɪ,0.132,15,0.8806,0.9953,False
German,ROUND,ɡ,0.13,17,0.8209,0.9953,False
German,QUIET,ɛ,-0.126,7,0.9005,0.9953,False
German,BRIGHT,t,-0.125,11,0.9552,0.9953,False
German,QUIET,l,0.124,15,0.9055,0.9953,False
German,SHARP,ɛ,-0.114,19,0.806,0.9953,False
German,FAST,ŋ,0.114,8,0.8657,0.9953,False
German,SMALL,e,-0.109,8,0.8507,0.9953,False
German,SMOOTH,e,-0.109,14,0.8806,0.9953,False
German,SHARP,ɡ,0.1,13,0.8657,0.9953,False
German,SLOW,p,0.1,11,0.8358,0.9953,False
German,BIG,a͡ɪ,-0.098,4,0.8905,0.9953,False
German,ROUND,ɑ,-0.094,14,0.8657,0.9953,False
German,BRIGHT,ʃ,-0.093,4,0.9701,0.9953,False
German,SMOOTH,ʏ,-0.093,4,0.8358,0.9953,False
German,ROUND,n,0.091,76,0.9353,0.9953,False
German,SHARP,l,0.09,40,0.8657,0.9953,False
German,SMOOTH,d,-0.083,15,0.8408,0.9953,False
German,SMOOTH,ɑ,-0.081,15,0.8607,0.9953,False
German,ROUND,a͡ɪ,-0.08,17,0.8259,0.9953,False
German,DARK,r,-0.079,10,0.9154,0.9953,False
German,SMALL,l,0.077,31,0.9204,0.9953,False
German,ROUND,r,-0.076,19,0.9254,0.9953,False
German,SLOW,ɾ,0.076,28,0.9254,0.9953,False
German,ROUND,x,-0.073,4,0.9154,0.9953,False
German,QUIET,ɾ,0.073,11,0.9552,0.9953,False
German,QUIET,ʊ,-0.073,4,0.9502,0.9953,False
German,SHARP,k,0.069,27,0.8706,0.9953,False
German,FAST,c,-0.067,13,0.9303,0.9953,False
German,SHARP,t,0.066,53,0.9005,0.9953,False
German,FAST,b,-0.065,16,0.9353,0.9953,False
German,ROUND,ʊ,-0.063,14,0.9204,0.9953,False
German,SMOOTH,ɔ͡ø,0.062,4,0.9104,0.9953,False
German,ROUND,ɛ,-0.061,25,0.8756,0.9953,False
German,SHARP,a͡ɪ,0.06,15,0.9701,0.9953,False
German,ROUND,ʃ,-0.058,24,0.9403,0.9953,False
German,SLOW,x,-0.047,3,0.9453,0.9953,False
German,SHARP,s,0.043,16,0.9602,0.9953,False
German,SMALL,ə,-0.04,37,0.9502,0.9953,False
German,DARK,t,-0.04,35,0.99,0.9953,False
German,FAST,s,-0.04,15,0.9403,0.9953,False
German,QUIET,ɔ,0.039,5,0.9851,0.9953,False
German,SMOOTH,ɾ,-0.031,39,0.9851,0.9953,False
German,SHARP,ɑ,0.029,12,0.99,0.9953,False
German,DARK,o,-0.026,7,0.9751,0.9953,False
German,FAST,m,0.026,18,0.9652,0.9953,False
German,DARK,ɔ,0.02,9,0.9751,0.9953,False
German,FAST,ɜ,-0.019,15,0.9751,0.9953,False
German,SMALL,s,-0.018,12,0.9751,0.9953,False
German,SMALL,ɔ,-0.015,10,0.9751,0.9953,False
German,FAST,ɔ,0.012,13,0.9851,0.9953,False
German,SMALL,k,-0.011,20,0.9801,0.9953,False
German,FAST,z,-0.01,12,0.9851,0.9953,False
German,SHARP,ɾ,0.006,29,0.99,0.9953,False
German,FAST,a͡ʊ,0.005,8,1.0,1.0,False
German,SHARP,m,0.002,18,1.0,1.0,False
Greek,DARK,f,2.589,28,0.005,0.3085,False
Greek,ROUND,a,2.53,201,0.005,0.3085,False
Greek,SLOW,z,2.516,14,0.005,0.3085,False
Greek,ROUND,t,2.459,105,0.005,0.3085,False
Greek,SHARP,l,1.909,39,0.005,0.3085,False
Greek,SMOOTH,m,1.838,60,0.005,0.3085,False
Greek,ROUGH,c,2.976,7,0.01,0.4113,False
Greek,QUIET,j,2.807,7,0.01,0.4113,False
Greek,ROUND,o,-1.772,125,0.01,0.4113,False
Greek,SMALL,e,1.868,63,0.0149,0.4271,False
Greek,ROUND,ð,1.611,48,0.0149,0.4271,False
Greek,ROUND,f,-1.362,6,0.0149,0.4271,False
Greek,ROUND,ɡ,2.184,8,0.0199,0.4355,False
Greek,DARK,ʎ,1.982,9,0.0199,0.4355,False
Greek,SHARP,r,1.682,56,0.0199,0.4355,False
Greek,ROUND,s,-1.562,70,0.0199,0.4355,False
Greek,FAST,n,2.046,43,0.0249,0.4627,False
Greek,ROUND,ŋ,1.89,6,0.0249,0.4627,False
Greek,ROUND,e,-1.368,44,0.0249,0.4627,False
Greek,SMOOTH,n,1.287,68,0.0299,0.5288,False
Greek,SHARP,t͡s,1.864,6,0.0398,0.6437,False
Greek,SMOOTH,e,1.362,109,0.0398,0.6437,False
Greek,LOUD,d,2.415,3,0.0498,0.7118,False
Greek,DARK,m,-1.352,14,0.0498,0.7118,False
Greek,SMOOTH,ɣ,1.278,22,0.0498,0.7118,False
Greek,LOUD,p,-2.203,3,0.0697,0.7403,False
Greek,SLOW,v,1.805,13,0.0697,0.7403,False
Greek,SMALL,n,-1.465,14,0.0597,0.7403,False
Greek,DARK,p,-1.422,14,0.0697,0.7403,False
Greek,SHARP,u,1.331,22,0.0697,0.7403,False
Greek,ROUND,ɣ,1.182,22,0.0697,0.7403,False
Greek,SMOOTH,s,-1.146,77,0.0547,0.7403,False
Greek,SMOOTH,r,-1.114,57,0.0597,0.7403,False
Greek,SMOOTH,o,1.036,197,0.0647,0.7403,False
Greek,LOUD,u,2.138,8,0.0746,0.7503,False
Greek,ROUND,j,-1.077,3,0.0746,0.7503,False
Greek,SLOW,i,-1.623,33,0.0796,0.7793,False
Greek,SMALL,p,1.319,36,0.0896,0.7876,False
Greek,DARK,v,1.295,18,0.0945,0.7876,False
Greek,SHARP,n,-1.262,18,0.0896,0.7876,False
Greek,ROUND,b,1.046,9,0.0995,0.7876,False
Greek,LOUD,θ,2.156,4,0.1244,0.7888,False
Greek,QUIET,o,1.939,45,0.1045,0.7888,False
Greek,SLOW,ð,-1.43,3,0.1144,0.7888,False
Greek,SMALL,f,-1.22,4,0.1194,0.7888,False
Greek,FAST,v,-1.165,3,0.1244,0.7888,False
Greek,SHARP,i,1.148,108,0.1144,0.7888,False
Greek,SHARP,a,-1.083,64,0.1194,0.7888,False
Greek,SHARP,o,-1.012,85,0.1294,0.7888,False
Greek,SMOOTH,j,-0.942,4,0.1095,0.7888,False
Greek,SHARP,b,0.937,5,0.1294,0.7888,False
Greek,SMOOTH,p,0.887,63,0.1144,0.7888,False
Greek,SMOOTH,u,-0.835,7,0.1294,0.7888,False
Greek,SMOOTH,i,-0.82,132,0.1294,0.7888,False
Greek,QUIET,k,-1.668,5,0.1592,0.8253,False
Greek,FAST,c,-1.163,4,0.1493,0.8253,False
Greek,SMALL,k,1.033,30,0.1642,0.8253,False
Greek,SHARP,θ,0.932,10,0.1642,0.8253,False
Greek,SMOOTH,ð,-0.862,17,0.1493,0.8253,False
Greek,SLOW,m,1.269,16,0.1741,0.8637,False
Greek,DARK,ð,-1.059,7,0.1841,0.8893,False
Greek,SMOOTH,l,-0.765,35,0.1841,0.8893,False
Greek,FAST,ɣ,1.043,11,0.1891,0.9016,False
Greek,ROUGH,s,2.007,14,0.2239,0.9053,False
Greek,QUIET,i,1.44,38,0.209,0.9053,False
Greek,SMALL,m,1.005,27,0.209,0.9053,False
Greek,SMALL,t,0.872,35,0.2239,0.9053,False
Greek,ROUND,l,0.863,55,0.2139,0.9053,False
Greek,SMOOTH,v,-0.67,12,0.209,0.9053,False
Greek,QUIET,s,1.373,27,0.2289,0.9154,False
Greek,BRIGHT,x,1.441,4,0.2338,0.9156,False
Greek,ROUND,θ,-0.752,7,0.2338,0.9156,False
Greek,LOUD,k,1.668,11,0.2438,0.92,False
Greek,BIG,ð,1.56,7,0.2985,0.92,False
Greek,ROUGH,r,-1.462,5,0.3831,0.92,False
Greek,ROUGH,k,1.458,6,0.3682,0.92,False
Greek,BIG,a,-1.424,15,0.3532,0.92,False
Greek,LOUD,o,-1.399,22,0.3184,0.92,False
Greek,BIG,t,-1.337,3,0.3532,0.92,False
Greek,QUIET,r,-1.335,11,0.2886,0.92,False
Greek,QUIET,m,-1.326,6,0.2438,0.92,False
Greek,LOUD,m,-1.298,5,0.403,0.92,False
Greek,BIG,i,1.295,28,0.3632,0.92,False
Greek,QUIET,l,-1.253,6,0.3085,0.92,False
Greek,LOUD,l,-1.229,5,0.4229,0.92,False
Greek,QUIET,x,1.103,4,0.3582,0.92,False
Greek,QUIET,e,-1.097,10,0.408,0.92,False
Greek,BIG,r,1.058,13,0.4179,0.92,False
Greek,QUIET,ð,-1.049,3,0.408,0.92,False
Greek,SLOW,r,-1.041,17,0.3483,0.92,False
Greek,BRIGHT,l,1.034,10,0.398,0.92,False
Greek,DARK,l,0.965,26,0.2537,0.92,False
Greek,BRIGHT,ð,0.952,7,0.4229,0.92,False
Greek,QUIET,t,0.942,14,0.393,0.92,False
Greek,FAST,x,0.926,10,0.2836,0.92,False
Greek,FAST,e,0.9,53,0.2438,0.92,False
Greek,SLOW,k,-0.896,10,0.3682,0.92,False
Greek,FAST,r,0.89,45,0.2836,0.92,False
Greek,DARK,ɣ,-0.881,3,0.2537,0.92,False
Greek,SLOW,d,0.875,3,0.3333,0.92,False
Greek,FAST,z,0.851,14,0.3184,0.92,False
Greek,SHARP,ɣ,-0.828,4,0.2587,0.92,False
Greek,SLOW,o,0.808,56,0.3831,0.92,False
Greek,DARK,e,-0.798,27,0.3433,0.92,False
Greek,SMALL,c,-0.781,7,0.3284,0.92,False
Greek,SMALL,b,0.76,4,0.2886,0.92,False
Greek,DARK,i,-0.743,64,0.3284,0.92,False
Greek,DARK,a,0.724,72,0.408,0.92,False
Greek,SMALL,j,-0.723,3,0.3731,0.92,False
Greek,FAST,f,-0.692,8,0.3532,0.92,False
Greek,ROUND,r,0.686,83,0.2687,0.92,False
Greek,FAST,u,0.675,15,0.4179,0.92,False
Greek,FAST,p,-0.649,22,0.393,0.92,False
Greek,SHARP,ð,0.647,21,0.3433,0.92,False
Greek,ROUND,x,0.644,17,0.2935,0.92,False
Greek,SMALL,a,-0.638,61,0.3731,0.92,False
Greek,SMALL,ɣ,0.636,9,0.393,0.92,False
Greek,SMALL,i,-0.627,71,0.3582,0.92,False
Greek,FAST,j,0.61,9,0.4229,0.92,False
Greek,ROUND,z,-0.597,7,0.3134,0.92,False
Greek,ROUND,ɲ,0.597,3,0.2935,0.92,False
Greek,DARK,k,0.588,25,0.3582,0.92,False
Greek,ROUND,m,-0.572,38,0.3632,0.92,False
Greek,SHARP,k,-0.551,23,0.4229,0.92,False
Greek,ROUND,k,-0.518,40,0.4179,0.92,False
Greek,ROUND,p,-0.51,44,0.398,0.92,False
Greek,SMOOTH,c,-0.498,18,0.3632,0.92,False
Greek,SMOOTH,x,0.437,15,0.4179,0.92,False
Greek,LOUD,v,1.15,6,0.4328,0.9201,False
Greek,BIG,s,0.995,19,0.4328,0.9201,False
Greek,SHARP,z,-0.606,4,0.4378,0.9201,False
Greek,FAST,θ,0.608,8,0.4478,0.9254,False
Greek,SMALL,v,-0.557,7,0.4478,0.9254,False
Greek,SMOOTH,k,0.482,51,0.4527,0.9305,False
Greek,FAST,t,-0.625,19,0.4627,0.9457,False
Greek,LOUD,i,1.102,30,0.4876,0.9639,False
Greek,BIG,k,-1.003,5,0.4975,0.9639,False
Greek,SLOW,u,0.646,8,0.4925,0.9639,False
Greek,FAST,ð,-0.586,11,0.4925,0.9639,False
Greek,SMALL,l,0.579,26,0.4975,0.9639,False
Greek,DARK,s,0.569,55,0.4876,0.9639,False
Greek,SHARP,v,0.452,16,0.5025,0.9685,False
Greek,BRIGHT,a,0.882,28,0.5124,0.9726,False
Greek,BIG,e,0.922,15,0.5174,0.9765,False
Greek,QUIET,f,0.783,7,0.5224,0.9765,False
Greek,SHARP,x,0.436,9,0.5224,0.9765,False
Greek,ROUGH,e,-0.962,5,0.5423,0.9987,False
Greek,ROUGH,l,-1.078,3,0.5522,1.0,False
Greek,ROUGH,i,-1.069,12,0.5572,1.0,False
Greek,ROUGH,n,0.95,6,0.5622,1.0,False
Greek,ROUGH,p,0.885,6,0.6816,1.0,False
Greek,LOUD,n,-0.875,6,0.5871,1.0,False
Greek,BRIGHT,p,0.728,11,0.5821,1.0,False
Greek,LOUD,ɣ,0.712,3,0.6269,1.0,False
Greek,LOUD,z,0.7,4,0.6468,1.0,False
Greek,BIG,f,0.657,5,0.7015,1.0,False
Greek,BRIGHT,s,-0.639,16,0.5771,1.0,False
Greek,BIG,n,-0.636,6,0.7065,1.0,False
Greek,BIG,p,0.611,9,0.7164,1.0,False
Greek,QUIET,a,-0.61,24,0.6418,1.0,False
Greek,SLOW,ɣ,0.597,5,0.5622,1.0,False
Greek,BRIGHT,z,0.566,4,0.6219,1.0,False
Greek,SLOW,l,-0.543,11,0.607,1.0,False
Greek,BRIGHT,k,-0.527,7,0.7015,1.0,False
Greek,SLOW,t,-0.512,11,0.5871,1.0,False
Greek,FAST,i,-0.484,76,0.5721,1.0,False
Greek,SLOW,s,-0.469,27,0.6766,1.0,False
Greek,LOUD,r,0.464,13,0.7562,1.0,False
Greek,LOUD,f,-0.458,3,0.7463,1.0,False
Greek,LOUD,e,-0.424,11,0.801,1.0,False
Greek,BIG,v,0.418,4,0.791,1.0,False
Greek,DARK,t,-0.407,19,0.5672,1.0,False
Greek,BRIGHT,r,-0.405,12,0.7164,1.0,False
Greek,BRIGHT,e,-0.398,12,0.791,1.0,False
Greek,SMALL,θ,0.39,7,0.6318,1.0,False
Greek,BRIGHT,m,-0.383,7,0.7761,1.0,False
Greek,BIG,l,-0.38,6,0.8109,1.0,False
Greek,FAST,s,-0.377,51,0.6567,1.0,False
Greek,DARK,n,0.374,26,0.6667,1.0,False
Greek,BIG,m,0.37,7,0.7811,1.0,False
Greek,SMALL,d,0.368,4,0.6219,1.0,False
Greek,SMALL,s,-0.364,49,0.6169,1.0,False
Greek,ROUGH,ð,0.354,3,0.8905,1.0,False
Greek,SMALL,ð,-0.35,12,0.6766,1.0,False
Greek,ROUGH,o,0.349,17,0.8209,1.0,False
Greek,SHARP,s,-0.337,57,0.5771,1.0,False
Greek,BRIGHT,o,-0.333,29,0.8408,1.0,False
Greek,BRIGHT,v,-0.322,3,0.8458,1.0,False
Greek,LOUD,a,-0.321,21,0.791,1.0,False
Greek,BRIGHT,n,-0.314,8,0.801,1.0,False
Greek,SMOOTH,θ,0.309,13,0.5622,1.0,False
Greek,SLOW,p,0.307,16,0.7512,1.0,False
Greek,DARK,r,0.297,36,0.6866,1.0,False
Greek,ROUND,t͡s,0.29,4,0.6269,1.0,False
Greek,ROUND,n,-0.286,46,0.5771,1.0,False
Greek,SMOOTH,b,-0.286,4,0.6318,1.0,False
Greek,SMALL,r,0.28,39,0.7015,1.0,False
Greek,ROUND,i,0.28,164,0.6169,1.0,False
Greek,QUIET,p,0.28,11,0.7761,1.0,False
Greek,SHARP,m,0.278,27,0.7114,1.0,False
Greek,DARK,u,-0.277,7,0.7214,1.0,False
Greek,SLOW,a,0.277,41,0.801,1.0,False
Greek,BRIGHT,f,0.269,5,0.8109,1.0,False
Greek,SLOW,f,-0.266,6,0.791,1.0,False
Greek,SHARP,c,0.252,18,0.7413,1.0,False
Greek,DARK,o,0.249,84,0.7761,1.0,False
Greek,SMOOTH,a,-0.245,127,0.6468,1.0,False
Greek,SLOW,j,0.244,4,0.8308,1.0,False
Greek,SHARP,t,-0.242,26,0.7612,1.0,False
Greek,SLOW,x,-0.242,3,0.806,1.0,False
Greek,LOUD,c,0.241,5,0.8756,1.0,False
Greek,FAST,a,-0.234,69,0.7264,1.0,False
Greek,SHARP,p,-0.233,28,0.7065,1.0,False
Greek,ROUND,c,-0.231,23,0.6766,1.0,False
Greek,SMALL,o,0.23,91,0.7313,1.0,False
Greek,QUIET,c,0.224,6,0.8706,1.0,False
Greek,LOUD,ð,0.212,5,0.8806,1.0,False
Greek,FAST,m,0.204,24,0.6965,1.0,False
Greek,BIG,o,-0.191,25,0.8955,1.0,False
Greek,DARK,c,-0.184,11,0.806,1.0,False
Greek,ROUND,d,0.182,7,0.7662,1.0,False
Greek,SMOOTH,d,-0.176,5,0.7761,1.0,False
Greek,SLOW,n,0.155,15,0.8209,1.0,False
Greek,SMOOTH,f,-0.149,22,0.8209,1.0,False
Greek,ROUND,u,-0.144,17,0.7662,1.0,False
Greek,ROUGH,a,0.142,13,0.9403,1.0,False
Greek,SLOW,c,-0.131,7,0.8657,1.0,False
Greek,DARK,θ,-0.124,5,0.8856,1.0,False
Greek,SMOOTH,t,0.114,51,0.8358,1.0,False
Greek,DARK,j,0.111,6,0.8657,1.0,False
Greek,SHARP,e,-0.106,44,0.9005,1.0,False
Greek,SLOW,e,0.103,23,0.8955,1.0,False
Greek,BRIGHT,c,0.102,5,0.9502,1.0,False
Greek,BRIGHT,i,0.102,28,0.9652,1.0,False
Greek,FAST,l,-0.102,23,0.8706,1.0,False
Greek,FAST,o,0.095,93,0.9104,1.0,False
Greek,SMALL,z,-0.088,7,0.8756,1.0,False
Greek,SHARP,f,0.074,15,0.8856,1.0,False
Greek,FAST,d,-0.068,3,0.9502,1.0,False
Greek,FAST,k,-0.066,24,0.9154,1.0,False
Greek,SMALL,x,-0.053,6,0.9502,1.0,False
Greek,BRIGHT,t,0.051,9,0.9652,1.0,False
Greek,LOUD,s,-0.05,17,0.9751,1.0,False
Greek,SMOOTH,z,-0.048,14,0.8955,1.0,False
Greek,LOUD,t,-0.04,8,0.99,1.0,False
Greek,ROUGH,m,-0.033,4,0.9801,1.0,False
Greek,ROUND,v,-0.032,21,0.9602,1.0,False
Greek,QUIET,n,0.027,10,0.995,1.0,False
Hebrew,LOUD,k,3.234,13,0.005,0.8443,False
Hebrew,BRIGHT,j,2.985,11,0.0149,0.8443,False
Hebrew,LOUD,s,2.936,9,0.01,0.8443,False
Hebrew,LOUD,h,-2.67,12,0.0149,0.8443,False
Hebrew,LOUD,d,-2.637,4,0.0149,0.8443,False
Hebrew,SLOW,ɑ,2.366,35,0.005,0.8443,False
Hebrew,ROUGH,χ,2.789,8,0.0498,0.8756,False
Hebrew,ROUGH,ɛ,2.772,11,0.0498,0.8756,False
Hebrew,BRIGHT,u,-2.694,9,0.0249,0.8756,False
Hebrew,LOUD,z,2.694,4,0.0249,0.8756,False
Hebrew,QUIET,n,2.498,47,0.0199,0.8756,False
Hebrew,BIG,e,2.472,39,0.0199,0.8756,False
Hebrew,LOUD,ʔ,2.434,12,0.0597,0.8756,False
Hebrew,LOUD,o,2.368,11,0.0547,0.8756,False
Hebrew,QUIET,ɒ,2.008,12,0.0597,0.8756,False
Hebrew,QUIET,ɪ,2.008,12,0.0597,0.8756,False
Hebrew,SHARP,d,1.603,145,0.0348,0.8756,False
Hebrew,SHARP,p,1.384,9,0.0498,0.8756,False
Hebrew,SHARP,ɒ,-1.333,3,0.0498,0.8756,False
Hebrew,SHARP,ɪ,-1.333,3,0.0498,0.8756,False
Hebrew,ROUND,m,-1.226,137,0.0597,0.8756,False
Hebrew,SMOOTH,h,1.209,341,0.0398,0.8756,False
Hebrew,SHARP,n,-1.148,50,0.0597,0.8756,False
Hebrew,SLOW,v,1.636,59,0.0647,0.9147,False
Hebrew,BRIGHT,a,2.407,25,0.0896,0.9422,False
Hebrew,BRIGHT,t,-2.353,4,0.1045,0.9422,False
Hebrew,LOUD,ɹ,-2.269,10,0.0697,0.9422,False
Hebrew,LOUD,r,2.249,12,0.1045,0.9422,False
Hebrew,BRIGHT,b,-2.215,8,0.1095,0.9422,False
Hebrew,LOUD,ʁ,2.166,3,0.0995,0.9422,False
Hebrew,BRIGHT,r,2.075,8,0.0896,0.9422,False
Hebrew,SLOW,l,1.342,76,0.0995,0.9422,False
Hebrew,DARK,v,1.283,83,0.0746,0.9422,False
Hebrew,SHARP,ɡ,1.165,90,0.1095,0.9422,False
Hebrew,SHARP,m,-1.134,78,0.0945,0.9422,False
Hebrew,SHARP,ʁ,-1.044,3,0.1095,0.9422,False
Hebrew,ROUND,ʃ,1.038,258,0.0796,0.9422,False
Hebrew,ROUND,ə,-1.003,8,0.0896,0.9422,False
Hebrew,ROUND,u,0.927,430,0.1045,0.9422,False
Hebrew,SMOOTH,o,-0.827,52,0.0995,0.9422,False
Hebrew,BRIGHT,l,2.271,11,0.1194,0.9572,False
Hebrew,ROUGH,m,2.147,11,0.209,0.9572,False
Hebrew,LOUD,b,-2.029,12,0.1343,0.9572,False
Hebrew,BIG,i,-1.976,38,0.1194,0.9572,False
Hebrew,BRIGHT,ɹ,-1.857,8,0.1791,0.9572,False
Hebrew,BIG,ɡ,1.844,18,0.1741,0.9572,False
Hebrew,BRIGHT,ʔ,1.747,7,0.199,0.9572,False
Hebrew,LOUD,t,1.717,11,0.1891,0.9572,False
Hebrew,ROUGH,e,1.665,15,0.3731,0.9572,False
Hebrew,ROUGH,f,1.651,4,0.3881,0.9572,False
Hebrew,BRIGHT,i,1.649,22,0.2537,0.9572,False
Hebrew,BRIGHT,ə,1.649,3,0.2836,0.9572,False
Hebrew,QUIET,a,-1.463,50,0.204,0.9572,False
Hebrew,LOUD,ə,1.462,4,0.2239,0.9572,False
Hebrew,LOUD,e,-1.363,10,0.3134,0.9572,False
Hebrew,LOUD,m,1.34,13,0.3184,0.9572,False
Hebrew,QUIET,i,1.251,91,0.2537,0.9572,False
Hebrew,SLOW,i,1.203,189,0.1493,0.9572,False
Hebrew,FAST,x,1.179,5,0.1642,0.9572,False
Hebrew,QUIET,l,-1.166,8,0.3433,0.9572,False
Hebrew,SLOW,ʔ,-1.136,9,0.204,0.9572,False
Hebrew,BIG,ə,1.128,6,0.4229,0.9572,False
Hebrew,QUIET,z,1.121,7,0.2687,0.9572,False
Hebrew,SMALL,f,1.091,31,0.1642,0.9572,False
Hebrew,QUIET,ɡ,-1.058,8,0.2935,0.9572,False
Hebrew,SLOW,n,-1.054,32,0.209,0.9572,False
Hebrew,QUIET,f,1.025,14,0.3085,0.9572,False
Hebrew,SLOW,d,1.013,79,0.2687,0.9572,False
Hebrew,SHARP,f,1.004,48,0.1343,0.9572,False
Hebrew,SLOW,t,1.004,63,0.1841,0.9572,False
Hebrew,DARK,ʁ,1.003,19,0.1692,0.9572,False
Hebrew,LOUD,a,-0.986,19,0.408,0.9572,False
Hebrew,SMALL,i,-0.973,162,0.209,0.9572,False
Hebrew,QUIET,b,0.925,65,0.3632,0.9572,False
Hebrew,QUIET,u,0.912,69,0.3781,0.9572,False
Hebrew,SHARP,ɛ,0.909,94,0.1841,0.9572,False
Hebrew,DARK,n,0.906,103,0.1791,0.9572,False
Hebrew,LOUD,v,-0.905,5,0.4279,0.9572,False
Hebrew,ROUND,ʁ,0.898,36,0.1194,0.9572,False
Hebrew,FAST,u,0.897,170,0.2139,0.9572,False
Hebrew,SMALL,v,0.876,53,0.2836,0.9572,False
Hebrew,SHARP,j,-0.876,36,0.1592,0.9572,False
Hebrew,DARK,ɡ,-0.867,30,0.199,0.9572,False
Hebrew,QUIET,χ,-0.857,7,0.4229,0.9572,False
Hebrew,SMALL,ɑ,0.856,23,0.2786,0.9572,False
Hebrew,ROUND,ɹ,0.85,383,0.1592,0.9572,False
Hebrew,DARK,k,-0.835,7,0.2139,0.9572,False
Hebrew,FAST,a,0.818,206,0.2537,0.9572,False
Hebrew,SHARP,ɹ,0.815,211,0.2338,0.9572,False
Hebrew,SLOW,h,0.813,145,0.3731,0.9572,False
Hebrew,DARK,o,0.801,70,0.2687,0.9572,False
Hebrew,DARK,ɒ,0.797,25,0.2637,0.9572,False
Hebrew,DARK,ɪ,0.797,25,0.2637,0.9572,False
Hebrew,SLOW,m,-0.786,52,0.3134,0.9572,False
Hebrew,SMALL,m,0.785,77,0.3284,0.9572,False
Hebrew,SLOW,a,-0.785,125,0.3234,0.9572,False
Hebrew,SLOW,ɹ,0.784,127,0.408,0.9572,False
Hebrew,SMOOTH,m,-0.783,116,0.1642,0.9572,False
Hebrew,ROUND,o,-0.77,72,0.2438,0.9572,False
Hebrew,SMALL,j,-0.768,25,0.3433,0.9572,False
Hebrew,SHARP,a,0.765,285,0.2935,0.9572,False
Hebrew,DARK,m,-0.751,79,0.2637,0.9572,False
Hebrew,SLOW,ɡ,-0.745,22,0.3383,0.9572,False
Hebrew,FAST,h,0.744,170,0.2338,0.9572,False
Hebrew,ROUND,d,0.726,223,0.209,0.9572,False
Hebrew,ROUND,b,0.723,392,0.1791,0.9572,False
Hebrew,FAST,t,-0.713,58,0.2587,0.9572,False
Hebrew,SLOW,j,-0.713,25,0.4279,0.9572,False
Hebrew,SMOOTH,ʁ,-0.708,8,0.199,0.9572,False
Hebrew,ROUND,χ,-0.707,50,0.209,0.9572,False
Hebrew,DARK,t,0.692,91,0.2736,0.9572,False
Hebrew,SHARP,b,0.687,216,0.3234,0.9572,False
Hebrew,ROUND,ʔ,-0.68,52,0.2438,0.9572,False
Hebrew,SHARP,u,0.679,231,0.2985,0.9572,False
Hebrew,ROUND,z,-0.677,8,0.2388,0.9572,False
Hebrew,SMALL,u,0.675,146,0.4279,0.9572,False
Hebrew,SMOOTH,ɒ,0.666,35,0.2736,0.9572,False
Hebrew,SMOOTH,ɪ,0.666,35,0.2736,0.9572,False
Hebrew,ROUND,r,-0.664,34,0.1891,0.9572,False
Hebrew,SLOW,ɛ,-0.654,27,0.4229,0.9572,False
Hebrew,FAST,ɡ,-0.647,28,0.4179,0.9572,False
Hebrew,SLOW,ʁ,-0.63,4,0.4129,0.9572,False
Hebrew,ROUND,l,-0.624,88,0.2736,0.9572,False
Hebrew,FAST,i,-0.62,190,0.3383,0.9572,False
Hebrew,SMALL,l,-0.617,31,0.393,0.9572,False
Hebrew,SMOOTH,l,-0.601,67,0.2587,0.9572,False
Hebrew,FAST,e,-0.6,93,0.3483,0.9572,False
Hebrew,SHARP,o,-0.595,44,0.398,0.9572,False
Hebrew,SHARP,ɑ,-0.576,16,0.3731,0.9572,False
Hebrew,SHARP,ʔ,-0.576,32,0.4129,0.9572,False
Hebrew,SHARP,ʃ,-0.573,97,0.398,0.9572,False
Hebrew,DARK,ʃ,0.569,118,0.3532,0.9572,False
Hebrew,SMOOTH,ɹ,0.568,273,0.2786,0.9572,False
Hebrew,ROUND,v,0.561,141,0.3532,0.9572,False
Hebrew,SHARP,h,0.552,231,0.3831,0.9572,False
Hebrew,DARK,l,-0.551,47,0.3682,0.9572,False
Hebrew,SMOOTH,b,0.548,285,0.2736,0.9572,False
Hebrew,FAST,k,-0.543,12,0.4229,0.9572,False
Hebrew,ROUND,h,0.537,416,0.3532,0.9572,False
Hebrew,SMOOTH,ɑ,0.488,42,0.3881,0.9572,False
Hebrew,SMOOTH,ʃ,0.471,171,0.408,0.9572,False
Hebrew,SMOOTH,e,-0.453,182,0.4129,0.9572,False
Hebrew,SMOOTH,j,-0.434,68,0.3881,0.9572,False
Hebrew,ROUGH,ɡ,1.422,7,0.4328,0.959,False
Hebrew,LOUD,ɒ,1.107,3,0.4527,0.959,False
Hebrew,LOUD,ɪ,1.107,3,0.4527,0.959,False
Hebrew,QUIET,r,-0.804,4,0.4428,0.959,False
Hebrew,SLOW,r,-0.728,10,0.4577,0.959,False
Hebrew,SMALL,ə,-0.56,7,0.4577,0.959,False
Hebrew,SHARP,r,-0.521,24,0.4527,0.959,False
Hebrew,SMOOTH,v,0.463,103,0.4478,0.959,False
Hebrew,ROUND,k,-0.423,37,0.4478,0.959,False
Hebrew,SMOOTH,z,-0.337,11,0.4577,0.959,False
Hebrew,ROUGH,n,-1.419,3,0.4726,0.9601,False
Hebrew,BIG,l,0.919,18,0.4726,0.9601,False
Hebrew,FAST,ɛ,-0.475,36,0.4726,0.9601,False
Hebrew,FAST,f,-0.473,22,0.4677,0.9601,False
Hebrew,FAST,ɹ,0.45,142,0.4776,0.9601,False
Hebrew,DARK,ɛ,-0.433,47,0.4776,0.9601,False
Hebrew,ROUND,i,0.371,525,0.4677,0.9601,False
Hebrew,BIG,u,-0.798,31,0.4826,0.9603,False
Hebrew,BRIGHT,h,-1.085,12,0.4925,0.9705,False
Hebrew,LOUD,j,0.873,9,0.4975,0.9705,False
Hebrew,DARK,d,-0.376,88,0.4975,0.9705,False
Hebrew,SMOOTH,t,-0.341,116,0.4975,0.9705,False
Hebrew,SMALL,n,-0.562,43,0.5174,0.9851,False
Hebrew,FAST,v,-0.442,43,0.5174,0.9851,False
Hebrew,ROUND,ɛ,0.372,139,0.5075,0.9851,False
Hebrew,SMOOTH,i,0.331,391,0.5174,0.9851,False
Hebrew,SLOW,b,0.605,129,0.5224,0.9898,False
Hebrew,SMOOTH,ʔ,-0.314,54,0.5274,0.9945,False
Hebrew,ROUGH,a,-1.025,14,0.607,0.9975,False
Hebrew,BIG,t,-0.876,13,0.5373,0.9975,False
Hebrew,LOUD,ɛ,-0.758,4,0.6169,0.9975,False
Hebrew,BIG,v,-0.747,9,0.6219,0.9975,False
Hebrew,QUIET,ʃ,0.739,39,0.5721,0.9975,False
Hebrew,BRIGHT,d,-0.715,6,0.6567,0.9975,False
Hebrew,BIG,ʁ,0.695,3,0.6418,0.9975,False
Hebrew,BIG,r,-0.682,3,0.607,0.9975,False
Hebrew,ROUGH,i,-0.672,19,0.7413,0.9975,False
Hebrew,BRIGHT,o,0.663,5,0.7015,0.9975,False
Hebrew,BRIGHT,m,0.61,8,0.7562,0.9975,False
Hebrew,BRIGHT,χ,0.6,4,0.7214,0.9975,False
Hebrew,BIG,χ,-0.598,5,0.6468,0.9975,False
Hebrew,QUIET,ɹ,0.595,59,0.5522,0.9975,False
Hebrew,BRIGHT,ɡ,0.581,5,0.7164,0.9975,False
Hebrew,BIG,ʃ,-0.574,16,0.6766,0.9975,False
Hebrew,ROUGH,u,-0.571,14,0.7512,0.9975,False
Hebrew,SLOW,f,-0.556,18,0.5522,0.9975,False
Hebrew,ROUGH,h,-0.548,14,0.7612,0.9975,False
Hebrew,BIG,ɹ,-0.543,27,0.6716,0.9975,False
Hebrew,QUIET,ɛ,-0.539,14,0.6368,0.9975,False
Hebrew,BRIGHT,e,-0.523,9,0.7463,0.9975,False
Hebrew,BIG,f,-0.509,5,0.6269,0.9975,False
Hebrew,LOUD,u,-0.504,19,0.7413,0.9975,False
Hebrew,QUIET,ʔ,-0.496,10,0.6468,0.9975,False
Hebrew,ROUGH,t,0.494,7,0.8159,0.9975,False
Hebrew,QUIET,ɑ,-0.489,5,0.7114,0.9975,False
Hebrew,LOUD,i,-0.483,26,0.7214,0.9975,False
Hebrew,SLOW,z,-0.478,4,0.6119,0.9975,False
Hebrew,QUIET,e,-0.468,39,0.6617,0.9975,False
Hebrew,FAST,ɑ,0.459,22,0.5721,0.9975,False
Hebrew,QUIET,t,0.438,28,0.6716,0.9975,False
Hebrew,SLOW,ʃ,0.43,76,0.6517,0.9975,False
Hebrew,BIG,ɛ,0.428,13,0.7711,0.9975,False
Hebrew,SMALL,p,0.427,3,0.607,0.9975,False
Hebrew,SMALL,ɛ,-0.415,33,0.607,0.9975,False
Hebrew,SMALL,ʃ,0.406,79,0.602,0.9975,False
Hebrew,SLOW,k,-0.392,13,0.6517,0.9975,False
Hebrew,SMALL,ɹ,0.388,124,0.6617,0.9975,False
Hebrew,SMALL,t,-0.386,54,0.6318,0.9975,False
Hebrew,SMALL,s,0.383,24,0.602,0.9975,False
Hebrew,SMALL,b,0.38,130,0.602,0.9975,False
Hebrew,LOUD,ʃ,0.376,12,0.7363,0.9975,False
Hebrew,FAST,b,0.37,147,0.5323,0.9975,False
Hebrew,SHARP,z,-0.351,8,0.597,0.9975,False
Hebrew,ROUGH,d,-0.351,7,0.8706,0.9975,False
Hebrew,SMALL,ɡ,-0.35,30,0.6866,0.9975,False
Hebrew,SMOOTH,ɡ,-0.35,64,0.5572,0.9975,False
Hebrew,SHARP,e,-0.336,139,0.6169,0.9975,False
Hebrew,SHARP,v,-0.334,62,0.6119,0.9975,False
Hebrew,QUIET,v,-0.332,18,0.791,0.9975,False
Hebrew,BIG,b,-0.323,30,0.8358,0.9975,False
Hebrew,QUIET,o,0.318,19,0.7711,0.9975,False
Hebrew,FAST,z,-0.317,6,0.7413,0.9975,False
Hebrew,FAST,j,-0.31,39,0.6716,0.9975,False
Hebrew,ROUND,ɡ,0.308,119,0.602,0.9975,False
Hebrew,SMOOTH,r,-0.303,43,0.5771,0.9975,False
Hebrew,SLOW,ɒ,-0.299,9,0.7662,0.9975,False
Hebrew,SLOW,ɪ,-0.299,9,0.7662,0.9975,False
Hebrew,SMOOTH,k,-0.296,33,0.597,0.9975,False
Hebrew,SLOW,u,0.296,133,0.7811,0.9975,False
Hebrew,BIG,a,0.283,43,0.8458,0.9975,False
Hebrew,SMALL,ʔ,-0.278,26,0.7114,0.9975,False
Hebrew,SHARP,χ,-0.276,38,0.6667,0.9975,False
Hebrew,ROUGH,j,-0.276,4,0.8806,0.9975,False
Hebrew,DARK,b,0.275,184,0.7114,0.9975,False
Hebrew,DARK,ɹ,0.275,175,0.6866,0.9975,False
Hebrew,ROUND,p,-0.267,3,0.6219,0.9975,False
Hebrew,FAST,ʁ,-0.267,7,0.6965,0.9975,False
Hebrew,DARK,i,-0.263,250,0.6766,0.9975,False
Hebrew,LOUD,n,0.254,9,0.8259,0.9975,False
Hebrew,SMALL,χ,0.253,32,0.7413,0.9975,False
Hebrew,BIG,s,-0.253,4,0.8806,0.9975,False
Hebrew,SMOOTH,s,-0.242,33,0.6617,0.9975,False
Hebrew,FAST,d,0.241,80,0.7363,0.9975,False
Hebrew,QUIET,h,0.238,64,0.7811,0.9975,False
Hebrew,FAST,l,0.236,59,0.7463,0.9975,False
Hebrew,DARK,e,-0.228,130,0.7164,0.9975,False
Hebrew,DARK,z,0.222,13,0.6866,0.9975,False
Hebrew,FAST,s,-0.211,18,0.806,0.9975,False
Hebrew,FAST,o,-0.21,38,0.7811,0.9975,False
Hebrew,SMALL,d,0.2,70,0.8209,0.9975,False
Hebrew,DARK,j,-0.196,53,0.7413,0.9975,False
Hebrew,SMOOTH,f,0.196,52,0.7413,0.9975,False
Hebrew,QUIET,k,-0.196,8,0.8607,0.9975,False
Hebrew,ROUND,a,-0.192,427,0.7463,0.9975,False
Hebrew,BIG,n,0.184,15,0.9154,0.9975,False
Hebrew,QUIET,j,-0.184,17,0.9005,0.9975,False
Hebrew,QUIET,d,0.183,32,0.8358,0.9975,False
Hebrew,SMOOTH,χ,0.182,66,0.6915,0.9975,False
Hebrew,SHARP,i,0.181,286,0.7811,0.9975,False
Hebrew,FAST,n,0.179,65,0.8657,0.9975,False
Hebrew,SHARP,t,0.178,93,0.801,0.9975,False
Hebrew,ROUND,ɑ,0.169,48,0.7811,0.9975,False
Hebrew,SMOOTH,n,0.169,122,0.796,0.9975,False
Hebrew,SMALL,h,0.167,138,0.8458,0.9975,False
Hebrew,BIG,h,0.165,36,0.9104,0.9975,False
Hebrew,SMALL,a,0.164,161,0.801,0.9975,False
Hebrew,ROUND,f,-0.163,62,0.7761,0.9975,False
Hebrew,ROUND,j,-0.162,107,0.7811,0.9975,False
Hebrew,SMOOTH,u,0.156,291,0.801,0.9975,False
Hebrew,SHARP,s,0.153,33,0.791,0.9975,False
Hebrew,SHARP,k,-0.15,29,0.806,0.9975,False
Hebrew,FAST,m,-0.146,72,0.8109,0.9975,False
Hebrew,ROUND,t,0.144,167,0.8209,0.9975,False
Hebrew,ROUND,e,-0.142,263,0.8209,0.9975,False
Hebrew,FAST,ʃ,0.138,84,0.8308,0.9975,False
Hebrew,SLOW,χ,-0.137,25,0.8557,0.9975,False
Hebrew,SMOOTH,ə,0.136,29,0.8259,0.9975,False
Hebrew,BIG,d,0.134,18,0.9353,0.9975,False
Hebrew,SMOOTH,a,0.129,341,0.7612,0.9975,False
Hebrew,DARK,h,-0.122,190,0.8607,0.9975,False
Hebrew,FAST,χ,0.121,34,0.9005,0.9975,False
Hebrew,ROUND,s,-0.118,49,0.8259,0.9975,False
Hebrew,DARK,a,-0.115,219,0.796,0.9975,False
Hebrew,BIG,o,0.11,10,0.9353,0.9975,False
Hebrew,BIG,k,-0.109,5,0.9254,0.9975,False
Hebrew,FAST,ɒ,0.108,14,0.9005,0.9975,False
Hebrew,FAST,ɪ,0.108,14,0.9005,0.9975,False
Hebrew,ROUND,n,-0.106,148,0.8458,0.9975,False
Hebrew,SLOW,e,-0.102,89,0.8955,0.9975,False
Hebrew,DARK,p,0.101,3,0.9154,0.9975,False
Hebrew,BRIGHT,n,0.1,6,0.9652,0.9975,False
Hebrew,DARK,f,-0.095,32,0.8856,0.9975,False
Hebrew,DARK,ə,0.094,19,0.8905,0.9975,False
Hebrew,SMALL,r,-0.091,25,0.9303,0.9975,False
Hebrew,DARK,r,-0.091,36,0.8806,0.9975,False
Hebrew,QUIET,ə,0.081,6,0.9254,0.9975,False
Hebrew,ROUGH,v,0.08,5,0.9701,0.9975,False
Hebrew,SMALL,e,0.079,97,0.9005,0.9975,False
Hebrew,SMALL,ɒ,-0.079,11,0.9552,0.9975,False
Hebrew,SMALL,ɪ,-0.079,11,0.9552,0.9975,False
Hebrew,ROUGH,ʃ,-0.078,8,0.9652,0.9975,False
Hebrew,SLOW,s,-0.074,17,0.9403,0.9975,False
Hebrew,SMOOTH,ɛ,-0.072,85,0.9055,0.9975,False
Hebrew,DARK,χ,0.065,42,0.9005,0.9975,False
Hebrew,BIG,j,0.064,11,0.9453,0.9975,False
Hebrew,SLOW,o,0.063,36,0.9403,0.9975,False
Hebrew,SMALL,ʁ,0.062,8,0.9403,0.9975,False
Hebrew,ROUGH,ɹ,-0.056,13,0.9851,0.9975,False
Hebrew,DARK,s,-0.053,26,0.9353,0.9975,False
Hebrew,ROUGH,b,0.052,14,0.9652,0.9975,False
Hebrew,SMALL,o,-0.046,36,0.9303,0.9975,False
Hebrew,BIG,m,-0.037,17,0.9801,0.9975,False
Hebrew,BIG,ʔ,-0.037,8,0.995,0.9975,False
Hebrew,SMALL,k,0.036,22,0.9701,0.9975,False
Hebrew,SHARP,l,-0.03,72,0.9801,0.9975,False
Hebrew,DARK,ʔ,0.029,46,0.9502,0.9975,False
Hebrew,DARK,u,0.026,193,0.9602,0.9975,False
Hebrew,FAST,r,-0.026,30,0.9801,0.9975,False
Hebrew,SMOOTH,d,-0.022,142,0.995,0.9975,False
Hebrew,FAST,ʔ,0.021,36,0.9801,0.9975,False
Hebrew,LOUD,l,-0.02,7,0.9751,0.9975,False
Hebrew,QUIET,m,-0.02,30,0.9801,0.9975,False
Hebrew,ROUND,ɒ,-0.002,33,0.99,0.9975,False
Hebrew,ROUND,ɪ,-0.002,33,0.99,0.9975,False
Hebrew,DARK,ɑ,-0.002,22,1.0,1.0,False
Hindi,SHARP,ũ,2.698,6,0.005,0.4861,False
Hindi,SHARP,ã,2.409,15,0.005,0.4861,False
Hindi,SMALL,cʰ,2.408,10,0.005,0.4861,False
Hindi,SMOOTH,h,2.381,37,0.005,0.4861,False
Hindi,SMOOTH,m,2.163,44,0.005,0.4861,False
Hindi,SHARP,c,2.127,14,0.005,0.4861,False
Hindi,ROUND,ʈʰ,2.066,5,0.005,0.4861,False
Hindi,LOUD,ĩ,3.026,5,0.01,0.6806,False
Hindi,DARK,dʰ,2.525,9,0.01,0.6806,False
Hindi,SLOW,n,2.49,46,0.01,0.6806,False
Hindi,BIG,ɡ,2.663,11,0.0149,0.7292,False
Hindi,BRIGHT,ʂ,2.616,3,0.0299,0.7292,False
Hindi,BRIGHT,ŋ,2.556,3,0.0299,0.7292,False
Hindi,QUIET,ɛ,2.117,5,0.0249,0.7292,False
Hindi,SMOOTH,õ,2.11,3,0.0199,0.7292,False
Hindi,DARK,d,2.096,20,0.0299,0.7292,False
Hindi,SHARP,ɡʰ,1.953,10,0.0199,0.7292,False
Hindi,SHARP,ɟ,1.941,13,0.0149,0.7292,False
Hindi,SLOW,i,-1.924,5,0.0249,0.7292,False
Hindi,ROUND,l,1.874,49,0.0299,0.7292,False
Hindi,SMALL,ɳ,1.835,6,0.0249,0.7292,False
Hindi,SLOW,kʰ,1.835,9,0.0199,0.7292,False
Hindi,SMOOTH,ɟ,1.751,20,0.0249,0.7292,False
Hindi,ROUND,ɖ,1.387,14,0.0299,0.7292,False
Hindi,BRIGHT,ʃ,2.401,7,0.0348,0.7684,False
Hindi,SHARP,ẽ,1.709,6,0.0348,0.7684,False
Hindi,SHARP,kʰ,1.444,11,0.0348,0.7684,False
Hindi,QUIET,pʰ,2.089,4,0.0398,0.8007,False
Hindi,BIG,ɡʰ,2.291,4,0.0448,0.8278,False
Hindi,DARK,ɾ,1.533,44,0.0448,0.8278,False
Hindi,ROUND,e,1.402,26,0.0448,0.8278,False
Hindi,LOUD,ɖ,2.288,4,0.0498,0.83,False
Hindi,ROUND,ɳ,1.315,7,0.0498,0.83,False
Hindi,ROUND,ẽ,1.271,7,0.0498,0.83,False
Hindi,LOUD,o,2.42,7,0.0547,0.8347,False
Hindi,BIG,b,2.147,8,0.0597,0.8347,False
Hindi,QUIET,t,1.997,11,0.0597,0.8347,False
Hindi,BIG,bʰ,1.98,4,0.0647,0.8347,False
Hindi,SHARP,p,1.521,20,0.0597,0.8347,False
Hindi,SMOOTH,ɡ,-1.336,6,0.0597,0.8347,False
Hindi,ROUND,ə,-1.3,42,0.0647,0.8347,False
Hindi,ROUND,p,1.258,26,0.0647,0.8347,False
Hindi,ROUND,i,1.251,49,0.0647,0.8347,False
Hindi,SMOOTH,ʌ,1.233,79,0.0647,0.8347,False
Hindi,BIG,k,-1.906,4,0.0746,0.8507,False
Hindi,FAST,ɛ,1.591,10,0.0697,0.8507,False
Hindi,SMALL,m,1.262,22,0.0746,0.8507,False
Hindi,SMALL,ẽ,1.239,5,0.0746,0.8507,False
Hindi,SLOW,t,-1.66,5,0.0796,0.8782,False
Hindi,QUIET,ã,1.896,5,0.0846,0.89,False
Hindi,SLOW,ʊ,1.562,13,0.0846,0.89,False
Hindi,SHARP,ɪ,1.233,30,0.0846,0.89,False
Hindi,BIG,ʌ,1.821,20,0.0896,0.9237,False
Hindi,FAST,i,-1.323,12,0.0945,0.9237,False
Hindi,ROUND,ɔ,1.189,5,0.0945,0.9237,False
Hindi,SLOW,a,1.39,57,0.0995,0.9323,False
Hindi,SHARP,ʊ,-1.329,7,0.0995,0.9323,False
Hindi,DARK,ũ,1.249,3,0.0995,0.9323,False
Hindi,SLOW,pʰ,1.609,6,0.1045,0.9598,False
Hindi,ROUND,ɟ,-1.166,3,0.1095,0.9598,False
Hindi,ROUND,ʈ,1.115,35,0.1095,0.9598,False
Hindi,SHARP,u,-1.033,3,0.1095,0.9598,False
Hindi,SMOOTH,l,-1.016,23,0.1095,0.9598,False
Hindi,QUIET,d,1.525,8,0.1144,0.9663,False
Hindi,SHARP,k,1.151,35,0.1144,0.9663,False
Hindi,ROUND,s,-1.08,12,0.1144,0.9663,False
Hindi,ROUGH,ɪ,2.368,5,0.1741,0.9736,False
Hindi,ROUGH,ə,-2.327,3,0.1592,0.9736,False
Hindi,ROUGH,ʈ,2.304,5,0.194,0.9736,False
Hindi,ROUGH,ʋ,2.24,4,0.1294,0.9736,False
Hindi,LOUD,s,2.105,13,0.1393,0.9736,False
Hindi,LOUD,k,2.067,12,0.1443,0.9736,False
Hindi,LOUD,u,1.906,5,0.1592,0.9736,False
Hindi,ROUGH,r,1.854,3,0.3085,0.9736,False
Hindi,BRIGHT,ɾ,1.774,14,0.1493,0.9736,False
Hindi,LOUD,ʌ,-1.767,3,0.1891,0.9736,False
Hindi,LOUD,bʰ,1.739,3,0.1692,0.9736,False
Hindi,BRIGHT,ʊ,1.718,5,0.1791,0.9736,False
Hindi,LOUD,a,-1.704,9,0.2388,0.9736,False
Hindi,ROUGH,i,1.685,5,0.3582,0.9736,False
Hindi,BRIGHT,a,1.579,22,0.1841,0.9736,False
Hindi,BRIGHT,j,1.578,4,0.194,0.9736,False
Hindi,QUIET,ʋ,1.532,10,0.1592,0.9736,False
Hindi,QUIET,s,1.405,15,0.204,0.9736,False
Hindi,LOUD,n,-1.386,4,0.3234,0.9736,False
Hindi,LOUD,l,1.359,9,0.2836,0.9736,False
Hindi,BIG,ə,1.356,17,0.199,0.9736,False
Hindi,ROUGH,l,1.332,4,0.4776,0.9736,False
Hindi,SLOW,d,-1.332,4,0.1393,0.9736,False
Hindi,SLOW,m,-1.312,5,0.1692,0.9736,False
Hindi,FAST,j,1.236,13,0.1542,0.9736,False
Hindi,QUIET,m,-1.228,3,0.2736,0.9736,False
Hindi,LOUD,i,1.221,10,0.408,0.9736,False
Hindi,BIG,a,-1.207,14,0.3184,0.9736,False
Hindi,QUIET,ʊ,-1.201,3,0.3035,0.9736,False
Hindi,DARK,b,1.195,16,0.1741,0.9736,False
Hindi,QUIET,a,-1.166,16,0.2736,0.9736,False
Hindi,SLOW,ʌ,-1.163,13,0.2239,0.9736,False
Hindi,LOUD,ɪ,-1.16,3,0.403,0.9736,False
Hindi,FAST,e,1.157,17,0.1294,0.9736,False
Hindi,SHARP,r,1.128,18,0.1343,0.9736,False
Hindi,SHARP,ɾ,-1.092,24,0.1343,0.9736,False
Hindi,BIG,ɪ,-1.072,4,0.3881,0.9736,False
Hindi,LOUD,ɾ,1.064,13,0.398,0.9736,False
Hindi,QUIET,r,1.063,7,0.3483,0.9736,False
Hindi,ROUND,h,-1.055,4,0.1294,0.9736,False
Hindi,SLOW,b,-1.054,6,0.2786,0.9736,False
Hindi,SHARP,cʰ,1.05,6,0.1294,0.9736,False
Hindi,DARK,ɪ,-1.048,10,0.1592,0.9736,False
Hindi,SHARP,l,-1.042,14,0.1244,0.9736,False
Hindi,LOUD,ə,1.027,13,0.4925,0.9736,False
Hindi,FAST,n,1.021,44,0.2139,0.9736,False
Hindi,BIG,ɖ,1.004,3,0.3731,0.9736,False
Hindi,SMALL,ɡ,-1.001,6,0.2139,0.9736,False
Hindi,QUIET,ɾ,-0.992,10,0.3483,0.9736,False
Hindi,BIG,r,0.98,6,0.3632,0.9736,False
Hindi,SMALL,u,0.978,13,0.1891,0.9736,False
Hindi,SHARP,m,-0.969,9,0.1592,0.9736,False
Hindi,BIG,ʊ,-0.96,3,0.3682,0.9736,False
Hindi,SHARP,ŋ,0.947,6,0.1741,0.9736,False
Hindi,SHARP,ʌ,-0.945,21,0.2139,0.9736,False
Hindi,SLOW,u,0.91,9,0.3134,0.9736,False
Hindi,QUIET,l,-0.905,6,0.4179,0.9736,False
Hindi,SMOOTH,ɾ,-0.902,42,0.1642,0.9736,False
Hindi,SMOOTH,j,0.89,19,0.1443,0.9736,False
Hindi,SLOW,ẽ,0.88,3,0.3682,0.9736,False
Hindi,ROUND,ŋ,0.878,8,0.199,0.9736,False
Hindi,SMALL,pʰ,0.872,6,0.2637,0.9736,False
Hindi,SHARP,o,-0.864,5,0.2338,0.9736,False
Hindi,SMOOTH,b,-0.863,15,0.194,0.9736,False
Hindi,BIG,p,0.857,6,0.398,0.9736,False
Hindi,DARK,e,0.856,14,0.3035,0.9736,False
Hindi,FAST,b,-0.856,9,0.3035,0.9736,False
Hindi,FAST,ʊ,0.851,15,0.3333,0.9736,False
Hindi,ROUND,bʰ,-0.84,4,0.2289,0.9736,False
Hindi,ROUND,ɟʰ,0.838,3,0.209,0.9736,False
Hindi,ROUND,ʋ,-0.838,5,0.2488,0.9736,False
Hindi,QUIET,e,-0.836,3,0.4776,0.9736,False
Hindi,SMALL,t,0.824,21,0.3284,0.9736,False
Hindi,SMALL,ɔ,0.822,3,0.2637,0.9736,False
Hindi,FAST,ʋ,0.818,18,0.2985,0.9736,False
Hindi,ROUND,b,0.808,23,0.2289,0.9736,False
Hindi,SMALL,o,0.806,15,0.2537,0.9736,False
Hindi,ROUND,n,-0.801,30,0.2587,0.9736,False
Hindi,SLOW,ɛ,0.799,5,0.3383,0.9736,False
Hindi,SMALL,ʋ,-0.797,4,0.2935,0.9736,False
Hindi,SMOOTH,ʃ,-0.788,4,0.1891,0.9736,False
Hindi,SMALL,n,-0.78,22,0.3433,0.9736,False
Hindi,DARK,p,-0.777,8,0.3383,0.9736,False
Hindi,BIG,d,-0.772,3,0.4826,0.9736,False
Hindi,ROUND,ɡ,0.771,25,0.3035,0.9736,False
Hindi,ROUND,ɾ,0.76,59,0.2836,0.9736,False
Hindi,QUIET,ʌ,0.744,17,0.5025,0.9736,False
Hindi,DARK,o,-0.743,5,0.3532,0.9736,False
Hindi,DARK,s,-0.742,11,0.3781,0.9736,False
Hindi,FAST,m,-0.742,10,0.4229,0.9736,False
Hindi,SLOW,s,-0.739,9,0.393,0.9736,False
Hindi,SMOOTH,e,0.738,25,0.2637,0.9736,False
Hindi,SHARP,e,-0.736,8,0.2637,0.9736,False
Hindi,ROUND,d,-0.727,12,0.2687,0.9736,False
Hindi,ROUND,t,-0.721,17,0.2637,0.9736,False
Hindi,SMOOTH,ʈ,-0.719,6,0.2637,0.9736,False
Hindi,SHARP,ʃ,-0.716,3,0.2836,0.9736,False
Hindi,DARK,ʃ,0.714,12,0.3881,0.9736,False
Hindi,ROUND,z,0.712,3,0.2438,0.9736,False
Hindi,SHARP,s,-0.706,13,0.3881,0.9736,False
Hindi,DARK,ə,0.699,38,0.3781,0.9736,False
Hindi,SMALL,ʌ,0.693,42,0.3134,0.9736,False
Hindi,QUIET,b,-0.692,4,0.5224,0.9736,False
Hindi,SLOW,ɾ,-0.689,20,0.403,0.9736,False
Hindi,FAST,ə,0.675,42,0.3284,0.9736,False
Hindi,SMOOTH,s,0.672,47,0.3333,0.9736,False
Hindi,SHARP,ʈ,0.668,20,0.3483,0.9736,False
Hindi,SMOOTH,n,0.663,66,0.2786,0.9736,False
Hindi,SMOOTH,r,-0.663,7,0.3184,0.9736,False
Hindi,SMOOTH,ə,0.655,70,0.2736,0.9736,False
Hindi,SLOW,e,-0.655,6,0.4726,0.9736,False
Hindi,SLOW,j,-0.655,3,0.4925,0.9736,False
Hindi,SLOW,o,0.65,10,0.4428,0.9736,False
Hindi,SMOOTH,u,-0.642,8,0.3234,0.9736,False
Hindi,SMALL,l,-0.64,17,0.4478,0.9736,False
Hindi,SLOW,ʈ,0.636,14,0.4826,0.9736,False
Hindi,ROUND,a,-0.631,67,0.3682,0.9736,False
Hindi,ROUND,dʰ,0.627,7,0.3483,0.9736,False
Hindi,SLOW,h,0.622,9,0.5274,0.9736,False
Hindi,SLOW,ʋ,-0.617,4,0.4925,0.9736,False
Hindi,DARK,h,0.616,11,0.4129,0.9736,False
Hindi,SHARP,dʰ,0.609,5,0.3781,0.9736,False
Hindi,FAST,u,-0.597,5,0.4279,0.9736,False
Hindi,FAST,ʈ,-0.595,5,0.4527,0.9736,False
Hindi,DARK,a,0.594,59,0.4627,0.9736,False
Hindi,SHARP,t,-0.591,13,0.4179,0.9736,False
Hindi,SMOOTH,ʊ,-0.59,16,0.4378,0.9736,False
Hindi,DARK,ĩ,0.587,5,0.398,0.9736,False
Hindi,SMOOTH,c,0.583,15,0.3333,0.9736,False
Hindi,SMALL,r,-0.576,5,0.3184,0.9736,False
Hindi,ROUND,r,-0.567,7,0.4129,0.9736,False
Hindi,SMALL,ʊ,-0.566,10,0.4776,0.9736,False
Hindi,FAST,a,0.564,65,0.5274,0.9736,False
Hindi,DARK,t,0.559,17,0.4876,0.9736,False
Hindi,SMOOTH,ɳ,0.559,6,0.3383,0.9736,False
Hindi,ROUND,u,0.548,15,0.393,0.9736,False
Hindi,DARK,ɡ,-0.535,8,0.5075,0.9736,False
Hindi,SHARP,d,0.532,15,0.4527,0.9736,False
Hindi,SMOOTH,dʰ,-0.532,3,0.3234,0.9736,False
Hindi,SMOOTH,ɔ,0.512,4,0.4229,0.9736,False
Hindi,SMALL,h,0.508,12,0.4677,0.9736,False
Hindi,ROUND,ɪ,-0.503,22,0.4627,0.9736,False
Hindi,SMOOTH,ɖ,-0.503,3,0.4776,0.9736,False
Hindi,ROUND,ɛ,0.502,8,0.4328,0.9736,False
Hindi,ROUND,ʌ,-0.497,37,0.4577,0.9736,False
Hindi,SMALL,c,0.491,9,0.5224,0.9736,False
Hindi,SMOOTH,d,-0.486,16,0.4179,0.9736,False
Hindi,SMOOTH,bʰ,0.476,11,0.4776,0.9736,False
Hindi,SMALL,bʰ,-0.469,4,0.5124,0.9736,False
Hindi,SMOOTH,kʰ,-0.468,5,0.4229,0.9736,False
Hindi,ROUND,m,0.467,24,0.4826,0.9736,False
Hindi,SHARP,b,-0.465,11,0.4826,0.9736,False
Hindi,SMALL,tʰ,0.464,3,0.5224,0.9736,False
Hindi,SMOOTH,z,0.456,3,0.4328,0.9736,False
Hindi,FAST,tʰ,0.513,3,0.5373,0.9748,False
Hindi,SHARP,ʋ,-0.463,7,0.5373,0.9748,False
Hindi,SMALL,p,0.451,15,0.5473,0.9748,False
Hindi,DARK,k,-0.409,20,0.5473,0.9748,False
Hindi,SMOOTH,i,-0.36,34,0.5473,0.9748,False
Hindi,SMOOTH,o,-0.357,13,0.5423,0.9748,False
Hindi,BRIGHT,l,-0.896,4,0.5771,0.977,False
Hindi,BIG,l,-0.65,6,0.5672,0.977,False
Hindi,BIG,u,0.633,4,0.5821,0.977,False
Hindi,QUIET,ɪ,-0.61,6,0.5771,0.977,False
Hindi,QUIET,kʰ,0.598,3,0.5871,0.977,False
Hindi,DARK,ɟ,0.509,7,0.5771,0.977,False
Hindi,QUIET,k,0.508,12,0.5871,0.977,False
Hindi,DARK,ʋ,-0.478,6,0.5622,0.977,False
Hindi,SMALL,d,-0.467,10,0.5672,0.977,False
Hindi,FAST,k,-0.434,22,0.5871,0.977,False
Hindi,FAST,l,0.425,24,0.5522,0.977,False
Hindi,SMALL,ʈ,0.407,17,0.5721,0.977,False
Hindi,ROUND,o,0.356,17,0.5771,0.977,False
Hindi,BRIGHT,ɪ,0.786,7,0.597,0.9793,False
Hindi,QUIET,ʃ,0.551,5,0.592,0.9793,False
Hindi,FAST,s,0.395,25,0.592,0.9793,False
Hindi,ROUND,kʰ,0.355,9,0.597,0.9793,False
Hindi,FAST,bʰ,-0.422,4,0.602,0.9827,False
Hindi,ROUND,c,-0.314,9,0.607,0.9861,False
Hindi,DARK,i,-0.403,18,0.6119,0.9919,False
Hindi,ROUGH,ɾ,-1.137,3,0.6169,0.9952,False
Hindi,LOUD,t,0.847,6,0.6219,0.9962,False
Hindi,SMOOTH,p,0.29,23,0.6219,0.9962,False
Hindi,ROUGH,a,0.795,9,0.6766,1.0,False
Hindi,LOUD,ɡ,0.698,5,0.6716,1.0,False
Hindi,ROUGH,n,-0.656,3,0.7463,1.0,False
Hindi,LOUD,j,0.645,3,0.6965,1.0,False
Hindi,QUIET,ə,-0.587,14,0.6468,1.0,False
Hindi,BRIGHT,m,-0.572,3,0.7015,1.0,False
Hindi,BIG,n,0.559,14,0.6468,1.0,False
Hindi,QUIET,n,-0.544,10,0.6716,1.0,False
Hindi,BRIGHT,ʌ,-0.523,7,0.7264,1.0,False
Hindi,LOUD,m,0.507,5,0.7114,1.0,False
Hindi,ROUGH,ʌ,0.487,5,0.8209,1.0,False
Hindi,BIG,e,0.467,5,0.6965,1.0,False
Hindi,QUIET,p,0.462,6,0.6866,1.0,False
Hindi,BRIGHT,t,0.451,5,0.7214,1.0,False
Hindi,BRIGHT,s,0.446,7,0.7662,1.0,False
Hindi,BRIGHT,k,-0.444,6,0.7313,1.0,False
Hindi,DARK,u,0.441,9,0.6318,1.0,False
Hindi,BIG,i,0.439,10,0.6468,1.0,False
Hindi,SLOW,cʰ,0.436,3,0.6418,1.0,False
Hindi,SLOW,r,0.424,9,0.6567,1.0,False
Hindi,LOUD,ʊ,-0.421,3,0.7861,1.0,False
Hindi,QUIET,ɡ,-0.41,4,0.6915,1.0,False
Hindi,BIG,t,-0.402,5,0.7463,1.0,False
Hindi,FAST,ʃ,0.396,11,0.6318,1.0,False
Hindi,BRIGHT,ə,0.391,11,0.7562,1.0,False
Hindi,BIG,m,0.389,6,0.7214,1.0,False
Hindi,SLOW,ɖ,0.358,4,0.7363,1.0,False
Hindi,SHARP,j,0.331,9,0.6716,1.0,False
Hindi,SMALL,j,0.324,9,0.7065,1.0,False
Hindi,SLOW,dʰ,0.321,3,0.7413,1.0,False
Hindi,BIG,ʋ,0.319,5,0.7612,1.0,False
Hindi,BIG,c,0.317,3,0.801,1.0,False
Hindi,SLOW,c,0.31,6,0.7662,1.0,False
Hindi,SMOOTH,ʂ,-0.308,3,0.6269,1.0,False
Hindi,SMALL,ə,-0.303,37,0.7363,1.0,False
Hindi,SLOW,l,0.301,17,0.7463,1.0,False
Hindi,FAST,dʰ,0.291,4,0.7114,1.0,False
Hindi,FAST,ɟ,0.283,7,0.7363,1.0,False
Hindi,DARK,bʰ,-0.27,4,0.7711,1.0,False
Hindi,ROUND,k,0.269,39,0.7313,1.0,False
Hindi,SHARP,a,-0.269,54,0.7363,1.0,False
Hindi,LOUD,h,0.262,3,0.9104,1.0,False
Hindi,SMALL,i,-0.254,22,0.7313,1.0,False
Hindi,SMALL,e,0.248,13,0.7662,1.0,False
Hindi,SHARP,i,-0.245,22,0.7413,1.0,False
Hindi,SMALL,ɖ,-0.242,3,0.7164,1.0,False
Hindi,SMALL,k,0.238,28,0.7612,1.0,False
Hindi,SHARP,n,-0.236,29,0.7711,1.0,False
Hindi,LOUD,e,-0.234,3,0.8109,1.0,False
Hindi,SMALL,a,0.229,62,0.7363,1.0,False
Hindi,LOUD,b,0.226,4,0.8905,1.0,False
Hindi,FAST,h,0.225,10,0.7662,1.0,False
Hindi,BRIGHT,ɡ,-0.219,3,0.8259,1.0,False
Hindi,SMOOTH,k,0.219,45,0.7662,1.0,False
Hindi,ROUND,ɡʰ,0.218,5,0.7214,1.0,False
Hindi,FAST,d,0.215,13,0.8259,1.0,False
Hindi,ROUND,ʊ,0.213,18,0.7711,1.0,False
Hindi,SHARP,bʰ,0.211,6,0.8159,1.0,False
Hindi,SMALL,b,0.206,14,0.7861,1.0,False
Hindi,BRIGHT,d,-0.202,3,0.8856,1.0,False
Hindi,DARK,c,-0.194,6,0.8259,1.0,False
Hindi,BRIGHT,o,0.193,3,0.9353,1.0,False
Hindi,DARK,ʊ,-0.187,10,0.8706,1.0,False
Hindi,DARK,n,-0.18,26,0.9055,1.0,False
Hindi,BRIGHT,i,-0.178,6,0.8806,1.0,False
Hindi,SMOOTH,a,-0.172,90,0.7562,1.0,False
Hindi,SMOOTH,t,0.172,28,0.7662,1.0,False
Hindi,SHARP,h,0.171,10,0.7313,1.0,False
Hindi,DARK,cʰ,0.17,3,0.8706,1.0,False
Hindi,DARK,kʰ,0.168,5,0.8657,1.0,False
Hindi,DARK,ŋ,0.168,3,0.801,1.0,False
Hindi,SHARP,ɳ,0.167,3,0.791,1.0,False
Hindi,ROUND,pʰ,0.154,5,0.806,1.0,False
Hindi,DARK,m,-0.153,12,0.8507,1.0,False
Hindi,SLOW,ə,-0.153,27,0.8408,1.0,False
Hindi,SMOOTH,ɛ,0.152,7,0.791,1.0,False
Hindi,BRIGHT,n,-0.149,8,0.8905,1.0,False
Hindi,DARK,l,-0.142,18,0.8507,1.0,False
Hindi,SHARP,ə,-0.131,38,0.9104,1.0,False
Hindi,SLOW,ɪ,0.131,15,0.8856,1.0,False
Hindi,SMALL,ɪ,-0.127,19,0.8955,1.0,False
Hindi,FAST,p,0.124,13,0.8657,1.0,False
Hindi,BIG,ɾ,-0.121,12,0.9005,1.0,False
Hindi,SMALL,dʰ,-0.12,3,0.9204,1.0,False
Hindi,DARK,j,-0.109,6,0.9055,1.0,False
Hindi,SMALL,ɾ,-0.106,34,0.8458,1.0,False
Hindi,DARK,pʰ,0.1,3,0.8955,1.0,False
Hindi,FAST,ɾ,-0.092,33,0.9005,1.0,False
Hindi,QUIET,i,0.091,10,0.9303,1.0,False
Hindi,FAST,ɡ,0.09,13,0.9204,1.0,False
Hindi,SMOOTH,ĩ,-0.083,4,0.8955,1.0,False
Hindi,BRIGHT,e,-0.081,3,0.9552,1.0,False
Hindi,DARK,ʌ,-0.079,28,0.9204,1.0,False
Hindi,FAST,c,-0.079,7,0.9055,1.0,False
Hindi,SLOW,bʰ,0.079,4,0.8955,1.0,False
Hindi,BIG,ʈ,-0.077,4,0.9552,1.0,False
Hindi,SMOOTH,ʋ,-0.076,17,0.9204,1.0,False
Hindi,SLOW,k,0.075,19,0.9453,1.0,False
Hindi,SMALL,ɟ,-0.072,6,0.9104,1.0,False
Hindi,SMOOTH,tʰ,-0.069,3,0.9254,1.0,False
Hindi,SMALL,s,0.063,22,0.9154,1.0,False
Hindi,SMOOTH,ɪ,0.048,33,0.9154,1.0,False
Hindi,FAST,ɪ,-0.046,19,0.9701,1.0,False
Hindi,SLOW,p,-0.042,9,0.9801,1.0,False
Hindi,DARK,ã,0.035,3,0.9652,1.0,False
Hindi,FAST,t,0.033,16,0.9701,1.0,False
Hindi,SHARP,ɡ,0.031,13,0.9502,1.0,False
Hindi,SHARP,ĩ,0.027,3,0.9851,1.0,False
Hindi,FAST,o,0.027,10,0.9701,1.0,False
Hindi,SLOW,ɡ,-0.026,9,0.9751,1.0,False
Hindi,QUIET,o,-0.025,4,0.99,1.0,False
Hindi,QUIET,j,0.022,3,0.9851,1.0,False
Hindi,SMALL,kʰ,-0.01,5,0.995,1.0,False
Hindi,FAST,ʌ,-0.003,32,1.0,1.0,False
Hungarian,BIG,ɑ,2.814,33,0.005,0.5224,False
Hungarian,SMALL,ʎ,2.793,3,0.005,0.5224,False
Hungarian,SLOW,a,2.388,32,0.005,0.5224,False
Hungarian,SHARP,j,2.22,22,0.005,0.5224,False
Hungarian,ROUGH,k,3.031,6,0.0249,0.8037,False
Hungarian,BIG,m,2.308,16,0.0149,0.8037,False
Hungarian,QUIET,l,2.261,34,0.0199,0.8037,False
Hungarian,QUIET,h,2.071,11,0.0199,0.8037,False
Hungarian,DARK,u,1.96,12,0.0199,0.8037,False
Hungarian,ROUND,ø,1.427,35,0.0199,0.8037,False
Hungarian,ROUND,p,1.398,20,0.0249,0.8037,False
Hungarian,SMOOTH,a,-1.398,13,0.0199,0.8037,False
Hungarian,SMOOTH,e,1.395,52,0.0249,0.8037,False
Hungarian,SMALL,ɟ,1.898,9,0.0348,0.8126,False
Hungarian,SHARP,t͡ʃ,1.545,15,0.0348,0.8126,False
Hungarian,ROUND,ʃ,-1.482,27,0.0348,0.8126,False
Hungarian,SHARP,h,-1.348,4,0.0348,0.8126,False
Hungarian,DARK,f,1.652,15,0.0398,0.8358,False
Hungarian,SHARP,r,1.28,56,0.0398,0.8358,False
Hungarian,QUIET,ʃ,-1.781,7,0.0498,0.9085,False
Hungarian,ROUND,y,1.325,18,0.0498,0.9085,False
Hungarian,ROUGH,ɛ,2.517,8,0.1642,0.9567,False
Hungarian,ROUGH,o,2.383,5,0.209,0.9567,False
Hungarian,ROUGH,t,2.326,4,0.1791,0.9567,False
Hungarian,BRIGHT,s,1.85,12,0.0647,0.9567,False
Hungarian,LOUD,z,1.842,4,0.2189,0.9567,False
Hungarian,ROUGH,m,1.788,3,0.3632,0.9567,False
Hungarian,BRIGHT,f,1.768,9,0.0896,0.9567,False
Hungarian,LOUD,n,1.763,9,0.2935,0.9567,False
Hungarian,BIG,r,-1.741,3,0.0995,0.9567,False
Hungarian,BIG,t͡ʃ,1.693,5,0.1393,0.9567,False
Hungarian,LOUD,t,-1.618,4,0.3433,0.9567,False
Hungarian,BRIGHT,ɲ,1.558,10,0.1393,0.9567,False
Hungarian,QUIET,ɡ,1.544,17,0.1095,0.9567,False
Hungarian,BIG,ɡ,1.532,13,0.1741,0.9567,False
Hungarian,ROUGH,r,1.505,4,0.5124,0.9567,False
Hungarian,BIG,d,1.495,7,0.2189,0.9567,False
Hungarian,QUIET,t͡ʃ,1.475,6,0.1542,0.9567,False
Hungarian,FAST,ø,1.467,21,0.0995,0.9567,False
Hungarian,BIG,i,1.439,19,0.2139,0.9567,False
Hungarian,QUIET,v,-1.408,3,0.1144,0.9567,False
Hungarian,DARK,p,1.402,10,0.0846,0.9567,False
Hungarian,SLOW,e,-1.402,6,0.1095,0.9567,False
Hungarian,FAST,t͡s,1.365,5,0.0945,0.9567,False
Hungarian,SLOW,o,-1.35,15,0.1592,0.9567,False
Hungarian,SMALL,z,1.337,18,0.1095,0.9567,False
Hungarian,DARK,e,1.262,23,0.1194,0.9567,False
Hungarian,LOUD,ɡ,1.25,6,0.5075,0.9567,False
Hungarian,LOUD,v,1.241,3,0.5025,0.9567,False
Hungarian,BIG,t,-1.239,9,0.2786,0.9567,False
Hungarian,DARK,b,1.234,15,0.1095,0.9567,False
Hungarian,ROUND,ɛ,-1.208,56,0.0846,0.9567,False
Hungarian,BIG,ɛ,-1.203,13,0.2836,0.9567,False
Hungarian,SLOW,u,1.197,9,0.1841,0.9567,False
Hungarian,BRIGHT,y,1.195,5,0.2736,0.9567,False
Hungarian,SMALL,o,-1.161,22,0.0896,0.9567,False
Hungarian,ROUGH,ʃ,1.16,3,0.6169,0.9567,False
Hungarian,DARK,i,-1.155,10,0.1493,0.9567,False
Hungarian,SLOW,j,1.15,10,0.1393,0.9567,False
Hungarian,QUIET,ɛ,1.132,37,0.2836,0.9567,False
Hungarian,SLOW,ʃ,1.126,28,0.194,0.9567,False
Hungarian,BRIGHT,ø,1.118,9,0.3632,0.9567,False
Hungarian,LOUD,ʃ,1.115,7,0.5124,0.9567,False
Hungarian,FAST,z,1.114,16,0.1841,0.9567,False
Hungarian,DARK,d,-1.096,4,0.1244,0.9567,False
Hungarian,QUIET,r,-1.094,8,0.2338,0.9567,False
Hungarian,LOUD,o,1.09,9,0.5473,0.9567,False
Hungarian,QUIET,a,-1.09,5,0.2836,0.9567,False
Hungarian,SHARP,f,1.088,18,0.1045,0.9567,False
Hungarian,ROUND,e,-1.074,17,0.0796,0.9567,False
Hungarian,DARK,ɡ,-1.07,7,0.1493,0.9567,False
Hungarian,FAST,s,1.065,19,0.199,0.9567,False
Hungarian,QUIET,d,1.061,8,0.2786,0.9567,False
Hungarian,BIG,e,-1.052,4,0.3682,0.9567,False
Hungarian,SHARP,z,-1.029,4,0.1393,0.9567,False
Hungarian,SLOW,r,-1.023,13,0.2687,0.9567,False
Hungarian,BRIGHT,t,-1.009,12,0.4179,0.9567,False
Hungarian,ROUND,d,1.003,26,0.0896,0.9567,False
Hungarian,ROUND,ɲ,-1.0,4,0.0796,0.9567,False
Hungarian,BIG,o,-0.995,9,0.3333,0.9567,False
Hungarian,SLOW,i,0.98,33,0.2338,0.9567,False
Hungarian,SHARP,e,0.953,31,0.1692,0.9567,False
Hungarian,DARK,v,0.947,12,0.1791,0.9567,False
Hungarian,SHARP,ʃ,-0.931,25,0.1443,0.9567,False
Hungarian,LOUD,r,0.922,8,0.597,0.9567,False
Hungarian,SMALL,f,-0.914,3,0.2637,0.9567,False
Hungarian,ROUND,t͡s,0.912,7,0.1692,0.9567,False
Hungarian,SHARP,i,-0.91,19,0.2239,0.9567,False
Hungarian,SLOW,h,0.902,12,0.2786,0.9567,False
Hungarian,LOUD,h,0.895,3,0.6169,0.9567,False
Hungarian,DARK,s,0.892,15,0.2488,0.9567,False
Hungarian,FAST,ɑ,-0.891,30,0.2388,0.9567,False
Hungarian,SLOW,v,0.891,11,0.2836,0.9567,False
Hungarian,DARK,r,0.889,34,0.2985,0.9567,False
Hungarian,SLOW,l,0.889,36,0.2886,0.9567,False
Hungarian,LOUD,i,0.884,8,0.597,0.9567,False
Hungarian,SMALL,m,-0.88,11,0.2488,0.9567,False
Hungarian,LOUD,ɑ,0.879,11,0.5771,0.9567,False
Hungarian,DARK,m,-0.872,9,0.2886,0.9567,False
Hungarian,BRIGHT,r,-0.871,9,0.4826,0.9567,False
Hungarian,SMOOTH,ʃ,0.858,62,0.1095,0.9567,False
Hungarian,SMOOTH,ɟ,0.846,11,0.1443,0.9567,False
Hungarian,FAST,i,0.836,40,0.2736,0.9567,False
Hungarian,SMALL,e,0.829,25,0.2239,0.9567,False
Hungarian,BIG,ɲ,0.829,6,0.5075,0.9567,False
Hungarian,FAST,y,-0.828,4,0.3234,0.9567,False
Hungarian,SHARP,n,-0.824,23,0.2239,0.9567,False
Hungarian,QUIET,ɟ,0.811,3,0.3881,0.9567,False
Hungarian,ROUND,u,0.805,17,0.204,0.9567,False
Hungarian,SHARP,v,0.801,17,0.2189,0.9567,False
Hungarian,LOUD,l,-0.798,4,0.6667,0.9567,False
Hungarian,ROUND,b,0.795,25,0.2587,0.9567,False
Hungarian,DARK,ʃ,-0.774,18,0.3234,0.9567,False
Hungarian,BRIGHT,e,-0.77,6,0.4776,0.9567,False
Hungarian,SMALL,ɛ,0.769,69,0.3085,0.9567,False
Hungarian,SMOOTH,d,0.752,26,0.194,0.9567,False
Hungarian,SLOW,k,-0.748,12,0.4328,0.9567,False
Hungarian,SMOOTH,b,-0.746,8,0.209,0.9567,False
Hungarian,SHARP,ɛ,-0.735,51,0.2338,0.9567,False
Hungarian,ROUND,a,0.733,44,0.194,0.9567,False
Hungarian,FAST,f,-0.723,4,0.3134,0.9567,False
Hungarian,SMALL,p,0.708,10,0.3333,0.9567,False
Hungarian,SMOOTH,z,0.707,25,0.2139,0.9567,False
Hungarian,BRIGHT,m,-0.7,6,0.5473,0.9567,False
Hungarian,BRIGHT,ɑ,-0.7,16,0.5871,0.9567,False
Hungarian,FAST,k,-0.7,16,0.3831,0.9567,False
Hungarian,ROUND,f,-0.698,7,0.209,0.9567,False
Hungarian,SHARP,u,0.697,12,0.2836,0.9567,False
Hungarian,SMOOTH,s,0.684,30,0.1891,0.9567,False
Hungarian,DARK,ɲ,0.672,12,0.3731,0.9567,False
Hungarian,DARK,n,-0.671,17,0.3383,0.9567,False
Hungarian,BRIGHT,o,0.653,20,0.5423,0.9567,False
Hungarian,SMOOTH,h,-0.633,13,0.2488,0.9567,False
Hungarian,BRIGHT,i,0.616,18,0.607,0.9567,False
Hungarian,SMOOTH,v,-0.616,16,0.2786,0.9567,False
Hungarian,QUIET,i,-0.607,10,0.5025,0.9567,False
Hungarian,DARK,a,0.603,21,0.4378,0.9567,False
Hungarian,SMOOTH,p,-0.602,10,0.3184,0.9567,False
Hungarian,DARK,t͡s,0.601,3,0.4129,0.9567,False
Hungarian,SHARP,d,-0.6,9,0.2637,0.9567,False
Hungarian,ROUND,ɟ,0.594,9,0.3483,0.9567,False
Hungarian,DARK,y,-0.589,4,0.3881,0.9567,False
Hungarian,SMALL,t,0.567,37,0.4378,0.9567,False
Hungarian,SMALL,y,-0.565,5,0.4478,0.9567,False
Hungarian,SMALL,i,-0.563,21,0.393,0.9567,False
Hungarian,SLOW,n,0.563,26,0.5025,0.9567,False
Hungarian,DARK,t,0.556,30,0.4876,0.9567,False
Hungarian,ROUND,r,0.552,61,0.4129,0.9567,False
Hungarian,ROUND,t,0.551,60,0.4129,0.9567,False
Hungarian,SMOOTH,y,-0.542,9,0.3483,0.9567,False
Hungarian,SMOOTH,i,0.54,66,0.3532,0.9567,False
Hungarian,SLOW,ø,-0.533,5,0.5075,0.9567,False
Hungarian,BRIGHT,n,0.531,16,0.6567,0.9567,False
Hungarian,SMALL,ɡ,-0.529,14,0.4876,0.9567,False
Hungarian,SMOOTH,t,0.52,65,0.393,0.9567,False
Hungarian,SMOOTH,n,0.51,60,0.3831,0.9567,False
Hungarian,SLOW,z,-0.501,5,0.5473,0.9567,False
Hungarian,ROUND,m,-0.499,24,0.3831,0.9567,False
Hungarian,DARK,o,-0.497,24,0.5025,0.9567,False
Hungarian,SMOOTH,l,-0.492,46,0.3781,0.9567,False
Hungarian,SMALL,ʃ,0.48,32,0.4925,0.9567,False
Hungarian,ROUND,z,-0.478,11,0.4229,0.9567,False
Hungarian,ROUND,l,0.477,67,0.3483,0.9567,False
Hungarian,SHARP,p,0.47,11,0.5075,0.9567,False
Hungarian,FAST,ɟ,0.467,5,0.4876,0.9567,False
Hungarian,BIG,ʃ,0.461,12,0.6766,0.9567,False
Hungarian,QUIET,p,-0.461,3,0.6368,0.9567,False
Hungarian,SMALL,ø,0.438,14,0.5871,0.9567,False
Hungarian,DARK,ɑ,-0.432,31,0.6219,0.9567,False
Hungarian,SHARP,t͡s,0.427,4,0.5373,0.9567,False
Hungarian,BRIGHT,ɡ,0.418,11,0.6567,0.9567,False
Hungarian,SMOOTH,t͡s,-0.414,3,0.4179,0.9567,False
Hungarian,SHARP,l,0.413,48,0.5721,0.9567,False
Hungarian,FAST,e,0.413,21,0.6119,0.9567,False
Hungarian,BIG,k,-0.404,8,0.6716,0.9567,False
Hungarian,QUIET,n,0.395,16,0.7164,0.9567,False
Hungarian,BRIGHT,d,0.394,6,0.7015,0.9567,False
Hungarian,SMALL,h,0.384,13,0.5721,0.9567,False
Hungarian,SMALL,ɲ,-0.383,7,0.6318,0.9567,False
Hungarian,FAST,t,-0.379,29,0.6517,0.9567,False
Hungarian,BRIGHT,p,-0.377,3,0.6816,0.9567,False
Hungarian,DARK,z,-0.377,6,0.6667,0.9567,False
Hungarian,DARK,ø,0.377,11,0.6766,0.9567,False
Hungarian,BRIGHT,ɛ,-0.376,23,0.7463,0.9567,False
Hungarian,FAST,ɡ,-0.369,15,0.6119,0.9567,False
Hungarian,SLOW,s,0.366,11,0.6667,0.9567,False
Hungarian,SHARP,ø,0.358,16,0.5622,0.9567,False
Hungarian,SMALL,a,-0.353,17,0.6269,0.9567,False
Hungarian,FAST,j,0.347,9,0.6617,0.9567,False
Hungarian,FAST,ɲ,-0.346,7,0.7015,0.9567,False
Hungarian,QUIET,m,-0.344,8,0.7264,0.9567,False
Hungarian,SHARP,a,0.343,28,0.5323,0.9567,False
Hungarian,SLOW,ɡ,-0.339,12,0.6915,0.9567,False
Hungarian,SMOOTH,ɲ,-0.338,13,0.5373,0.9567,False
Hungarian,QUIET,k,-0.329,11,0.7562,0.9567,False
Hungarian,SMALL,d,-0.322,9,0.6617,0.9567,False
Hungarian,FAST,u,-0.322,6,0.6716,0.9567,False
Hungarian,FAST,v,0.321,12,0.6716,0.9567,False
Hungarian,SMALL,b,0.317,12,0.6517,0.9567,False
Hungarian,SLOW,t͡ʃ,0.314,5,0.6915,0.9567,False
Hungarian,SHARP,ɲ,-0.31,9,0.592,0.9567,False
Hungarian,QUIET,e,-0.31,8,0.7463,0.9567,False
Hungarian,SLOW,p,-0.307,5,0.7512,0.9567,False
Hungarian,SLOW,ɛ,-0.299,38,0.7313,0.9567,False
Hungarian,SHARP,m,-0.298,20,0.7015,0.9567,False
Hungarian,SHARP,y,-0.297,7,0.6667,0.9567,False
Hungarian,ROUND,k,0.286,52,0.607,0.9567,False
Hungarian,SLOW,m,0.286,17,0.6667,0.9567,False
Hungarian,ROUND,ɡ,-0.268,27,0.6169,0.9567,False
Hungarian,SMOOTH,o,-0.267,57,0.6418,0.9567,False
Hungarian,SMALL,r,-0.263,27,0.7214,0.9567,False
Hungarian,SHARP,t,-0.263,37,0.7065,0.9567,False
Hungarian,FAST,o,-0.262,31,0.7512,0.9567,False
Hungarian,SMALL,n,0.25,31,0.7164,0.9567,False
Hungarian,SMOOTH,k,-0.246,42,0.6617,0.9567,False
Hungarian,SHARP,ɑ,-0.244,49,0.7313,0.9567,False
Hungarian,SMOOTH,t͡ʃ,-0.239,7,0.6318,0.9567,False
Hungarian,SMOOTH,m,0.234,39,0.6617,0.9567,False
Hungarian,SHARP,k,0.222,37,0.7164,0.9567,False
Hungarian,SHARP,o,0.219,45,0.7413,0.9567,False
Hungarian,SMOOTH,r,-0.214,49,0.7562,0.9567,False
Hungarian,SHARP,b,-0.198,10,0.7463,0.9567,False
Hungarian,SMOOTH,f,-0.196,13,0.7313,0.9567,False
Hungarian,ROUND,s,-0.19,17,0.7313,0.9567,False
Hungarian,ROUND,j,-0.188,11,0.7512,0.9567,False
Hungarian,BIG,a,0.391,9,0.7761,0.958,False
Hungarian,QUIET,u,-0.356,3,0.7811,0.958,False
Hungarian,BRIGHT,ʃ,-0.341,12,0.7711,0.958,False
Hungarian,QUIET,o,0.309,19,0.7761,0.958,False
Hungarian,DARK,l,-0.264,24,0.7861,0.958,False
Hungarian,DARK,h,0.26,10,0.791,0.958,False
Hungarian,SLOW,d,0.231,9,0.7612,0.958,False
Hungarian,DARK,k,0.209,25,0.791,0.958,False
Hungarian,FAST,ɛ,-0.206,50,0.796,0.958,False
Hungarian,DARK,j,0.195,7,0.796,0.958,False
Hungarian,SMALL,ɑ,-0.179,42,0.7711,0.958,False
Hungarian,FAST,a,0.168,21,0.796,0.958,False
Hungarian,ROUND,t͡ʃ,-0.166,7,0.7811,0.958,False
Hungarian,FAST,d,0.139,11,0.7711,0.958,False
Hungarian,ROUND,ɑ,0.13,76,0.796,0.958,False
Hungarian,BIG,z,-0.284,3,0.801,0.9585,False
Hungarian,SHARP,ɡ,-0.169,21,0.8109,0.9676,False
Hungarian,BIG,l,-0.286,11,0.8209,0.9747,False
Hungarian,BRIGHT,v,-0.174,5,0.8308,0.9747,False
Hungarian,ROUND,o,-0.121,55,0.8308,0.9747,False
Hungarian,BRIGHT,k,-0.263,11,0.8458,0.9779,False
Hungarian,BRIGHT,l,-0.246,14,0.8557,0.9779,False
Hungarian,DARK,ɛ,-0.22,42,0.8458,0.9779,False
Hungarian,BRIGHT,b,-0.177,4,0.8458,0.9779,False
Hungarian,LOUD,ɛ,-0.155,10,0.9104,0.9779,False
Hungarian,BRIGHT,z,0.149,5,0.8856,0.9779,False
Hungarian,QUIET,ɑ,-0.129,21,0.8657,0.9779,False
Hungarian,SLOW,f,0.126,7,0.8806,0.9779,False
Hungarian,SMOOTH,u,0.122,14,0.8458,0.9779,False
Hungarian,BIG,b,0.121,4,0.8955,0.9779,False
Hungarian,SMALL,u,-0.117,7,0.8607,0.9779,False
Hungarian,BRIGHT,a,0.111,10,0.9353,0.9779,False
Hungarian,FAST,p,-0.111,7,0.9204,0.9779,False
Hungarian,FAST,ʃ,0.11,28,0.8856,0.9779,False
Hungarian,ROUND,v,0.107,19,0.8657,0.9779,False
Hungarian,SLOW,ɑ,0.105,35,0.8955,0.9779,False
Hungarian,FAST,l,0.104,34,0.9005,0.9779,False
Hungarian,FAST,m,-0.099,18,0.8806,0.9779,False
Hungarian,QUIET,j,0.098,4,0.9403,0.9779,False
Hungarian,SHARP,s,0.095,15,0.9154,0.9779,False
Hungarian,FAST,b,0.088,10,0.8905,0.9779,False
Hungarian,SHARP,ɟ,0.087,5,0.9353,0.9779,False
Hungarian,BIG,n,0.085,11,0.9353,0.9779,False
Hungarian,SMALL,l,0.084,35,0.9005,0.9779,False
Hungarian,FAST,h,-0.084,10,0.9055,0.9779,False
Hungarian,SMOOTH,ø,0.08,20,0.8458,0.9779,False
Hungarian,SMALL,v,-0.078,11,0.9303,0.9779,False
Hungarian,ROUND,h,-0.074,17,0.8905,0.9779,False
Hungarian,SMOOTH,j,-0.071,13,0.8905,0.9779,False
Hungarian,SMALL,j,0.068,8,0.9303,0.9779,False
Hungarian,ROUND,i,-0.068,46,0.9204,0.9779,False
Hungarian,SMOOTH,ɡ,-0.065,33,0.9055,0.9779,False
Hungarian,FAST,r,0.06,30,0.9453,0.9779,False
Hungarian,SMOOTH,ɑ,-0.049,78,0.9204,0.9779,False
Hungarian,SMOOTH,ɛ,-0.016,98,0.9502,0.9806,False
Hungarian,BIG,j,0.06,3,0.9652,0.9815,False
Hungarian,QUIET,f,-0.06,4,0.9602,0.9815,False
Hungarian,QUIET,t,-0.041,16,0.9652,0.9815,False
Hungarian,SLOW,t,0.03,25,0.9652,0.9815,False
Hungarian,SMALL,t͡ʃ,-0.021,5,0.9652,0.9815,False
Hungarian,SMALL,k,0.031,28,0.9801,0.9872,False
Hungarian,SMALL,s,0.02,12,0.9801,0.9872,False
Hungarian,FAST,n,-0.019,27,0.9801,0.9872,False
Hungarian,ROUND,n,0.001,46,1.0,1.0,False
Indonesian,LOUD,f,3.229,4,0.005,0.2388,False
Indonesian,DARK,w,2.882,9,0.005,0.2388,False
Indonesian,DARK,a͡ʊ,2.654,6,0.005,0.2388,False
Indonesian,SLOW,m,2.479,72,0.005,0.2388,False
Indonesian,SHARP,t,2.395,55,0.005,0.2388,False
Indonesian,ROUND,n,2.374,71,0.005,0.2388,False
Indonesian,SLOW,ŋ,2.317,42,0.005,0.2388,False
Indonesian,SLOW,ə,2.141,71,0.005,0.2388,False
Indonesian,SHARP,ɡ,2.228,18,0.01,0.3821,False
Indonesian,SHARP,t͡ʃ,2.019,17,0.01,0.3821,False
Indonesian,ROUGH,d͡ʒ,2.917,3,0.0199,0.6368,False
Indonesian,BRIGHT,r,2.358,24,0.0249,0.6823,False
Indonesian,SHARP,k,1.617,54,0.0249,0.6823,False
Indonesian,BRIGHT,ɲ,2.468,5,0.0299,0.6947,False
Indonesian,BIG,u,2.408,18,0.0398,0.6947,False
Indonesian,SMALL,p,1.917,28,0.0348,0.6947,False
Indonesian,ROUND,o,1.498,30,0.0398,0.6947,False
Indonesian,SMOOTH,a͡ɪ,1.38,13,0.0398,0.6947,False
Indonesian,SMALL,d,1.509,28,0.0547,0.7783,False
Indonesian,FAST,ə,1.455,75,0.0547,0.7783,False
Indonesian,SMOOTH,u,-1.188,45,0.0547,0.7783,False
Indonesian,SMOOTH,t,-1.059,43,0.0547,0.7783,False
Indonesian,SLOW,s,-1.562,6,0.0697,0.8628,False
Indonesian,SMOOTH,r,-1.323,45,0.0647,0.8628,False
Indonesian,SHARP,s,-1.245,11,0.0697,0.8628,False
Indonesian,BIG,d,2.127,10,0.0746,0.8684,False
Indonesian,SMOOTH,ŋ,-0.959,16,0.0746,0.8684,False
Indonesian,LOUD,o,2.342,7,0.0896,0.8756,False
Indonesian,LOUD,t͡ʃ,2.131,4,0.0945,0.8756,False
Indonesian,BIG,a,1.853,37,0.1095,0.8756,False
Indonesian,SMALL,ɛ,1.404,29,0.1045,0.8756,False
Indonesian,DARK,ə,-1.354,12,0.0896,0.8756,False
Indonesian,FAST,j,1.311,4,0.0846,0.8756,False
Indonesian,SHARP,ɛ,-1.285,10,0.0896,0.8756,False
Indonesian,SHARP,p,1.265,29,0.1045,0.8756,False
Indonesian,DARK,r,1.202,55,0.0896,0.8756,False
Indonesian,ROUND,ŋ,1.13,42,0.1095,0.8756,False
Indonesian,ROUND,l,1.074,53,0.0995,0.8756,False
Indonesian,SHARP,r,-1.038,29,0.1045,0.8756,False
Indonesian,ROUND,a͡ɪ,0.99,8,0.1095,0.8756,False
Indonesian,BRIGHT,a͡ɪ,1.657,3,0.1194,0.917,False
Indonesian,SLOW,j,1.202,3,0.1194,0.917,False
Indonesian,ROUGH,h,2.336,6,0.1493,0.9587,False
Indonesian,LOUD,i,1.871,16,0.1791,0.9587,False
Indonesian,ROUGH,l,1.842,7,0.3134,0.9587,False
Indonesian,BRIGHT,ɛ,1.811,14,0.1542,0.9587,False
Indonesian,BIG,i,-1.803,3,0.1343,0.9587,False
Indonesian,LOUD,s,1.776,12,0.2239,0.9587,False
Indonesian,BIG,n,-1.766,5,0.1642,0.9587,False
Indonesian,LOUD,a,-1.761,14,0.204,0.9587,False
Indonesian,BIG,b,1.739,10,0.2189,0.9587,False
Indonesian,ROUGH,s,1.619,7,0.408,0.9587,False
Indonesian,LOUD,k,1.521,12,0.2637,0.9587,False
Indonesian,QUIET,n,-1.392,12,0.2139,0.9587,False
Indonesian,QUIET,u,1.311,30,0.1542,0.9587,False
Indonesian,QUIET,d,1.302,16,0.1542,0.9587,False
Indonesian,QUIET,h,1.295,16,0.199,0.9587,False
Indonesian,SLOW,ɛ,-1.294,9,0.1542,0.9587,False
Indonesian,LOUD,l,1.292,10,0.4428,0.9587,False
Indonesian,QUIET,i,1.274,31,0.2239,0.9587,False
Indonesian,BRIGHT,a,-1.227,27,0.3035,0.9587,False
Indonesian,BIG,ɛ,1.153,8,0.3532,0.9587,False
Indonesian,BRIGHT,p,1.098,10,0.3532,0.9587,False
Indonesian,SLOW,a,-1.095,71,0.2388,0.9587,False
Indonesian,QUIET,ɛ,-1.09,6,0.3035,0.9587,False
Indonesian,ROUGH,t,1.078,6,0.5871,0.9587,False
Indonesian,FAST,k,-1.044,26,0.1592,0.9587,False
Indonesian,QUIET,p,-1.042,6,0.2786,0.9587,False
Indonesian,BRIGHT,ŋ,-1.035,3,0.3831,0.9587,False
Indonesian,QUIET,m,-1.01,8,0.2985,0.9587,False
Indonesian,SHARP,m,-0.996,16,0.1343,0.9587,False
Indonesian,SHARP,a,0.992,130,0.1791,0.9587,False
Indonesian,FAST,m,0.988,60,0.2189,0.9587,False
Indonesian,SLOW,t,-0.986,23,0.3134,0.9587,False
Indonesian,BIG,p,-0.98,3,0.408,0.9587,False
Indonesian,DARK,s,-0.98,15,0.199,0.9587,False
Indonesian,SHARP,ŋ,0.969,31,0.2139,0.9587,False
Indonesian,DARK,j,0.967,3,0.2537,0.9587,False
Indonesian,QUIET,r,0.965,26,0.3582,0.9587,False
Indonesian,ROUGH,u,-0.953,4,0.6617,0.9587,False
Indonesian,SLOW,ɡ,0.93,11,0.2886,0.9587,False
Indonesian,FAST,t,-0.902,30,0.204,0.9587,False
Indonesian,BIG,ə,-0.896,5,0.4527,0.9587,False
Indonesian,BRIGHT,b,0.896,12,0.4577,0.9587,False
Indonesian,SLOW,p,-0.853,12,0.2836,0.9587,False
Indonesian,LOUD,p,-0.853,3,0.5721,0.9587,False
Indonesian,BRIGHT,k,-0.842,9,0.5274,0.9587,False
Indonesian,SMOOTH,k,0.837,78,0.194,0.9587,False
Indonesian,SMOOTH,m,0.837,86,0.1891,0.9587,False
Indonesian,ROUND,p,0.835,33,0.2289,0.9587,False
Indonesian,SMOOTH,ɛ,-0.817,25,0.199,0.9587,False
Indonesian,SHARP,ə,-0.815,22,0.2438,0.9587,False
Indonesian,LOUD,u,-0.812,7,0.6716,0.9587,False
Indonesian,ROUND,b,-0.802,23,0.2836,0.9587,False
Indonesian,BRIGHT,ə,0.801,19,0.5423,0.9587,False
Indonesian,SHARP,b,-0.8,18,0.2935,0.9587,False
Indonesian,SMOOTH,l,-0.792,33,0.1642,0.9587,False
Indonesian,BIG,t,0.789,10,0.5821,0.9587,False
Indonesian,DARK,p,-0.789,14,0.2687,0.9587,False
Indonesian,SHARP,l,-0.788,19,0.2886,0.9587,False
Indonesian,SMOOTH,d͡ʒ,-0.788,9,0.199,0.9587,False
Indonesian,DARK,d,-0.776,8,0.2388,0.9587,False
Indonesian,SLOW,h,-0.776,7,0.3433,0.9587,False
Indonesian,SMOOTH,n,0.77,73,0.1642,0.9587,False
Indonesian,BIG,m,-0.752,5,0.6368,0.9587,False
Indonesian,BRIGHT,d,-0.732,3,0.5622,0.9587,False
Indonesian,QUIET,ŋ,-0.727,6,0.5124,0.9587,False
Indonesian,DARK,k,-0.721,27,0.3632,0.9587,False
Indonesian,SLOW,l,-0.719,18,0.4179,0.9587,False
Indonesian,BRIGHT,t,-0.71,10,0.5522,0.9587,False
Indonesian,BIG,r,-0.701,8,0.602,0.9587,False
Indonesian,FAST,d,-0.7,10,0.403,0.9587,False
Indonesian,QUIET,b,0.696,16,0.4527,0.9587,False
Indonesian,SMOOTH,a,0.683,213,0.194,0.9587,False
Indonesian,SMALL,ɡ,-0.675,4,0.3731,0.9587,False
Indonesian,SMALL,t,0.674,33,0.3433,0.9587,False
Indonesian,DARK,b,0.674,32,0.3532,0.9587,False
Indonesian,SMALL,w,0.666,3,0.4229,0.9587,False
Indonesian,ROUND,t,-0.666,36,0.3085,0.9587,False
Indonesian,SMOOTH,ə,0.656,87,0.209,0.9587,False
Indonesian,SMOOTH,o,-0.655,8,0.2537,0.9587,False
Indonesian,FAST,u,-0.648,38,0.3682,0.9587,False
Indonesian,SHARP,o,0.647,16,0.3532,0.9587,False
Indonesian,ROUND,d,-0.64,12,0.3582,0.9587,False
Indonesian,SLOW,n,0.632,37,0.4129,0.9587,False
Indonesian,QUIET,d͡ʒ,-0.623,3,0.5771,0.9587,False
Indonesian,SMOOTH,ɲ,0.621,11,0.2836,0.9587,False
Indonesian,ROUND,ɔ,0.619,4,0.2985,0.9587,False
Indonesian,ROUND,k,0.618,54,0.3731,0.9587,False
Indonesian,QUIET,s,-0.618,10,0.5274,0.9587,False
Indonesian,SMALL,m,-0.613,19,0.403,0.9587,False
Indonesian,LOUD,ŋ,-0.603,3,0.6667,0.9587,False
Indonesian,SMALL,d͡ʒ,-0.592,5,0.4677,0.9587,False
Indonesian,SMALL,u,-0.585,28,0.4826,0.9587,False
Indonesian,FAST,o,-0.584,6,0.3881,0.9587,False
Indonesian,SMOOTH,b,0.578,53,0.3333,0.9587,False
Indonesian,SMALL,ə,-0.573,22,0.5025,0.9587,False
Indonesian,BRIGHT,m,0.563,16,0.6468,0.9587,False
Indonesian,SLOW,i,-0.562,29,0.5274,0.9587,False
Indonesian,ROUND,r,-0.551,44,0.3881,0.9587,False
Indonesian,DARK,u,0.548,50,0.4577,0.9587,False
Indonesian,QUIET,k,0.545,21,0.607,0.9587,False
Indonesian,ROUND,ə,-0.533,35,0.4179,0.9587,False
Indonesian,ROUND,a,-0.53,118,0.3881,0.9587,False
Indonesian,DARK,a,0.524,121,0.4677,0.9587,False
Indonesian,SHARP,n,-0.52,31,0.4975,0.9587,False
Indonesian,QUIET,ɲ,0.52,3,0.6567,0.9587,False
Indonesian,QUIET,o,-0.505,3,0.597,0.9587,False
Indonesian,ROUND,d͡ʒ,0.504,14,0.4378,0.9587,False
Indonesian,ROUND,m,-0.502,32,0.4328,0.9587,False
Indonesian,SMALL,i,0.475,40,0.5871,0.9587,False
Indonesian,SLOW,r,-0.474,32,0.5821,0.9587,False
Indonesian,DARK,d͡ʒ,0.464,11,0.5423,0.9587,False
Indonesian,SMALL,l,-0.458,19,0.5323,0.9587,False
Indonesian,ROUND,u,0.455,61,0.5075,0.9587,False
Indonesian,SLOW,t͡ʃ,-0.454,3,0.602,0.9587,False
Indonesian,FAST,a,-0.429,109,0.5572,0.9587,False
Indonesian,SLOW,o,-0.425,6,0.607,0.9587,False
Indonesian,SHARP,u,-0.424,36,0.5721,0.9587,False
Indonesian,SHARP,d,-0.41,12,0.597,0.9587,False
Indonesian,DARK,o,-0.398,7,0.602,0.9587,False
Indonesian,SHARP,w,0.397,3,0.5522,0.9587,False
Indonesian,SMOOTH,p,0.379,39,0.5025,0.9587,False
Indonesian,FAST,ŋ,0.379,28,0.6617,0.9587,False
Indonesian,FAST,ɔ,0.379,3,0.5622,0.9587,False
Indonesian,DARK,ɛ,0.371,26,0.6169,0.9587,False
Indonesian,FAST,ɡ,0.366,11,0.5871,0.9587,False
Indonesian,SMALL,o,-0.351,6,0.6468,0.9587,False
Indonesian,ROUND,ɡ,0.327,12,0.6468,0.9587,False
Indonesian,SHARP,h,-0.316,13,0.6766,0.9587,False
Indonesian,ROUND,i,-0.308,46,0.6219,0.9587,False
Indonesian,FAST,ɛ,-0.307,22,0.6766,0.9587,False
Indonesian,SMOOTH,d,-0.304,23,0.6517,0.9587,False
Indonesian,SMALL,k,-0.295,26,0.6816,0.9587,False
Indonesian,FAST,p,-0.294,20,0.6716,0.9587,False
Indonesian,SMOOTH,ɡ,0.285,16,0.6269,0.9587,False
Indonesian,SMOOTH,s,0.282,56,0.6418,0.9587,False
Indonesian,FAST,s,0.281,37,0.6418,0.9587,False
Indonesian,DARK,i,0.263,46,0.6716,0.9587,False
Indonesian,BRIGHT,s,0.564,13,0.7015,0.9644,False
Indonesian,BIG,s,-0.563,5,0.7114,0.9644,False
Indonesian,BIG,k,-0.532,7,0.7114,0.9644,False
Indonesian,BIG,l,0.352,8,0.7164,0.9644,False
Indonesian,QUIET,ə,-0.315,16,0.7164,0.9644,False
Indonesian,SMOOTH,i,0.286,79,0.7065,0.9644,False
Indonesian,FAST,t͡ʃ,-0.266,5,0.7612,0.9644,False
Indonesian,SMALL,b,-0.248,19,0.7612,0.9644,False
Indonesian,SMALL,a,0.237,92,0.7761,0.9644,False
Indonesian,FAST,h,-0.237,16,0.7164,0.9644,False
Indonesian,DARK,l,0.234,32,0.7562,0.9644,False
Indonesian,SLOW,b,-0.231,21,0.7612,0.9644,False
Indonesian,SMALL,s,0.23,26,0.7264,0.9644,False
Indonesian,FAST,i,0.219,51,0.7811,0.9644,False
Indonesian,ROUND,s,0.217,40,0.6965,0.9644,False
Indonesian,DARK,ɡ,0.2,9,0.7761,0.9644,False
Indonesian,FAST,r,0.188,49,0.7164,0.9644,False
Indonesian,SHARP,d͡ʒ,-0.154,8,0.7612,0.9644,False
Indonesian,FAST,d͡ʒ,0.195,11,0.7861,0.9675,False
Indonesian,ROUGH,a,0.715,17,0.796,0.9704,False
Indonesian,DARK,t,-0.194,33,0.796,0.9704,False
Indonesian,FAST,b,0.191,31,0.791,0.9704,False
Indonesian,ROUGH,m,-0.682,3,0.8259,0.9815,False
Indonesian,LOUD,m,-0.424,6,0.8109,0.9815,False
Indonesian,LOUD,t,-0.359,7,0.8308,0.9815,False
Indonesian,BIG,ŋ,-0.325,4,0.8259,0.9815,False
Indonesian,SLOW,d͡ʒ,-0.219,7,0.8308,0.9815,False
Indonesian,DARK,h,0.171,19,0.8358,0.9815,False
Indonesian,SMALL,r,-0.163,32,0.8308,0.9815,False
Indonesian,FAST,ɲ,0.139,5,0.8209,0.9815,False
Indonesian,ROUGH,ə,-0.448,4,0.8856,1.0,False
Indonesian,ROUGH,b,-0.387,3,0.8806,1.0,False
Indonesian,ROUGH,r,-0.387,5,0.8856,1.0,False
Indonesian,BRIGHT,h,0.244,7,0.8756,1.0,False
Indonesian,BRIGHT,u,-0.209,14,0.8706,1.0,False
Indonesian,DARK,f,0.157,3,0.8607,1.0,False
Indonesian,DARK,n,-0.138,35,0.8557,1.0,False
Indonesian,SMALL,h,0.132,15,0.8657,1.0,False
Indonesian,BRIGHT,i,-0.125,14,0.9353,1.0,False
Indonesian,LOUD,ə,-0.118,8,0.9502,1.0,False
Indonesian,DARK,m,0.112,37,0.8706,1.0,False
Indonesian,SLOW,d,-0.109,14,0.9353,1.0,False
Indonesian,SLOW,u,0.099,39,0.9303,1.0,False
Indonesian,BRIGHT,ɡ,0.095,3,0.9403,1.0,False
Indonesian,ROUGH,n,0.095,5,0.9851,1.0,False
Indonesian,BRIGHT,n,0.08,13,0.9502,1.0,False
Indonesian,DARK,a͡ɪ,-0.079,3,0.9154,1.0,False
Indonesian,QUIET,l,-0.077,14,0.9204,1.0,False
Indonesian,FAST,n,-0.076,40,0.9104,1.0,False
Indonesian,LOUD,r,-0.076,9,0.9502,1.0,False
Indonesian,ROUND,ɛ,0.074,29,0.9403,1.0,False
Indonesian,SHARP,i,0.073,42,0.9204,1.0,False
Indonesian,SMALL,ŋ,-0.061,16,0.9502,1.0,False
Indonesian,QUIET,t,-0.059,17,0.9602,1.0,False
Indonesian,FAST,l,-0.057,32,0.9552,1.0,False
Indonesian,DARK,ŋ,0.045,21,0.9403,1.0,False
Indonesian,SMALL,n,-0.04,29,0.9701,1.0,False
Indonesian,QUIET,a,0.038,54,0.9652,1.0,False
Indonesian,SLOW,k,0.028,32,0.99,1.0,False
Indonesian,ROUGH,ɛ,-0.027,3,1.0,1.0,False
Indonesian,BIG,h,-0.023,4,0.99,1.0,False
Indonesian,LOUD,n,-0.019,8,0.99,1.0,False
Indonesian,SMOOTH,t͡ʃ,-0.014,10,0.9851,1.0,False
Indonesian,DARK,t͡ʃ,0.009,6,0.9851,1.0,False
Indonesian,LOUD,ɛ,0.006,5,0.995,1.0,False
Indonesian,SMOOTH,h,0.002,29,1.0,1.0,False
Irish,SMALL,ʒ,3.317,4,0.005,0.3847,False
Irish,BIG,b,2.952,9,0.005,0.3847,False
Irish,DARK,ɡʲ,2.829,7,0.005,0.3847,False
Irish,SLOW,c,2.825,10,0.005,0.3847,False
Irish,DARK,i͡ə,2.763,10,0.005,0.3847,False
Irish,QUIET,kʲ,2.638,11,0.005,0.3847,False
Irish,SLOW,ɪ,2.318,35,0.005,0.3847,False
Irish,SMOOTH,ɛ,1.974,22,0.005,0.3847,False
Irish,ROUND,k,1.555,47,0.005,0.3847,False
Irish,BIG,u,2.543,5,0.01,0.5327,False
Irish,SMALL,j,2.059,7,0.01,0.5327,False
Irish,ROUND,cʲ,2.6,5,0.0149,0.5771,False
Irish,BIG,ɑ,2.523,15,0.0149,0.5771,False
Irish,SLOW,ɡ,2.223,33,0.0149,0.5771,False
Irish,SHARP,k,1.804,38,0.0149,0.5771,False
Irish,SMALL,dʲ,1.794,10,0.0149,0.5771,False
Irish,FAST,χ,2.696,3,0.0199,0.6296,False
Irish,SLOW,ʊ,1.928,5,0.0199,0.6296,False
Irish,SMALL,ɹ,-1.897,5,0.0199,0.6296,False
Irish,SHARP,d͡ʒ,1.734,10,0.0199,0.6296,False
Irish,SLOW,a͡ɪ,2.258,9,0.0249,0.7214,False
Irish,BIG,p,2.33,5,0.0348,0.7695,False
Irish,BRIGHT,s,2.217,15,0.0348,0.7695,False
Irish,SHARP,w,2.173,4,0.0348,0.7695,False
Irish,DARK,w,1.974,3,0.0348,0.7695,False
Irish,SLOW,lʲ,1.492,12,0.0398,0.7695,False
Irish,DARK,t̪,-1.483,7,0.0398,0.7695,False
Irish,SMOOTH,ʃ,1.189,29,0.0398,0.7695,False
Irish,SMOOTH,e,1.044,26,0.0398,0.7695,False
Irish,SMOOTH,ɪ,1.413,60,0.0448,0.7791,False
Irish,FAST,k,-1.283,11,0.0448,0.7791,False
Irish,ROUGH,v,2.915,4,0.0498,0.787,False
Irish,FAST,i,1.428,28,0.0498,0.787,False
Irish,BRIGHT,u͡ə,1.604,4,0.0647,0.8657,False
Irish,FAST,nʲ,1.532,9,0.0647,0.8657,False
Irish,SHARP,ə,1.238,59,0.0647,0.8657,False
Irish,ROUND,lʲ,1.176,27,0.0597,0.8657,False
Irish,ROUND,i,1.175,41,0.0647,0.8657,False
Irish,SMOOTH,ɔ,1.15,27,0.0647,0.8657,False
Irish,SMOOTH,l,-1.02,19,0.0647,0.8657,False
Irish,SMOOTH,p,-0.908,3,0.0647,0.8657,False
Irish,QUIET,ɔ,1.508,12,0.0697,0.8814,False
Irish,ROUND,n,1.004,65,0.0697,0.8814,False
Irish,SMALL,e,1.241,19,0.0796,0.9082,False
Irish,FAST,d̪,1.213,14,0.0796,0.9082,False
Irish,ROUND,t͡ʃ,1.038,12,0.0746,0.9082,False
Irish,BIG,r,1.896,12,0.0945,0.9178,False
Irish,SMALL,t͡ʃ,1.239,8,0.1095,0.9178,False
Irish,SHARP,e,1.17,23,0.0995,0.9178,False
Irish,FAST,lʲ,-1.151,7,0.1045,0.9178,False
Irish,SMALL,ɔ,-1.08,6,0.0896,0.9178,False
Irish,ROUND,a,-1.056,7,0.1045,0.9178,False
Irish,ROUND,d̪,1.012,21,0.1095,0.9178,False
Irish,ROUND,t̪,-0.998,15,0.0846,0.9178,False
Irish,SHARP,p,0.979,16,0.0945,0.9178,False
Irish,SMOOTH,f,-0.943,8,0.0945,0.9178,False
Irish,SHARP,x,-0.922,9,0.1095,0.9178,False
Irish,ROUND,ɡ,-0.921,16,0.1045,0.9178,False
Irish,ROUGH,m,2.512,3,0.194,0.9234,False
Irish,LOUD,x,2.465,5,0.1244,0.9234,False
Irish,LOUD,n,2.447,7,0.1393,0.9234,False
Irish,LOUD,ɐ,2.163,7,0.2189,0.9234,False
Irish,BIG,l,1.558,10,0.1542,0.9234,False
Irish,BIG,ɹ,1.521,6,0.2189,0.9234,False
Irish,BRIGHT,n,-1.507,5,0.1443,0.9234,False
Irish,SLOW,ɹ,-1.465,5,0.1144,0.9234,False
Irish,QUIET,o,1.387,12,0.1244,0.9234,False
Irish,BRIGHT,o,1.307,8,0.1791,0.9234,False
Irish,BRIGHT,t̪,1.266,8,0.1841,0.9234,False
Irish,QUIET,f,1.187,10,0.1393,0.9234,False
Irish,QUIET,a͡ʊ,1.176,5,0.1891,0.9234,False
Irish,SLOW,ʃ,1.15,13,0.1592,0.9234,False
Irish,FAST,dʲ,1.134,8,0.1393,0.9234,False
Irish,SLOW,r,-1.11,13,0.1891,0.9234,False
Irish,QUIET,m,-1.081,4,0.1741,0.9234,False
Irish,FAST,ɪ,1.059,37,0.1542,0.9234,False
Irish,FAST,u,-1.054,3,0.1642,0.9234,False
Irish,DARK,ɹ,1.029,22,0.1493,0.9234,False
Irish,FAST,b,-1.029,3,0.1393,0.9234,False
Irish,SLOW,ə,-1.027,11,0.1692,0.9234,False
Irish,SMALL,d̪,1.018,13,0.1194,0.9234,False
Irish,SMALL,l,-1.017,13,0.1393,0.9234,False
Irish,SHARP,kʲ,1.014,13,0.1194,0.9234,False
Irish,DARK,d̪,1.011,13,0.1542,0.9234,False
Irish,SMOOTH,lʲ,-1.005,11,0.1343,0.9234,False
Irish,SMOOTH,ɡʲ,1.004,5,0.1343,0.9234,False
Irish,DARK,ɐ,0.994,40,0.1542,0.9234,False
Irish,SMALL,ɛ,0.99,11,0.194,0.9234,False
Irish,SMALL,u,0.985,13,0.1443,0.9234,False
Irish,DARK,ə,0.971,44,0.194,0.9234,False
Irish,FAST,ɔ,-0.92,7,0.2189,0.9234,False
Irish,SHARP,u͡ə,0.911,9,0.1642,0.9234,False
Irish,SHARP,ɐ,-0.9,17,0.1244,0.9234,False
Irish,SMOOTH,h,0.895,12,0.1393,0.9234,False
Irish,DARK,t͡ʃ,0.889,7,0.1891,0.9234,False
Irish,FAST,t͡ʃ,0.857,7,0.1841,0.9234,False
Irish,DARK,f,-0.847,6,0.1642,0.9234,False
Irish,SHARP,ɪ,-0.844,15,0.1592,0.9234,False
Irish,ROUND,x,-0.842,13,0.194,0.9234,False
Irish,SMALL,h,0.837,8,0.1592,0.9234,False
Irish,SMALL,ə,0.831,42,0.199,0.9234,False
Irish,SMALL,a,-0.824,6,0.2189,0.9234,False
Irish,SMOOTH,dʲ,0.806,10,0.1194,0.9234,False
Irish,SMALL,i,0.798,22,0.2139,0.9234,False
Irish,SMOOTH,ʊ,0.753,7,0.1642,0.9234,False
Irish,ROUND,dʲ,-0.744,3,0.2189,0.9234,False
Irish,SMOOTH,ɑ,-0.708,34,0.1891,0.9234,False
Irish,SMOOTH,ɐ,-0.706,24,0.194,0.9234,False
Irish,ROUND,v,-0.653,8,0.194,0.9234,False
Irish,BIG,ə,1.387,12,0.2736,0.9366,False
Irish,QUIET,i,1.005,14,0.2488,0.9366,False
Irish,BRIGHT,l,0.972,14,0.2985,0.9366,False
Irish,FAST,ɑ,-0.919,21,0.2537,0.9366,False
Irish,SLOW,ɐ,-0.914,9,0.2985,0.9366,False
Irish,DARK,ɑ,-0.896,21,0.2388,0.9366,False
Irish,QUIET,l,0.895,20,0.2388,0.9366,False
Irish,QUIET,ʊ,0.894,3,0.2637,0.9366,False
Irish,QUIET,ɡ,0.859,19,0.3134,0.9366,False
Irish,QUIET,ɪ,-0.858,7,0.2736,0.9366,False
Irish,FAST,s,0.847,24,0.2488,0.9366,False
Irish,DARK,k,-0.794,14,0.2985,0.9366,False
Irish,QUIET,lʲ,-0.766,5,0.3035,0.9366,False
Irish,QUIET,ɹ,0.765,12,0.3284,0.9366,False
Irish,SHARP,ɑ,-0.761,28,0.2338,0.9366,False
Irish,DARK,nʲ,0.742,6,0.3284,0.9366,False
Irish,SMALL,ɐ,-0.734,16,0.2985,0.9366,False
Irish,FAST,e,0.728,16,0.2537,0.9366,False
Irish,SMALL,n,0.716,37,0.2985,0.9366,False
Irish,DARK,s,-0.711,8,0.2736,0.9366,False
Irish,ROUND,s,0.709,36,0.2587,0.9366,False
Irish,FAST,a,-0.7,7,0.2786,0.9366,False
Irish,DARK,ɪ,-0.697,14,0.2985,0.9366,False
Irish,DARK,m,-0.684,10,0.3085,0.9366,False
Irish,SHARP,lʲ,-0.681,11,0.2836,0.9366,False
Irish,SMOOTH,ɡ,0.676,44,0.2488,0.9366,False
Irish,FAST,h,-0.676,3,0.3284,0.9366,False
Irish,DARK,r,-0.667,24,0.2935,0.9366,False
Irish,SMALL,d͡ʒ,0.654,5,0.3284,0.9366,False
Irish,ROUND,r,-0.652,39,0.2736,0.9366,False
Irish,SHARP,i͡ə,0.65,5,0.2537,0.9366,False
Irish,SMALL,k,-0.634,15,0.2935,0.9366,False
Irish,ROUND,j,0.616,6,0.3134,0.9366,False
Irish,SMOOTH,o,-0.616,12,0.3085,0.9366,False
Irish,SMOOTH,a,0.615,24,0.2587,0.9366,False
Irish,SHARP,a͡ʊ,0.595,8,0.3284,0.9366,False
Irish,SHARP,i,0.591,25,0.3234,0.9366,False
Irish,SHARP,s,0.582,26,0.2985,0.9366,False
Irish,SMOOTH,t͡ʃ,-0.581,4,0.3184,0.9366,False
Irish,ROUND,p,0.562,17,0.3234,0.9366,False
Irish,SMOOTH,r,0.555,53,0.3085,0.9366,False
Irish,SLOW,k,0.772,16,0.3333,0.9431,False
Irish,BIG,k,-1.038,3,0.3433,0.9444,False
Irish,QUIET,x,0.789,14,0.3383,0.9444,False
Irish,SMALL,f,-0.66,7,0.3383,0.9444,False
Irish,SHARP,h,-0.595,4,0.3383,0.9444,False
Irish,SHARP,ɡ,-0.555,18,0.3433,0.9444,False
Irish,BIG,lʲ,1.141,4,0.3532,0.9455,False
Irish,BRIGHT,r,0.924,16,0.3682,0.9455,False
Irish,QUIET,ɑ,-0.798,13,0.3483,0.9455,False
Irish,SLOW,u,-0.74,3,0.3632,0.9455,False
Irish,FAST,m,-0.701,10,0.3483,0.9455,False
Irish,FAST,ɐ,0.671,36,0.3532,0.9455,False
Irish,SHARP,t̪,0.628,21,0.3532,0.9455,False
Irish,SMOOTH,d,0.621,4,0.3582,0.9455,False
Irish,SHARP,ʃ,0.584,19,0.3682,0.9455,False
Irish,FAST,v,-0.572,6,0.3632,0.9455,False
Irish,SMALL,m,-0.557,11,0.3682,0.9455,False
Irish,SMALL,ɪ,-0.539,16,0.3582,0.9455,False
Irish,SHARP,a,-0.538,10,0.3682,0.9455,False
Irish,SMALL,x,-0.536,11,0.3682,0.9455,False
Irish,ROUND,ʊ,-0.508,3,0.3582,0.9455,False
Irish,BRIGHT,p,0.902,5,0.3731,0.9466,False
Irish,QUIET,ʃ,-0.794,3,0.3731,0.9466,False
Irish,QUIET,a,0.704,10,0.3781,0.9466,False
Irish,BIG,m,1.171,6,0.3831,0.9489,False
Irish,FAST,i͡ə,0.617,4,0.3831,0.9489,False
Irish,ROUND,ɑ,0.498,61,0.3831,0.9489,False
Irish,BIG,n,-1.138,4,0.393,0.9598,False
Irish,FAST,t̪,0.587,17,0.393,0.9598,False
Irish,FAST,u͡ə,0.566,6,0.393,0.9598,False
Irish,ROUND,f,-0.47,13,0.393,0.9598,False
Irish,BRIGHT,v,0.818,9,0.398,0.9652,False
Irish,BRIGHT,x,-0.899,3,0.4179,0.9893,False
Irish,BRIGHT,f,0.806,6,0.4179,0.9893,False
Irish,ROUND,ɪ,-0.437,28,0.4129,0.9893,False
Irish,SLOW,b,-0.674,4,0.4229,0.9926,False
Irish,SHARP,ɛ,-0.517,6,0.4279,0.9926,False
Irish,SMOOTH,j,0.487,5,0.4279,0.9926,False
Irish,QUIET,d͡ʒ,0.692,3,0.4577,0.997,False
Irish,QUIET,e,-0.688,4,0.4478,0.997,False
Irish,SLOW,v,-0.564,4,0.4428,0.997,False
Irish,SLOW,ɔ,0.537,10,0.4577,0.997,False
Irish,SMALL,r,0.536,36,0.4328,0.997,False
Irish,SMOOTH,x,-0.473,17,0.4378,0.997,False
Irish,SHARP,ɔ,0.447,18,0.4378,0.997,False
Irish,SMOOTH,ə,-0.438,36,0.4378,0.997,False
Irish,SMALL,t̪,0.43,16,0.4577,0.997,False
Irish,SMOOTH,a͡ɪ,0.426,8,0.4527,0.997,False
Irish,ROUND,kʲ,0.41,12,0.4328,0.997,False
Irish,LOUD,a,1.676,3,0.4826,1.0,False
Irish,ROUGH,ɑ,1.302,4,0.607,1.0,False
Irish,LOUD,r,0.943,5,0.6318,1.0,False
Irish,LOUD,k,0.776,3,0.7164,1.0,False
Irish,BIG,o,0.75,4,0.5622,1.0,False
Irish,LOUD,l,0.714,4,0.6915,1.0,False
Irish,BRIGHT,m,-0.685,4,0.5373,1.0,False
Irish,ROUGH,ɐ,0.676,3,0.8159,1.0,False
Irish,BRIGHT,ɡ,0.666,12,0.5423,1.0,False
Irish,BRIGHT,ɹ,-0.61,5,0.5572,1.0,False
Irish,BRIGHT,ə,-0.595,9,0.5721,1.0,False
Irish,FAST,c,0.595,6,0.4677,1.0,False
Irish,BRIGHT,ɔ,0.526,6,0.6368,1.0,False
Irish,QUIET,d̪,-0.515,4,0.5622,1.0,False
Irish,SLOW,m,0.509,13,0.5423,1.0,False
Irish,QUIET,r,-0.509,15,0.5174,1.0,False
Irish,BRIGHT,b,-0.503,3,0.6169,1.0,False
Irish,SLOW,i,-0.499,7,0.5124,1.0,False
Irish,FAST,l,-0.498,19,0.4925,1.0,False
Irish,QUIET,v,-0.496,4,0.5423,1.0,False
Irish,SLOW,a͡ʊ,0.47,4,0.5871,1.0,False
Irish,SMALL,a͡ʊ,0.468,6,0.4876,1.0,False
Irish,FAST,ɛ,0.468,9,0.4975,1.0,False
Irish,SLOW,n,-0.46,16,0.592,1.0,False
Irish,QUIET,ɐ,0.447,19,0.5771,1.0,False
Irish,SLOW,s,0.437,13,0.592,1.0,False
Irish,QUIET,t̪,-0.436,7,0.6866,1.0,False
Irish,SHARP,ʊ,0.431,5,0.4975,1.0,False
Irish,SMALL,ʊ,0.417,4,0.5672,1.0,False
Irish,BRIGHT,a,0.417,6,0.6816,1.0,False
Irish,DARK,ʊ,0.413,4,0.597,1.0,False
Irish,SHARP,t͡ʃ,-0.41,4,0.6119,1.0,False
Irish,SLOW,a,-0.407,6,0.602,1.0,False
Irish,DARK,p,-0.397,5,0.5572,1.0,False
Irish,SHARP,m,0.388,23,0.5522,1.0,False
Irish,DARK,a͡ʊ,-0.378,3,0.5572,1.0,False
Irish,SMOOTH,kʲ,-0.378,5,0.5025,1.0,False
Irish,FAST,ʃ,0.377,14,0.5771,1.0,False
Irish,SHARP,n,-0.371,31,0.5174,1.0,False
Irish,DARK,c,0.371,5,0.5771,1.0,False
Irish,FAST,ə,-0.364,26,0.6169,1.0,False
Irish,FAST,x,0.362,20,0.5622,1.0,False
Irish,ROUGH,ə,0.359,3,0.9154,1.0,False
Irish,BRIGHT,ɑ,-0.358,11,0.7711,1.0,False
Irish,SMOOTH,t̪,-0.357,18,0.4776,1.0,False
Irish,SMALL,ɑ,0.356,36,0.5672,1.0,False
Irish,SMOOTH,n,-0.347,37,0.5522,1.0,False
Irish,SLOW,x,0.343,13,0.6617,1.0,False
Irish,SHARP,b,-0.341,11,0.6119,1.0,False
Irish,ROUND,ɛ,-0.34,9,0.5423,1.0,False
Irish,SLOW,e,-0.34,6,0.7015,1.0,False
Irish,BIG,t̪,-0.333,3,0.7413,1.0,False
Irish,DARK,o,-0.323,10,0.6468,1.0,False
Irish,SHARP,r,-0.321,34,0.5721,1.0,False
Irish,SMOOTH,c,0.319,7,0.5274,1.0,False
Irish,QUIET,s,-0.319,7,0.7214,1.0,False
Irish,FAST,n,-0.316,26,0.6517,1.0,False
Irish,ROUND,i͡ə,0.315,5,0.5871,1.0,False
Irish,SHARP,f,-0.315,11,0.6119,1.0,False
Irish,ROUND,u͡ə,-0.312,4,0.5672,1.0,False
Irish,FAST,o,0.3,14,0.6517,1.0,False
Irish,ROUND,b,-0.295,15,0.5075,1.0,False
Irish,QUIET,n,0.295,19,0.7861,1.0,False
Irish,DARK,lʲ,0.294,13,0.6617,1.0,False
Irish,SMOOTH,m,0.288,26,0.6119,1.0,False
Irish,SMOOTH,ɹ,-0.286,21,0.5672,1.0,False
Irish,FAST,r,0.285,34,0.6418,1.0,False
Irish,SMALL,i͡ə,0.283,3,0.6219,1.0,False
Irish,FAST,d͡ʒ,0.281,4,0.6567,1.0,False
Irish,BRIGHT,i,-0.278,5,0.796,1.0,False
Irish,DARK,v,0.274,16,0.6965,1.0,False
Irish,DARK,ʃ,-0.271,9,0.7264,1.0,False
Irish,SMALL,ʃ,-0.269,9,0.7164,1.0,False
Irish,BRIGHT,d̪,0.268,4,0.8259,1.0,False
Irish,SLOW,ɑ,-0.266,19,0.7662,1.0,False
Irish,SMOOTH,v,-0.265,14,0.6468,1.0,False
Irish,SLOW,f,0.263,8,0.7612,1.0,False
Irish,SLOW,l,0.257,18,0.7015,1.0,False
Irish,SMALL,b,0.255,14,0.7313,1.0,False
Irish,BRIGHT,k,-0.252,7,0.7861,1.0,False
Irish,DARK,l,0.25,27,0.6866,1.0,False
Irish,FAST,ɡ,0.247,25,0.7363,1.0,False
Irish,QUIET,ə,-0.245,16,0.7512,1.0,False
Irish,SHARP,nʲ,-0.238,3,0.6667,1.0,False
Irish,ROUND,d͡ʒ,-0.236,4,0.6716,1.0,False
Irish,DARK,u,-0.236,7,0.7413,1.0,False
Irish,ROUND,m,-0.232,22,0.6667,1.0,False
Irish,SLOW,ɛ,-0.232,4,0.8109,1.0,False
Irish,ROUND,u,0.228,15,0.7363,1.0,False
Irish,FAST,f,0.228,12,0.7512,1.0,False
Irish,SMALL,p,-0.221,6,0.7363,1.0,False
Irish,SLOW,p,-0.22,4,0.7463,1.0,False
Irish,SMOOTH,b,0.215,20,0.6915,1.0,False
Irish,SMOOTH,s,-0.214,19,0.6965,1.0,False
Irish,QUIET,k,0.212,12,0.8358,1.0,False
Irish,SMALL,s,-0.211,13,0.7811,1.0,False
Irish,FAST,ɹ,-0.211,15,0.7662,1.0,False
Irish,ROUND,c,0.208,7,0.7015,1.0,False
Irish,ROUND,ɹ,-0.201,24,0.7512,1.0,False
Irish,SHARP,d̪,0.195,12,0.7562,1.0,False
Irish,SMALL,v,0.193,15,0.7164,1.0,False
Irish,ROUND,e,0.191,20,0.7264,1.0,False
Irish,SHARP,v,-0.187,13,0.7662,1.0,False
Irish,ROUND,ŋ,-0.183,3,0.7761,1.0,False
Irish,DARK,x,0.183,18,0.7463,1.0,False
Irish,DARK,u͡ə,-0.178,3,0.8259,1.0,False
Irish,BIG,ɪ,-0.174,5,0.8905,1.0,False
Irish,SMOOTH,d̪,-0.172,12,0.791,1.0,False
Irish,ROUND,a͡ʊ,0.171,8,0.8408,1.0,False
Irish,ROUND,o,0.167,21,0.7562,1.0,False
Irish,DARK,n,0.167,31,0.8507,1.0,False
Irish,SLOW,kʲ,-0.164,3,0.801,1.0,False
Irish,ROUND,l,0.16,42,0.7512,1.0,False
Irish,BRIGHT,ɪ,0.159,10,0.8806,1.0,False
Irish,SMOOTH,nʲ,-0.152,4,0.7761,1.0,False
Irish,SHARP,u,0.147,11,0.8408,1.0,False
Irish,DARK,a,0.142,13,0.8209,1.0,False
Irish,BRIGHT,u,-0.136,3,0.9353,1.0,False
Irish,DARK,e,0.13,12,0.8209,1.0,False
Irish,BRIGHT,ɛ,0.129,3,0.9104,1.0,False
Irish,SMOOTH,u,-0.129,11,0.8159,1.0,False
Irish,ROUND,ə,0.112,52,0.8308,1.0,False
Irish,FAST,a͡ʊ,-0.112,4,0.8806,1.0,False
Irish,DARK,i,-0.108,14,0.8706,1.0,False
Irish,ROUND,ʃ,0.101,19,0.9055,1.0,False
Irish,SLOW,t̪,-0.098,9,0.8756,1.0,False
Irish,DARK,b,-0.096,11,0.8955,1.0,False
Irish,BRIGHT,ɐ,-0.089,10,0.9303,1.0,False
Irish,SHARP,a͡ɪ,-0.083,4,0.9204,1.0,False
Irish,ROUND,h,-0.08,8,0.8706,1.0,False
Irish,SMALL,nʲ,-0.079,3,0.9303,1.0,False
Irish,DARK,dʲ,-0.078,4,0.9154,1.0,False
Irish,QUIET,u,0.074,5,0.9502,1.0,False
Irish,SHARP,l,-0.073,29,0.8806,1.0,False
Irish,SMALL,kʲ,-0.066,5,0.9055,1.0,False
Irish,DARK,h,-0.066,5,0.9303,1.0,False
Irish,SMALL,lʲ,0.062,12,0.9204,1.0,False
Irish,ROUND,nʲ,-0.054,5,0.9303,1.0,False
Irish,SHARP,j,0.051,3,0.9453,1.0,False
Irish,ROUND,ɔ,-0.05,19,0.9104,1.0,False
Irish,DARK,ɡ,-0.044,21,0.9204,1.0,False
Irish,SMALL,ɡ,0.039,22,0.9552,1.0,False
Irish,QUIET,h,-0.03,3,0.9851,1.0,False
Irish,LOUD,ɑ,0.028,4,0.995,1.0,False
Irish,SHARP,o,0.023,15,0.99,1.0,False
Irish,SHARP,ɹ,0.023,20,0.9851,1.0,False
Irish,ROUND,ɐ,-0.015,42,0.9851,1.0,False
Irish,SMOOTH,i,0.01,22,0.995,1.0,False
Irish,DARK,ɔ,-0.008,12,1.0,1.0,False
Irish,DARK,ɛ,0.008,7,0.9801,1.0,False
Irish,SMOOTH,k,0.008,28,0.9851,1.0,False
Irish,SMALL,o,0.007,12,0.995,1.0,False
Italian,ROUND,ŋ,3.14,8,0.005,0.2866,False
Italian,SHARP,t͡s,2.874,13,0.005,0.2866,False
Italian,SHARP,ʃ,2.593,6,0.01,0.2866,False
Italian,QUIET,n,2.469,34,0.01,0.2866,False
Italian,SMALL,a,-2.303,43,0.005,0.2866,False
Italian,SMALL,d,2.225,31,0.005,0.2866,False
Italian,SMALL,o,2.176,109,0.01,0.2866,False
Italian,DARK,b,2.151,20,0.01,0.2866,False
Italian,SMALL,ɪ,2.102,13,0.005,0.2866,False
Italian,SLOW,s,2.012,36,0.01,0.2866,False
Italian,FAST,m,1.955,35,0.005,0.2866,False
Italian,SLOW,o,-1.936,22,0.01,0.2866,False
Italian,ROUND,k,1.861,62,0.01,0.2866,False
Italian,SMALL,p,1.856,31,0.01,0.2866,False
Italian,SMALL,s,1.817,34,0.01,0.2866,False
Italian,LOUD,z,2.904,3,0.0149,0.3793,False
Italian,ROUGH,i,2.793,16,0.0149,0.3793,False
Italian,ROUND,a,1.561,178,0.0249,0.5117,False
Italian,SMOOTH,w,1.519,9,0.0249,0.5117,False
Italian,SMOOTH,p,1.385,46,0.0249,0.5117,False
Italian,BIG,ɡ,2.876,4,0.0348,0.521,False
Italian,LOUD,ʊ,2.751,5,0.0299,0.521,False
Italian,BRIGHT,d͡ʒ,2.102,8,0.0398,0.521,False
Italian,QUIET,s͡s,2.019,5,0.0398,0.521,False
Italian,QUIET,ɔ,1.986,10,0.0398,0.521,False
Italian,SLOW,e,1.884,112,0.0348,0.521,False
Italian,DARK,d͡ʒ,1.673,13,0.0398,0.521,False
Italian,FAST,l,-1.621,14,0.0398,0.521,False
Italian,SMOOTH,e,1.368,160,0.0398,0.521,False
Italian,SMOOTH,s͡s,1.316,11,0.0299,0.521,False
Italian,ROUND,t,1.298,89,0.0348,0.521,False
Italian,SMOOTH,a,-1.287,97,0.0299,0.521,False
Italian,SLOW,r,1.738,108,0.0448,0.5228,False
Italian,SLOW,ɾ,1.467,6,0.0448,0.5228,False
Italian,SMOOTH,u,-1.244,5,0.0448,0.5228,False
Italian,ROUND,e,-1.192,58,0.0448,0.5228,False
Italian,BRIGHT,k,-1.773,5,0.0547,0.6062,False
Italian,SHARP,w,1.489,5,0.0547,0.6062,False
Italian,SHARP,ɛ,1.489,19,0.0647,0.6815,False
Italian,SMOOTH,l,-1.185,30,0.0647,0.6815,False
Italian,SMALL,j,1.437,13,0.0697,0.6998,False
Italian,SMOOTH,ɛ,1.059,30,0.0746,0.7008,False
Italian,ROUGH,t͡ʃ,2.228,4,0.0796,0.7018,False
Italian,QUIET,j,1.599,8,0.0796,0.7018,False
Italian,SMALL,ɲ,1.486,4,0.0846,0.7164,False
Italian,ROUGH,v,2.421,6,0.0945,0.7562,False
Italian,SHARP,l,1.308,52,0.0945,0.7562,False
Italian,SMALL,t,1.253,52,0.0945,0.7562,False
Italian,LOUD,f,2.346,4,0.1144,0.7605,False
Italian,BRIGHT,b,1.571,9,0.1045,0.7605,False
Italian,SLOW,ʃ,1.283,4,0.1045,0.7605,False
Italian,SHARP,r,-1.213,35,0.1144,0.7605,False
Italian,SMALL,l,-1.207,18,0.1144,0.7605,False
Italian,SMALL,e,-1.2,34,0.1095,0.7605,False
Italian,FAST,u,-1.189,4,0.1144,0.7605,False
Italian,DARK,t,-1.075,26,0.0995,0.7605,False
Italian,FAST,ɾ,1.064,6,0.1144,0.7605,False
Italian,QUIET,m,1.428,15,0.1194,0.7815,False
Italian,QUIET,p,-1.243,7,0.1493,0.8344,False
Italian,SLOW,l,-1.157,19,0.1443,0.8344,False
Italian,FAST,ɲ,1.12,4,0.1642,0.8344,False
Italian,SMALL,r,-1.085,41,0.1642,0.8344,False
Italian,SMALL,f,-1.078,5,0.1642,0.8344,False
Italian,DARK,j,1.069,11,0.1393,0.8344,False
Italian,FAST,f,1.058,20,0.1493,0.8344,False
Italian,FAST,t͡s,1.022,8,0.1642,0.8344,False
Italian,FAST,k,-0.94,19,0.1542,0.8344,False
Italian,ROUND,t͡ʃ,0.895,22,0.1542,0.8344,False
Italian,ROUND,s,-0.88,21,0.1592,0.8344,False
Italian,ROUND,r,-0.844,79,0.1443,0.8344,False
Italian,SMOOTH,t,-0.826,48,0.1642,0.8344,False
Italian,SLOW,k,1.057,31,0.1791,0.8597,False
Italian,DARK,e,-1.003,38,0.1791,0.8597,False
Italian,ROUND,p,-0.801,25,0.1741,0.8597,False
Italian,SMOOTH,v,0.781,29,0.1791,0.8597,False
Italian,ROUGH,n,-1.728,3,0.2438,0.8706,False
Italian,BRIGHT,d,-1.268,4,0.2488,0.8706,False
Italian,QUIET,f,1.156,10,0.199,0.8706,False
Italian,BRIGHT,r,1.142,48,0.2537,0.8706,False
Italian,QUIET,i,-1.059,15,0.2338,0.8706,False
Italian,SHARP,p,1.051,24,0.199,0.8706,False
Italian,BRIGHT,n,-1.017,12,0.3085,0.8706,False
Italian,BRIGHT,e,1.011,46,0.3134,0.8706,False
Italian,SLOW,n,-0.967,24,0.2438,0.8706,False
Italian,BRIGHT,v,0.966,10,0.3134,0.8706,False
Italian,FAST,e,0.92,104,0.199,0.8706,False
Italian,SLOW,ɔ,-0.911,3,0.2388,0.8706,False
Italian,DARK,o,0.9,80,0.2139,0.8706,False
Italian,FAST,i,0.884,67,0.2289,0.8706,False
Italian,SHARP,v,-0.881,3,0.2289,0.8706,False
Italian,FAST,ʊ,-0.871,4,0.2886,0.8706,False
Italian,DARK,l,0.828,48,0.2289,0.8706,False
Italian,ROUND,b,-0.823,8,0.1841,0.8706,False
Italian,DARK,i,-0.808,29,0.2886,0.8706,False
Italian,SLOW,a,0.803,94,0.2587,0.8706,False
Italian,SLOW,t,-0.8,30,0.3035,0.8706,False
Italian,SHARP,f,-0.799,6,0.3134,0.8706,False
Italian,SHARP,s,-0.798,12,0.3035,0.8706,False
Italian,DARK,u,0.786,13,0.2189,0.8706,False
Italian,DARK,ɔ,0.778,11,0.3134,0.8706,False
Italian,ROUND,l,0.777,82,0.1891,0.8706,False
Italian,FAST,b,-0.77,6,0.2637,0.8706,False
Italian,DARK,ʊ,-0.766,4,0.2985,0.8706,False
Italian,SMOOTH,f,-0.762,11,0.194,0.8706,False
Italian,DARK,a,0.761,90,0.2886,0.8706,False
Italian,SLOW,m,-0.758,12,0.3035,0.8706,False
Italian,SMOOTH,i,-0.752,50,0.2289,0.8706,False
Italian,ROUND,d,-0.746,19,0.2488,0.8706,False
Italian,SMOOTH,ʊ,-0.741,7,0.2289,0.8706,False
Italian,SHARP,ʊ,-0.732,4,0.3134,0.8706,False
Italian,ROUND,ɛ,0.718,28,0.2488,0.8706,False
Italian,DARK,r,-0.69,49,0.3184,0.8706,False
Italian,ROUND,u,-0.682,10,0.2438,0.8706,False
Italian,SMOOTH,r,0.674,134,0.2786,0.8706,False
Italian,SMOOTH,m,0.641,34,0.3184,0.8706,False
Italian,DARK,t͡ʃ,0.622,11,0.3184,0.8706,False
Italian,SMOOTH,d,0.599,33,0.2985,0.8706,False
Italian,BRIGHT,ʊ,1.066,9,0.3532,0.8814,False
Italian,BRIGHT,t͡ʃ,0.984,7,0.3532,0.8814,False
Italian,BRIGHT,o,-0.955,22,0.3632,0.8814,False
Italian,QUIET,t,0.902,28,0.3632,0.8814,False
Italian,SHARP,k,0.737,26,0.3433,0.8814,False
Italian,SMALL,u,0.724,13,0.3333,0.8814,False
Italian,SMALL,s͡s,0.671,5,0.3333,0.8814,False
Italian,DARK,ɾ,0.671,4,0.3483,0.8814,False
Italian,FAST,ɔ,-0.666,5,0.3383,0.8814,False
Italian,ROUND,n,0.595,67,0.3433,0.8814,False
Italian,SMALL,v,-0.566,6,0.3433,0.8814,False
Italian,SMOOTH,b,-0.56,10,0.3582,0.8814,False
Italian,FAST,r,0.556,95,0.3632,0.8814,False
Italian,LOUD,u,1.669,3,0.4129,0.882,False
Italian,ROUGH,t,1.375,10,0.393,0.882,False
Italian,ROUGH,u,1.318,3,0.4328,0.882,False
Italian,QUIET,d,-0.879,6,0.3831,0.882,False
Italian,BRIGHT,t,-0.857,15,0.4179,0.882,False
Italian,BRIGHT,m,-0.798,6,0.4129,0.882,False
Italian,QUIET,ɛ,-0.759,5,0.4229,0.882,False
Italian,SMALL,ɔ,0.724,11,0.3731,0.882,False
Italian,QUIET,r,-0.703,29,0.4328,0.882,False
Italian,DARK,ɛ,0.694,16,0.408,0.882,False
Italian,SLOW,j,-0.692,3,0.3831,0.882,False
Italian,SMALL,b,-0.581,6,0.4328,0.882,False
Italian,SHARP,b,0.542,11,0.4229,0.882,False
Italian,ROUND,ɡ,0.525,17,0.4129,0.882,False
Italian,SMOOTH,ʃ,0.514,4,0.398,0.882,False
Italian,ROUND,m,-0.49,23,0.408,0.882,False
Italian,ROUND,j,-0.445,7,0.4279,0.882,False
Italian,ROUND,o,0.431,122,0.4279,0.882,False
Italian,FAST,o,-0.565,61,0.4428,0.898,False
Italian,SMALL,m,0.518,20,0.4527,0.9055,False
Italian,SMALL,ʊ,-0.504,6,0.4527,0.9055,False
Italian,BIG,t,-1.343,4,0.4627,0.9183,False
Italian,DARK,n,-0.476,28,0.4677,0.9183,False
Italian,SMOOTH,j,-0.413,7,0.4677,0.9183,False
Italian,SLOW,t͡ʃ,-0.545,4,0.4726,0.9239,False
Italian,SHARP,t,-0.527,30,0.4776,0.9252,False
Italian,FAST,t͡ʃ,-0.51,5,0.4826,0.9266,False
Italian,LOUD,r,1.229,16,0.5025,0.9357,False
Italian,ROUGH,r,-1.013,8,0.4975,0.9357,False
Italian,SMOOTH,d͡ʒ,0.486,12,0.5025,0.9357,False
Italian,BIG,d,1.129,4,0.5274,0.9503,False
Italian,QUIET,a,0.593,52,0.5274,0.9503,False
Italian,SLOW,i,-0.492,35,0.5323,0.9503,False
Italian,DARK,w,0.448,3,0.5323,0.9503,False
Italian,SMALL,n,0.445,38,0.5323,0.9503,False
Italian,BIG,l,1.101,9,0.5821,0.9509,False
Italian,BRIGHT,u,-0.701,3,0.5373,0.9509,False
Italian,BRIGHT,a,-0.644,36,0.5771,0.9509,False
Italian,BRIGHT,f,-0.577,4,0.597,0.9509,False
Italian,FAST,ɛ,-0.498,12,0.5473,0.9509,False
Italian,SHARP,e,-0.47,48,0.5423,0.9509,False
Italian,SLOW,ʊ,0.438,13,0.592,0.9509,False
Italian,FAST,j,-0.437,5,0.5572,0.9509,False
Italian,SMALL,k,0.433,26,0.5423,0.9509,False
Italian,SHARP,m,-0.402,13,0.5871,0.9509,False
Italian,SLOW,d͡ʒ,0.402,7,0.592,0.9509,False
Italian,FAST,s,0.382,27,0.5721,0.9509,False
Italian,SMALL,t͡ʃ,-0.377,5,0.597,0.9509,False
Italian,ROUND,f,-0.373,15,0.5821,0.9509,False
Italian,FAST,a,-0.36,89,0.6119,0.9509,False
Italian,ROUND,ʊ,-0.356,12,0.602,0.9509,False
Italian,SHARP,z,0.354,6,0.6119,0.9509,False
Italian,FAST,d͡ʒ,0.353,8,0.6119,0.9509,False
Italian,SMOOTH,ɔ,0.352,15,0.5572,0.9509,False
Italian,ROUND,ɪ,-0.334,5,0.5821,0.9509,False
Italian,QUIET,b,-0.415,4,0.6219,0.9569,False
Italian,SLOW,ɪ,0.387,6,0.6368,0.9586,False
Italian,FAST,ɪ,0.365,7,0.6368,0.9586,False
Italian,QUIET,v,-0.465,4,0.6468,0.9601,False
Italian,DARK,f,-0.306,9,0.6418,0.9601,False
Italian,SHARP,o,0.317,64,0.6517,0.9609,False
Italian,BIG,ɛ,0.954,3,0.6617,0.9657,False
Italian,DARK,k,-0.312,20,0.6617,0.9657,False
Italian,ROUND,d͡ʒ,-0.268,6,0.6617,0.9657,False
Italian,LOUD,o,0.67,13,0.6716,0.9672,False
Italian,FAST,v,0.276,16,0.6816,0.975,False
Italian,ROUND,ʎ,-0.238,3,0.6816,0.975,False
Italian,LOUD,t,0.831,8,0.6866,0.9756,False
Italian,LOUD,i,-0.812,5,0.6866,0.9756,False
Italian,FAST,ɡ,-0.34,6,0.6915,0.9763,False
Italian,ROUND,t͡s,0.245,6,0.6965,0.9769,False
Italian,QUIET,l,-0.36,18,0.7065,0.9782,False
Italian,LOUD,l,0.714,8,0.7214,0.9812,False
Italian,ROUGH,k,0.523,5,0.7313,0.9812,False
Italian,BRIGHT,l,0.396,22,0.7264,0.9812,False
Italian,SHARP,ɡ,0.295,8,0.7313,0.9812,False
Italian,ROUND,ɲ,0.261,3,0.7114,0.9812,False
Italian,ROUND,i,-0.248,65,0.7214,0.9812,False
Italian,ROUGH,e,-0.637,9,0.7413,0.9823,False
Italian,DARK,m,0.273,18,0.7413,0.9823,False
Italian,FAST,t,-0.23,43,0.7363,0.9823,False
Italian,ROUND,ɔ,0.166,14,0.7463,0.9859,False
Italian,SMOOTH,t͡s,-0.178,3,0.7512,0.9894,False
Italian,BIG,o,-0.726,8,0.7562,0.99,False
Italian,SMOOTH,t͡ʃ,0.19,14,0.7562,0.99,False
Italian,QUIET,k,-0.29,12,0.7612,0.9905,False
Italian,SHARP,n,0.233,33,0.7612,0.9905,False
Italian,SMALL,i,0.183,45,0.7662,0.9939,False
Italian,BIG,a,0.557,15,0.8109,0.9947,False
Italian,ROUGH,s,-0.429,3,0.8358,0.9947,False
Italian,LOUD,e,-0.422,9,0.8358,0.9947,False
Italian,ROUGH,l,0.404,8,0.8209,0.9947,False
Italian,BRIGHT,ɔ,-0.334,3,0.7761,0.9947,False
Italian,BRIGHT,i,0.274,24,0.791,0.9947,False
Italian,DARK,z,0.269,6,0.7761,0.9947,False
Italian,SLOW,z,-0.228,4,0.796,0.9947,False
Italian,FAST,d,0.198,21,0.8259,0.9947,False
Italian,DARK,d,0.184,17,0.801,0.9947,False
Italian,SHARP,d,0.181,16,0.8259,0.9947,False
Italian,SLOW,f,0.176,12,0.8358,0.9947,False
Italian,ROUND,v,-0.171,16,0.806,0.9947,False
Italian,ROUND,ʃ,0.17,3,0.8358,0.9947,False
Italian,SHARP,j,-0.168,5,0.8109,0.9947,False
Italian,SHARP,a,0.164,76,0.8109,0.9947,False
Italian,DARK,v,0.156,12,0.8308,0.9947,False
Italian,SMOOTH,s,-0.137,30,0.8109,0.9947,False
Italian,DARK,p,0.136,20,0.8358,0.9947,False
Italian,ROUND,w,-0.127,3,0.8308,0.9947,False
Italian,SMOOTH,n,-0.109,53,0.8159,0.9947,False
Italian,BRIGHT,ɛ,-0.199,6,0.8408,0.9951,False
Italian,ROUGH,p,0.276,4,0.8458,0.9983,False
Italian,ROUGH,o,-0.447,10,0.8756,1.0,False
Italian,ROUGH,a,0.336,16,0.8905,1.0,False
Italian,BIG,r,0.21,12,0.9204,1.0,False
Italian,BIG,s,-0.207,3,0.8955,1.0,False
Italian,BIG,n,0.203,6,0.9453,1.0,False
Italian,LOUD,n,0.203,6,0.9154,1.0,False
Italian,QUIET,u,0.194,6,0.8706,1.0,False
Italian,BIG,e,-0.184,10,0.9204,1.0,False
Italian,LOUD,a,-0.181,13,0.9055,1.0,False
Italian,SLOW,ɡ,-0.18,6,0.8657,1.0,False
Italian,SMALL,ɡ,0.176,8,0.8756,1.0,False
Italian,BIG,m,0.17,3,0.9403,1.0,False
Italian,FAST,n,0.148,42,0.8806,1.0,False
Italian,SHARP,ʎ,0.138,3,0.8557,1.0,False
Italian,SMOOTH,ɪ,0.136,8,0.8557,1.0,False
Italian,BRIGHT,ɡ,0.131,4,0.9303,1.0,False
Italian,BIG,k,0.123,4,0.9453,1.0,False
Italian,SMOOTH,o,0.093,106,0.8657,1.0,False
Italian,QUIET,ʊ,0.091,6,0.9154,1.0,False
Italian,SHARP,u,0.086,9,0.9204,1.0,False
Italian,SHARP,i,0.083,40,0.9502,1.0,False
Italian,FAST,p,-0.078,23,0.9104,1.0,False
Italian,QUIET,e,-0.076,36,0.9353,1.0,False
Italian,QUIET,s,-0.064,11,0.9154,1.0,False
Italian,SMALL,ɛ,0.062,13,0.9353,1.0,False
Italian,SMOOTH,k,0.059,38,0.9303,1.0,False
Italian,SLOW,d,-0.057,16,0.9403,1.0,False
Italian,BRIGHT,p,-0.051,10,0.9701,1.0,False
Italian,DARK,s͡s,-0.05,3,0.9403,1.0,False
Italian,FAST,s͡s,0.047,4,0.9204,1.0,False
Italian,QUIET,z,0.046,3,0.9801,1.0,False
Italian,BIG,i,-0.045,7,0.995,1.0,False
Italian,QUIET,o,0.04,37,0.9552,1.0,False
Italian,SHARP,t͡ʃ,0.038,7,0.99,1.0,False
Italian,SHARP,ɔ,0.034,7,0.9602,1.0,False
Italian,ROUGH,d,-0.027,3,0.9851,1.0,False
Italian,SHARP,s͡s,0.02,3,0.9652,1.0,False
Italian,SLOW,p,0.017,20,0.9751,1.0,False
Italian,SMOOTH,z,-0.015,8,0.9851,1.0,False
Italian,BRIGHT,s,-0.013,10,1.0,1.0,False
Italian,SMALL,z,0.01,5,0.9851,1.0,False
Italian,FAST,z,0.01,6,0.995,1.0,False
Italian,SLOW,v,-0.007,11,0.9851,1.0,False
Italian,DARK,s,0.002,19,1.0,1.0,False
Japanese,BRIGHT,ũ,3.279,4,0.005,0.194,False
Japanese,SLOW,ɯ͡ᵝ,2.778,123,0.005,0.194,False
Japanese,SMOOTH,t͡s,2.229,11,0.005,0.194,False
Japanese,SLOW,ɽ,1.946,77,0.005,0.194,False
Japanese,DARK,a͡ɪ,1.691,351,0.005,0.194,False
Japanese,DARK,t͡ʃ,1.691,351,0.005,0.194,False
Japanese,SHARP,a͡ɪ,1.528,182,0.005,0.194,False
Japanese,SHARP,t͡ʃ,1.528,182,0.005,0.194,False
Japanese,DARK,t,1.48,354,0.005,0.194,False
Japanese,SHARP,ə,1.431,182,0.005,0.194,False
Japanese,LOUD,b,3.109,4,0.01,0.2587,False
Japanese,SMOOTH,i,1.656,142,0.01,0.2587,False
Japanese,DARK,l,1.641,351,0.01,0.2587,False
Japanese,DARK,ə,1.589,351,0.01,0.2587,False
Japanese,SHARP,l,1.48,182,0.01,0.2587,False
Japanese,DARK,k,-1.322,9,0.01,0.2587,False
Japanese,ROUGH,h,3.15,3,0.0149,0.291,False
Japanese,BIG,d,3.135,3,0.0149,0.291,False
Japanese,SLOW,m,1.716,28,0.0149,0.291,False
Japanese,DARK,z,1.629,351,0.0149,0.291,False
Japanese,SHARP,z,1.499,184,0.0149,0.291,False
Japanese,ROUND,ɯᵝ,2.363,7,0.0199,0.3104,False
Japanese,SLOW,ɡ,1.674,8,0.0199,0.3104,False
Japanese,DARK,a,-1.346,12,0.0199,0.3104,False
Japanese,SHARP,t,1.293,187,0.0199,0.3104,False
Japanese,DARK,n,1.236,355,0.0199,0.3104,False
Japanese,LOUD,ɕ,3.045,5,0.0249,0.3424,False
Japanese,DARK,ɽ,-1.249,10,0.0249,0.3424,False
Japanese,SHARP,k,-1.191,10,0.0249,0.3424,False
Japanese,SMOOTH,ɹ,3.317,4,0.0299,0.3881,False
Japanese,SHARP,ɽ,-1.138,14,0.0299,0.3881,False
Japanese,BIG,o,2.806,9,0.0348,0.4075,False
Japanese,DARK,ɯ͡ᵝ,-1.296,19,0.0348,0.4075,False
Japanese,SHARP,ɯ͡ᵝ,-1.176,22,0.0348,0.4075,False
Japanese,SHARP,n,1.091,186,0.0348,0.4075,False
Japanese,SMOOTH,w,2.344,4,0.0448,0.4555,False
Japanese,SHARP,a,-1.118,24,0.0448,0.4555,False
Japanese,BIG,s,2.454,4,0.0498,0.4752,False
Japanese,DARK,o,-0.936,12,0.0597,0.5588,False
Japanese,SLOW,i,-1.233,41,0.0647,0.5935,False
Japanese,BIG,m,2.304,3,0.0796,0.7029,False
Japanese,DARK,s,-0.895,6,0.0796,0.7029,False
Japanese,SLOW,n,-1.004,19,0.0846,0.733,False
Japanese,ROUGH,e,2.498,9,0.0896,0.762,False
Japanese,BIG,p,2.241,3,0.0945,0.79,False
Japanese,SLOW,t,-0.997,31,0.1095,0.8682,False
Japanese,SMOOTH,ɕ,0.826,26,0.1095,0.8682,False
Japanese,DARK,m,-0.814,5,0.1095,0.8682,False
Japanese,SHARP,o,-0.807,18,0.1144,0.8925,False
Japanese,ROUGH,ɽ,2.067,8,0.1592,1.0,False
Japanese,LOUD,a,1.97,9,0.1791,1.0,False
Japanese,ROUGH,k,1.926,4,0.2189,1.0,False
Japanese,ROUGH,p,1.864,3,0.1692,1.0,False
Japanese,LOUD,s,1.681,4,0.3532,1.0,False
Japanese,BIG,i,-1.608,3,0.2736,1.0,False
Japanese,LOUD,k,1.545,4,0.3483,1.0,False
Japanese,ROUGH,i,1.502,9,0.3632,1.0,False
Japanese,LOUD,i,1.43,10,0.4378,1.0,False
Japanese,ROUGH,a,1.125,6,0.5572,1.0,False
Japanese,FAST,a,-1.038,17,0.1692,1.0,False
Japanese,FAST,k,-1.036,9,0.1542,1.0,False
Japanese,SMALL,n,1.01,31,0.3134,1.0,False
Japanese,BIG,a,1.01,5,0.4925,1.0,False
Japanese,LOUD,o,0.959,6,0.5572,1.0,False
Japanese,SMALL,ɯ͡ᵝ,-0.918,8,0.4179,1.0,False
Japanese,SLOW,a,-0.834,14,0.1493,1.0,False
Japanese,SMALL,ə,0.795,24,0.4677,1.0,False
Japanese,FAST,ə,0.792,79,0.2687,1.0,False
Japanese,SHARP,s,-0.787,8,0.1592,1.0,False
Japanese,SHARP,m,-0.778,4,0.1741,1.0,False
Japanese,SMALL,ɡ,0.776,3,0.592,1.0,False
Japanese,FAST,l,0.776,77,0.2985,1.0,False
Japanese,FAST,o,-0.769,12,0.2836,1.0,False
Japanese,FAST,z,0.764,77,0.2736,1.0,False
Japanese,FAST,a͡ɪ,0.763,75,0.2985,1.0,False
Japanese,FAST,t͡ʃ,0.763,75,0.2985,1.0,False
Japanese,SLOW,o,-0.714,8,0.2189,1.0,False
Japanese,SMALL,ɽ,-0.713,8,0.4975,1.0,False
Japanese,SMOOTH,a,0.712,77,0.204,1.0,False
Japanese,DARK,ɡ,-0.71,6,0.1393,1.0,False
Japanese,BIG,t,-0.708,3,0.6816,1.0,False
Japanese,FAST,t,0.703,93,0.3532,1.0,False
Japanese,ROUND,i,-0.7,100,0.2388,1.0,False
Japanese,SMALL,k,-0.693,5,0.4826,1.0,False
Japanese,FAST,m,-0.69,4,0.2886,1.0,False
Japanese,SLOW,k,0.664,25,0.199,1.0,False
Japanese,SMALL,l,0.653,22,0.5721,1.0,False
Japanese,SMALL,z,0.641,22,0.5721,1.0,False
Japanese,SMOOTH,t,-0.63,54,0.2985,1.0,False
Japanese,BRIGHT,t,0.627,14,0.6617,1.0,False
Japanese,ROUND,t,0.62,98,0.3134,1.0,False
Japanese,SHARP,p,-0.613,4,0.199,1.0,False
Japanese,ROUND,t͡ɕ,0.571,3,0.4577,1.0,False
Japanese,QUIET,k,0.568,10,0.6219,1.0,False
Japanese,DARK,e,0.561,356,0.2687,1.0,False
Japanese,SLOW,a͡ɪ,-0.551,15,0.3881,1.0,False
Japanese,SLOW,t͡ʃ,-0.551,15,0.3881,1.0,False
Japanese,FAST,p,-0.531,4,0.4279,1.0,False
Japanese,SHARP,b,-0.529,3,0.2537,1.0,False
Japanese,SLOW,l,-0.529,16,0.3831,1.0,False
Japanese,ROUND,ɽ,-0.527,37,0.4129,1.0,False
Japanese,ROUND,ə,0.518,74,0.3881,1.0,False
Japanese,QUIET,e,-0.512,18,0.597,1.0,False
Japanese,SMALL,a͡ɪ,0.511,20,0.6617,1.0,False
Japanese,SMALL,t͡ʃ,0.511,20,0.6617,1.0,False
Japanese,ROUND,a,-0.504,43,0.403,1.0,False
Japanese,ROUND,l,0.503,72,0.3532,1.0,False
Japanese,BRIGHT,p,0.503,4,0.8159,1.0,False
Japanese,SLOW,ə,-0.499,17,0.403,1.0,False
Japanese,ROUND,a͡ɪ,0.49,70,0.4229,1.0,False
Japanese,ROUND,t͡ʃ,0.49,70,0.4229,1.0,False
Japanese,ROUND,z,0.49,72,0.408,1.0,False
Japanese,ROUND,s,-0.479,13,0.4975,1.0,False
Japanese,SHARP,j,-0.478,3,0.393,1.0,False
Japanese,BIG,n,0.475,4,0.8308,1.0,False
Japanese,SMOOTH,z,-0.46,27,0.398,1.0,False
Japanese,FAST,i,-0.46,101,0.5075,1.0,False
Japanese,SMOOTH,a͡ɪ,-0.451,26,0.4179,1.0,False
Japanese,SMOOTH,t͡ʃ,-0.451,26,0.4179,1.0,False
Japanese,SMOOTH,m,0.444,22,0.3532,1.0,False
Japanese,SMOOTH,ə,-0.436,28,0.4328,1.0,False
Japanese,FAST,n,0.435,83,0.5572,1.0,False
Japanese,FAST,ɕ,-0.419,3,0.4975,1.0,False
Japanese,SMOOTH,l,-0.414,28,0.4627,1.0,False
Japanese,FAST,s,0.41,34,0.5721,1.0,False
Japanese,SLOW,z,-0.39,19,0.5224,1.0,False
Japanese,SLOW,e,0.389,57,0.4478,1.0,False
Japanese,QUIET,b,0.381,4,0.7861,1.0,False
Japanese,BRIGHT,a,-0.373,7,0.7463,1.0,False
Japanese,QUIET,t,-0.369,16,0.7164,1.0,False
Japanese,SHARP,e,0.363,185,0.4527,1.0,False
Japanese,SMALL,t,0.357,26,0.6766,1.0,False
Japanese,ROUND,ɴ,0.355,8,0.6219,1.0,False
Japanese,FAST,ɯ͡ᵝ,0.348,95,0.6318,1.0,False
Japanese,BRIGHT,k,0.347,6,0.8109,1.0,False
Japanese,SHARP,h,-0.338,4,0.5622,1.0,False
Japanese,BIG,e,-0.333,4,0.796,1.0,False
Japanese,ROUND,m,-0.327,12,0.6219,1.0,False
Japanese,ROUND,ɡ,0.324,8,0.5871,1.0,False
Japanese,QUIET,i,-0.321,24,0.7463,1.0,False
Japanese,BRIGHT,e,-0.314,13,0.801,1.0,False
Japanese,BRIGHT,o,0.303,10,0.8657,1.0,False
Japanese,SMALL,s,-0.301,5,0.7711,1.0,False
Japanese,QUIET,a,0.301,17,0.7662,1.0,False
Japanese,SMOOTH,j,0.296,8,0.6567,1.0,False
Japanese,BRIGHT,n,0.295,12,0.8458,1.0,False
Japanese,ROUGH,ɯ͡ᵝ,0.292,5,0.8706,1.0,False
Japanese,SMALL,e,-0.285,26,0.8458,1.0,False
Japanese,ROUND,p,0.283,23,0.6119,1.0,False
Japanese,SMOOTH,d,0.281,12,0.6119,1.0,False
Japanese,ROUND,b,0.28,17,0.6915,1.0,False
Japanese,BRIGHT,ɽ,-0.269,7,0.7861,1.0,False
Japanese,ROUND,n,0.263,83,0.6567,1.0,False
Japanese,SMALL,p,-0.256,3,0.7463,1.0,False
Japanese,ROUND,d,0.255,15,0.6915,1.0,False
Japanese,ROUND,k,-0.254,28,0.6517,1.0,False
Japanese,BIG,ɯ͡ᵝ,-0.238,3,0.8856,1.0,False
Japanese,SLOW,d,-0.238,3,0.6965,1.0,False
Japanese,ROUND,ɯ͡ᵝ,-0.237,68,0.7114,1.0,False
Japanese,SLOW,ɕ,-0.227,4,0.7065,1.0,False
Japanese,QUIET,ɕ,0.224,4,0.8657,1.0,False
Japanese,SLOW,s,-0.222,10,0.7065,1.0,False
Japanese,SHARP,ɸ,-0.22,4,0.6517,1.0,False
Japanese,QUIET,m,0.22,5,0.8458,1.0,False
Japanese,ROUGH,t,-0.217,4,0.8856,1.0,False
Japanese,SMOOTH,e,-0.214,73,0.7114,1.0,False
Japanese,SMOOTH,b,-0.213,6,0.6468,1.0,False
Japanese,SMOOTH,o,-0.213,33,0.7065,1.0,False
Japanese,QUIET,d,0.21,3,0.8308,1.0,False
Japanese,QUIET,ɽ,0.198,15,0.8408,1.0,False
Japanese,LOUD,ɽ,-0.193,3,0.9104,1.0,False
Japanese,SMOOTH,h,-0.17,4,0.7811,1.0,False
Japanese,SMOOTH,ɯ͡ᵝ,0.169,71,0.7811,1.0,False
Japanese,SHARP,i,-0.155,197,0.7861,1.0,False
Japanese,SMOOTH,ɽ,0.146,53,0.791,1.0,False
Japanese,SMOOTH,s,-0.141,17,0.7313,1.0,False
Japanese,QUIET,o,0.14,13,0.9055,1.0,False
Japanese,QUIET,ɯ͡ᵝ,0.137,19,0.8607,1.0,False
Japanese,DARK,i,-0.13,362,0.8209,1.0,False
Japanese,ROUND,o,-0.112,48,0.8557,1.0,False
Japanese,BRIGHT,ə,-0.11,7,0.9701,1.0,False
Japanese,SMOOTH,n,-0.108,54,0.8756,1.0,False
Japanese,LOUD,ɯ͡ᵝ,0.101,5,0.9403,1.0,False
Japanese,BRIGHT,z,-0.096,7,0.9453,1.0,False
Japanese,SMALL,a,0.095,20,0.9303,1.0,False
Japanese,ROUND,e,-0.092,98,0.8507,1.0,False
Japanese,BRIGHT,l,-0.083,7,0.9602,1.0,False
Japanese,FAST,ɽ,0.083,61,0.8856,1.0,False
Japanese,QUIET,n,-0.075,15,0.9502,1.0,False
Japanese,FAST,e,0.073,96,0.9104,1.0,False
Japanese,SMOOTH,k,-0.071,25,0.9303,1.0,False
Japanese,SMALL,b,-0.06,3,0.9751,1.0,False
Japanese,SMALL,m,-0.059,5,0.9701,1.0,False
Japanese,SMOOTH,ɡ,0.058,5,0.9303,1.0,False
Japanese,ROUND,ɸ,0.051,5,0.9403,1.0,False
Japanese,BRIGHT,a͡ɪ,-0.05,7,0.99,1.0,False
Japanese,BRIGHT,t͡ʃ,-0.05,7,0.99,1.0,False
Japanese,BRIGHT,i,0.042,18,0.9751,1.0,False
Japanese,BRIGHT,ɯ͡ᵝ,0.041,12,0.9851,1.0,False
Japanese,QUIET,ə,-0.037,11,0.9751,1.0,False
Japanese,QUIET,a͡ɪ,0.025,11,0.9701,1.0,False
Japanese,QUIET,t͡ʃ,0.025,11,0.9701,1.0,False
Japanese,SMALL,i,-0.024,35,0.9652,1.0,False
Japanese,QUIET,z,-0.022,11,0.9751,1.0,False
Japanese,SMALL,o,-0.016,15,0.9851,1.0,False
Japanese,QUIET,l,-0.009,11,0.995,1.0,False
Japanese,SLOW,b,0.007,6,0.995,1.0,False
Korean,ROUND,a͡ɪ,3.317,6,0.0149,0.3821,False
Korean,ROUND,z,3.317,6,0.0149,0.3821,False
Korean,QUIET,w,2.244,8,0.0149,0.3821,False
Korean,SMALL,k,2.182,5,0.0199,0.3821,False
Korean,DARK,s,2.078,45,0.01,0.3821,False
Korean,SLOW,d,2.027,54,0.0149,0.3821,False
Korean,ROUND,p͡h,1.859,29,0.005,0.3821,False
Korean,ROUND,e,1.838,33,0.005,0.3821,False
Korean,SMALL,p,1.801,29,0.005,0.3821,False
Korean,SLOW,n,-1.79,16,0.0199,0.3821,False
Korean,SLOW,ŋ,-1.734,5,0.0199,0.3821,False
Korean,SLOW,ɾ,1.692,23,0.0149,0.3821,False
Korean,DARK,ɛ,1.665,24,0.0199,0.3821,False
Korean,SHARP,n,-1.631,24,0.005,0.3821,False
Korean,FAST,ɐ,1.572,167,0.0199,0.3821,False
Korean,SMALL,j,1.54,23,0.01,0.3821,False
Korean,ROUND,h,-1.525,33,0.01,0.3821,False
Korean,SMOOTH,ɐ,1.401,285,0.01,0.3821,False
Korean,SMOOTH,h,1.303,92,0.0149,0.3821,False
Korean,DARK,i,-1.731,21,0.0249,0.4153,False
Korean,FAST,ŋ,-1.391,12,0.0249,0.4153,False
Korean,FAST,d,1.381,79,0.0249,0.4153,False
Korean,BIG,k͡h,2.309,4,0.0299,0.4409,False
Korean,SHARP,p͡h,1.2,14,0.0299,0.4409,False
Korean,ROUND,ɯ,1.147,48,0.0299,0.4409,False
Korean,LOUD,t,2.241,6,0.0547,0.4776,False
Korean,QUIET,e,1.903,7,0.0398,0.4776,False
Korean,BIG,t͡ɕ,1.864,6,0.0498,0.4776,False
Korean,QUIET,m,1.789,14,0.0498,0.4776,False
Korean,QUIET,o,1.778,15,0.0547,0.4776,False
Korean,BIG,u,1.777,14,0.0448,0.4776,False
Korean,SLOW,ɐ,1.462,91,0.0547,0.4776,False
Korean,SMALL,i,-1.446,23,0.0398,0.4776,False
Korean,ROUND,l,1.4,11,0.0448,0.4776,False
Korean,SMOOTH,t͡ʃ,-1.213,8,0.0348,0.4776,False
Korean,SHARP,m,1.187,35,0.0398,0.4776,False
Korean,SMALL,t͡ɕ,1.179,16,0.0498,0.4776,False
Korean,SHARP,ɫ,1.057,32,0.0547,0.4776,False
Korean,SHARP,o,1.041,36,0.0498,0.4776,False
Korean,SMOOTH,d,0.802,113,0.0498,0.4776,False
Korean,SMALL,t,1.158,30,0.0597,0.5095,False
Korean,SHARP,e,-1.155,3,0.0647,0.5284,False
Korean,DARK,t,-1.01,14,0.0647,0.5284,False
Korean,SLOW,k,1.879,4,0.0697,0.5572,False
Korean,BIG,b,1.925,3,0.0796,0.5731,False
Korean,SLOW,j,-1.234,3,0.0796,0.5731,False
Korean,SMALL,n,1.139,49,0.0896,0.5731,False
Korean,SHARP,q,1.083,46,0.0896,0.5731,False
Korean,DARK,ŋ,1.019,24,0.0896,0.5731,False
Korean,SMOOTH,i,-0.933,89,0.0796,0.5731,False
Korean,ROUND,n,-0.883,54,0.0896,0.5731,False
Korean,ROUND,p,0.838,43,0.0846,0.5731,False
Korean,SMOOTH,p͡h,-0.83,3,0.0896,0.5731,False
Korean,SLOW,m,-1.115,6,0.0945,0.5878,False
Korean,DARK,d,-1.086,9,0.0995,0.5878,False
Korean,ROUND,ɐ,-0.863,82,0.0995,0.5878,False
Korean,SMOOTH,n,0.827,130,0.0995,0.5878,False
Korean,BIG,ɯ,1.643,9,0.1045,0.5988,False
Korean,SHARP,d,-0.877,14,0.1045,0.5988,False
Korean,FAST,d͡ʑ,-0.86,6,0.1095,0.6181,False
Korean,ROUND,k͡h,0.919,16,0.1144,0.6368,False
Korean,SLOW,p,-1.076,7,0.1194,0.6458,False
Korean,LOUD,d͡ʑ,2.12,4,0.1244,0.6633,False
Korean,SLOW,ʌ,-1.139,11,0.1343,0.6699,False
Korean,SMALL,ɡ,-0.938,5,0.1294,0.6699,False
Korean,DARK,h,0.84,34,0.1343,0.6699,False
Korean,SMOOTH,q,-0.712,48,0.1294,0.6699,False
Korean,SMOOTH,ŋ,-0.663,33,0.1343,0.6699,False
Korean,BIG,q,1.414,13,0.1393,0.6771,False
Korean,DARK,q,0.868,40,0.1393,0.6771,False
Korean,SLOW,l,1.393,5,0.1493,0.6989,False
Korean,SMALL,d͡ʑ,-0.962,3,0.1493,0.6989,False
Korean,DARK,o,0.907,32,0.1493,0.6989,False
Korean,BRIGHT,ŋ,1.332,10,0.1692,0.709,False
Korean,QUIET,ʌ,-1.268,4,0.1741,0.709,False
Korean,BIG,ŋ,1.237,7,0.1791,0.709,False
Korean,BRIGHT,s,1.173,13,0.1642,0.709,False
Korean,SMALL,b,1.04,7,0.1642,0.709,False
Korean,DARK,j,0.891,21,0.1692,0.709,False
Korean,SLOW,w,0.857,11,0.1642,0.709,False
Korean,ROUND,ɾ,0.725,38,0.1791,0.709,False
Korean,SHARP,ɐ,-0.712,56,0.1741,0.709,False
Korean,ROUND,o,0.701,51,0.1592,0.709,False
Korean,ROUND,ɛ,-0.653,15,0.1791,0.709,False
Korean,SMOOTH,ɯ,0.618,57,0.1592,0.709,False
Korean,SHARP,p,0.742,26,0.1891,0.7333,False
Korean,SMOOTH,u,-0.639,36,0.1891,0.7333,False
Korean,LOUD,u,1.839,7,0.199,0.7419,False
Korean,QUIET,t,-1.313,4,0.199,0.7419,False
Korean,FAST,q,-0.763,26,0.204,0.746,False
Korean,BIG,ɐ,-1.25,10,0.209,0.7499,False
Korean,FAST,t͡ɕ,-0.712,12,0.209,0.7499,False
Korean,DARK,k͡h,-0.763,3,0.2139,0.7537,False
Korean,FAST,p,0.753,34,0.2139,0.7537,False
Korean,BRIGHT,t,1.113,13,0.2239,0.7541,False
Korean,DARK,m,0.764,28,0.2189,0.7541,False
Korean,SLOW,ɯ,0.762,19,0.2239,0.7541,False
Korean,ROUND,t,-0.641,30,0.2239,0.7541,False
Korean,SHARP,d͡ʑ,-0.707,6,0.2438,0.8001,False
Korean,SMOOTH,s,-0.555,31,0.2438,0.8001,False
Korean,DARK,l,0.878,5,0.2537,0.8188,False
Korean,ROUGH,ʌ,2.803,4,0.2587,0.8274,False
Korean,QUIET,ɛ,0.989,7,0.2687,0.8274,False
Korean,DARK,b,0.738,7,0.2736,0.8274,False
Korean,SLOW,ɛ,0.733,14,0.2736,0.8274,False
Korean,FAST,h,0.66,46,0.2736,0.8274,False
Korean,FAST,e,-0.622,8,0.2687,0.8274,False
Korean,FAST,ɫ,-0.615,16,0.2637,0.8274,False
Korean,LOUD,i,1.54,11,0.2886,0.8328,False
Korean,LOUD,ɛ,1.387,3,0.3383,0.8328,False
Korean,BRIGHT,n,1.246,22,0.2886,0.8328,False
Korean,QUIET,t͡ʃ,1.09,6,0.3284,0.8328,False
Korean,QUIET,i,0.918,25,0.3134,0.8328,False
Korean,SLOW,q,-0.72,15,0.3383,0.8328,False
Korean,DARK,w,0.684,13,0.3035,0.8328,False
Korean,SLOW,u,-0.666,11,0.2985,0.8328,False
Korean,FAST,w,0.661,18,0.2935,0.8328,False
Korean,DARK,t͡ɕ,-0.629,9,0.3284,0.8328,False
Korean,SMALL,ɫ,-0.617,10,0.3234,0.8328,False
Korean,FAST,l,0.612,6,0.3184,0.8328,False
Korean,FAST,n,0.594,69,0.3134,0.8328,False
Korean,SMALL,ɐ,0.58,79,0.2985,0.8328,False
Korean,FAST,ʌ,-0.576,37,0.3234,0.8328,False
Korean,FAST,m,-0.568,19,0.3184,0.8328,False
Korean,FAST,ɛ,-0.567,13,0.3085,0.8328,False
Korean,SHARP,b,-0.547,3,0.3333,0.8328,False
Korean,ROUND,d,-0.526,34,0.3134,0.8328,False
Korean,FAST,t,-0.519,26,0.3383,0.8328,False
Korean,SMOOTH,ɛ,-0.516,24,0.2985,0.8328,False
Korean,FAST,ɾ,-0.509,18,0.3035,0.8328,False
Korean,FAST,ɡ,-0.48,15,0.3284,0.8328,False
Korean,SMOOTH,j,0.476,44,0.2985,0.8328,False
Korean,SMOOTH,ɾ,-0.459,33,0.2786,0.8328,False
Korean,QUIET,s,0.923,11,0.3532,0.8516,False
Korean,QUIET,p,-0.81,4,0.3582,0.8516,False
Korean,QUIET,h,0.762,12,0.3682,0.8516,False
Korean,QUIET,ɾ,0.757,8,0.3632,0.8516,False
Korean,SLOW,p͡h,0.715,8,0.3682,0.8516,False
Korean,SMALL,ɯ,-0.579,10,0.3682,0.8516,False
Korean,DARK,t͡ʃ,-0.568,7,0.3682,0.8516,False
Korean,ROUND,ʌ,-0.43,51,0.3682,0.8516,False
Korean,LOUD,ɐ,-1.227,5,0.3831,0.8603,False
Korean,BIG,t,-0.955,4,0.3831,0.8603,False
Korean,SMALL,h,0.513,28,0.3831,0.8603,False
Korean,ROUND,ŋ,0.449,35,0.3781,0.8603,False
Korean,BIG,d,-0.8,4,0.393,0.8724,False
Korean,SLOW,ɫ,-0.611,9,0.393,0.8724,False
Korean,LOUD,q,1.199,6,0.4378,0.9247,False
Korean,BRIGHT,ɛ,-0.793,3,0.4428,0.9247,False
Korean,BRIGHT,ɫ,-0.709,4,0.4279,0.9247,False
Korean,SLOW,i,0.591,50,0.4229,0.9247,False
Korean,SLOW,h,0.504,25,0.4428,0.9247,False
Korean,SMALL,s,-0.453,12,0.4527,0.9247,False
Korean,SHARP,k͡h,0.424,8,0.4478,0.9247,False
Korean,SHARP,ɛ,-0.423,11,0.4527,0.9247,False
Korean,FAST,t͡ʃ,-0.422,11,0.4428,0.9247,False
Korean,FAST,o,-0.4,24,0.4527,0.9247,False
Korean,SHARP,ɾ,0.384,21,0.4478,0.9247,False
Korean,SMOOTH,p,0.343,52,0.4328,0.9247,False
Korean,SMOOTH,ɡ,-0.324,31,0.4527,0.9247,False
Korean,BIG,d͡ʑ,0.774,5,0.4677,0.9361,False
Korean,BRIGHT,d,-0.743,6,0.4826,0.9361,False
Korean,QUIET,ɡ,-0.694,3,0.4826,0.9361,False
Korean,QUIET,ɫ,-0.639,4,0.4677,0.9361,False
Korean,DARK,d͡ʑ,-0.422,8,0.4826,0.9361,False
Korean,SHARP,w,-0.399,7,0.4726,0.9361,False
Korean,FAST,u,-0.364,26,0.4876,0.9361,False
Korean,DARK,ɾ,-0.357,14,0.4876,0.9361,False
Korean,SMOOTH,o,-0.321,45,0.4677,0.9361,False
Korean,ROUND,m,0.327,40,0.4925,0.941,False
Korean,BIG,o,-0.632,4,0.5075,0.9459,False
Korean,SHARP,ɯ,0.369,22,0.5075,0.9459,False
Korean,ROUND,q,0.347,57,0.5025,0.9459,False
Korean,FAST,k͡h,0.344,10,0.5025,0.9459,False
Korean,SMALL,u,0.373,26,0.5124,0.9506,False
Korean,BRIGHT,o,0.609,11,0.5224,0.9552,False
Korean,BIG,h,-0.533,7,0.5224,0.9552,False
Korean,FAST,i,-0.389,64,0.5323,0.9597,False
Korean,SHARP,ʌ,0.335,50,0.5323,0.9597,False
Korean,ROUGH,i,1.24,3,0.7164,0.9717,False
Korean,LOUD,n,0.793,7,0.6468,0.9717,False
Korean,BRIGHT,i,0.658,25,0.5473,0.9717,False
Korean,LOUD,ʌ,0.57,7,0.7313,0.9717,False
Korean,QUIET,ŋ,-0.549,5,0.5522,0.9717,False
Korean,BIG,j,0.537,5,0.607,0.9717,False
Korean,BIG,m,0.524,7,0.5672,0.9717,False
Korean,BRIGHT,ɡ,-0.509,4,0.5721,0.9717,False
Korean,BIG,i,-0.508,12,0.6269,0.9717,False
Korean,BIG,n,-0.481,10,0.5871,0.9717,False
Korean,BRIGHT,t͡ʃ,0.452,5,0.6169,0.9717,False
Korean,QUIET,u,0.443,11,0.607,0.9717,False
Korean,SMALL,e,0.418,10,0.592,0.9717,False
Korean,BIG,p,-0.412,4,0.6517,0.9717,False
Korean,SMALL,o,-0.403,15,0.5771,0.9717,False
Korean,BRIGHT,ɯ,0.403,8,0.6965,0.9717,False
Korean,SHARP,l,0.402,4,0.5871,0.9717,False
Korean,SMALL,t͡ʃ,-0.4,7,0.5522,0.9717,False
Korean,BRIGHT,q,-0.395,9,0.6965,0.9717,False
Korean,QUIET,ɐ,-0.395,22,0.7065,0.9717,False
Korean,BRIGHT,h,0.394,12,0.7114,0.9717,False
Korean,QUIET,d,-0.393,8,0.6667,0.9717,False
Korean,BRIGHT,m,-0.381,6,0.6766,0.9717,False
Korean,BIG,ʌ,0.363,13,0.6965,0.9717,False
Korean,ROUND,w,0.358,19,0.5473,0.9717,False
Korean,SLOW,t͡ɕ,0.354,11,0.5871,0.9717,False
Korean,SMALL,w,-0.344,6,0.592,0.9717,False
Korean,BRIGHT,p,0.338,8,0.7363,0.9717,False
Korean,FAST,p͡h,-0.301,6,0.6219,0.9717,False
Korean,SMOOTH,ʌ,-0.284,82,0.5622,0.9717,False
Korean,SMOOTH,t͡ɕ,-0.272,27,0.6119,0.9717,False
Korean,ROUND,d͡ʑ,-0.268,16,0.5821,0.9717,False
Korean,SHARP,ŋ,-0.258,17,0.6468,0.9717,False
Korean,DARK,n,-0.257,39,0.6517,0.9717,False
Korean,ROUND,i,0.254,99,0.6219,0.9717,False
Korean,SMOOTH,m,0.252,56,0.5721,0.9717,False
Korean,SHARP,j,0.25,17,0.6816,0.9717,False
Korean,QUIET,n,-0.249,14,0.7811,0.9717,False
Korean,BRIGHT,e,-0.241,3,0.806,0.9717,False
Korean,SMOOTH,e,0.238,26,0.6368,0.9717,False
Korean,SMALL,ŋ,-0.235,14,0.7612,0.9717,False
Korean,DARK,ʌ,-0.234,34,0.7214,0.9717,False
Korean,BIG,ɛ,0.226,4,0.8358,0.9717,False
Korean,SMOOTH,w,-0.215,19,0.6169,0.9717,False
Korean,BRIGHT,ɾ,0.205,7,0.8259,0.9717,False
Korean,QUIET,t͡ɕ,-0.205,4,0.8557,0.9717,False
Korean,DARK,ɯ,-0.204,15,0.7711,0.9717,False
Korean,ROUND,b,0.199,9,0.7413,0.9717,False
Korean,DARK,ɫ,-0.199,16,0.7164,0.9717,False
Korean,BIG,ɡ,0.197,5,0.8408,0.9717,False
Korean,ROUND,j,-0.196,21,0.7015,0.9717,False
Korean,SHARP,i,-0.193,53,0.7612,0.9717,False
Korean,ROUND,k,0.192,3,0.7363,0.9717,False
Korean,ROUND,ɡ,-0.185,24,0.7413,0.9717,False
Korean,SMALL,m,0.181,19,0.796,0.9717,False
Korean,SLOW,ɡ,-0.178,11,0.8358,0.9717,False
Korean,ROUND,ɫ,-0.173,28,0.806,0.9717,False
Korean,FAST,s,0.173,30,0.7562,0.9717,False
Korean,BRIGHT,d͡ʑ,0.168,5,0.8607,0.9717,False
Korean,BRIGHT,ɐ,0.168,30,0.8557,0.9717,False
Korean,SLOW,b,0.159,4,0.7562,0.9717,False
Korean,SHARP,t͡ɕ,0.158,14,0.7861,0.9717,False
Korean,BRIGHT,t͡ɕ,0.153,5,0.8657,0.9717,False
Korean,SHARP,t͡ʃ,0.141,12,0.8109,0.9717,False
Korean,SLOW,k͡h,0.139,5,0.8806,0.9717,False
Korean,SHARP,h,-0.13,30,0.8756,0.9717,False
Korean,DARK,u,0.129,26,0.8109,0.9717,False
Korean,FAST,b,0.128,7,0.8607,0.9717,False
Korean,SMOOTH,ɫ,-0.122,42,0.7463,0.9717,False
Korean,ROUND,t͡ʃ,0.12,19,0.8259,0.9717,False
Korean,SHARP,t,-0.116,24,0.8109,0.9717,False
Korean,FAST,j,-0.116,18,0.8806,0.9717,False
Korean,SLOW,s,-0.116,14,0.8706,0.9717,False
Korean,SLOW,o,-0.113,16,0.806,0.9717,False
Korean,SMOOTH,t,-0.104,56,0.8259,0.9717,False
Korean,ROUND,s,-0.103,31,0.7761,0.9717,False
Korean,FAST,ɯ,0.096,25,0.8507,0.9717,False
Korean,SMALL,q,-0.092,24,0.8607,0.9717,False
Korean,BRIGHT,ʌ,-0.124,14,0.9154,0.9792,False
Korean,SHARP,s,0.095,22,0.9055,0.9792,False
Korean,SMOOTH,k,-0.08,3,0.9154,0.9792,False
Korean,SMALL,ɛ,-0.072,11,0.9005,0.9792,False
Korean,SMALL,d,-0.071,25,0.9104,0.9792,False
Korean,SHARP,ɡ,0.07,18,0.8955,0.9792,False
Korean,ROUND,u,-0.053,40,0.8955,0.9792,False
Korean,SMOOTH,d͡ʑ,-0.041,28,0.9055,0.9792,False
Korean,BIG,s,-0.094,5,0.9303,0.984,False
Korean,SMALL,p͡h,-0.057,5,0.9353,0.984,False
Korean,SMOOTH,k͡h,0.042,15,0.9303,0.984,False
Korean,SMALL,k͡h,-0.041,5,0.9353,0.984,False
Korean,BIG,t͡ʃ,0.092,3,0.9453,0.9864,False
Korean,DARK,ɐ,0.031,74,0.9403,0.9864,False
Korean,SLOW,t,-0.05,18,0.9602,0.9992,False
Korean,QUIET,q,-0.051,10,0.9751,1.0,False
Korean,QUIET,d͡ʑ,-0.048,4,0.9751,1.0,False
Korean,SLOW,e,-0.035,7,0.9801,1.0,False
Korean,DARK,e,-0.022,9,0.9801,1.0,False
Korean,SMALL,ʌ,-0.016,34,0.9751,1.0,False
Korean,SHARP,u,0.01,26,0.99,1.0,False
Korean,BIG,ɫ,-0.004,5,1.0,1.0,False
Korean,DARK,p,0.003,18,1.0,1.0,False
Korean,ROUND,t͡ɕ,-0.002,21,1.0,1.0,False
Korean,DARK,ɡ,0.001,16,1.0,1.0,False
Russian,SLOW,tʲ,3.02,84,0.005,0.3317,False
Russian,SHARP,ɛ,2.924,9,0.005,0.3317,False
Russian,QUIET,x,2.86,5,0.005,0.3317,False
Russian,BRIGHT,sʲ,2.636,11,0.005,0.3317,False
Russian,ROUND,a,2.321,62,0.005,0.3317,False
Russian,SHARP,k,2.294,39,0.005,0.3317,False
Russian,ROUND,k,1.828,70,0.005,0.3317,False
Russian,QUIET,f,2.631,3,0.01,0.398,False
Russian,DARK,ʑ,2.385,5,0.01,0.398,False
Russian,BIG,ʒ,2.335,7,0.01,0.398,False
Russian,SMALL,dʲ,2.229,11,0.01,0.398,False
Russian,SMOOTH,y,1.983,63,0.01,0.398,False
Russian,SMOOTH,j,1.831,55,0.01,0.398,False
Russian,LOUD,u,3.031,7,0.0199,0.4975,False
Russian,BRIGHT,ɕ,2.683,4,0.0199,0.4975,False
Russian,SLOW,ɑ,2.09,47,0.0199,0.4975,False
Russian,BIG,r,2.07,24,0.0199,0.4975,False
Russian,SLOW,o,-1.999,8,0.0199,0.4975,False
Russian,SMALL,nʲ,1.897,18,0.0199,0.4975,False
Russian,SLOW,t͡s,1.774,10,0.0149,0.4975,False
Russian,SMOOTH,ʒ,1.534,21,0.0149,0.4975,False
Russian,SMOOTH,i,-1.415,48,0.0149,0.4975,False
Russian,DARK,rʲ,1.94,20,0.0249,0.5741,False
Russian,SMOOTH,d,1.316,35,0.0249,0.5741,False
Russian,BIG,ɡ,2.17,9,0.0299,0.6176,False
Russian,SHARP,v,-1.874,3,0.0299,0.6176,False
Russian,SHARP,ɭʲ,1.754,14,0.0299,0.6176,False
Russian,BIG,y,2.025,16,0.0398,0.6633,False
Russian,BRIGHT,j͡a,2.02,6,0.0348,0.6633,False
Russian,DARK,e,1.892,33,0.0348,0.6633,False
Russian,SMALL,ɑ,-1.79,17,0.0398,0.6633,False
Russian,SLOW,t,-1.485,19,0.0398,0.6633,False
Russian,SMOOTH,a,-1.092,16,0.0398,0.6633,False
Russian,BIG,ʃ,2.245,11,0.0597,0.7621,False
Russian,QUIET,mʲ,2.167,3,0.0547,0.7621,False
Russian,QUIET,pʲ,2.164,3,0.0597,0.7621,False
Russian,BIG,b,2.078,11,0.0547,0.7621,False
Russian,FAST,vʲ,1.602,15,0.0498,0.7621,False
Russian,SLOW,z,1.587,14,0.0498,0.7621,False
Russian,SMOOTH,ɭʲ,-1.274,9,0.0597,0.7621,False
Russian,ROUND,vʲ,1.131,15,0.0547,0.7621,False
Russian,SMALL,p,1.452,22,0.0697,0.8358,False
Russian,SMOOTH,o,0.974,63,0.0697,0.8358,False
Russian,SHARP,s,1.278,28,0.0746,0.8448,False
Russian,DARK,j,1.228,24,0.0746,0.8448,False
Russian,LOUD,m,2.637,5,0.0796,0.8684,False
Russian,QUIET,t͡ʃʲ,1.977,5,0.0846,0.8903,False
Russian,BIG,t,1.836,20,0.0846,0.8903,False
Russian,LOUD,n,2.599,10,0.1144,0.8927,False
Russian,QUIET,v,1.905,6,0.1095,0.8927,False
Russian,QUIET,i,1.778,19,0.1194,0.8927,False
Russian,BRIGHT,i,1.7,34,0.1194,0.8927,False
Russian,BIG,p,-1.638,3,0.1343,0.8927,False
Russian,BIG,ɭ,1.627,14,0.0945,0.8927,False
Russian,BRIGHT,ɪ,1.615,8,0.1294,0.8927,False
Russian,BRIGHT,ʌ,-1.578,15,0.1592,0.8927,False
Russian,BIG,o,1.514,18,0.1443,0.8927,False
Russian,SMALL,ʌ,1.404,86,0.1244,0.8927,False
Russian,SLOW,ɭ,-1.357,12,0.0995,0.8927,False
Russian,SLOW,j,-1.334,4,0.1244,0.8927,False
Russian,FAST,p,1.311,28,0.0945,0.8927,False
Russian,SHARP,vʲ,1.299,8,0.0896,0.8927,False
Russian,FAST,nʲ,1.253,20,0.1144,0.8927,False
Russian,SMALL,a,-1.221,7,0.1343,0.8927,False
Russian,SHARP,ʌ,-1.185,31,0.1443,0.8927,False
Russian,ROUND,ɭʲ,1.164,24,0.0945,0.8927,False
Russian,SMALL,j,1.163,23,0.1493,0.8927,False
Russian,SMALL,r,-1.158,14,0.1592,0.8927,False
Russian,FAST,ɭ,-1.128,17,0.1592,0.8927,False
Russian,SLOW,p,1.128,21,0.1542,0.8927,False
Russian,SHARP,e,1.12,20,0.1592,0.8927,False
Russian,FAST,ɕ,1.116,6,0.1144,0.8927,False
Russian,SLOW,e,-1.115,6,0.1443,0.8927,False
Russian,DARK,p,-1.112,9,0.1045,0.8927,False
Russian,DARK,t͡ʃʲ,-1.105,3,0.1393,0.8927,False
Russian,DARK,ɭ,1.087,26,0.1244,0.8927,False
Russian,FAST,k,-1.077,16,0.1493,0.8927,False
Russian,ROUND,b,-1.067,5,0.1244,0.8927,False
Russian,ROUND,ɡ,1.058,20,0.1095,0.8927,False
Russian,FAST,t,-1.057,28,0.1294,0.8927,False
Russian,SLOW,ʑ,1.025,3,0.1493,0.8927,False
Russian,SMOOTH,nʲ,-0.952,11,0.1294,0.8927,False
Russian,SMOOTH,ɪ,0.872,27,0.1393,0.8927,False
Russian,SMOOTH,pʲ,-0.777,3,0.1493,0.8927,False
Russian,QUIET,d,1.665,5,0.1891,0.9003,False
Russian,BRIGHT,ɑ,-1.45,9,0.1841,0.9003,False
Russian,SLOW,v,1.088,20,0.1841,0.9003,False
Russian,FAST,ɪ,-1.075,6,0.1791,0.9003,False
Russian,SHARP,j,-1.007,5,0.1891,0.9003,False
Russian,FAST,o,-1.001,21,0.1891,0.9003,False
Russian,DARK,y,-0.999,6,0.1841,0.9003,False
Russian,DARK,r,0.99,38,0.1841,0.9003,False
Russian,ROUND,ʌ,-0.835,72,0.1791,0.9003,False
Russian,BIG,a,-1.318,3,0.194,0.9025,False
Russian,ROUND,pʲ,0.785,11,0.194,0.9025,False
Russian,SLOW,bʲ,1.052,5,0.199,0.9046,False
Russian,ROUGH,ʌ,1.664,23,0.2488,0.9101,False
Russian,BRIGHT,dʲ,1.425,4,0.2488,0.9101,False
Russian,QUIET,nʲ,1.384,4,0.2438,0.9101,False
Russian,BRIGHT,b,1.249,8,0.2189,0.9101,False
Russian,DARK,b,0.976,16,0.2189,0.9101,False
Russian,FAST,d,0.944,21,0.2139,0.9101,False
Russian,FAST,t͡s,0.938,10,0.2139,0.9101,False
Russian,SHARP,rʲ,0.935,11,0.2438,0.9101,False
Russian,DARK,v,-0.923,9,0.2338,0.9101,False
Russian,SLOW,nʲ,-0.909,6,0.2239,0.9101,False
Russian,SHARP,d,-0.898,5,0.2488,0.9101,False
Russian,FAST,rʲ,0.871,18,0.204,0.9101,False
Russian,DARK,ɕ,0.87,4,0.204,0.9101,False
Russian,DARK,kʲ,0.866,3,0.2488,0.9101,False
Russian,ROUND,f,0.802,9,0.2139,0.9101,False
Russian,ROUND,tʲ,-0.775,18,0.2239,0.9101,False
Russian,SMOOTH,ɡʲ,0.766,3,0.2139,0.9101,False
Russian,DARK,pʲ,0.743,7,0.2388,0.9101,False
Russian,SMOOTH,sʲ,-0.715,6,0.2488,0.9101,False
Russian,SMOOTH,mʲ,-0.653,6,0.2239,0.9101,False
Russian,BIG,i,-1.292,13,0.2537,0.9116,False
Russian,DARK,nʲ,-0.894,6,0.2537,0.9116,False
Russian,QUIET,m,1.471,6,0.2637,0.9211,False
Russian,SLOW,r,0.862,37,0.2687,0.9211,False
Russian,DARK,ʌ,-0.824,47,0.2687,0.9211,False
Russian,ROUND,bʲ,0.638,6,0.2637,0.9211,False
Russian,ROUGH,s,1.721,10,0.2736,0.9224,False
Russian,FAST,i,0.836,79,0.2736,0.9224,False
Russian,DARK,ʃ,-0.761,4,0.2786,0.9247,False
Russian,DARK,tʲ,-0.759,12,0.2836,0.9247,False
Russian,ROUND,dʲ,-0.684,4,0.2836,0.9247,False
Russian,SMOOTH,r,-0.609,39,0.2836,0.9247,False
Russian,BIG,n,-1.015,6,0.2935,0.928,False
Russian,SLOW,ʒ,0.853,8,0.2985,0.928,False
Russian,DARK,^,0.811,3,0.2886,0.928,False
Russian,SHARP,m,-0.793,4,0.2985,0.928,False
Russian,DARK,bʲ,0.677,4,0.2985,0.928,False
Russian,ROUND,s,-0.632,31,0.2935,0.928,False
Russian,SLOW,ɭʲ,-0.777,7,0.3035,0.9386,False
Russian,ROUGH,ɭ,1.464,7,0.3134,0.9403,False
Russian,BRIGHT,n,-1.108,5,0.3134,0.9403,False
Russian,SMALL,kʲ,0.905,3,0.3134,0.9403,False
Russian,SMOOTH,vʲ,-0.646,5,0.3134,0.9403,False
Russian,SMOOTH,j͡a,-0.58,4,0.3184,0.9411,False
Russian,SMALL,ɭ,-0.76,15,0.3234,0.9419,False
Russian,ROUND,v,-0.662,16,0.3234,0.9419,False
Russian,SMOOTH,n,0.591,71,0.3333,0.9615,False
Russian,ROUND,y,-0.583,15,0.3333,0.9615,False
Russian,BIG,j,1.085,11,0.3383,0.962,False
Russian,LOUD,ʃ,1.842,3,0.3682,0.9654,False
Russian,ROUGH,sʲ,1.335,4,0.3781,0.9654,False
Russian,ROUGH,t,-1.29,5,0.3632,0.9654,False
Russian,ROUGH,ɭʲ,1.276,4,0.408,0.9654,False
Russian,QUIET,z,1.142,3,0.3682,0.9654,False
Russian,BIG,mʲ,0.983,4,0.3781,0.9654,False
Russian,BIG,ɭʲ,-0.93,3,0.408,0.9654,False
Russian,BRIGHT,vʲ,0.908,4,0.4129,0.9654,False
Russian,BIG,ɑ,0.886,18,0.393,0.9654,False
Russian,SLOW,d,-0.821,7,0.3781,0.9654,False
Russian,BIG,u,-0.82,5,0.4328,0.9654,False
Russian,SLOW,b,-0.795,5,0.3483,0.9654,False
Russian,SHARP,z,0.726,8,0.3682,0.9654,False
Russian,SLOW,pʲ,0.721,7,0.3483,0.9654,False
Russian,FAST,sʲ,-0.719,4,0.3781,0.9654,False
Russian,SLOW,m,-0.706,6,0.3483,0.9654,False
Russian,SMALL,t,0.686,33,0.3731,0.9654,False
Russian,DARK,ɡ,0.669,11,0.3582,0.9654,False
Russian,SLOW,n,-0.668,18,0.4179,0.9654,False
Russian,FAST,e,-0.654,13,0.3831,0.9654,False
Russian,SHARP,y,-0.653,7,0.4129,0.9654,False
Russian,SHARP,ɪ,0.651,10,0.3582,0.9654,False
Russian,SHARP,p,0.646,14,0.3781,0.9654,False
Russian,SHARP,ɭ,0.646,18,0.3881,0.9654,False
Russian,DARK,ɪ,0.646,13,0.3881,0.9654,False
Russian,SHARP,n,-0.639,14,0.4129,0.9654,False
Russian,FAST,tʲ,0.625,49,0.403,0.9654,False
Russian,SHARP,o,0.624,23,0.4129,0.9654,False
Russian,ROUND,mʲ,0.614,11,0.3433,0.9654,False
Russian,SMALL,mʲ,0.613,7,0.408,0.9654,False
Russian,SMALL,z,-0.612,5,0.4279,0.9654,False
Russian,SLOW,ɪ,-0.607,7,0.4328,0.9654,False
Russian,SLOW,k,-0.604,18,0.4328,0.9654,False
Russian,ROUND,j,-0.594,15,0.3532,0.9654,False
Russian,SHARP,ɑ,0.584,27,0.4328,0.9654,False
Russian,SMALL,o,0.583,29,0.4328,0.9654,False
Russian,SMALL,tʲ,-0.582,15,0.408,0.9654,False
Russian,SMALL,rʲ,0.567,12,0.4129,0.9654,False
Russian,ROUND,r,0.55,51,0.4279,0.9654,False
Russian,ROUND,o,-0.543,31,0.3781,0.9654,False
Russian,SMOOTH,x,0.534,15,0.3632,0.9654,False
Russian,ROUND,u,0.531,36,0.3731,0.9654,False
Russian,ROUND,ɭ,0.525,35,0.4279,0.9654,False
Russian,SMOOTH,t͡s,-0.471,8,0.3731,0.9654,False
Russian,SMOOTH,z,-0.452,11,0.408,0.9654,False
Russian,ROUGH,k,-1.107,3,0.4428,0.9696,False
Russian,SMALL,u,-0.627,12,0.4428,0.9696,False
Russian,DARK,ɭʲ,-0.536,8,0.4428,0.9696,False
Russian,SMOOTH,ʑ,0.438,4,0.4428,0.9696,False
Russian,SLOW,dʲ,-0.56,3,0.4478,0.9734,False
Russian,SMOOTH,p,0.455,33,0.4478,0.9734,False
Russian,FAST,f,0.68,7,0.4527,0.9807,False
Russian,LOUD,t,1.704,6,0.4577,0.9808,False
Russian,SMALL,b,-0.605,6,0.4577,0.9808,False
Russian,SLOW,ʃ,-0.611,5,0.4627,0.9844,False
Russian,SMOOTH,t͡ʃʲ,0.422,22,0.4627,0.9844,False
Russian,ROUGH,z,1.142,3,0.4677,0.988,False
Russian,LOUD,v,1.194,3,0.5323,0.9903,False
Russian,ROUGH,n,1.062,11,0.592,0.9903,False
Russian,LOUD,ʌ,1.053,12,0.6517,0.9903,False
Russian,ROUGH,e,0.909,6,0.5224,0.9903,False
Russian,ROUGH,d,0.907,4,0.5572,0.9903,False
Russian,QUIET,o,0.891,8,0.4726,0.9903,False
Russian,ROUGH,ɑ,-0.885,6,0.602,0.9903,False
Russian,QUIET,ʌ,-0.753,12,0.5721,0.9903,False
Russian,BRIGHT,p,-0.719,5,0.5522,0.9903,False
Russian,BRIGHT,j,-0.708,4,0.5124,0.9903,False
Russian,QUIET,a,-0.694,3,0.5821,0.9903,False
Russian,ROUGH,u,-0.645,3,0.6965,0.9903,False
Russian,QUIET,u,-0.645,3,0.6617,0.9903,False
Russian,BRIGHT,s,0.635,14,0.5821,0.9903,False
Russian,QUIET,r,-0.63,5,0.6617,0.9903,False
Russian,BIG,x,0.626,4,0.5721,0.9903,False
Russian,QUIET,ɭ,-0.624,4,0.602,0.9903,False
Russian,BIG,tʲ,-0.623,7,0.5771,0.9903,False
Russian,BRIGHT,m,-0.622,3,0.5871,0.9903,False
Russian,BIG,e,-0.619,5,0.5174,0.9903,False
Russian,BRIGHT,a,0.616,11,0.6219,0.9903,False
Russian,SMALL,ʃ,-0.585,5,0.5174,0.9903,False
Russian,BIG,d,-0.558,4,0.5821,0.9903,False
Russian,SHARP,u,-0.547,10,0.4826,0.9903,False
Russian,DARK,t͡s,-0.54,4,0.4925,0.9903,False
Russian,BRIGHT,v,-0.538,5,0.6617,0.9903,False
Russian,DARK,n,-0.524,20,0.5124,0.9903,False
Russian,BIG,k,-0.523,9,0.6269,0.9903,False
Russian,BIG,v,0.502,8,0.6468,0.9903,False
Russian,BRIGHT,t͡s,0.497,3,0.6468,0.9903,False
Russian,SMALL,ɪ,0.492,12,0.5224,0.9903,False
Russian,FAST,m,-0.488,10,0.4925,0.9903,False
Russian,SHARP,t͡ʃʲ,0.465,9,0.592,0.9903,False
Russian,ROUND,e,0.464,31,0.4876,0.9903,False
Russian,SHARP,i,-0.464,31,0.5522,0.9903,False
Russian,ROUND,t͡ʃʲ,0.46,18,0.4726,0.9903,False
Russian,SMOOTH,v,-0.459,22,0.4776,0.9903,False
Russian,FAST,j,-0.451,14,0.5373,0.9903,False
Russian,SHARP,t͡s,0.448,5,0.5473,0.9903,False
Russian,SLOW,a,0.446,23,0.5622,0.9903,False
Russian,ROUND,d,0.445,21,0.4776,0.9903,False
Russian,ROUND,t͡s,0.442,10,0.4925,0.9903,False
Russian,SMALL,n,0.438,34,0.5672,0.9903,False
Russian,SLOW,sʲ,-0.429,5,0.5373,0.9903,False
Russian,BIG,m,-0.421,4,0.6965,0.9903,False
Russian,FAST,mʲ,-0.417,5,0.6119,0.9903,False
Russian,SHARP,mʲ,0.413,5,0.602,0.9903,False
Russian,FAST,ɡ,-0.413,7,0.5075,0.9903,False
Russian,SMALL,d,-0.394,9,0.602,0.9903,False
Russian,ROUND,sʲ,-0.388,8,0.5025,0.9903,False
Russian,SHARP,a,0.382,17,0.597,0.9903,False
Russian,DARK,i,0.382,54,0.5771,0.9903,False
Russian,FAST,ʌ,0.381,89,0.602,0.9903,False
Russian,ROUND,ɑ,-0.379,43,0.6119,0.9903,False
Russian,SMALL,t͡ʃʲ,0.377,11,0.5821,0.9903,False
Russian,DARK,z,0.368,9,0.5821,0.9903,False
Russian,SMALL,s,-0.361,22,0.6667,0.9903,False
Russian,SHARP,ʃ,-0.361,5,0.6468,0.9903,False
Russian,SMOOTH,ɡ,0.358,18,0.5672,0.9903,False
Russian,FAST,j͡a,-0.344,4,0.6517,0.9903,False
Russian,DARK,u,-0.342,15,0.6368,0.9903,False
Russian,SMOOTH,b,-0.332,15,0.5871,0.9903,False
Russian,SHARP,t,0.331,24,0.6318,0.9903,False
Russian,SMOOTH,u,-0.327,29,0.5423,0.9903,False
Russian,SMALL,i,0.326,52,0.6368,0.9903,False
Russian,SMOOTH,kʲ,0.322,4,0.5771,0.9903,False
Russian,SMOOTH,ʌ,0.316,130,0.592,0.9903,False
Russian,SMOOTH,rʲ,-0.31,14,0.602,0.9903,False
Russian,FAST,n,-0.31,30,0.6866,0.9903,False
Russian,ROUND,i,-0.307,66,0.6318,0.9903,False
Russian,SMALL,t͡s,0.296,6,0.6368,0.9903,False
Russian,ROUND,j͡a,0.294,9,0.5871,0.9903,False
Russian,ROUND,ɪ,-0.293,13,0.6915,0.9903,False
Russian,DARK,t,-0.29,27,0.6716,0.9903,False
Russian,FAST,r,0.289,39,0.6915,0.9903,False
Russian,ROUND,z,-0.262,10,0.6667,0.9903,False
Russian,SLOW,u,0.257,21,0.6816,0.9903,False
Russian,ROUND,t,-0.246,42,0.6468,0.9903,False
Russian,SMOOTH,k,-0.241,42,0.6816,0.9903,False
Russian,SMOOTH,m,-0.23,19,0.6816,0.9903,False
Russian,SMOOTH,dʲ,0.201,10,0.6866,0.9903,False
Russian,LOUD,a,0.914,4,0.7214,0.9916,False
Russian,LOUD,i,-0.865,5,0.7662,0.9916,False
Russian,ROUGH,nʲ,0.476,3,0.7264,0.9916,False
Russian,ROUGH,i,-0.471,10,0.7413,0.9916,False
Russian,ROUGH,ɪ,0.455,3,0.7363,0.9916,False
Russian,QUIET,ɪ,0.455,3,0.7015,0.9916,False
Russian,LOUD,ɑ,0.416,5,0.8607,0.9916,False
Russian,ROUGH,o,0.412,7,0.7811,0.9916,False
Russian,QUIET,k,-0.4,5,0.8259,0.9916,False
Russian,BRIGHT,rʲ,0.356,5,0.7363,0.9916,False
Russian,ROUGH,v,-0.349,3,0.8308,0.9916,False
Russian,BRIGHT,ɭ,-0.348,8,0.7711,0.9916,False
Russian,ROUGH,b,0.348,3,0.8109,0.9916,False
Russian,BRIGHT,ʃ,-0.341,3,0.801,0.9916,False
Russian,BRIGHT,x,0.308,3,0.8607,0.9916,False
Russian,BRIGHT,y,0.298,8,0.7811,0.9916,False
Russian,ROUGH,j,-0.296,3,0.8856,0.9916,False
Russian,SHARP,tʲ,-0.289,16,0.7214,0.9916,False
Russian,SMALL,vʲ,-0.279,4,0.7811,0.9916,False
Russian,FAST,dʲ,0.272,7,0.7264,0.9916,False
Russian,SMALL,e,0.268,18,0.7313,0.9916,False
Russian,ROUGH,r,-0.265,6,0.8159,0.9916,False
Russian,ROUGH,a,-0.264,4,0.8607,0.9916,False
Russian,SMALL,y,0.261,17,0.7562,0.9916,False
Russian,DARK,f,0.259,4,0.7463,0.9916,False
Russian,SMALL,v,0.256,15,0.7512,0.9916,False
Russian,QUIET,n,-0.253,6,0.8557,0.9916,False
Russian,DARK,mʲ,0.251,6,0.7413,0.9916,False
Russian,SMALL,sʲ,0.243,9,0.7711,0.9916,False
Russian,FAST,a,-0.243,21,0.7413,0.9916,False
Russian,DARK,ʒ,-0.242,3,0.7015,0.9916,False
Russian,ROUGH,p,0.24,4,0.8607,0.9916,False
Russian,FAST,ɑ,0.24,42,0.7612,0.9916,False
Russian,DARK,k,-0.235,22,0.7413,0.9916,False
Russian,SHARP,f,0.232,3,0.791,0.9916,False
Russian,ROUND,p,-0.227,21,0.7114,0.9916,False
Russian,BRIGHT,z,-0.227,3,0.8358,0.9916,False
Russian,SLOW,ʌ,0.227,67,0.806,0.9916,False
Russian,BRIGHT,k,-0.224,10,0.7861,0.9916,False
Russian,ROUND,rʲ,-0.223,12,0.7612,0.9916,False
Russian,SLOW,t͡ʃʲ,-0.221,8,0.7711,0.9916,False
Russian,FAST,ʒ,-0.219,4,0.7562,0.9916,False
Russian,LOUD,k,0.215,4,0.9254,0.9916,False
Russian,FAST,x,-0.214,5,0.7811,0.9916,False
Russian,SHARP,r,-0.211,19,0.7363,0.9916,False
Russian,SLOW,i,-0.208,45,0.806,0.9916,False
Russian,SLOW,x,-0.2,4,0.8109,0.9916,False
Russian,DARK,vʲ,0.198,6,0.806,0.9916,False
Russian,SMOOTH,e,0.198,34,0.7214,0.9916,False
Russian,FAST,u,0.196,26,0.7114,0.9916,False
Russian,ROUND,nʲ,-0.195,14,0.7512,0.9916,False
Russian,BRIGHT,e,0.192,8,0.8706,0.9916,False
Russian,SHARP,nʲ,-0.191,7,0.8109,0.9916,False
Russian,QUIET,ɑ,0.188,8,0.8507,0.9916,False
Russian,LOUD,s,0.185,4,0.9502,0.9916,False
Russian,DARK,s,-0.182,24,0.8259,0.9916,False
Russian,SHARP,sʲ,-0.181,5,0.8706,0.9916,False
Russian,ROUND,n,-0.175,39,0.7512,0.9916,False
Russian,BIG,s,0.174,13,0.8607,0.9916,False
Russian,FAST,t͡ʃʲ,0.171,13,0.791,0.9916,False
Russian,SHARP,j͡a,-0.157,3,0.8756,0.9916,False
Russian,ROUND,ʃ,0.154,15,0.7662,0.9916,False
Russian,FAST,b,0.154,14,0.8557,0.9916,False
Russian,DARK,a,0.152,20,0.8159,0.9916,False
Russian,SMOOTH,ʃ,-0.151,15,0.8358,0.9916,False
Russian,BRIGHT,ɭʲ,0.149,5,0.9005,0.9916,False
Russian,SLOW,rʲ,0.147,10,0.8756,0.9916,False
Russian,FAST,y,0.143,21,0.8209,0.9916,False
Russian,FAST,v,-0.141,17,0.8557,0.9916,False
Russian,FAST,z,-0.14,9,0.8507,0.9916,False
Russian,ROUND,m,0.138,20,0.8358,0.9916,False
Russian,DARK,j͡a,-0.136,4,0.8557,0.9916,False
Russian,BRIGHT,tʲ,0.133,13,0.9005,0.9916,False
Russian,BIG,ʌ,0.13,31,0.9403,0.9916,False
Russian,FAST,pʲ,-0.13,5,0.8756,0.9916,False
Russian,SMOOTH,s,-0.118,47,0.806,0.9916,False
Russian,QUIET,t,-0.118,7,0.9104,0.9916,False
Russian,QUIET,tʲ,-0.113,6,0.9403,0.9916,False
Russian,BIG,sʲ,0.105,4,0.9552,0.9916,False
Russian,DARK,sʲ,-0.104,7,0.9055,0.9916,False
Russian,ROUGH,tʲ,0.102,7,0.9552,0.9916,False
Russian,BIG,nʲ,0.098,5,0.9453,0.9916,False
Russian,SLOW,s,-0.097,25,0.8955,0.9916,False
Russian,DARK,o,-0.085,24,0.9055,0.9916,False
Russian,FAST,ʃ,0.085,12,0.9254,0.9916,False
Russian,FAST,s,-0.084,32,0.9154,0.9916,False
Russian,SHARP,b,0.082,8,0.8806,0.9916,False
Russian,SMALL,ɡ,-0.079,7,0.9403,0.9916,False
Russian,SMALL,k,0.075,25,0.9403,0.9916,False
Russian,SMALL,m,-0.073,11,0.9204,0.9916,False
Russian,SMOOTH,ɑ,0.072,60,0.8856,0.9916,False
Russian,FAST,ɭʲ,-0.069,13,0.9552,0.9916,False
Russian,SLOW,ɡ,0.069,8,0.9353,0.9916,False
Russian,SMOOTH,ɭ,-0.068,37,0.8806,0.9916,False
Russian,SLOW,vʲ,-0.065,5,0.9154,0.9916,False
Russian,SMOOTH,tʲ,-0.064,48,0.9104,0.9916,False
Russian,DARK,d,-0.053,11,0.9453,0.9916,False
Russian,SHARP,ɡ,0.05,6,0.9254,0.9916,False
Russian,BRIGHT,o,-0.044,11,0.9552,0.9916,False
Russian,SMOOTH,t,-0.039,55,0.9552,0.9916,False
Russian,SMOOTH,ɕ,-0.039,3,0.9552,0.9916,False
Russian,SMOOTH,ɛ,0.036,5,0.9552,0.9916,False
Russian,ROUND,ɛ,0.033,4,0.9602,0.995,False
Russian,DARK,ɑ,0.028,31,0.9652,0.995,False
Russian,BRIGHT,u,-0.061,8,0.9701,0.9967,False
Russian,BRIGHT,t͡ʃʲ,-0.052,4,0.9751,0.9967,False
Russian,BRIGHT,r,-0.048,12,0.9751,0.9967,False
Russian,SMALL,ɭʲ,-0.041,10,0.9801,0.9967,False
Russian,DARK,m,0.019,12,0.9851,0.9984,False
Russian,BRIGHT,t,-0.033,13,0.99,1.0,False
Russian,SLOW,y,-0.02,15,0.99,1.0,False
Russian,SMOOTH,f,0.004,6,1.0,1.0,False
Spanish,SHARP,ʎ,3.2,23,0.005,0.3682,False
Spanish,BIG,t͡ʃ,2.968,6,0.005,0.3682,False
Spanish,QUIET,n,2.963,32,0.005,0.3682,False
Spanish,SHARP,ɣ,2.365,12,0.005,0.3682,False
Spanish,SHARP,s,-1.849,10,0.005,0.3682,False
Spanish,BIG,β,2.788,7,0.01,0.4909,False
Spanish,DARK,ŋ,2.723,3,0.01,0.4909,False
Spanish,SLOW,ɾ,2.195,122,0.01,0.4909,False
Spanish,BRIGHT,f,2.777,11,0.0199,0.5522,False
Spanish,SLOW,o,-2.052,26,0.0199,0.5522,False
Spanish,DARK,t,-1.891,22,0.0199,0.5522,False
Spanish,DARK,l,1.693,43,0.0149,0.5522,False
Spanish,SMOOTH,s,1.528,77,0.0149,0.5522,False
Spanish,BRIGHT,ɛ,2.49,4,0.0299,0.6311,False
Spanish,FAST,ʝ,2.454,3,0.0249,0.6311,False
Spanish,DARK,d,-1.296,7,0.0348,0.7028,False
Spanish,QUIET,w,1.884,8,0.0398,0.7069,False
Spanish,SMOOTH,ɲ,1.592,6,0.0398,0.7069,False
Spanish,SMALL,ð,1.581,22,0.0398,0.7069,False
Spanish,FAST,p,1.676,31,0.0448,0.7646,False
Spanish,DARK,θ,1.684,20,0.0498,0.7889,False
Spanish,LOUD,u,2.257,12,0.0647,0.846,False
Spanish,LOUD,e,-2.231,9,0.0846,0.846,False
Spanish,BIG,ɡ,2.063,4,0.0846,0.846,False
Spanish,BIG,r,1.984,5,0.0846,0.846,False
Spanish,DARK,o,1.549,110,0.0597,0.846,False
Spanish,SMALL,m,1.489,23,0.0597,0.846,False
Spanish,SHARP,a,1.427,135,0.0896,0.846,False
Spanish,SMALL,d,1.385,12,0.0647,0.846,False
Spanish,SHARP,i,1.347,45,0.0796,0.846,False
Spanish,DARK,b,1.242,18,0.0746,0.846,False
Spanish,SMOOTH,d,1.156,22,0.0896,0.846,False
Spanish,ROUND,k,1.146,45,0.0896,0.846,False
Spanish,SMOOTH,u,-1.063,14,0.0896,0.846,False
Spanish,ROUGH,b,2.293,4,0.1045,0.8526,False
Spanish,ROUGH,ɡ,2.275,3,0.1095,0.8526,False
Spanish,SHARP,p,-1.406,10,0.0995,0.8526,False
Spanish,ROUND,l,1.185,50,0.0995,0.8526,False
Spanish,SHARP,k,1.178,33,0.1095,0.8526,False
Spanish,SMOOTH,m,0.887,39,0.1095,0.8526,False
Spanish,ROUGH,x,2.237,3,0.1144,0.8611,False
Spanish,SMALL,p,1.386,23,0.1144,0.8611,False
Spanish,ROUGH,j,2.131,5,0.1393,0.8836,False
Spanish,BIG,w,2.106,4,0.1244,0.8836,False
Spanish,SHARP,o,-1.224,45,0.1294,0.8836,False
Spanish,FAST,t,-1.2,27,0.1294,0.8836,False
Spanish,SLOW,i,1.193,43,0.1244,0.8836,False
Spanish,SMOOTH,b,-0.957,5,0.1393,0.8836,False
Spanish,SMOOTH,ɣ,-0.953,4,0.1343,0.8836,False
Spanish,ROUND,t,1.055,59,0.1443,0.9022,False
Spanish,SMALL,t,1.289,36,0.1642,0.9388,False
Spanish,SLOW,a,1.162,125,0.1592,0.9388,False
Spanish,DARK,m,1.101,27,0.1592,0.9388,False
Spanish,SMALL,s,1.099,36,0.1592,0.9388,False
Spanish,SMOOTH,r,-0.909,3,0.1692,0.9388,False
Spanish,BIG,i,-1.7,4,0.1791,0.9581,False
Spanish,SMOOTH,e,0.878,127,0.1841,0.973,False
Spanish,ROUND,s,-0.903,29,0.1891,0.976,False
Spanish,DARK,k,-0.954,17,0.194,0.9902,False
Spanish,ROUGH,u,1.903,6,0.2836,1.0,False
Spanish,ROUGH,e,1.822,16,0.2786,1.0,False
Spanish,ROUGH,i,-1.563,3,0.3234,1.0,False
Spanish,LOUD,i,1.523,14,0.3881,1.0,False
Spanish,LOUD,ð,1.487,8,0.2836,1.0,False
Spanish,BIG,ɾ,-1.483,6,0.2985,1.0,False
Spanish,ROUGH,o,1.391,17,0.4179,1.0,False
Spanish,BIG,m,-1.331,3,0.3134,1.0,False
Spanish,LOUD,j,1.289,7,0.408,1.0,False
Spanish,LOUD,r,1.284,5,0.3731,1.0,False
Spanish,BIG,s,-1.246,4,0.4129,1.0,False
Spanish,LOUD,k,1.217,10,0.4328,1.0,False
Spanish,LOUD,t,-1.183,8,0.403,1.0,False
Spanish,BRIGHT,ɾ,1.165,38,0.3383,1.0,False
Spanish,QUIET,f,1.144,8,0.2736,1.0,False
Spanish,SMALL,β,-1.134,4,0.2139,1.0,False
Spanish,BIG,x,1.13,3,0.3881,1.0,False
Spanish,SLOW,ɲ,1.023,3,0.2537,1.0,False
Spanish,BIG,t,1.02,10,0.4776,1.0,False
Spanish,LOUD,θ,1.016,5,0.4726,1.0,False
Spanish,SLOW,l,-1.012,12,0.2488,1.0,False
Spanish,ROUGH,n,-1.007,4,0.602,1.0,False
Spanish,QUIET,m,0.994,13,0.3085,1.0,False
Spanish,BIG,p,-0.983,3,0.4677,1.0,False
Spanish,BIG,l,0.982,8,0.4925,1.0,False
Spanish,BRIGHT,l,-0.967,5,0.5124,1.0,False
Spanish,SHARP,j,-0.958,4,0.2189,1.0,False
Spanish,SMALL,ɾ,-0.955,32,0.2289,1.0,False
Spanish,FAST,ɾ,0.946,92,0.2488,1.0,False
Spanish,ROUGH,s,0.94,7,0.607,1.0,False
Spanish,SHARP,e,-0.914,52,0.2488,1.0,False
Spanish,LOUD,p,-0.906,4,0.592,1.0,False
Spanish,BRIGHT,m,-0.903,6,0.4627,1.0,False
Spanish,BRIGHT,p,0.903,10,0.4826,1.0,False
Spanish,SLOW,m,-0.901,15,0.2886,1.0,False
Spanish,FAST,ð,0.9,23,0.3134,1.0,False
Spanish,ROUND,b,0.89,21,0.204,1.0,False
Spanish,QUIET,j,0.883,10,0.4527,1.0,False
Spanish,QUIET,t,0.874,21,0.408,1.0,False
Spanish,FAST,u,-0.873,11,0.2836,1.0,False
Spanish,ROUND,θ,0.869,22,0.2438,1.0,False
Spanish,LOUD,d,0.864,4,0.602,1.0,False
Spanish,QUIET,l,-0.857,7,0.4129,1.0,False
Spanish,SHARP,m,0.856,25,0.3234,1.0,False
Spanish,FAST,b,-0.85,4,0.3383,1.0,False
Spanish,DARK,j,0.849,20,0.2488,1.0,False
Spanish,SMALL,j,-0.847,4,0.3234,1.0,False
Spanish,ROUND,ɾ,-0.833,59,0.204,1.0,False
Spanish,SMOOTH,l,-0.828,22,0.2488,1.0,False
Spanish,FAST,ɣ,-0.824,3,0.2935,1.0,False
Spanish,BRIGHT,ɣ,0.814,3,0.5174,1.0,False
Spanish,BIG,a,0.796,27,0.6269,1.0,False
Spanish,SMALL,a,-0.786,53,0.3333,1.0,False
Spanish,SMOOTH,p,0.783,38,0.2239,1.0,False
Spanish,LOUD,n,-0.783,8,0.6617,1.0,False
Spanish,SLOW,r,0.766,13,0.3433,1.0,False
Spanish,ROUND,e,-0.759,75,0.2388,1.0,False
Spanish,BRIGHT,s,0.748,16,0.5672,1.0,False
Spanish,SMALL,o,0.744,72,0.3881,1.0,False
Spanish,FAST,o,-0.736,57,0.4378,1.0,False
Spanish,FAST,e,0.735,81,0.3532,1.0,False
Spanish,QUIET,ɾ,-0.734,23,0.4726,1.0,False
Spanish,SLOW,θ,-0.729,9,0.3831,1.0,False
Spanish,BRIGHT,t,0.722,16,0.607,1.0,False
Spanish,BRIGHT,β,-0.719,3,0.597,1.0,False
Spanish,DARK,x,0.717,11,0.3284,1.0,False
Spanish,LOUD,s,0.7,12,0.6716,1.0,False
Spanish,SMALL,x,-0.69,3,0.4129,1.0,False
Spanish,SHARP,ɛ,0.676,5,0.3731,1.0,False
Spanish,BRIGHT,u,-0.674,5,0.5622,1.0,False
Spanish,LOUD,t͡ʃ,0.664,3,0.6468,1.0,False
Spanish,SMOOTH,x,-0.66,6,0.2736,1.0,False
Spanish,BRIGHT,n,-0.659,11,0.5522,1.0,False
Spanish,SMALL,e,0.649,63,0.408,1.0,False
Spanish,FAST,x,-0.649,4,0.4925,1.0,False
Spanish,ROUND,a,0.648,152,0.3184,1.0,False
Spanish,LOUD,m,-0.641,5,0.7015,1.0,False
Spanish,SHARP,ð,-0.636,12,0.3781,1.0,False
Spanish,DARK,e,-0.636,58,0.4179,1.0,False
Spanish,SMALL,i,0.632,31,0.3781,1.0,False
Spanish,SLOW,u,-0.618,13,0.4826,1.0,False
Spanish,SLOW,n,-0.605,28,0.408,1.0,False
Spanish,LOUD,l,0.603,9,0.7065,1.0,False
Spanish,SLOW,p,0.601,23,0.4627,1.0,False
Spanish,SMOOTH,θ,0.597,23,0.3781,1.0,False
Spanish,BRIGHT,x,0.594,4,0.6368,1.0,False
Spanish,SHARP,t,-0.585,31,0.4776,1.0,False
Spanish,SMALL,l,0.584,24,0.5274,1.0,False
Spanish,FAST,θ,0.572,15,0.5423,1.0,False
Spanish,BIG,o,0.57,20,0.6915,1.0,False
Spanish,SMALL,u,-0.568,11,0.5174,1.0,False
Spanish,FAST,i,-0.562,28,0.4876,1.0,False
Spanish,ROUND,x,-0.561,6,0.3632,1.0,False
Spanish,FAST,β,0.559,16,0.4826,1.0,False
Spanish,DARK,p,-0.558,16,0.4876,1.0,False
Spanish,SMALL,θ,-0.544,8,0.4876,1.0,False
Spanish,SHARP,b,0.54,13,0.4975,1.0,False
Spanish,ROUND,r,0.538,16,0.4328,1.0,False
Spanish,FAST,s,-0.526,26,0.602,1.0,False
Spanish,BRIGHT,o,-0.523,24,0.6169,1.0,False
Spanish,SMOOTH,β,0.523,24,0.393,1.0,False
Spanish,SMOOTH,w,0.521,13,0.4229,1.0,False
Spanish,DARK,n,-0.513,30,0.4627,1.0,False
Spanish,ROUND,p,-0.5,22,0.4378,1.0,False
Spanish,SMOOTH,ɡ,-0.497,3,0.408,1.0,False
Spanish,BRIGHT,θ,-0.496,4,0.7363,1.0,False
Spanish,SHARP,ɾ,-0.493,52,0.4925,1.0,False
Spanish,SLOW,d,0.479,12,0.5174,1.0,False
Spanish,QUIET,o,0.475,42,0.7363,1.0,False
Spanish,FAST,a,0.471,107,0.5871,1.0,False
Spanish,DARK,s,-0.456,27,0.5174,1.0,False
Spanish,SLOW,w,-0.456,3,0.602,1.0,False
Spanish,SHARP,l,0.424,28,0.5473,1.0,False
Spanish,SMALL,n,0.419,31,0.6269,1.0,False
Spanish,QUIET,a,-0.417,39,0.6915,1.0,False
Spanish,SMOOTH,k,0.412,42,0.4776,1.0,False
Spanish,ROUND,j,-0.407,12,0.5721,1.0,False
Spanish,SMOOTH,n,-0.407,47,0.5224,1.0,False
Spanish,FAST,n,0.405,39,0.6567,1.0,False
Spanish,DARK,r,0.403,11,0.5323,1.0,False
Spanish,DARK,a,-0.391,80,0.5622,1.0,False
Spanish,FAST,ʎ,-0.383,3,0.6318,1.0,False
Spanish,ROUND,t͡ʃ,-0.38,4,0.5821,1.0,False
Spanish,QUIET,θ,0.373,7,0.7413,1.0,False
Spanish,SMOOTH,a,-0.371,122,0.602,1.0,False
Spanish,SLOW,s,-0.371,27,0.6368,1.0,False
Spanish,SHARP,t͡ʃ,0.37,8,0.607,1.0,False
Spanish,DARK,i,-0.367,30,0.6567,1.0,False
Spanish,ROUND,m,-0.364,25,0.592,1.0,False
Spanish,SMOOTH,ɾ,0.364,116,0.5274,1.0,False
Spanish,SLOW,b,-0.364,7,0.6517,1.0,False
Spanish,DARK,u,-0.355,16,0.6866,1.0,False
Spanish,SMOOTH,ð,0.338,29,0.607,1.0,False
Spanish,QUIET,s,0.336,18,0.7612,1.0,False
Spanish,SLOW,f,-0.324,5,0.7015,1.0,False
Spanish,SMALL,ɣ,0.322,5,0.6716,1.0,False
Spanish,SMOOTH,t,-0.322,51,0.6468,1.0,False
Spanish,ROUND,f,-0.321,7,0.6866,1.0,False
Spanish,SLOW,β,-0.319,10,0.7214,1.0,False
Spanish,QUIET,i,-0.319,15,0.806,1.0,False
Spanish,BIG,e,0.317,17,0.8109,1.0,False
Spanish,SMALL,b,-0.311,6,0.7413,1.0,False
Spanish,ROUND,d,0.306,16,0.5821,1.0,False
Spanish,ROUGH,ɾ,0.306,12,0.8706,1.0,False
Spanish,FAST,d,-0.301,10,0.7512,1.0,False
Spanish,SMOOTH,j,-0.297,15,0.6468,1.0,False
Spanish,DARK,ɾ,-0.283,59,0.6866,1.0,False
Spanish,ROUGH,ð,0.282,3,0.8358,1.0,False
Spanish,FAST,j,-0.281,10,0.6915,1.0,False
Spanish,SLOW,ɣ,0.28,6,0.7711,1.0,False
Spanish,ROUND,β,0.262,19,0.7214,1.0,False
Spanish,BIG,u,0.259,5,0.806,1.0,False
Spanish,DARK,ð,-0.252,15,0.8308,1.0,False
Spanish,ROUND,i,0.249,48,0.6318,1.0,False
Spanish,BRIGHT,i,-0.248,12,0.8657,1.0,False
Spanish,FAST,m,0.248,22,0.791,1.0,False
Spanish,BRIGHT,j,-0.245,4,0.8756,1.0,False
Spanish,FAST,l,-0.245,21,0.7562,1.0,False
Spanish,QUIET,k,0.238,13,0.8507,1.0,False
Spanish,DARK,t͡ʃ,-0.234,4,0.7313,1.0,False
Spanish,SMOOTH,f,-0.224,9,0.6866,1.0,False
Spanish,SMALL,ɛ,0.223,3,0.8259,1.0,False
Spanish,BRIGHT,e,0.217,28,0.8706,1.0,False
Spanish,DARK,f,-0.217,6,0.7313,1.0,False
Spanish,SLOW,k,-0.213,22,0.806,1.0,False
Spanish,DARK,ʎ,-0.212,4,0.7811,1.0,False
Spanish,FAST,f,-0.212,6,0.8109,1.0,False
Spanish,SMALL,k,-0.21,18,0.791,1.0,False
Spanish,DARK,ɣ,0.202,6,0.796,1.0,False
Spanish,BRIGHT,d,-0.199,4,0.8856,1.0,False
Spanish,LOUD,ɾ,-0.196,18,0.9055,1.0,False
Spanish,ROUGH,t,0.192,6,0.9104,1.0,False
Spanish,ROUND,ɣ,0.189,8,0.7413,1.0,False
Spanish,SLOW,x,0.189,8,0.801,1.0,False
Spanish,ROUND,o,-0.184,94,0.7065,1.0,False
Spanish,SMOOTH,i,-0.183,48,0.7512,1.0,False
Spanish,FAST,k,-0.175,23,0.806,1.0,False
Spanish,FAST,r,-0.173,7,0.791,1.0,False
Spanish,SLOW,ð,-0.171,15,0.8109,1.0,False
Spanish,SHARP,x,0.167,8,0.8557,1.0,False
Spanish,ROUND,u,-0.157,24,0.8209,1.0,False
Spanish,BRIGHT,k,-0.149,9,0.8856,1.0,False
Spanish,SHARP,ɡ,-0.148,4,0.8607,1.0,False
Spanish,SHARP,r,0.144,9,0.8408,1.0,False
Spanish,SLOW,ɡ,-0.139,4,0.8905,1.0,False
Spanish,ROUND,n,0.136,49,0.8209,1.0,False
Spanish,BRIGHT,a,-0.136,34,0.9204,1.0,False
Spanish,QUIET,u,-0.118,9,0.9353,1.0,False
Spanish,SMOOTH,ʎ,-0.103,7,0.8557,1.0,False
Spanish,BRIGHT,b,0.1,4,0.9453,1.0,False
Spanish,SHARP,w,-0.098,5,0.9254,1.0,False
Spanish,LOUD,a,0.092,28,0.9403,1.0,False
Spanish,SHARP,d,0.091,11,0.9055,1.0,False
Spanish,ROUND,ɡ,-0.086,6,0.8756,1.0,False
Spanish,SLOW,e,-0.083,65,0.9353,1.0,False
Spanish,QUIET,ð,-0.077,8,0.9602,1.0,False
Spanish,QUIET,p,0.074,10,0.9303,1.0,False
Spanish,DARK,β,-0.07,12,0.8955,1.0,False
Spanish,SHARP,n,0.068,35,0.9403,1.0,False
Spanish,ROUGH,k,0.065,4,0.9701,1.0,False
Spanish,ROUND,ɛ,-0.063,4,0.9353,1.0,False
Spanish,SHARP,θ,-0.062,12,0.9453,1.0,False
Spanish,ROUND,ð,-0.054,22,0.9652,1.0,False
Spanish,ROUND,w,0.052,8,0.9154,1.0,False
Spanish,QUIET,β,-0.043,6,0.9502,1.0,False
Spanish,SMOOTH,o,-0.041,111,0.9403,1.0,False
Spanish,LOUD,o,0.031,22,0.99,1.0,False
Spanish,SLOW,t,0.03,35,0.9801,1.0,False
Spanish,SHARP,β,-0.026,12,0.9751,1.0,False
Spanish,SMALL,ʎ,-0.023,4,0.9602,1.0,False
Spanish,BIG,n,-0.018,8,0.995,1.0,False
Spanish,SHARP,u,0.007,19,0.9851,1.0,False
Spanish,QUIET,e,0.007,34,0.995,1.0,False
Spanish,SMALL,f,-0.001,6,1.0,1.0,False
Spanish,ROUND,ʎ,0.001,7,1.0,1.0,False
Swahili,BIG,u,2.882,41,0.005,0.199,False
Swahili,SLOW,k,2.478,67,0.005,0.199,False
Swahili,SMALL,n,2.264,39,0.005,0.199,False
Swahili,FAST,h,2.088,19,0.005,0.199,False
Swahili,SMOOTH,h,2.073,26,0.005,0.199,False
Swahili,SHARP,a,-1.809,72,0.005,0.199,False
Swahili,SMOOTH,a,1.794,227,0.005,0.199,False
Swahili,ROUND,b,1.617,48,0.005,0.199,False
Swahili,SHARP,o,2.069,49,0.01,0.3582,False
Swahili,QUIET,j,2.553,4,0.0199,0.4478,False
Swahili,BIG,b,2.151,15,0.0348,0.4478,False
Swahili,QUIET,d,2.137,7,0.0299,0.4478,False
Swahili,DARK,ɲ,1.937,11,0.0249,0.4478,False
Swahili,BIG,i,-1.867,15,0.0299,0.4478,False
Swahili,SMALL,f,1.819,15,0.0149,0.4478,False
Swahili,DARK,t͡ʃ,1.755,13,0.0199,0.4478,False
Swahili,DARK,k,-1.641,11,0.0398,0.4478,False
Swahili,SHARP,e,1.571,52,0.0199,0.4478,False
Swahili,SHARP,l,1.5,31,0.0199,0.4478,False
Swahili,SLOW,ŋ,1.476,14,0.0398,0.4478,False
Swahili,ROUND,w,-1.452,6,0.0348,0.4478,False
Swahili,SLOW,p,1.445,19,0.0299,0.4478,False
Swahili,ROUND,p,1.437,28,0.0348,0.4478,False
Swahili,SLOW,w,-1.305,5,0.0348,0.4478,False
Swahili,SMOOTH,u,-1.203,43,0.0348,0.4478,False
Swahili,SMOOTH,n,1.177,54,0.0199,0.4478,False
Swahili,SMOOTH,w,1.113,34,0.0398,0.4478,False
Swahili,SMOOTH,p,-1.075,6,0.0398,0.4478,False
Swahili,BRIGHT,ɲ,1.975,4,0.0448,0.4885,False
Swahili,BRIGHT,ɡ,2.14,8,0.0547,0.5795,False
Swahili,DARK,ŋ,1.388,11,0.0647,0.6468,False
Swahili,FAST,w,1.28,26,0.0647,0.6468,False
Swahili,ROUND,m,1.053,65,0.0746,0.6889,False
Swahili,SMOOTH,l,0.817,36,0.0746,0.6889,False
Swahili,SLOW,z,1.324,19,0.0796,0.692,False
Swahili,SLOW,i,-1.276,49,0.0846,0.692,False
Swahili,SLOW,ɡ,1.199,21,0.0846,0.692,False
Swahili,FAST,ɡ,-1.082,6,0.0846,0.692,False
Swahili,SMOOTH,s,0.901,40,0.0796,0.692,False
Swahili,SMALL,w,-1.212,5,0.0945,0.724,False
Swahili,LOUD,s,2.263,8,0.1095,0.7772,False
Swahili,FAST,e,1.061,47,0.1144,0.7772,False
Swahili,SHARP,p,1.041,19,0.1045,0.7772,False
Swahili,SMOOTH,ɟ,-0.767,5,0.1144,0.7772,False
Swahili,FAST,n,-1.003,12,0.1194,0.7855,False
Swahili,FAST,z,-0.904,7,0.1244,0.7855,False
Swahili,ROUND,i,-0.892,83,0.1244,0.7855,False
Swahili,SMALL,t,1.1,23,0.1343,0.8221,False
Swahili,ROUND,e,0.883,54,0.1393,0.8221,False
Swahili,LOUD,t,1.938,7,0.1642,0.8471,False
Swahili,QUIET,l,1.512,7,0.1741,0.8471,False
Swahili,SLOW,u,0.957,67,0.1692,0.8471,False
Swahili,SLOW,s,-0.924,5,0.1542,0.8471,False
Swahili,SLOW,l,-0.912,8,0.1692,0.8471,False
Swahili,ROUND,r,0.898,35,0.1692,0.8471,False
Swahili,FAST,ŋ,-0.867,5,0.1542,0.8471,False
Swahili,SHARP,d,0.812,20,0.1741,0.8471,False
Swahili,SMOOTH,e,-0.776,26,0.1741,0.8471,False
Swahili,SMOOTH,j,0.823,13,0.1791,0.8597,False
Swahili,FAST,k,0.875,56,0.1841,0.8606,False
Swahili,SMOOTH,m,-0.723,41,0.1891,0.8615,False
Swahili,BIG,v,1.209,5,0.2189,0.8855,False
Swahili,BIG,t͡ʃ,1.118,5,0.2139,0.8855,False
Swahili,DARK,a,-0.993,64,0.2139,0.8855,False
Swahili,DARK,l,0.907,18,0.204,0.8855,False
Swahili,DARK,m,0.882,34,0.2139,0.8855,False
Swahili,FAST,f,0.79,14,0.209,0.8855,False
Swahili,ROUND,z,-0.737,10,0.2189,0.8855,False
Swahili,SHARP,w,-0.724,10,0.2189,0.8855,False
Swahili,SMOOTH,r,-0.681,12,0.199,0.8855,False
Swahili,SMOOTH,k,-0.655,44,0.2189,0.8855,False
Swahili,QUIET,i,1.683,27,0.2239,0.8857,False
Swahili,ROUND,d,0.654,24,0.2239,0.8857,False
Swahili,DARK,w,0.828,15,0.2289,0.8859,False
Swahili,QUIET,m,1.627,13,0.2338,0.8861,False
Swahili,BIG,ɟ,1.101,6,0.2338,0.8861,False
Swahili,BRIGHT,ŋ,1.431,4,0.2438,0.8955,False
Swahili,SHARP,k,0.799,52,0.2438,0.8955,False
Swahili,SLOW,r,-0.796,6,0.2488,0.8955,False
Swahili,SLOW,b,-0.776,8,0.2587,0.8955,False
Swahili,SMALL,p,-0.749,5,0.2687,0.8955,False
Swahili,ROUND,ŋ,-0.722,7,0.2438,0.8955,False
Swahili,SMOOTH,i,0.594,140,0.2637,0.8955,False
Swahili,SMOOTH,v,-0.574,4,0.2687,0.8955,False
Swahili,SHARP,t,-0.562,12,0.2637,0.8955,False
Swahili,SMOOTH,b,-0.561,17,0.2687,0.8955,False
Swahili,BRIGHT,a,1.38,37,0.2886,0.9033,False
Swahili,QUIET,o,1.31,9,0.2836,0.9033,False
Swahili,BRIGHT,f,1.235,4,0.2836,0.9033,False
Swahili,BIG,l,-0.964,3,0.2836,0.9033,False
Swahili,DARK,z,-0.834,5,0.2836,0.9033,False
Swahili,SHARP,ɡ,0.687,20,0.2736,0.9033,False
Swahili,ROUND,f,-0.557,7,0.2985,0.9185,False
Swahili,SMOOTH,o,-0.549,26,0.2985,0.9185,False
Swahili,LOUD,t͡ʃ,1.426,3,0.3433,0.9221,False
Swahili,LOUD,z,1.34,4,0.3284,0.9221,False
Swahili,LOUD,i,1.207,20,0.3831,0.9221,False
Swahili,QUIET,s,1.195,7,0.3682,0.9221,False
Swahili,QUIET,n,1.035,8,0.4378,0.9221,False
Swahili,BIG,f,1.005,5,0.3184,0.9221,False
Swahili,LOUD,a,0.968,25,0.4229,0.9221,False
Swahili,BRIGHT,n,-0.96,3,0.4577,0.9221,False
Swahili,QUIET,u,-0.934,8,0.4776,0.9221,False
Swahili,QUIET,a,-0.901,21,0.4328,0.9221,False
Swahili,BRIGHT,ɟ,0.891,4,0.3731,0.9221,False
Swahili,QUIET,e,-0.787,4,0.4776,0.9221,False
Swahili,BIG,n,-0.737,5,0.3881,0.9221,False
Swahili,BIG,m,0.731,16,0.4577,0.9221,False
Swahili,BIG,w,0.69,7,0.3781,0.9221,False
Swahili,SLOW,m,-0.687,25,0.3682,0.9221,False
Swahili,DARK,ɟ,0.674,10,0.3682,0.9221,False
Swahili,BIG,r,-0.644,3,0.4925,0.9221,False
Swahili,DARK,n,-0.642,11,0.4378,0.9221,False
Swahili,ROUND,v,-0.638,3,0.3134,0.9221,False
Swahili,SLOW,t͡ʃ,0.63,10,0.3433,0.9221,False
Swahili,SLOW,ɟ,-0.613,4,0.3831,0.9221,False
Swahili,SLOW,n,-0.607,14,0.3483,0.9221,False
Swahili,SLOW,e,0.602,33,0.3682,0.9221,False
Swahili,FAST,ʃ,0.595,11,0.3682,0.9221,False
Swahili,SLOW,t,0.587,21,0.3483,0.9221,False
Swahili,DARK,o,0.58,22,0.398,0.9221,False
Swahili,DARK,d,-0.553,6,0.4279,0.9221,False
Swahili,DARK,i,0.542,67,0.4279,0.9221,False
Swahili,FAST,r,0.526,24,0.3682,0.9221,False
Swahili,SMALL,r,-0.514,8,0.4826,0.9221,False
Swahili,ROUND,t,0.512,30,0.3831,0.9221,False
Swahili,SMALL,l,-0.508,10,0.4478,0.9221,False
Swahili,SMALL,m,0.505,34,0.4975,0.9221,False
Swahili,DARK,ɡ,0.504,13,0.5174,0.9221,False
Swahili,FAST,i,-0.498,77,0.4378,0.9221,False
Swahili,ROUND,o,0.497,39,0.3781,0.9221,False
Swahili,DARK,t,-0.484,9,0.4328,0.9221,False
Swahili,FAST,m,-0.481,33,0.4577,0.9221,False
Swahili,SLOW,d,-0.476,8,0.4478,0.9221,False
Swahili,SHARP,f,-0.462,6,0.4428,0.9221,False
Swahili,FAST,o,-0.461,20,0.4279,0.9221,False
Swahili,FAST,l,-0.46,14,0.4328,0.9221,False
Swahili,SHARP,r,-0.454,11,0.408,0.9221,False
Swahili,SHARP,b,-0.453,13,0.4577,0.9221,False
Swahili,FAST,s,-0.452,12,0.4726,0.9221,False
Swahili,SMOOTH,ɲ,-0.442,4,0.4677,0.9221,False
Swahili,SMALL,a,-0.441,81,0.5124,0.9221,False
Swahili,SMOOTH,d,-0.421,14,0.4627,0.9221,False
Swahili,SLOW,a,0.412,108,0.5174,0.9221,False
Swahili,SHARP,s,-0.401,12,0.5025,0.9221,False
Swahili,ROUND,l,-0.38,18,0.4876,0.9221,False
Swahili,FAST,a,0.379,130,0.5124,0.9221,False
Swahili,SMOOTH,z,0.347,22,0.5075,0.9221,False
Swahili,ROUND,ɡ,-0.343,15,0.4876,0.9221,False
Swahili,SMOOTH,f,0.284,15,0.4876,0.9221,False
Swahili,QUIET,p,0.866,4,0.5274,0.9348,False
Swahili,SMALL,t͡ʃ,-0.388,4,0.5323,0.9348,False
Swahili,SMOOTH,ɡ,-0.336,17,0.5323,0.9348,False
Swahili,SHARP,ʃ,0.373,9,0.5423,0.9386,False
Swahili,SMALL,ɲ,0.471,6,0.5522,0.9422,False
Swahili,BIG,d,0.508,6,0.5672,0.9448,False
Swahili,SMALL,d,0.42,13,0.5721,0.9448,False
Swahili,SHARP,z,-0.412,10,0.5721,0.9448,False
Swahili,SLOW,ʃ,0.403,8,0.5721,0.9448,False
Swahili,ROUND,k,-0.342,45,0.5622,0.9448,False
Swahili,ROUND,ɲ,0.34,9,0.5622,0.9448,False
Swahili,ROUND,t͡ʃ,-0.339,7,0.5622,0.9448,False
Swahili,FAST,p,0.362,15,0.5821,0.9482,False
Swahili,ROUND,u,-0.355,62,0.5821,0.9482,False
Swahili,FAST,d,-0.328,11,0.592,0.9601,False
Swahili,LOUD,o,-0.673,3,0.6716,0.9687,False
Swahili,BRIGHT,w,-0.464,3,0.6567,0.9687,False
Swahili,BRIGHT,z,0.45,4,0.6766,0.9687,False
Swahili,BIG,p,-0.422,3,0.6219,0.9687,False
Swahili,SMALL,z,-0.371,8,0.607,0.9687,False
Swahili,DARK,ʃ,-0.356,3,0.602,0.9687,False
Swahili,SLOW,f,-0.308,6,0.6866,0.9687,False
Swahili,FAST,v,0.301,9,0.6617,0.9687,False
Swahili,SHARP,m,0.291,41,0.6617,0.9687,False
Swahili,SHARP,i,0.289,90,0.6169,0.9687,False
Swahili,FAST,ɲ,0.274,7,0.6716,0.9687,False
Swahili,DARK,e,0.246,23,0.6915,0.9687,False
Swahili,SHARP,v,-0.235,5,0.6866,0.9687,False
Swahili,SMALL,e,0.291,26,0.7114,0.9738,False
Swahili,SMALL,ŋ,-0.255,6,0.7114,0.9738,False
Swahili,BRIGHT,i,-0.389,19,0.7214,0.9763,False
Swahili,DARK,f,-0.269,5,0.7214,0.9763,False
Swahili,BRIGHT,e,0.449,9,0.7363,0.9781,False
Swahili,BRIGHT,o,-0.388,5,0.7313,0.9781,False
Swahili,FAST,u,-0.262,53,0.7313,0.9781,False
Swahili,ROUND,n,0.202,33,0.7264,0.9781,False
Swahili,ROUND,ʃ,-0.175,7,0.7363,0.9781,False
Swahili,BRIGHT,u,-0.383,12,0.7711,0.9943,False
Swahili,QUIET,k,-0.306,8,0.7861,0.9943,False
Swahili,BRIGHT,k,-0.294,9,0.7662,0.9943,False
Swahili,SLOW,o,-0.22,19,0.801,0.9943,False
Swahili,SMALL,ɟ,-0.198,6,0.791,0.9943,False
Swahili,SHARP,ŋ,-0.195,8,0.7861,0.9943,False
Swahili,SMALL,i,-0.19,62,0.796,0.9943,False
Swahili,FAST,b,-0.186,17,0.796,0.9943,False
Swahili,FAST,t,-0.171,17,0.796,0.9943,False
Swahili,ROUND,a,-0.169,142,0.7711,0.9943,False
Swahili,ROUND,s,-0.169,19,0.7861,0.9943,False
Swahili,FAST,ɟ,0.166,11,0.796,0.9943,False
Swahili,FAST,t͡ʃ,0.156,9,0.7761,0.9943,False
Swahili,SMALL,k,0.155,33,0.801,0.9943,False
Swahili,ROUGH,i,0.799,4,0.8159,0.995,False
Swahili,ROUGH,a,-0.575,4,0.8657,0.995,False
Swahili,LOUD,d,0.391,3,0.8159,0.995,False
Swahili,QUIET,w,-0.269,3,0.8259,0.995,False
Swahili,QUIET,r,-0.26,3,0.8806,0.995,False
Swahili,BRIGHT,s,0.254,5,0.8706,0.995,False
Swahili,BIG,t,0.229,7,0.8308,0.995,False
Swahili,DARK,ð,0.209,3,0.8109,0.995,False
Swahili,BRIGHT,t,0.181,5,0.8706,0.995,False
Swahili,LOUD,b,-0.158,3,0.9502,0.995,False
Swahili,LOUD,w,0.158,3,0.9254,0.995,False
Swahili,SMALL,u,-0.152,41,0.8408,0.995,False
Swahili,DARK,u,-0.152,37,0.8458,0.995,False
Swahili,SMOOTH,ŋ,0.147,14,0.806,0.995,False
Swahili,SHARP,n,0.145,25,0.8259,0.995,False
Swahili,DARK,b,0.138,14,0.8905,0.995,False
Swahili,BRIGHT,m,-0.13,9,0.9055,0.995,False
Swahili,SMALL,ɡ,0.121,12,0.8706,0.995,False
Swahili,LOUD,k,-0.114,7,0.9502,0.995,False
Swahili,BIG,o,-0.1,8,0.8955,0.995,False
Swahili,DARK,s,-0.095,11,0.9303,0.995,False
Swahili,SHARP,u,-0.092,54,0.8905,0.995,False
Swahili,SMOOTH,ð,0.09,5,0.9353,0.995,False
Swahili,SMALL,b,0.081,15,0.8955,0.995,False
Swahili,DARK,h,-0.074,3,0.9204,0.995,False
Swahili,SMOOTH,t,0.065,27,0.8856,0.995,False
Swahili,DARK,r,0.053,12,0.9254,0.995,False
Swahili,LOUD,u,-0.053,10,0.9701,0.995,False
Swahili,BRIGHT,r,-0.048,4,0.9652,0.995,False
Swahili,BIG,ŋ,-0.046,3,0.9552,0.995,False
Swahili,BIG,a,-0.045,39,0.9652,0.995,False
Swahili,DARK,p,-0.042,8,0.9552,0.995,False
Swahili,BIG,k,0.041,14,0.9652,0.995,False
Swahili,ROUND,ɟ,0.019,12,0.9801,0.995,False
Swahili,BIG,ɡ,0.012,5,0.9851,0.995,False
Swahili,SMALL,s,-0.008,13,0.9801,0.995,False
Swahili,SMALL,o,-0.003,19,0.995,0.995,False
Thai,BIG,u,2.861,19,0.005,0.3317,False
Thai,BRIGHT,ɜ,2.549,43,0.005,0.3317,False
Thai,SLOW,p,2.534,24,0.01,0.3317,False
Thai,SLOW,e,2.385,34,0.01,0.3317,False
Thai,SMOOTH,c,2.162,34,0.005,0.3317,False
Thai,SHARP,k,2.062,83,0.01,0.3317,False
Thai,FAST,ɹ,2.019,23,0.01,0.3317,False
Thai,SMOOTH,a͡i,1.778,29,0.005,0.3317,False
Thai,SHARP,h,1.709,124,0.01,0.3317,False
Thai,SHARP,s,-1.726,72,0.0149,0.4478,False
Thai,SMOOTH,l,-1.311,11,0.0249,0.6784,False
Thai,LOUD,r,2.638,6,0.0448,0.6858,False
Thai,SLOW,m,-2.043,10,0.0299,0.6858,False
Thai,SLOW,ʔ,1.856,22,0.0597,0.6858,False
Thai,BIG,a,-1.851,37,0.0647,0.6858,False
Thai,SLOW,a,-1.835,60,0.0647,0.6858,False
Thai,BRIGHT,b,1.743,9,0.0697,0.6858,False
Thai,QUIET,f,1.605,7,0.0746,0.6858,False
Thai,FAST,c,1.576,19,0.0299,0.6858,False
Thai,SMALL,s,1.464,106,0.0448,0.6858,False
Thai,FAST,n,-1.428,48,0.0597,0.6858,False
Thai,DARK,d,-1.387,8,0.0846,0.6858,False
Thai,FAST,ɜ,-1.311,40,0.0597,0.6858,False
Thai,SHARP,j,-1.251,6,0.0348,0.6858,False
Thai,ROUND,k,1.219,84,0.0498,0.6858,False
Thai,SMALL,t,-1.215,12,0.0846,0.6858,False
Thai,DARK,s,1.204,103,0.0647,0.6858,False
Thai,SMOOTH,w,-1.175,12,0.0448,0.6858,False
Thai,ROUND,a,1.137,298,0.0746,0.6858,False
Thai,SHARP,m,1.129,67,0.0846,0.6858,False
Thai,FAST,ʔ,-1.119,19,0.0796,0.6858,False
Thai,SMOOTH,ɹ,1.103,27,0.0547,0.6858,False
Thai,SMOOTH,t,1.073,50,0.0846,0.6858,False
Thai,SHARP,ɹ,-1.049,8,0.0846,0.6858,False
Thai,SMOOTH,s,-0.978,102,0.0746,0.6858,False
Thai,FAST,r,1.166,17,0.0896,0.6889,False
Thai,SMOOTH,a,-0.973,223,0.0896,0.6889,False
Thai,DARK,m,-1.173,28,0.0995,0.6942,False
Thai,ROUND,ɹ,1.141,29,0.0945,0.6942,False
Thai,SMOOTH,ɜ,0.916,96,0.1045,0.7123,False
Thai,SLOW,k,-1.584,10,0.1194,0.7463,False
Thai,QUIET,d,-1.44,6,0.1194,0.7463,False
Thai,QUIET,ɡ,1.347,34,0.1244,0.7463,False
Thai,FAST,f,1.243,8,0.1144,0.7463,False
Thai,SMALL,n,1.18,73,0.1244,0.7463,False
Thai,SMOOTH,e,0.824,82,0.1144,0.7463,False
Thai,LOUD,ɡ,2.232,13,0.1294,0.7609,False
Thai,ROUGH,w,2.485,3,0.2488,0.7893,False
Thai,ROUGH,d,2.411,3,0.2537,0.7893,False
Thai,LOUD,h,-1.909,9,0.194,0.7893,False
Thai,BIG,t,1.356,10,0.2189,0.7893,False
Thai,BRIGHT,n,-1.343,26,0.1692,0.7893,False
Thai,BRIGHT,p,1.331,20,0.1443,0.7893,False
Thai,SLOW,t,1.311,16,0.204,0.7893,False
Thai,BRIGHT,h,-1.296,26,0.1741,0.7893,False
Thai,SLOW,s,-1.291,28,0.1841,0.7893,False
Thai,BRIGHT,w,-1.222,4,0.1741,0.7893,False
Thai,QUIET,n,1.209,59,0.204,0.7893,False
Thai,SLOW,n,-1.197,23,0.2488,0.7893,False
Thai,SLOW,a͡i,1.167,7,0.2239,0.7893,False
Thai,DARK,ʔ,-1.113,18,0.1642,0.7893,False
Thai,BRIGHT,a͡i,1.11,8,0.2488,0.7893,False
Thai,DARK,a,1.085,175,0.1642,0.7893,False
Thai,QUIET,e,-1.073,22,0.199,0.7893,False
Thai,SMALL,j,1.028,33,0.1692,0.7893,False
Thai,QUIET,ʔ,1.007,30,0.2587,0.7893,False
Thai,FAST,ɡ,-0.991,12,0.1692,0.7893,False
Thai,BRIGHT,ʔ,0.956,21,0.2736,0.7893,False
Thai,FAST,e,-0.951,31,0.1741,0.7893,False
Thai,FAST,i,-0.893,6,0.2587,0.7893,False
Thai,ROUND,l,0.876,36,0.1642,0.7893,False
Thai,SHARP,b,0.869,19,0.1443,0.7893,False
Thai,FAST,h,0.866,80,0.209,0.7893,False
Thai,SMALL,e,-0.856,30,0.194,0.7893,False
Thai,FAST,a,0.851,181,0.2537,0.7893,False
Thai,DARK,l,0.838,21,0.2587,0.7893,False
Thai,ROUND,o,0.818,13,0.1791,0.7893,False
Thai,ROUND,a͡i,-0.808,5,0.1393,0.7893,False
Thai,ROUND,h,-0.791,90,0.2239,0.7893,False
Thai,ROUND,t,0.786,49,0.2438,0.7893,False
Thai,SHARP,n,-0.769,75,0.1791,0.7893,False
Thai,SMALL,r,-0.739,4,0.2687,0.7893,False
Thai,ROUND,c,-0.736,8,0.2488,0.7893,False
Thai,SMALL,ɜ,-0.725,43,0.2736,0.7893,False
Thai,SHARP,a͡i,-0.714,5,0.2736,0.7893,False
Thai,ROUND,j,-0.706,19,0.2537,0.7893,False
Thai,SHARP,e,0.698,71,0.2687,0.7893,False
Thai,SMOOTH,o,-0.628,4,0.2537,0.7893,False
Thai,ROUGH,j,2.425,4,0.3035,0.8202,False
Thai,BRIGHT,f,1.119,4,0.2886,0.8202,False
Thai,BRIGHT,s,1.019,56,0.2985,0.8202,False
Thai,BRIGHT,e,-0.872,17,0.2985,0.8202,False
Thai,QUIET,w,-0.872,8,0.2985,0.8202,False
Thai,ROUND,m,-0.633,55,0.2935,0.8202,False
Thai,SLOW,h,0.975,37,0.3085,0.8262,False
Thai,SHARP,d,0.667,35,0.3184,0.8453,False
Thai,DARK,j,-0.801,10,0.3284,0.8492,False
Thai,DARK,r,-0.749,4,0.3284,0.8492,False
Thai,FAST,b,-0.7,9,0.3234,0.8492,False
Thai,SMALL,c,-0.674,5,0.3383,0.8601,False
Thai,ROUND,e,-0.553,58,0.3383,0.8601,False
Thai,BIG,m,1.149,14,0.3532,0.8686,False
Thai,BIG,k,-0.986,8,0.3483,0.8686,False
Thai,ROUND,ʔ,-0.577,39,0.3532,0.8686,False
Thai,SHARP,p,-0.532,19,0.3532,0.8686,False
Thai,SMALL,w,0.57,22,0.3582,0.8737,False
Thai,LOUD,l,1.496,6,0.3632,0.8787,False
Thai,BRIGHT,d,-0.833,7,0.3682,0.8836,False
Thai,BRIGHT,k,-0.838,16,0.3781,0.884,False
Thai,DARK,t,0.676,28,0.3731,0.884,False
Thai,SHARP,l,0.631,28,0.3831,0.884,False
Thai,SMALL,a͡i,-0.619,4,0.3781,0.884,False
Thai,BIG,ʔ,0.922,11,0.398,0.8978,False
Thai,QUIET,b,0.638,10,0.393,0.8978,False
Thai,FAST,m,0.585,45,0.398,0.8978,False
Thai,DARK,e,-0.652,33,0.408,0.9085,False
Thai,FAST,k,0.622,46,0.4179,0.9085,False
Thai,SMALL,p,-0.543,13,0.4129,0.9085,False
Thai,DARK,u,-0.504,14,0.4279,0.9234,False
Thai,BIG,a͡i,0.981,4,0.4478,0.9264,False
Thai,SLOW,b,-0.757,4,0.4328,0.9264,False
Thai,SLOW,ɡ,-0.751,7,0.4378,0.9264,False
Thai,ROUND,r,-0.447,10,0.4478,0.9264,False
Thai,SHARP,u,0.395,39,0.4478,0.9264,False
Thai,ROUGH,m,1.671,4,0.5075,0.9482,False
Thai,ROUGH,n,1.459,6,0.5373,0.9482,False
Thai,LOUD,k,-1.145,6,0.5025,0.9482,False
Thai,BRIGHT,ɹ,-0.762,4,0.4776,0.9482,False
Thai,BIG,ɜ,-0.712,13,0.5025,0.9482,False
Thai,BRIGHT,i,-0.659,4,0.4925,0.9482,False
Thai,SMALL,ɹ,-0.571,8,0.4826,0.9482,False
Thai,QUIET,k,0.569,34,0.4975,0.9482,False
Thai,QUIET,t,-0.559,14,0.5373,0.9482,False
Thai,FAST,j,0.552,29,0.4726,0.9482,False
Thai,SLOW,i,0.543,7,0.5224,0.9482,False
Thai,FAST,w,0.497,23,0.4627,0.9482,False
Thai,FAST,p,-0.462,15,0.5274,0.9482,False
Thai,DARK,h,0.455,70,0.4925,0.9482,False
Thai,SMALL,l,0.424,18,0.5274,0.9482,False
Thai,SMALL,a,0.415,161,0.5075,0.9482,False
Thai,ROUND,ɜ,0.392,93,0.5174,0.9482,False
Thai,ROUND,i,0.382,23,0.4975,0.9482,False
Thai,SHARP,r,-0.382,9,0.5224,0.9482,False
Thai,ROUND,b,0.373,20,0.5373,0.9482,False
Thai,SMOOTH,ɡ,-0.346,32,0.5124,0.9482,False
Thai,SMOOTH,h,0.328,109,0.5323,0.9482,False
Thai,BRIGHT,a,0.638,94,0.5473,0.949,False
Thai,ROUND,f,-0.397,3,0.5423,0.949,False
Thai,SMOOTH,r,0.307,17,0.5473,0.949,False
Thai,LOUD,n,0.964,17,0.5622,0.9513,False
Thai,LOUD,i,0.915,4,0.5672,0.9513,False
Thai,BRIGHT,t,-0.544,10,0.5771,0.9513,False
Thai,SLOW,u,0.515,14,0.5572,0.9513,False
Thai,DARK,w,0.412,21,0.5721,0.9513,False
Thai,ROUND,p,-0.363,26,0.5672,0.9513,False
Thai,SMALL,ɡ,0.35,29,0.5721,0.9513,False
Thai,BIG,d,0.547,7,0.607,0.9533,False
Thai,QUIET,a͡i,-0.452,4,0.607,0.9533,False
Thai,QUIET,o,0.437,5,0.597,0.9533,False
Thai,QUIET,u,-0.427,12,0.602,0.9533,False
Thai,QUIET,c,0.424,9,0.607,0.9533,False
Thai,DARK,i,-0.356,9,0.5871,0.9533,False
Thai,SHARP,ɜ,-0.323,68,0.602,0.9533,False
Thai,ROUND,n,-0.296,98,0.592,0.9533,False
Thai,DARK,n,0.352,65,0.6119,0.9562,False
Thai,LOUD,e,0.766,12,0.6318,0.9622,False
Thai,SLOW,c,-0.469,3,0.6318,0.9622,False
Thai,QUIET,l,-0.438,10,0.6269,0.9622,False
Thai,SLOW,w,0.391,10,0.6219,0.9622,False
Thai,ROUND,w,0.302,34,0.6269,0.9622,False
Thai,FAST,l,-0.346,14,0.6368,0.9649,False
Thai,QUIET,s,-0.389,59,0.6517,0.9727,False
Thai,SHARP,w,-0.244,22,0.6517,0.9727,False
Thai,ROUGH,ɜ,-1.229,3,0.6716,0.9781,False
Thai,BIG,h,0.51,21,0.6716,0.9781,False
Thai,FAST,a͡i,0.296,10,0.6716,0.9781,False
Thai,SHARP,ʔ,0.26,44,0.6667,0.9781,False
Thai,SHARP,t,-0.24,29,0.6766,0.9806,False
Thai,ROUGH,s,1.201,8,0.7114,0.9874,False
Thai,ROUGH,h,-0.913,4,0.7662,0.9874,False
Thai,LOUD,d,0.763,6,0.7214,0.9874,False
Thai,ROUGH,a,0.636,13,0.8159,0.9874,False
Thai,BIG,e,0.486,14,0.6965,0.9874,False
Thai,LOUD,m,-0.475,8,0.801,0.9874,False
Thai,SLOW,o,0.419,3,0.7164,0.9874,False
Thai,LOUD,j,0.391,6,0.8209,0.9874,False
Thai,LOUD,ʔ,-0.331,6,0.8159,0.9874,False
Thai,SLOW,ɜ,0.317,26,0.7065,0.9874,False
Thai,SLOW,d,-0.313,8,0.7313,0.9874,False
Thai,QUIET,j,-0.303,13,0.7363,0.9874,False
Thai,QUIET,p,-0.275,13,0.7761,0.9874,False
Thai,ROUND,s,-0.262,130,0.6915,0.9874,False
Thai,BRIGHT,r,-0.254,4,0.8209,0.9874,False
Thai,BRIGHT,m,-0.252,20,0.8109,0.9874,False
Thai,BRIGHT,u,-0.248,10,0.7761,0.9874,False
Thai,SHARP,a,-0.243,217,0.7015,0.9874,False
Thai,SHARP,i,0.229,18,0.7214,0.9874,False
Thai,QUIET,r,0.219,8,0.791,0.9874,False
Thai,SMOOTH,i,0.213,20,0.7612,0.9874,False
Thai,BIG,l,0.205,5,0.8408,0.9874,False
Thai,DARK,ɜ,0.204,53,0.7512,0.9874,False
Thai,SLOW,j,0.203,11,0.8159,0.9874,False
Thai,SMOOTH,b,0.202,18,0.7264,0.9874,False
Thai,SHARP,ɡ,0.195,39,0.7413,0.9874,False
Thai,BIG,ɹ,-0.193,3,0.8458,0.9874,False
Thai,BRIGHT,l,-0.192,8,0.7811,0.9874,False
Thai,DARK,c,0.187,10,0.7861,0.9874,False
Thai,ROUND,d,-0.182,30,0.7214,0.9874,False
Thai,SMALL,b,0.167,11,0.8358,0.9874,False
Thai,DARK,ɹ,0.167,12,0.8159,0.9874,False
Thai,SMOOTH,j,-0.166,29,0.7264,0.9874,False
Thai,QUIET,a,0.153,126,0.8557,0.9874,False
Thai,FAST,d,-0.152,19,0.801,0.9874,False
Thai,FAST,t,0.152,25,0.8159,0.9874,False
Thai,SMALL,u,-0.148,19,0.8308,0.9874,False
Thai,SMOOTH,p,0.135,34,0.8159,0.9874,False
Thai,QUIET,h,0.132,52,0.8557,0.9874,False
Thai,QUIET,m,-0.131,29,0.8458,0.9874,False
Thai,DARK,a͡i,-0.12,7,0.8557,0.9874,False
Thai,SMALL,d,-0.111,18,0.8557,0.9874,False
Thai,SMALL,m,0.11,38,0.8358,0.9874,False
Thai,SMOOTH,u,-0.097,32,0.8458,0.9874,False
Thai,LOUD,s,-0.305,18,0.8706,0.9914,False
Thai,BIG,p,-0.238,5,0.8756,0.9914,False
Thai,SLOW,l,0.177,8,0.8856,0.9914,False
Thai,SHARP,c,0.155,14,0.8756,0.9914,False
Thai,SMALL,k,-0.149,35,0.8706,0.9914,False
Thai,DARK,b,0.112,11,0.8955,0.9914,False
Thai,SMALL,ʔ,-0.108,27,0.8955,0.9914,False
Thai,FAST,s,0.095,88,0.8905,0.9914,False
Thai,SMOOTH,ʔ,-0.092,44,0.8856,0.9914,False
Thai,DARK,k,0.091,38,0.8955,0.9914,False
Thai,SMOOTH,n,-0.087,96,0.8806,0.9914,False
Thai,ROUGH,e,-0.202,3,0.9502,0.9917,False
Thai,ROUGH,k,0.15,3,0.9453,0.9917,False
Thai,LOUD,p,0.118,5,0.9254,0.9917,False
Thai,BRIGHT,ɡ,-0.117,13,0.9005,0.9917,False
Thai,BIG,ɡ,-0.084,7,0.9204,0.9917,False
Thai,BIG,w,-0.077,5,0.9602,0.9917,False
Thai,SMALL,h,-0.065,62,0.9502,0.9917,False
Thai,SMOOTH,m,0.064,61,0.9055,0.9917,False
Thai,SLOW,r,-0.062,4,0.9552,0.9917,False
Thai,DARK,p,-0.058,19,0.9602,0.9917,False
Thai,BRIGHT,j,-0.056,11,0.9652,0.9917,False
Thai,DARK,ɡ,-0.053,24,0.9254,0.9917,False
Thai,ROUND,ɡ,0.049,43,0.9403,0.9917,False
Thai,DARK,f,-0.048,3,0.9303,0.9917,False
Thai,FAST,u,-0.048,22,0.9552,0.9917,False
Thai,QUIET,ɜ,-0.047,40,0.9751,0.9917,False
Thai,SHARP,o,0.045,7,0.9552,0.9917,False
Thai,QUIET,ɹ,0.045,9,0.9602,0.9917,False
Thai,BIG,n,-0.042,18,0.9751,0.9917,False
Thai,SMOOTH,d,0.03,31,0.9502,0.9917,False
Thai,QUIET,i,0.025,9,0.9652,0.9917,False
Thai,ROUND,u,0.023,37,0.9701,0.9917,False
Thai,BIG,s,-0.032,24,0.9851,0.9967,False
Thai,LOUD,ɜ,-0.03,12,0.99,0.9967,False
Thai,BRIGHT,c,-0.006,5,0.99,0.9967,False
Thai,SMOOTH,k,-0.011,59,0.995,0.9984,False
Thai,LOUD,a,-0.014,37,1.0,1.0,False
Turkish,LOUD,l,2.972,8,0.005,0.2836,False
Turkish,DARK,ɡ,2.71,11,0.005,0.2836,False
Turkish,QUIET,s,2.679,26,0.005,0.2836,False
Turkish,ROUND,p,2.661,26,0.005,0.2836,False
Turkish,SLOW,m,2.616,91,0.005,0.2836,False
Turkish,SMALL,z,2.599,25,0.005,0.2836,False
Turkish,SMOOTH,ɫ,1.976,38,0.005,0.2836,False
Turkish,DARK,œ,1.913,11,0.005,0.2836,False
Turkish,SMALL,r,-1.832,10,0.01,0.5041,False
Turkish,BIG,j,2.408,15,0.0149,0.5235,False
Turkish,DARK,f,2.302,11,0.0149,0.5235,False
Turkish,SHARP,t͡ʃ,1.893,22,0.0149,0.5235,False
Turkish,DARK,e,1.781,22,0.0149,0.5235,False
Turkish,BIG,ø,2.419,14,0.0249,0.5402,False
Turkish,BRIGHT,ɟ,2.264,8,0.0249,0.5402,False
Turkish,SMALL,ɾ,2.001,20,0.0199,0.5402,False
Turkish,SHARP,ɛ,-1.795,15,0.0249,0.5402,False
Turkish,SMALL,n,1.722,46,0.0199,0.5402,False
Turkish,SMOOTH,ɔ,1.679,24,0.0199,0.5402,False
Turkish,ROUND,æ,1.59,16,0.0249,0.5402,False
Turkish,SLOW,k,1.658,121,0.0299,0.5918,False
Turkish,DARK,v,1.598,10,0.0299,0.5918,False
Turkish,QUIET,h,2.031,8,0.0348,0.6108,False
Turkish,FAST,ɛ,1.685,53,0.0348,0.6108,False
Turkish,SHARP,d͡ʒ,1.673,10,0.0348,0.6108,False
Turkish,BRIGHT,u,2.293,11,0.0498,0.6411,False
Turkish,QUIET,ʊ,1.883,16,0.0597,0.6411,False
Turkish,FAST,ɪ,-1.753,13,0.0597,0.6411,False
Turkish,QUIET,u,1.72,12,0.0547,0.6411,False
Turkish,SLOW,n,-1.59,18,0.0597,0.6411,False
Turkish,SLOW,ɪ,-1.554,16,0.0597,0.6411,False
Turkish,FAST,j,-1.507,12,0.0647,0.6411,False
Turkish,ROUND,t,1.506,41,0.0547,0.6411,False
Turkish,SMOOTH,æ,1.477,19,0.0547,0.6411,False
Turkish,FAST,t,1.477,37,0.0647,0.6411,False
Turkish,SHARP,j,-1.449,11,0.0547,0.6411,False
Turkish,SMALL,i,1.408,15,0.0498,0.6411,False
Turkish,SMALL,d,1.382,26,0.0647,0.6411,False
Turkish,ROUND,t͡ʃ,1.354,23,0.0647,0.6411,False
Turkish,SMALL,d͡ʒ,1.344,10,0.0448,0.6411,False
Turkish,DARK,ɛ,-1.325,20,0.0547,0.6411,False
Turkish,SMALL,b,1.319,23,0.0448,0.6411,False
Turkish,SHARP,z,-1.295,5,0.0647,0.6411,False
Turkish,SHARP,a,1.371,100,0.0697,0.6758,False
Turkish,BIG,n,1.703,20,0.0746,0.709,False
Turkish,LOUD,y,2.356,5,0.0796,0.7117,False
Turkish,QUIET,e,-1.517,5,0.0796,0.7117,False
Turkish,DARK,ɟ,1.307,12,0.0796,0.7117,False
Turkish,SLOW,e,1.364,24,0.0846,0.7277,False
Turkish,SMOOTH,ɛ,1.27,66,0.0846,0.7277,False
Turkish,SMOOTH,e,-1.139,14,0.0896,0.7562,False
Turkish,ROUGH,ʃ,2.541,3,0.0945,0.7837,False
Turkish,SMOOTH,m,1.078,76,0.1095,0.8459,False
Turkish,LOUD,a,-2.399,4,0.1144,0.8697,False
Turkish,BRIGHT,v,1.685,5,0.1244,0.8862,False
Turkish,FAST,d͡ʒ,1.34,10,0.1244,0.8862,False
Turkish,LOUD,r,2.294,9,0.1443,0.9012,False
Turkish,QUIET,o,1.481,7,0.1393,0.9012,False
Turkish,QUIET,v,1.436,6,0.1443,0.9012,False
Turkish,SMALL,m,-1.192,16,0.1294,0.9012,False
Turkish,SMALL,k,-1.09,44,0.1393,0.9012,False
Turkish,SMALL,œ,-1.076,4,0.1393,0.9012,False
Turkish,ROUND,ɯ,-0.986,11,0.1443,0.9012,False
Turkish,ROUGH,b,2.419,3,0.1592,0.9127,False
Turkish,ROUGH,ɯ,2.307,6,0.1741,0.9127,False
Turkish,LOUD,ɪ,2.134,9,0.1692,0.9127,False
Turkish,BIG,d,1.56,12,0.1493,0.9127,False
Turkish,BRIGHT,i,1.555,7,0.1642,0.9127,False
Turkish,BIG,t,-1.379,5,0.1741,0.9127,False
Turkish,DARK,h,1.114,9,0.1692,0.9127,False
Turkish,DARK,ʃ,1.106,19,0.1642,0.9127,False
Turkish,SHARP,ʊ,-1.06,5,0.1592,0.9127,False
Turkish,FAST,ɫ,1.06,24,0.1741,0.9127,False
Turkish,SHARP,ɾ,0.985,13,0.1642,0.9127,False
Turkish,SMALL,ʃ,-1.041,6,0.1841,0.9327,False
Turkish,ROUGH,k,2.11,12,0.2886,0.9409,False
Turkish,LOUD,ɔ,2.046,4,0.2139,0.9409,False
Turkish,LOUD,ø,1.612,5,0.3085,0.9409,False
Turkish,LOUD,ʊ,1.544,5,0.393,0.9409,False
Turkish,BRIGHT,y,1.407,8,0.2836,0.9409,False
Turkish,BRIGHT,f,1.391,4,0.2388,0.9409,False
Turkish,BRIGHT,s,-1.296,4,0.2935,0.9409,False
Turkish,BRIGHT,o,1.254,5,0.2637,0.9409,False
Turkish,BIG,a,-1.244,21,0.2189,0.9409,False
Turkish,BRIGHT,r,1.209,16,0.3085,0.9409,False
Turkish,QUIET,b,-1.104,4,0.2438,0.9409,False
Turkish,BIG,m,-1.06,8,0.3582,0.9409,False
Turkish,QUIET,i,-1.053,3,0.2637,0.9409,False
Turkish,BIG,ɯ,1.045,18,0.3134,0.9409,False
Turkish,BIG,z,-1.038,3,0.3532,0.9409,False
Turkish,QUIET,k,-0.998,27,0.3383,0.9409,False
Turkish,BIG,t͡ʃ,0.989,8,0.3383,0.9409,False
Turkish,QUIET,t,0.983,19,0.2836,0.9409,False
Turkish,SLOW,a,0.972,112,0.209,0.9409,False
Turkish,FAST,h,0.937,9,0.2289,0.9409,False
Turkish,QUIET,d,0.936,13,0.3831,0.9409,False
Turkish,DARK,m,-0.932,19,0.2289,0.9409,False
Turkish,SLOW,l,-0.929,12,0.2687,0.9409,False
Turkish,SLOW,p,-0.914,4,0.2637,0.9409,False
Turkish,BIG,e,-0.892,5,0.4229,0.9409,False
Turkish,BIG,ʊ,-0.887,3,0.3433,0.9409,False
Turkish,DARK,o,0.884,9,0.2488,0.9409,False
Turkish,SLOW,ø,-0.869,3,0.2637,0.9409,False
Turkish,SLOW,s,-0.865,14,0.3035,0.9409,False
Turkish,SLOW,ɫ,-0.865,17,0.3532,0.9409,False
Turkish,SLOW,œ,-0.864,5,0.2935,0.9409,False
Turkish,BIG,y,0.861,6,0.3781,0.9409,False
Turkish,SLOW,u,-0.861,3,0.2687,0.9409,False
Turkish,ROUND,ʃ,-0.856,8,0.2239,0.9409,False
Turkish,ROUND,k,-0.846,55,0.1891,0.9409,False
Turkish,DARK,t,-0.842,15,0.2189,0.9409,False
Turkish,SMALL,ɯ,0.834,38,0.2189,0.9409,False
Turkish,DARK,r,-0.834,17,0.3035,0.9409,False
Turkish,SLOW,t,-0.822,18,0.2438,0.9409,False
Turkish,ROUND,ɾ,0.809,15,0.2637,0.9409,False
Turkish,SLOW,ɛ,0.808,48,0.2786,0.9409,False
Turkish,DARK,k,-0.804,47,0.3085,0.9409,False
Turkish,SMOOTH,t͡ʃ,-0.798,8,0.2189,0.9409,False
Turkish,SMALL,l,-0.788,12,0.2836,0.9409,False
Turkish,ROUND,n,-0.788,26,0.2338,0.9409,False
Turkish,FAST,z,0.788,16,0.3184,0.9409,False
Turkish,ROUND,ɡ,0.786,6,0.2239,0.9409,False
Turkish,BIG,ɛ,0.782,19,0.403,0.9409,False
Turkish,SMOOTH,j,-0.769,22,0.2587,0.9409,False
Turkish,SMOOTH,ø,-0.764,5,0.2189,0.9409,False
Turkish,DARK,j,0.755,23,0.3234,0.9409,False
Turkish,ROUND,o,-0.75,4,0.2139,0.9409,False
Turkish,SLOW,i,-0.741,7,0.3433,0.9409,False
Turkish,SLOW,v,-0.738,3,0.4179,0.9409,False
Turkish,SMOOTH,h,0.731,11,0.2736,0.9409,False
Turkish,ROUND,a,0.725,106,0.2836,0.9409,False
Turkish,SMALL,ɛ,-0.715,28,0.3184,0.9409,False
Turkish,SHARP,ʃ,0.713,16,0.3134,0.9409,False
Turkish,FAST,ɟ,0.708,10,0.4229,0.9409,False
Turkish,DARK,ɫ,-0.697,15,0.3383,0.9409,False
Turkish,ROUND,l,-0.692,14,0.3234,0.9409,False
Turkish,SMALL,o,0.684,9,0.3333,0.9409,False
Turkish,FAST,p,-0.674,5,0.4229,0.9409,False
Turkish,QUIET,ɫ,0.672,13,0.4478,0.9409,False
Turkish,SMALL,v,-0.663,3,0.3085,0.9409,False
Turkish,SLOW,d͡ʒ,-0.652,3,0.3632,0.9409,False
Turkish,FAST,r,-0.65,20,0.403,0.9409,False
Turkish,FAST,d,-0.649,9,0.4229,0.9409,False
Turkish,DARK,ɪ,0.633,30,0.4279,0.9409,False
Turkish,DARK,z,0.626,14,0.4328,0.9409,False
Turkish,SMALL,æ,0.619,10,0.393,0.9409,False
Turkish,SLOW,y,-0.617,3,0.4428,0.9409,False
Turkish,SMALL,ʊ,0.615,18,0.398,0.9409,False
Turkish,ROUND,ɛ,-0.615,32,0.3582,0.9409,False
Turkish,DARK,a,0.602,86,0.3831,0.9409,False
Turkish,SMOOTH,d͡ʒ,-0.595,4,0.3731,0.9409,False
Turkish,SLOW,z,-0.587,10,0.4328,0.9409,False
Turkish,FAST,ɔ,-0.573,4,0.4129,0.9409,False
Turkish,SMALL,ɪ,0.572,32,0.4478,0.9409,False
Turkish,SMOOTH,s,-0.565,21,0.393,0.9409,False
Turkish,ROUND,ɔ,0.562,12,0.3333,0.9409,False
Turkish,SHARP,v,-0.559,3,0.4129,0.9409,False
Turkish,SMOOTH,ɯ,-0.534,23,0.4478,0.9409,False
Turkish,SMOOTH,n,0.529,48,0.393,0.9409,False
Turkish,DARK,ɔ,-0.517,4,0.4129,0.9409,False
Turkish,SMOOTH,ʃ,-0.515,13,0.4279,0.9409,False
Turkish,SMALL,ɟ,-0.48,4,0.4378,0.9409,False
Turkish,BRIGHT,e,0.963,9,0.4527,0.947,False
Turkish,SLOW,t͡ʃ,0.584,17,0.4627,0.9547,False
Turkish,SLOW,r,-0.529,23,0.4627,0.9547,False
Turkish,ROUND,u,-0.469,6,0.4627,0.9547,False
Turkish,DARK,b,-0.506,10,0.4726,0.9622,False
Turkish,SMALL,s,0.5,25,0.4726,0.9622,False
Turkish,FAST,a,0.589,93,0.4776,0.9637,False
Turkish,SLOW,ɟ,-0.549,4,0.4776,0.9637,False
Turkish,FAST,ʊ,-0.602,9,0.4826,0.9652,False
Turkish,SLOW,ɾ,-0.539,7,0.4826,0.9652,False
Turkish,SMALL,u,0.481,12,0.4925,0.9765,False
Turkish,BRIGHT,ɯ,-0.767,6,0.4975,0.9821,False
Turkish,LOUD,p,1.108,3,0.5672,0.987,False
Turkish,LOUD,s,1.042,6,0.5771,0.987,False
Turkish,BRIGHT,n,0.811,17,0.5124,0.987,False
Turkish,BIG,k,0.787,39,0.5473,0.987,False
Turkish,BIG,s,-0.756,6,0.5323,0.987,False
Turkish,QUIET,z,-0.7,5,0.5075,0.987,False
Turkish,BRIGHT,t͡ʃ,-0.684,3,0.592,0.987,False
Turkish,BRIGHT,ɫ,0.675,10,0.6318,0.987,False
Turkish,QUIET,œ,-0.647,3,0.5373,0.987,False
Turkish,QUIET,ɪ,-0.618,13,0.6667,0.987,False
Turkish,FAST,æ,0.615,10,0.5224,0.987,False
Turkish,BRIGHT,l,0.601,10,0.6617,0.987,False
Turkish,QUIET,j,0.59,14,0.5771,0.987,False
Turkish,BIG,ɪ,0.581,14,0.5771,0.987,False
Turkish,QUIET,l,-0.558,8,0.607,0.987,False
Turkish,FAST,n,-0.523,26,0.5423,0.987,False
Turkish,BRIGHT,k,-0.515,26,0.607,0.987,False
Turkish,DARK,l,-0.506,13,0.5373,0.987,False
Turkish,SLOW,b,-0.489,12,0.5075,0.987,False
Turkish,SHARP,t,0.473,25,0.5721,0.987,False
Turkish,SMOOTH,ɾ,0.468,16,0.5075,0.987,False
Turkish,QUIET,ɔ,0.461,6,0.6517,0.987,False
Turkish,SHARP,i,0.459,10,0.5373,0.987,False
Turkish,ROUND,ɪ,-0.456,26,0.5373,0.987,False
Turkish,FAST,m,0.451,45,0.5323,0.987,False
Turkish,SHARP,u,-0.447,5,0.6169,0.987,False
Turkish,FAST,ɯ,0.441,32,0.6219,0.987,False
Turkish,FAST,k,-0.432,60,0.602,0.987,False
Turkish,SLOW,j,-0.41,20,0.6269,0.987,False
Turkish,FAST,ø,-0.393,7,0.5672,0.987,False
Turkish,FAST,l,-0.385,15,0.6567,0.987,False
Turkish,SHARP,m,-0.384,27,0.5672,0.987,False
Turkish,ROUND,i,0.382,12,0.5672,0.987,False
Turkish,SMOOTH,p,-0.38,9,0.5771,0.987,False
Turkish,DARK,ɯ,-0.368,18,0.6368,0.987,False
Turkish,ROUND,e,0.357,19,0.6368,0.987,False
Turkish,SHARP,ɪ,0.355,27,0.592,0.987,False
Turkish,DARK,ʊ,-0.353,10,0.6119,0.987,False
Turkish,SMOOTH,z,-0.349,14,0.6318,0.987,False
Turkish,DARK,d,0.348,16,0.6617,0.987,False
Turkish,SMOOTH,o,-0.343,7,0.6318,0.987,False
Turkish,SMOOTH,ɟ,0.334,11,0.5871,0.987,False
Turkish,SHARP,ɫ,-0.318,16,0.6667,0.987,False
Turkish,DARK,u,-0.316,6,0.6667,0.987,False
Turkish,SHARP,r,0.301,25,0.6567,0.987,False
Turkish,SMOOTH,b,0.299,22,0.6567,0.987,False
Turkish,SMALL,ɫ,-0.298,18,0.6468,0.987,False
Turkish,SMOOTH,t,-0.27,29,0.6219,0.987,False
Turkish,SMOOTH,i,0.238,14,0.6617,0.987,False
Turkish,QUIET,ʃ,-0.412,6,0.6766,0.9889,False
Turkish,SLOW,ʊ,-0.337,12,0.6766,0.9889,False
Turkish,SMALL,y,-0.313,5,0.6766,0.9889,False
Turkish,ROUND,y,-0.254,6,0.6766,0.9889,False
Turkish,QUIET,d͡ʒ,0.478,4,0.6866,0.9903,False
Turkish,BRIGHT,ɛ,-0.409,14,0.7015,0.9903,False
Turkish,FAST,ɡ,0.355,4,0.7015,0.9903,False
Turkish,SLOW,ɔ,-0.329,6,0.6965,0.9903,False
Turkish,DARK,ɾ,0.291,10,0.6915,0.9903,False
Turkish,SHARP,f,-0.29,3,0.6915,0.9903,False
Turkish,ROUND,s,-0.265,20,0.6915,0.9903,False
Turkish,SMOOTH,v,-0.253,6,0.7015,0.9903,False
Turkish,ROUND,d,0.228,18,0.6866,0.9903,False
Turkish,SMOOTH,r,-0.223,32,0.6965,0.9903,False
Turkish,BRIGHT,t,-0.417,9,0.7065,0.9912,False
Turkish,SHARP,b,0.22,14,0.7114,0.9921,False
Turkish,FAST,ʃ,-0.308,11,0.7164,0.993,False
Turkish,SMALL,e,0.305,17,0.7164,0.993,False
Turkish,LOUD,t,0.683,6,0.7214,0.9938,False
Turkish,FAST,s,-0.285,18,0.7214,0.9938,False
Turkish,ROUGH,a,-0.73,6,0.7512,0.9988,False
Turkish,LOUD,n,-0.643,5,0.7861,0.9988,False
Turkish,ROUGH,r,0.58,3,0.8259,0.9988,False
Turkish,LOUD,z,0.578,3,0.7662,0.9988,False
Turkish,ROUGH,ɛ,0.484,4,0.8507,0.9988,False
Turkish,BRIGHT,d,-0.392,5,0.801,0.9988,False
Turkish,LOUD,k,0.384,16,0.8109,0.9988,False
Turkish,ROUGH,m,-0.378,3,0.8806,0.9988,False
Turkish,ROUGH,ɪ,0.368,3,0.8706,0.9988,False
Turkish,QUIET,p,-0.341,4,0.8159,0.9988,False
Turkish,BRIGHT,j,0.293,10,0.7463,0.9988,False
Turkish,QUIET,a,0.292,50,0.7612,0.9988,False
Turkish,SLOW,o,-0.257,6,0.806,0.9988,False
Turkish,QUIET,f,0.249,3,0.8109,0.9988,False
Turkish,SMALL,h,0.244,6,0.7363,0.9988,False
Turkish,SLOW,d,0.239,18,0.7662,0.9988,False
Turkish,SHARP,p,0.238,9,0.7512,0.9988,False
Turkish,SMOOTH,d,-0.227,17,0.7711,0.9988,False
Turkish,SHARP,o,-0.225,5,0.7761,0.9988,False
Turkish,SMOOTH,ʊ,-0.225,16,0.7313,0.9988,False
Turkish,BIG,ɫ,-0.223,8,0.8408,0.9988,False
Turkish,ROUND,v,-0.219,5,0.7313,0.9988,False
Turkish,FAST,t͡ʃ,-0.21,10,0.806,0.9988,False
Turkish,SMALL,t͡ʃ,-0.208,10,0.7512,0.9988,False
Turkish,ROUND,j,0.206,24,0.7463,0.9988,False
Turkish,FAST,f,0.205,5,0.796,0.9988,False
Turkish,FAST,v,0.2,6,0.8408,0.9988,False
Turkish,ROUND,m,-0.194,37,0.7512,0.9988,False
Turkish,SMOOTH,œ,0.194,10,0.7811,0.9988,False
Turkish,SMOOTH,ɪ,-0.189,35,0.8607,0.9988,False
Turkish,ROUND,œ,-0.188,7,0.8209,0.9988,False
Turkish,BRIGHT,z,-0.183,5,0.8657,0.9988,False
Turkish,SHARP,k,-0.178,59,0.8109,0.9988,False
Turkish,SLOW,ʃ,-0.178,13,0.8408,0.9988,False
Turkish,BRIGHT,m,0.176,18,0.9104,0.9988,False
Turkish,QUIET,r,-0.175,14,0.8458,0.9988,False
Turkish,DARK,i,-0.172,8,0.806,0.9988,False
Turkish,SMALL,ø,-0.168,9,0.8259,0.9988,False
Turkish,FAST,i,0.157,10,0.8657,0.9988,False
Turkish,SHARP,æ,0.154,7,0.8557,0.9988,False
Turkish,SLOW,ɯ,-0.152,25,0.8756,0.9988,False
Turkish,LOUD,e,-0.142,3,0.9303,0.9988,False
Turkish,SMALL,t,0.138,25,0.8955,0.9988,False
Turkish,SMOOTH,a,-0.138,102,0.8507,0.9988,False
Turkish,DARK,æ,-0.133,6,0.8657,0.9988,False
Turkish,LOUD,m,-0.122,7,0.9602,0.9988,False
Turkish,LOUD,j,-0.121,4,0.9602,0.9988,False
Turkish,SMOOTH,l,-0.12,23,0.8905,0.9988,False
Turkish,DARK,s,-0.114,18,0.8706,0.9988,False
Turkish,QUIET,ɛ,-0.113,20,0.9552,0.9988,False
Turkish,ROUND,r,-0.112,27,0.8557,0.9988,False
Turkish,SHARP,ɯ,-0.107,21,0.9104,0.9988,False
Turkish,FAST,u,-0.1,8,0.8905,0.9988,False
Turkish,BIG,ʃ,0.099,6,0.9403,0.9988,False
Turkish,ROUND,h,-0.096,5,0.8955,0.9988,False
Turkish,BRIGHT,æ,-0.094,3,0.9453,0.9988,False
Turkish,ROUND,d͡ʒ,0.092,6,0.9204,0.9988,False
Turkish,BIG,ɟ,0.091,3,0.8955,0.9988,False
Turkish,DARK,d͡ʒ,0.084,5,0.8706,0.9988,False
Turkish,FAST,e,0.084,16,0.9204,0.9988,False
Turkish,SMALL,ɔ,-0.078,7,0.9403,0.9988,False
Turkish,SHARP,ø,0.078,10,0.9403,0.9988,False
Turkish,SMOOTH,k,-0.077,93,0.9005,0.9988,False
Turkish,QUIET,ɯ,-0.077,14,0.9254,0.9988,False
Turkish,BRIGHT,ɪ,-0.073,12,0.9353,0.9988,False
Turkish,BRIGHT,ø,0.072,5,0.9602,0.9988,False
Turkish,SMALL,j,0.07,21,0.9204,0.9988,False
Turkish,BIG,b,-0.069,6,0.9751,0.9988,False
Turkish,BIG,l,0.068,8,0.9502,0.9988,False
Turkish,BRIGHT,ɾ,-0.068,4,0.9701,0.9988,False
Turkish,DARK,t͡ʃ,0.068,11,0.9154,0.9988,False
Turkish,ROUND,f,0.067,5,0.9303,0.9988,False
Turkish,SHARP,ɔ,0.06,7,0.9254,0.9988,False
Turkish,QUIET,m,-0.059,21,0.9403,0.9988,False
Turkish,ROUND,ø,-0.058,11,0.9204,0.9988,False
Turkish,ROUND,ɫ,-0.058,21,0.9204,0.9988,False
Turkish,LOUD,ɛ,-0.056,7,0.9851,0.9988,False
Turkish,FAST,ɾ,-0.054,9,0.9254,0.9988,False
Turkish,FAST,œ,0.052,7,0.9303,0.9988,False
Turkish,ROUND,z,-0.051,13,0.9403,0.9988,False
Turkish,SHARP,œ,-0.05,6,0.9552,0.9988,False
Turkish,BIG,i,-0.048,4,0.9751,0.9988,False
Turkish,ROUND,b,0.047,16,0.9502,0.9988,False
Turkish,SHARP,n,-0.045,27,0.9502,0.9988,False
Turkish,BRIGHT,ʃ,0.043,6,0.9801,0.9988,False
Turkish,SHARP,s,-0.041,18,0.9801,0.9988,False
Turkish,DARK,ø,0.038,10,0.9751,0.9988,False
Turkish,DARK,y,0.034,7,0.9552,0.9988,False
Turkish,FAST,b,-0.034,14,0.9751,0.9988,False
Turkish,DARK,n,-0.033,28,0.9701,0.9988,False
Turkish,BIG,r,-0.029,11,0.9801,0.9988,False
Turkish,BRIGHT,p,0.029,4,0.9801,0.9988,False
Turkish,ROUND,ʊ,0.022,15,0.9751,0.9988,False
Turkish,QUIET,n,0.022,18,0.99,0.9988,False
Turkish,BRIGHT,a,-0.021,35,0.9751,0.9988,False
Turkish,SMALL,a,-0.02,78,0.9751,0.9988,False
Turkish,SHARP,e,0.019,14,0.9851,0.9988,False
Turkish,SHARP,d,0.016,13,0.9801,0.9988,False
Turkish,SHARP,l,0.012,16,0.9851,0.9988,False
Turkish,BIG,œ,0.009,3,0.99,0.9988,False
Turkish,SMOOTH,y,0.004,10,0.99,0.9988,False
Turkish,DARK,p,-0.015,8,0.995,0.9994,False
Turkish,ROUND,ɟ,-0.013,7,1.0,1.0,False
Vietnamese,QUIET,a͡ɪ,3.311,6,0.005,0.4776,False
Vietnamese,SHARP,ə͡ɪ,3.06,19,0.005,0.4776,False
Vietnamese,SHARP,ɣ,2.884,13,0.005,0.4776,False
Vietnamese,SHARP,i͡ə,2.552,5,0.005,0.4776,False
Vietnamese,SMALL,y͡ə,1.975,17,0.005,0.4776,False
Vietnamese,ROUGH,z,2.768,5,0.0249,0.6513,False
Vietnamese,BIG,o,2.528,10,0.0199,0.6513,False
Vietnamese,QUIET,l,2.204,14,0.0299,0.6513,False
Vietnamese,SHARP,k,2.039,62,0.01,0.6513,False
Vietnamese,SLOW,ə,2.038,16,0.0299,0.6513,False
Vietnamese,BRIGHT,w,2.019,24,0.0299,0.6513,False
Vietnamese,FAST,t,1.979,27,0.01,0.6513,False
Vietnamese,SMALL,ŋ,1.916,48,0.0199,0.6513,False
Vietnamese,FAST,y,1.722,12,0.0199,0.6513,False
Vietnamese,FAST,n,1.718,51,0.0149,0.6513,False
Vietnamese,SMOOTH,t,1.663,30,0.0299,0.6513,False
Vietnamese,SMOOTH,ə,1.63,52,0.0199,0.6513,False
Vietnamese,FAST,u͡ə,1.585,12,0.0149,0.6513,False
Vietnamese,FAST,b,1.344,22,0.0299,0.6513,False
Vietnamese,ROUND,m,-1.332,11,0.0249,0.6513,False
Vietnamese,ROUND,t͡ʃ,1.332,35,0.0299,0.6513,False
Vietnamese,ROUND,n,-1.304,30,0.0299,0.6513,False
Vietnamese,ROUGH,j,2.545,5,0.0647,0.8154,False
Vietnamese,BIG,p,2.47,3,0.0697,0.8154,False
Vietnamese,LOUD,h,2.403,6,0.0697,0.8154,False
Vietnamese,BRIGHT,ɲ,2.041,15,0.0448,0.8154,False
Vietnamese,SLOW,t̪,1.893,22,0.0498,0.8154,False
Vietnamese,DARK,w,1.822,41,0.0498,0.8154,False
Vietnamese,DARK,a,1.401,69,0.0448,0.8154,False
Vietnamese,ROUND,b,1.368,28,0.0697,0.8154,False
Vietnamese,SMALL,c,-1.309,3,0.0697,0.8154,False
Vietnamese,ROUND,v,1.305,15,0.0697,0.8154,False
Vietnamese,FAST,ɗ,1.286,30,0.0498,0.8154,False
Vietnamese,SMOOTH,t͡ʃ,1.284,34,0.0448,0.8154,False
Vietnamese,SMALL,i,-1.254,7,0.0697,0.8154,False
Vietnamese,FAST,i͡ɛ,1.252,15,0.0597,0.8154,False
Vietnamese,SMALL,v,1.235,9,0.0597,0.8154,False
Vietnamese,ROUND,ɲ,-1.235,10,0.0647,0.8154,False
Vietnamese,FAST,l,1.17,23,0.0697,0.8154,False
Vietnamese,SMOOTH,o,-1.098,9,0.0597,0.8154,False
Vietnamese,LOUD,ɔ,2.621,6,0.0846,0.8859,False
Vietnamese,ROUGH,u,2.485,3,0.0846,0.8859,False
Vietnamese,BRIGHT,y,1.495,5,0.1144,0.8859,False
Vietnamese,SLOW,ŋ,-1.475,4,0.1095,0.8859,False
Vietnamese,SLOW,t͡ʃ,1.471,10,0.1095,0.8859,False
Vietnamese,DARK,b,1.351,18,0.0945,0.8859,False
Vietnamese,DARK,m,1.347,38,0.1045,0.8859,False
Vietnamese,SHARP,ə,-1.232,11,0.0846,0.8859,False
Vietnamese,ROUND,e,-1.168,12,0.0896,0.8859,False
Vietnamese,SMOOTH,y,1.144,12,0.0995,0.8859,False
Vietnamese,ROUND,y͡ə,1.125,21,0.1045,0.8859,False
Vietnamese,SHARP,ɲ,-1.072,9,0.0796,0.8859,False
Vietnamese,ROUND,ŋ,1.066,62,0.1144,0.8859,False
Vietnamese,ROUND,i,-1.033,13,0.0995,0.8859,False
Vietnamese,ROUND,ɗ,0.981,34,0.1194,0.9097,False
Vietnamese,QUIET,e,1.571,11,0.1244,0.9185,False
Vietnamese,ROUND,ɛ,-0.925,5,0.1244,0.9185,False
Vietnamese,LOUD,e,2.118,3,0.209,0.9552,False
Vietnamese,ROUGH,k,2.048,5,0.2139,0.9552,False
Vietnamese,BIG,ŋ,1.579,10,0.1592,0.9552,False
Vietnamese,BRIGHT,ɛ,1.433,7,0.1393,0.9552,False
Vietnamese,QUIET,i͡ɛ,1.352,7,0.1542,0.9552,False
Vietnamese,QUIET,i,1.348,11,0.1642,0.9552,False
Vietnamese,QUIET,m,1.344,21,0.1493,0.9552,False
Vietnamese,BRIGHT,n,-1.239,11,0.1542,0.9552,False
Vietnamese,SLOW,v,1.23,4,0.199,0.9552,False
Vietnamese,DARK,l,-1.163,4,0.1741,0.9552,False
Vietnamese,DARK,j,-1.153,10,0.1741,0.9552,False
Vietnamese,SHARP,l,-1.006,6,0.199,0.9552,False
Vietnamese,SHARP,c,0.976,18,0.194,0.9552,False
Vietnamese,DARK,u,-0.897,5,0.2189,0.9552,False
Vietnamese,ROUND,s,-0.891,6,0.1493,0.9552,False
Vietnamese,SHARP,e,-0.853,11,0.2139,0.9552,False
Vietnamese,ROUND,a,-0.851,58,0.1642,0.9552,False
Vietnamese,FAST,t͡ʃ,-0.844,10,0.1642,0.9552,False
Vietnamese,SMALL,j,0.843,31,0.199,0.9552,False
Vietnamese,SMOOTH,i͡ɛ,0.84,16,0.1493,0.9552,False
Vietnamese,ROUND,c,0.83,22,0.1791,0.9552,False
Vietnamese,ROUND,i͡ə,0.807,3,0.209,0.9552,False
Vietnamese,SMOOTH,y͡ə,0.772,18,0.1891,0.9552,False
Vietnamese,SMOOTH,i,0.764,26,0.204,0.9552,False
Vietnamese,SMOOTH,f,0.755,7,0.2139,0.9552,False
Vietnamese,ROUND,i͡ɛ,-0.738,6,0.2189,0.9552,False
Vietnamese,ROUGH,s,2.062,3,0.2239,0.9595,False
Vietnamese,DARK,v,0.846,8,0.2239,0.9595,False
Vietnamese,SLOW,n,1.187,16,0.2338,0.9676,False
Vietnamese,SMALL,o,0.915,27,0.2289,0.9676,False
Vietnamese,FAST,u,-0.91,6,0.2338,0.9676,False
Vietnamese,ROUND,t,0.837,21,0.2338,0.9676,False
Vietnamese,LOUD,a,-1.94,3,0.2587,0.9764,False
Vietnamese,LOUD,ɗ,1.931,4,0.2488,0.9764,False
Vietnamese,LOUD,t̪,1.908,7,0.3433,0.9764,False
Vietnamese,ROUGH,n,1.69,4,0.3234,0.9764,False
Vietnamese,ROUGH,a,1.649,7,0.3731,0.9764,False
Vietnamese,BIG,u,1.46,5,0.2786,0.9764,False
Vietnamese,LOUD,ɜ,1.422,9,0.4577,0.9764,False
Vietnamese,BIG,ɲ,1.412,5,0.2786,0.9764,False
Vietnamese,BIG,z,1.321,7,0.3383,0.9764,False
Vietnamese,BIG,h,1.126,6,0.4726,0.9764,False
Vietnamese,QUIET,f,1.107,3,0.3184,0.9764,False
Vietnamese,SLOW,ɲ,1.104,9,0.2687,0.9764,False
Vietnamese,BRIGHT,h,1.076,15,0.3333,0.9764,False
Vietnamese,BRIGHT,ɗ,-1.052,3,0.2786,0.9764,False
Vietnamese,BRIGHT,s,1.045,12,0.3085,0.9764,False
Vietnamese,SLOW,ɜ,1.023,26,0.2687,0.9764,False
Vietnamese,BRIGHT,i,0.973,10,0.3333,0.9764,False
Vietnamese,QUIET,a,-0.949,20,0.3035,0.9764,False
Vietnamese,BRIGHT,i͡ɛ,0.921,6,0.3085,0.9764,False
Vietnamese,BIG,ə,0.902,6,0.4776,0.9764,False
Vietnamese,QUIET,x,0.902,6,0.3284,0.9764,False
Vietnamese,DARK,e,-0.889,9,0.2786,0.9764,False
Vietnamese,QUIET,c,-0.87,3,0.3881,0.9764,False
Vietnamese,SLOW,u͡ə,0.866,3,0.3731,0.9764,False
Vietnamese,SLOW,ɗ,-0.85,3,0.4129,0.9764,False
Vietnamese,BRIGHT,u,-0.842,3,0.3831,0.9764,False
Vietnamese,SLOW,e,0.805,7,0.3881,0.9764,False
Vietnamese,SLOW,b,0.804,6,0.4179,0.9764,False
Vietnamese,BIG,n,-0.795,5,0.602,0.9764,False
Vietnamese,DARK,ə,-0.792,13,0.2836,0.9764,False
Vietnamese,QUIET,ɔ,0.789,13,0.4179,0.9764,False
Vietnamese,QUIET,j,-0.758,8,0.4478,0.9764,False
Vietnamese,SHARP,u͡ə,0.757,8,0.2637,0.9764,False
Vietnamese,SHARP,ɜ,0.753,69,0.2488,0.9764,False
Vietnamese,FAST,o,-0.749,12,0.2587,0.9764,False
Vietnamese,BRIGHT,a,0.733,33,0.4478,0.9764,False
Vietnamese,DARK,ɛ,-0.733,4,0.3433,0.9764,False
Vietnamese,SHARP,h,-0.729,4,0.2388,0.9764,False
Vietnamese,ROUND,z,-0.716,8,0.2786,0.9764,False
Vietnamese,QUIET,t,0.712,7,0.5373,0.9764,False
Vietnamese,QUIET,ə͡ɪ,0.709,3,0.4179,0.9764,False
Vietnamese,SLOW,m,0.708,13,0.5124,0.9764,False
Vietnamese,BIG,s,0.7,4,0.6517,0.9764,False
Vietnamese,SMALL,ɛ,-0.683,4,0.3433,0.9764,False
Vietnamese,DARK,n,-0.68,24,0.403,0.9764,False
Vietnamese,SMOOTH,ŋ,-0.678,29,0.2637,0.9764,False
Vietnamese,DARK,t̪,-0.674,16,0.3881,0.9764,False
Vietnamese,FAST,a,0.668,72,0.3682,0.9764,False
Vietnamese,ROUND,p,-0.661,4,0.2985,0.9764,False
Vietnamese,SMALL,p,0.657,7,0.3831,0.9764,False
Vietnamese,QUIET,t͡ʃ,0.646,10,0.4826,0.9764,False
Vietnamese,DARK,s,0.643,18,0.4527,0.9764,False
Vietnamese,SMALL,l,-0.634,7,0.393,0.9764,False
Vietnamese,LOUD,m,0.631,4,0.7711,0.9764,False
Vietnamese,SLOW,u,-0.628,3,0.5572,0.9764,False
Vietnamese,QUIET,ɜ,-0.626,21,0.4478,0.9764,False
Vietnamese,SLOW,k,-0.622,5,0.5423,0.9764,False
Vietnamese,BRIGHT,ŋ,-0.608,11,0.4876,0.9764,False
Vietnamese,ROUND,ɔ,0.603,33,0.393,0.9764,False
Vietnamese,SHARP,ɔ,-0.599,9,0.3333,0.9764,False
Vietnamese,ROUND,j,0.597,46,0.3433,0.9764,False
Vietnamese,BRIGHT,x,0.59,5,0.597,0.9764,False
Vietnamese,SMALL,f,0.586,4,0.4279,0.9764,False
Vietnamese,SMALL,b,0.585,12,0.3582,0.9764,False
Vietnamese,SLOW,i͡ɛ,0.583,4,0.6119,0.9764,False
Vietnamese,SHARP,o,-0.582,14,0.3483,0.9764,False
Vietnamese,SLOW,p,0.581,3,0.6169,0.9764,False
Vietnamese,BRIGHT,y͡ə,0.578,6,0.5274,0.9764,False
Vietnamese,SLOW,j,-0.578,7,0.5572,0.9764,False
Vietnamese,ROUND,ə,-0.577,23,0.3831,0.9764,False
Vietnamese,SMALL,ɜ,-0.565,37,0.4627,0.9764,False
Vietnamese,QUIET,k,-0.563,7,0.5174,0.9764,False
Vietnamese,BRIGHT,z,-0.562,4,0.5771,0.9764,False
Vietnamese,BRIGHT,m,0.56,16,0.5672,0.9764,False
Vietnamese,BIG,a,-0.554,9,0.6915,0.9764,False
Vietnamese,ROUND,u,0.554,25,0.3383,0.9764,False
Vietnamese,SMALL,e,-0.551,10,0.4527,0.9764,False
Vietnamese,SHARP,t,-0.549,4,0.4328,0.9764,False
Vietnamese,SHARP,n,-0.546,30,0.403,0.9764,False
Vietnamese,SMALL,t̪,-0.542,17,0.4129,0.9764,False
Vietnamese,FAST,ɔ,-0.542,10,0.4229,0.9764,False
Vietnamese,ROUND,h,-0.54,9,0.3781,0.9764,False
Vietnamese,ROUND,u͡ə,0.536,9,0.4129,0.9764,False
Vietnamese,FAST,t̪,-0.534,22,0.4726,0.9764,False
Vietnamese,ROUND,ɜ,0.533,84,0.3731,0.9764,False
Vietnamese,SMOOTH,a,-0.529,64,0.3731,0.9764,False
Vietnamese,QUIET,t̪,-0.525,10,0.5821,0.9764,False
Vietnamese,SMOOTH,u,-0.523,12,0.3632,0.9764,False
Vietnamese,SMALL,w,-0.513,12,0.5373,0.9764,False
Vietnamese,DARK,ɜ,0.508,54,0.4726,0.9764,False
Vietnamese,SHARP,ɗ,-0.491,12,0.4726,0.9764,False
Vietnamese,SMALL,ə,-0.478,15,0.5522,0.9764,False
Vietnamese,SMALL,ɗ,0.472,17,0.5124,0.9764,False
Vietnamese,DARK,x,-0.451,3,0.5672,0.9764,False
Vietnamese,ROUND,k,0.449,43,0.4826,0.9764,False
Vietnamese,FAST,ɲ,-0.449,14,0.4229,0.9764,False
Vietnamese,SHARP,t͡ʃ,-0.443,13,0.4776,0.9764,False
Vietnamese,BRIGHT,k,-0.443,8,0.6368,0.9764,False
Vietnamese,SLOW,l,0.439,6,0.6368,0.9764,False
Vietnamese,BRIGHT,j,-0.438,10,0.7065,0.9764,False
Vietnamese,SMOOTH,h,-0.434,11,0.4726,0.9764,False
Vietnamese,DARK,z,-0.43,9,0.592,0.9764,False
Vietnamese,FAST,k,-0.428,18,0.5871,0.9764,False
Vietnamese,SMALL,k,-0.427,14,0.5572,0.9764,False
Vietnamese,QUIET,z,-0.427,5,0.602,0.9764,False
Vietnamese,SMALL,x,-0.426,3,0.5373,0.9764,False
Vietnamese,SMALL,i͡ɛ,-0.413,5,0.5522,0.9764,False
Vietnamese,BIG,w,-0.406,3,0.8159,0.9764,False
Vietnamese,ROUND,o,0.404,35,0.4876,0.9764,False
Vietnamese,SMOOTH,ɜ,0.404,80,0.4876,0.9764,False
Vietnamese,BIG,l,0.4,3,0.7512,0.9764,False
Vietnamese,SMOOTH,k,-0.4,23,0.5622,0.9764,False
Vietnamese,DARK,ŋ,0.394,32,0.6269,0.9764,False
Vietnamese,FAST,m,-0.392,22,0.4826,0.9764,False
Vietnamese,SHARP,b,-0.374,7,0.5473,0.9764,False
Vietnamese,FAST,s,0.372,19,0.5274,0.9764,False
Vietnamese,BRIGHT,ɜ,-0.37,23,0.7164,0.9764,False
Vietnamese,SMALL,a,0.369,52,0.6418,0.9764,False
Vietnamese,DARK,ɗ,-0.368,11,0.6468,0.9764,False
Vietnamese,FAST,y͡ə,0.367,12,0.5721,0.9764,False
Vietnamese,FAST,ŋ,-0.363,28,0.5373,0.9764,False
Vietnamese,SMOOTH,b,-0.362,9,0.4925,0.9764,False
Vietnamese,ROUND,ə͡ɪ,0.361,6,0.6219,0.9764,False
Vietnamese,SHARP,i,-0.359,14,0.5871,0.9764,False
Vietnamese,SLOW,o,-0.359,6,0.7313,0.9764,False
Vietnamese,BRIGHT,e,0.346,8,0.7363,0.9764,False
Vietnamese,FAST,j,0.346,33,0.6418,0.9764,False
Vietnamese,SMOOTH,ɔ,0.345,28,0.5871,0.9764,False
Vietnamese,FAST,w,-0.341,18,0.5771,0.9764,False
Vietnamese,SHARP,a,0.337,65,0.592,0.9764,False
Vietnamese,SLOW,i,-0.333,5,0.7512,0.9764,False
Vietnamese,SLOW,a,-0.332,19,0.7761,0.9764,False
Vietnamese,SMALL,m,0.327,25,0.592,0.9764,False
Vietnamese,SHARP,i͡ɛ,0.321,10,0.6169,0.9764,False
Vietnamese,QUIET,ɲ,0.32,9,0.7612,0.9764,False
Vietnamese,SMOOTH,s,-0.314,14,0.6169,0.9764,False
Vietnamese,SMALL,t,-0.29,5,0.6766,0.9764,False
Vietnamese,SMOOTH,p,-0.286,6,0.6318,0.9764,False
Vietnamese,SMOOTH,v,0.285,9,0.6368,0.9764,False
Vietnamese,SMOOTH,n,-0.282,41,0.6219,0.9764,False
Vietnamese,SMOOTH,ɲ,-0.282,19,0.6667,0.9764,False
Vietnamese,QUIET,ɗ,0.279,9,0.7811,0.9764,False
Vietnamese,DARK,y,0.272,5,0.7562,0.9764,False
Vietnamese,SMOOTH,c,-0.269,13,0.7114,0.9764,False
Vietnamese,SMOOTH,z,-0.268,17,0.6418,0.9764,False
Vietnamese,DARK,t͡ʃ,-0.267,12,0.7065,0.9764,False
Vietnamese,BRIGHT,t,-0.266,3,0.801,0.9764,False
Vietnamese,SHARP,v,0.264,7,0.7214,0.9764,False
Vietnamese,SHARP,ŋ,-0.256,29,0.6766,0.9764,False
Vietnamese,QUIET,h,0.253,9,0.7811,0.9764,False
Vietnamese,BRIGHT,t̪,0.252,16,0.7711,0.9764,False
Vietnamese,SMOOTH,t̪,0.249,44,0.6816,0.9764,False
Vietnamese,SMALL,z,-0.24,11,0.7214,0.9764,False
Vietnamese,FAST,i,-0.239,15,0.7662,0.9764,False
Vietnamese,SMOOTH,ɛ,0.238,12,0.7065,0.9764,False
Vietnamese,QUIET,n,0.237,17,0.806,0.9764,False
Vietnamese,DARK,i͡ɛ,-0.234,6,0.7413,0.9764,False
Vietnamese,FAST,ə,-0.225,22,0.6965,0.9764,False
Vietnamese,DARK,u͡ə,-0.211,3,0.7463,0.9764,False
Vietnamese,FAST,p,0.204,7,0.7761,0.9764,False
Vietnamese,SMOOTH,e,0.193,21,0.7612,0.9764,False
Vietnamese,DARK,o,-0.192,16,0.7811,0.9764,False
Vietnamese,DARK,y͡ə,-0.191,7,0.801,0.9764,False
Vietnamese,SMALL,h,-0.186,10,0.7861,0.9764,False
Vietnamese,SMALL,u,-0.183,10,0.7413,0.9764,False
Vietnamese,SHARP,x,0.18,8,0.796,0.9764,False
Vietnamese,DARK,c,-0.18,9,0.8259,0.9764,False
Vietnamese,ROUND,f,0.177,5,0.7512,0.9764,False
Vietnamese,SHARP,z,-0.169,15,0.8209,0.9764,False
Vietnamese,ROUND,l,-0.16,16,0.806,0.9764,False
Vietnamese,FAST,e,-0.157,15,0.7562,0.9764,False
Vietnamese,SMOOTH,l,-0.135,16,0.796,0.9764,False
Vietnamese,ROUND,y,0.13,7,0.8209,0.9764,False
Vietnamese,FAST,c,0.13,13,0.8159,0.9764,False
Vietnamese,SMALL,s,0.17,13,0.8308,0.9775,False
Vietnamese,SHARP,m,-0.143,25,0.8308,0.9775,False
Vietnamese,BIG,ɜ,-0.364,9,0.8408,0.984,False
Vietnamese,QUIET,ə,0.204,12,0.8507,0.984,False
Vietnamese,SHARP,ɛ,0.141,9,0.8458,0.984,False
Vietnamese,DARK,ɔ,0.138,16,0.8408,0.984,False
Vietnamese,FAST,ɜ,-0.137,55,0.8507,0.984,False
Vietnamese,ROUND,w,-0.112,27,0.8507,0.984,False
Vietnamese,LOUD,o,0.374,3,0.8856,0.9908,False
Vietnamese,BRIGHT,ə,0.204,12,0.8756,0.9908,False
Vietnamese,BRIGHT,b,-0.175,4,0.8806,0.9908,False
Vietnamese,BRIGHT,v,0.155,3,0.8756,0.9908,False
Vietnamese,DARK,h,-0.147,11,0.8856,0.9908,False
Vietnamese,FAST,z,-0.127,16,0.8806,0.9908,False
Vietnamese,BRIGHT,p,0.125,3,0.8806,0.9908,False
Vietnamese,SMALL,ɔ,0.116,15,0.8756,0.9908,False
Vietnamese,FAST,ɛ,-0.101,8,0.8607,0.9908,False
Vietnamese,SMALL,ɲ,-0.097,13,0.8657,0.9908,False
Vietnamese,DARK,i,0.126,14,0.8905,0.9918,False
Vietnamese,BRIGHT,t͡ʃ,0.103,8,0.8905,0.9918,False
Vietnamese,SLOW,c,-0.097,4,0.8955,0.995,False
Vietnamese,LOUD,w,0.286,3,0.9254,1.0,False
Vietnamese,BIG,k,-0.172,4,0.9303,1.0,False
Vietnamese,BIG,t̪,-0.162,5,0.9154,1.0,False
Vietnamese,LOUD,n,0.102,4,0.9552,1.0,False
Vietnamese,QUIET,u,0.097,7,0.9552,1.0,False
Vietnamese,SMALL,n,-0.089,27,0.9204,1.0,False
Vietnamese,QUIET,ɛ,0.076,4,0.9154,1.0,False
Vietnamese,SHARP,y͡ə,0.075,10,0.9055,1.0,False
Vietnamese,DARK,k,-0.073,20,0.9254,1.0,False
Vietnamese,SMOOTH,j,-0.062,34,0.9204,1.0,False
Vietnamese,SMOOTH,x,0.051,9,0.9353,1.0,False
Vietnamese,SHARP,s,-0.046,14,0.9154,1.0,False
Vietnamese,SLOW,z,-0.046,6,0.9552,1.0,False
Vietnamese,SMOOTH,m,0.044,35,0.9552,1.0,False
Vietnamese,DARK,ɲ,-0.041,14,0.9701,1.0,False
Vietnamese,SHARP,u,-0.032,14,0.9652,1.0,False
Vietnamese,SHARP,t̪,-0.031,30,0.9652,1.0,False
Vietnamese,ROUND,ɣ,0.026,4,0.99,1.0,False
Vietnamese,SHARP,j,0.026,28,0.9751,1.0,False
Vietnamese,SHARP,w,0.026,23,0.9701,1.0,False
Vietnamese,SMOOTH,ɗ,-0.025,21,0.9801,1.0,False
Vietnamese,FAST,ɣ,-0.023,3,0.9751,1.0,False
Vietnamese,SMALL,t͡ʃ,-0.02,13,0.9851,1.0,False
Vietnamese,SHARP,y,0.019,5,0.9851,1.0,False
Vietnamese,SMOOTH,w,0.017,29,0.9701,1.0,False
Vietnamese,ROUND,t̪,-0.013,39,0.9801,1.0,False
Vietnamese,BIG,j,0.012,5,0.9851,1.0,False
Vietnamese,QUIET,ŋ,-0.01,15,0.995,1.0,False
Vietnamese,QUIET,o,-0.005,10,0.995,1.0,False
Vietnamese,SLOW,w,0.002,8,1.0,1.0,False
Welsh,SLOW,ʌ,2.873,29,0.005,0.325,False
Welsh,SMOOTH,ə,2.764,12,0.005,0.325,False
Welsh,DARK,a͡ɨ,2.596,7,0.005,0.325,False
Welsh,ROUND,p,2.579,25,0.005,0.325,False
Welsh,SMALL,ŋ,2.557,5,0.005,0.325,False
Welsh,SLOW,ɛ,-2.456,8,0.005,0.325,False
Welsh,SHARP,u͡ɨ,2.328,19,0.005,0.325,False
Welsh,SLOW,j,2.264,17,0.005,0.325,False
Welsh,FAST,r,1.908,68,0.005,0.325,False
Welsh,FAST,ʃ,2.652,5,0.01,0.4501,False
Welsh,QUIET,ð,2.635,14,0.01,0.4501,False
Welsh,SHARP,f,2.02,10,0.01,0.4501,False
Welsh,ROUGH,e,2.822,4,0.0149,0.5162,False
Welsh,DARK,ɪ͡u,2.548,4,0.0149,0.5162,False
Welsh,SLOW,ø,2.196,35,0.0149,0.5162,False
Welsh,SHARP,i,2.125,16,0.0149,0.5162,False
Welsh,LOUD,c,3.064,3,0.0199,0.5319,False
Welsh,LOUD,ɨ,2.743,9,0.0199,0.5319,False
Welsh,BIG,a͡ɪ,2.587,7,0.0199,0.5319,False
Welsh,DARK,ɨ͡u,2.304,4,0.0199,0.5319,False
Welsh,DARK,ɑ͡ɨ,1.74,7,0.0199,0.5319,False
Welsh,LOUD,d,2.559,12,0.0249,0.5851,False
Welsh,ROUND,k,1.484,40,0.0249,0.5851,False
Welsh,SHARP,n,1.472,60,0.0249,0.5851,False
Welsh,LOUD,a͡ʊ,2.682,4,0.0299,0.6269,False
Welsh,SMOOTH,a,1.316,64,0.0299,0.6269,False
Welsh,SMOOTH,d,1.23,64,0.0299,0.6269,False
Welsh,QUIET,θ,2.115,6,0.0348,0.6606,False
Welsh,SMOOTH,h,1.299,33,0.0348,0.6606,False
Welsh,ROUGH,ʊ,2.565,5,0.0398,0.7092,False
Welsh,SMOOTH,t,-1.134,15,0.0398,0.7092,False
Welsh,BRIGHT,ə͡ɪ,2.421,4,0.0498,0.7501,False
Welsh,QUIET,s,2.331,17,0.0498,0.7501,False
Welsh,DARK,u͡ɨ,1.674,13,0.0498,0.7501,False
Welsh,SMOOTH,ə͡ɨ,1.449,5,0.0448,0.7501,False
Welsh,ROUGH,ɔ͡ɨ,2.558,3,0.0547,0.7662,False
Welsh,FAST,ə͡ɪ,1.526,11,0.0547,0.7662,False
Welsh,SMALL,m,1.683,19,0.0597,0.7978,False
Welsh,SHARP,s,-1.331,15,0.0597,0.7978,False
Welsh,BIG,u,1.855,3,0.0697,0.803,False
Welsh,SMOOTH,ɔ͡ɪ,1.837,3,0.0647,0.803,False
Welsh,SHARP,t,1.436,27,0.0697,0.803,False
Welsh,SLOW,k,1.406,27,0.0697,0.803,False
Welsh,ROUND,l,1.368,52,0.0647,0.803,False
Welsh,ROUND,ʊ,1.254,23,0.0697,0.803,False
Welsh,ROUGH,ɡ,2.395,8,0.0796,0.8212,False
Welsh,BIG,ɔ͡ɨ,1.687,5,0.0746,0.8212,False
Welsh,FAST,ɔ,1.454,42,0.0796,0.8212,False
Welsh,SHARP,ɪ͡u,1.416,3,0.0796,0.8212,False
Welsh,SMALL,a͡ɨ,1.4,4,0.0746,0.8212,False
Welsh,SLOW,ɔ,1.399,32,0.0796,0.8212,False
Welsh,SLOW,r,-1.597,27,0.0846,0.8429,False
Welsh,ROUGH,x,2.488,4,0.0896,0.8493,False
Welsh,FAST,s,-1.315,16,0.0896,0.8493,False
Welsh,ROUGH,h,2.252,5,0.0995,0.9142,False
Welsh,DARK,ɑ,1.294,10,0.0995,0.9142,False
Welsh,SMALL,b,1.309,15,0.1045,0.9169,False
Welsh,FAST,f,1.215,8,0.1045,0.9169,False
Welsh,ROUND,ʌ,-1.09,11,0.1045,0.9169,False
Welsh,LOUD,ɬ,2.173,5,0.1095,0.9327,False
Welsh,DARK,b,-1.461,4,0.1095,0.9327,False
Welsh,QUIET,b,1.713,9,0.1144,0.9477,False
Welsh,QUIET,w,1.619,6,0.1144,0.9477,False
Welsh,ROUGH,a,1.935,8,0.199,0.9969,False
Welsh,BRIGHT,ø,1.794,11,0.1841,0.9969,False
Welsh,QUIET,ɛ,1.641,17,0.1393,0.9969,False
Welsh,BIG,ɑ͡ɨ,1.638,3,0.1393,0.9969,False
Welsh,BIG,x,1.574,7,0.1294,0.9969,False
Welsh,BIG,i,1.556,5,0.1692,0.9969,False
Welsh,BIG,m,1.549,9,0.1741,0.9969,False
Welsh,BIG,ɡ,-1.549,3,0.1443,0.9969,False
Welsh,BRIGHT,l,1.504,13,0.3234,0.9969,False
Welsh,ROUGH,r,1.47,10,0.3881,0.9969,False
Welsh,BIG,a,-1.46,6,0.2139,0.9969,False
Welsh,ROUGH,v,1.379,4,0.4925,0.9969,False
Welsh,QUIET,ɑ,1.353,5,0.2935,0.9969,False
Welsh,BIG,t,1.336,10,0.204,0.9969,False
Welsh,LOUD,ɔ,1.261,8,0.4826,0.9969,False
Welsh,SMALL,t,1.254,20,0.1244,0.9969,False
Welsh,BIG,d,-1.249,6,0.2985,0.9969,False
Welsh,LOUD,l,1.233,9,0.4279,0.9969,False
Welsh,BRIGHT,h,1.208,6,0.4279,0.9969,False
Welsh,BRIGHT,n,1.17,16,0.4378,0.9969,False
Welsh,BIG,ɔ,-1.169,5,0.2786,0.9969,False
Welsh,LOUD,a,-1.141,4,0.5025,0.9969,False
Welsh,BIG,ø,-1.132,3,0.2935,0.9969,False
Welsh,QUIET,j,1.131,6,0.3284,0.9969,False
Welsh,DARK,v,1.121,19,0.2189,0.9969,False
Welsh,SLOW,ɬ,1.12,14,0.1542,0.9969,False
Welsh,ROUND,ɨ,-1.118,12,0.1493,0.9969,False
Welsh,BRIGHT,m,1.103,6,0.4527,0.9969,False
Welsh,FAST,v,1.056,23,0.1493,0.9969,False
Welsh,DARK,m,-1.049,7,0.1493,0.9969,False
Welsh,DARK,t,-1.044,9,0.1443,0.9969,False
Welsh,FAST,a,-1.039,21,0.1891,0.9969,False
Welsh,SHARP,k,1.038,29,0.1393,0.9969,False
Welsh,ROUND,r,-1.027,45,0.1592,0.9969,False
Welsh,ROUND,ɡ,-0.998,16,0.1542,0.9969,False
Welsh,SMALL,v,-0.994,5,0.2139,0.9969,False
Welsh,FAST,ɛ,-0.993,22,0.2289,0.9969,False
Welsh,DARK,ɡ,0.991,29,0.2189,0.9969,False
Welsh,SMOOTH,l,-0.988,25,0.1592,0.9969,False
Welsh,SLOW,ɑ͡ɨ,0.986,5,0.2736,0.9969,False
Welsh,BRIGHT,r,-0.972,11,0.5423,0.9969,False
Welsh,QUIET,k,-0.971,3,0.4179,0.9969,False
Welsh,SMALL,ɑ,0.968,8,0.2438,0.9969,False
Welsh,BRIGHT,b,0.966,5,0.5274,0.9969,False
Welsh,DARK,k,0.951,24,0.2438,0.9969,False
Welsh,BIG,p,0.943,5,0.4279,0.9969,False
Welsh,QUIET,a͡ɪ,0.941,4,0.4627,0.9969,False
Welsh,QUIET,d,-0.941,8,0.4328,0.9969,False
Welsh,FAST,ʌ,0.935,24,0.1891,0.9969,False
Welsh,SHARP,ø,-0.932,10,0.204,0.9969,False
Welsh,DARK,w,-0.928,4,0.2687,0.9969,False
Welsh,SHARP,r,-0.923,39,0.209,0.9969,False
Welsh,SHARP,o,0.92,9,0.2836,0.9969,False
Welsh,QUIET,a͡ʊ,0.908,4,0.4677,0.9969,False
Welsh,QUIET,ɨ,-0.905,5,0.4876,0.9969,False
Welsh,SMALL,w,0.902,9,0.2587,0.9969,False
Welsh,ROUGH,s,-0.887,3,0.6368,0.9969,False
Welsh,QUIET,a,0.882,16,0.4826,0.9969,False
Welsh,SLOW,ɑ,0.84,8,0.3134,0.9969,False
Welsh,SHARP,a͡ɪ,0.839,9,0.2239,0.9969,False
Welsh,ROUND,ð,-0.837,7,0.2587,0.9969,False
Welsh,SHARP,b,-0.833,8,0.2935,0.9969,False
Welsh,FAST,n,-0.83,32,0.2338,0.9969,False
Welsh,SMOOTH,s,-0.826,28,0.1642,0.9969,False
Welsh,BIG,l,-0.825,7,0.5075,0.9969,False
Welsh,QUIET,m,-0.82,4,0.4577,0.9969,False
Welsh,QUIET,ɔ,-0.819,7,0.4826,0.9969,False
Welsh,SLOW,ð,-0.814,5,0.3632,0.9969,False
Welsh,SHARP,a,-0.812,22,0.2736,0.9969,False
Welsh,ROUND,t,0.811,27,0.2687,0.9969,False
Welsh,ROUND,ə,0.809,4,0.2537,0.9969,False
Welsh,DARK,n,0.809,44,0.3333,0.9969,False
Welsh,SMOOTH,o,0.8,13,0.1841,0.9969,False
Welsh,SLOW,x,-0.798,3,0.3333,0.9969,False
Welsh,LOUD,ð,0.796,4,0.6318,0.9969,False
Welsh,DARK,ɨ,-0.795,11,0.2786,0.9969,False
Welsh,BIG,k,0.794,10,0.4428,0.9969,False
Welsh,FAST,ʊ,-0.783,3,0.2935,0.9969,False
Welsh,SLOW,m,-0.782,8,0.398,0.9969,False
Welsh,SMOOTH,b,0.779,25,0.2338,0.9969,False
Welsh,SHARP,ɨ,-0.777,13,0.3234,0.9969,False
Welsh,SMALL,s,0.768,23,0.3781,0.9969,False
Welsh,QUIET,n,-0.767,13,0.5423,0.9969,False
Welsh,SHARP,ɛ,0.766,34,0.3085,0.9969,False
Welsh,BRIGHT,d,-0.76,6,0.5871,0.9969,False
Welsh,ROUND,n,0.758,60,0.2537,0.9969,False
Welsh,SMALL,h,-0.757,3,0.3632,0.9969,False
Welsh,FAST,ɬ,-0.745,6,0.3085,0.9969,False
Welsh,SHARP,h,-0.742,4,0.2886,0.9969,False
Welsh,FAST,b,-0.739,9,0.3582,0.9969,False
Welsh,SLOW,l,-0.729,16,0.4378,0.9969,False
Welsh,SMOOTH,ʊ,-0.725,5,0.2388,0.9969,False
Welsh,SMALL,i,0.723,7,0.4129,0.9969,False
Welsh,FAST,θ,-0.714,4,0.3881,0.9969,False
Welsh,FAST,a͡ʊ,0.709,9,0.3383,0.9969,False
Welsh,QUIET,v,0.704,8,0.5672,0.9969,False
Welsh,BIG,n,0.702,19,0.5522,0.9969,False
Welsh,ROUGH,ð,0.7,3,0.6866,0.9969,False
Welsh,QUIET,ʌ,-0.691,5,0.6169,0.9969,False
Welsh,SMALL,θ,-0.69,3,0.3632,0.9969,False
Welsh,QUIET,ɡ,-0.688,7,0.5771,0.9969,False
Welsh,SMALL,ɔ,-0.685,14,0.403,0.9969,False
Welsh,DARK,o,0.676,7,0.3731,0.9969,False
Welsh,SMOOTH,ʃ,0.675,3,0.2438,0.9969,False
Welsh,BIG,s,0.669,11,0.5721,0.9969,False
Welsh,FAST,e,0.666,12,0.403,0.9969,False
Welsh,SLOW,ɡ,0.665,25,0.4826,0.9969,False
Welsh,FAST,ŋ,0.664,3,0.3632,0.9969,False
Welsh,DARK,ø,-0.659,11,0.4527,0.9969,False
Welsh,DARK,e,-0.653,3,0.3731,0.9969,False
Welsh,BIG,b,0.64,6,0.5622,0.9969,False
Welsh,SMOOTH,e͡ʊ,0.636,4,0.2388,0.9969,False
Welsh,LOUD,ɛ,0.633,7,0.6816,0.9969,False
Welsh,SMOOTH,w,0.632,16,0.3085,0.9969,False
Welsh,SMOOTH,v,0.626,28,0.2687,0.9969,False
Welsh,BIG,w,0.619,4,0.6269,0.9969,False
Welsh,ROUND,h,-0.619,6,0.3831,0.9969,False
Welsh,LOUD,n,-0.615,7,0.7562,0.9969,False
Welsh,SHARP,ɬ,0.613,14,0.3881,0.9969,False
Welsh,BIG,r,0.612,20,0.597,0.9969,False
Welsh,ROUGH,m,0.611,3,0.8109,0.9969,False
Welsh,BRIGHT,ɡ,-0.608,5,0.7313,0.9969,False
Welsh,ROUND,w,-0.598,7,0.403,0.9969,False
Welsh,DARK,ɛ,0.596,28,0.4428,0.9969,False
Welsh,SMOOTH,ʌ,-0.595,19,0.3035,0.9969,False
Welsh,FAST,ɑ,-0.585,4,0.4677,0.9969,False
Welsh,SMOOTH,θ,0.579,13,0.3383,0.9969,False
Welsh,SHARP,w,-0.578,6,0.3881,0.9969,False
Welsh,LOUD,s,0.571,6,0.7463,0.9969,False
Welsh,SMALL,k,-0.562,9,0.5622,0.9969,False
Welsh,BRIGHT,a,0.554,10,0.7065,0.9969,False
Welsh,ROUGH,ɨ,0.554,4,0.7861,0.9969,False
Welsh,SLOW,w,-0.549,5,0.5274,0.9969,False
Welsh,SLOW,v,-0.548,8,0.5323,0.9969,False
Welsh,ROUGH,ɛ,-0.547,4,0.796,0.9969,False
Welsh,SMALL,ʌ,-0.546,10,0.4826,0.9969,False
Welsh,FAST,d,0.539,37,0.4826,0.9969,False
Welsh,ROUND,ɬ,0.538,16,0.4378,0.9969,False
Welsh,SMOOTH,x,-0.537,8,0.4328,0.9969,False
Welsh,DARK,ɔ,0.535,26,0.5025,0.9969,False
Welsh,DARK,h,-0.531,5,0.4776,0.9969,False
Welsh,ROUND,ɑ,0.528,10,0.4179,0.9969,False
Welsh,LOUD,r,0.52,11,0.7015,0.9969,False
Welsh,QUIET,ø,-0.519,6,0.7015,0.9969,False
Welsh,BRIGHT,t,-0.516,4,0.7313,0.9969,False
Welsh,SHARP,j,-0.505,5,0.5622,0.9969,False
Welsh,BIG,ʌ,-0.504,5,0.7065,0.9969,False
Welsh,SMOOTH,ɛ,-0.501,37,0.4279,0.9969,False
Welsh,QUIET,ɬ,-0.501,3,0.6915,0.9969,False
Welsh,ROUND,u͡ɨ,-0.499,3,0.5224,0.9969,False
Welsh,SLOW,b,-0.498,8,0.602,0.9969,False
Welsh,SMOOTH,ø,-0.497,22,0.4328,0.9969,False
Welsh,FAST,ɑ͡ɨ,0.48,5,0.5373,0.9969,False
Welsh,LOUD,ɡ,-0.478,4,0.7612,0.9969,False
Welsh,SMOOTH,k,-0.473,19,0.4527,0.9969,False
Welsh,QUIET,t,-0.472,6,0.6766,0.9969,False
Welsh,ROUGH,d,-0.471,4,0.7761,0.9969,False
Welsh,BRIGHT,j,0.464,3,0.7264,0.9969,False
Welsh,FAST,l,-0.462,24,0.602,0.9969,False
Welsh,ROUND,ø,0.456,29,0.5075,0.9969,False
Welsh,SMALL,ɡ,0.452,22,0.597,0.9969,False
Welsh,BIG,ɛ,0.447,12,0.6667,0.9969,False
Welsh,SMALL,ɨ,0.444,18,0.6766,0.9969,False
Welsh,BIG,ɨ,-0.442,6,0.7463,0.9969,False
Welsh,BRIGHT,ɛ,0.441,9,0.7761,0.9969,False
Welsh,FAST,j,0.441,11,0.5274,0.9969,False
Welsh,SMOOTH,ɨ,0.437,35,0.4776,0.9969,False
Welsh,SMALL,d,-0.436,19,0.6567,0.9969,False
Welsh,ROUND,x,-0.435,7,0.5473,0.9969,False
Welsh,SMALL,p,-0.434,5,0.607,0.9969,False
Welsh,SHARP,l,0.425,33,0.5522,0.9969,False
Welsh,DARK,a,-0.424,22,0.6418,0.9969,False
Welsh,BIG,u͡ɨ,0.422,3,0.7015,0.9969,False
Welsh,SLOW,e,-0.42,4,0.6368,0.9969,False
Welsh,SHARP,θ,0.418,8,0.6119,0.9969,False
Welsh,SMOOTH,ð,-0.416,14,0.4179,0.9969,False
Welsh,DARK,ʊ,-0.414,5,0.6567,0.9969,False
Welsh,FAST,k,-0.413,14,0.6169,0.9969,False
Welsh,SMOOTH,a͡ɨ,0.405,4,0.5323,0.9969,False
Welsh,SMOOTH,f,-0.401,4,0.5323,0.9969,False
Welsh,ROUND,j,0.4,12,0.5672,0.9969,False
Welsh,BRIGHT,p,0.4,3,0.7811,0.9969,False
Welsh,ROUND,f,0.399,6,0.5572,0.9969,False
Welsh,SHARP,d,-0.39,25,0.5871,0.9969,False
Welsh,SMOOTH,ɡ,-0.382,30,0.5871,0.9969,False
Welsh,FAST,ɨ,0.379,24,0.5871,0.9969,False
Welsh,SMOOTH,ɬ,-0.375,12,0.6169,0.9969,False
Welsh,QUIET,o,0.372,3,0.7015,0.9969,False
Welsh,SLOW,s,0.371,22,0.7114,0.9969,False
Welsh,SMOOTH,i,0.37,11,0.5423,0.9969,False
Welsh,SMALL,ð,0.369,12,0.6219,0.9969,False
Welsh,SMALL,a͡ɪ,0.366,5,0.6517,0.9969,False
Welsh,LOUD,ʌ,-0.357,3,0.8458,0.9969,False
Welsh,SLOW,i,-0.356,3,0.602,0.9969,False
Welsh,SLOW,f,0.337,4,0.7015,0.9969,False
Welsh,QUIET,ʊ,0.332,5,0.7711,0.9969,False
Welsh,FAST,w,0.331,10,0.6617,0.9969,False
Welsh,SMOOTH,r,-0.326,67,0.5522,0.9969,False
Welsh,FAST,x,-0.325,7,0.6567,0.9969,False
Welsh,SLOW,u͡ɨ,0.324,6,0.7562,0.9969,False
Welsh,DARK,p,-0.319,6,0.7114,0.9969,False
Welsh,SMALL,a͡ʊ,0.318,5,0.7114,0.9969,False
Welsh,DARK,l,0.301,27,0.7065,0.9969,False
Welsh,SMOOTH,u,0.3,5,0.6318,0.9969,False
Welsh,DARK,s,-0.299,19,0.7015,0.9969,False
Welsh,ROUND,m,-0.294,15,0.6965,0.9969,False
Welsh,SMALL,ʊ,0.292,9,0.7114,0.9969,False
Welsh,SHARP,v,0.288,16,0.6617,0.9969,False
Welsh,FAST,u͡ɨ,-0.286,4,0.7164,0.9969,False
Welsh,SLOW,ɨ,-0.286,14,0.7562,0.9969,False
Welsh,SMALL,e,0.278,7,0.7363,0.9969,False
Welsh,FAST,ø,0.277,24,0.7164,0.9969,False
Welsh,SMOOTH,ɑ͡ɨ,-0.276,4,0.6119,0.9969,False
Welsh,SMALL,n,-0.275,29,0.7065,0.9969,False
Welsh,SHARP,ʊ,-0.273,7,0.6965,0.9969,False
Welsh,SMALL,x,0.27,8,0.796,0.9969,False
Welsh,BIG,v,0.261,6,0.8259,0.9969,False
Welsh,DARK,x,-0.26,6,0.7363,0.9969,False
Welsh,ROUND,ɔ͡ɨ,0.258,6,0.7114,0.9969,False
Welsh,DARK,ð,-0.257,9,0.7562,0.9969,False
Welsh,QUIET,l,0.256,13,0.8706,0.9969,False
Welsh,ROUND,o,0.255,8,0.7363,0.9969,False
Welsh,SMALL,j,-0.251,5,0.7662,0.9969,False
Welsh,ROUND,a,0.25,38,0.7413,0.9969,False
Welsh,SMOOTH,ɑ,0.246,11,0.6468,0.9969,False
Welsh,ROUGH,ʌ,0.243,3,0.8607,0.9969,False
Welsh,DARK,ɬ,0.236,10,0.7562,0.9969,False
Welsh,SLOW,t,-0.236,13,0.7363,0.9969,False
Welsh,BRIGHT,ɨ,-0.235,5,0.8706,0.9969,False
Welsh,SHARP,ʌ,-0.227,15,0.7313,0.9969,False
Welsh,DARK,d,-0.214,23,0.7861,0.9969,False
Welsh,LOUD,t,0.211,4,0.9104,0.9969,False
Welsh,FAST,p,-0.208,8,0.7463,0.9969,False
Welsh,FAST,m,-0.205,14,0.791,0.9969,False
Welsh,SMALL,r,0.2,38,0.7811,0.9969,False
Welsh,SMALL,ɬ,-0.197,7,0.8507,0.9969,False
Welsh,DARK,ʌ,-0.197,13,0.7861,0.9969,False
Welsh,SHARP,ð,-0.196,11,0.8557,0.9969,False
Welsh,SMALL,l,-0.194,20,0.8408,0.9969,False
Welsh,SMOOTH,ɔ͡ɨ,-0.171,4,0.7811,0.9969,False
Welsh,DARK,ə͡ɪ,-0.169,3,0.8706,0.9969,False
Welsh,SMALL,ø,-0.163,14,0.8159,0.9969,False
Welsh,BIG,ʊ,-0.162,3,0.8806,0.9969,False
Welsh,DARK,θ,-0.16,5,0.801,0.9969,False
Welsh,BRIGHT,ʌ,0.157,5,0.9204,0.9969,False
Welsh,DARK,j,-0.152,6,0.8159,0.9969,False
Welsh,SMALL,a,-0.145,22,0.8358,0.9969,False
Welsh,SLOW,n,-0.143,32,0.8607,0.9969,False
Welsh,SMOOTH,u͡ɨ,-0.14,7,0.806,0.9969,False
Welsh,ROUND,θ,-0.139,7,0.8259,0.9969,False
Welsh,SHARP,ɡ,0.122,25,0.8557,0.9969,False
Welsh,ROUND,d,0.12,36,0.8458,0.9969,False
Welsh,SMOOTH,ɔ,-0.115,36,0.8557,0.9969,False
Welsh,SMOOTH,ə͡ɪ,0.108,7,0.8507,0.9969,False
Welsh,ROUND,b,-0.107,14,0.8706,0.9969,False
Welsh,SMOOTH,j,-0.105,11,0.8657,0.9969,False
Welsh,SHARP,ɔ,0.101,26,0.8905,0.9969,False
Welsh,ROUND,i,0.098,7,0.8955,0.9969,False
Welsh,SMOOTH,m,-0.093,21,0.8706,0.9969,False
Welsh,BIG,e,0.088,3,0.9403,0.9969,False
Welsh,SHARP,p,0.088,9,0.9254,0.9969,False
Welsh,SLOW,θ,-0.088,5,0.9403,0.9969,False
Welsh,ROUND,s,-0.087,28,0.9353,0.9969,False
Welsh,LOUD,ø,-0.086,4,0.9453,0.9969,False
Welsh,FAST,ð,0.084,14,0.8756,0.9969,False
Welsh,SLOW,a,0.083,25,0.9204,0.9969,False
Welsh,FAST,ɡ,0.079,26,0.9104,0.9969,False
Welsh,DARK,r,0.078,41,0.9353,0.9969,False
Welsh,SHARP,m,-0.075,14,0.9005,0.9969,False
Welsh,FAST,o,-0.074,6,0.9005,0.9969,False
Welsh,FAST,t,0.073,19,0.9353,0.9969,False
Welsh,SLOW,o,0.058,5,0.9602,0.9969,False
Welsh,QUIET,r,0.058,20,0.9801,0.9969,False
Welsh,SHARP,ə͡ɪ,-0.047,4,0.9552,0.9969,False
Welsh,SMOOTH,n,-0.047,61,0.9552,0.9969,False
Welsh,BRIGHT,ɬ,0.046,3,0.9851,0.9969,False
Welsh,ROUND,ɔ,-0.044,29,0.9701,0.9969,False
Welsh,ROUND,ɛ,-0.043,33,0.9502,0.9969,False
Welsh,BRIGHT,ɔ,-0.043,7,0.9652,0.9969,False
Welsh,ROUND,e,0.04,9,0.9652,0.9969,False
Welsh,QUIET,e,-0.037,3,0.9751,0.9969,False
Welsh,BRIGHT,s,0.035,7,0.9652,0.9969,False
Welsh,SMOOTH,a͡ɪ,0.03,7,0.9552,0.9969,False
Welsh,SMOOTH,a͡ʊ,-0.028,7,0.9602,0.9969,False
Welsh,SMOOTH,e,-0.017,11,0.9851,0.9969,False
Welsh,SLOW,d,0.015,24,0.9801,0.9969,False
Welsh,FAST,h,-0.011,11,0.9851,0.9969,False
Welsh,SMALL,ɛ,0.017,22,0.995,0.9984,False
Welsh,SMOOTH,p,0.007,13,0.995,0.9984,False
Welsh,BIG,h,0.006,4,0.995,0.9984,False
Welsh,SLOW,p,-0.003,7,0.995,0.9984,False
Welsh,ROUND,ɑ͡ɨ,-0.007,4,1.0,1.0,False
