language,pole,phoneme,z,count,p_perm,q_fdr,significant
Arabic,巽卦-static,d͡ʒ,3.581,14,0.005,0.2361,False
Arabic,離卦-static,χ,3.432,9,0.005,0.2361,False
Arabic,中卦-static,t̪,3.36,16,0.005,0.2361,False
Arabic,艮卦-static,f,3.181,62,0.005,0.2361,False
Arabic,乾卦-static,ħ,3.09,26,0.005,0.2361,False
Arabic,兌卦-dynamic,a,2.963,565,0.005,0.2361,False
Arabic,離卦-dynamic,j,2.731,15,0.005,0.2361,False
Arabic,艮卦-dynamic,r,2.527,119,0.005,0.2361,False
Arabic,坤卦-dynamic,s̪,2.404,36,0.005,0.2361,False
Arabic,兌卦-dynamic,t,-2.086,31,0.005,0.2361,False
Arabic,坤卦-dynamic,k,-1.534,10,0.005,0.2361,False
Arabic,巽卦-dynamic,ʃ,3.37,6,0.01,0.3246,False
Arabic,中卦-dynamic,ð,2.941,7,0.01,0.3246,False
Arabic,坤卦-static,ɣ,2.469,14,0.01,0.3246,False
Arabic,兌卦-dynamic,i,-1.714,48,0.01,0.3246,False
Arabic,兌卦-dynamic,u,-1.53,24,0.01,0.3246,False
Arabic,乾卦-dynamic,q,3.061,15,0.0149,0.4101,False
Arabic,震卦-dynamic,m,-1.728,15,0.0149,0.4101,False
Arabic,震卦-dynamic,b,-1.707,10,0.0149,0.4101,False
Arabic,中卦-dynamic,ʕ,2.408,10,0.0199,0.5194,False
Arabic,震卦-dynamic,a,1.63,247,0.0249,0.5902,False
Arabic,坎卦-static,ʔ,1.332,89,0.0249,0.5902,False
Arabic,兌卦-static,z,2.906,8,0.0398,0.6702,False
Arabic,乾卦-dynamic,h,2.696,5,0.0398,0.6702,False
Arabic,中卦-dynamic,θ,2.31,4,0.0348,0.6702,False
Arabic,離卦-static,k,2.265,8,0.0348,0.6702,False
Arabic,艮卦-dynamic,n,-1.532,28,0.0348,0.6702,False
Arabic,坤卦-static,m,1.41,59,0.0398,0.6702,False
Arabic,艮卦-dynamic,m,-1.214,40,0.0299,0.6702,False
Arabic,坎卦-static,n,1.2,61,0.0398,0.6702,False
Arabic,艮卦-dynamic,b,-1.263,26,0.0448,0.7083,False
Arabic,震卦-static,t,1.237,98,0.0448,0.7083,False
Arabic,兌卦-static,w,2.977,5,0.0498,0.742,False
Arabic,巽卦-static,u,2.268,27,0.0498,0.742,False
Arabic,中卦-dynamic,r,-2.535,3,0.0547,0.7518,False
Arabic,中卦-static,ð,1.696,7,0.0547,0.7518,False
Arabic,坤卦-dynamic,ɣ,1.061,18,0.0547,0.7518,False
Arabic,艮卦-dynamic,k,-1.133,12,0.0597,0.7791,False
Arabic,艮卦-dynamic,u,-1.116,38,0.0597,0.7791,False
Arabic,坤卦-dynamic,h,1.046,24,0.0647,0.8038,False
Arabic,坤卦-dynamic,l,-0.964,72,0.0647,0.8038,False
Arabic,乾卦-dynamic,s,2.393,12,0.0746,0.8176,False
Arabic,坤卦-static,k,1.309,21,0.0697,0.8176,False
Arabic,離卦-dynamic,ʔ,1.262,63,0.0846,0.8176,False
Arabic,震卦-dynamic,l,1.199,65,0.0796,0.8176,False
Arabic,震卦-static,w,1.121,26,0.0697,0.8176,False
Arabic,艮卦-dynamic,s̪,0.966,20,0.0796,0.8176,False
Arabic,坤卦-dynamic,ħ,0.951,54,0.0846,0.8176,False
Arabic,坤卦-dynamic,t,-0.942,66,0.0846,0.8176,False
Arabic,兌卦-dynamic,j,0.898,12,0.0846,0.8176,False
Arabic,中卦-dynamic,ʔ,-2.043,3,0.0945,0.8657,False
Arabic,離卦-static,ʔ,1.995,19,0.0995,0.8657,False
Arabic,坤卦-static,i,1.101,96,0.0945,0.8657,False
Arabic,艮卦-static,m,-1.101,31,0.0995,0.8657,False
Arabic,艮卦-static,ʃ,1.062,26,0.0945,0.8657,False
Arabic,坤卦-static,h,1.023,11,0.0995,0.8657,False
Arabic,中卦-dynamic,l,2.115,27,0.1045,0.8769,False
Arabic,離卦-static,i,-2.019,6,0.1244,0.8769,False
Arabic,離卦-static,b,1.979,14,0.1144,0.8769,False
Arabic,巽卦-static,z,1.952,10,0.1045,0.8769,False
Arabic,坎卦-dynamic,θ,1.252,5,0.1294,0.8769,False
Arabic,震卦-dynamic,t,1.11,50,0.1294,0.8769,False
Arabic,震卦-dynamic,ð,1.074,11,0.1244,0.8769,False
Arabic,坤卦-static,ʃ,-1.048,4,0.1194,0.8769,False
Arabic,艮卦-static,n,0.924,44,0.1144,0.8769,False
Arabic,艮卦-dynamic,t,0.914,89,0.1294,0.8769,False
Arabic,坎卦-static,h,-0.91,4,0.1095,0.8769,False
Arabic,兌卦-dynamic,k,0.824,32,0.1194,0.8769,False
Arabic,坤卦-dynamic,ʕ,0.79,49,0.1294,0.8769,False
Arabic,中卦-static,m,1.551,28,0.1443,0.9059,False
Arabic,艮卦-static,l,-0.91,43,0.1393,0.9059,False
Arabic,艮卦-dynamic,s,0.889,50,0.1493,0.9059,False
Arabic,兌卦-dynamic,r,0.784,85,0.1493,0.9059,False
Arabic,兌卦-dynamic,l,-0.78,64,0.1493,0.9059,False
Arabic,兌卦-dynamic,w,-0.766,3,0.1443,0.9059,False
Arabic,乾卦-dynamic,i,1.998,32,0.1642,0.9215,False
Arabic,乾卦-static,q,-1.224,3,0.1642,0.9215,False
Arabic,震卦-dynamic,r,-1.053,25,0.1642,0.9215,False
Arabic,震卦-dynamic,ʕ,-0.992,12,0.1592,0.9215,False
Arabic,艮卦-dynamic,a,0.817,399,0.1642,0.9215,False
Arabic,坤卦-dynamic,ʔ,0.735,100,0.1642,0.9215,False
Arabic,兌卦-static,d,2.136,8,0.2289,0.9581,False
Arabic,巽卦-dynamic,l,2.068,13,0.2886,0.9581,False
Arabic,巽卦-dynamic,ħ,1.744,5,0.3433,0.9581,False
Arabic,乾卦-dynamic,n,-1.722,4,0.2388,0.9581,False
Arabic,離卦-static,m,-1.693,5,0.1891,0.9581,False
Arabic,兌卦-static,ʕ,1.635,5,0.393,0.9581,False
Arabic,離卦-static,t,-1.593,7,0.2239,0.9581,False
Arabic,巽卦-dynamic,t,1.533,9,0.4378,0.9581,False
Arabic,巽卦-static,ʕ,-1.519,3,0.2637,0.9581,False
Arabic,中卦-dynamic,d,-1.474,3,0.1791,0.9581,False
Arabic,中卦-dynamic,b,1.424,13,0.199,0.9581,False
Arabic,乾卦-dynamic,l,-1.411,7,0.3284,0.9581,False
Arabic,離卦-static,d,1.372,11,0.3184,0.9581,False
Arabic,離卦-static,f,1.342,9,0.2985,0.9581,False
Arabic,乾卦-dynamic,ʕ,-1.325,3,0.3682,0.9581,False
Arabic,中卦-dynamic,w,1.291,5,0.2985,0.9581,False
Arabic,巽卦-dynamic,ʔ,-1.287,3,0.5721,0.9581,False
Arabic,中卦-static,ʔ,-1.279,9,0.2338,0.9581,False
Arabic,中卦-static,l,-1.262,13,0.194,0.9581,False
Arabic,中卦-static,s,1.256,15,0.204,0.9581,False
Arabic,乾卦-dynamic,a,-1.239,39,0.393,0.9581,False
Arabic,兌卦-static,t,-1.228,5,0.5721,0.9581,False
Arabic,中卦-dynamic,a,-1.204,46,0.2985,0.9581,False
Arabic,中卦-dynamic,i,1.175,31,0.3284,0.9581,False
Arabic,坎卦-dynamic,u,1.158,39,0.2289,0.9581,False
Arabic,中卦-dynamic,s,1.149,10,0.3184,0.9581,False
Arabic,坎卦-dynamic,s̪,1.127,7,0.2786,0.9581,False
Arabic,坎卦-dynamic,b,1.124,22,0.2239,0.9581,False
Arabic,兌卦-static,b,-1.123,3,0.5672,0.9581,False
Arabic,巽卦-dynamic,q,1.109,5,0.5473,0.9581,False
Arabic,中卦-static,d,-1.095,6,0.2786,0.9581,False
Arabic,坎卦-dynamic,r,1.093,30,0.2438,0.9581,False
Arabic,中卦-dynamic,u,1.092,21,0.3483,0.9581,False
Arabic,兌卦-static,m,1.09,10,0.6169,0.9581,False
Arabic,乾卦-dynamic,d,1.024,9,0.4726,0.9581,False
Arabic,中卦-dynamic,m,1.018,17,0.3532,0.9581,False
Arabic,中卦-static,ħ,-1.006,3,0.393,0.9581,False
Arabic,巽卦-static,m,0.989,16,0.4975,0.9581,False
Arabic,兌卦-static,i,0.972,17,0.602,0.9581,False
Arabic,巽卦-static,ʃ,0.97,6,0.4428,0.9581,False
Arabic,艮卦-static,k,-0.955,10,0.209,0.9581,False
Arabic,乾卦-static,b,0.954,21,0.2985,0.9581,False
Arabic,中卦-dynamic,k,0.95,6,0.4378,0.9581,False
Arabic,兌卦-static,l,0.949,12,0.597,0.9581,False
Arabic,中卦-static,χ,0.944,7,0.3682,0.9581,False
Arabic,中卦-static,u,0.935,29,0.3532,0.9581,False
Arabic,乾卦-dynamic,z,0.929,6,0.4876,0.9581,False
Arabic,離卦-static,u,0.928,19,0.4826,0.9581,False
Arabic,坎卦-dynamic,ʔ,-0.926,14,0.3234,0.9581,False
Arabic,中卦-static,n,0.897,16,0.3632,0.9581,False
Arabic,乾卦-static,n,0.887,20,0.2985,0.9581,False
Arabic,震卦-dynamic,u,-0.873,25,0.2388,0.9581,False
Arabic,巽卦-static,a,-0.859,48,0.5124,0.9581,False
Arabic,震卦-dynamic,k,-0.847,8,0.2786,0.9581,False
Arabic,中卦-dynamic,t,0.828,16,0.4677,0.9581,False
Arabic,坎卦-dynamic,d,-0.827,9,0.3881,0.9581,False
Arabic,中卦-static,k,-0.826,4,0.393,0.9581,False
Arabic,中卦-static,i,0.823,41,0.3582,0.9581,False
Arabic,乾卦-dynamic,s̪,0.822,3,0.5771,0.9581,False
Arabic,離卦-static,q,-0.819,3,0.5274,0.9581,False
Arabic,離卦-dynamic,ʕ,0.818,27,0.2637,0.9581,False
Arabic,震卦-dynamic,i,-0.81,46,0.2935,0.9581,False
Arabic,中卦-static,j,0.804,3,0.4328,0.9581,False
Arabic,離卦-dynamic,m,-0.803,34,0.2637,0.9581,False
Arabic,乾卦-static,d͡ʒ,-0.799,3,0.3433,0.9581,False
Arabic,坤卦-static,ʕ,-0.788,14,0.2338,0.9581,False
Arabic,震卦-static,k,0.786,32,0.1741,0.9581,False
Arabic,艮卦-dynamic,ʔ,0.777,81,0.1791,0.9581,False
Arabic,中卦-static,a,-0.777,75,0.5124,0.9581,False
Arabic,坎卦-dynamic,χ,-0.766,3,0.4179,0.9581,False
Arabic,離卦-dynamic,a,0.759,270,0.2886,0.9581,False
Arabic,艮卦-dynamic,j,0.751,11,0.204,0.9581,False
Arabic,震卦-dynamic,ʃ,-0.74,6,0.398,0.9581,False
Arabic,中卦-static,q,-0.739,5,0.5174,0.9581,False
Arabic,坎卦-static,ð,-0.737,3,0.2139,0.9581,False
Arabic,艮卦-static,t,0.728,62,0.2786,0.9581,False
Arabic,離卦-dynamic,k,-0.723,11,0.3184,0.9581,False
Arabic,艮卦-static,d,0.718,38,0.2388,0.9581,False
Arabic,坤卦-static,d͡ʒ,-0.715,6,0.2687,0.9581,False
Arabic,震卦-dynamic,w,0.71,11,0.3731,0.9581,False
Arabic,坎卦-dynamic,q,0.704,16,0.4627,0.9581,False
Arabic,兌卦-dynamic,ʕ,0.703,39,0.2736,0.9581,False
Arabic,巽卦-dynamic,u,0.702,9,0.7562,0.9581,False
Arabic,震卦-static,s,0.7,48,0.199,0.9581,False
Arabic,巽卦-static,t,-0.698,10,0.6269,0.9581,False
Arabic,兌卦-dynamic,ʔ,-0.696,48,0.209,0.9581,False
Arabic,坎卦-static,r,-0.694,51,0.2886,0.9581,False
Arabic,離卦-dynamic,u,-0.694,36,0.3184,0.9581,False
Arabic,坤卦-static,d,0.692,30,0.2537,0.9581,False
Arabic,兌卦-dynamic,ʃ,-0.691,12,0.2139,0.9581,False
Arabic,兌卦-dynamic,ɣ,0.689,12,0.194,0.9581,False
Arabic,震卦-static,t̪,0.68,25,0.1891,0.9581,False
Arabic,坎卦-dynamic,l,-0.678,22,0.4925,0.9581,False
Arabic,離卦-static,n,0.678,10,0.6517,0.9581,False
Arabic,艮卦-dynamic,ʃ,-0.677,12,0.2637,0.9581,False
Arabic,坎卦-static,ʕ,-0.677,24,0.2488,0.9581,False
Arabic,中卦-dynamic,h,0.677,3,0.6567,0.9581,False
Arabic,坤卦-static,s,-0.675,13,0.3234,0.9581,False
Arabic,坤卦-dynamic,b,0.674,73,0.199,0.9581,False
Arabic,離卦-dynamic,r,-0.674,37,0.3682,0.9581,False
Arabic,坎卦-dynamic,k,0.672,10,0.4677,0.9581,False
Arabic,艮卦-dynamic,ħ,-0.656,17,0.2886,0.9581,False
Arabic,坤卦-dynamic,i,0.655,184,0.1841,0.9581,False
Arabic,乾卦-static,i,0.654,49,0.4826,0.9581,False
Arabic,離卦-static,s,-0.65,4,0.6119,0.9581,False
Arabic,坎卦-static,i,-0.638,88,0.3383,0.9581,False
Arabic,坤卦-static,z,-0.636,5,0.3383,0.9581,False
Arabic,離卦-dynamic,d͡ʒ,-0.634,8,0.3881,0.9581,False
Arabic,坎卦-static,q,0.623,44,0.2189,0.9581,False
Arabic,巽卦-static,b,0.623,10,0.6517,0.9581,False
Arabic,坎卦-static,k,0.622,28,0.2488,0.9581,False
Arabic,坤卦-static,f,-0.619,9,0.3134,0.9581,False
Arabic,坤卦-static,t̪,-0.618,4,0.408,0.9581,False
Arabic,坎卦-static,b,-0.614,35,0.2239,0.9581,False
Arabic,震卦-static,χ,-0.598,11,0.2488,0.9581,False
Arabic,乾卦-dynamic,m,0.597,13,0.7264,0.9581,False
Arabic,艮卦-dynamic,w,-0.593,5,0.3532,0.9581,False
Arabic,離卦-dynamic,ʃ,-0.592,9,0.4677,0.9581,False
Arabic,坎卦-dynamic,s,-0.59,8,0.4925,0.9581,False
Arabic,震卦-static,ɣ,-0.587,3,0.2239,0.9581,False
Arabic,艮卦-static,z,-0.584,7,0.3134,0.9581,False
Arabic,震卦-static,z,-0.579,10,0.2687,0.9581,False
Arabic,艮卦-dynamic,d,0.576,50,0.3085,0.9581,False
Arabic,震卦-static,d,-0.575,32,0.2836,0.9581,False
Arabic,乾卦-static,a,-0.57,99,0.4975,0.9581,False
Arabic,坤卦-static,ʔ,-0.568,29,0.4328,0.9581,False
Arabic,坤卦-dynamic,d͡ʒ,-0.567,16,0.2189,0.9581,False
Arabic,坤卦-static,χ,0.564,13,0.3831,0.9581,False
Arabic,坤卦-dynamic,ʃ,-0.56,17,0.2587,0.9581,False
Arabic,震卦-static,s̪,0.559,18,0.2587,0.9581,False
Arabic,中卦-static,r,0.556,21,0.5075,0.9581,False
Arabic,兌卦-dynamic,s,-0.555,25,0.2836,0.9581,False
Arabic,離卦-dynamic,t,0.549,56,0.4876,0.9581,False
Arabic,艮卦-dynamic,d͡ʒ,0.547,31,0.3184,0.9581,False
Arabic,坎卦-static,ħ,-0.536,18,0.4428,0.9581,False
Arabic,乾卦-dynamic,b,-0.532,6,0.7463,0.9581,False
Arabic,巽卦-dynamic,m,-0.531,5,0.7562,0.9581,False
Arabic,兌卦-dynamic,s̪,-0.531,11,0.2836,0.9581,False
Arabic,坤卦-static,s̪,0.525,10,0.4478,0.9581,False
Arabic,乾卦-static,m,0.525,27,0.5721,0.9581,False
Arabic,坎卦-static,ʃ,0.524,27,0.3831,0.9581,False
Arabic,巽卦-static,s̪,0.521,3,0.6866,0.9581,False
Arabic,兌卦-static,ʃ,0.517,3,0.7264,0.9581,False
Arabic,坎卦-static,t̪,0.516,21,0.3035,0.9581,False
Arabic,乾卦-dynamic,r,-0.514,9,0.7363,0.9581,False
Arabic,艮卦-dynamic,z,-0.512,11,0.4179,0.9581,False
Arabic,乾卦-static,r,0.51,26,0.4975,0.9581,False
Arabic,離卦-dynamic,h,-0.506,5,0.5075,0.9581,False
Arabic,中卦-static,h,0.504,4,0.6169,0.9581,False
Arabic,坎卦-dynamic,t,0.501,27,0.5871,0.9581,False
Arabic,兌卦-dynamic,q,-0.501,24,0.3433,0.9581,False
Arabic,中卦-dynamic,t̪,0.495,4,0.7363,0.9581,False
Arabic,坎卦-dynamic,z,0.492,10,0.6119,0.9581,False
Arabic,震卦-dynamic,s̪,-0.48,6,0.5274,0.9581,False
Arabic,震卦-dynamic,h,0.478,8,0.4975,0.9581,False
Arabic,震卦-dynamic,s,-0.476,14,0.408,0.9581,False
Arabic,乾卦-static,χ,-0.468,4,0.6368,0.9581,False
Arabic,震卦-dynamic,d͡ʒ,0.467,16,0.4975,0.9581,False
Arabic,艮卦-dynamic,i,-0.464,100,0.393,0.9581,False
Arabic,乾卦-static,t̪,-0.462,3,0.5423,0.9581,False
Arabic,坤卦-dynamic,s,0.458,53,0.3682,0.9581,False
Arabic,兌卦-dynamic,θ,-0.458,4,0.3682,0.9581,False
Arabic,中卦-static,s̪,-0.455,3,0.6567,0.9581,False
Arabic,坎卦-dynamic,ʕ,0.449,12,0.5522,0.9581,False
Arabic,坤卦-static,r,-0.442,34,0.5025,0.9581,False
Arabic,坤卦-dynamic,q,-0.442,31,0.403,0.9581,False
Arabic,震卦-dynamic,t̪,-0.442,5,0.5473,0.9581,False
Arabic,艮卦-static,ʕ,-0.438,20,0.4627,0.9581,False
Arabic,艮卦-dynamic,l,-0.436,73,0.3582,0.9581,False
Arabic,艮卦-static,ħ,-0.432,15,0.5025,0.9581,False
Arabic,中卦-static,d͡ʒ,-0.429,4,0.6866,0.9581,False
Arabic,艮卦-static,a,-0.42,224,0.5224,0.9581,False
Arabic,艮卦-static,d͡ʒ,0.419,21,0.4776,0.9581,False
Arabic,坎卦-dynamic,i,-0.419,34,0.6169,0.9581,False
Arabic,坤卦-dynamic,z,-0.416,16,0.398,0.9581,False
Arabic,坎卦-static,θ,-0.415,4,0.4876,0.9581,False
Arabic,乾卦-static,t,-0.415,21,0.7214,0.9581,False
Arabic,艮卦-static,ɣ,-0.413,3,0.5522,0.9581,False
Arabic,坎卦-dynamic,ħ,-0.412,7,0.6567,0.9581,False
Arabic,兌卦-dynamic,m,-0.408,60,0.4229,0.9581,False
Arabic,坎卦-static,ɣ,-0.402,4,0.4577,0.9581,False
Arabic,坤卦-static,n,0.4,31,0.5871,0.9581,False
Arabic,坤卦-dynamic,n,0.399,67,0.4328,0.9581,False
Arabic,乾卦-static,u,-0.393,21,0.6517,0.9581,False
Arabic,乾卦-static,j,0.391,3,0.6318,0.9581,False
Arabic,坤卦-dynamic,u,-0.389,79,0.4378,0.9581,False
Arabic,乾卦-static,ʔ,0.389,24,0.6219,0.9581,False
Arabic,坎卦-dynamic,j,0.388,3,0.6468,0.9581,False
Arabic,坤卦-static,ð,0.384,8,0.602,0.9581,False
Arabic,離卦-dynamic,ɣ,-0.377,3,0.6517,0.9581,False
Arabic,艮卦-static,q,0.374,30,0.5522,0.9581,False
Arabic,坎卦-dynamic,a,-0.374,104,0.6667,0.9581,False
Arabic,震卦-static,l,-0.372,77,0.5323,0.9581,False
Arabic,震卦-dynamic,χ,-0.371,7,0.5622,0.9581,False
Arabic,中卦-static,t,-0.369,17,0.6965,0.9581,False
Arabic,兌卦-dynamic,z,-0.365,14,0.5373,0.9581,False
Arabic,中卦-dynamic,ħ,-0.36,4,0.7811,0.9581,False
Arabic,兌卦-dynamic,b,0.359,54,0.5274,0.9581,False
Arabic,中卦-dynamic,ʃ,-0.357,3,0.7264,0.9581,False
Arabic,震卦-dynamic,d,0.357,25,0.6567,0.9581,False
Arabic,坤卦-static,a,-0.356,181,0.5821,0.9581,False
Arabic,坎卦-static,d,-0.354,33,0.4726,0.9581,False
Arabic,離卦-dynamic,ħ,-0.354,15,0.6269,0.9581,False
Arabic,震卦-dynamic,f,0.353,18,0.5672,0.9581,False
Arabic,離卦-dynamic,f,-0.352,14,0.6119,0.9581,False
Arabic,震卦-static,i,-0.346,108,0.5423,0.9581,False
Arabic,中卦-static,b,-0.343,11,0.7463,0.9581,False
Arabic,離卦-static,r,0.333,13,0.7861,0.9581,False
Arabic,震卦-static,ħ,0.328,34,0.5274,0.9581,False
Arabic,震卦-dynamic,ɣ,0.326,5,0.6617,0.9581,False
Arabic,艮卦-dynamic,θ,0.325,9,0.597,0.9581,False
Arabic,坤卦-dynamic,θ,-0.324,6,0.4925,0.9581,False
Arabic,艮卦-dynamic,χ,0.319,20,0.5672,0.9581,False
Arabic,艮卦-static,w,-0.318,6,0.6517,0.9581,False
Arabic,巽卦-static,s,-0.317,5,0.791,0.9581,False
Arabic,艮卦-static,s,0.316,29,0.5721,0.9581,False
Arabic,坎卦-static,z,-0.314,14,0.6667,0.9581,False
Arabic,坤卦-dynamic,ð,-0.313,9,0.5721,0.9581,False
Arabic,艮卦-dynamic,q,0.31,40,0.602,0.9581,False
Arabic,坤卦-dynamic,d,0.309,57,0.5025,0.9581,False
Arabic,震卦-static,u,-0.305,68,0.5025,0.9581,False
Arabic,艮卦-static,t̪,0.304,14,0.6219,0.9581,False
Arabic,坎卦-static,w,-0.304,8,0.607,0.9581,False
Arabic,震卦-static,r,0.302,76,0.6169,0.9581,False
Arabic,坎卦-static,m,0.301,72,0.5522,0.9581,False
Arabic,坎卦-dynamic,d͡ʒ,0.301,9,0.7761,0.9581,False
Arabic,離卦-dynamic,z,0.299,18,0.6517,0.9581,False
Arabic,乾卦-static,z,-0.299,5,0.7612,0.9581,False
Arabic,離卦-dynamic,q,-0.295,19,0.6766,0.9581,False
Arabic,艮卦-static,i,-0.289,78,0.6816,0.9581,False
Arabic,艮卦-dynamic,t̪,0.284,19,0.6517,0.9581,False
Arabic,艮卦-dynamic,ʕ,-0.284,29,0.6667,0.9581,False
Arabic,乾卦-static,h,-0.284,3,0.7264,0.9581,False
Arabic,離卦-dynamic,b,-0.283,29,0.6766,0.9581,False
Arabic,兌卦-dynamic,ð,0.274,13,0.6219,0.9581,False
Arabic,離卦-dynamic,i,-0.27,74,0.6667,0.9581,False
Arabic,艮卦-dynamic,f,-0.269,22,0.6119,0.9581,False
Arabic,坎卦-dynamic,w,-0.256,3,0.7711,0.9581,False
Arabic,震卦-static,q,0.255,40,0.6219,0.9581,False
Arabic,乾卦-static,l,0.254,31,0.7711,0.9581,False
Arabic,坎卦-static,f,0.253,30,0.6318,0.9581,False
Arabic,兌卦-dynamic,t̪,-0.253,12,0.5771,0.9581,False
Arabic,艮卦-static,χ,0.248,14,0.6716,0.9581,False
Arabic,乾卦-static,s,-0.246,10,0.7662,0.9581,False
Arabic,艮卦-static,j,-0.244,4,0.6766,0.9581,False
Arabic,離卦-dynamic,d,-0.244,25,0.7363,0.9581,False
Arabic,震卦-dynamic,ʔ,0.24,37,0.6965,0.9581,False
Arabic,坤卦-dynamic,t̪,-0.239,15,0.602,0.9581,False
Arabic,坎卦-static,t,0.238,72,0.7015,0.9581,False
Arabic,乾卦-static,ʃ,-0.237,6,0.7811,0.9581,False
Arabic,坎卦-static,s̪,-0.235,12,0.6866,0.9581,False
Arabic,兌卦-dynamic,ħ,0.233,32,0.6915,0.9581,False
Arabic,坤卦-dynamic,χ,-0.232,18,0.5622,0.9581,False
Arabic,中卦-static,ʕ,0.228,9,0.791,0.9581,False
Arabic,震卦-dynamic,ħ,-0.219,13,0.7811,0.9581,False
Arabic,坤卦-static,u,-0.217,40,0.7114,0.9581,False
Arabic,坤卦-static,q,-0.215,17,0.7612,0.9581,False
Arabic,離卦-dynamic,n,0.215,35,0.7662,0.9581,False
Arabic,坎卦-static,a,0.214,337,0.7214,0.9581,False
Arabic,坤卦-static,ħ,-0.213,14,0.7761,0.9581,False
Arabic,坤卦-static,l,-0.211,46,0.7612,0.9581,False
Arabic,艮卦-static,θ,0.211,6,0.7065,0.9581,False
Arabic,坤卦-dynamic,r,0.21,90,0.6517,0.9581,False
Arabic,坤卦-dynamic,j,0.208,10,0.6766,0.9581,False
Arabic,震卦-static,b,0.205,52,0.6816,0.9581,False
Arabic,震卦-static,ʃ,-0.204,19,0.7363,0.9581,False
Arabic,坎卦-static,χ,-0.199,14,0.7413,0.9581,False
Arabic,兌卦-dynamic,χ,-0.197,15,0.7363,0.9581,False
Arabic,震卦-static,h,-0.191,10,0.6866,0.9581,False
Arabic,艮卦-static,b,-0.184,32,0.791,0.9581,False
Arabic,坤卦-static,b,0.181,29,0.7861,0.9581,False
Arabic,兌卦-dynamic,f,-0.181,24,0.7363,0.9581,False
Arabic,震卦-static,m,0.178,75,0.7463,0.9581,False
Arabic,兌卦-dynamic,d,0.168,44,0.7861,0.9581,False
Arabic,坎卦-static,s,-0.158,30,0.7662,0.9581,False
Arabic,坤卦-dynamic,f,0.145,37,0.7363,0.9581,False
Arabic,艮卦-dynamic,ɣ,-0.145,6,0.7761,0.9581,False
Arabic,兌卦-dynamic,n,0.141,51,0.7761,0.9581,False
Arabic,震卦-static,n,-0.125,48,0.7711,0.9581,False
Arabic,乾卦-dynamic,t,-0.382,10,0.796,0.9619,False
Arabic,離卦-static,ʕ,-0.32,5,0.801,0.9656,False
Arabic,離卦-dynamic,w,0.22,10,0.806,0.9694,False
Arabic,巽卦-dynamic,i,-0.439,9,0.8458,0.9725,False
Arabic,離卦-static,w,0.437,3,0.8308,0.9725,False
Arabic,巽卦-dynamic,a,-0.338,28,0.8408,0.9725,False
Arabic,離卦-static,ʃ,-0.297,3,0.8159,0.9725,False
Arabic,巽卦-static,ħ,-0.287,4,0.8458,0.9725,False
Arabic,巽卦-static,n,0.263,9,0.8358,0.9725,False
Arabic,巽卦-static,ʔ,0.257,12,0.8259,0.9725,False
Arabic,巽卦-static,q,-0.246,5,0.8458,0.9725,False
Arabic,坎卦-dynamic,ʃ,-0.239,6,0.8159,0.9725,False
Arabic,坎卦-dynamic,n,0.199,17,0.8209,0.9725,False
Arabic,中卦-static,ʃ,-0.179,5,0.8159,0.9725,False
Arabic,中卦-static,f,0.173,8,0.8358,0.9725,False
Arabic,離卦-dynamic,θ,-0.162,4,0.8408,0.9725,False
Arabic,乾卦-static,f,-0.158,8,0.8458,0.9725,False
Arabic,震卦-static,ʕ,0.143,34,0.8308,0.9725,False
Arabic,震卦-static,d͡ʒ,0.137,25,0.8308,0.9725,False
Arabic,震卦-static,ʔ,-0.127,62,0.8358,0.9725,False
Arabic,離卦-dynamic,s,-0.125,22,0.8458,0.9725,False
Arabic,離卦-dynamic,l,0.119,61,0.8408,0.9725,False
Arabic,巽卦-static,r,-0.219,11,0.8557,0.9732,False
Arabic,離卦-static,l,0.206,16,0.8557,0.9732,False
Arabic,離卦-dynamic,s̪,-0.15,9,0.8507,0.9732,False
Arabic,震卦-dynamic,j,0.103,4,0.8507,0.9732,False
Arabic,艮卦-static,r,-0.083,48,0.8557,0.9732,False
Arabic,乾卦-dynamic,ʔ,-0.255,9,0.8607,0.9746,False
Arabic,離卦-dynamic,ð,-0.148,6,0.8607,0.9746,False
Arabic,坎卦-static,l,0.094,84,0.8706,0.9816,False
Arabic,坎卦-dynamic,ð,0.19,4,0.8756,0.9851,False
Arabic,乾卦-dynamic,f,0.268,5,0.8856,0.9899,False
Arabic,乾卦-dynamic,u,0.176,13,0.8856,0.9899,False
Arabic,兌卦-dynamic,h,0.081,12,0.8856,0.9899,False
Arabic,兌卦-static,q,-0.267,3,0.8955,0.9925,False
Arabic,乾卦-static,ʕ,0.142,11,0.8955,0.9925,False
Arabic,坤卦-static,t,0.076,42,0.8955,0.9925,False
Arabic,坤卦-dynamic,m,-0.063,84,0.8955,0.9925,False
Arabic,兌卦-static,a,-0.245,34,0.9204,0.9931,False
Arabic,乾卦-dynamic,k,0.221,4,0.9005,0.9931,False
Arabic,離卦-static,z,-0.184,3,0.9303,0.9931,False
Arabic,乾卦-dynamic,d͡ʒ,-0.181,3,0.9303,0.9931,False
Arabic,坎卦-dynamic,m,-0.117,22,0.9005,0.9931,False
Arabic,震卦-static,f,-0.09,26,0.9154,0.9931,False
Arabic,坎卦-static,u,-0.087,70,0.9303,0.9931,False
Arabic,震卦-dynamic,θ,0.082,4,0.9303,0.9931,False
Arabic,乾卦-static,k,0.075,8,0.9303,0.9931,False
Arabic,坎卦-static,d͡ʒ,0.067,22,0.9303,0.9931,False
Arabic,艮卦-static,ð,-0.057,7,0.9154,0.9931,False
Arabic,艮卦-static,s̪,-0.051,10,0.9104,0.9931,False
Arabic,離卦-dynamic,t̪,-0.043,10,0.9353,0.9964,False
Arabic,兌卦-static,r,-0.08,7,0.9403,0.9976,False
Arabic,乾卦-static,d,0.092,14,0.9453,0.998,False
Arabic,離卦-dynamic,χ,0.077,12,0.9502,0.998,False
Arabic,艮卦-static,ʔ,0.066,47,0.9453,0.998,False
Arabic,艮卦-dynamic,h,-0.024,11,0.9502,0.998,False
Arabic,震卦-static,a,-0.024,347,0.9502,0.998,False
Arabic,兌卦-static,ʔ,0.129,7,0.9552,0.9989,False
Arabic,兌卦-static,n,-0.082,5,0.9701,0.9989,False
Arabic,離卦-static,a,0.065,60,0.9701,0.9989,False
Arabic,中卦-dynamic,n,0.06,9,0.9652,0.9989,False
Arabic,坤卦-dynamic,a,-0.042,420,0.9602,0.9989,False
Arabic,兌卦-dynamic,d͡ʒ,-0.025,22,0.9701,0.9989,False
Arabic,艮卦-static,h,-0.022,8,0.9701,0.9989,False
Arabic,震卦-dynamic,q,-0.016,18,0.9701,0.9989,False
Arabic,兌卦-static,ħ,0.04,3,1.0,1.0,False
Arabic,巽卦-static,i,0.03,21,0.995,1.0,False
Arabic,巽卦-static,l,0.021,15,0.99,1.0,False
Arabic,巽卦-dynamic,r,-0.019,6,0.995,1.0,False
Arabic,坎卦-dynamic,t̪,-0.016,5,0.9801,1.0,False
Arabic,艮卦-static,u,0.011,56,0.9851,1.0,False
Arabic,坤卦-static,w,0.007,7,0.995,1.0,False
Arabic,坤卦-static,θ,0.004,4,0.995,1.0,False
Arabic,震卦-dynamic,n,-0.004,26,0.995,1.0,False
Arabic,坎卦-dynamic,f,0.002,9,0.995,1.0,False
Arabic,乾卦-static,w,-0.0,4,1.0,1.0,False
Chinese,中卦-static,s,3.155,14,0.005,0.3493,False
Chinese,艮卦-static,pʰ,2.818,25,0.005,0.3493,False
Chinese,兌卦-dynamic,f,2.524,27,0.005,0.3493,False
Chinese,艮卦-static,p,2.333,40,0.005,0.3493,False
Chinese,坎卦-dynamic,ɛ,2.201,24,0.005,0.3493,False
Chinese,離卦-dynamic,ʈ͡ʂ,1.773,42,0.005,0.3493,False
Chinese,艮卦-dynamic,ʊ,1.538,100,0.005,0.3493,False
Chinese,震卦-static,t,1.498,35,0.005,0.3493,False
Chinese,艮卦-static,ə,-1.408,7,0.005,0.3493,False
Chinese,震卦-static,t͡s,1.171,21,0.005,0.3493,False
Chinese,巽卦-dynamic,t͡sʰ,3.316,4,0.0249,0.4595,False
Chinese,中卦-static,ɯ,3.211,16,0.01,0.4595,False
Chinese,中卦-static,ʌ,3.211,16,0.01,0.4595,False
Chinese,巽卦-static,u,3.1,18,0.0249,0.4595,False
Chinese,中卦-dynamic,t,2.819,8,0.01,0.4595,False
Chinese,乾卦-dynamic,l,2.745,12,0.0199,0.4595,False
Chinese,中卦-dynamic,ə,2.664,10,0.0199,0.4595,False
Chinese,乾卦-dynamic,y,2.572,10,0.0149,0.4595,False
Chinese,離卦-static,t͡ɕʰ,2.381,6,0.0149,0.4595,False
Chinese,坎卦-static,n,1.752,84,0.0149,0.4595,False
Chinese,坤卦-static,i,1.748,75,0.0199,0.4595,False
Chinese,震卦-static,ɨ,1.541,19,0.01,0.4595,False
Chinese,坤卦-dynamic,ŋ,1.511,110,0.01,0.4595,False
Chinese,兌卦-dynamic,ɑ,1.497,80,0.0199,0.4595,False
Chinese,艮卦-static,y,-1.399,7,0.0199,0.4595,False
Chinese,震卦-static,y,-1.378,7,0.0149,0.4595,False
Chinese,坎卦-static,ɻ,1.354,24,0.0249,0.4595,False
Chinese,艮卦-static,ʊ,1.306,78,0.0249,0.4595,False
Chinese,震卦-static,p,1.278,27,0.0199,0.4595,False
Chinese,艮卦-dynamic,y,1.275,59,0.0249,0.4595,False
Chinese,震卦-static,k,1.274,34,0.0149,0.4595,False
Chinese,震卦-static,ʈ͡ʂ,1.239,33,0.0249,0.4595,False
Chinese,坤卦-dynamic,x,1.228,40,0.0149,0.4595,False
Chinese,艮卦-static,ɛ,1.214,45,0.0249,0.4595,False
Chinese,坤卦-dynamic,t͡s,-1.202,3,0.0249,0.4595,False
Chinese,艮卦-dynamic,n,-1.067,76,0.0249,0.4595,False
Chinese,艮卦-dynamic,k,-0.974,11,0.0249,0.4595,False
Chinese,坎卦-dynamic,f,1.927,13,0.0299,0.4873,False
Chinese,離卦-dynamic,ɻ,1.353,35,0.0299,0.4873,False
Chinese,震卦-static,ɤ,1.161,31,0.0299,0.4873,False
Chinese,震卦-static,ʊ,1.115,72,0.0299,0.4873,False
Chinese,巽卦-static,tʰ,3.135,5,0.0348,0.4989,False
Chinese,乾卦-dynamic,n,2.398,20,0.0348,0.4989,False
Chinese,震卦-dynamic,t͡s,1.407,16,0.0348,0.4989,False
Chinese,震卦-static,tʰ,1.03,29,0.0348,0.4989,False
Chinese,兌卦-dynamic,k,1.152,24,0.0398,0.5272,False
Chinese,震卦-static,t͡ɕʰ,-1.021,4,0.0398,0.5272,False
Chinese,巽卦-dynamic,ʈ͡ʂʰ,2.881,3,0.0448,0.5715,False
Chinese,乾卦-dynamic,œ,2.331,5,0.0547,0.6003,False
Chinese,乾卦-dynamic,t͡ɕʰ,2.312,6,0.0547,0.6003,False
Chinese,乾卦-static,ɪ,1.919,12,0.0498,0.6003,False
Chinese,乾卦-static,ɑ,-1.86,5,0.0547,0.6003,False
Chinese,坎卦-static,t͡s,1.322,16,0.0547,0.6003,False
Chinese,艮卦-static,ŋ,1.063,96,0.0547,0.6003,False
Chinese,艮卦-static,ɻ,-0.953,9,0.0498,0.6003,False
Chinese,艮卦-static,t͡ɕ,-0.904,16,0.0547,0.6003,False
Chinese,巽卦-dynamic,ɔ,2.496,4,0.0597,0.6306,False
Chinese,震卦-dynamic,ʈ͡ʂ,1.112,22,0.0647,0.6306,False
Chinese,離卦-dynamic,ʂ,1.101,41,0.0647,0.6306,False
Chinese,坎卦-static,ɕ,-1.086,10,0.0647,0.6306,False
Chinese,坤卦-dynamic,ɻ,1.034,32,0.0647,0.6306,False
Chinese,坎卦-static,ɛ,1.007,29,0.0647,0.6306,False
Chinese,離卦-dynamic,t͡ɕ,0.858,44,0.0597,0.6306,False
Chinese,艮卦-dynamic,m,-0.836,12,0.0647,0.6306,False
Chinese,乾卦-static,ʂ,1.62,9,0.0846,0.6525,False
Chinese,乾卦-static,a,1.57,11,0.0846,0.6525,False
Chinese,中卦-static,ʈ͡ʂ,1.487,10,0.0796,0.6525,False
Chinese,坤卦-static,p,1.243,11,0.0796,0.6525,False
Chinese,坎卦-static,ʊ,-1.176,30,0.0697,0.6525,False
Chinese,震卦-dynamic,t͡ɕ,1.113,32,0.0697,0.6525,False
Chinese,艮卦-dynamic,i,-1.049,115,0.0796,0.6525,False
Chinese,艮卦-static,t,0.94,30,0.0746,0.6525,False
Chinese,坎卦-static,t͡ɕ,0.935,31,0.0846,0.6525,False
Chinese,坎卦-static,k,-0.872,7,0.0796,0.6525,False
Chinese,艮卦-static,u,-0.856,59,0.0846,0.6525,False
Chinese,艮卦-dynamic,ɻ,0.784,35,0.0796,0.6525,False
Chinese,坤卦-dynamic,t͡ɕʰ,0.736,24,0.0846,0.6525,False
Chinese,坎卦-dynamic,ə,1.193,18,0.0945,0.6636,False
Chinese,震卦-dynamic,a,1.12,35,0.0896,0.6636,False
Chinese,坎卦-static,ə,1.035,29,0.0945,0.6636,False
Chinese,震卦-dynamic,ɑ,0.965,67,0.0945,0.6636,False
Chinese,艮卦-dynamic,s,-0.885,3,0.0896,0.6636,False
Chinese,艮卦-static,ɨ,0.822,15,0.0945,0.6636,False
Chinese,艮卦-dynamic,ʂ,0.791,45,0.0896,0.6636,False
Chinese,巽卦-dynamic,m,2.262,4,0.1095,0.6681,False
Chinese,巽卦-static,k,2.187,4,0.1095,0.6681,False
Chinese,乾卦-static,ɻ,1.564,7,0.0995,0.6681,False
Chinese,坎卦-dynamic,ɔ,1.306,13,0.1045,0.6681,False
Chinese,兌卦-dynamic,p,-0.877,3,0.1095,0.6681,False
Chinese,艮卦-static,s,-0.84,3,0.1095,0.6681,False
Chinese,離卦-dynamic,ɤ,0.839,29,0.1095,0.6681,False
Chinese,艮卦-dynamic,ʈ͡ʂ,0.786,35,0.1095,0.6681,False
Chinese,艮卦-static,ɑ,0.774,95,0.1095,0.6681,False
Chinese,艮卦-dynamic,ɑ,0.713,115,0.1045,0.6681,False
Chinese,離卦-dynamic,ɛ,0.707,38,0.1095,0.6681,False
Chinese,兌卦-dynamic,ɯ,-0.839,3,0.1144,0.6866,False
Chinese,兌卦-dynamic,ʌ,-0.839,3,0.1144,0.6866,False
Chinese,巽卦-static,m,2.142,4,0.1194,0.6985,False
Chinese,坤卦-dynamic,ʈ͡ʂʰ,-0.716,7,0.1194,0.6985,False
Chinese,坤卦-dynamic,f,-0.696,4,0.1194,0.6985,False
Chinese,巽卦-static,i,-2.41,4,0.1244,0.7099,False
Chinese,坎卦-dynamic,ɨ,1.151,7,0.1244,0.7099,False
Chinese,離卦-dynamic,l,-0.761,16,0.1244,0.7099,False
Chinese,坤卦-dynamic,ɪ,-0.762,21,0.1294,0.7264,False
Chinese,震卦-dynamic,tʰ,0.878,19,0.1343,0.731,False
Chinese,兌卦-dynamic,kʰ,0.864,10,0.1343,0.731,False
Chinese,艮卦-static,i,0.82,158,0.1343,0.731,False
Chinese,兌卦-dynamic,m,-0.819,7,0.1343,0.731,False
Chinese,坤卦-static,kʰ,1.018,6,0.1393,0.7353,False
Chinese,離卦-dynamic,e,-0.778,8,0.1393,0.7353,False
Chinese,艮卦-dynamic,t͡ɕ,0.608,49,0.1443,0.7558,False
Chinese,離卦-static,ɨ,1.662,3,0.1542,0.7625,False
Chinese,艮卦-static,t͡s,0.675,18,0.1542,0.7625,False
Chinese,坤卦-dynamic,e,-0.651,10,0.1542,0.7625,False
Chinese,離卦-static,ɕ,1.611,8,0.1692,0.7737,False
Chinese,乾卦-dynamic,i,1.543,27,0.1642,0.7737,False
Chinese,中卦-dynamic,ʂ,1.474,7,0.1692,0.7737,False
Chinese,中卦-static,t͡s,1.264,6,0.1741,0.7737,False
Chinese,中卦-static,ʈ͡ʂʰ,1.251,6,0.1692,0.7737,False
Chinese,兌卦-dynamic,s,-0.739,3,0.1692,0.7737,False
Chinese,艮卦-dynamic,kʰ,-0.736,5,0.1642,0.7737,False
Chinese,坤卦-dynamic,ɯ,-0.725,6,0.1741,0.7737,False
Chinese,坤卦-dynamic,ʌ,-0.725,6,0.1741,0.7737,False
Chinese,艮卦-dynamic,pʰ,0.661,14,0.1642,0.7737,False
Chinese,離卦-dynamic,p,-0.636,7,0.1741,0.7737,False
Chinese,艮卦-static,n,-0.632,71,0.1741,0.7737,False
Chinese,乾卦-dynamic,t͡ɕ,1.524,8,0.1791,0.7809,False
Chinese,巽卦-dynamic,ʊ,-1.722,3,0.204,0.7929,False
Chinese,中卦-dynamic,ʊ,-1.482,6,0.204,0.7929,False
Chinese,乾卦-dynamic,u,-1.341,6,0.199,0.7929,False
Chinese,乾卦-static,ɔ,1.294,6,0.194,0.7929,False
Chinese,坎卦-dynamic,kʰ,0.95,6,0.194,0.7929,False
Chinese,坤卦-static,ɑ,-0.931,20,0.194,0.7929,False
Chinese,坤卦-static,pʰ,0.866,5,0.209,0.7929,False
Chinese,坎卦-static,ɤ,-0.818,7,0.1841,0.7929,False
Chinese,震卦-dynamic,ɔ,0.808,17,0.204,0.7929,False
Chinese,艮卦-static,kʰ,-0.746,4,0.199,0.7929,False
Chinese,兌卦-dynamic,a,0.732,33,0.194,0.7929,False
Chinese,震卦-static,x,-0.676,11,0.194,0.7929,False
Chinese,離卦-dynamic,tʰ,-0.675,8,0.204,0.7929,False
Chinese,震卦-static,ɻ,-0.635,12,0.204,0.7929,False
Chinese,坤卦-dynamic,t͡sʰ,-0.617,4,0.209,0.7929,False
Chinese,震卦-static,m,-0.608,12,0.209,0.7929,False
Chinese,艮卦-static,ʈ͡ʂ,-0.581,10,0.209,0.7929,False
Chinese,離卦-dynamic,ŋ,-0.573,55,0.199,0.7929,False
Chinese,艮卦-dynamic,t͡s,0.558,21,0.209,0.7929,False
Chinese,坤卦-static,a,0.82,19,0.2139,0.7962,False
Chinese,坤卦-static,x,-0.771,4,0.2189,0.7962,False
Chinese,兌卦-dynamic,ʂ,-0.651,12,0.2139,0.7962,False
Chinese,坤卦-dynamic,kʰ,-0.607,5,0.2189,0.7962,False
Chinese,艮卦-dynamic,œ,0.557,19,0.2189,0.7962,False
Chinese,坎卦-static,m,0.728,20,0.2239,0.8019,False
Chinese,兌卦-dynamic,ʈ͡ʂ,0.682,19,0.2239,0.8019,False
Chinese,坤卦-dynamic,ɛ,0.591,37,0.2239,0.8019,False
Chinese,坎卦-static,ɨ,0.748,10,0.2338,0.8126,False
Chinese,坎卦-static,ɑ,-0.706,39,0.2338,0.8126,False
Chinese,坎卦-static,kʰ,-0.691,3,0.2338,0.8126,False
Chinese,艮卦-dynamic,a,-0.505,37,0.2289,0.8126,False
Chinese,乾卦-static,ɤ,1.107,6,0.2438,0.8149,False
Chinese,坎卦-dynamic,a,-0.904,10,0.2388,0.8149,False
Chinese,坎卦-static,ʂ,0.66,24,0.2388,0.8149,False
Chinese,坎卦-static,ɔ,-0.659,4,0.2438,0.8149,False
Chinese,艮卦-static,l,-0.595,19,0.2388,0.8149,False
Chinese,震卦-static,ɕ,-0.59,21,0.2438,0.8149,False
Chinese,坎卦-dynamic,t,-0.755,4,0.2488,0.8198,False
Chinese,坤卦-dynamic,t,-0.598,12,0.2488,0.8198,False
Chinese,坎卦-dynamic,ɻ,-0.657,5,0.2537,0.8285,False
Chinese,巽卦-static,n,-1.788,4,0.2587,0.8369,False
Chinese,兌卦-dynamic,u,-0.574,49,0.2587,0.8369,False
Chinese,巽卦-dynamic,u,1.695,13,0.2736,0.845,False
Chinese,離卦-static,a,1.339,8,0.2687,0.845,False
Chinese,乾卦-dynamic,ɑ,-1.317,6,0.2637,0.845,False
Chinese,離卦-static,p,1.22,4,0.2985,0.845,False
Chinese,中卦-static,ʊ,-1.035,12,0.2985,0.845,False
Chinese,中卦-static,u,-1.014,14,0.2736,0.845,False
Chinese,乾卦-static,t͡ɕ,-0.909,3,0.2985,0.845,False
Chinese,坎卦-dynamic,ɤ,-0.845,4,0.2736,0.845,False
Chinese,震卦-dynamic,l,-0.654,12,0.2985,0.845,False
Chinese,兌卦-dynamic,y,0.653,27,0.2836,0.845,False
Chinese,震卦-dynamic,i,-0.643,72,0.2687,0.845,False
Chinese,震卦-dynamic,u,-0.641,45,0.2836,0.845,False
Chinese,震卦-dynamic,ʈ͡ʂʰ,-0.638,5,0.2836,0.845,False
Chinese,兌卦-dynamic,ə,-0.607,13,0.2786,0.845,False
Chinese,兌卦-dynamic,ɕ,0.592,28,0.2886,0.845,False
Chinese,艮卦-static,ɤ,-0.565,13,0.2886,0.845,False
Chinese,離卦-dynamic,ʊ,0.556,68,0.2687,0.845,False
Chinese,坤卦-dynamic,pʰ,-0.522,4,0.2886,0.845,False
Chinese,離卦-dynamic,ɪ,-0.492,25,0.2985,0.845,False
Chinese,艮卦-dynamic,ɤ,0.444,30,0.2886,0.845,False
Chinese,中卦-static,t͡ɕ,-0.958,4,0.3035,0.8454,False
Chinese,坎卦-static,t͡ɕʰ,-0.609,6,0.3035,0.8454,False
Chinese,坎卦-static,tʰ,0.596,17,0.3035,0.8454,False
Chinese,兌卦-dynamic,l,-0.546,14,0.3085,0.8492,False
Chinese,艮卦-dynamic,e,0.545,33,0.3085,0.8492,False
Chinese,坤卦-dynamic,k,-0.493,15,0.3085,0.8492,False
Chinese,坎卦-dynamic,t͡ɕʰ,-0.729,3,0.3134,0.8595,False
Chinese,巽卦-static,ɑ,1.582,10,0.3284,0.8645,False
Chinese,中卦-static,ɨ,0.845,4,0.3731,0.8645,False
Chinese,中卦-static,m,0.834,8,0.3333,0.8645,False
Chinese,震卦-dynamic,f,-0.642,3,0.3234,0.8645,False
Chinese,坤卦-static,ʈ͡ʂʰ,0.634,7,0.3532,0.8645,False
Chinese,坎卦-dynamic,m,-0.628,5,0.3234,0.8645,False
Chinese,坤卦-static,k,0.624,11,0.3582,0.8645,False
Chinese,震卦-dynamic,e,-0.603,7,0.3284,0.8645,False
Chinese,坤卦-static,ɤ,-0.594,5,0.3433,0.8645,False
Chinese,坎卦-dynamic,t͡s,0.58,7,0.3731,0.8645,False
Chinese,震卦-dynamic,m,0.554,18,0.3383,0.8645,False
Chinese,坤卦-static,t,0.548,10,0.3433,0.8645,False
Chinese,震卦-static,ɪ,-0.54,23,0.3532,0.8645,False
Chinese,坤卦-static,y,-0.532,8,0.3682,0.8645,False
Chinese,離卦-dynamic,f,0.517,17,0.3532,0.8645,False
Chinese,兌卦-dynamic,œ,-0.517,3,0.3682,0.8645,False
Chinese,震卦-dynamic,ɯ,-0.502,6,0.3383,0.8645,False
Chinese,震卦-dynamic,ʌ,-0.502,6,0.3383,0.8645,False
Chinese,震卦-static,ɔ,-0.466,8,0.3483,0.8645,False
Chinese,坤卦-dynamic,ʈ͡ʂ,-0.454,12,0.3284,0.8645,False
Chinese,艮卦-dynamic,t͡ɕʰ,0.452,25,0.3333,0.8645,False
Chinese,坎卦-static,l,-0.448,15,0.3682,0.8645,False
Chinese,兌卦-dynamic,ɛ,-0.445,15,0.3682,0.8645,False
Chinese,離卦-dynamic,ə,-0.441,21,0.3731,0.8645,False
Chinese,震卦-static,ə,-0.437,20,0.3632,0.8645,False
Chinese,離卦-dynamic,ɑ,-0.434,64,0.3582,0.8645,False
Chinese,震卦-static,n,-0.428,72,0.3682,0.8645,False
Chinese,艮卦-dynamic,tʰ,0.389,27,0.3483,0.8645,False
Chinese,艮卦-dynamic,t͡sʰ,-0.385,8,0.3632,0.8645,False
Chinese,坤卦-dynamic,a,-0.348,33,0.3731,0.8645,False
Chinese,中卦-dynamic,t͡ɕ,0.989,7,0.3781,0.8674,False
Chinese,中卦-static,ɕ,-0.791,5,0.3781,0.8674,False
Chinese,艮卦-static,m,0.485,26,0.3781,0.8674,False
Chinese,乾卦-static,ɛ,-0.824,3,0.3831,0.8703,False
Chinese,震卦-static,f,-0.474,6,0.3831,0.8703,False
Chinese,巽卦-dynamic,ɑ,1.263,9,0.3881,0.8759,False
Chinese,坎卦-dynamic,ɪ,-0.659,9,0.3881,0.8759,False
Chinese,巽卦-static,ŋ,1.394,9,0.393,0.8815,False
Chinese,乾卦-static,n,0.768,19,0.398,0.8842,False
Chinese,離卦-dynamic,ɨ,-0.362,7,0.398,0.8842,False
Chinese,巽卦-dynamic,t͡ɕ,1.121,4,0.408,0.9006,False
Chinese,乾卦-dynamic,s,1.085,4,0.408,0.9006,False
Chinese,離卦-static,ʈ͡ʂʰ,1.001,3,0.4179,0.9043,False
Chinese,乾卦-dynamic,ɛ,0.91,6,0.4279,0.9043,False
Chinese,乾卦-static,l,-0.76,3,0.4229,0.9043,False
Chinese,中卦-static,ɛ,0.715,10,0.4279,0.9043,False
Chinese,中卦-static,x,-0.686,3,0.4279,0.9043,False
Chinese,坎卦-dynamic,t͡sʰ,0.576,7,0.4328,0.9043,False
Chinese,坤卦-static,l,-0.527,8,0.4179,0.9043,False
Chinese,坤卦-static,ɔ,-0.524,3,0.4229,0.9043,False
Chinese,兌卦-dynamic,ʊ,0.504,47,0.4279,0.9043,False
Chinese,震卦-dynamic,ɪ,0.467,27,0.4279,0.9043,False
Chinese,坎卦-static,t͡sʰ,-0.447,4,0.4229,0.9043,False
Chinese,艮卦-dynamic,ɨ,0.408,15,0.4179,0.9043,False
Chinese,艮卦-static,f,-0.407,7,0.4129,0.9043,False
Chinese,坤卦-dynamic,p,-0.384,10,0.4328,0.9043,False
Chinese,震卦-static,l,-0.38,22,0.4179,0.9043,False
Chinese,震卦-static,ŋ,0.37,75,0.4328,0.9043,False
Chinese,中卦-dynamic,ŋ,-0.924,7,0.4378,0.9066,False
Chinese,兌卦-dynamic,pʰ,-0.464,3,0.4378,0.9066,False
Chinese,巽卦-static,ɤ,1.37,3,0.4428,0.9089,False
Chinese,坤卦-dynamic,y,0.375,35,0.4428,0.9089,False
Chinese,巽卦-dynamic,n,-1.156,5,0.4876,0.9127,False
Chinese,巽卦-dynamic,i,-0.981,8,0.4876,0.9127,False
Chinese,中卦-dynamic,ɔ,0.868,4,0.4527,0.9127,False
Chinese,乾卦-dynamic,ŋ,-0.859,7,0.4826,0.9127,False
Chinese,乾卦-dynamic,ɤ,0.687,4,0.4826,0.9127,False
Chinese,坤卦-static,ɕ,0.472,15,0.4726,0.9127,False
Chinese,震卦-dynamic,k,-0.469,10,0.4627,0.9127,False
Chinese,坎卦-dynamic,ʂ,0.454,13,0.4826,0.9127,False
Chinese,兌卦-dynamic,ɪ,0.438,28,0.4627,0.9127,False
Chinese,震卦-dynamic,t͡sʰ,-0.432,4,0.4726,0.9127,False
Chinese,震卦-dynamic,pʰ,-0.431,3,0.4627,0.9127,False
Chinese,艮卦-static,t͡sʰ,-0.429,6,0.4577,0.9127,False
Chinese,兌卦-dynamic,ɻ,0.404,17,0.4627,0.9127,False
Chinese,兌卦-dynamic,x,-0.39,11,0.4876,0.9127,False
Chinese,坎卦-static,s,-0.385,6,0.4726,0.9127,False
Chinese,震卦-static,e,-0.381,13,0.4677,0.9127,False
Chinese,坤卦-dynamic,ɑ,-0.366,67,0.4826,0.9127,False
Chinese,震卦-static,ʂ,-0.365,20,0.4577,0.9127,False
Chinese,震卦-dynamic,s,-0.365,6,0.4826,0.9127,False
Chinese,坤卦-dynamic,l,-0.359,24,0.4627,0.9127,False
Chinese,艮卦-dynamic,x,-0.348,20,0.4826,0.9127,False
Chinese,坤卦-dynamic,n,0.34,94,0.4478,0.9127,False
Chinese,離卦-dynamic,m,-0.336,16,0.4627,0.9127,False
Chinese,艮卦-dynamic,l,-0.308,30,0.4726,0.9127,False
Chinese,艮卦-dynamic,f,0.305,18,0.4925,0.9171,False
Chinese,離卦-static,ɪ,0.965,7,0.5075,0.9205,False
Chinese,中卦-dynamic,ɯ,0.735,4,0.5075,0.9205,False
Chinese,中卦-dynamic,ʌ,0.735,4,0.5075,0.9205,False
Chinese,離卦-static,ɻ,0.711,4,0.5075,0.9205,False
Chinese,乾卦-dynamic,ʈ͡ʂ,0.688,4,0.5075,0.9205,False
Chinese,乾卦-static,ʊ,0.658,13,0.5025,0.9205,False
Chinese,中卦-static,ɪ,-0.623,6,0.5075,0.9205,False
Chinese,坎卦-static,a,0.373,29,0.4975,0.9205,False
Chinese,震卦-dynamic,ɨ,0.371,8,0.4975,0.9205,False
Chinese,坤卦-static,ɻ,0.508,10,0.5124,0.9224,False
Chinese,兌卦-static,ŋ,1.572,3,0.6617,0.9241,False
Chinese,兌卦-static,i,1.499,5,0.6468,0.9241,False
Chinese,兌卦-static,n,1.146,3,0.6866,0.9241,False
Chinese,離卦-static,t͡sʰ,0.886,3,0.5721,0.9241,False
Chinese,中卦-dynamic,t͡sʰ,0.789,3,0.607,0.9241,False
Chinese,乾卦-dynamic,a,0.769,7,0.5771,0.9241,False
Chinese,巽卦-dynamic,ʂ,0.743,3,0.6368,0.9241,False
Chinese,離卦-static,ɤ,0.732,4,0.5522,0.9241,False
Chinese,中卦-dynamic,i,-0.724,16,0.5274,0.9241,False
Chinese,巽卦-static,ʊ,0.701,6,0.6716,0.9241,False
Chinese,乾卦-dynamic,ɕ,-0.699,3,0.5522,0.9241,False
Chinese,乾卦-static,ə,0.694,7,0.5373,0.9241,False
Chinese,離卦-static,ʊ,0.66,10,0.602,0.9241,False
Chinese,中卦-static,pʰ,0.659,3,0.5224,0.9241,False
Chinese,離卦-static,i,0.642,22,0.5871,0.9241,False
Chinese,離卦-static,e,0.601,4,0.7214,0.9241,False
Chinese,離卦-static,u,-0.592,10,0.6468,0.9241,False
Chinese,中卦-dynamic,n,-0.588,11,0.6169,0.9241,False
Chinese,離卦-static,s,0.574,3,0.6468,0.9241,False
Chinese,離卦-static,ɑ,0.571,13,0.6219,0.9241,False
Chinese,離卦-static,ŋ,-0.551,8,0.6965,0.9241,False
Chinese,中卦-static,e,-0.539,3,0.5423,0.9241,False
Chinese,中卦-static,ʂ,-0.513,5,0.6617,0.9241,False
Chinese,乾卦-static,k,0.511,5,0.5672,0.9241,False
Chinese,離卦-static,y,-0.504,3,0.6965,0.9241,False
Chinese,坎卦-dynamic,l,0.498,16,0.5473,0.9241,False
Chinese,中卦-dynamic,l,0.49,6,0.6766,0.9241,False
Chinese,巽卦-dynamic,y,0.489,3,0.6965,0.9241,False
Chinese,離卦-static,ɛ,-0.489,3,0.6866,0.9241,False
Chinese,中卦-static,ə,0.481,9,0.6269,0.9241,False
Chinese,乾卦-dynamic,ə,0.466,5,0.6915,0.9241,False
Chinese,乾卦-static,t͡sʰ,0.458,3,0.602,0.9241,False
Chinese,中卦-static,k,-0.45,4,0.602,0.9241,False
Chinese,坎卦-dynamic,ɯ,-0.438,4,0.5473,0.9241,False
Chinese,坎卦-dynamic,ʌ,-0.438,4,0.5473,0.9241,False
Chinese,乾卦-static,f,0.426,3,0.6667,0.9241,False
Chinese,乾卦-dynamic,ʊ,-0.405,8,0.7164,0.9241,False
Chinese,中卦-static,ɑ,-0.403,17,0.6617,0.9241,False
Chinese,中卦-dynamic,ɪ,0.402,6,0.7114,0.9241,False
Chinese,離卦-static,n,-0.401,11,0.7065,0.9241,False
Chinese,坎卦-dynamic,ŋ,-0.398,24,0.5572,0.9241,False
Chinese,中卦-static,t͡sʰ,0.389,4,0.7164,0.9241,False
Chinese,乾卦-static,u,0.389,20,0.7065,0.9241,False
Chinese,震卦-dynamic,y,0.386,23,0.5274,0.9241,False
Chinese,坎卦-dynamic,n,-0.383,31,0.597,0.9241,False
Chinese,坎卦-dynamic,u,0.382,43,0.607,0.9241,False
Chinese,兌卦-dynamic,t͡s,0.382,11,0.5323,0.9241,False
Chinese,乾卦-static,ɯ,0.38,4,0.6219,0.9241,False
Chinese,乾卦-static,ʌ,0.38,4,0.6219,0.9241,False
Chinese,中卦-static,y,-0.372,6,0.6517,0.9241,False
Chinese,乾卦-static,x,-0.371,3,0.6866,0.9241,False
Chinese,坎卦-static,t,-0.364,10,0.5174,0.9241,False
Chinese,坎卦-dynamic,t͡ɕ,-0.356,10,0.6766,0.9241,False
Chinese,坎卦-static,i,-0.354,81,0.5672,0.9241,False
Chinese,坎卦-dynamic,k,0.349,10,0.6667,0.9241,False
Chinese,坎卦-dynamic,tʰ,-0.344,5,0.602,0.9241,False
Chinese,坤卦-static,u,-0.34,31,0.597,0.9241,False
Chinese,坤卦-static,s,0.337,7,0.6119,0.9241,False
Chinese,震卦-dynamic,x,-0.337,11,0.6716,0.9241,False
Chinese,震卦-dynamic,ə,-0.336,15,0.5572,0.9241,False
Chinese,坎卦-static,x,0.333,18,0.5572,0.9241,False
Chinese,兌卦-dynamic,ɤ,-0.33,11,0.5224,0.9241,False
Chinese,坤卦-static,t͡s,0.327,6,0.6418,0.9241,False
Chinese,坎卦-static,y,0.322,23,0.5672,0.9241,False
Chinese,坎卦-dynamic,ʈ͡ʂ,0.32,9,0.6617,0.9241,False
Chinese,震卦-dynamic,ŋ,-0.315,41,0.5871,0.9241,False
Chinese,坎卦-static,ɯ,-0.312,8,0.6169,0.9241,False
Chinese,坎卦-static,ʌ,-0.312,8,0.6169,0.9241,False
Chinese,坤卦-static,t͡ɕ,-0.311,10,0.6269,0.9241,False
Chinese,坤卦-static,ɯ,0.311,8,0.6468,0.9241,False
Chinese,坤卦-static,ʌ,0.311,8,0.6468,0.9241,False
Chinese,中卦-static,t,-0.309,4,0.7065,0.9241,False
Chinese,離卦-dynamic,k,-0.303,17,0.5721,0.9241,False
Chinese,離卦-dynamic,x,-0.303,17,0.5721,0.9241,False
Chinese,中卦-static,n,0.302,24,0.7164,0.9241,False
Chinese,坎卦-dynamic,e,-0.3,6,0.7214,0.9241,False
Chinese,艮卦-static,k,0.297,24,0.5423,0.9241,False
Chinese,坤卦-dynamic,u,0.292,105,0.5423,0.9241,False
Chinese,坤卦-dynamic,œ,0.292,13,0.5871,0.9241,False
Chinese,艮卦-dynamic,ɪ,0.286,46,0.5871,0.9241,False
Chinese,離卦-dynamic,s,-0.286,10,0.5522,0.9241,False
Chinese,坤卦-dynamic,tʰ,0.279,21,0.5622,0.9241,False
Chinese,艮卦-dynamic,p,0.272,21,0.602,0.9241,False
Chinese,坤卦-static,e,-0.269,6,0.6866,0.9241,False
Chinese,震卦-dynamic,kʰ,0.269,7,0.6119,0.9241,False
Chinese,震卦-static,ʈ͡ʂʰ,-0.266,10,0.5672,0.9241,False
Chinese,離卦-dynamic,œ,-0.259,7,0.5821,0.9241,False
Chinese,離卦-dynamic,ɕ,0.258,35,0.5821,0.9241,False
Chinese,坤卦-dynamic,ʊ,0.257,65,0.592,0.9241,False
Chinese,離卦-dynamic,t͡sʰ,-0.255,8,0.6368,0.9241,False
Chinese,艮卦-dynamic,ʈ͡ʂʰ,-0.254,13,0.597,0.9241,False
Chinese,坎卦-static,ʈ͡ʂ,-0.248,10,0.6617,0.9241,False
Chinese,震卦-static,i,0.246,132,0.6965,0.9241,False
Chinese,離卦-dynamic,i,0.246,139,0.6318,0.9241,False
Chinese,坤卦-dynamic,ɨ,-0.237,8,0.6318,0.9241,False
Chinese,坎卦-static,pʰ,0.237,6,0.6816,0.9241,False
Chinese,震卦-dynamic,n,0.237,60,0.6517,0.9241,False
Chinese,坤卦-dynamic,ɕ,-0.236,28,0.5871,0.9241,False
Chinese,坎卦-static,ʈ͡ʂʰ,0.233,10,0.6219,0.9241,False
Chinese,離卦-dynamic,n,-0.233,80,0.6368,0.9241,False
Chinese,坎卦-static,u,-0.232,57,0.7065,0.9241,False
Chinese,艮卦-static,x,-0.227,18,0.6866,0.9241,False
Chinese,兌卦-dynamic,n,-0.226,56,0.6816,0.9241,False
Chinese,坤卦-dynamic,s,-0.223,11,0.6866,0.9241,False
Chinese,離卦-dynamic,t͡ɕʰ,-0.223,13,0.6716,0.9241,False
Chinese,離卦-dynamic,ɯ,-0.217,13,0.7114,0.9241,False
Chinese,離卦-dynamic,ʌ,-0.217,13,0.7114,0.9241,False
Chinese,艮卦-static,e,-0.213,16,0.7015,0.9241,False
Chinese,兌卦-dynamic,i,-0.212,86,0.6915,0.9241,False
Chinese,震卦-static,ɯ,0.208,18,0.6468,0.9241,False
Chinese,震卦-static,ʌ,0.208,18,0.6468,0.9241,False
Chinese,艮卦-static,ʈ͡ʂʰ,-0.2,11,0.7214,0.9241,False
Chinese,艮卦-dynamic,t,0.193,26,0.6368,0.9241,False
Chinese,震卦-static,pʰ,0.186,8,0.6667,0.9241,False
Chinese,艮卦-dynamic,ɛ,-0.175,31,0.6965,0.9241,False
Chinese,坤卦-dynamic,i,0.173,139,0.6816,0.9241,False
Chinese,離卦-dynamic,ɔ,0.173,17,0.6866,0.9241,False
Chinese,離卦-dynamic,kʰ,0.189,10,0.7313,0.9335,False
Chinese,坎卦-dynamic,x,0.231,10,0.7413,0.9427,False
Chinese,乾卦-static,m,-0.334,3,0.7463,0.9456,False
Chinese,震卦-dynamic,ʊ,0.203,42,0.7463,0.9456,False
Chinese,離卦-dynamic,ʈ͡ʂʰ,0.161,14,0.7512,0.9468,False
Chinese,兌卦-dynamic,t,-0.148,12,0.7512,0.9468,False
Chinese,坤卦-static,ɪ,-0.146,12,0.7562,0.948,False
Chinese,坎卦-dynamic,p,0.288,7,0.7612,0.9491,False
Chinese,艮卦-static,ɕ,-0.125,29,0.7612,0.9491,False
Chinese,艮卦-static,t͡ɕʰ,-0.124,14,0.7662,0.9519,False
Chinese,中卦-dynamic,x,0.338,4,0.7811,0.9671,False
Chinese,兌卦-dynamic,t͡ɕ,0.158,23,0.7811,0.9671,False
Chinese,巽卦-static,y,0.417,3,0.791,0.9705,False
Chinese,乾卦-static,i,-0.22,23,0.806,0.9705,False
Chinese,乾卦-static,ŋ,0.204,14,0.801,0.9705,False
Chinese,兌卦-dynamic,ʈ͡ʂʰ,0.199,10,0.806,0.9705,False
Chinese,坎卦-dynamic,i,-0.19,50,0.806,0.9705,False
Chinese,坤卦-static,m,-0.187,7,0.791,0.9705,False
Chinese,離卦-dynamic,u,0.158,98,0.806,0.9705,False
Chinese,兌卦-dynamic,t͡ɕʰ,0.156,12,0.806,0.9705,False
Chinese,坤卦-dynamic,ɔ,0.15,17,0.796,0.9705,False
Chinese,坎卦-static,ɪ,-0.144,21,0.7861,0.9705,False
Chinese,艮卦-static,ɔ,-0.119,13,0.796,0.9705,False
Chinese,震卦-static,ɛ,-0.106,25,0.801,0.9705,False
Chinese,坎卦-dynamic,ɑ,0.15,32,0.8109,0.9731,False
Chinese,坤卦-static,ɛ,-0.164,10,0.8159,0.9758,False
Chinese,坤卦-dynamic,ʂ,0.108,28,0.8159,0.9758,False
Chinese,巽卦-dynamic,l,0.311,3,0.8706,0.9779,False
Chinese,乾卦-static,e,-0.219,3,0.8308,0.9779,False
Chinese,中卦-static,a,-0.209,9,0.8408,0.9779,False
Chinese,中卦-dynamic,u,0.177,15,0.8657,0.9779,False
Chinese,中卦-dynamic,y,-0.147,4,0.8706,0.9779,False
Chinese,中卦-static,i,-0.135,33,0.8706,0.9779,False
Chinese,坤卦-static,ə,-0.13,10,0.8358,0.9779,False
Chinese,震卦-dynamic,ɤ,-0.129,12,0.8209,0.9779,False
Chinese,兌卦-dynamic,tʰ,0.127,13,0.8557,0.9779,False
Chinese,中卦-static,ŋ,0.112,19,0.8607,0.9779,False
Chinese,艮卦-static,ɪ,-0.109,31,0.8557,0.9779,False
Chinese,震卦-static,kʰ,0.107,9,0.8507,0.9779,False
Chinese,震卦-static,a,-0.1,34,0.8308,0.9779,False
Chinese,震卦-static,ɑ,0.099,74,0.8657,0.9779,False
Chinese,艮卦-dynamic,u,-0.097,108,0.8507,0.9779,False
Chinese,艮卦-dynamic,ə,0.086,35,0.8607,0.9779,False
Chinese,離卦-dynamic,a,-0.086,36,0.8358,0.9779,False
Chinese,艮卦-static,ʂ,0.084,27,0.8607,0.9779,False
Chinese,震卦-dynamic,p,0.08,10,0.8557,0.9779,False
Chinese,兌卦-dynamic,ɔ,0.079,11,0.8706,0.9779,False
Chinese,坤卦-dynamic,ə,0.077,29,0.8657,0.9779,False
Chinese,艮卦-static,a,-0.069,36,0.8607,0.9779,False
Chinese,坤卦-dynamic,t͡ɕ,0.063,32,0.8607,0.9779,False
Chinese,離卦-static,t͡ɕ,-0.166,4,0.8756,0.9788,False
Chinese,震卦-dynamic,ɻ,0.11,14,0.8806,0.9828,False
Chinese,巽卦-static,l,0.251,3,0.9005,0.984,False
Chinese,乾卦-static,p,0.17,3,0.8856,0.984,False
Chinese,中卦-dynamic,a,0.168,6,0.9055,0.984,False
Chinese,離卦-static,t,0.158,3,0.8905,0.984,False
Chinese,中卦-dynamic,ɕ,0.12,5,0.9055,0.984,False
Chinese,中卦-static,p,0.101,4,0.9055,0.984,False
Chinese,兌卦-dynamic,ŋ,0.078,50,0.9005,0.984,False
Chinese,震卦-dynamic,t,-0.077,12,0.9055,0.984,False
Chinese,坎卦-dynamic,ɕ,0.074,13,0.9055,0.984,False
Chinese,震卦-static,t͡ɕ,0.074,30,0.8955,0.984,False
Chinese,艮卦-dynamic,ɔ,0.063,19,0.9005,0.984,False
Chinese,離卦-dynamic,t͡s,0.043,13,0.9005,0.984,False
Chinese,艮卦-dynamic,ŋ,-0.036,84,0.9055,0.984,False
Chinese,中卦-dynamic,ɑ,-0.113,11,0.9453,0.989,False
Chinese,坤卦-static,ŋ,0.071,28,0.9403,0.989,False
Chinese,坤卦-static,tʰ,0.07,7,0.9303,0.989,False
Chinese,坤卦-static,ʊ,0.07,24,0.9552,0.989,False
Chinese,中卦-static,ɻ,-0.064,5,0.9254,0.989,False
Chinese,艮卦-static,tʰ,-0.063,16,0.9254,0.989,False
Chinese,乾卦-static,ɕ,0.063,6,0.9453,0.989,False
Chinese,兌卦-dynamic,e,0.061,14,0.9204,0.989,False
Chinese,坎卦-dynamic,ʊ,-0.055,24,0.9552,0.989,False
Chinese,離卦-static,m,0.055,3,0.9403,0.989,False
Chinese,艮卦-dynamic,ɕ,0.052,39,0.9204,0.989,False
Chinese,震卦-dynamic,ɛ,0.047,19,0.9353,0.989,False
Chinese,坤卦-dynamic,m,-0.042,20,0.9254,0.989,False
Chinese,坎卦-static,p,0.042,10,0.9502,0.989,False
Chinese,中卦-dynamic,e,0.041,3,0.9552,0.989,False
Chinese,坤卦-static,n,-0.04,33,0.9552,0.989,False
Chinese,震卦-dynamic,t͡ɕʰ,-0.04,10,0.9453,0.989,False
Chinese,坤卦-static,ʂ,-0.039,10,0.9453,0.989,False
Chinese,震卦-dynamic,ʂ,-0.037,17,0.9254,0.989,False
Chinese,離卦-dynamic,y,0.027,29,0.9502,0.989,False
Chinese,坤卦-static,t͡sʰ,-0.059,4,0.9602,0.9927,False
Chinese,震卦-dynamic,ɕ,0.03,21,0.9652,0.9964,False
Chinese,乾卦-dynamic,x,-0.066,3,0.99,0.9986,False
Chinese,坎卦-dynamic,ʈ͡ʂʰ,-0.038,5,0.9701,0.9986,False
Chinese,坎卦-static,f,0.023,8,0.9851,0.9986,False
Chinese,坎卦-static,ŋ,0.018,48,0.9701,0.9986,False
Chinese,坤卦-dynamic,ɤ,0.013,20,0.9801,0.9986,False
Chinese,坎卦-static,e,-0.013,13,0.9801,0.9986,False
Chinese,中卦-static,l,0.011,8,0.9851,0.9986,False
Chinese,震卦-static,u,-0.01,87,0.99,0.9986,False
Chinese,離卦-dynamic,t,0.005,19,0.9851,0.9986,False
Chinese,艮卦-static,ɯ,0.004,16,0.99,0.9986,False
Chinese,艮卦-static,ʌ,0.004,16,0.99,0.9986,False
English,震卦-static,a͡ʊ,3.354,21,0.005,0.2388,False
English,艮卦-dynamic,e͡ɪ,3.132,65,0.005,0.2388,False
English,兌卦-dynamic,e͡ə,3.097,7,0.005,0.2388,False
English,坎卦-dynamic,k,2.96,39,0.005,0.2388,False
English,艮卦-static,a͡ɪ,2.648,38,0.005,0.2388,False
English,兌卦-dynamic,ŋ,2.586,10,0.005,0.2388,False
English,坤卦-dynamic,v,2.407,23,0.005,0.2388,False
English,震卦-static,b,2.306,52,0.005,0.2388,False
English,震卦-static,t͡ʃ,2.131,20,0.005,0.2388,False
English,兌卦-dynamic,v,2.074,12,0.005,0.2388,False
English,艮卦-dynamic,w,2.02,44,0.005,0.2388,False
English,艮卦-static,f,1.983,39,0.005,0.2388,False
English,艮卦-static,l,1.934,79,0.005,0.2388,False
English,震卦-static,ʊ,1.86,10,0.005,0.2388,False
English,艮卦-dynamic,d,1.716,65,0.005,0.2388,False
English,震卦-static,ɪ,-1.421,39,0.005,0.2388,False
English,艮卦-dynamic,a͡ɪ,1.277,32,0.005,0.2388,False
English,兌卦-dynamic,ɔ͡ɪ,3.459,5,0.01,0.3582,False
English,坤卦-static,ɒ,2.387,16,0.01,0.3582,False
English,坤卦-dynamic,p,-1.844,11,0.01,0.3582,False
English,艮卦-static,ʃ,1.485,21,0.01,0.3582,False
English,離卦-dynamic,ɒ,-1.48,7,0.01,0.3582,False
English,震卦-static,p,1.327,55,0.01,0.3582,False
English,中卦-dynamic,u,3.07,5,0.0149,0.3908,False
English,震卦-dynamic,l,-2.009,6,0.0149,0.3908,False
English,坎卦-static,ɡ,1.909,21,0.0149,0.3908,False
English,離卦-dynamic,n,1.578,107,0.0149,0.3908,False
English,艮卦-dynamic,ŋ,1.527,19,0.0149,0.3908,False
English,震卦-static,ɔ,1.473,27,0.0149,0.3908,False
English,艮卦-static,ɪ,-1.35,36,0.0149,0.3908,False
English,艮卦-dynamic,ə,-1.341,34,0.0149,0.3908,False
English,震卦-static,m,1.268,53,0.0149,0.3908,False
English,坎卦-dynamic,θ,2.347,8,0.0199,0.4409,False
English,坤卦-dynamic,d,1.956,47,0.0199,0.4409,False
English,震卦-static,s,-1.509,51,0.0199,0.4409,False
English,坤卦-dynamic,ɜ,1.395,12,0.0199,0.4409,False
English,艮卦-dynamic,ʌ,-1.27,8,0.0199,0.4409,False
English,震卦-dynamic,ɐ,2.484,8,0.0249,0.4776,False
English,乾卦-static,i͡ə,2.354,11,0.0249,0.4776,False
English,坎卦-dynamic,p,2.072,24,0.0249,0.4776,False
English,坎卦-dynamic,ʊ,2.064,4,0.0249,0.4776,False
English,坤卦-static,j,1.952,9,0.0299,0.4776,False
English,艮卦-static,a͡ɪ͡ə,1.92,5,0.0249,0.4776,False
English,坎卦-static,ð,1.825,8,0.0299,0.4776,False
English,離卦-dynamic,s,-1.53,53,0.0299,0.4776,False
English,兌卦-dynamic,t,-1.519,20,0.0299,0.4776,False
English,坎卦-static,m,-1.471,12,0.0249,0.4776,False
English,艮卦-static,ə͡ʊ,1.403,26,0.0299,0.4776,False
English,坤卦-dynamic,i,1.376,45,0.0299,0.4776,False
English,震卦-static,h,1.263,16,0.0299,0.4776,False
English,震卦-static,d,1.195,51,0.0299,0.4776,False
English,兌卦-dynamic,ə͡ʊ,1.68,14,0.0348,0.5279,False
English,坎卦-static,ɑ,1.371,10,0.0348,0.5279,False
English,巽卦-dynamic,s,2.727,11,0.0398,0.5373,False
English,中卦-dynamic,z,2.478,3,0.0398,0.5373,False
English,中卦-static,ə,2.008,31,0.0398,0.5373,False
English,震卦-dynamic,ɛ,1.593,21,0.0398,0.5373,False
English,坤卦-static,ɹ,-1.557,9,0.0398,0.5373,False
English,坤卦-dynamic,h,1.384,13,0.0398,0.5373,False
English,艮卦-static,ɜ,1.095,12,0.0398,0.5373,False
English,坤卦-dynamic,a͡ɪ͡ə,1.698,4,0.0448,0.5774,False
English,乾卦-static,ɑ,1.637,8,0.0448,0.5774,False
English,艮卦-static,n,-0.999,41,0.0448,0.5774,False
English,中卦-dynamic,i,2.531,7,0.0498,0.597,False
English,離卦-dynamic,ɐ,1.319,12,0.0498,0.597,False
English,坎卦-static,ɜ,1.279,10,0.0498,0.597,False
English,艮卦-dynamic,ɹ,0.962,82,0.0498,0.597,False
English,巽卦-dynamic,ɹ,2.587,10,0.0597,0.6074,False
English,中卦-dynamic,ə͡l,2.449,3,0.0647,0.6074,False
English,巽卦-dynamic,ʃ,2.363,3,0.0597,0.6074,False
English,巽卦-static,j,2.352,4,0.0597,0.6074,False
English,中卦-static,θ,2.281,6,0.0547,0.6074,False
English,巽卦-static,ɑ,2.122,3,0.0647,0.6074,False
English,坤卦-static,e͡ə,1.74,4,0.0647,0.6074,False
English,震卦-dynamic,t͡ʃ,1.405,7,0.0647,0.6074,False
English,兌卦-dynamic,ə,-1.27,14,0.0597,0.6074,False
English,離卦-dynamic,p,1.214,56,0.0597,0.6074,False
English,坤卦-dynamic,a͡ɪ,1.158,21,0.0597,0.6074,False
English,坤卦-dynamic,m,-1.144,17,0.0647,0.6074,False
English,艮卦-static,s,-1.061,51,0.0547,0.6074,False
English,震卦-static,i,-1.022,20,0.0547,0.6074,False
English,艮卦-static,ɑ,1.001,11,0.0647,0.6074,False
English,中卦-dynamic,w,2.386,4,0.0746,0.6083,False
English,震卦-dynamic,v,1.379,10,0.0746,0.6083,False
English,兌卦-dynamic,j,1.301,8,0.0697,0.6083,False
English,坎卦-static,t͡ʃ,1.272,10,0.0697,0.6083,False
English,兌卦-dynamic,ɒ,-1.209,4,0.0697,0.6083,False
English,坤卦-static,f,1.207,14,0.0746,0.6083,False
English,坤卦-dynamic,a,-1.131,13,0.0746,0.6083,False
English,艮卦-static,ɒ,-1.082,9,0.0697,0.6083,False
English,離卦-dynamic,ɛ,1.082,43,0.0746,0.6083,False
English,艮卦-dynamic,i,-1.054,22,0.0746,0.6083,False
English,坎卦-static,a,1.018,26,0.0746,0.6083,False
English,震卦-static,ɔ͡ɪ,0.857,4,0.0746,0.6083,False
English,乾卦-dynamic,d͡ʒ,2.222,4,0.0796,0.6252,False
English,乾卦-static,m,1.448,27,0.0896,0.6342,False
English,乾卦-static,ɔ,1.43,13,0.0896,0.6342,False
English,乾卦-static,ɛ,-1.377,7,0.0846,0.6342,False
English,坤卦-static,t,1.285,40,0.0846,0.6342,False
English,坎卦-static,ə,1.202,61,0.0896,0.6342,False
English,兌卦-dynamic,i,1.154,24,0.0846,0.6342,False
English,震卦-static,e͡ɪ,-0.842,9,0.0896,0.6342,False
English,震卦-dynamic,e͡ɪ,1.149,15,0.0945,0.6534,False
English,離卦-dynamic,a,1.009,40,0.0945,0.6534,False
English,震卦-static,ə͡l,0.811,18,0.0945,0.6534,False
English,巽卦-dynamic,ʌ,2.289,4,0.0995,0.6687,False
English,震卦-dynamic,a,-1.251,7,0.0995,0.6687,False
English,坎卦-static,f,-1.236,6,0.1045,0.6687,False
English,坤卦-static,ə͡ʊ,1.233,11,0.1045,0.6687,False
English,離卦-dynamic,l,-1.016,34,0.1045,0.6687,False
English,離卦-dynamic,ə,0.955,88,0.0995,0.6687,False
English,坤卦-dynamic,z,0.871,14,0.1045,0.6687,False
English,巽卦-static,ɡ,2.058,5,0.1095,0.6755,False
English,坤卦-static,ɪ,-1.149,18,0.1244,0.7117,False
English,坤卦-dynamic,ɹ,-0.889,28,0.1244,0.7117,False
English,艮卦-static,v,0.812,16,0.1244,0.7117,False
English,震卦-static,t,0.793,92,0.1244,0.7117,False
English,坤卦-dynamic,ə,0.776,62,0.1244,0.7117,False
English,兌卦-dynamic,f,1.061,15,0.1294,0.7164,False
English,艮卦-static,w,0.734,20,0.1294,0.7164,False
English,坤卦-static,ə,-1.105,14,0.1343,0.7299,False
English,乾卦-static,i,1.205,27,0.1393,0.7339,False
English,兌卦-static,ɪ,2.181,14,0.1592,0.7466,False
English,離卦-static,ɛ,1.717,10,0.1542,0.7466,False
English,坎卦-dynamic,a,-1.192,6,0.1642,0.7466,False
English,坤卦-static,ʌ,1.132,12,0.1642,0.7466,False
English,坤卦-static,l,0.993,28,0.1542,0.7466,False
English,坎卦-static,s,-0.982,40,0.1493,0.7466,False
English,坎卦-static,a͡ɪ,-0.954,3,0.1542,0.7466,False
English,震卦-dynamic,ɡ,0.939,10,0.1542,0.7466,False
English,艮卦-static,d͡ʒ,-0.88,4,0.1443,0.7466,False
English,坎卦-static,ə͡ʊ,-0.864,7,0.1642,0.7466,False
English,離卦-dynamic,d͡ʒ,-0.85,5,0.1592,0.7466,False
English,離卦-dynamic,w,-0.827,3,0.1493,0.7466,False
English,艮卦-static,ɹ,-0.824,33,0.1592,0.7466,False
English,震卦-static,ɑ,0.764,11,0.1542,0.7466,False
English,艮卦-dynamic,ɡ,0.734,23,0.1542,0.7466,False
English,艮卦-dynamic,a,0.729,40,0.1592,0.7466,False
English,艮卦-dynamic,m,-0.714,31,0.1493,0.7466,False
English,艮卦-dynamic,p,-0.675,33,0.1642,0.7466,False
English,巽卦-static,d͡ʒ,1.682,4,0.1741,0.7538,False
English,坎卦-dynamic,ɔ,1.146,9,0.1791,0.7538,False
English,乾卦-static,d͡ʒ,1.038,10,0.1841,0.7538,False
English,坤卦-static,t͡ʃ,0.943,5,0.1841,0.7538,False
English,兌卦-dynamic,h,0.889,6,0.1741,0.7538,False
English,坎卦-static,ŋ,0.886,9,0.1741,0.7538,False
English,離卦-dynamic,ə͡ʊ,-0.841,11,0.1841,0.7538,False
English,離卦-dynamic,t,0.83,97,0.1741,0.7538,False
English,坤卦-dynamic,k,-0.741,29,0.1791,0.7538,False
English,坎卦-dynamic,ɒ,-1.018,4,0.1891,0.7633,False
English,震卦-static,j,-0.775,3,0.1891,0.7633,False
English,坎卦-static,k,-0.85,24,0.199,0.7798,False
English,坎卦-static,h,0.833,9,0.204,0.7798,False
English,離卦-dynamic,k,0.72,67,0.199,0.7798,False
English,艮卦-static,i,-0.711,22,0.199,0.7798,False
English,離卦-dynamic,ɔ,-0.695,9,0.204,0.7798,False
English,巽卦-static,ə͡l,1.685,4,0.2139,0.7863,False
English,乾卦-static,ə,1.036,42,0.2189,0.7863,False
English,坎卦-dynamic,ʌ,1.033,11,0.2189,0.7863,False
English,震卦-dynamic,u,1.026,13,0.2189,0.7863,False
English,乾卦-static,f,-0.922,6,0.2139,0.7863,False
English,兌卦-dynamic,ɐ,0.878,4,0.2139,0.7863,False
English,乾卦-static,p,-0.876,13,0.2239,0.7863,False
English,坤卦-dynamic,d͡ʒ,-0.805,4,0.2139,0.7863,False
English,離卦-dynamic,v,-0.771,7,0.2239,0.7863,False
English,震卦-static,v,-0.729,7,0.2239,0.7863,False
English,艮卦-dynamic,d͡ʒ,-0.679,7,0.2139,0.7863,False
English,艮卦-static,e͡ə,0.665,5,0.2189,0.7863,False
English,艮卦-dynamic,ɒ,-0.631,16,0.2239,0.7863,False
English,艮卦-dynamic,ɑ,-0.586,3,0.2189,0.7863,False
English,乾卦-static,k,-0.993,16,0.2289,0.7878,False
English,乾卦-static,θ,0.99,6,0.2289,0.7878,False
English,艮卦-static,ɔ͡ɪ,0.645,3,0.2289,0.7878,False
English,離卦-static,s,1.465,20,0.2338,0.7954,False
English,中卦-static,d,-1.18,6,0.2338,0.7954,False
English,艮卦-static,u,-0.556,8,0.2388,0.8028,False
English,巽卦-static,a,1.706,7,0.2438,0.8039,False
English,乾卦-static,ɒ,1.016,14,0.2438,0.8039,False
English,乾卦-static,n,0.923,43,0.2438,0.8039,False
English,震卦-dynamic,z,0.842,8,0.2438,0.8039,False
English,震卦-dynamic,ɪ,-0.851,24,0.2488,0.8141,False
English,離卦-static,ɪ,1.417,23,0.2637,0.8225,False
English,中卦-static,ɹ,1.376,23,0.2587,0.8225,False
English,中卦-static,ʃ,1.172,6,0.2537,0.8225,False
English,坎卦-dynamic,t,-0.835,22,0.2537,0.8225,False
English,坤卦-static,ɔ,-0.808,3,0.2637,0.8225,False
English,坤卦-dynamic,ɪ,-0.666,45,0.2637,0.8225,False
English,震卦-static,ŋ,-0.605,5,0.2587,0.8225,False
English,艮卦-static,ə,-0.55,43,0.2637,0.8225,False
English,震卦-static,k,-0.543,41,0.2587,0.8225,False
English,坎卦-static,b,0.682,22,0.2687,0.829,False
English,艮卦-static,k,0.624,55,0.2687,0.829,False
English,離卦-dynamic,b,-0.663,17,0.2736,0.8384,False
English,坤卦-dynamic,u,-0.662,6,0.2786,0.8446,False
English,震卦-static,ə,-0.623,47,0.2836,0.8537,False
English,艮卦-dynamic,ɪ,-0.543,69,0.2836,0.8537,False
English,巽卦-dynamic,ɪ,1.604,11,0.2886,0.8538,False
English,中卦-dynamic,a,1.545,4,0.2886,0.8538,False
English,坤卦-dynamic,a͡ʊ,0.669,6,0.2886,0.8538,False
English,離卦-static,n,1.29,20,0.2935,0.8568,False
English,兌卦-dynamic,s,-0.677,28,0.2985,0.8568,False
English,坎卦-static,ɔ,-0.666,6,0.2985,0.8568,False
English,艮卦-dynamic,h,0.555,13,0.2985,0.8568,False
English,艮卦-dynamic,n,-0.526,64,0.2985,0.8568,False
English,震卦-dynamic,ɑ,0.783,5,0.3035,0.8625,False
English,兌卦-dynamic,z,0.635,7,0.3085,0.8625,False
English,艮卦-static,m,-0.558,26,0.3085,0.8625,False
English,離卦-dynamic,ə͡l,-0.553,6,0.3035,0.8625,False
English,艮卦-static,h,-0.547,4,0.3085,0.8625,False
English,震卦-static,ɛ,0.52,35,0.3035,0.8625,False
English,兌卦-static,b,1.835,5,0.3184,0.8678,False
English,坤卦-static,m,0.714,18,0.3184,0.8678,False
English,離卦-dynamic,a͡ɪ,-0.564,9,0.3184,0.8678,False
English,震卦-dynamic,p,-0.701,13,0.3234,0.8731,False
English,離卦-dynamic,z,0.569,16,0.3234,0.8731,False
English,艮卦-static,t,0.557,77,0.3234,0.8731,False
English,中卦-dynamic,m,1.387,5,0.3383,0.8775,False
English,巽卦-static,k,-1.373,4,0.3433,0.8775,False
English,離卦-static,w,1.219,6,0.3433,0.8775,False
English,乾卦-static,ə͡ʊ,-0.873,5,0.3284,0.8775,False
English,乾卦-static,u,-0.788,3,0.3383,0.8775,False
English,坤卦-static,u,0.753,10,0.3433,0.8775,False
English,坎卦-dynamic,a͡ʊ,0.738,3,0.3284,0.8775,False
English,兌卦-dynamic,n,-0.627,24,0.3333,0.8775,False
English,坎卦-static,u,-0.573,6,0.3383,0.8775,False
English,坤卦-dynamic,w,-0.545,5,0.3433,0.8775,False
English,乾卦-dynamic,ə͡ʊ,1.508,4,0.3483,0.8792,False
English,中卦-dynamic,ɒ,1.474,3,0.3582,0.8792,False
English,巽卦-dynamic,t,1.424,10,0.3532,0.8792,False
English,兌卦-dynamic,b,0.628,14,0.3582,0.8792,False
English,離卦-dynamic,ʌ,-0.528,15,0.3532,0.8792,False
English,離卦-dynamic,i͡ə,-0.514,3,0.3483,0.8792,False
English,艮卦-static,ɛ,-0.509,21,0.3483,0.8792,False
English,震卦-static,ɒ,0.484,24,0.3532,0.8792,False
English,震卦-static,w,-0.422,8,0.3483,0.8792,False
English,乾卦-static,e͡ɪ,-0.74,5,0.3682,0.8885,False
English,震卦-static,a,-0.51,23,0.3682,0.8885,False
English,艮卦-static,z,-0.486,5,0.3682,0.8885,False
English,艮卦-dynamic,t͡ʃ,-0.415,5,0.3682,0.8885,False
English,震卦-dynamic,ə,-0.637,21,0.3731,0.8955,False
English,中卦-static,i͡ə,1.117,4,0.3781,0.9,False
English,坎卦-static,ʌ,0.569,17,0.3831,0.9068,False
English,艮卦-dynamic,s,0.446,91,0.3831,0.9068,False
English,中卦-static,ɪ,0.937,28,0.3881,0.9136,False
English,坎卦-static,i,-0.516,19,0.3881,0.9136,False
English,巽卦-dynamic,u,1.226,3,0.393,0.9178,False
English,坤卦-dynamic,n,0.487,61,0.393,0.9178,False
English,離卦-dynamic,e͡ə,0.455,5,0.393,0.9178,False
English,坤卦-static,i,0.608,18,0.398,0.9219,False
English,坤卦-dynamic,j,-0.479,4,0.398,0.9219,False
English,震卦-static,f,-0.403,18,0.403,0.931,False
English,兌卦-dynamic,ʌ,0.56,11,0.408,0.935,False
English,坤卦-dynamic,ə͡l,-0.474,5,0.408,0.935,False
English,兌卦-static,l,1.617,9,0.4129,0.9414,False
English,艮卦-static,ʊ,0.404,4,0.4129,0.9414,False
English,離卦-static,ə͡l,0.946,4,0.4179,0.9452,False
English,乾卦-static,ɹ,-0.642,20,0.4179,0.9452,False
English,兌卦-static,ɔ,1.567,3,0.4478,0.9489,False
English,乾卦-dynamic,ʃ,1.366,3,0.4677,0.9489,False
English,巽卦-dynamic,ə,-1.286,3,0.4577,0.9489,False
English,兌卦-static,t,1.286,11,0.4975,0.9489,False
English,兌卦-static,k,-1.266,3,0.4876,0.9489,False
English,乾卦-dynamic,ə,1.248,12,0.4378,0.9489,False
English,乾卦-dynamic,p,1.18,7,0.4478,0.9489,False
English,中卦-static,ə͡l,0.763,5,0.4776,0.9489,False
English,中卦-static,p,-0.762,8,0.4776,0.9489,False
English,中卦-static,j,0.738,4,0.4527,0.9489,False
English,坎卦-dynamic,ɜ,0.641,4,0.4229,0.9489,False
English,坎卦-dynamic,i͡ə,0.637,4,0.4378,0.9489,False
English,震卦-dynamic,k,0.62,28,0.4428,0.9489,False
English,坎卦-dynamic,i,-0.586,10,0.4975,0.9489,False
English,震卦-dynamic,t,-0.574,29,0.4776,0.9489,False
English,乾卦-static,v,-0.563,4,0.4677,0.9489,False
English,坤卦-static,e͡ɪ,-0.536,5,0.4428,0.9489,False
English,乾卦-static,ə͡l,-0.507,3,0.4876,0.9489,False
English,坤卦-dynamic,ɛ,0.503,27,0.4279,0.9489,False
English,坤卦-static,n,0.501,31,0.4925,0.9489,False
English,震卦-dynamic,a͡ɪ,0.499,9,0.4975,0.9489,False
English,震卦-static,i͡ə,-0.495,3,0.4378,0.9489,False
English,兌卦-dynamic,ɡ,0.489,8,0.4726,0.9489,False
English,坎卦-static,θ,0.484,6,0.4428,0.9489,False
English,兌卦-dynamic,a͡ʊ,0.482,3,0.4975,0.9489,False
English,離卦-dynamic,ɜ,-0.471,4,0.4677,0.9489,False
English,坎卦-static,w,0.458,13,0.4627,0.9489,False
English,震卦-dynamic,a͡ʊ,0.453,3,0.4378,0.9489,False
English,坎卦-static,ɪ,-0.452,43,0.4328,0.9489,False
English,坤卦-dynamic,b,0.451,23,0.4527,0.9489,False
English,坎卦-static,l,0.43,41,0.4677,0.9489,False
English,艮卦-static,i͡ə,0.389,8,0.4726,0.9489,False
English,艮卦-static,e͡ɪ,0.368,21,0.4925,0.9489,False
English,震卦-static,d͡ʒ,-0.343,9,0.4677,0.9489,False
English,坤卦-dynamic,ɔ,-0.341,9,0.4925,0.9489,False
English,艮卦-dynamic,ʃ,-0.34,9,0.4677,0.9489,False
English,艮卦-dynamic,j,-0.337,7,0.4328,0.9489,False
English,震卦-static,n,-0.328,61,0.4975,0.9489,False
English,乾卦-dynamic,z,1.387,3,0.5075,0.9521,False
English,乾卦-static,s,0.535,40,0.5025,0.9521,False
English,震卦-dynamic,h,0.492,5,0.5025,0.9521,False
English,兌卦-dynamic,k,0.445,26,0.5124,0.9521,False
English,離卦-dynamic,t͡ʃ,0.424,10,0.5124,0.9521,False
English,坎卦-static,e͡ɪ,-0.372,10,0.5124,0.9521,False
English,震卦-static,ʃ,0.356,14,0.5124,0.9521,False
English,艮卦-dynamic,v,-0.349,11,0.5075,0.9521,False
English,兌卦-static,f,1.334,4,0.5274,0.972,False
English,乾卦-dynamic,d,-1.046,3,0.5423,0.972,False
English,巽卦-dynamic,f,0.819,3,0.5672,0.972,False
English,離卦-static,i,-0.769,5,0.5622,0.972,False
English,中卦-static,e͡ɪ,-0.716,3,0.5373,0.972,False
English,中卦-static,m,0.7,13,0.5473,0.972,False
English,離卦-static,k,-0.685,8,0.5771,0.972,False
English,中卦-static,k,0.675,18,0.5323,0.972,False
English,坎卦-dynamic,ɪ,-0.511,23,0.5473,0.972,False
English,坎卦-dynamic,l,0.505,23,0.5423,0.972,False
English,坎卦-dynamic,m,0.497,16,0.5373,0.972,False
English,震卦-dynamic,ɒ,-0.474,7,0.5274,0.972,False
English,乾卦-static,z,0.465,7,0.5572,0.972,False
English,震卦-dynamic,ə͡l,-0.449,3,0.5622,0.972,False
English,兌卦-dynamic,ɛ,0.435,15,0.5721,0.972,False
English,坎卦-static,p,0.376,29,0.5522,0.972,False
English,兌卦-dynamic,l,0.357,26,0.5771,0.972,False
English,震卦-dynamic,w,0.349,8,0.5771,0.972,False
English,離卦-dynamic,d,-0.349,33,0.5522,0.972,False
English,艮卦-static,ə͡l,0.322,12,0.5473,0.972,False
English,坤卦-dynamic,e͡ɪ,0.32,18,0.5572,0.972,False
English,艮卦-dynamic,f,-0.267,22,0.5672,0.972,False
English,乾卦-dynamic,a,0.978,5,0.597,0.9788,False
English,兌卦-static,ɒ,0.915,3,0.597,0.9788,False
English,乾卦-dynamic,e͡ɪ,0.904,4,0.607,0.9788,False
English,兌卦-static,ʌ,0.848,3,0.6418,0.9788,False
English,兌卦-static,d,0.824,5,0.6965,0.9788,False
English,中卦-dynamic,ə,-0.767,4,0.6617,0.9788,False
English,乾卦-dynamic,a͡ɪ,0.756,3,0.6766,0.9788,False
English,乾卦-dynamic,ɹ,0.742,9,0.7065,0.9788,False
English,巽卦-static,n,0.734,13,0.602,0.9788,False
English,離卦-static,l,-0.71,8,0.6517,0.9788,False
English,兌卦-static,ɛ,0.71,4,0.6866,0.9788,False
English,乾卦-dynamic,n,0.708,11,0.7114,0.9788,False
English,中卦-dynamic,b,0.705,3,0.6866,0.9788,False
English,中卦-dynamic,l,0.688,6,0.6418,0.9788,False
English,巽卦-static,m,0.666,7,0.6119,0.9788,False
English,巽卦-dynamic,k,0.652,6,0.6119,0.9788,False
English,乾卦-dynamic,ɪ,0.646,12,0.6866,0.9788,False
English,離卦-static,d,-0.566,6,0.7114,0.9788,False
English,中卦-static,b,-0.554,5,0.6269,0.9788,False
English,中卦-static,ʌ,0.52,7,0.6716,0.9788,False
English,離卦-static,ɒ,0.486,5,0.6716,0.9788,False
English,中卦-static,t,-0.46,19,0.6418,0.9788,False
English,中卦-static,ɛ,-0.435,7,0.6766,0.9788,False
English,乾卦-static,d,-0.414,15,0.6368,0.9788,False
English,坎卦-dynamic,f,0.41,10,0.592,0.9788,False
English,乾卦-static,w,-0.407,4,0.6318,0.9788,False
English,坎卦-dynamic,e͡ɪ,0.403,9,0.7065,0.9788,False
English,坎卦-dynamic,ɹ,-0.4,17,0.6716,0.9788,False
English,震卦-dynamic,f,0.388,12,0.6368,0.9788,False
English,坤卦-static,d,0.382,16,0.6418,0.9788,False
English,坤卦-static,ʃ,-0.378,3,0.6418,0.9788,False
English,震卦-dynamic,i͡ə,0.364,4,0.6169,0.9788,False
English,坎卦-dynamic,a͡ɪ,-0.362,4,0.6418,0.9788,False
English,坎卦-static,d͡ʒ,-0.361,6,0.6468,0.9788,False
English,震卦-dynamic,ɹ,-0.353,21,0.6368,0.9788,False
English,坎卦-dynamic,d,0.351,15,0.6866,0.9788,False
English,兌卦-dynamic,u,0.351,9,0.6119,0.9788,False
English,坤卦-static,ɛ,0.347,13,0.7114,0.9788,False
English,乾卦-static,a͡ʊ,0.347,3,0.6816,0.9788,False
English,乾卦-static,j,-0.344,3,0.6766,0.9788,False
English,坤卦-static,s,-0.335,27,0.6915,0.9788,False
English,坎卦-dynamic,ə,-0.333,20,0.6965,0.9788,False
English,坎卦-static,n,0.328,51,0.602,0.9788,False
English,坎卦-dynamic,ʃ,-0.328,3,0.6816,0.9788,False
English,震卦-dynamic,d,0.323,18,0.6368,0.9788,False
English,離卦-dynamic,u,0.323,21,0.602,0.9788,False
English,坤卦-static,b,-0.32,8,0.6965,0.9788,False
English,乾卦-static,ʌ,-0.318,8,0.6667,0.9788,False
English,坤卦-dynamic,f,0.307,20,0.6368,0.9788,False
English,坎卦-static,d,0.307,27,0.6716,0.9788,False
English,兌卦-dynamic,a͡ɪ,-0.307,5,0.6219,0.9788,False
English,震卦-static,ɡ,-0.306,11,0.592,0.9788,False
English,震卦-dynamic,ŋ,-0.304,3,0.6716,0.9788,False
English,兌卦-dynamic,ɹ,-0.302,21,0.6965,0.9788,False
English,乾卦-static,h,-0.292,3,0.6915,0.9788,False
English,離卦-dynamic,ɹ,0.285,62,0.6269,0.9788,False
English,坤卦-static,k,0.281,22,0.6915,0.9788,False
English,坤卦-dynamic,ð,0.28,4,0.6169,0.9788,False
English,兌卦-dynamic,ɪ,0.277,36,0.6517,0.9788,False
English,坎卦-static,v,-0.269,7,0.7114,0.9788,False
English,離卦-dynamic,ʃ,-0.266,9,0.607,0.9788,False
English,震卦-dynamic,s,0.26,35,0.6617,0.9788,False
English,艮卦-dynamic,t,-0.256,80,0.6617,0.9788,False
English,離卦-dynamic,j,0.254,11,0.6517,0.9788,False
English,離卦-dynamic,ɡ,-0.254,12,0.6766,0.9788,False
English,震卦-static,l,0.251,57,0.6269,0.9788,False
English,艮卦-static,d,-0.245,29,0.6517,0.9788,False
English,震卦-static,ɐ,-0.245,3,0.6418,0.9788,False
English,離卦-dynamic,ɑ,-0.242,5,0.7015,0.9788,False
English,坤卦-dynamic,e͡ə,0.238,3,0.6667,0.9788,False
English,離卦-dynamic,i,-0.233,34,0.6667,0.9788,False
English,坤卦-dynamic,s,0.232,60,0.6866,0.9788,False
English,坎卦-static,ɒ,-0.231,12,0.6965,0.9788,False
English,坤卦-dynamic,ʊ,0.228,3,0.7065,0.9788,False
English,艮卦-static,p,0.223,36,0.6766,0.9788,False
English,兌卦-dynamic,d,0.211,17,0.7065,0.9788,False
English,艮卦-static,a͡ʊ,-0.209,3,0.6965,0.9788,False
English,艮卦-dynamic,ɜ,0.194,9,0.6766,0.9788,False
English,艮卦-dynamic,ə͡l,0.188,14,0.6716,0.9788,False
English,離卦-dynamic,ɪ,0.182,83,0.7065,0.9788,False
English,坤卦-static,w,-0.25,4,0.7164,0.9825,False
English,離卦-static,ɹ,0.445,13,0.7214,0.9831,False
English,離卦-static,p,0.412,9,0.7214,0.9831,False
English,中卦-static,n,-0.386,17,0.7214,0.9831,False
English,巽卦-static,a͡ɪ,0.441,3,0.7264,0.9837,False
English,中卦-static,ə͡ʊ,0.41,6,0.7264,0.9837,False
English,乾卦-static,ŋ,0.34,5,0.7264,0.9837,False
English,震卦-dynamic,ʃ,0.279,6,0.7313,0.9858,False
English,坤卦-dynamic,ɡ,0.19,12,0.7313,0.9858,False
English,艮卦-dynamic,k,0.17,61,0.7313,0.9858,False
English,兌卦-static,s,0.629,9,0.7711,0.9861,False
English,巽卦-static,ɔ,0.576,3,0.7711,0.9861,False
English,巽卦-static,i,0.57,7,0.7463,0.9861,False
English,巽卦-static,p,0.569,7,0.7413,0.9861,False
English,兌卦-static,ɹ,0.568,7,0.7761,0.9861,False
English,兌卦-static,ə,0.529,8,0.7662,0.9861,False
English,離卦-static,m,0.51,9,0.7413,0.9861,False
English,中卦-dynamic,p,-0.404,3,0.7612,0.9861,False
English,離卦-static,e͡ɪ,-0.4,3,0.7761,0.9861,False
English,中卦-static,a,-0.351,7,0.7612,0.9861,False
English,中卦-static,l,-0.335,13,0.7562,0.9861,False
English,離卦-static,v,0.297,3,0.7662,0.9861,False
English,乾卦-static,l,-0.26,23,0.7512,0.9861,False
English,坤卦-static,a,0.244,12,0.7413,0.9861,False
English,震卦-dynamic,ə͡ʊ,-0.243,7,0.7562,0.9861,False
English,震卦-static,ɹ,-0.185,50,0.7363,0.9861,False
English,艮卦-static,θ,0.183,6,0.7463,0.9861,False
English,坤卦-static,a͡ɪ,-0.179,5,0.7711,0.9861,False
English,艮卦-dynamic,ɛ,-0.172,31,0.7662,0.9861,False
English,震卦-dynamic,b,-0.166,10,0.7761,0.9861,False
English,艮卦-dynamic,z,0.155,13,0.7761,0.9861,False
English,艮卦-dynamic,u,-0.148,16,0.7413,0.9861,False
English,艮卦-dynamic,ʊ,0.141,4,0.7711,0.9861,False
English,巽卦-dynamic,p,-0.506,3,0.791,0.9877,False
English,巽卦-static,b,-0.402,3,0.791,0.9877,False
English,坎卦-dynamic,n,0.211,27,0.7811,0.9877,False
English,坤卦-dynamic,ɑ,-0.181,4,0.7811,0.9877,False
English,艮卦-static,ɡ,-0.144,11,0.7861,0.9877,False
English,離卦-static,a͡ɪ,0.425,4,0.796,0.9896,False
English,乾卦-dynamic,i,-0.369,4,0.796,0.9896,False
English,乾卦-dynamic,k,-0.296,6,0.8109,0.9938,False
English,離卦-static,f,-0.292,4,0.8109,0.9938,False
English,中卦-static,s,-0.237,20,0.8109,0.9938,False
English,乾卦-static,b,0.2,13,0.806,0.9938,False
English,坎卦-static,t,0.179,54,0.8109,0.9938,False
English,震卦-dynamic,d͡ʒ,0.178,6,0.8109,0.9938,False
English,艮卦-dynamic,ə͡ʊ,0.117,21,0.801,0.9938,False
English,離卦-static,t,0.279,17,0.8209,0.9975,False
English,坎卦-dynamic,u,-0.205,5,0.8159,0.9975,False
English,震卦-dynamic,n,0.14,32,0.8209,0.9975,False
English,艮卦-static,ɔ,-0.106,12,0.8209,0.9975,False
English,巽卦-static,l,-0.358,7,0.8259,0.9994,False
English,巽卦-static,ɪ,-0.403,10,0.8308,0.9997,False
English,中卦-dynamic,k,-0.4,4,0.8507,0.9997,False
English,乾卦-dynamic,ɒ,0.344,3,0.9502,0.9997,False
English,巽卦-dynamic,a,0.328,3,0.8507,0.9997,False
English,巽卦-static,d,-0.288,5,0.8607,0.9997,False
English,兌卦-static,n,0.278,8,0.8955,0.9997,False
English,巽卦-static,ɛ,0.274,5,0.9104,0.9997,False
English,中卦-static,d͡ʒ,0.264,4,0.8507,0.9997,False
English,巽卦-static,t,-0.245,11,0.8955,0.9997,False
English,坎卦-dynamic,d͡ʒ,0.193,5,0.8408,0.9997,False
English,離卦-static,ə͡ʊ,0.189,4,0.9005,0.9997,False
English,巽卦-static,s,-0.182,11,0.8557,0.9997,False
English,震卦-dynamic,ʌ,-0.176,8,0.8458,0.9997,False
English,中卦-dynamic,s,0.164,7,0.9204,0.9997,False
English,中卦-static,ɒ,0.153,6,0.8905,0.9997,False
English,坤卦-dynamic,ʌ,-0.149,14,0.8308,0.9997,False
English,乾卦-static,a,-0.147,13,0.8806,0.9997,False
English,坎卦-dynamic,ə͡ʊ,0.145,7,0.8607,0.9997,False
English,乾卦-dynamic,s,0.133,10,0.9303,0.9997,False
English,坤卦-static,ŋ,-0.129,3,0.8756,0.9997,False
English,離卦-dynamic,ŋ,-0.127,8,0.8308,0.9997,False
English,巽卦-static,ə,0.126,10,0.9154,0.9997,False
English,離卦-dynamic,f,-0.126,22,0.8358,0.9997,False
English,震卦-dynamic,ɔ,0.125,7,0.8358,0.9997,False
English,離卦-dynamic,a͡ʊ,-0.123,4,0.8507,0.9997,False
English,兌卦-dynamic,p,-0.123,16,0.8856,0.9997,False
English,坎卦-static,ə͡l,0.121,8,0.8458,0.9997,False
English,坤卦-dynamic,ŋ,-0.112,6,0.8607,0.9997,False
English,乾卦-static,t,-0.112,36,0.8507,0.9997,False
English,坎卦-static,ɹ,-0.103,35,0.8756,0.9997,False
English,坤卦-dynamic,ə͡ʊ,-0.101,13,0.8507,0.9997,False
English,艮卦-dynamic,b,-0.1,26,0.8557,0.9997,False
English,巽卦-static,ɹ,-0.099,8,0.9403,0.9997,False
English,乾卦-dynamic,m,0.099,5,0.9552,0.9997,False
English,坤卦-dynamic,l,-0.096,39,0.8657,0.9997,False
English,艮卦-dynamic,ð,-0.096,4,0.8358,0.9997,False
English,艮卦-static,a,-0.092,24,0.8408,0.9997,False
English,艮卦-static,ʌ,0.091,18,0.8358,0.9997,False
English,震卦-dynamic,m,0.088,17,0.9154,0.9997,False
English,艮卦-dynamic,l,-0.086,57,0.8706,0.9997,False
English,兌卦-dynamic,a,-0.086,12,0.8657,0.9997,False
English,坎卦-dynamic,s,-0.078,27,0.9303,0.9997,False
English,兌卦-dynamic,ə͡l,0.072,5,0.9154,0.9997,False
English,坤卦-dynamic,t,0.067,60,0.9154,0.9997,False
English,中卦-static,i,-0.067,10,0.9552,0.9997,False
English,坤卦-static,v,0.065,5,0.9552,0.9997,False
English,離卦-dynamic,e͡ɪ,0.064,21,0.9005,0.9997,False
English,乾卦-static,ɡ,0.064,7,0.9701,0.9997,False
English,中卦-dynamic,ɪ,0.062,7,0.9701,0.9997,False
English,震卦-static,a͡ɪ,-0.061,14,0.8756,0.9997,False
English,艮卦-static,b,0.058,22,0.9005,0.9997,False
English,震卦-static,ʌ,0.051,20,0.9204,0.9997,False
English,兌卦-dynamic,ʃ,0.051,5,0.9353,0.9997,False
English,震卦-static,ə͡ʊ,0.046,18,0.9104,0.9997,False
English,坤卦-dynamic,ɒ,-0.044,15,0.9453,0.9997,False
English,乾卦-static,ɪ,0.041,37,0.9652,0.9997,False
English,震卦-dynamic,i,-0.04,16,0.9751,0.9997,False
English,艮卦-dynamic,ɔ,-0.039,16,0.9453,0.9997,False
English,巽卦-static,ɒ,-0.039,3,0.9652,0.9997,False
English,艮卦-dynamic,θ,-0.034,6,0.9502,0.9997,False
English,坎卦-dynamic,ɡ,-0.034,5,0.9751,0.9997,False
English,震卦-dynamic,j,0.032,4,0.9652,0.9997,False
English,離卦-static,ə,0.032,13,0.99,0.9997,False
English,離卦-dynamic,ð,-0.03,4,0.9403,0.9997,False
English,坎卦-static,j,0.026,6,0.9751,0.9997,False
English,坎卦-dynamic,ɛ,0.025,11,0.995,0.9997,False
English,離卦-dynamic,m,-0.025,38,0.9602,0.9997,False
English,兌卦-dynamic,m,-0.025,16,0.9652,0.9997,False
English,坤卦-static,p,0.023,15,0.9851,0.9997,False
English,坎卦-static,ɛ,0.014,20,0.9801,0.9997,False
English,坎卦-dynamic,h,0.012,3,0.995,0.9997,False
English,乾卦-dynamic,t,-0.008,10,0.9851,0.9997,False
English,震卦-static,u,-0.003,16,0.995,0.9997,False
English,離卦-static,ɔ,-0.011,3,1.0,1.0,False
English,巽卦-dynamic,l,0.01,5,1.0,1.0,False
English,坎卦-static,a͡ʊ,-0.001,3,1.0,1.0,False
Finnish,巽卦-dynamic,u͡o,3.706,5,0.005,0.2687,False
Finnish,坤卦-static,æ͡y,3.583,7,0.005,0.2687,False
Finnish,坤卦-dynamic,æ͡i,3.541,20,0.005,0.2687,False
Finnish,離卦-dynamic,o͡i,2.937,25,0.005,0.2687,False
Finnish,震卦-dynamic,y͡ø,2.925,4,0.005,0.2687,False
Finnish,坤卦-static,ø,2.887,9,0.005,0.2687,False
Finnish,中卦-dynamic,s,2.874,28,0.005,0.2687,False
Finnish,艮卦-dynamic,o͡u,2.785,9,0.005,0.2687,False
Finnish,艮卦-static,e͡u,2.719,8,0.005,0.2687,False
Finnish,兌卦-dynamic,t,2.306,146,0.005,0.2687,False
Finnish,兌卦-dynamic,a,2.154,180,0.005,0.2687,False
Finnish,艮卦-dynamic,a͡u,1.733,18,0.005,0.2687,False
Finnish,兌卦-dynamic,ɪ,-1.715,22,0.005,0.2687,False
Finnish,坤卦-dynamic,n,1.411,175,0.005,0.2687,False
Finnish,坤卦-static,u͡i,2.374,4,0.01,0.3134,False
Finnish,震卦-dynamic,j,2.349,24,0.01,0.3134,False
Finnish,震卦-dynamic,i,-2.032,5,0.01,0.3134,False
Finnish,坤卦-static,u,-1.923,8,0.01,0.3134,False
Finnish,坤卦-static,a͡i,1.832,14,0.01,0.3134,False
Finnish,艮卦-dynamic,u,1.746,94,0.01,0.3134,False
Finnish,艮卦-static,p,1.682,63,0.01,0.3134,False
Finnish,坎卦-static,ɪ,1.553,99,0.01,0.3134,False
Finnish,艮卦-dynamic,k,1.323,130,0.01,0.3134,False
Finnish,坤卦-dynamic,a͡i,0.994,25,0.01,0.3134,False
Finnish,中卦-static,y,3.068,9,0.0149,0.4179,False
Finnish,離卦-dynamic,j,1.725,39,0.0149,0.4179,False
Finnish,坤卦-dynamic,e,1.361,147,0.0149,0.4179,False
Finnish,震卦-dynamic,ɡ,3.034,3,0.0199,0.4425,False
Finnish,坎卦-static,ŋ,2.209,19,0.0199,0.4425,False
Finnish,坤卦-static,i͡e,1.952,7,0.0199,0.4425,False
Finnish,震卦-dynamic,k,-1.784,24,0.0199,0.4425,False
Finnish,兌卦-dynamic,æ,1.525,60,0.0199,0.4425,False
Finnish,坎卦-static,æ,-1.383,20,0.0199,0.4425,False
Finnish,離卦-static,l,2.809,19,0.0249,0.4701,False
Finnish,艮卦-dynamic,ɪ,-1.311,43,0.0249,0.4701,False
Finnish,坎卦-static,o,1.251,58,0.0249,0.4701,False
Finnish,艮卦-static,s,-1.193,57,0.0249,0.4701,False
Finnish,坎卦-static,b,1.785,3,0.0299,0.5015,False
Finnish,震卦-dynamic,n,1.619,69,0.0299,0.5015,False
Finnish,離卦-dynamic,t,1.373,154,0.0299,0.5015,False
Finnish,坎卦-static,o͡i,1.359,12,0.0299,0.5015,False
Finnish,艮卦-dynamic,m,-1.162,27,0.0299,0.5015,False
Finnish,離卦-static,r,2.473,15,0.0348,0.5266,False
Finnish,中卦-static,s,2.113,26,0.0348,0.5266,False
Finnish,坎卦-dynamic,p,1.766,19,0.0348,0.5266,False
Finnish,艮卦-dynamic,d,1.251,18,0.0348,0.5266,False
Finnish,兌卦-dynamic,o͡i,1.191,10,0.0348,0.5266,False
Finnish,中卦-dynamic,k,2.249,23,0.0448,0.5289,False
Finnish,坎卦-dynamic,ŋ,1.999,6,0.0448,0.5289,False
Finnish,坎卦-dynamic,æ,1.816,24,0.0448,0.5289,False
Finnish,乾卦-static,æ,-1.802,5,0.0398,0.5289,False
Finnish,震卦-dynamic,e͡u,1.786,3,0.0398,0.5289,False
Finnish,坤卦-static,v,1.483,31,0.0398,0.5289,False
Finnish,震卦-static,u͡i,1.456,5,0.0448,0.5289,False
Finnish,艮卦-dynamic,y͡ø,1.436,5,0.0448,0.5289,False
Finnish,坎卦-static,h,-1.126,16,0.0398,0.5289,False
Finnish,坎卦-static,a͡i,1.069,16,0.0448,0.5289,False
Finnish,離卦-dynamic,a,1.046,190,0.0448,0.5289,False
Finnish,震卦-static,y͡ø,1.218,4,0.0498,0.5531,False
Finnish,離卦-dynamic,n,-1.148,35,0.0498,0.5531,False
Finnish,坤卦-dynamic,e͡i,1.11,14,0.0498,0.5531,False
Finnish,兌卦-dynamic,i,-1.136,17,0.0547,0.5827,False
Finnish,兌卦-dynamic,k,-1.122,48,0.0547,0.5827,False
Finnish,艮卦-dynamic,s,-0.949,71,0.0547,0.5827,False
Finnish,巽卦-static,ɪ,2.243,19,0.0597,0.5939,False
Finnish,離卦-dynamic,u,-1.04,32,0.0597,0.5939,False
Finnish,震卦-static,p,0.952,50,0.0597,0.5939,False
Finnish,震卦-static,d,0.921,14,0.0597,0.5939,False
Finnish,中卦-static,h,2.052,13,0.0647,0.6189,False
Finnish,坎卦-static,t,-0.996,49,0.0647,0.6189,False
Finnish,離卦-dynamic,k,-1.038,65,0.0697,0.6501,False
Finnish,坎卦-dynamic,h,1.537,19,0.0796,0.6541,False
Finnish,震卦-dynamic,r,-1.296,13,0.0796,0.6541,False
Finnish,震卦-dynamic,o,1.264,35,0.0796,0.6541,False
Finnish,兌卦-dynamic,d,1.107,12,0.0796,0.6541,False
Finnish,兌卦-dynamic,o,-1.035,21,0.0746,0.6541,False
Finnish,離卦-dynamic,m,-1.023,28,0.0746,0.6541,False
Finnish,坤卦-dynamic,a,-0.821,152,0.0746,0.6541,False
Finnish,坎卦-dynamic,o,-1.394,6,0.0846,0.6573,False
Finnish,坤卦-static,j,1.124,17,0.0846,0.6573,False
Finnish,震卦-dynamic,d,1.117,8,0.0896,0.6573,False
Finnish,艮卦-dynamic,æ͡i,1.028,6,0.0896,0.6573,False
Finnish,離卦-dynamic,æ,1.008,69,0.0896,0.6573,False
Finnish,兌卦-dynamic,e,-0.953,41,0.0896,0.6573,False
Finnish,震卦-static,k,0.881,106,0.0896,0.6573,False
Finnish,坤卦-dynamic,m,-0.852,43,0.0846,0.6573,False
Finnish,坤卦-dynamic,i,-0.782,37,0.0896,0.6573,False
Finnish,艮卦-static,l,0.94,99,0.0945,0.6679,False
Finnish,兌卦-dynamic,r,-0.895,27,0.0945,0.6679,False
Finnish,坤卦-dynamic,d,-0.753,5,0.0945,0.6679,False
Finnish,兌卦-dynamic,n,-0.992,31,0.0995,0.6716,False
Finnish,艮卦-static,m,0.868,66,0.1045,0.6868,False
Finnish,艮卦-static,n,-0.804,46,0.1045,0.6868,False
Finnish,震卦-dynamic,v,-1.188,9,0.1095,0.7012,False
Finnish,乾卦-dynamic,v,2.4,6,0.1343,0.7021,False
Finnish,巽卦-dynamic,h,2.294,7,0.1294,0.7021,False
Finnish,中卦-static,a,-1.821,12,0.1144,0.7021,False
Finnish,中卦-dynamic,e,1.76,19,0.1244,0.7021,False
Finnish,巽卦-static,t,-1.727,4,0.1393,0.7021,False
Finnish,坎卦-dynamic,i͡e,1.424,3,0.1294,0.7021,False
Finnish,坎卦-dynamic,a͡i,1.313,6,0.1194,0.7021,False
Finnish,乾卦-static,ø,1.311,3,0.1244,0.7021,False
Finnish,坎卦-static,l,0.934,86,0.1294,0.7021,False
Finnish,艮卦-static,o,0.927,61,0.1194,0.7021,False
Finnish,艮卦-dynamic,e,-0.837,61,0.1294,0.7021,False
Finnish,震卦-static,a͡i,-0.837,3,0.1244,0.7021,False
Finnish,震卦-static,e,-0.812,55,0.1244,0.7021,False
Finnish,震卦-static,n,-0.799,46,0.1393,0.7021,False
Finnish,震卦-static,ø,0.792,7,0.1294,0.7021,False
Finnish,坤卦-dynamic,u͡i,0.783,5,0.1294,0.7021,False
Finnish,艮卦-dynamic,h,-0.738,28,0.1294,0.7021,False
Finnish,艮卦-static,k,0.729,103,0.1244,0.7021,False
Finnish,乾卦-static,m,1.236,24,0.1443,0.7037,False
Finnish,坤卦-dynamic,k,0.705,144,0.1443,0.7037,False
Finnish,艮卦-static,æ,-0.671,36,0.1443,0.7037,False
Finnish,中卦-dynamic,a,-1.573,13,0.1542,0.7153,False
Finnish,兌卦-dynamic,æ͡y,0.822,3,0.1542,0.7153,False
Finnish,震卦-static,o,0.77,58,0.1542,0.7153,False
Finnish,震卦-static,s,-0.74,69,0.1542,0.7153,False
Finnish,艮卦-dynamic,p,0.695,51,0.1493,0.7153,False
Finnish,坎卦-static,a,-0.824,94,0.1592,0.7294,False
Finnish,坎卦-dynamic,e,-1.152,14,0.1642,0.7344,False
Finnish,坤卦-static,i,0.916,28,0.1642,0.7344,False
Finnish,中卦-dynamic,n,1.779,23,0.1692,0.7349,False
Finnish,坎卦-dynamic,u,1.245,22,0.1692,0.7349,False
Finnish,離卦-dynamic,e,-0.69,60,0.1692,0.7349,False
Finnish,坤卦-dynamic,t,-0.616,100,0.1741,0.7396,False
Finnish,中卦-static,r,-1.634,3,0.1791,0.744,False
Finnish,坤卦-static,p,-0.911,10,0.1791,0.744,False
Finnish,坎卦-static,e͡i,0.686,7,0.1791,0.744,False
Finnish,兌卦-dynamic,v,-0.691,19,0.1841,0.7563,False
Finnish,乾卦-dynamic,u,2.02,8,0.194,0.7802,False
Finnish,艮卦-dynamic,a,0.694,189,0.194,0.7802,False
Finnish,震卦-dynamic,u,-0.858,18,0.199,0.7877,False
Finnish,坤卦-static,ɪ,-0.776,30,0.199,0.7877,False
Finnish,坤卦-dynamic,ɪ,-0.666,78,0.199,0.7877,False
Finnish,震卦-static,i͡e,0.629,7,0.204,0.8032,False
Finnish,中卦-static,i,-1.482,3,0.2239,0.8421,False
Finnish,中卦-static,d,1.379,3,0.2189,0.8421,False
Finnish,坎卦-dynamic,v,-1.205,5,0.2239,0.8421,False
Finnish,坎卦-dynamic,e͡i,1.158,3,0.2239,0.8421,False
Finnish,離卦-dynamic,y͡ø,0.692,3,0.2239,0.8421,False
Finnish,巽卦-static,v,1.568,8,0.2289,0.844,False
Finnish,坤卦-static,y,0.817,15,0.2289,0.844,False
Finnish,坤卦-dynamic,o͡u,0.58,4,0.2289,0.844,False
Finnish,兌卦-static,m,2.234,6,0.2388,0.8638,False
Finnish,坤卦-dynamic,i͡e,-0.606,3,0.2388,0.8638,False
Finnish,震卦-static,ɪ,0.624,89,0.2438,0.8776,False
Finnish,坤卦-dynamic,r,-0.566,59,0.2488,0.8913,False
Finnish,乾卦-static,a͡i,1.07,6,0.2537,0.8964,False
Finnish,兌卦-dynamic,j,-0.663,5,0.2537,0.8964,False
Finnish,中卦-dynamic,l,-1.462,7,0.2687,0.9027,False
Finnish,中卦-dynamic,ɪ,1.319,18,0.2587,0.9027,False
Finnish,乾卦-static,n,1.012,36,0.2687,0.9027,False
Finnish,震卦-dynamic,m,-0.852,16,0.2687,0.9027,False
Finnish,震卦-dynamic,æ,0.811,33,0.2587,0.9027,False
Finnish,兌卦-dynamic,m,-0.612,28,0.2637,0.9027,False
Finnish,坎卦-static,i͡e,0.596,6,0.2637,0.9027,False
Finnish,艮卦-dynamic,æ,-0.581,42,0.2687,0.9027,False
Finnish,艮卦-dynamic,v,-0.556,29,0.2637,0.9027,False
Finnish,坎卦-static,y,-0.649,9,0.2786,0.9118,False
Finnish,乾卦-static,o,0.945,20,0.2886,0.9323,False
Finnish,坤卦-static,m,-0.634,20,0.2935,0.9363,False
Finnish,震卦-static,h,-0.564,28,0.2935,0.9363,False
Finnish,乾卦-dynamic,e,1.682,10,0.2985,0.9366,False
Finnish,巽卦-dynamic,a,1.439,18,0.3085,0.9366,False
Finnish,巽卦-static,o,1.408,10,0.2985,0.9366,False
Finnish,巽卦-static,i,1.397,8,0.3134,0.9366,False
Finnish,中卦-static,o,-1.267,4,0.3035,0.9366,False
Finnish,乾卦-static,j,0.956,9,0.3134,0.9366,False
Finnish,坎卦-static,v,-0.607,22,0.3085,0.9366,False
Finnish,艮卦-dynamic,a͡i,0.567,16,0.3035,0.9366,False
Finnish,兌卦-dynamic,a͡i,0.519,11,0.3134,0.9366,False
Finnish,艮卦-dynamic,u͡o,-0.517,3,0.3035,0.9366,False
Finnish,震卦-static,e͡i,0.461,7,0.3134,0.9366,False
Finnish,震卦-static,j,0.46,21,0.3134,0.9366,False
Finnish,巽卦-dynamic,t,1.535,14,0.3184,0.944,False
Finnish,坎卦-static,r,0.536,59,0.3184,0.944,False
Finnish,中卦-static,m,1.227,13,0.3234,0.9513,False
Finnish,中卦-dynamic,o,-1.191,4,0.3234,0.9513,False
Finnish,巽卦-dynamic,r,1.425,8,0.3333,0.9545,False
Finnish,乾卦-dynamic,i,1.425,5,0.3333,0.9545,False
Finnish,中卦-dynamic,r,-1.081,5,0.3333,0.9545,False
Finnish,艮卦-dynamic,j,-0.532,9,0.3333,0.9545,False
Finnish,艮卦-dynamic,y,0.459,25,0.3333,0.9545,False
Finnish,巽卦-static,s,-1.247,8,0.3383,0.9579,False
Finnish,艮卦-static,t,-0.492,76,0.3383,0.9579,False
Finnish,巽卦-dynamic,i,1.387,5,0.3483,0.9715,False
Finnish,艮卦-dynamic,e͡i,0.492,8,0.3483,0.9715,False
Finnish,巽卦-dynamic,l,-1.358,4,0.4328,0.9748,False
Finnish,乾卦-dynamic,l,-1.34,4,0.4129,0.9748,False
Finnish,乾卦-dynamic,a,-1.283,8,0.4378,0.9748,False
Finnish,離卦-static,o,-1.263,3,0.403,0.9748,False
Finnish,兌卦-static,t,-1.233,3,0.607,0.9748,False
Finnish,離卦-static,i,1.196,7,0.3731,0.9748,False
Finnish,巽卦-static,æ,-1.121,4,0.4129,0.9748,False
Finnish,巽卦-static,e,-1.104,7,0.3781,0.9748,False
Finnish,中卦-static,l,-1.086,9,0.3731,0.9748,False
Finnish,離卦-static,e,1.078,13,0.393,0.9748,False
Finnish,離卦-static,n,-1.037,5,0.4677,0.9748,False
Finnish,巽卦-static,m,1.034,10,0.5025,0.9748,False
Finnish,乾卦-dynamic,r,0.983,7,0.602,0.9748,False
Finnish,中卦-static,e,0.982,17,0.403,0.9748,False
Finnish,離卦-static,m,0.963,9,0.4925,0.9748,False
Finnish,兌卦-static,v,0.959,3,0.597,0.9748,False
Finnish,巽卦-dynamic,u,-0.919,3,0.5771,0.9748,False
Finnish,乾卦-dynamic,k,-0.849,6,0.597,0.9748,False
Finnish,中卦-static,ɪ,-0.844,9,0.4328,0.9748,False
Finnish,巽卦-static,u,-0.842,5,0.5522,0.9748,False
Finnish,乾卦-static,k,-0.834,22,0.3682,0.9748,False
Finnish,中卦-static,k,-0.822,12,0.4378,0.9748,False
Finnish,中卦-dynamic,u,-0.781,6,0.5522,0.9748,False
Finnish,坎卦-dynamic,n,-0.762,14,0.3781,0.9748,False
Finnish,中卦-dynamic,t,-0.754,11,0.5124,0.9748,False
Finnish,乾卦-static,u,0.708,21,0.4627,0.9748,False
Finnish,中卦-dynamic,v,-0.705,4,0.5871,0.9748,False
Finnish,坎卦-dynamic,m,-0.69,10,0.4677,0.9748,False
Finnish,乾卦-static,p,-0.687,7,0.4925,0.9748,False
Finnish,離卦-static,u,-0.683,5,0.6219,0.9748,False
Finnish,離卦-static,æ,0.664,8,0.6318,0.9748,False
Finnish,巽卦-static,n,0.64,14,0.5572,0.9748,False
Finnish,震卦-dynamic,e,0.628,46,0.408,0.9748,False
Finnish,巽卦-static,a,0.626,24,0.5871,0.9748,False
Finnish,坎卦-dynamic,r,-0.62,12,0.4876,0.9748,False
Finnish,坎卦-dynamic,t,0.603,35,0.4527,0.9748,False
Finnish,震卦-dynamic,e͡i,0.597,4,0.4129,0.9748,False
Finnish,坎卦-dynamic,ɪ,-0.582,17,0.4826,0.9748,False
Finnish,巽卦-static,l,0.573,13,0.6219,0.9748,False
Finnish,坎卦-static,m,-0.551,32,0.3731,0.9748,False
Finnish,艮卦-dynamic,e͡u,0.53,3,0.3632,0.9748,False
Finnish,離卦-dynamic,d,0.528,12,0.3632,0.9748,False
Finnish,震卦-dynamic,a,0.523,85,0.4876,0.9748,False
Finnish,震卦-dynamic,ɪ,-0.522,31,0.5174,0.9748,False
Finnish,離卦-dynamic,l,0.516,92,0.3532,0.9748,False
Finnish,乾卦-static,l,-0.515,21,0.5771,0.9748,False
Finnish,坎卦-static,p,0.514,37,0.403,0.9748,False
Finnish,震卦-static,ø͡y,0.5,3,0.4975,0.9748,False
Finnish,兌卦-dynamic,u͡o,0.487,12,0.4378,0.9748,False
Finnish,離卦-dynamic,ŋ,-0.478,3,0.393,0.9748,False
Finnish,離卦-dynamic,h,-0.457,31,0.3532,0.9748,False
Finnish,坎卦-static,k,0.446,84,0.4378,0.9748,False
Finnish,乾卦-static,v,-0.441,9,0.607,0.9748,False
Finnish,艮卦-static,i,-0.433,31,0.3881,0.9748,False
Finnish,坎卦-static,s,0.433,88,0.4279,0.9748,False
Finnish,震卦-static,y,0.43,22,0.4179,0.9748,False
Finnish,震卦-static,i,-0.423,31,0.403,0.9748,False
Finnish,震卦-dynamic,o͡i,0.423,4,0.4428,0.9748,False
Finnish,離卦-dynamic,p,-0.423,27,0.3881,0.9748,False
Finnish,坤卦-static,r,-0.412,26,0.5622,0.9748,False
Finnish,艮卦-dynamic,r,-0.407,51,0.4527,0.9748,False
Finnish,艮卦-dynamic,i,-0.406,35,0.4577,0.9748,False
Finnish,震卦-dynamic,t,0.401,58,0.592,0.9748,False
Finnish,艮卦-dynamic,ø͡y,0.394,3,0.4577,0.9748,False
Finnish,兌卦-dynamic,u,0.394,46,0.4776,0.9748,False
Finnish,坤卦-static,t,0.391,63,0.5124,0.9748,False
Finnish,艮卦-static,u͡o,0.389,14,0.4478,0.9748,False
Finnish,艮卦-dynamic,t,0.385,123,0.4726,0.9748,False
Finnish,艮卦-static,j,-0.384,10,0.4677,0.9748,False
Finnish,艮卦-dynamic,u͡i,0.383,3,0.4876,0.9748,False
Finnish,艮卦-static,v,0.379,39,0.4527,0.9748,False
Finnish,坤卦-dynamic,j,0.371,28,0.4328,0.9748,False
Finnish,坎卦-dynamic,k,-0.368,23,0.6318,0.9748,False
Finnish,坤卦-static,ŋ,0.355,5,0.6219,0.9748,False
Finnish,離卦-dynamic,u͡o,-0.345,5,0.5622,0.9748,False
Finnish,艮卦-static,ɪ,0.343,82,0.4975,0.9748,False
Finnish,艮卦-static,h,-0.339,32,0.5174,0.9748,False
Finnish,坤卦-static,æ,0.333,31,0.6169,0.9748,False
Finnish,震卦-static,æ,-0.333,42,0.5174,0.9748,False
Finnish,坤卦-dynamic,y͡ø,0.332,3,0.4677,0.9748,False
Finnish,坤卦-static,k,-0.331,45,0.6219,0.9748,False
Finnish,艮卦-static,i͡u,0.326,4,0.5672,0.9748,False
Finnish,離卦-dynamic,æ͡i,0.324,3,0.4876,0.9748,False
Finnish,離卦-dynamic,i͡e,0.319,6,0.607,0.9748,False
Finnish,坤卦-dynamic,u,0.318,80,0.5473,0.9748,False
Finnish,艮卦-static,y,-0.313,14,0.4726,0.9748,False
Finnish,坤卦-static,u͡o,-0.311,3,0.5423,0.9748,False
Finnish,坎卦-static,e,-0.308,58,0.5771,0.9748,False
Finnish,坤卦-dynamic,s,-0.305,114,0.5323,0.9748,False
Finnish,離卦-dynamic,s,-0.302,84,0.5274,0.9748,False
Finnish,艮卦-static,e,-0.293,67,0.5274,0.9748,False
Finnish,震卦-static,m,-0.289,42,0.5622,0.9748,False
Finnish,艮卦-static,r,0.288,62,0.597,0.9748,False
Finnish,坤卦-dynamic,o,0.287,70,0.4826,0.9748,False
Finnish,艮卦-dynamic,l,0.282,93,0.5672,0.9748,False
Finnish,震卦-static,l,0.282,83,0.5025,0.9748,False
Finnish,震卦-static,u͡o,0.233,12,0.6119,0.9748,False
Finnish,坤卦-dynamic,y,0.231,28,0.5821,0.9748,False
Finnish,兌卦-static,e,-1.171,3,0.6667,0.9772,False
Finnish,兌卦-static,k,1.029,7,0.6667,0.9772,False
Finnish,兌卦-static,o,1.027,4,0.7114,0.9772,False
Finnish,兌卦-static,r,0.989,5,0.6667,0.9772,False
Finnish,兌卦-static,ɪ,0.805,6,0.7861,0.9772,False
Finnish,巽卦-dynamic,e,-0.804,5,0.6567,0.9772,False
Finnish,兌卦-static,æ,0.793,4,0.7264,0.9772,False
Finnish,兌卦-static,n,-0.774,3,0.7114,0.9772,False
Finnish,兌卦-static,p,0.773,3,0.8109,0.9772,False
Finnish,兌卦-static,i,0.765,3,0.8159,0.9772,False
Finnish,乾卦-dynamic,n,0.738,9,0.7512,0.9772,False
Finnish,乾卦-dynamic,t,-0.72,6,0.6617,0.9772,False
Finnish,乾卦-dynamic,ɪ,-0.649,5,0.6866,0.9772,False
Finnish,乾卦-dynamic,p,0.641,4,0.6915,0.9772,False
Finnish,中卦-static,u,0.589,11,0.6517,0.9772,False
Finnish,兌卦-static,l,-0.583,4,0.8109,0.9772,False
Finnish,中卦-dynamic,i,-0.515,5,0.6517,0.9772,False
Finnish,離卦-static,t,-0.505,10,0.7711,0.9772,False
Finnish,離卦-static,k,-0.48,10,0.7413,0.9772,False
Finnish,中卦-static,n,0.446,16,0.7413,0.9772,False
Finnish,巽卦-static,j,0.44,3,0.7463,0.9772,False
Finnish,巽卦-dynamic,s,-0.435,7,0.791,0.9772,False
Finnish,乾卦-static,e,0.402,27,0.6965,0.9772,False
Finnish,乾卦-dynamic,h,0.397,4,0.8557,0.9772,False
Finnish,巽卦-dynamic,æ,0.391,5,0.791,0.9772,False
Finnish,離卦-static,ɪ,0.383,11,0.7562,0.9772,False
Finnish,乾卦-dynamic,m,0.379,5,0.8308,0.9772,False
Finnish,乾卦-static,y,0.373,7,0.6567,0.9772,False
Finnish,坎卦-dynamic,a,0.365,46,0.6866,0.9772,False
Finnish,乾卦-static,s,-0.356,26,0.6468,0.9772,False
Finnish,震卦-dynamic,s,-0.336,42,0.6368,0.9772,False
Finnish,震卦-dynamic,y,0.333,11,0.6567,0.9772,False
Finnish,中卦-static,t,0.309,19,0.7811,0.9772,False
Finnish,坎卦-dynamic,d,0.303,3,0.7562,0.9772,False
Finnish,坎卦-dynamic,i,0.292,12,0.7512,0.9772,False
Finnish,巽卦-static,r,-0.284,7,0.8507,0.9772,False
Finnish,震卦-dynamic,u͡o,-0.273,3,0.6915,0.9772,False
Finnish,乾卦-static,r,0.259,20,0.7662,0.9772,False
Finnish,兌卦-dynamic,e͡i,-0.252,3,0.7214,0.9772,False
Finnish,乾卦-static,t,-0.24,28,0.791,0.9772,False
Finnish,乾卦-static,a,-0.235,43,0.7811,0.9772,False
Finnish,艮卦-static,e͡i,0.233,6,0.6816,0.9772,False
Finnish,坤卦-static,e,0.231,45,0.6716,0.9772,False
Finnish,坤卦-dynamic,a͡u,0.229,10,0.6468,0.9772,False
Finnish,乾卦-static,i,0.227,13,0.8259,0.9772,False
Finnish,離卦-dynamic,i,-0.223,35,0.7015,0.9772,False
Finnish,坎卦-static,ø,0.21,4,0.7562,0.9772,False
Finnish,兌卦-dynamic,h,-0.209,27,0.7114,0.9772,False
Finnish,坤卦-static,d,-0.202,4,0.7711,0.9772,False
Finnish,坤卦-static,a,-0.2,76,0.7015,0.9772,False
Finnish,震卦-dynamic,h,-0.2,18,0.7413,0.9772,False
Finnish,兌卦-dynamic,y,-0.2,12,0.7164,0.9772,False
Finnish,坎卦-static,a͡u,-0.191,4,0.7761,0.9772,False
Finnish,坎卦-static,u͡o,0.188,10,0.7612,0.9772,False
Finnish,兌卦-dynamic,p,0.188,29,0.6915,0.9772,False
Finnish,坤卦-dynamic,ŋ,-0.183,7,0.7264,0.9772,False
Finnish,離卦-dynamic,o,-0.183,43,0.7413,0.9772,False
Finnish,震卦-static,u,0.177,54,0.7413,0.9772,False
Finnish,震卦-static,ŋ,-0.177,5,0.6915,0.9772,False
Finnish,坎卦-static,i,-0.173,30,0.7811,0.9772,False
Finnish,坤卦-static,h,-0.162,20,0.8159,0.9772,False
Finnish,離卦-dynamic,r,0.158,61,0.7612,0.9772,False
Finnish,坤卦-static,o,-0.154,24,0.8308,0.9772,False
Finnish,坤卦-dynamic,æ,-0.149,64,0.8358,0.9772,False
Finnish,艮卦-dynamic,n,0.148,89,0.7861,0.9772,False
Finnish,兌卦-dynamic,i͡e,0.136,4,0.8507,0.9772,False
Finnish,艮卦-static,i͡e,-0.135,4,0.801,0.9772,False
Finnish,震卦-static,o͡i,-0.129,4,0.8109,0.9772,False
Finnish,艮卦-dynamic,ŋ,0.128,8,0.8308,0.9772,False
Finnish,兌卦-dynamic,l,-0.128,58,0.8308,0.9772,False
Finnish,震卦-static,a͡u,-0.12,5,0.8159,0.9772,False
Finnish,離卦-dynamic,a͡i,0.107,11,0.8159,0.9772,False
Finnish,坤卦-dynamic,u͡o,-0.105,11,0.8458,0.9772,False
Finnish,震卦-static,v,0.102,35,0.8259,0.9772,False
Finnish,坤卦-static,l,0.095,45,0.8507,0.9772,False
Finnish,坤卦-dynamic,o͡i,-0.091,6,0.8557,0.9772,False
Finnish,艮卦-static,a,0.091,145,0.8557,0.9772,False
Finnish,兌卦-dynamic,s,0.073,72,0.8358,0.9772,False
Finnish,坤卦-dynamic,v,-0.072,46,0.8557,0.9772,False
Finnish,巽卦-dynamic,ɪ,-0.247,6,0.8806,0.9798,False
Finnish,巽卦-static,h,0.219,6,0.8856,0.9798,False
Finnish,中卦-static,æ,0.139,9,0.8756,0.9798,False
Finnish,艮卦-dynamic,o,-0.1,48,0.8706,0.9798,False
Finnish,離卦-dynamic,y,-0.09,17,0.8955,0.9798,False
Finnish,震卦-dynamic,l,-0.088,39,0.8905,0.9798,False
Finnish,震卦-static,r,0.085,57,0.8607,0.9798,False
Finnish,坤卦-dynamic,l,0.068,110,0.8856,0.9798,False
Finnish,坤卦-static,o͡i,0.06,3,0.8955,0.9798,False
Finnish,坤卦-dynamic,h,0.073,55,0.9005,0.9809,False
Finnish,離卦-dynamic,v,-0.062,34,0.9005,0.9809,False
Finnish,坎卦-dynamic,s,0.082,27,0.9055,0.9849,False
Finnish,巽卦-static,k,0.169,13,0.9154,0.9887,False
Finnish,艮卦-dynamic,o͡i,-0.059,5,0.9204,0.9912,False
Finnish,中卦-dynamic,h,-0.115,6,0.9254,0.9923,False
Finnish,艮卦-static,u,0.061,52,0.9254,0.9923,False
Finnish,震卦-static,a,-0.043,139,0.9254,0.9923,False
Finnish,離卦-static,a,-0.134,18,0.9303,0.9931,False
Finnish,坤卦-static,s,0.066,52,0.9353,0.9931,False
Finnish,乾卦-static,h,-0.062,12,0.9353,0.9931,False
Finnish,坎卦-dynamic,l,0.059,23,0.9353,0.9931,False
Finnish,艮卦-static,a͡i,0.029,10,0.9403,0.9956,False
Finnish,兌卦-static,s,0.175,6,0.9453,0.9967,False
Finnish,巽卦-dynamic,k,0.099,8,0.9502,0.9991,False
Finnish,震卦-dynamic,p,0.051,18,0.9502,0.9991,False
Finnish,兌卦-static,u,-0.197,3,0.9701,1.0,False
Finnish,巽卦-static,p,0.069,5,0.9751,1.0,False
Finnish,中卦-dynamic,y,0.049,3,0.9751,1.0,False
Finnish,離卦-static,s,0.045,12,0.9801,1.0,False
Finnish,艮卦-static,ŋ,-0.038,6,0.9552,1.0,False
Finnish,巽卦-dynamic,v,-0.034,3,0.9801,1.0,False
Finnish,坎卦-static,n,-0.027,64,0.9652,1.0,False
Finnish,坤卦-static,n,0.025,43,0.9801,1.0,False
Finnish,中卦-dynamic,æ,-0.023,8,0.9851,1.0,False
Finnish,乾卦-static,ɪ,0.023,24,0.99,1.0,False
Finnish,震卦-static,t,-0.021,94,0.9701,1.0,False
Finnish,離卦-dynamic,ɪ,0.018,76,0.995,1.0,False
Finnish,中卦-dynamic,m,-0.014,8,0.99,1.0,False
Finnish,坎卦-static,u,-0.013,44,0.9801,1.0,False
Finnish,中卦-static,v,0.01,6,0.995,1.0,False
Finnish,坎卦-static,j,-0.008,13,0.99,1.0,False
Finnish,坤卦-dynamic,p,-0.004,47,1.0,1.0,False
Finnish,兌卦-static,a,-0.003,9,1.0,1.0,False
Finnish,乾卦-dynamic,s,0.003,8,1.0,1.0,False
Finnish,乾卦-dynamic,o,-0.002,4,1.0,1.0,False
French,乾卦-static,ð,4.123,4,0.005,0.2806,False
French,兌卦-static,ø,4.033,4,0.005,0.2806,False
French,離卦-static,ɑ̃,3.563,10,0.005,0.2806,False
French,乾卦-dynamic,œ,3.44,4,0.005,0.2806,False
French,震卦-dynamic,ə,2.486,22,0.005,0.2806,False
French,震卦-static,b,2.418,45,0.005,0.2806,False
French,兌卦-dynamic,e,2.354,123,0.005,0.2806,False
French,坤卦-dynamic,ɔ,2.219,37,0.005,0.2806,False
French,震卦-static,w,1.957,21,0.005,0.2806,False
French,震卦-static,ʃ,1.777,20,0.005,0.2806,False
French,坎卦-static,w,1.655,21,0.005,0.2806,False
French,離卦-dynamic,t,1.579,102,0.005,0.2806,False
French,震卦-static,a,1.435,92,0.005,0.2806,False
French,坎卦-static,ʃ,1.325,19,0.005,0.2806,False
French,坎卦-dynamic,t,-2.424,5,0.01,0.3507,False
French,兌卦-dynamic,w,1.737,20,0.01,0.3507,False
French,坎卦-static,œ,1.587,21,0.01,0.3507,False
French,離卦-dynamic,l,-1.58,33,0.01,0.3507,False
French,坎卦-static,t,1.458,73,0.01,0.3507,False
French,艮卦-static,d,-1.398,7,0.01,0.3507,False
French,艮卦-dynamic,ʃ,1.316,23,0.01,0.3507,False
French,艮卦-static,o,1.63,34,0.0149,0.451,False
French,震卦-dynamic,s,1.613,42,0.0149,0.451,False
French,艮卦-dynamic,s,1.485,93,0.0149,0.451,False
French,坤卦-static,ɛ̃,2.234,9,0.0199,0.5261,False
French,艮卦-static,ɛ,1.409,49,0.0199,0.5261,False
French,巽卦-dynamic,f,2.898,6,0.0299,0.5739,False
French,巽卦-static,j,2.249,13,0.0249,0.5739,False
French,艮卦-dynamic,œ̃,2.081,5,0.0299,0.5739,False
French,巽卦-static,l,1.95,19,0.0249,0.5739,False
French,乾卦-static,n,1.715,21,0.0249,0.5739,False
French,坤卦-static,ə,1.63,10,0.0299,0.5739,False
French,乾卦-static,m,1.448,26,0.0299,0.5739,False
French,離卦-dynamic,e,1.24,135,0.0249,0.5739,False
French,坎卦-static,j,-1.127,17,0.0299,0.5739,False
French,坎卦-static,e,-1.055,28,0.0299,0.5739,False
French,艮卦-dynamic,y,-0.934,14,0.0299,0.5739,False
French,艮卦-static,l,1.236,64,0.0348,0.6405,False
French,乾卦-static,d,1.578,23,0.0398,0.6602,False
French,乾卦-static,k,-1.574,7,0.0398,0.6602,False
French,坤卦-dynamic,ʒ,1.23,20,0.0398,0.6602,False
French,離卦-dynamic,ɡ,-0.96,7,0.0398,0.6602,False
French,兌卦-static,v,3.242,3,0.0448,0.6646,False
French,巽卦-dynamic,ʁ,2.601,14,0.0448,0.6646,False
French,中卦-static,s,2.157,18,0.0448,0.6646,False
French,坤卦-dynamic,ɔ̃,1.215,24,0.0448,0.6646,False
French,坎卦-static,k,1.164,61,0.0448,0.6646,False
French,兌卦-dynamic,ʁ,1.086,125,0.0448,0.6646,False
French,坤卦-static,ʒ,1.734,8,0.0498,0.6789,False
French,坤卦-static,m,1.635,20,0.0498,0.6789,False
French,震卦-dynamic,m,-1.359,8,0.0498,0.6789,False
French,艮卦-dynamic,ə,1.137,32,0.0498,0.6789,False
French,艮卦-dynamic,m,-1.01,25,0.0498,0.6789,False
French,巽卦-dynamic,y,2.577,7,0.0597,0.7015,False
French,乾卦-dynamic,ɡ,2.441,4,0.0547,0.7015,False
French,坎卦-dynamic,a,-1.979,6,0.0647,0.7015,False
French,坤卦-static,j,-1.409,4,0.0597,0.7015,False
French,艮卦-static,k,1.163,46,0.0547,0.7015,False
French,震卦-static,i,-1.135,33,0.0647,0.7015,False
French,震卦-static,d,-1.05,13,0.0597,0.7015,False
French,坤卦-dynamic,s,1.048,65,0.0547,0.7015,False
French,艮卦-static,b,1.041,25,0.0647,0.7015,False
French,離卦-dynamic,ʁ,1.033,183,0.0597,0.7015,False
French,震卦-static,ɔ̃,0.947,21,0.0597,0.7015,False
French,離卦-dynamic,k,0.877,77,0.0647,0.7015,False
French,艮卦-dynamic,d,0.862,52,0.0647,0.7015,False
French,兌卦-static,p,2.942,4,0.0746,0.7174,False
French,艮卦-dynamic,ɲ,1.97,4,0.0746,0.7174,False
French,離卦-dynamic,y,-0.994,14,0.0697,0.7174,False
French,坤卦-dynamic,e,-0.981,28,0.0746,0.7174,False
French,兌卦-static,u,3.158,3,0.0796,0.74,False
French,坎卦-dynamic,ɡ,1.7,7,0.0796,0.74,False
French,乾卦-static,ʁ,-1.355,31,0.0796,0.74,False
French,震卦-static,e,-0.919,29,0.0846,0.7694,False
French,艮卦-dynamic,f,-0.835,13,0.0846,0.7694,False
French,坎卦-dynamic,n,1.716,11,0.0896,0.781,False
French,震卦-dynamic,l,-1.227,17,0.0896,0.781,False
French,兌卦-dynamic,j,-0.965,18,0.0896,0.781,False
French,坤卦-dynamic,n,0.959,35,0.0896,0.781,False
French,中卦-static,i,1.835,23,0.0945,0.8078,False
French,艮卦-static,e,-0.845,26,0.0945,0.8078,False
French,乾卦-static,y,1.334,26,0.0995,0.8094,False
French,坤卦-static,ɛ,1.316,20,0.0995,0.8094,False
French,兌卦-dynamic,s,-0.768,41,0.0995,0.8094,False
French,坎卦-dynamic,i,1.69,24,0.1045,0.8184,False
French,震卦-dynamic,d,1.121,25,0.1045,0.8184,False
French,震卦-static,p,0.843,49,0.1045,0.8184,False
French,兌卦-dynamic,ɔ̃,-0.879,5,0.1095,0.8342,False
French,震卦-static,l,-0.845,36,0.1095,0.8342,False
French,巽卦-static,s,-1.656,6,0.1244,0.8769,False
French,巽卦-static,k,-1.6,3,0.1194,0.8769,False
French,巽卦-static,a,1.586,20,0.1244,0.8769,False
French,坤卦-static,p,1.188,19,0.1244,0.8769,False
French,震卦-static,t,0.802,58,0.1244,0.8769,False
French,兌卦-dynamic,l,-0.793,38,0.1244,0.8769,False
French,乾卦-static,ɪ,1.618,3,0.1294,0.8825,False
French,震卦-dynamic,u,-0.956,4,0.1294,0.8825,False
French,艮卦-dynamic,j,-0.839,26,0.1294,0.8825,False
French,坤卦-dynamic,u,0.758,30,0.1294,0.8825,False
French,巽卦-static,n,1.624,9,0.1443,0.9109,False
French,坤卦-static,l,1.126,26,0.1443,0.9109,False
French,艮卦-static,i,-0.955,31,0.1443,0.9109,False
French,艮卦-static,ʒ,-0.79,5,0.1393,0.9109,False
French,艮卦-dynamic,k,-0.755,36,0.1393,0.9109,False
French,坎卦-static,m,-0.737,25,0.1393,0.9109,False
French,離卦-dynamic,ɔ̃,0.731,29,0.1443,0.9109,False
French,乾卦-dynamic,ɔ,2.064,4,0.1542,0.9254,False
French,震卦-dynamic,ɛ̃,0.943,10,0.1493,0.9254,False
French,震卦-static,ɔ,0.814,22,0.1542,0.9254,False
French,艮卦-dynamic,e,0.788,103,0.1493,0.9254,False
French,巽卦-dynamic,z,2.049,3,0.1642,0.926,False
French,坎卦-dynamic,f,1.387,11,0.1592,0.926,False
French,坤卦-static,ʁ,-0.952,26,0.1642,0.926,False
French,震卦-dynamic,v,0.939,18,0.1642,0.926,False
French,震卦-static,v,-0.742,8,0.1592,0.926,False
French,坎卦-static,y,-0.727,16,0.1592,0.926,False
French,離卦-dynamic,ʒ,0.681,24,0.1642,0.926,False
French,巽卦-dynamic,o,2.021,4,0.1692,0.9443,False
French,中卦-dynamic,ɛ̃,1.854,3,0.1741,0.9443,False
French,中卦-dynamic,k,1.615,8,0.1741,0.9443,False
French,離卦-dynamic,b,-0.713,16,0.1741,0.9443,False
French,坎卦-dynamic,ɛ,1.236,14,0.1891,0.9693,False
French,乾卦-static,l,0.965,34,0.1891,0.9693,False
French,乾卦-static,ɔ̃,0.938,10,0.1891,0.9693,False
French,震卦-dynamic,b,0.925,17,0.1891,0.9693,False
French,坤卦-dynamic,f,-0.702,12,0.1891,0.9693,False
French,離卦-dynamic,j,-0.66,33,0.1841,0.9693,False
French,離卦-dynamic,ɔ,0.72,32,0.194,0.9713,False
French,巽卦-dynamic,i,1.917,9,0.199,0.9846,False
French,中卦-static,ɔ̃,1.497,6,0.204,0.9918,False
French,震卦-static,z,-0.694,7,0.204,0.9918,False
French,兌卦-static,j,2.174,3,0.3682,1.0,False
French,巽卦-dynamic,e,1.675,9,0.3085,1.0,False
French,兌卦-static,y,1.66,3,0.5025,1.0,False
French,兌卦-static,ʁ,-1.533,3,0.4826,1.0,False
French,乾卦-dynamic,ɔ̃,1.497,3,0.3433,1.0,False
French,巽卦-dynamic,a,-1.493,3,0.3582,1.0,False
French,兌卦-static,l,1.471,4,0.5473,1.0,False
French,中卦-dynamic,d,1.432,6,0.2836,1.0,False
French,離卦-static,z,1.349,3,0.4876,1.0,False
French,巽卦-static,i,-1.337,6,0.2786,1.0,False
French,巽卦-static,t,-1.298,7,0.2189,1.0,False
French,乾卦-dynamic,m,1.265,6,0.4925,1.0,False
French,巽卦-dynamic,s,-1.256,3,0.4776,1.0,False
French,離卦-static,t,1.198,7,0.4328,1.0,False
French,乾卦-dynamic,t,-1.193,4,0.4478,1.0,False
French,中卦-dynamic,i,1.184,11,0.3682,1.0,False
French,中卦-dynamic,ʁ,-1.167,9,0.3781,1.0,False
French,巽卦-dynamic,u,1.096,3,0.4925,1.0,False
French,中卦-dynamic,a,1.066,11,0.4279,1.0,False
French,坎卦-dynamic,p,-1.063,5,0.2687,1.0,False
French,兌卦-static,t,1.033,3,0.6617,1.0,False
French,中卦-dynamic,f,1.032,5,0.4925,1.0,False
French,離卦-static,i,-1.009,4,0.5423,1.0,False
French,坎卦-dynamic,y,1.002,12,0.3134,1.0,False
French,巽卦-static,o,0.962,7,0.4279,1.0,False
French,中卦-static,ɛ,0.949,12,0.4328,1.0,False
French,中卦-static,k,0.947,12,0.4229,1.0,False
French,中卦-dynamic,s,0.912,8,0.4776,1.0,False
French,坎卦-dynamic,m,-0.911,5,0.3234,1.0,False
French,乾卦-dynamic,j,0.893,5,0.5274,1.0,False
French,離卦-static,ʁ,0.856,13,0.602,1.0,False
French,乾卦-static,e,-0.833,15,0.2935,1.0,False
French,巽卦-static,d,0.821,8,0.4378,1.0,False
French,乾卦-static,ʒ,0.82,8,0.2985,1.0,False
French,中卦-dynamic,e,0.81,10,0.5622,1.0,False
French,乾卦-dynamic,ɛ,-0.809,3,0.6468,1.0,False
French,巽卦-static,v,0.807,6,0.403,1.0,False
French,乾卦-static,o,0.791,15,0.2786,1.0,False
French,離卦-static,m,0.788,5,0.6667,1.0,False
French,乾卦-static,f,-0.781,5,0.2985,1.0,False
French,坤卦-static,n,-0.779,4,0.3234,1.0,False
French,離卦-static,b,0.77,3,0.6667,1.0,False
French,乾卦-static,z,-0.768,3,0.2438,1.0,False
French,乾卦-static,ɔ,-0.761,3,0.2886,1.0,False
French,離卦-static,k,-0.744,3,0.6219,1.0,False
French,坤卦-static,e,-0.729,12,0.2935,1.0,False
French,兌卦-dynamic,k,-0.716,28,0.2239,1.0,False
French,震卦-dynamic,o,-0.692,9,0.3383,1.0,False
French,坎卦-dynamic,k,0.69,12,0.4925,1.0,False
French,坤卦-static,a,0.688,27,0.398,1.0,False
French,坤卦-dynamic,ə,-0.683,6,0.2189,1.0,False
French,乾卦-dynamic,i,-0.681,5,0.6866,1.0,False
French,中卦-static,p,-0.677,6,0.6269,1.0,False
French,中卦-static,m,0.674,10,0.5721,1.0,False
French,巽卦-static,ʁ,-0.673,17,0.5075,1.0,False
French,乾卦-static,u,-0.671,5,0.3433,1.0,False
French,坎卦-dynamic,d,0.668,9,0.4826,1.0,False
French,坤卦-dynamic,y,-0.666,16,0.209,1.0,False
French,坎卦-dynamic,u,0.663,7,0.5124,1.0,False
French,坎卦-dynamic,ʁ,0.663,28,0.5423,1.0,False
French,巽卦-static,ɛ,0.662,10,0.597,1.0,False
French,離卦-static,d,0.657,4,0.6915,1.0,False
French,震卦-dynamic,j,-0.651,13,0.2985,1.0,False
French,巽卦-static,m,0.65,9,0.5274,1.0,False
French,坤卦-dynamic,ɛ̃,0.624,15,0.2587,1.0,False
French,中卦-static,ʁ,-0.624,19,0.6617,1.0,False
French,震卦-dynamic,w,0.622,7,0.3582,1.0,False
French,艮卦-static,ɑ̃,-0.62,16,0.2537,1.0,False
French,艮卦-dynamic,b,0.619,34,0.2139,1.0,False
French,乾卦-static,s,-0.619,20,0.398,1.0,False
French,坎卦-dynamic,o,-0.613,4,0.5075,1.0,False
French,坤卦-dynamic,z,-0.612,8,0.3085,1.0,False
French,兌卦-dynamic,ə,0.606,19,0.2935,1.0,False
French,離卦-dynamic,z,-0.601,12,0.2587,1.0,False
French,乾卦-static,a,0.598,36,0.3881,1.0,False
French,坤卦-dynamic,ɡ,-0.597,8,0.2587,1.0,False
French,震卦-dynamic,f,-0.588,8,0.3532,1.0,False
French,坤卦-dynamic,p,-0.585,28,0.2637,1.0,False
French,坎卦-static,ɛ̃,-0.582,7,0.2438,1.0,False
French,乾卦-static,œ,0.582,5,0.408,1.0,False
French,中卦-static,y,-0.581,4,0.5871,1.0,False
French,坤卦-static,w,0.573,4,0.4378,1.0,False
French,乾卦-static,t,-0.569,20,0.403,1.0,False
French,震卦-static,ɡ,0.565,18,0.2488,1.0,False
French,離卦-dynamic,u,-0.565,18,0.2537,1.0,False
French,離卦-static,p,0.564,5,0.7512,1.0,False
French,震卦-static,ʒ,0.561,15,0.2537,1.0,False
French,艮卦-static,n,-0.557,12,0.3383,1.0,False
French,坎卦-static,o,0.557,32,0.2488,1.0,False
French,中卦-dynamic,j,0.557,5,0.6866,1.0,False
French,艮卦-static,ɡ,0.554,15,0.3184,1.0,False
French,坎卦-static,ə,-0.545,8,0.2388,1.0,False
French,離卦-dynamic,ə,-0.541,11,0.2438,1.0,False
French,坎卦-static,ʁ,0.537,121,0.2886,1.0,False
French,艮卦-static,v,-0.535,9,0.2438,1.0,False
French,坤卦-static,f,-0.534,5,0.4876,1.0,False
French,離卦-dynamic,ʃ,-0.523,8,0.2786,1.0,False
French,乾卦-dynamic,s,-0.522,5,0.7363,1.0,False
French,坤卦-dynamic,w,-0.515,4,0.3035,1.0,False
French,兌卦-dynamic,f,-0.513,15,0.408,1.0,False
French,兌卦-dynamic,n,0.511,29,0.3035,1.0,False
French,離卦-dynamic,ɛ̃,0.51,21,0.3383,1.0,False
French,艮卦-dynamic,ɛ,0.507,61,0.2886,1.0,False
French,坎卦-static,ɔ,0.504,21,0.3134,1.0,False
French,巽卦-static,ɑ̃,0.503,8,0.6866,1.0,False
French,艮卦-dynamic,z,-0.499,12,0.3184,1.0,False
French,震卦-static,m,-0.498,26,0.3433,1.0,False
French,中卦-static,b,-0.496,3,0.6269,1.0,False
French,兌卦-dynamic,v,0.493,25,0.3781,1.0,False
French,兌卦-dynamic,ɡ,-0.487,9,0.3682,1.0,False
French,震卦-static,ɛ̃,-0.481,7,0.3731,1.0,False
French,坤卦-dynamic,ɛ,0.479,46,0.4179,1.0,False
French,坎卦-static,a,0.478,81,0.3284,1.0,False
French,中卦-static,ɡ,0.478,4,0.6965,1.0,False
French,中卦-static,ɑ̃,-0.474,5,0.6567,1.0,False
French,坤卦-dynamic,j,-0.47,25,0.398,1.0,False
French,震卦-static,ə,-0.464,8,0.3881,1.0,False
French,中卦-static,t,-0.462,10,0.7015,1.0,False
French,坎卦-static,ɡ,-0.459,10,0.3333,1.0,False
French,震卦-dynamic,e,0.459,40,0.4876,1.0,False
French,坎卦-static,b,0.457,26,0.403,1.0,False
French,中卦-dynamic,t,0.451,7,0.7313,1.0,False
French,巽卦-static,ʒ,0.448,3,0.6716,1.0,False
French,坤卦-dynamic,i,0.444,70,0.403,1.0,False
French,坎卦-dynamic,v,-0.441,3,0.6219,1.0,False
French,震卦-static,y,-0.438,20,0.3781,1.0,False
French,離卦-dynamic,m,-0.43,41,0.3433,1.0,False
French,中卦-dynamic,b,0.427,3,0.8209,1.0,False
French,坎卦-static,l,-0.426,49,0.4179,1.0,False
French,巽卦-static,e,-0.423,9,0.6667,1.0,False
French,震卦-static,f,-0.423,16,0.408,1.0,False
French,兌卦-dynamic,d,-0.42,22,0.398,1.0,False
French,兌卦-dynamic,o,0.416,28,0.398,1.0,False
French,艮卦-static,a,0.412,60,0.5423,1.0,False
French,中卦-static,d,-0.41,5,0.7413,1.0,False
French,乾卦-dynamic,l,0.409,7,0.7662,1.0,False
French,艮卦-dynamic,t,-0.408,59,0.3682,1.0,False
French,震卦-dynamic,k,0.401,26,0.5522,1.0,False
French,坤卦-static,ɑ̃,-0.397,8,0.6468,1.0,False
French,坎卦-static,z,-0.395,11,0.4925,1.0,False
French,離卦-static,s,-0.393,5,0.801,1.0,False
French,離卦-dynamic,s,-0.392,68,0.3582,1.0,False
French,離卦-dynamic,o,0.391,41,0.4229,1.0,False
French,巽卦-static,u,-0.382,3,0.7313,1.0,False
French,兌卦-dynamic,ɛ,-0.382,33,0.4428,1.0,False
French,坤卦-static,u,-0.38,5,0.592,1.0,False
French,艮卦-static,u,-0.377,12,0.4328,1.0,False
French,兌卦-dynamic,ɑ̃,-0.366,24,0.4428,1.0,False
French,兌卦-dynamic,ɛ̃,-0.366,8,0.4577,1.0,False
French,乾卦-static,ʃ,-0.365,3,0.592,1.0,False
French,乾卦-dynamic,k,0.361,5,0.806,1.0,False
French,中卦-dynamic,m,0.357,5,0.7861,1.0,False
French,震卦-static,k,0.354,43,0.4478,1.0,False
French,坎卦-static,i,-0.353,56,0.408,1.0,False
French,震卦-dynamic,i,-0.353,30,0.592,1.0,False
French,艮卦-dynamic,ʒ,-0.352,12,0.4179,1.0,False
French,坎卦-dynamic,ə,0.349,4,0.7164,1.0,False
French,離卦-dynamic,p,0.349,63,0.4826,1.0,False
French,坤卦-dynamic,a,-0.347,58,0.4627,1.0,False
French,坤卦-dynamic,v,0.346,23,0.4975,1.0,False
French,坤卦-static,ø,0.345,5,0.6318,1.0,False
French,坎卦-static,p,0.345,46,0.4328,1.0,False
French,震卦-static,n,0.339,26,0.5373,1.0,False
French,艮卦-static,m,0.338,32,0.4726,1.0,False
French,艮卦-static,t,0.337,44,0.4975,1.0,False
French,震卦-dynamic,ʒ,0.328,8,0.6219,1.0,False
French,兌卦-dynamic,ʃ,0.327,11,0.5174,1.0,False
French,坎卦-static,v,-0.326,15,0.4925,1.0,False
French,艮卦-dynamic,ø,-0.322,3,0.5174,1.0,False
French,中卦-dynamic,l,-0.321,6,0.8159,1.0,False
French,坤卦-static,s,-0.32,16,0.6915,1.0,False
French,坤卦-dynamic,k,-0.318,34,0.5224,1.0,False
French,乾卦-static,p,-0.314,15,0.6866,1.0,False
French,坤卦-static,d,-0.313,8,0.6617,1.0,False
French,巽卦-dynamic,t,-0.312,4,0.8607,1.0,False
French,兌卦-dynamic,z,-0.312,11,0.5871,1.0,False
French,坤卦-dynamic,d,0.309,32,0.4428,1.0,False
French,艮卦-static,z,-0.309,9,0.5323,1.0,False
French,艮卦-static,ə,-0.306,8,0.5572,1.0,False
French,艮卦-static,w,0.302,8,0.5821,1.0,False
French,乾卦-dynamic,ʁ,0.301,12,0.8358,1.0,False
French,艮卦-static,y,-0.3,19,0.5274,1.0,False
French,兌卦-dynamic,i,-0.299,53,0.597,1.0,False
French,艮卦-static,ɛ̃,-0.284,7,0.5871,1.0,False
French,兌卦-dynamic,ø,-0.283,3,0.5871,1.0,False
French,震卦-dynamic,ɔ̃,0.282,9,0.6269,1.0,False
French,震卦-dynamic,ɛ,-0.282,20,0.6617,1.0,False
French,中卦-dynamic,y,-0.28,3,0.8259,1.0,False
French,艮卦-static,j,0.276,29,0.5672,1.0,False
French,坤卦-dynamic,ɑ̃,0.27,35,0.5672,1.0,False
French,坤卦-static,v,-0.267,5,0.7164,1.0,False
French,中卦-static,j,0.267,8,0.8109,1.0,False
French,離卦-dynamic,f,-0.265,28,0.597,1.0,False
French,震卦-dynamic,y,0.263,20,0.6418,1.0,False
French,中卦-static,l,-0.257,11,0.8458,1.0,False
French,兌卦-dynamic,b,-0.255,16,0.597,1.0,False
French,艮卦-static,s,-0.254,39,0.607,1.0,False
French,坤卦-dynamic,ʁ,-0.252,93,0.607,1.0,False
French,中卦-static,ʒ,0.251,3,0.8209,1.0,False
French,兌卦-dynamic,a,-0.25,60,0.602,1.0,False
French,坤卦-static,o,-0.248,7,0.7313,1.0,False
French,坎卦-static,u,0.247,25,0.6318,1.0,False
French,坤卦-static,t,0.242,18,0.796,1.0,False
French,坤卦-static,k,-0.24,12,0.7413,1.0,False
French,震卦-dynamic,n,-0.238,11,0.7114,1.0,False
French,坎卦-dynamic,e,-0.236,12,0.7711,1.0,False
French,兌卦-dynamic,t,-0.236,47,0.6667,1.0,False
French,坎卦-static,f,0.232,29,0.597,1.0,False
French,坎卦-dynamic,l,-0.229,12,0.791,1.0,False
French,艮卦-dynamic,o,0.228,34,0.6318,1.0,False
French,兌卦-dynamic,ʒ,-0.226,10,0.7313,1.0,False
French,坎卦-static,ɑ̃,0.225,37,0.7214,1.0,False
French,中卦-static,f,0.216,6,0.8607,1.0,False
French,巽卦-dynamic,j,0.206,3,0.8507,1.0,False
French,坎卦-static,d,0.201,33,0.6816,1.0,False
French,離卦-dynamic,ɑ̃,0.201,50,0.6866,1.0,False
French,乾卦-static,j,0.194,16,0.7512,1.0,False
French,巽卦-static,p,-0.192,7,0.8905,1.0,False
French,艮卦-static,ɔ̃,0.191,12,0.6468,1.0,False
French,艮卦-static,œ,0.19,6,0.7562,1.0,False
French,震卦-static,ʁ,-0.19,92,0.6667,1.0,False
French,巽卦-static,ɔ̃,0.183,3,0.8557,1.0,False
French,艮卦-static,ø,-0.181,4,0.6716,1.0,False
French,坎卦-dynamic,z,-0.181,3,0.8657,1.0,False
French,艮卦-static,p,-0.18,28,0.7214,1.0,False
French,乾卦-static,i,-0.174,26,0.8308,1.0,False
French,巽卦-static,ə,0.173,3,0.8955,1.0,False
French,震卦-dynamic,ʁ,-0.172,55,0.8109,1.0,False
French,艮卦-dynamic,u,0.17,29,0.7463,1.0,False
French,震卦-static,ø,-0.169,5,0.7164,1.0,False
French,艮卦-dynamic,v,0.166,27,0.7065,1.0,False
French,艮卦-static,ɔ,0.164,13,0.8159,1.0,False
French,兌卦-dynamic,u,0.164,22,0.7662,1.0,False
French,兌卦-dynamic,y,-0.164,26,0.7711,1.0,False
French,震卦-static,j,0.159,33,0.801,1.0,False
French,離卦-dynamic,w,0.159,13,0.7662,1.0,False
French,震卦-dynamic,ɑ̃,-0.157,16,0.7861,1.0,False
French,乾卦-dynamic,a,-0.154,7,0.9403,1.0,False
French,離卦-dynamic,d,-0.15,38,0.7512,1.0,False
French,乾卦-static,b,-0.15,8,0.806,1.0,False
French,坤卦-static,b,0.146,7,0.8358,1.0,False
French,離卦-dynamic,v,0.146,30,0.7264,1.0,False
French,坤卦-static,y,-0.145,9,0.8358,1.0,False
French,艮卦-static,ʃ,0.145,8,0.8159,1.0,False
French,坎卦-dynamic,s,-0.145,12,0.8657,1.0,False
French,坎卦-dynamic,ɑ̃,0.145,8,0.8856,1.0,False
French,震卦-dynamic,ɡ,-0.145,7,0.796,1.0,False
French,震卦-static,s,-0.141,48,0.7761,1.0,False
French,乾卦-static,ɛ,0.136,19,0.8358,1.0,False
French,乾卦-dynamic,y,-0.136,3,0.8806,1.0,False
French,離卦-static,ɛ,-0.133,4,0.9652,1.0,False
French,離卦-dynamic,i,0.133,93,0.791,1.0,False
French,震卦-static,u,0.132,21,0.801,1.0,False
French,坤卦-dynamic,ʃ,-0.129,8,0.8308,1.0,False
French,震卦-dynamic,t,-0.127,28,0.8458,1.0,False
French,坤卦-dynamic,m,0.123,36,0.8259,1.0,False
French,坎卦-static,ɛ,-0.118,40,0.801,1.0,False
French,震卦-static,o,0.118,24,0.7662,1.0,False
French,離卦-dynamic,n,0.112,35,0.791,1.0,False
French,乾卦-dynamic,p,-0.111,4,0.9552,1.0,False
French,乾卦-static,ɑ̃,0.11,15,0.8806,1.0,False
French,坎卦-static,ɔ̃,-0.105,13,0.8159,1.0,False
French,艮卦-dynamic,w,0.1,11,0.8507,1.0,False
French,乾卦-dynamic,e,-0.1,6,0.9353,1.0,False
French,坤卦-dynamic,b,0.099,20,0.8756,1.0,False
French,艮卦-dynamic,ɛ̃,-0.098,13,0.8308,1.0,False
French,艮卦-static,ʁ,-0.092,79,0.8706,1.0,False
French,震卦-static,ɑ̃,-0.091,28,0.8109,1.0,False
French,艮卦-static,f,0.087,20,0.8607,1.0,False
French,坎卦-dynamic,j,0.084,8,0.9104,1.0,False
French,震卦-static,ɛ,0.084,39,0.9055,1.0,False
French,艮卦-dynamic,ɔ̃,0.08,18,0.8607,1.0,False
French,兌卦-dynamic,m,-0.077,33,0.8756,1.0,False
French,乾卦-static,v,0.076,9,0.9254,1.0,False
French,中卦-dynamic,ɑ̃,0.074,4,0.9652,1.0,False
French,離卦-dynamic,ɛ,0.074,59,0.8806,1.0,False
French,坎卦-dynamic,ɔ̃,-0.073,3,0.9552,1.0,False
French,兌卦-dynamic,ɔ,0.073,15,0.8657,1.0,False
French,坤卦-dynamic,t,-0.07,49,0.8557,1.0,False
French,坤卦-dynamic,ø,-0.068,7,0.9104,1.0,False
French,離卦-static,l,0.068,6,0.9851,1.0,False
French,艮卦-dynamic,ʁ,-0.067,128,0.8607,1.0,False
French,坎卦-static,n,-0.067,23,0.8657,1.0,False
French,坎卦-static,ʒ,-0.067,12,0.9005,1.0,False
French,震卦-static,œ,-0.067,5,0.9055,1.0,False
French,艮卦-dynamic,l,-0.064,69,0.8806,1.0,False
French,中卦-static,a,0.063,15,0.9701,1.0,False
French,坤卦-dynamic,l,0.06,55,0.8905,1.0,False
French,震卦-dynamic,p,-0.058,21,0.9254,1.0,False
French,中卦-static,e,0.056,13,0.9552,1.0,False
French,艮卦-dynamic,a,0.054,87,0.9403,1.0,False
French,艮卦-dynamic,i,-0.054,77,0.9005,1.0,False
French,艮卦-dynamic,ɔ,-0.053,18,0.9204,1.0,False
French,坤卦-static,i,-0.052,20,0.9502,1.0,False
French,艮卦-dynamic,ɑ̃,0.051,41,0.9055,1.0,False
French,艮卦-dynamic,n,0.05,30,0.9204,1.0,False
French,艮卦-dynamic,ɡ,-0.05,17,0.9303,1.0,False
French,中卦-static,v,-0.044,4,0.9502,1.0,False
French,震卦-dynamic,ɔ,-0.043,8,0.9552,1.0,False
French,艮卦-dynamic,p,-0.039,48,0.9453,1.0,False
French,離卦-static,a,-0.037,7,0.9801,1.0,False
French,坤卦-dynamic,œ,0.033,6,0.9104,1.0,False
French,震卦-dynamic,z,-0.031,8,0.9353,1.0,False
French,坤卦-dynamic,o,-0.028,23,0.9502,1.0,False
French,離卦-static,e,-0.028,6,0.995,1.0,False
French,巽卦-dynamic,m,0.026,3,0.99,1.0,False
French,坎卦-static,s,-0.023,55,0.9552,1.0,False
French,震卦-dynamic,a,0.023,38,0.9701,1.0,False
French,離卦-dynamic,a,0.023,97,0.9502,1.0,False
French,兌卦-dynamic,p,-0.009,37,0.99,1.0,False
French,坤卦-static,ʃ,-0.008,3,0.99,1.0,False
French,中卦-static,n,-0.002,5,1.0,1.0,False
French,巽卦-static,y,-0.0,6,1.0,1.0,False
French,乾卦-static,ə,-0.0,6,1.0,1.0,False
German,乾卦-static,o,3.304,21,0.005,0.2985,False
German,中卦-static,c,2.967,26,0.005,0.2985,False
German,震卦-dynamic,l,-2.77,8,0.005,0.2985,False
German,震卦-static,ʃ,2.611,56,0.005,0.2985,False
German,坤卦-static,a,2.506,42,0.005,0.2985,False
German,兌卦-dynamic,n,2.457,200,0.005,0.2985,False
German,兌卦-dynamic,ə,2.401,175,0.005,0.2985,False
German,艮卦-dynamic,ʊ͡ɐ,2.327,6,0.005,0.2985,False
German,震卦-dynamic,x,2.313,11,0.005,0.2985,False
German,坤卦-static,s,1.988,28,0.005,0.2985,False
German,坤卦-dynamic,ɔ͡ø,1.985,9,0.005,0.2985,False
German,坎卦-static,ʊ,1.879,30,0.005,0.2985,False
German,離卦-dynamic,ɛ,1.568,68,0.005,0.2985,False
German,艮卦-static,a͡ɪ,1.365,32,0.005,0.2985,False
German,中卦-dynamic,v,2.947,15,0.01,0.4713,False
German,兌卦-dynamic,ø,1.91,5,0.01,0.4713,False
German,坤卦-dynamic,a͡ʊ,1.617,24,0.01,0.4713,False
German,震卦-static,t,1.448,110,0.01,0.4713,False
German,離卦-static,p,3.184,8,0.0149,0.5373,False
German,坎卦-static,ŋ,1.732,17,0.0149,0.5373,False
German,艮卦-static,ɔ͡ø,1.6,6,0.0149,0.5373,False
German,震卦-static,b,1.474,44,0.0149,0.5373,False
German,震卦-static,ɛ,-1.389,19,0.0149,0.5373,False
German,兌卦-static,ɜ,2.895,7,0.0199,0.5427,False
German,中卦-dynamic,a͡ɪ,2.764,12,0.0199,0.5427,False
German,坎卦-dynamic,h,2.135,8,0.0199,0.5427,False
German,兌卦-dynamic,ɜ,-1.594,6,0.0199,0.5427,False
German,兌卦-dynamic,s,-1.537,13,0.0199,0.5427,False
German,兌卦-dynamic,t,-1.507,40,0.0199,0.5427,False
German,離卦-dynamic,l,-1.49,46,0.0199,0.5427,False
German,離卦-dynamic,ɾ,1.336,73,0.0199,0.5427,False
German,中卦-dynamic,i,2.468,16,0.0249,0.5597,False
German,中卦-static,ɪ,1.908,27,0.0249,0.5597,False
German,乾卦-static,m,1.902,22,0.0249,0.5597,False
German,艮卦-dynamic,n,1.513,166,0.0249,0.5597,False
German,兌卦-dynamic,ɔ,-1.364,9,0.0249,0.5597,False
German,坤卦-dynamic,ə,-1.284,43,0.0249,0.5597,False
German,坤卦-dynamic,t͡s,-1.235,8,0.0249,0.5597,False
German,中卦-dynamic,y,2.577,5,0.0348,0.6269,False
German,乾卦-dynamic,ɾ,2.442,16,0.0348,0.6269,False
German,坤卦-static,a͡ʊ,1.739,11,0.0348,0.6269,False
German,乾卦-static,z,1.732,16,0.0348,0.6269,False
German,艮卦-static,ø,1.618,4,0.0299,0.6269,False
German,坤卦-static,e,-1.576,4,0.0348,0.6269,False
German,離卦-dynamic,n,1.366,180,0.0348,0.6269,False
German,坎卦-static,k,1.365,50,0.0299,0.6269,False
German,坤卦-dynamic,a͡ɪ,-1.155,9,0.0348,0.6269,False
German,中卦-dynamic,d,2.114,10,0.0398,0.6513,False
German,乾卦-static,e,1.626,14,0.0398,0.6513,False
German,坤卦-static,t,1.453,62,0.0398,0.6513,False
German,兌卦-dynamic,ɛ,1.324,54,0.0398,0.6513,False
German,坤卦-dynamic,h,1.071,20,0.0398,0.6513,False
German,中卦-dynamic,z,2.177,10,0.0498,0.6585,False
German,震卦-dynamic,ø,1.86,3,0.0498,0.6585,False
German,坤卦-static,b,-1.441,5,0.0498,0.6585,False
German,坤卦-static,ɡ,-1.303,5,0.0448,0.6585,False
German,坎卦-static,ɜ,1.165,32,0.0498,0.6585,False
German,坤卦-dynamic,ɪ,1.113,64,0.0498,0.6585,False
German,艮卦-dynamic,a͡ʊ,-1.107,3,0.0498,0.6585,False
German,艮卦-dynamic,ɔ,0.957,26,0.0498,0.6585,False
German,巽卦-dynamic,r,3.202,5,0.0945,0.7054,False
German,巽卦-static,ɑ,2.605,7,0.0746,0.7054,False
German,巽卦-static,m,2.466,6,0.0995,0.7054,False
German,兌卦-static,u,2.219,3,0.0995,0.7054,False
German,巽卦-static,ʊ,2.094,4,0.1144,0.7054,False
German,離卦-static,t͡s,2.083,5,0.1144,0.7054,False
German,中卦-dynamic,j,2.05,3,0.0697,0.7054,False
German,乾卦-dynamic,f,2.026,12,0.0796,0.7054,False
German,中卦-dynamic,k,1.92,16,0.0597,0.7054,False
German,中卦-dynamic,c,1.84,11,0.0697,0.7054,False
German,乾卦-static,j,1.826,5,0.0697,0.7054,False
German,中卦-dynamic,m,-1.709,4,0.1144,0.7054,False
German,震卦-dynamic,p͡f,1.672,3,0.1095,0.7054,False
German,坎卦-dynamic,ʃ,-1.634,3,0.0945,0.7054,False
German,坎卦-dynamic,ɛ,-1.617,6,0.0796,0.7054,False
German,震卦-dynamic,ɔ͡ø,1.545,4,0.0697,0.7054,False
German,中卦-static,a͡ɪ,1.537,15,0.0896,0.7054,False
German,中卦-static,d,1.407,14,0.1095,0.7054,False
German,乾卦-static,ʃ,-1.405,5,0.0995,0.7054,False
German,乾卦-static,u,1.334,8,0.1144,0.7054,False
German,坤卦-static,d,-1.319,3,0.0647,0.7054,False
German,中卦-static,ʏ,1.3,5,0.1095,0.7054,False
German,震卦-dynamic,m,-1.278,13,0.0846,0.7054,False
German,中卦-static,r,1.255,20,0.1045,0.7054,False
German,震卦-dynamic,p,-1.234,6,0.0896,0.7054,False
German,震卦-dynamic,ɪ,-1.222,11,0.0896,0.7054,False
German,離卦-dynamic,ɑ,-1.197,14,0.0796,0.7054,False
German,兌卦-dynamic,ɑ,-1.178,12,0.0647,0.7054,False
German,震卦-dynamic,v,1.172,24,0.1095,0.7054,False
German,艮卦-dynamic,ʃ,1.165,46,0.0846,0.7054,False
German,震卦-dynamic,e,1.15,18,0.1144,0.7054,False
German,兌卦-dynamic,p,-1.124,11,0.0647,0.7054,False
German,坤卦-static,r,-1.108,4,0.1045,0.7054,False
German,坤卦-static,x,1.105,6,0.0995,0.7054,False
German,離卦-dynamic,d,1.102,38,0.1045,0.7054,False
German,兌卦-dynamic,ɪ,-1.096,20,0.0597,0.7054,False
German,兌卦-dynamic,o,-1.08,11,0.0846,0.7054,False
German,艮卦-static,ɾ,1.067,52,0.1095,0.7054,False
German,艮卦-static,ʃ,1.066,38,0.0746,0.7054,False
German,兌卦-dynamic,a͡ʊ,1.058,17,0.0796,0.7054,False
German,離卦-dynamic,m,-1.053,28,0.1095,0.7054,False
German,兌卦-dynamic,e,-1.047,12,0.0945,0.7054,False
German,震卦-static,ʊ,1.041,25,0.0597,0.7054,False
German,震卦-static,i,-1.035,12,0.0746,0.7054,False
German,震卦-dynamic,o,-1.029,7,0.1095,0.7054,False
German,離卦-dynamic,ɜ,1.015,44,0.0846,0.7054,False
German,坤卦-dynamic,c,1.012,39,0.0846,0.7054,False
German,離卦-dynamic,s,-1.006,23,0.0995,0.7054,False
German,艮卦-dynamic,ə,0.995,129,0.0846,0.7054,False
German,兌卦-dynamic,k,-0.962,27,0.0647,0.7054,False
German,艮卦-static,s,0.954,38,0.1045,0.7054,False
German,艮卦-dynamic,s,-0.951,21,0.1144,0.7054,False
German,艮卦-static,ŋ,0.948,14,0.0597,0.7054,False
German,離卦-dynamic,ʃ,-0.942,21,0.1045,0.7054,False
German,震卦-static,r,-0.93,10,0.1095,0.7054,False
German,兌卦-dynamic,a,-0.921,27,0.1045,0.7054,False
German,離卦-dynamic,k,-0.917,33,0.1144,0.7054,False
German,震卦-static,n,-0.909,44,0.0995,0.7054,False
German,艮卦-dynamic,ɡ,0.904,31,0.1045,0.7054,False
German,艮卦-dynamic,ɪ,-0.862,25,0.1095,0.7054,False
German,艮卦-static,z,-0.792,10,0.0945,0.7054,False
German,坎卦-static,a͡ʊ,-0.988,3,0.1194,0.7164,False
German,離卦-dynamic,t͡s,0.947,31,0.1194,0.7164,False
German,乾卦-dynamic,k,1.996,15,0.1244,0.7316,False
German,乾卦-static,a,-1.421,8,0.1244,0.7316,False
German,坤卦-static,ɑ,-1.065,7,0.1244,0.7316,False
German,坎卦-dynamic,k,-1.374,7,0.1294,0.7415,False
German,艮卦-static,ɔ,-0.879,11,0.1294,0.7415,False
German,艮卦-static,r,-0.796,12,0.1294,0.7415,False
German,乾卦-static,ə,-1.195,17,0.1343,0.7509,False
German,乾卦-static,ɛ,1.178,22,0.1343,0.7509,False
German,震卦-dynamic,ə,1.136,78,0.1343,0.7509,False
German,坤卦-dynamic,p,-0.787,17,0.1393,0.7645,False
German,坤卦-dynamic,ɔ,-0.785,15,0.1393,0.7645,False
German,中卦-static,ə,-1.268,15,0.1443,0.7822,False
German,震卦-dynamic,ɾ,1.142,36,0.1443,0.7822,False
German,乾卦-static,i,1.144,20,0.1493,0.7996,False
German,離卦-dynamic,t,-0.856,69,0.1493,0.7996,False
German,巽卦-static,b,2.183,6,0.1592,0.8095,False
German,巽卦-static,ɡ,1.923,4,0.1592,0.8095,False
German,坎卦-dynamic,ə,1.51,47,0.1592,0.8095,False
German,中卦-dynamic,t,-1.408,10,0.1592,0.8095,False
German,中卦-dynamic,e,1.206,7,0.1592,0.8095,False
German,艮卦-dynamic,z,-0.682,13,0.1592,0.8095,False
German,震卦-dynamic,ɡ,0.91,18,0.1642,0.8209,False
German,震卦-dynamic,k,-0.906,17,0.1642,0.8209,False
German,坤卦-dynamic,t,0.713,117,0.1642,0.8209,False
German,坤卦-static,i,-0.881,8,0.1692,0.8274,False
German,離卦-dynamic,ŋ,-0.746,6,0.1692,0.8274,False
German,震卦-static,c,-0.723,5,0.1692,0.8274,False
German,中卦-dynamic,ɪ,1.409,14,0.1741,0.8336,False
German,坤卦-static,t͡s,0.877,13,0.1741,0.8336,False
German,震卦-static,ɑ,-0.722,17,0.1741,0.8336,False
German,坤卦-dynamic,a,0.778,63,0.1841,0.8453,False
German,震卦-static,m,-0.755,24,0.1841,0.8453,False
German,離卦-dynamic,f,0.684,49,0.1841,0.8453,False
German,離卦-static,e,1.964,5,0.1891,0.8529,False
German,乾卦-static,f,-1.143,9,0.194,0.8529,False
German,震卦-dynamic,n,0.96,81,0.199,0.8529,False
German,坤卦-static,y,0.898,6,0.1891,0.8529,False
German,艮卦-dynamic,ʊ,-0.766,9,0.199,0.8529,False
German,坤卦-dynamic,œ,0.745,3,0.199,0.8529,False
German,坎卦-static,t͡s,0.738,20,0.1891,0.8529,False
German,坎卦-static,ɡ,0.721,23,0.199,0.8529,False
German,坎卦-static,b,-0.718,16,0.199,0.8529,False
German,艮卦-dynamic,o,-0.716,15,0.199,0.8529,False
German,震卦-dynamic,ɜ,-0.856,9,0.204,0.8579,False
German,乾卦-dynamic,ŋ,1.41,4,0.209,0.8627,False
German,中卦-static,n,-1.146,15,0.209,0.8627,False
German,艮卦-dynamic,t͡s,-0.721,12,0.209,0.8627,False
German,兌卦-static,t,1.97,16,0.2289,0.8765,False
German,中卦-static,f,-1.263,8,0.2239,0.8765,False
German,乾卦-static,l,1.107,38,0.2289,0.8765,False
German,坤卦-static,ə,-0.814,28,0.2289,0.8765,False
German,兌卦-dynamic,x,0.778,10,0.2239,0.8765,False
German,兌卦-dynamic,l,-0.763,53,0.2189,0.8765,False
German,坤卦-static,p,0.75,16,0.2239,0.8765,False
German,艮卦-dynamic,b,-0.744,20,0.2239,0.8765,False
German,坎卦-static,e,-0.734,12,0.2289,0.8765,False
German,艮卦-static,f,0.706,37,0.2189,0.8765,False
German,坎卦-static,ɑ,-0.678,16,0.2289,0.8765,False
German,兌卦-dynamic,i,-0.665,19,0.2189,0.8765,False
German,坎卦-static,h,0.651,12,0.2139,0.8765,False
German,離卦-dynamic,a͡ɪ,0.638,33,0.2189,0.8765,False
German,坤卦-static,z,0.728,14,0.2338,0.888,False
German,艮卦-static,a͡ʊ,-0.689,5,0.2338,0.888,False
German,坤卦-dynamic,u,0.607,16,0.2388,0.8993,False
German,艮卦-dynamic,k,0.661,53,0.2438,0.9029,False
German,艮卦-static,ɑ,-0.625,18,0.2438,0.9029,False
German,離卦-dynamic,a͡ʊ,-0.645,7,0.2488,0.9064,False
German,兌卦-dynamic,d,-0.653,13,0.2537,0.9171,False
German,中卦-static,ɛ,1.009,20,0.2587,0.9276,False
German,坎卦-dynamic,ɾ,-1.07,11,0.2687,0.93,False
German,乾卦-static,ɑ,0.922,18,0.2687,0.93,False
German,震卦-dynamic,a͡ʊ,-0.792,3,0.2637,0.93,False
German,離卦-dynamic,ɔ,-0.711,16,0.2687,0.93,False
German,兌卦-dynamic,m,-0.689,27,0.2687,0.93,False
German,震卦-static,ɾ,0.611,48,0.2687,0.93,False
German,艮卦-dynamic,e,-0.528,17,0.2687,0.93,False
German,離卦-dynamic,o,-0.619,18,0.2736,0.9328,False
German,兌卦-dynamic,b,0.618,37,0.2736,0.9328,False
German,中卦-dynamic,u,1.068,4,0.2786,0.9427,False
German,坤卦-dynamic,ʏ,-0.545,5,0.2786,0.9427,False
German,離卦-static,z,1.538,5,0.2836,0.9469,False
German,乾卦-dynamic,ə,-1.284,8,0.2836,0.9469,False
German,乾卦-dynamic,ɑ,1.166,10,0.2886,0.9469,False
German,兌卦-dynamic,f,0.679,41,0.2836,0.9469,False
German,艮卦-static,i,-0.667,17,0.2886,0.9469,False
German,震卦-dynamic,ʃ,-0.644,13,0.2935,0.9469,False
German,坎卦-static,n,-0.641,50,0.2935,0.9469,False
German,艮卦-static,ɡ,0.61,24,0.2886,0.9469,False
German,兌卦-dynamic,c,-0.568,8,0.2935,0.9469,False
German,艮卦-static,h,-0.552,6,0.2886,0.9469,False
German,艮卦-static,b,0.521,32,0.2935,0.9469,False
German,巽卦-dynamic,i,2.452,4,0.2985,0.9493,False
German,坎卦-dynamic,n,0.962,44,0.2985,0.9493,False
German,坎卦-dynamic,d,-1.022,3,0.3085,0.9573,False
German,艮卦-dynamic,ɾ,-0.658,40,0.3035,0.9573,False
German,坎卦-static,a͡ɪ,-0.657,11,0.3085,0.9573,False
German,震卦-dynamic,t,-0.637,39,0.3085,0.9573,False
German,巽卦-dynamic,s,1.685,3,0.4975,0.9643,False
German,巽卦-dynamic,f,1.61,3,0.4577,0.9643,False
German,兌卦-static,ɑ,1.465,6,0.3582,0.9643,False
German,離卦-static,ɾ,-1.45,4,0.3383,0.9643,False
German,巽卦-static,s,1.435,5,0.3532,0.9643,False
German,兌卦-static,d,1.282,4,0.4378,0.9643,False
German,離卦-static,ɪ,1.262,8,0.3682,0.9643,False
German,兌卦-static,l,1.242,11,0.4677,0.9643,False
German,巽卦-static,t,-1.212,5,0.4826,0.9643,False
German,乾卦-dynamic,t͡s,1.152,6,0.3234,0.9643,False
German,巽卦-static,v,1.115,4,0.5224,0.9643,False
German,兌卦-static,a,1.082,7,0.4378,0.9643,False
German,兌卦-static,ɔ,1.056,3,0.5323,0.9643,False
German,兌卦-static,ʃ,1.05,5,0.5373,0.9643,False
German,兌卦-static,n,-1.044,5,0.4925,0.9643,False
German,中卦-dynamic,n,-1.033,10,0.3284,0.9643,False
German,中卦-dynamic,ɜ,-1.018,3,0.3284,0.9643,False
German,兌卦-static,ɾ,-1.016,4,0.5622,0.9643,False
German,中卦-dynamic,ɛ,-1.0,6,0.3184,0.9643,False
German,中卦-dynamic,ɡ,0.959,7,0.3333,0.9643,False
German,離卦-static,ɜ,0.935,5,0.5323,0.9643,False
German,乾卦-dynamic,ɜ,-0.927,3,0.5224,0.9643,False
German,巽卦-static,l,0.925,9,0.5672,0.9643,False
German,乾卦-dynamic,t,0.922,23,0.4428,0.9643,False
German,離卦-static,l,0.906,12,0.5174,0.9643,False
German,坎卦-dynamic,ɔ,0.875,8,0.3682,0.9643,False
German,乾卦-dynamic,l,-0.868,11,0.5124,0.9643,False
German,坎卦-dynamic,ŋ,0.859,5,0.398,0.9643,False
German,乾卦-dynamic,a,0.859,12,0.5075,0.9643,False
German,中卦-static,ŋ,0.856,6,0.3433,0.9643,False
German,中卦-static,t͡s,0.845,10,0.3881,0.9643,False
German,乾卦-static,p,-0.823,6,0.3284,0.9643,False
German,中卦-static,ʊ,0.814,10,0.3234,0.9643,False
German,乾卦-dynamic,o,0.812,6,0.5423,0.9643,False
German,中卦-static,ɑ,-0.798,7,0.3234,0.9643,False
German,中卦-static,j,0.796,3,0.5174,0.9643,False
German,坎卦-dynamic,a͡ɪ,-0.767,4,0.4478,0.9643,False
German,中卦-static,i,-0.757,7,0.3831,0.9643,False
German,中卦-static,p,-0.749,6,0.4378,0.9643,False
German,乾卦-static,r,-0.749,6,0.3781,0.9643,False
German,中卦-dynamic,a,-0.741,7,0.4378,0.9643,False
German,坎卦-dynamic,v,0.734,11,0.4776,0.9643,False
German,中卦-static,a,-0.728,12,0.4527,0.9643,False
German,坎卦-dynamic,r,-0.702,5,0.5423,0.9643,False
German,坤卦-static,l,0.692,42,0.3582,0.9643,False
German,乾卦-dynamic,ɛ,0.692,10,0.5373,0.9643,False
German,中卦-static,ɾ,-0.686,15,0.4478,0.9643,False
German,坎卦-dynamic,s,0.68,13,0.5323,0.9643,False
German,坎卦-dynamic,ɑ,0.68,13,0.5025,0.9643,False
German,乾卦-static,ʊ,-0.675,4,0.4378,0.9643,False
German,坤卦-static,ɔ,-0.674,7,0.3483,0.9643,False
German,震卦-dynamic,f,0.669,25,0.3682,0.9643,False
German,坎卦-dynamic,l,0.664,27,0.5075,0.9643,False
German,震卦-dynamic,c,-0.658,4,0.3333,0.9643,False
German,中卦-dynamic,l,-0.636,13,0.5323,0.9643,False
German,坤卦-static,ʃ,-0.629,11,0.3383,0.9643,False
German,中卦-dynamic,ɾ,-0.616,9,0.5373,0.9643,False
German,坤卦-static,ŋ,-0.614,3,0.3831,0.9643,False
German,離卦-dynamic,ə,0.614,129,0.3184,0.9643,False
German,兌卦-dynamic,ʏ,-0.613,4,0.3433,0.9643,False
German,震卦-dynamic,ʊ,0.607,14,0.3383,0.9643,False
German,乾卦-dynamic,a͡ɪ,-0.602,3,0.5572,0.9643,False
German,坤卦-static,u,0.59,7,0.3483,0.9643,False
German,乾卦-static,s,0.578,16,0.4677,0.9643,False
German,艮卦-static,ɛ,0.558,40,0.3383,0.9643,False
German,震卦-dynamic,ŋ,0.543,8,0.4179,0.9643,False
German,艮卦-dynamic,t,-0.542,70,0.3682,0.9643,False
German,坎卦-static,ɾ,0.542,43,0.4229,0.9643,False
German,艮卦-dynamic,a,-0.534,35,0.3184,0.9643,False
German,坎卦-static,r,-0.533,15,0.3483,0.9643,False
German,坎卦-dynamic,i,-0.532,7,0.5622,0.9643,False
German,震卦-dynamic,a͡ɪ,-0.527,9,0.3881,0.9643,False
German,艮卦-static,v,-0.52,14,0.3731,0.9643,False
German,艮卦-dynamic,u,-0.52,6,0.3582,0.9643,False
German,震卦-dynamic,ɛ,0.519,27,0.4577,0.9643,False
German,震卦-dynamic,u,0.512,8,0.4876,0.9643,False
German,坎卦-static,ʃ,-0.509,19,0.4179,0.9643,False
German,離卦-dynamic,ɪ,-0.509,35,0.4527,0.9643,False
German,坤卦-static,c,0.504,13,0.4876,0.9643,False
German,震卦-static,z,-0.499,13,0.3483,0.9643,False
German,坎卦-static,d,0.498,21,0.3532,0.9643,False
German,震卦-static,s,-0.498,23,0.3134,0.9643,False
German,艮卦-dynamic,ɜ,-0.497,20,0.398,0.9643,False
German,乾卦-static,ɜ,-0.496,8,0.5274,0.9643,False
German,艮卦-dynamic,i,-0.486,23,0.3881,0.9643,False
German,震卦-static,a͡ʊ,0.473,12,0.403,0.9643,False
German,震卦-dynamic,a,-0.462,21,0.4229,0.9643,False
German,震卦-static,ʏ,0.459,8,0.408,0.9643,False
German,震卦-dynamic,z,-0.456,9,0.5025,0.9643,False
German,乾卦-static,t,-0.453,29,0.5622,0.9643,False
German,乾卦-static,ɾ,-0.452,17,0.5721,0.9643,False
German,艮卦-static,e,-0.45,15,0.3632,0.9643,False
German,震卦-static,f,0.441,35,0.4229,0.9643,False
German,離卦-dynamic,u,0.439,15,0.4876,0.9643,False
German,離卦-dynamic,p,-0.435,22,0.4328,0.9643,False
German,兌卦-dynamic,ʊ,-0.435,12,0.5124,0.9643,False
German,坎卦-static,p,0.431,23,0.4179,0.9643,False
German,震卦-dynamic,d,0.422,15,0.5224,0.9643,False
German,兌卦-dynamic,v,-0.422,17,0.4876,0.9643,False
German,震卦-dynamic,s,-0.421,16,0.5075,0.9643,False
German,坤卦-static,k,0.42,24,0.5224,0.9643,False
German,震卦-dynamic,b,0.419,21,0.5025,0.9643,False
German,坎卦-static,i,-0.414,19,0.4428,0.9643,False
German,艮卦-static,d,-0.409,14,0.4726,0.9643,False
German,震卦-dynamic,t͡s,0.409,13,0.5522,0.9643,False
German,兌卦-dynamic,r,0.409,35,0.4478,0.9643,False
German,震卦-static,o,0.406,22,0.4826,0.9643,False
German,艮卦-dynamic,ʏ,0.403,9,0.5174,0.9643,False
German,艮卦-dynamic,a͡ɪ,-0.4,17,0.4627,0.9643,False
German,坎卦-static,c,-0.391,9,0.4925,0.9643,False
German,坎卦-static,s,-0.388,22,0.4527,0.9643,False
German,艮卦-dynamic,p,-0.385,20,0.4428,0.9643,False
German,坎卦-static,m,0.382,31,0.5373,0.9643,False
German,離卦-dynamic,ʊ,-0.381,15,0.4975,0.9643,False
German,艮卦-static,u,-0.38,6,0.4975,0.9643,False
German,坤卦-dynamic,n,-0.377,84,0.5075,0.9643,False
German,坤卦-dynamic,ŋ,0.377,14,0.403,0.9643,False
German,艮卦-static,t,0.377,82,0.5323,0.9643,False
German,震卦-dynamic,r,0.373,21,0.5622,0.9643,False
German,震卦-static,k,0.372,42,0.4776,0.9643,False
German,艮卦-static,n,-0.371,65,0.5672,0.9643,False
German,坤卦-dynamic,ɡ,-0.368,21,0.5224,0.9643,False
German,坎卦-static,z,-0.365,13,0.5224,0.9643,False
German,離卦-dynamic,i,0.364,42,0.5075,0.9643,False
German,艮卦-dynamic,c,-0.359,12,0.5224,0.9643,False
German,坤卦-static,ɪ,0.347,22,0.5721,0.9643,False
German,震卦-static,e,0.346,21,0.5373,0.9643,False
German,坤卦-dynamic,z,0.345,27,0.4975,0.9643,False
German,坎卦-static,t,0.342,75,0.5373,0.9643,False
German,坤卦-dynamic,l,0.338,87,0.5174,0.9643,False
German,艮卦-static,ʊ,0.337,18,0.5323,0.9643,False
German,坎卦-static,a,0.333,39,0.5721,0.9643,False
German,震卦-static,a͡ɪ,0.324,22,0.4876,0.9643,False
German,兌卦-dynamic,t͡s,-0.308,15,0.5572,0.9643,False
German,坤卦-dynamic,ɾ,0.297,57,0.5323,0.9643,False
German,坤卦-dynamic,i,-0.286,29,0.5721,0.9643,False
German,震卦-static,h,0.279,11,0.5721,0.9643,False
German,兌卦-dynamic,a͡ɪ,-0.322,17,0.5771,0.969,False
German,坤卦-dynamic,ɛ,-0.279,40,0.5771,0.969,False
German,離卦-static,o,0.921,4,0.592,0.9699,False
German,離卦-static,t,-0.869,8,0.5871,0.9699,False
German,乾卦-dynamic,ɔ,0.731,5,0.592,0.9699,False
German,中卦-dynamic,ʃ,-0.638,5,0.5821,0.9699,False
German,坎卦-dynamic,f,-0.608,9,0.5871,0.9699,False
German,中卦-dynamic,p,-0.56,4,0.597,0.9699,False
German,乾卦-static,ɔ,0.468,9,0.592,0.9699,False
German,坤卦-static,ɾ,-0.399,21,0.592,0.9699,False
German,中卦-static,k,-0.397,14,0.597,0.9699,False
German,坤卦-static,ɛ,-0.382,17,0.5871,0.9699,False
German,震卦-static,u,0.371,11,0.597,0.9699,False
German,兌卦-dynamic,u,-0.338,7,0.597,0.9699,False
German,坎卦-static,ɪ,0.305,35,0.592,0.9699,False
German,兌卦-dynamic,ɡ,0.297,24,0.5821,0.9699,False
German,坎卦-dynamic,ɡ,0.648,9,0.602,0.9727,False
German,艮卦-dynamic,m,-0.345,32,0.602,0.9727,False
German,坎卦-dynamic,b,0.555,12,0.607,0.9772,False
German,坤卦-static,v,-0.382,9,0.6119,0.98,False
German,兌卦-dynamic,ɾ,-0.31,42,0.6119,0.98,False
German,兌卦-static,f,-0.775,3,0.6169,0.9827,False
German,離卦-dynamic,c,-0.338,14,0.6169,0.9827,False
German,兌卦-static,m,-0.861,3,0.6219,0.9837,False
German,乾卦-dynamic,v,-0.645,3,0.6219,0.9837,False
German,坎卦-static,u,-0.304,6,0.6219,0.9837,False
German,坤卦-dynamic,e,0.26,26,0.6219,0.9837,False
German,乾卦-dynamic,u,0.622,3,0.6368,0.9908,False
German,中卦-dynamic,ɑ,-0.539,5,0.6368,0.9908,False
German,坎卦-dynamic,p,-0.467,6,0.6418,0.9908,False
German,乾卦-static,k,-0.363,15,0.6418,0.9908,False
German,坤卦-static,m,0.345,19,0.6318,0.9908,False
German,坤卦-static,ɜ,-0.287,11,0.6418,0.9908,False
German,震卦-static,t͡s,-0.265,14,0.6418,0.9908,False
German,離卦-dynamic,e,-0.237,22,0.6368,0.9908,False
German,坤卦-dynamic,b,0.229,37,0.6418,0.9908,False
German,艮卦-dynamic,v,-0.213,21,0.6418,0.9908,False
German,巽卦-static,ɛ,-0.735,3,0.6468,0.995,False
German,艮卦-static,ʏ,0.241,7,0.6468,0.995,False
German,巽卦-dynamic,l,0.85,5,0.7413,1.0,False
German,兌卦-static,e,0.631,3,0.7363,1.0,False
German,巽卦-dynamic,a,0.58,3,0.7562,1.0,False
German,乾卦-dynamic,n,-0.543,14,0.6866,1.0,False
German,離卦-static,ʃ,0.54,5,0.7413,1.0,False
German,巽卦-static,p,0.531,3,0.7065,1.0,False
German,離卦-static,a,0.531,7,0.7164,1.0,False
German,離卦-static,i,-0.503,3,0.7612,1.0,False
German,兌卦-static,s,-0.493,3,0.7512,1.0,False
German,巽卦-static,n,-0.487,7,0.7612,1.0,False
German,巽卦-dynamic,n,-0.471,4,0.8408,1.0,False
German,兌卦-static,ə,-0.469,8,0.8209,1.0,False
German,中卦-dynamic,s,-0.468,6,0.6816,1.0,False
German,離卦-static,f,-0.46,4,0.7363,1.0,False
German,離卦-static,r,0.46,5,0.7612,1.0,False
German,坎卦-dynamic,y,0.434,3,0.6766,1.0,False
German,乾卦-dynamic,p,0.431,6,0.7015,1.0,False
German,乾卦-dynamic,b,-0.429,5,0.7015,1.0,False
German,中卦-static,m,0.402,15,0.6567,1.0,False
German,兌卦-static,b,0.374,4,0.8209,1.0,False
German,中卦-dynamic,r,0.362,8,0.7612,1.0,False
German,兌卦-static,ɛ,0.359,5,0.8408,1.0,False
German,中卦-dynamic,f,-0.352,7,0.7761,1.0,False
German,離卦-static,k,-0.341,5,0.8109,1.0,False
German,乾卦-dynamic,m,0.34,8,0.7761,1.0,False
German,巽卦-static,ɜ,0.338,3,0.8458,1.0,False
German,中卦-static,ʃ,-0.336,10,0.6866,1.0,False
German,中卦-static,t,0.332,36,0.7164,1.0,False
German,乾卦-static,d,-0.317,7,0.6667,1.0,False
German,中卦-static,s,-0.301,11,0.6866,1.0,False
German,坤卦-static,n,-0.293,39,0.6517,1.0,False
German,中卦-static,b,0.286,13,0.7413,1.0,False
German,艮卦-static,l,-0.285,56,0.6866,1.0,False
German,乾卦-static,n,0.284,43,0.7711,1.0,False
German,中卦-static,z,0.282,9,0.7463,1.0,False
German,中卦-static,ɔ,0.275,8,0.7512,1.0,False
German,離卦-static,c,0.269,3,0.7463,1.0,False
German,坎卦-static,ɛ,0.264,34,0.7015,1.0,False
German,乾卦-dynamic,r,0.264,7,0.8806,1.0,False
German,兌卦-static,i,-0.263,3,0.8657,1.0,False
German,坤卦-static,a͡ɪ,0.256,12,0.7512,1.0,False
German,艮卦-dynamic,d,0.256,24,0.6667,1.0,False
German,乾卦-dynamic,ʊ,-0.256,3,0.8408,1.0,False
German,坎卦-dynamic,m,0.252,12,0.7463,1.0,False
German,坤卦-dynamic,m,0.251,42,0.6667,1.0,False
German,兌卦-dynamic,ɔ͡ø,0.247,3,0.6667,1.0,False
German,震卦-static,ɔ,0.232,18,0.7065,1.0,False
German,艮卦-dynamic,x,-0.231,5,0.7015,1.0,False
German,中卦-static,l,0.23,29,0.801,1.0,False
German,兌卦-static,ɪ,-0.229,4,0.9055,1.0,False
German,離卦-static,n,-0.228,11,0.8706,1.0,False
German,乾卦-dynamic,e,-0.227,4,0.8408,1.0,False
German,中卦-static,o,0.226,9,0.7861,1.0,False
German,離卦-static,m,0.226,5,0.8955,1.0,False
German,離卦-dynamic,h,0.225,14,0.7214,1.0,False
German,中卦-dynamic,ə,-0.22,18,0.806,1.0,False
German,坤卦-dynamic,k,0.216,51,0.6617,1.0,False
German,坎卦-dynamic,t,-0.215,25,0.801,1.0,False
German,巽卦-static,ɾ,0.213,5,0.9204,1.0,False
German,坤卦-dynamic,v,0.21,30,0.6866,1.0,False
German,震卦-dynamic,i,0.207,20,0.8109,1.0,False
German,震卦-static,ŋ,0.206,10,0.7164,1.0,False
German,兌卦-static,p,0.205,3,0.8557,1.0,False
German,乾卦-static,b,-0.205,11,0.806,1.0,False
German,坤卦-static,ʏ,-0.198,3,0.7711,1.0,False
German,震卦-static,p,0.198,23,0.6766,1.0,False
German,坎卦-dynamic,ɜ,0.192,9,0.8856,1.0,False
German,艮卦-dynamic,ŋ,-0.185,9,0.7761,1.0,False
German,乾卦-static,c,-0.183,6,0.801,1.0,False
German,震卦-dynamic,h,0.182,7,0.7811,1.0,False
German,艮卦-static,p,-0.178,19,0.7662,1.0,False
German,震卦-static,ɡ,-0.178,18,0.7313,1.0,False
German,坤卦-dynamic,f,-0.17,37,0.6965,1.0,False
German,坎卦-static,v,-0.169,17,0.7512,1.0,False
German,震卦-static,l,-0.169,59,0.7811,1.0,False
German,艮卦-static,c,-0.166,13,0.7761,1.0,False
German,艮卦-dynamic,ɛ,0.164,42,0.7015,1.0,False
German,巽卦-static,k,-0.163,4,0.9154,1.0,False
German,離卦-static,ə,-0.163,11,0.9204,1.0,False
German,坎卦-dynamic,a͡ʊ,-0.16,3,0.9502,1.0,False
German,乾卦-static,t͡s,0.148,8,0.8259,1.0,False
German,坎卦-dynamic,ʊ,0.146,6,0.9005,1.0,False
German,中卦-static,ɡ,-0.145,8,0.8806,1.0,False
German,離卦-dynamic,x,0.145,8,0.801,1.0,False
German,艮卦-static,x,0.144,6,0.8109,1.0,False
German,乾卦-static,a͡ɪ,-0.142,8,0.8955,1.0,False
German,坎卦-static,o,-0.141,16,0.7811,1.0,False
German,坎卦-dynamic,z,-0.141,6,0.9154,1.0,False
German,巽卦-dynamic,t,0.141,5,0.9453,1.0,False
German,乾卦-dynamic,d,-0.14,4,0.9104,1.0,False
German,坤卦-dynamic,ɜ,-0.137,27,0.8259,1.0,False
German,兌卦-dynamic,z,0.134,21,0.7313,1.0,False
German,坤卦-static,f,0.132,18,0.8657,1.0,False
German,震卦-static,x,0.123,6,0.8408,1.0,False
German,艮卦-dynamic,h,-0.121,10,0.8408,1.0,False
German,乾卦-static,h,-0.12,4,0.8756,1.0,False
German,乾卦-dynamic,ʃ,-0.119,6,0.8955,1.0,False
German,艮卦-dynamic,ɑ,-0.118,29,0.8308,1.0,False
German,離卦-dynamic,y,-0.118,7,0.8607,1.0,False
German,坤卦-dynamic,ɑ,-0.115,32,0.8209,1.0,False
German,坎卦-static,ʏ,0.114,6,0.8607,1.0,False
German,乾卦-static,ɪ,-0.114,15,0.8955,1.0,False
German,兌卦-dynamic,h,0.112,11,0.8159,1.0,False
German,坎卦-dynamic,ɪ,0.111,13,0.9154,1.0,False
German,兌卦-dynamic,ŋ,-0.111,9,0.8458,1.0,False
German,艮卦-static,t͡s,-0.109,15,0.8458,1.0,False
German,乾卦-dynamic,i,-0.108,6,0.9652,1.0,False
German,離卦-dynamic,z,-0.107,22,0.8607,1.0,False
German,乾卦-dynamic,s,0.106,7,0.9055,1.0,False
German,坤卦-dynamic,r,-0.103,30,0.8408,1.0,False
German,坤卦-static,o,0.1,11,0.8657,1.0,False
German,兌卦-static,k,0.099,5,0.9701,1.0,False
German,震卦-dynamic,ɑ,-0.097,17,0.8856,1.0,False
German,離卦-dynamic,r,0.093,35,0.8706,1.0,False
German,坤卦-static,ʊ,-0.091,8,0.8856,1.0,False
German,艮卦-static,m,0.091,31,0.9453,1.0,False
German,艮卦-dynamic,j,-0.089,4,0.8408,1.0,False
German,離卦-static,a͡ɪ,0.088,3,0.9602,1.0,False
German,乾卦-static,ʏ,0.086,3,0.8905,1.0,False
German,震卦-static,d,0.08,19,0.8955,1.0,False
German,離卦-dynamic,v,-0.079,26,0.8806,1.0,False
German,兌卦-dynamic,y,0.079,7,0.9254,1.0,False
German,震卦-static,ə,-0.073,75,0.8905,1.0,False
German,震卦-static,ɪ,-0.073,33,0.9005,1.0,False
German,艮卦-static,o,0.072,19,0.9254,1.0,False
German,中卦-dynamic,t͡s,-0.07,4,0.9403,1.0,False
German,巽卦-static,ɪ,0.067,4,0.9652,1.0,False
German,震卦-static,a,0.067,39,0.9005,1.0,False
German,兌卦-dynamic,ʃ,0.062,30,0.9254,1.0,False
German,坤卦-dynamic,d,0.06,24,0.9055,1.0,False
German,乾卦-static,v,0.06,10,0.9254,1.0,False
German,坤卦-dynamic,s,0.059,37,0.9154,1.0,False
German,坤卦-dynamic,y,0.059,8,0.9254,1.0,False
German,坎卦-dynamic,o,0.059,7,0.9652,1.0,False
German,震卦-static,ɜ,-0.058,22,0.9353,1.0,False
German,艮卦-dynamic,l,0.054,73,0.9055,1.0,False
German,坎卦-static,ə,0.049,72,0.8806,1.0,False
German,離卦-dynamic,ɡ,0.049,26,0.9403,1.0,False
German,艮卦-dynamic,r,0.044,30,0.9303,1.0,False
German,艮卦-dynamic,f,0.043,36,0.9353,1.0,False
German,艮卦-static,a,0.041,38,0.9403,1.0,False
German,巽卦-static,i,-0.039,3,0.995,1.0,False
German,巽卦-static,ə,0.039,9,0.9801,1.0,False
German,艮卦-static,ɪ,-0.036,33,0.9453,1.0,False
German,艮卦-static,k,0.034,37,0.9453,1.0,False
German,離卦-static,ɑ,-0.034,4,0.9801,1.0,False
German,坤卦-dynamic,j,0.032,5,0.9552,1.0,False
German,中卦-static,e,-0.032,8,0.9652,1.0,False
German,巽卦-static,ʃ,-0.031,3,0.9751,1.0,False
German,震卦-dynamic,ɔ,-0.031,11,0.9701,1.0,False
German,坎卦-static,l,-0.028,56,0.9552,1.0,False
German,坎卦-dynamic,a,0.027,14,0.9851,1.0,False
German,艮卦-static,ɜ,-0.025,22,0.9701,1.0,False
German,離卦-dynamic,b,-0.025,34,0.9652,1.0,False
German,乾卦-dynamic,ɪ,-0.024,8,0.99,1.0,False
German,艮卦-static,ə,0.023,77,0.9453,1.0,False
German,中卦-static,v,-0.023,9,0.995,1.0,False
German,坤卦-dynamic,ʊ,-0.019,19,0.9751,1.0,False
German,中卦-static,ɜ,0.019,10,0.9851,1.0,False
German,坤卦-dynamic,x,0.015,7,0.9751,1.0,False
German,坎卦-static,ɔ,-0.014,15,0.9851,1.0,False
German,坎卦-static,f,0.012,28,0.9851,1.0,False
German,震卦-static,v,0.012,21,0.9801,1.0,False
German,坤卦-dynamic,o,0.01,24,0.9751,1.0,False
German,震卦-static,y,0.008,6,0.99,1.0,False
German,離卦-dynamic,a,0.008,50,0.99,1.0,False
German,坤卦-dynamic,ʃ,0.003,34,0.995,1.0,False
German,乾卦-static,ɡ,0.001,9,1.0,1.0,False
German,巽卦-dynamic,ə,-0.0,5,1.0,1.0,False
Greek,巽卦-dynamic,t͡s,3.986,4,0.005,0.2776,False
Greek,巽卦-dynamic,u,3.578,7,0.005,0.2776,False
Greek,中卦-dynamic,x,3.481,5,0.005,0.2776,False
Greek,震卦-dynamic,p,2.636,63,0.005,0.2776,False
Greek,兌卦-dynamic,n,2.55,84,0.005,0.2776,False
Greek,兌卦-dynamic,o,2.075,234,0.005,0.2776,False
Greek,坎卦-static,t,1.784,98,0.005,0.2776,False
Greek,震卦-static,b,1.721,11,0.005,0.2776,False
Greek,艮卦-static,f,1.697,48,0.005,0.2776,False
Greek,坤卦-dynamic,j,1.677,30,0.005,0.2776,False
Greek,離卦-dynamic,ɣ,1.763,36,0.01,0.4271,False
Greek,坎卦-static,θ,1.386,26,0.01,0.4271,False
Greek,坤卦-dynamic,s,1.372,193,0.01,0.4271,False
Greek,兌卦-dynamic,i,-1.651,110,0.0149,0.4627,False
Greek,艮卦-static,c,1.501,41,0.0149,0.4627,False
Greek,艮卦-dynamic,b,1.359,11,0.0149,0.4627,False
Greek,兌卦-dynamic,s,-1.289,61,0.0149,0.4627,False
Greek,兌卦-dynamic,z,1.598,36,0.0199,0.4828,False
Greek,離卦-dynamic,ð,1.327,50,0.0199,0.4828,False
Greek,坤卦-dynamic,c,1.248,45,0.0199,0.4828,False
Greek,艮卦-dynamic,i,-1.236,146,0.0199,0.4828,False
Greek,坤卦-dynamic,ð,-1.118,21,0.0199,0.4828,False
Greek,艮卦-static,t,1.221,86,0.0249,0.5552,False
Greek,巽卦-static,s,2.11,34,0.0299,0.6073,False
Greek,坤卦-static,ɲ,1.834,4,0.0348,0.6073,False
Greek,震卦-dynamic,e,1.621,68,0.0299,0.6073,False
Greek,坎卦-static,v,-1.279,6,0.0348,0.6073,False
Greek,艮卦-static,θ,-1.113,7,0.0348,0.6073,False
Greek,兌卦-dynamic,ð,-0.955,17,0.0348,0.6073,False
Greek,坎卦-static,s,1.157,156,0.0398,0.6532,False
Greek,巽卦-dynamic,k,2.979,9,0.0448,0.694,False
Greek,震卦-dynamic,i,-1.368,83,0.0448,0.694,False
Greek,艮卦-dynamic,ɲ,1.392,7,0.0498,0.7118,False
Greek,震卦-static,r,-1.228,50,0.0498,0.7118,False
Greek,艮卦-static,ʎ,0.988,9,0.0498,0.7118,False
Greek,震卦-dynamic,o,1.401,141,0.0547,0.7448,False
Greek,離卦-dynamic,j,-1.176,4,0.0547,0.7448,False
Greek,坎卦-dynamic,v,1.759,16,0.0647,0.7846,False
Greek,艮卦-dynamic,a,1.081,218,0.0597,0.7846,False
Greek,坤卦-dynamic,n,0.958,81,0.0647,0.7846,False
Greek,離卦-dynamic,k,-0.917,41,0.0647,0.7846,False
Greek,兌卦-static,f,2.521,6,0.0945,0.7932,False
Greek,中卦-dynamic,m,2.506,9,0.0846,0.7932,False
Greek,坎卦-dynamic,ð,1.619,14,0.0746,0.7932,False
Greek,乾卦-static,e,1.505,38,0.0796,0.7932,False
Greek,乾卦-static,θ,1.437,9,0.0995,0.7932,False
Greek,乾卦-static,ð,1.376,16,0.0995,0.7932,False
Greek,震卦-dynamic,l,-1.269,18,0.0697,0.7932,False
Greek,艮卦-dynamic,ŋ,1.131,11,0.0945,0.7932,False
Greek,坤卦-dynamic,e,1.022,118,0.0846,0.7932,False
Greek,離卦-dynamic,z,0.997,35,0.0995,0.7932,False
Greek,離卦-dynamic,e,0.988,107,0.0896,0.7932,False
Greek,兌卦-dynamic,θ,-0.968,7,0.0697,0.7932,False
Greek,離卦-dynamic,θ,-0.938,9,0.0945,0.7932,False
Greek,坤卦-dynamic,v,-0.929,14,0.0846,0.7932,False
Greek,艮卦-static,p,0.919,68,0.0796,0.7932,False
Greek,坤卦-dynamic,ʎ,0.87,10,0.0945,0.7932,False
Greek,艮卦-static,z,-0.845,4,0.0995,0.7932,False
Greek,坤卦-dynamic,a,-0.799,166,0.0896,0.7932,False
Greek,中卦-dynamic,a,2.261,24,0.1045,0.8036,False
Greek,震卦-dynamic,n,1.156,43,0.1045,0.8036,False
Greek,離卦-dynamic,b,0.975,10,0.1095,0.8036,False
Greek,坤卦-dynamic,z,-0.94,3,0.1095,0.8036,False
Greek,艮卦-dynamic,d,0.875,13,0.1095,0.8036,False
Greek,艮卦-static,v,-0.8,14,0.1144,0.8186,False
Greek,坤卦-dynamic,ɣ,-0.746,11,0.1144,0.8186,False
Greek,離卦-static,o,-2.304,4,0.1393,0.8215,False
Greek,兌卦-static,l,2.278,10,0.1244,0.8215,False
Greek,乾卦-dynamic,j,2.05,3,0.1393,0.8215,False
Greek,乾卦-dynamic,c,2.029,5,0.1343,0.8215,False
Greek,巽卦-static,c,1.807,8,0.1244,0.8215,False
Greek,中卦-static,t,1.753,16,0.1343,0.8215,False
Greek,坎卦-dynamic,ɣ,1.248,8,0.1443,0.8215,False
Greek,坤卦-static,e,1.089,48,0.1443,0.8215,False
Greek,震卦-dynamic,ɣ,1.085,16,0.1244,0.8215,False
Greek,震卦-dynamic,c,-1.05,7,0.1294,0.8215,False
Greek,兌卦-dynamic,j,-0.902,5,0.1393,0.8215,False
Greek,兌卦-dynamic,e,0.861,83,0.1343,0.8215,False
Greek,震卦-static,ð,0.857,36,0.1194,0.8215,False
Greek,坎卦-static,ɡ,0.845,10,0.1393,0.8215,False
Greek,離卦-dynamic,x,0.812,25,0.1443,0.8215,False
Greek,艮卦-static,n,-0.797,37,0.1343,0.8215,False
Greek,巽卦-dynamic,a,-2.32,6,0.1542,0.8226,False
Greek,乾卦-dynamic,z,1.947,5,0.1542,0.8226,False
Greek,坤卦-static,p,1.096,34,0.1493,0.8226,False
Greek,震卦-dynamic,a,-0.956,80,0.1592,0.8226,False
Greek,坤卦-static,o,0.907,100,0.1542,0.8226,False
Greek,坎卦-static,ɣ,-0.884,8,0.1592,0.8226,False
Greek,兌卦-dynamic,l,-0.796,34,0.1542,0.8226,False
Greek,坎卦-dynamic,k,-1.377,8,0.1692,0.8503,False
Greek,坎卦-static,ŋ,0.829,9,0.1692,0.8503,False
Greek,坎卦-static,n,-0.798,37,0.1692,0.8503,False
Greek,離卦-dynamic,s,-0.818,94,0.1741,0.8675,False
Greek,艮卦-dynamic,ɡ,0.833,10,0.1791,0.8767,False
Greek,坎卦-static,c,-0.767,15,0.1791,0.8767,False
Greek,坤卦-static,f,-0.875,6,0.1841,0.8932,False
Greek,離卦-static,z,1.995,4,0.1891,0.9016,False
Greek,兌卦-static,v,1.909,6,0.199,0.9028,False
Greek,兌卦-static,θ,1.87,3,0.199,0.9028,False
Greek,艮卦-static,j,-0.743,7,0.199,0.9028,False
Greek,乾卦-static,v,-1.112,3,0.209,0.9039,False
Greek,乾卦-static,c,-1.052,4,0.209,0.9039,False
Greek,艮卦-dynamic,j,0.685,18,0.209,0.9039,False
Greek,震卦-static,m,0.668,54,0.209,0.9039,False
Greek,震卦-static,θ,0.652,18,0.204,0.9039,False
Greek,離卦-static,v,1.935,5,0.2388,0.9076,False
Greek,乾卦-dynamic,r,1.788,15,0.2189,0.9076,False
Greek,中卦-dynamic,o,-1.731,7,0.2537,0.9076,False
Greek,中卦-dynamic,l,1.714,8,0.2338,0.9076,False
Greek,乾卦-dynamic,s,-1.694,6,0.2338,0.9076,False
Greek,中卦-static,ɣ,1.457,5,0.2189,0.9076,False
Greek,坎卦-dynamic,e,-1.244,13,0.2139,0.9076,False
Greek,坎卦-dynamic,l,-1.178,9,0.2338,0.9076,False
Greek,坎卦-dynamic,m,1.145,20,0.2388,0.9076,False
Greek,坎卦-dynamic,n,1.093,20,0.2488,0.9076,False
Greek,乾卦-static,m,0.969,23,0.2488,0.9076,False
Greek,坤卦-static,u,-0.827,3,0.2537,0.9076,False
Greek,震卦-dynamic,b,0.773,5,0.2338,0.9076,False
Greek,震卦-dynamic,t,0.726,45,0.2388,0.9076,False
Greek,艮卦-static,k,-0.674,43,0.2388,0.9076,False
Greek,坎卦-static,z,-0.651,7,0.2239,0.9076,False
Greek,離卦-dynamic,l,-0.629,46,0.2289,0.9076,False
Greek,兌卦-dynamic,k,-0.627,38,0.2139,0.9076,False
Greek,兌卦-dynamic,m,0.618,52,0.2388,0.9076,False
Greek,震卦-static,p,0.61,54,0.2488,0.9076,False
Greek,艮卦-dynamic,θ,-0.598,11,0.2438,0.9076,False
Greek,坎卦-static,d,-0.579,4,0.2537,0.9076,False
Greek,兌卦-static,r,1.689,14,0.2587,0.9137,False
Greek,乾卦-static,s,1.055,52,0.2587,0.9137,False
Greek,乾卦-dynamic,θ,1.683,3,0.2687,0.9203,False
Greek,巽卦-dynamic,i,1.596,20,0.2985,0.9203,False
Greek,中卦-dynamic,i,1.586,24,0.2985,0.9203,False
Greek,巽卦-static,j,1.263,4,0.2935,0.9203,False
Greek,巽卦-static,i,-1.241,26,0.2886,0.9203,False
Greek,巽卦-static,m,-1.231,4,0.2836,0.9203,False
Greek,坎卦-dynamic,s,-1.074,22,0.2935,0.9203,False
Greek,乾卦-static,t,-0.9,14,0.2836,0.9203,False
Greek,震卦-dynamic,f,-0.699,9,0.2786,0.9203,False
Greek,艮卦-dynamic,c,-0.603,17,0.2736,0.9203,False
Greek,艮卦-dynamic,ð,0.59,38,0.2985,0.9203,False
Greek,震卦-static,z,-0.59,7,0.2736,0.9203,False
Greek,兌卦-dynamic,ɣ,0.579,19,0.2985,0.9203,False
Greek,兌卦-dynamic,a,-0.552,130,0.2985,0.9203,False
Greek,艮卦-static,s,-0.532,97,0.2836,0.9203,False
Greek,震卦-static,u,0.472,28,0.2786,0.9203,False
Greek,坤卦-static,l,0.665,32,0.3085,0.9204,False
Greek,艮卦-dynamic,s,-0.611,95,0.3085,0.9204,False
Greek,震卦-dynamic,m,-0.599,21,0.3085,0.9204,False
Greek,兌卦-dynamic,t,-0.542,42,0.3035,0.9204,False
Greek,坎卦-static,ð,0.527,37,0.3085,0.9204,False
Greek,乾卦-dynamic,t,-1.503,3,0.3184,0.9254,False
Greek,坤卦-static,ð,-0.649,11,0.3184,0.9254,False
Greek,離卦-dynamic,m,0.572,64,0.3134,0.9254,False
Greek,離卦-static,e,-1.679,3,0.3234,0.9301,False
Greek,離卦-dynamic,o,0.629,213,0.3234,0.9301,False
Greek,坤卦-dynamic,i,-0.515,207,0.3284,0.9396,False
Greek,艮卦-dynamic,f,0.514,32,0.3333,0.949,False
Greek,坎卦-static,e,-0.536,63,0.3383,0.9534,False
Greek,坎卦-static,f,-0.488,18,0.3383,0.9534,False
Greek,艮卦-static,ɲ,0.529,4,0.3483,0.9716,False
Greek,離卦-static,r,1.441,11,0.3731,0.9769,False
Greek,離卦-static,a,1.347,19,0.408,0.9769,False
Greek,離卦-static,k,1.282,7,0.4975,0.9769,False
Greek,離卦-static,i,1.28,21,0.408,0.9769,False
Greek,中卦-dynamic,t,-1.279,3,0.4229,0.9769,False
Greek,乾卦-dynamic,e,-1.206,5,0.4179,0.9769,False
Greek,乾卦-dynamic,v,1.176,5,0.403,0.9769,False
Greek,離卦-static,t,1.11,7,0.4925,0.9769,False
Greek,中卦-static,i,1.097,40,0.3632,0.9769,False
Greek,巽卦-dynamic,f,1.088,3,0.5075,0.9769,False
Greek,乾卦-dynamic,a,1.085,23,0.4577,0.9769,False
Greek,巽卦-static,e,-1.079,9,0.3881,0.9769,False
Greek,兌卦-static,k,1.063,8,0.4925,0.9769,False
Greek,離卦-static,l,-0.977,3,0.6318,0.9769,False
Greek,巽卦-dynamic,e,-0.962,4,0.5423,0.9769,False
Greek,中卦-static,l,0.94,12,0.4726,0.9769,False
Greek,乾卦-dynamic,k,-0.932,4,0.5473,0.9769,False
Greek,巽卦-dynamic,o,-0.908,9,0.5821,0.9769,False
Greek,巽卦-static,l,0.907,13,0.4577,0.9769,False
Greek,巽卦-dynamic,r,-0.893,5,0.592,0.9769,False
Greek,中卦-static,f,0.858,6,0.5075,0.9769,False
Greek,巽卦-dynamic,s,0.854,11,0.6269,0.9769,False
Greek,坎卦-dynamic,c,-0.835,4,0.3781,0.9769,False
Greek,兌卦-static,p,-0.828,3,0.597,0.9769,False
Greek,巽卦-dynamic,n,0.818,5,0.5821,0.9769,False
Greek,乾卦-static,k,-0.77,14,0.3582,0.9769,False
Greek,中卦-static,k,0.768,12,0.5124,0.9769,False
Greek,坎卦-dynamic,i,0.718,64,0.4975,0.9769,False
Greek,中卦-static,s,-0.698,15,0.5771,0.9769,False
Greek,巽卦-static,ð,0.696,7,0.5522,0.9769,False
Greek,巽卦-static,a,0.683,36,0.5473,0.9769,False
Greek,乾卦-static,o,0.668,68,0.4876,0.9769,False
Greek,巽卦-static,p,-0.658,6,0.6468,0.9769,False
Greek,坤卦-static,t,-0.641,22,0.4279,0.9769,False
Greek,乾卦-static,i,-0.641,58,0.4677,0.9769,False
Greek,中卦-static,e,-0.627,10,0.6517,0.9769,False
Greek,兌卦-static,a,-0.607,15,0.6866,0.9769,False
Greek,巽卦-static,k,-0.602,8,0.6169,0.9769,False
Greek,乾卦-dynamic,ð,0.585,4,0.6915,0.9769,False
Greek,巽卦-static,f,-0.583,3,0.602,0.9769,False
Greek,乾卦-dynamic,l,0.574,7,0.6716,0.9769,False
Greek,坤卦-static,a,-0.562,71,0.4428,0.9769,False
Greek,震卦-dynamic,z,-0.56,5,0.3731,0.9769,False
Greek,中卦-static,ð,-0.558,4,0.6617,0.9769,False
Greek,坎卦-dynamic,r,0.551,30,0.5721,0.9769,False
Greek,中卦-static,v,-0.547,3,0.6915,0.9769,False
Greek,坤卦-static,s,-0.525,46,0.4925,0.9769,False
Greek,震卦-dynamic,s,-0.523,58,0.4328,0.9769,False
Greek,巽卦-static,r,0.522,19,0.6667,0.9769,False
Greek,震卦-dynamic,ð,0.522,22,0.3731,0.9769,False
Greek,坎卦-dynamic,d,0.508,3,0.6766,0.9769,False
Greek,坤卦-static,c,0.507,14,0.4229,0.9769,False
Greek,乾卦-static,p,0.491,20,0.5572,0.9769,False
Greek,坎卦-static,u,-0.487,13,0.3632,0.9769,False
Greek,震卦-static,v,-0.485,17,0.3881,0.9769,False
Greek,坎卦-static,j,-0.48,9,0.4478,0.9769,False
Greek,坤卦-static,θ,0.47,9,0.5323,0.9769,False
Greek,震卦-dynamic,u,-0.465,8,0.4129,0.9769,False
Greek,坤卦-static,r,-0.459,37,0.4527,0.9769,False
Greek,離卦-dynamic,u,-0.441,15,0.4279,0.9769,False
Greek,兌卦-dynamic,r,-0.441,68,0.4478,0.9769,False
Greek,震卦-static,d,0.435,9,0.408,0.9769,False
Greek,震卦-dynamic,v,-0.433,12,0.4677,0.9769,False
Greek,離卦-dynamic,d,0.432,11,0.408,0.9769,False
Greek,坤卦-dynamic,x,-0.42,10,0.4925,0.9769,False
Greek,艮卦-static,o,-0.415,144,0.4179,0.9769,False
Greek,離卦-dynamic,i,-0.411,194,0.4527,0.9769,False
Greek,坤卦-dynamic,r,-0.41,94,0.3831,0.9769,False
Greek,震卦-dynamic,d,-0.41,3,0.4577,0.9769,False
Greek,乾卦-static,r,0.409,35,0.6169,0.9769,False
Greek,艮卦-static,i,0.405,214,0.4129,0.9769,False
Greek,坤卦-dynamic,d,-0.403,6,0.4378,0.9769,False
Greek,坤卦-static,ʎ,0.398,3,0.5821,0.9769,False
Greek,艮卦-dynamic,t,0.394,69,0.5174,0.9769,False
Greek,震卦-static,c,-0.393,17,0.4478,0.9769,False
Greek,坤卦-dynamic,l,-0.38,56,0.4577,0.9769,False
Greek,震卦-static,e,-0.37,59,0.4925,0.9769,False
Greek,坤卦-dynamic,u,0.364,35,0.4726,0.9769,False
Greek,乾卦-static,a,-0.361,54,0.6866,0.9769,False
Greek,震卦-static,i,0.357,187,0.4975,0.9769,False
Greek,艮卦-dynamic,ʎ,-0.348,3,0.5473,0.9769,False
Greek,震卦-static,ɡ,0.34,6,0.5323,0.9769,False
Greek,坎卦-static,k,0.335,64,0.5075,0.9769,False
Greek,艮卦-dynamic,m,-0.333,41,0.4627,0.9769,False
Greek,震卦-static,j,-0.321,9,0.5821,0.9769,False
Greek,震卦-dynamic,k,-0.321,30,0.5572,0.9769,False
Greek,坤卦-dynamic,f,-0.319,24,0.5224,0.9769,False
Greek,離卦-dynamic,f,-0.315,22,0.5522,0.9769,False
Greek,坎卦-static,i,0.306,210,0.5672,0.9769,False
Greek,震卦-static,o,-0.304,132,0.5821,0.9769,False
Greek,震卦-static,t͡s,0.303,8,0.6219,0.9769,False
Greek,坤卦-dynamic,m,-0.294,49,0.5522,0.9769,False
Greek,坤卦-dynamic,p,0.29,64,0.6219,0.9769,False
Greek,艮卦-static,a,0.28,184,0.5174,0.9769,False
Greek,艮卦-dynamic,r,-0.276,84,0.6318,0.9769,False
Greek,震卦-static,x,-0.274,9,0.6766,0.9769,False
Greek,坤卦-dynamic,k,0.272,74,0.5821,0.9769,False
Greek,震卦-static,n,-0.27,41,0.6716,0.9769,False
Greek,艮卦-static,m,-0.269,42,0.6567,0.9769,False
Greek,坤卦-static,ɣ,0.268,9,0.6766,0.9769,False
Greek,艮卦-dynamic,l,-0.267,50,0.6368,0.9769,False
Greek,震卦-static,s,0.263,110,0.6219,0.9769,False
Greek,艮卦-static,d,-0.252,6,0.602,0.9769,False
Greek,坎卦-static,b,-0.247,4,0.607,0.9769,False
Greek,艮卦-dynamic,e,0.24,82,0.6219,0.9769,False
Greek,艮卦-static,e,-0.238,70,0.6617,0.9769,False
Greek,坎卦-static,p,-0.221,43,0.6269,0.9769,False
Greek,艮卦-static,b,0.218,6,0.6617,0.9769,False
Greek,離卦-dynamic,c,-0.217,23,0.5871,0.9769,False
Greek,艮卦-dynamic,v,-0.214,24,0.6816,0.9769,False
Greek,震卦-static,t,0.213,57,0.6617,0.9769,False
Greek,兌卦-dynamic,p,0.194,45,0.6816,0.9769,False
Greek,離卦-dynamic,r,0.153,103,0.6915,0.9769,False
Greek,離卦-dynamic,t,-0.171,61,0.6965,0.9815,False
Greek,兌卦-static,i,-0.685,17,0.7015,0.9822,False
Greek,兌卦-static,t,-0.504,5,0.7114,0.9822,False
Greek,中卦-static,n,-0.488,7,0.7065,0.9822,False
Greek,坤卦-static,m,0.26,25,0.7065,0.9822,False
Greek,離卦-dynamic,a,-0.243,176,0.7114,0.9822,False
Greek,艮卦-dynamic,p,-0.235,43,0.7114,0.9822,False
Greek,坤卦-dynamic,o,0.181,206,0.7065,0.9822,False
Greek,震卦-static,ɣ,0.176,16,0.7164,0.9822,False
Greek,離卦-static,u,0.682,3,0.7761,0.9835,False
Greek,兌卦-static,e,0.561,9,0.7363,0.9835,False
Greek,離卦-static,p,-0.546,3,0.7662,0.9835,False
Greek,乾卦-dynamic,m,-0.481,4,0.7761,0.9835,False
Greek,巽卦-static,o,0.471,34,0.7413,0.9835,False
Greek,乾卦-dynamic,i,0.463,23,0.7313,0.9835,False
Greek,中卦-dynamic,n,-0.41,4,0.7662,0.9835,False
Greek,中卦-static,x,0.4,3,0.7662,0.9835,False
Greek,中卦-static,o,-0.378,24,0.7811,0.9835,False
Greek,巽卦-static,v,0.358,6,0.7711,0.9835,False
Greek,坤卦-static,j,0.283,7,0.7711,0.9835,False
Greek,坎卦-dynamic,o,0.243,50,0.7861,0.9835,False
Greek,艮卦-dynamic,k,-0.213,53,0.7463,0.9835,False
Greek,兌卦-dynamic,u,0.21,23,0.7562,0.9835,False
Greek,震卦-dynamic,ŋ,0.204,3,0.7413,0.9835,False
Greek,艮卦-dynamic,x,0.202,16,0.7562,0.9835,False
Greek,震卦-dynamic,r,-0.197,51,0.7612,0.9835,False
Greek,坤卦-static,d,-0.196,3,0.7711,0.9835,False
Greek,坤卦-dynamic,b,-0.193,5,0.7413,0.9835,False
Greek,艮卦-dynamic,z,0.182,20,0.7711,0.9835,False
Greek,艮卦-static,ɣ,0.161,18,0.7612,0.9835,False
Greek,離卦-dynamic,ɡ,-0.15,4,0.7711,0.9835,False
Greek,艮卦-dynamic,o,0.146,174,0.7413,0.9835,False
Greek,艮卦-dynamic,n,0.124,54,0.7612,0.9835,False
Greek,巽卦-dynamic,p,-0.373,3,0.791,0.9853,False
Greek,乾卦-static,u,0.197,9,0.791,0.9853,False
Greek,中卦-dynamic,s,0.469,12,0.806,0.9863,False
Greek,巽卦-static,n,-0.38,8,0.801,0.9863,False
Greek,坎卦-dynamic,f,-0.247,6,0.806,0.9863,False
Greek,坎卦-static,r,-0.148,87,0.801,0.9863,False
Greek,震卦-dynamic,x,-0.145,7,0.806,0.9863,False
Greek,離卦-dynamic,v,-0.142,27,0.796,0.9863,False
Greek,艮卦-static,x,0.129,15,0.801,0.9863,False
Greek,兌卦-static,s,0.372,13,0.8358,0.9906,False
Greek,兌卦-static,o,-0.331,15,0.8259,0.9906,False
Greek,中卦-static,p,0.314,9,0.8259,0.9906,False
Greek,乾卦-dynamic,o,-0.286,16,0.8259,0.9906,False
Greek,中卦-static,m,-0.242,7,0.8408,0.9906,False
Greek,坎卦-dynamic,x,-0.236,3,0.8358,0.9906,False
Greek,中卦-static,a,-0.213,27,0.8507,0.9906,False
Greek,巽卦-static,t,-0.211,10,0.8557,0.9906,False
Greek,坎卦-dynamic,t,0.179,18,0.8507,0.9906,False
Greek,坎卦-static,l,-0.145,52,0.8308,0.9906,False
Greek,震卦-static,l,-0.135,46,0.8507,0.9906,False
Greek,艮卦-static,u,0.127,25,0.8159,0.9906,False
Greek,艮卦-dynamic,t͡s,-0.126,4,0.8408,0.9906,False
Greek,艮卦-static,l,0.116,57,0.8507,0.9906,False
Greek,離卦-dynamic,p,-0.112,49,0.8458,0.9906,False
Greek,坤卦-dynamic,ɲ,0.102,3,0.8458,0.9906,False
Greek,震卦-dynamic,j,0.102,8,0.8358,0.9906,False
Greek,兌卦-dynamic,d,0.091,7,0.8458,0.9906,False
Greek,坤卦-dynamic,θ,0.083,19,0.8557,0.9906,False
Greek,震卦-static,f,-0.065,21,0.8607,0.9923,False
Greek,乾卦-dynamic,n,-0.238,5,0.8657,0.9951,False
Greek,坎卦-dynamic,a,-0.146,47,0.8955,0.9951,False
Greek,坤卦-static,v,-0.121,12,0.8856,0.9951,False
Greek,離卦-static,s,0.113,10,0.9303,0.9951,False
Greek,坤卦-static,k,-0.098,26,0.9254,0.9951,False
Greek,中卦-dynamic,k,-0.098,5,0.9602,0.9951,False
Greek,兌卦-static,m,0.093,5,0.9652,0.9951,False
Greek,兌卦-dynamic,v,0.093,25,0.8955,0.9951,False
Greek,乾卦-static,f,-0.091,8,0.9204,0.9951,False
Greek,乾卦-static,n,-0.085,17,0.9303,0.9951,False
Greek,離卦-dynamic,n,0.08,57,0.9005,0.9951,False
Greek,坎卦-dynamic,p,-0.076,13,0.9403,0.9951,False
Greek,震卦-static,k,-0.07,49,0.9005,0.9951,False
Greek,坤卦-static,x,-0.066,6,0.9005,0.9951,False
Greek,坎卦-static,o,-0.064,162,0.9055,0.9951,False
Greek,坎卦-dynamic,u,-0.062,6,0.9303,0.9951,False
Greek,兌卦-dynamic,x,-0.062,11,0.8756,0.9951,False
Greek,坤卦-static,i,-0.059,92,0.9204,0.9951,False
Greek,震卦-static,ŋ,-0.054,3,0.9055,0.9951,False
Greek,坎卦-dynamic,z,0.047,5,0.9701,0.9951,False
Greek,中卦-static,c,0.047,4,0.9602,0.9951,False
Greek,震卦-dynamic,θ,-0.047,9,0.9154,0.9951,False
Greek,乾卦-static,l,0.047,19,0.9502,0.9951,False
Greek,震卦-static,a,0.046,154,0.9552,0.9951,False
Greek,兌卦-dynamic,c,0.046,21,0.9403,0.9951,False
Greek,坎卦-static,x,0.044,14,0.9403,0.9951,False
Greek,艮卦-dynamic,ɣ,0.043,17,0.9602,0.9951,False
Greek,兌卦-dynamic,ŋ,-0.042,3,0.9552,0.9951,False
Greek,坤卦-dynamic,t,-0.04,70,0.9303,0.9951,False
Greek,艮卦-static,t͡s,-0.039,5,0.9403,0.9951,False
Greek,艮卦-static,r,-0.038,90,0.9403,0.9951,False
Greek,坤卦-static,n,-0.034,24,0.9652,0.9951,False
Greek,兌卦-dynamic,f,-0.028,21,0.9502,0.9951,False
Greek,坎卦-static,m,0.022,48,0.9602,0.9951,False
Greek,艮卦-static,ð,0.015,31,0.9701,0.9951,False
Greek,艮卦-dynamic,u,0.015,23,0.9652,0.9951,False
Greek,中卦-dynamic,e,0.054,7,0.9801,0.9998,False
Greek,巽卦-static,ɣ,0.024,3,0.9801,0.9998,False
Greek,兌卦-dynamic,ʎ,0.019,4,0.9801,0.9998,False
Greek,坎卦-static,a,-0.021,172,0.99,1.0,False
Greek,離卦-dynamic,ŋ,-0.006,4,0.995,1.0,False
Greek,中卦-static,r,0.004,15,0.995,1.0,False
Hebrew,巽卦-static,ə,3.965,12,0.005,0.3383,False
Hebrew,巽卦-static,b,-3.834,3,0.005,0.3383,False
Hebrew,巽卦-static,k,3.74,8,0.01,0.3383,False
Hebrew,巽卦-static,o,3.548,18,0.005,0.3383,False
Hebrew,巽卦-static,ʔ,3.497,13,0.01,0.3383,False
Hebrew,巽卦-static,u,-3.482,6,0.01,0.3383,False
Hebrew,震卦-dynamic,x,2.726,6,0.01,0.3383,False
Hebrew,兌卦-dynamic,l,2.251,142,0.005,0.3383,False
Hebrew,震卦-static,ɛ,2.127,162,0.005,0.3383,False
Hebrew,坎卦-static,ʁ,2.122,38,0.01,0.3383,False
Hebrew,艮卦-dynamic,ɒ,1.583,43,0.01,0.3383,False
Hebrew,艮卦-dynamic,ɪ,1.583,43,0.01,0.3383,False
Hebrew,艮卦-static,f,1.439,111,0.01,0.3383,False
Hebrew,震卦-static,ɡ,1.369,132,0.005,0.3383,False
Hebrew,巽卦-static,r,3.381,12,0.0149,0.3654,False
Hebrew,離卦-dynamic,ɑ,1.411,82,0.0149,0.3654,False
Hebrew,坤卦-dynamic,ɒ,1.338,57,0.0149,0.3654,False
Hebrew,坤卦-dynamic,ɪ,1.338,57,0.0149,0.3654,False
Hebrew,震卦-static,ɑ,-1.246,20,0.0149,0.3654,False
Hebrew,震卦-static,ʁ,1.209,30,0.0149,0.3654,False
Hebrew,離卦-static,v,3.25,12,0.0199,0.42,False
Hebrew,巽卦-static,n,2.696,13,0.0199,0.42,False
Hebrew,坤卦-static,l,-1.461,18,0.0199,0.42,False
Hebrew,坎卦-static,χ,1.395,88,0.0199,0.42,False
Hebrew,兌卦-dynamic,ɒ,1.475,31,0.0299,0.5373,False
Hebrew,兌卦-dynamic,ɪ,1.475,31,0.0299,0.5373,False
Hebrew,艮卦-static,m,-1.005,125,0.0299,0.5373,False
Hebrew,巽卦-static,z,3.062,4,0.0348,0.5465,False
Hebrew,巽卦-static,t,2.777,15,0.0348,0.5465,False
Hebrew,乾卦-dynamic,e,-2.311,14,0.0348,0.5465,False
Hebrew,艮卦-static,j,-1.172,75,0.0348,0.5465,False
Hebrew,坤卦-dynamic,ɑ,-0.929,38,0.0348,0.5465,False
Hebrew,坤卦-static,m,1.426,111,0.0398,0.609,False
Hebrew,坤卦-dynamic,d,1.089,295,0.0448,0.6684,False
Hebrew,巽卦-static,i,-2.507,14,0.0498,0.7249,False
Hebrew,震卦-dynamic,l,1.361,89,0.0547,0.7612,False
Hebrew,乾卦-dynamic,s,2.402,17,0.0597,0.8119,False
Hebrew,震卦-dynamic,f,1.203,47,0.0647,0.8246,False
Hebrew,艮卦-dynamic,f,-0.959,34,0.0647,0.8246,False
Hebrew,坤卦-dynamic,s,-0.938,40,0.0647,0.8246,False
Hebrew,巽卦-static,d,-2.188,5,0.0697,0.8525,False
Hebrew,兌卦-dynamic,ɡ,-1.152,38,0.0697,0.8525,False
Hebrew,中卦-dynamic,z,2.126,6,0.0746,0.8924,False
Hebrew,中卦-static,m,1.846,57,0.0846,0.8924,False
Hebrew,坤卦-static,d,-1.219,73,0.0846,0.8924,False
Hebrew,坎卦-static,ɛ,1.135,123,0.0796,0.8924,False
Hebrew,艮卦-dynamic,i,0.981,465,0.0846,0.8924,False
Hebrew,震卦-static,n,-0.869,104,0.0846,0.8924,False
Hebrew,離卦-static,e,2.577,15,0.1244,0.8996,False
Hebrew,巽卦-static,s,2.467,6,0.0896,0.8996,False
Hebrew,巽卦-static,a,2.374,24,0.0896,0.8996,False
Hebrew,巽卦-dynamic,a,-2.297,36,0.0995,0.8996,False
Hebrew,巽卦-dynamic,ɑ,2.156,14,0.1294,0.8996,False
Hebrew,坎卦-static,s,-0.98,26,0.0945,0.8996,False
Hebrew,坎卦-static,k,-0.913,19,0.0945,0.8996,False
Hebrew,坎卦-static,m,-0.908,98,0.1194,0.8996,False
Hebrew,艮卦-dynamic,v,-0.903,97,0.1144,0.8996,False
Hebrew,離卦-dynamic,χ,0.866,81,0.1244,0.8996,False
Hebrew,離卦-dynamic,r,-0.854,23,0.1194,0.8996,False
Hebrew,離卦-dynamic,l,0.838,136,0.0995,0.8996,False
Hebrew,艮卦-dynamic,o,-0.837,54,0.1244,0.8996,False
Hebrew,離卦-dynamic,k,-0.834,23,0.1294,0.8996,False
Hebrew,坎卦-static,f,0.806,70,0.1045,0.8996,False
Hebrew,離卦-dynamic,ɒ,-0.806,14,0.1294,0.8996,False
Hebrew,離卦-dynamic,ɪ,-0.806,14,0.1294,0.8996,False
Hebrew,震卦-static,x,0.798,5,0.1045,0.8996,False
Hebrew,震卦-static,ɒ,-0.789,14,0.1144,0.8996,False
Hebrew,震卦-static,ɪ,-0.789,14,0.1144,0.8996,False
Hebrew,艮卦-static,n,-0.778,137,0.1294,0.8996,False
Hebrew,震卦-static,a,0.775,426,0.1244,0.8996,False
Hebrew,坤卦-dynamic,e,-0.771,269,0.1095,0.8996,False
Hebrew,艮卦-static,r,-0.749,36,0.1294,0.8996,False
Hebrew,艮卦-dynamic,j,-0.747,74,0.1294,0.8996,False
Hebrew,巽卦-static,χ,1.989,5,0.1343,0.9103,False
Hebrew,坎卦-dynamic,m,-1.455,23,0.1393,0.9103,False
Hebrew,乾卦-static,f,1.16,27,0.1393,0.9103,False
Hebrew,離卦-dynamic,n,-0.882,105,0.1443,0.9103,False
Hebrew,兌卦-dynamic,v,-0.88,73,0.1343,0.9103,False
Hebrew,艮卦-static,ɛ,0.721,147,0.1443,0.9103,False
Hebrew,震卦-static,o,-0.694,66,0.1443,0.9103,False
Hebrew,坤卦-dynamic,n,0.685,252,0.1443,0.9103,False
Hebrew,坤卦-dynamic,i,0.679,642,0.1443,0.9103,False
Hebrew,兌卦-static,t,2.618,14,0.1592,0.9159,False
Hebrew,中卦-dynamic,j,1.82,16,0.1642,0.9159,False
Hebrew,巽卦-static,l,1.725,8,0.1841,0.9159,False
Hebrew,乾卦-dynamic,p,1.542,3,0.1542,0.9159,False
Hebrew,中卦-static,a,-1.401,75,0.1741,0.9159,False
Hebrew,坎卦-dynamic,d,1.4,65,0.1642,0.9159,False
Hebrew,坎卦-dynamic,v,1.331,62,0.1841,0.9159,False
Hebrew,乾卦-static,ʁ,1.233,10,0.1741,0.9159,False
Hebrew,坤卦-static,ɑ,0.949,37,0.1642,0.9159,False
Hebrew,震卦-dynamic,ɒ,0.888,20,0.1841,0.9159,False
Hebrew,震卦-dynamic,ɪ,0.888,20,0.1841,0.9159,False
Hebrew,坎卦-static,ɡ,0.867,110,0.1642,0.9159,False
Hebrew,兌卦-dynamic,χ,0.865,58,0.1741,0.9159,False
Hebrew,離卦-dynamic,a,0.813,435,0.1741,0.9159,False
Hebrew,離卦-dynamic,d,0.781,205,0.1493,0.9159,False
Hebrew,艮卦-dynamic,χ,-0.777,38,0.1741,0.9159,False
Hebrew,艮卦-dynamic,l,0.769,128,0.1741,0.9159,False
Hebrew,艮卦-dynamic,ʃ,0.749,213,0.1741,0.9159,False
Hebrew,艮卦-static,b,0.74,448,0.1692,0.9159,False
Hebrew,坎卦-static,ʃ,0.716,205,0.1841,0.9159,False
Hebrew,艮卦-dynamic,k,-0.714,26,0.1841,0.9159,False
Hebrew,坎卦-static,a,0.709,400,0.1741,0.9159,False
Hebrew,艮卦-static,v,-0.701,138,0.1791,0.9159,False
Hebrew,坤卦-dynamic,k,-0.671,39,0.1692,0.9159,False
Hebrew,離卦-static,i,-2.389,12,0.194,0.9205,False
Hebrew,乾卦-static,t,-1.037,35,0.194,0.9205,False
Hebrew,艮卦-static,h,0.752,502,0.194,0.9205,False
Hebrew,艮卦-static,ɹ,0.731,433,0.194,0.9205,False
Hebrew,坤卦-dynamic,v,-0.65,156,0.1891,0.9205,False
Hebrew,艮卦-dynamic,ʁ,0.623,23,0.194,0.9205,False
Hebrew,坎卦-static,r,-0.673,31,0.204,0.9603,False
Hebrew,坤卦-static,ɡ,-0.885,32,0.209,0.9762,False
Hebrew,震卦-dynamic,v,-0.916,56,0.2139,0.9919,False
Hebrew,離卦-static,j,1.958,7,0.2189,0.9924,False
Hebrew,乾卦-static,d,-1.001,48,0.2189,0.9924,False
Hebrew,艮卦-dynamic,ɑ,-0.689,32,0.2189,0.9924,False
Hebrew,兌卦-static,ɡ,2.16,7,0.2388,0.9966,False
Hebrew,離卦-static,m,1.863,9,0.2438,0.9966,False
Hebrew,離卦-static,ʔ,1.753,7,0.2289,0.9966,False
Hebrew,乾卦-dynamic,j,1.579,22,0.2338,0.9966,False
Hebrew,離卦-static,r,1.499,6,0.3035,0.9966,False
Hebrew,兌卦-static,d,1.492,10,0.4826,0.9966,False
Hebrew,巽卦-dynamic,m,-1.489,11,0.3682,0.9966,False
Hebrew,中卦-dynamic,n,-1.434,7,0.2438,0.9966,False
Hebrew,巽卦-dynamic,d,-1.4,19,0.3333,0.9966,False
Hebrew,巽卦-dynamic,ʃ,1.376,35,0.398,0.9966,False
Hebrew,中卦-dynamic,e,1.373,29,0.2985,0.9966,False
Hebrew,中卦-dynamic,ɡ,1.323,12,0.3085,0.9966,False
Hebrew,離卦-static,a,-1.312,12,0.4527,0.9966,False
Hebrew,離卦-static,ɹ,-1.306,7,0.3483,0.9966,False
Hebrew,乾卦-dynamic,o,1.3,29,0.2935,0.9966,False
Hebrew,離卦-static,h,-1.26,9,0.4328,0.9966,False
Hebrew,巽卦-dynamic,χ,-1.216,4,0.4328,0.9966,False
Hebrew,巽卦-static,j,1.213,7,0.3731,0.9966,False
Hebrew,乾卦-dynamic,l,-1.212,6,0.3035,0.9966,False
Hebrew,離卦-static,n,1.175,8,0.5423,0.9966,False
Hebrew,坎卦-dynamic,i,1.146,142,0.2289,0.9966,False
Hebrew,巽卦-dynamic,u,1.137,59,0.4378,0.9966,False
Hebrew,巽卦-static,e,-1.131,8,0.408,0.9966,False
Hebrew,兌卦-static,s,1.129,4,0.6169,0.9966,False
Hebrew,巽卦-dynamic,i,1.109,69,0.4328,0.9966,False
Hebrew,中卦-dynamic,m,1.105,18,0.3333,0.9966,False
Hebrew,乾卦-dynamic,ʃ,-1.033,19,0.4428,0.9966,False
Hebrew,乾卦-dynamic,ɛ,-1.023,8,0.4279,0.9966,False
Hebrew,巽卦-dynamic,ʁ,1.022,4,0.5075,0.9966,False
Hebrew,中卦-static,ɡ,-1.019,14,0.4129,0.9966,False
Hebrew,坎卦-dynamic,ɑ,1.009,21,0.3383,0.9966,False
Hebrew,乾卦-static,j,0.992,47,0.2687,0.9966,False
Hebrew,離卦-static,u,-0.99,11,0.5274,0.9966,False
Hebrew,乾卦-dynamic,χ,0.972,11,0.4627,0.9966,False
Hebrew,坎卦-dynamic,χ,-0.97,10,0.3085,0.9966,False
Hebrew,乾卦-dynamic,n,0.969,26,0.4478,0.9966,False
Hebrew,兌卦-static,j,-0.966,3,0.6567,0.9966,False
Hebrew,乾卦-static,v,-0.949,32,0.2289,0.9966,False
Hebrew,巽卦-dynamic,f,0.938,11,0.5522,0.9966,False
Hebrew,中卦-static,n,-0.935,25,0.3383,0.9966,False
Hebrew,中卦-static,f,0.928,19,0.3682,0.9966,False
Hebrew,巽卦-dynamic,h,0.925,59,0.5025,0.9966,False
Hebrew,乾卦-dynamic,ɡ,-0.909,8,0.4627,0.9966,False
Hebrew,巽卦-dynamic,j,-0.9,10,0.5473,0.9966,False
Hebrew,巽卦-dynamic,ɹ,0.895,51,0.5323,0.9966,False
Hebrew,乾卦-dynamic,u,0.892,53,0.4279,0.9966,False
Hebrew,坤卦-static,s,-0.882,16,0.2338,0.9966,False
Hebrew,中卦-static,ɑ,0.877,17,0.3632,0.9966,False
Hebrew,坎卦-dynamic,s,-0.872,9,0.3184,0.9966,False
Hebrew,巽卦-dynamic,ɒ,0.866,5,0.5771,0.9966,False
Hebrew,巽卦-dynamic,ɪ,0.866,5,0.5771,0.9966,False
Hebrew,中卦-static,u,0.86,98,0.3831,0.9966,False
Hebrew,巽卦-dynamic,n,0.843,27,0.592,0.9966,False
Hebrew,坎卦-dynamic,n,-0.837,31,0.3532,0.9966,False
Hebrew,乾卦-static,ɡ,0.833,38,0.3085,0.9966,False
Hebrew,兌卦-static,u,-0.829,13,0.6965,0.9966,False
Hebrew,離卦-static,k,0.823,3,0.602,0.9966,False
Hebrew,坤卦-static,ɒ,0.804,18,0.2935,0.9966,False
Hebrew,坤卦-static,ɪ,0.804,18,0.2935,0.9966,False
Hebrew,兌卦-static,a,-0.8,15,0.6617,0.9966,False
Hebrew,坤卦-static,j,-0.792,39,0.2239,0.9966,False
Hebrew,中卦-static,e,0.791,70,0.4179,0.9966,False
Hebrew,乾卦-static,s,-0.782,11,0.3483,0.9966,False
Hebrew,中卦-static,o,0.774,44,0.4826,0.9966,False
Hebrew,乾卦-static,n,0.765,61,0.3682,0.9966,False
Hebrew,離卦-static,ʃ,-0.764,6,0.5672,0.9966,False
Hebrew,巽卦-dynamic,b,0.76,51,0.5721,0.9966,False
Hebrew,乾卦-dynamic,m,0.756,24,0.5373,0.9966,False
Hebrew,兌卦-static,r,0.753,5,0.7363,0.9966,False
Hebrew,巽卦-dynamic,ʔ,-0.748,5,0.597,0.9966,False
Hebrew,中卦-static,ʃ,0.746,54,0.4627,0.9966,False
Hebrew,離卦-static,d,-0.737,6,0.6716,0.9966,False
Hebrew,震卦-dynamic,h,0.73,225,0.2438,0.9966,False
Hebrew,震卦-dynamic,i,0.725,263,0.2886,0.9966,False
Hebrew,兌卦-static,m,-0.718,5,0.7463,0.9966,False
Hebrew,震卦-dynamic,χ,-0.713,23,0.3035,0.9966,False
Hebrew,坤卦-static,ʃ,0.71,114,0.3234,0.9966,False
Hebrew,兌卦-dynamic,ɛ,-0.709,51,0.2587,0.9966,False
Hebrew,震卦-dynamic,t,-0.705,71,0.2935,0.9966,False
Hebrew,兌卦-static,l,-0.697,3,0.7811,0.9966,False
Hebrew,坎卦-static,ɑ,-0.689,31,0.2587,0.9966,False
Hebrew,坎卦-dynamic,b,0.677,103,0.4677,0.9966,False
Hebrew,兌卦-dynamic,j,-0.677,57,0.2786,0.9966,False
Hebrew,坎卦-static,n,-0.667,108,0.2836,0.9966,False
Hebrew,中卦-static,ʔ,-0.654,10,0.5821,0.9966,False
Hebrew,坎卦-dynamic,e,-0.63,59,0.4826,0.9966,False
Hebrew,乾卦-static,a,0.63,138,0.4179,0.9966,False
Hebrew,中卦-static,d,-0.626,39,0.6119,0.9966,False
Hebrew,中卦-dynamic,u,0.626,35,0.6816,0.9966,False
Hebrew,坤卦-static,h,0.622,204,0.408,0.9966,False
Hebrew,坎卦-static,b,0.621,329,0.2537,0.9966,False
Hebrew,中卦-static,ɒ,-0.621,4,0.5473,0.9966,False
Hebrew,中卦-static,ɪ,-0.621,4,0.5473,0.9966,False
Hebrew,兌卦-dynamic,d,0.615,143,0.3134,0.9966,False
Hebrew,坤卦-static,i,0.611,241,0.3731,0.9966,False
Hebrew,震卦-dynamic,j,-0.61,46,0.3383,0.9966,False
Hebrew,震卦-static,j,-0.608,81,0.2239,0.9966,False
Hebrew,乾卦-dynamic,h,-0.608,38,0.5323,0.9966,False
Hebrew,離卦-dynamic,o,-0.604,74,0.3134,0.9966,False
Hebrew,巽卦-dynamic,ɡ,-0.596,10,0.7214,0.9966,False
Hebrew,坤卦-static,ɹ,0.593,175,0.3881,0.9966,False
Hebrew,坎卦-static,l,-0.593,68,0.3035,0.9966,False
Hebrew,震卦-dynamic,o,-0.591,42,0.3333,0.9966,False
Hebrew,中卦-dynamic,χ,-0.59,4,0.6866,0.9966,False
Hebrew,兌卦-static,ɛ,0.589,5,0.7612,0.9966,False
Hebrew,乾卦-static,ɛ,0.584,37,0.4627,0.9966,False
Hebrew,坤卦-dynamic,u,0.581,527,0.2537,0.9966,False
Hebrew,坎卦-static,t,-0.581,125,0.3234,0.9966,False
Hebrew,坎卦-dynamic,ʁ,-0.578,3,0.5224,0.9966,False
Hebrew,中卦-static,l,-0.575,18,0.6667,0.9966,False
Hebrew,艮卦-static,ʁ,-0.571,13,0.3134,0.9966,False
Hebrew,艮卦-static,ʔ,-0.57,57,0.3433,0.9966,False
Hebrew,兌卦-dynamic,i,0.569,331,0.3582,0.9966,False
Hebrew,震卦-static,v,-0.567,116,0.3184,0.9966,False
Hebrew,兌卦-static,e,0.564,12,0.7313,0.9966,False
Hebrew,坤卦-dynamic,l,-0.562,102,0.2736,0.9966,False
Hebrew,中卦-static,t,-0.562,33,0.6169,0.9966,False
Hebrew,乾卦-dynamic,d,0.558,26,0.5871,0.9966,False
Hebrew,巽卦-dynamic,o,-0.552,11,0.7164,0.9966,False
Hebrew,震卦-dynamic,ʁ,-0.548,6,0.4627,0.9966,False
Hebrew,艮卦-dynamic,d,0.544,190,0.2736,0.9966,False
Hebrew,坎卦-static,d,0.543,184,0.3582,0.9966,False
Hebrew,兌卦-dynamic,f,-0.543,32,0.3433,0.9966,False
Hebrew,乾卦-dynamic,z,0.543,4,0.6915,0.9966,False
Hebrew,中卦-dynamic,ʃ,-0.541,15,0.6716,0.9966,False
Hebrew,震卦-static,f,0.54,68,0.3085,0.9966,False
Hebrew,艮卦-dynamic,ɛ,0.536,108,0.3134,0.9966,False
Hebrew,坎卦-dynamic,ɹ,0.533,96,0.607,0.9966,False
Hebrew,乾卦-static,ɑ,-0.532,12,0.5721,0.9966,False
Hebrew,坎卦-static,v,0.53,162,0.3333,0.9966,False
Hebrew,坎卦-static,ʔ,-0.53,45,0.3831,0.9966,False
Hebrew,中卦-static,ɹ,0.527,81,0.597,0.9966,False
Hebrew,坎卦-dynamic,ʔ,-0.526,14,0.6219,0.9966,False
Hebrew,艮卦-dynamic,s,-0.525,40,0.3781,0.9966,False
Hebrew,震卦-static,m,-0.525,121,0.2836,0.9966,False
Hebrew,坎卦-dynamic,ʃ,0.512,61,0.6368,0.9966,False
Hebrew,坤卦-static,u,0.51,197,0.4328,0.9966,False
Hebrew,中卦-static,ɛ,-0.509,19,0.6269,0.9966,False
Hebrew,震卦-static,e,0.508,266,0.3383,0.9966,False
Hebrew,坎卦-dynamic,t,-0.505,40,0.592,0.9966,False
Hebrew,震卦-static,d,0.504,193,0.3632,0.9966,False
Hebrew,離卦-static,ɛ,-0.5,3,0.806,0.9966,False
Hebrew,乾卦-dynamic,f,-0.5,6,0.6816,0.9966,False
Hebrew,兌卦-dynamic,x,0.494,3,0.4527,0.9966,False
Hebrew,離卦-dynamic,h,0.492,382,0.3582,0.9966,False
Hebrew,巽卦-dynamic,s,-0.491,6,0.7363,0.9966,False
Hebrew,離卦-dynamic,z,-0.491,7,0.3134,0.9966,False
Hebrew,坤卦-static,o,-0.49,43,0.5323,0.9966,False
Hebrew,離卦-dynamic,f,-0.485,46,0.4229,0.9966,False
Hebrew,離卦-dynamic,ʔ,-0.483,51,0.403,0.9966,False
Hebrew,乾卦-dynamic,ɑ,-0.482,5,0.6468,0.9966,False
Hebrew,艮卦-static,ɡ,0.476,131,0.3532,0.9966,False
Hebrew,坎卦-static,ɒ,-0.476,17,0.4428,0.9966,False
Hebrew,坎卦-static,ɪ,-0.476,17,0.4428,0.9966,False
Hebrew,坎卦-dynamic,h,0.476,110,0.6219,0.9966,False
Hebrew,兌卦-dynamic,k,-0.476,25,0.4129,0.9966,False
Hebrew,震卦-dynamic,ɹ,0.47,183,0.5075,0.9966,False
Hebrew,艮卦-static,o,-0.468,105,0.3333,0.9966,False
Hebrew,坤卦-static,b,0.467,178,0.5373,0.9966,False
Hebrew,兌卦-static,ɹ,-0.467,11,0.801,0.9966,False
Hebrew,坎卦-dynamic,r,-0.466,13,0.6368,0.9966,False
Hebrew,中卦-static,r,-0.465,11,0.6866,0.9966,False
Hebrew,艮卦-dynamic,ə,-0.464,11,0.3234,0.9966,False
Hebrew,坎卦-static,j,-0.463,82,0.3731,0.9966,False
Hebrew,巽卦-dynamic,v,0.462,24,0.7512,0.9966,False
Hebrew,乾卦-dynamic,ɹ,-0.461,33,0.7065,0.9966,False
Hebrew,巽卦-dynamic,k,-0.459,5,0.806,0.9966,False
Hebrew,乾卦-static,ɒ,-0.459,6,0.5572,0.9966,False
Hebrew,乾卦-static,ɪ,-0.459,6,0.5572,0.9966,False
Hebrew,艮卦-dynamic,a,0.457,399,0.4279,0.9966,False
Hebrew,坎卦-static,ɹ,0.457,304,0.408,0.9966,False
Hebrew,離卦-dynamic,v,0.457,170,0.3881,0.9966,False
Hebrew,兌卦-static,i,-0.457,18,0.8109,0.9966,False
Hebrew,離卦-dynamic,ʁ,0.455,22,0.403,0.9966,False
Hebrew,艮卦-static,i,0.452,567,0.3483,0.9966,False
Hebrew,艮卦-dynamic,ɹ,0.446,313,0.4279,0.9966,False
Hebrew,艮卦-static,z,-0.445,10,0.4129,0.9966,False
Hebrew,離卦-dynamic,e,-0.443,215,0.4428,0.9966,False
Hebrew,坤卦-dynamic,t,-0.442,195,0.3781,0.9966,False
Hebrew,坎卦-dynamic,o,-0.442,25,0.6816,0.9966,False
Hebrew,震卦-dynamic,r,-0.439,26,0.5075,0.9966,False
Hebrew,中卦-dynamic,d,-0.438,15,0.7562,0.9966,False
Hebrew,坤卦-dynamic,ɹ,0.435,445,0.3731,0.9966,False
Hebrew,坤卦-dynamic,ʃ,0.432,285,0.3582,0.9966,False
Hebrew,離卦-dynamic,x,0.429,4,0.4677,0.9966,False
Hebrew,震卦-static,l,-0.427,79,0.398,0.9966,False
Hebrew,坎卦-dynamic,l,0.422,34,0.6915,0.9966,False
Hebrew,震卦-static,t,-0.422,141,0.3433,0.9966,False
Hebrew,震卦-static,h,0.42,370,0.4527,0.9966,False
Hebrew,震卦-dynamic,ɑ,0.419,33,0.5423,0.9966,False
Hebrew,乾卦-static,ə,0.419,20,0.6119,0.9966,False
Hebrew,坤卦-static,a,-0.415,189,0.5274,0.9966,False
Hebrew,中卦-dynamic,t,-0.415,13,0.7313,0.9966,False
Hebrew,坤卦-dynamic,b,0.414,466,0.403,0.9966,False
Hebrew,艮卦-dynamic,ʔ,-0.414,53,0.4627,0.9966,False
Hebrew,離卦-static,b,-0.411,11,0.801,0.9966,False
Hebrew,中卦-static,s,-0.408,11,0.7015,0.9966,False
Hebrew,中卦-static,j,-0.407,22,0.6716,0.9966,False
Hebrew,離卦-dynamic,ə,-0.401,15,0.4826,0.9966,False
Hebrew,兌卦-dynamic,h,0.399,268,0.4975,0.9966,False
Hebrew,中卦-dynamic,b,-0.395,26,0.7512,0.9966,False
Hebrew,乾卦-static,z,-0.393,3,0.6119,0.9966,False
Hebrew,坎卦-dynamic,ɛ,0.386,31,0.6716,0.9966,False
Hebrew,乾卦-static,e,-0.385,71,0.6766,0.9966,False
Hebrew,兌卦-dynamic,ʁ,-0.384,9,0.5522,0.9966,False
Hebrew,中卦-static,h,0.381,91,0.6965,0.9966,False
Hebrew,坎卦-dynamic,f,-0.376,14,0.7015,0.9966,False
Hebrew,離卦-dynamic,t,-0.374,146,0.4925,0.9966,False
Hebrew,艮卦-static,e,0.372,326,0.4876,0.9966,False
Hebrew,艮卦-static,u,0.372,461,0.5274,0.9966,False
Hebrew,兌卦-dynamic,r,-0.372,36,0.5174,0.9966,False
Hebrew,兌卦-dynamic,ə,-0.37,12,0.5522,0.9966,False
Hebrew,震卦-static,k,0.369,62,0.4527,0.9966,False
Hebrew,中卦-dynamic,h,-0.368,28,0.806,0.9966,False
Hebrew,乾卦-dynamic,b,-0.367,38,0.7015,0.9966,False
Hebrew,兌卦-static,χ,0.366,3,0.8557,0.9966,False
Hebrew,艮卦-dynamic,n,0.359,161,0.4179,0.9966,False
Hebrew,離卦-dynamic,ɹ,0.359,318,0.5174,0.9966,False
Hebrew,震卦-dynamic,u,0.356,207,0.5871,0.9966,False
Hebrew,坤卦-dynamic,p,-0.355,4,0.4925,0.9966,False
Hebrew,離卦-dynamic,ʃ,0.348,204,0.5721,0.9966,False
Hebrew,巽卦-static,m,-0.346,6,0.791,0.9966,False
Hebrew,坎卦-static,ə,-0.344,17,0.5124,0.9966,False
Hebrew,艮卦-static,ə,-0.339,23,0.4776,0.9966,False
Hebrew,艮卦-dynamic,b,0.337,322,0.5423,0.9966,False
Hebrew,坤卦-static,ʔ,-0.334,31,0.6318,0.9966,False
Hebrew,艮卦-dynamic,ɡ,0.332,97,0.5721,0.9966,False
Hebrew,兌卦-dynamic,o,-0.332,68,0.597,0.9966,False
Hebrew,艮卦-static,l,-0.331,105,0.5522,0.9966,False
Hebrew,震卦-static,i,-0.331,410,0.4776,0.9966,False
Hebrew,離卦-dynamic,i,0.33,450,0.5373,0.9966,False
Hebrew,坎卦-static,z,-0.327,10,0.592,0.9966,False
Hebrew,坤卦-static,n,-0.326,69,0.602,0.9966,False
Hebrew,坎卦-static,p,-0.326,3,0.6119,0.9966,False
Hebrew,中卦-static,ʁ,0.319,5,0.7811,0.9966,False
Hebrew,坤卦-dynamic,m,-0.318,182,0.4876,0.9966,False
Hebrew,艮卦-dynamic,e,-0.317,214,0.5025,0.9966,False
Hebrew,乾卦-dynamic,ʔ,-0.314,8,0.7811,0.9966,False
Hebrew,坤卦-static,k,-0.309,21,0.6716,0.9966,False
Hebrew,中卦-static,v,-0.308,32,0.7861,0.9966,False
Hebrew,坤卦-static,z,0.305,13,0.6368,0.9966,False
Hebrew,中卦-static,ə,-0.304,5,0.8109,0.9966,False
Hebrew,震卦-dynamic,b,0.304,186,0.7313,0.9966,False
Hebrew,巽卦-static,v,-0.303,6,0.791,0.9966,False
Hebrew,坤卦-static,t,-0.3,78,0.6567,0.9966,False
Hebrew,中卦-dynamic,s,0.3,6,0.791,0.9966,False
Hebrew,乾卦-static,l,-0.294,28,0.7264,0.9966,False
Hebrew,中卦-static,b,0.293,81,0.7861,0.9966,False
Hebrew,坤卦-dynamic,f,0.287,87,0.5821,0.9966,False
Hebrew,艮卦-static,d,0.287,235,0.5771,0.9966,False
Hebrew,離卦-dynamic,ɛ,0.287,104,0.6617,0.9966,False
Hebrew,巽卦-dynamic,ɛ,-0.286,12,0.8259,0.9966,False
Hebrew,震卦-dynamic,ʔ,-0.286,35,0.6119,0.9966,False
Hebrew,中卦-dynamic,v,-0.278,12,0.7711,0.9966,False
Hebrew,艮卦-static,a,0.275,502,0.5572,0.9966,False
Hebrew,中卦-dynamic,o,-0.274,9,0.8408,0.9966,False
Hebrew,震卦-dynamic,a,0.274,226,0.6716,0.9966,False
Hebrew,乾卦-dynamic,ə,0.274,7,0.8358,0.9966,False
Hebrew,震卦-static,r,-0.273,55,0.6219,0.9966,False
Hebrew,乾卦-static,χ,-0.27,17,0.7065,0.9966,False
Hebrew,震卦-dynamic,n,-0.268,76,0.7164,0.9966,False
Hebrew,離卦-dynamic,b,0.267,330,0.6617,0.9966,False
Hebrew,中卦-dynamic,i,-0.264,38,0.796,0.9966,False
Hebrew,艮卦-dynamic,h,0.261,349,0.6368,0.9966,False
Hebrew,艮卦-dynamic,t,-0.258,147,0.6368,0.9966,False
Hebrew,兌卦-static,b,-0.257,13,0.8607,0.9966,False
Hebrew,兌卦-dynamic,m,-0.257,97,0.6716,0.9966,False
Hebrew,乾卦-dynamic,v,0.256,21,0.806,0.9966,False
Hebrew,兌卦-static,h,-0.254,14,0.8856,0.9966,False
Hebrew,坤卦-dynamic,z,-0.253,17,0.597,0.9966,False
Hebrew,離卦-static,t,0.251,7,0.8856,0.9966,False
Hebrew,兌卦-static,v,0.251,7,0.9303,0.9966,False
Hebrew,艮卦-dynamic,z,-0.25,12,0.6468,0.9966,False
Hebrew,兌卦-static,n,-0.25,6,0.9204,0.9966,False
Hebrew,兌卦-dynamic,u,-0.25,238,0.7065,0.9966,False
Hebrew,兌卦-dynamic,n,-0.248,98,0.7114,0.9966,False
Hebrew,震卦-dynamic,ɡ,-0.245,46,0.7164,0.9966,False
Hebrew,兌卦-dynamic,ɹ,0.243,221,0.6866,0.9966,False
Hebrew,震卦-dynamic,s,-0.242,28,0.7711,0.9966,False
Hebrew,坤卦-dynamic,ə,-0.241,33,0.602,0.9966,False
Hebrew,坎卦-dynamic,ə,-0.238,7,0.7861,0.9966,False
Hebrew,震卦-static,p,0.238,9,0.6517,0.9966,False
Hebrew,震卦-dynamic,e,-0.237,127,0.7363,0.9966,False
Hebrew,坎卦-static,h,0.235,336,0.7114,0.9966,False
Hebrew,震卦-static,ɹ,0.234,303,0.6716,0.9966,False
Hebrew,兌卦-dynamic,p,-0.234,3,0.7164,0.9966,False
Hebrew,乾卦-static,h,0.229,117,0.801,0.9966,False
Hebrew,中卦-static,i,-0.227,103,0.801,0.9966,False
Hebrew,坤卦-dynamic,χ,0.226,89,0.592,0.9966,False
Hebrew,坤卦-static,ə,-0.224,13,0.7065,0.9966,False
Hebrew,艮卦-static,k,-0.219,54,0.6915,0.9966,False
Hebrew,中卦-dynamic,ɑ,-0.217,4,0.8756,0.9966,False
Hebrew,震卦-static,z,-0.217,13,0.6517,0.9966,False
Hebrew,艮卦-dynamic,r,-0.214,57,0.6915,0.9966,False
Hebrew,坎卦-dynamic,ɡ,0.211,28,0.801,0.9966,False
Hebrew,艮卦-static,p,0.21,11,0.7463,0.9966,False
Hebrew,兌卦-dynamic,ʔ,-0.21,48,0.7313,0.9966,False
Hebrew,震卦-dynamic,d,-0.202,97,0.7811,0.9966,False
Hebrew,坎卦-static,o,-0.201,98,0.7512,0.9966,False
Hebrew,中卦-static,k,0.199,14,0.8308,0.9966,False
Hebrew,中卦-dynamic,k,-0.196,4,0.9104,0.9966,False
Hebrew,兌卦-dynamic,a,0.195,286,0.7413,0.9966,False
Hebrew,坤卦-dynamic,r,-0.192,83,0.6866,0.9966,False
Hebrew,中卦-dynamic,ɛ,-0.187,8,0.8856,0.9966,False
Hebrew,兌卦-static,ʔ,-0.187,3,0.9552,0.9966,False
Hebrew,乾卦-dynamic,r,-0.185,8,0.8856,0.9966,False
Hebrew,坎卦-static,u,0.184,335,0.7562,0.9966,False
Hebrew,乾卦-static,ʃ,0.181,64,0.7612,0.9966,False
Hebrew,坤卦-static,ɛ,-0.18,46,0.8159,0.9966,False
Hebrew,坤卦-static,χ,0.176,33,0.801,0.9966,False
Hebrew,坎卦-static,i,-0.17,396,0.7811,0.9966,False
Hebrew,兌卦-dynamic,ɑ,0.164,38,0.7413,0.9966,False
Hebrew,艮卦-static,x,0.162,4,0.7761,0.9966,False
Hebrew,坤卦-dynamic,ʔ,-0.16,96,0.7463,0.9966,False
Hebrew,兌卦-static,ʃ,-0.156,8,0.9403,0.9966,False
Hebrew,巽卦-dynamic,l,-0.155,13,0.9204,0.9966,False
Hebrew,中卦-dynamic,ʔ,0.155,8,0.8657,0.9966,False
Hebrew,中卦-dynamic,ɹ,-0.153,25,0.9055,0.9966,False
Hebrew,乾卦-static,r,0.153,26,0.8458,0.9966,False
Hebrew,乾卦-dynamic,k,-0.153,6,0.9104,0.9966,False
Hebrew,艮卦-static,t,-0.144,198,0.801,0.9966,False
Hebrew,坎卦-dynamic,j,-0.144,29,0.8706,0.9966,False
Hebrew,震卦-static,b,0.144,317,0.806,0.9966,False
Hebrew,乾卦-dynamic,i,-0.142,56,0.9204,0.9966,False
Hebrew,巽卦-dynamic,z,0.139,3,0.9104,0.9966,False
Hebrew,震卦-dynamic,m,0.135,86,0.8209,0.9966,False
Hebrew,乾卦-dynamic,a,-0.131,50,0.8955,0.9966,False
Hebrew,巽卦-dynamic,e,0.13,35,0.9303,0.9966,False
Hebrew,兌卦-dynamic,b,0.129,230,0.8259,0.9966,False
Hebrew,坎卦-dynamic,a,-0.128,110,0.9104,0.9966,False
Hebrew,乾卦-dynamic,t,0.128,23,0.9104,0.9966,False
Hebrew,艮卦-dynamic,x,0.127,3,0.796,0.9966,False
Hebrew,乾卦-static,m,-0.127,46,0.8607,0.9966,False
Hebrew,離卦-static,o,0.124,5,0.9303,0.9966,False
Hebrew,震卦-dynamic,p,-0.122,3,0.8557,0.9966,False
Hebrew,乾卦-dynamic,ɒ,-0.118,3,0.9254,0.9966,False
Hebrew,乾卦-dynamic,ɪ,-0.118,3,0.9254,0.9966,False
Hebrew,乾卦-static,i,-0.115,139,0.8607,0.9966,False
Hebrew,震卦-static,ə,-0.11,31,0.8358,0.9966,False
Hebrew,乾卦-static,b,0.11,104,0.8458,0.9966,False
Hebrew,艮卦-static,ɒ,0.109,32,0.8159,0.9966,False
Hebrew,艮卦-static,ɪ,0.109,32,0.8159,0.9966,False
Hebrew,中卦-dynamic,r,0.107,7,0.9353,0.9966,False
Hebrew,坤卦-dynamic,ɡ,-0.106,119,0.7811,0.9966,False
Hebrew,震卦-dynamic,ɛ,-0.104,51,0.8905,0.9966,False
Hebrew,艮卦-dynamic,u,0.103,341,0.8507,0.9966,False
Hebrew,乾卦-static,u,-0.103,111,0.9204,0.9966,False
Hebrew,艮卦-static,ʃ,0.095,240,0.8856,0.9966,False
Hebrew,震卦-static,u,0.092,348,0.8458,0.9966,False
Hebrew,艮卦-dynamic,m,0.091,146,0.8507,0.9966,False
Hebrew,中卦-static,χ,0.091,15,0.9552,0.9966,False
Hebrew,坤卦-dynamic,o,-0.09,156,0.8458,0.9966,False
Hebrew,震卦-static,χ,-0.088,56,0.8209,0.9966,False
Hebrew,乾卦-static,o,-0.088,37,0.8905,0.9966,False
Hebrew,兌卦-static,o,-0.086,5,0.9801,0.9966,False
Hebrew,坤卦-dynamic,h,0.083,477,0.8806,0.9966,False
Hebrew,坤卦-static,v,-0.082,74,0.9055,0.9966,False
Hebrew,震卦-static,s,-0.081,54,0.8905,0.9966,False
Hebrew,巽卦-dynamic,t,-0.077,23,0.9801,0.9966,False
Hebrew,坤卦-dynamic,ʁ,-0.076,22,0.8706,0.9966,False
Hebrew,艮卦-static,s,0.075,74,0.8905,0.9966,False
Hebrew,中卦-dynamic,f,-0.074,5,0.9652,0.9966,False
Hebrew,離卦-dynamic,m,-0.073,144,0.8955,0.9966,False
Hebrew,坤卦-static,e,-0.065,123,0.8955,0.9966,False
Hebrew,兌卦-dynamic,z,-0.061,12,0.9403,0.9966,False
Hebrew,離卦-dynamic,j,-0.05,104,0.9104,0.9966,False
Hebrew,兌卦-dynamic,t,0.047,122,0.9204,0.9966,False
Hebrew,乾卦-static,k,-0.046,16,0.9403,0.9966,False
Hebrew,兌卦-dynamic,s,0.045,42,0.9303,0.9966,False
Hebrew,離卦-dynamic,s,-0.043,56,0.9353,0.9966,False
Hebrew,艮卦-static,ɑ,-0.042,60,0.9104,0.9966,False
Hebrew,坤卦-static,ʁ,0.04,9,0.9453,0.9966,False
Hebrew,坤卦-static,f,0.039,30,0.9602,0.9966,False
Hebrew,坎卦-dynamic,k,0.035,15,0.9602,0.9966,False
Hebrew,離卦-dynamic,ɡ,-0.034,89,0.9552,0.9966,False
Hebrew,兌卦-dynamic,e,-0.034,171,0.9502,0.9966,False
Hebrew,坎卦-dynamic,u,-0.029,100,0.9751,0.9966,False
Hebrew,離卦-dynamic,u,-0.029,346,0.9552,0.9966,False
Hebrew,坤卦-dynamic,j,-0.027,144,0.9502,0.9966,False
Hebrew,震卦-static,ʃ,-0.025,185,0.9403,0.9966,False
Hebrew,中卦-dynamic,a,-0.022,35,0.9701,0.9966,False
Hebrew,震卦-dynamic,k,-0.021,28,0.9552,0.9966,False
Hebrew,兌卦-dynamic,ʃ,0.02,136,0.9602,0.9966,False
Hebrew,艮卦-static,χ,0.017,74,0.9552,0.9966,False
Hebrew,乾卦-static,ʔ,0.011,26,0.99,0.9966,False
Hebrew,坎卦-static,e,0.01,225,0.9751,0.9966,False
Hebrew,坎卦-dynamic,ɒ,-0.01,7,0.99,0.9966,False
Hebrew,坎卦-dynamic,ɪ,-0.01,7,0.99,0.9966,False
Hebrew,中卦-dynamic,l,0.009,9,0.99,0.9966,False
Hebrew,震卦-dynamic,ʃ,0.009,106,0.9851,0.9966,False
Hebrew,坤卦-dynamic,ɛ,0.005,130,0.9851,0.9966,False
Hebrew,坤卦-dynamic,a,0.004,533,0.995,0.9999,False
Hebrew,乾卦-static,ɹ,0.004,94,1.0,1.0,False
Hebrew,坤卦-static,r,-0.001,37,1.0,1.0,False
Hebrew,震卦-static,ʔ,-0.001,78,1.0,1.0,False
Hindi,兌卦-static,ʂ,3.883,3,0.005,0.3003,False
Hindi,坎卦-static,ɲ,3.752,9,0.005,0.3003,False
Hindi,兌卦-dynamic,x,3.567,4,0.005,0.3003,False
Hindi,離卦-dynamic,ɖʰ,3.445,5,0.005,0.3003,False
Hindi,巽卦-static,ʌ,-2.968,3,0.005,0.3003,False
Hindi,乾卦-dynamic,ɾ,2.944,29,0.005,0.3003,False
Hindi,兌卦-dynamic,n,2.904,112,0.005,0.3003,False
Hindi,乾卦-static,ɟ,2.877,21,0.005,0.3003,False
Hindi,巽卦-static,ɖ,2.83,5,0.005,0.3003,False
Hindi,坤卦-static,pʰ,2.673,10,0.005,0.3003,False
Hindi,震卦-static,r,2.491,36,0.005,0.3003,False
Hindi,兌卦-dynamic,a,2.491,159,0.005,0.3003,False
Hindi,坤卦-static,bʰ,2.457,11,0.005,0.3003,False
Hindi,震卦-dynamic,c,2.423,19,0.005,0.3003,False
Hindi,艮卦-dynamic,dʰ,2.08,17,0.005,0.3003,False
Hindi,坤卦-dynamic,d,1.85,39,0.005,0.3003,False
Hindi,艮卦-dynamic,ʊ,1.794,44,0.005,0.3003,False
Hindi,乾卦-dynamic,ʃ,3.225,9,0.01,0.3927,False
Hindi,坎卦-static,ŋ,2.235,12,0.01,0.3927,False
Hindi,乾卦-static,b,1.996,21,0.01,0.3927,False
Hindi,兌卦-dynamic,o,1.722,39,0.01,0.3927,False
Hindi,艮卦-dynamic,u,1.68,32,0.01,0.3927,False
Hindi,艮卦-dynamic,p,-1.466,14,0.01,0.3927,False
Hindi,艮卦-dynamic,s,-1.203,22,0.01,0.3927,False
Hindi,艮卦-static,q,3.826,3,0.0149,0.4785,False
Hindi,兌卦-dynamic,ɪ,-1.5,19,0.0149,0.4785,False
Hindi,坤卦-dynamic,ʌ,1.473,91,0.0149,0.4785,False
Hindi,震卦-static,ɪ,-1.368,24,0.0149,0.4785,False
Hindi,震卦-static,m,1.263,49,0.0149,0.4785,False
Hindi,中卦-static,ĩ,3.429,3,0.0199,0.5104,False
Hindi,離卦-dynamic,ɛ̃,2.962,3,0.0199,0.5104,False
Hindi,巽卦-static,b,2.6,13,0.0199,0.5104,False
Hindi,乾卦-static,z,2.57,4,0.0199,0.5104,False
Hindi,震卦-dynamic,ɔ,1.754,10,0.0199,0.5104,False
Hindi,震卦-dynamic,ɛ,1.725,14,0.0199,0.5104,False
Hindi,離卦-dynamic,ẽ,1.692,11,0.0199,0.5104,False
Hindi,坤卦-dynamic,ʋ,1.266,45,0.0199,0.5104,False
Hindi,坎卦-static,ã,1.515,14,0.0249,0.5801,False
Hindi,艮卦-static,k,1.394,85,0.0249,0.5801,False
Hindi,坎卦-static,c,1.28,17,0.0249,0.5801,False
Hindi,震卦-static,ɾ,-1.172,57,0.0249,0.5801,False
Hindi,坎卦-dynamic,l,2.103,21,0.0299,0.6516,False
Hindi,艮卦-static,p,1.301,53,0.0299,0.6516,False
Hindi,兌卦-dynamic,i,-1.195,21,0.0299,0.6516,False
Hindi,巽卦-static,e,2.514,16,0.0348,0.7006,False
Hindi,坤卦-static,ʌ,1.491,38,0.0348,0.7006,False
Hindi,兌卦-dynamic,ə,-1.203,41,0.0348,0.7006,False
Hindi,艮卦-dynamic,ɾ,-1.199,58,0.0348,0.7006,False
Hindi,坎卦-dynamic,kʰ,2.043,5,0.0398,0.7164,False
Hindi,中卦-dynamic,ɛ,1.872,5,0.0398,0.7164,False
Hindi,離卦-dynamic,n,1.629,86,0.0398,0.7164,False
Hindi,震卦-dynamic,e,1.417,32,0.0398,0.7164,False
Hindi,震卦-static,kʰ,1.189,15,0.0398,0.7164,False
Hindi,坎卦-dynamic,m,2.034,15,0.0448,0.741,False
Hindi,震卦-dynamic,ɾ,-1.308,33,0.0448,0.741,False
Hindi,兌卦-dynamic,p,-1.291,14,0.0448,0.741,False
Hindi,艮卦-dynamic,k,-1.197,33,0.0448,0.741,False
Hindi,兌卦-static,ʈ,2.911,6,0.0697,0.7612,False
Hindi,中卦-static,p,2.109,12,0.0547,0.7612,False
Hindi,中卦-dynamic,cʰ,2.09,5,0.0846,0.7612,False
Hindi,巽卦-static,k,-1.951,4,0.0647,0.7612,False
Hindi,巽卦-static,ɔ,1.935,4,0.0597,0.7612,False
Hindi,乾卦-static,ə,1.566,54,0.0647,0.7612,False
Hindi,乾卦-static,m,1.448,22,0.0498,0.7612,False
Hindi,艮卦-dynamic,ɟʰ,1.255,7,0.0846,0.7612,False
Hindi,坤卦-dynamic,ũ,1.216,6,0.0547,0.7612,False
Hindi,兌卦-dynamic,j,-1.216,5,0.0498,0.7612,False
Hindi,坎卦-static,ɡʰ,1.197,7,0.0647,0.7612,False
Hindi,坤卦-dynamic,p,-1.191,19,0.0547,0.7612,False
Hindi,艮卦-dynamic,ʈʰ,1.172,6,0.0846,0.7612,False
Hindi,艮卦-static,o,-1.171,7,0.0498,0.7612,False
Hindi,離卦-dynamic,ɪ,1.157,61,0.0746,0.7612,False
Hindi,震卦-static,ɖ,1.151,13,0.0796,0.7612,False
Hindi,艮卦-dynamic,tʰ,1.114,12,0.0697,0.7612,False
Hindi,離卦-dynamic,i,-1.113,23,0.0796,0.7612,False
Hindi,離卦-dynamic,l,-1.101,19,0.0597,0.7612,False
Hindi,坤卦-dynamic,cʰ,1.081,17,0.0547,0.7612,False
Hindi,震卦-static,ʊ,-1.076,6,0.0647,0.7612,False
Hindi,坤卦-dynamic,o,-1.061,9,0.0697,0.7612,False
Hindi,艮卦-dynamic,r,1.042,23,0.0597,0.7612,False
Hindi,坎卦-static,ʊ,-1.027,5,0.0796,0.7612,False
Hindi,離卦-dynamic,t,1.023,39,0.0746,0.7612,False
Hindi,震卦-dynamic,n,1.002,48,0.0796,0.7612,False
Hindi,坤卦-dynamic,ʈ,-0.973,9,0.0846,0.7612,False
Hindi,兌卦-dynamic,f,0.966,5,0.0746,0.7612,False
Hindi,艮卦-dynamic,ʌ,-0.963,46,0.0647,0.7612,False
Hindi,坤卦-dynamic,ʃ,0.959,24,0.0597,0.7612,False
Hindi,震卦-static,z,0.951,5,0.0846,0.7612,False
Hindi,震卦-static,s,-0.95,27,0.0697,0.7612,False
Hindi,坤卦-dynamic,ɖ,0.94,13,0.0746,0.7612,False
Hindi,坤卦-dynamic,e,-0.935,17,0.0746,0.7612,False
Hindi,震卦-static,dʰ,0.885,11,0.0597,0.7612,False
Hindi,坤卦-dynamic,ʊ,0.881,34,0.0846,0.7612,False
Hindi,震卦-static,e,0.873,44,0.0846,0.7612,False
Hindi,巽卦-dynamic,ɡ,2.664,4,0.0896,0.7721,False
Hindi,乾卦-dynamic,ɪ,2.07,17,0.0896,0.7721,False
Hindi,坤卦-static,e,-1.225,5,0.0896,0.7721,False
Hindi,坤卦-static,u,1.172,12,0.0896,0.7721,False
Hindi,離卦-dynamic,u,-1.169,4,0.0896,0.7721,False
Hindi,坎卦-static,ẽ,1.066,7,0.0945,0.8015,False
Hindi,坎卦-static,t,0.96,32,0.0995,0.8233,False
Hindi,坤卦-dynamic,kʰ,-0.907,4,0.1045,0.8246,False
Hindi,兌卦-dynamic,ɡ,-0.901,9,0.1045,0.8246,False
Hindi,坎卦-static,ʌ,0.899,56,0.1045,0.8246,False
Hindi,中卦-dynamic,d,1.645,7,0.1095,0.8318,False
Hindi,離卦-dynamic,j,0.938,29,0.1095,0.8318,False
Hindi,坤卦-dynamic,ĩ,0.911,7,0.1095,0.8318,False
Hindi,坤卦-static,tʰ,1.01,5,0.1144,0.857,False
Hindi,兌卦-dynamic,ʈ,-0.85,9,0.1194,0.8688,False
Hindi,艮卦-static,ʌ,0.812,75,0.1194,0.8688,False
Hindi,坤卦-dynamic,dʰ,0.683,11,0.1194,0.8688,False
Hindi,中卦-static,h,1.942,8,0.1244,0.8924,False
Hindi,乾卦-dynamic,d,1.68,7,0.1244,0.8924,False
Hindi,乾卦-dynamic,t,1.949,11,0.1294,0.8967,False
Hindi,坎卦-static,z,1.062,4,0.1294,0.8967,False
Hindi,兌卦-dynamic,bʰ,-0.839,3,0.1294,0.8967,False
Hindi,坤卦-dynamic,z,0.792,5,0.1294,0.8967,False
Hindi,乾卦-static,ɟʰ,1.31,3,0.1343,0.9008,False
Hindi,震卦-static,ʈʰ,0.906,5,0.1343,0.9008,False
Hindi,中卦-static,ʋ,1.643,9,0.1393,0.9162,False
Hindi,坎卦-dynamic,ŋ,1.454,3,0.1393,0.9162,False
Hindi,艮卦-dynamic,l,0.901,61,0.1393,0.9162,False
Hindi,離卦-static,a,-2.519,3,0.1443,0.9194,False
Hindi,離卦-dynamic,h,-0.948,9,0.1443,0.9194,False
Hindi,兌卦-dynamic,l,-0.825,23,0.1443,0.9194,False
Hindi,震卦-static,i,0.784,58,0.1443,0.9194,False
Hindi,震卦-dynamic,u,-0.94,4,0.1493,0.9225,False
Hindi,離卦-dynamic,c,0.935,18,0.1493,0.9225,False
Hindi,艮卦-dynamic,ɡʰ,0.858,8,0.1493,0.9225,False
Hindi,坤卦-dynamic,s,-0.763,34,0.1493,0.9225,False
Hindi,巽卦-static,i,1.726,17,0.1542,0.9228,False
Hindi,坤卦-dynamic,ɪ,-0.795,37,0.1542,0.9228,False
Hindi,艮卦-dynamic,n,0.776,75,0.1592,0.9228,False
Hindi,坤卦-dynamic,ʈʰ,0.771,5,0.1592,0.9228,False
Hindi,震卦-static,ɡ,-0.708,13,0.1542,0.9228,False
Hindi,中卦-dynamic,h,1.682,8,0.1642,0.9255,False
Hindi,中卦-dynamic,j,1.489,8,0.1642,0.9255,False
Hindi,震卦-dynamic,ʋ,-0.921,5,0.1642,0.9255,False
Hindi,兌卦-dynamic,t,-0.831,19,0.1642,0.9255,False
Hindi,離卦-dynamic,e,0.817,39,0.1642,0.9255,False
Hindi,離卦-static,o,2.378,4,0.1692,0.9281,False
Hindi,坎卦-dynamic,ɡ,1.444,11,0.1692,0.9281,False
Hindi,震卦-dynamic,ʊ,-1.031,4,0.1692,0.9281,False
Hindi,艮卦-static,ŋ,0.697,8,0.1692,0.9281,False
Hindi,艮卦-dynamic,e,-0.686,20,0.1692,0.9281,False
Hindi,坤卦-static,ɪ,-0.974,14,0.1741,0.9453,False
Hindi,巽卦-dynamic,ʊ,1.979,3,0.1891,0.947,False
Hindi,中卦-static,j,1.722,8,0.194,0.947,False
Hindi,乾卦-dynamic,j,1.516,8,0.1891,0.947,False
Hindi,中卦-dynamic,ɪ,1.465,15,0.194,0.947,False
Hindi,巽卦-static,r,1.445,6,0.1841,0.947,False
Hindi,中卦-dynamic,k,1.39,17,0.204,0.947,False
Hindi,乾卦-static,k,-1.168,14,0.1891,0.947,False
Hindi,乾卦-static,j,-1.111,3,0.194,0.947,False
Hindi,乾卦-static,i,0.942,26,0.204,0.947,False
Hindi,震卦-dynamic,ɪ,0.864,38,0.204,0.947,False
Hindi,坎卦-static,b,0.85,26,0.1891,0.947,False
Hindi,坎卦-static,kʰ,-0.849,3,0.199,0.947,False
Hindi,兌卦-dynamic,ʊ,0.774,26,0.199,0.947,False
Hindi,震卦-static,p,0.683,43,0.204,0.947,False
Hindi,震卦-static,ɡʰ,0.679,7,0.204,0.947,False
Hindi,震卦-static,l,0.673,55,0.1891,0.947,False
Hindi,坤卦-dynamic,a,-0.633,102,0.199,0.947,False
Hindi,艮卦-static,d,0.617,26,0.204,0.947,False
Hindi,乾卦-static,u,1.097,11,0.209,0.9528,False
Hindi,艮卦-dynamic,ʋ,0.665,33,0.209,0.9528,False
Hindi,坤卦-dynamic,ŋ,0.613,8,0.209,0.9528,False
Hindi,乾卦-static,ɡ,1.03,16,0.2139,0.9543,False
Hindi,兌卦-dynamic,h,0.647,24,0.2139,0.9543,False
Hindi,乾卦-static,h,-1.004,4,0.2189,0.9681,False
Hindi,艮卦-static,dʰ,-0.649,4,0.2189,0.9681,False
Hindi,艮卦-static,ũ,0.678,4,0.2239,0.9775,False
Hindi,艮卦-static,ʊ,0.651,29,0.2239,0.9775,False
Hindi,震卦-dynamic,m,-0.903,13,0.2289,0.9825,False
Hindi,震卦-static,ʈ,0.634,35,0.2289,0.9825,False
Hindi,巽卦-static,ʈ,1.415,11,0.2338,0.9914,False
Hindi,兌卦-dynamic,ɖ,-0.672,3,0.2338,0.9914,False
Hindi,坤卦-dynamic,t,0.616,42,0.2338,0.9914,False
Hindi,中卦-static,s,1.368,15,0.2388,0.996,False
Hindi,離卦-dynamic,b,-0.727,13,0.2438,0.9965,False
Hindi,艮卦-static,j,-0.652,13,0.2438,0.9965,False
Hindi,乾卦-static,l,-0.979,10,0.2488,0.997,False
Hindi,乾卦-static,bʰ,0.841,6,0.2488,0.997,False
Hindi,坤卦-dynamic,ə,0.677,110,0.2488,0.997,False
Hindi,艮卦-dynamic,ɪ,-0.67,37,0.2488,0.997,False
Hindi,離卦-static,ʋ,2.062,4,0.3134,1.0,False
Hindi,離卦-static,s,2.046,7,0.2637,1.0,False
Hindi,巽卦-dynamic,k,1.799,6,0.3433,1.0,False
Hindi,兌卦-static,l,1.608,6,0.3532,1.0,False
Hindi,乾卦-dynamic,ə,1.434,25,0.2537,1.0,False
Hindi,離卦-static,p,1.427,4,0.5075,1.0,False
Hindi,巽卦-dynamic,a,1.391,10,0.4279,1.0,False
Hindi,坎卦-dynamic,t,-1.354,4,0.2637,1.0,False
Hindi,巽卦-dynamic,ʈ,1.247,3,0.4328,1.0,False
Hindi,巽卦-static,l,1.218,15,0.3035,1.0,False
Hindi,巽卦-static,m,-1.208,4,0.2587,1.0,False
Hindi,巽卦-dynamic,t,1.203,3,0.4428,1.0,False
Hindi,巽卦-static,n,-1.2,5,0.2587,1.0,False
Hindi,巽卦-dynamic,ɾ,1.179,7,0.5025,1.0,False
Hindi,坎卦-dynamic,ɪ,-1.167,7,0.2935,1.0,False
Hindi,中卦-dynamic,ɟ,1.156,6,0.3284,1.0,False
Hindi,中卦-static,ã,1.153,3,0.3483,1.0,False
Hindi,巽卦-static,pʰ,1.152,3,0.2985,1.0,False
Hindi,巽卦-static,u,1.15,6,0.2985,1.0,False
Hindi,乾卦-dynamic,ʋ,1.13,8,0.403,1.0,False
Hindi,中卦-dynamic,s,1.125,15,0.2786,1.0,False
Hindi,兌卦-static,p,1.093,4,0.5871,1.0,False
Hindi,乾卦-dynamic,k,-1.088,7,0.3582,1.0,False
Hindi,中卦-static,i,1.046,12,0.408,1.0,False
Hindi,中卦-dynamic,ʌ,-1.034,9,0.3284,1.0,False
Hindi,中卦-dynamic,t,-1.033,4,0.3881,1.0,False
Hindi,坎卦-dynamic,o,1.011,9,0.3234,1.0,False
Hindi,坎卦-dynamic,ə,0.999,28,0.3134,1.0,False
Hindi,中卦-dynamic,e,-0.999,3,0.4179,1.0,False
Hindi,巽卦-static,s,-0.987,6,0.4179,1.0,False
Hindi,兌卦-static,k,-0.974,3,0.5871,1.0,False
Hindi,坎卦-dynamic,d,-0.973,3,0.4279,1.0,False
Hindi,兌卦-static,ʋ,0.952,3,0.5721,1.0,False
Hindi,兌卦-static,i,0.944,5,0.602,1.0,False
Hindi,巽卦-static,ɾ,0.93,23,0.3433,1.0,False
Hindi,巽卦-static,h,0.929,7,0.403,1.0,False
Hindi,坎卦-dynamic,c,0.898,5,0.4229,1.0,False
Hindi,中卦-static,t,0.896,8,0.4677,1.0,False
Hindi,坎卦-dynamic,ɾ,-0.892,16,0.3731,1.0,False
Hindi,乾卦-static,e,-0.885,7,0.2786,1.0,False
Hindi,坎卦-dynamic,u,0.869,6,0.3781,1.0,False
Hindi,巽卦-static,ə,-0.86,13,0.3881,1.0,False
Hindi,中卦-static,l,-0.839,5,0.4925,1.0,False
Hindi,中卦-static,n,-0.836,6,0.4876,1.0,False
Hindi,乾卦-static,ɾ,0.819,42,0.3333,1.0,False
Hindi,乾卦-static,a,-0.795,38,0.2985,1.0,False
Hindi,坤卦-static,ɔ,0.794,5,0.2736,1.0,False
Hindi,乾卦-static,s,0.791,28,0.3383,1.0,False
Hindi,坤卦-static,j,-0.785,5,0.2587,1.0,False
Hindi,兌卦-static,ɪ,0.768,5,0.6816,1.0,False
Hindi,乾卦-static,c,-0.762,3,0.3731,1.0,False
Hindi,坎卦-dynamic,p,-0.74,6,0.4577,1.0,False
Hindi,巽卦-dynamic,ɪ,0.739,4,0.7114,1.0,False
Hindi,震卦-dynamic,j,0.734,18,0.2985,1.0,False
Hindi,中卦-dynamic,n,-0.731,7,0.5075,1.0,False
Hindi,坎卦-dynamic,ɳ,0.722,3,0.4726,1.0,False
Hindi,震卦-dynamic,t,-0.721,14,0.2935,1.0,False
Hindi,坎卦-static,n,-0.712,26,0.2537,1.0,False
Hindi,乾卦-dynamic,s,0.71,13,0.6119,1.0,False
Hindi,乾卦-dynamic,ʌ,-0.701,10,0.5871,1.0,False
Hindi,巽卦-static,bʰ,0.695,3,0.5473,1.0,False
Hindi,坤卦-static,ʊ,-0.687,5,0.3284,1.0,False
Hindi,離卦-dynamic,tʰ,0.684,8,0.2985,1.0,False
Hindi,坤卦-static,o,-0.682,6,0.3134,1.0,False
Hindi,中卦-dynamic,l,-0.679,6,0.5821,1.0,False
Hindi,乾卦-static,ɡʰ,0.679,3,0.408,1.0,False
Hindi,震卦-dynamic,ə,-0.66,38,0.3532,1.0,False
Hindi,坤卦-static,k,0.656,31,0.3383,1.0,False
Hindi,巽卦-static,o,0.646,7,0.5821,1.0,False
Hindi,艮卦-dynamic,i,0.637,57,0.2687,1.0,False
Hindi,離卦-dynamic,ʃ,0.634,17,0.2985,1.0,False
Hindi,艮卦-static,ɡʰ,0.632,7,0.2587,1.0,False
Hindi,震卦-dynamic,l,0.631,33,0.3881,1.0,False
Hindi,中卦-static,b,-0.629,3,0.607,1.0,False
Hindi,艮卦-dynamic,bʰ,0.626,13,0.2637,1.0,False
Hindi,坤卦-static,s,0.618,28,0.3831,1.0,False
Hindi,中卦-static,ə,0.617,19,0.6169,1.0,False
Hindi,震卦-dynamic,d,-0.617,9,0.3532,1.0,False
Hindi,離卦-static,e,0.611,3,0.8706,1.0,False
Hindi,坎卦-static,a,-0.607,71,0.2836,1.0,False
Hindi,坎卦-static,l,-0.607,23,0.2985,1.0,False
Hindi,艮卦-static,u,-0.606,10,0.2736,1.0,False
Hindi,離卦-dynamic,a,0.6,116,0.3134,1.0,False
Hindi,乾卦-dynamic,i,-0.599,7,0.6368,1.0,False
Hindi,乾卦-static,ɪ,-0.592,16,0.4378,1.0,False
Hindi,震卦-dynamic,i,-0.585,21,0.3532,1.0,False
Hindi,坤卦-dynamic,ɡ,0.584,34,0.2537,1.0,False
Hindi,離卦-dynamic,m,-0.583,23,0.3383,1.0,False
Hindi,坎卦-static,ʈʰ,0.581,3,0.3333,1.0,False
Hindi,坎卦-dynamic,k,0.581,17,0.5224,1.0,False
Hindi,中卦-static,u,0.58,4,0.6269,1.0,False
Hindi,離卦-dynamic,ɛ,-0.58,3,0.398,1.0,False
Hindi,中卦-dynamic,o,-0.578,3,0.6219,1.0,False
Hindi,離卦-static,ɾ,0.577,7,0.791,1.0,False
Hindi,艮卦-dynamic,kʰ,0.575,12,0.3234,1.0,False
Hindi,坎卦-static,i,0.57,41,0.3632,1.0,False
Hindi,離卦-static,k,0.569,5,0.8507,1.0,False
Hindi,離卦-dynamic,ɔ,-0.563,3,0.393,1.0,False
Hindi,坤卦-dynamic,r,-0.562,8,0.3035,1.0,False
Hindi,坎卦-dynamic,j,0.562,7,0.6169,1.0,False
Hindi,離卦-dynamic,kʰ,-0.562,5,0.4129,1.0,False
Hindi,坤卦-static,cʰ,0.552,5,0.4826,1.0,False
Hindi,離卦-static,m,0.548,3,0.7761,1.0,False
Hindi,艮卦-static,s,-0.545,37,0.3035,1.0,False
Hindi,震卦-dynamic,kʰ,0.541,7,0.4179,1.0,False
Hindi,坎卦-static,ɡ,0.538,23,0.4179,1.0,False
Hindi,震卦-dynamic,a,0.537,77,0.408,1.0,False
Hindi,巽卦-static,ɪ,0.533,13,0.592,1.0,False
Hindi,離卦-dynamic,dʰ,-0.533,4,0.3582,1.0,False
Hindi,離卦-dynamic,ɡ,-0.531,14,0.403,1.0,False
Hindi,震卦-dynamic,k,0.529,40,0.4577,1.0,False
Hindi,坎卦-static,h,-0.527,11,0.3532,1.0,False
Hindi,兌卦-dynamic,ũ,0.527,3,0.3532,1.0,False
Hindi,巽卦-static,ɟ,0.526,5,0.6468,1.0,False
Hindi,乾卦-static,t,0.523,16,0.5373,1.0,False
Hindi,坎卦-static,bʰ,0.51,9,0.3632,1.0,False
Hindi,乾卦-static,n,-0.509,17,0.5373,1.0,False
Hindi,震卦-static,a,-0.503,97,0.3035,1.0,False
Hindi,兌卦-dynamic,k,0.503,57,0.3881,1.0,False
Hindi,艮卦-static,a,-0.5,100,0.3632,1.0,False
Hindi,艮卦-dynamic,o,-0.5,16,0.3632,1.0,False
Hindi,中卦-dynamic,ʋ,-0.5,3,0.6866,1.0,False
Hindi,坤卦-static,a,0.496,57,0.4279,1.0,False
Hindi,兌卦-static,a,-0.496,8,0.7562,1.0,False
Hindi,坤卦-static,d,0.492,11,0.4776,1.0,False
Hindi,坎卦-static,e,-0.492,17,0.4527,1.0,False
Hindi,坎卦-static,d,-0.486,12,0.3881,1.0,False
Hindi,中卦-static,ʊ,0.486,5,0.7114,1.0,False
Hindi,坤卦-static,i,0.479,24,0.4876,1.0,False
Hindi,兌卦-dynamic,ʋ,-0.479,13,0.408,1.0,False
Hindi,艮卦-dynamic,ʈ,-0.474,17,0.3781,1.0,False
Hindi,兌卦-dynamic,ʌ,0.474,59,0.3682,1.0,False
Hindi,坤卦-dynamic,u,-0.47,12,0.3632,1.0,False
Hindi,震卦-static,o,-0.467,16,0.3483,1.0,False
Hindi,震卦-dynamic,ɡ,-0.464,10,0.4975,1.0,False
Hindi,艮卦-dynamic,f,0.456,4,0.3831,1.0,False
Hindi,艮卦-dynamic,ɡ,0.448,30,0.4577,1.0,False
Hindi,離卦-dynamic,ə,-0.446,62,0.4677,1.0,False
Hindi,坤卦-static,ʋ,-0.445,7,0.5224,1.0,False
Hindi,艮卦-static,i,-0.445,38,0.3781,1.0,False
Hindi,震卦-dynamic,o,0.445,17,0.4925,1.0,False
Hindi,離卦-static,ɪ,-0.445,3,0.8657,1.0,False
Hindi,中卦-static,k,-0.439,9,0.7463,1.0,False
Hindi,坤卦-dynamic,h,-0.437,17,0.3433,1.0,False
Hindi,震卦-dynamic,b,-0.437,11,0.5373,1.0,False
Hindi,震卦-static,bʰ,-0.431,6,0.403,1.0,False
Hindi,離卦-static,ʌ,-0.431,4,0.8458,1.0,False
Hindi,艮卦-static,n,-0.43,43,0.403,1.0,False
Hindi,坎卦-dynamic,ʋ,-0.424,4,0.6667,1.0,False
Hindi,震卦-dynamic,cʰ,0.42,6,0.5572,1.0,False
Hindi,離卦-static,ə,0.412,7,0.8408,1.0,False
Hindi,坎卦-static,ʋ,-0.411,12,0.4627,1.0,False
Hindi,兌卦-dynamic,ĩ,0.411,4,0.4527,1.0,False
Hindi,巽卦-static,p,0.41,9,0.7363,1.0,False
Hindi,兌卦-dynamic,ɳ,-0.41,4,0.4975,1.0,False
Hindi,中卦-dynamic,ɾ,-0.409,15,0.7313,1.0,False
Hindi,兌卦-dynamic,ʈʰ,0.409,3,0.4776,1.0,False
Hindi,艮卦-dynamic,ɟ,0.408,21,0.4478,1.0,False
Hindi,坎卦-static,pʰ,-0.406,3,0.5075,1.0,False
Hindi,離卦-dynamic,ʈ,-0.405,16,0.5174,1.0,False
Hindi,坤卦-dynamic,k,-0.402,52,0.4229,1.0,False
Hindi,離卦-dynamic,ʌ,0.402,60,0.5622,1.0,False
Hindi,艮卦-static,ɖ,-0.401,5,0.398,1.0,False
Hindi,兌卦-static,ɾ,-0.401,6,0.8259,1.0,False
Hindi,離卦-dynamic,r,-0.399,8,0.4726,1.0,False
Hindi,艮卦-dynamic,ɛ,-0.398,5,0.5423,1.0,False
Hindi,離卦-dynamic,ɾ,-0.398,66,0.5473,1.0,False
Hindi,艮卦-static,ɳ,0.397,10,0.5124,1.0,False
Hindi,艮卦-dynamic,d,0.395,24,0.4925,1.0,False
Hindi,坎卦-dynamic,s,-0.395,10,0.6965,1.0,False
Hindi,兌卦-static,e,0.393,3,0.7761,1.0,False
Hindi,艮卦-static,kʰ,0.39,11,0.4876,1.0,False
Hindi,坤卦-static,b,0.389,13,0.5075,1.0,False
Hindi,艮卦-static,cʰ,-0.385,3,0.4229,1.0,False
Hindi,巽卦-static,a,0.385,28,0.7662,1.0,False
Hindi,艮卦-dynamic,cʰ,-0.384,3,0.4726,1.0,False
Hindi,坎卦-static,j,-0.384,12,0.5174,1.0,False
Hindi,坤卦-static,ɡ,-0.381,8,0.5423,1.0,False
Hindi,中卦-dynamic,ə,0.38,19,0.7164,1.0,False
Hindi,震卦-static,k,-0.38,48,0.403,1.0,False
Hindi,坎卦-dynamic,n,-0.376,11,0.7662,1.0,False
Hindi,震卦-static,j,-0.375,16,0.5224,1.0,False
Hindi,離卦-dynamic,ã,-0.373,3,0.5373,1.0,False
Hindi,艮卦-static,ʋ,-0.371,17,0.4229,1.0,False
Hindi,乾卦-dynamic,e,-0.369,5,0.7313,1.0,False
Hindi,坤卦-static,kʰ,-0.365,3,0.607,1.0,False
Hindi,離卦-dynamic,ʋ,-0.365,15,0.5224,1.0,False
Hindi,艮卦-dynamic,m,-0.364,29,0.4925,1.0,False
Hindi,坎卦-static,ɟ,0.359,15,0.5473,1.0,False
Hindi,艮卦-static,h,0.357,25,0.4428,1.0,False
Hindi,兌卦-dynamic,ʃ,-0.357,8,0.5323,1.0,False
Hindi,坤卦-dynamic,m,-0.354,31,0.5174,1.0,False
Hindi,坤卦-static,m,0.352,17,0.6119,1.0,False
Hindi,坤卦-dynamic,ã,0.35,10,0.4726,1.0,False
Hindi,坤卦-static,h,0.349,11,0.6567,1.0,False
Hindi,坎卦-static,ɛ,-0.348,4,0.4726,1.0,False
Hindi,坎卦-static,tʰ,0.347,5,0.5821,1.0,False
Hindi,震卦-static,ʃ,0.347,16,0.5224,1.0,False
Hindi,中卦-dynamic,ʊ,0.346,5,0.7463,1.0,False
Hindi,坎卦-static,dʰ,-0.344,4,0.6468,1.0,False
Hindi,艮卦-dynamic,ɖ,0.343,9,0.5721,1.0,False
Hindi,乾卦-dynamic,n,-0.342,9,0.801,1.0,False
Hindi,坎卦-static,ə,-0.341,54,0.5373,1.0,False
Hindi,離卦-dynamic,o,0.339,24,0.6418,1.0,False
Hindi,離卦-dynamic,cʰ,-0.338,3,0.6219,1.0,False
Hindi,兌卦-dynamic,d,0.338,20,0.6269,1.0,False
Hindi,乾卦-static,ʃ,-0.337,4,0.6965,1.0,False
Hindi,坎卦-static,ʃ,0.336,12,0.5323,1.0,False
Hindi,坤卦-dynamic,l,0.333,53,0.5174,1.0,False
Hindi,艮卦-dynamic,a,0.333,124,0.5771,1.0,False
Hindi,坎卦-static,p,-0.331,22,0.5622,1.0,False
Hindi,坎卦-dynamic,r,0.33,4,0.7413,1.0,False
Hindi,兌卦-dynamic,c,-0.329,9,0.5522,1.0,False
Hindi,坤卦-dynamic,ɛ,-0.325,6,0.5522,1.0,False
Hindi,坎卦-dynamic,e,0.321,9,0.7114,1.0,False
Hindi,坎卦-dynamic,ʊ,-0.32,4,0.791,1.0,False
Hindi,坎卦-dynamic,ʌ,-0.32,14,0.7761,1.0,False
Hindi,兌卦-dynamic,kʰ,0.319,9,0.607,1.0,False
Hindi,艮卦-dynamic,ʂ,0.317,7,0.607,1.0,False
Hindi,乾卦-dynamic,p,-0.315,6,0.8557,1.0,False
Hindi,艮卦-static,bʰ,0.312,11,0.592,1.0,False
Hindi,艮卦-static,ɾ,-0.311,77,0.5323,1.0,False
Hindi,艮卦-static,ẽ,-0.31,3,0.5274,1.0,False
Hindi,坎卦-dynamic,i,-0.309,10,0.7711,1.0,False
Hindi,中卦-static,ʃ,0.308,3,0.796,1.0,False
Hindi,震卦-static,h,-0.305,17,0.5025,1.0,False
Hindi,震卦-static,ə,0.305,90,0.4776,1.0,False
Hindi,艮卦-static,ã,-0.303,4,0.4925,1.0,False
Hindi,兌卦-dynamic,pʰ,-0.303,4,0.5821,1.0,False
Hindi,乾卦-dynamic,a,-0.301,21,0.8159,1.0,False
Hindi,中卦-static,a,0.3,23,0.8259,1.0,False
Hindi,巽卦-dynamic,n,-0.297,3,0.796,1.0,False
Hindi,兌卦-static,ə,-0.293,6,0.8856,1.0,False
Hindi,震卦-dynamic,r,-0.292,6,0.6667,1.0,False
Hindi,坎卦-dynamic,ʈ,-0.29,5,0.7761,1.0,False
Hindi,震卦-static,c,0.29,15,0.607,1.0,False
Hindi,震卦-dynamic,ʃ,-0.284,6,0.607,1.0,False
Hindi,兌卦-static,m,0.28,3,0.9303,1.0,False
Hindi,離卦-dynamic,p,-0.279,27,0.6716,1.0,False
Hindi,兌卦-dynamic,ɾ,-0.276,66,0.592,1.0,False
Hindi,乾卦-dynamic,m,-0.276,6,0.8806,1.0,False
Hindi,震卦-static,n,0.275,60,0.6368,1.0,False
Hindi,離卦-static,i,-0.271,3,0.9204,1.0,False
Hindi,離卦-dynamic,ʊ,0.266,21,0.6866,1.0,False
Hindi,震卦-static,ɛ,-0.265,6,0.597,1.0,False
Hindi,震卦-dynamic,ʌ,0.258,39,0.6866,1.0,False
Hindi,兌卦-dynamic,e,0.257,30,0.6119,1.0,False
Hindi,艮卦-static,pʰ,-0.255,5,0.6368,1.0,False
Hindi,兌卦-dynamic,dʰ,-0.254,5,0.6219,1.0,False
Hindi,艮卦-dynamic,b,-0.251,21,0.6368,1.0,False
Hindi,中卦-dynamic,ɡ,-0.251,4,0.9104,1.0,False
Hindi,坤卦-dynamic,i,-0.249,44,0.6318,1.0,False
Hindi,艮卦-dynamic,ɳ,0.248,9,0.6965,1.0,False
Hindi,坎卦-static,ĩ,0.247,3,0.6866,1.0,False
Hindi,乾卦-dynamic,c,0.247,3,0.8607,1.0,False
Hindi,坤卦-dynamic,c,0.243,16,0.6667,1.0,False
Hindi,乾卦-static,p,-0.242,13,0.7861,1.0,False
Hindi,震卦-dynamic,h,0.241,14,0.7313,1.0,False
Hindi,坎卦-static,ɾ,0.24,65,0.6716,1.0,False
Hindi,坤卦-static,c,-0.237,5,0.7413,1.0,False
Hindi,震卦-static,d,0.235,22,0.6816,1.0,False
Hindi,離卦-dynamic,s,0.233,48,0.6866,1.0,False
Hindi,坤卦-static,ə,0.232,40,0.6965,1.0,False
Hindi,中卦-dynamic,i,0.231,10,0.8706,1.0,False
Hindi,坎卦-static,u,-0.228,10,0.6816,1.0,False
Hindi,艮卦-static,ʈ,0.223,29,0.6269,1.0,False
Hindi,坤卦-dynamic,bʰ,-0.222,8,0.7114,1.0,False
Hindi,艮卦-static,ĩ,0.222,4,0.6866,1.0,False
Hindi,艮卦-static,l,-0.222,39,0.6269,1.0,False
Hindi,震卦-static,ʂ,0.219,6,0.6418,1.0,False
Hindi,艮卦-static,ə,0.213,90,0.6468,1.0,False
Hindi,坎卦-static,r,-0.213,8,0.6965,1.0,False
Hindi,坤卦-static,l,0.212,21,0.7463,1.0,False
Hindi,兌卦-dynamic,b,0.21,23,0.7015,1.0,False
Hindi,震卦-static,b,-0.207,21,0.6667,1.0,False
Hindi,震卦-static,f,0.206,3,0.6716,1.0,False
Hindi,兌卦-dynamic,m,0.202,31,0.7164,1.0,False
Hindi,艮卦-static,ʃ,0.199,15,0.7015,1.0,False
Hindi,乾卦-dynamic,o,-0.194,4,0.8706,1.0,False
Hindi,乾卦-static,ʌ,0.193,27,0.8159,1.0,False
Hindi,兌卦-dynamic,cʰ,-0.192,4,0.7811,1.0,False
Hindi,震卦-static,ʌ,0.191,63,0.7413,1.0,False
Hindi,艮卦-dynamic,ə,-0.188,78,0.7164,1.0,False
Hindi,坎卦-static,ɖ,0.188,6,0.7264,1.0,False
Hindi,坎卦-dynamic,a,-0.188,27,0.8159,1.0,False
Hindi,艮卦-dynamic,ã,0.181,8,0.7612,1.0,False
Hindi,坤卦-static,n,-0.175,22,0.8507,1.0,False
Hindi,兌卦-dynamic,ɟ,-0.172,12,0.7313,1.0,False
Hindi,離卦-dynamic,ɟ,0.17,16,0.7861,1.0,False
Hindi,坤卦-dynamic,pʰ,0.166,8,0.7214,1.0,False
Hindi,艮卦-static,ɡ,0.165,26,0.7662,1.0,False
Hindi,震卦-static,ã,-0.165,5,0.7612,1.0,False
Hindi,離卦-dynamic,k,0.165,53,0.796,1.0,False
Hindi,艮卦-static,m,0.162,36,0.7015,1.0,False
Hindi,中卦-static,ʌ,0.158,12,0.8955,1.0,False
Hindi,巽卦-static,ʊ,0.157,5,0.9254,1.0,False
Hindi,離卦-dynamic,bʰ,-0.155,7,0.7761,1.0,False
Hindi,坤卦-dynamic,ẽ,-0.149,4,0.7811,1.0,False
Hindi,離卦-dynamic,ɖ,0.149,7,0.8259,1.0,False
Hindi,中卦-static,ɾ,-0.148,15,0.9303,1.0,False
Hindi,震卦-static,ɟ,-0.148,14,0.7861,1.0,False
Hindi,艮卦-static,t,0.146,34,0.7512,1.0,False
Hindi,坤卦-dynamic,ɟ,0.144,19,0.7164,1.0,False
Hindi,震卦-static,cʰ,-0.143,5,0.791,1.0,False
Hindi,乾卦-static,kʰ,0.143,4,0.8507,1.0,False
Hindi,震卦-static,ʋ,-0.139,20,0.7363,1.0,False
Hindi,兌卦-dynamic,ɡʰ,-0.135,3,0.8209,1.0,False
Hindi,震卦-static,ɳ,0.129,8,0.8408,1.0,False
Hindi,中卦-static,m,-0.128,6,0.9055,1.0,False
Hindi,坎卦-static,ʈ,0.123,20,0.8507,1.0,False
Hindi,兌卦-dynamic,r,-0.123,10,0.8458,1.0,False
Hindi,乾卦-static,d,0.118,9,0.9403,1.0,False
Hindi,坤卦-static,ʈ,0.117,12,0.9005,1.0,False
Hindi,離卦-static,l,-0.116,3,0.995,1.0,False
Hindi,坤卦-dynamic,n,0.113,61,0.8458,1.0,False
Hindi,艮卦-dynamic,ẽ,0.113,5,0.806,1.0,False
Hindi,乾卦-static,pʰ,0.112,3,0.8806,1.0,False
Hindi,坤卦-static,p,0.111,16,0.8955,1.0,False
Hindi,乾卦-dynamic,ɡ,0.11,5,0.9154,1.0,False
Hindi,艮卦-dynamic,c,0.109,14,0.806,1.0,False
Hindi,兌卦-dynamic,s,0.108,44,0.8308,1.0,False
Hindi,艮卦-static,b,-0.102,23,0.8408,1.0,False
Hindi,坤卦-static,ɾ,-0.098,36,0.8905,1.0,False
Hindi,艮卦-dynamic,ʃ,-0.097,12,0.8657,1.0,False
Hindi,兌卦-dynamic,ʂ,-0.09,3,0.8706,1.0,False
Hindi,震卦-static,ɔ,-0.089,6,0.8408,1.0,False
Hindi,坎卦-static,ɳ,-0.088,5,0.8806,1.0,False
Hindi,乾卦-static,ʊ,-0.088,8,0.9353,1.0,False
Hindi,震卦-dynamic,ʈ,-0.087,14,0.9303,1.0,False
Hindi,坤卦-dynamic,b,0.085,27,0.8657,1.0,False
Hindi,中卦-dynamic,m,0.084,7,0.9851,1.0,False
Hindi,乾卦-static,o,-0.083,9,0.9204,1.0,False
Hindi,艮卦-static,ʂ,0.082,5,0.8905,1.0,False
Hindi,艮卦-dynamic,h,-0.08,20,0.8905,1.0,False
Hindi,艮卦-dynamic,pʰ,0.08,7,0.9104,1.0,False
Hindi,震卦-dynamic,bʰ,-0.08,5,0.8806,1.0,False
Hindi,巽卦-static,ɡ,-0.079,5,0.9453,1.0,False
Hindi,坤卦-dynamic,ɾ,-0.076,87,0.8507,1.0,False
Hindi,震卦-dynamic,ɖ,-0.074,4,0.9303,1.0,False
Hindi,坎卦-static,s,-0.071,35,0.9104,1.0,False
Hindi,艮卦-static,ɟ,0.068,17,0.9204,1.0,False
Hindi,艮卦-dynamic,j,0.067,22,0.9005,1.0,False
Hindi,坎卦-dynamic,h,-0.067,5,0.9602,1.0,False
Hindi,巽卦-static,t,-0.067,7,0.9453,1.0,False
Hindi,離卦-dynamic,ŋ,0.065,4,0.8905,1.0,False
Hindi,震卦-dynamic,p,0.061,21,0.9403,1.0,False
Hindi,震卦-dynamic,ɟ,0.061,10,0.9005,1.0,False
Hindi,震卦-dynamic,s,0.06,30,0.9204,1.0,False
Hindi,震卦-static,pʰ,-0.059,6,0.9104,1.0,False
Hindi,艮卦-static,ɛ,0.055,9,0.9502,1.0,False
Hindi,艮卦-static,ɪ,-0.055,48,0.9353,1.0,False
Hindi,艮卦-dynamic,ɔ,0.055,7,0.9254,1.0,False
Hindi,兌卦-dynamic,u,-0.055,13,0.9403,1.0,False
Hindi,艮卦-static,ɔ,0.052,7,0.9353,1.0,False
Hindi,兌卦-static,ʌ,0.049,5,0.9602,1.0,False
Hindi,兌卦-dynamic,ẽ,0.049,4,0.9254,1.0,False
Hindi,坤卦-static,t,-0.047,14,0.9353,1.0,False
Hindi,震卦-static,u,-0.041,15,0.9453,1.0,False
Hindi,巽卦-static,c,0.039,3,0.9652,1.0,False
Hindi,中卦-static,ɪ,-0.039,9,0.9652,1.0,False
Hindi,坤卦-dynamic,j,-0.038,22,0.9403,1.0,False
Hindi,震卦-dynamic,pʰ,0.038,4,0.9602,1.0,False
Hindi,坎卦-static,o,0.032,17,0.9602,1.0,False
Hindi,兌卦-static,s,0.03,4,0.99,1.0,False
Hindi,震卦-static,t,-0.027,31,0.9751,1.0,False
Hindi,艮卦-static,c,-0.023,13,0.9353,1.0,False
Hindi,乾卦-static,dʰ,0.023,3,0.9751,1.0,False
Hindi,坤卦-dynamic,ɳ,0.022,8,0.9652,1.0,False
Hindi,中卦-dynamic,p,0.021,7,0.9851,1.0,False
Hindi,坎卦-static,m,0.019,25,0.9751,1.0,False
Hindi,震卦-static,ĩ,-0.019,3,0.9801,1.0,False
Hindi,巽卦-dynamic,ʌ,0.018,4,0.99,1.0,False
Hindi,乾卦-dynamic,ʊ,-0.018,4,0.99,1.0,False
Hindi,坤卦-dynamic,ɔ,-0.017,7,0.9801,1.0,False
Hindi,艮卦-dynamic,t,-0.015,32,0.9751,1.0,False
Hindi,離卦-dynamic,d,-0.013,18,0.9801,1.0,False
Hindi,坎卦-static,k,0.012,42,0.9552,1.0,False
Hindi,艮卦-static,e,-0.011,31,0.99,1.0,False
Hindi,中卦-dynamic,ʈ,-0.011,5,1.0,1.0,False
Hindi,離卦-static,n,0.011,4,0.995,1.0,False
Hindi,中卦-dynamic,a,0.01,23,0.99,1.0,False
Hindi,坎卦-static,ɪ,0.009,36,0.99,1.0,False
Hindi,坎卦-dynamic,b,-0.007,6,0.995,1.0,False
Hindi,艮卦-static,r,0.003,13,0.995,1.0,False
Hungarian,乾卦-dynamic,t͡ʃ,3.587,7,0.005,0.2612,False
Hungarian,兌卦-static,j,3.519,10,0.005,0.2612,False
Hungarian,中卦-static,ʃ,3.167,26,0.005,0.2612,False
Hungarian,坎卦-dynamic,ø,2.733,30,0.005,0.2612,False
Hungarian,坎卦-static,k,2.359,78,0.005,0.2612,False
Hungarian,坤卦-static,e,2.344,41,0.005,0.2612,False
Hungarian,離卦-dynamic,z,2.181,42,0.005,0.2612,False
Hungarian,艮卦-static,ɲ,1.863,34,0.005,0.2612,False
Hungarian,坎卦-static,a,-1.862,18,0.005,0.2612,False
Hungarian,兌卦-dynamic,r,-1.643,38,0.005,0.2612,False
Hungarian,坎卦-dynamic,ʎ,3.322,3,0.0149,0.3358,False
Hungarian,乾卦-static,ɲ,3.041,14,0.01,0.3358,False
Hungarian,中卦-static,ɡ,2.786,15,0.0149,0.3358,False
Hungarian,乾卦-static,t͡s,2.63,5,0.01,0.3358,False
Hungarian,巽卦-static,m,2.572,12,0.0149,0.3358,False
Hungarian,震卦-dynamic,ɛ,1.944,88,0.0149,0.3358,False
Hungarian,坎卦-dynamic,a,1.928,28,0.0149,0.3358,False
Hungarian,兌卦-dynamic,i,1.802,110,0.01,0.3358,False
Hungarian,坎卦-static,b,1.777,43,0.0149,0.3358,False
Hungarian,艮卦-dynamic,a,1.771,69,0.0149,0.3358,False
Hungarian,兌卦-dynamic,l,1.712,106,0.0149,0.3358,False
Hungarian,坎卦-static,ʃ,-1.615,16,0.01,0.3358,False
Hungarian,艮卦-dynamic,l,1.462,112,0.01,0.3358,False
Hungarian,艮卦-dynamic,t͡s,1.41,14,0.01,0.3358,False
Hungarian,震卦-static,ɑ,1.381,109,0.0149,0.3358,False
Hungarian,震卦-static,h,-1.36,4,0.0149,0.3358,False
Hungarian,艮卦-static,k,1.545,73,0.0199,0.4323,False
Hungarian,坤卦-static,ɑ,-1.384,31,0.0299,0.6066,False
Hungarian,坤卦-dynamic,ɡ,1.175,59,0.0348,0.6856,False
Hungarian,坎卦-dynamic,v,1.73,17,0.0398,0.6965,False
Hungarian,艮卦-static,n,-1.114,29,0.0398,0.6965,False
Hungarian,震卦-static,p,1.084,25,0.0398,0.6965,False
Hungarian,坤卦-static,l,-1.478,18,0.0448,0.7624,False
Hungarian,兌卦-static,s,2.697,8,0.0547,0.7836,False
Hungarian,中卦-dynamic,n,2.247,24,0.0498,0.7836,False
Hungarian,離卦-dynamic,t,1.204,111,0.0547,0.7836,False
Hungarian,艮卦-static,y,1.191,17,0.0547,0.7836,False
Hungarian,坎卦-static,v,1.189,27,0.0498,0.7836,False
Hungarian,艮卦-dynamic,y,1.012,20,0.0547,0.7836,False
Hungarian,巽卦-dynamic,d,2.75,3,0.1095,0.8149,False
Hungarian,巽卦-dynamic,ɑ,2.572,10,0.194,0.8149,False
Hungarian,離卦-static,r,2.387,15,0.0697,0.8149,False
Hungarian,巽卦-static,o,2.157,20,0.0995,0.8149,False
Hungarian,兌卦-static,u,2.052,6,0.1443,0.8149,False
Hungarian,離卦-static,b,1.99,7,0.1791,0.8149,False
Hungarian,兌卦-static,o,1.988,16,0.1393,0.8149,False
Hungarian,離卦-static,y,1.95,3,0.1493,0.8149,False
Hungarian,離卦-static,p,1.939,5,0.1891,0.8149,False
Hungarian,巽卦-static,u,1.934,7,0.1095,0.8149,False
Hungarian,中卦-dynamic,t,1.876,25,0.0945,0.8149,False
Hungarian,中卦-dynamic,i,1.809,24,0.1144,0.8149,False
Hungarian,乾卦-dynamic,r,1.782,15,0.1542,0.8149,False
Hungarian,巽卦-static,ɛ,-1.776,6,0.1642,0.8149,False
Hungarian,離卦-static,ɟ,1.776,3,0.1741,0.8149,False
Hungarian,乾卦-static,m,1.748,20,0.0945,0.8149,False
Hungarian,巽卦-static,h,1.694,5,0.1692,0.8149,False
Hungarian,中卦-dynamic,ɟ,1.64,5,0.1891,0.8149,False
Hungarian,中卦-static,u,1.601,10,0.1542,0.8149,False
Hungarian,中卦-dynamic,e,1.516,14,0.1891,0.8149,False
Hungarian,中卦-dynamic,o,-1.487,7,0.1741,0.8149,False
Hungarian,乾卦-static,i,1.446,27,0.194,0.8149,False
Hungarian,中卦-dynamic,m,1.422,15,0.1741,0.8149,False
Hungarian,坤卦-static,ɛ,1.39,75,0.0597,0.8149,False
Hungarian,乾卦-static,k,-1.338,9,0.1642,0.8149,False
Hungarian,坎卦-dynamic,z,1.311,13,0.1194,0.8149,False
Hungarian,震卦-dynamic,l,1.265,53,0.0697,0.8149,False
Hungarian,兌卦-dynamic,z,1.257,29,0.0647,0.8149,False
Hungarian,坤卦-static,m,-1.221,11,0.0796,0.8149,False
Hungarian,兌卦-dynamic,ʎ,1.198,3,0.1095,0.8149,False
Hungarian,坤卦-static,u,-1.177,4,0.0846,0.8149,False
Hungarian,震卦-dynamic,ɑ,-1.157,36,0.1343,0.8149,False
Hungarian,震卦-dynamic,m,1.118,35,0.1095,0.8149,False
Hungarian,離卦-dynamic,k,-1.11,42,0.0697,0.8149,False
Hungarian,兌卦-dynamic,n,1.071,83,0.0796,0.8149,False
Hungarian,離卦-dynamic,d,1.07,39,0.0746,0.8149,False
Hungarian,坤卦-static,h,1.029,16,0.1144,0.8149,False
Hungarian,坤卦-static,t,1.026,50,0.1194,0.8149,False
Hungarian,艮卦-static,ʒ,1.026,4,0.0945,0.8149,False
Hungarian,震卦-dynamic,b,-1.003,6,0.1294,0.8149,False
Hungarian,震卦-static,i,-1.002,31,0.0995,0.8149,False
Hungarian,震卦-static,y,-1.002,4,0.1144,0.8149,False
Hungarian,震卦-dynamic,j,0.999,21,0.1642,0.8149,False
Hungarian,兌卦-dynamic,o,-0.994,48,0.1144,0.8149,False
Hungarian,震卦-static,r,-0.986,41,0.0846,0.8149,False
Hungarian,震卦-static,ʃ,-0.963,27,0.1095,0.8149,False
Hungarian,艮卦-static,ɟ,0.953,16,0.0995,0.8149,False
Hungarian,震卦-static,t͡ʃ,0.952,18,0.0945,0.8149,False
Hungarian,震卦-dynamic,p,-0.943,6,0.1891,0.8149,False
Hungarian,兌卦-dynamic,p,-0.929,11,0.1244,0.8149,False
Hungarian,兌卦-dynamic,b,-0.927,12,0.0995,0.8149,False
Hungarian,艮卦-static,ø,0.919,37,0.1095,0.8149,False
Hungarian,坤卦-dynamic,r,0.915,108,0.0995,0.8149,False
Hungarian,震卦-static,t͡s,0.908,8,0.0945,0.8149,False
Hungarian,艮卦-static,f,0.907,30,0.1741,0.8149,False
Hungarian,艮卦-static,b,-0.904,11,0.1194,0.8149,False
Hungarian,艮卦-dynamic,ɛ,-0.904,80,0.1194,0.8149,False
Hungarian,兌卦-dynamic,h,0.903,29,0.1393,0.8149,False
Hungarian,離卦-dynamic,ɟ,-0.898,5,0.0945,0.8149,False
Hungarian,震卦-static,ɟ,0.895,14,0.1493,0.8149,False
Hungarian,艮卦-dynamic,m,-0.889,30,0.1244,0.8149,False
Hungarian,坤卦-static,i,-0.887,22,0.1891,0.8149,False
Hungarian,坤卦-dynamic,v,0.883,36,0.1144,0.8149,False
Hungarian,離卦-dynamic,s,0.877,50,0.1692,0.8149,False
Hungarian,離卦-dynamic,n,0.876,88,0.1542,0.8149,False
Hungarian,艮卦-dynamic,h,0.872,32,0.1244,0.8149,False
Hungarian,艮卦-dynamic,ɲ,-0.853,6,0.1194,0.8149,False
Hungarian,震卦-static,d,0.836,26,0.1493,0.8149,False
Hungarian,離卦-dynamic,f,-0.808,11,0.1443,0.8149,False
Hungarian,兌卦-dynamic,t͡ʃ,0.806,21,0.1891,0.8149,False
Hungarian,艮卦-static,d,-0.797,15,0.1493,0.8149,False
Hungarian,兌卦-dynamic,v,0.79,29,0.1692,0.8149,False
Hungarian,離卦-dynamic,u,-0.775,15,0.1343,0.8149,False
Hungarian,艮卦-static,r,-0.751,50,0.194,0.8149,False
Hungarian,震卦-static,l,0.729,67,0.1592,0.8149,False
Hungarian,艮卦-dynamic,u,0.724,39,0.1841,0.8149,False
Hungarian,艮卦-dynamic,ø,0.716,43,0.1741,0.8149,False
Hungarian,坤卦-dynamic,f,-0.676,14,0.1791,0.8149,False
Hungarian,艮卦-dynamic,t,-0.647,62,0.1891,0.8149,False
Hungarian,坤卦-static,k,0.958,38,0.199,0.8248,False
Hungarian,艮卦-static,ɑ,-0.721,69,0.204,0.8399,False
Hungarian,坎卦-static,n,-0.826,32,0.209,0.8424,False
Hungarian,震卦-dynamic,h,-0.808,6,0.209,0.8424,False
Hungarian,兌卦-dynamic,ɑ,-0.771,76,0.2139,0.8424,False
Hungarian,艮卦-static,t͡ʃ,-0.663,5,0.2139,0.8424,False
Hungarian,艮卦-dynamic,e,-0.614,33,0.2139,0.8424,False
Hungarian,兌卦-static,f,1.726,5,0.2239,0.8452,False
Hungarian,兌卦-static,h,1.566,4,0.2338,0.8452,False
Hungarian,中卦-dynamic,ɡ,-1.383,3,0.2338,0.8452,False
Hungarian,震卦-dynamic,y,-0.936,3,0.2289,0.8452,False
Hungarian,坎卦-dynamic,ɡ,-0.901,9,0.2338,0.8452,False
Hungarian,震卦-dynamic,d,0.84,18,0.2239,0.8452,False
Hungarian,震卦-dynamic,v,-0.815,7,0.2338,0.8452,False
Hungarian,坤卦-static,d,0.805,17,0.2388,0.8452,False
Hungarian,坎卦-static,h,-0.793,9,0.2388,0.8452,False
Hungarian,離卦-dynamic,h,-0.739,13,0.2388,0.8452,False
Hungarian,艮卦-dynamic,b,-0.712,17,0.2189,0.8452,False
Hungarian,坎卦-static,y,0.7,13,0.2338,0.8452,False
Hungarian,坤卦-dynamic,m,-0.674,37,0.2338,0.8452,False
Hungarian,坤卦-dynamic,i,-0.662,57,0.2189,0.8452,False
Hungarian,艮卦-static,p,0.651,24,0.2338,0.8452,False
Hungarian,坎卦-static,i,-0.65,39,0.2488,0.8706,False
Hungarian,坤卦-static,z,0.782,13,0.2587,0.8716,False
Hungarian,兌卦-dynamic,k,-0.66,45,0.2587,0.8716,False
Hungarian,坤卦-dynamic,ɛ,0.58,141,0.2537,0.8716,False
Hungarian,離卦-dynamic,l,-0.578,61,0.2587,0.8716,False
Hungarian,坤卦-dynamic,h,0.522,30,0.2537,0.8716,False
Hungarian,坎卦-dynamic,f,0.935,15,0.2637,0.8743,False
Hungarian,離卦-dynamic,b,-0.717,17,0.2637,0.8743,False
Hungarian,坤卦-dynamic,s,-0.535,28,0.2637,0.8743,False
Hungarian,艮卦-static,v,0.696,25,0.2687,0.877,False
Hungarian,兌卦-dynamic,u,-0.592,16,0.2687,0.877,False
Hungarian,坤卦-dynamic,ø,0.529,43,0.2687,0.877,False
Hungarian,離卦-static,ɛ,1.696,19,0.2786,0.8776,False
Hungarian,巽卦-static,k,-1.562,4,0.2736,0.8776,False
Hungarian,離卦-dynamic,a,0.605,55,0.2786,0.8776,False
Hungarian,艮卦-static,o,-0.604,54,0.2736,0.8776,False
Hungarian,離卦-dynamic,m,-0.601,36,0.2786,0.8776,False
Hungarian,坤卦-dynamic,y,0.553,18,0.2786,0.8776,False
Hungarian,離卦-dynamic,ʃ,-0.753,43,0.2836,0.8844,False
Hungarian,離卦-dynamic,v,0.657,31,0.2886,0.8911,False
Hungarian,乾卦-dynamic,n,1.509,13,0.2935,0.8977,False
Hungarian,坤卦-static,a,-0.758,18,0.3035,0.9019,False
Hungarian,離卦-dynamic,o,-0.685,65,0.3035,0.9019,False
Hungarian,坤卦-static,ʃ,0.622,36,0.2985,0.9019,False
Hungarian,兌卦-static,i,-1.466,3,0.3085,0.9081,False
Hungarian,坤卦-dynamic,e,0.534,58,0.3085,0.9081,False
Hungarian,巽卦-dynamic,f,2.152,3,0.3234,0.9095,False
Hungarian,兌卦-static,a,-1.407,3,0.3234,0.9095,False
Hungarian,中卦-dynamic,y,1.081,4,0.3184,0.9095,False
Hungarian,乾卦-static,ɟ,1.056,5,0.3184,0.9095,False
Hungarian,震卦-static,u,-0.574,13,0.3234,0.9095,False
Hungarian,坤卦-dynamic,ɑ,-0.514,100,0.3234,0.9095,False
Hungarian,艮卦-dynamic,o,-0.51,71,0.3184,0.9095,False
Hungarian,坎卦-static,t͡ʃ,-0.497,6,0.3234,0.9095,False
Hungarian,坤卦-dynamic,z,0.453,26,0.3234,0.9095,False
Hungarian,兌卦-static,t,-1.478,4,0.3383,0.9187,False
Hungarian,坎卦-dynamic,ɑ,-0.73,34,0.3383,0.9187,False
Hungarian,離卦-dynamic,i,0.631,90,0.3284,0.9187,False
Hungarian,坎卦-static,o,0.518,79,0.3383,0.9187,False
Hungarian,坤卦-dynamic,b,-0.508,22,0.3333,0.9187,False
Hungarian,坤卦-dynamic,t͡ʃ,-0.484,9,0.3333,0.9187,False
Hungarian,兌卦-dynamic,ʃ,-0.586,42,0.3433,0.9242,False
Hungarian,兌卦-dynamic,m,-0.552,33,0.3433,0.9242,False
Hungarian,巽卦-static,b,1.259,6,0.3582,0.9249,False
Hungarian,中卦-dynamic,r,-1.027,11,0.3582,0.9249,False
Hungarian,震卦-dynamic,i,-0.606,27,0.3582,0.9249,False
Hungarian,震卦-static,t,0.559,67,0.3582,0.9249,False
Hungarian,艮卦-static,e,0.532,43,0.3532,0.9249,False
Hungarian,震卦-static,f,-0.524,11,0.3483,0.9249,False
Hungarian,離卦-dynamic,ɑ,0.494,125,0.3582,0.9249,False
Hungarian,坤卦-dynamic,l,-0.445,69,0.3483,0.9249,False
Hungarian,巽卦-dynamic,o,1.733,8,0.4279,0.9276,False
Hungarian,巽卦-dynamic,b,1.664,3,0.4478,0.9276,False
Hungarian,巽卦-dynamic,ɛ,-1.578,3,0.393,0.9276,False
Hungarian,離卦-static,n,1.278,11,0.4279,0.9276,False
Hungarian,離卦-static,i,-1.273,4,0.3731,0.9276,False
Hungarian,乾卦-dynamic,k,-1.209,5,0.3831,0.9276,False
Hungarian,離卦-static,h,1.178,4,0.4627,0.9276,False
Hungarian,乾卦-dynamic,ɑ,1.115,18,0.4229,0.9276,False
Hungarian,中卦-static,l,-1.093,9,0.3881,0.9276,False
Hungarian,離卦-static,t,1.066,12,0.4627,0.9276,False
Hungarian,中卦-static,d,-1.063,3,0.3632,0.9276,False
Hungarian,乾卦-dynamic,f,1.063,5,0.4428,0.9276,False
Hungarian,中卦-static,t,-0.987,10,0.408,0.9276,False
Hungarian,中卦-dynamic,a,-0.94,7,0.4179,0.9276,False
Hungarian,中卦-static,k,0.915,15,0.4279,0.9276,False
Hungarian,乾卦-static,a,0.906,14,0.3731,0.9276,False
Hungarian,中卦-dynamic,s,-0.862,4,0.4428,0.9276,False
Hungarian,中卦-static,o,-0.861,11,0.4378,0.9276,False
Hungarian,乾卦-static,e,-0.822,7,0.4527,0.9276,False
Hungarian,乾卦-static,h,-0.774,3,0.4229,0.9276,False
Hungarian,坎卦-dynamic,u,-0.758,6,0.4179,0.9276,False
Hungarian,坎卦-dynamic,i,-0.743,20,0.408,0.9276,False
Hungarian,坎卦-dynamic,ɟ,0.67,7,0.4428,0.9276,False
Hungarian,震卦-dynamic,z,0.659,13,0.3781,0.9276,False
Hungarian,坎卦-dynamic,n,-0.656,19,0.403,0.9276,False
Hungarian,坎卦-dynamic,ɛ,-0.653,35,0.4378,0.9276,False
Hungarian,坎卦-dynamic,e,-0.618,13,0.4677,0.9276,False
Hungarian,坎卦-static,ɲ,-0.588,7,0.3632,0.9276,False
Hungarian,震卦-dynamic,a,0.588,27,0.4328,0.9276,False
Hungarian,坤卦-static,y,0.583,8,0.3831,0.9276,False
Hungarian,震卦-dynamic,o,-0.575,34,0.398,0.9276,False
Hungarian,震卦-dynamic,ɡ,-0.545,14,0.4229,0.9276,False
Hungarian,艮卦-static,a,0.53,43,0.403,0.9276,False
Hungarian,坤卦-dynamic,ʒ,0.525,4,0.3682,0.9276,False
Hungarian,坤卦-static,r,-0.524,32,0.3831,0.9276,False
Hungarian,坎卦-static,u,-0.513,14,0.4677,0.9276,False
Hungarian,坎卦-static,ɛ,0.508,94,0.398,0.9276,False
Hungarian,坎卦-static,ɟ,-0.502,6,0.3881,0.9276,False
Hungarian,艮卦-dynamic,ʃ,-0.498,49,0.4279,0.9276,False
Hungarian,坎卦-dynamic,m,-0.495,15,0.4677,0.9276,False
Hungarian,艮卦-dynamic,v,0.493,29,0.4179,0.9276,False
Hungarian,坎卦-static,l,0.486,64,0.4577,0.9276,False
Hungarian,震卦-dynamic,n,-0.485,26,0.4677,0.9276,False
Hungarian,坎卦-static,t,0.482,67,0.4328,0.9276,False
Hungarian,坤卦-static,t͡ʃ,-0.474,4,0.4577,0.9276,False
Hungarian,坤卦-static,ɟ,-0.469,4,0.4229,0.9276,False
Hungarian,艮卦-static,ɡ,0.463,35,0.3831,0.9276,False
Hungarian,艮卦-static,s,-0.444,22,0.403,0.9276,False
Hungarian,坎卦-static,z,-0.439,11,0.398,0.9276,False
Hungarian,震卦-static,j,0.432,21,0.4677,0.9276,False
Hungarian,坎卦-static,ø,0.427,28,0.4726,0.9276,False
Hungarian,坤卦-static,p,0.426,13,0.4726,0.9276,False
Hungarian,艮卦-dynamic,f,-0.418,17,0.4179,0.9276,False
Hungarian,艮卦-dynamic,r,0.416,89,0.4478,0.9276,False
Hungarian,震卦-static,n,-0.409,39,0.4279,0.9276,False
Hungarian,兌卦-dynamic,ɛ,0.407,112,0.4478,0.9276,False
Hungarian,兌卦-dynamic,e,-0.403,33,0.4378,0.9276,False
Hungarian,坤卦-dynamic,k,-0.366,60,0.4527,0.9276,False
Hungarian,震卦-static,a,0.354,37,0.4577,0.9276,False
Hungarian,艮卦-static,h,-0.351,14,0.4627,0.9276,False
Hungarian,艮卦-dynamic,z,0.341,23,0.4627,0.9276,False
Hungarian,離卦-static,ʃ,-1.049,4,0.4876,0.9356,False
Hungarian,巽卦-static,l,0.99,12,0.4826,0.9356,False
Hungarian,中卦-static,f,0.881,7,0.4925,0.9356,False
Hungarian,乾卦-dynamic,t,-0.877,7,0.4925,0.9356,False
Hungarian,乾卦-dynamic,i,0.855,12,0.4925,0.9356,False
Hungarian,中卦-dynamic,ø,-0.66,4,0.4826,0.9356,False
Hungarian,坎卦-dynamic,r,0.624,37,0.4975,0.9356,False
Hungarian,艮卦-static,t͡s,0.479,7,0.4876,0.9356,False
Hungarian,坎卦-static,p,0.409,20,0.4925,0.9356,False
Hungarian,離卦-dynamic,r,-0.394,71,0.4975,0.9356,False
Hungarian,震卦-static,e,-0.354,27,0.4975,0.9356,False
Hungarian,中卦-dynamic,d,-0.637,4,0.5075,0.9487,False
Hungarian,坎卦-dynamic,t͡ʃ,-0.549,3,0.5124,0.9551,False
Hungarian,坤卦-static,s,0.435,20,0.5174,0.9587,False
Hungarian,坤卦-dynamic,a,-0.304,47,0.5174,0.9587,False
Hungarian,巽卦-dynamic,ɡ,1.31,3,0.5721,0.9621,False
Hungarian,兌卦-static,n,-0.962,4,0.5274,0.9621,False
Hungarian,離卦-static,a,-0.96,4,0.5672,0.9621,False
Hungarian,離卦-static,ɑ,-0.92,9,0.607,0.9621,False
Hungarian,兌卦-static,ɛ,-0.892,8,0.5771,0.9621,False
Hungarian,兌卦-static,e,0.889,6,0.6119,0.9621,False
Hungarian,巽卦-static,v,0.879,4,0.5522,0.9621,False
Hungarian,離卦-static,ø,0.81,5,0.607,0.9621,False
Hungarian,兌卦-static,ʃ,0.796,8,0.597,0.9621,False
Hungarian,乾卦-dynamic,m,-0.792,4,0.5423,0.9621,False
Hungarian,巽卦-static,ɑ,0.784,16,0.5871,0.9621,False
Hungarian,乾卦-static,ɑ,0.784,32,0.5224,0.9621,False
Hungarian,乾卦-dynamic,ʃ,0.776,10,0.5473,0.9621,False
Hungarian,乾卦-dynamic,s,0.769,6,0.597,0.9621,False
Hungarian,中卦-static,s,0.758,9,0.5871,0.9621,False
Hungarian,乾卦-dynamic,e,-0.67,4,0.6269,0.9621,False
Hungarian,乾卦-static,o,-0.628,16,0.592,0.9621,False
Hungarian,乾卦-static,t,-0.624,15,0.597,0.9621,False
Hungarian,乾卦-dynamic,a,-0.604,5,0.607,0.9621,False
Hungarian,乾卦-static,d,-0.603,5,0.6169,0.9621,False
Hungarian,中卦-static,ɑ,-0.598,17,0.6269,0.9621,False
Hungarian,乾卦-static,r,0.54,22,0.5871,0.9621,False
Hungarian,乾卦-static,z,0.54,6,0.6368,0.9621,False
Hungarian,中卦-static,m,-0.536,7,0.6169,0.9621,False
Hungarian,乾卦-static,l,-0.504,15,0.5771,0.9621,False
Hungarian,乾卦-static,b,-0.482,5,0.6318,0.9621,False
Hungarian,坎卦-static,e,0.428,38,0.5423,0.9621,False
Hungarian,坤卦-static,t͡s,0.426,4,0.5323,0.9621,False
Hungarian,坤卦-static,f,-0.423,8,0.5522,0.9621,False
Hungarian,坎卦-static,m,-0.414,29,0.5274,0.9621,False
Hungarian,兌卦-dynamic,ɟ,-0.412,8,0.5473,0.9621,False
Hungarian,坎卦-static,r,0.408,65,0.5373,0.9621,False
Hungarian,兌卦-dynamic,d,0.364,28,0.5522,0.9621,False
Hungarian,艮卦-static,ɛ,-0.353,79,0.5274,0.9621,False
Hungarian,坎卦-static,t͡s,-0.35,3,0.5821,0.9621,False
Hungarian,震卦-static,v,-0.338,14,0.6269,0.9621,False
Hungarian,坎卦-static,ɑ,-0.337,72,0.6169,0.9621,False
Hungarian,艮卦-static,t,0.332,70,0.5323,0.9621,False
Hungarian,艮卦-dynamic,i,0.328,81,0.5373,0.9621,False
Hungarian,艮卦-static,z,-0.317,13,0.6368,0.9621,False
Hungarian,艮卦-dynamic,n,-0.311,57,0.592,0.9621,False
Hungarian,兌卦-dynamic,t͡s,0.31,7,0.5473,0.9621,False
Hungarian,坎卦-static,j,-0.307,9,0.6318,0.9621,False
Hungarian,兌卦-dynamic,ɲ,-0.304,12,0.6318,0.9621,False
Hungarian,艮卦-static,l,0.293,66,0.5473,0.9621,False
Hungarian,坤卦-dynamic,p,0.291,28,0.5771,0.9621,False
Hungarian,震卦-static,ø,-0.29,19,0.5572,0.9621,False
Hungarian,離卦-dynamic,p,0.281,26,0.607,0.9621,False
Hungarian,離卦-dynamic,ɛ,0.275,121,0.602,0.9621,False
Hungarian,兌卦-dynamic,t,0.267,77,0.6119,0.9621,False
Hungarian,坤卦-dynamic,u,0.262,34,0.6368,0.9621,False
Hungarian,離卦-dynamic,t͡ʃ,-0.262,11,0.6368,0.9621,False
Hungarian,艮卦-dynamic,d,0.248,30,0.5771,0.9621,False
Hungarian,坤卦-dynamic,j,-0.236,15,0.607,0.9621,False
Hungarian,坤卦-dynamic,n,-0.217,64,0.6368,0.9621,False
Hungarian,中卦-dynamic,z,-0.406,3,0.6468,0.9701,False
Hungarian,艮卦-dynamic,ɡ,-0.239,33,0.6468,0.9701,False
Hungarian,坎卦-dynamic,k,-0.366,22,0.6517,0.9707,False
Hungarian,坎卦-static,s,-0.294,22,0.6517,0.9707,False
Hungarian,巽卦-dynamic,r,-1.004,3,0.6617,0.975,False
Hungarian,坎卦-static,f,-0.281,14,0.6667,0.975,False
Hungarian,震卦-static,z,-0.27,12,0.6567,0.975,False
Hungarian,震卦-dynamic,ʃ,-0.27,27,0.6716,0.975,False
Hungarian,兌卦-dynamic,j,-0.259,12,0.6716,0.975,False
Hungarian,坤卦-dynamic,t͡s,0.242,8,0.6716,0.975,False
Hungarian,艮卦-dynamic,k,0.239,67,0.6617,0.975,False
Hungarian,坤卦-dynamic,o,0.227,105,0.6667,0.975,False
Hungarian,震卦-static,k,-0.208,42,0.6716,0.975,False
Hungarian,巽卦-static,r,-0.567,8,0.6766,0.9777,False
Hungarian,震卦-static,ɡ,0.248,29,0.6766,0.9777,False
Hungarian,震卦-dynamic,t,0.302,43,0.6816,0.9826,False
Hungarian,巽卦-dynamic,i,0.815,5,0.6965,0.9894,False
Hungarian,兌卦-static,v,0.595,3,0.7065,0.9894,False
Hungarian,巽卦-static,ɲ,0.561,3,0.6965,0.9894,False
Hungarian,中卦-dynamic,ɛ,-0.548,18,0.6965,0.9894,False
Hungarian,中卦-dynamic,ɑ,-0.371,19,0.7114,0.9894,False
Hungarian,震卦-static,o,0.235,70,0.7114,0.9894,False
Hungarian,兌卦-dynamic,a,0.235,45,0.6915,0.9894,False
Hungarian,震卦-dynamic,r,0.232,42,0.7114,0.9894,False
Hungarian,兌卦-dynamic,y,-0.223,10,0.7015,0.9894,False
Hungarian,兌卦-dynamic,ø,-0.207,25,0.7015,0.9894,False
Hungarian,艮卦-static,ʃ,-0.196,45,0.7065,0.9894,False
Hungarian,巽卦-dynamic,k,0.711,4,0.7463,0.9919,False
Hungarian,巽卦-dynamic,e,0.699,3,0.7264,0.9919,False
Hungarian,中卦-static,ɛ,0.477,24,0.7413,0.9919,False
Hungarian,中卦-static,y,0.442,3,0.7413,0.9919,False
Hungarian,乾卦-dynamic,ɛ,-0.44,12,0.7363,0.9919,False
Hungarian,中卦-dynamic,b,0.412,7,0.7363,0.9919,False
Hungarian,乾卦-static,s,0.399,10,0.7214,0.9919,False
Hungarian,乾卦-static,u,0.375,8,0.7413,0.9919,False
Hungarian,兌卦-static,ɑ,0.372,12,0.7413,0.9919,False
Hungarian,艮卦-static,i,-0.233,52,0.7363,0.9919,False
Hungarian,艮卦-dynamic,p,0.202,25,0.7313,0.9919,False
Hungarian,坤卦-static,v,-0.197,10,0.7164,0.9919,False
Hungarian,離卦-dynamic,t͡s,-0.194,5,0.7363,0.9919,False
Hungarian,兌卦-dynamic,s,0.174,34,0.7463,0.9919,False
Hungarian,坤卦-dynamic,ɟ,-0.14,12,0.7463,0.9919,False
Hungarian,巽卦-dynamic,ʃ,0.607,4,0.796,0.9936,False
Hungarian,離卦-static,l,-0.514,7,0.7662,0.9936,False
Hungarian,離卦-static,o,-0.503,8,0.7612,0.9936,False
Hungarian,離卦-static,s,-0.493,3,0.791,0.9936,False
Hungarian,中卦-static,a,0.469,10,0.7512,0.9936,False
Hungarian,中卦-static,b,-0.46,4,0.7612,0.9936,False
Hungarian,乾卦-dynamic,l,-0.45,8,0.7612,0.9936,False
Hungarian,兌卦-static,ɡ,-0.423,3,0.7761,0.9936,False
Hungarian,兌卦-static,r,-0.407,7,0.7761,0.9936,False
Hungarian,巽卦-static,ø,-0.382,3,0.7811,0.9936,False
Hungarian,乾卦-dynamic,d,-0.313,3,0.8657,0.9936,False
Hungarian,中卦-static,i,-0.283,12,0.8358,0.9936,False
Hungarian,中卦-static,ɲ,0.279,4,0.8507,0.9936,False
Hungarian,巽卦-static,n,-0.256,7,0.8408,0.9936,False
Hungarian,中卦-dynamic,v,-0.256,4,0.8358,0.9936,False
Hungarian,坎卦-dynamic,b,0.237,13,0.7711,0.9936,False
Hungarian,坎卦-dynamic,l,0.23,32,0.7711,0.9936,False
Hungarian,中卦-dynamic,ʃ,0.227,13,0.8706,0.9936,False
Hungarian,巽卦-static,a,0.223,6,0.8756,0.9936,False
Hungarian,中卦-dynamic,k,0.218,13,0.8358,0.9936,False
Hungarian,巽卦-static,ɡ,-0.214,4,0.8756,0.9936,False
Hungarian,乾卦-static,ɡ,-0.214,8,0.8259,0.9936,False
Hungarian,震卦-dynamic,f,-0.212,10,0.796,0.9936,False
Hungarian,乾卦-dynamic,u,-0.211,3,0.8756,0.9936,False
Hungarian,乾卦-static,ɛ,-0.195,25,0.8209,0.9936,False
Hungarian,乾卦-dynamic,h,0.194,3,0.9602,0.9936,False
Hungarian,坤卦-static,n,0.187,33,0.7761,0.9936,False
Hungarian,坎卦-dynamic,d,-0.187,10,0.8308,0.9936,False
Hungarian,離卦-static,m,-0.172,5,0.9502,0.9936,False
Hungarian,坎卦-dynamic,ɲ,-0.17,6,0.8706,0.9936,False
Hungarian,坤卦-static,b,0.167,15,0.8607,0.9936,False
Hungarian,乾卦-static,p,-0.166,5,0.8507,0.9936,False
Hungarian,震卦-static,m,-0.164,32,0.7662,0.9936,False
Hungarian,坎卦-static,ɡ,-0.163,25,0.8209,0.9936,False
Hungarian,中卦-static,t͡ʃ,0.163,3,0.8358,0.9936,False
Hungarian,中卦-dynamic,ɲ,-0.157,3,0.8756,0.9936,False
Hungarian,震卦-static,ɲ,-0.157,11,0.7711,0.9936,False
Hungarian,離卦-dynamic,j,-0.149,16,0.8209,0.9936,False
Hungarian,離卦-dynamic,ø,-0.148,29,0.8358,0.9936,False
Hungarian,巽卦-static,t,-0.146,9,0.8856,0.9936,False
Hungarian,坤卦-dynamic,t,-0.142,81,0.7811,0.9936,False
Hungarian,離卦-dynamic,ɡ,0.139,39,0.8607,0.9936,False
Hungarian,中卦-static,p,-0.133,4,0.9154,0.9936,False
Hungarian,乾卦-static,t͡ʃ,-0.128,3,0.9104,0.9936,False
Hungarian,坎卦-static,d,0.127,21,0.8109,0.9936,False
Hungarian,震卦-dynamic,e,0.126,23,0.8955,0.9936,False
Hungarian,坎卦-dynamic,h,-0.12,8,0.8856,0.9936,False
Hungarian,巽卦-static,i,0.12,9,0.9303,0.9936,False
Hungarian,兌卦-static,k,-0.119,6,0.9403,0.9936,False
Hungarian,艮卦-dynamic,s,0.118,37,0.796,0.9936,False
Hungarian,離卦-dynamic,ɲ,-0.115,16,0.8159,0.9936,False
Hungarian,離卦-dynamic,y,-0.113,12,0.8458,0.9936,False
Hungarian,乾卦-dynamic,p,0.112,3,0.9154,0.9936,False
Hungarian,兌卦-static,m,0.111,5,0.9502,0.9936,False
Hungarian,巽卦-static,ʃ,-0.11,7,0.9403,0.9936,False
Hungarian,乾卦-static,ʃ,-0.11,14,0.9005,0.9936,False
Hungarian,中卦-dynamic,u,-0.109,5,0.9154,0.9936,False
Hungarian,震卦-static,b,0.106,22,0.8607,0.9936,False
Hungarian,乾卦-static,n,-0.094,15,0.9502,0.9936,False
Hungarian,中卦-static,e,-0.093,8,0.9005,0.9936,False
Hungarian,艮卦-static,j,0.083,17,0.8856,0.9936,False
Hungarian,坤卦-dynamic,ɲ,0.081,20,0.8955,0.9936,False
Hungarian,坎卦-dynamic,t,0.08,32,0.9254,0.9936,False
Hungarian,震卦-static,s,0.078,26,0.8856,0.9936,False
Hungarian,離卦-dynamic,e,-0.074,43,0.9204,0.9936,False
Hungarian,坎卦-dynamic,j,-0.071,7,0.9154,0.9936,False
Hungarian,艮卦-dynamic,j,0.07,21,0.9055,0.9936,False
Hungarian,離卦-static,ɡ,-0.069,4,0.9652,0.9936,False
Hungarian,艮卦-static,u,-0.067,21,0.9303,0.9936,False
Hungarian,中卦-dynamic,l,0.064,15,0.9353,0.9936,False
Hungarian,震卦-dynamic,ø,0.063,16,0.9552,0.9936,False
Hungarian,兌卦-dynamic,ɡ,-0.063,32,0.9303,0.9936,False
Hungarian,震卦-static,ɛ,0.062,81,0.9403,0.9936,False
Hungarian,震卦-dynamic,u,0.057,14,0.9502,0.9936,False
Hungarian,中卦-static,n,-0.051,12,0.9652,0.9936,False
Hungarian,坤卦-dynamic,d,0.048,30,0.9254,0.9936,False
Hungarian,坤卦-static,o,0.046,43,0.9652,0.9936,False
Hungarian,坤卦-static,ɡ,-0.046,17,0.9652,0.9936,False
Hungarian,坤卦-static,ɲ,-0.041,8,0.9552,0.9936,False
Hungarian,震卦-dynamic,s,-0.04,17,0.9652,0.9936,False
Hungarian,艮卦-static,m,0.039,39,0.9403,0.9936,False
Hungarian,艮卦-dynamic,ɟ,-0.034,12,0.9552,0.9936,False
Hungarian,坤卦-dynamic,ʃ,-0.03,65,0.9552,0.9936,False
Hungarian,坤卦-static,ø,0.028,15,0.9502,0.9936,False
Hungarian,震卦-dynamic,ɟ,-0.02,6,0.9652,0.9936,False
Hungarian,坎卦-dynamic,s,0.026,14,0.9701,0.9971,False
Hungarian,乾卦-dynamic,ø,0.042,4,0.9751,0.9989,False
Hungarian,坎卦-dynamic,o,-0.02,35,0.9751,0.9989,False
Hungarian,乾卦-dynamic,o,-0.039,11,0.9801,0.9998,False
Hungarian,中卦-static,ø,0.034,6,0.9851,0.9998,False
Hungarian,巽卦-dynamic,l,0.023,4,0.99,0.9998,False
Hungarian,坎卦-dynamic,y,-0.013,5,0.995,0.9998,False
Hungarian,坎卦-dynamic,ʃ,-0.013,24,0.995,0.9998,False
Hungarian,離卦-static,k,-0.011,7,0.995,0.9998,False
Hungarian,坎卦-dynamic,p,0.006,9,0.99,0.9998,False
Hungarian,兌卦-dynamic,f,-0.003,21,0.995,0.9998,False
Hungarian,艮卦-dynamic,t͡ʃ,-0.001,14,0.995,0.9998,False
Hungarian,艮卦-dynamic,ɑ,0.001,109,0.995,0.9998,False
Hungarian,震卦-dynamic,k,0.004,31,1.0,1.0,False
Hungarian,中卦-static,r,0.001,15,1.0,1.0,False
Hungarian,震卦-dynamic,t͡s,-0.001,3,1.0,1.0,False
Indonesian,艮卦-dynamic,x,4.123,3,0.005,0.3383,False
Indonesian,中卦-static,w,3.443,6,0.005,0.3383,False
Indonesian,坎卦-dynamic,ɲ,3.386,9,0.005,0.3383,False
Indonesian,兌卦-dynamic,m,2.593,217,0.005,0.3383,False
Indonesian,震卦-static,d,1.978,49,0.005,0.3383,False
Indonesian,兌卦-dynamic,ə,1.903,181,0.005,0.3383,False
Indonesian,震卦-dynamic,ə,1.816,109,0.005,0.3383,False
Indonesian,震卦-static,t,1.391,91,0.005,0.3383,False
Indonesian,中卦-dynamic,j,3.838,3,0.01,0.435,False
Indonesian,兌卦-static,r,2.982,17,0.01,0.435,False
Indonesian,坎卦-static,d,1.639,46,0.01,0.435,False
Indonesian,坤卦-dynamic,h,1.302,57,0.01,0.435,False
Indonesian,艮卦-static,p,1.248,49,0.01,0.435,False
Indonesian,離卦-dynamic,n,1.777,128,0.0149,0.5075,False
Indonesian,坎卦-static,i,1.569,146,0.0149,0.5075,False
Indonesian,艮卦-dynamic,l,1.512,70,0.0149,0.5075,False
Indonesian,巽卦-dynamic,t͡ʃ,3.687,4,0.0199,0.5536,False
Indonesian,乾卦-static,u,2.185,40,0.0199,0.5536,False
Indonesian,艮卦-dynamic,ɡ,1.43,32,0.0199,0.5536,False
Indonesian,震卦-static,a,1.357,277,0.0199,0.5536,False
Indonesian,乾卦-dynamic,f,3.432,3,0.0348,0.609,False
Indonesian,中卦-dynamic,d͡ʒ,2.888,3,0.0299,0.609,False
Indonesian,中卦-static,ɛ,2.511,16,0.0299,0.609,False
Indonesian,坤卦-static,h,1.66,28,0.0348,0.609,False
Indonesian,艮卦-static,t,1.519,75,0.0299,0.609,False
Indonesian,坤卦-static,s,1.497,55,0.0299,0.609,False
Indonesian,離卦-dynamic,m,1.437,154,0.0249,0.609,False
Indonesian,震卦-dynamic,b,1.416,52,0.0348,0.609,False
Indonesian,艮卦-static,a͡ʊ,1.349,12,0.0249,0.609,False
Indonesian,坎卦-static,a,1.319,280,0.0299,0.609,False
Indonesian,震卦-static,ŋ,1.162,68,0.0299,0.609,False
Indonesian,坤卦-dynamic,t,0.958,96,0.0348,0.609,False
Indonesian,震卦-dynamic,d͡ʒ,1.605,21,0.0398,0.641,False
Indonesian,離卦-dynamic,ə,1.351,150,0.0398,0.641,False
Indonesian,坤卦-dynamic,o,-0.844,19,0.0398,0.641,False
Indonesian,巽卦-static,ŋ,2.212,15,0.0498,0.7249,False
Indonesian,中卦-static,k,-1.936,5,0.0498,0.7249,False
Indonesian,乾卦-static,a͡ʊ,2.017,5,0.0547,0.7281,False
Indonesian,震卦-static,p,1.121,59,0.0547,0.7281,False
Indonesian,坎卦-static,m,-1.052,27,0.0547,0.7281,False
Indonesian,坤卦-dynamic,ə,-0.941,41,0.0547,0.7281,False
Indonesian,艮卦-dynamic,ŋ,1.185,62,0.0597,0.7307,False
Indonesian,震卦-static,s,-0.914,30,0.0597,0.7307,False
Indonesian,坤卦-static,n,-1.347,23,0.0647,0.7761,False
Indonesian,震卦-static,ɡ,0.904,29,0.0697,0.8043,False
Indonesian,兌卦-static,t,2.282,11,0.0746,0.8156,False
Indonesian,艮卦-static,d͡ʒ,1.025,20,0.0746,0.8156,False
Indonesian,震卦-static,ə,-0.986,33,0.0746,0.8156,False
Indonesian,巽卦-static,b,2.198,15,0.0796,0.8257,False
Indonesian,艮卦-static,s,-0.992,22,0.0796,0.8257,False
Indonesian,兌卦-dynamic,ŋ,0.841,66,0.0796,0.8257,False
Indonesian,離卦-static,ɡ,1.965,8,0.0846,0.8485,False
Indonesian,兌卦-dynamic,t,-0.936,47,0.0846,0.8485,False
Indonesian,兌卦-dynamic,d,-0.895,18,0.0896,0.8563,False
Indonesian,坤卦-dynamic,l,0.85,76,0.0896,0.8563,False
Indonesian,中卦-static,s,1.687,20,0.1194,0.8804,False
Indonesian,巽卦-static,w,1.502,3,0.1194,0.8804,False
Indonesian,乾卦-static,ɛ,-1.33,3,0.1095,0.8804,False
Indonesian,乾卦-static,k,-1.318,11,0.1045,0.8804,False
Indonesian,坤卦-static,ə,-1.145,13,0.0995,0.8804,False
Indonesian,離卦-dynamic,b,-0.954,34,0.1144,0.8804,False
Indonesian,坎卦-static,ɛ,-0.863,22,0.1194,0.8804,False
Indonesian,坎卦-static,k,0.823,97,0.0995,0.8804,False
Indonesian,中卦-dynamic,ɡ,2.232,3,0.1294,0.8881,False
Indonesian,乾卦-static,a,1.293,69,0.1393,0.8881,False
Indonesian,乾卦-static,n,-1.258,12,0.1393,0.8881,False
Indonesian,艮卦-static,i,-0.956,51,0.1393,0.8881,False
Indonesian,艮卦-dynamic,h,-0.87,8,0.1393,0.8881,False
Indonesian,離卦-dynamic,l,-0.87,35,0.1393,0.8881,False
Indonesian,艮卦-static,m,-0.847,29,0.1244,0.8881,False
Indonesian,震卦-static,m,-0.788,39,0.1294,0.8881,False
Indonesian,震卦-static,b,0.722,64,0.1393,0.8881,False
Indonesian,兌卦-dynamic,l,-0.76,38,0.1443,0.8919,False
Indonesian,兌卦-static,i,-2.028,3,0.1542,0.9002,False
Indonesian,坎卦-dynamic,f,1.869,3,0.1692,0.9002,False
Indonesian,乾卦-dynamic,a,-1.79,11,0.1692,0.9002,False
Indonesian,離卦-static,p,1.65,13,0.1642,0.9002,False
Indonesian,兌卦-dynamic,s,-0.821,36,0.1642,0.9002,False
Indonesian,離卦-dynamic,ɛ,-0.82,24,0.1493,0.9002,False
Indonesian,離卦-dynamic,i,-0.804,73,0.1692,0.9002,False
Indonesian,離卦-dynamic,s,-0.799,36,0.1542,0.9002,False
Indonesian,坎卦-static,ə,-0.786,43,0.1493,0.9002,False
Indonesian,兌卦-dynamic,o,-0.724,21,0.1592,0.9002,False
Indonesian,震卦-static,r,-0.713,60,0.1642,0.9002,False
Indonesian,坎卦-static,o,-0.671,21,0.1642,0.9002,False
Indonesian,坤卦-dynamic,ɡ,-0.645,12,0.1592,0.9002,False
Indonesian,乾卦-static,l,-1.141,7,0.1741,0.9031,False
Indonesian,坤卦-dynamic,u,0.688,121,0.1741,0.9031,False
Indonesian,兌卦-dynamic,p,-0.676,31,0.1741,0.9031,False
Indonesian,巽卦-dynamic,o,2.437,4,0.1841,0.9039,False
Indonesian,離卦-static,r,1.51,24,0.1841,0.9039,False
Indonesian,中卦-static,u,-1.346,5,0.1891,0.9039,False
Indonesian,坤卦-static,ŋ,-0.838,11,0.1891,0.9039,False
Indonesian,坤卦-static,a,0.816,125,0.1891,0.9039,False
Indonesian,艮卦-static,k,0.809,76,0.1791,0.9039,False
Indonesian,坤卦-static,o,-0.783,9,0.1841,0.9039,False
Indonesian,震卦-static,l,-0.646,37,0.1891,0.9039,False
Indonesian,乾卦-static,ŋ,-1.092,4,0.194,0.9065,False
Indonesian,離卦-dynamic,o,-0.819,18,0.194,0.9065,False
Indonesian,巽卦-static,o,1.672,13,0.204,0.9247,False
Indonesian,兌卦-dynamic,d͡ʒ,-0.692,7,0.204,0.9247,False
Indonesian,乾卦-dynamic,s,1.871,13,0.209,0.9267,False
Indonesian,震卦-dynamic,l,0.715,42,0.2139,0.9285,False
Indonesian,震卦-static,a͡ɪ,-0.589,3,0.2139,0.9285,False
Indonesian,乾卦-dynamic,i,1.74,16,0.2189,0.9303,False
Indonesian,乾卦-dynamic,n,1.812,13,0.2338,0.9369,False
Indonesian,中卦-dynamic,i,1.788,10,0.2239,0.9369,False
Indonesian,巽卦-static,p,1.631,11,0.2388,0.9369,False
Indonesian,坎卦-dynamic,b,-1.445,4,0.2388,0.9369,False
Indonesian,乾卦-static,s,1.204,25,0.2289,0.9369,False
Indonesian,乾卦-static,j,0.987,4,0.2338,0.9369,False
Indonesian,艮卦-dynamic,d,-0.792,16,0.2388,0.9369,False
Indonesian,巽卦-static,h,1.663,9,0.2537,0.9527,False
Indonesian,兌卦-static,n,-1.585,4,0.2537,0.9527,False
Indonesian,坤卦-static,u,0.721,53,0.2488,0.9527,False
Indonesian,坎卦-static,b,-0.62,39,0.2537,0.9527,False
Indonesian,兌卦-dynamic,a,-0.59,184,0.2488,0.9527,False
Indonesian,兌卦-dynamic,ɛ,-0.667,28,0.2637,0.978,False
Indonesian,震卦-static,i,-0.66,73,0.2637,0.978,False
Indonesian,震卦-dynamic,ŋ,-0.813,15,0.2687,0.9787,False
Indonesian,中卦-static,d,1.199,7,0.2736,0.9793,False
Indonesian,離卦-static,k,-1.174,9,0.2736,0.9793,False
Indonesian,坎卦-static,h,-0.55,15,0.2736,0.9793,False
Indonesian,乾卦-static,ə,-0.928,9,0.2786,0.9856,False
Indonesian,離卦-dynamic,p,0.629,54,0.2786,0.9856,False
Indonesian,中卦-dynamic,d,1.631,3,0.2836,0.9974,False
Indonesian,艮卦-static,a,0.617,189,0.2886,0.9977,False
Indonesian,兌卦-dynamic,k,-0.577,67,0.2886,0.9977,False
Indonesian,巽卦-dynamic,a,-2.288,3,0.2985,1.0,False
Indonesian,巽卦-dynamic,k,2.026,5,0.3284,1.0,False
Indonesian,巽卦-dynamic,n,1.954,5,0.3284,1.0,False
Indonesian,巽卦-dynamic,m,1.536,6,0.4776,1.0,False
Indonesian,中卦-dynamic,o,1.48,5,0.2935,1.0,False
Indonesian,兌卦-static,k,1.408,11,0.3433,1.0,False
Indonesian,中卦-dynamic,l,1.392,5,0.393,1.0,False
Indonesian,兌卦-static,u,1.388,13,0.3532,1.0,False
Indonesian,坎卦-dynamic,a,-1.304,23,0.2985,1.0,False
Indonesian,巽卦-static,s,-1.268,3,0.3682,1.0,False
Indonesian,乾卦-dynamic,t,-1.225,4,0.4428,1.0,False
Indonesian,坎卦-dynamic,ə,1.224,24,0.3134,1.0,False
Indonesian,乾卦-dynamic,ɛ,1.223,7,0.4179,1.0,False
Indonesian,巽卦-static,u,1.22,20,0.403,1.0,False
Indonesian,巽卦-static,ə,-1.168,4,0.3881,1.0,False
Indonesian,中卦-static,h,1.15,8,0.3333,1.0,False
Indonesian,坎卦-dynamic,ŋ,1.136,12,0.3532,1.0,False
Indonesian,乾卦-dynamic,u,-1.115,4,0.398,1.0,False
Indonesian,乾卦-dynamic,k,1.114,11,0.4279,1.0,False
Indonesian,巽卦-static,r,-1.079,8,0.3731,1.0,False
Indonesian,兌卦-static,b,-1.062,3,0.4328,1.0,False
Indonesian,坎卦-dynamic,u,-1.057,7,0.3881,1.0,False
Indonesian,中卦-static,t͡ʃ,1.042,7,0.3085,1.0,False
Indonesian,離卦-static,l,1.012,13,0.4129,1.0,False
Indonesian,中卦-static,o,1.008,11,0.3234,1.0,False
Indonesian,離卦-static,t,-0.999,8,0.398,1.0,False
Indonesian,坎卦-dynamic,s,-0.972,5,0.4328,1.0,False
Indonesian,中卦-static,i,-0.971,11,0.3781,1.0,False
Indonesian,離卦-static,d,-0.968,3,0.4428,1.0,False
Indonesian,巽卦-dynamic,i,0.964,5,0.6468,1.0,False
Indonesian,巽卦-static,m,-0.962,5,0.5075,1.0,False
Indonesian,離卦-static,b,0.93,13,0.403,1.0,False
Indonesian,乾卦-static,ɲ,0.902,5,0.3781,1.0,False
Indonesian,中卦-static,m,-0.884,6,0.408,1.0,False
Indonesian,坎卦-dynamic,m,0.879,21,0.4726,1.0,False
Indonesian,離卦-static,ɛ,0.862,11,0.4527,1.0,False
Indonesian,坎卦-dynamic,t,-0.848,8,0.4726,1.0,False
Indonesian,坎卦-dynamic,r,-0.843,10,0.5174,1.0,False
Indonesian,坎卦-dynamic,k,0.834,17,0.5522,1.0,False
Indonesian,巽卦-static,k,-0.83,9,0.5622,1.0,False
Indonesian,坎卦-dynamic,ɛ,0.796,10,0.5174,1.0,False
Indonesian,中卦-dynamic,n,-0.733,4,0.6716,1.0,False
Indonesian,中卦-dynamic,ə,-0.724,3,0.607,1.0,False
Indonesian,巽卦-static,ɛ,-0.719,4,0.5672,1.0,False
Indonesian,乾卦-dynamic,ə,0.719,12,0.6667,1.0,False
Indonesian,坎卦-dynamic,p,-0.697,5,0.597,1.0,False
Indonesian,中卦-dynamic,a,0.697,16,0.6667,1.0,False
Indonesian,乾卦-static,ɔ,0.678,3,0.5124,1.0,False
Indonesian,巽卦-static,l,0.665,10,0.6318,1.0,False
Indonesian,震卦-dynamic,o,-0.663,14,0.3781,1.0,False
Indonesian,離卦-static,o,-0.659,4,0.607,1.0,False
Indonesian,乾卦-dynamic,l,-0.636,4,0.7164,1.0,False
Indonesian,中卦-dynamic,k,-0.634,4,0.6866,1.0,False
Indonesian,震卦-dynamic,ɛ,-0.616,18,0.3433,1.0,False
Indonesian,坎卦-static,s,0.604,81,0.2985,1.0,False
Indonesian,中卦-static,n,-0.604,11,0.5572,1.0,False
Indonesian,兌卦-static,s,0.604,8,0.6368,1.0,False
Indonesian,兌卦-static,p,-0.595,3,0.7164,1.0,False
Indonesian,乾卦-static,h,0.591,9,0.4826,1.0,False
Indonesian,震卦-dynamic,r,0.58,66,0.4179,1.0,False
Indonesian,兌卦-static,l,0.564,6,0.7264,1.0,False
Indonesian,離卦-dynamic,h,-0.535,16,0.393,1.0,False
Indonesian,兌卦-dynamic,a͡ɪ,-0.535,4,0.3134,1.0,False
Indonesian,震卦-dynamic,i,-0.523,52,0.4129,1.0,False
Indonesian,離卦-dynamic,r,-0.522,70,0.3781,1.0,False
Indonesian,中卦-dynamic,b,0.518,4,0.7612,1.0,False
Indonesian,坎卦-dynamic,n,0.515,16,0.7264,1.0,False
Indonesian,艮卦-dynamic,a͡ɪ,0.51,15,0.3731,1.0,False
Indonesian,離卦-static,i,0.508,21,0.6567,1.0,False
Indonesian,兌卦-dynamic,ɡ,-0.507,13,0.3483,1.0,False
Indonesian,坎卦-static,t,0.499,74,0.3234,1.0,False
Indonesian,坎卦-static,u,-0.498,61,0.3532,1.0,False
Indonesian,坎卦-static,t͡ʃ,-0.492,6,0.3632,1.0,False
Indonesian,乾卦-dynamic,t͡ʃ,0.492,3,0.7313,1.0,False
Indonesian,坤卦-static,p,-0.49,16,0.4876,1.0,False
Indonesian,艮卦-dynamic,i,-0.486,71,0.3731,1.0,False
Indonesian,兌卦-static,ɛ,0.485,5,0.7662,1.0,False
Indonesian,坎卦-dynamic,h,0.484,6,0.6915,1.0,False
Indonesian,艮卦-dynamic,n,-0.472,60,0.3483,1.0,False
Indonesian,震卦-dynamic,a͡ɪ,-0.471,3,0.4876,1.0,False
Indonesian,艮卦-static,ɡ,-0.461,10,0.4328,1.0,False
Indonesian,艮卦-dynamic,u,0.459,86,0.4279,1.0,False
Indonesian,巽卦-dynamic,ə,0.455,4,0.8408,1.0,False
Indonesian,坤卦-dynamic,a,0.449,265,0.3184,1.0,False
Indonesian,艮卦-static,l,0.446,46,0.4975,1.0,False
Indonesian,坤卦-static,d,0.44,16,0.4876,1.0,False
Indonesian,兌卦-dynamic,ɔ,-0.44,5,0.4279,1.0,False
Indonesian,巽卦-static,i,-0.439,13,0.7164,1.0,False
Indonesian,離卦-static,a͡ɪ,0.438,3,0.5672,1.0,False
Indonesian,震卦-static,n,0.436,88,0.3881,1.0,False
Indonesian,離卦-static,u,0.434,18,0.6766,1.0,False
Indonesian,震卦-dynamic,t,-0.431,36,0.5224,1.0,False
Indonesian,艮卦-dynamic,a,-0.427,161,0.4527,1.0,False
Indonesian,離卦-static,ŋ,-0.421,6,0.7463,1.0,False
Indonesian,中卦-static,r,-0.411,12,0.7313,1.0,False
Indonesian,離卦-dynamic,ŋ,0.411,54,0.4577,1.0,False
Indonesian,艮卦-dynamic,s,-0.41,42,0.5174,1.0,False
Indonesian,坎卦-dynamic,i,0.409,19,0.7015,1.0,False
Indonesian,兌卦-static,ə,-0.408,6,0.7512,1.0,False
Indonesian,乾卦-dynamic,r,0.404,10,0.7562,1.0,False
Indonesian,艮卦-static,ə,-0.402,48,0.4279,1.0,False
Indonesian,離卦-static,n,-0.402,13,0.7313,1.0,False
Indonesian,離卦-static,s,-0.39,9,0.7711,1.0,False
Indonesian,兌卦-dynamic,r,-0.383,76,0.4527,1.0,False
Indonesian,艮卦-static,b,0.379,46,0.5174,1.0,False
Indonesian,中卦-static,b,0.379,10,0.7114,1.0,False
Indonesian,離卦-static,m,0.377,18,0.6965,1.0,False
Indonesian,坤卦-static,ɛ,0.376,24,0.602,1.0,False
Indonesian,坤卦-dynamic,t͡ʃ,-0.373,10,0.4627,1.0,False
Indonesian,坎卦-dynamic,d,-0.369,4,0.7512,1.0,False
Indonesian,坤卦-dynamic,m,-0.366,69,0.3582,1.0,False
Indonesian,巽卦-static,a,0.357,36,0.796,1.0,False
Indonesian,震卦-static,t͡ʃ,-0.353,9,0.4527,1.0,False
Indonesian,艮卦-static,u,0.352,73,0.5721,1.0,False
Indonesian,艮卦-dynamic,d͡ʒ,0.351,16,0.6169,1.0,False
Indonesian,艮卦-dynamic,o,-0.351,26,0.4627,1.0,False
Indonesian,乾卦-dynamic,o,0.349,5,0.8657,1.0,False
Indonesian,震卦-dynamic,u,-0.347,44,0.5821,1.0,False
Indonesian,兌卦-dynamic,h,0.347,34,0.4726,1.0,False
Indonesian,坤卦-static,i,-0.344,42,0.5473,1.0,False
Indonesian,中卦-dynamic,m,-0.343,4,0.8607,1.0,False
Indonesian,艮卦-dynamic,ə,0.337,85,0.5771,1.0,False
Indonesian,離卦-dynamic,t͡ʃ,-0.336,10,0.5323,1.0,False
Indonesian,艮卦-static,r,-0.335,57,0.5522,1.0,False
Indonesian,艮卦-dynamic,w,0.335,8,0.5124,1.0,False
Indonesian,坤卦-static,r,0.334,46,0.6169,1.0,False
Indonesian,離卦-static,a,-0.334,35,0.7761,1.0,False
Indonesian,艮卦-dynamic,k,-0.33,61,0.5871,1.0,False
Indonesian,兌卦-dynamic,u,-0.329,72,0.5174,1.0,False
Indonesian,兌卦-dynamic,b,-0.319,48,0.5721,1.0,False
Indonesian,坤卦-dynamic,ɛ,0.316,54,0.4478,1.0,False
Indonesian,震卦-static,k,0.316,83,0.5373,1.0,False
Indonesian,中卦-static,d͡ʒ,0.308,3,0.8159,1.0,False
Indonesian,震卦-static,u,-0.304,67,0.5522,1.0,False
Indonesian,兌卦-dynamic,t͡ʃ,-0.304,11,0.5522,1.0,False
Indonesian,坤卦-static,l,-0.3,22,0.6716,1.0,False
Indonesian,艮卦-static,d,0.294,24,0.5423,1.0,False
Indonesian,乾卦-static,i,0.292,26,0.7562,1.0,False
Indonesian,兌卦-dynamic,j,-0.291,3,0.5871,1.0,False
Indonesian,震卦-dynamic,k,-0.29,46,0.6866,1.0,False
Indonesian,坎卦-dynamic,o,0.289,8,0.8109,1.0,False
Indonesian,離卦-dynamic,d,-0.283,25,0.6119,1.0,False
Indonesian,震卦-dynamic,p,0.274,30,0.6119,1.0,False
Indonesian,兌卦-static,h,0.272,3,0.9005,1.0,False
Indonesian,坤卦-dynamic,s,0.263,80,0.5423,1.0,False
Indonesian,中卦-dynamic,ɛ,0.263,3,0.8408,1.0,False
Indonesian,震卦-dynamic,m,-0.262,43,0.6766,1.0,False
Indonesian,坎卦-static,w,-0.261,4,0.6269,1.0,False
Indonesian,震卦-static,ɛ,0.26,45,0.5522,1.0,False
Indonesian,坤卦-dynamic,d͡ʒ,-0.258,13,0.5821,1.0,False
Indonesian,巽卦-static,t,0.257,11,0.8955,1.0,False
Indonesian,艮卦-dynamic,ɛ,-0.256,31,0.592,1.0,False
Indonesian,艮卦-static,o,-0.253,25,0.7015,1.0,False
Indonesian,震卦-dynamic,d,-0.252,16,0.6915,1.0,False
Indonesian,離卦-dynamic,t,-0.252,61,0.6816,1.0,False
Indonesian,乾卦-static,p,-0.251,9,0.8159,1.0,False
Indonesian,離卦-dynamic,ɲ,-0.244,6,0.6816,1.0,False
Indonesian,乾卦-static,t,0.243,17,0.8109,1.0,False
Indonesian,中卦-static,t,-0.241,10,0.8557,1.0,False
Indonesian,震卦-dynamic,a,-0.231,127,0.7811,1.0,False
Indonesian,震卦-dynamic,t͡ʃ,-0.223,8,0.7214,1.0,False
Indonesian,震卦-static,o,-0.222,32,0.6468,1.0,False
Indonesian,坤卦-static,w,0.221,4,0.7711,1.0,False
Indonesian,坎卦-dynamic,l,-0.221,8,0.8856,1.0,False
Indonesian,巽卦-dynamic,r,-0.22,3,0.9403,1.0,False
Indonesian,艮卦-static,ŋ,0.219,37,0.7264,1.0,False
Indonesian,坤卦-dynamic,k,-0.218,82,0.6517,1.0,False
Indonesian,坎卦-static,r,0.215,89,0.6517,1.0,False
Indonesian,兌卦-dynamic,n,-0.214,79,0.6716,1.0,False
Indonesian,坎卦-static,l,0.21,54,0.6766,1.0,False
Indonesian,乾卦-static,r,0.209,22,0.7313,1.0,False
Indonesian,坤卦-dynamic,b,-0.208,54,0.6219,1.0,False
Indonesian,中卦-static,ə,-0.206,12,0.8408,1.0,False
Indonesian,坤卦-dynamic,w,0.196,9,0.6816,1.0,False
Indonesian,坎卦-static,ɡ,-0.195,16,0.6816,1.0,False
Indonesian,中卦-static,a,0.195,37,0.8905,1.0,False
Indonesian,震卦-static,d͡ʒ,0.195,16,0.6816,1.0,False
Indonesian,離卦-dynamic,j,-0.193,4,0.7512,1.0,False
Indonesian,乾卦-static,m,-0.189,17,0.8109,1.0,False
Indonesian,艮卦-dynamic,p,0.186,39,0.7413,1.0,False
Indonesian,乾卦-static,d͡ʒ,-0.186,3,0.8209,1.0,False
Indonesian,坎卦-static,a͡ʊ,-0.176,4,0.7662,1.0,False
Indonesian,坎卦-static,j,-0.176,4,0.7711,1.0,False
Indonesian,離卦-dynamic,ɡ,-0.176,17,0.7512,1.0,False
Indonesian,震卦-static,j,-0.169,4,0.7313,1.0,False
Indonesian,中卦-static,l,-0.168,8,0.8557,1.0,False
Indonesian,坤卦-dynamic,d,-0.163,29,0.7065,1.0,False
Indonesian,乾卦-dynamic,p,-0.162,4,0.9104,1.0,False
Indonesian,離卦-dynamic,a͡ɪ,-0.149,9,0.8159,1.0,False
Indonesian,坤卦-dynamic,ɲ,-0.146,8,0.7463,1.0,False
Indonesian,乾卦-static,ɡ,0.145,5,0.8756,1.0,False
Indonesian,坤卦-dynamic,j,-0.142,5,0.7512,1.0,False
Indonesian,震卦-dynamic,ɡ,-0.141,11,0.8657,1.0,False
Indonesian,震卦-dynamic,h,-0.137,15,0.7662,1.0,False
Indonesian,坤卦-dynamic,n,-0.134,87,0.7811,1.0,False
Indonesian,艮卦-dynamic,t͡ʃ,0.134,18,0.8259,1.0,False
Indonesian,震卦-static,w,-0.131,5,0.7612,1.0,False
Indonesian,坤卦-dynamic,a͡ʊ,-0.128,5,0.7861,1.0,False
Indonesian,艮卦-static,a͡ɪ,-0.125,7,0.8308,1.0,False
Indonesian,坎卦-static,n,0.122,82,0.8159,1.0,False
Indonesian,離卦-dynamic,f,-0.119,3,0.8657,1.0,False
Indonesian,坤卦-dynamic,ŋ,-0.114,45,0.8607,1.0,False
Indonesian,離卦-static,ə,-0.113,14,0.9154,1.0,False
Indonesian,震卦-dynamic,s,-0.102,38,0.8955,1.0,False
Indonesian,巽卦-static,n,0.1,13,0.9453,1.0,False
Indonesian,坤卦-static,ɲ,0.099,5,0.8806,1.0,False
Indonesian,乾卦-static,d,0.098,7,0.9204,1.0,False
Indonesian,艮卦-dynamic,b,0.093,47,0.8607,1.0,False
Indonesian,離卦-dynamic,k,-0.093,78,0.8706,1.0,False
Indonesian,坎卦-static,ŋ,0.09,44,0.8955,1.0,False
Indonesian,艮卦-dynamic,j,0.088,6,0.8358,1.0,False
Indonesian,坤卦-dynamic,p,-0.086,45,0.8159,1.0,False
Indonesian,艮卦-static,t͡ʃ,-0.085,12,0.8756,1.0,False
Indonesian,離卦-dynamic,a,-0.085,210,0.8507,1.0,False
Indonesian,兌卦-static,o,0.084,4,0.9751,1.0,False
Indonesian,艮卦-static,ɛ,0.077,33,0.9104,1.0,False
Indonesian,艮卦-static,h,0.076,21,0.8657,1.0,False
Indonesian,乾卦-static,b,0.071,13,0.9453,1.0,False
Indonesian,坤卦-static,k,0.069,39,0.9254,1.0,False
Indonesian,兌卦-dynamic,i,-0.065,100,0.9055,1.0,False
Indonesian,坤卦-static,b,0.062,26,0.9403,1.0,False
Indonesian,兌卦-static,ŋ,-0.059,4,0.9602,1.0,False
Indonesian,坤卦-static,m,0.057,40,0.8905,1.0,False
Indonesian,坤卦-static,t,-0.056,31,0.9055,1.0,False
Indonesian,離卦-dynamic,w,-0.055,6,0.9254,1.0,False
Indonesian,兌卦-static,a,-0.052,20,0.99,1.0,False
Indonesian,艮卦-static,j,0.05,5,0.9552,1.0,False
Indonesian,震卦-static,f,0.049,4,0.9154,1.0,False
Indonesian,艮卦-dynamic,m,0.045,71,0.9552,1.0,False
Indonesian,震卦-static,h,-0.045,24,0.9303,1.0,False
Indonesian,艮卦-static,n,0.044,63,0.9602,1.0,False
Indonesian,兌卦-dynamic,ɲ,0.043,10,0.9403,1.0,False
Indonesian,兌卦-dynamic,w,0.042,7,0.9353,1.0,False
Indonesian,離卦-dynamic,u,0.041,85,0.9502,1.0,False
Indonesian,乾卦-dynamic,m,-0.041,8,0.9851,1.0,False
Indonesian,中卦-static,ŋ,-0.04,7,0.9602,1.0,False
Indonesian,坤卦-dynamic,ɔ,0.036,9,0.9453,1.0,False
Indonesian,艮卦-dynamic,t,0.03,57,0.9701,1.0,False
Indonesian,艮卦-dynamic,r,0.026,74,0.9851,1.0,False
Indonesian,坤卦-static,ɡ,-0.024,9,0.9602,1.0,False
Indonesian,坤卦-dynamic,r,-0.022,94,0.9453,1.0,False
Indonesian,坎卦-static,p,0.018,41,0.9851,1.0,False
Indonesian,中卦-static,p,0.015,7,0.9851,1.0,False
Indonesian,離卦-dynamic,d͡ʒ,0.015,15,0.9801,1.0,False
Indonesian,坎卦-static,d͡ʒ,-0.014,14,0.9701,1.0,False
Indonesian,震卦-dynamic,n,-0.012,52,0.995,1.0,False
Indonesian,中卦-dynamic,s,0.009,4,1.0,1.0,False
Indonesian,坤卦-dynamic,i,0.007,110,0.995,1.0,False
Indonesian,坤卦-static,d͡ʒ,-0.006,7,0.995,1.0,False
Indonesian,坎卦-dynamic,t͡ʃ,-0.002,3,1.0,1.0,False
Indonesian,坤卦-dynamic,a͡ɪ,-0.001,12,1.0,1.0,False
Irish,艮卦-dynamic,u͡ə,3.577,24,0.005,0.2559,False
Irish,兌卦-static,ʃ,3.503,11,0.005,0.2559,False
Irish,兌卦-static,lʲ,3.386,10,0.005,0.2559,False
Irish,兌卦-dynamic,ɡ,3.277,86,0.005,0.2559,False
Irish,艮卦-static,pʲ,3.173,3,0.005,0.2559,False
Irish,震卦-static,ʊ,3.125,20,0.005,0.2559,False
Irish,艮卦-static,a͡ɪ,2.838,17,0.005,0.2559,False
Irish,震卦-dynamic,ɛ,2.815,28,0.005,0.2559,False
Irish,坤卦-static,b,2.673,19,0.005,0.2559,False
Irish,坎卦-dynamic,i,2.554,24,0.005,0.2559,False
Irish,坎卦-static,h,2.443,30,0.005,0.2559,False
Irish,坤卦-dynamic,x,2.404,89,0.005,0.2559,False
Irish,乾卦-static,s,2.249,38,0.005,0.2559,False
Irish,震卦-dynamic,dʲ,2.172,10,0.005,0.2559,False
Irish,坎卦-dynamic,ɑ,2.118,32,0.005,0.2559,False
Irish,震卦-static,l,1.955,60,0.005,0.2559,False
Irish,艮卦-static,k,1.914,75,0.005,0.2559,False
Irish,艮卦-static,p,1.64,30,0.005,0.2559,False
Irish,震卦-static,t̪,1.565,42,0.005,0.2559,False
Irish,坎卦-static,ə,1.521,115,0.005,0.2559,False
Irish,坤卦-dynamic,ɐ,1.345,122,0.005,0.2559,False
Irish,坤卦-static,j,2.411,5,0.01,0.4133,False
Irish,坤卦-static,ə,1.951,49,0.01,0.4133,False
Irish,坤卦-static,d̪,-1.669,3,0.01,0.4133,False
Irish,艮卦-static,f,-1.541,6,0.01,0.4133,False
Irish,震卦-static,a͡ʊ,1.525,13,0.01,0.4133,False
Irish,巽卦-static,v,3.24,10,0.0149,0.4357,False
Irish,乾卦-static,w,2.957,4,0.0149,0.4357,False
Irish,巽卦-dynamic,t̪,2.56,9,0.0149,0.4357,False
Irish,震卦-dynamic,χ,2.39,5,0.0149,0.4357,False
Irish,坎卦-dynamic,d͡ʒ,2.015,6,0.0149,0.4357,False
Irish,艮卦-static,ɡʲ,1.867,10,0.0149,0.4357,False
Irish,震卦-static,p,1.638,23,0.0149,0.4357,False
Irish,震卦-static,n,-1.413,35,0.0149,0.4357,False
Irish,艮卦-dynamic,u,-1.339,11,0.0149,0.4357,False
Irish,巽卦-static,a,2.806,7,0.0199,0.5242,False
Irish,震卦-dynamic,t,2.779,3,0.0199,0.5242,False
Irish,艮卦-static,i͡ə,1.023,18,0.0199,0.5242,False
Irish,兌卦-dynamic,t,2.584,3,0.0249,0.6083,False
Irish,震卦-dynamic,w,2.181,4,0.0299,0.6083,False
Irish,坎卦-dynamic,k,2.002,25,0.0299,0.6083,False
Irish,兌卦-dynamic,a͡ɪ,1.469,7,0.0249,0.6083,False
Irish,震卦-dynamic,d̪,-1.432,6,0.0299,0.6083,False
Irish,坎卦-static,ɑ,1.293,81,0.0299,0.6083,False
Irish,艮卦-static,l,1.153,64,0.0299,0.6083,False
Irish,艮卦-static,ə,1.103,104,0.0299,0.6083,False
Irish,震卦-static,ŋ,1.59,5,0.0348,0.6166,False
Irish,震卦-dynamic,ɹ,1.278,34,0.0348,0.6166,False
Irish,艮卦-static,ɪ,-1.257,25,0.0348,0.6166,False
Irish,離卦-dynamic,u,-1.232,10,0.0348,0.6166,False
Irish,艮卦-static,ɔ,1.155,39,0.0348,0.6166,False
Irish,震卦-static,r,1.145,68,0.0348,0.6166,False
Irish,坤卦-dynamic,ɪ,-1.063,37,0.0348,0.6166,False
Irish,坤卦-dynamic,lʲ,-0.99,15,0.0348,0.6166,False
Irish,震卦-dynamic,m,-1.369,5,0.0398,0.6716,False
Irish,乾卦-dynamic,m,3.178,6,0.0448,0.6811,False
Irish,坎卦-dynamic,s,1.643,22,0.0448,0.6811,False
Irish,震卦-dynamic,d͡ʒ,1.355,9,0.0448,0.6811,False
Irish,兌卦-dynamic,a,1.247,24,0.0448,0.6811,False
Irish,坎卦-static,p,1.12,25,0.0448,0.6811,False
Irish,艮卦-dynamic,ɐ,-1.022,43,0.0448,0.6811,False
Irish,乾卦-static,ɐ,1.349,49,0.0498,0.707,False
Irish,艮卦-dynamic,a͡ʊ,1.07,15,0.0498,0.707,False
Irish,艮卦-dynamic,c,1.046,17,0.0498,0.707,False
Irish,坎卦-dynamic,f,1.525,11,0.0597,0.7085,False
Irish,離卦-dynamic,x,-1.179,7,0.0597,0.7085,False
Irish,坎卦-static,d̪,-1.145,12,0.0547,0.7085,False
Irish,坎卦-static,r,1.117,88,0.0597,0.7085,False
Irish,離卦-dynamic,kʲ,1.103,17,0.0597,0.7085,False
Irish,離卦-dynamic,ɔ,-1.051,10,0.0597,0.7085,False
Irish,艮卦-static,ŋ,1.032,5,0.0547,0.7085,False
Irish,震卦-static,b,1.014,23,0.0597,0.7085,False
Irish,坤卦-dynamic,ɡʲ,0.956,8,0.0547,0.7085,False
Irish,艮卦-static,b,0.928,29,0.0547,0.7085,False
Irish,巽卦-static,nʲ,2.665,4,0.0647,0.7128,False
Irish,中卦-static,ɐ,1.967,23,0.0647,0.7128,False
Irish,離卦-dynamic,n,-1.139,45,0.0647,0.7128,False
Irish,艮卦-static,nʲ,-0.872,3,0.0647,0.7128,False
Irish,中卦-dynamic,r,2.613,10,0.0796,0.7164,False
Irish,中卦-static,a͡ʊ,2.089,4,0.0697,0.7164,False
Irish,中卦-static,x,1.991,13,0.0796,0.7164,False
Irish,震卦-dynamic,d,1.496,5,0.0697,0.7164,False
Irish,兌卦-dynamic,u͡ə,1.06,6,0.0796,0.7164,False
Irish,震卦-dynamic,ɑ,-1.026,21,0.0746,0.7164,False
Irish,離卦-dynamic,nʲ,1.024,16,0.0746,0.7164,False
Irish,震卦-static,ɪ,-1.002,25,0.0796,0.7164,False
Irish,離卦-dynamic,ɹ,-0.919,18,0.0796,0.7164,False
Irish,兌卦-dynamic,b,0.908,19,0.0796,0.7164,False
Irish,坤卦-dynamic,p,-0.873,7,0.0746,0.7164,False
Irish,坤卦-dynamic,ɔ,0.833,42,0.0697,0.7164,False
Irish,離卦-static,kʲ,2.324,3,0.0846,0.724,False
Irish,巽卦-dynamic,t͡ʃ,2.1,8,0.0896,0.724,False
Irish,中卦-static,h,1.842,5,0.0945,0.724,False
Irish,中卦-static,u,1.703,7,0.0896,0.724,False
Irish,坎卦-dynamic,ə,-1.224,14,0.0896,0.724,False
Irish,坤卦-static,k,-1.208,10,0.0846,0.724,False
Irish,離卦-dynamic,ɪ,1.191,87,0.0896,0.724,False
Irish,兌卦-dynamic,lʲ,-0.941,9,0.0945,0.724,False
Irish,離卦-dynamic,a,0.927,29,0.0945,0.724,False
Irish,艮卦-static,d͡ʒ,0.926,12,0.0945,0.724,False
Irish,坎卦-static,ɪ,-0.922,35,0.0945,0.724,False
Irish,艮卦-dynamic,p,0.872,24,0.0846,0.724,False
Irish,艮卦-static,x,-0.848,14,0.0945,0.724,False
Irish,艮卦-dynamic,kʲ,0.785,18,0.0896,0.724,False
Irish,艮卦-dynamic,o,-0.773,16,0.0896,0.724,False
Irish,中卦-static,n,1.666,20,0.0995,0.7463,False
Irish,坤卦-static,ʊ,1.058,5,0.0995,0.7463,False
Irish,震卦-dynamic,ə,-1.075,29,0.1045,0.7624,False
Irish,兌卦-dynamic,ɔ,1.063,25,0.1045,0.7624,False
Irish,艮卦-dynamic,a͡ɪ,0.815,8,0.1045,0.7624,False
Irish,兌卦-dynamic,ə,-1.009,32,0.1095,0.7881,False
Irish,坤卦-static,ɐ,-1.193,14,0.1194,0.801,False
Irish,乾卦-static,k,-1.134,13,0.1144,0.801,False
Irish,離卦-dynamic,f,1.043,26,0.1194,0.801,False
Irish,兌卦-dynamic,d̪,-0.946,9,0.1194,0.801,False
Irish,震卦-dynamic,e,0.926,26,0.1144,0.801,False
Irish,艮卦-dynamic,dʲ,0.859,10,0.1144,0.801,False
Irish,兌卦-dynamic,i,-0.972,21,0.1244,0.8141,False
Irish,坎卦-static,f,-0.875,12,0.1244,0.8141,False
Irish,離卦-dynamic,r,0.807,72,0.1244,0.8141,False
Irish,艮卦-dynamic,k,0.802,61,0.1244,0.8141,False
Irish,離卦-static,f,1.864,4,0.1294,0.8218,False
Irish,坎卦-static,n,0.893,88,0.1294,0.8218,False
Irish,坎卦-static,nʲ,-0.872,3,0.1294,0.8218,False
Irish,艮卦-dynamic,ə,-0.738,59,0.1294,0.8218,False
Irish,乾卦-dynamic,e,2.667,4,0.1393,0.8266,False
Irish,乾卦-dynamic,t͡ʃ,2.318,4,0.1393,0.8266,False
Irish,中卦-dynamic,t͡ʃ,2.02,5,0.1393,0.8266,False
Irish,震卦-dynamic,ʃ,0.921,35,0.1393,0.8266,False
Irish,震卦-static,s,-0.854,15,0.1393,0.8266,False
Irish,艮卦-dynamic,d͡ʒ,0.806,12,0.1343,0.8266,False
Irish,坤卦-dynamic,ə,-0.763,66,0.1343,0.8266,False
Irish,艮卦-static,ɛ,-0.711,8,0.1343,0.8266,False
Irish,巽卦-dynamic,ɔ,1.777,6,0.1443,0.8423,False
Irish,坎卦-static,ɡ,-0.778,14,0.1443,0.8423,False
Irish,艮卦-static,v,-0.723,9,0.1493,0.8666,False
Irish,乾卦-static,f,-1.056,5,0.1542,0.886,False
Irish,震卦-dynamic,l,-0.911,17,0.1542,0.886,False
Irish,離卦-dynamic,ɡ,0.815,53,0.1592,0.8863,False
Irish,坎卦-static,a,-0.781,13,0.1592,0.8863,False
Irish,坤卦-dynamic,c,0.775,17,0.1592,0.8863,False
Irish,震卦-static,t͡ʃ,-0.664,4,0.1592,0.8863,False
Irish,兌卦-static,n,2.389,10,0.1692,0.9089,False
Irish,坎卦-static,ʊ,0.761,11,0.1692,0.9089,False
Irish,坤卦-dynamic,e,-0.595,24,0.1692,0.9089,False
Irish,坤卦-static,ʃ,0.933,22,0.1741,0.9174,False
Irish,坎卦-dynamic,n,-0.903,18,0.1741,0.9174,False
Irish,震卦-static,ɑ,0.708,53,0.1741,0.9174,False
Irish,乾卦-dynamic,o,2.49,4,0.1841,0.9308,False
Irish,中卦-dynamic,f,1.843,3,0.2189,0.9308,False
Irish,巽卦-static,ɹ,1.74,8,0.204,0.9308,False
Irish,巽卦-static,i,-1.697,3,0.194,0.9308,False
Irish,巽卦-dynamic,i,-1.683,3,0.199,0.9308,False
Irish,中卦-static,ɹ,1.37,11,0.209,0.9308,False
Irish,震卦-dynamic,ɐ,-0.843,28,0.1841,0.9308,False
Irish,震卦-dynamic,p,-0.809,4,0.2139,0.9308,False
Irish,兌卦-dynamic,h,-0.795,4,0.209,0.9308,False
Irish,離卦-dynamic,v,-0.788,7,0.1841,0.9308,False
Irish,兌卦-dynamic,n,-0.765,38,0.1891,0.9308,False
Irish,坎卦-static,w,0.737,3,0.2189,0.9308,False
Irish,艮卦-dynamic,i,0.728,55,0.1891,0.9308,False
Irish,震卦-dynamic,ɪ,0.715,52,0.2189,0.9308,False
Irish,震卦-dynamic,j,0.689,4,0.2139,0.9308,False
Irish,坎卦-static,ɔ,0.678,33,0.2189,0.9308,False
Irish,坤卦-dynamic,a͡ʊ,-0.674,4,0.1791,0.9308,False
Irish,艮卦-dynamic,ɹ,0.67,48,0.204,0.9308,False
Irish,坎卦-static,kʲ,0.645,16,0.209,0.9308,False
Irish,離卦-dynamic,ɐ,-0.628,45,0.1891,0.9308,False
Irish,艮卦-static,t͡ʃ,-0.626,6,0.1841,0.9308,False
Irish,坤卦-dynamic,i͡ə,0.583,17,0.204,0.9308,False
Irish,坤卦-dynamic,ʊ,-0.572,3,0.2139,0.9308,False
Irish,震卦-dynamic,ɡ,0.701,35,0.2289,0.9434,False
Irish,離卦-dynamic,a͡ʊ,-0.666,3,0.2289,0.9434,False
Irish,乾卦-static,ə,0.854,47,0.2338,0.953,False
Irish,艮卦-dynamic,x,-0.636,19,0.2338,0.953,False
Irish,艮卦-static,ɐ,-0.576,52,0.2338,0.953,False
Irish,震卦-dynamic,k,-0.698,21,0.2388,0.9624,False
Irish,艮卦-dynamic,s,0.589,50,0.2388,0.9624,False
Irish,坤卦-dynamic,nʲ,0.535,17,0.2388,0.9624,False
Irish,中卦-dynamic,d̪,1.859,3,0.2587,0.9687,False
Irish,兌卦-static,ɪ,1.78,10,0.2637,0.9687,False
Irish,兌卦-static,d̪,1.635,3,0.3731,0.9687,False
Irish,乾卦-dynamic,s,1.629,4,0.4627,0.9687,False
Irish,中卦-dynamic,n,1.397,8,0.398,0.9687,False
Irish,離卦-static,m,1.393,7,0.3433,0.9687,False
Irish,中卦-dynamic,o,1.337,4,0.4677,0.9687,False
Irish,離卦-static,i,-1.336,3,0.4229,0.9687,False
Irish,巽卦-dynamic,ɪ,1.309,13,0.3134,0.9687,False
Irish,乾卦-dynamic,ɐ,1.303,6,0.5821,0.9687,False
Irish,兌卦-static,ɑ,1.286,7,0.4428,0.9687,False
Irish,兌卦-static,r,-1.26,3,0.4229,0.9687,False
Irish,離卦-static,e,1.2,5,0.408,0.9687,False
Irish,中卦-static,ɑ,-1.181,6,0.3433,0.9687,False
Irish,中卦-dynamic,ɪ,1.168,8,0.4876,0.9687,False
Irish,離卦-static,l,1.163,7,0.3781,0.9687,False
Irish,巽卦-dynamic,u,1.157,4,0.3184,0.9687,False
Irish,巽卦-dynamic,ɑ,-1.154,4,0.3731,0.9687,False
Irish,巽卦-static,l,-1.144,3,0.393,0.9687,False
Irish,離卦-static,ɛ,1.142,3,0.4478,0.9687,False
Irish,巽卦-dynamic,l,-1.135,3,0.3682,0.9687,False
Irish,巽卦-dynamic,k,1.117,8,0.3632,0.9687,False
Irish,乾卦-dynamic,x,1.113,3,0.5871,0.9687,False
Irish,巽卦-dynamic,ɐ,-1.079,5,0.3433,0.9687,False
Irish,兌卦-static,m,1.077,5,0.5473,0.9687,False
Irish,中卦-static,ɪ,-1.067,6,0.3831,0.9687,False
Irish,中卦-dynamic,lʲ,1.062,5,0.5522,0.9687,False
Irish,巽卦-static,ɐ,1.016,12,0.4428,0.9687,False
Irish,巽卦-dynamic,v,1.013,5,0.4279,0.9687,False
Irish,中卦-static,l,1.003,12,0.4527,0.9687,False
Irish,乾卦-dynamic,ɹ,0.988,3,0.6269,0.9687,False
Irish,坎卦-dynamic,ɔ,-0.974,4,0.2587,0.9687,False
Irish,坎卦-dynamic,t̪,-0.972,5,0.2687,0.9687,False
Irish,離卦-static,ɔ,0.969,4,0.5572,0.9687,False
Irish,離卦-static,ɐ,0.963,10,0.4876,0.9687,False
Irish,巽卦-dynamic,p,0.955,3,0.4776,0.9687,False
Irish,坎卦-dynamic,x,-0.944,4,0.2637,0.9687,False
Irish,巽卦-dynamic,x,0.929,6,0.5075,0.9687,False
Irish,中卦-static,e,-0.917,3,0.393,0.9687,False
Irish,離卦-static,n,-0.903,6,0.4776,0.9687,False
Irish,巽卦-static,ɡ,0.897,8,0.5572,0.9687,False
Irish,中卦-dynamic,ɑ,-0.896,3,0.6468,0.9687,False
Irish,坎卦-dynamic,ɪ,0.878,29,0.2836,0.9687,False
Irish,坎卦-dynamic,h,0.865,6,0.2736,0.9687,False
Irish,中卦-dynamic,ə,0.847,8,0.6219,0.9687,False
Irish,兌卦-static,ɐ,-0.801,4,0.602,0.9687,False
Irish,兌卦-dynamic,dʲ,0.792,6,0.2687,0.9687,False
Irish,巽卦-dynamic,ə,-0.774,7,0.602,0.9687,False
Irish,坤卦-static,x,0.767,17,0.2836,0.9687,False
Irish,坎卦-dynamic,ɡ,0.759,19,0.2786,0.9687,False
Irish,中卦-static,m,-0.759,4,0.5373,0.9687,False
Irish,離卦-static,d̪,0.757,3,0.6468,0.9687,False
Irish,中卦-static,a,0.755,6,0.5373,0.9687,False
Irish,巽卦-dynamic,ɛ,0.754,3,0.607,0.9687,False
Irish,乾卦-static,ɑ,-0.752,19,0.2786,0.9687,False
Irish,乾卦-static,b,0.75,13,0.3184,0.9687,False
Irish,坎卦-dynamic,d̪,-0.743,5,0.3085,0.9687,False
Irish,震卦-dynamic,h,-0.743,4,0.2687,0.9687,False
Irish,坤卦-static,r,-0.736,18,0.3134,0.9687,False
Irish,坤卦-static,ɛ,-0.736,3,0.3035,0.9687,False
Irish,中卦-static,ɡ,-0.732,3,0.5025,0.9687,False
Irish,乾卦-static,i,0.73,25,0.2736,0.9687,False
Irish,中卦-static,k,0.722,11,0.5473,0.9687,False
Irish,震卦-static,ɹ,-0.715,18,0.2687,0.9687,False
Irish,坎卦-dynamic,m,-0.713,7,0.3831,0.9687,False
Irish,中卦-static,ə,-0.713,11,0.5572,0.9687,False
Irish,震卦-dynamic,r,0.713,49,0.2886,0.9687,False
Irish,離卦-static,u,0.712,3,0.6269,0.9687,False
Irish,巽卦-static,e,0.709,5,0.592,0.9687,False
Irish,離卦-static,ɹ,0.709,5,0.5622,0.9687,False
Irish,坎卦-dynamic,e,-0.708,6,0.3632,0.9687,False
Irish,坤卦-static,nʲ,0.702,6,0.2836,0.9687,False
Irish,坤卦-static,p,-0.675,3,0.3483,0.9687,False
Irish,中卦-static,t̪,0.674,8,0.5771,0.9687,False
Irish,坤卦-static,n,-0.669,23,0.3383,0.9687,False
Irish,離卦-dynamic,ɛ,0.669,20,0.2438,0.9687,False
Irish,中卦-static,i,0.668,10,0.4975,0.9687,False
Irish,兌卦-static,ə,0.662,8,0.7463,0.9687,False
Irish,乾卦-static,ʊ,0.662,5,0.4378,0.9687,False
Irish,巽卦-static,s,-0.66,3,0.6915,0.9687,False
Irish,坎卦-dynamic,ɹ,-0.653,8,0.4129,0.9687,False
Irish,坎卦-static,u,0.652,27,0.2488,0.9687,False
Irish,震卦-dynamic,u,-0.652,10,0.3383,0.9687,False
Irish,乾卦-static,a,-0.649,7,0.393,0.9687,False
Irish,離卦-dynamic,a͡ɪ,0.647,6,0.2786,0.9687,False
Irish,兌卦-dynamic,ɪ,0.647,54,0.3333,0.9687,False
Irish,兌卦-static,k,-0.646,3,0.7264,0.9687,False
Irish,震卦-static,v,0.641,25,0.2488,0.9687,False
Irish,乾卦-static,j,0.629,3,0.3632,0.9687,False
Irish,乾卦-static,o,0.626,18,0.3333,0.9687,False
Irish,震卦-static,e,-0.624,15,0.2637,0.9687,False
Irish,兌卦-dynamic,x,-0.622,12,0.3433,0.9687,False
Irish,坎卦-static,ɐ,-0.615,51,0.2537,0.9687,False
Irish,震卦-static,f,-0.615,11,0.2736,0.9687,False
Irish,震卦-dynamic,a,0.61,18,0.3184,0.9687,False
Irish,震卦-dynamic,f,-0.597,9,0.3184,0.9687,False
Irish,兌卦-dynamic,ɐ,-0.596,34,0.3532,0.9687,False
Irish,震卦-dynamic,v,-0.592,7,0.3333,0.9687,False
Irish,兌卦-dynamic,kʲ,-0.586,5,0.3483,0.9687,False
Irish,乾卦-static,r,-0.586,24,0.3881,0.9687,False
Irish,坤卦-dynamic,v,0.585,38,0.2637,0.9687,False
Irish,坎卦-dynamic,a,-0.583,5,0.4428,0.9687,False
Irish,震卦-static,d̪,0.582,20,0.393,0.9687,False
Irish,震卦-dynamic,a͡ɪ,0.581,4,0.3632,0.9687,False
Irish,坎卦-static,dʲ,0.58,8,0.2587,0.9687,False
Irish,艮卦-static,n,-0.576,61,0.2537,0.9687,False
Irish,坤卦-dynamic,k,-0.574,43,0.2687,0.9687,False
Irish,艮卦-static,d̪,0.573,26,0.2488,0.9687,False
Irish,坎卦-static,j,0.57,6,0.3632,0.9687,False
Irish,震卦-dynamic,u͡ə,0.569,4,0.3682,0.9687,False
Irish,坎卦-dynamic,o,-0.568,6,0.4726,0.9687,False
Irish,兌卦-dynamic,p,0.567,13,0.3035,0.9687,False
Irish,乾卦-static,ɪ,-0.565,22,0.4527,0.9687,False
Irish,震卦-static,nʲ,0.56,11,0.2687,0.9687,False
Irish,離卦-dynamic,dʲ,0.556,7,0.3582,0.9687,False
Irish,坎卦-static,cʲ,0.549,5,0.2736,0.9687,False
Irish,震卦-static,x,-0.547,15,0.3532,0.9687,False
Irish,震卦-static,ɡ,-0.539,16,0.2935,0.9687,False
Irish,坎卦-dynamic,v,-0.537,4,0.4776,0.9687,False
Irish,坎卦-dynamic,b,-0.536,4,0.4726,0.9687,False
Irish,坎卦-static,m,-0.535,25,0.3134,0.9687,False
Irish,離卦-dynamic,i,0.534,44,0.2886,0.9687,False
Irish,中卦-dynamic,k,-0.53,3,0.7562,0.9687,False
Irish,中卦-static,o,0.529,7,0.6617,0.9687,False
Irish,坤卦-dynamic,ɛ,-0.522,12,0.2587,0.9687,False
Irish,巽卦-static,ɔ,0.519,4,0.7313,0.9687,False
Irish,離卦-dynamic,i͡ə,-0.517,4,0.3582,0.9687,False
Irish,艮卦-static,mʲ,0.515,4,0.2637,0.9687,False
Irish,兌卦-dynamic,e,-0.51,14,0.4229,0.9687,False
Irish,艮卦-dynamic,t͡ʃ,-0.507,9,0.3134,0.9687,False
Irish,艮卦-dynamic,ɑ,0.507,69,0.3184,0.9687,False
Irish,離卦-dynamic,t̪,0.506,34,0.4428,0.9687,False
Irish,震卦-dynamic,lʲ,-0.494,15,0.3881,0.9687,False
Irish,坤卦-static,i,0.487,19,0.4677,0.9687,False
Irish,坎卦-static,d,0.483,4,0.393,0.9687,False
Irish,坤卦-static,ɑ,0.48,25,0.5323,0.9687,False
Irish,乾卦-static,kʲ,-0.48,4,0.5373,0.9687,False
Irish,坎卦-dynamic,ʊ,0.474,3,0.592,0.9687,False
Irish,離卦-dynamic,j,0.471,5,0.3333,0.9687,False
Irish,巽卦-dynamic,lʲ,0.469,6,0.801,0.9687,False
Irish,震卦-static,lʲ,-0.468,19,0.3483,0.9687,False
Irish,艮卦-dynamic,h,-0.467,9,0.3532,0.9687,False
Irish,艮卦-dynamic,l,0.466,55,0.3184,0.9687,False
Irish,離卦-static,ɑ,0.466,7,0.7512,0.9687,False
Irish,坎卦-dynamic,ɐ,-0.459,18,0.5473,0.9687,False
Irish,巽卦-static,t̪,-0.459,3,0.7662,0.9687,False
Irish,震卦-dynamic,ɡʲ,0.458,3,0.5075,0.9687,False
Irish,坤卦-static,ɡ,-0.457,9,0.4428,0.9687,False
Irish,中卦-dynamic,i,0.457,4,0.8159,0.9687,False
Irish,巽卦-static,lʲ,0.456,6,0.7761,0.9687,False
Irish,兌卦-dynamic,v,-0.456,9,0.4925,0.9687,False
Irish,坤卦-dynamic,m,-0.455,32,0.3532,0.9687,False
Irish,艮卦-dynamic,r,-0.453,56,0.3532,0.9687,False
Irish,巽卦-dynamic,ɡ,-0.45,3,0.7065,0.9687,False
Irish,兌卦-dynamic,r,-0.443,35,0.5075,0.9687,False
Irish,離卦-dynamic,k,0.441,46,0.3532,0.9687,False
Irish,坎卦-static,v,-0.434,14,0.3731,0.9687,False
Irish,艮卦-static,a,-0.433,17,0.408,0.9687,False
Irish,震卦-static,d͡ʒ,0.432,7,0.4179,0.9687,False
Irish,巽卦-static,b,0.427,3,0.7512,0.9687,False
Irish,離卦-static,lʲ,0.427,5,0.8358,0.9687,False
Irish,艮卦-static,ɹ,-0.426,28,0.3433,0.9687,False
Irish,坤卦-dynamic,ɑ,0.42,76,0.3881,0.9687,False
Irish,坤卦-dynamic,ŋ,0.418,4,0.4179,0.9687,False
Irish,坎卦-static,lʲ,-0.416,26,0.4627,0.9687,False
Irish,坤卦-dynamic,ʃ,-0.41,24,0.3433,0.9687,False
Irish,艮卦-dynamic,f,0.408,25,0.4279,0.9687,False
Irish,震卦-dynamic,o,0.407,21,0.5174,0.9687,False
Irish,兌卦-dynamic,u,-0.405,12,0.5174,0.9687,False
Irish,兌卦-dynamic,t͡ʃ,-0.404,7,0.4876,0.9687,False
Irish,艮卦-static,a͡ʊ,0.403,10,0.398,0.9687,False
Irish,離卦-dynamic,o,0.403,30,0.4229,0.9687,False
Irish,乾卦-static,p,-0.401,5,0.6368,0.9687,False
Irish,艮卦-static,h,-0.397,9,0.398,0.9687,False
Irish,兌卦-dynamic,t̪,-0.397,16,0.5473,0.9687,False
Irish,坤卦-static,v,0.396,11,0.5771,0.9687,False
Irish,艮卦-static,ɡ,-0.395,25,0.4428,0.9687,False
Irish,中卦-static,ʃ,-0.392,4,0.7214,0.9687,False
Irish,巽卦-static,ə,0.391,11,0.7811,0.9687,False
Irish,震卦-dynamic,n,-0.389,40,0.5721,0.9687,False
Irish,坤卦-static,o,0.387,13,0.6318,0.9687,False
Irish,艮卦-dynamic,i͡ə,-0.386,6,0.4129,0.9687,False
Irish,坎卦-static,t͡ʃ,-0.385,11,0.4428,0.9687,False
Irish,巽卦-static,k,-0.385,5,0.7761,0.9687,False
Irish,震卦-dynamic,x,-0.385,14,0.5721,0.9687,False
Irish,兌卦-dynamic,ɹ,-0.378,19,0.5622,0.9687,False
Irish,震卦-dynamic,nʲ,0.376,8,0.4925,0.9687,False
Irish,艮卦-static,lʲ,-0.373,27,0.4726,0.9687,False
Irish,艮卦-dynamic,ɔ,-0.373,21,0.4328,0.9687,False
Irish,震卦-dynamic,t͡ʃ,-0.372,7,0.5423,0.9687,False
Irish,震卦-static,ə,0.371,65,0.4428,0.9687,False
Irish,乾卦-static,x,-0.371,11,0.6219,0.9687,False
Irish,坤卦-static,m,-0.37,11,0.5721,0.9687,False
Irish,巽卦-dynamic,r,-0.37,7,0.801,0.9687,False
Irish,震卦-static,ɐ,-0.368,44,0.5423,0.9687,False
Irish,離卦-dynamic,d͡ʒ,-0.363,4,0.5572,0.9687,False
Irish,兌卦-dynamic,l,0.361,33,0.592,0.9687,False
Irish,坎卦-static,t̪,0.36,36,0.4627,0.9687,False
Irish,坎卦-static,x,-0.36,23,0.4876,0.9687,False
Irish,坤卦-dynamic,f,-0.359,20,0.3731,0.9687,False
Irish,震卦-static,kʲ,-0.359,7,0.5323,0.9687,False
Irish,坎卦-dynamic,ʃ,-0.358,7,0.6418,0.9687,False
Irish,震卦-dynamic,c,0.358,7,0.607,0.9687,False
Irish,震卦-static,ɛ,-0.356,9,0.4776,0.9687,False
Irish,艮卦-dynamic,a,-0.355,19,0.393,0.9687,False
Irish,離卦-static,r,-0.353,6,0.7861,0.9687,False
Irish,巽卦-dynamic,n,0.351,10,0.7662,0.9687,False
Irish,乾卦-static,l,0.351,24,0.6468,0.9687,False
Irish,坎卦-static,i͡ə,-0.346,6,0.4776,0.9687,False
Irish,坤卦-static,e,0.345,13,0.6269,0.9687,False
Irish,坤卦-dynamic,cʲ,0.345,5,0.4478,0.9687,False
Irish,震卦-static,u͡ə,0.34,4,0.5373,0.9687,False
Irish,坎卦-static,ɹ,0.338,40,0.5174,0.9687,False
Irish,坎卦-static,ɛ,-0.331,12,0.5572,0.9687,False
Irish,乾卦-static,d̪,-0.327,9,0.6567,0.9687,False
Irish,震卦-dynamic,t̪,0.324,22,0.6169,0.9687,False
Irish,巽卦-static,n,0.323,10,0.8358,0.9687,False
Irish,艮卦-static,s,0.321,42,0.5075,0.9687,False
Irish,中卦-static,ɔ,-0.321,4,0.7662,0.9687,False
Irish,乾卦-static,nʲ,0.32,6,0.6667,0.9687,False
Irish,艮卦-dynamic,v,-0.317,17,0.5124,0.9687,False
Irish,坤卦-dynamic,dʲ,0.316,8,0.4428,0.9687,False
Irish,坤卦-static,lʲ,-0.315,11,0.6965,0.9687,False
Irish,坎卦-static,e,-0.315,24,0.5274,0.9687,False
Irish,乾卦-static,v,0.315,13,0.7612,0.9687,False
Irish,兌卦-dynamic,f,0.314,15,0.592,0.9687,False
Irish,坎卦-static,l,-0.313,38,0.6119,0.9687,False
Irish,艮卦-static,e,0.31,33,0.4876,0.9687,False
Irish,離卦-dynamic,ɑ,-0.309,43,0.5522,0.9687,False
Irish,離卦-static,ɡ,-0.307,3,0.8458,0.9687,False
Irish,乾卦-static,ʃ,-0.306,11,0.6468,0.9687,False
Irish,艮卦-static,j,0.303,5,0.4975,0.9687,False
Irish,乾卦-static,ɛ,0.303,9,0.6716,0.9687,False
Irish,乾卦-static,ɹ,0.3,19,0.6766,0.9687,False
Irish,坤卦-dynamic,u͡ə,0.299,6,0.5672,0.9687,False
Irish,坎卦-static,ŋ,0.297,3,0.6269,0.9687,False
Irish,坎卦-dynamic,lʲ,0.297,14,0.7214,0.9687,False
Irish,乾卦-static,ɔ,-0.297,10,0.6617,0.9687,False
Irish,乾卦-static,lʲ,-0.287,14,0.7363,0.9687,False
Irish,離卦-static,ə,0.286,9,0.8458,0.9687,False
Irish,離卦-dynamic,s,-0.286,27,0.5821,0.9687,False
Irish,震卦-static,k,-0.28,31,0.6219,0.9687,False
Irish,兌卦-dynamic,o,0.278,21,0.6269,0.9687,False
Irish,離卦-dynamic,p,0.277,15,0.6517,0.9687,False
Irish,兌卦-dynamic,m,-0.275,20,0.5821,0.9687,False
Irish,艮卦-dynamic,d̪,0.273,25,0.5274,0.9687,False
Irish,坤卦-dynamic,a͡ɪ,0.271,6,0.5771,0.9687,False
Irish,坎卦-dynamic,ɛ,0.271,6,0.7512,0.9687,False
Irish,離卦-dynamic,d̪,-0.269,17,0.6219,0.9687,False
Irish,坤卦-dynamic,l,0.266,58,0.597,0.9687,False
Irish,中卦-static,b,-0.265,3,0.806,0.9687,False
Irish,離卦-dynamic,t͡ʃ,-0.264,12,0.602,0.9687,False
Irish,兌卦-dynamic,c,0.259,7,0.6766,0.9687,False
Irish,坎卦-static,s,-0.255,31,0.5622,0.9687,False
Irish,乾卦-static,ɡ,-0.254,14,0.7711,0.9687,False
Irish,兌卦-static,i,0.251,4,0.8408,0.9687,False
Irish,坎卦-static,a͡ʊ,-0.242,6,0.6368,0.9687,False
Irish,坤卦-dynamic,t̪,0.239,41,0.6617,0.9687,False
Irish,巽卦-static,d̪,0.236,3,0.8557,0.9687,False
Irish,中卦-static,v,0.234,5,0.8458,0.9687,False
Irish,坤卦-dynamic,kʲ,-0.233,12,0.6368,0.9687,False
Irish,兌卦-dynamic,ɑ,-0.233,33,0.7313,0.9687,False
Irish,艮卦-static,t̪,0.231,34,0.6667,0.9687,False
Irish,兌卦-dynamic,k,0.229,32,0.7463,0.9687,False
Irish,坤卦-dynamic,ɹ,0.228,46,0.6567,0.9687,False
Irish,艮卦-static,ʃ,-0.226,25,0.597,0.9687,False
Irish,艮卦-dynamic,ʊ,-0.225,5,0.6866,0.9687,False
Irish,震卦-static,dʲ,-0.223,3,0.7065,0.9687,False
Irish,艮卦-static,r,-0.22,58,0.7313,0.9687,False
Irish,坤卦-dynamic,o,0.215,37,0.6517,0.9687,False
Irish,離卦-dynamic,h,0.213,12,0.7015,0.9687,False
Irish,坎卦-static,o,-0.212,24,0.6915,0.9687,False
Irish,乾卦-static,h,-0.212,5,0.7363,0.9687,False
Irish,離卦-dynamic,u͡ə,0.208,4,0.6567,0.9687,False
Irish,艮卦-static,kʲ,0.207,13,0.6816,0.9687,False
Irish,坎卦-static,b,-0.207,16,0.7065,0.9687,False
Irish,坤卦-static,t͡ʃ,0.205,9,0.791,0.9687,False
Irish,坤卦-static,f,-0.203,7,0.7811,0.9687,False
Irish,艮卦-dynamic,ʃ,0.203,39,0.6567,0.9687,False
Irish,離卦-dynamic,lʲ,0.201,36,0.7264,0.9687,False
Irish,震卦-dynamic,b,-0.197,10,0.7612,0.9687,False
Irish,坤卦-static,ɪ,-0.193,22,0.7413,0.9687,False
Irish,坤卦-dynamic,t͡ʃ,-0.193,18,0.6617,0.9687,False
Irish,坤卦-static,kʲ,0.191,5,0.7811,0.9687,False
Irish,艮卦-static,m,-0.19,32,0.6915,0.9687,False
Irish,艮卦-dynamic,m,-0.189,34,0.6766,0.9687,False
Irish,坤卦-dynamic,a,0.187,29,0.7214,0.9687,False
Irish,震卦-static,ʃ,-0.187,20,0.7512,0.9687,False
Irish,震卦-static,ɔ,-0.184,17,0.7512,0.9687,False
Irish,兌卦-dynamic,j,0.18,3,0.7313,0.9687,False
Irish,乾卦-static,e,0.178,15,0.7811,0.9687,False
Irish,艮卦-dynamic,e,0.177,33,0.7114,0.9687,False
Irish,兌卦-dynamic,ɛ,-0.176,9,0.7562,0.9687,False
Irish,艮卦-static,u,0.173,23,0.7662,0.9687,False
Irish,坎卦-static,c,0.173,10,0.7363,0.9687,False
Irish,離卦-dynamic,l,-0.17,36,0.8159,0.9687,False
Irish,兌卦-dynamic,d͡ʒ,0.164,5,0.8209,0.9687,False
Irish,艮卦-static,ɑ,0.162,58,0.7562,0.9687,False
Irish,震卦-static,m,0.159,30,0.7861,0.9687,False
Irish,艮卦-dynamic,n,-0.153,73,0.7861,0.9687,False
Irish,坎卦-static,ʃ,-0.153,27,0.7512,0.9687,False
Irish,坤卦-dynamic,h,-0.151,13,0.7114,0.9687,False
Irish,乾卦-static,u,0.151,11,0.8458,0.9687,False
Irish,坎卦-static,i,0.149,45,0.7214,0.9687,False
Irish,坤卦-static,s,0.147,15,0.8209,0.9687,False
Irish,艮卦-dynamic,ɡ,0.147,43,0.7562,0.9687,False
Irish,震卦-static,c,-0.143,6,0.7612,0.9687,False
Irish,坤卦-dynamic,ɡ,-0.134,39,0.7761,0.9687,False
Irish,震卦-static,i,-0.13,32,0.7463,0.9687,False
Irish,坤卦-static,h,0.129,5,0.8458,0.9687,False
Irish,坤卦-static,l,-0.129,16,0.8557,0.9687,False
Irish,離卦-dynamic,b,-0.129,15,0.8408,0.9687,False
Irish,離卦-dynamic,e,0.129,27,0.7562,0.9687,False
Irish,坤卦-dynamic,s,0.126,46,0.8209,0.9687,False
Irish,離卦-dynamic,ə,-0.112,64,0.8458,0.9687,False
Irish,坤卦-static,u,-0.111,8,0.8408,0.9687,False
Irish,離卦-dynamic,ʃ,-0.111,25,0.8557,0.9687,False
Irish,震卦-dynamic,s,-0.107,21,0.8408,0.9687,False
Irish,震卦-dynamic,ɔ,0.103,16,0.8458,0.9687,False
Irish,坤卦-dynamic,u,-0.09,25,0.8458,0.9687,False
Irish,震卦-dynamic,a͡ʊ,0.089,5,0.8557,0.9687,False
Irish,艮卦-dynamic,nʲ,-0.061,10,0.8507,0.9687,False
Irish,離卦-static,ɪ,-0.25,6,0.8856,0.9705,False
Irish,中卦-dynamic,ɐ,0.237,6,0.8856,0.9705,False
Irish,巽卦-static,u,0.204,3,0.8657,0.9705,False
Irish,巽卦-dynamic,e,0.186,4,0.8905,0.9705,False
Irish,中卦-static,t͡ʃ,-0.176,3,0.8657,0.9705,False
Irish,巽卦-dynamic,s,0.165,5,0.8657,0.9705,False
Irish,坤卦-static,t̪,-0.131,11,0.8756,0.9705,False
Irish,艮卦-dynamic,lʲ,-0.119,35,0.8607,0.9705,False
Irish,坤卦-static,a,-0.118,8,0.8856,0.9705,False
Irish,坎卦-dynamic,p,0.109,5,0.8856,0.9705,False
Irish,坎卦-static,d͡ʒ,-0.106,6,0.8657,0.9705,False
Irish,離卦-dynamic,m,-0.103,30,0.8905,0.9705,False
Irish,離卦-dynamic,ʊ,0.096,6,0.8905,0.9705,False
Irish,坎卦-dynamic,kʲ,0.094,4,0.8756,0.9705,False
Irish,震卦-static,o,0.083,22,0.8706,0.9705,False
Irish,震卦-static,u,-0.083,16,0.8657,0.9705,False
Irish,坤卦-dynamic,b,0.067,23,0.8706,0.9705,False
Irish,艮卦-static,i,0.064,44,0.8856,0.9705,False
Irish,坎卦-static,k,-0.053,44,0.8955,0.974,False
Irish,乾卦-dynamic,n,-0.252,4,0.9254,0.9774,False
Irish,中卦-static,r,0.156,13,0.9055,0.9774,False
Irish,巽卦-dynamic,m,0.155,5,0.9154,0.9774,False
Irish,中卦-static,d̪,-0.109,4,0.9055,0.9774,False
Irish,坤卦-static,ɔ,0.104,10,0.9104,0.9774,False
Irish,坤卦-static,ɹ,0.089,14,0.9055,0.9774,False
Irish,坤卦-dynamic,n,0.089,88,0.9055,0.9774,False
Irish,坎卦-dynamic,r,-0.081,20,0.9154,0.9774,False
Irish,坤卦-dynamic,d̪,-0.065,25,0.9204,0.9774,False
Irish,兌卦-dynamic,s,-0.055,23,0.9303,0.9774,False
Irish,艮卦-dynamic,ɪ,0.054,68,0.9204,0.9774,False
Irish,乾卦-static,n,0.054,35,0.9254,0.9774,False
Irish,震卦-dynamic,kʲ,-0.045,7,0.9303,0.9774,False
Irish,艮卦-static,o,0.04,28,0.9254,0.9774,False
Irish,坤卦-dynamic,r,0.051,77,0.9353,0.9788,False
Irish,艮卦-dynamic,b,0.041,20,0.9353,0.9788,False
Irish,艮卦-dynamic,t̪,0.044,33,0.9403,0.9793,False
Irish,艮卦-dynamic,ɛ,-0.038,16,0.9403,0.9793,False
Irish,巽卦-static,x,0.073,4,0.9453,0.9797,False
Irish,離卦-static,k,0.064,5,0.9453,0.9797,False
Irish,乾卦-static,t̪,0.045,15,0.9453,0.9797,False
Irish,乾卦-dynamic,ɪ,0.151,4,0.9552,0.9835,False
Irish,兌卦-static,l,0.15,4,0.9502,0.9835,False
Irish,離卦-static,x,-0.117,3,0.9552,0.9835,False
Irish,艮卦-static,c,0.028,9,0.9602,0.9867,False
Irish,艮卦-dynamic,j,-0.026,4,0.9652,0.9871,False
Irish,兌卦-dynamic,ʃ,0.022,21,0.9652,0.9871,False
Irish,坎卦-dynamic,u,-0.019,7,0.9652,0.9871,False
Irish,中卦-static,f,0.063,4,0.9751,0.9889,False
Irish,坎卦-dynamic,l,-0.043,14,0.9751,0.9889,False
Irish,巽卦-static,r,-0.041,8,0.9751,0.9889,False
Irish,坎卦-dynamic,t͡ʃ,-0.031,6,0.9751,0.9889,False
Irish,乾卦-static,m,-0.03,17,0.9751,0.9889,False
Irish,震卦-static,h,-0.027,9,0.9751,0.9889,False
Irish,震卦-dynamic,i,0.021,27,0.9751,0.9889,False
Irish,坤卦-dynamic,d͡ʒ,0.007,8,0.9701,0.9889,False
Irish,巽卦-static,ɑ,-0.021,7,0.9801,0.9911,False
Irish,兌卦-dynamic,a͡ʊ,0.011,5,0.9801,0.9911,False
Irish,震卦-static,a,0.015,17,0.9851,0.9934,False
Irish,艮卦-static,dʲ,-0.009,5,0.9851,0.9934,False
Irish,中卦-dynamic,m,0.03,3,1.0,1.0,False
Irish,坤卦-dynamic,i,0.002,52,1.0,1.0,False
Irish,巽卦-dynamic,ʃ,0.001,4,1.0,1.0,False
Italian,乾卦-static,d͡z,3.527,8,0.005,0.3313,False
Italian,坎卦-static,ŋ,3.248,13,0.005,0.3313,False
Italian,乾卦-static,ɪ,2.846,16,0.01,0.3313,False
Italian,震卦-dynamic,v,2.656,27,0.01,0.3313,False
Italian,中卦-static,ɾ,2.615,6,0.01,0.3313,False
Italian,坤卦-static,s,2.599,34,0.005,0.3313,False
Italian,兌卦-dynamic,r,2.269,288,0.005,0.3313,False
Italian,震卦-static,b,2.262,38,0.005,0.3313,False
Italian,坤卦-static,ʊ,2.061,17,0.01,0.3313,False
Italian,兌卦-dynamic,ɔ,-1.869,9,0.005,0.3313,False
Italian,震卦-static,ɛ,1.824,49,0.005,0.3313,False
Italian,兌卦-dynamic,e,1.745,289,0.005,0.3313,False
Italian,離卦-dynamic,e,1.702,282,0.005,0.3313,False
Italian,坎卦-static,s,1.679,63,0.01,0.3313,False
Italian,震卦-static,t͡s,1.616,20,0.01,0.3313,False
Italian,離卦-dynamic,l,-1.464,40,0.01,0.3313,False
Italian,坤卦-dynamic,o,1.417,254,0.005,0.3313,False
Italian,離卦-dynamic,r,1.381,228,0.01,0.3313,False
Italian,兌卦-dynamic,o,-1.334,96,0.01,0.3313,False
Italian,中卦-dynamic,s͡s,3.25,4,0.0149,0.355,False
Italian,巽卦-static,j,3.244,6,0.0149,0.355,False
Italian,艮卦-dynamic,a,1.842,170,0.0149,0.355,False
Italian,震卦-dynamic,ɪ,1.691,15,0.0149,0.355,False
Italian,兌卦-dynamic,ɛ,-1.483,15,0.0149,0.355,False
Italian,艮卦-static,p,1.395,53,0.0149,0.355,False
Italian,兌卦-dynamic,k,-1.343,41,0.0149,0.355,False
Italian,乾卦-dynamic,d͡ʒ,2.888,6,0.0199,0.4275,False
Italian,兌卦-static,f,2.765,7,0.0199,0.4275,False
Italian,艮卦-static,l,1.39,102,0.0199,0.4275,False
Italian,巽卦-dynamic,t͡ʃ,3.318,5,0.0249,0.4733,False
Italian,乾卦-static,w,2.048,6,0.0249,0.4733,False
Italian,離卦-dynamic,ʎ,1.355,10,0.0249,0.4733,False
Italian,離卦-dynamic,a,-1.292,168,0.0249,0.4733,False
Italian,震卦-dynamic,p,1.619,30,0.0299,0.5098,False
Italian,震卦-dynamic,o,-1.574,33,0.0299,0.5098,False
Italian,艮卦-static,s,-1.281,27,0.0299,0.5098,False
Italian,震卦-static,ɾ,1.268,13,0.0299,0.5098,False
Italian,乾卦-static,z,1.762,10,0.0348,0.5394,False
Italian,兌卦-dynamic,u,-1.277,5,0.0348,0.5394,False
Italian,坎卦-static,t,1.186,111,0.0348,0.5394,False
Italian,中卦-dynamic,k,2.78,13,0.0448,0.5847,False
Italian,乾卦-static,p,-1.672,6,0.0448,0.5847,False
Italian,乾卦-static,ɡ,1.645,11,0.0448,0.5847,False
Italian,艮卦-static,ʊ,-1.336,3,0.0398,0.5847,False
Italian,艮卦-static,ʎ,1.207,7,0.0448,0.5847,False
Italian,坎卦-static,e,-1.193,57,0.0398,0.5847,False
Italian,艮卦-dynamic,f,-1.132,7,0.0448,0.5847,False
Italian,乾卦-dynamic,z,2.359,5,0.0498,0.5917,False
Italian,震卦-dynamic,l,-1.476,16,0.0498,0.5917,False
Italian,艮卦-static,w,1.248,11,0.0498,0.5917,False
Italian,兌卦-dynamic,t,-1.086,59,0.0498,0.5917,False
Italian,兌卦-dynamic,l,-1.04,55,0.0498,0.5917,False
Italian,兌卦-static,ɲ,2.767,4,0.0547,0.6178,False
Italian,坎卦-dynamic,ʊ,2.128,9,0.0547,0.6178,False
Italian,中卦-static,b,1.982,10,0.0547,0.6178,False
Italian,離卦-static,m,2.732,9,0.0647,0.6269,False
Italian,兌卦-static,i,2.484,22,0.0697,0.6269,False
Italian,巽卦-static,l,2.228,21,0.0597,0.6269,False
Italian,乾卦-static,n,1.702,43,0.0697,0.6269,False
Italian,震卦-dynamic,ɾ,1.473,7,0.0647,0.6269,False
Italian,震卦-static,d͡ʒ,-1.15,3,0.0647,0.6269,False
Italian,坤卦-dynamic,b,1.053,33,0.0597,0.6269,False
Italian,兌卦-dynamic,a,1.051,244,0.0697,0.6269,False
Italian,坎卦-static,w,1.043,10,0.0647,0.6269,False
Italian,艮卦-static,k,0.971,71,0.0647,0.6269,False
Italian,離卦-dynamic,ɲ,0.931,17,0.0697,0.6269,False
Italian,兌卦-dynamic,j,0.93,24,0.0597,0.6269,False
Italian,巽卦-static,ɲ,2.254,4,0.0796,0.6387,False
Italian,震卦-dynamic,t͡s,1.388,9,0.0796,0.6387,False
Italian,坤卦-static,ɪ,1.317,11,0.0796,0.6387,False
Italian,震卦-dynamic,d,1.238,23,0.0746,0.6387,False
Italian,離卦-dynamic,u,-1.029,8,0.0796,0.6387,False
Italian,離卦-dynamic,s,-0.965,41,0.0796,0.6387,False
Italian,離卦-dynamic,o,-0.942,116,0.0746,0.6387,False
Italian,兌卦-dynamic,d͡ʒ,0.933,27,0.0746,0.6387,False
Italian,艮卦-static,o,0.895,162,0.0796,0.6387,False
Italian,坤卦-static,d͡z,1.168,4,0.0846,0.655,False
Italian,艮卦-static,u,1.014,25,0.0846,0.655,False
Italian,乾卦-static,t͡s,1.531,7,0.0896,0.6777,False
Italian,坤卦-dynamic,l,0.807,121,0.0896,0.6777,False
Italian,乾卦-dynamic,v,1.996,7,0.0945,0.6918,False
Italian,坤卦-static,ŋ,1.321,3,0.0945,0.6918,False
Italian,兌卦-static,a,-2.265,15,0.1045,0.6958,False
Italian,艮卦-dynamic,u,-1.171,4,0.0995,0.6958,False
Italian,艮卦-dynamic,ɔ,-0.999,10,0.0995,0.6958,False
Italian,艮卦-static,f,0.986,30,0.0995,0.6958,False
Italian,坎卦-static,u,0.888,24,0.1045,0.6958,False
Italian,震卦-static,j,0.875,19,0.1045,0.6958,False
Italian,震卦-static,i,-0.861,75,0.0995,0.6958,False
Italian,中卦-static,s͡s,1.712,6,0.1095,0.7077,False
Italian,艮卦-static,b,0.853,22,0.1095,0.7077,False
Italian,坤卦-static,e,-1.198,26,0.1144,0.719,False
Italian,艮卦-static,m,0.925,51,0.1144,0.719,False
Italian,兌卦-dynamic,s,-0.877,43,0.1144,0.719,False
Italian,震卦-dynamic,n,-1.299,21,0.1194,0.7363,False
Italian,兌卦-dynamic,i,-0.846,93,0.1244,0.76,False
Italian,坎卦-static,ʎ,0.903,6,0.1343,0.806,False
Italian,巽卦-static,ɡ,1.825,5,0.1542,0.8105,False
Italian,坎卦-dynamic,e,1.557,49,0.1542,0.8105,False
Italian,坎卦-dynamic,o,-1.547,15,0.1542,0.8105,False
Italian,中卦-static,k,-1.423,9,0.1393,0.8105,False
Italian,坎卦-dynamic,ʃ,1.388,3,0.1493,0.8105,False
Italian,乾卦-static,m,1.318,23,0.1393,0.8105,False
Italian,乾卦-static,l,-1.252,14,0.1493,0.8105,False
Italian,坤卦-static,o,1.169,80,0.1592,0.8105,False
Italian,艮卦-dynamic,o,-1.096,69,0.1493,0.8105,False
Italian,坤卦-static,i,-1.005,30,0.1642,0.8105,False
Italian,坤卦-static,t,0.971,48,0.1642,0.8105,False
Italian,坎卦-static,d,0.887,39,0.1592,0.8105,False
Italian,離卦-dynamic,b,-0.836,9,0.1692,0.8105,False
Italian,離卦-dynamic,ɔ,-0.818,17,0.1642,0.8105,False
Italian,離卦-dynamic,ʊ,-0.807,11,0.1393,0.8105,False
Italian,坤卦-dynamic,k,-0.772,56,0.1642,0.8105,False
Italian,坤卦-dynamic,t͡s,-0.764,3,0.1692,0.8105,False
Italian,震卦-static,ʊ,-0.719,10,0.1692,0.8105,False
Italian,艮卦-static,r,-0.713,72,0.1642,0.8105,False
Italian,坤卦-dynamic,ɛ,0.687,46,0.1692,0.8105,False
Italian,震卦-dynamic,r,1.023,83,0.1741,0.8167,False
Italian,坎卦-static,j,-0.774,5,0.1741,0.8167,False
Italian,坤卦-dynamic,ɔ,0.712,30,0.1741,0.8167,False
Italian,坎卦-dynamic,i,-1.439,13,0.1791,0.8342,False
Italian,艮卦-dynamic,ʃ,0.861,8,0.1841,0.8397,False
Italian,離卦-dynamic,n,0.772,116,0.1841,0.8397,False
Italian,坤卦-dynamic,d͡ʒ,0.696,25,0.1841,0.8397,False
Italian,坎卦-static,p,0.72,45,0.1891,0.845,False
Italian,震卦-static,z,-0.656,6,0.1891,0.845,False
Italian,坎卦-dynamic,ɛ,-1.348,3,0.199,0.8606,False
Italian,艮卦-dynamic,ɾ,0.815,8,0.199,0.8606,False
Italian,離卦-dynamic,p,0.752,60,0.199,0.8606,False
Italian,震卦-static,p,0.728,49,0.199,0.8606,False
Italian,中卦-dynamic,u,1.727,4,0.2139,0.8635,False
Italian,乾卦-dynamic,a,-1.528,20,0.209,0.8635,False
Italian,中卦-static,i,1.3,38,0.2139,0.8635,False
Italian,乾卦-static,u,1.045,10,0.2139,0.8635,False
Italian,兌卦-dynamic,n,-0.715,71,0.2139,0.8635,False
Italian,離卦-dynamic,z,-0.684,7,0.209,0.8635,False
Italian,坎卦-static,d͡ʒ,-0.643,7,0.204,0.8635,False
Italian,艮卦-static,ɔ,-0.605,14,0.209,0.8635,False
Italian,離卦-static,n,1.837,12,0.2488,0.8674,False
Italian,巽卦-static,t,-1.577,5,0.2438,0.8674,False
Italian,乾卦-dynamic,t,1.544,20,0.2438,0.8674,False
Italian,坎卦-dynamic,t,-1.441,8,0.2239,0.8674,False
Italian,中卦-static,t͡s,1.295,5,0.2388,0.8674,False
Italian,震卦-dynamic,ɔ,0.826,12,0.2388,0.8674,False
Italian,坎卦-static,ʊ,-0.739,9,0.2289,0.8674,False
Italian,震卦-static,e,-0.714,90,0.2289,0.8674,False
Italian,艮卦-static,v,-0.679,10,0.2488,0.8674,False
Italian,坎卦-static,f,-0.675,13,0.2289,0.8674,False
Italian,離卦-dynamic,ɪ,-0.663,3,0.2189,0.8674,False
Italian,兌卦-dynamic,t͡s,-0.646,4,0.2239,0.8674,False
Italian,艮卦-static,d͡ʒ,-0.636,7,0.2488,0.8674,False
Italian,震卦-static,ɡ,-0.582,10,0.2438,0.8674,False
Italian,坎卦-static,ɲ,0.579,10,0.2488,0.8674,False
Italian,離卦-dynamic,t͡ʃ,-0.576,16,0.2239,0.8674,False
Italian,艮卦-static,i,-0.561,76,0.2488,0.8674,False
Italian,坤卦-dynamic,m,0.542,61,0.2289,0.8674,False
Italian,坤卦-dynamic,i,-0.541,106,0.2338,0.8674,False
Italian,乾卦-dynamic,u,1.57,5,0.2537,0.8711,False
Italian,兌卦-dynamic,d,0.611,48,0.2537,0.8711,False
Italian,艮卦-static,e,-0.681,84,0.2587,0.8746,False
Italian,兌卦-dynamic,t͡ʃ,-0.59,16,0.2587,0.8746,False
Italian,兌卦-static,ɔ,1.739,4,0.2637,0.8847,False
Italian,中卦-static,p,-1.075,7,0.2687,0.8847,False
Italian,震卦-dynamic,ɛ,0.713,18,0.2687,0.8847,False
Italian,坎卦-static,i,0.614,106,0.2736,0.8847,False
Italian,坤卦-dynamic,ɪ,-0.605,4,0.2736,0.8847,False
Italian,兌卦-dynamic,z,-0.602,8,0.2687,0.8847,False
Italian,艮卦-static,z,-0.593,6,0.2687,0.8847,False
Italian,坤卦-dynamic,e,-0.552,126,0.2736,0.8847,False
Italian,中卦-static,d,1.159,13,0.2836,0.8856,False
Italian,乾卦-static,i,-0.871,27,0.2886,0.8856,False
Italian,坤卦-static,f,0.805,13,0.2836,0.8856,False
Italian,坤卦-static,r,-0.771,32,0.2836,0.8856,False
Italian,艮卦-dynamic,k,-0.671,36,0.2786,0.8856,False
Italian,震卦-static,n,0.601,91,0.2886,0.8856,False
Italian,艮卦-static,ɛ,0.57,32,0.2786,0.8856,False
Italian,艮卦-static,a,0.546,169,0.2886,0.8856,False
Italian,坤卦-dynamic,a,-0.514,200,0.2786,0.8856,False
Italian,巽卦-dynamic,r,1.822,16,0.3184,0.8916,False
Italian,兌卦-static,k,1.643,12,0.2935,0.8916,False
Italian,中卦-dynamic,z,1.571,3,0.2985,0.8916,False
Italian,離卦-static,t͡ʃ,1.472,4,0.3284,0.8916,False
Italian,中卦-dynamic,l,1.42,13,0.3134,0.8916,False
Italian,坎卦-dynamic,p,1.149,12,0.3284,0.8916,False
Italian,中卦-static,m,-0.992,5,0.3333,0.8916,False
Italian,中卦-static,f,-0.991,3,0.3085,0.8916,False
Italian,乾卦-static,t͡ʃ,-0.936,3,0.3234,0.8916,False
Italian,坤卦-static,m,0.74,22,0.3333,0.8916,False
Italian,震卦-dynamic,t,-0.737,29,0.3184,0.8916,False
Italian,坤卦-static,ɔ,0.712,10,0.3234,0.8916,False
Italian,坤卦-static,d͡ʒ,-0.698,3,0.3134,0.8916,False
Italian,艮卦-dynamic,d,0.677,31,0.3134,0.8916,False
Italian,震卦-dynamic,u,-0.676,5,0.2985,0.8916,False
Italian,艮卦-dynamic,ɛ,0.649,28,0.3284,0.8916,False
Italian,艮卦-dynamic,ʊ,0.6,19,0.3333,0.8916,False
Italian,離卦-dynamic,ɛ,-0.582,27,0.3234,0.8916,False
Italian,震卦-static,s,0.579,54,0.2935,0.8916,False
Italian,坎卦-static,ɔ,0.575,21,0.3134,0.8916,False
Italian,震卦-static,r,-0.575,86,0.3085,0.8916,False
Italian,坤卦-dynamic,ɡ,-0.553,13,0.3184,0.8916,False
Italian,艮卦-static,t,-0.529,60,0.3134,0.8916,False
Italian,兌卦-dynamic,p,0.521,57,0.3184,0.8916,False
Italian,震卦-static,t͡ʃ,-0.514,14,0.3284,0.8916,False
Italian,震卦-static,a,0.508,184,0.3284,0.8916,False
Italian,坎卦-static,ɪ,-0.505,4,0.3333,0.8916,False
Italian,兌卦-dynamic,ɾ,0.459,10,0.3284,0.8916,False
Italian,兌卦-static,t,1.429,17,0.3383,0.8977,False
Italian,坤卦-dynamic,r,-0.482,115,0.3383,0.8977,False
Italian,震卦-static,o,0.53,161,0.3433,0.9072,False
Italian,巽卦-static,n,1.313,17,0.3532,0.9118,False
Italian,坎卦-dynamic,n,-1.008,11,0.3532,0.9118,False
Italian,艮卦-dynamic,ɡ,0.564,16,0.3483,0.9118,False
Italian,離卦-dynamic,j,-0.535,9,0.3532,0.9118,False
Italian,離卦-static,t,1.561,13,0.3632,0.9128,False
Italian,中卦-dynamic,a,1.435,24,0.3582,0.9128,False
Italian,巽卦-static,e,-1.154,10,0.3632,0.9128,False
Italian,乾卦-static,r,-0.792,27,0.3632,0.9128,False
Italian,艮卦-dynamic,t͡s,-0.564,3,0.3582,0.9128,False
Italian,坤卦-dynamic,s͡s,0.47,13,0.3632,0.9128,False
Italian,兌卦-static,n,-1.197,6,0.3682,0.9149,False
Italian,乾卦-static,e,-0.739,32,0.3682,0.9149,False
Italian,坤卦-static,v,-0.611,5,0.3682,0.9149,False
Italian,中卦-dynamic,n,-1.278,5,0.3731,0.9204,False
Italian,震卦-static,k,0.466,68,0.3731,0.9204,False
Italian,震卦-dynamic,k,-0.532,24,0.3781,0.9258,False
Italian,兌卦-dynamic,b,-0.436,14,0.3781,0.9258,False
Italian,巽卦-static,s,-1.088,5,0.3831,0.9346,False
Italian,中卦-static,a,-0.905,42,0.408,0.9684,False
Italian,坎卦-dynamic,r,0.842,35,0.4129,0.9684,False
Italian,震卦-static,d,-0.419,26,0.4129,0.9684,False
Italian,坤卦-dynamic,v,0.407,32,0.408,0.9684,False
Italian,離卦-dynamic,ɡ,-0.507,13,0.4179,0.9698,False
Italian,巽卦-dynamic,n,-1.428,3,0.4677,0.9787,False
Italian,離卦-static,o,-1.25,8,0.4428,0.9787,False
Italian,離卦-static,e,1.229,20,0.4478,0.9787,False
Italian,中卦-dynamic,f,1.143,4,0.4577,0.9787,False
Italian,中卦-dynamic,ɔ,1.069,3,0.4627,0.9787,False
Italian,中卦-dynamic,r,-1.065,7,0.4776,0.9787,False
Italian,巽卦-static,ɔ,1.024,4,0.4677,0.9787,False
Italian,巽卦-static,p,-1.0,4,0.4726,0.9787,False
Italian,乾卦-dynamic,s,0.992,9,0.4527,0.9787,False
Italian,乾卦-dynamic,i,0.991,19,0.4378,0.9787,False
Italian,中卦-dynamic,t,-0.958,6,0.4776,0.9787,False
Italian,巽卦-static,d,-0.956,3,0.4527,0.9787,False
Italian,坎卦-dynamic,f,0.903,7,0.4328,0.9787,False
Italian,坎卦-dynamic,d,0.778,9,0.4577,0.9787,False
Italian,乾卦-static,k,0.671,26,0.4776,0.9787,False
Italian,乾卦-static,o,0.642,60,0.4627,0.9787,False
Italian,坤卦-static,p,0.608,20,0.4328,0.9787,False
Italian,乾卦-static,d͡ʒ,-0.566,3,0.4776,0.9787,False
Italian,震卦-dynamic,w,0.565,4,0.4627,0.9787,False
Italian,震卦-dynamic,m,-0.549,13,0.4428,0.9787,False
Italian,坤卦-static,z,-0.533,3,0.4478,0.9787,False
Italian,坤卦-static,l,-0.509,25,0.4776,0.9787,False
Italian,坎卦-static,ɡ,0.46,18,0.4428,0.9787,False
Italian,坎卦-static,k,-0.415,47,0.4776,0.9787,False
Italian,坤卦-dynamic,ɾ,-0.36,4,0.4776,0.9787,False
Italian,震卦-static,s͡s,-0.36,3,0.4677,0.9787,False
Italian,坎卦-static,v,-0.355,14,0.4726,0.9787,False
Italian,兌卦-dynamic,f,-0.346,22,0.4726,0.9787,False
Italian,坤卦-dynamic,s,-0.345,53,0.4428,0.9787,False
Italian,坤卦-dynamic,p,-0.328,44,0.4677,0.9787,False
Italian,震卦-dynamic,f,-0.484,8,0.4826,0.9799,False
Italian,坤卦-dynamic,t,0.379,120,0.4826,0.9799,False
Italian,兌卦-dynamic,v,0.336,30,0.4826,0.9799,False
Italian,震卦-dynamic,z,0.49,8,0.4876,0.981,False
Italian,艮卦-dynamic,b,0.362,15,0.4876,0.981,False
Italian,中卦-dynamic,d,0.957,5,0.4925,0.9851,False
Italian,坤卦-static,u,-0.511,5,0.4925,0.9851,False
Italian,巽卦-dynamic,i,-1.201,5,0.4975,0.9891,False
Italian,震卦-static,ɪ,-0.45,5,0.4975,0.9891,False
Italian,巽卦-dynamic,e,1.112,15,0.5423,0.9947,False
Italian,離卦-static,ɛ,1.089,4,0.5274,0.9947,False
Italian,兌卦-static,o,0.984,24,0.5274,0.9947,False
Italian,巽卦-static,o,0.949,28,0.5124,0.9947,False
Italian,巽卦-dynamic,t,-0.938,4,0.6567,0.9947,False
Italian,巽卦-static,v,0.924,5,0.5423,0.9947,False
Italian,中卦-dynamic,s,-0.897,4,0.5423,0.9947,False
Italian,離卦-static,i,0.879,12,0.6269,0.9947,False
Italian,巽卦-static,r,-0.872,11,0.5075,0.9947,False
Italian,離卦-static,r,-0.856,7,0.592,0.9947,False
Italian,兌卦-static,ɡ,0.797,3,0.6169,0.9947,False
Italian,乾卦-dynamic,ʊ,0.788,4,0.5771,0.9947,False
Italian,乾卦-dynamic,o,0.769,26,0.5871,0.9947,False
Italian,中卦-dynamic,ʊ,0.746,3,0.6368,0.9947,False
Italian,兌卦-static,b,0.709,3,0.6617,0.9947,False
Italian,乾卦-dynamic,r,-0.705,12,0.5473,0.9947,False
Italian,兌卦-static,d,-0.685,3,0.6617,0.9947,False
Italian,兌卦-static,s,-0.657,5,0.6318,0.9947,False
Italian,中卦-static,z,0.64,5,0.5274,0.9947,False
Italian,坎卦-dynamic,s,0.631,12,0.5821,0.9947,False
Italian,巽卦-static,i,0.626,18,0.6318,0.9947,False
Italian,巽卦-static,m,-0.588,4,0.6816,0.9947,False
Italian,乾卦-static,s,-0.582,14,0.5721,0.9947,False
Italian,兌卦-static,e,-0.575,13,0.6915,0.9947,False
Italian,坎卦-dynamic,v,0.564,6,0.592,0.9947,False
Italian,中卦-static,o,0.554,46,0.5771,0.9947,False
Italian,乾卦-dynamic,m,-0.551,4,0.6816,0.9947,False
Italian,中卦-static,r,-0.535,25,0.6368,0.9947,False
Italian,震卦-dynamic,ʊ,-0.517,6,0.5124,0.9947,False
Italian,坤卦-static,t͡ʃ,-0.498,6,0.5075,0.9947,False
Italian,震卦-dynamic,t͡ʃ,-0.496,7,0.5224,0.9947,False
Italian,中卦-static,n,0.486,25,0.6368,0.9947,False
Italian,坎卦-dynamic,l,0.482,19,0.6667,0.9947,False
Italian,坎卦-dynamic,t͡ʃ,0.475,6,0.6269,0.9947,False
Italian,坤卦-static,n,0.469,37,0.5672,0.9947,False
Italian,乾卦-static,ɔ,0.468,8,0.5274,0.9947,False
Italian,乾卦-static,v,-0.46,5,0.5672,0.9947,False
Italian,震卦-dynamic,s͡s,0.459,5,0.5473,0.9947,False
Italian,震卦-dynamic,e,0.421,77,0.6269,0.9947,False
Italian,艮卦-dynamic,t͡ʃ,-0.411,12,0.5124,0.9947,False
Italian,中卦-static,u,0.403,6,0.6617,0.9947,False
Italian,艮卦-static,t͡ʃ,0.395,24,0.5025,0.9947,False
Italian,坤卦-static,b,-0.386,5,0.6617,0.9947,False
Italian,坤卦-static,w,0.384,3,0.6318,0.9947,False
Italian,坤卦-static,s͡s,0.38,4,0.592,0.9947,False
Italian,坎卦-static,a,0.366,166,0.5572,0.9947,False
Italian,坤卦-dynamic,ʃ,-0.358,3,0.5224,0.9947,False
Italian,震卦-dynamic,b,-0.349,6,0.6219,0.9947,False
Italian,艮卦-dynamic,j,-0.343,7,0.5075,0.9947,False
Italian,震卦-dynamic,i,0.343,53,0.5771,0.9947,False
Italian,艮卦-dynamic,v,-0.342,12,0.6119,0.9947,False
Italian,震卦-dynamic,ɡ,-0.341,6,0.592,0.9947,False
Italian,艮卦-dynamic,r,0.339,104,0.6269,0.9947,False
Italian,離卦-dynamic,i,0.339,131,0.5771,0.9947,False
Italian,離卦-dynamic,k,-0.335,64,0.5522,0.9947,False
Italian,離卦-dynamic,s͡s,-0.327,4,0.5174,0.9947,False
Italian,震卦-static,t,0.324,93,0.5572,0.9947,False
Italian,震卦-dynamic,a,0.312,88,0.6716,0.9947,False
Italian,艮卦-dynamic,n,0.3,65,0.5821,0.9947,False
Italian,艮卦-dynamic,t,-0.297,57,0.5622,0.9947,False
Italian,艮卦-static,j,0.295,13,0.5572,0.9947,False
Italian,坤卦-static,j,0.293,6,0.6915,0.9947,False
Italian,震卦-static,ɔ,0.289,21,0.607,0.9947,False
Italian,坤卦-dynamic,j,-0.282,12,0.592,0.9947,False
Italian,震卦-static,l,0.28,81,0.592,0.9947,False
Italian,坤卦-dynamic,d,0.279,44,0.5871,0.9947,False
Italian,艮卦-static,n,-0.267,63,0.5423,0.9947,False
Italian,坤卦-dynamic,ʊ,-0.26,19,0.5522,0.9947,False
Italian,離卦-dynamic,f,-0.251,23,0.6716,0.9947,False
Italian,坤卦-dynamic,f,0.244,31,0.6368,0.9947,False
Italian,坎卦-static,n,-0.243,64,0.6667,0.9947,False
Italian,震卦-static,f,-0.242,19,0.6219,0.9947,False
Italian,艮卦-static,ɡ,0.237,16,0.6816,0.9947,False
Italian,坎卦-static,t͡s,0.237,9,0.6866,0.9947,False
Italian,艮卦-static,d,0.213,31,0.6915,0.9947,False
Italian,離卦-dynamic,d,-0.198,35,0.607,0.9947,False
Italian,震卦-static,ɲ,-0.197,4,0.6766,0.9947,False
Italian,坤卦-dynamic,z,0.173,17,0.6517,0.9947,False
Italian,兌卦-static,ɛ,-0.541,3,0.7114,0.9954,False
Italian,艮卦-dynamic,z,0.248,11,0.7015,0.9954,False
Italian,坤卦-static,k,-0.237,23,0.7065,0.9954,False
Italian,坎卦-static,t͡ʃ,0.22,22,0.6965,0.9954,False
Italian,兌卦-dynamic,m,-0.208,41,0.7065,0.9954,False
Italian,震卦-static,u,-0.201,15,0.7114,0.9954,False
Italian,坤卦-dynamic,ʎ,-0.2,3,0.7114,0.9954,False
Italian,離卦-dynamic,v,-0.2,21,0.7114,0.9954,False
Italian,巽卦-dynamic,l,-0.75,4,0.7313,1.0,False
Italian,巽卦-static,d͡ʒ,0.642,3,0.7562,1.0,False
Italian,中卦-dynamic,ɛ,0.532,4,0.7214,1.0,False
Italian,巽卦-dynamic,s,-0.529,3,0.7612,1.0,False
Italian,巽卦-dynamic,a,0.509,14,0.791,1.0,False
Italian,中卦-dynamic,e,-0.479,12,0.7861,1.0,False
Italian,乾卦-dynamic,p,-0.456,5,0.8308,1.0,False
Italian,離卦-static,k,-0.419,5,0.801,1.0,False
Italian,中卦-static,l,-0.358,18,0.7363,1.0,False
Italian,離卦-static,s,0.351,5,0.9055,1.0,False
Italian,巽卦-static,f,0.35,4,0.8507,1.0,False
Italian,巽卦-dynamic,k,-0.337,4,0.8756,1.0,False
Italian,乾卦-dynamic,e,-0.335,17,0.7811,1.0,False
Italian,坎卦-dynamic,u,-0.332,3,0.7413,1.0,False
Italian,乾卦-dynamic,k,-0.324,8,0.8507,1.0,False
Italian,坎卦-dynamic,ɡ,0.314,4,0.7562,1.0,False
Italian,離卦-static,a,-0.307,16,0.8358,1.0,False
Italian,巽卦-static,ɛ,0.306,5,0.7861,1.0,False
Italian,離卦-static,l,0.302,8,0.796,1.0,False
Italian,中卦-static,t,0.281,26,0.7512,1.0,False
Italian,中卦-static,t͡ʃ,0.276,7,0.7512,1.0,False
Italian,巽卦-static,k,0.267,10,0.8109,1.0,False
Italian,乾卦-dynamic,l,-0.263,10,0.8507,1.0,False
Italian,坎卦-dynamic,a,0.261,39,0.8607,1.0,False
Italian,中卦-static,ɡ,0.248,5,0.8159,1.0,False
Italian,乾卦-static,j,0.247,5,0.8159,1.0,False
Italian,中卦-static,ɔ,-0.244,5,0.8209,1.0,False
Italian,中卦-static,s,0.223,14,0.8408,1.0,False
Italian,震卦-dynamic,ʃ,0.219,3,0.7761,1.0,False
Italian,巽卦-static,u,0.217,3,0.8259,1.0,False
Italian,乾卦-dynamic,ɛ,-0.203,4,0.9154,1.0,False
Italian,兌卦-static,r,-0.194,14,0.8806,1.0,False
Italian,艮卦-dynamic,ʎ,0.193,3,0.7413,1.0,False
Italian,坤卦-static,ɛ,0.19,13,0.8159,1.0,False
Italian,坎卦-static,m,-0.186,31,0.7512,1.0,False
Italian,震卦-dynamic,s,0.185,24,0.7562,1.0,False
Italian,兌卦-dynamic,ɡ,0.184,21,0.7463,1.0,False
Italian,乾卦-static,b,-0.184,5,0.8657,1.0,False
Italian,坤卦-dynamic,n,-0.183,90,0.7363,1.0,False
Italian,艮卦-dynamic,l,0.179,61,0.7761,1.0,False
Italian,中卦-dynamic,o,-0.17,15,0.9204,1.0,False
Italian,震卦-static,m,-0.17,34,0.7612,1.0,False
Italian,乾卦-static,ɛ,0.158,11,0.8557,1.0,False
Italian,坤卦-dynamic,d͡z,-0.157,3,0.7413,1.0,False
Italian,兌卦-dynamic,d͡z,0.157,5,0.8209,1.0,False
Italian,乾卦-static,d,0.156,12,0.8308,1.0,False
Italian,坎卦-static,b,-0.155,13,0.7711,1.0,False
Italian,坤卦-static,d,0.153,14,0.8109,1.0,False
Italian,兌卦-dynamic,ɪ,0.151,15,0.7761,1.0,False
Italian,坎卦-dynamic,ɔ,-0.148,4,0.8657,1.0,False
Italian,中卦-static,e,-0.147,35,0.8458,1.0,False
Italian,兌卦-dynamic,s͡s,-0.147,6,0.806,1.0,False
Italian,離卦-dynamic,m,0.145,49,0.7811,1.0,False
Italian,震卦-static,v,-0.144,18,0.7562,1.0,False
Italian,離卦-dynamic,w,-0.141,5,0.796,1.0,False
Italian,中卦-dynamic,m,-0.139,4,0.9254,1.0,False
Italian,艮卦-dynamic,p,0.138,32,0.8756,1.0,False
Italian,乾卦-dynamic,n,0.138,12,0.9204,1.0,False
Italian,離卦-dynamic,t͡s,0.137,11,0.8209,1.0,False
Italian,坎卦-static,o,0.136,132,0.8159,1.0,False
Italian,震卦-dynamic,d͡ʒ,-0.135,6,0.8458,1.0,False
Italian,巽卦-dynamic,o,-0.133,10,0.9453,1.0,False
Italian,艮卦-dynamic,i,-0.131,74,0.8657,1.0,False
Italian,巽卦-static,t͡ʃ,-0.124,3,0.9602,1.0,False
Italian,離卦-dynamic,d͡ʒ,-0.122,15,0.7861,1.0,False
Italian,中卦-dynamic,i,-0.121,11,0.9254,1.0,False
Italian,艮卦-dynamic,m,0.119,31,0.8209,1.0,False
Italian,艮卦-dynamic,s͡s,-0.117,4,0.8706,1.0,False
Italian,坎卦-static,r,-0.117,101,0.8657,1.0,False
Italian,乾卦-static,ʊ,-0.113,6,0.9154,1.0,False
Italian,兌卦-static,p,-0.105,5,0.9403,1.0,False
Italian,離卦-dynamic,ʃ,-0.089,5,0.8557,1.0,False
Italian,巽卦-static,a,0.088,27,0.9502,1.0,False
Italian,乾卦-static,a,-0.088,61,0.9154,1.0,False
Italian,乾卦-dynamic,t͡ʃ,-0.083,3,0.9552,1.0,False
Italian,兌卦-static,l,0.081,10,0.9652,1.0,False
Italian,艮卦-dynamic,ɲ,0.076,5,0.9353,1.0,False
Italian,乾卦-static,t,-0.074,29,0.9303,1.0,False
Italian,中卦-static,d͡ʒ,0.073,4,0.9453,1.0,False
Italian,艮卦-dynamic,d͡ʒ,-0.067,10,0.9403,1.0,False
Italian,坎卦-static,ɛ,0.059,27,0.9005,1.0,False
Italian,坎卦-static,l,-0.057,66,0.9602,1.0,False
Italian,震卦-static,ʃ,0.049,5,0.9303,1.0,False
Italian,坎卦-dynamic,m,-0.047,8,0.9751,1.0,False
Italian,中卦-static,ɛ,-0.044,8,0.9602,1.0,False
Italian,震卦-dynamic,ɲ,0.041,3,0.9701,1.0,False
Italian,離卦-dynamic,t,-0.039,99,0.9453,1.0,False
Italian,艮卦-dynamic,w,0.038,4,0.9602,1.0,False
Italian,坤卦-dynamic,u,0.032,22,0.9552,1.0,False
Italian,坤卦-dynamic,t͡ʃ,-0.03,26,0.9751,1.0,False
Italian,坎卦-dynamic,d͡ʒ,0.026,3,0.9751,1.0,False
Italian,中卦-static,ʊ,-0.02,5,0.9652,1.0,False
Italian,巽卦-dynamic,p,0.019,3,0.995,1.0,False
Italian,坤卦-static,a,-0.018,72,0.995,1.0,False
Italian,艮卦-dynamic,s,-0.017,36,0.9801,1.0,False
Italian,坎卦-dynamic,k,0.01,13,1.0,1.0,False
Italian,艮卦-dynamic,ɪ,-0.009,8,0.99,1.0,False
Italian,艮卦-dynamic,e,0.003,103,1.0,1.0,False
Italian,兌卦-dynamic,ʊ,0.0,22,1.0,1.0,False
Japanese,中卦-static,ɹ,4.123,4,0.005,0.1058,False
Japanese,巽卦-dynamic,m,3.686,10,0.005,0.1058,False
Japanese,坤卦-static,ɕ,3.636,16,0.005,0.1058,False
Japanese,坤卦-static,i,2.596,45,0.005,0.1058,False
Japanese,坎卦-static,a͡ɪ,2.123,915,0.005,0.1058,False
Japanese,坎卦-static,t͡ʃ,2.123,915,0.005,0.1058,False
Japanese,坎卦-static,l,2.049,915,0.005,0.1058,False
Japanese,坎卦-static,z,2.031,915,0.005,0.1058,False
Japanese,坎卦-static,ə,1.993,915,0.005,0.1058,False
Japanese,震卦-static,o,1.902,74,0.005,0.1058,False
Japanese,坎卦-static,n,1.829,932,0.005,0.1058,False
Japanese,坎卦-static,t,1.734,920,0.005,0.1058,False
Japanese,艮卦-static,a͡ɪ,1.707,327,0.005,0.1058,False
Japanese,艮卦-static,t͡ʃ,1.707,327,0.005,0.1058,False
Japanese,艮卦-static,l,1.651,329,0.005,0.1058,False
Japanese,艮卦-static,z,1.65,331,0.005,0.1058,False
Japanese,艮卦-static,ə,1.613,331,0.005,0.1058,False
Japanese,坎卦-static,ɽ,-1.586,10,0.005,0.1058,False
Japanese,坎卦-static,a,-1.568,20,0.005,0.1058,False
Japanese,坎卦-static,k,-1.553,9,0.005,0.1058,False
Japanese,坎卦-static,s,-1.543,3,0.005,0.1058,False
Japanese,艮卦-static,t,1.501,356,0.005,0.1058,False
Japanese,坎卦-static,ɯ͡ᵝ,-1.464,22,0.005,0.1058,False
Japanese,坤卦-dynamic,t,1.458,249,0.005,0.1058,False
Japanese,艮卦-static,n,1.456,343,0.005,0.1058,False
Japanese,坎卦-static,o,-1.363,23,0.005,0.1058,False
Japanese,坤卦-dynamic,s,-1.316,10,0.005,0.1058,False
Japanese,離卦-dynamic,k,-1.246,22,0.005,0.1058,False
Japanese,艮卦-static,k,-1.233,31,0.005,0.1058,False
Japanese,艮卦-static,s,-1.213,20,0.005,0.1058,False
Japanese,坎卦-static,e,1.169,919,0.005,0.1058,False
Japanese,艮卦-static,o,-1.043,48,0.005,0.1058,False
Japanese,乾卦-static,ɴ,2.523,7,0.01,0.1624,False
Japanese,坤卦-dynamic,a͡ɪ,1.341,202,0.01,0.1624,False
Japanese,坤卦-dynamic,t͡ʃ,1.341,202,0.01,0.1624,False
Japanese,艮卦-static,ɽ,-1.309,39,0.01,0.1624,False
Japanese,坤卦-dynamic,z,1.26,203,0.01,0.1624,False
Japanese,艮卦-static,ɯ͡ᵝ,-1.235,57,0.01,0.1624,False
Japanese,坤卦-dynamic,n,1.142,220,0.01,0.1624,False
Japanese,坤卦-dynamic,ɯ͡ᵝ,-1.122,57,0.01,0.1624,False
Japanese,艮卦-static,e,1.053,365,0.01,0.1624,False
Japanese,巽卦-dynamic,ɽ,2.801,13,0.0149,0.2054,False
Japanese,震卦-static,d,1.756,14,0.0149,0.2054,False
Japanese,坎卦-static,p,-1.325,5,0.0149,0.2054,False
Japanese,坤卦-dynamic,l,1.268,202,0.0149,0.2054,False
Japanese,艮卦-static,a,-1.249,57,0.0149,0.2054,False
Japanese,兌卦-dynamic,ɯ͡ᵝ,1.054,223,0.0149,0.2054,False
Japanese,兌卦-dynamic,i,-1.017,112,0.0149,0.2054,False
Japanese,乾卦-static,h,2.556,4,0.0199,0.2636,False
Japanese,坎卦-dynamic,b,2.466,7,0.0249,0.3011,False
Japanese,震卦-static,ɴ,1.581,13,0.0249,0.3011,False
Japanese,坤卦-dynamic,ə,1.213,202,0.0249,0.3011,False
Japanese,離卦-dynamic,l,1.106,197,0.0249,0.3011,False
Japanese,坤卦-dynamic,e,0.991,254,0.0249,0.3011,False
Japanese,乾卦-static,ɡ,1.929,8,0.0299,0.3224,False
Japanese,離卦-dynamic,a͡ɪ,1.178,197,0.0299,0.3224,False
Japanese,離卦-dynamic,t͡ʃ,1.178,197,0.0299,0.3224,False
Japanese,離卦-dynamic,z,1.122,200,0.0299,0.3224,False
Japanese,離卦-dynamic,ə,1.051,197,0.0299,0.3224,False
Japanese,艮卦-static,b,-0.924,10,0.0299,0.3224,False
Japanese,巽卦-dynamic,ɯ͡ᵝ,2.377,19,0.0348,0.3443,False
Japanese,震卦-static,b,1.296,18,0.0348,0.3443,False
Japanese,坎卦-static,b,-1.135,4,0.0348,0.3443,False
Japanese,艮卦-static,ɡ,-1.086,3,0.0348,0.3443,False
Japanese,離卦-dynamic,a,-1.071,62,0.0348,0.3443,False
Japanese,坤卦-dynamic,a,-0.965,71,0.0348,0.3443,False
Japanese,震卦-dynamic,j,1.577,6,0.0398,0.3725,False
Japanese,離卦-dynamic,n,1.019,220,0.0398,0.3725,False
Japanese,坤卦-dynamic,ɽ,-0.968,58,0.0398,0.3725,False
Japanese,兌卦-dynamic,ʔ,2.872,3,0.0448,0.3979,False
Japanese,坤卦-dynamic,o,-1.054,33,0.0448,0.3979,False
Japanese,坤卦-dynamic,k,-0.967,38,0.0448,0.3979,False
Japanese,離卦-dynamic,o,-1.047,35,0.0498,0.4259,False
Japanese,坤卦-dynamic,i,0.905,331,0.0498,0.4259,False
Japanese,兌卦-dynamic,a,-0.835,50,0.0498,0.4259,False
Japanese,巽卦-dynamic,s,2.201,5,0.0547,0.4574,False
Japanese,兌卦-dynamic,o,-0.802,32,0.0597,0.4763,False
Japanese,艮卦-static,m,-0.693,15,0.0597,0.4763,False
Japanese,巽卦-static,h,1.703,3,0.0647,0.483,False
Japanese,震卦-static,i,-1.095,48,0.0647,0.483,False
Japanese,離卦-dynamic,t,0.926,226,0.0647,0.483,False
Japanese,離卦-dynamic,b,-0.902,8,0.0647,0.483,False
Japanese,巽卦-static,ɡ,1.52,7,0.0697,0.5093,False
Japanese,中卦-dynamic,d,2.154,3,0.0896,0.5239,False
Japanese,震卦-dynamic,d͡ʒ,2.051,5,0.0796,0.5239,False
Japanese,巽卦-static,p,1.694,7,0.0846,0.5239,False
Japanese,坤卦-static,d,1.588,5,0.0796,0.5239,False
Japanese,艮卦-dynamic,h,1.1,8,0.0896,0.5239,False
Japanese,艮卦-dynamic,o,-1.047,12,0.0746,0.5239,False
Japanese,離卦-dynamic,p,-0.96,10,0.0846,0.5239,False
Japanese,離卦-dynamic,ɡ,-0.945,6,0.0896,0.5239,False
Japanese,坤卦-dynamic,ɡ,-0.857,8,0.0746,0.5239,False
Japanese,坎卦-static,d,-0.765,7,0.0746,0.5239,False
Japanese,巽卦-static,t͡ɕ,1.624,5,0.0945,0.5439,False
Japanese,坎卦-dynamic,k,1.543,13,0.0945,0.5439,False
Japanese,兌卦-dynamic,d͡ʒ,1.084,7,0.1144,0.5779,False
Japanese,坤卦-dynamic,b,-0.713,13,0.1095,0.5779,False
Japanese,坎卦-static,ɯᵝ,-0.678,5,0.1144,0.5779,False
Japanese,艮卦-static,p,-0.631,24,0.1144,0.5779,False
Japanese,艮卦-static,ɴ,-0.606,7,0.1144,0.5779,False
Japanese,艮卦-static,d,-0.588,8,0.1095,0.5779,False
Japanese,巽卦-dynamic,i,-1.554,5,0.1294,0.6094,False
Japanese,艮卦-dynamic,c,1.253,4,0.1294,0.6094,False
Japanese,艮卦-dynamic,d͡ʒ,0.98,4,0.1294,0.6094,False
Japanese,坤卦-dynamic,t͡s,-0.652,3,0.1294,0.6094,False
Japanese,乾卦-static,a,1.317,32,0.1542,0.6852,False
Japanese,乾卦-dynamic,a,2.309,10,0.1592,0.6942,False
Japanese,坤卦-static,ə,-0.942,3,0.1642,0.6985,False
Japanese,坤卦-static,k,-0.928,4,0.1642,0.6985,False
Japanese,艮卦-static,ɕ,-0.577,5,0.1692,0.7068,False
Japanese,兌卦-dynamic,d,-0.532,4,0.1692,0.7068,False
Japanese,艮卦-dynamic,k,-0.763,18,0.1741,0.7233,False
Japanese,巽卦-dynamic,k,1.41,6,0.1841,0.7427,False
Japanese,巽卦-static,ŋ,1.341,4,0.1891,0.7456,False
Japanese,艮卦-dynamic,a,-0.691,36,0.1891,0.7456,False
Japanese,巽卦-static,i,1.095,35,0.2338,0.7606,False
Japanese,乾卦-static,d,1.066,4,0.2388,0.7606,False
Japanese,乾卦-static,o,1.005,21,0.2289,0.7606,False
Japanese,巽卦-static,ɸ,0.929,3,0.2388,0.7606,False
Japanese,坤卦-static,z,-0.915,3,0.2438,0.7606,False
Japanese,坤卦-static,l,-0.888,3,0.209,0.7606,False
Japanese,坤卦-static,a͡ɪ,-0.821,3,0.2189,0.7606,False
Japanese,坤卦-static,t͡ʃ,-0.821,3,0.2189,0.7606,False
Japanese,震卦-dynamic,ɡ,-0.732,3,0.2289,0.7606,False
Japanese,離卦-dynamic,ɸ,-0.728,3,0.2289,0.7606,False
Japanese,艮卦-dynamic,b,-0.678,5,0.2289,0.7606,False
Japanese,震卦-static,p,0.678,12,0.2438,0.7606,False
Japanese,離卦-dynamic,t͡s,-0.657,3,0.2289,0.7606,False
Japanese,震卦-static,ə,-0.645,14,0.199,0.7606,False
Japanese,坤卦-dynamic,m,-0.613,16,0.2239,0.7606,False
Japanese,震卦-static,l,-0.591,14,0.2338,0.7606,False
Japanese,離卦-dynamic,ɴ,-0.567,6,0.2189,0.7606,False
Japanese,坤卦-dynamic,ɴ,-0.555,6,0.204,0.7606,False
Japanese,離卦-dynamic,m,-0.55,21,0.204,0.7606,False
Japanese,離卦-dynamic,d͡ʑ,-0.546,3,0.2438,0.7606,False
Japanese,艮卦-static,h,-0.538,4,0.2239,0.7606,False
Japanese,離卦-dynamic,d,-0.537,7,0.2239,0.7606,False
Japanese,離卦-dynamic,t͡ɕ,-0.523,3,0.2139,0.7606,False
Japanese,兌卦-dynamic,ɴ,-0.516,4,0.2338,0.7606,False
Japanese,兌卦-dynamic,ɡ,-0.505,10,0.199,0.7606,False
Japanese,艮卦-static,t͡ɕ,-0.428,7,0.2438,0.7606,False
Japanese,兌卦-dynamic,s,0.466,48,0.2488,0.7626,False
Japanese,坤卦-static,ŋ,0.911,3,0.2587,0.7728,False
Japanese,中卦-dynamic,k,1.145,8,0.3383,0.7761,False
Japanese,巽卦-static,d,1.05,4,0.3035,0.7761,False
Japanese,巽卦-static,n,-0.97,7,0.3184,0.7761,False
Japanese,乾卦-static,ə,-0.948,3,0.2836,0.7761,False
Japanese,坎卦-dynamic,e,-0.938,9,0.3284,0.7761,False
Japanese,巽卦-static,a,0.928,28,0.3134,0.7761,False
Japanese,乾卦-static,z,-0.921,3,0.2786,0.7761,False
Japanese,乾卦-static,ɕ,0.918,6,0.3184,0.7761,False
Japanese,坎卦-dynamic,n,-0.913,5,0.3333,0.7761,False
Japanese,乾卦-static,s,0.905,10,0.3085,0.7761,False
Japanese,乾卦-static,l,-0.894,3,0.2836,0.7761,False
Japanese,巽卦-static,o,0.869,20,0.2985,0.7761,False
Japanese,乾卦-static,a͡ɪ,-0.827,3,0.3134,0.7761,False
Japanese,乾卦-static,t͡ʃ,-0.827,3,0.3134,0.7761,False
Japanese,坤卦-static,a,0.712,25,0.3234,0.7761,False
Japanese,艮卦-dynamic,ɯᵝ,0.674,7,0.3134,0.7761,False
Japanese,坤卦-static,n,-0.663,9,0.2786,0.7761,False
Japanese,艮卦-dynamic,s,-0.661,13,0.2637,0.7761,False
Japanese,坤卦-static,b,0.623,5,0.3383,0.7761,False
Japanese,艮卦-dynamic,ə,0.608,55,0.2935,0.7761,False
Japanese,艮卦-dynamic,z,0.605,54,0.3184,0.7761,False
Japanese,震卦-static,a,0.587,62,0.3383,0.7761,False
Japanese,震卦-dynamic,o,0.576,46,0.2935,0.7761,False
Japanese,艮卦-dynamic,i,-0.565,80,0.3085,0.7761,False
Japanese,震卦-static,a͡ɪ,-0.523,14,0.2985,0.7761,False
Japanese,震卦-static,t͡ʃ,-0.523,14,0.2985,0.7761,False
Japanese,兌卦-dynamic,ɽ,0.501,111,0.2687,0.7761,False
Japanese,兌卦-dynamic,ɸ,-0.484,4,0.3085,0.7761,False
Japanese,兌卦-dynamic,p,-0.476,12,0.2836,0.7761,False
Japanese,兌卦-dynamic,e,0.449,129,0.2736,0.7761,False
Japanese,兌卦-dynamic,ə,0.408,81,0.3134,0.7761,False
Japanese,艮卦-dynamic,l,0.522,51,0.3632,0.7992,False
Japanese,離卦-dynamic,ũ,-0.508,4,0.3632,0.7992,False
Japanese,震卦-static,m,0.475,23,0.3632,0.7992,False
Japanese,離卦-dynamic,e,0.423,227,0.3632,0.7992,False
Japanese,坤卦-dynamic,j,-0.419,3,0.3632,0.7992,False
Japanese,兌卦-dynamic,ɯᵝ,-0.405,3,0.3532,0.7992,False
Japanese,兌卦-dynamic,t͡s,-0.404,5,0.3582,0.7992,False
Japanese,震卦-dynamic,n,0.524,47,0.3731,0.8135,False
Japanese,乾卦-dynamic,ɯ͡ᵝ,1.649,11,0.3781,0.8167,False
Japanese,中卦-dynamic,e,-1.05,6,0.3781,0.8167,False
Japanese,兌卦-dynamic,t,-0.386,81,0.3781,0.8167,False
Japanese,坎卦-dynamic,i,-0.829,14,0.3881,0.8255,False
Japanese,艮卦-dynamic,e,0.469,79,0.393,0.8286,False
Japanese,離卦-dynamic,ɕ,-0.39,11,0.393,0.8286,False
Japanese,離卦-dynamic,i,-0.381,247,0.393,0.8286,False
Japanese,乾卦-dynamic,i,-1.299,4,0.4279,0.8346,False
Japanese,中卦-dynamic,o,0.988,10,0.398,0.8346,False
Japanese,中卦-static,ɯ͡ᵝ,-0.906,8,0.408,0.8346,False
Japanese,中卦-static,e,0.843,22,0.408,0.8346,False
Japanese,乾卦-static,t͡ɕ,0.723,3,0.4577,0.8346,False
Japanese,巽卦-static,a͡ɪ,-0.706,4,0.4129,0.8346,False
Japanese,巽卦-static,t͡ʃ,-0.706,4,0.4129,0.8346,False
Japanese,巽卦-static,e,-0.681,15,0.4229,0.8346,False
Japanese,震卦-dynamic,k,-0.482,18,0.4229,0.8346,False
Japanese,艮卦-dynamic,a͡ɪ,0.452,47,0.403,0.8346,False
Japanese,艮卦-dynamic,t͡ʃ,0.452,47,0.403,0.8346,False
Japanese,震卦-static,e,0.45,57,0.4229,0.8346,False
Japanese,離卦-dynamic,j,-0.431,3,0.4378,0.8346,False
Japanese,震卦-static,z,-0.423,18,0.4378,0.8346,False
Japanese,離卦-dynamic,ɽ,-0.369,116,0.4179,0.8346,False
Japanese,坤卦-dynamic,h,-0.355,5,0.4577,0.8346,False
Japanese,兌卦-dynamic,z,0.354,77,0.408,0.8346,False
Japanese,兌卦-dynamic,ũ,-0.322,4,0.4378,0.8346,False
Japanese,兌卦-dynamic,l,0.313,74,0.4478,0.8346,False
Japanese,兌卦-static,i,1.114,8,0.4627,0.8371,False
Japanese,兌卦-static,ɽ,1.295,6,0.4726,0.8379,False
Japanese,坎卦-dynamic,a,0.673,17,0.4726,0.8379,False
Japanese,坎卦-dynamic,ɯ͡ᵝ,0.661,22,0.4677,0.8379,False
Japanese,坤卦-static,e,-0.463,16,0.4726,0.8379,False
Japanese,乾卦-dynamic,s,1.606,3,0.5075,0.8382,False
Japanese,兌卦-static,k,1.267,4,0.4876,0.8382,False
Japanese,中卦-dynamic,m,0.699,5,0.5075,0.8382,False
Japanese,坎卦-dynamic,s,0.613,6,0.5075,0.8382,False
Japanese,巽卦-static,ɯ͡ᵝ,-0.509,15,0.5075,0.8382,False
Japanese,震卦-static,ɯ͡ᵝ,-0.389,43,0.4975,0.8382,False
Japanese,震卦-static,n,-0.318,30,0.5075,0.8382,False
Japanese,兌卦-dynamic,ɕ,-0.308,8,0.5025,0.8382,False
Japanese,坤卦-dynamic,d,-0.28,12,0.5025,0.8382,False
Japanese,兌卦-dynamic,b,-0.266,15,0.5075,0.8382,False
Japanese,兌卦-static,ɯ͡ᵝ,1.122,9,0.5174,0.843,False
Japanese,巽卦-dynamic,e,0.808,8,0.5174,0.843,False
Japanese,震卦-dynamic,t͡s,0.39,7,0.5174,0.843,False
Japanese,震卦-static,d͡ʑ,0.351,6,0.5224,0.843,False
Japanese,離卦-dynamic,s,0.297,78,0.5224,0.843,False
Japanese,巽卦-static,z,-0.552,6,0.5274,0.8452,False
Japanese,巽卦-static,l,-0.526,6,0.5274,0.8452,False
Japanese,坤卦-static,ɯ͡ᵝ,-0.416,16,0.5373,0.8476,False
Japanese,艮卦-dynamic,ɯ͡ᵝ,0.342,98,0.5323,0.8476,False
Japanese,艮卦-dynamic,ɽ,0.326,62,0.5323,0.8476,False
Japanese,震卦-static,s,-0.319,13,0.5373,0.8476,False
Japanese,兌卦-dynamic,a͡ɪ,0.234,67,0.5373,0.8476,False
Japanese,兌卦-dynamic,t͡ʃ,0.234,67,0.5373,0.8476,False
Japanese,乾卦-static,n,-0.545,10,0.5473,0.8595,False
Japanese,坎卦-dynamic,ɽ,0.675,14,0.5522,0.8634,False
Japanese,中卦-static,l,0.686,14,0.5572,0.8673,False
Japanese,震卦-dynamic,t,0.368,49,0.5572,0.8673,False
Japanese,中卦-static,o,-0.659,6,0.5622,0.8693,False
Japanese,艮卦-dynamic,n,0.333,58,0.5622,0.8693,False
Japanese,中卦-dynamic,a,0.676,12,0.5721,0.8712,False
Japanese,中卦-dynamic,n,0.673,9,0.5721,0.8712,False
Japanese,坎卦-dynamic,a͡ɪ,-0.467,4,0.5721,0.8712,False
Japanese,坎卦-dynamic,t͡ʃ,-0.467,4,0.5721,0.8712,False
Japanese,坤卦-dynamic,ɕ,-0.272,15,0.5721,0.8712,False
Japanese,兌卦-dynamic,t͡ɕ,-0.263,5,0.5672,0.8712,False
Japanese,乾卦-dynamic,k,1.217,4,0.5771,0.8713,False
Japanese,坎卦-dynamic,ɕ,0.496,3,0.5771,0.8713,False
Japanese,艮卦-dynamic,d,-0.32,4,0.5771,0.8713,False
Japanese,坎卦-static,kʲ,-0.257,4,0.5771,0.8713,False
Japanese,震卦-dynamic,ɕ,0.326,10,0.5871,0.8825,False
Japanese,兌卦-dynamic,d͡ʑ,-0.221,6,0.5871,0.8825,False
Japanese,震卦-dynamic,b,-0.376,6,0.597,0.8916,False
Japanese,乾卦-static,e,-0.349,17,0.602,0.8916,False
Japanese,艮卦-dynamic,d͡ʑ,-0.302,3,0.602,0.8916,False
Japanese,離卦-static,o,1.519,5,0.6169,0.9041,False
Japanese,中卦-static,ə,0.631,14,0.6169,0.9041,False
Japanese,巽卦-static,t,-0.385,14,0.6318,0.9221,False
Japanese,震卦-dynamic,m,-0.292,10,0.6418,0.927,False
Japanese,震卦-dynamic,p,0.283,10,0.6418,0.927,False
Japanese,中卦-static,ɽ,-0.496,9,0.6468,0.9323,False
Japanese,震卦-dynamic,a,-0.308,38,0.6567,0.937,False
Japanese,艮卦-dynamic,t͡ɕ,-0.268,3,0.6567,0.937,False
Japanese,巽卦-static,d͡ʑ,0.637,3,0.6866,0.9445,False
Japanese,中卦-dynamic,ə,-0.542,3,0.6816,0.9445,False
Japanese,中卦-dynamic,z,-0.514,3,0.6915,0.9445,False
Japanese,中卦-static,k,-0.492,6,0.6915,0.9445,False
Japanese,中卦-dynamic,l,-0.488,3,0.6667,0.9445,False
Japanese,坤卦-static,ɡ,0.406,4,0.6866,0.9445,False
Japanese,坎卦-dynamic,z,-0.377,5,0.6716,0.9445,False
Japanese,坤卦-static,m,0.358,8,0.6816,0.9445,False
Japanese,坎卦-dynamic,l,-0.352,5,0.6915,0.9445,False
Japanese,坤卦-static,o,0.335,15,0.6866,0.9445,False
Japanese,巽卦-static,ə,-0.333,8,0.6816,0.9445,False
Japanese,震卦-static,w,0.33,3,0.6915,0.9445,False
Japanese,艮卦-dynamic,ɕ,-0.224,6,0.6915,0.9445,False
Japanese,艮卦-dynamic,ɸ,-0.212,4,0.6816,0.9445,False
Japanese,震卦-static,ɡ,0.183,9,0.6915,0.9445,False
Japanese,乾卦-static,t͡s,0.553,3,0.6965,0.9476,False
Japanese,巽卦-static,m,0.328,8,0.6965,0.9476,False
Japanese,乾卦-dynamic,ɽ,0.767,5,0.7214,0.9513,False
Japanese,中卦-static,a,0.537,21,0.7015,0.9513,False
Japanese,中卦-static,a͡ɪ,0.477,12,0.7065,0.9513,False
Japanese,中卦-static,t͡ʃ,0.477,12,0.7065,0.9513,False
Japanese,中卦-static,t,0.463,17,0.7264,0.9513,False
Japanese,中卦-dynamic,ɽ,-0.456,5,0.7264,0.9513,False
Japanese,中卦-dynamic,a͡ɪ,-0.42,3,0.7214,0.9513,False
Japanese,中卦-dynamic,t͡ʃ,-0.42,3,0.7214,0.9513,False
Japanese,中卦-static,n,0.398,15,0.7214,0.9513,False
Japanese,巽卦-static,s,-0.34,5,0.7164,0.9513,False
Japanese,坤卦-static,ɽ,0.308,17,0.7264,0.9513,False
Japanese,震卦-static,ɸ,0.29,5,0.7114,0.9513,False
Japanese,震卦-static,t͡ɕ,0.235,5,0.7264,0.9513,False
Japanese,震卦-dynamic,d͡ʑ,-0.176,3,0.7214,0.9513,False
Japanese,震卦-dynamic,a͡ɪ,-0.213,21,0.7413,0.9548,False
Japanese,震卦-dynamic,t͡ʃ,-0.213,21,0.7413,0.9548,False
Japanese,兌卦-dynamic,j,0.147,5,0.7413,0.9548,False
Japanese,巽卦-static,ɽ,-0.292,12,0.7463,0.9577,False
Japanese,離卦-dynamic,ɯ͡ᵝ,-0.153,209,0.7463,0.9577,False
Japanese,中卦-dynamic,i,0.344,14,0.7512,0.9606,False
Japanese,震卦-dynamic,z,0.211,32,0.7512,0.9606,False
Japanese,兌卦-static,t,-0.519,3,0.7562,0.9635,False
Japanese,艮卦-dynamic,m,-0.182,16,0.7562,0.9635,False
Japanese,中卦-static,z,0.384,12,0.7612,0.9645,False
Japanese,中卦-static,i,0.331,26,0.7612,0.9645,False
Japanese,艮卦-dynamic,ɡ,0.139,12,0.7612,0.9645,False
Japanese,兌卦-dynamic,k,-0.132,52,0.7662,0.9674,False
Japanese,乾卦-static,ɯ͡ᵝ,-0.3,18,0.7761,0.9705,False
Japanese,坎卦-dynamic,o,0.271,10,0.7761,0.9705,False
Japanese,坎卦-dynamic,t,-0.251,10,0.7761,0.9705,False
Japanese,震卦-dynamic,t͡ɕ,0.209,5,0.7811,0.9705,False
Japanese,乾卦-static,t,-0.201,15,0.7811,0.9705,False
Japanese,震卦-static,ɽ,-0.148,34,0.7811,0.9705,False
Japanese,震卦-static,t,0.14,44,0.7711,0.9705,False
Japanese,離卦-static,e,-0.622,3,0.796,0.9765,False
Japanese,乾卦-dynamic,o,0.553,4,0.796,0.9765,False
Japanese,兌卦-static,a,-0.421,3,0.8109,0.9765,False
Japanese,兌卦-static,e,0.399,5,0.806,0.9765,False
Japanese,坎卦-dynamic,ə,-0.222,6,0.801,0.9765,False
Japanese,坤卦-static,s,0.193,7,0.8109,0.9765,False
Japanese,艮卦-dynamic,ɴ,-0.169,5,0.806,0.9765,False
Japanese,震卦-dynamic,ə,0.133,31,0.8109,0.9765,False
Japanese,艮卦-dynamic,t,-0.122,55,0.8109,0.9765,False
Japanese,兌卦-dynamic,w,-0.122,3,0.791,0.9765,False
Japanese,兌卦-dynamic,m,-0.087,30,0.8109,0.9765,False
Japanese,離卦-static,i,0.521,6,0.8159,0.98,False
Japanese,離卦-static,k,0.909,3,0.8259,0.9826,False
Japanese,乾卦-static,k,0.211,11,0.8308,0.9836,False
Japanese,艮卦-dynamic,p,-0.139,10,0.8308,0.9836,False
Japanese,中卦-dynamic,t,-0.267,7,0.8408,0.9837,False
Japanese,艮卦-dynamic,t͡s,-0.158,5,0.8408,0.9837,False
Japanese,震卦-dynamic,ɯ͡ᵝ,-0.118,55,0.8358,0.9837,False
Japanese,艮卦-static,i,-0.067,368,0.8408,0.9837,False
Japanese,坤卦-static,t,-0.16,15,0.8507,0.9855,False
Japanese,離卦-static,ɯ͡ᵝ,-0.484,3,0.8557,0.9865,False
Japanese,乾卦-static,i,-0.091,26,0.8657,0.9865,False
Japanese,巽卦-static,b,-0.123,3,0.9055,0.9894,False
Japanese,乾卦-static,b,-0.114,3,0.9104,0.9894,False
Japanese,中卦-static,p,0.102,3,0.9005,0.9894,False
Japanese,震卦-dynamic,ɴ,0.06,5,0.9104,0.9894,False
Japanese,震卦-dynamic,ɽ,0.06,40,0.9104,0.9894,False
Japanese,震卦-dynamic,e,0.055,52,0.8955,0.9894,False
Japanese,離卦-static,t,-0.16,3,0.9303,0.9948,False
Japanese,中卦-dynamic,ɯ͡ᵝ,-0.109,10,0.9353,0.9948,False
Japanese,震卦-static,k,0.061,26,0.9303,0.9948,False
Japanese,乾卦-static,ɽ,-0.058,14,0.9254,0.9948,False
Japanese,震卦-dynamic,d,0.045,5,0.9353,0.9948,False
Japanese,震卦-dynamic,ũ,-0.045,3,0.9204,0.9948,False
Japanese,坎卦-static,i,0.033,926,0.9303,0.9948,False
Japanese,兌卦-dynamic,h,-0.061,5,0.9403,0.9971,False
Japanese,離卦-static,n,0.184,3,0.9453,0.9994,False
Japanese,兌卦-dynamic,n,0.018,82,0.9453,0.9994,False
Japanese,中卦-static,s,0.094,6,0.9652,1.0,False
Japanese,兌卦-static,o,0.081,3,0.9801,1.0,False
Japanese,巽卦-dynamic,a,0.059,6,0.9652,1.0,False
Japanese,乾卦-static,p,-0.057,3,0.9652,1.0,False
Japanese,震卦-dynamic,l,-0.047,26,0.9652,1.0,False
Japanese,震卦-dynamic,i,-0.042,70,0.9552,1.0,False
Japanese,乾卦-static,m,0.04,6,0.9652,1.0,False
Japanese,坤卦-static,p,-0.035,3,0.99,1.0,False
Japanese,巽卦-static,k,0.034,10,0.9851,1.0,False
Japanese,震卦-static,ŋ,0.028,3,0.9751,1.0,False
Japanese,震卦-static,ũ,-0.024,3,0.9552,1.0,False
Japanese,中卦-dynamic,s,-0.02,3,0.99,1.0,False
Japanese,震卦-dynamic,s,0.016,17,0.9701,1.0,False
Korean,巽卦-dynamic,k,4.058,4,0.005,0.2204,False
Korean,巽卦-static,m,3.353,37,0.005,0.2204,False
Korean,兌卦-dynamic,d,2.965,171,0.005,0.2204,False
Korean,震卦-static,ɡ,2.425,57,0.005,0.2204,False
Korean,坎卦-static,ŋ,2.257,83,0.005,0.2204,False
Korean,兌卦-dynamic,ɐ,2.16,325,0.005,0.2204,False
Korean,坎卦-static,d͡ʑ,2.079,38,0.005,0.2204,False
Korean,坤卦-dynamic,w,1.833,41,0.005,0.2204,False
Korean,艮卦-static,ɛ,1.781,38,0.005,0.2204,False
Korean,坤卦-dynamic,n,1.68,140,0.005,0.2204,False
Korean,艮卦-static,p͡h,1.609,37,0.005,0.2204,False
Korean,艮卦-static,ʌ,1.551,88,0.005,0.2204,False
Korean,兌卦-dynamic,ʌ,-1.409,54,0.005,0.2204,False
Korean,震卦-dynamic,k͡h,2.538,20,0.01,0.2866,False
Korean,坤卦-dynamic,ʌ,2.085,115,0.01,0.2866,False
Korean,艮卦-static,k͡h,1.743,25,0.01,0.2866,False
Korean,艮卦-dynamic,d,1.727,84,0.01,0.2866,False
Korean,震卦-static,d͡ʑ,1.63,36,0.01,0.2866,False
Korean,艮卦-static,i,-1.505,61,0.01,0.2866,False
Korean,艮卦-static,ɐ,-1.503,69,0.01,0.2866,False
Korean,坤卦-static,t,1.927,58,0.0149,0.4094,False
Korean,巽卦-static,b,2.038,10,0.0199,0.521,False
Korean,震卦-static,ŋ,1.35,71,0.0249,0.5511,False
Korean,震卦-static,t͡ɕ,1.301,36,0.0249,0.5511,False
Korean,艮卦-static,ɡ,1.256,36,0.0249,0.5511,False
Korean,兌卦-dynamic,e,-1.206,12,0.0249,0.5511,False
Korean,乾卦-dynamic,a͡ɪ,3.884,4,0.0299,0.5546,False
Korean,乾卦-dynamic,z,3.884,4,0.0299,0.5546,False
Korean,乾卦-static,p,2.035,16,0.0299,0.5546,False
Korean,艮卦-dynamic,ɫ,1.506,64,0.0299,0.5546,False
Korean,坎卦-static,q,1.298,78,0.0299,0.5546,False
Korean,乾卦-static,ʌ,-1.938,8,0.0348,0.6079,False
Korean,艮卦-static,j,1.177,49,0.0348,0.6079,False
Korean,坤卦-dynamic,h,-1.193,46,0.0398,0.6743,False
Korean,巽卦-dynamic,t,3.273,8,0.0448,0.6971,False
Korean,中卦-dynamic,p,-1.9,3,0.0448,0.6971,False
Korean,震卦-static,s,-1.061,33,0.0448,0.6971,False
Korean,兌卦-static,ɫ,2.528,13,0.0547,0.7541,False
Korean,兌卦-static,p͡h,2.31,7,0.0746,0.7541,False
Korean,兌卦-static,l,2.281,5,0.0746,0.7541,False
Korean,巽卦-static,t͡ɕ,1.806,13,0.0746,0.7541,False
Korean,中卦-static,j,1.757,19,0.0597,0.7541,False
Korean,乾卦-static,h,1.712,27,0.0697,0.7541,False
Korean,震卦-dynamic,u,-1.507,10,0.0547,0.7541,False
Korean,震卦-dynamic,ɐ,1.396,119,0.0647,0.7541,False
Korean,震卦-dynamic,ɾ,1.208,24,0.0647,0.7541,False
Korean,震卦-static,q,1.15,81,0.0597,0.7541,False
Korean,坤卦-dynamic,ɛ,1.097,38,0.0597,0.7541,False
Korean,坎卦-static,ʌ,1.092,85,0.0697,0.7541,False
Korean,艮卦-static,d,-1.05,14,0.0597,0.7541,False
Korean,坎卦-static,w,1.031,29,0.0746,0.7541,False
Korean,兌卦-dynamic,m,-1.03,43,0.0647,0.7541,False
Korean,艮卦-dynamic,ɛ,-1.015,14,0.0597,0.7541,False
Korean,震卦-static,ɐ,-0.999,103,0.0697,0.7541,False
Korean,坎卦-static,t͡ɕ,0.954,30,0.0746,0.7541,False
Korean,兌卦-dynamic,ŋ,-0.894,32,0.0647,0.7541,False
Korean,坎卦-static,ɯ,-0.849,26,0.0746,0.7541,False
Korean,震卦-dynamic,h,1.429,55,0.0846,0.7586,False
Korean,坤卦-static,i,-1.313,34,0.0796,0.7586,False
Korean,離卦-dynamic,u,-1.14,28,0.0796,0.7586,False
Korean,兌卦-dynamic,i,0.973,153,0.0796,0.7586,False
Korean,坎卦-static,b,-0.934,3,0.0896,0.7586,False
Korean,震卦-static,ɛ,-0.927,17,0.0846,0.7586,False
Korean,震卦-static,w,-0.895,11,0.0896,0.7586,False
Korean,乾卦-dynamic,l,2.478,5,0.0995,0.7642,False
Korean,乾卦-static,ɯ,1.555,20,0.0945,0.7642,False
Korean,坤卦-static,ɡ,-1.172,4,0.0995,0.7642,False
Korean,離卦-dynamic,ɛ,1.11,37,0.0995,0.7642,False
Korean,坤卦-dynamic,u,-1.062,31,0.0945,0.7642,False
Korean,離卦-dynamic,ɐ,0.947,195,0.0995,0.7642,False
Korean,離卦-dynamic,d,0.874,72,0.0995,0.7642,False
Korean,坎卦-dynamic,t͡ʃ,1.634,11,0.1045,0.7715,False
Korean,坤卦-static,t͡ɕ,1.176,16,0.1045,0.7715,False
Korean,坤卦-dynamic,p͡h,-0.819,6,0.1045,0.7715,False
Korean,離卦-static,u,2.549,9,0.1095,0.7881,False
Korean,震卦-dynamic,ŋ,-1.131,11,0.1095,0.7881,False
Korean,中卦-static,n,1.43,37,0.1194,0.8188,False
Korean,離卦-dynamic,h,1.101,93,0.1194,0.8188,False
Korean,坎卦-static,ɫ,-0.917,14,0.1194,0.8188,False
Korean,乾卦-dynamic,s,2.235,14,0.1294,0.8381,False
Korean,中卦-dynamic,ɯ,1.771,19,0.1393,0.8381,False
Korean,坎卦-dynamic,q,1.428,25,0.1542,0.8381,False
Korean,坎卦-dynamic,ɾ,1.374,13,0.1393,0.8381,False
Korean,巽卦-static,h,-1.354,13,0.1493,0.8381,False
Korean,中卦-static,s,1.306,26,0.1542,0.8381,False
Korean,震卦-dynamic,q,-1.213,16,0.1294,0.8381,False
Korean,坤卦-static,h,-1.15,21,0.1542,0.8381,False
Korean,坤卦-static,ʌ,1.057,42,0.1393,0.8381,False
Korean,坤卦-static,ŋ,-1.048,10,0.1493,0.8381,False
Korean,離卦-dynamic,ɫ,-0.839,17,0.1542,0.8381,False
Korean,艮卦-static,m,0.82,60,0.1393,0.8381,False
Korean,兌卦-dynamic,t͡ʃ,-0.787,13,0.1443,0.8381,False
Korean,坎卦-static,t,-0.735,16,0.1493,0.8381,False
Korean,震卦-static,p,0.708,46,0.1493,0.8381,False
Korean,艮卦-dynamic,h,-0.687,48,0.1443,0.8381,False
Korean,震卦-dynamic,t͡ʃ,0.996,17,0.1592,0.8413,False
Korean,乾卦-dynamic,o,2.193,13,0.1692,0.8472,False
Korean,乾卦-static,ŋ,1.331,18,0.1642,0.8472,False
Korean,乾卦-static,q,1.213,21,0.1692,0.8472,False
Korean,離卦-dynamic,n,0.866,111,0.1692,0.8472,False
Korean,艮卦-dynamic,ɾ,0.773,34,0.1692,0.8472,False
Korean,乾卦-static,b,1.183,6,0.1791,0.8669,False
Korean,離卦-dynamic,ŋ,-0.838,26,0.1791,0.8669,False
Korean,兌卦-dynamic,h,0.741,110,0.1791,0.8669,False
Korean,離卦-static,i,-2.196,4,0.199,0.8684,False
Korean,離卦-static,o,1.901,7,0.194,0.8684,False
Korean,中卦-static,p,1.182,15,0.1891,0.8684,False
Korean,中卦-static,m,-1.145,9,0.194,0.8684,False
Korean,震卦-dynamic,ɡ,1.022,21,0.199,0.8684,False
Korean,震卦-dynamic,e,1.014,23,0.194,0.8684,False
Korean,坤卦-static,m,-0.961,16,0.199,0.8684,False
Korean,坤卦-dynamic,o,-0.736,47,0.199,0.8684,False
Korean,坤卦-dynamic,k͡h,-0.729,5,0.194,0.8684,False
Korean,兌卦-dynamic,o,-0.725,59,0.1841,0.8684,False
Korean,兌卦-dynamic,j,-0.711,32,0.199,0.8684,False
Korean,兌卦-dynamic,n,-0.684,82,0.194,0.8684,False
Korean,離卦-static,w,2.068,3,0.2189,0.8737,False
Korean,離卦-static,e,2.009,4,0.2388,0.8737,False
Korean,兌卦-static,n,-1.777,4,0.2338,0.8737,False
Korean,兌卦-static,t͡ʃ,1.594,5,0.2438,0.8737,False
Korean,坎卦-dynamic,ɐ,-1.114,28,0.2338,0.8737,False
Korean,巽卦-static,s,-1.114,10,0.2189,0.8737,False
Korean,乾卦-static,i,-1.075,20,0.2139,0.8737,False
Korean,坤卦-static,e,0.974,19,0.2139,0.8737,False
Korean,坤卦-static,ɐ,0.951,90,0.2139,0.8737,False
Korean,坤卦-static,o,-0.846,20,0.2338,0.8737,False
Korean,震卦-dynamic,ɯ,0.846,35,0.2488,0.8737,False
Korean,坤卦-static,p,0.843,22,0.2338,0.8737,False
Korean,震卦-dynamic,p͡h,-0.843,3,0.2388,0.8737,False
Korean,震卦-dynamic,o,-0.835,24,0.2338,0.8737,False
Korean,離卦-dynamic,w,0.811,29,0.204,0.8737,False
Korean,坤卦-static,s,0.808,36,0.2338,0.8737,False
Korean,離卦-dynamic,m,-0.737,39,0.2488,0.8737,False
Korean,坎卦-static,d,-0.71,24,0.2189,0.8737,False
Korean,艮卦-static,p,0.698,40,0.2289,0.8737,False
Korean,坤卦-dynamic,ŋ,0.682,59,0.2388,0.8737,False
Korean,震卦-static,i,0.679,113,0.2189,0.8737,False
Korean,艮卦-static,d͡ʑ,-0.659,9,0.2488,0.8737,False
Korean,坎卦-static,u,-0.653,38,0.2139,0.8737,False
Korean,坎卦-static,ɛ,0.641,30,0.2239,0.8737,False
Korean,坎卦-static,i,-0.616,81,0.2388,0.8737,False
Korean,坎卦-static,s,0.615,68,0.2388,0.8737,False
Korean,震卦-static,u,0.615,75,0.2488,0.8737,False
Korean,震卦-static,n,-0.575,67,0.2139,0.8737,False
Korean,坤卦-static,u,-0.728,18,0.2537,0.8804,False
Korean,震卦-static,t͡ʃ,-0.623,12,0.2537,0.8804,False
Korean,中卦-dynamic,q,-1.145,7,0.2637,0.8934,False
Korean,乾卦-static,d,-1.062,4,0.2637,0.8934,False
Korean,坎卦-dynamic,ɡ,-1.04,3,0.2637,0.8934,False
Korean,艮卦-dynamic,p͡h,-0.67,7,0.2637,0.8934,False
Korean,巽卦-dynamic,ɫ,2.193,4,0.2985,0.8972,False
Korean,乾卦-dynamic,t͡ʃ,1.793,5,0.2886,0.8972,False
Korean,乾卦-dynamic,n,1.705,17,0.2687,0.8972,False
Korean,離卦-static,s,1.659,7,0.2786,0.8972,False
Korean,乾卦-dynamic,ɐ,-1.477,10,0.3333,0.8972,False
Korean,兌卦-static,ɯ,1.425,10,0.3284,0.8972,False
Korean,乾卦-dynamic,h,-1.404,5,0.3035,0.8972,False
Korean,中卦-dynamic,j,1.211,13,0.2985,0.8972,False
Korean,中卦-dynamic,e,1.142,10,0.3134,0.8972,False
Korean,巽卦-static,i,1.061,38,0.3085,0.8972,False
Korean,巽卦-static,ɫ,-1.018,4,0.3284,0.8972,False
Korean,中卦-dynamic,b,1.006,5,0.2786,0.8972,False
Korean,坎卦-dynamic,h,0.986,26,0.2935,0.8972,False
Korean,巽卦-static,ɾ,0.975,13,0.3184,0.8972,False
Korean,坎卦-dynamic,ɯ,0.97,19,0.2886,0.8972,False
Korean,巽卦-static,l,0.953,7,0.3085,0.8972,False
Korean,坎卦-dynamic,o,-0.924,12,0.3134,0.8972,False
Korean,巽卦-static,ɐ,0.915,61,0.3184,0.8972,False
Korean,震卦-dynamic,ʌ,-0.778,30,0.3085,0.8972,False
Korean,震卦-dynamic,s,-0.772,22,0.2935,0.8972,False
Korean,離卦-dynamic,i,0.679,113,0.3184,0.8972,False
Korean,艮卦-dynamic,ɐ,0.624,156,0.2886,0.8972,False
Korean,艮卦-static,o,0.591,63,0.2736,0.8972,False
Korean,坎卦-static,j,0.589,43,0.2786,0.8972,False
Korean,艮卦-dynamic,p,-0.564,26,0.3234,0.8972,False
Korean,震卦-static,h,-0.559,58,0.2935,0.8972,False
Korean,震卦-static,ɫ,-0.55,24,0.3284,0.8972,False
Korean,艮卦-dynamic,m,-0.547,37,0.3035,0.8972,False
Korean,離卦-dynamic,t,-0.546,25,0.3284,0.8972,False
Korean,離卦-dynamic,p͡h,-0.542,10,0.3333,0.8972,False
Korean,震卦-static,k͡h,0.531,17,0.3284,0.8972,False
Korean,坤卦-dynamic,ɯ,-0.522,36,0.3333,0.8972,False
Korean,震卦-static,ɾ,-0.52,26,0.2836,0.8972,False
Korean,坎卦-static,ɡ,0.513,29,0.2836,0.8972,False
Korean,兌卦-dynamic,q,-0.486,58,0.3333,0.8972,False
Korean,兌卦-dynamic,ɫ,-0.483,33,0.2985,0.8972,False
Korean,震卦-static,ɯ,0.436,55,0.3333,0.8972,False
Korean,離卦-static,ɛ,1.645,3,0.3383,0.898,False
Korean,中卦-dynamic,o,0.906,18,0.3383,0.898,False
Korean,艮卦-static,s,-0.479,41,0.3383,0.898,False
Korean,坎卦-dynamic,t͡ɕ,0.853,9,0.3433,0.9029,False
Korean,兌卦-dynamic,b,-0.543,9,0.3433,0.9029,False
Korean,乾卦-static,u,0.89,21,0.3483,0.9036,False
Korean,震卦-dynamic,t,-0.579,13,0.3483,0.9036,False
Korean,巽卦-dynamic,i,1.821,6,0.4179,0.9071,False
Korean,乾卦-dynamic,e,1.453,6,0.3682,0.9071,False
Korean,兌卦-static,ɾ,1.388,6,0.3632,0.9071,False
Korean,離卦-static,n,-1.385,3,0.3682,0.9071,False
Korean,離卦-static,h,1.366,7,0.398,0.9071,False
Korean,離卦-static,ɡ,1.328,3,0.4229,0.9071,False
Korean,離卦-static,ŋ,1.323,5,0.4129,0.9071,False
Korean,中卦-static,k͡h,0.925,6,0.3881,0.9071,False
Korean,中卦-static,e,-0.895,4,0.3831,0.9071,False
Korean,中卦-static,d,-0.887,6,0.3881,0.9071,False
Korean,中卦-static,h,-0.845,15,0.4129,0.9071,False
Korean,中卦-dynamic,ɡ,-0.843,3,0.4179,0.9071,False
Korean,坎卦-dynamic,s,-0.84,11,0.3682,0.9071,False
Korean,坎卦-dynamic,n,-0.829,17,0.403,0.9071,False
Korean,巽卦-static,ɯ,-0.827,9,0.4328,0.9071,False
Korean,坎卦-dynamic,u,0.807,23,0.403,0.9071,False
Korean,巽卦-static,ʌ,-0.807,17,0.398,0.9071,False
Korean,巽卦-static,q,-0.804,12,0.4229,0.9071,False
Korean,坎卦-dynamic,i,0.779,33,0.3881,0.9071,False
Korean,中卦-dynamic,ɐ,-0.776,26,0.4378,0.9071,False
Korean,巽卦-static,n,0.763,34,0.4378,0.9071,False
Korean,坎卦-dynamic,ŋ,-0.747,8,0.4179,0.9071,False
Korean,坤卦-static,d͡ʑ,0.741,12,0.3582,0.9071,False
Korean,乾卦-static,ɫ,-0.731,5,0.3831,0.9071,False
Korean,乾卦-static,o,0.703,19,0.4378,0.9071,False
Korean,巽卦-static,d͡ʑ,0.683,8,0.4328,0.9071,False
Korean,震卦-dynamic,d,0.648,36,0.408,0.9071,False
Korean,巽卦-static,ɡ,-0.637,5,0.4279,0.9071,False
Korean,震卦-dynamic,p,-0.634,16,0.4179,0.9071,False
Korean,坤卦-static,q,0.623,32,0.4378,0.9071,False
Korean,離卦-dynamic,b,-0.542,7,0.3632,0.9071,False
Korean,離卦-dynamic,s,-0.522,46,0.3881,0.9071,False
Korean,艮卦-dynamic,s,-0.518,40,0.3582,0.9071,False
Korean,震卦-static,d,-0.501,32,0.3682,0.9071,False
Korean,坤卦-dynamic,ɡ,0.494,32,0.3582,0.9071,False
Korean,坎卦-static,h,-0.493,55,0.3632,0.9071,False
Korean,坎卦-static,o,0.488,65,0.3831,0.9071,False
Korean,震卦-static,e,-0.475,20,0.3881,0.9071,False
Korean,兌卦-dynamic,s,-0.465,61,0.3781,0.9071,False
Korean,坤卦-dynamic,ɐ,-0.448,133,0.4129,0.9071,False
Korean,坎卦-static,k͡h,-0.448,7,0.4229,0.9071,False
Korean,坤卦-dynamic,d,-0.434,35,0.4229,0.9071,False
Korean,艮卦-dynamic,e,-0.425,18,0.3881,0.9071,False
Korean,坤卦-dynamic,ɫ,-0.419,28,0.4328,0.9071,False
Korean,艮卦-static,ɾ,0.418,31,0.408,0.9071,False
Korean,坎卦-static,p͡h,-0.417,11,0.4279,0.9071,False
Korean,兌卦-dynamic,u,-0.417,61,0.403,0.9071,False
Korean,艮卦-static,t͡ɕ,-0.401,16,0.403,0.9071,False
Korean,艮卦-dynamic,o,-0.482,44,0.4428,0.9076,False
Korean,艮卦-static,u,0.428,61,0.4428,0.9076,False
Korean,中卦-static,u,-0.762,11,0.4478,0.9081,False
Korean,震卦-dynamic,t͡ɕ,0.633,16,0.4478,0.9081,False
Korean,坤卦-static,w,0.529,12,0.4478,0.9081,False
Korean,巽卦-static,j,-0.68,8,0.4527,0.9086,False
Korean,艮卦-dynamic,t,-0.452,25,0.4527,0.9086,False
Korean,離卦-dynamic,o,-0.418,52,0.4577,0.9123,False
Korean,兌卦-dynamic,d͡ʑ,-0.402,17,0.4627,0.919,False
Korean,坤卦-dynamic,a͡ɪ,0.513,7,0.4677,0.9225,False
Korean,坤卦-dynamic,z,0.513,7,0.4677,0.9225,False
Korean,兌卦-dynamic,w,-0.392,21,0.4726,0.9291,False
Korean,坎卦-dynamic,p͡h,0.643,8,0.4876,0.9489,False
Korean,離卦-dynamic,j,0.442,44,0.4925,0.9489,False
Korean,離卦-dynamic,k͡h,0.428,16,0.4975,0.9489,False
Korean,坤卦-dynamic,j,-0.396,31,0.4975,0.9489,False
Korean,艮卦-dynamic,k͡h,-0.396,7,0.4975,0.9489,False
Korean,坤卦-dynamic,b,0.348,16,0.4925,0.9489,False
Korean,中卦-dynamic,m,0.646,15,0.5025,0.9521,False
Korean,坎卦-dynamic,d͡ʑ,0.595,7,0.5025,0.9521,False
Korean,兌卦-dynamic,ɯ,-0.336,50,0.5075,0.9584,False
Korean,中卦-static,ʌ,0.66,24,0.5224,0.9613,False
Korean,坎卦-dynamic,e,0.539,10,0.5224,0.9613,False
Korean,坤卦-dynamic,d͡ʑ,0.41,23,0.5274,0.9613,False
Korean,離卦-dynamic,p,0.391,42,0.5224,0.9613,False
Korean,艮卦-dynamic,ŋ,-0.366,31,0.5274,0.9613,False
Korean,艮卦-dynamic,w,0.356,21,0.5124,0.9613,False
Korean,兌卦-static,u,0.925,11,0.5323,0.9642,False
Korean,艮卦-dynamic,ɯ,-0.319,34,0.5323,0.9642,False
Korean,乾卦-dynamic,p,-1.027,3,0.5572,0.9654,False
Korean,兌卦-static,ʌ,-0.853,7,0.5771,0.9654,False
Korean,兌卦-static,m,-0.796,5,0.5522,0.9654,False
Korean,乾卦-dynamic,d,-0.773,3,0.6119,0.9654,False
Korean,乾卦-dynamic,u,-0.685,5,0.6269,0.9654,False
Korean,中卦-dynamic,t͡ʃ,0.594,6,0.5473,0.9654,False
Korean,中卦-static,ŋ,-0.586,9,0.602,0.9654,False
Korean,中卦-static,d͡ʑ,0.583,7,0.5771,0.9654,False
Korean,中卦-dynamic,k͡h,0.58,4,0.607,0.9654,False
Korean,中卦-dynamic,u,-0.555,10,0.602,0.9654,False
Korean,中卦-dynamic,l,0.552,4,0.5821,0.9654,False
Korean,中卦-static,ɛ,-0.541,6,0.6169,0.9654,False
Korean,乾卦-static,ɛ,0.537,8,0.5622,0.9654,False
Korean,中卦-dynamic,n,0.52,23,0.6119,0.9654,False
Korean,巽卦-static,d,-0.511,10,0.5771,0.9654,False
Korean,乾卦-static,e,-0.502,5,0.602,0.9654,False
Korean,乾卦-static,s,0.498,18,0.592,0.9654,False
Korean,乾卦-static,w,-0.451,4,0.6119,0.9654,False
Korean,乾卦-static,n,0.442,25,0.6318,0.9654,False
Korean,巽卦-static,w,-0.435,5,0.6119,0.9654,False
Korean,坤卦-static,ɯ,-0.429,17,0.5423,0.9654,False
Korean,離卦-dynamic,e,-0.407,21,0.5373,0.9654,False
Korean,坤卦-static,ɫ,-0.376,13,0.602,0.9654,False
Korean,離卦-dynamic,t͡ʃ,-0.366,15,0.602,0.9654,False
Korean,艮卦-dynamic,l,0.341,13,0.5721,0.9654,False
Korean,震卦-dynamic,ɫ,-0.34,16,0.6269,0.9654,False
Korean,離卦-dynamic,ɡ,-0.329,20,0.597,0.9654,False
Korean,艮卦-static,ɯ,-0.328,34,0.5771,0.9654,False
Korean,坎卦-static,ɾ,-0.316,26,0.5672,0.9654,False
Korean,艮卦-static,w,-0.307,15,0.5672,0.9654,False
Korean,艮卦-static,ɫ,0.307,39,0.5871,0.9654,False
Korean,震卦-dynamic,m,-0.307,26,0.6169,0.9654,False
Korean,坤卦-dynamic,t,-0.302,36,0.592,0.9654,False
Korean,兌卦-dynamic,k͡h,0.298,19,0.5871,0.9654,False
Korean,坤卦-dynamic,m,-0.291,49,0.5672,0.9654,False
Korean,艮卦-static,q,0.283,54,0.607,0.9654,False
Korean,艮卦-dynamic,t͡ɕ,-0.282,17,0.597,0.9654,False
Korean,艮卦-dynamic,n,-0.279,66,0.6269,0.9654,False
Korean,震卦-static,o,-0.268,55,0.5672,0.9654,False
Korean,兌卦-dynamic,p,0.262,52,0.6219,0.9654,False
Korean,坤卦-dynamic,ɾ,0.261,35,0.602,0.9654,False
Korean,震卦-static,m,0.255,58,0.5721,0.9654,False
Korean,艮卦-static,n,-0.252,67,0.6119,0.9654,False
Korean,坤卦-dynamic,q,0.246,63,0.6269,0.9654,False
Korean,兌卦-dynamic,ɡ,0.205,35,0.6318,0.9654,False
Korean,巽卦-dynamic,u,1.188,4,0.6816,0.967,False
Korean,乾卦-dynamic,q,-0.707,5,0.6517,0.967,False
Korean,離卦-static,ʌ,-0.686,4,0.6816,0.967,False
Korean,兌卦-static,p,0.663,6,0.6716,0.967,False
Korean,乾卦-dynamic,i,0.654,14,0.6816,0.967,False
Korean,中卦-dynamic,ɾ,-0.501,6,0.6617,0.967,False
Korean,坎卦-dynamic,t,-0.475,8,0.6368,0.967,False
Korean,中卦-static,t͡ʃ,-0.464,4,0.6468,0.967,False
Korean,中卦-static,ɯ,0.457,16,0.6468,0.967,False
Korean,中卦-dynamic,s,-0.438,11,0.6816,0.967,False
Korean,巽卦-static,ŋ,-0.406,11,0.6766,0.967,False
Korean,中卦-static,ɫ,-0.396,8,0.6816,0.967,False
Korean,中卦-static,t,-0.394,9,0.6816,0.967,False
Korean,坤卦-static,t͡ʃ,-0.351,7,0.6716,0.967,False
Korean,中卦-static,ɾ,-0.351,8,0.6816,0.967,False
Korean,坤卦-static,ɾ,-0.305,13,0.6816,0.967,False
Korean,離卦-dynamic,ɯ,-0.28,40,0.6368,0.967,False
Korean,坎卦-static,ɐ,-0.231,129,0.6716,0.967,False
Korean,坎卦-static,p,0.229,37,0.6667,0.967,False
Korean,艮卦-dynamic,t͡ʃ,0.225,19,0.6716,0.967,False
Korean,震卦-static,t,0.215,56,0.6468,0.967,False
Korean,中卦-dynamic,ʌ,-0.446,14,0.6866,0.9693,False
Korean,乾卦-dynamic,ɾ,-0.706,3,0.7015,0.9807,False
Korean,震卦-static,ʌ,0.2,74,0.7015,0.9807,False
Korean,震卦-static,b,0.189,14,0.7015,0.9807,False
Korean,乾卦-dynamic,j,0.696,6,0.7065,0.9853,False
Korean,離卦-dynamic,ɾ,-0.226,29,0.7164,0.9968,False
Korean,坎卦-dynamic,m,0.319,17,0.7214,0.9989,False
Korean,巽卦-dynamic,ɐ,0.644,8,0.806,1.0,False
Korean,乾卦-dynamic,m,0.583,8,0.791,1.0,False
Korean,兌卦-static,q,0.566,9,0.7313,1.0,False
Korean,離卦-static,ɐ,-0.496,9,0.7612,1.0,False
Korean,兌卦-static,ŋ,0.475,7,0.791,1.0,False
Korean,兌卦-static,i,-0.444,12,0.7313,1.0,False
Korean,兌卦-static,s,0.396,9,0.801,1.0,False
Korean,乾卦-static,t,-0.389,8,0.7463,1.0,False
Korean,兌卦-static,o,0.386,9,0.8159,1.0,False
Korean,中卦-dynamic,d͡ʑ,0.367,5,0.7463,1.0,False
Korean,中卦-static,w,0.362,7,0.7313,1.0,False
Korean,兌卦-static,ɛ,-0.345,3,0.806,1.0,False
Korean,離卦-static,j,0.337,3,0.8408,1.0,False
Korean,巽卦-static,o,-0.322,17,0.7562,1.0,False
Korean,中卦-static,k,0.303,4,0.7662,1.0,False
Korean,兌卦-static,d,-0.3,5,0.8308,1.0,False
Korean,兌卦-static,ɐ,-0.294,18,0.8905,1.0,False
Korean,兌卦-static,h,0.281,10,0.8706,1.0,False
Korean,乾卦-static,ɐ,-0.274,35,0.7612,1.0,False
Korean,中卦-static,o,0.271,19,0.806,1.0,False
Korean,乾卦-dynamic,ɯ,-0.271,5,0.8806,1.0,False
Korean,中卦-dynamic,i,0.262,24,0.8159,1.0,False
Korean,中卦-dynamic,p͡h,0.243,5,0.796,1.0,False
Korean,坤卦-dynamic,k,-0.235,3,0.7413,1.0,False
Korean,兌卦-static,t,-0.23,5,0.8856,1.0,False
Korean,乾卦-dynamic,t,0.221,7,0.8856,1.0,False
Korean,乾卦-dynamic,ɫ,-0.213,4,0.9104,1.0,False
Korean,坤卦-static,n,-0.212,36,0.7861,1.0,False
Korean,中卦-dynamic,h,0.211,17,0.8557,1.0,False
Korean,中卦-dynamic,d,0.2,12,0.8109,1.0,False
Korean,震卦-dynamic,i,0.2,57,0.801,1.0,False
Korean,坎卦-dynamic,d,0.195,15,0.8408,1.0,False
Korean,中卦-dynamic,t,-0.195,9,0.7811,1.0,False
Korean,中卦-dynamic,ŋ,-0.191,9,0.8458,1.0,False
Korean,坤卦-dynamic,s,0.186,65,0.7264,1.0,False
Korean,坤卦-static,d,-0.185,19,0.796,1.0,False
Korean,巽卦-static,u,0.184,20,0.8308,1.0,False
Korean,坎卦-dynamic,ɛ,0.18,8,0.8458,1.0,False
Korean,兌卦-dynamic,p͡h,-0.175,20,0.7562,1.0,False
Korean,艮卦-dynamic,b,0.171,12,0.8159,1.0,False
Korean,離卦-static,m,0.168,4,0.9005,1.0,False
Korean,中卦-static,t͡ɕ,-0.165,6,0.8209,1.0,False
Korean,坎卦-dynamic,ʌ,0.158,21,0.8905,1.0,False
Korean,巽卦-static,p͡h,-0.153,5,0.8657,1.0,False
Korean,艮卦-dynamic,k,-0.152,4,0.7861,1.0,False
Korean,坎卦-static,n,-0.152,74,0.7662,1.0,False
Korean,離卦-static,d,-0.149,3,0.9602,1.0,False
Korean,兌卦-dynamic,t,-0.149,53,0.796,1.0,False
Korean,兌卦-dynamic,t͡ɕ,-0.149,27,0.7662,1.0,False
Korean,坎卦-static,e,-0.145,23,0.8159,1.0,False
Korean,中卦-static,q,0.145,17,0.8706,1.0,False
Korean,離卦-dynamic,a͡ɪ,0.142,4,0.9154,1.0,False
Korean,離卦-dynamic,z,0.142,4,0.9154,1.0,False
Korean,震卦-static,j,0.141,39,0.8159,1.0,False
Korean,兌卦-dynamic,l,-0.139,12,0.7562,1.0,False
Korean,震卦-static,k,-0.132,5,0.7811,1.0,False
Korean,震卦-dynamic,w,0.129,12,0.8706,1.0,False
Korean,離卦-dynamic,q,-0.124,53,0.8557,1.0,False
Korean,艮卦-static,e,0.118,25,0.8159,1.0,False
Korean,艮卦-static,t,-0.118,37,0.801,1.0,False
Korean,乾卦-dynamic,ʌ,0.116,9,0.9502,1.0,False
Korean,巽卦-dynamic,ʌ,-0.113,3,0.9801,1.0,False
Korean,坎卦-dynamic,j,-0.11,10,0.9104,1.0,False
Korean,震卦-dynamic,k,-0.11,3,0.9104,1.0,False
Korean,巽卦-static,e,-0.108,8,0.9204,1.0,False
Korean,坎卦-static,t͡ʃ,0.107,19,0.8905,1.0,False
Korean,兌卦-dynamic,ɾ,-0.1,39,0.796,1.0,False
Korean,坎卦-dynamic,p,0.099,11,0.9453,1.0,False
Korean,離卦-dynamic,ʌ,0.099,72,0.8557,1.0,False
Korean,巽卦-dynamic,h,-0.096,3,0.9751,1.0,False
Korean,乾卦-static,m,0.094,14,0.8806,1.0,False
Korean,坤卦-dynamic,p,-0.093,37,0.8706,1.0,False
Korean,震卦-dynamic,j,0.09,21,0.8507,1.0,False
Korean,巽卦-static,t,0.086,16,0.9353,1.0,False
Korean,中卦-dynamic,ɫ,0.083,9,0.9502,1.0,False
Korean,乾卦-static,j,-0.082,9,0.9353,1.0,False
Korean,坤卦-dynamic,e,0.081,29,0.8408,1.0,False
Korean,離卦-dynamic,l,-0.081,10,0.8905,1.0,False
Korean,巽卦-static,p,0.078,12,0.9403,1.0,False
Korean,艮卦-dynamic,u,-0.077,49,0.9204,1.0,False
Korean,坤卦-dynamic,t͡ɕ,0.075,24,0.9254,1.0,False
Korean,巽卦-static,ɛ,-0.074,8,0.9701,1.0,False
Korean,艮卦-dynamic,ɡ,0.069,22,0.8905,1.0,False
Korean,震卦-dynamic,ɛ,-0.068,14,0.9403,1.0,False
Korean,中卦-dynamic,t͡ɕ,-0.065,5,0.9602,1.0,False
Korean,離卦-dynamic,d͡ʑ,-0.064,17,0.9154,1.0,False
Korean,坤卦-static,k,-0.058,3,0.9552,1.0,False
Korean,艮卦-dynamic,j,-0.057,31,0.9154,1.0,False
Korean,震卦-static,p͡h,0.055,19,0.9303,1.0,False
Korean,兌卦-dynamic,ɛ,-0.049,33,0.9403,1.0,False
Korean,中卦-static,l,-0.048,3,0.9701,1.0,False
Korean,離卦-dynamic,t͡ɕ,0.047,23,0.9303,1.0,False
Korean,艮卦-static,h,-0.046,60,0.9303,1.0,False
Korean,艮卦-static,b,0.045,11,0.9303,1.0,False
Korean,坎卦-dynamic,w,0.044,6,0.9552,1.0,False
Korean,中卦-static,i,0.044,29,0.9701,1.0,False
Korean,坎卦-dynamic,l,-0.043,3,0.9353,1.0,False
Korean,坎卦-dynamic,ɫ,0.042,11,0.9851,1.0,False
Korean,艮卦-static,k,-0.04,6,0.9701,1.0,False
Korean,震卦-dynamic,d͡ʑ,0.04,10,0.9552,1.0,False
Korean,艮卦-dynamic,d͡ʑ,-0.039,15,0.9303,1.0,False
Korean,坤卦-dynamic,i,-0.033,102,0.9303,1.0,False
Korean,艮卦-dynamic,q,0.033,49,0.9652,1.0,False
Korean,艮卦-dynamic,i,0.031,87,0.9701,1.0,False
Korean,乾卦-static,t͡ʃ,0.029,5,0.9801,1.0,False
Korean,震卦-dynamic,n,0.028,47,0.99,1.0,False
Korean,離卦-static,q,0.028,4,1.0,1.0,False
Korean,中卦-static,ɐ,-0.025,43,0.9801,1.0,False
Korean,坤卦-dynamic,l,-0.024,11,0.9502,1.0,False
Korean,艮卦-static,t͡ʃ,0.02,17,0.9602,1.0,False
Korean,艮卦-static,ŋ,0.017,38,0.9801,1.0,False
Korean,坤卦-static,j,0.013,17,0.995,1.0,False
Korean,艮卦-dynamic,ʌ,0.013,61,0.9652,1.0,False
Korean,坤卦-dynamic,t͡ʃ,0.012,20,0.995,1.0,False
Korean,中卦-static,ɡ,-0.012,7,0.99,1.0,False
Korean,坎卦-static,m,-0.01,49,0.995,1.0,False
Korean,坤卦-static,ɛ,-0.008,12,1.0,1.0,False
Korean,乾卦-static,ɾ,0.008,8,0.995,1.0,False
Russian,離卦-static,ʑ,3.52,6,0.005,0.3198,False
Russian,乾卦-dynamic,t͡s,3.245,7,0.005,0.3198,False
Russian,離卦-static,j͡a,3.152,7,0.005,0.3198,False
Russian,兌卦-dynamic,tʲ,3.112,169,0.005,0.3198,False
Russian,兌卦-dynamic,ʒ,2.915,27,0.005,0.3198,False
Russian,坤卦-static,i,-2.213,37,0.005,0.3198,False
Russian,艮卦-dynamic,bʲ,2.156,7,0.005,0.3198,False
Russian,坤卦-static,o,2.152,53,0.005,0.3198,False
Russian,兌卦-dynamic,ɑ,2.107,97,0.005,0.3198,False
Russian,坤卦-dynamic,x,1.949,24,0.005,0.3198,False
Russian,兌卦-dynamic,v,1.938,46,0.005,0.3198,False
Russian,離卦-dynamic,v,1.861,52,0.005,0.3198,False
Russian,艮卦-static,o,1.719,68,0.005,0.3198,False
Russian,坎卦-static,r,1.713,78,0.005,0.3198,False
Russian,坎卦-dynamic,j͡u,3.767,3,0.01,0.4071,False
Russian,巽卦-dynamic,z,3.236,6,0.01,0.4071,False
Russian,坎卦-dynamic,ʃ,2.981,10,0.01,0.4071,False
Russian,坤卦-static,ɵ,2.694,3,0.01,0.4071,False
Russian,艮卦-static,b,1.785,28,0.01,0.4071,False
Russian,兌卦-dynamic,k,-1.707,22,0.01,0.4071,False
Russian,坎卦-static,e,1.45,46,0.01,0.4071,False
Russian,離卦-static,m,3.318,12,0.0149,0.4198,False
Russian,中卦-static,y,2.489,23,0.0149,0.4198,False
Russian,坤卦-static,j,1.845,43,0.0149,0.4198,False
Russian,離卦-dynamic,dʲ,1.574,23,0.0149,0.4198,False
Russian,坎卦-static,f,1.44,14,0.0149,0.4198,False
Russian,艮卦-dynamic,d,1.348,24,0.0149,0.4198,False
Russian,兌卦-dynamic,j,-1.341,5,0.0149,0.4198,False
Russian,離卦-dynamic,i,1.294,147,0.0149,0.4198,False
Russian,兌卦-dynamic,e,-1.281,22,0.0149,0.4198,False
Russian,坤卦-dynamic,a,-1.196,36,0.0149,0.4198,False
Russian,巽卦-dynamic,ɕ,3.401,3,0.0199,0.4368,False
Russian,中卦-dynamic,ɛ,3.106,5,0.0199,0.4368,False
Russian,中卦-dynamic,b,2.501,7,0.0199,0.4368,False
Russian,坤卦-static,ʌ,1.845,100,0.0199,0.4368,False
Russian,坤卦-dynamic,^,1.74,10,0.0199,0.4368,False
Russian,坤卦-static,t,1.596,50,0.0199,0.4368,False
Russian,離卦-dynamic,ʒ,1.568,21,0.0199,0.4368,False
Russian,兌卦-dynamic,n,-1.472,25,0.0199,0.4368,False
Russian,坎卦-static,ʌ,-1.354,64,0.0199,0.4368,False
Russian,兌卦-static,ɭ,3.14,12,0.0249,0.4569,False
Russian,震卦-dynamic,p,2.119,27,0.0249,0.4569,False
Russian,離卦-dynamic,tʲ,1.504,121,0.0249,0.4569,False
Russian,艮卦-static,pʲ,1.309,12,0.0249,0.4569,False
Russian,兌卦-dynamic,o,-1.279,22,0.0249,0.4569,False
Russian,坤卦-dynamic,d,1.237,39,0.0249,0.4569,False
Russian,乾卦-static,ɡ,1.976,17,0.0299,0.5268,False
Russian,離卦-dynamic,o,-1.44,22,0.0299,0.5268,False
Russian,坎卦-dynamic,f,2.324,5,0.0348,0.5804,False
Russian,艮卦-static,a,1.219,69,0.0348,0.5804,False
Russian,離卦-dynamic,bʲ,1.198,7,0.0348,0.5804,False
Russian,離卦-static,rʲ,2.306,7,0.0398,0.6071,False
Russian,乾卦-static,r,1.745,43,0.0398,0.6071,False
Russian,艮卦-dynamic,z,1.422,25,0.0398,0.6071,False
Russian,兌卦-dynamic,bʲ,1.168,6,0.0398,0.6071,False
Russian,艮卦-static,k,1.115,81,0.0398,0.6071,False
Russian,中卦-static,nʲ,2.022,13,0.0448,0.6297,False
Russian,艮卦-dynamic,o,-1.321,17,0.0448,0.6297,False
Russian,艮卦-dynamic,r,-1.249,28,0.0448,0.6297,False
Russian,坎卦-static,k,1.19,81,0.0448,0.6297,False
Russian,艮卦-static,e,1.155,44,0.0448,0.6297,False
Russian,巽卦-dynamic,u,2.984,12,0.0498,0.6306,False
Russian,中卦-static,j,2.258,23,0.0498,0.6306,False
Russian,乾卦-static,d,-1.643,4,0.0498,0.6306,False
Russian,坤卦-dynamic,ɵ,1.538,4,0.0498,0.6306,False
Russian,震卦-dynamic,n,-1.448,10,0.0498,0.6306,False
Russian,艮卦-static,ʌ,-1.156,70,0.0498,0.6306,False
Russian,震卦-static,z,-1.047,4,0.0498,0.6306,False
Russian,艮卦-dynamic,ɑ,1.336,66,0.0547,0.6481,False
Russian,艮卦-dynamic,mʲ,1.212,14,0.0547,0.6481,False
Russian,離卦-dynamic,e,-1.148,27,0.0547,0.6481,False
Russian,艮卦-dynamic,pʲ,1.14,10,0.0547,0.6481,False
Russian,兌卦-dynamic,m,-1.022,8,0.0547,0.6481,False
Russian,坤卦-static,sʲ,-1.351,3,0.0597,0.6801,False
Russian,坤卦-dynamic,ʌ,0.997,180,0.0597,0.6801,False
Russian,坤卦-dynamic,bʲ,0.896,7,0.0597,0.6801,False
Russian,兌卦-static,t͡ʃʲ,2.717,5,0.0647,0.7099,False
Russian,坎卦-dynamic,t,1.813,20,0.0647,0.7099,False
Russian,坤卦-dynamic,u,-0.978,33,0.0647,0.7099,False
Russian,中卦-static,ɑ,-2.18,5,0.0697,0.7289,False
Russian,坤卦-static,ɪ,1.298,27,0.0697,0.7289,False
Russian,震卦-static,t͡ʃʲ,-0.94,8,0.0697,0.7289,False
Russian,兌卦-static,nʲ,2.677,5,0.0746,0.73,False
Russian,震卦-dynamic,rʲ,1.41,15,0.0746,0.73,False
Russian,坤卦-static,s,1.258,48,0.0746,0.73,False
Russian,兌卦-dynamic,f,-1.001,3,0.0746,0.73,False
Russian,兌卦-dynamic,a,-0.951,32,0.0746,0.73,False
Russian,震卦-static,ɭ,1.169,84,0.0796,0.7621,False
Russian,離卦-dynamic,n,-0.998,42,0.0796,0.7621,False
Russian,艮卦-dynamic,sʲ,-1.163,5,0.0846,0.8013,False
Russian,兌卦-dynamic,r,-0.973,40,0.0896,0.8309,False
Russian,離卦-dynamic,x,-1.072,4,0.0945,0.8341,False
Russian,震卦-static,ɡ,1.041,31,0.0945,0.8341,False
Russian,離卦-dynamic,ɭ,-0.963,19,0.0945,0.8341,False
Russian,坎卦-static,ɭʲ,0.962,28,0.0945,0.8341,False
Russian,坤卦-dynamic,j,0.805,63,0.0945,0.8341,False
Russian,中卦-dynamic,ɪ,2.047,10,0.0995,0.8369,False
Russian,中卦-static,n,1.842,32,0.0995,0.8369,False
Russian,艮卦-dynamic,x,-1.015,3,0.0995,0.8369,False
Russian,離卦-dynamic,ʌ,0.994,155,0.0995,0.8369,False
Russian,巽卦-static,ɭʲ,2.66,5,0.1045,0.8548,False
Russian,兌卦-dynamic,rʲ,0.989,33,0.1045,0.8548,False
Russian,兌卦-dynamic,pʲ,0.836,11,0.1045,0.8548,False
Russian,兌卦-static,ɡ,2.477,4,0.1393,0.8833,False
Russian,中卦-dynamic,r,-1.732,5,0.1343,0.8833,False
Russian,坎卦-dynamic,y,1.654,15,0.1393,0.8833,False
Russian,中卦-static,vʲ,1.505,7,0.1443,0.8833,False
Russian,震卦-dynamic,i,-1.407,29,0.1294,0.8833,False
Russian,震卦-dynamic,e,1.357,20,0.1144,0.8833,False
Russian,震卦-dynamic,sʲ,1.213,10,0.1443,0.8833,False
Russian,乾卦-static,s,1.209,36,0.1194,0.8833,False
Russian,坤卦-static,a,-1.131,18,0.1244,0.8833,False
Russian,艮卦-dynamic,y,-1.031,13,0.1244,0.8833,False
Russian,坤卦-static,vʲ,-1.026,3,0.1343,0.8833,False
Russian,艮卦-static,bʲ,1.009,5,0.1144,0.8833,False
Russian,坤卦-static,rʲ,-0.985,5,0.1443,0.8833,False
Russian,艮卦-dynamic,a,0.955,57,0.1343,0.8833,False
Russian,離卦-dynamic,m,-0.935,11,0.1244,0.8833,False
Russian,離卦-dynamic,b,0.93,28,0.1244,0.8833,False
Russian,離卦-dynamic,ɡ,-0.901,8,0.1294,0.8833,False
Russian,坎卦-static,i,-0.858,75,0.1095,0.8833,False
Russian,坎卦-static,ɭ,-0.854,17,0.1443,0.8833,False
Russian,坎卦-static,a,0.853,61,0.1393,0.8833,False
Russian,坎卦-static,ɪ,-0.832,12,0.1294,0.8833,False
Russian,兌卦-dynamic,mʲ,0.821,15,0.1144,0.8833,False
Russian,震卦-static,pʲ,0.817,13,0.1294,0.8833,False
Russian,坤卦-dynamic,n,0.801,107,0.1443,0.8833,False
Russian,坎卦-static,u,0.801,53,0.1393,0.8833,False
Russian,兌卦-dynamic,t,-0.768,40,0.1443,0.8833,False
Russian,坤卦-dynamic,v,0.767,45,0.1393,0.8833,False
Russian,巽卦-dynamic,ʌ,-1.815,7,0.1542,0.9192,False
Russian,兌卦-dynamic,t͡s,0.807,23,0.1542,0.9192,False
Russian,坎卦-static,mʲ,0.781,13,0.1592,0.9365,False
Russian,震卦-dynamic,ɪ,1.184,16,0.1692,0.9697,False
Russian,兌卦-dynamic,z,0.868,25,0.1692,0.9697,False
Russian,中卦-dynamic,s,1.716,16,0.1741,0.9856,False
Russian,艮卦-static,sʲ,-0.838,8,0.1741,0.9856,False
Russian,巽卦-static,sʲ,1.888,3,0.2239,0.9898,False
Russian,離卦-static,dʲ,1.771,3,0.1791,0.9898,False
Russian,乾卦-dynamic,sʲ,1.748,4,0.2488,0.9898,False
Russian,離卦-static,u,1.711,11,0.2935,0.9898,False
Russian,巽卦-static,k,1.674,10,0.2985,0.9898,False
Russian,離卦-static,i,1.664,19,0.2338,0.9898,False
Russian,中卦-dynamic,j,1.616,12,0.209,0.9898,False
Russian,巽卦-dynamic,p,1.573,7,0.3134,0.9898,False
Russian,兌卦-static,k,1.541,10,0.3134,0.9898,False
Russian,離卦-static,k,1.509,14,0.2985,0.9898,False
Russian,乾卦-dynamic,ɪ,1.477,6,0.3035,0.9898,False
Russian,離卦-static,t,-1.476,4,0.2687,0.9898,False
Russian,巽卦-dynamic,m,1.434,6,0.3134,0.9898,False
Russian,中卦-dynamic,i,-1.433,14,0.2836,0.9898,False
Russian,巽卦-dynamic,t͡ʃʲ,1.4,4,0.3085,0.9898,False
Russian,中卦-dynamic,ʃ,1.38,5,0.2736,0.9898,False
Russian,中卦-dynamic,p,-1.239,3,0.2985,0.9898,False
Russian,中卦-static,a,-1.226,8,0.2338,0.9898,False
Russian,坎卦-dynamic,ɕ,1.189,3,0.2338,0.9898,False
Russian,震卦-dynamic,s,1.189,29,0.1791,0.9898,False
Russian,坎卦-dynamic,n,-1.148,8,0.2786,0.9898,False
Russian,震卦-dynamic,vʲ,1.147,8,0.2239,0.9898,False
Russian,震卦-dynamic,ɭʲ,-1.082,3,0.2239,0.9898,False
Russian,震卦-dynamic,ʑ,1.071,7,0.209,0.9898,False
Russian,乾卦-static,p,-1.059,9,0.2139,0.9898,False
Russian,坎卦-dynamic,e,-1.041,6,0.2587,0.9898,False
Russian,乾卦-static,k,-0.988,19,0.199,0.9898,False
Russian,震卦-dynamic,v,-0.981,6,0.2488,0.9898,False
Russian,震卦-dynamic,o,-0.936,11,0.3035,0.9898,False
Russian,乾卦-static,v,0.909,17,0.2388,0.9898,False
Russian,艮卦-dynamic,m,-0.84,9,0.1891,0.9898,False
Russian,乾卦-static,t,0.839,32,0.2537,0.9898,False
Russian,震卦-dynamic,ʌ,0.832,51,0.2687,0.9898,False
Russian,乾卦-static,vʲ,-0.82,3,0.2637,0.9898,False
Russian,坎卦-static,ɛ,0.782,10,0.194,0.9898,False
Russian,離卦-dynamic,p,0.779,55,0.194,0.9898,False
Russian,離卦-dynamic,u,-0.779,33,0.2139,0.9898,False
Russian,艮卦-dynamic,ʌ,0.77,103,0.2139,0.9898,False
Russian,坤卦-static,r,-0.75,28,0.2587,0.9898,False
Russian,坤卦-static,b,-0.746,7,0.2537,0.9898,False
Russian,離卦-dynamic,k,-0.746,52,0.2239,0.9898,False
Russian,乾卦-static,n,0.741,38,0.3134,0.9898,False
Russian,坎卦-static,vʲ,-0.738,6,0.1841,0.9898,False
Russian,震卦-dynamic,y,0.731,18,0.3085,0.9898,False
Russian,艮卦-static,ɭʲ,0.72,26,0.2189,0.9898,False
Russian,坤卦-dynamic,o,0.716,77,0.194,0.9898,False
Russian,艮卦-static,u,-0.712,27,0.209,0.9898,False
Russian,坎卦-static,b,-0.704,10,0.2388,0.9898,False
Russian,震卦-static,u,-0.702,36,0.1891,0.9898,False
Russian,兌卦-dynamic,i,0.702,116,0.1891,0.9898,False
Russian,坎卦-static,j͡u,0.699,3,0.199,0.9898,False
Russian,坎卦-static,dʲ,-0.697,4,0.209,0.9898,False
Russian,坤卦-dynamic,tʲ,-0.692,24,0.1791,0.9898,False
Russian,離卦-dynamic,ɑ,0.691,81,0.2388,0.9898,False
Russian,坎卦-static,t͡s,0.687,19,0.2388,0.9898,False
Russian,離卦-dynamic,d,0.686,29,0.2985,0.9898,False
Russian,艮卦-dynamic,nʲ,-0.678,10,0.2537,0.9898,False
Russian,艮卦-static,tʲ,-0.669,17,0.2836,0.9898,False
Russian,離卦-dynamic,j,-0.667,21,0.2637,0.9898,False
Russian,震卦-static,ɪ,-0.66,19,0.2438,0.9898,False
Russian,離卦-dynamic,s,-0.659,45,0.2488,0.9898,False
Russian,兌卦-dynamic,d,0.658,25,0.2239,0.9898,False
Russian,兌卦-dynamic,ɪ,-0.656,16,0.2289,0.9898,False
Russian,艮卦-dynamic,rʲ,0.655,23,0.2587,0.9898,False
Russian,坎卦-static,d,0.652,22,0.2239,0.9898,False
Russian,坎卦-static,y,-0.651,20,0.3134,0.9898,False
Russian,艮卦-static,x,-0.638,5,0.2587,0.9898,False
Russian,坤卦-dynamic,k,-0.632,64,0.2189,0.9898,False
Russian,坤卦-dynamic,p,-0.629,34,0.209,0.9898,False
Russian,震卦-static,ʌ,-0.608,110,0.2587,0.9898,False
Russian,坎卦-static,v,-0.606,17,0.2985,0.9898,False
Russian,離卦-dynamic,vʲ,0.602,19,0.2289,0.9898,False
Russian,坤卦-dynamic,vʲ,0.597,22,0.2239,0.9898,False
Russian,艮卦-dynamic,n,-0.595,37,0.2985,0.9898,False
Russian,震卦-static,o,0.589,66,0.2786,0.9898,False
Russian,兌卦-dynamic,ʌ,0.589,124,0.3085,0.9898,False
Russian,坤卦-dynamic,r,0.587,91,0.2587,0.9898,False
Russian,艮卦-static,n,-0.578,42,0.2587,0.9898,False
Russian,坤卦-dynamic,ɪ,-0.566,23,0.2836,0.9898,False
Russian,艮卦-static,mʲ,0.562,12,0.3035,0.9898,False
Russian,艮卦-static,t͡s,-0.548,6,0.3134,0.9898,False
Russian,艮卦-static,v,-0.537,18,0.2935,0.9898,False
Russian,震卦-static,v,-0.524,24,0.3134,0.9898,False
Russian,兌卦-dynamic,ɭ,-0.51,28,0.3134,0.9898,False
Russian,兌卦-static,r,-1.522,3,0.3582,0.9963,False
Russian,乾卦-dynamic,j͡a,1.499,4,0.403,0.9963,False
Russian,巽卦-static,d,1.492,3,0.3881,0.9963,False
Russian,兌卦-static,ɑ,-1.454,3,0.4229,0.9963,False
Russian,巽卦-dynamic,n,-1.436,3,0.3383,0.9963,False
Russian,乾卦-dynamic,vʲ,1.421,3,0.3483,0.9963,False
Russian,離卦-static,e,-1.341,3,0.3483,0.9963,False
Russian,中卦-dynamic,sʲ,1.303,5,0.3184,0.9963,False
Russian,離卦-static,ɭʲ,1.284,5,0.4229,0.9963,False
Russian,巽卦-dynamic,a,1.264,9,0.393,0.9963,False
Russian,乾卦-dynamic,o,-1.255,3,0.4279,0.9963,False
Russian,乾卦-dynamic,e,-1.241,3,0.408,0.9963,False
Russian,中卦-dynamic,ʒ,1.187,3,0.3284,0.9963,False
Russian,中卦-dynamic,n,1.184,17,0.3831,0.9963,False
Russian,中卦-dynamic,t͡ʃʲ,1.152,6,0.3831,0.9963,False
Russian,離卦-static,ʌ,-1.141,11,0.4129,0.9963,False
Russian,離卦-static,ɑ,1.107,11,0.4328,0.9963,False
Russian,坎卦-dynamic,d,-1.087,3,0.3731,0.9963,False
Russian,中卦-static,k,-0.981,12,0.3433,0.9963,False
Russian,坎卦-dynamic,rʲ,0.978,8,0.408,0.9963,False
Russian,坎卦-dynamic,b,0.97,6,0.3731,0.9963,False
Russian,中卦-static,d,-0.97,4,0.3831,0.9963,False
Russian,中卦-static,x,0.948,4,0.3483,0.9963,False
Russian,中卦-static,u,-0.896,8,0.3731,0.9963,False
Russian,中卦-static,v,-0.875,5,0.3731,0.9963,False
Russian,坎卦-dynamic,i,0.859,29,0.4129,0.9963,False
Russian,震卦-dynamic,a,-0.767,14,0.3383,0.9963,False
Russian,乾卦-static,dʲ,0.766,7,0.3632,0.9963,False
Russian,震卦-dynamic,ʃ,0.747,8,0.393,0.9963,False
Russian,乾卦-static,ɡʲ,0.746,3,0.3731,0.9963,False
Russian,坤卦-static,e,-0.71,18,0.3234,0.9963,False
Russian,震卦-dynamic,u,-0.678,12,0.3632,0.9963,False
Russian,坤卦-static,tʲ,-0.669,12,0.3632,0.9963,False
Russian,震卦-dynamic,tʲ,0.659,28,0.4179,0.9963,False
Russian,艮卦-dynamic,j,-0.641,15,0.3582,0.9963,False
Russian,乾卦-static,ɭ,-0.634,12,0.4328,0.9963,False
Russian,坎卦-static,tʲ,-0.63,18,0.3284,0.9963,False
Russian,乾卦-static,tʲ,-0.623,10,0.4129,0.9963,False
Russian,艮卦-dynamic,tʲ,0.619,56,0.3383,0.9963,False
Russian,坤卦-static,nʲ,0.59,17,0.3881,0.9963,False
Russian,坤卦-static,ɭ,-0.56,17,0.4229,0.9963,False
Russian,坤卦-dynamic,j͡u,0.559,4,0.3333,0.9963,False
Russian,艮卦-dynamic,t͡s,0.559,16,0.393,0.9963,False
Russian,離卦-dynamic,ɪ,-0.554,20,0.3781,0.9963,False
Russian,艮卦-static,p,-0.552,24,0.3881,0.9963,False
Russian,坤卦-dynamic,sʲ,-0.55,15,0.3433,0.9963,False
Russian,艮卦-dynamic,k,-0.546,40,0.3682,0.9963,False
Russian,艮卦-static,ɭ,0.536,49,0.3582,0.9963,False
Russian,艮卦-dynamic,v,0.534,25,0.3632,0.9963,False
Russian,兌卦-dynamic,vʲ,0.532,16,0.3731,0.9963,False
Russian,震卦-static,ʃ,0.53,22,0.3184,0.9963,False
Russian,艮卦-dynamic,u,-0.524,27,0.408,0.9963,False
Russian,震卦-static,a,0.51,74,0.3234,0.9963,False
Russian,坎卦-static,ʒ,0.504,10,0.3731,0.9963,False
Russian,震卦-static,dʲ,-0.5,7,0.3383,0.9963,False
Russian,坎卦-static,j,-0.499,19,0.3781,0.9963,False
Russian,艮卦-dynamic,t͡ʃʲ,0.495,19,0.403,0.9963,False
Russian,坎卦-static,p,0.483,38,0.398,0.9963,False
Russian,離卦-dynamic,t͡ʃʲ,-0.481,14,0.3582,0.9963,False
Russian,坤卦-dynamic,ʑ,-0.478,3,0.3682,0.9963,False
Russian,震卦-static,j͡a,0.476,21,0.3532,0.9963,False
Russian,艮卦-static,m,-0.473,16,0.3632,0.9963,False
Russian,艮卦-dynamic,ʒ,-0.473,4,0.4229,0.9963,False
Russian,坎卦-static,^,0.468,3,0.4279,0.9963,False
Russian,震卦-static,ʒ,-0.467,6,0.3881,0.9963,False
Russian,震卦-static,s,0.465,72,0.4229,0.9963,False
Russian,震卦-static,p,0.464,51,0.393,0.9963,False
Russian,震卦-static,ɛ,-0.458,4,0.403,0.9963,False
Russian,兌卦-dynamic,nʲ,-0.455,15,0.3682,0.9963,False
Russian,震卦-static,y,-0.453,31,0.4328,0.9963,False
Russian,離卦-dynamic,y,-0.45,30,0.4229,0.9963,False
Russian,艮卦-static,r,0.446,59,0.398,0.9963,False
Russian,震卦-static,k,0.443,88,0.398,0.9963,False
Russian,坎卦-static,sʲ,0.439,17,0.393,0.9963,False
Russian,離卦-dynamic,ʃ,-0.434,11,0.408,0.9963,False
Russian,震卦-static,tʲ,-0.426,34,0.398,0.9963,False
Russian,震卦-static,e,0.374,48,0.4229,0.9963,False
Russian,巽卦-static,e,1.413,5,0.4478,0.9972,False
Russian,兌卦-static,t,-1.375,3,0.4428,0.9972,False
Russian,兌卦-static,e,1.268,5,0.4478,0.9972,False
Russian,巽卦-static,ɭ,1.247,7,0.4925,0.9972,False
Russian,巽卦-static,ɪ,1.22,4,0.4975,0.9972,False
Russian,乾卦-dynamic,n,1.198,12,0.4876,0.9972,False
Russian,乾卦-dynamic,a,1.126,10,0.4975,0.9972,False
Russian,巽卦-dynamic,t,-1.105,4,0.4975,0.9972,False
Russian,巽卦-dynamic,y,1.07,6,0.5224,0.9972,False
Russian,乾卦-dynamic,p,1.067,7,0.4677,0.9972,False
Russian,巽卦-static,a,1.013,7,0.5373,0.9972,False
Russian,巽卦-static,ʌ,-0.967,8,0.5622,0.9972,False
Russian,乾卦-dynamic,r,0.956,10,0.5821,0.9972,False
Russian,巽卦-dynamic,e,-0.93,3,0.5025,0.9972,False
Russian,坎卦-dynamic,ʑ,0.925,4,0.4378,0.9972,False
Russian,乾卦-dynamic,ɑ,0.925,10,0.5323,0.9972,False
Russian,兌卦-static,i,0.922,12,0.602,0.9972,False
Russian,巽卦-static,n,0.912,8,0.6567,0.9972,False
Russian,乾卦-dynamic,t,0.904,9,0.5075,0.9972,False
Russian,巽卦-static,ɑ,-0.852,4,0.6716,0.9972,False
Russian,兌卦-static,ʌ,0.832,13,0.6667,0.9972,False
Russian,巽卦-dynamic,k,-0.831,5,0.607,0.9972,False
Russian,中卦-static,i,0.829,36,0.4876,0.9972,False
Russian,乾卦-dynamic,s,0.828,9,0.5323,0.9972,False
Russian,巽卦-static,r,0.827,7,0.6269,0.9972,False
Russian,離卦-static,r,-0.825,6,0.6269,0.9972,False
Russian,中卦-dynamic,ɑ,-0.816,8,0.5174,0.9972,False
Russian,中卦-dynamic,a,0.815,13,0.5174,0.9972,False
Russian,兌卦-static,u,0.805,6,0.6219,0.9972,False
Russian,坎卦-dynamic,ɭ,-0.804,5,0.4577,0.9972,False
Russian,巽卦-dynamic,d,0.78,3,0.6119,0.9972,False
Russian,離卦-static,ɭ,-0.773,3,0.592,0.9972,False
Russian,坎卦-dynamic,s,-0.772,9,0.5124,0.9972,False
Russian,坎卦-dynamic,x,0.772,3,0.5174,0.9972,False
Russian,坎卦-dynamic,j,-0.76,4,0.5025,0.9972,False
Russian,巽卦-dynamic,ɑ,-0.76,5,0.592,0.9972,False
Russian,震卦-dynamic,m,-0.753,5,0.4577,0.9972,False
Russian,中卦-dynamic,o,0.727,11,0.5672,0.9972,False
Russian,坎卦-dynamic,j͡a,0.719,5,0.5075,0.9972,False
Russian,乾卦-dynamic,ʌ,-0.705,12,0.6866,0.9972,False
Russian,乾卦-dynamic,j,0.688,6,0.6517,0.9972,False
Russian,坎卦-dynamic,v,0.687,8,0.4577,0.9972,False
Russian,坎卦-dynamic,o,-0.671,8,0.5721,0.9972,False
Russian,震卦-dynamic,z,-0.665,3,0.4677,0.9972,False
Russian,中卦-dynamic,k,-0.656,9,0.5522,0.9972,False
Russian,巽卦-dynamic,r,0.636,8,0.6617,0.9972,False
Russian,乾卦-dynamic,i,-0.621,12,0.6766,0.9972,False
Russian,中卦-static,ɭʲ,-0.615,4,0.5622,0.9972,False
Russian,中卦-dynamic,d,-0.611,3,0.6219,0.9972,False
Russian,乾卦-static,ʌ,0.598,60,0.4677,0.9972,False
Russian,中卦-dynamic,m,0.596,7,0.6418,0.9972,False
Russian,巽卦-static,i,0.594,11,0.7463,0.9972,False
Russian,巽卦-dynamic,ɭ,-0.593,3,0.6965,0.9972,False
Russian,坎卦-dynamic,vʲ,0.591,4,0.6667,0.9972,False
Russian,中卦-static,s,0.577,19,0.592,0.9972,False
Russian,中卦-dynamic,ɭ,-0.577,5,0.602,0.9972,False
Russian,中卦-static,dʲ,0.572,4,0.592,0.9972,False
Russian,坎卦-dynamic,u,-0.568,8,0.5871,0.9972,False
Russian,中卦-static,tʲ,-0.564,7,0.5423,0.9972,False
Russian,中卦-static,ɛ,0.555,3,0.602,0.9972,False
Russian,坎卦-dynamic,m,-0.549,4,0.6617,0.9972,False
Russian,中卦-static,m,-0.547,5,0.5871,0.9972,False
Russian,巽卦-static,v,0.515,3,0.7662,0.9972,False
Russian,震卦-dynamic,dʲ,0.515,5,0.5672,0.9972,False
Russian,坎卦-dynamic,a,-0.511,10,0.6169,0.9972,False
Russian,坎卦-dynamic,tʲ,0.511,16,0.6169,0.9972,False
Russian,離卦-static,j,-0.51,3,0.7164,0.9972,False
Russian,乾卦-static,x,-0.502,3,0.4975,0.9972,False
Russian,中卦-dynamic,y,0.498,8,0.6965,0.9972,False
Russian,坤卦-static,x,-0.486,4,0.4826,0.9972,False
Russian,坤卦-static,u,-0.482,22,0.4577,0.9972,False
Russian,坎卦-dynamic,z,0.474,5,0.7114,0.9972,False
Russian,離卦-static,s,-0.472,6,0.7463,0.9972,False
Russian,坤卦-static,m,0.471,22,0.4677,0.9972,False
Russian,坤卦-static,j͡a,-0.467,4,0.4975,0.9972,False
Russian,坎卦-static,t,0.463,53,0.4478,0.9972,False
Russian,艮卦-static,ɛ,-0.461,3,0.4677,0.9972,False
Russian,乾卦-static,ɪ,-0.461,9,0.5572,0.9972,False
Russian,離卦-dynamic,ɕ,0.454,9,0.4726,0.9972,False
Russian,艮卦-dynamic,ɪ,-0.453,15,0.4378,0.9972,False
Russian,離卦-dynamic,t,-0.451,52,0.5075,0.9972,False
Russian,艮卦-static,vʲ,-0.449,8,0.4627,0.9972,False
Russian,坤卦-static,t͡ʃʲ,-0.446,8,0.4726,0.9972,False
Russian,坤卦-static,k,0.445,47,0.4478,0.9972,False
Russian,離卦-static,p,-0.441,4,0.7562,0.9972,False
Russian,乾卦-static,j,-0.437,11,0.5522,0.9972,False
Russian,艮卦-static,ɡ,0.429,18,0.4776,0.9972,False
Russian,震卦-dynamic,j,-0.424,9,0.6567,0.9972,False
Russian,離卦-dynamic,r,0.423,75,0.4925,0.9972,False
Russian,乾卦-static,mʲ,0.418,6,0.607,0.9972,False
Russian,乾卦-static,t͡s,-0.415,4,0.6468,0.9972,False
Russian,中卦-static,t,0.411,18,0.7413,0.9972,False
Russian,離卦-static,v,-0.411,3,0.7612,0.9972,False
Russian,震卦-static,vʲ,0.408,18,0.4627,0.9972,False
Russian,艮卦-static,rʲ,0.405,23,0.4975,0.9972,False
Russian,坎卦-dynamic,k,-0.405,13,0.6915,0.9972,False
Russian,乾卦-static,sʲ,-0.404,6,0.6169,0.9972,False
Russian,坤卦-static,v,0.403,19,0.5224,0.9972,False
Russian,坎卦-dynamic,mʲ,0.403,3,0.7114,0.9972,False
Russian,震卦-dynamic,ɭ,-0.403,12,0.6269,0.9972,False
Russian,艮卦-dynamic,ɕ,0.401,6,0.5274,0.9972,False
Russian,兌卦-dynamic,s,-0.401,44,0.4975,0.9972,False
Russian,坎卦-static,ɑ,-0.4,44,0.4527,0.9972,False
Russian,艮卦-static,j͡a,0.397,15,0.4577,0.9972,False
Russian,乾卦-static,f,-0.393,3,0.6517,0.9972,False
Russian,坤卦-dynamic,s,-0.392,59,0.4776,0.9972,False
Russian,兌卦-static,n,0.392,7,0.8209,0.9972,False
Russian,坎卦-static,s,-0.389,39,0.4975,0.9972,False
Russian,艮卦-static,ʒ,-0.387,5,0.5075,0.9972,False
Russian,巽卦-static,o,0.386,5,0.8557,0.9972,False
Russian,巽卦-dynamic,o,0.386,6,0.7761,0.9972,False
Russian,乾卦-static,o,0.386,25,0.6816,0.9972,False
Russian,兌卦-static,ɪ,0.385,3,0.7662,0.9972,False
Russian,震卦-dynamic,t,0.384,23,0.6169,0.9972,False
Russian,震卦-dynamic,t͡s,0.384,7,0.6816,0.9972,False
Russian,中卦-static,ʌ,0.383,36,0.7612,0.9972,False
Russian,巽卦-static,u,0.382,5,0.8756,0.9972,False
Russian,中卦-static,ɪ,-0.379,6,0.7363,0.9972,False
Russian,坤卦-static,f,-0.378,4,0.5672,0.9972,False
Russian,艮卦-static,s,-0.376,40,0.5473,0.9972,False
Russian,巽卦-dynamic,tʲ,0.376,7,0.8259,0.9972,False
Russian,坎卦-dynamic,ʌ,-0.371,24,0.7861,0.9972,False
Russian,坤卦-static,z,-0.37,7,0.597,0.9972,False
Russian,離卦-dynamic,pʲ,0.369,10,0.5423,0.9972,False
Russian,坤卦-dynamic,rʲ,-0.368,21,0.4428,0.9972,False
Russian,巽卦-dynamic,i,-0.362,11,0.796,0.9972,False
Russian,坎卦-dynamic,ɭʲ,0.359,6,0.7313,0.9972,False
Russian,坎卦-static,rʲ,-0.356,14,0.5572,0.9972,False
Russian,坎卦-dynamic,p,0.356,10,0.7512,0.9972,False
Russian,震卦-dynamic,r,-0.355,20,0.6915,0.9972,False
Russian,艮卦-static,fʲ,0.354,4,0.6219,0.9972,False
Russian,坎卦-dynamic,ɡ,-0.354,3,0.7662,0.9972,False
Russian,坤卦-static,n,0.35,44,0.6269,0.9972,False
Russian,艮卦-dynamic,e,0.349,32,0.592,0.9972,False
Russian,乾卦-static,ʃ,-0.348,5,0.6567,0.9972,False
Russian,震卦-dynamic,ɑ,0.347,25,0.6169,0.9972,False
Russian,坎卦-static,o,0.345,45,0.5672,0.9972,False
Russian,坎卦-static,ɡ,-0.338,11,0.5423,0.9972,False
Russian,兌卦-static,p,-0.337,3,0.8706,0.9972,False
Russian,中卦-static,ɭ,0.336,15,0.7662,0.9972,False
Russian,震卦-static,d,0.336,27,0.5124,0.9972,False
Russian,兌卦-dynamic,sʲ,-0.333,13,0.4975,0.9972,False
Russian,離卦-dynamic,fʲ,0.332,5,0.6119,0.9972,False
Russian,坤卦-dynamic,i,0.328,145,0.5274,0.9972,False
Russian,中卦-dynamic,t,0.325,11,0.806,0.9972,False
Russian,坎卦-static,t͡ʃʲ,0.309,19,0.5821,0.9972,False
Russian,乾卦-static,ɛ,0.307,4,0.7015,0.9972,False
Russian,中卦-static,e,0.304,12,0.7662,0.9972,False
Russian,兌卦-dynamic,ʑ,-0.304,4,0.607,0.9972,False
Russian,坎卦-static,n,0.303,60,0.5622,0.9972,False
Russian,艮卦-static,kʲ,0.302,6,0.592,0.9972,False
Russian,震卦-static,fʲ,0.3,5,0.5871,0.9972,False
Russian,坤卦-dynamic,t͡s,-0.294,13,0.6567,0.9972,False
Russian,艮卦-dynamic,ʃ,0.291,13,0.6418,0.9972,False
Russian,艮卦-dynamic,dʲ,0.29,9,0.607,0.9972,False
Russian,艮卦-static,t͡ʃʲ,-0.288,13,0.6318,0.9972,False
Russian,兌卦-dynamic,x,0.288,10,0.592,0.9972,False
Russian,震卦-dynamic,k,-0.286,22,0.7313,0.9972,False
Russian,震卦-static,rʲ,-0.285,20,0.5821,0.9972,False
Russian,震卦-static,ʑ,-0.285,5,0.5871,0.9972,False
Russian,乾卦-static,t͡ʃʲ,-0.285,7,0.6667,0.9972,False
Russian,艮卦-dynamic,ɭʲ,0.283,19,0.5821,0.9972,False
Russian,艮卦-static,y,-0.282,26,0.6617,0.9972,False
Russian,中卦-static,t͡s,-0.282,3,0.7662,0.9972,False
Russian,坤卦-dynamic,ɛ,-0.281,6,0.6318,0.9972,False
Russian,震卦-static,sʲ,-0.28,16,0.602,0.9972,False
Russian,艮卦-static,d,0.278,20,0.5871,0.9972,False
Russian,艮卦-static,ɪ,-0.278,19,0.6468,0.9972,False
Russian,乾卦-static,y,-0.278,14,0.6866,0.9972,False
Russian,坤卦-static,ʃ,-0.277,7,0.6667,0.9972,False
Russian,坤卦-dynamic,pʲ,0.277,11,0.5572,0.9972,False
Russian,中卦-dynamic,ʌ,0.277,22,0.8557,0.9972,False
Russian,坤卦-static,ʒ,-0.274,4,0.6567,0.9972,False
Russian,乾卦-static,m,0.272,15,0.7562,0.9972,False
Russian,坤卦-static,ɭʲ,-0.265,11,0.7015,0.9972,False
Russian,兌卦-static,o,-0.265,4,0.8607,0.9972,False
Russian,兌卦-dynamic,t͡ʃʲ,0.263,21,0.5572,0.9972,False
Russian,坎卦-dynamic,t͡s,0.262,4,0.791,0.9972,False
Russian,艮卦-static,ʑ,-0.26,4,0.6716,0.9972,False
Russian,兌卦-dynamic,u,-0.26,39,0.6318,0.9972,False
Russian,離卦-dynamic,ɭʲ,0.258,27,0.6567,0.9972,False
Russian,艮卦-static,t,0.254,51,0.6667,0.9972,False
Russian,離卦-dynamic,f,-0.252,8,0.6667,0.9972,False
Russian,坎卦-static,ʑ,-0.251,4,0.7264,0.9972,False
Russian,坎卦-static,ʃ,0.25,14,0.6468,0.9972,False
Russian,離卦-static,tʲ,-0.249,5,0.8905,0.9972,False
Russian,乾卦-static,z,-0.244,6,0.7214,0.9972,False
Russian,坤卦-dynamic,j͡a,-0.243,12,0.5821,0.9972,False
Russian,艮卦-dynamic,b,-0.243,12,0.6716,0.9972,False
Russian,坎卦-static,pʲ,-0.242,5,0.6866,0.9972,False
Russian,離卦-dynamic,rʲ,0.24,27,0.6965,0.9972,False
Russian,坤卦-dynamic,mʲ,0.233,15,0.6667,0.9972,False
Russian,艮卦-dynamic,i,-0.23,78,0.7662,0.9972,False
Russian,坎卦-dynamic,r,-0.23,13,0.8358,0.9972,False
Russian,震卦-static,b,-0.23,18,0.7065,0.9972,False
Russian,坎卦-static,nʲ,0.229,20,0.7761,0.9972,False
Russian,艮卦-dynamic,t,0.227,45,0.7114,0.9972,False
Russian,震卦-static,i,0.227,127,0.6318,0.9972,False
Russian,坤卦-dynamic,b,0.224,25,0.6716,0.9972,False
Russian,坎卦-dynamic,t͡ʃʲ,0.224,5,0.8159,0.9972,False
Russian,乾卦-dynamic,y,0.22,5,0.8507,0.9972,False
Russian,坤卦-dynamic,ɭ,0.219,62,0.6915,0.9972,False
Russian,坎卦-dynamic,ɑ,-0.214,13,0.8209,0.9972,False
Russian,震卦-dynamic,ɡ,0.214,7,0.7562,0.9972,False
Russian,震卦-dynamic,t͡ʃʲ,-0.213,6,0.796,0.9972,False
Russian,震卦-dynamic,ɛ,0.213,3,0.8607,0.9972,False
Russian,乾卦-dynamic,m,-0.212,3,0.9154,0.9972,False
Russian,艮卦-dynamic,ɡ,-0.208,11,0.7264,0.9972,False
Russian,震卦-static,r,0.206,73,0.6816,0.9972,False
Russian,兌卦-dynamic,ɭʲ,-0.205,18,0.7463,0.9972,False
Russian,坤卦-static,ɕ,0.204,4,0.796,0.9972,False
Russian,震卦-dynamic,b,-0.2,6,0.8408,0.9972,False
Russian,震卦-dynamic,x,-0.198,3,0.8657,0.9972,False
Russian,離卦-dynamic,t͡s,0.197,18,0.7313,0.9972,False
Russian,離卦-dynamic,j͡a,-0.195,11,0.7114,0.9972,False
Russian,兌卦-dynamic,dʲ,-0.188,8,0.7214,0.9972,False
Russian,坤卦-static,d,-0.186,12,0.7264,0.9972,False
Russian,震卦-static,n,-0.185,67,0.7313,0.9972,False
Russian,坤卦-dynamic,kʲ,0.183,8,0.7562,0.9972,False
Russian,震卦-static,mʲ,0.182,13,0.7214,0.9972,False
Russian,坤卦-dynamic,t͡ʃʲ,-0.181,21,0.6866,0.9972,False
Russian,震卦-static,f,0.18,11,0.7015,0.9972,False
Russian,坤卦-dynamic,dʲ,0.177,14,0.7413,0.9972,False
Russian,中卦-static,j͡a,-0.169,3,0.9254,0.9972,False
Russian,坤卦-static,ɡ,-0.168,9,0.8259,0.9972,False
Russian,離卦-dynamic,mʲ,-0.164,10,0.8308,0.9972,False
Russian,震卦-static,kʲ,0.163,7,0.7512,0.9972,False
Russian,震卦-dynamic,pʲ,0.163,3,0.8308,0.9972,False
Russian,艮卦-dynamic,ɭ,0.162,36,0.796,0.9972,False
Russian,坤卦-dynamic,ɡ,-0.16,19,0.7562,0.9972,False
Russian,艮卦-static,i,-0.158,89,0.7811,0.9972,False
Russian,中卦-static,p,-0.158,10,0.8806,0.9972,False
Russian,中卦-static,t͡ʃʲ,0.158,6,0.8905,0.9972,False
Russian,兌卦-dynamic,ʃ,0.155,15,0.7612,0.9972,False
Russian,震卦-static,nʲ,0.153,26,0.6617,0.9972,False
Russian,離卦-static,d,0.153,3,0.9204,0.9972,False
Russian,坤卦-static,p,-0.152,21,0.8507,0.9972,False
Russian,坤卦-dynamic,ɑ,-0.146,73,0.7612,0.9972,False
Russian,離卦-dynamic,nʲ,0.144,25,0.8408,0.9972,False
Russian,坤卦-dynamic,nʲ,0.143,29,0.7761,0.9972,False
Russian,坎卦-static,j͡a,0.142,12,0.8109,0.9972,False
Russian,乾卦-static,ɑ,0.14,29,0.8209,0.9972,False
Russian,乾卦-dynamic,k,-0.138,8,0.9303,0.9972,False
Russian,乾卦-dynamic,ɭ,-0.138,5,0.9154,0.9972,False
Russian,離卦-static,n,0.136,9,0.9303,0.9972,False
Russian,乾卦-static,i,-0.136,48,0.8806,0.9972,False
Russian,兌卦-static,tʲ,-0.134,4,0.9303,0.9972,False
Russian,乾卦-static,pʲ,-0.133,3,0.9005,0.9972,False
Russian,乾卦-static,nʲ,-0.131,9,0.8159,0.9972,False
Russian,乾卦-static,j͡a,-0.129,5,0.8905,0.9972,False
Russian,坤卦-static,ɑ,0.124,38,0.8557,0.9972,False
Russian,離卦-static,o,-0.123,6,0.9204,0.9972,False
Russian,震卦-static,ɭʲ,0.119,26,0.8259,0.9972,False
Russian,乾卦-static,ʑ,0.119,4,0.8955,0.9972,False
Russian,兌卦-dynamic,b,-0.118,16,0.7711,0.9972,False
Russian,坎卦-static,ɡʲ,0.117,3,0.8657,0.9972,False
Russian,震卦-dynamic,f,-0.116,3,0.9055,0.9972,False
Russian,中卦-static,o,-0.115,13,0.9055,0.9972,False
Russian,艮卦-static,nʲ,-0.108,17,0.8856,0.9972,False
Russian,乾卦-static,a,0.108,26,0.8806,0.9972,False
Russian,中卦-dynamic,u,-0.105,8,0.9453,0.9972,False
Russian,巽卦-static,tʲ,-0.102,4,0.9552,0.9972,False
Russian,震卦-static,j,-0.101,35,0.8607,0.9972,False
Russian,離卦-dynamic,ʑ,-0.098,7,0.8607,0.9972,False
Russian,艮卦-static,ɕ,-0.097,4,0.8756,0.9972,False
Russian,艮卦-static,ʃ,0.096,13,0.8806,0.9972,False
Russian,艮卦-static,f,-0.095,7,0.8358,0.9972,False
Russian,中卦-static,r,0.095,18,0.9502,0.9972,False
Russian,中卦-static,sʲ,0.093,5,0.9403,0.9972,False
Russian,坤卦-dynamic,ʃ,-0.091,17,0.8756,0.9972,False
Russian,兌卦-dynamic,p,-0.091,34,0.8358,0.9972,False
Russian,坤卦-dynamic,y,0.09,47,0.8856,0.9972,False
Russian,坤卦-dynamic,ʒ,-0.09,10,0.8259,0.9972,False
Russian,艮卦-dynamic,f,0.089,7,0.8905,0.9972,False
Russian,離卦-static,a,-0.089,7,0.9502,0.9972,False
Russian,乾卦-static,e,-0.086,17,0.8955,0.9972,False
Russian,坤卦-dynamic,z,-0.085,19,0.8607,0.9972,False
Russian,中卦-dynamic,nʲ,0.083,4,0.9602,0.9972,False
Russian,震卦-static,t,-0.083,61,0.8657,0.9972,False
Russian,艮卦-dynamic,ʑ,-0.082,5,0.9005,0.9972,False
Russian,震卦-static,ɡʲ,-0.081,3,0.8856,0.9972,False
Russian,兌卦-dynamic,ɡ,-0.081,15,0.9154,0.9972,False
Russian,兌卦-dynamic,y,0.078,35,0.9104,0.9972,False
Russian,巽卦-dynamic,ɪ,0.074,3,0.9652,0.9972,False
Russian,艮卦-static,j,-0.068,27,0.9005,0.9972,False
Russian,兌卦-static,j,-0.064,3,0.9751,0.9972,False
Russian,中卦-dynamic,e,0.061,7,0.9801,0.9972,False
Russian,震卦-static,m,-0.058,30,0.9104,0.9972,False
Russian,坤卦-static,y,0.054,22,0.9403,0.9972,False
Russian,艮卦-dynamic,j͡a,-0.054,9,0.9453,0.9972,False
Russian,艮卦-dynamic,p,0.052,29,0.9353,0.9972,False
Russian,中卦-static,rʲ,-0.051,6,0.9552,0.9972,False
Russian,中卦-dynamic,rʲ,0.05,4,0.9701,0.9972,False
Russian,坤卦-dynamic,e,0.049,49,0.9204,0.9972,False
Russian,艮卦-dynamic,vʲ,0.049,10,0.8955,0.9972,False
Russian,坤卦-static,mʲ,-0.048,6,0.9751,0.9972,False
Russian,艮卦-dynamic,s,0.048,42,0.9602,0.9972,False
Russian,震卦-static,x,-0.048,10,0.9353,0.9972,False
Russian,乾卦-static,b,-0.047,8,0.9801,0.9972,False
Russian,坤卦-dynamic,m,-0.042,34,0.9353,0.9972,False
Russian,坎卦-static,z,-0.039,13,0.9652,0.9972,False
Russian,離卦-dynamic,z,-0.036,17,0.9353,0.9972,False
Russian,乾卦-dynamic,u,0.036,6,0.9801,0.9972,False
Russian,乾卦-static,u,-0.035,21,0.9652,0.9972,False
Russian,艮卦-static,z,0.034,14,0.9502,0.9972,False
Russian,離卦-dynamic,ɛ,-0.034,7,0.9204,0.9972,False
Russian,震卦-dynamic,d,0.033,8,0.9552,0.9972,False
Russian,震卦-dynamic,nʲ,0.031,8,0.9502,0.9972,False
Russian,坤卦-dynamic,ɡʲ,0.026,4,0.9453,0.9972,False
Russian,震卦-static,ɑ,0.026,69,0.9453,0.9972,False
Russian,離卦-dynamic,a,0.026,60,0.9602,0.9972,False
Russian,乾卦-static,ɭʲ,0.024,10,0.9652,0.9972,False
Russian,坤卦-static,dʲ,0.023,6,0.9751,0.9972,False
Russian,乾卦-static,rʲ,0.023,10,0.9701,0.9972,False
Russian,巽卦-dynamic,v,0.022,3,0.99,0.9972,False
Russian,艮卦-static,ɑ,0.021,52,0.99,0.9972,False
Russian,中卦-static,mʲ,0.021,3,0.99,0.9972,False
Russian,坤卦-dynamic,ɭʲ,-0.017,27,0.9801,0.9972,False
Russian,坤卦-dynamic,f,-0.008,11,0.9801,0.9972,False
Russian,坤卦-dynamic,t,-0.008,70,0.9851,0.9972,False
Russian,巽卦-dynamic,s,0.008,6,0.995,0.9972,False
Russian,離卦-dynamic,sʲ,-0.008,18,0.995,0.9972,False
Russian,坎卦-static,m,-0.007,23,0.995,0.9972,False
Russian,兌卦-dynamic,ɕ,-0.007,5,0.9851,0.9972,False
Russian,坤卦-static,ɛ,-0.002,4,0.995,0.9972,False
Russian,震卦-static,t͡s,0.013,16,1.0,1.0,False
Spanish,離卦-static,ɡ,3.754,6,0.005,0.2687,False
Spanish,乾卦-dynamic,w,3.396,5,0.005,0.2687,False
Spanish,坤卦-static,ʝ,2.778,3,0.005,0.2687,False
Spanish,兌卦-dynamic,ɾ,2.692,279,0.005,0.2687,False
Spanish,離卦-dynamic,ɲ,2.44,13,0.005,0.2687,False
Spanish,離卦-dynamic,f,2.304,29,0.005,0.2687,False
Spanish,坤卦-static,s,2.291,54,0.005,0.2687,False
Spanish,艮卦-static,l,1.706,92,0.005,0.2687,False
Spanish,坤卦-dynamic,ð,1.66,75,0.005,0.2687,False
Spanish,艮卦-static,b,1.647,30,0.005,0.2687,False
Spanish,兌卦-dynamic,j,-1.51,6,0.005,0.2687,False
Spanish,艮卦-static,ʎ,1.43,19,0.005,0.2687,False
Spanish,中卦-dynamic,k,3.107,22,0.01,0.3326,False
Spanish,震卦-dynamic,e,2.231,94,0.01,0.3326,False
Spanish,坤卦-dynamic,j,1.864,66,0.01,0.3326,False
Spanish,離卦-dynamic,ɾ,1.775,204,0.01,0.3326,False
Spanish,艮卦-dynamic,θ,1.726,37,0.01,0.3326,False
Spanish,震卦-static,i,-1.714,45,0.01,0.3326,False
Spanish,坤卦-dynamic,o,1.512,278,0.01,0.3326,False
Spanish,坤卦-dynamic,β,1.38,51,0.01,0.3326,False
Spanish,離卦-static,ŋ,3.46,4,0.0199,0.4506,False
Spanish,中卦-dynamic,m,2.749,15,0.0199,0.4506,False
Spanish,中卦-static,ɛ,2.427,7,0.0199,0.4506,False
Spanish,離卦-dynamic,θ,-1.502,15,0.0199,0.4506,False
Spanish,兌卦-dynamic,θ,-1.374,18,0.0199,0.4506,False
Spanish,震卦-dynamic,o,-1.932,30,0.0249,0.5136,False
Spanish,坎卦-static,u,1.412,35,0.0249,0.5136,False
Spanish,艮卦-dynamic,d,1.409,25,0.0299,0.5515,False
Spanish,艮卦-static,t͡ʃ,1.281,14,0.0299,0.5515,False
Spanish,震卦-static,s,-1.189,37,0.0299,0.5515,False
Spanish,坎卦-dynamic,b,2.207,8,0.0398,0.5821,False
Spanish,震卦-dynamic,ʝ,2.119,3,0.0398,0.5821,False
Spanish,艮卦-dynamic,ð,1.381,41,0.0348,0.5821,False
Spanish,離卦-dynamic,e,1.319,157,0.0348,0.5821,False
Spanish,艮卦-static,θ,1.251,39,0.0398,0.5821,False
Spanish,兌卦-dynamic,o,-1.155,98,0.0398,0.5821,False
Spanish,震卦-static,u,1.042,40,0.0398,0.5821,False
Spanish,艮卦-static,a,0.979,214,0.0398,0.5821,False
Spanish,乾卦-static,o,1.378,92,0.0448,0.6287,False
Spanish,中卦-static,i,1.827,31,0.0498,0.659,False
Spanish,震卦-static,b,1.045,27,0.0498,0.659,False
Spanish,兌卦-static,ɣ,2.948,4,0.0547,0.6624,False
Spanish,離卦-static,t͡ʃ,2.419,3,0.0547,0.6624,False
Spanish,離卦-dynamic,l,-1.235,22,0.0547,0.6624,False
Spanish,艮卦-dynamic,o,-1.105,75,0.0547,0.6624,False
Spanish,坤卦-static,θ,-1.373,7,0.0597,0.676,False
Spanish,乾卦-static,d,1.318,14,0.0597,0.676,False
Spanish,乾卦-static,ʎ,1.308,9,0.0597,0.676,False
Spanish,艮卦-dynamic,j,1.089,31,0.0597,0.676,False
Spanish,坤卦-static,e,-1.488,42,0.0647,0.6985,False
Spanish,離卦-dynamic,p,1.208,60,0.0647,0.6985,False
Spanish,離卦-dynamic,o,-0.983,95,0.0647,0.6985,False
Spanish,巽卦-static,ð,2.119,11,0.0697,0.7086,False
Spanish,震卦-dynamic,l,-1.29,11,0.0697,0.7086,False
Spanish,艮卦-dynamic,n,1.198,72,0.0697,0.7086,False
Spanish,坤卦-dynamic,t,-0.937,79,0.0697,0.7086,False
Spanish,坎卦-dynamic,t͡ʃ,1.866,4,0.0746,0.7176,False
Spanish,乾卦-static,ɲ,1.267,4,0.0746,0.7176,False
Spanish,坎卦-static,a͡ʊ,1.245,4,0.0746,0.7176,False
Spanish,坎卦-static,f,-0.837,4,0.0746,0.7176,False
Spanish,巽卦-static,e,-1.988,16,0.0846,0.733,False
Spanish,坤卦-static,b,1.334,12,0.0846,0.733,False
Spanish,震卦-dynamic,a,1.291,124,0.0846,0.733,False
Spanish,震卦-static,d,0.987,28,0.0796,0.733,False
Spanish,震卦-static,n,0.959,89,0.0846,0.733,False
Spanish,震卦-static,k,-0.933,39,0.0846,0.733,False
Spanish,巽卦-dynamic,x,2.595,3,0.1095,0.746,False
Spanish,中卦-static,x,1.807,10,0.1045,0.746,False
Spanish,中卦-static,a,-1.715,29,0.1045,0.746,False
Spanish,乾卦-static,m,1.392,32,0.0945,0.746,False
Spanish,乾卦-static,p,-1.307,11,0.0995,0.746,False
Spanish,乾卦-static,l,-1.285,10,0.0995,0.746,False
Spanish,震卦-dynamic,d,1.225,15,0.0995,0.746,False
Spanish,震卦-dynamic,k,-1.178,16,0.0995,0.746,False
Spanish,艮卦-static,e,-1.028,104,0.0995,0.746,False
Spanish,離卦-dynamic,ð,-1.027,16,0.1045,0.746,False
Spanish,兌卦-dynamic,a,0.981,245,0.1045,0.746,False
Spanish,艮卦-dynamic,t,-0.979,46,0.1095,0.746,False
Spanish,離卦-dynamic,r,-0.9,6,0.1045,0.746,False
Spanish,震卦-static,β,0.893,33,0.0995,0.746,False
Spanish,艮卦-static,j,-0.859,13,0.0945,0.746,False
Spanish,震卦-static,a,0.849,233,0.1095,0.746,False
Spanish,坤卦-dynamic,b,0.821,32,0.0945,0.746,False
Spanish,兌卦-dynamic,l,-0.817,36,0.1095,0.746,False
Spanish,坤卦-dynamic,d,-0.81,11,0.1095,0.746,False
Spanish,坤卦-dynamic,k,-0.718,58,0.1045,0.746,False
Spanish,中卦-dynamic,n,-1.812,5,0.1194,0.7834,False
Spanish,乾卦-static,j,1.275,19,0.1194,0.7834,False
Spanish,艮卦-dynamic,u,-0.888,15,0.1194,0.7834,False
Spanish,乾卦-static,s,1.251,47,0.1343,0.7991,False
Spanish,艮卦-dynamic,a,0.944,182,0.1343,0.7991,False
Spanish,離卦-dynamic,d,0.909,25,0.1343,0.7991,False
Spanish,艮卦-dynamic,p,-0.905,24,0.1244,0.7991,False
Spanish,離卦-dynamic,ʎ,-0.89,4,0.1343,0.7991,False
Spanish,離卦-dynamic,j,-0.888,13,0.1294,0.7991,False
Spanish,坤卦-dynamic,a͡ʊ,0.838,5,0.1294,0.7991,False
Spanish,艮卦-static,ð,-0.846,18,0.1443,0.825,False
Spanish,震卦-static,ɛ,0.812,16,0.1493,0.825,False
Spanish,離卦-dynamic,t,0.73,83,0.1443,0.825,False
Spanish,艮卦-static,s,-0.722,45,0.1592,0.8467,False
Spanish,巽卦-dynamic,p,2.452,5,0.1642,0.8537,False
Spanish,巽卦-dynamic,r,2.373,3,0.204,0.8537,False
Spanish,巽卦-dynamic,β,2.317,3,0.194,0.8537,False
Spanish,乾卦-dynamic,r,2.169,4,0.1692,0.8537,False
Spanish,乾卦-dynamic,a,-1.924,9,0.199,0.8537,False
Spanish,離卦-static,l,1.704,13,0.204,0.8537,False
Spanish,中卦-dynamic,t,1.553,16,0.1891,0.8537,False
Spanish,坎卦-dynamic,f,1.498,5,0.1791,0.8537,False
Spanish,中卦-dynamic,w,1.475,5,0.1891,0.8537,False
Spanish,中卦-static,d,1.408,8,0.1642,0.8537,False
Spanish,震卦-dynamic,s,1.033,49,0.209,0.8537,False
Spanish,乾卦-static,n,1.023,40,0.2189,0.8537,False
Spanish,坤卦-static,ɾ,-1.015,27,0.1841,0.8537,False
Spanish,坤卦-static,o,0.939,75,0.204,0.8537,False
Spanish,坤卦-static,ɲ,0.922,3,0.194,0.8537,False
Spanish,坤卦-static,a,0.914,94,0.204,0.8537,False
Spanish,坤卦-static,t,0.884,37,0.2139,0.8537,False
Spanish,艮卦-dynamic,k,-0.878,31,0.1791,0.8537,False
Spanish,坤卦-static,r,-0.826,3,0.209,0.8537,False
Spanish,艮卦-static,i,-0.805,59,0.1692,0.8537,False
Spanish,艮卦-static,r,-0.723,8,0.194,0.8537,False
Spanish,離卦-dynamic,x,-0.716,7,0.2189,0.8537,False
Spanish,坤卦-dynamic,a,-0.681,214,0.1791,0.8537,False
Spanish,坤卦-dynamic,p,-0.651,46,0.1891,0.8537,False
Spanish,震卦-static,ɾ,-0.648,88,0.1741,0.8537,False
Spanish,坎卦-static,b,-0.645,7,0.199,0.8537,False
Spanish,坤卦-dynamic,ɾ,-0.641,115,0.1841,0.8537,False
Spanish,坤卦-dynamic,i,-0.628,91,0.204,0.8537,False
Spanish,離卦-dynamic,m,-0.743,29,0.2239,0.8588,False
Spanish,坎卦-static,s,-0.679,41,0.2239,0.8588,False
Spanish,離卦-static,θ,1.639,6,0.2338,0.8639,False
Spanish,坎卦-static,d,0.72,20,0.2289,0.8639,False
Spanish,坤卦-dynamic,u,0.603,46,0.2338,0.8639,False
Spanish,離卦-static,u,1.737,6,0.2388,0.8686,False
Spanish,震卦-static,ʝ,0.663,3,0.2388,0.8686,False
Spanish,巽卦-static,x,1.385,6,0.2537,0.8772,False
Spanish,巽卦-static,m,-1.164,4,0.2687,0.8772,False
Spanish,坎卦-dynamic,ɾ,1.162,38,0.2687,0.8772,False
Spanish,中卦-static,j,1.112,10,0.2637,0.8772,False
Spanish,乾卦-static,ɾ,-0.893,33,0.2488,0.8772,False
Spanish,乾卦-static,a,-0.824,70,0.2587,0.8772,False
Spanish,震卦-dynamic,ɾ,0.752,81,0.2637,0.8772,False
Spanish,艮卦-dynamic,r,0.728,22,0.2637,0.8772,False
Spanish,坎卦-static,t,0.671,71,0.2537,0.8772,False
Spanish,艮卦-dynamic,ʎ,0.665,12,0.2637,0.8772,False
Spanish,艮卦-dynamic,x,-0.6,7,0.2687,0.8772,False
Spanish,震卦-static,f,0.584,17,0.2587,0.8772,False
Spanish,兌卦-dynamic,t,-0.509,70,0.2537,0.8772,False
Spanish,乾卦-dynamic,i,1.589,10,0.2736,0.8811,False
Spanish,坤卦-static,l,-0.722,15,0.2736,0.8811,False
Spanish,坎卦-dynamic,t,-1.297,11,0.2886,0.8846,False
Spanish,乾卦-static,ŋ,0.861,5,0.2836,0.8846,False
Spanish,離卦-dynamic,n,0.695,77,0.2836,0.8846,False
Spanish,艮卦-dynamic,e,0.655,119,0.2836,0.8846,False
Spanish,艮卦-static,t,-0.583,60,0.2886,0.8846,False
Spanish,兌卦-dynamic,k,-0.557,50,0.2786,0.8846,False
Spanish,坎卦-dynamic,r,1.161,7,0.2935,0.892,False
Spanish,坎卦-static,i,0.646,79,0.2935,0.892,False
Spanish,離卦-static,p,-1.379,3,0.2985,0.8955,False
Spanish,坎卦-static,ɣ,0.607,15,0.2985,0.8955,False
Spanish,震卦-static,x,0.533,24,0.2985,0.8955,False
Spanish,兌卦-static,i,1.744,11,0.3085,0.9013,False
Spanish,中卦-dynamic,ʎ,1.213,3,0.3134,0.9013,False
Spanish,中卦-dynamic,θ,-1.165,3,0.3134,0.9013,False
Spanish,中卦-dynamic,ɾ,-1.057,10,0.3184,0.9013,False
Spanish,坤卦-static,β,-0.718,5,0.3085,0.9013,False
Spanish,艮卦-dynamic,s,-0.562,42,0.3184,0.9013,False
Spanish,艮卦-static,u,0.532,31,0.3085,0.9013,False
Spanish,兌卦-dynamic,d,-0.512,12,0.3184,0.9013,False
Spanish,兌卦-dynamic,f,-0.507,8,0.3184,0.9013,False
Spanish,巽卦-dynamic,l,1.686,6,0.3284,0.904,False
Spanish,震卦-dynamic,x,-0.674,4,0.3234,0.904,False
Spanish,坤卦-dynamic,e͡ɪ,0.54,4,0.3234,0.904,False
Spanish,震卦-static,ɣ,0.534,18,0.3284,0.904,False
Spanish,坎卦-static,o,-0.507,99,0.3284,0.904,False
Spanish,震卦-static,ɡ,0.441,13,0.3284,0.904,False
Spanish,兌卦-static,u,1.535,4,0.3333,0.9105,False
Spanish,離卦-dynamic,u,-0.581,21,0.3333,0.9105,False
Spanish,巽卦-dynamic,j,1.891,3,0.403,0.9149,False
Spanish,巽卦-dynamic,a,-1.691,7,0.4229,0.9149,False
Spanish,巽卦-dynamic,o,1.686,13,0.4229,0.9149,False
Spanish,離卦-static,t,1.437,13,0.3433,0.9149,False
Spanish,兌卦-static,p,1.374,6,0.4279,0.9149,False
Spanish,乾卦-dynamic,s,1.343,9,0.403,0.9149,False
Spanish,乾卦-dynamic,e,1.257,14,0.4478,0.9149,False
Spanish,離卦-static,k,1.213,12,0.3532,0.9149,False
Spanish,乾卦-dynamic,β,1.148,3,0.4527,0.9149,False
Spanish,中卦-dynamic,i,-1.11,9,0.3383,0.9149,False
Spanish,坎卦-dynamic,o,-1.081,20,0.3881,0.9149,False
Spanish,巽卦-static,u,-1.074,3,0.408,0.9149,False
Spanish,坎卦-dynamic,i,1.062,22,0.3532,0.9149,False
Spanish,巽卦-static,ɛ,1.017,3,0.4627,0.9149,False
Spanish,巽卦-static,ɣ,1.017,4,0.3731,0.9149,False
Spanish,坎卦-dynamic,p,-1.007,6,0.3632,0.9149,False
Spanish,中卦-static,θ,0.967,10,0.3881,0.9149,False
Spanish,坎卦-dynamic,θ,0.846,8,0.4627,0.9149,False
Spanish,坎卦-dynamic,m,-0.84,6,0.4527,0.9149,False
Spanish,中卦-static,p,-0.824,8,0.4229,0.9149,False
Spanish,中卦-dynamic,p,-0.816,5,0.4328,0.9149,False
Spanish,中卦-static,e,0.814,39,0.4627,0.9149,False
Spanish,坎卦-dynamic,k,0.8,17,0.4577,0.9149,False
Spanish,震卦-dynamic,i,-0.743,33,0.3532,0.9149,False
Spanish,乾卦-static,k,0.694,36,0.3483,0.9149,False
Spanish,震卦-dynamic,n,0.693,41,0.3582,0.9149,False
Spanish,乾卦-static,f,-0.629,3,0.4328,0.9149,False
Spanish,乾卦-static,b,-0.622,4,0.398,0.9149,False
Spanish,震卦-dynamic,u,-0.617,11,0.4378,0.9149,False
Spanish,艮卦-dynamic,ɣ,-0.601,4,0.3582,0.9149,False
Spanish,震卦-dynamic,ɲ,0.596,3,0.3881,0.9149,False
Spanish,震卦-dynamic,m,-0.577,17,0.398,0.9149,False
Spanish,震卦-dynamic,p,0.577,27,0.393,0.9149,False
Spanish,坎卦-static,e,0.568,122,0.403,0.9149,False
Spanish,震卦-dynamic,t,-0.564,33,0.4328,0.9149,False
Spanish,坎卦-static,r,-0.549,9,0.3731,0.9149,False
Spanish,艮卦-static,ɣ,0.521,16,0.3532,0.9149,False
Spanish,坤卦-static,ð,-0.512,10,0.4577,0.9149,False
Spanish,坎卦-static,w,0.512,15,0.3582,0.9149,False
Spanish,乾卦-static,ɡ,0.493,6,0.4627,0.9149,False
Spanish,坤卦-static,i,0.481,38,0.4527,0.9149,False
Spanish,艮卦-dynamic,l,-0.473,34,0.3731,0.9149,False
Spanish,艮卦-static,ɾ,-0.462,88,0.3731,0.9149,False
Spanish,艮卦-static,d,-0.459,11,0.408,0.9149,False
Spanish,艮卦-static,x,-0.445,10,0.3731,0.9149,False
Spanish,坤卦-dynamic,e,-0.434,169,0.3483,0.9149,False
Spanish,艮卦-static,o,0.418,148,0.4328,0.9149,False
Spanish,艮卦-static,k,-0.415,47,0.4378,0.9149,False
Spanish,兌卦-dynamic,s,-0.395,61,0.4478,0.9149,False
Spanish,坤卦-dynamic,f,0.39,20,0.3433,0.9149,False
Spanish,坤卦-dynamic,m,0.385,69,0.4179,0.9149,False
Spanish,坤卦-dynamic,t͡ʃ,-0.384,5,0.4478,0.9149,False
Spanish,兌卦-dynamic,r,-0.376,14,0.4527,0.9149,False
Spanish,艮卦-static,w,-0.33,6,0.4577,0.9149,False
Spanish,坤卦-dynamic,n,0.323,99,0.4627,0.9149,False
Spanish,巽卦-dynamic,m,1.175,4,0.4726,0.9216,False
Spanish,兌卦-dynamic,u,-0.341,26,0.4726,0.9216,False
Spanish,兌卦-dynamic,i,-0.403,77,0.4876,0.9429,False
Spanish,坤卦-dynamic,x,-0.358,16,0.4925,0.9499,False
Spanish,震卦-static,ð,-0.318,28,0.4975,0.9542,False
Spanish,中卦-static,ð,0.803,11,0.5025,0.9585,False
Spanish,乾卦-static,r,-0.55,5,0.5124,0.9644,False
Spanish,離卦-dynamic,i,-0.362,70,0.5124,0.9644,False
Spanish,離卦-dynamic,s,-0.348,56,0.5124,0.9644,False
Spanish,乾卦-static,ɛ,0.495,6,0.5174,0.966,False
Spanish,坎卦-static,n,0.408,62,0.5174,0.966,False
Spanish,震卦-static,e,-0.341,132,0.5224,0.9676,False
Spanish,震卦-static,t,0.325,83,0.5224,0.9676,False
Spanish,兌卦-dynamic,m,0.315,53,0.5224,0.9676,False
Spanish,乾卦-dynamic,k,-1.039,3,0.5274,0.9717,False
Spanish,兌卦-static,s,1.097,9,0.5323,0.9732,False
Spanish,兌卦-static,n,1.03,8,0.592,0.9736,False
Spanish,乾卦-dynamic,p,0.91,5,0.592,0.9736,False
Spanish,兌卦-static,ð,0.832,4,0.607,0.9736,False
Spanish,離卦-static,ɾ,-0.812,10,0.602,0.9736,False
Spanish,中卦-dynamic,l,0.803,12,0.5672,0.9736,False
Spanish,巽卦-static,o,0.792,31,0.5473,0.9736,False
Spanish,兌卦-static,t,0.746,8,0.6866,0.9736,False
Spanish,離卦-static,n,-0.702,7,0.6866,0.9736,False
Spanish,坎卦-dynamic,β,0.629,6,0.5572,0.9736,False
Spanish,巽卦-static,j,-0.627,3,0.6219,0.9736,False
Spanish,巽卦-static,n,0.619,14,0.6219,0.9736,False
Spanish,中卦-dynamic,a,0.613,34,0.5572,0.9736,False
Spanish,巽卦-static,t,0.606,15,0.5572,0.9736,False
Spanish,離卦-static,i,-0.579,9,0.7114,0.9736,False
Spanish,坎卦-dynamic,s,-0.577,11,0.6169,0.9736,False
Spanish,坎卦-dynamic,ʎ,0.552,3,0.6667,0.9736,False
Spanish,巽卦-static,ɾ,-0.542,16,0.6119,0.9736,False
Spanish,坎卦-dynamic,ð,-0.538,5,0.6915,0.9736,False
Spanish,巽卦-static,l,0.499,12,0.6716,0.9736,False
Spanish,中卦-static,f,0.499,4,0.6716,0.9736,False
Spanish,坎卦-dynamic,e,-0.494,26,0.6716,0.9736,False
Spanish,巽卦-static,a,0.491,37,0.6915,0.9736,False
Spanish,坎卦-dynamic,j,-0.464,4,0.6716,0.9736,False
Spanish,離卦-static,o,-0.46,16,0.7114,0.9736,False
Spanish,坤卦-static,ʎ,-0.452,3,0.5572,0.9736,False
Spanish,中卦-dynamic,ð,-0.44,4,0.6915,0.9736,False
Spanish,艮卦-dynamic,i,-0.38,58,0.5821,0.9736,False
Spanish,坤卦-static,m,0.369,21,0.6418,0.9736,False
Spanish,坎卦-static,θ,-0.358,22,0.5423,0.9736,False
Spanish,震卦-dynamic,θ,0.355,17,0.6269,0.9736,False
Spanish,震卦-dynamic,b,-0.325,6,0.6965,0.9736,False
Spanish,兌卦-dynamic,ð,-0.299,29,0.6119,0.9736,False
Spanish,乾卦-static,e,-0.291,59,0.7065,0.9736,False
Spanish,離卦-dynamic,ɡ,-0.289,5,0.602,0.9736,False
Spanish,乾卦-static,t,-0.284,32,0.6617,0.9736,False
Spanish,坤卦-dynamic,ɲ,-0.282,3,0.6368,0.9736,False
Spanish,兌卦-dynamic,ʎ,-0.28,9,0.5721,0.9736,False
Spanish,艮卦-static,p,0.276,45,0.5622,0.9736,False
Spanish,艮卦-static,ɡ,-0.274,5,0.6667,0.9736,False
Spanish,乾卦-static,θ,0.274,15,0.6617,0.9736,False
Spanish,離卦-dynamic,ɛ,-0.272,7,0.6915,0.9736,False
Spanish,坤卦-static,k,0.271,28,0.6816,0.9736,False
Spanish,坎卦-static,k,0.271,56,0.602,0.9736,False
Spanish,艮卦-dynamic,f,0.268,11,0.6567,0.9736,False
Spanish,離卦-dynamic,w,-0.267,7,0.7015,0.9736,False
Spanish,震卦-dynamic,j,-0.263,11,0.6716,0.9736,False
Spanish,坤卦-dynamic,ɛ,-0.262,10,0.5721,0.9736,False
Spanish,坤卦-dynamic,ɣ,-0.245,12,0.5572,0.9736,False
Spanish,坎卦-static,ð,0.242,29,0.6468,0.9736,False
Spanish,坎卦-static,a,-0.234,147,0.7114,0.9736,False
Spanish,震卦-static,l,0.224,63,0.6418,0.9736,False
Spanish,坎卦-static,m,-0.223,33,0.6368,0.9736,False
Spanish,坎卦-static,ŋ,0.219,5,0.7015,0.9736,False
Spanish,兌卦-dynamic,ŋ,-0.21,3,0.6716,0.9736,False
Spanish,坤卦-dynamic,w,-0.208,11,0.6517,0.9736,False
Spanish,兌卦-dynamic,n,-0.205,67,0.6716,0.9736,False
Spanish,坤卦-dynamic,l,0.196,81,0.6567,0.9736,False
Spanish,坤卦-dynamic,r,-0.194,21,0.6468,0.9736,False
Spanish,坤卦-dynamic,θ,0.191,43,0.6866,0.9736,False
Spanish,艮卦-static,m,0.18,44,0.7065,0.9736,False
Spanish,坎卦-dynamic,a,0.501,44,0.7164,0.9747,False
Spanish,坎卦-static,j,-0.157,19,0.7164,0.9747,False
Spanish,兌卦-static,a,-0.566,15,0.7264,0.9806,False
Spanish,巽卦-static,k,-0.403,9,0.7264,0.9806,False
Spanish,坤卦-static,j,-0.251,9,0.7264,0.9806,False
Spanish,乾卦-dynamic,l,0.578,6,0.7313,0.9817,False
Spanish,艮卦-dynamic,m,-0.207,32,0.7313,0.9817,False
Spanish,乾卦-static,i,-0.331,34,0.7363,0.9827,False
Spanish,離卦-dynamic,k,-0.176,54,0.7363,0.9827,False
Spanish,離卦-dynamic,b,-0.15,13,0.7363,0.9827,False
Spanish,震卦-static,t͡ʃ,0.204,8,0.7413,0.9837,False
Spanish,艮卦-dynamic,ɡ,0.193,8,0.7413,0.9837,False
Spanish,離卦-static,e,-0.587,16,0.7463,0.9839,False
Spanish,中卦-static,s,-0.339,15,0.7512,0.9839,False
Spanish,兌卦-dynamic,p,0.185,50,0.7512,0.9839,False
Spanish,兌卦-dynamic,b,0.169,18,0.7463,0.9839,False
Spanish,震卦-static,r,0.164,21,0.7512,0.9839,False
Spanish,離卦-dynamic,a,-0.157,173,0.7512,0.9839,False
Spanish,中卦-static,b,-0.326,3,0.7562,0.9849,False
Spanish,坎卦-static,ɛ,0.204,9,0.7562,0.9849,False
Spanish,震卦-dynamic,w,0.196,7,0.7562,0.9849,False
Spanish,巽卦-static,i,0.413,16,0.7612,0.9859,False
Spanish,兌卦-dynamic,β,0.137,24,0.7612,0.9859,False
Spanish,巽卦-dynamic,i,-0.708,4,0.7662,0.9887,False
Spanish,中卦-static,u,0.341,8,0.7662,0.9887,False
Spanish,兌卦-static,ɾ,-0.603,8,0.796,0.9914,False
Spanish,巽卦-dynamic,ɾ,0.536,9,0.796,0.9914,False
Spanish,乾卦-dynamic,o,0.506,14,0.7761,0.9914,False
Spanish,乾卦-dynamic,m,-0.495,3,0.7711,0.9914,False
Spanish,巽卦-dynamic,k,-0.468,3,0.791,0.9914,False
Spanish,乾卦-dynamic,t,0.413,7,0.8408,0.9914,False
Spanish,離卦-static,m,-0.325,5,0.806,0.9914,False
Spanish,巽卦-static,β,-0.321,3,0.8607,0.9914,False
Spanish,巽卦-static,p,-0.296,7,0.796,0.9914,False
Spanish,坎卦-dynamic,l,-0.283,10,0.8109,0.9914,False
Spanish,中卦-static,o,0.274,39,0.7861,0.9914,False
Spanish,乾卦-dynamic,ɾ,-0.272,9,0.8209,0.9914,False
Spanish,坎卦-dynamic,n,-0.26,13,0.8259,0.9914,False
Spanish,中卦-static,m,-0.259,10,0.8259,0.9914,False
Spanish,中卦-static,t,0.237,20,0.8358,0.9914,False
Spanish,中卦-static,k,0.231,17,0.8259,0.9914,False
Spanish,離卦-static,a,0.23,26,0.8706,0.9914,False
Spanish,乾卦-static,ð,-0.228,13,0.7761,0.9914,False
Spanish,巽卦-static,s,-0.218,11,0.8458,0.9914,False
Spanish,震卦-static,p,0.2,49,0.7761,0.9914,False
Spanish,震卦-dynamic,ʎ,0.196,6,0.8109,0.9914,False
Spanish,中卦-static,r,-0.182,4,0.8408,0.9914,False
Spanish,乾卦-static,u,-0.177,12,0.8259,0.9914,False
Spanish,離卦-dynamic,β,0.176,22,0.791,0.9914,False
Spanish,坎卦-static,β,0.172,19,0.8209,0.9914,False
Spanish,中卦-dynamic,e,0.172,22,0.8607,0.9914,False
Spanish,坎卦-static,l,-0.16,42,0.7811,0.9914,False
Spanish,震卦-dynamic,ɣ,-0.159,5,0.8706,0.9914,False
Spanish,艮卦-static,ŋ,-0.156,3,0.801,0.9914,False
Spanish,坤卦-dynamic,ɡ,-0.146,9,0.801,0.9914,False
Spanish,坎卦-static,x,0.139,15,0.796,0.9914,False
Spanish,震卦-dynamic,ð,0.127,17,0.8607,0.9914,False
Spanish,艮卦-static,β,-0.124,18,0.8706,0.9914,False
Spanish,坎卦-static,p,-0.117,35,0.796,0.9914,False
Spanish,兌卦-dynamic,x,0.116,19,0.8209,0.9914,False
Spanish,坤卦-static,u,0.109,12,0.8756,0.9914,False
Spanish,艮卦-dynamic,ɾ,0.097,99,0.8607,0.9914,False
Spanish,艮卦-dynamic,ɛ,0.093,8,0.8408,0.9914,False
Spanish,離卦-dynamic,ɣ,0.093,12,0.8607,0.9914,False
Spanish,坎卦-static,ɡ,-0.086,6,0.8607,0.9914,False
Spanish,坤卦-dynamic,s,0.082,95,0.8756,0.9914,False
Spanish,震卦-static,m,0.07,47,0.8408,0.9914,False
Spanish,兌卦-static,o,-0.249,12,0.8806,0.9935,False
Spanish,中卦-dynamic,s,-0.186,10,0.9104,0.9935,False
Spanish,巽卦-static,θ,-0.185,5,0.9104,0.9935,False
Spanish,兌卦-static,e,-0.184,12,0.9403,0.9935,False
Spanish,兌卦-static,k,0.177,6,0.9204,0.9935,False
Spanish,離卦-static,j,-0.169,3,0.9254,0.9935,False
Spanish,巽卦-dynamic,e,-0.161,8,0.9602,0.9935,False
Spanish,中卦-static,l,0.153,15,0.9204,0.9935,False
Spanish,坤卦-static,p,0.118,19,0.8955,0.9935,False
Spanish,艮卦-dynamic,w,0.11,10,0.8955,0.9935,False
Spanish,中卦-static,ɾ,-0.102,29,0.9403,0.9935,False
Spanish,乾卦-static,x,-0.091,7,0.9254,0.9935,False
Spanish,坤卦-static,ɡ,-0.086,3,0.9055,0.9935,False
Spanish,震卦-static,j,0.081,27,0.9055,0.9935,False
Spanish,坤卦-static,w,0.076,5,0.9104,0.9935,False
Spanish,坎卦-dynamic,u,0.064,6,0.9552,0.9935,False
Spanish,中卦-dynamic,o,-0.062,22,0.9652,0.9935,False
Spanish,震卦-dynamic,t͡ʃ,-0.062,3,0.9453,0.9935,False
Spanish,乾卦-static,ɣ,-0.062,5,0.9154,0.9935,False
Spanish,震卦-dynamic,β,0.061,11,0.9502,0.9935,False
Spanish,兌卦-dynamic,ɣ,0.061,13,0.9055,0.9935,False
Spanish,兌卦-dynamic,ɡ,-0.06,8,0.9453,0.9935,False
Spanish,坤卦-static,f,0.056,5,0.9353,0.9935,False
Spanish,艮卦-dynamic,β,0.039,17,0.9602,0.9935,False
Spanish,坤卦-static,n,0.038,28,0.9552,0.9935,False
Spanish,兌卦-dynamic,t͡ʃ,0.038,7,0.9403,0.9935,False
Spanish,坎卦-static,ɾ,0.033,100,0.9502,0.9935,False
Spanish,震卦-static,w,-0.031,11,0.9403,0.9935,False
Spanish,震卦-dynamic,r,-0.031,9,0.9652,0.9935,False
Spanish,震卦-static,o,0.03,148,0.9652,0.9935,False
Spanish,震卦-static,ʎ,0.026,11,0.9403,0.9935,False
Spanish,艮卦-static,f,0.024,11,0.9602,0.9935,False
Spanish,震卦-static,θ,-0.015,31,0.9552,0.9935,False
Spanish,兌卦-dynamic,e,-0.02,143,0.9751,0.9964,False
Spanish,震卦-dynamic,f,0.019,6,0.995,0.9964,False
Spanish,中卦-dynamic,j,0.018,4,0.995,0.9964,False
Spanish,艮卦-static,n,-0.015,62,0.9851,0.9964,False
Spanish,中卦-static,n,-0.014,17,0.99,0.9964,False
Spanish,離卦-static,s,0.013,9,0.995,0.9964,False
Spanish,艮卦-dynamic,b,-0.009,12,0.9801,0.9964,False
Swahili,坤卦-static,s,2.971,42,0.005,0.2239,False
Swahili,乾卦-static,h,2.756,9,0.005,0.2239,False
Swahili,坎卦-dynamic,ŋ,2.698,15,0.005,0.2239,False
Swahili,震卦-dynamic,e,2.63,59,0.005,0.2239,False
Swahili,坤卦-static,f,2.366,24,0.005,0.2239,False
Swahili,中卦-static,w,2.35,15,0.005,0.2239,False
Swahili,離卦-dynamic,ʃ,2.346,24,0.005,0.2239,False
Swahili,震卦-dynamic,l,2.154,29,0.005,0.2239,False
Swahili,艮卦-dynamic,ʃ,1.899,27,0.005,0.2239,False
Swahili,震卦-static,a,-1.705,165,0.005,0.2239,False
Swahili,兌卦-dynamic,p,1.619,36,0.005,0.2239,False
Swahili,坤卦-static,a,1.572,149,0.005,0.2239,False
Swahili,乾卦-static,j,2.963,5,0.01,0.2828,False
Swahili,坎卦-dynamic,ɡ,1.791,18,0.01,0.2828,False
Swahili,坤卦-dynamic,l,1.497,58,0.01,0.2828,False
Swahili,兌卦-dynamic,k,1.453,108,0.01,0.2828,False
Swahili,兌卦-dynamic,a,1.364,257,0.01,0.2828,False
Swahili,艮卦-static,t,1.309,39,0.01,0.2828,False
Swahili,艮卦-dynamic,p,1.004,35,0.01,0.2828,False
Swahili,中卦-static,ð,3.059,3,0.0149,0.3358,False
Swahili,坎卦-dynamic,f,1.634,11,0.0149,0.3358,False
Swahili,兌卦-dynamic,ʃ,1.415,18,0.0149,0.3358,False
Swahili,震卦-dynamic,w,-1.392,5,0.0149,0.3358,False
Swahili,離卦-dynamic,ŋ,1.099,26,0.0149,0.3358,False
Swahili,中卦-dynamic,k,-1.965,4,0.0199,0.3467,False
Swahili,坎卦-dynamic,m,-1.426,10,0.0199,0.3467,False
Swahili,艮卦-static,p,1.424,24,0.0199,0.3467,False
Swahili,坎卦-static,m,1.255,107,0.0199,0.3467,False
Swahili,坎卦-static,ɡ,1.063,40,0.0199,0.3467,False
Swahili,艮卦-dynamic,e,1.053,94,0.0199,0.3467,False
Swahili,乾卦-dynamic,z,2.833,5,0.0299,0.4885,False
Swahili,離卦-dynamic,a,0.869,227,0.0299,0.4885,False
Swahili,坤卦-dynamic,h,1.055,33,0.0348,0.5373,False
Swahili,巽卦-dynamic,ɟ,3.122,3,0.0448,0.5597,False
Swahili,巽卦-dynamic,u,2.927,14,0.0398,0.5597,False
Swahili,離卦-dynamic,θ,2.533,3,0.0398,0.5597,False
Swahili,巽卦-static,b,2.418,4,0.0498,0.5597,False
Swahili,乾卦-static,ɲ,1.964,4,0.0498,0.5597,False
Swahili,中卦-static,h,1.847,10,0.0498,0.5597,False
Swahili,離卦-dynamic,ð,1.693,7,0.0498,0.5597,False
Swahili,中卦-dynamic,p,1.633,7,0.0448,0.5597,False
Swahili,艮卦-static,m,-0.976,32,0.0448,0.5597,False
Swahili,艮卦-dynamic,ɲ,-0.953,4,0.0498,0.5597,False
Swahili,艮卦-dynamic,b,0.85,63,0.0498,0.5597,False
Swahili,坤卦-dynamic,m,0.773,117,0.0498,0.5597,False
Swahili,坎卦-dynamic,l,1.348,15,0.0547,0.5795,False
Swahili,坎卦-static,k,-0.911,45,0.0547,0.5795,False
Swahili,離卦-static,o,3.708,3,0.0796,0.6054,False
Swahili,兌卦-static,v,3.0,3,0.0746,0.6054,False
Swahili,巽卦-static,i,2.617,13,0.0697,0.6054,False
Swahili,巽卦-dynamic,k,2.572,7,0.0597,0.6054,False
Swahili,中卦-dynamic,ɲ,1.623,4,0.0746,0.6054,False
Swahili,乾卦-static,r,1.564,9,0.0697,0.6054,False
Swahili,中卦-dynamic,u,-1.392,4,0.0647,0.6054,False
Swahili,震卦-dynamic,j,1.328,8,0.0796,0.6054,False
Swahili,震卦-dynamic,m,-1.018,21,0.0597,0.6054,False
Swahili,艮卦-static,f,1.017,19,0.0697,0.6054,False
Swahili,震卦-dynamic,a,0.975,117,0.0796,0.6054,False
Swahili,坤卦-static,m,-0.866,27,0.0746,0.6054,False
Swahili,坎卦-static,ŋ,0.859,23,0.0746,0.6054,False
Swahili,離卦-dynamic,t͡ʃ,-0.845,3,0.0647,0.6054,False
Swahili,兌卦-dynamic,m,-0.802,50,0.0746,0.6054,False
Swahili,震卦-static,o,0.783,112,0.0746,0.6054,False
Swahili,離卦-dynamic,m,-0.761,49,0.0796,0.6054,False
Swahili,中卦-static,a,1.258,65,0.0846,0.6343,False
Swahili,巽卦-static,t͡ʃ,2.861,4,0.0995,0.6474,False
Swahili,乾卦-static,i,1.285,37,0.0995,0.6474,False
Swahili,震卦-dynamic,p,0.905,13,0.0945,0.6474,False
Swahili,離卦-dynamic,s,-0.714,15,0.0896,0.6474,False
Swahili,坤卦-dynamic,f,-0.701,7,0.0995,0.6474,False
Swahili,兌卦-dynamic,ɲ,-0.69,5,0.0896,0.6474,False
Swahili,艮卦-dynamic,k,0.685,110,0.0945,0.6474,False
Swahili,離卦-dynamic,k,0.665,84,0.0995,0.6474,False
Swahili,艮卦-static,k,-0.643,39,0.0995,0.6474,False
Swahili,坤卦-dynamic,j,0.804,15,0.1045,0.6637,False
Swahili,離卦-dynamic,l,-0.704,11,0.1045,0.6637,False
Swahili,震卦-dynamic,u,-0.862,25,0.1144,0.6644,False
Swahili,艮卦-static,r,0.833,29,0.1095,0.6644,False
Swahili,艮卦-dynamic,ɟ,-0.731,9,0.1095,0.6644,False
Swahili,離卦-dynamic,p,0.687,23,0.1144,0.6644,False
Swahili,兌卦-dynamic,i,-0.611,120,0.1144,0.6644,False
Swahili,艮卦-dynamic,i,-0.6,150,0.1144,0.6644,False
Swahili,中卦-dynamic,a,1.269,49,0.1244,0.6853,False
Swahili,艮卦-static,ð,1.146,4,0.1244,0.6853,False
Swahili,坤卦-dynamic,t͡ʃ,-0.684,8,0.1244,0.6853,False
Swahili,震卦-static,h,-0.681,4,0.1194,0.6853,False
Swahili,艮卦-static,a,-0.624,128,0.1244,0.6853,False
Swahili,乾卦-static,w,1.385,8,0.1343,0.694,False
Swahili,中卦-dynamic,r,1.226,9,0.1393,0.694,False
Swahili,乾卦-static,k,-1.2,7,0.1542,0.694,False
Swahili,中卦-static,e,-1.12,3,0.1443,0.694,False
Swahili,坎卦-dynamic,w,0.928,13,0.1493,0.694,False
Swahili,坎卦-dynamic,e,-0.887,6,0.1493,0.694,False
Swahili,坎卦-dynamic,u,0.839,49,0.1542,0.694,False
Swahili,震卦-dynamic,t,0.757,22,0.1393,0.694,False
Swahili,震卦-dynamic,n,-0.741,12,0.1493,0.694,False
Swahili,坤卦-static,n,0.737,39,0.1294,0.694,False
Swahili,坤卦-static,e,-0.73,13,0.1443,0.694,False
Swahili,坤卦-static,i,0.686,103,0.1343,0.694,False
Swahili,艮卦-static,b,-0.675,12,0.1443,0.694,False
Swahili,離卦-dynamic,i,-0.647,113,0.1393,0.694,False
Swahili,兌卦-dynamic,s,-0.632,17,0.1493,0.694,False
Swahili,兌卦-dynamic,r,-0.63,18,0.1443,0.694,False
Swahili,艮卦-dynamic,t͡ʃ,-0.625,10,0.1493,0.694,False
Swahili,坤卦-dynamic,ŋ,-0.618,8,0.1393,0.694,False
Swahili,坎卦-static,ɲ,0.602,13,0.1542,0.694,False
Swahili,兌卦-dynamic,ɟ,-0.598,9,0.1393,0.694,False
Swahili,坤卦-dynamic,b,0.54,52,0.1493,0.694,False
Swahili,中卦-dynamic,t,-1.081,3,0.1642,0.6981,False
Swahili,坤卦-static,j,0.783,7,0.1592,0.6981,False
Swahili,坤卦-static,d,-0.656,6,0.1642,0.6981,False
Swahili,坤卦-static,p,-0.636,4,0.1642,0.6981,False
Swahili,艮卦-static,h,-0.617,3,0.1642,0.6981,False
Swahili,震卦-static,ɡ,0.548,40,0.1642,0.6981,False
Swahili,乾卦-static,m,1.124,19,0.1741,0.707,False
Swahili,中卦-static,s,0.977,11,0.1741,0.707,False
Swahili,離卦-dynamic,z,0.569,30,0.1741,0.707,False
Swahili,坤卦-dynamic,d,-0.516,18,0.1692,0.707,False
Swahili,巽卦-dynamic,t͡ʃ,1.65,3,0.1841,0.7256,False
Swahili,艮卦-static,z,-0.674,8,0.1841,0.7256,False
Swahili,巽卦-dynamic,ɡ,1.958,3,0.1891,0.7297,False
Swahili,乾卦-dynamic,s,1.711,4,0.2139,0.7297,False
Swahili,中卦-dynamic,w,1.025,8,0.199,0.7297,False
Swahili,中卦-dynamic,m,0.935,20,0.199,0.7297,False
Swahili,中卦-static,i,0.835,49,0.2189,0.7297,False
Swahili,坎卦-dynamic,r,-0.797,5,0.209,0.7297,False
Swahili,坤卦-static,w,-0.671,11,0.204,0.7297,False
Swahili,震卦-dynamic,ɡ,0.666,17,0.1891,0.7297,False
Swahili,坤卦-static,b,0.655,26,0.2189,0.7297,False
Swahili,坤卦-static,u,-0.65,36,0.199,0.7297,False
Swahili,坎卦-static,ɟ,0.632,24,0.204,0.7297,False
Swahili,坤卦-static,k,-0.615,31,0.199,0.7297,False
Swahili,兌卦-dynamic,u,0.58,136,0.199,0.7297,False
Swahili,兌卦-dynamic,o,-0.512,33,0.2139,0.7297,False
Swahili,兌卦-dynamic,l,0.506,32,0.2139,0.7297,False
Swahili,坤卦-dynamic,r,-0.488,24,0.2139,0.7297,False
Swahili,坎卦-static,u,-0.479,70,0.2139,0.7297,False
Swahili,艮卦-dynamic,z,-0.471,18,0.2189,0.7297,False
Swahili,震卦-static,m,0.468,108,0.2189,0.7297,False
Swahili,震卦-static,t,0.447,49,0.2189,0.7297,False
Swahili,坎卦-static,v,-0.603,4,0.2239,0.7372,False
Swahili,震卦-static,n,0.432,73,0.2239,0.7372,False
Swahili,兌卦-static,b,1.757,4,0.2289,0.74,False
Swahili,巽卦-dynamic,i,-1.469,4,0.2289,0.74,False
Swahili,坎卦-static,t͡ʃ,-0.51,10,0.2289,0.74,False
Swahili,坎卦-dynamic,k,0.727,29,0.2338,0.7472,False
Swahili,乾卦-dynamic,a,-1.696,10,0.2388,0.7541,False
Swahili,兌卦-dynamic,b,-0.484,21,0.2488,0.7547,False
Swahili,兌卦-dynamic,d,-0.458,17,0.2438,0.7547,False
Swahili,坤卦-dynamic,t,-0.432,31,0.2488,0.7547,False
Swahili,震卦-dynamic,b,-0.685,8,0.2587,0.7761,False
Swahili,坎卦-static,r,0.539,34,0.2587,0.7761,False
Swahili,坤卦-static,o,-0.611,16,0.2637,0.7781,False
Swahili,兌卦-static,m,1.6,7,0.2736,0.7818,False
Swahili,中卦-dynamic,n,0.835,14,0.2687,0.7818,False
Swahili,中卦-static,ɟ,0.77,7,0.2736,0.7818,False
Swahili,艮卦-dynamic,h,-0.458,8,0.2736,0.7818,False
Swahili,震卦-static,s,-0.407,25,0.2736,0.7818,False
Swahili,艮卦-static,j,0.61,8,0.2786,0.7836,False
Swahili,坤卦-static,l,-0.543,8,0.2786,0.7836,False
Swahili,坤卦-static,r,-0.527,11,0.2786,0.7836,False
Swahili,乾卦-dynamic,r,1.748,4,0.2836,0.7894,False
Swahili,乾卦-static,ɟ,0.883,5,0.2836,0.7894,False
Swahili,離卦-dynamic,f,0.464,19,0.2886,0.791,False
Swahili,兌卦-static,e,1.492,5,0.2985,0.8125,False
Swahili,震卦-dynamic,ŋ,0.551,10,0.3085,0.8125,False
Swahili,離卦-dynamic,ɡ,0.46,30,0.3085,0.8125,False
Swahili,坤卦-dynamic,ð,0.449,4,0.3035,0.8125,False
Swahili,艮卦-dynamic,m,0.394,108,0.3085,0.8125,False
Swahili,坤卦-dynamic,ʃ,-0.39,5,0.3035,0.8125,False
Swahili,艮卦-dynamic,t,0.334,48,0.3085,0.8125,False
Swahili,艮卦-static,e,0.43,41,0.3184,0.8227,False
Swahili,艮卦-dynamic,n,-0.418,43,0.3184,0.8227,False
Swahili,震卦-static,z,0.414,35,0.3184,0.8227,False
Swahili,震卦-dynamic,o,-0.511,16,0.3284,0.8403,False
Swahili,震卦-static,ŋ,0.408,23,0.3333,0.8451,False
Swahili,中卦-static,l,-0.695,3,0.3532,0.8592,False
Swahili,坎卦-dynamic,ʃ,0.674,4,0.3483,0.8592,False
Swahili,震卦-dynamic,ɟ,-0.498,5,0.3483,0.8592,False
Swahili,坤卦-static,t,0.48,23,0.3433,0.8592,False
Swahili,震卦-dynamic,d,-0.473,8,0.3532,0.8592,False
Swahili,坎卦-static,o,0.384,70,0.3532,0.8592,False
Swahili,坤卦-dynamic,e,0.372,66,0.3483,0.8592,False
Swahili,艮卦-dynamic,ŋ,0.368,23,0.3532,0.8592,False
Swahili,震卦-static,e,0.363,67,0.3532,0.8592,False
Swahili,震卦-dynamic,i,-0.446,62,0.3582,0.8635,False
Swahili,坎卦-static,l,0.428,29,0.3682,0.8644,False
Swahili,震卦-static,w,-0.334,29,0.3682,0.8644,False
Swahili,兌卦-static,t͡ʃ,1.403,3,0.3731,0.8652,False
Swahili,坎卦-static,f,-0.398,9,0.3781,0.8652,False
Swahili,艮卦-dynamic,s,-0.34,27,0.3781,0.8652,False
Swahili,震卦-static,f,-0.298,13,0.3781,0.8652,False
Swahili,兌卦-static,i,-1.257,5,0.393,0.867,False
Swahili,中卦-static,t,-0.6,6,0.3881,0.867,False
Swahili,坎卦-dynamic,t͡ʃ,-0.57,3,0.403,0.867,False
Swahili,震卦-static,ð,0.428,4,0.403,0.867,False
Swahili,坤卦-dynamic,u,-0.379,95,0.3831,0.867,False
Swahili,震卦-static,ʃ,0.354,12,0.3881,0.867,False
Swahili,震卦-static,r,-0.352,27,0.398,0.867,False
Swahili,離卦-dynamic,ɲ,-0.347,7,0.398,0.867,False
Swahili,兌卦-dynamic,n,-0.337,37,0.403,0.867,False
Swahili,離卦-dynamic,d,-0.336,20,0.403,0.867,False
Swahili,艮卦-static,o,0.321,51,0.393,0.867,False
Swahili,坎卦-static,t,0.305,36,0.3881,0.867,False
Swahili,坤卦-dynamic,s,0.301,38,0.403,0.867,False
Swahili,中卦-static,r,-0.535,5,0.4179,0.868,False
Swahili,離卦-dynamic,v,-0.375,7,0.4179,0.868,False
Swahili,艮卦-static,t͡ʃ,-0.358,10,0.4129,0.868,False
Swahili,艮卦-dynamic,a,-0.346,236,0.4129,0.868,False
Swahili,坤卦-dynamic,ɡ,-0.343,20,0.4129,0.868,False
Swahili,乾卦-dynamic,m,1.121,8,0.4229,0.8716,False
Swahili,中卦-static,o,-0.553,8,0.4279,0.8719,False
Swahili,艮卦-dynamic,w,-0.319,30,0.4279,0.8719,False
Swahili,乾卦-static,t,-0.622,4,0.4328,0.8754,False
Swahili,坎卦-static,b,0.333,37,0.4428,0.8791,False
Swahili,艮卦-dynamic,f,-0.321,13,0.4378,0.8791,False
Swahili,坎卦-static,s,-0.307,21,0.4428,0.8791,False
Swahili,坤卦-dynamic,k,-0.305,75,0.4428,0.8791,False
Swahili,坤卦-dynamic,n,-0.309,45,0.4478,0.8824,False
Swahili,兌卦-dynamic,ɡ,0.329,29,0.4527,0.889,False
Swahili,坤卦-dynamic,ɲ,0.31,14,0.4627,0.8891,False
Swahili,坎卦-static,i,-0.295,128,0.4627,0.8891,False
Swahili,震卦-static,p,-0.291,14,0.4577,0.8891,False
Swahili,中卦-dynamic,ŋ,0.552,4,0.4726,0.8986,False
Swahili,坤卦-dynamic,ɣ,0.514,3,0.4826,0.8986,False
Swahili,震卦-dynamic,k,0.379,39,0.4876,0.8986,False
Swahili,坤卦-static,h,0.349,10,0.4876,0.8986,False
Swahili,坤卦-static,ɟ,-0.338,7,0.4876,0.8986,False
Swahili,坎卦-static,z,-0.32,16,0.4876,0.8986,False
Swahili,震卦-static,l,-0.313,22,0.4726,0.8986,False
Swahili,艮卦-static,ɡ,0.269,20,0.4726,0.8986,False
Swahili,乾卦-dynamic,l,1.032,3,0.5025,0.9045,False
Swahili,震卦-dynamic,f,0.357,9,0.4975,0.9045,False
Swahili,離卦-dynamic,h,0.348,17,0.4975,0.9045,False
Swahili,兌卦-dynamic,t,0.238,37,0.5025,0.9045,False
Swahili,中卦-dynamic,f,0.531,4,0.5075,0.9104,False
Swahili,乾卦-dynamic,i,0.842,14,0.5274,0.9157,False
Swahili,乾卦-dynamic,u,0.82,11,0.5672,0.9157,False
Swahili,乾卦-static,o,-0.48,6,0.5572,0.9157,False
Swahili,乾卦-static,u,-0.468,13,0.5771,0.9157,False
Swahili,中卦-dynamic,o,-0.442,7,0.5124,0.9157,False
Swahili,中卦-static,m,-0.404,16,0.5821,0.9157,False
Swahili,中卦-static,n,-0.403,9,0.5771,0.9157,False
Swahili,坎卦-dynamic,ɲ,0.393,4,0.5274,0.9157,False
Swahili,震卦-dynamic,s,0.369,16,0.5224,0.9157,False
Swahili,坎卦-dynamic,o,-0.357,13,0.5771,0.9157,False
Swahili,震卦-dynamic,r,0.349,16,0.5174,0.9157,False
Swahili,坎卦-dynamic,ɟ,0.347,7,0.5522,0.9157,False
Swahili,坎卦-dynamic,s,-0.346,7,0.602,0.9157,False
Swahili,坎卦-dynamic,n,-0.336,12,0.5821,0.9157,False
Swahili,震卦-dynamic,t͡ʃ,-0.336,7,0.5871,0.9157,False
Swahili,艮卦-static,ɟ,0.298,15,0.5174,0.9157,False
Swahili,兌卦-dynamic,ŋ,-0.259,11,0.5522,0.9157,False
Swahili,震卦-static,v,-0.246,11,0.5323,0.9157,False
Swahili,震卦-static,t͡ʃ,-0.244,20,0.5423,0.9157,False
Swahili,艮卦-dynamic,j,-0.241,6,0.602,0.9157,False
Swahili,艮卦-dynamic,r,0.238,39,0.5721,0.9157,False
Swahili,震卦-static,k,0.227,93,0.5622,0.9157,False
Swahili,震卦-static,j,-0.224,6,0.5423,0.9157,False
Swahili,坤卦-dynamic,z,-0.223,22,0.5323,0.9157,False
Swahili,艮卦-static,ŋ,0.223,12,0.5871,0.9157,False
Swahili,坎卦-static,e,-0.221,36,0.5572,0.9157,False
Swahili,離卦-dynamic,t,0.215,35,0.5572,0.9157,False
Swahili,艮卦-dynamic,ɡ,0.192,33,0.5771,0.9157,False
Swahili,兌卦-static,a,-0.669,10,0.607,0.9179,False
Swahili,乾卦-static,n,-0.42,6,0.6119,0.9179,False
Swahili,中卦-static,u,-0.349,21,0.6119,0.9179,False
Swahili,巽卦-static,d,1.012,3,0.6318,0.9262,False
Swahili,乾卦-dynamic,k,-0.639,4,0.6468,0.9262,False
Swahili,乾卦-static,a,-0.346,33,0.6468,0.9262,False
Swahili,中卦-static,k,-0.338,16,0.6517,0.9262,False
Swahili,艮卦-static,w,0.305,23,0.6517,0.9262,False
Swahili,坤卦-static,v,-0.259,5,0.6219,0.9262,False
Swahili,坎卦-static,j,0.248,8,0.6269,0.9262,False
Swahili,坎卦-static,w,-0.219,24,0.6517,0.9262,False
Swahili,離卦-dynamic,o,-0.205,45,0.6468,0.9262,False
Swahili,兌卦-dynamic,h,-0.205,10,0.6468,0.9262,False
Swahili,坤卦-dynamic,v,0.202,18,0.6517,0.9262,False
Swahili,中卦-static,z,-0.404,4,0.6567,0.9283,False
Swahili,兌卦-dynamic,f,-0.192,12,0.6567,0.9283,False
Swahili,乾卦-static,b,0.382,7,0.6617,0.9305,False
Swahili,艮卦-dynamic,o,-0.18,60,0.6617,0.9305,False
Swahili,離卦-dynamic,ɟ,0.218,19,0.6766,0.9417,False
Swahili,離卦-dynamic,b,-0.205,26,0.6716,0.9417,False
Swahili,艮卦-static,ɲ,-0.192,6,0.6766,0.9417,False
Swahili,震卦-static,d,-0.165,32,0.6766,0.9417,False
Swahili,震卦-dynamic,h,0.258,8,0.6816,0.9437,False
Swahili,艮卦-dynamic,l,0.182,33,0.7015,0.959,False
Swahili,震卦-static,ɟ,0.15,23,0.7065,0.9634,False
Swahili,中卦-static,ɲ,0.294,3,0.7164,0.9696,False
Swahili,中卦-dynamic,i,0.319,32,0.7214,0.9739,False
Swahili,坤卦-static,z,0.172,14,0.7264,0.9757,False
Swahili,乾卦-dynamic,t͡ʃ,0.856,3,0.7562,0.9819,False
Swahili,兌卦-static,u,0.372,7,0.8259,0.9819,False
Swahili,巽卦-static,m,0.351,4,0.8756,0.9819,False
Swahili,兌卦-static,o,0.312,4,0.8308,0.9819,False
Swahili,巽卦-static,a,-0.28,9,0.8657,0.9819,False
Swahili,巽卦-static,k,-0.266,3,0.8507,0.9819,False
Swahili,乾卦-static,s,-0.259,4,0.7811,0.9819,False
Swahili,中卦-static,v,0.233,4,0.7761,0.9819,False
Swahili,中卦-dynamic,z,0.229,5,0.796,0.9819,False
Swahili,乾卦-dynamic,n,-0.207,3,0.8806,0.9819,False
Swahili,中卦-static,b,-0.203,7,0.791,0.9819,False
Swahili,中卦-dynamic,b,0.2,7,0.8259,0.9819,False
Swahili,兌卦-static,n,0.196,3,0.8706,0.9819,False
Swahili,艮卦-static,l,0.182,19,0.7463,0.9819,False
Swahili,震卦-dynamic,z,0.164,12,0.7612,0.9819,False
Swahili,艮卦-static,ʃ,0.155,6,0.7662,0.9819,False
Swahili,中卦-dynamic,ɡ,0.155,5,0.8458,0.9819,False
Swahili,坤卦-static,ɲ,0.148,6,0.7612,0.9819,False
Swahili,坎卦-dynamic,a,-0.148,64,0.8308,0.9819,False
Swahili,乾卦-static,e,-0.148,7,0.8756,0.9819,False
Swahili,艮卦-dynamic,v,-0.145,13,0.7612,0.9819,False
Swahili,坎卦-dynamic,t,-0.139,10,0.8507,0.9819,False
Swahili,坤卦-dynamic,i,0.135,186,0.7363,0.9819,False
Swahili,艮卦-static,s,-0.125,18,0.7761,0.9819,False
Swahili,中卦-static,ŋ,0.123,4,0.8856,0.9819,False
Swahili,坎卦-dynamic,d,-0.122,9,0.8458,0.9819,False
Swahili,離卦-dynamic,e,0.12,46,0.791,0.9819,False
Swahili,坎卦-static,p,-0.118,13,0.7662,0.9819,False
Swahili,兌卦-dynamic,z,0.115,24,0.796,0.9819,False
Swahili,坎卦-static,ʃ,-0.11,6,0.801,0.9819,False
Swahili,中卦-dynamic,e,-0.11,8,0.8458,0.9819,False
Swahili,坤卦-static,t͡ʃ,-0.105,11,0.8507,0.9819,False
Swahili,離卦-dynamic,r,0.105,28,0.796,0.9819,False
Swahili,中卦-static,d,0.104,9,0.8607,0.9819,False
Swahili,震卦-static,u,0.101,131,0.8358,0.9819,False
Swahili,艮卦-static,u,-0.099,69,0.8159,0.9819,False
Swahili,兌卦-dynamic,w,-0.093,27,0.8856,0.9819,False
Swahili,艮卦-static,v,-0.092,8,0.8806,0.9819,False
Swahili,震卦-static,ɲ,-0.089,11,0.8557,0.9819,False
Swahili,兌卦-dynamic,t͡ʃ,-0.086,20,0.8308,0.9819,False
Swahili,坤卦-dynamic,ɟ,-0.074,19,0.8756,0.9819,False
Swahili,坤卦-dynamic,a,0.071,245,0.8806,0.9819,False
Swahili,離卦-dynamic,n,0.067,47,0.8557,0.9819,False
Swahili,艮卦-dynamic,d,-0.061,37,0.8657,0.9819,False
Swahili,艮卦-static,d,0.057,24,0.8806,0.9819,False
Swahili,震卦-static,i,0.055,185,0.8756,0.9819,False
Swahili,離卦-dynamic,w,-0.077,26,0.8905,0.9829,False
Swahili,震卦-static,b,-0.056,37,0.8905,0.9829,False
Swahili,巽卦-dynamic,a,-0.205,10,0.9104,0.9872,False
Swahili,中卦-dynamic,ɟ,-0.11,3,0.9104,0.9872,False
Swahili,離卦-dynamic,u,-0.064,94,0.9104,0.9872,False
Swahili,乾卦-dynamic,e,-0.125,3,0.9204,0.992,False
Swahili,艮卦-static,i,0.047,109,0.9254,0.9934,False
Swahili,艮卦-static,n,-0.036,33,0.9254,0.9934,False
Swahili,中卦-dynamic,s,-0.081,5,0.9403,0.9991,False
Swahili,中卦-dynamic,t͡ʃ,-0.056,4,0.9403,0.9991,False
Swahili,坤卦-dynamic,w,0.031,34,0.9453,0.9991,False
Swahili,坎卦-static,d,-0.031,29,0.9602,0.9991,False
Swahili,坎卦-static,a,-0.03,191,0.9453,0.9991,False
Swahili,坎卦-dynamic,i,0.027,49,0.9602,0.9991,False
Swahili,坎卦-static,n,-0.02,44,0.9602,0.9991,False
Swahili,巽卦-dynamic,o,0.046,3,0.9801,1.0,False
Swahili,乾卦-static,l,-0.027,4,0.9652,1.0,False
Swahili,中卦-dynamic,d,-0.02,6,0.9701,1.0,False
Swahili,兌卦-dynamic,e,-0.02,44,0.9751,1.0,False
Swahili,中卦-static,ɡ,0.017,6,0.99,1.0,False
Swahili,艮卦-dynamic,u,0.013,128,0.9801,1.0,False
Swahili,坎卦-dynamic,p,0.012,5,0.9851,1.0,False
Swahili,坤卦-dynamic,p,-0.01,18,0.99,1.0,False
Swahili,坤卦-static,ʃ,-0.009,4,1.0,1.0,False
Swahili,坎卦-dynamic,v,-0.005,4,0.995,1.0,False
Swahili,兌卦-static,k,-0.005,4,0.995,1.0,False
Swahili,坤卦-dynamic,o,-0.002,67,0.99,1.0,False
Thai,離卦-static,o,3.585,13,0.005,0.2799,False
Thai,兌卦-static,ɜ,3.438,20,0.01,0.2799,False
Thai,中卦-dynamic,w,3.259,8,0.01,0.2799,False
Thai,中卦-static,ɹ,2.8,30,0.01,0.2799,False
Thai,兌卦-dynamic,j,2.414,55,0.005,0.2799,False
Thai,坎卦-dynamic,e,2.4,67,0.005,0.2799,False
Thai,震卦-static,n,2.317,193,0.005,0.2799,False
Thai,坎卦-dynamic,d,2.314,32,0.01,0.2799,False
Thai,兌卦-dynamic,a,-2.214,231,0.005,0.2799,False
Thai,坤卦-static,s,2.149,107,0.005,0.2799,False
Thai,震卦-static,ɡ,1.814,78,0.005,0.2799,False
Thai,震卦-static,ɜ,-1.708,69,0.005,0.2799,False
Thai,艮卦-static,ɡ,1.66,74,0.01,0.2799,False
Thai,兌卦-dynamic,u,1.634,57,0.01,0.2799,False
Thai,艮卦-static,k,1.466,116,0.01,0.2799,False
Thai,艮卦-static,j,-1.464,13,0.01,0.2799,False
Thai,震卦-dynamic,t,2.147,44,0.0149,0.3053,False
Thai,坤卦-static,b,1.929,19,0.0149,0.3053,False
Thai,兌卦-dynamic,e,1.663,106,0.0149,0.3053,False
Thai,兌卦-dynamic,ɹ,-1.647,7,0.0149,0.3053,False
Thai,離卦-dynamic,h,1.119,204,0.0149,0.3053,False
Thai,坤卦-dynamic,ɡ,1.104,92,0.0149,0.3053,False
Thai,坎卦-dynamic,s,-2.095,42,0.0199,0.3317,False
Thai,坤卦-static,h,-1.862,37,0.0199,0.3317,False
Thai,震卦-dynamic,a͡i,1.808,18,0.0199,0.3317,False
Thai,坤卦-static,ɡ,1.801,32,0.0199,0.3317,False
Thai,震卦-dynamic,h,1.56,91,0.0199,0.3317,False
Thai,離卦-static,l,2.336,17,0.0249,0.3998,False
Thai,坤卦-static,k,-1.754,24,0.0299,0.4478,False
Thai,震卦-static,e,-1.297,57,0.0299,0.4478,False
Thai,兌卦-dynamic,p,1.335,59,0.0348,0.5055,False
Thai,乾卦-dynamic,f,3.032,4,0.0547,0.524,False
Thai,巽卦-dynamic,ʔ,2.868,11,0.0448,0.524,False
Thai,坎卦-dynamic,p,1.701,36,0.0498,0.524,False
Thai,震卦-dynamic,a,-1.623,155,0.0398,0.524,False
Thai,震卦-dynamic,c,1.534,24,0.0547,0.524,False
Thai,坤卦-static,j,1.502,23,0.0498,0.524,False
Thai,坤卦-static,l,-1.502,6,0.0498,0.524,False
Thai,離卦-dynamic,t,1.216,87,0.0547,0.524,False
Thai,艮卦-static,m,-1.13,59,0.0498,0.524,False
Thai,艮卦-dynamic,k,1.105,108,0.0498,0.524,False
Thai,震卦-static,t,1.098,71,0.0448,0.524,False
Thai,坤卦-dynamic,w,1.032,71,0.0448,0.524,False
Thai,震卦-static,c,-1.03,10,0.0547,0.524,False
Thai,艮卦-dynamic,t,1.014,68,0.0547,0.524,False
Thai,艮卦-static,r,-0.943,7,0.0547,0.524,False
Thai,震卦-static,j,-0.918,21,0.0547,0.524,False
Thai,兌卦-dynamic,w,-1.293,11,0.0597,0.5373,False
Thai,離卦-dynamic,n,-1.075,90,0.0597,0.5373,False
Thai,艮卦-static,u,0.908,58,0.0597,0.5373,False
Thai,乾卦-dynamic,m,2.473,14,0.0647,0.5491,False
Thai,坤卦-dynamic,j,0.994,71,0.0647,0.5491,False
Thai,離卦-dynamic,p,0.962,79,0.0647,0.5491,False
Thai,兌卦-dynamic,k,-1.167,55,0.0697,0.5699,False
Thai,坎卦-dynamic,n,-1.553,26,0.0746,0.579,False
Thai,坤卦-static,n,1.303,65,0.0746,0.579,False
Thai,兌卦-dynamic,c,0.988,32,0.0746,0.579,False
Thai,乾卦-dynamic,r,2.749,6,0.0796,0.597,False
Thai,兌卦-dynamic,ʔ,0.957,67,0.0796,0.597,False
Thai,兌卦-static,c,2.508,6,0.0846,0.6106,False
Thai,兌卦-static,k,2.508,13,0.0896,0.6106,False
Thai,中卦-dynamic,b,2.399,5,0.0896,0.6106,False
Thai,兌卦-static,a͡i,2.357,4,0.0846,0.6106,False
Thai,坎卦-dynamic,h,1.412,79,0.0896,0.6106,False
Thai,離卦-dynamic,o,-0.99,3,0.0896,0.6106,False
Thai,兌卦-dynamic,a͡i,0.974,22,0.0945,0.6255,False
Thai,艮卦-static,n,0.944,144,0.0945,0.6255,False
Thai,艮卦-dynamic,r,-0.865,8,0.0995,0.6397,False
Thai,坤卦-dynamic,t,-0.856,56,0.0995,0.6397,False
Thai,坤卦-dynamic,o,-0.857,6,0.1045,0.653,False
Thai,坤卦-dynamic,n,0.694,200,0.1045,0.653,False
Thai,兌卦-dynamic,r,1.003,28,0.1095,0.6747,False
Thai,艮卦-dynamic,b,-0.962,15,0.1144,0.6958,False
Thai,乾卦-static,ɹ,1.273,28,0.1194,0.707,False
Thai,離卦-dynamic,c,0.884,46,0.1194,0.707,False
Thai,中卦-static,p,1.702,27,0.1294,0.7368,False
Thai,離卦-static,h,-1.624,22,0.1294,0.7368,False
Thai,離卦-dynamic,m,-0.87,78,0.1294,0.7368,False
Thai,坤卦-static,p,-1.058,10,0.1393,0.7836,False
Thai,坤卦-dynamic,ʔ,-0.729,60,0.1443,0.8015,False
Thai,坎卦-static,a͡i,-0.892,7,0.1493,0.8191,False
Thai,坤卦-static,w,-1.078,7,0.1592,0.833,False
Thai,離卦-dynamic,u,0.87,69,0.1592,0.833,False
Thai,震卦-static,i,-0.734,15,0.1592,0.833,False
Thai,離卦-static,i,1.784,10,0.1692,0.8458,False
Thai,中卦-static,a,1.594,143,0.1692,0.8458,False
Thai,離卦-dynamic,r,0.777,38,0.1692,0.8458,False
Thai,坤卦-dynamic,a͡i,-0.704,15,0.1642,0.8458,False
Thai,坎卦-dynamic,u,1.056,27,0.1791,0.8484,False
Thai,坎卦-dynamic,r,-0.962,3,0.1791,0.8484,False
Thai,坎卦-static,u,0.754,47,0.1791,0.8484,False
Thai,坤卦-dynamic,k,0.707,151,0.1741,0.8484,False
Thai,中卦-static,ʔ,-1.389,8,0.1891,0.8593,False
Thai,坎卦-static,ɡ,0.826,48,0.1891,0.8593,False
Thai,離卦-dynamic,w,-0.813,25,0.1841,0.8593,False
Thai,坎卦-static,j,-0.809,19,0.1891,0.8593,False
Thai,坤卦-dynamic,e,-0.588,110,0.194,0.8731,False
Thai,乾卦-dynamic,s,2.187,26,0.209,0.8754,False
Thai,中卦-dynamic,m,2.129,13,0.2289,0.8754,False
Thai,兌卦-static,m,-1.915,4,0.3035,0.8754,False
Thai,兌卦-static,e,-1.885,4,0.2338,0.8754,False
Thai,兌卦-static,d,1.736,6,0.2388,0.8754,False
Thai,中卦-static,n,-1.422,21,0.2289,0.8754,False
Thai,中卦-static,h,1.387,59,0.2587,0.8754,False
Thai,巽卦-static,r,1.371,7,0.2985,0.8754,False
Thai,離卦-static,a,1.274,96,0.2886,0.8754,False
Thai,離卦-static,d,-1.231,3,0.2985,0.8754,False
Thai,離卦-static,b,-1.17,3,0.3035,0.8754,False
Thai,離卦-static,j,-1.16,4,0.2985,0.8754,False
Thai,坎卦-dynamic,b,1.003,16,0.2139,0.8754,False
Thai,乾卦-static,h,-0.977,51,0.2886,0.8754,False
Thai,乾卦-static,b,-0.934,7,0.2139,0.8754,False
Thai,坎卦-dynamic,a,-0.933,149,0.2587,0.8754,False
Thai,震卦-dynamic,ɡ,-0.912,10,0.2189,0.8754,False
Thai,乾卦-static,k,-0.907,33,0.2935,0.8754,False
Thai,震卦-dynamic,l,-0.888,12,0.2338,0.8754,False
Thai,坎卦-dynamic,ʔ,0.861,36,0.3035,0.8754,False
Thai,坎卦-static,b,-0.73,15,0.2637,0.8754,False
Thai,兌卦-dynamic,m,-0.712,55,0.2289,0.8754,False
Thai,坎卦-static,i,-0.695,13,0.2786,0.8754,False
Thai,震卦-static,a,-0.688,347,0.2289,0.8754,False
Thai,離卦-dynamic,f,-0.687,3,0.2587,0.8754,False
Thai,兌卦-dynamic,o,-0.674,5,0.2587,0.8754,False
Thai,坎卦-static,a,0.671,335,0.2637,0.8754,False
Thai,離卦-dynamic,l,-0.662,33,0.2836,0.8754,False
Thai,艮卦-dynamic,w,0.66,42,0.2289,0.8754,False
Thai,震卦-static,d,-0.643,23,0.2189,0.8754,False
Thai,坎卦-static,s,0.625,169,0.2587,0.8754,False
Thai,艮卦-static,a͡i,-0.622,11,0.2587,0.8754,False
Thai,艮卦-dynamic,a͡i,-0.607,11,0.2836,0.8754,False
Thai,兌卦-dynamic,s,-0.604,122,0.3035,0.8754,False
Thai,震卦-static,h,0.601,157,0.3035,0.8754,False
Thai,兌卦-dynamic,h,0.595,125,0.3035,0.8754,False
Thai,兌卦-dynamic,t,-0.595,34,0.2786,0.8754,False
Thai,離卦-dynamic,j,0.594,51,0.2388,0.8754,False
Thai,震卦-static,p,-0.591,34,0.2836,0.8754,False
Thai,震卦-static,s,0.58,199,0.2786,0.8754,False
Thai,艮卦-static,c,-0.551,17,0.2935,0.8754,False
Thai,坤卦-dynamic,d,-0.546,36,0.2687,0.8754,False
Thai,艮卦-static,a,-0.516,350,0.3035,0.8754,False
Thai,巽卦-static,n,1.249,27,0.3184,0.89,False
Thai,離卦-dynamic,k,-0.583,95,0.3184,0.89,False
Thai,坤卦-dynamic,ɹ,-0.565,42,0.3134,0.89,False
Thai,艮卦-dynamic,p,-0.552,34,0.3184,0.89,False
Thai,巽卦-dynamic,u,1.687,6,0.3483,0.8955,False
Thai,兌卦-static,i,1.618,4,0.3483,0.8955,False
Thai,中卦-dynamic,a,1.518,42,0.3433,0.8955,False
Thai,巽卦-static,u,-1.079,4,0.3582,0.8955,False
Thai,乾卦-static,d,0.919,22,0.3333,0.8955,False
Thai,乾卦-static,a,0.849,181,0.3383,0.8955,False
Thai,坎卦-dynamic,t,-0.841,17,0.3433,0.8955,False
Thai,乾卦-static,p,-0.829,13,0.3333,0.8955,False
Thai,坎卦-dynamic,j,-0.802,10,0.3532,0.8955,False
Thai,坤卦-static,t,-0.677,17,0.3433,0.8955,False
Thai,震卦-dynamic,r,0.66,15,0.3582,0.8955,False
Thai,坎卦-static,l,-0.609,24,0.3582,0.8955,False
Thai,坤卦-static,u,-0.605,13,0.3582,0.8955,False
Thai,離卦-dynamic,a,-0.546,420,0.3582,0.8955,False
Thai,離卦-dynamic,ɡ,-0.517,34,0.3383,0.8955,False
Thai,艮卦-dynamic,d,0.489,41,0.3532,0.8955,False
Thai,坤卦-dynamic,b,-0.477,30,0.3284,0.8955,False
Thai,坤卦-dynamic,r,-0.437,21,0.3333,0.8955,False
Thai,中卦-static,i,1.127,12,0.3731,0.9026,False
Thai,離卦-static,ʔ,1.096,20,0.3632,0.9026,False
Thai,離卦-static,ɡ,-1.035,4,0.3781,0.9026,False
Thai,中卦-static,b,-0.984,5,0.3731,0.9026,False
Thai,坤卦-static,e,-0.679,30,0.3831,0.9026,False
Thai,艮卦-static,d,-0.509,25,0.3831,0.9026,False
Thai,離卦-dynamic,ɜ,0.496,154,0.3781,0.9026,False
Thai,震卦-static,o,-0.445,9,0.3682,0.9026,False
Thai,兌卦-dynamic,n,-0.43,78,0.3831,0.9026,False
Thai,坤卦-dynamic,i,0.406,41,0.3731,0.9026,False
Thai,乾卦-static,ʔ,-0.848,17,0.398,0.9138,False
Thai,乾卦-static,l,0.715,22,0.393,0.9138,False
Thai,震卦-dynamic,ɜ,-0.549,50,0.398,0.9138,False
Thai,艮卦-dynamic,j,0.537,41,0.393,0.9138,False
Thai,離卦-dynamic,a͡i,0.495,27,0.398,0.9138,False
Thai,巽卦-static,ɹ,-1.183,3,0.403,0.9199,False
Thai,乾卦-static,j,0.727,20,0.4129,0.9199,False
Thai,坤卦-static,r,0.588,12,0.4129,0.9199,False
Thai,艮卦-dynamic,s,-0.487,154,0.408,0.9199,False
Thai,艮卦-dynamic,l,0.45,44,0.4129,0.9199,False
Thai,坤卦-dynamic,l,-0.376,47,0.408,0.9199,False
Thai,離卦-dynamic,s,-0.484,188,0.4179,0.9264,False
Thai,坎卦-dynamic,m,0.553,43,0.4229,0.9283,False
Thai,坎卦-static,o,-0.403,8,0.4229,0.9283,False
Thai,震卦-static,ʔ,-0.378,50,0.4328,0.9455,False
Thai,艮卦-dynamic,ʔ,-0.452,47,0.4378,0.9518,False
Thai,巽卦-dynamic,l,1.434,5,0.4677,0.9609,False
Thai,中卦-dynamic,t,-1.31,3,0.4677,0.9609,False
Thai,巽卦-static,l,0.896,9,0.4627,0.9609,False
Thai,乾卦-static,u,-0.746,13,0.4527,0.9609,False
Thai,震卦-dynamic,p,-0.484,18,0.4577,0.9609,False
Thai,坎卦-static,p,-0.455,31,0.4577,0.9609,False
Thai,坎卦-static,m,0.444,80,0.4677,0.9609,False
Thai,艮卦-static,b,0.441,30,0.4677,0.9609,False
Thai,兌卦-dynamic,ɜ,0.406,101,0.4527,0.9609,False
Thai,艮卦-dynamic,u,0.379,48,0.4677,0.9609,False
Thai,離卦-dynamic,i,0.375,33,0.4478,0.9609,False
Thai,離卦-dynamic,e,0.371,119,0.4478,0.9609,False
Thai,巽卦-dynamic,p,1.26,6,0.5124,0.9635,False
Thai,巽卦-dynamic,e,1.186,10,0.5423,0.9635,False
Thai,巽卦-dynamic,h,-1.172,9,0.4876,0.9635,False
Thai,乾卦-dynamic,ʔ,-1.155,3,0.5323,0.9635,False
Thai,巽卦-dynamic,ɜ,-1.139,7,0.5174,0.9635,False
Thai,兌卦-static,n,-1.138,7,0.5025,0.9635,False
Thai,中卦-dynamic,ʔ,-1.135,3,0.5572,0.9635,False
Thai,中卦-dynamic,s,-1.122,13,0.5124,0.9635,False
Thai,乾卦-dynamic,k,-1.093,7,0.5224,0.9635,False
Thai,中卦-dynamic,d,1.037,5,0.597,0.9635,False
Thai,巽卦-static,t,0.998,12,0.4826,0.9635,False
Thai,兌卦-static,h,-0.932,11,0.607,0.9635,False
Thai,乾卦-dynamic,ɜ,-0.922,9,0.6219,0.9635,False
Thai,兌卦-static,l,0.921,5,0.6169,0.9635,False
Thai,巽卦-static,p,-0.837,5,0.5025,0.9635,False
Thai,中卦-static,s,-0.808,48,0.5075,0.9635,False
Thai,乾卦-dynamic,p,-0.776,3,0.6318,0.9635,False
Thai,巽卦-static,f,0.775,3,0.6816,0.9635,False
Thai,中卦-dynamic,e,-0.728,7,0.6418,0.9635,False
Thai,中卦-dynamic,p,0.726,6,0.6418,0.9635,False
Thai,中卦-static,ɡ,-0.721,8,0.5224,0.9635,False
Thai,兌卦-static,ɹ,0.719,5,0.7413,0.9635,False
Thai,離卦-static,w,0.715,10,0.5672,0.9635,False
Thai,兌卦-static,ʔ,-0.695,4,0.7811,0.9635,False
Thai,中卦-static,l,-0.692,9,0.5075,0.9635,False
Thai,乾卦-static,e,0.662,48,0.5572,0.9635,False
Thai,離卦-static,u,-0.656,7,0.5672,0.9635,False
Thai,中卦-dynamic,i,0.638,3,0.7015,0.9635,False
Thai,巽卦-static,d,-0.636,4,0.6468,0.9635,False
Thai,巽卦-static,c,0.621,6,0.6517,0.9635,False
Thai,兌卦-static,t,0.611,6,0.7463,0.9635,False
Thai,乾卦-dynamic,ɹ,0.604,5,0.7065,0.9635,False
Thai,坎卦-dynamic,k,-0.601,35,0.4776,0.9635,False
Thai,中卦-dynamic,n,-0.597,9,0.7463,0.9635,False
Thai,乾卦-static,w,-0.571,11,0.5274,0.9635,False
Thai,巽卦-dynamic,m,-0.558,6,0.7413,0.9635,False
Thai,兌卦-static,b,0.547,3,0.7861,0.9635,False
Thai,巽卦-static,e,0.533,18,0.7164,0.9635,False
Thai,巽卦-static,i,-0.53,3,0.6468,0.9635,False
Thai,離卦-static,r,-0.522,3,0.6517,0.9635,False
Thai,乾卦-dynamic,a,0.514,39,0.7413,0.9635,False
Thai,巽卦-dynamic,s,-0.503,13,0.7662,0.9635,False
Thai,乾卦-static,c,-0.503,8,0.5124,0.9635,False
Thai,巽卦-dynamic,ɹ,0.498,4,0.7861,0.9635,False
Thai,乾卦-static,i,0.495,13,0.5771,0.9635,False
Thai,坎卦-dynamic,c,-0.486,8,0.5423,0.9635,False
Thai,中卦-static,c,-0.485,6,0.6119,0.9635,False
Thai,坎卦-dynamic,ɡ,-0.472,13,0.5025,0.9635,False
Thai,中卦-dynamic,l,-0.469,3,0.801,0.9635,False
Thai,中卦-dynamic,j,0.464,4,0.806,0.9635,False
Thai,震卦-dynamic,d,-0.454,13,0.5871,0.9635,False
Thai,坎卦-static,ɜ,-0.45,87,0.4925,0.9635,False
Thai,震卦-dynamic,u,0.446,25,0.5473,0.9635,False
Thai,離卦-static,e,-0.446,18,0.7562,0.9635,False
Thai,中卦-static,t,-0.434,15,0.6866,0.9635,False
Thai,巽卦-static,k,0.431,17,0.7164,0.9635,False
Thai,震卦-dynamic,k,-0.428,41,0.5423,0.9635,False
Thai,乾卦-dynamic,b,0.428,3,0.7861,0.9635,False
Thai,坤卦-static,ɹ,-0.41,13,0.597,0.9635,False
Thai,乾卦-static,a͡i,-0.399,6,0.6667,0.9635,False
Thai,中卦-static,w,-0.395,9,0.6318,0.9635,False
Thai,巽卦-static,a,-0.389,62,0.7463,0.9635,False
Thai,中卦-static,r,-0.385,5,0.6517,0.9635,False
Thai,乾卦-dynamic,e,-0.385,8,0.8358,0.9635,False
Thai,乾卦-dynamic,d,0.384,4,0.8557,0.9635,False
Thai,巽卦-static,ʔ,0.38,12,0.7711,0.9635,False
Thai,坎卦-static,t,-0.376,39,0.5423,0.9635,False
Thai,坎卦-static,h,0.375,127,0.5224,0.9635,False
Thai,離卦-static,s,-0.372,37,0.7761,0.9635,False
Thai,艮卦-static,e,-0.371,80,0.5373,0.9635,False
Thai,巽卦-dynamic,a,0.365,32,0.791,0.9635,False
Thai,乾卦-dynamic,h,-0.365,13,0.7612,0.9635,False
Thai,艮卦-dynamic,a,-0.361,351,0.5373,0.9635,False
Thai,坤卦-static,a,0.358,159,0.6816,0.9635,False
Thai,震卦-dynamic,o,-0.356,5,0.6169,0.9635,False
Thai,乾卦-dynamic,n,-0.353,10,0.8557,0.9635,False
Thai,中卦-static,k,0.352,32,0.7711,0.9635,False
Thai,中卦-static,a͡i,0.351,7,0.7662,0.9635,False
Thai,乾卦-static,n,-0.351,45,0.6866,0.9635,False
Thai,艮卦-dynamic,n,0.35,122,0.5075,0.9635,False
Thai,坎卦-static,c,-0.348,17,0.5473,0.9635,False
Thai,坤卦-static,i,-0.346,8,0.6368,0.9635,False
Thai,離卦-static,n,-0.346,23,0.7562,0.9635,False
Thai,震卦-static,f,-0.343,6,0.4925,0.9635,False
Thai,震卦-dynamic,f,-0.34,3,0.6667,0.9635,False
Thai,艮卦-static,f,-0.338,6,0.5224,0.9635,False
Thai,中卦-static,e,-0.337,27,0.7861,0.9635,False
Thai,坎卦-dynamic,i,0.333,12,0.6468,0.9635,False
Thai,震卦-dynamic,w,-0.331,14,0.6219,0.9635,False
Thai,離卦-static,p,-0.33,9,0.7662,0.9635,False
Thai,震卦-dynamic,b,-0.325,11,0.6617,0.9635,False
Thai,坎卦-dynamic,o,0.323,8,0.7413,0.9635,False
Thai,乾卦-dynamic,c,0.319,3,0.8209,0.9635,False
Thai,坎卦-static,ɹ,-0.318,28,0.6269,0.9635,False
Thai,兌卦-static,s,0.311,18,0.8607,0.9635,False
Thai,坤卦-dynamic,u,-0.305,54,0.5025,0.9635,False
Thai,乾卦-static,o,0.302,8,0.7363,0.9635,False
Thai,艮卦-static,l,-0.3,33,0.607,0.9635,False
Thai,兌卦-dynamic,l,0.298,34,0.6567,0.9635,False
Thai,離卦-dynamic,ʔ,0.293,80,0.6567,0.9635,False
Thai,坤卦-dynamic,a,0.29,561,0.5871,0.9635,False
Thai,乾卦-static,s,0.29,84,0.7861,0.9635,False
Thai,坤卦-static,a͡i,-0.287,6,0.6567,0.9635,False
Thai,中卦-static,m,-0.284,26,0.8209,0.9635,False
Thai,巽卦-static,w,-0.283,5,0.8308,0.9635,False
Thai,中卦-dynamic,h,-0.28,13,0.8458,0.9635,False
Thai,震卦-dynamic,j,-0.28,15,0.6617,0.9635,False
Thai,坎卦-dynamic,ɹ,-0.278,15,0.7413,0.9635,False
Thai,震卦-static,ɹ,-0.278,34,0.6219,0.9635,False
Thai,坤卦-static,d,-0.276,12,0.6816,0.9635,False
Thai,艮卦-dynamic,m,-0.276,77,0.6169,0.9635,False
Thai,震卦-dynamic,s,0.275,93,0.6716,0.9635,False
Thai,離卦-static,m,-0.275,18,0.8209,0.9635,False
Thai,離卦-dynamic,b,0.275,34,0.5622,0.9635,False
Thai,乾卦-static,f,-0.274,3,0.7662,0.9635,False
Thai,坤卦-dynamic,f,-0.261,10,0.6617,0.9635,False
Thai,離卦-static,t,0.258,13,0.8507,0.9635,False
Thai,離卦-static,ɜ,0.257,28,0.7662,0.9635,False
Thai,艮卦-dynamic,o,-0.255,11,0.607,0.9635,False
Thai,離卦-static,ɹ,0.254,10,0.8259,0.9635,False
Thai,坤卦-dynamic,p,-0.253,60,0.6119,0.9635,False
Thai,艮卦-static,t,-0.248,48,0.6567,0.9635,False
Thai,乾卦-static,ɡ,0.246,20,0.7811,0.9635,False
Thai,震卦-static,a͡i,0.238,20,0.592,0.9635,False
Thai,震卦-static,m,0.22,90,0.6716,0.9635,False
Thai,艮卦-static,w,0.216,36,0.6866,0.9635,False
Thai,坎卦-dynamic,w,0.211,16,0.796,0.9635,False
Thai,中卦-static,d,-0.211,10,0.806,0.9635,False
Thai,巽卦-static,ɜ,0.208,21,0.8209,0.9635,False
Thai,艮卦-static,p,0.203,50,0.7214,0.9635,False
Thai,艮卦-static,s,-0.202,167,0.7313,0.9635,False
Thai,坎卦-static,r,-0.198,15,0.7662,0.9635,False
Thai,乾卦-static,t,0.195,25,0.8408,0.9635,False
Thai,震卦-static,w,0.193,36,0.7065,0.9635,False
Thai,乾卦-static,r,-0.193,8,0.8308,0.9635,False
Thai,坤卦-dynamic,s,0.192,269,0.6667,0.9635,False
Thai,艮卦-static,i,-0.191,21,0.7065,0.9635,False
Thai,坎卦-static,k,0.191,79,0.7761,0.9635,False
Thai,兌卦-dynamic,i,-0.18,17,0.6866,0.9635,False
Thai,坎卦-dynamic,l,0.179,18,0.806,0.9635,False
Thai,兌卦-dynamic,f,0.179,9,0.8159,0.9635,False
Thai,艮卦-dynamic,f,0.176,11,0.7811,0.9635,False
Thai,震卦-dynamic,n,0.174,59,0.8209,0.9635,False
Thai,艮卦-static,ʔ,0.156,63,0.7562,0.9635,False
Thai,震卦-dynamic,m,0.156,44,0.8607,0.9635,False
Thai,艮卦-dynamic,ɜ,-0.149,109,0.7861,0.9635,False
Thai,震卦-static,k,0.145,93,0.8259,0.9635,False
Thai,兌卦-dynamic,d,-0.143,25,0.7861,0.9635,False
Thai,坎卦-static,e,-0.14,73,0.8308,0.9635,False
Thai,坤卦-static,ʔ,0.137,26,0.8159,0.9635,False
Thai,艮卦-static,ɜ,0.129,118,0.806,0.9635,False
Thai,艮卦-static,ɹ,0.124,41,0.8259,0.9635,False
Thai,離卦-dynamic,d,-0.113,38,0.8557,0.9635,False
Thai,艮卦-dynamic,e,0.111,91,0.8507,0.9635,False
Thai,坤卦-static,m,-0.109,34,0.8557,0.9635,False
Thai,艮卦-static,h,0.102,142,0.8458,0.9635,False
Thai,坎卦-static,d,-0.101,27,0.8557,0.9635,False
Thai,坤卦-dynamic,ɜ,0.098,173,0.8259,0.9635,False
Thai,艮卦-static,o,-0.098,13,0.8209,0.9635,False
Thai,艮卦-dynamic,h,0.098,140,0.8308,0.9635,False
Thai,艮卦-dynamic,ɹ,0.098,40,0.8607,0.9635,False
Thai,兌卦-dynamic,ɡ,-0.087,30,0.8557,0.9635,False
Thai,巽卦-dynamic,n,0.232,10,0.8657,0.9666,False
Thai,巽卦-dynamic,k,-0.318,7,0.8856,0.9723,False
Thai,巽卦-dynamic,t,-0.258,4,0.9204,0.9723,False
Thai,巽卦-static,o,0.255,3,0.9204,0.9723,False
Thai,乾卦-dynamic,w,-0.198,3,0.8856,0.9723,False
Thai,離卦-static,k,-0.15,20,0.8955,0.9723,False
Thai,中卦-static,ɜ,-0.137,37,0.9005,0.9723,False
Thai,乾卦-static,ɜ,0.104,53,0.9055,0.9723,False
Thai,震卦-static,r,0.092,22,0.8806,0.9723,False
Thai,坎卦-static,w,0.089,29,0.9055,0.9723,False
Thai,坎卦-static,ʔ,0.083,52,0.9104,0.9723,False
Thai,艮卦-dynamic,i,-0.077,22,0.8856,0.9723,False
Thai,震卦-static,u,-0.077,41,0.9104,0.9723,False
Thai,離卦-dynamic,ɹ,-0.075,45,0.8905,0.9723,False
Thai,兌卦-dynamic,b,0.07,21,0.8955,0.9723,False
Thai,艮卦-dynamic,ɡ,0.068,40,0.8806,0.9723,False
Thai,震卦-dynamic,e,-0.068,44,0.9055,0.9723,False
Thai,震卦-static,l,0.063,39,0.9204,0.9723,False
Thai,震卦-static,b,-0.056,25,0.8856,0.9723,False
Thai,艮卦-dynamic,c,-0.055,24,0.9005,0.9723,False
Thai,坤卦-dynamic,c,-0.052,36,0.9204,0.9723,False
Thai,乾卦-static,m,0.095,39,0.9254,0.9729,False
Thai,震卦-dynamic,i,0.066,12,0.9254,0.9729,False
Thai,兌卦-static,a,-0.163,35,0.9303,0.9736,False
Thai,震卦-dynamic,ʔ,-0.05,29,0.9303,0.9736,False
Thai,震卦-dynamic,ɹ,-0.048,19,0.9353,0.9766,False
Thai,巽卦-dynamic,j,0.139,3,0.9403,0.9795,False
Thai,巽卦-static,m,0.072,15,0.9453,0.9801,False
Thai,巽卦-static,s,0.067,31,0.9453,0.9801,False
Thai,中卦-dynamic,ɜ,-0.114,11,0.9552,0.981,False
Thai,巽卦-static,h,-0.072,24,0.9652,0.981,False
Thai,中卦-static,o,0.07,5,0.9701,0.981,False
Thai,中卦-static,j,-0.067,11,0.9652,0.981,False
Thai,離卦-static,c,0.06,6,0.9602,0.981,False
Thai,坎卦-dynamic,a͡i,0.058,8,0.9602,0.981,False
Thai,坤卦-static,ɜ,0.034,48,0.9701,0.981,False
Thai,坤卦-dynamic,h,0.034,207,0.9552,0.981,False
Thai,巽卦-static,j,0.03,6,0.9502,0.981,False
Thai,坤卦-static,o,0.023,6,0.9701,0.981,False
Thai,坤卦-dynamic,m,-0.011,124,0.9652,0.981,False
Thai,中卦-dynamic,k,0.094,9,0.9851,0.9939,False
Thai,乾卦-dynamic,ɡ,0.034,4,0.99,0.9967,False
Thai,坎卦-static,n,0.003,95,0.995,0.9995,False
Thai,中卦-static,u,-0.002,14,1.0,1.0,False
Thai,坎卦-dynamic,ɜ,-0.0,51,1.0,1.0,False
Turkish,中卦-static,æ,3.099,9,0.005,0.3403,False
Turkish,中卦-dynamic,ɪ,3.096,27,0.005,0.3403,False
Turkish,中卦-static,l,3.067,14,0.005,0.3403,False
Turkish,兌卦-dynamic,m,2.426,203,0.005,0.3403,False
Turkish,乾卦-static,h,2.193,12,0.005,0.3403,False
Turkish,艮卦-dynamic,ʃ,1.958,31,0.005,0.3403,False
Turkish,兌卦-dynamic,k,1.942,251,0.005,0.3403,False
Turkish,坤卦-dynamic,s,1.805,109,0.005,0.3403,False
Turkish,坤卦-dynamic,ɡ,1.581,18,0.005,0.3403,False
Turkish,坤卦-dynamic,d͡ʒ,1.28,32,0.005,0.3403,False
Turkish,坤卦-static,ʒ,3.465,4,0.01,0.4254,False
Turkish,中卦-dynamic,e,3.082,15,0.01,0.4254,False
Turkish,乾卦-dynamic,v,2.923,7,0.01,0.4254,False
Turkish,坤卦-static,ɾ,2.478,29,0.01,0.4254,False
Turkish,兌卦-dynamic,ɛ,1.972,159,0.01,0.4254,False
Turkish,震卦-static,ɫ,-1.447,16,0.01,0.4254,False
Turkish,巽卦-dynamic,o,3.625,5,0.0149,0.4439,False
Turkish,乾卦-dynamic,ø,2.972,10,0.0149,0.4439,False
Turkish,坤卦-static,h,1.949,16,0.0149,0.4439,False
Turkish,震卦-dynamic,n,1.948,61,0.0149,0.4439,False
Turkish,艮卦-dynamic,t͡ʃ,1.553,31,0.0149,0.4439,False
Turkish,艮卦-static,œ,1.425,14,0.0149,0.4439,False
Turkish,坎卦-static,r,1.392,67,0.0149,0.4439,False
Turkish,乾卦-static,y,2.315,8,0.0199,0.5041,False
Turkish,艮卦-static,ɟ,1.794,18,0.0199,0.5041,False
Turkish,震卦-static,t͡ʃ,1.457,38,0.0199,0.5041,False
Turkish,離卦-dynamic,ɛ,1.75,119,0.0249,0.5867,False
Turkish,離卦-dynamic,m,1.306,116,0.0249,0.5867,False
Turkish,中卦-dynamic,f,2.151,6,0.0299,0.6187,False
Turkish,坤卦-static,i,1.654,21,0.0299,0.6187,False
Turkish,坤卦-static,k,-1.57,25,0.0299,0.6187,False
Turkish,坤卦-dynamic,ʊ,1.303,65,0.0299,0.6187,False
Turkish,中卦-dynamic,i,2.355,11,0.0448,0.6658,False
Turkish,乾卦-dynamic,z,2.332,10,0.0448,0.6658,False
Turkish,中卦-dynamic,a,-2.249,15,0.0448,0.6658,False
Turkish,中卦-dynamic,t,2.23,20,0.0448,0.6658,False
Turkish,中卦-dynamic,ɡ,2.127,3,0.0398,0.6658,False
Turkish,震卦-dynamic,m,1.549,65,0.0398,0.6658,False
Turkish,坎卦-static,d,1.366,49,0.0448,0.6658,False
Turkish,坎卦-static,ɡ,1.36,10,0.0398,0.6658,False
Turkish,坤卦-dynamic,ɫ,1.234,74,0.0348,0.6658,False
Turkish,震卦-static,p,1.212,30,0.0348,0.6658,False
Turkish,兌卦-dynamic,œ,1.157,23,0.0398,0.6658,False
Turkish,坎卦-static,ɟ,1.094,16,0.0448,0.6658,False
Turkish,坤卦-dynamic,u,0.977,32,0.0448,0.6658,False
Turkish,離卦-static,p,2.606,6,0.0498,0.6945,False
Turkish,乾卦-dynamic,ɟ,2.409,5,0.0498,0.6945,False
Turkish,離卦-dynamic,œ,1.279,19,0.0498,0.6945,False
Turkish,震卦-static,d͡ʒ,1.12,20,0.0547,0.7487,False
Turkish,離卦-static,r,2.428,13,0.0597,0.7562,False
Turkish,巽卦-static,ɫ,2.427,11,0.0597,0.7562,False
Turkish,巽卦-static,u,2.274,6,0.0597,0.7562,False
Turkish,艮卦-dynamic,r,-1.158,25,0.0597,0.7562,False
Turkish,乾卦-static,d,1.576,19,0.0647,0.7761,False
Turkish,巽卦-dynamic,b,2.85,5,0.0896,0.8075,False
Turkish,兌卦-static,ɯ,2.664,10,0.0746,0.8075,False
Turkish,兌卦-static,u,2.41,3,0.1393,0.8075,False
Turkish,離卦-static,ɔ,2.15,6,0.1343,0.8075,False
Turkish,坎卦-dynamic,a,1.517,71,0.1294,0.8075,False
Turkish,中卦-dynamic,z,1.46,9,0.1393,0.8075,False
Turkish,乾卦-static,k,-1.438,19,0.1393,0.8075,False
Turkish,坤卦-static,r,-1.401,13,0.0846,0.8075,False
Turkish,震卦-dynamic,e,1.375,29,0.0746,0.8075,False
Turkish,震卦-dynamic,j,-1.365,10,0.0995,0.8075,False
Turkish,震卦-dynamic,ɔ,1.347,19,0.1144,0.8075,False
Turkish,震卦-dynamic,ɛ,1.335,55,0.0896,0.8075,False
Turkish,坤卦-static,z,1.193,19,0.1095,0.8075,False
Turkish,震卦-dynamic,ɾ,-1.187,3,0.0945,0.8075,False
Turkish,離卦-dynamic,ʃ,1.136,34,0.0846,0.8075,False
Turkish,震卦-dynamic,s,-1.119,16,0.1343,0.8075,False
Turkish,震卦-dynamic,p,-1.116,6,0.1343,0.8075,False
Turkish,坤卦-static,b,1.096,23,0.1294,0.8075,False
Turkish,離卦-dynamic,j,-1.085,25,0.0846,0.8075,False
Turkish,艮卦-static,r,-1.058,26,0.0995,0.8075,False
Turkish,坤卦-dynamic,r,-1.045,50,0.0796,0.8075,False
Turkish,離卦-dynamic,ʊ,-1.013,10,0.0796,0.8075,False
Turkish,艮卦-dynamic,i,-1.007,8,0.1095,0.8075,False
Turkish,艮卦-dynamic,ɪ,-1.0,19,0.0846,0.8075,False
Turkish,艮卦-static,y,0.986,12,0.1095,0.8075,False
Turkish,艮卦-static,t,0.974,55,0.0995,0.8075,False
Turkish,震卦-static,f,0.972,19,0.0896,0.8075,False
Turkish,兌卦-dynamic,i,-0.967,15,0.0796,0.8075,False
Turkish,艮卦-dynamic,k,0.953,113,0.1343,0.8075,False
Turkish,離卦-dynamic,ɯ,-0.953,21,0.1294,0.8075,False
Turkish,坎卦-static,t͡ʃ,-0.948,11,0.1244,0.8075,False
Turkish,艮卦-dynamic,t,-0.933,23,0.1393,0.8075,False
Turkish,兌卦-dynamic,n,-0.928,46,0.1095,0.8075,False
Turkish,兌卦-dynamic,ɾ,-0.926,13,0.1045,0.8075,False
Turkish,震卦-static,æ,-0.913,4,0.0846,0.8075,False
Turkish,坎卦-static,m,-0.899,23,0.0846,0.8075,False
Turkish,坤卦-dynamic,t͡ʃ,-0.892,19,0.1045,0.8075,False
Turkish,兌卦-dynamic,t͡ʃ,-0.887,18,0.0697,0.8075,False
Turkish,震卦-static,ɪ,0.875,73,0.1343,0.8075,False
Turkish,兌卦-dynamic,z,-0.864,18,0.1095,0.8075,False
Turkish,艮卦-dynamic,a,0.861,154,0.1294,0.8075,False
Turkish,坎卦-static,i,0.846,31,0.1294,0.8075,False
Turkish,坤卦-dynamic,ɯ,0.805,103,0.0746,0.8075,False
Turkish,兌卦-dynamic,ʊ,-0.805,17,0.1244,0.8075,False
Turkish,坤卦-dynamic,y,0.794,21,0.1095,0.8075,False
Turkish,震卦-static,ɟ,-0.79,3,0.1095,0.8075,False
Turkish,坤卦-dynamic,b,-0.784,30,0.1294,0.8075,False
Turkish,坤卦-dynamic,œ,0.776,21,0.0846,0.8075,False
Turkish,震卦-static,z,-0.768,14,0.1343,0.8075,False
Turkish,兌卦-dynamic,æ,-0.764,8,0.1294,0.8075,False
Turkish,兌卦-dynamic,b,-0.751,29,0.1244,0.8075,False
Turkish,坤卦-dynamic,h,0.743,32,0.1244,0.8075,False
Turkish,震卦-static,t,0.738,65,0.1194,0.8075,False
Turkish,坤卦-dynamic,d,-0.73,23,0.1244,0.8075,False
Turkish,坤卦-dynamic,ʃ,0.72,39,0.1343,0.8075,False
Turkish,離卦-static,j,1.918,11,0.194,0.8507,False
Turkish,離卦-static,n,1.909,15,0.1642,0.8507,False
Turkish,離卦-static,k,-1.883,6,0.2139,0.8507,False
Turkish,中卦-static,a,-1.769,17,0.1642,0.8507,False
Turkish,中卦-static,s,1.632,13,0.1692,0.8507,False
Turkish,中卦-dynamic,y,1.602,4,0.1542,0.8507,False
Turkish,巽卦-static,ɔ,1.543,6,0.1841,0.8507,False
Turkish,巽卦-static,d͡ʒ,1.519,4,0.204,0.8507,False
Turkish,中卦-dynamic,j,-1.515,3,0.1493,0.8507,False
Turkish,離卦-static,d,1.475,8,0.2139,0.8507,False
Turkish,乾卦-static,j,1.368,22,0.194,0.8507,False
Turkish,中卦-dynamic,s,-1.337,5,0.194,0.8507,False
Turkish,坎卦-dynamic,k,1.211,49,0.2189,0.8507,False
Turkish,乾卦-static,v,1.171,8,0.209,0.8507,False
Turkish,震卦-dynamic,d,1.075,28,0.1741,0.8507,False
Turkish,震卦-dynamic,ʊ,-1.033,5,0.2139,0.8507,False
Turkish,震卦-dynamic,h,1.018,14,0.1891,0.8507,False
Turkish,坎卦-static,n,0.946,73,0.1592,0.8507,False
Turkish,坤卦-static,m,-0.894,12,0.2139,0.8507,False
Turkish,坤卦-static,a,0.875,92,0.2189,0.8507,False
Turkish,艮卦-dynamic,z,-0.874,10,0.1841,0.8507,False
Turkish,艮卦-static,d͡ʒ,0.861,14,0.1592,0.8507,False
Turkish,震卦-static,b,-0.849,19,0.1592,0.8507,False
Turkish,坤卦-static,æ,0.824,11,0.2189,0.8507,False
Turkish,艮卦-dynamic,m,0.8,68,0.1692,0.8507,False
Turkish,兌卦-dynamic,r,-0.795,53,0.1891,0.8507,False
Turkish,離卦-dynamic,u,-0.794,3,0.199,0.8507,False
Turkish,震卦-static,ɛ,-0.791,37,0.194,0.8507,False
Turkish,艮卦-dynamic,ɟ,0.78,12,0.1692,0.8507,False
Turkish,兌卦-dynamic,ɔ,-0.775,13,0.1592,0.8507,False
Turkish,坎卦-static,l,-0.747,13,0.199,0.8507,False
Turkish,兌卦-dynamic,ʃ,-0.742,15,0.1642,0.8507,False
Turkish,艮卦-dynamic,ɫ,0.71,34,0.209,0.8507,False
Turkish,離卦-dynamic,o,-0.71,6,0.2189,0.8507,False
Turkish,坎卦-static,æ,0.704,20,0.204,0.8507,False
Turkish,震卦-static,ɔ,-0.702,10,0.199,0.8507,False
Turkish,震卦-static,y,-0.694,4,0.204,0.8507,False
Turkish,坤卦-dynamic,ɛ,-0.632,62,0.1841,0.8507,False
Turkish,坤卦-dynamic,k,-0.578,132,0.204,0.8507,False
Turkish,兌卦-dynamic,s,-0.711,48,0.2239,0.8652,False
Turkish,坤卦-static,l,-0.844,6,0.2338,0.8935,False
Turkish,兌卦-dynamic,d,-0.641,24,0.2338,0.8935,False
Turkish,巽卦-dynamic,t͡ʃ,2.124,3,0.2438,0.9013,False
Turkish,離卦-static,ɾ,1.656,7,0.2438,0.9013,False
Turkish,坎卦-dynamic,t͡ʃ,-1.206,3,0.2438,0.9013,False
Turkish,乾卦-static,s,1.019,20,0.2388,0.9013,False
Turkish,坤卦-static,e,-0.796,10,0.2438,0.9013,False
Turkish,艮卦-static,ʊ,0.788,28,0.2388,0.9013,False
Turkish,巽卦-static,ʊ,1.528,8,0.2488,0.9039,False
Turkish,艮卦-static,b,0.664,33,0.2537,0.9039,False
Turkish,坎卦-static,ɾ,0.622,30,0.2537,0.9039,False
Turkish,兌卦-dynamic,ɪ,-0.618,48,0.2537,0.9039,False
Turkish,震卦-static,d,0.563,39,0.2537,0.9039,False
Turkish,坤卦-dynamic,m,-0.539,57,0.2537,0.9039,False
Turkish,乾卦-static,ɯ,-0.974,6,0.2637,0.9063,False
Turkish,艮卦-dynamic,ɾ,-0.785,9,0.2637,0.9063,False
Turkish,離卦-dynamic,ø,-0.716,9,0.2587,0.9063,False
Turkish,艮卦-static,ɔ,0.689,20,0.2637,0.9063,False
Turkish,艮卦-static,ʃ,0.671,20,0.2637,0.9063,False
Turkish,兌卦-dynamic,p,-0.669,20,0.2587,0.9063,False
Turkish,兌卦-dynamic,o,-0.604,10,0.2587,0.9063,False
Turkish,兌卦-static,p,1.974,3,0.2736,0.9206,False
Turkish,離卦-static,s,-1.558,3,0.2786,0.9206,False
Turkish,乾卦-dynamic,ʃ,1.405,6,0.2736,0.9206,False
Turkish,巽卦-static,y,1.315,3,0.2786,0.9206,False
Turkish,坎卦-dynamic,b,-1.285,4,0.2786,0.9206,False
Turkish,中卦-static,œ,1.14,3,0.2786,0.9206,False
Turkish,中卦-static,f,1.267,4,0.2836,0.9237,False
Turkish,震卦-dynamic,b,-0.849,11,0.2836,0.9237,False
Turkish,震卦-dynamic,ɯ,-0.762,14,0.2836,0.9237,False
Turkish,乾卦-static,z,-0.91,4,0.2886,0.9266,False
Turkish,乾卦-static,t,-0.872,10,0.2886,0.9266,False
Turkish,乾卦-static,l,-0.88,4,0.2935,0.9338,False
Turkish,巽卦-dynamic,j,1.85,5,0.3483,0.9431,False
Turkish,巽卦-dynamic,a,1.683,15,0.3632,0.9431,False
Turkish,乾卦-dynamic,l,1.472,9,0.3234,0.9431,False
Turkish,乾卦-dynamic,n,-1.338,4,0.3035,0.9431,False
Turkish,乾卦-dynamic,ɫ,1.273,9,0.3433,0.9431,False
Turkish,中卦-static,e,1.253,9,0.3483,0.9431,False
Turkish,中卦-dynamic,n,-1.061,6,0.3234,0.9431,False
Turkish,乾卦-dynamic,s,1.04,11,0.3682,0.9431,False
Turkish,中卦-static,b,-1.036,3,0.3582,0.9431,False
Turkish,坎卦-dynamic,m,1.0,30,0.3134,0.9431,False
Turkish,坎卦-dynamic,j,0.931,19,0.3383,0.9431,False
Turkish,乾卦-static,p,-0.909,4,0.3134,0.9431,False
Turkish,坎卦-dynamic,ʃ,0.893,9,0.3632,0.9431,False
Turkish,坎卦-dynamic,z,-0.891,4,0.3632,0.9431,False
Turkish,乾卦-static,i,-0.849,4,0.3632,0.9431,False
Turkish,乾卦-static,ø,0.781,9,0.3582,0.9431,False
Turkish,震卦-dynamic,o,-0.721,3,0.3234,0.9431,False
Turkish,離卦-dynamic,v,-0.674,10,0.3632,0.9431,False
Turkish,艮卦-static,z,0.666,26,0.3184,0.9431,False
Turkish,坤卦-static,o,0.661,13,0.3582,0.9431,False
Turkish,離卦-dynamic,s,-0.651,39,0.3383,0.9431,False
Turkish,離卦-dynamic,ɾ,-0.65,15,0.3035,0.9431,False
Turkish,艮卦-static,ø,0.643,20,0.3184,0.9431,False
Turkish,震卦-dynamic,f,-0.635,3,0.3582,0.9431,False
Turkish,震卦-dynamic,t͡ʃ,-0.625,9,0.3682,0.9431,False
Turkish,坎卦-static,f,-0.601,5,0.3532,0.9431,False
Turkish,坎卦-static,ɯ,-0.572,27,0.3383,0.9431,False
Turkish,兌卦-dynamic,ø,-0.572,14,0.3035,0.9431,False
Turkish,艮卦-static,m,-0.568,29,0.3632,0.9431,False
Turkish,兌卦-dynamic,v,-0.559,14,0.3085,0.9431,False
Turkish,離卦-dynamic,ɔ,-0.557,13,0.3085,0.9431,False
Turkish,震卦-static,k,-0.55,89,0.3184,0.9431,False
Turkish,震卦-static,e,0.544,39,0.3184,0.9431,False
Turkish,震卦-static,v,0.54,19,0.3682,0.9431,False
Turkish,兌卦-dynamic,ɟ,-0.538,7,0.3333,0.9431,False
Turkish,兌卦-dynamic,e,-0.526,35,0.3284,0.9431,False
Turkish,艮卦-static,u,0.524,13,0.3433,0.9431,False
Turkish,震卦-static,s,-0.511,37,0.2985,0.9431,False
Turkish,兌卦-dynamic,t,0.51,85,0.3433,0.9431,False
Turkish,坤卦-dynamic,o,-0.463,14,0.3284,0.9431,False
Turkish,坤卦-dynamic,ɔ,-0.462,19,0.3085,0.9431,False
Turkish,坤卦-dynamic,i,-0.444,26,0.3582,0.9431,False
Turkish,兌卦-static,ʊ,1.656,4,0.3781,0.9446,False
Turkish,巽卦-dynamic,ʊ,1.428,3,0.3781,0.9446,False
Turkish,兌卦-static,t͡ʃ,1.311,3,0.3881,0.9446,False
Turkish,離卦-static,t,-1.308,3,0.3831,0.9446,False
Turkish,中卦-dynamic,ɾ,1.013,8,0.3831,0.9446,False
Turkish,坎卦-dynamic,p,0.953,9,0.3731,0.9446,False
Turkish,乾卦-static,b,0.886,15,0.3781,0.9446,False
Turkish,乾卦-static,a,0.78,63,0.3831,0.9446,False
Turkish,坤卦-static,ɯ,-0.572,14,0.3881,0.9446,False
Turkish,兌卦-dynamic,d͡ʒ,-0.427,10,0.3831,0.9446,False
Turkish,巽卦-dynamic,ɯ,1.57,6,0.4179,0.9453,False
Turkish,巽卦-dynamic,r,1.507,5,0.398,0.9453,False
Turkish,巽卦-static,ɛ,-1.079,5,0.4478,0.9453,False
Turkish,巽卦-static,v,1.063,4,0.403,0.9453,False
Turkish,巽卦-static,b,0.968,8,0.4328,0.9453,False
Turkish,中卦-static,ɪ,0.966,14,0.4378,0.9453,False
Turkish,坎卦-dynamic,n,-0.869,11,0.4279,0.9453,False
Turkish,坎卦-dynamic,d,0.797,14,0.4328,0.9453,False
Turkish,坎卦-dynamic,ɛ,-0.788,12,0.4428,0.9453,False
Turkish,乾卦-static,ɫ,-0.785,8,0.4129,0.9453,False
Turkish,坎卦-dynamic,ɯ,0.782,22,0.4279,0.9453,False
Turkish,中卦-dynamic,r,0.767,13,0.4179,0.9453,False
Turkish,乾卦-static,m,-0.756,10,0.4328,0.9453,False
Turkish,乾卦-static,t͡ʃ,-0.662,5,0.4428,0.9453,False
Turkish,震卦-dynamic,d͡ʒ,-0.652,3,0.393,0.9453,False
Turkish,乾卦-static,ɾ,0.65,11,0.4328,0.9453,False
Turkish,坤卦-static,p,-0.591,7,0.398,0.9453,False
Turkish,艮卦-dynamic,v,-0.537,8,0.403,0.9453,False
Turkish,艮卦-dynamic,œ,-0.528,5,0.4129,0.9453,False
Turkish,艮卦-static,s,-0.514,29,0.4428,0.9453,False
Turkish,離卦-dynamic,t,0.5,67,0.4229,0.9453,False
Turkish,離卦-dynamic,i,0.498,33,0.4279,0.9453,False
Turkish,兌卦-dynamic,f,-0.498,9,0.4279,0.9453,False
Turkish,坎卦-static,s,-0.494,34,0.4478,0.9453,False
Turkish,艮卦-static,o,-0.489,7,0.4378,0.9453,False
Turkish,坎卦-static,d͡ʒ,-0.486,6,0.4279,0.9453,False
Turkish,震卦-static,a,0.477,179,0.398,0.9453,False
Turkish,艮卦-static,e,-0.47,20,0.4229,0.9453,False
Turkish,艮卦-static,a,-0.455,112,0.4478,0.9453,False
Turkish,坎卦-static,œ,0.446,11,0.4279,0.9453,False
Turkish,震卦-static,ʃ,-0.419,14,0.4428,0.9453,False
Turkish,兌卦-dynamic,ɯ,-0.419,48,0.4179,0.9453,False
Turkish,艮卦-static,t͡ʃ,0.415,21,0.4179,0.9453,False
Turkish,震卦-static,ɾ,-0.415,17,0.4478,0.9453,False
Turkish,坤卦-dynamic,l,0.403,49,0.4179,0.9453,False
Turkish,離卦-dynamic,ɡ,-0.396,3,0.4478,0.9453,False
Turkish,坤卦-dynamic,ɟ,0.377,18,0.4328,0.9453,False
Turkish,兌卦-dynamic,h,-0.363,14,0.408,0.9453,False
Turkish,中卦-dynamic,œ,0.872,3,0.4527,0.9499,False
Turkish,坤卦-dynamic,ɾ,-0.35,27,0.4527,0.9499,False
Turkish,巽卦-static,a,-0.824,22,0.4627,0.9552,False
Turkish,中卦-static,r,-0.78,7,0.4577,0.9552,False
Turkish,震卦-dynamic,l,-0.558,10,0.4677,0.9552,False
Turkish,坤卦-static,v,0.543,9,0.4776,0.9552,False
Turkish,坤卦-static,ɫ,-0.524,13,0.4627,0.9552,False
Turkish,震卦-dynamic,z,-0.523,10,0.4726,0.9552,False
Turkish,震卦-dynamic,r,0.498,34,0.4776,0.9552,False
Turkish,離卦-dynamic,l,0.483,38,0.4677,0.9552,False
Turkish,離卦-dynamic,d,-0.445,23,0.4627,0.9552,False
Turkish,離卦-dynamic,ɟ,0.443,14,0.4726,0.9552,False
Turkish,艮卦-dynamic,ø,0.424,18,0.4776,0.9552,False
Turkish,離卦-dynamic,f,-0.407,8,0.4776,0.9552,False
Turkish,艮卦-dynamic,b,-0.443,20,0.4876,0.9583,False
Turkish,坎卦-static,ɛ,0.383,63,0.4876,0.9583,False
Turkish,震卦-static,j,-0.383,35,0.4826,0.9583,False
Turkish,坤卦-dynamic,æ,-0.312,16,0.4826,0.9583,False
Turkish,巽卦-static,j,0.909,10,0.5025,0.9615,False
Turkish,坎卦-dynamic,e,-0.758,7,0.4975,0.9615,False
Turkish,中卦-dynamic,ɯ,-0.758,5,0.5025,0.9615,False
Turkish,坎卦-dynamic,l,-0.671,5,0.4975,0.9615,False
Turkish,中卦-dynamic,k,0.638,27,0.5075,0.9615,False
Turkish,坤卦-static,s,0.518,25,0.5025,0.9615,False
Turkish,離卦-dynamic,h,-0.456,10,0.5075,0.9615,False
Turkish,坎卦-static,o,0.452,22,0.5025,0.9615,False
Turkish,艮卦-static,d,-0.384,17,0.5075,0.9615,False
Turkish,坎卦-static,a,-0.377,133,0.5025,0.9615,False
Turkish,坤卦-dynamic,p,-0.369,25,0.5075,0.9615,False
Turkish,巽卦-static,n,0.782,13,0.5323,0.9633,False
Turkish,中卦-static,t,0.721,12,0.5323,0.9633,False
Turkish,乾卦-dynamic,e,-0.72,4,0.5124,0.9633,False
Turkish,中卦-static,m,-0.699,6,0.5274,0.9633,False
Turkish,坎卦-dynamic,o,0.682,9,0.5274,0.9633,False
Turkish,離卦-dynamic,b,-0.454,28,0.5274,0.9633,False
Turkish,離卦-dynamic,p,-0.438,18,0.5274,0.9633,False
Turkish,離卦-dynamic,k,0.392,137,0.5124,0.9633,False
Turkish,坎卦-static,h,-0.366,9,0.5274,0.9633,False
Turkish,艮卦-static,f,-0.349,6,0.5274,0.9633,False
Turkish,兌卦-dynamic,y,-0.343,9,0.5323,0.9633,False
Turkish,艮卦-static,k,-0.329,76,0.5224,0.9633,False
Turkish,艮卦-static,ɛ,-0.326,39,0.5323,0.9633,False
Turkish,中卦-static,ø,0.756,5,0.5373,0.9697,False
Turkish,巽卦-dynamic,k,1.188,10,0.5522,0.9711,False
Turkish,乾卦-dynamic,j,-0.789,5,0.5622,0.9711,False
Turkish,巽卦-static,m,-0.787,5,0.5473,0.9711,False
Turkish,巽卦-static,t,-0.653,6,0.5672,0.9711,False
Turkish,坤卦-static,d͡ʒ,-0.514,3,0.5721,0.9711,False
Turkish,坎卦-dynamic,s,-0.505,12,0.5522,0.9711,False
Turkish,震卦-dynamic,ʃ,0.383,13,0.5672,0.9711,False
Turkish,離卦-dynamic,ɪ,0.373,67,0.5522,0.9711,False
Turkish,艮卦-static,v,-0.369,9,0.5572,0.9711,False
Turkish,坎卦-static,ɪ,-0.365,37,0.5622,0.9711,False
Turkish,艮卦-dynamic,f,-0.359,6,0.5672,0.9711,False
Turkish,艮卦-static,l,0.352,25,0.5423,0.9711,False
Turkish,兌卦-dynamic,a,0.327,245,0.5672,0.9711,False
Turkish,震卦-static,n,0.315,64,0.5721,0.9711,False
Turkish,坎卦-static,y,-0.311,6,0.5572,0.9711,False
Turkish,坤卦-dynamic,v,-0.304,18,0.5572,0.9711,False
Turkish,坎卦-static,ʊ,0.304,26,0.5721,0.9711,False
Turkish,兌卦-dynamic,u,-0.243,12,0.5672,0.9711,False
Turkish,兌卦-static,t,1.103,6,0.5871,0.9734,False
Turkish,兌卦-static,s,1.029,5,0.5821,0.9734,False
Turkish,兌卦-static,ɾ,0.854,3,0.592,0.9734,False
Turkish,乾卦-dynamic,ɛ,0.693,14,0.5871,0.9734,False
Turkish,巽卦-static,e,-0.631,4,0.602,0.9734,False
Turkish,乾卦-static,ɛ,0.517,24,0.592,0.9734,False
Turkish,乾卦-static,r,-0.495,14,0.602,0.9734,False
Turkish,震卦-dynamic,i,-0.449,10,0.597,0.9734,False
Turkish,艮卦-dynamic,e,-0.398,21,0.5821,0.9734,False
Turkish,艮卦-dynamic,s,-0.379,31,0.597,0.9734,False
Turkish,艮卦-dynamic,y,-0.352,5,0.597,0.9734,False
Turkish,坎卦-static,k,-0.31,89,0.597,0.9734,False
Turkish,震卦-static,ɡ,0.308,6,0.5771,0.9734,False
Turkish,震卦-static,ɯ,0.288,54,0.602,0.9734,False
Turkish,巽卦-static,d,0.664,7,0.607,0.978,False
Turkish,震卦-dynamic,ɪ,-0.396,23,0.6119,0.978,False
Turkish,離卦-dynamic,d͡ʒ,-0.31,9,0.6119,0.978,False
Turkish,兌卦-static,a,-1.001,10,0.6219,0.9801,False
Turkish,坎卦-static,ʃ,-0.292,14,0.6219,0.9801,False
Turkish,坤卦-dynamic,f,-0.23,13,0.6169,0.9801,False
Turkish,艮卦-dynamic,ɛ,-0.301,40,0.6269,0.9857,False
Turkish,兌卦-static,i,1.036,3,0.6318,0.9887,False
Turkish,巽卦-dynamic,s,0.999,4,0.6517,0.9887,False
Turkish,兌卦-static,z,0.914,3,0.6667,0.9887,False
Turkish,兌卦-static,ɛ,-0.812,3,0.6866,0.9887,False
Turkish,乾卦-dynamic,m,-0.674,6,0.6567,0.9887,False
Turkish,巽卦-static,ɯ,0.647,11,0.6368,0.9887,False
Turkish,離卦-static,b,0.645,6,0.6617,0.9887,False
Turkish,中卦-dynamic,l,0.486,7,0.6816,0.9887,False
Turkish,中卦-dynamic,æ,0.479,4,0.6617,0.9887,False
Turkish,中卦-static,k,0.433,23,0.6816,0.9887,False
Turkish,坤卦-static,y,-0.345,3,0.6617,0.9887,False
Turkish,艮卦-dynamic,ɯ,-0.328,29,0.6617,0.9887,False
Turkish,坤卦-static,n,0.292,30,0.6716,0.9887,False
Turkish,離卦-dynamic,ɫ,-0.29,34,0.6866,0.9887,False
Turkish,離卦-dynamic,z,-0.277,23,0.6368,0.9887,False
Turkish,艮卦-dynamic,n,0.274,50,0.6716,0.9887,False
Turkish,坎卦-static,ɫ,-0.266,28,0.6368,0.9887,False
Turkish,坎卦-static,j,-0.258,34,0.6418,0.9887,False
Turkish,坎卦-static,z,-0.257,19,0.6667,0.9887,False
Turkish,震卦-static,h,-0.256,11,0.6318,0.9887,False
Turkish,艮卦-dynamic,p,-0.255,14,0.6716,0.9887,False
Turkish,艮卦-dynamic,d͡ʒ,0.234,10,0.6567,0.9887,False
Turkish,艮卦-static,æ,0.22,13,0.6866,0.9887,False
Turkish,坤卦-dynamic,j,-0.18,58,0.6517,0.9887,False
Turkish,坤卦-dynamic,n,0.157,90,0.6866,0.9887,False
Turkish,乾卦-static,ɟ,0.391,4,0.6915,0.9916,False
Turkish,坤卦-dynamic,z,0.182,40,0.6915,0.9916,False
Turkish,坎卦-dynamic,ɫ,0.498,13,0.6965,0.9946,False
Turkish,兌卦-static,k,0.707,11,0.7512,0.9953,False
Turkish,離卦-static,æ,0.61,3,0.7711,0.9953,False
Turkish,中卦-static,ʊ,-0.527,3,0.7065,0.9953,False
Turkish,巽卦-dynamic,m,0.51,5,0.791,0.9953,False
Turkish,乾卦-dynamic,t,-0.48,7,0.7164,0.9953,False
Turkish,中卦-static,ɾ,-0.471,3,0.7015,0.9953,False
Turkish,巽卦-static,i,-0.432,3,0.7512,0.9953,False
Turkish,中卦-static,t͡ʃ,0.43,5,0.796,0.9953,False
Turkish,巽卦-static,k,-0.428,16,0.7264,0.9953,False
Turkish,中卦-dynamic,ɫ,-0.39,6,0.7512,0.9953,False
Turkish,中卦-dynamic,m,-0.378,9,0.7164,0.9953,False
Turkish,乾卦-dynamic,p,-0.376,3,0.7811,0.9953,False
Turkish,離卦-static,i,0.37,4,0.801,0.9953,False
Turkish,巽卦-static,z,0.369,5,0.7363,0.9953,False
Turkish,乾卦-dynamic,d,-0.358,4,0.801,0.9953,False
Turkish,坎卦-dynamic,i,-0.35,6,0.7612,0.9953,False
Turkish,離卦-static,a,0.348,25,0.8905,0.9953,False
Turkish,乾卦-dynamic,ɯ,0.336,10,0.806,0.9953,False
Turkish,離卦-static,l,-0.333,3,0.8109,0.9953,False
Turkish,坎卦-dynamic,ɾ,-0.314,6,0.806,0.9953,False
Turkish,中卦-static,i,0.299,5,0.8358,0.9953,False
Turkish,乾卦-static,n,0.299,21,0.7164,0.9953,False
Turkish,乾卦-dynamic,h,0.286,3,0.796,0.9953,False
Turkish,震卦-dynamic,k,-0.284,57,0.7114,0.9953,False
Turkish,離卦-static,ø,0.284,3,0.7811,0.9953,False
Turkish,乾卦-static,ɪ,0.284,19,0.7413,0.9953,False
Turkish,乾卦-dynamic,b,-0.28,5,0.8507,0.9953,False
Turkish,巽卦-static,p,-0.27,3,0.8358,0.9953,False
Turkish,離卦-static,z,0.269,4,0.8657,0.9953,False
Turkish,坤卦-static,ɪ,0.266,27,0.7214,0.9953,False
Turkish,乾卦-static,ʃ,0.264,7,0.796,0.9953,False
Turkish,巽卦-static,s,-0.262,7,0.8209,0.9953,False
Turkish,離卦-static,ʊ,0.26,4,0.8657,0.9953,False
Turkish,艮卦-static,n,-0.25,39,0.7164,0.9953,False
Turkish,乾卦-static,ɔ,-0.24,5,0.806,0.9953,False
Turkish,中卦-static,j,-0.234,7,0.8955,0.9953,False
Turkish,離卦-static,e,0.228,5,0.8657,0.9953,False
Turkish,乾卦-dynamic,ɪ,-0.222,8,0.9055,0.9953,False
Turkish,艮卦-dynamic,d,0.221,26,0.7363,0.9953,False
Turkish,中卦-static,ɛ,0.221,12,0.8507,0.9953,False
Turkish,離卦-dynamic,a,-0.219,170,0.7363,0.9953,False
Turkish,坤卦-static,t,-0.218,21,0.791,0.9953,False
Turkish,坤卦-static,j,-0.215,18,0.8259,0.9953,False
Turkish,中卦-static,ʃ,-0.215,3,0.8657,0.9953,False
Turkish,艮卦-static,h,-0.211,9,0.7114,0.9953,False
Turkish,艮卦-dynamic,u,-0.211,7,0.7413,0.9953,False
Turkish,艮卦-dynamic,o,0.207,16,0.7363,0.9953,False
Turkish,中卦-dynamic,ø,-0.207,3,0.8557,0.9953,False
Turkish,艮卦-static,j,-0.205,30,0.7662,0.9953,False
Turkish,中卦-static,z,-0.203,4,0.8209,0.9953,False
Turkish,中卦-static,v,0.197,3,0.9055,0.9953,False
Turkish,兌卦-static,ɫ,0.196,3,0.9254,0.9953,False
Turkish,中卦-dynamic,t͡ʃ,0.186,5,0.8358,0.9953,False
Turkish,乾卦-static,d͡ʒ,-0.185,3,0.8756,0.9953,False
Turkish,兌卦-dynamic,j,0.183,64,0.7413,0.9953,False
Turkish,巽卦-static,l,-0.18,4,0.9055,0.9953,False
Turkish,離卦-dynamic,æ,0.177,18,0.8109,0.9953,False
Turkish,艮卦-static,ɫ,-0.172,25,0.7662,0.9953,False
Turkish,坎卦-static,ɔ,0.171,18,0.7711,0.9953,False
Turkish,乾卦-static,f,0.171,4,0.8557,0.9953,False
Turkish,艮卦-dynamic,ʊ,0.166,21,0.7662,0.9953,False
Turkish,坎卦-static,v,-0.166,12,0.7711,0.9953,False
Turkish,坤卦-static,d,0.165,15,0.801,0.9953,False
Turkish,震卦-dynamic,ɟ,0.165,6,0.806,0.9953,False
Turkish,坤卦-static,œ,-0.163,4,0.8408,0.9953,False
Turkish,坎卦-static,t,0.163,48,0.7264,0.9953,False
Turkish,震卦-dynamic,œ,0.16,6,0.8209,0.9953,False
Turkish,坤卦-dynamic,ɪ,-0.156,69,0.7413,0.9953,False
Turkish,離卦-dynamic,n,0.151,67,0.7662,0.9953,False
Turkish,離卦-static,ɛ,0.149,9,0.8856,0.9953,False
Turkish,坎卦-static,ø,-0.147,14,0.8557,0.9953,False
Turkish,乾卦-dynamic,a,0.145,30,0.9154,0.9953,False
Turkish,震卦-static,l,-0.138,24,0.806,0.9953,False
Turkish,中卦-dynamic,b,0.136,7,0.8706,0.9953,False
Turkish,中卦-static,ɫ,-0.135,6,0.9303,0.9953,False
Turkish,坤卦-static,ɛ,-0.133,26,0.8159,0.9953,False
Turkish,震卦-static,ʊ,-0.133,22,0.7612,0.9953,False
Turkish,巽卦-static,ɪ,-0.131,8,0.9254,0.9953,False
Turkish,艮卦-dynamic,ɔ,-0.13,13,0.8109,0.9953,False
Turkish,離卦-static,t͡ʃ,-0.13,3,0.9851,0.9953,False
Turkish,震卦-dynamic,æ,0.128,9,0.9055,0.9953,False
Turkish,中卦-static,n,0.127,11,0.9303,0.9953,False
Turkish,坎卦-dynamic,t,-0.126,15,0.9254,0.9953,False
Turkish,坎卦-dynamic,u,0.125,4,0.8358,0.9953,False
Turkish,坎卦-dynamic,r,0.123,17,0.9204,0.9953,False
Turkish,震卦-dynamic,v,0.123,9,0.8507,0.9953,False
Turkish,巽卦-static,r,0.12,9,0.9353,0.9953,False
Turkish,兌卦-static,r,-0.119,4,0.9502,0.9953,False
Turkish,艮卦-static,ɡ,0.116,4,0.8507,0.9953,False
Turkish,震卦-dynamic,t,-0.114,27,0.9005,0.9953,False
Turkish,艮卦-static,ɪ,-0.113,37,0.8657,0.9953,False
Turkish,乾卦-static,e,-0.11,10,0.9104,0.9953,False
Turkish,坤卦-static,ɔ,0.109,9,0.8905,0.9953,False
Turkish,兌卦-dynamic,ɫ,0.108,50,0.8856,0.9953,False
Turkish,坤卦-static,t͡ʃ,-0.106,10,0.8856,0.9953,False
Turkish,乾卦-static,o,-0.104,5,0.9154,0.9953,False
Turkish,離卦-dynamic,e,-0.103,34,0.8706,0.9953,False
Turkish,震卦-static,œ,0.099,10,0.8109,0.9953,False
Turkish,震卦-dynamic,u,0.099,7,0.8557,0.9953,False
Turkish,坎卦-static,u,0.096,11,0.8955,0.9953,False
Turkish,中卦-static,ɯ,-0.096,8,0.9552,0.9953,False
Turkish,坎卦-dynamic,ɪ,0.094,17,0.8756,0.9953,False
Turkish,乾卦-dynamic,k,-0.094,19,0.9204,0.9953,False
Turkish,離卦-dynamic,y,-0.093,9,0.9204,0.9953,False
Turkish,兌卦-dynamic,l,-0.092,35,0.8109,0.9953,False
Turkish,乾卦-static,æ,0.092,5,0.9403,0.9953,False
Turkish,震卦-static,u,0.091,12,0.8756,0.9953,False
Turkish,震卦-static,r,0.09,52,0.8806,0.9953,False
Turkish,艮卦-static,i,0.089,19,0.8856,0.9953,False
Turkish,震卦-static,m,-0.089,54,0.8458,0.9953,False
Turkish,坤卦-dynamic,e,-0.081,46,0.8308,0.9953,False
Turkish,坎卦-static,e,-0.08,28,0.9154,0.9953,False
Turkish,坤卦-dynamic,a,-0.079,236,0.8657,0.9953,False
Turkish,艮卦-static,p,-0.079,15,0.9005,0.9953,False
Turkish,乾卦-dynamic,ɾ,-0.079,4,0.9552,0.9953,False
Turkish,震卦-static,o,0.074,18,0.9453,0.9953,False
Turkish,震卦-static,i,0.073,24,0.9104,0.9953,False
Turkish,坎卦-dynamic,ɔ,0.066,6,0.9751,0.9953,False
Turkish,艮卦-dynamic,l,-0.064,20,0.9104,0.9953,False
Turkish,坤卦-dynamic,ø,0.06,27,0.9005,0.9953,False
Turkish,震卦-static,ø,0.06,18,0.9502,0.9953,False
Turkish,坤卦-static,ʃ,0.058,9,0.9055,0.9953,False
Turkish,離卦-static,ɪ,-0.053,7,0.9652,0.9953,False
Turkish,坤卦-static,ʊ,-0.049,11,0.9751,0.9953,False
Turkish,艮卦-dynamic,j,0.049,34,0.9502,0.9953,False
Turkish,坤卦-static,u,-0.045,5,0.9353,0.9953,False
Turkish,震卦-dynamic,ɫ,0.045,20,0.9652,0.9953,False
Turkish,坤卦-dynamic,t,0.043,75,0.9204,0.9953,False
Turkish,艮卦-static,ɯ,-0.043,35,0.9502,0.9953,False
Turkish,乾卦-dynamic,r,-0.043,9,0.9851,0.9953,False
Turkish,離卦-static,m,-0.042,8,0.9801,0.9953,False
Turkish,中卦-static,o,-0.041,3,0.9851,0.9953,False
Turkish,中卦-dynamic,p,-0.041,4,0.9552,0.9953,False
Turkish,震卦-dynamic,a,-0.039,92,0.9552,0.9953,False
Turkish,離卦-dynamic,r,-0.03,56,0.9701,0.9953,False
Turkish,艮卦-static,ɾ,-0.028,18,0.9751,0.9953,False
Turkish,艮卦-dynamic,æ,-0.024,11,0.9602,0.9953,False
Turkish,乾卦-static,ʊ,0.017,8,0.9801,0.9953,False
Turkish,坎卦-static,b,-0.01,29,0.9751,0.9953,False
Turkish,坤卦-static,f,-0.009,5,0.9701,0.9953,False
Turkish,坎卦-static,p,-0.006,18,0.99,0.9973,False
Turkish,離卦-dynamic,t͡ʃ,0.005,25,0.99,0.9973,False
Turkish,巽卦-static,ø,0.021,3,1.0,1.0,False
Turkish,中卦-dynamic,ɛ,-0.011,12,1.0,1.0,False
Turkish,中卦-dynamic,v,0.006,3,1.0,1.0,False
Vietnamese,坎卦-static,a͡ɪ,4.03,14,0.005,0.2519,False
Vietnamese,兌卦-static,u,3.885,5,0.005,0.2519,False
Vietnamese,巽卦-dynamic,s,3.631,10,0.005,0.2519,False
Vietnamese,巽卦-static,ə͡ɪ,3.485,10,0.005,0.2519,False
Vietnamese,中卦-dynamic,v,3.428,8,0.005,0.2519,False
Vietnamese,艮卦-dynamic,u͡ə,2.766,39,0.005,0.2519,False
Vietnamese,坎卦-static,e,2.626,58,0.005,0.2519,False
Vietnamese,震卦-static,ɗ,2.271,48,0.005,0.2519,False
Vietnamese,離卦-dynamic,t,2.158,43,0.005,0.2519,False
Vietnamese,兌卦-dynamic,ɜ,2.137,93,0.005,0.2519,False
Vietnamese,震卦-static,m,-1.824,7,0.005,0.2519,False
Vietnamese,坤卦-dynamic,n,1.727,105,0.005,0.2519,False
Vietnamese,坎卦-static,f,1.726,21,0.005,0.2519,False
Vietnamese,艮卦-dynamic,j,1.558,82,0.005,0.2519,False
Vietnamese,艮卦-dynamic,ɗ,1.506,52,0.005,0.2519,False
Vietnamese,坎卦-static,ɜ,-1.382,77,0.005,0.2519,False
Vietnamese,巽卦-static,k,3.352,27,0.01,0.3504,False
Vietnamese,中卦-dynamic,t̪,3.149,15,0.01,0.3504,False
Vietnamese,乾卦-static,l,2.575,14,0.01,0.3504,False
Vietnamese,震卦-dynamic,y͡ə,1.833,22,0.01,0.3504,False
Vietnamese,震卦-static,o,1.601,51,0.01,0.3504,False
Vietnamese,離卦-dynamic,y,1.409,19,0.01,0.3504,False
Vietnamese,中卦-static,ɲ,2.856,15,0.0149,0.4169,False
Vietnamese,乾卦-static,n,2.718,30,0.0149,0.4169,False
Vietnamese,坎卦-dynamic,w,2.367,33,0.0149,0.4169,False
Vietnamese,震卦-dynamic,j,1.642,40,0.0149,0.4169,False
Vietnamese,震卦-static,ŋ,1.634,93,0.0149,0.4169,False
Vietnamese,震卦-static,y,1.394,19,0.0149,0.4169,False
Vietnamese,坎卦-dynamic,ɣ,2.195,7,0.0199,0.4885,False
Vietnamese,震卦-dynamic,ɛ,2.123,16,0.0199,0.4885,False
Vietnamese,中卦-static,c,2.61,11,0.0249,0.5302,False
Vietnamese,離卦-static,h,2.48,9,0.0249,0.5302,False
Vietnamese,離卦-dynamic,o,-1.41,12,0.0249,0.5302,False
Vietnamese,兌卦-dynamic,ɛ,1.579,15,0.0299,0.5897,False
Vietnamese,震卦-static,x,1.439,14,0.0299,0.5897,False
Vietnamese,艮卦-dynamic,l,1.413,45,0.0299,0.5897,False
Vietnamese,乾卦-static,o,2.074,18,0.0348,0.656,False
Vietnamese,離卦-dynamic,b,1.317,30,0.0348,0.656,False
Vietnamese,乾卦-dynamic,y,2.815,3,0.0448,0.6716,False
Vietnamese,中卦-static,i,2.433,18,0.0398,0.6716,False
Vietnamese,巽卦-static,w,2.408,21,0.0448,0.6716,False
Vietnamese,乾卦-static,z,2.372,17,0.0448,0.6716,False
Vietnamese,艮卦-static,b,1.37,27,0.0398,0.6716,False
Vietnamese,震卦-static,i͡ə,1.268,6,0.0448,0.6716,False
Vietnamese,離卦-dynamic,ɛ,1.195,18,0.0448,0.6716,False
Vietnamese,艮卦-dynamic,o,-1.145,21,0.0448,0.6716,False
Vietnamese,坎卦-static,v,1.107,33,0.0448,0.6716,False
Vietnamese,兌卦-static,m,3.085,6,0.0547,0.715,False
Vietnamese,震卦-dynamic,ɔ,-1.362,6,0.0547,0.715,False
Vietnamese,震卦-dynamic,l,1.344,21,0.0547,0.715,False
Vietnamese,坎卦-static,b,1.26,37,0.0498,0.715,False
Vietnamese,坎卦-static,t͡ʃ,1.215,59,0.0547,0.715,False
Vietnamese,離卦-dynamic,p,1.167,19,0.0547,0.715,False
Vietnamese,震卦-static,ə͡ɪ,1.116,20,0.0547,0.715,False
Vietnamese,坤卦-dynamic,j,0.921,66,0.0547,0.715,False
Vietnamese,中卦-dynamic,f,2.455,3,0.0597,0.7327,False
Vietnamese,坎卦-dynamic,a,1.653,42,0.0597,0.7327,False
Vietnamese,坎卦-static,t̪,-1.11,37,0.0597,0.7327,False
Vietnamese,震卦-dynamic,a,1.221,76,0.0647,0.7819,False
Vietnamese,震卦-dynamic,t,1.225,21,0.0697,0.7836,False
Vietnamese,坤卦-dynamic,x,1.052,16,0.0697,0.7836,False
Vietnamese,坤卦-dynamic,c,-0.971,11,0.0697,0.7836,False
Vietnamese,巽卦-dynamic,ə,2.524,9,0.0746,0.796,False
Vietnamese,震卦-dynamic,ɗ,1.29,23,0.0796,0.796,False
Vietnamese,坤卦-static,ɜ,1.199,54,0.0796,0.796,False
Vietnamese,艮卦-static,l,-1.081,8,0.0796,0.796,False
Vietnamese,震卦-static,ɣ,1.065,14,0.0746,0.796,False
Vietnamese,震卦-static,i͡ɛ,-0.991,6,0.0796,0.796,False
Vietnamese,離卦-dynamic,n,0.908,64,0.0796,0.796,False
Vietnamese,坤卦-dynamic,t͡ʃ,-0.951,26,0.0846,0.8156,False
Vietnamese,兌卦-static,ŋ,2.624,7,0.0945,0.8233,False
Vietnamese,巽卦-static,ɣ,1.885,4,0.0945,0.8233,False
Vietnamese,坎卦-dynamic,o,-1.399,4,0.0945,0.8233,False
Vietnamese,艮卦-static,ŋ,1.038,68,0.0945,0.8233,False
Vietnamese,坤卦-dynamic,w,-0.887,44,0.0945,0.8233,False
Vietnamese,艮卦-static,p,-0.871,4,0.0896,0.8233,False
Vietnamese,兌卦-dynamic,c,-0.958,6,0.0995,0.8396,False
Vietnamese,離卦-dynamic,e,0.887,28,0.1045,0.8635,False
Vietnamese,巽卦-dynamic,h,2.302,5,0.1393,0.9482,False
Vietnamese,兌卦-static,i͡ɛ,2.289,4,0.1393,0.9482,False
Vietnamese,巽卦-static,ɜ,-1.837,11,0.1244,0.9482,False
Vietnamese,兌卦-dynamic,ŋ,-1.002,16,0.1294,0.9482,False
Vietnamese,震卦-dynamic,t̪,-0.955,21,0.1343,0.9482,False
Vietnamese,震卦-static,f,0.904,12,0.1194,0.9482,False
Vietnamese,艮卦-static,o,0.898,37,0.1393,0.9482,False
Vietnamese,震卦-static,w,-0.878,33,0.1244,0.9482,False
Vietnamese,離卦-dynamic,l,-0.874,11,0.1294,0.9482,False
Vietnamese,震卦-static,i,-0.828,16,0.1244,0.9482,False
Vietnamese,震卦-static,t̪,-0.816,35,0.1343,0.9482,False
Vietnamese,震卦-static,y͡ə,0.816,25,0.1244,0.9482,False
Vietnamese,艮卦-static,h,-0.76,10,0.1393,0.9482,False
Vietnamese,離卦-dynamic,c,0.735,27,0.1343,0.9482,False
Vietnamese,離卦-dynamic,ɔ,-0.682,19,0.1343,0.9482,False
Vietnamese,坎卦-static,u͡ə,-0.732,5,0.1443,0.9501,False
Vietnamese,中卦-dynamic,ə,1.884,12,0.1592,0.9515,False
Vietnamese,中卦-static,k,-1.471,3,0.1692,0.9515,False
Vietnamese,坤卦-static,k,-1.077,11,0.1692,0.9515,False
Vietnamese,坤卦-static,b,-1.017,6,0.1642,0.9515,False
Vietnamese,坤卦-static,m,0.997,30,0.1692,0.9515,False
Vietnamese,震卦-dynamic,n,-0.963,21,0.1692,0.9515,False
Vietnamese,艮卦-static,x,0.938,10,0.1493,0.9515,False
Vietnamese,坎卦-static,p,-0.83,6,0.1692,0.9515,False
Vietnamese,震卦-static,t,-0.818,9,0.1592,0.9515,False
Vietnamese,艮卦-static,m,0.785,51,0.1542,0.9515,False
Vietnamese,艮卦-dynamic,p,-0.68,8,0.1692,0.9515,False
Vietnamese,艮卦-dynamic,m,-0.668,40,0.1592,0.9515,False
Vietnamese,兌卦-static,z,2.153,3,0.194,0.9595,False
Vietnamese,巽卦-dynamic,ɔ,1.811,5,0.199,0.9595,False
Vietnamese,中卦-dynamic,i͡ɛ,1.669,8,0.2189,0.9595,False
Vietnamese,離卦-static,ɔ,1.544,8,0.209,0.9595,False
Vietnamese,乾卦-static,ɜ,-1.3,20,0.1791,0.9595,False
Vietnamese,坎卦-dynamic,ə͡ɪ,1.229,7,0.204,0.9595,False
Vietnamese,坤卦-static,o,1.006,21,0.1741,0.9595,False
Vietnamese,坎卦-dynamic,k,-1.006,8,0.199,0.9595,False
Vietnamese,坎卦-dynamic,ɲ,-0.995,3,0.2189,0.9595,False
Vietnamese,坤卦-static,i͡ɛ,-0.981,3,0.1841,0.9595,False
Vietnamese,坤卦-static,w,-0.977,15,0.204,0.9595,False
Vietnamese,震卦-dynamic,ɲ,-0.879,7,0.209,0.9595,False
Vietnamese,坤卦-dynamic,o,0.83,55,0.1891,0.9595,False
Vietnamese,兌卦-dynamic,p,0.829,12,0.209,0.9595,False
Vietnamese,坎卦-static,k,-0.82,36,0.1741,0.9595,False
Vietnamese,兌卦-dynamic,u,-0.811,6,0.204,0.9595,False
Vietnamese,兌卦-dynamic,ɔ,0.787,29,0.194,0.9595,False
Vietnamese,艮卦-static,ə,-0.784,22,0.2239,0.9595,False
Vietnamese,離卦-dynamic,s,-0.784,11,0.204,0.9595,False
Vietnamese,艮卦-static,k,0.735,59,0.209,0.9595,False
Vietnamese,兌卦-dynamic,j,0.731,33,0.2189,0.9595,False
Vietnamese,兌卦-dynamic,o,-0.73,15,0.2139,0.9595,False
Vietnamese,兌卦-dynamic,e,0.724,19,0.2139,0.9595,False
Vietnamese,兌卦-dynamic,n,0.721,44,0.209,0.9595,False
Vietnamese,艮卦-static,c,-0.69,10,0.204,0.9595,False
Vietnamese,震卦-static,ɔ,-0.69,19,0.194,0.9595,False
Vietnamese,離卦-dynamic,w,-0.676,37,0.2239,0.9595,False
Vietnamese,坤卦-dynamic,h,-0.665,17,0.204,0.9595,False
Vietnamese,兌卦-dynamic,ə,0.646,41,0.2239,0.9595,False
Vietnamese,坎卦-static,i͡ɛ,-0.63,16,0.2239,0.9595,False
Vietnamese,艮卦-dynamic,s,-0.62,20,0.204,0.9595,False
Vietnamese,坤卦-static,s,0.836,23,0.2289,0.9655,False
Vietnamese,震卦-dynamic,i͡ɛ,-0.818,6,0.2289,0.9655,False
Vietnamese,坤卦-dynamic,u,-0.593,16,0.2388,0.9819,False
Vietnamese,坤卦-dynamic,u͡ə,-0.562,7,0.2388,0.9819,False
Vietnamese,震卦-dynamic,i,-0.774,11,0.2438,0.9824,False
Vietnamese,坤卦-dynamic,ɲ,0.574,43,0.2438,0.9824,False
Vietnamese,兌卦-static,i,1.902,4,0.2935,0.9857,False
Vietnamese,巽卦-static,m,-1.438,3,0.2985,0.9857,False
Vietnamese,離卦-static,ɛ,1.35,3,0.3284,0.9857,False
Vietnamese,離卦-static,t̪,1.163,11,0.2985,0.9857,False
Vietnamese,巽卦-static,a,1.154,24,0.3035,0.9857,False
Vietnamese,乾卦-static,j,-1.153,4,0.2537,0.9857,False
Vietnamese,中卦-static,ɔ,-1.099,3,0.3234,0.9857,False
Vietnamese,乾卦-static,b,-0.975,4,0.2935,0.9857,False
Vietnamese,坎卦-dynamic,ŋ,-0.922,8,0.3035,0.9857,False
Vietnamese,中卦-static,t͡ʃ,0.92,10,0.3383,0.9857,False
Vietnamese,坎卦-dynamic,j,0.897,16,0.3333,0.9857,False
Vietnamese,乾卦-static,y͡ə,0.859,8,0.3234,0.9857,False
Vietnamese,坤卦-static,e,0.76,13,0.2935,0.9857,False
Vietnamese,坤卦-static,l,-0.739,6,0.3134,0.9857,False
Vietnamese,震卦-dynamic,ə,-0.722,17,0.3085,0.9857,False
Vietnamese,艮卦-static,y͡ə,-0.72,10,0.2488,0.9857,False
Vietnamese,震卦-dynamic,e,0.714,17,0.2886,0.9857,False
Vietnamese,震卦-static,p,-0.666,6,0.2886,0.9857,False
Vietnamese,震卦-dynamic,c,0.66,17,0.3184,0.9857,False
Vietnamese,離卦-dynamic,t͡ʃ,0.659,40,0.2687,0.9857,False
Vietnamese,兌卦-dynamic,i,-0.647,14,0.2687,0.9857,False
Vietnamese,坎卦-static,s,-0.632,18,0.2488,0.9857,False
Vietnamese,坤卦-dynamic,ɣ,-0.628,4,0.2836,0.9857,False
Vietnamese,艮卦-static,ɲ,0.627,29,0.2687,0.9857,False
Vietnamese,艮卦-static,t͡ʃ,0.613,35,0.2886,0.9857,False
Vietnamese,坤卦-dynamic,t,0.604,34,0.2537,0.9857,False
Vietnamese,坤卦-dynamic,ɛ,-0.6,7,0.2537,0.9857,False
Vietnamese,震卦-static,j,0.567,43,0.2687,0.9857,False
Vietnamese,艮卦-dynamic,ɜ,0.544,134,0.2637,0.9857,False
Vietnamese,離卦-dynamic,i,0.541,42,0.2985,0.9857,False
Vietnamese,震卦-static,k,0.537,62,0.3035,0.9857,False
Vietnamese,艮卦-static,ɜ,-0.534,69,0.3284,0.9857,False
Vietnamese,兌卦-dynamic,w,-0.527,29,0.3234,0.9857,False
Vietnamese,艮卦-dynamic,i͡ɛ,-0.492,21,0.2736,0.9857,False
Vietnamese,艮卦-dynamic,v,-0.487,8,0.3035,0.9857,False
Vietnamese,艮卦-dynamic,a,0.472,135,0.3085,0.9857,False
Vietnamese,離卦-dynamic,ɣ,-0.468,4,0.3333,0.9857,False
Vietnamese,艮卦-dynamic,n,0.462,77,0.3234,0.9857,False
Vietnamese,艮卦-dynamic,t,0.45,32,0.3333,0.9857,False
Vietnamese,艮卦-dynamic,ɔ,-0.423,31,0.3383,0.9857,False
Vietnamese,艮卦-dynamic,c,0.415,32,0.3333,0.9857,False
Vietnamese,震卦-dynamic,p,-0.639,4,0.3433,0.9931,False
Vietnamese,中卦-static,i͡ɛ,0.988,10,0.3483,0.9933,False
Vietnamese,坤卦-static,ɛ,0.684,7,0.3483,0.9933,False
Vietnamese,艮卦-static,n,-0.545,35,0.3483,0.9933,False
Vietnamese,坎卦-dynamic,t͡ʃ,0.85,14,0.3532,0.9969,False
Vietnamese,坎卦-static,n,0.479,71,0.3532,0.9969,False
Vietnamese,乾卦-dynamic,i͡ɛ,1.775,6,0.393,1.0,False
Vietnamese,兌卦-static,ɔ,1.544,3,0.4876,1.0,False
Vietnamese,兌卦-static,t͡ʃ,1.51,3,0.4677,1.0,False
Vietnamese,乾卦-dynamic,t͡ʃ,1.321,5,0.5323,1.0,False
Vietnamese,乾卦-dynamic,y͡ə,1.297,3,0.4279,1.0,False
Vietnamese,中卦-dynamic,n,-1.212,4,0.393,1.0,False
Vietnamese,離卦-static,p,1.182,3,0.4577,1.0,False
Vietnamese,離卦-static,ɜ,1.07,17,0.4179,1.0,False
Vietnamese,中卦-static,t,1.053,7,0.3731,1.0,False
Vietnamese,兌卦-static,ɜ,-1.046,4,0.6318,1.0,False
Vietnamese,乾卦-dynamic,t̪,1.044,7,0.5572,1.0,False
Vietnamese,中卦-dynamic,ŋ,-1.041,3,0.4726,1.0,False
Vietnamese,中卦-dynamic,a,-1.014,9,0.5174,1.0,False
Vietnamese,離卦-static,ɗ,1.006,5,0.4975,1.0,False
Vietnamese,中卦-static,o,-0.994,4,0.4179,1.0,False
Vietnamese,巽卦-dynamic,n,-0.931,3,0.5572,1.0,False
Vietnamese,乾卦-dynamic,c,0.927,3,0.5871,1.0,False
Vietnamese,離卦-static,w,-0.925,5,0.5174,1.0,False
Vietnamese,中卦-dynamic,ɜ,0.921,15,0.5224,1.0,False
Vietnamese,中卦-dynamic,i,0.919,7,0.5025,1.0,False
Vietnamese,巽卦-dynamic,a,-0.91,6,0.602,1.0,False
Vietnamese,中卦-dynamic,l,0.905,4,0.5473,1.0,False
Vietnamese,離卦-static,y͡ə,0.886,4,0.4577,1.0,False
Vietnamese,乾卦-dynamic,i,0.884,5,0.6318,1.0,False
Vietnamese,巽卦-static,t̪,-0.881,7,0.5075,1.0,False
Vietnamese,離卦-static,o,-0.857,3,0.4577,1.0,False
Vietnamese,中卦-dynamic,c,0.836,4,0.5572,1.0,False
Vietnamese,中卦-static,t̪,-0.822,8,0.5323,1.0,False
Vietnamese,乾卦-dynamic,w,0.816,7,0.6517,1.0,False
Vietnamese,中卦-dynamic,ɲ,0.798,5,0.602,1.0,False
Vietnamese,乾卦-static,ɗ,-0.778,3,0.4378,1.0,False
Vietnamese,中卦-static,ɜ,-0.743,17,0.5373,1.0,False
Vietnamese,巽卦-static,z,0.739,7,0.6517,1.0,False
Vietnamese,坎卦-dynamic,n,-0.723,12,0.3632,1.0,False
Vietnamese,巽卦-static,ɔ,0.673,8,0.5572,1.0,False
Vietnamese,中卦-static,l,-0.665,3,0.5174,1.0,False
Vietnamese,離卦-static,i,-0.66,3,0.6269,1.0,False
Vietnamese,坎卦-dynamic,ɗ,0.643,9,0.4677,1.0,False
Vietnamese,巽卦-dynamic,ɲ,0.642,3,0.7413,1.0,False
Vietnamese,坎卦-dynamic,b,-0.639,5,0.4328,1.0,False
Vietnamese,乾卦-static,ɔ,0.632,12,0.4975,1.0,False
Vietnamese,坎卦-dynamic,p,0.628,5,0.4378,1.0,False
Vietnamese,巽卦-static,ɲ,-0.628,3,0.6318,1.0,False
Vietnamese,坎卦-dynamic,y͡ə,-0.621,4,0.4527,1.0,False
Vietnamese,坎卦-dynamic,c,-0.611,4,0.5025,1.0,False
Vietnamese,中卦-dynamic,k,0.604,9,0.6965,1.0,False
Vietnamese,離卦-static,a,0.594,16,0.7164,1.0,False
Vietnamese,中卦-dynamic,w,0.59,9,0.7363,1.0,False
Vietnamese,乾卦-static,w,0.583,20,0.5423,1.0,False
Vietnamese,乾卦-dynamic,n,-0.58,4,0.801,1.0,False
Vietnamese,中卦-static,a,-0.578,17,0.602,1.0,False
Vietnamese,中卦-static,n,-0.567,9,0.6667,1.0,False
Vietnamese,震卦-dynamic,ɜ,0.559,64,0.4179,1.0,False
Vietnamese,坤卦-dynamic,a͡ɪ,0.552,3,0.4179,1.0,False
Vietnamese,離卦-static,v,0.542,3,0.7363,1.0,False
Vietnamese,兌卦-dynamic,z,-0.541,13,0.3781,1.0,False
Vietnamese,坎卦-static,h,0.528,37,0.3781,1.0,False
Vietnamese,艮卦-dynamic,h,-0.521,20,0.3781,1.0,False
Vietnamese,離卦-dynamic,ŋ,-0.519,35,0.4179,1.0,False
Vietnamese,坤卦-static,p,0.514,7,0.4527,1.0,False
Vietnamese,兌卦-dynamic,u͡ə,-0.514,4,0.3881,1.0,False
Vietnamese,中卦-static,m,0.507,12,0.6617,1.0,False
Vietnamese,兌卦-dynamic,y͡ə,0.507,16,0.4677,1.0,False
Vietnamese,坎卦-dynamic,l,0.505,8,0.5522,1.0,False
Vietnamese,震卦-dynamic,ŋ,-0.504,23,0.4279,1.0,False
Vietnamese,艮卦-static,u͡ə,-0.5,5,0.3731,1.0,False
Vietnamese,巽卦-static,t,0.5,5,0.6617,1.0,False
Vietnamese,乾卦-static,t,-0.497,4,0.602,1.0,False
Vietnamese,坤卦-static,ɲ,0.496,15,0.4428,1.0,False
Vietnamese,乾卦-static,u͡ə,0.494,4,0.5771,1.0,False
Vietnamese,震卦-static,ɛ,-0.491,6,0.403,1.0,False
Vietnamese,兌卦-dynamic,t̪,0.49,42,0.4328,1.0,False
Vietnamese,乾卦-static,f,0.486,3,0.602,1.0,False
Vietnamese,兌卦-dynamic,a,-0.482,55,0.3582,1.0,False
Vietnamese,乾卦-dynamic,ɜ,0.482,10,0.806,1.0,False
Vietnamese,巽卦-static,h,0.477,6,0.6766,1.0,False
Vietnamese,坤卦-dynamic,l,-0.476,20,0.3632,1.0,False
Vietnamese,巽卦-static,o,-0.474,5,0.6517,1.0,False
Vietnamese,中卦-static,s,0.472,9,0.7264,1.0,False
Vietnamese,坎卦-static,ɣ,-0.468,5,0.4279,1.0,False
Vietnamese,坎卦-dynamic,z,0.468,10,0.5721,1.0,False
Vietnamese,震卦-static,l,-0.467,15,0.3831,1.0,False
Vietnamese,兌卦-dynamic,b,0.46,17,0.5075,1.0,False
Vietnamese,離卦-dynamic,z,-0.457,19,0.3831,1.0,False
Vietnamese,艮卦-static,ɗ,-0.456,12,0.3682,1.0,False
Vietnamese,離卦-dynamic,v,0.456,18,0.4328,1.0,False
Vietnamese,坎卦-static,o,0.455,45,0.4478,1.0,False
Vietnamese,坎卦-static,y,-0.455,7,0.4776,1.0,False
Vietnamese,兌卦-dynamic,t,0.454,17,0.4975,1.0,False
Vietnamese,坤卦-static,a,0.449,48,0.5572,1.0,False
Vietnamese,離卦-dynamic,u͡ə,-0.447,6,0.408,1.0,False
Vietnamese,乾卦-static,h,0.445,9,0.5871,1.0,False
Vietnamese,震卦-static,t͡ʃ,-0.441,26,0.4179,1.0,False
Vietnamese,坎卦-static,x,-0.431,5,0.398,1.0,False
Vietnamese,兌卦-dynamic,ɗ,-0.431,10,0.5373,1.0,False
Vietnamese,艮卦-static,a,0.43,87,0.4279,1.0,False
Vietnamese,乾卦-static,s,-0.429,6,0.6716,1.0,False
Vietnamese,坎卦-static,t,0.426,29,0.3682,1.0,False
Vietnamese,離卦-dynamic,m,-0.426,34,0.4378,1.0,False
Vietnamese,坎卦-static,i͡ə,0.425,4,0.4776,1.0,False
Vietnamese,坎卦-dynamic,u͡ə,0.425,4,0.6269,1.0,False
Vietnamese,坤卦-dynamic,y,0.417,16,0.3881,1.0,False
Vietnamese,離卦-dynamic,ɗ,-0.417,14,0.5075,1.0,False
Vietnamese,震卦-dynamic,t͡ʃ,-0.416,17,0.4677,1.0,False
Vietnamese,坎卦-static,ŋ,0.415,75,0.4328,1.0,False
Vietnamese,兌卦-dynamic,f,-0.415,3,0.4876,1.0,False
Vietnamese,乾卦-dynamic,a,-0.415,8,0.8209,1.0,False
Vietnamese,坎卦-static,ɲ,0.414,37,0.4726,1.0,False
Vietnamese,震卦-static,b,-0.41,17,0.4577,1.0,False
Vietnamese,兌卦-dynamic,ɣ,0.41,7,0.4527,1.0,False
Vietnamese,坎卦-static,m,-0.407,43,0.4826,1.0,False
Vietnamese,艮卦-dynamic,ɣ,-0.406,6,0.3781,1.0,False
Vietnamese,震卦-dynamic,b,0.406,15,0.5771,1.0,False
Vietnamese,兌卦-dynamic,v,-0.406,5,0.5025,1.0,False
Vietnamese,巽卦-static,c,-0.404,3,0.7313,1.0,False
Vietnamese,坤卦-static,ə,0.402,25,0.592,1.0,False
Vietnamese,離卦-dynamic,k,-0.397,39,0.5025,1.0,False
Vietnamese,中卦-dynamic,o,0.39,5,0.7811,1.0,False
Vietnamese,乾卦-static,m,-0.39,11,0.6468,1.0,False
Vietnamese,離卦-static,ə,0.389,8,0.791,1.0,False
Vietnamese,中卦-static,j,-0.388,6,0.7065,1.0,False
Vietnamese,巽卦-static,ə,-0.387,7,0.7562,1.0,False
Vietnamese,艮卦-dynamic,ə,-0.383,46,0.4279,1.0,False
Vietnamese,乾卦-dynamic,ɲ,0.383,3,0.806,1.0,False
Vietnamese,坎卦-static,w,-0.379,54,0.5323,1.0,False
Vietnamese,坤卦-static,y,-0.377,3,0.5721,1.0,False
Vietnamese,艮卦-dynamic,u,-0.376,21,0.4627,1.0,False
Vietnamese,震卦-dynamic,ɣ,-0.372,3,0.5771,1.0,False
Vietnamese,坤卦-static,i,-0.371,12,0.592,1.0,False
Vietnamese,坤卦-dynamic,ɜ,0.37,128,0.4527,1.0,False
Vietnamese,中卦-static,w,-0.369,10,0.6915,1.0,False
Vietnamese,震卦-static,h,-0.363,17,0.5522,1.0,False
Vietnamese,坤卦-static,x,0.361,4,0.607,1.0,False
Vietnamese,震卦-static,c,0.361,23,0.4925,1.0,False
Vietnamese,艮卦-dynamic,i,-0.355,34,0.4826,1.0,False
Vietnamese,坎卦-dynamic,s,0.354,12,0.6766,1.0,False
Vietnamese,坤卦-static,t̪,-0.353,21,0.6517,1.0,False
Vietnamese,兌卦-dynamic,k,-0.352,29,0.5771,1.0,False
Vietnamese,乾卦-dynamic,ŋ,0.351,6,0.8308,1.0,False
Vietnamese,巽卦-dynamic,w,-0.347,4,0.8557,1.0,False
Vietnamese,震卦-static,n,-0.347,43,0.5274,1.0,False
Vietnamese,震卦-dynamic,v,-0.345,5,0.5473,1.0,False
Vietnamese,坎卦-dynamic,i͡ɛ,-0.344,6,0.602,1.0,False
Vietnamese,艮卦-dynamic,t͡ʃ,-0.342,37,0.4776,1.0,False
Vietnamese,坎卦-static,u,-0.34,20,0.5224,1.0,False
Vietnamese,艮卦-static,u,0.337,24,0.5721,1.0,False
Vietnamese,坤卦-static,z,-0.334,10,0.6866,1.0,False
Vietnamese,坤卦-static,c,0.333,11,0.6169,1.0,False
Vietnamese,震卦-static,ɜ,-0.333,82,0.5572,1.0,False
Vietnamese,中卦-dynamic,s,-0.332,3,0.796,1.0,False
Vietnamese,坎卦-dynamic,e,-0.328,5,0.7512,1.0,False
Vietnamese,艮卦-dynamic,y͡ə,0.327,28,0.5771,1.0,False
Vietnamese,巽卦-static,j,0.322,8,0.8259,1.0,False
Vietnamese,坤卦-dynamic,ɔ,0.319,45,0.5821,1.0,False
Vietnamese,艮卦-static,s,-0.318,19,0.5672,1.0,False
Vietnamese,巽卦-static,n,-0.317,9,0.801,1.0,False
Vietnamese,艮卦-dynamic,ə͡ɪ,0.307,14,0.5373,1.0,False
Vietnamese,離卦-dynamic,a,0.307,95,0.5771,1.0,False
Vietnamese,巽卦-dynamic,t̪,0.306,5,0.8109,1.0,False
Vietnamese,坎卦-dynamic,m,-0.302,12,0.7065,1.0,False
Vietnamese,艮卦-dynamic,ɛ,-0.3,10,0.5572,1.0,False
Vietnamese,兌卦-dynamic,l,-0.293,12,0.5622,1.0,False
Vietnamese,坤卦-static,ɔ,-0.292,12,0.6119,1.0,False
Vietnamese,巽卦-static,i͡ɛ,-0.289,4,0.8259,1.0,False
Vietnamese,中卦-static,e,0.289,5,0.8109,1.0,False
Vietnamese,兌卦-dynamic,h,-0.288,13,0.6418,1.0,False
Vietnamese,中卦-static,ŋ,0.282,13,0.7662,1.0,False
Vietnamese,離卦-dynamic,h,0.277,26,0.6517,1.0,False
Vietnamese,坤卦-static,n,0.276,26,0.7264,1.0,False
Vietnamese,坎卦-static,y͡ə,-0.276,19,0.5771,1.0,False
Vietnamese,震卦-dynamic,m,-0.274,24,0.6816,1.0,False
Vietnamese,坤卦-static,f,0.272,4,0.7363,1.0,False
Vietnamese,坤卦-dynamic,e,0.272,29,0.6418,1.0,False
Vietnamese,乾卦-static,e,-0.271,5,0.7612,1.0,False
Vietnamese,乾卦-static,p,0.27,4,0.806,1.0,False
Vietnamese,坤卦-dynamic,ə,-0.266,49,0.6219,1.0,False
Vietnamese,震卦-dynamic,y,0.266,7,0.6915,1.0,False
Vietnamese,艮卦-dynamic,k,0.263,75,0.5274,1.0,False
Vietnamese,坤卦-dynamic,k,-0.262,57,0.597,1.0,False
Vietnamese,艮卦-static,z,-0.261,19,0.7015,1.0,False
Vietnamese,中卦-static,u,-0.257,4,0.8557,1.0,False
Vietnamese,坤卦-static,h,-0.254,9,0.7065,1.0,False
Vietnamese,坎卦-static,a,-0.254,102,0.6816,1.0,False
Vietnamese,巽卦-dynamic,k,0.254,5,0.8458,1.0,False
Vietnamese,震卦-dynamic,h,-0.253,12,0.7114,1.0,False
Vietnamese,震卦-static,s,-0.252,23,0.6418,1.0,False
Vietnamese,震卦-static,ɲ,-0.252,20,0.6119,1.0,False
Vietnamese,離卦-dynamic,ɲ,-0.244,20,0.6766,1.0,False
Vietnamese,離卦-dynamic,x,-0.242,5,0.7015,1.0,False
Vietnamese,乾卦-static,t̪,0.241,17,0.8408,1.0,False
Vietnamese,離卦-static,n,-0.239,7,0.8905,1.0,False
Vietnamese,坤卦-dynamic,t̪,-0.23,61,0.6119,1.0,False
Vietnamese,坤卦-dynamic,ŋ,0.226,74,0.6418,1.0,False
Vietnamese,坎卦-static,l,0.226,27,0.7164,1.0,False
Vietnamese,乾卦-static,ə,0.226,15,0.791,1.0,False
Vietnamese,坤卦-static,ɗ,-0.225,8,0.7811,1.0,False
Vietnamese,艮卦-static,ɛ,-0.223,7,0.7015,1.0,False
Vietnamese,坎卦-static,ə͡ɪ,-0.22,5,0.6617,1.0,False
Vietnamese,中卦-static,b,0.22,5,0.8408,1.0,False
Vietnamese,坤卦-dynamic,a,0.211,125,0.7264,1.0,False
Vietnamese,巽卦-static,ŋ,-0.21,9,0.8408,1.0,False
Vietnamese,兌卦-dynamic,i͡ɛ,-0.209,15,0.7065,1.0,False
Vietnamese,艮卦-dynamic,ɲ,-0.208,28,0.6766,1.0,False
Vietnamese,艮卦-static,w,0.201,49,0.7313,1.0,False
Vietnamese,震卦-static,a,0.201,93,0.7612,1.0,False
Vietnamese,巽卦-static,s,-0.2,5,0.8706,1.0,False
Vietnamese,坤卦-dynamic,b,0.197,29,0.7065,1.0,False
Vietnamese,中卦-static,ɗ,0.196,5,0.8756,1.0,False
Vietnamese,乾卦-static,i͡ɛ,0.196,9,0.8557,1.0,False
Vietnamese,坤卦-static,t,0.192,10,0.8259,1.0,False
Vietnamese,坤卦-dynamic,z,-0.192,30,0.7015,1.0,False
Vietnamese,艮卦-static,ɔ,0.191,28,0.7164,1.0,False
Vietnamese,離卦-dynamic,ə,-0.191,38,0.7463,1.0,False
Vietnamese,兌卦-dynamic,ɲ,0.187,19,0.7711,1.0,False
Vietnamese,乾卦-static,k,-0.184,14,0.8756,1.0,False
Vietnamese,艮卦-dynamic,ŋ,-0.183,60,0.6418,1.0,False
Vietnamese,巽卦-static,y͡ə,0.18,4,0.8806,1.0,False
Vietnamese,艮卦-static,t̪,-0.178,41,0.7612,1.0,False
Vietnamese,艮卦-dynamic,t̪,-0.177,63,0.7214,1.0,False
Vietnamese,乾卦-dynamic,m,-0.177,4,0.8955,1.0,False
Vietnamese,艮卦-static,i͡ɛ,-0.175,19,0.7562,1.0,False
Vietnamese,離卦-dynamic,i͡ɛ,0.175,28,0.7463,1.0,False
Vietnamese,兌卦-dynamic,m,0.175,33,0.7711,1.0,False
Vietnamese,乾卦-static,i,-0.173,9,0.8657,1.0,False
Vietnamese,坎卦-static,c,0.172,26,0.7612,1.0,False
Vietnamese,震卦-dynamic,o,0.171,21,0.806,1.0,False
Vietnamese,艮卦-static,i,0.169,31,0.796,1.0,False
Vietnamese,震卦-dynamic,ə͡ɪ,-0.168,3,0.796,1.0,False
Vietnamese,離卦-static,k,-0.167,7,0.9204,1.0,False
Vietnamese,震卦-static,e,-0.164,17,0.7214,1.0,False
Vietnamese,兌卦-dynamic,s,-0.162,18,0.8109,1.0,False
Vietnamese,離卦-static,ŋ,-0.16,7,0.8806,1.0,False
Vietnamese,震卦-dynamic,w,-0.159,31,0.7761,1.0,False
Vietnamese,坤卦-dynamic,m,0.155,61,0.7811,1.0,False
Vietnamese,艮卦-static,e,0.155,18,0.7612,1.0,False
Vietnamese,巽卦-static,u,0.153,5,0.9204,1.0,False
Vietnamese,坤卦-dynamic,s,0.152,43,0.7463,1.0,False
Vietnamese,坤卦-dynamic,v,0.152,19,0.7413,1.0,False
Vietnamese,離卦-static,u,-0.149,3,0.9154,1.0,False
Vietnamese,坤卦-static,v,-0.146,5,0.8607,1.0,False
Vietnamese,中卦-static,ə,-0.146,9,0.9303,1.0,False
Vietnamese,坎卦-static,z,0.145,33,0.8259,1.0,False
Vietnamese,坎卦-dynamic,ə,0.144,15,0.8706,1.0,False
Vietnamese,兌卦-dynamic,x,-0.142,4,0.8507,1.0,False
Vietnamese,坤卦-static,ŋ,-0.141,22,0.8209,1.0,False
Vietnamese,中卦-dynamic,b,0.141,3,0.9204,1.0,False
Vietnamese,離卦-dynamic,ə͡ɪ,-0.136,5,0.8259,1.0,False
Vietnamese,坤卦-static,ɣ,-0.135,3,0.8657,1.0,False
Vietnamese,離卦-static,s,-0.135,4,0.9154,1.0,False
Vietnamese,坤卦-dynamic,i͡ɛ,-0.129,30,0.796,1.0,False
Vietnamese,震卦-dynamic,z,0.129,17,0.8159,1.0,False
Vietnamese,兌卦-dynamic,t͡ʃ,0.129,24,0.8308,1.0,False
Vietnamese,坤卦-dynamic,i,0.128,46,0.806,1.0,False
Vietnamese,坎卦-static,ɗ,0.124,26,0.8109,1.0,False
Vietnamese,離卦-static,m,0.121,7,0.9055,1.0,False
Vietnamese,艮卦-static,j,0.119,31,0.8458,1.0,False
Vietnamese,中卦-static,z,0.116,6,0.9204,1.0,False
Vietnamese,坤卦-dynamic,ɗ,-0.114,24,0.796,1.0,False
Vietnamese,兌卦-dynamic,y,0.113,7,0.8408,1.0,False
Vietnamese,艮卦-dynamic,y,-0.111,11,0.806,1.0,False
Vietnamese,艮卦-static,v,0.107,12,0.8458,1.0,False
Vietnamese,坎卦-dynamic,ɔ,-0.104,9,0.9154,1.0,False
Vietnamese,坤卦-dynamic,y͡ə,0.103,25,0.8308,1.0,False
Vietnamese,震卦-dynamic,s,0.103,20,0.9055,1.0,False
Vietnamese,震卦-static,z,0.102,26,0.8458,1.0,False
Vietnamese,離卦-dynamic,f,-0.102,6,0.8458,1.0,False
Vietnamese,乾卦-static,a,-0.102,27,0.8905,1.0,False
Vietnamese,震卦-dynamic,k,-0.101,30,0.8856,1.0,False
Vietnamese,坎卦-static,i,0.099,42,0.8607,1.0,False
Vietnamese,離卦-dynamic,ɜ,-0.098,86,0.8159,1.0,False
Vietnamese,兌卦-static,k,0.096,3,0.9502,1.0,False
Vietnamese,坤卦-static,y͡ə,0.093,9,0.8905,1.0,False
Vietnamese,震卦-dynamic,u,-0.093,13,0.8408,1.0,False
Vietnamese,巽卦-dynamic,m,0.082,4,0.9602,1.0,False
Vietnamese,乾卦-dynamic,o,-0.078,3,0.9652,1.0,False
Vietnamese,震卦-dynamic,f,-0.075,4,0.9055,1.0,False
Vietnamese,離卦-dynamic,y͡ə,-0.071,17,0.8756,1.0,False
Vietnamese,艮卦-dynamic,b,0.068,28,0.9005,1.0,False
Vietnamese,坤卦-static,u,-0.063,10,0.9204,1.0,False
Vietnamese,震卦-static,v,0.062,13,0.9104,1.0,False
Vietnamese,坤卦-static,t͡ʃ,-0.06,15,0.9303,1.0,False
Vietnamese,坎卦-dynamic,h,-0.059,7,0.9453,1.0,False
Vietnamese,乾卦-static,ŋ,-0.058,15,0.9602,1.0,False
Vietnamese,巽卦-static,e,0.056,4,0.9701,1.0,False
Vietnamese,離卦-static,j,-0.056,5,0.9751,1.0,False
Vietnamese,坎卦-dynamic,ɛ,-0.052,3,0.9602,1.0,False
Vietnamese,坎卦-static,j,-0.048,40,0.8806,1.0,False
Vietnamese,離卦-dynamic,j,-0.047,32,0.9154,1.0,False
Vietnamese,坎卦-dynamic,t̪,-0.046,16,0.9154,1.0,False
Vietnamese,坎卦-static,ə,0.04,54,0.9602,1.0,False
Vietnamese,離卦-dynamic,t̪,0.037,50,0.9204,1.0,False
Vietnamese,艮卦-dynamic,z,-0.033,33,0.9652,1.0,False
Vietnamese,離卦-dynamic,u,-0.033,21,0.9552,1.0,False
Vietnamese,中卦-static,y͡ə,-0.032,4,0.9652,1.0,False
Vietnamese,艮卦-dynamic,e,-0.029,25,0.9502,1.0,False
Vietnamese,中卦-dynamic,u,-0.028,3,0.99,1.0,False
Vietnamese,離卦-static,t͡ʃ,0.025,5,0.995,1.0,False
Vietnamese,震卦-static,ə,-0.023,42,0.9701,1.0,False
Vietnamese,艮卦-dynamic,w,-0.021,69,0.9502,1.0,False
Vietnamese,震卦-static,u,0.021,22,0.9701,1.0,False
Vietnamese,艮卦-static,y,0.02,8,0.9701,1.0,False
Vietnamese,坎卦-dynamic,u,-0.019,7,0.9801,1.0,False
Vietnamese,巽卦-static,l,-0.019,4,0.9851,1.0,False
Vietnamese,坎卦-static,ɛ,0.017,12,0.9801,1.0,False
Vietnamese,震卦-dynamic,u͡ə,0.013,6,0.9851,1.0,False
Vietnamese,巽卦-dynamic,ɜ,-0.011,8,1.0,1.0,False
Vietnamese,坎卦-dynamic,ɜ,0.004,29,1.0,1.0,False
Vietnamese,中卦-dynamic,m,-0.004,6,1.0,1.0,False
Vietnamese,乾卦-dynamic,k,-0.004,5,1.0,1.0,False
Vietnamese,巽卦-dynamic,j,0.003,3,1.0,1.0,False
Vietnamese,乾卦-static,t͡ʃ,0.002,10,1.0,1.0,False
Vietnamese,坤卦-static,j,-0.001,16,1.0,1.0,False
Vietnamese,坎卦-static,ɔ,-0.001,36,0.9851,1.0,False
Vietnamese,坎卦-dynamic,v,-0.0,4,1.0,1.0,False
Welsh,兌卦-dynamic,ɔ͡ɪ,3.84,8,0.005,0.2581,False
Welsh,坎卦-dynamic,e͡ʊ,3.35,4,0.005,0.2581,False
Welsh,震卦-dynamic,ʃ,3.349,9,0.005,0.2581,False
Welsh,兌卦-dynamic,ø,3.007,85,0.005,0.2581,False
Welsh,坤卦-static,a͡ʊ,2.996,14,0.005,0.2581,False
Welsh,兌卦-dynamic,c,2.795,6,0.005,0.2581,False
Welsh,震卦-dynamic,ə,2.647,11,0.005,0.2581,False
Welsh,坤卦-dynamic,ɨ͡u,2.529,18,0.005,0.2581,False
Welsh,坤卦-static,b,2.347,25,0.005,0.2581,False
Welsh,坎卦-static,a͡ɪ,2.201,13,0.005,0.2581,False
Welsh,離卦-dynamic,ə͡ɪ,2.188,26,0.005,0.2581,False
Welsh,震卦-static,ɑ͡ɨ,2.113,21,0.005,0.2581,False
Welsh,離卦-dynamic,ŋ,1.815,13,0.005,0.2581,False
Welsh,震卦-static,t,1.755,62,0.005,0.2581,False
Welsh,坤卦-dynamic,e,1.721,31,0.005,0.2581,False
Welsh,艮卦-static,k,1.704,59,0.005,0.2581,False
Welsh,艮卦-static,p,1.65,28,0.005,0.2581,False
Welsh,中卦-dynamic,f,3.298,7,0.01,0.351,False
Welsh,兌卦-dynamic,a͡ɨ,2.017,10,0.01,0.351,False
Welsh,坎卦-static,x,2.0,19,0.01,0.351,False
Welsh,震卦-static,p,1.69,35,0.01,0.351,False
Welsh,震卦-static,ɡ,-1.588,28,0.01,0.351,False
Welsh,坤卦-dynamic,r,1.57,129,0.01,0.351,False
Welsh,離卦-dynamic,s,-1.557,32,0.01,0.351,False
Welsh,坤卦-dynamic,ʊ,1.355,34,0.01,0.351,False
Welsh,乾卦-static,x,2.335,10,0.0149,0.3872,False
Welsh,乾卦-static,u,2.044,4,0.0149,0.3872,False
Welsh,坤卦-static,s,1.904,36,0.0149,0.3872,False
Welsh,兌卦-dynamic,o,1.868,24,0.0149,0.3872,False
Welsh,坤卦-static,ɑ,1.742,11,0.0149,0.3872,False
Welsh,震卦-dynamic,ɔ,1.73,47,0.0149,0.3872,False
Welsh,艮卦-static,ð,-1.708,8,0.0149,0.3872,False
Welsh,震卦-static,a͡ɪ,1.674,17,0.0149,0.3872,False
Welsh,震卦-static,k,1.427,68,0.0149,0.3872,False
Welsh,巽卦-static,n,2.78,29,0.0199,0.4876,False
Welsh,離卦-dynamic,i,1.267,24,0.0199,0.4876,False
Welsh,離卦-static,m,2.856,8,0.0249,0.5351,False
Welsh,乾卦-static,u͡ɨ,2.198,9,0.0249,0.5351,False
Welsh,乾卦-static,o,2.028,9,0.0249,0.5351,False
Welsh,坤卦-static,p,-1.38,4,0.0249,0.5351,False
Welsh,兌卦-static,ɔ͡ɨ,3.122,3,0.0299,0.5724,False
Welsh,震卦-dynamic,ə͡ɨ,2.138,4,0.0299,0.5724,False
Welsh,坎卦-dynamic,h,2.058,13,0.0299,0.5724,False
Welsh,坎卦-static,ŋ,1.627,7,0.0299,0.5724,False
Welsh,坤卦-dynamic,a͡ʊ,1.179,18,0.0299,0.5724,False
Welsh,兌卦-static,ʊ,2.671,6,0.0348,0.6023,False
Welsh,艮卦-static,ɨ,-1.254,15,0.0348,0.6023,False
Welsh,坤卦-dynamic,u,1.251,10,0.0348,0.6023,False
Welsh,震卦-static,r,-1.236,79,0.0348,0.6023,False
Welsh,坤卦-dynamic,u͡ɨ,-1.222,4,0.0348,0.6023,False
Welsh,離卦-static,a,2.971,12,0.0398,0.6269,False
Welsh,巽卦-dynamic,ʌ,2.87,10,0.0448,0.6269,False
Welsh,巽卦-dynamic,d,2.756,13,0.0697,0.6269,False
Welsh,離卦-static,θ,2.731,4,0.0697,0.6269,False
Welsh,兌卦-static,ɬ,2.405,6,0.0597,0.6269,False
Welsh,乾卦-dynamic,e,2.382,5,0.0498,0.6269,False
Welsh,巽卦-static,ɛ,2.367,23,0.0498,0.6269,False
Welsh,巽卦-static,ɨ,2.295,15,0.0597,0.6269,False
Welsh,震卦-dynamic,c,2.253,3,0.0547,0.6269,False
Welsh,中卦-static,v,1.98,12,0.0547,0.6269,False
Welsh,坎卦-dynamic,ɔ,1.79,26,0.0647,0.6269,False
Welsh,乾卦-static,ɔ͡ɨ,1.461,4,0.0547,0.6269,False
Welsh,震卦-dynamic,w,1.428,14,0.0647,0.6269,False
Welsh,艮卦-static,e͡ʊ,1.42,6,0.0448,0.6269,False
Welsh,震卦-static,c,1.365,4,0.0448,0.6269,False
Welsh,坤卦-static,ɬ,1.321,15,0.0647,0.6269,False
Welsh,兌卦-dynamic,ɛ,-1.304,26,0.0398,0.6269,False
Welsh,坎卦-static,b,1.295,28,0.0697,0.6269,False
Welsh,艮卦-dynamic,d,1.25,82,0.0398,0.6269,False
Welsh,離卦-dynamic,h,1.223,39,0.0398,0.6269,False
Welsh,坎卦-static,i,-1.222,3,0.0547,0.6269,False
Welsh,震卦-dynamic,ɡ,-1.201,17,0.0697,0.6269,False
Welsh,兌卦-dynamic,ʊ,-1.172,4,0.0547,0.6269,False
Welsh,艮卦-static,ɔ͡ɨ,1.137,9,0.0547,0.6269,False
Welsh,離卦-dynamic,ɪ͡u,1.079,8,0.0647,0.6269,False
Welsh,艮卦-dynamic,ɡ,1.072,61,0.0498,0.6269,False
Welsh,震卦-static,ɔ,-1.071,32,0.0547,0.6269,False
Welsh,艮卦-dynamic,r,-1.065,76,0.0697,0.6269,False
Welsh,艮卦-static,u͡ɨ,1.062,17,0.0647,0.6269,False
Welsh,離卦-dynamic,w,1.048,27,0.0547,0.6269,False
Welsh,兌卦-dynamic,i,-1.047,5,0.0547,0.6269,False
Welsh,震卦-static,ɨ,-1.025,23,0.0597,0.6269,False
Welsh,離卦-dynamic,ð,1.021,36,0.0647,0.6269,False
Welsh,離卦-dynamic,l,-1.015,44,0.0647,0.6269,False
Welsh,艮卦-static,d,-1.004,28,0.0647,0.6269,False
Welsh,坤卦-dynamic,ɛ,-0.964,42,0.0697,0.6269,False
Welsh,坤卦-static,h,1.187,15,0.0746,0.6582,False
Welsh,離卦-dynamic,ə,1.025,13,0.0746,0.6582,False
Welsh,中卦-static,ɡ,1.905,15,0.0796,0.6623,False
Welsh,坤卦-static,ɔ,-1.267,12,0.0796,0.6623,False
Welsh,坤卦-static,i,1.144,9,0.0796,0.6623,False
Welsh,艮卦-static,n,1.031,94,0.0796,0.6623,False
Welsh,坤卦-dynamic,ɔ,-0.914,37,0.0796,0.6623,False
Welsh,兌卦-dynamic,s,-0.996,32,0.0846,0.6782,False
Welsh,艮卦-static,ɬ,0.992,25,0.0846,0.6782,False
Welsh,艮卦-static,j,-0.965,7,0.0896,0.7116,False
Welsh,坤卦-static,ð,-1.228,6,0.0995,0.7631,False
Welsh,坤卦-dynamic,ɔ͡ɨ,0.884,10,0.0995,0.7631,False
Welsh,巽卦-static,ɡ,2.188,14,0.1045,0.7679,False
Welsh,震卦-static,u͡ɨ,0.923,20,0.1045,0.7679,False
Welsh,坤卦-dynamic,ɡ,0.9,66,0.1045,0.7679,False
Welsh,坤卦-dynamic,p,-0.886,14,0.1045,0.7679,False
Welsh,離卦-dynamic,ʊ,-0.944,8,0.1095,0.7723,False
Welsh,艮卦-static,a͡ɨ,0.897,6,0.1095,0.7723,False
Welsh,震卦-static,e,0.861,21,0.1095,0.7723,False
Welsh,震卦-static,j,-0.797,11,0.1095,0.7723,False
Welsh,兌卦-static,v,2.034,8,0.1343,0.7727,False
Welsh,中卦-static,ə͡ɪ,1.777,4,0.1144,0.7727,False
Welsh,中卦-static,j,1.751,9,0.1393,0.7727,False
Welsh,乾卦-static,a͡ʊ,1.481,6,0.1393,0.7727,False
Welsh,乾卦-static,b,1.463,14,0.1194,0.7727,False
Welsh,乾卦-static,m,1.429,19,0.1393,0.7727,False
Welsh,乾卦-static,s,1.421,23,0.1294,0.7727,False
Welsh,坤卦-static,ɨ,1.136,28,0.1244,0.7727,False
Welsh,震卦-dynamic,ə͡ɪ,1.069,8,0.1244,0.7727,False
Welsh,坤卦-static,x,1.058,9,0.1393,0.7727,False
Welsh,坎卦-static,v,-1.047,10,0.1343,0.7727,False
Welsh,震卦-dynamic,a͡ɨ,1.012,4,0.1393,0.7727,False
Welsh,離卦-dynamic,a͡ɪ,0.985,14,0.1244,0.7727,False
Welsh,艮卦-dynamic,ɔ,0.93,70,0.1194,0.7727,False
Welsh,艮卦-dynamic,a,-0.897,41,0.1244,0.7727,False
Welsh,艮卦-static,r,0.891,91,0.1393,0.7727,False
Welsh,坤卦-dynamic,ɬ,-0.889,10,0.1144,0.7727,False
Welsh,艮卦-static,s,-0.873,32,0.1393,0.7727,False
Welsh,離卦-dynamic,ɔ,0.872,82,0.1244,0.7727,False
Welsh,艮卦-static,t,0.866,40,0.1194,0.7727,False
Welsh,離卦-dynamic,e,-0.866,4,0.1294,0.7727,False
Welsh,震卦-static,ɬ,0.821,29,0.1194,0.7727,False
Welsh,震卦-static,n,0.817,110,0.1393,0.7727,False
Welsh,艮卦-dynamic,x,-0.8,3,0.1343,0.7727,False
Welsh,坤卦-dynamic,ɑ͡ɨ,-0.773,3,0.1343,0.7727,False
Welsh,坎卦-static,l,0.918,46,0.1443,0.7904,False
Welsh,坤卦-dynamic,d,0.68,78,0.1443,0.7904,False
Welsh,坎卦-dynamic,ɬ,1.445,10,0.1493,0.8126,False
Welsh,兌卦-static,k,1.996,10,0.1542,0.8295,False
Welsh,中卦-dynamic,t,1.804,8,0.1642,0.8382,False
Welsh,乾卦-static,l,-1.422,10,0.1692,0.8382,False
Welsh,坤卦-static,m,-1.028,6,0.1692,0.8382,False
Welsh,坎卦-static,h,-0.95,3,0.1642,0.8382,False
Welsh,坤卦-static,n,-0.935,25,0.1692,0.8382,False
Welsh,離卦-dynamic,o,0.751,21,0.1592,0.8382,False
Welsh,坤卦-dynamic,b,-0.706,18,0.1692,0.8382,False
Welsh,坤卦-dynamic,ð,0.679,31,0.1692,0.8382,False
Welsh,巽卦-static,ɔ,-1.745,3,0.1741,0.8485,False
Welsh,離卦-dynamic,t,-0.734,30,0.1741,0.8485,False
Welsh,中卦-dynamic,r,-1.771,9,0.1791,0.85,False
Welsh,震卦-dynamic,s,-1.014,19,0.1791,0.85,False
Welsh,坎卦-static,ɑ,0.815,12,0.1841,0.85,False
Welsh,離卦-dynamic,ɛ,-0.756,51,0.1841,0.85,False
Welsh,震卦-static,e͡ʊ,0.751,5,0.1841,0.85,False
Welsh,巽卦-dynamic,r,-2.013,7,0.1891,0.8685,False
Welsh,離卦-static,ɛ,2.051,11,0.209,0.8695,False
Welsh,離卦-static,l,2.041,8,0.194,0.8695,False
Welsh,兌卦-static,t,1.804,8,0.209,0.8695,False
Welsh,中卦-dynamic,l,-1.515,4,0.209,0.8695,False
Welsh,中卦-dynamic,h,1.507,5,0.2139,0.8695,False
Welsh,乾卦-static,ø,1.205,19,0.2139,0.8695,False
Welsh,坎卦-dynamic,k,-1.117,6,0.2139,0.8695,False
Welsh,震卦-dynamic,t,-0.98,12,0.199,0.8695,False
Welsh,艮卦-static,w,-0.817,7,0.199,0.8695,False
Welsh,震卦-dynamic,k,-0.793,14,0.209,0.8695,False
Welsh,坤卦-dynamic,ɑ,0.731,19,0.204,0.8695,False
Welsh,兌卦-dynamic,ʌ,0.731,44,0.209,0.8695,False
Welsh,艮卦-static,θ,-0.704,8,0.209,0.8695,False
Welsh,離卦-dynamic,ɬ,-0.699,13,0.204,0.8695,False
Welsh,兌卦-dynamic,ə͡ɪ,0.664,11,0.2139,0.8695,False
Welsh,坤卦-dynamic,w,0.654,22,0.199,0.8695,False
Welsh,震卦-static,h,-0.643,9,0.209,0.8695,False
Welsh,兌卦-dynamic,l,-0.711,38,0.2189,0.8736,False
Welsh,坎卦-dynamic,l,-1.231,10,0.2239,0.8815,False
Welsh,離卦-dynamic,j,0.684,35,0.2239,0.8815,False
Welsh,坤卦-static,j,-0.923,4,0.2289,0.8892,False
Welsh,艮卦-static,ɑ͡ɨ,0.741,10,0.2289,0.8892,False
Welsh,坤卦-dynamic,h,-0.603,10,0.2289,0.8892,False
Welsh,中卦-static,e,1.336,5,0.2338,0.8967,False
Welsh,坎卦-dynamic,p,-1.192,3,0.2338,0.8967,False
Welsh,巽卦-dynamic,ɨ,1.73,8,0.2438,0.9111,False
Welsh,中卦-static,a,-1.449,6,0.2438,0.9111,False
Welsh,坎卦-dynamic,v,-1.127,4,0.2438,0.9111,False
Welsh,離卦-dynamic,ø,0.631,56,0.2388,0.9111,False
Welsh,乾卦-dynamic,θ,1.854,5,0.2488,0.9142,False
Welsh,中卦-dynamic,i,1.539,3,0.2488,0.9142,False
Welsh,坎卦-static,o,-0.769,4,0.2488,0.9142,False
Welsh,艮卦-static,ʌ,-0.724,18,0.2488,0.9142,False
Welsh,兌卦-dynamic,t,-0.732,23,0.2587,0.9201,False
Welsh,艮卦-dynamic,o,0.67,17,0.2587,0.9201,False
Welsh,震卦-static,ø,-0.64,24,0.2587,0.9201,False
Welsh,巽卦-dynamic,j,1.84,5,0.2736,0.9238,False
Welsh,巽卦-static,d,-1.486,4,0.2736,0.9238,False
Welsh,中卦-dynamic,ɑ,1.473,3,0.2786,0.9238,False
Welsh,中卦-static,ð,1.457,7,0.2736,0.9238,False
Welsh,中卦-static,θ,1.333,6,0.2786,0.9238,False
Welsh,乾卦-static,k,-1.042,7,0.2687,0.9238,False
Welsh,震卦-dynamic,ð,-0.764,9,0.2786,0.9238,False
Welsh,艮卦-static,e,-0.733,4,0.2736,0.9238,False
Welsh,坎卦-static,m,0.722,31,0.2637,0.9238,False
Welsh,坎卦-static,j,-0.688,8,0.2687,0.9238,False
Welsh,巽卦-dynamic,ð,1.701,4,0.2886,0.9391,False
Welsh,中卦-static,p,1.206,6,0.2886,0.9391,False
Welsh,艮卦-static,a,0.633,65,0.2886,0.9391,False
Welsh,中卦-static,n,-1.145,10,0.2935,0.9403,False
Welsh,坎卦-dynamic,ɛ,-1.109,10,0.2935,0.9403,False
Welsh,坎卦-static,ɡ,-0.689,26,0.2985,0.9403,False
Welsh,艮卦-dynamic,j,0.577,28,0.2985,0.9403,False
Welsh,震卦-static,d,-0.527,46,0.2985,0.9403,False
Welsh,離卦-dynamic,ɡ,-0.504,48,0.2985,0.9403,False
Welsh,兌卦-dynamic,r,-0.496,77,0.2985,0.9403,False
Welsh,震卦-dynamic,v,0.765,22,0.3035,0.9425,False
Welsh,震卦-dynamic,m,0.758,25,0.3035,0.9425,False
Welsh,兌卦-dynamic,n,-0.582,58,0.3085,0.9513,False
Welsh,巽卦-dynamic,w,1.549,3,0.3333,0.9515,False
Welsh,巽卦-static,s,1.412,13,0.3333,0.9515,False
Welsh,巽卦-static,u͡ɨ,1.353,4,0.3184,0.9515,False
Welsh,巽卦-static,k,-1.349,3,0.3184,0.9515,False
Welsh,乾卦-static,p,1.048,9,0.3234,0.9515,False
Welsh,乾卦-static,r,0.841,34,0.3284,0.9515,False
Welsh,坎卦-static,ð,0.689,19,0.3284,0.9515,False
Welsh,坎卦-static,f,-0.682,3,0.3284,0.9515,False
Welsh,艮卦-dynamic,ʌ,0.614,46,0.3284,0.9515,False
Welsh,艮卦-static,v,-0.613,18,0.3184,0.9515,False
Welsh,兌卦-dynamic,x,0.601,14,0.3184,0.9515,False
Welsh,坤卦-dynamic,θ,-0.552,12,0.3284,0.9515,False
Welsh,艮卦-dynamic,f,-0.543,6,0.3284,0.9515,False
Welsh,兌卦-dynamic,e,0.53,15,0.3234,0.9515,False
Welsh,兌卦-dynamic,θ,-0.522,10,0.3333,0.9515,False
Welsh,震卦-static,b,-0.497,20,0.3184,0.9515,False
Welsh,坤卦-dynamic,o,-0.488,9,0.3184,0.9515,False
Welsh,震卦-static,s,0.488,61,0.3184,0.9515,False
Welsh,離卦-static,p,1.574,3,0.3383,0.9521,False
Welsh,中卦-static,t,-1.193,4,0.3433,0.9521,False
Welsh,坤卦-static,k,-0.655,13,0.3433,0.9521,False
Welsh,坤卦-static,d,0.654,32,0.3433,0.9521,False
Welsh,坎卦-static,ɨ,-0.595,20,0.3433,0.9521,False
Welsh,艮卦-dynamic,ʃ,0.548,5,0.3433,0.9521,False
Welsh,震卦-static,ə͡ɪ,-0.492,5,0.3433,0.9521,False
Welsh,乾卦-static,ɛ,-0.871,13,0.3483,0.9569,False
Welsh,乾卦-static,d,-0.801,12,0.3483,0.9569,False
Welsh,乾卦-dynamic,i,1.287,3,0.3532,0.9586,False
Welsh,艮卦-dynamic,m,-0.534,22,0.3532,0.9586,False
Welsh,乾卦-static,ð,-0.917,5,0.3632,0.9708,False
Welsh,乾卦-static,t,0.854,15,0.3682,0.9708,False
Welsh,震卦-dynamic,r,0.614,55,0.3731,0.9708,False
Welsh,坤卦-dynamic,s,-0.533,47,0.3731,0.9708,False
Welsh,震卦-static,o,-0.441,9,0.3731,0.9708,False
Welsh,震卦-static,ɑ,0.428,16,0.3731,0.9708,False
Welsh,坤卦-dynamic,ɪ͡u,0.408,5,0.3632,0.9708,False
Welsh,離卦-dynamic,ɨ,-0.487,37,0.3831,0.9737,False
Welsh,坤卦-dynamic,f,-0.447,8,0.3831,0.9737,False
Welsh,離卦-static,ʊ,1.492,3,0.4328,0.9739,False
Welsh,離卦-static,b,1.411,4,0.4129,0.9739,False
Welsh,兌卦-static,l,1.299,10,0.4179,0.9739,False
Welsh,巽卦-static,f,1.251,5,0.393,0.9739,False
Welsh,中卦-dynamic,j,1.231,5,0.4328,0.9739,False
Welsh,乾卦-dynamic,r,1.115,16,0.4527,0.9739,False
Welsh,兌卦-static,a,-1.103,5,0.4478,0.9739,False
Welsh,兌卦-static,s,1.094,9,0.4328,0.9739,False
Welsh,巽卦-static,a,-1.04,7,0.398,0.9739,False
Welsh,中卦-static,m,-0.948,3,0.4527,0.9739,False
Welsh,中卦-static,l,0.93,14,0.4478,0.9739,False
Welsh,中卦-static,ɛ,0.912,18,0.4478,0.9739,False
Welsh,中卦-static,k,-0.891,5,0.4527,0.9739,False
Welsh,乾卦-static,ɡ,-0.775,12,0.398,0.9739,False
Welsh,坎卦-dynamic,n,0.759,30,0.4378,0.9739,False
Welsh,坎卦-dynamic,w,0.726,6,0.4527,0.9739,False
Welsh,乾卦-static,ʊ,-0.703,3,0.4428,0.9739,False
Welsh,坎卦-dynamic,ʊ,0.695,7,0.408,0.9739,False
Welsh,坤卦-static,l,0.624,29,0.4428,0.9739,False
Welsh,震卦-dynamic,d,0.605,37,0.393,0.9739,False
Welsh,坤卦-static,ø,-0.571,11,0.408,0.9739,False
Welsh,坤卦-static,ʊ,-0.549,5,0.4279,0.9739,False
Welsh,坎卦-static,ʊ,0.533,15,0.403,0.9739,False
Welsh,震卦-dynamic,ʊ,-0.527,6,0.4378,0.9739,False
Welsh,震卦-dynamic,ʌ,0.505,24,0.398,0.9739,False
Welsh,坤卦-static,v,0.503,17,0.4428,0.9739,False
Welsh,艮卦-static,ø,-0.485,22,0.4229,0.9739,False
Welsh,兌卦-dynamic,ɑ͡ɨ,-0.48,4,0.403,0.9739,False
Welsh,艮卦-dynamic,i,0.455,15,0.4478,0.9739,False
Welsh,艮卦-dynamic,ɨ,0.455,48,0.4527,0.9739,False
Welsh,離卦-dynamic,ə͡ɨ,0.453,4,0.4229,0.9739,False
Welsh,坎卦-static,a,-0.447,35,0.4428,0.9739,False
Welsh,艮卦-static,ɑ,0.441,13,0.4279,0.9739,False
Welsh,離卦-dynamic,p,-0.439,19,0.4428,0.9739,False
Welsh,兌卦-dynamic,d,-0.43,41,0.4328,0.9739,False
Welsh,兌卦-dynamic,ə͡ɨ,0.423,3,0.4179,0.9739,False
Welsh,震卦-static,f,-0.42,8,0.403,0.9739,False
Welsh,坤卦-dynamic,ʌ,-0.408,30,0.408,0.9739,False
Welsh,兌卦-dynamic,ɨ,0.407,43,0.4527,0.9739,False
Welsh,兌卦-dynamic,b,-0.406,18,0.4478,0.9739,False
Welsh,震卦-static,a͡ʊ,-0.405,4,0.4378,0.9739,False
Welsh,坤卦-dynamic,a͡ɪ,-0.402,4,0.4229,0.9739,False
Welsh,離卦-static,k,1.43,6,0.4577,0.9751,False
Welsh,離卦-dynamic,m,-0.407,29,0.4577,0.9751,False
Welsh,震卦-static,x,-0.401,7,0.4577,0.9751,False
Welsh,巽卦-dynamic,l,1.172,8,0.4627,0.9763,False
Welsh,兌卦-dynamic,h,0.478,21,0.4627,0.9763,False
Welsh,震卦-static,ɛ,0.384,78,0.4627,0.9763,False
Welsh,中卦-static,r,0.94,22,0.4677,0.9774,False
Welsh,中卦-dynamic,a,0.873,11,0.4677,0.9774,False
Welsh,艮卦-static,x,-0.356,6,0.4677,0.9774,False
Welsh,坎卦-static,ʌ,0.491,30,0.4726,0.9855,False
Welsh,巽卦-dynamic,a,1.255,10,0.4776,0.9865,False
Welsh,乾卦-dynamic,t,-1.11,3,0.4776,0.9865,False
Welsh,震卦-dynamic,b,-0.521,10,0.4776,0.9865,False
Welsh,離卦-dynamic,a͡ɨ,0.378,6,0.4776,0.9865,False
Welsh,艮卦-static,ɔ,0.427,52,0.4826,0.9899,False
Welsh,離卦-dynamic,r,0.329,115,0.4826,0.9899,False
Welsh,乾卦-dynamic,f,1.251,4,0.4925,0.9919,False
Welsh,離卦-static,s,-1.229,3,0.5373,0.9919,False
Welsh,離卦-static,ɡ,-1.161,3,0.4925,0.9919,False
Welsh,離卦-static,ɔ,1.122,7,0.5721,0.9919,False
Welsh,巽卦-dynamic,ɛ,-1.037,4,0.5423,0.9919,False
Welsh,兌卦-static,ɨ,1.029,8,0.5373,0.9919,False
Welsh,巽卦-static,v,0.972,8,0.5323,0.9919,False
Welsh,巽卦-static,l,-0.957,7,0.4876,0.9919,False
Welsh,中卦-dynamic,s,-0.901,5,0.5373,0.9919,False
Welsh,兌卦-static,ð,0.883,4,0.5771,0.9919,False
Welsh,中卦-static,b,-0.838,3,0.5423,0.9919,False
Welsh,兌卦-static,ɡ,-0.796,5,0.5672,0.9919,False
Welsh,坎卦-dynamic,ʌ,-0.755,6,0.4925,0.9919,False
Welsh,坎卦-dynamic,j,0.749,9,0.5025,0.9919,False
Welsh,坎卦-dynamic,ɨ,-0.721,8,0.5274,0.9919,False
Welsh,中卦-static,ø,0.68,10,0.5721,0.9919,False
Welsh,巽卦-static,ø,-0.677,4,0.5721,0.9919,False
Welsh,坎卦-dynamic,u͡ɨ,0.664,5,0.5423,0.9919,False
Welsh,坎卦-dynamic,o,0.643,5,0.4925,0.9919,False
Welsh,坎卦-dynamic,m,-0.635,6,0.5274,0.9919,False
Welsh,乾卦-static,ɔ,-0.572,13,0.5373,0.9919,False
Welsh,乾卦-static,a,-0.537,16,0.5522,0.9919,False
Welsh,震卦-dynamic,ø,-0.47,14,0.5672,0.9919,False
Welsh,坤卦-static,a,0.458,33,0.5473,0.9919,False
Welsh,坤卦-static,a͡ɪ,0.452,4,0.5771,0.9919,False
Welsh,震卦-dynamic,h,-0.443,6,0.5174,0.9919,False
Welsh,坤卦-static,o,-0.411,4,0.5771,0.9919,False
Welsh,艮卦-static,h,-0.402,10,0.4925,0.9919,False
Welsh,坎卦-static,ɔ,-0.379,30,0.5274,0.9919,False
Welsh,坎卦-static,ə͡ɪ,0.373,7,0.5771,0.9919,False
Welsh,艮卦-dynamic,ɛ,-0.365,53,0.4975,0.9919,False
Welsh,兌卦-dynamic,ɡ,0.35,47,0.5572,0.9919,False
Welsh,兌卦-dynamic,e͡ʊ,0.347,3,0.5473,0.9919,False
Welsh,坤卦-dynamic,ŋ,-0.342,3,0.5323,0.9919,False
Welsh,離卦-dynamic,n,0.335,106,0.5771,0.9919,False
Welsh,離卦-dynamic,ɑ,0.335,17,0.5622,0.9919,False
Welsh,兌卦-dynamic,ɑ,0.332,13,0.5274,0.9919,False
Welsh,兌卦-dynamic,p,0.326,20,0.5174,0.9919,False
Welsh,離卦-dynamic,k,-0.325,40,0.5871,0.9919,False
Welsh,艮卦-dynamic,h,0.324,21,0.5821,0.9919,False
Welsh,震卦-static,l,0.32,62,0.5473,0.9919,False
Welsh,坤卦-dynamic,v,0.309,38,0.5821,0.9919,False
Welsh,坤卦-dynamic,a,0.306,76,0.5672,0.9919,False
Welsh,艮卦-dynamic,p,-0.304,17,0.5373,0.9919,False
Welsh,艮卦-dynamic,ɑ,-0.304,10,0.5274,0.9919,False
Welsh,艮卦-dynamic,ə͡ɨ,0.301,3,0.5721,0.9919,False
Welsh,震卦-dynamic,a͡ʊ,0.295,5,0.5871,0.9919,False
Welsh,艮卦-dynamic,ə͡ɪ,-0.281,6,0.5771,0.9919,False
Welsh,艮卦-static,i,-0.276,9,0.5672,0.9919,False
Welsh,艮卦-dynamic,u͡ɨ,0.267,14,0.5821,0.9919,False
Welsh,震卦-dynamic,θ,-0.329,7,0.592,0.9965,False
Welsh,艮卦-dynamic,ð,-0.307,20,0.592,0.9965,False
Welsh,震卦-dynamic,p,-0.37,9,0.597,0.9992,False
Welsh,艮卦-static,o,-0.333,8,0.597,0.9992,False
Welsh,巽卦-dynamic,s,0.85,7,0.602,0.9999,False
Welsh,中卦-dynamic,m,0.646,6,0.602,0.9999,False
Welsh,坎卦-static,ɪ͡u,0.384,3,0.602,0.9999,False
Welsh,坤卦-static,r,-0.382,40,0.602,0.9999,False
Welsh,巽卦-dynamic,ɔ,-0.788,4,0.6318,1.0,False
Welsh,乾卦-dynamic,h,0.785,4,0.7065,1.0,False
Welsh,巽卦-dynamic,k,-0.737,3,0.6766,1.0,False
Welsh,巽卦-static,r,-0.721,15,0.6269,1.0,False
Welsh,中卦-dynamic,ɔ,0.712,9,0.6517,1.0,False
Welsh,兌卦-static,r,0.704,14,0.6567,1.0,False
Welsh,中卦-dynamic,ɛ,0.676,11,0.6219,1.0,False
Welsh,兌卦-static,ø,-0.664,3,0.6716,1.0,False
Welsh,乾卦-dynamic,v,-0.645,3,0.7065,1.0,False
Welsh,乾卦-dynamic,ð,0.606,4,0.6667,1.0,False
Welsh,中卦-static,w,0.603,4,0.6418,1.0,False
Welsh,乾卦-dynamic,d,0.596,10,0.7413,1.0,False
Welsh,巽卦-static,t,-0.593,5,0.7164,1.0,False
Welsh,中卦-dynamic,ɨ,-0.593,4,0.6418,1.0,False
Welsh,巽卦-static,o,0.569,3,0.7662,1.0,False
Welsh,乾卦-dynamic,ɔ,-0.535,6,0.6965,1.0,False
Welsh,中卦-dynamic,v,-0.533,3,0.6219,1.0,False
Welsh,兌卦-static,n,-0.508,9,0.7214,1.0,False
Welsh,乾卦-dynamic,j,0.502,4,0.6716,1.0,False
Welsh,乾卦-dynamic,k,0.485,7,0.7612,1.0,False
Welsh,中卦-dynamic,d,-0.484,6,0.7114,1.0,False
Welsh,兌卦-static,d,-0.484,6,0.7313,1.0,False
Welsh,坎卦-dynamic,a,-0.474,15,0.6169,1.0,False
Welsh,巽卦-static,ʌ,0.468,8,0.6866,1.0,False
Welsh,中卦-static,ʌ,0.464,9,0.7065,1.0,False
Welsh,乾卦-static,i,-0.463,3,0.6716,1.0,False
Welsh,坎卦-dynamic,ø,0.458,13,0.6766,1.0,False
Welsh,乾卦-dynamic,ɛ,0.452,11,0.7363,1.0,False
Welsh,中卦-static,s,-0.442,9,0.7065,1.0,False
Welsh,乾卦-dynamic,n,-0.438,10,0.796,1.0,False
Welsh,巽卦-static,p,-0.405,3,0.8557,1.0,False
Welsh,坎卦-dynamic,x,0.384,4,0.7164,1.0,False
Welsh,兌卦-static,ɔ,-0.376,6,0.8408,1.0,False
Welsh,坎卦-dynamic,b,-0.373,6,0.7363,1.0,False
Welsh,中卦-static,ɬ,-0.37,3,0.7861,1.0,False
Welsh,中卦-static,d,0.36,13,0.7612,1.0,False
Welsh,中卦-dynamic,b,0.356,4,0.8657,1.0,False
Welsh,乾卦-static,h,0.356,7,0.7114,1.0,False
Welsh,坎卦-dynamic,ə͡ɪ,0.354,3,0.7463,1.0,False
Welsh,坤卦-static,w,0.351,8,0.6965,1.0,False
Welsh,乾卦-static,v,-0.348,8,0.6866,1.0,False
Welsh,乾卦-dynamic,l,-0.348,7,0.8458,1.0,False
Welsh,中卦-static,ɨ,-0.347,7,0.8159,1.0,False
Welsh,震卦-dynamic,e,0.339,8,0.6318,1.0,False
Welsh,中卦-dynamic,ɬ,0.337,3,0.8358,1.0,False
Welsh,乾卦-dynamic,ɨ,-0.336,5,0.8209,1.0,False
Welsh,乾卦-static,n,-0.335,23,0.7413,1.0,False
Welsh,乾卦-dynamic,ʌ,0.325,6,0.8259,1.0,False
Welsh,巽卦-dynamic,n,-0.317,8,0.8856,1.0,False
Welsh,中卦-dynamic,ɡ,0.313,7,0.8209,1.0,False
Welsh,乾卦-dynamic,a,-0.308,8,0.8358,1.0,False
Welsh,乾卦-dynamic,s,0.303,8,0.8159,1.0,False
Welsh,坎卦-static,r,0.299,66,0.6716,1.0,False
Welsh,震卦-dynamic,ɑ͡ɨ,-0.29,3,0.6915,1.0,False
Welsh,離卦-dynamic,x,0.289,15,0.6667,1.0,False
Welsh,乾卦-static,ɬ,-0.283,5,0.7761,1.0,False
Welsh,中卦-dynamic,n,0.281,12,0.8308,1.0,False
Welsh,兌卦-dynamic,k,0.281,40,0.6169,1.0,False
Welsh,坎卦-static,ɛ,-0.276,38,0.6816,1.0,False
Welsh,兌卦-dynamic,j,0.276,22,0.6915,1.0,False
Welsh,兌卦-dynamic,a,-0.274,50,0.6766,1.0,False
Welsh,震卦-dynamic,f,-0.273,5,0.6965,1.0,False
Welsh,坎卦-dynamic,ɡ,0.263,15,0.8209,1.0,False
Welsh,巽卦-static,m,-0.261,5,0.8159,1.0,False
Welsh,離卦-dynamic,θ,0.259,22,0.6915,1.0,False
Welsh,巽卦-static,b,-0.253,4,0.8109,1.0,False
Welsh,艮卦-dynamic,v,0.251,33,0.6667,1.0,False
Welsh,乾卦-static,θ,0.249,6,0.791,1.0,False
Welsh,艮卦-static,l,0.24,49,0.6617,1.0,False
Welsh,離卦-dynamic,v,-0.24,31,0.6965,1.0,False
Welsh,艮卦-dynamic,l,-0.238,49,0.6517,1.0,False
Welsh,離卦-static,t,-0.238,3,0.9204,1.0,False
Welsh,震卦-dynamic,a͡ɪ,0.236,4,0.791,1.0,False
Welsh,兌卦-static,b,-0.233,3,0.8209,1.0,False
Welsh,艮卦-static,b,-0.232,19,0.6716,1.0,False
Welsh,艮卦-static,u,0.232,4,0.7114,1.0,False
Welsh,坤卦-dynamic,m,-0.231,31,0.6816,1.0,False
Welsh,艮卦-dynamic,s,0.231,53,0.7363,1.0,False
Welsh,震卦-dynamic,n,0.23,47,0.7065,1.0,False
Welsh,兌卦-dynamic,ɔ,0.229,51,0.6965,1.0,False
Welsh,坤卦-dynamic,i,-0.226,12,0.6915,1.0,False
Welsh,離卦-dynamic,ɑ͡ɨ,-0.225,7,0.7015,1.0,False
Welsh,巽卦-static,w,0.224,3,0.8557,1.0,False
Welsh,離卦-static,r,0.223,9,0.9403,1.0,False
Welsh,震卦-dynamic,ɛ,-0.221,31,0.7562,1.0,False
Welsh,艮卦-dynamic,ɬ,-0.218,16,0.6915,1.0,False
Welsh,震卦-static,ʊ,0.217,20,0.6617,1.0,False
Welsh,坎卦-static,ɬ,-0.216,11,0.7861,1.0,False
Welsh,震卦-static,ə͡ɨ,0.212,3,0.6866,1.0,False
Welsh,震卦-static,θ,-0.211,15,0.607,1.0,False
Welsh,坎卦-dynamic,ɑ,0.21,4,0.8507,1.0,False
Welsh,坤卦-dynamic,t,-0.209,36,0.7463,1.0,False
Welsh,震卦-dynamic,l,-0.209,27,0.7711,1.0,False
Welsh,坎卦-dynamic,i,0.208,4,0.8806,1.0,False
Welsh,坤卦-dynamic,n,0.207,96,0.6766,1.0,False
Welsh,坎卦-static,s,-0.207,32,0.7562,1.0,False
Welsh,乾卦-static,ʌ,-0.201,10,0.8756,1.0,False
Welsh,巽卦-dynamic,v,-0.2,3,0.9502,1.0,False
Welsh,巽卦-static,ɬ,-0.197,3,0.9453,1.0,False
Welsh,巽卦-dynamic,ɡ,-0.197,5,0.8806,1.0,False
Welsh,中卦-static,ʊ,-0.195,3,0.8806,1.0,False
Welsh,震卦-static,a,0.192,70,0.7313,1.0,False
Welsh,坤卦-static,t,-0.191,15,0.7861,1.0,False
Welsh,坎卦-dynamic,d,-0.184,15,0.8209,1.0,False
Welsh,震卦-static,w,-0.184,14,0.7512,1.0,False
Welsh,兌卦-dynamic,u,0.179,4,0.806,1.0,False
Welsh,震卦-dynamic,ɨ,-0.177,20,0.8458,1.0,False
Welsh,兌卦-dynamic,ɬ,-0.176,15,0.7313,1.0,False
Welsh,離卦-dynamic,u͡ɨ,-0.174,13,0.7363,1.0,False
Welsh,震卦-dynamic,j,-0.172,10,0.8209,1.0,False
Welsh,艮卦-static,ʃ,0.171,3,0.8109,1.0,False
Welsh,艮卦-dynamic,t,0.171,37,0.791,1.0,False
Welsh,震卦-static,ɔ͡ɨ,-0.171,3,0.7811,1.0,False
Welsh,艮卦-dynamic,ø,0.167,38,0.7612,1.0,False
Welsh,中卦-static,ɔ,-0.166,10,0.9204,1.0,False
Welsh,艮卦-dynamic,ɨ͡u,0.163,4,0.8159,1.0,False
Welsh,坎卦-static,ø,0.159,26,0.791,1.0,False
Welsh,坎卦-dynamic,r,0.158,28,0.9055,1.0,False
Welsh,震卦-dynamic,ɑ,-0.156,6,0.8557,1.0,False
Welsh,中卦-dynamic,k,-0.155,5,0.9055,1.0,False
Welsh,震卦-static,v,0.155,34,0.7114,1.0,False
Welsh,坤卦-dynamic,k,-0.153,41,0.7015,1.0,False
Welsh,坎卦-dynamic,ð,0.148,7,0.9005,1.0,False
Welsh,離卦-dynamic,ʃ,0.147,4,0.8607,1.0,False
Welsh,兌卦-dynamic,u͡ɨ,0.146,12,0.8358,1.0,False
Welsh,震卦-static,i,0.144,14,0.791,1.0,False
Welsh,坤卦-dynamic,j,-0.143,21,0.806,1.0,False
Welsh,兌卦-dynamic,v,-0.143,25,0.8358,1.0,False
Welsh,艮卦-dynamic,b,-0.142,23,0.791,1.0,False
Welsh,艮卦-dynamic,ɔ͡ɨ,-0.135,3,0.801,1.0,False
Welsh,離卦-dynamic,ʌ,0.134,44,0.791,1.0,False
Welsh,艮卦-dynamic,n,-0.133,76,0.7811,1.0,False
Welsh,坤卦-static,ɡ,-0.132,21,0.8507,1.0,False
Welsh,震卦-dynamic,o,0.132,7,0.8209,1.0,False
Welsh,坎卦-static,t,0.125,25,0.8706,1.0,False
Welsh,震卦-static,ð,-0.125,23,0.8259,1.0,False
Welsh,艮卦-dynamic,k,-0.122,37,0.8209,1.0,False
Welsh,兌卦-dynamic,ə,-0.122,4,0.8856,1.0,False
Welsh,兌卦-static,ɛ,0.118,9,0.9303,1.0,False
Welsh,乾卦-dynamic,p,0.115,3,0.9154,1.0,False
Welsh,坤卦-static,ʌ,-0.113,15,0.8458,1.0,False
Welsh,兌卦-dynamic,w,0.113,14,0.8259,1.0,False
Welsh,坤卦-dynamic,ɨ,0.112,47,0.8607,1.0,False
Welsh,震卦-dynamic,i,0.111,7,0.8706,1.0,False
Welsh,艮卦-dynamic,θ,0.107,17,0.8259,1.0,False
Welsh,坤卦-dynamic,ə͡ɪ,-0.106,8,0.8209,1.0,False
Welsh,乾卦-dynamic,m,0.105,5,0.9303,1.0,False
Welsh,坤卦-dynamic,l,0.102,61,0.806,1.0,False
Welsh,震卦-dynamic,a,-0.102,32,0.8955,1.0,False
Welsh,離卦-dynamic,b,-0.101,28,0.8408,1.0,False
Welsh,巽卦-static,ð,-0.097,4,0.9453,1.0,False
Welsh,震卦-static,ʌ,-0.097,35,0.8408,1.0,False
Welsh,坎卦-dynamic,f,0.091,4,0.9602,1.0,False
Welsh,坎卦-dynamic,t,-0.091,10,0.9154,1.0,False
Welsh,震卦-static,m,0.09,36,0.8607,1.0,False
Welsh,坤卦-static,ɛ,-0.088,28,0.9005,1.0,False
Welsh,艮卦-static,ʊ,0.087,15,0.8657,1.0,False
Welsh,兌卦-dynamic,ð,0.085,21,0.8905,1.0,False
Welsh,坎卦-dynamic,θ,0.084,5,0.9602,1.0,False
Welsh,震卦-static,ɪ͡u,-0.084,3,0.8557,1.0,False
Welsh,艮卦-static,ə,-0.082,4,0.8806,1.0,False
Welsh,艮卦-static,f,-0.072,10,0.9055,1.0,False
Welsh,坎卦-static,u͡ɨ,-0.069,8,0.8955,1.0,False
Welsh,兌卦-dynamic,f,0.067,12,0.8905,1.0,False
Welsh,坎卦-static,n,0.066,56,0.9104,1.0,False
Welsh,艮卦-dynamic,w,-0.059,14,0.8856,1.0,False
Welsh,坎卦-static,p,-0.057,13,0.9453,1.0,False
Welsh,離卦-dynamic,a,-0.057,71,0.9005,1.0,False
Welsh,艮卦-dynamic,e,0.056,12,0.9154,1.0,False
Welsh,坎卦-static,a͡ʊ,0.053,5,0.9602,1.0,False
Welsh,坎卦-dynamic,s,0.051,15,0.9403,1.0,False
Welsh,乾卦-dynamic,ø,-0.05,5,0.9652,1.0,False
Welsh,坤卦-dynamic,ø,0.043,40,0.9453,1.0,False
Welsh,坎卦-static,d,0.041,38,0.9502,1.0,False
Welsh,艮卦-dynamic,ʊ,-0.037,16,0.9204,1.0,False
Welsh,巽卦-dynamic,ø,0.036,4,0.9851,1.0,False
Welsh,艮卦-dynamic,ɑ͡ɨ,-0.032,7,0.9602,1.0,False
Welsh,艮卦-static,ɛ,0.031,55,0.9502,1.0,False
Welsh,離卦-dynamic,d,-0.031,64,0.9751,1.0,False
Welsh,艮卦-static,a͡ɪ,-0.03,5,0.9602,1.0,False
Welsh,坤卦-dynamic,x,-0.029,11,0.9652,1.0,False
Welsh,乾卦-dynamic,ɡ,0.029,7,0.9801,1.0,False
Welsh,艮卦-static,ɡ,0.024,41,0.9303,1.0,False
Welsh,艮卦-static,m,0.022,28,0.9552,1.0,False
Welsh,震卦-static,u,0.022,4,0.9701,1.0,False
Welsh,離卦-dynamic,f,0.02,15,0.995,1.0,False
Welsh,坎卦-static,e,0.019,8,0.9801,1.0,False
Welsh,坎卦-static,ɑ͡ɨ,0.015,5,0.9851,1.0,False
Welsh,坎卦-static,k,0.014,27,0.99,1.0,False
Welsh,坎卦-static,w,0.013,10,0.995,1.0,False
Welsh,艮卦-static,a͡ʊ,0.006,6,0.995,1.0,False
Welsh,艮卦-dynamic,ŋ,0.006,4,1.0,1.0,False
Welsh,坎卦-static,θ,0.004,11,0.995,1.0,False
Welsh,兌卦-dynamic,m,-0.003,29,0.99,1.0,False
Welsh,乾卦-static,ɨ,-0.001,13,1.0,1.0,False
