language,pole,phoneme,z,count,p_perm,q_fdr,significant
Arabic,離卦-dynamic,j,3.429,13,0.005,0.2886,False
Arabic,兌卦-static,w,3.28,5,0.005,0.2886,False
Arabic,艮卦-static,f,2.898,29,0.005,0.2886,False
Arabic,兌卦-dynamic,a,2.872,556,0.005,0.2886,False
Arabic,坤卦-static,h,2.656,9,0.005,0.2886,False
Arabic,兌卦-dynamic,i,-2.38,50,0.005,0.2886,False
Arabic,兌卦-dynamic,t,-1.727,36,0.005,0.2886,False
Arabic,離卦-static,s̪,1.721,22,0.005,0.2886,False
Arabic,中卦-static,i,1.356,198,0.005,0.2886,False
Arabic,坤卦-dynamic,b,1.619,72,0.01,0.4722,False
Arabic,離卦-static,f,1.571,41,0.01,0.4722,False
Arabic,坎卦-static,t̪,2.952,7,0.0149,0.5194,False
Arabic,坤卦-static,ɣ,2.847,9,0.0149,0.5194,False
Arabic,坎卦-dynamic,ʔ,2.509,33,0.0199,0.5194,False
Arabic,巽卦-static,d,2.27,11,0.0249,0.5194,False
Arabic,乾卦-static,ʃ,2.255,9,0.0249,0.5194,False
Arabic,乾卦-static,k,2.165,10,0.0149,0.5194,False
Arabic,離卦-dynamic,ʕ,1.706,21,0.0249,0.5194,False
Arabic,兌卦-dynamic,u,-1.639,21,0.0149,0.5194,False
Arabic,離卦-static,b,1.636,42,0.0249,0.5194,False
Arabic,乾卦-dynamic,s̪,1.488,25,0.0249,0.5194,False
Arabic,艮卦-dynamic,r,1.452,83,0.0249,0.5194,False
Arabic,震卦-static,d͡ʒ,1.193,45,0.0199,0.5194,False
Arabic,坤卦-dynamic,i,1.17,172,0.0199,0.5194,False
Arabic,兌卦-dynamic,k,1.073,36,0.0249,0.5194,False
Arabic,坎卦-dynamic,z,2.641,15,0.0299,0.5373,False
Arabic,巽卦-static,d͡ʒ,2.338,7,0.0299,0.5373,False
Arabic,震卦-static,i,-1.215,104,0.0299,0.5373,False
Arabic,震卦-static,t,1.195,122,0.0299,0.5373,False
Arabic,兌卦-static,z,2.469,7,0.0348,0.5681,False
Arabic,坤卦-static,χ,1.828,9,0.0348,0.5681,False
Arabic,中卦-static,r,-1.095,45,0.0348,0.5681,False
Arabic,艮卦-static,q,1.689,24,0.0398,0.6111,False
Arabic,乾卦-dynamic,ʔ,1.139,76,0.0398,0.6111,False
Arabic,乾卦-static,r,2.077,25,0.0448,0.6317,False
Arabic,巽卦-static,q,2.062,11,0.0448,0.6317,False
Arabic,兌卦-dynamic,b,1.085,56,0.0448,0.6317,False
Arabic,中卦-dynamic,n,3.576,5,0.0498,0.6493,False
Arabic,震卦-dynamic,a,1.189,308,0.0498,0.6493,False
Arabic,震卦-dynamic,i,-1.185,60,0.0498,0.6493,False
Arabic,兌卦-static,d,2.345,10,0.0597,0.6631,False
Arabic,兌卦-static,χ,2.228,5,0.0547,0.6631,False
Arabic,巽卦-static,ʕ,2.111,9,0.0597,0.6631,False
Arabic,坎卦-dynamic,s̪,1.908,9,0.0597,0.6631,False
Arabic,震卦-dynamic,k,-1.133,5,0.0597,0.6631,False
Arabic,震卦-dynamic,d͡ʒ,1.116,25,0.0547,0.6631,False
Arabic,坤卦-dynamic,l,-0.867,68,0.0597,0.6631,False
Arabic,艮卦-dynamic,j,1.275,14,0.0647,0.689,False
Arabic,中卦-static,n,0.862,96,0.0647,0.689,False
Arabic,坤卦-static,s,-1.53,3,0.0697,0.7272,False
Arabic,震卦-dynamic,ʕ,-1.074,11,0.0796,0.7695,False
Arabic,乾卦-dynamic,d,-1.034,22,0.0796,0.7695,False
Arabic,中卦-static,l,0.841,138,0.0796,0.7695,False
Arabic,中卦-static,d͡ʒ,-0.677,16,0.0796,0.7695,False
Arabic,乾卦-static,ħ,1.735,10,0.0846,0.7884,False
Arabic,震卦-static,d,-0.863,37,0.0846,0.7884,False
Arabic,中卦-dynamic,s,3.159,3,0.1045,0.814,False
Arabic,乾卦-dynamic,b,0.992,45,0.0945,0.814,False
Arabic,離卦-static,m,-0.971,25,0.0995,0.814,False
Arabic,艮卦-dynamic,i,-0.969,69,0.1045,0.814,False
Arabic,震卦-dynamic,m,-0.918,28,0.1045,0.814,False
Arabic,中卦-static,z,-0.764,8,0.0995,0.814,False
Arabic,中卦-static,m,0.754,111,0.1045,0.814,False
Arabic,中卦-static,ʃ,-0.691,16,0.1045,0.814,False
Arabic,震卦-static,ʔ,0.865,107,0.1095,0.828,False
Arabic,中卦-static,t̪,0.767,31,0.1144,0.8413,False
Arabic,中卦-static,k,0.664,39,0.1144,0.8413,False
Arabic,震卦-dynamic,b,-0.876,22,0.1194,0.8538,False
Arabic,兌卦-dynamic,ʔ,-0.73,43,0.1194,0.8538,False
Arabic,巽卦-dynamic,ħ,2.512,4,0.1343,0.8936,False
Arabic,巽卦-dynamic,ʃ,2.255,3,0.1592,0.8936,False
Arabic,坎卦-static,k,1.654,6,0.1592,0.8936,False
Arabic,乾卦-static,i,1.379,31,0.1493,0.8936,False
Arabic,坎卦-dynamic,r,-1.375,7,0.1443,0.8936,False
Arabic,艮卦-static,t,1.211,33,0.1343,0.8936,False
Arabic,離卦-dynamic,a,1.149,154,0.1343,0.8936,False
Arabic,坤卦-static,q,-1.134,3,0.1493,0.8936,False
Arabic,艮卦-dynamic,u,-0.897,36,0.1542,0.8936,False
Arabic,艮卦-dynamic,ʃ,-0.884,8,0.1443,0.8936,False
Arabic,震卦-static,r,0.766,111,0.1542,0.8936,False
Arabic,坤卦-dynamic,s̪,0.721,25,0.1294,0.8936,False
Arabic,坤卦-dynamic,w,-0.691,6,0.1542,0.8936,False
Arabic,坤卦-dynamic,ħ,0.68,42,0.1592,0.8936,False
Arabic,兌卦-dynamic,ʃ,-0.652,13,0.1542,0.8936,False
Arabic,坤卦-dynamic,t,-0.61,68,0.1443,0.8936,False
Arabic,中卦-static,d,0.607,67,0.1592,0.8936,False
Arabic,中卦-static,f,-0.565,29,0.1393,0.8936,False
Arabic,乾卦-dynamic,k,-0.831,9,0.1642,0.9117,False
Arabic,艮卦-static,ʕ,0.999,16,0.1741,0.9257,False
Arabic,艮卦-static,b,-0.965,10,0.1741,0.9257,False
Arabic,震卦-dynamic,t,0.818,64,0.1741,0.9257,False
Arabic,艮卦-dynamic,a,0.734,304,0.1791,0.9257,False
Arabic,坤卦-dynamic,z,-0.661,9,0.1791,0.9257,False
Arabic,巽卦-dynamic,t,2.322,8,0.194,0.9403,False
Arabic,巽卦-static,t,-1.394,6,0.204,0.9403,False
Arabic,坎卦-static,d,-1.35,3,0.199,0.9403,False
Arabic,乾卦-static,u,1.227,24,0.1891,0.9403,False
Arabic,乾卦-static,l,-1.182,10,0.204,0.9403,False
Arabic,乾卦-static,θ,1.156,3,0.199,0.9403,False
Arabic,震卦-dynamic,t̪,-0.775,4,0.1891,0.9403,False
Arabic,離卦-static,k,-0.75,8,0.209,0.9403,False
Arabic,離卦-static,q,0.739,34,0.209,0.9403,False
Arabic,乾卦-dynamic,r,0.738,72,0.209,0.9403,False
Arabic,震卦-static,χ,-0.668,12,0.209,0.9403,False
Arabic,兌卦-dynamic,q,-0.652,22,0.199,0.9403,False
Arabic,震卦-static,f,-0.633,27,0.1891,0.9403,False
Arabic,坎卦-dynamic,θ,1.23,4,0.2139,0.9545,False
Arabic,中卦-dynamic,m,2.81,5,0.2836,0.9564,False
Arabic,中卦-dynamic,u,2.795,6,0.2587,0.9564,False
Arabic,巽卦-dynamic,l,2.331,10,0.2189,0.9564,False
Arabic,中卦-dynamic,l,2.163,5,0.398,0.9564,False
Arabic,中卦-dynamic,a,-1.815,7,0.5373,0.9564,False
Arabic,兌卦-static,r,-1.493,3,0.2786,0.9564,False
Arabic,兌卦-static,q,1.353,8,0.2537,0.9564,False
Arabic,兌卦-static,f,1.26,7,0.393,0.9564,False
Arabic,坎卦-static,d͡ʒ,1.234,5,0.3284,0.9564,False
Arabic,坎卦-static,r,1.234,14,0.3433,0.9564,False
Arabic,巽卦-dynamic,i,1.2,10,0.5473,0.9564,False
Arabic,乾卦-static,a,-1.187,50,0.2587,0.9564,False
Arabic,巽卦-dynamic,q,1.185,4,0.5224,0.9564,False
Arabic,坎卦-dynamic,l,1.149,30,0.2637,0.9564,False
Arabic,巽卦-static,χ,1.149,4,0.3333,0.9564,False
Arabic,坎卦-dynamic,m,-1.055,9,0.2537,0.9564,False
Arabic,乾卦-static,m,1.051,19,0.3234,0.9564,False
Arabic,坤卦-static,m,1.04,24,0.2587,0.9564,False
Arabic,巽卦-static,b,-1.036,4,0.3134,0.9564,False
Arabic,坎卦-dynamic,d,-0.999,7,0.3284,0.9564,False
Arabic,乾卦-static,f,-0.986,3,0.2786,0.9564,False
Arabic,坎卦-static,f,0.983,7,0.4279,0.9564,False
Arabic,坤卦-static,t,-0.98,13,0.2736,0.9564,False
Arabic,坎卦-dynamic,w,0.943,5,0.3532,0.9564,False
Arabic,兌卦-static,a,-0.921,34,0.4577,0.9564,False
Arabic,坎卦-static,s,-0.918,3,0.4577,0.9564,False
Arabic,坤卦-static,s̪,0.9,6,0.2786,0.9564,False
Arabic,坤卦-static,l,-0.86,15,0.2836,0.9564,False
Arabic,坤卦-static,ð,0.85,6,0.2786,0.9564,False
Arabic,巽卦-static,u,0.841,15,0.408,0.9564,False
Arabic,巽卦-static,s,0.832,7,0.4428,0.9564,False
Arabic,乾卦-static,ʔ,-0.832,8,0.403,0.9564,False
Arabic,離卦-dynamic,m,-0.831,15,0.2836,0.9564,False
Arabic,乾卦-static,d,-0.817,6,0.4478,0.9564,False
Arabic,艮卦-static,ħ,0.815,13,0.2985,0.9564,False
Arabic,坎卦-dynamic,ʕ,-0.803,5,0.393,0.9564,False
Arabic,乾卦-static,t,-0.801,11,0.4627,0.9564,False
Arabic,坎卦-static,ʃ,0.796,4,0.5622,0.9564,False
Arabic,艮卦-static,ʔ,-0.79,14,0.2786,0.9564,False
Arabic,離卦-dynamic,t,0.788,32,0.3284,0.9564,False
Arabic,兌卦-static,s,-0.785,3,0.5423,0.9564,False
Arabic,坤卦-static,ʕ,0.765,11,0.3234,0.9564,False
Arabic,坎卦-static,n,0.761,10,0.5473,0.9564,False
Arabic,離卦-dynamic,f,-0.75,7,0.3383,0.9564,False
Arabic,坤卦-static,b,0.748,13,0.4129,0.9564,False
Arabic,兌卦-static,u,0.74,13,0.597,0.9564,False
Arabic,乾卦-dynamic,θ,0.739,10,0.2836,0.9564,False
Arabic,艮卦-static,d͡ʒ,-0.736,4,0.3333,0.9564,False
Arabic,巽卦-static,ʔ,-0.731,6,0.5871,0.9564,False
Arabic,離卦-dynamic,u,-0.73,19,0.3433,0.9564,False
Arabic,坤卦-static,ʔ,-0.703,11,0.4378,0.9564,False
Arabic,巽卦-static,l,-0.691,9,0.5075,0.9564,False
Arabic,巽卦-static,s̪,0.69,3,0.5323,0.9564,False
Arabic,兌卦-static,l,0.686,13,0.6368,0.9564,False
Arabic,離卦-dynamic,r,-0.682,17,0.3731,0.9564,False
Arabic,艮卦-static,l,-0.67,22,0.3184,0.9564,False
Arabic,坎卦-static,t,-0.668,8,0.5423,0.9564,False
Arabic,艮卦-dynamic,h,-0.659,4,0.2338,0.9564,False
Arabic,艮卦-static,s,0.658,16,0.393,0.9564,False
Arabic,坎卦-static,l,-0.655,9,0.607,0.9564,False
Arabic,巽卦-static,n,-0.654,5,0.5323,0.9564,False
Arabic,坎卦-dynamic,χ,0.653,6,0.4826,0.9564,False
Arabic,乾卦-dynamic,l,-0.645,54,0.2687,0.9564,False
Arabic,坎卦-dynamic,ħ,-0.644,5,0.4925,0.9564,False
Arabic,艮卦-static,u,0.643,34,0.4677,0.9564,False
Arabic,坤卦-static,i,0.634,34,0.4478,0.9564,False
Arabic,艮卦-static,m,-0.632,16,0.3881,0.9564,False
Arabic,艮卦-dynamic,n,-0.629,28,0.2935,0.9564,False
Arabic,震卦-dynamic,w,0.625,12,0.3284,0.9564,False
Arabic,乾卦-dynamic,t,0.623,70,0.3184,0.9564,False
Arabic,離卦-static,t̪,0.619,15,0.3682,0.9564,False
Arabic,兌卦-dynamic,w,-0.605,6,0.2338,0.9564,False
Arabic,艮卦-static,a,-0.602,100,0.3881,0.9564,False
Arabic,坤卦-dynamic,k,-0.601,16,0.2289,0.9564,False
Arabic,震卦-dynamic,u,-0.599,41,0.3383,0.9564,False
Arabic,乾卦-dynamic,w,-0.594,5,0.3831,0.9564,False
Arabic,震卦-dynamic,h,0.593,12,0.393,0.9564,False
Arabic,艮卦-dynamic,t̪,0.585,17,0.3433,0.9564,False
Arabic,乾卦-static,ð,0.584,4,0.5572,0.9564,False
Arabic,坎卦-dynamic,q,-0.583,6,0.5821,0.9564,False
Arabic,震卦-dynamic,s,0.581,33,0.3582,0.9564,False
Arabic,坤卦-dynamic,ʔ,0.58,89,0.2338,0.9564,False
Arabic,艮卦-dynamic,z,-0.58,7,0.3383,0.9564,False
Arabic,巽卦-static,r,-0.577,7,0.5721,0.9564,False
Arabic,震卦-dynamic,ʃ,-0.565,10,0.3433,0.9564,False
Arabic,坤卦-static,d,0.547,13,0.4975,0.9564,False
Arabic,艮卦-dynamic,w,-0.546,5,0.393,0.9564,False
Arabic,艮卦-dynamic,ħ,-0.544,16,0.3582,0.9564,False
Arabic,坎卦-static,i,-0.544,14,0.6318,0.9564,False
Arabic,艮卦-static,k,-0.54,5,0.5075,0.9564,False
Arabic,兌卦-dynamic,r,0.539,82,0.2537,0.9564,False
Arabic,坤卦-dynamic,u,-0.537,68,0.2338,0.9564,False
Arabic,乾卦-dynamic,ʕ,0.537,33,0.3433,0.9564,False
Arabic,坤卦-dynamic,q,-0.534,28,0.2438,0.9564,False
Arabic,巽卦-static,a,-0.534,42,0.6418,0.9564,False
Arabic,乾卦-dynamic,n,-0.533,32,0.3781,0.9564,False
Arabic,坎卦-dynamic,b,-0.531,9,0.5522,0.9564,False
Arabic,坎卦-dynamic,f,-0.528,6,0.6269,0.9564,False
Arabic,乾卦-static,b,-0.524,7,0.6119,0.9564,False
Arabic,震卦-static,ð,-0.522,6,0.2289,0.9564,False
Arabic,兌卦-dynamic,j,0.521,12,0.2537,0.9564,False
Arabic,坤卦-dynamic,f,-0.52,27,0.3085,0.9564,False
Arabic,震卦-static,k,0.518,36,0.3035,0.9564,False
Arabic,震卦-dynamic,f,-0.512,17,0.3781,0.9564,False
Arabic,離卦-dynamic,q,-0.511,9,0.4478,0.9564,False
Arabic,乾卦-static,q,-0.5,5,0.6269,0.9564,False
Arabic,兌卦-dynamic,f,-0.497,24,0.2637,0.9564,False
Arabic,兌卦-dynamic,l,-0.497,70,0.3134,0.9564,False
Arabic,乾卦-dynamic,h,0.494,13,0.4428,0.9564,False
Arabic,兌卦-dynamic,n,-0.493,40,0.2985,0.9564,False
Arabic,坎卦-dynamic,k,-0.476,4,0.6468,0.9564,False
Arabic,離卦-dynamic,ʔ,0.471,27,0.5423,0.9564,False
Arabic,艮卦-dynamic,s,0.47,34,0.4478,0.9564,False
Arabic,離卦-dynamic,b,-0.463,13,0.5672,0.9564,False
Arabic,中卦-static,u,-0.461,79,0.2985,0.9564,False
Arabic,離卦-dynamic,z,-0.451,4,0.5821,0.9564,False
Arabic,艮卦-dynamic,l,-0.441,55,0.4129,0.9564,False
Arabic,艮卦-static,n,-0.44,14,0.5174,0.9564,False
Arabic,震卦-dynamic,ʔ,0.439,53,0.4129,0.9564,False
Arabic,坎卦-static,b,-0.437,5,0.6269,0.9564,False
Arabic,坤卦-dynamic,s,0.433,50,0.3035,0.9564,False
Arabic,離卦-static,ʔ,0.425,49,0.5274,0.9564,False
Arabic,兌卦-dynamic,θ,-0.425,4,0.3881,0.9564,False
Arabic,震卦-dynamic,χ,0.416,15,0.4577,0.9564,False
Arabic,乾卦-static,h,0.415,3,0.6169,0.9564,False
Arabic,乾卦-dynamic,d͡ʒ,-0.415,13,0.4677,0.9564,False
Arabic,艮卦-dynamic,ɣ,-0.413,4,0.5224,0.9564,False
Arabic,乾卦-dynamic,f,-0.41,21,0.4776,0.9564,False
Arabic,坤卦-static,d͡ʒ,-0.409,4,0.6418,0.9564,False
Arabic,震卦-static,q,-0.408,34,0.3781,0.9564,False
Arabic,離卦-static,h,0.406,10,0.4627,0.9564,False
Arabic,艮卦-dynamic,χ,0.405,16,0.5274,0.9564,False
Arabic,震卦-static,ʃ,0.401,31,0.3582,0.9564,False
Arabic,艮卦-static,w,0.4,5,0.592,0.9564,False
Arabic,艮卦-dynamic,ð,-0.398,5,0.5025,0.9564,False
Arabic,坤卦-static,z,-0.397,3,0.6318,0.9564,False
Arabic,中卦-static,ʔ,-0.397,66,0.3731,0.9564,False
Arabic,中卦-static,w,-0.393,10,0.3383,0.9564,False
Arabic,中卦-static,s̪,-0.385,12,0.3632,0.9564,False
Arabic,離卦-static,j,-0.385,3,0.4876,0.9564,False
Arabic,震卦-static,z,0.383,30,0.403,0.9564,False
Arabic,離卦-dynamic,s,-0.382,11,0.6269,0.9564,False
Arabic,艮卦-dynamic,ʕ,-0.381,20,0.5124,0.9564,False
Arabic,震卦-static,l,-0.381,92,0.4677,0.9564,False
Arabic,離卦-static,a,-0.377,208,0.5124,0.9564,False
Arabic,中卦-static,s,-0.374,39,0.3682,0.9564,False
Arabic,震卦-static,ɣ,-0.373,7,0.4577,0.9564,False
Arabic,震卦-dynamic,ɣ,-0.373,4,0.5323,0.9564,False
Arabic,坤卦-dynamic,d,0.372,56,0.4428,0.9564,False
Arabic,坤卦-dynamic,θ,-0.372,5,0.4627,0.9564,False
Arabic,離卦-static,l,-0.371,49,0.5373,0.9564,False
Arabic,震卦-static,ħ,-0.368,29,0.4478,0.9564,False
Arabic,離卦-static,d͡ʒ,0.365,17,0.5821,0.9564,False
Arabic,坤卦-dynamic,ð,-0.363,8,0.4478,0.9564,False
Arabic,中卦-static,j,-0.361,6,0.403,0.9564,False
Arabic,兌卦-dynamic,s,-0.351,31,0.5224,0.9564,False
Arabic,震卦-static,w,0.35,18,0.5224,0.9564,False
Arabic,離卦-static,d,-0.349,25,0.5871,0.9564,False
Arabic,中卦-static,t,-0.335,83,0.393,0.9564,False
Arabic,兌卦-dynamic,t̪,-0.33,11,0.5025,0.9564,False
Arabic,艮卦-dynamic,b,-0.329,29,0.6169,0.9564,False
Arabic,兌卦-dynamic,z,-0.327,13,0.4925,0.9564,False
Arabic,艮卦-dynamic,d,0.325,37,0.5672,0.9564,False
Arabic,離卦-static,ð,-0.325,5,0.5871,0.9564,False
Arabic,兌卦-dynamic,d,-0.322,38,0.4925,0.9564,False
Arabic,兌卦-dynamic,d͡ʒ,-0.321,17,0.4776,0.9564,False
Arabic,兌卦-dynamic,ħ,0.318,32,0.4577,0.9564,False
Arabic,艮卦-dynamic,k,0.316,20,0.5473,0.9564,False
Arabic,兌卦-dynamic,ɣ,0.311,12,0.4826,0.9564,False
Arabic,艮卦-static,ʃ,0.306,8,0.6468,0.9564,False
Arabic,乾卦-dynamic,q,-0.306,24,0.5274,0.9564,False
Arabic,坤卦-dynamic,m,0.305,85,0.4925,0.9564,False
Arabic,艮卦-dynamic,q,0.288,32,0.6219,0.9564,False
Arabic,乾卦-dynamic,ʃ,-0.287,14,0.592,0.9564,False
Arabic,坤卦-dynamic,t̪,0.274,21,0.5572,0.9564,False
Arabic,中卦-static,b,0.274,58,0.5423,0.9564,False
Arabic,震卦-static,t̪,0.273,23,0.5672,0.9564,False
Arabic,坤卦-dynamic,r,0.268,85,0.5522,0.9564,False
Arabic,兌卦-dynamic,ʕ,0.265,36,0.5572,0.9564,False
Arabic,離卦-static,w,0.256,9,0.6368,0.9564,False
Arabic,艮卦-dynamic,m,-0.24,45,0.607,0.9564,False
Arabic,震卦-static,s̪,-0.23,14,0.602,0.9564,False
Arabic,震卦-static,b,-0.229,49,0.6269,0.9564,False
Arabic,中卦-static,ɣ,-0.215,9,0.5721,0.9564,False
Arabic,震卦-static,a,0.196,446,0.6418,0.9564,False
Arabic,艮卦-dynamic,ʔ,0.3,54,0.6517,0.9583,False
Arabic,乾卦-dynamic,ð,-0.253,7,0.6517,0.9583,False
Arabic,巽卦-dynamic,r,-0.745,3,0.6667,0.964,False
Arabic,震卦-dynamic,z,-0.265,10,0.6617,0.964,False
Arabic,乾卦-dynamic,u,-0.25,57,0.6667,0.964,False
Arabic,震卦-static,θ,-0.2,7,0.6617,0.964,False
Arabic,坤卦-dynamic,ʃ,-0.171,21,0.6667,0.964,False
Arabic,巽卦-static,k,0.514,4,0.6766,0.9679,False
Arabic,乾卦-static,w,0.437,3,0.6965,0.9679,False
Arabic,離卦-dynamic,d,-0.27,14,0.7065,0.9679,False
Arabic,震卦-dynamic,ð,-0.263,6,0.6915,0.9679,False
Arabic,艮卦-static,r,0.256,25,0.6965,0.9679,False
Arabic,艮卦-dynamic,θ,-0.253,4,0.7015,0.9679,False
Arabic,震卦-static,ʕ,-0.209,36,0.7065,0.9679,False
Arabic,坤卦-dynamic,j,-0.191,7,0.7065,0.9679,False
Arabic,震卦-dynamic,d,0.191,33,0.6766,0.9679,False
Arabic,乾卦-dynamic,χ,-0.187,12,0.6816,0.9679,False
Arabic,中卦-static,χ,-0.158,19,0.6866,0.9679,False
Arabic,坤卦-dynamic,ɣ,0.15,12,0.6965,0.9679,False
Arabic,離卦-static,t,-0.218,45,0.7164,0.9688,False
Arabic,震卦-dynamic,r,0.209,52,0.7164,0.9688,False
Arabic,震卦-dynamic,n,-0.208,34,0.7164,0.9688,False
Arabic,離卦-static,ħ,-0.18,17,0.7114,0.9688,False
Arabic,巽卦-static,i,-0.346,15,0.7264,0.9772,False
Arabic,坎卦-dynamic,u,0.336,23,0.7264,0.9772,False
Arabic,艮卦-static,h,-0.261,3,0.7313,0.9789,False
Arabic,兌卦-dynamic,s̪,-0.155,12,0.7313,0.9789,False
Arabic,乾卦-dynamic,ħ,-0.178,21,0.7363,0.9805,False
Arabic,坤卦-static,r,-0.245,15,0.7463,0.9862,False
Arabic,坤卦-static,n,-0.199,12,0.7463,0.9862,False
Arabic,兌卦-dynamic,ð,0.141,14,0.7512,0.9878,False
Arabic,兌卦-dynamic,m,-0.121,62,0.7512,0.9878,False
Arabic,坎卦-dynamic,s,-0.335,8,0.7562,0.9893,False
Arabic,離卦-dynamic,χ,-0.259,5,0.7562,0.9893,False
Arabic,兌卦-static,ʃ,0.336,3,0.7662,0.99,False
Arabic,坎卦-dynamic,t,0.283,20,0.7662,0.99,False
Arabic,離卦-dynamic,s̪,-0.236,4,0.7662,0.99,False
Arabic,離卦-static,z,-0.195,10,0.7612,0.99,False
Arabic,中卦-static,ħ,-0.091,34,0.7612,0.99,False
Arabic,中卦-dynamic,i,1.03,5,0.7711,0.9915,False
Arabic,中卦-static,ð,-0.131,13,0.7711,0.9915,False
Arabic,艮卦-static,i,-0.171,38,0.7761,0.9954,False
Arabic,離卦-dynamic,n,-0.221,17,0.7861,0.9959,False
Arabic,乾卦-dynamic,a,-0.144,271,0.7861,0.9959,False
Arabic,中卦-static,a,-0.126,422,0.7861,0.9959,False
Arabic,坤卦-static,a,-0.2,82,0.796,0.9965,False
Arabic,艮卦-dynamic,t,0.159,58,0.791,0.9965,False
Arabic,兌卦-dynamic,χ,-0.15,15,0.796,0.9965,False
Arabic,離卦-static,χ,-0.147,10,0.796,0.9965,False
Arabic,坎卦-static,ʕ,0.289,5,0.8209,0.9971,False
Arabic,坎卦-static,m,0.253,10,0.8259,0.9971,False
Arabic,巽卦-static,f,-0.242,4,0.8109,0.9971,False
Arabic,兌卦-static,ʔ,-0.241,7,0.8358,0.9971,False
Arabic,坎卦-dynamic,n,-0.23,12,0.8458,0.9971,False
Arabic,乾卦-static,ʕ,0.217,7,0.8507,0.9971,False
Arabic,坎卦-dynamic,d͡ʒ,0.196,6,0.8358,0.9971,False
Arabic,坤卦-static,u,-0.189,18,0.8408,0.9971,False
Arabic,坤卦-static,f,0.15,9,0.8557,0.9971,False
Arabic,坤卦-static,k,0.149,6,0.8458,0.9971,False
Arabic,乾卦-dynamic,z,-0.143,13,0.8209,0.9971,False
Arabic,乾卦-dynamic,s,0.142,32,0.806,0.9971,False
Arabic,中卦-static,ʕ,-0.135,38,0.801,0.9971,False
Arabic,離卦-static,s,-0.13,23,0.806,0.9971,False
Arabic,離卦-static,u,0.13,55,0.8557,0.9971,False
Arabic,離卦-static,ʕ,-0.121,20,0.8507,0.9971,False
Arabic,乾卦-dynamic,i,0.119,99,0.8408,0.9971,False
Arabic,離卦-static,i,-0.106,76,0.8209,0.9971,False
Arabic,中卦-static,θ,-0.1,8,0.8159,0.9971,False
Arabic,乾卦-dynamic,m,0.095,56,0.8507,0.9971,False
Arabic,震卦-static,u,-0.092,94,0.8259,0.9971,False
Arabic,坤卦-dynamic,χ,-0.081,18,0.8408,0.9971,False
Arabic,坤卦-dynamic,a,-0.072,384,0.8557,0.9971,False
Arabic,巽卦-static,m,0.213,10,0.8607,0.9977,False
Arabic,兌卦-static,n,-0.188,6,0.8905,0.9977,False
Arabic,兌卦-static,b,-0.158,5,0.8905,0.9977,False
Arabic,巽卦-dynamic,d,0.144,3,0.9154,0.9977,False
Arabic,艮卦-static,j,0.142,3,0.9005,0.9977,False
Arabic,坎卦-dynamic,i,-0.139,29,0.8706,0.9977,False
Arabic,坎卦-static,ʔ,0.118,9,0.9254,0.9977,False
Arabic,巽卦-dynamic,a,-0.112,22,0.9502,0.9977,False
Arabic,艮卦-static,χ,0.111,6,0.8756,0.9977,False
Arabic,震卦-dynamic,s̪,-0.105,9,0.8756,0.9977,False
Arabic,離卦-static,n,0.104,37,0.8756,0.9977,False
Arabic,兌卦-static,i,0.096,15,0.9453,0.9977,False
Arabic,乾卦-static,n,0.096,11,0.9055,0.9977,False
Arabic,離卦-dynamic,t̪,-0.095,5,0.9453,0.9977,False
Arabic,乾卦-static,s,-0.088,7,0.9104,0.9977,False
Arabic,坤卦-dynamic,n,-0.085,58,0.8955,0.9977,False
Arabic,艮卦-static,d,0.082,15,0.9204,0.9977,False
Arabic,震卦-dynamic,j,0.082,6,0.9254,0.9977,False
Arabic,離卦-dynamic,ʃ,-0.076,7,0.9453,0.9977,False
Arabic,坤卦-static,w,0.073,3,0.9353,0.9977,False
Arabic,巽卦-dynamic,ʔ,-0.072,4,0.9801,0.9977,False
Arabic,震卦-static,n,-0.072,64,0.9055,0.9977,False
Arabic,離卦-static,ʃ,0.071,14,0.8856,0.9977,False
Arabic,離卦-dynamic,i,0.071,43,0.9403,0.9977,False
Arabic,乾卦-dynamic,ɣ,0.071,8,0.9502,0.9977,False
Arabic,離卦-dynamic,ð,-0.068,4,0.9403,0.9977,False
Arabic,乾卦-dynamic,t̪,0.067,13,0.9005,0.9977,False
Arabic,坎卦-dynamic,a,-0.065,86,0.9303,0.9977,False
Arabic,坎卦-dynamic,ʃ,-0.064,5,0.9502,0.9977,False
Arabic,中卦-static,q,0.061,47,0.8905,0.9977,False
Arabic,巽卦-static,ħ,0.059,4,0.9453,0.9977,False
Arabic,離卦-dynamic,l,0.059,31,0.8955,0.9977,False
Arabic,坎卦-static,u,0.055,11,0.9453,0.9977,False
Arabic,兌卦-static,m,-0.053,8,0.9602,0.9977,False
Arabic,艮卦-dynamic,s̪,0.052,11,0.9502,0.9977,False
Arabic,震卦-static,m,0.051,84,0.9254,0.9977,False
Arabic,震卦-static,s,-0.05,45,0.9403,0.9977,False
Arabic,震卦-dynamic,q,-0.035,25,0.9453,0.9977,False
Arabic,坤卦-static,ʃ,-0.034,5,0.9652,0.9977,False
Arabic,中卦-static,h,-0.031,14,0.9403,0.9977,False
Arabic,震卦-dynamic,l,0.031,61,0.9652,0.9977,False
Arabic,兌卦-dynamic,h,-0.03,11,0.9552,0.9977,False
Arabic,艮卦-dynamic,f,-0.027,25,0.9652,0.9977,False
Arabic,坤卦-dynamic,ʕ,0.026,37,0.9751,0.9977,False
Arabic,離卦-dynamic,w,-0.023,4,0.9701,0.9977,False
Arabic,艮卦-static,z,-0.018,6,0.9801,0.9977,False
Arabic,坎卦-static,a,0.015,47,0.9701,0.9977,False
Arabic,艮卦-dynamic,d͡ʒ,-0.013,16,0.9851,0.9977,False
Arabic,震卦-static,h,-0.013,14,0.9751,0.9977,False
Arabic,離卦-dynamic,ħ,-0.012,10,0.99,0.9977,False
Arabic,坤卦-dynamic,h,0.008,13,0.9851,0.9977,False
Arabic,坤卦-static,ħ,-0.005,7,0.99,0.9977,False
Arabic,震卦-dynamic,ħ,0.003,20,0.99,0.9977,False
Arabic,離卦-static,r,-0.017,44,0.995,1.0,False
Arabic,兌卦-static,t,-0.012,9,1.0,1.0,False
Arabic,坤卦-dynamic,d͡ʒ,-0.003,24,1.0,1.0,False
Arabic,震卦-dynamic,θ,-0.001,5,1.0,1.0,False
Chinese,巽卦-static,t͡sʰ,3.522,5,0.005,0.2495,False
Chinese,兌卦-dynamic,f,3.216,24,0.005,0.2495,False
Chinese,乾卦-dynamic,œ,2.94,15,0.005,0.2495,False
Chinese,中卦-static,ɯ,2.917,47,0.005,0.2495,False
Chinese,中卦-static,ʌ,2.917,47,0.005,0.2495,False
Chinese,艮卦-static,p,2.781,24,0.005,0.2495,False
Chinese,離卦-dynamic,ʈ͡ʂ,2.681,35,0.005,0.2495,False
Chinese,離卦-static,ɨ,2.362,15,0.005,0.2495,False
Chinese,艮卦-dynamic,ʈ͡ʂʰ,2.319,29,0.005,0.2495,False
Chinese,震卦-static,t͡s,2.243,37,0.005,0.2495,False
Chinese,震卦-static,ɨ,1.899,31,0.005,0.2495,False
Chinese,坤卦-dynamic,x,1.683,34,0.005,0.2495,False
Chinese,中卦-static,ə,1.671,59,0.005,0.2495,False
Chinese,震卦-dynamic,y,1.655,37,0.005,0.2495,False
Chinese,兌卦-static,t͡ɕʰ,3.512,7,0.01,0.3037,False
Chinese,乾卦-dynamic,y,1.853,36,0.01,0.3037,False
Chinese,乾卦-dynamic,ɤ,1.627,23,0.01,0.3037,False
Chinese,離卦-dynamic,ɻ,1.558,24,0.01,0.3037,False
Chinese,坤卦-dynamic,ŋ,1.541,103,0.01,0.3037,False
Chinese,震卦-static,l,1.385,48,0.01,0.3037,False
Chinese,中卦-static,ɕ,-1.187,28,0.01,0.3037,False
Chinese,巽卦-dynamic,ɔ,3.251,6,0.0149,0.403,False
Chinese,中卦-static,ɻ,1.313,50,0.0149,0.403,False
Chinese,坤卦-static,ɤ,2.492,7,0.0199,0.4109,False
Chinese,坎卦-dynamic,a,2.244,23,0.0199,0.4109,False
Chinese,坎卦-dynamic,x,2.154,15,0.0199,0.4109,False
Chinese,離卦-static,t͡s,2.122,15,0.0199,0.4109,False
Chinese,乾卦-dynamic,ə,1.914,32,0.0199,0.4109,False
Chinese,乾卦-dynamic,f,1.725,22,0.0199,0.4109,False
Chinese,艮卦-dynamic,n,-1.484,37,0.0199,0.4109,False
Chinese,震卦-static,ɪ,-1.366,19,0.0199,0.4109,False
Chinese,巽卦-static,s,2.853,5,0.0249,0.4595,False
Chinese,坤卦-static,ɕ,2.181,9,0.0249,0.4595,False
Chinese,震卦-static,ɕ,-1.27,23,0.0249,0.4595,False
Chinese,中卦-static,a,1.24,68,0.0249,0.4595,False
Chinese,坤卦-static,kʰ,2.216,5,0.0299,0.5239,False
Chinese,離卦-static,i,1.794,82,0.0299,0.5239,False
Chinese,巽卦-dynamic,pʰ,2.675,4,0.0348,0.5686,False
Chinese,離卦-static,t͡ɕ,1.726,32,0.0348,0.5686,False
Chinese,離卦-dynamic,ʂ,1.586,28,0.0348,0.5686,False
Chinese,中卦-static,u,-0.9,90,0.0398,0.635,False
Chinese,巽卦-dynamic,ʈ͡ʂʰ,2.327,4,0.0498,0.6468,False
Chinese,坤卦-static,ɛ,2.131,11,0.0498,0.6468,False
Chinese,兌卦-dynamic,a,1.622,27,0.0448,0.6468,False
Chinese,艮卦-dynamic,k,-1.3,3,0.0498,0.6468,False
Chinese,艮卦-static,ɛ,1.201,26,0.0498,0.6468,False
Chinese,震卦-dynamic,ʈ͡ʂ,1.159,26,0.0448,0.6468,False
Chinese,震卦-static,e,-1.046,6,0.0448,0.6468,False
Chinese,震卦-static,t͡ɕʰ,-0.963,6,0.0498,0.6468,False
Chinese,中卦-static,n,0.891,136,0.0498,0.6468,False
Chinese,巽卦-static,ʊ,2.33,14,0.0547,0.6549,False
Chinese,坤卦-static,ɑ,-2.157,3,0.0597,0.6549,False
Chinese,坤卦-static,k,2.081,8,0.0597,0.6549,False
Chinese,坎卦-dynamic,ŋ,-1.463,14,0.0597,0.6549,False
Chinese,艮卦-static,t͡ɕ,-1.369,7,0.0597,0.6549,False
Chinese,艮卦-dynamic,i,-1.245,82,0.0547,0.6549,False
Chinese,中卦-static,ɤ,-0.871,18,0.0597,0.6549,False
Chinese,艮卦-dynamic,ɪ,1.181,39,0.0647,0.6985,False
Chinese,坎卦-static,ə,2.088,9,0.0697,0.7298,False
Chinese,離卦-dynamic,ɕ,1.446,27,0.0697,0.7298,False
Chinese,坤卦-static,tʰ,1.824,6,0.0746,0.7484,False
Chinese,艮卦-dynamic,ɑ,0.978,81,0.0746,0.7484,False
Chinese,離卦-static,ə,-1.224,5,0.0796,0.7655,False
Chinese,乾卦-dynamic,t͡s,-1.139,3,0.0796,0.7655,False
Chinese,中卦-static,ʂ,0.883,50,0.0796,0.7655,False
Chinese,中卦-dynamic,t,2.956,3,0.0995,0.7761,False
Chinese,中卦-dynamic,e,2.857,3,0.1144,0.7761,False
Chinese,巽卦-dynamic,ɪ,2.326,7,0.1095,0.7761,False
Chinese,巽卦-dynamic,tʰ,2.228,4,0.1095,0.7761,False
Chinese,巽卦-static,i,-2.149,10,0.1045,0.7761,False
Chinese,乾卦-static,s,2.074,5,0.0945,0.7761,False
Chinese,乾卦-static,l,1.952,7,0.1144,0.7761,False
Chinese,巽卦-static,kʰ,1.93,3,0.0846,0.7761,False
Chinese,巽卦-static,m,1.786,5,0.1244,0.7761,False
Chinese,坎卦-dynamic,ɛ,1.392,20,0.1095,0.7761,False
Chinese,離卦-static,ʂ,-1.187,4,0.1194,0.7761,False
Chinese,離卦-dynamic,tʰ,-1.15,6,0.1095,0.7761,False
Chinese,兌卦-dynamic,k,1.142,17,0.1095,0.7761,False
Chinese,艮卦-dynamic,m,-1.131,6,0.0945,0.7761,False
Chinese,乾卦-dynamic,ɛ,-1.115,14,0.0945,0.7761,False
Chinese,乾卦-dynamic,l,1.094,26,0.1095,0.7761,False
Chinese,艮卦-dynamic,ɛ,-1.073,16,0.1194,0.7761,False
Chinese,離卦-dynamic,e,-1.059,3,0.0945,0.7761,False
Chinese,震卦-dynamic,a,1.055,36,0.1194,0.7761,False
Chinese,離卦-dynamic,ɤ,1.003,17,0.1194,0.7761,False
Chinese,震卦-dynamic,i,-0.977,84,0.1095,0.7761,False
Chinese,坤卦-dynamic,ʈ͡ʂʰ,-0.97,3,0.0945,0.7761,False
Chinese,震卦-static,n,-0.959,69,0.0846,0.7761,False
Chinese,艮卦-dynamic,ʈ͡ʂ,0.931,24,0.1244,0.7761,False
Chinese,震卦-dynamic,ɕ,0.919,30,0.1244,0.7761,False
Chinese,中卦-static,f,-0.878,4,0.1045,0.7761,False
Chinese,震卦-static,ʈ͡ʂ,0.87,35,0.1095,0.7761,False
Chinese,坤卦-dynamic,f,-0.861,3,0.0995,0.7761,False
Chinese,坤卦-dynamic,n,0.844,95,0.0896,0.7761,False
Chinese,中卦-static,t͡ɕ,-0.785,32,0.1095,0.7761,False
Chinese,中卦-static,y,-0.785,22,0.1095,0.7761,False
Chinese,中卦-static,ʊ,-0.78,67,0.1045,0.7761,False
Chinese,震卦-static,ʂ,0.78,41,0.1244,0.7761,False
Chinese,震卦-static,ɛ,-0.751,29,0.1294,0.7761,False
Chinese,兌卦-static,ŋ,2.046,14,0.1343,0.7858,False
Chinese,乾卦-dynamic,t͡ɕ,-0.982,14,0.1343,0.7858,False
Chinese,震卦-static,tʰ,0.788,30,0.1343,0.7858,False
Chinese,坎卦-static,n,1.7,22,0.1443,0.7913,False
Chinese,離卦-static,ɤ,-1.239,5,0.1443,0.7913,False
Chinese,離卦-static,pʰ,1.207,11,0.1393,0.7913,False
Chinese,艮卦-static,u,-1.022,32,0.1393,0.7913,False
Chinese,乾卦-dynamic,x,0.999,20,0.1393,0.7913,False
Chinese,震卦-dynamic,tʰ,0.882,20,0.1443,0.7913,False
Chinese,中卦-static,e,-0.653,15,0.1443,0.7913,False
Chinese,中卦-dynamic,t͡ɕ,2.819,4,0.1592,0.7983,False
Chinese,坎卦-static,ʊ,-1.506,6,0.1493,0.7983,False
Chinese,坤卦-static,ʊ,1.499,18,0.1542,0.7983,False
Chinese,離卦-static,p,1.159,14,0.1592,0.7983,False
Chinese,艮卦-static,ɕ,-1.091,11,0.1493,0.7983,False
Chinese,兌卦-dynamic,ə,-1.07,6,0.1542,0.7983,False
Chinese,離卦-static,y,-1.066,6,0.1592,0.7983,False
Chinese,艮卦-static,ʂ,1.048,20,0.1493,0.7983,False
Chinese,震卦-dynamic,ʂ,0.921,28,0.1542,0.7983,False
Chinese,艮卦-dynamic,y,0.795,29,0.1592,0.7983,False
Chinese,震卦-dynamic,ɑ,0.794,75,0.1542,0.7983,False
Chinese,兌卦-static,u,-1.956,4,0.1642,0.806,False
Chinese,坎卦-static,ɕ,-1.681,3,0.1642,0.806,False
Chinese,巽卦-static,n,-1.673,5,0.1642,0.806,False
Chinese,巽卦-static,ɑ,1.923,15,0.1741,0.8179,False
Chinese,乾卦-static,ʂ,1.767,7,0.1841,0.8179,False
Chinese,巽卦-static,pʰ,1.562,3,0.1791,0.8179,False
Chinese,離卦-static,ɛ,1.261,25,0.1841,0.8179,False
Chinese,兌卦-dynamic,ɔ,1.002,14,0.1841,0.8179,False
Chinese,兌卦-dynamic,ɛ,-0.97,11,0.1841,0.8179,False
Chinese,艮卦-static,ɨ,0.887,9,0.1791,0.8179,False
Chinese,艮卦-dynamic,œ,0.861,8,0.1841,0.8179,False
Chinese,艮卦-dynamic,kʰ,-0.807,3,0.1741,0.8179,False
Chinese,艮卦-dynamic,tʰ,0.797,20,0.1841,0.8179,False
Chinese,震卦-static,kʰ,-0.65,6,0.1841,0.8179,False
Chinese,艮卦-static,ʊ,1.018,47,0.1891,0.8243,False
Chinese,震卦-static,m,-0.714,15,0.1891,0.8243,False
Chinese,震卦-static,ɔ,0.685,28,0.1891,0.8243,False
Chinese,艮卦-static,y,-0.97,7,0.194,0.8305,False
Chinese,坤卦-dynamic,œ,0.677,9,0.194,0.8305,False
Chinese,中卦-static,t͡ɕʰ,-0.602,13,0.194,0.8305,False
Chinese,兌卦-dynamic,t,-0.969,4,0.199,0.8416,False
Chinese,坤卦-dynamic,ɪ,-0.723,24,0.199,0.8416,False
Chinese,離卦-static,a,-1.016,12,0.204,0.8473,False
Chinese,坤卦-dynamic,ɕ,0.653,36,0.204,0.8473,False
Chinese,乾卦-dynamic,t,-0.721,8,0.209,0.8578,False
Chinese,震卦-static,s,-0.691,4,0.209,0.8578,False
Chinese,兌卦-dynamic,l,0.995,18,0.2139,0.8582,False
Chinese,離卦-dynamic,p,-0.845,4,0.2139,0.8582,False
Chinese,離卦-dynamic,ə,-0.819,9,0.2139,0.8582,False
Chinese,乾卦-dynamic,t͡ɕʰ,0.749,18,0.2189,0.8633,False
Chinese,中卦-dynamic,u,2.473,8,0.2289,0.8779,False
Chinese,離卦-static,ɻ,-0.982,4,0.2289,0.8779,False
Chinese,乾卦-dynamic,ŋ,0.837,63,0.2239,0.8779,False
Chinese,巽卦-dynamic,u,1.877,16,0.2438,0.8862,False
Chinese,巽卦-dynamic,e,1.768,5,0.2338,0.8862,False
Chinese,兌卦-static,m,1.68,5,0.2488,0.8862,False
Chinese,兌卦-static,ɑ,1.48,14,0.2438,0.8862,False
Chinese,離卦-static,ɑ,0.834,49,0.2537,0.8862,False
Chinese,離卦-dynamic,ŋ,-0.785,32,0.2438,0.8862,False
Chinese,震卦-dynamic,u,-0.756,53,0.2488,0.8862,False
Chinese,乾卦-dynamic,u,-0.752,49,0.2537,0.8862,False
Chinese,震卦-dynamic,e,-0.678,8,0.2537,0.8862,False
Chinese,坤卦-dynamic,ɑ,-0.651,57,0.2388,0.8862,False
Chinese,坤卦-dynamic,kʰ,-0.645,5,0.2338,0.8862,False
Chinese,坤卦-dynamic,a,-0.62,28,0.2388,0.8862,False
Chinese,中卦-static,l,-0.616,20,0.2388,0.8862,False
Chinese,震卦-static,ɯ,0.581,17,0.2488,0.8862,False
Chinese,震卦-static,ʌ,0.581,17,0.2488,0.8862,False
Chinese,中卦-static,ɛ,-0.528,38,0.2438,0.8862,False
Chinese,震卦-static,f,-0.52,8,0.2537,0.8862,False
Chinese,艮卦-static,ɯ,0.693,8,0.2587,0.8903,False
Chinese,艮卦-static,ʌ,0.693,8,0.2587,0.8903,False
Chinese,坎卦-static,ʈ͡ʂʰ,1.284,5,0.2637,0.8934,False
Chinese,艮卦-dynamic,ɯ,-0.683,3,0.2736,0.8934,False
Chinese,艮卦-dynamic,ʌ,-0.683,3,0.2736,0.8934,False
Chinese,震卦-dynamic,ɯ,-0.671,3,0.2736,0.8934,False
Chinese,震卦-dynamic,ʌ,-0.671,3,0.2736,0.8934,False
Chinese,艮卦-dynamic,t͡ɕ,0.662,37,0.2687,0.8934,False
Chinese,震卦-static,t,0.541,34,0.2736,0.8934,False
Chinese,震卦-static,t͡sʰ,0.526,16,0.2687,0.8934,False
Chinese,中卦-static,tʰ,-0.571,20,0.2786,0.8972,False
Chinese,震卦-static,ʈ͡ʂʰ,-0.528,9,0.2786,0.8972,False
Chinese,坤卦-static,ɪ,-1.306,3,0.2985,0.9009,False
Chinese,乾卦-static,n,1.114,15,0.3184,0.9009,False
Chinese,艮卦-static,l,-0.841,6,0.2935,0.9009,False
Chinese,離卦-static,l,-0.791,6,0.3134,0.9009,False
Chinese,坎卦-dynamic,ɪ,0.787,17,0.3184,0.9009,False
Chinese,艮卦-static,ə,-0.759,8,0.2985,0.9009,False
Chinese,兌卦-dynamic,ɑ,0.745,49,0.3085,0.9009,False
Chinese,震卦-dynamic,ɻ,0.712,22,0.2886,0.9009,False
Chinese,離卦-dynamic,t͡ɕʰ,-0.706,5,0.3134,0.9009,False
Chinese,震卦-dynamic,n,0.703,72,0.3184,0.9009,False
Chinese,離卦-dynamic,m,-0.686,8,0.3234,0.9009,False
Chinese,乾卦-dynamic,ʊ,0.677,58,0.2886,0.9009,False
Chinese,震卦-dynamic,œ,0.667,7,0.3035,0.9009,False
Chinese,離卦-dynamic,ɪ,-0.609,16,0.3184,0.9009,False
Chinese,震卦-static,ɤ,0.602,29,0.3035,0.9009,False
Chinese,坤卦-dynamic,tʰ,-0.586,14,0.2935,0.9009,False
Chinese,中卦-static,s,0.555,24,0.2935,0.9009,False
Chinese,中卦-static,t,0.548,40,0.2935,0.9009,False
Chinese,震卦-static,i,-0.548,140,0.2886,0.9009,False
Chinese,艮卦-dynamic,ɻ,0.546,21,0.3234,0.9009,False
Chinese,坤卦-dynamic,i,0.52,137,0.2935,0.9009,False
Chinese,中卦-static,x,-0.475,20,0.3184,0.9009,False
Chinese,兌卦-static,t,1.48,5,0.3433,0.9026,False
Chinese,坎卦-static,pʰ,1.083,4,0.3433,0.9026,False
Chinese,兌卦-dynamic,ɤ,-0.767,7,0.3333,0.9026,False
Chinese,坎卦-dynamic,t͡ɕʰ,-0.731,3,0.3433,0.9026,False
Chinese,離卦-dynamic,ɯ,0.613,9,0.3383,0.9026,False
Chinese,離卦-dynamic,ʌ,0.613,9,0.3383,0.9026,False
Chinese,艮卦-static,i,0.602,74,0.3383,0.9026,False
Chinese,震卦-dynamic,k,-0.54,10,0.3383,0.9026,False
Chinese,坤卦-dynamic,ɻ,0.534,26,0.3284,0.9026,False
Chinese,震卦-dynamic,s,-0.526,4,0.3433,0.9026,False
Chinese,中卦-static,t͡s,0.495,24,0.3333,0.9026,False
Chinese,中卦-static,ɔ,-0.471,13,0.3333,0.9026,False
Chinese,坎卦-dynamic,t͡sʰ,0.744,6,0.3532,0.9117,False
Chinese,艮卦-static,m,0.608,15,0.3532,0.9117,False
Chinese,震卦-static,k,0.472,30,0.3532,0.9117,False
Chinese,中卦-dynamic,ɪ,2.131,3,0.3831,0.9201,False
Chinese,巽卦-dynamic,k,1.424,4,0.393,0.9201,False
Chinese,巽卦-dynamic,m,1.288,4,0.3682,0.9201,False
Chinese,乾卦-static,ɻ,1.168,5,0.3831,0.9201,False
Chinese,乾卦-static,a,1.146,7,0.3881,0.9201,False
Chinese,兌卦-static,k,1.13,4,0.403,0.9201,False
Chinese,巽卦-dynamic,n,-1.094,6,0.4129,0.9201,False
Chinese,巽卦-dynamic,ɑ,-1.089,5,0.4627,0.9201,False
Chinese,乾卦-static,m,1.068,5,0.4627,0.9201,False
Chinese,坤卦-static,n,1.032,18,0.3682,0.9201,False
Chinese,乾卦-static,ɪ,-1.023,3,0.4428,0.9201,False
Chinese,坎卦-static,ɻ,0.938,6,0.3831,0.9201,False
Chinese,坤卦-static,ɯ,0.877,3,0.4627,0.9201,False
Chinese,坤卦-static,ʌ,0.877,3,0.4627,0.9201,False
Chinese,坎卦-static,a,-0.836,5,0.4328,0.9201,False
Chinese,坤卦-static,t͡ɕ,-0.822,4,0.4378,0.9201,False
Chinese,坤卦-static,i,0.82,26,0.4577,0.9201,False
Chinese,坎卦-dynamic,e,0.752,12,0.4129,0.9201,False
Chinese,離卦-static,t͡ɕʰ,-0.71,4,0.3731,0.9201,False
Chinese,坎卦-dynamic,m,-0.683,5,0.403,0.9201,False
Chinese,離卦-static,t,-0.662,6,0.4478,0.9201,False
Chinese,離卦-dynamic,ʈ͡ʂʰ,-0.635,4,0.3881,0.9201,False
Chinese,坎卦-dynamic,ʂ,-0.626,6,0.4577,0.9201,False
Chinese,離卦-dynamic,ɛ,0.624,26,0.4279,0.9201,False
Chinese,兌卦-dynamic,ɻ,0.619,14,0.4229,0.9201,False
Chinese,離卦-static,tʰ,-0.605,7,0.4279,0.9201,False
Chinese,離卦-dynamic,l,-0.599,9,0.398,0.9201,False
Chinese,坎卦-dynamic,t,-0.595,5,0.4527,0.9201,False
Chinese,艮卦-static,ʈ͡ʂ,-0.583,4,0.403,0.9201,False
Chinese,乾卦-dynamic,kʰ,-0.577,4,0.3781,0.9201,False
Chinese,艮卦-static,ɤ,-0.574,8,0.408,0.9201,False
Chinese,艮卦-static,ɻ,-0.546,7,0.4478,0.9201,False
Chinese,離卦-dynamic,k,-0.543,8,0.398,0.9201,False
Chinese,乾卦-dynamic,ʂ,-0.529,12,0.4328,0.9201,False
Chinese,震卦-dynamic,l,-0.52,12,0.4279,0.9201,False
Chinese,艮卦-dynamic,pʰ,-0.503,4,0.398,0.9201,False
Chinese,震卦-dynamic,ɪ,-0.503,21,0.4179,0.9201,False
Chinese,乾卦-dynamic,ʈ͡ʂ,0.503,17,0.393,0.9201,False
Chinese,兌卦-dynamic,ʈ͡ʂʰ,-0.501,4,0.4378,0.9201,False
Chinese,艮卦-dynamic,f,0.497,14,0.4129,0.9201,False
Chinese,坤卦-dynamic,ʈ͡ʂ,-0.481,9,0.403,0.9201,False
Chinese,震卦-static,ə,-0.466,22,0.3781,0.9201,False
Chinese,震卦-dynamic,t͡s,0.453,13,0.4428,0.9201,False
Chinese,坤卦-dynamic,u,0.451,103,0.4328,0.9201,False
Chinese,坤卦-dynamic,ʊ,-0.44,55,0.4229,0.9201,False
Chinese,震卦-dynamic,ɛ,-0.425,22,0.4378,0.9201,False
Chinese,中卦-static,p,0.413,28,0.3881,0.9201,False
Chinese,坤卦-dynamic,t͡ɕʰ,0.412,21,0.4229,0.9201,False
Chinese,坤卦-dynamic,p,-0.41,11,0.398,0.9201,False
Chinese,中卦-static,ɑ,-0.408,90,0.3582,0.9201,False
Chinese,震卦-static,ɑ,0.399,103,0.4129,0.9201,False
Chinese,中卦-static,ɪ,-0.395,40,0.4527,0.9201,False
Chinese,中卦-static,ʈ͡ʂ,0.391,31,0.3781,0.9201,False
Chinese,中卦-static,œ,-0.375,5,0.4478,0.9201,False
Chinese,兌卦-dynamic,tʰ,-0.649,7,0.4677,0.9222,False
Chinese,兌卦-static,i,1.023,18,0.4726,0.9268,False
Chinese,震卦-dynamic,t͡sʰ,-0.451,3,0.4726,0.9268,False
Chinese,中卦-dynamic,i,1.787,8,0.4925,0.9289,False
Chinese,離卦-static,ɕ,0.609,18,0.4925,0.9289,False
Chinese,兌卦-dynamic,p,-0.537,5,0.4975,0.9289,False
Chinese,兌卦-dynamic,u,-0.499,39,0.4776,0.9289,False
Chinese,乾卦-dynamic,s,-0.487,4,0.4876,0.9289,False
Chinese,乾卦-dynamic,m,-0.476,11,0.4975,0.9289,False
Chinese,離卦-dynamic,x,-0.451,9,0.4975,0.9289,False
Chinese,乾卦-dynamic,k,-0.45,10,0.4925,0.9289,False
Chinese,乾卦-dynamic,ɕ,-0.445,19,0.4975,0.9289,False
Chinese,震卦-dynamic,ɨ,0.417,10,0.4826,0.9289,False
Chinese,坤卦-dynamic,ɛ,0.356,38,0.4876,0.9289,False
Chinese,震卦-static,ʊ,0.346,88,0.4975,0.9289,False
Chinese,中卦-static,k,0.343,33,0.4826,0.9289,False
Chinese,兌卦-static,a,-0.946,3,0.5174,0.929,False
Chinese,巽卦-static,p,0.929,3,0.5075,0.929,False
Chinese,坎卦-dynamic,ɑ,-0.584,23,0.5124,0.929,False
Chinese,兌卦-dynamic,ŋ,-0.475,30,0.5124,0.929,False
Chinese,艮卦-dynamic,ɤ,-0.418,13,0.5025,0.929,False
Chinese,震卦-static,y,-0.388,25,0.5025,0.929,False
Chinese,離卦-dynamic,t͡ɕ,0.375,26,0.5174,0.929,False
Chinese,中卦-static,ɨ,-0.322,9,0.5174,0.929,False
Chinese,震卦-static,ŋ,0.303,91,0.5025,0.929,False
Chinese,震卦-static,a,-0.299,38,0.5174,0.929,False
Chinese,坤卦-dynamic,t,-0.357,16,0.5224,0.9308,False
Chinese,離卦-dynamic,œ,0.477,5,0.5323,0.9353,False
Chinese,離卦-static,s,-0.451,3,0.5423,0.9353,False
Chinese,離卦-dynamic,i,0.437,85,0.5423,0.9353,False
Chinese,兌卦-dynamic,kʰ,0.437,7,0.5274,0.9353,False
Chinese,艮卦-static,x,-0.38,8,0.5323,0.9353,False
Chinese,艮卦-static,t͡ɕʰ,0.378,11,0.5373,0.9353,False
Chinese,中卦-static,t͡sʰ,-0.263,8,0.5373,0.9353,False
Chinese,巽卦-dynamic,i,-0.92,12,0.592,0.9403,False
Chinese,巽卦-static,a,-0.876,3,0.5522,0.9403,False
Chinese,巽卦-dynamic,ʊ,-0.872,5,0.5721,0.9403,False
Chinese,乾卦-static,u,0.831,17,0.5721,0.9403,False
Chinese,坎卦-static,y,0.785,7,0.5672,0.9403,False
Chinese,坎卦-static,x,0.78,5,0.5672,0.9403,False
Chinese,坎卦-static,i,-0.692,22,0.5522,0.9403,False
Chinese,乾卦-static,ʊ,0.687,12,0.5821,0.9403,False
Chinese,坎卦-static,ɑ,-0.67,11,0.5871,0.9403,False
Chinese,坤卦-static,a,-0.668,5,0.5672,0.9403,False
Chinese,坎卦-dynamic,ʈ͡ʂʰ,-0.506,3,0.5721,0.9403,False
Chinese,艮卦-static,tʰ,0.491,12,0.5871,0.9403,False
Chinese,坎卦-dynamic,l,0.478,11,0.5721,0.9403,False
Chinese,兌卦-dynamic,ʈ͡ʂ,0.477,12,0.5672,0.9403,False
Chinese,離卦-dynamic,a,-0.41,19,0.5672,0.9403,False
Chinese,離卦-static,e,0.405,13,0.592,0.9403,False
Chinese,震卦-dynamic,ɤ,-0.361,13,0.5672,0.9403,False
Chinese,兌卦-dynamic,i,-0.358,62,0.5622,0.9403,False
Chinese,艮卦-dynamic,e,0.347,20,0.5871,0.9403,False
Chinese,離卦-dynamic,y,0.347,19,0.592,0.9403,False
Chinese,震卦-static,pʰ,-0.336,8,0.5622,0.9403,False
Chinese,艮卦-dynamic,ɕ,-0.324,22,0.5622,0.9403,False
Chinese,震卦-dynamic,ŋ,-0.321,48,0.5821,0.9403,False
Chinese,震卦-static,x,-0.3,19,0.5871,0.9403,False
Chinese,震卦-static,u,0.296,119,0.5821,0.9403,False
Chinese,坎卦-dynamic,y,-0.407,8,0.597,0.9439,False
Chinese,坎卦-dynamic,ʈ͡ʂ,0.467,9,0.607,0.9448,False
Chinese,艮卦-dynamic,t,0.301,20,0.607,0.9448,False
Chinese,坤卦-dynamic,ɯ,-0.284,7,0.607,0.9448,False
Chinese,坤卦-dynamic,ʌ,-0.284,7,0.607,0.9448,False
Chinese,震卦-static,ɻ,-0.258,20,0.607,0.9448,False
Chinese,離卦-dynamic,ʊ,-0.337,36,0.6119,0.9483,False
Chinese,巽卦-static,ɤ,0.765,3,0.6169,0.9518,False
Chinese,坎卦-static,ɛ,0.6,8,0.6169,0.9518,False
Chinese,兌卦-static,x,0.651,3,0.6368,0.9665,False
Chinese,坎卦-static,ŋ,0.611,16,0.6418,0.9665,False
Chinese,巽卦-static,ɕ,-0.566,3,0.6468,0.9665,False
Chinese,坎卦-static,l,-0.515,3,0.6418,0.9665,False
Chinese,乾卦-static,ɔ,0.434,3,0.6567,0.9665,False
Chinese,艮卦-static,ɑ,0.364,45,0.6368,0.9665,False
Chinese,兌卦-dynamic,n,0.364,44,0.6567,0.9665,False
Chinese,乾卦-dynamic,ɔ,-0.314,8,0.6567,0.9665,False
Chinese,艮卦-dynamic,ɔ,-0.304,9,0.6418,0.9665,False
Chinese,坤卦-dynamic,e,-0.274,16,0.6368,0.9665,False
Chinese,坤卦-dynamic,s,-0.262,8,0.6368,0.9665,False
Chinese,坤卦-dynamic,ɨ,-0.248,7,0.6468,0.9665,False
Chinese,中卦-static,i,0.231,186,0.6468,0.9665,False
Chinese,震卦-static,t͡ɕ,-0.188,39,0.6567,0.9665,False
Chinese,坎卦-static,p,0.487,4,0.6617,0.9718,False
Chinese,坤卦-static,ŋ,0.623,15,0.6816,0.9727,False
Chinese,巽卦-dynamic,t͡ɕ,0.61,5,0.7413,0.9727,False
Chinese,兌卦-static,n,-0.568,8,0.6866,0.9727,False
Chinese,乾卦-static,ɛ,-0.525,4,0.7114,0.9727,False
Chinese,坤卦-static,t,0.493,5,0.6915,0.9727,False
Chinese,坎卦-static,m,0.404,5,0.7264,0.9727,False
Chinese,坎卦-dynamic,i,-0.332,47,0.6766,0.9727,False
Chinese,艮卦-static,pʰ,0.326,7,0.6667,0.9727,False
Chinese,兌卦-dynamic,ʂ,-0.326,10,0.6716,0.9727,False
Chinese,坎卦-dynamic,k,0.319,9,0.7313,0.9727,False
Chinese,艮卦-static,s,-0.309,4,0.6816,0.9727,False
Chinese,兌卦-dynamic,t͡s,0.303,8,0.7164,0.9727,False
Chinese,離卦-static,u,-0.298,41,0.6965,0.9727,False
Chinese,兌卦-dynamic,ɕ,0.291,17,0.6667,0.9727,False
Chinese,兌卦-dynamic,s,-0.288,4,0.6866,0.9727,False
Chinese,震卦-dynamic,t͡ɕ,-0.286,24,0.6766,0.9727,False
Chinese,離卦-static,ʈ͡ʂ,-0.286,6,0.6816,0.9727,False
Chinese,離卦-static,ʈ͡ʂʰ,-0.285,5,0.7015,0.9727,False
Chinese,坎卦-dynamic,ɻ,0.283,9,0.7413,0.9727,False
Chinese,艮卦-static,k,0.275,12,0.6915,0.9727,False
Chinese,坎卦-dynamic,ʊ,-0.273,23,0.7363,0.9727,False
Chinese,艮卦-dynamic,ʊ,0.263,57,0.6716,0.9727,False
Chinese,艮卦-static,ɪ,-0.26,16,0.6716,0.9727,False
Chinese,震卦-dynamic,ʈ͡ʂʰ,-0.252,8,0.7065,0.9727,False
Chinese,兌卦-dynamic,y,0.246,15,0.6965,0.9727,False
Chinese,艮卦-static,t͡s,0.245,8,0.7264,0.9727,False
Chinese,離卦-dynamic,t͡s,-0.245,7,0.7015,0.9727,False
Chinese,震卦-dynamic,p,-0.243,10,0.6965,0.9727,False
Chinese,離卦-dynamic,ɑ,-0.224,43,0.7015,0.9727,False
Chinese,震卦-dynamic,t,-0.217,14,0.7015,0.9727,False
Chinese,艮卦-dynamic,a,-0.214,26,0.7363,0.9727,False
Chinese,艮卦-dynamic,t͡ɕʰ,0.212,15,0.7363,0.9727,False
Chinese,坤卦-dynamic,ə,-0.211,21,0.7164,0.9727,False
Chinese,坤卦-dynamic,ɤ,0.211,21,0.7164,0.9727,False
Chinese,艮卦-dynamic,t͡sʰ,-0.203,5,0.7363,0.9727,False
Chinese,艮卦-dynamic,p,0.194,14,0.7164,0.9727,False
Chinese,艮卦-dynamic,ɨ,-0.194,6,0.7313,0.9727,False
Chinese,艮卦-dynamic,ʂ,0.191,21,0.6915,0.9727,False
Chinese,坤卦-dynamic,ʂ,0.181,26,0.7413,0.9727,False
Chinese,震卦-dynamic,f,-0.181,8,0.7363,0.9727,False
Chinese,坤卦-dynamic,m,0.178,23,0.7214,0.9727,False
Chinese,震卦-dynamic,ʊ,0.178,54,0.7065,0.9727,False
Chinese,坎卦-static,e,0.402,5,0.7463,0.9756,False
Chinese,離卦-static,k,0.214,11,0.7463,0.9756,False
Chinese,坎卦-dynamic,n,0.216,32,0.7512,0.9766,False
Chinese,震卦-static,p,0.189,21,0.7512,0.9766,False
Chinese,兌卦-dynamic,e,-0.179,9,0.7512,0.9766,False
Chinese,乾卦-static,t͡ɕʰ,0.338,3,0.7612,0.9859,False
Chinese,坎卦-static,t,0.36,5,0.7662,0.9869,False
Chinese,坎卦-dynamic,ɕ,-0.24,11,0.7662,0.9869,False
Chinese,乾卦-dynamic,n,0.212,59,0.7662,0.9869,False
Chinese,離卦-static,ɔ,-0.248,6,0.7711,0.9879,False
Chinese,艮卦-static,n,0.246,44,0.7711,0.9879,False
Chinese,艮卦-static,e,-0.214,9,0.7711,0.9879,False
Chinese,坎卦-dynamic,u,0.25,38,0.7761,0.9888,False
Chinese,乾卦-dynamic,ɑ,-0.196,50,0.7761,0.9888,False
Chinese,中卦-static,kʰ,-0.114,13,0.7761,0.9888,False
Chinese,乾卦-dynamic,pʰ,-0.164,6,0.7811,0.9933,False
Chinese,震卦-dynamic,ɔ,0.143,13,0.7861,0.9979,False
Chinese,乾卦-static,ɕ,-0.384,4,0.8209,1.0,False
Chinese,巽卦-dynamic,ɕ,-0.353,3,0.791,1.0,False
Chinese,巽卦-dynamic,ə,0.347,3,0.8706,1.0,False
Chinese,兌卦-static,ʊ,-0.345,7,0.8308,1.0,False
Chinese,巽卦-static,ŋ,0.323,9,0.8259,1.0,False
Chinese,坎卦-static,t͡s,0.299,3,0.8308,1.0,False
Chinese,乾卦-static,ə,-0.29,3,0.8458,1.0,False
Chinese,乾卦-static,ɑ,-0.275,10,0.8557,1.0,False
Chinese,兌卦-static,ɕ,0.274,4,0.8507,1.0,False
Chinese,坎卦-static,u,0.266,19,0.8159,1.0,False
Chinese,坤卦-static,u,-0.252,15,0.8657,1.0,False
Chinese,離卦-static,ʊ,-0.248,30,0.801,1.0,False
Chinese,坎卦-static,ʂ,-0.232,4,0.8557,1.0,False
Chinese,兌卦-dynamic,ʊ,-0.227,31,0.796,1.0,False
Chinese,巽卦-dynamic,ɛ,0.211,4,0.8955,1.0,False
Chinese,坎卦-dynamic,ə,0.205,10,0.796,1.0,False
Chinese,震卦-dynamic,x,-0.204,13,0.8159,1.0,False
Chinese,兌卦-static,l,0.195,3,0.9403,1.0,False
Chinese,坎卦-static,ɪ,-0.194,6,0.8806,1.0,False
Chinese,乾卦-static,tʰ,0.193,3,0.9303,1.0,False
Chinese,坎卦-dynamic,f,-0.181,4,0.8159,1.0,False
Chinese,乾卦-static,x,0.178,3,0.9353,1.0,False
Chinese,巽卦-static,ə,0.176,3,0.8955,1.0,False
Chinese,坎卦-dynamic,s,0.175,5,0.8607,1.0,False
Chinese,坎卦-dynamic,ɨ,-0.171,3,0.8557,1.0,False
Chinese,兌卦-static,t͡ɕ,-0.164,4,0.8905,1.0,False
Chinese,艮卦-static,t,-0.154,10,0.8408,1.0,False
Chinese,艮卦-dynamic,ə,0.144,20,0.8358,1.0,False
Chinese,乾卦-dynamic,p,-0.143,10,0.8109,1.0,False
Chinese,巽卦-dynamic,a,0.14,4,0.9453,1.0,False
Chinese,坎卦-dynamic,ɤ,0.139,8,0.8756,1.0,False
Chinese,離卦-dynamic,kʰ,0.137,7,0.8756,1.0,False
Chinese,艮卦-dynamic,u,-0.135,69,0.8557,1.0,False
Chinese,坤卦-static,y,0.134,5,0.9005,1.0,False
Chinese,乾卦-dynamic,a,-0.133,24,0.8706,1.0,False
Chinese,艮卦-dynamic,l,0.129,19,0.8607,1.0,False
Chinese,坎卦-dynamic,t͡ɕ,-0.129,13,0.8756,1.0,False
Chinese,離卦-dynamic,t,-0.127,12,0.8358,1.0,False
Chinese,坤卦-static,ʂ,-0.122,4,0.9005,1.0,False
Chinese,兌卦-dynamic,x,-0.122,9,0.8706,1.0,False
Chinese,離卦-static,ŋ,0.121,36,0.8706,1.0,False
Chinese,離卦-dynamic,s,-0.12,6,0.8458,1.0,False
Chinese,艮卦-static,ŋ,0.119,38,0.8607,1.0,False
Chinese,離卦-dynamic,n,0.113,50,0.8657,1.0,False
Chinese,兌卦-static,ə,0.107,3,0.9652,1.0,False
Chinese,坤卦-static,p,0.106,3,0.9453,1.0,False
Chinese,巽卦-dynamic,y,0.106,3,0.9254,1.0,False
Chinese,坤卦-dynamic,k,-0.102,18,0.8507,1.0,False
Chinese,巽卦-static,t͡ɕ,-0.102,4,0.9353,1.0,False
Chinese,兌卦-dynamic,t͡ɕʰ,0.1,9,0.8955,1.0,False
Chinese,乾卦-static,ɤ,0.098,3,0.9353,1.0,False
Chinese,坤卦-dynamic,y,0.097,27,0.8706,1.0,False
Chinese,兌卦-static,y,-0.096,3,0.9403,1.0,False
Chinese,巽卦-static,u,0.094,11,0.9552,1.0,False
Chinese,坤卦-static,m,0.093,4,0.9652,1.0,False
Chinese,坤卦-dynamic,pʰ,-0.093,9,0.8507,1.0,False
Chinese,坤卦-dynamic,ɔ,0.093,16,0.8657,1.0,False
Chinese,離卦-static,m,-0.093,10,0.9204,1.0,False
Chinese,坎卦-dynamic,tʰ,-0.092,7,0.9154,1.0,False
Chinese,中卦-static,ŋ,0.092,100,0.8408,1.0,False
Chinese,艮卦-static,f,0.091,7,0.8706,1.0,False
Chinese,艮卦-static,kʰ,-0.09,5,0.9502,1.0,False
Chinese,離卦-static,n,0.089,40,0.8806,1.0,False
Chinese,艮卦-static,a,-0.088,18,0.9453,1.0,False
Chinese,震卦-dynamic,ə,0.088,19,0.8706,1.0,False
Chinese,離卦-dynamic,ɔ,0.086,10,0.9303,1.0,False
Chinese,艮卦-dynamic,t͡s,0.08,11,0.8905,1.0,False
Chinese,乾卦-dynamic,tʰ,-0.078,13,0.9303,1.0,False
Chinese,震卦-dynamic,t͡ɕʰ,-0.074,12,0.8955,1.0,False
Chinese,震卦-dynamic,m,0.071,17,0.9254,1.0,False
Chinese,中卦-static,pʰ,0.068,15,0.8856,1.0,False
Chinese,坎卦-static,t͡ɕʰ,-0.067,3,0.9801,1.0,False
Chinese,乾卦-static,ŋ,-0.063,10,0.9502,1.0,False
Chinese,兌卦-dynamic,œ,0.06,3,0.9502,1.0,False
Chinese,乾卦-dynamic,e,0.059,15,0.9652,1.0,False
Chinese,離卦-dynamic,f,0.056,8,0.9254,1.0,False
Chinese,兌卦-static,ɪ,-0.051,4,0.9751,1.0,False
Chinese,坎卦-static,ʈ͡ʂ,-0.047,3,0.9851,1.0,False
Chinese,乾卦-static,i,0.041,19,0.9751,1.0,False
Chinese,兌卦-dynamic,ɪ,-0.04,17,0.9353,1.0,False
Chinese,兌卦-dynamic,ɯ,0.04,5,0.9652,1.0,False
Chinese,兌卦-dynamic,ʌ,0.04,5,0.9652,1.0,False
Chinese,坎卦-static,t͡ɕ,0.039,7,0.9851,1.0,False
Chinese,坎卦-dynamic,ɔ,0.038,6,0.9602,1.0,False
Chinese,坎卦-dynamic,t͡s,-0.037,5,0.9303,1.0,False
Chinese,兌卦-dynamic,t͡ɕ,-0.036,18,0.9701,1.0,False
Chinese,艮卦-static,ʈ͡ʂʰ,0.035,7,0.9403,1.0,False
Chinese,中卦-static,m,-0.035,29,0.9701,1.0,False
Chinese,乾卦-dynamic,i,-0.035,91,0.9353,1.0,False
Chinese,離卦-dynamic,u,0.032,57,0.9652,1.0,False
Chinese,巽卦-static,ɪ,0.027,4,0.9701,1.0,False
Chinese,離卦-static,ɪ,0.024,17,0.9851,1.0,False
Chinese,離卦-static,kʰ,-0.023,5,0.9652,1.0,False
Chinese,離卦-dynamic,t͡sʰ,-0.023,5,0.9751,1.0,False
Chinese,坤卦-dynamic,t͡ɕ,-0.019,35,0.9652,1.0,False
Chinese,艮卦-dynamic,x,0.019,15,0.99,1.0,False
Chinese,坎卦-dynamic,kʰ,0.019,4,0.995,1.0,False
Chinese,乾卦-dynamic,t͡sʰ,0.014,6,0.99,1.0,False
Chinese,巽卦-static,ɛ,0.013,4,0.995,1.0,False
Chinese,中卦-static,ʈ͡ʂʰ,-0.006,18,0.99,1.0,False
Chinese,乾卦-dynamic,ɪ,-0.006,24,1.0,1.0,False
Chinese,艮卦-dynamic,ŋ,-0.003,55,1.0,1.0,False
Chinese,坎卦-dynamic,p,-0.003,6,1.0,1.0,False
Chinese,坤卦-dynamic,l,0.0,22,1.0,1.0,False
English,兌卦-dynamic,ɔ͡ɪ,3.896,7,0.005,0.307,False
English,巽卦-static,θ,3.585,5,0.005,0.307,False
English,巽卦-dynamic,ŋ,3.547,5,0.005,0.307,False
English,兌卦-dynamic,e͡ə,3.203,6,0.005,0.307,False
English,乾卦-static,i͡ə,3.149,7,0.005,0.307,False
English,震卦-static,t͡ʃ,2.962,28,0.005,0.307,False
English,離卦-static,a,2.816,34,0.005,0.307,False
English,中卦-static,a͡ʊ,2.434,19,0.005,0.307,False
English,艮卦-dynamic,e͡ɪ,2.097,45,0.005,0.307,False
English,離卦-static,p,2.088,38,0.005,0.307,False
English,震卦-static,d͡ʒ,2.079,21,0.005,0.307,False
English,離卦-dynamic,n,2.049,89,0.005,0.307,False
English,中卦-static,a͡ɪ,2.034,39,0.005,0.307,False
English,艮卦-dynamic,a͡ɪ,1.377,23,0.005,0.307,False
English,艮卦-static,ʃ,2.378,9,0.01,0.4299,False
English,震卦-static,ʊ,2.098,10,0.0149,0.4299,False
English,坎卦-dynamic,k,1.937,30,0.0149,0.4299,False
English,震卦-dynamic,z,1.925,9,0.0149,0.4299,False
English,震卦-dynamic,ɐ,1.886,6,0.0149,0.4299,False
English,震卦-dynamic,w,1.857,16,0.01,0.4299,False
English,坤卦-dynamic,v,1.631,25,0.0149,0.4299,False
English,艮卦-dynamic,w,1.591,28,0.01,0.4299,False
English,離卦-dynamic,ɛ,1.555,36,0.01,0.4299,False
English,中卦-static,e͡ə,1.533,11,0.0149,0.4299,False
English,震卦-dynamic,l,-1.481,9,0.0149,0.4299,False
English,兌卦-dynamic,t,-1.368,15,0.0149,0.4299,False
English,乾卦-dynamic,s,1.175,75,0.0149,0.4299,False
English,坤卦-dynamic,d,1.094,51,0.01,0.4299,False
English,中卦-static,p,-1.065,25,0.01,0.4299,False
English,震卦-dynamic,ʊ͡ə,3.039,3,0.0199,0.4647,False
English,乾卦-dynamic,a͡ɪ͡ə,2.147,6,0.0199,0.4647,False
English,離卦-dynamic,ɐ,2.051,11,0.0199,0.4647,False
English,兌卦-dynamic,v,1.9,11,0.0199,0.4647,False
English,乾卦-dynamic,e͡ɪ,1.54,38,0.0199,0.4647,False
English,艮卦-dynamic,ɛ,-1.137,16,0.0199,0.4647,False
English,中卦-static,t,0.806,110,0.0199,0.4647,False
English,巽卦-dynamic,b,2.61,6,0.0249,0.5242,False
English,艮卦-static,k,1.481,26,0.0249,0.5242,False
English,震卦-static,ɛ,-0.981,24,0.0249,0.5242,False
English,坎卦-dynamic,ɔ,2.045,10,0.0299,0.5607,False
English,震卦-dynamic,ɔ,1.847,13,0.0299,0.5607,False
English,離卦-dynamic,z,1.81,15,0.0299,0.5607,False
English,艮卦-dynamic,ʃ,1.294,17,0.0299,0.5607,False
English,震卦-static,b,1.08,48,0.0299,0.5607,False
English,巽卦-static,u,2.339,5,0.0348,0.5677,False
English,震卦-dynamic,j,1.978,11,0.0348,0.5677,False
English,離卦-static,ə͡l,1.753,11,0.0348,0.5677,False
English,震卦-static,ɑ,1.27,16,0.0348,0.5677,False
English,坤卦-dynamic,ɒ,1.26,25,0.0348,0.5677,False
English,坤卦-dynamic,b,1.034,36,0.0348,0.5677,False
English,巽卦-static,h,2.761,3,0.0498,0.5809,False
English,兌卦-static,e͡ɪ,2.389,6,0.0498,0.5809,False
English,乾卦-static,ɒ,1.926,10,0.0498,0.5809,False
English,艮卦-static,ɜ,1.809,7,0.0448,0.5809,False
English,坤卦-static,l,1.749,16,0.0498,0.5809,False
English,艮卦-static,a͡ɪ,1.584,9,0.0448,0.5809,False
English,艮卦-static,l,1.287,28,0.0398,0.5809,False
English,艮卦-dynamic,ɡ,1.258,19,0.0448,0.5809,False
English,兌卦-dynamic,i,1.189,21,0.0498,0.5809,False
English,艮卦-dynamic,ʌ,-1.098,5,0.0398,0.5809,False
English,艮卦-dynamic,d,1.056,48,0.0448,0.5809,False
English,離卦-dynamic,t,1.001,75,0.0498,0.5809,False
English,坤卦-dynamic,a͡ɪ,0.997,21,0.0498,0.5809,False
English,中卦-static,w,0.934,29,0.0498,0.5809,False
English,震卦-static,p,0.908,63,0.0398,0.5809,False
English,坤卦-dynamic,i,0.901,47,0.0498,0.5809,False
English,艮卦-dynamic,ə,-0.838,22,0.0498,0.5809,False
English,震卦-static,a͡ʊ,1.348,13,0.0547,0.5985,False
English,乾卦-dynamic,ɔ,1.274,21,0.0547,0.5985,False
English,離卦-dynamic,ɒ,-1.23,3,0.0547,0.5985,False
English,離卦-dynamic,ə͡ʊ,-1.189,4,0.0547,0.5985,False
English,兌卦-dynamic,ɐ,1.379,4,0.0597,0.629,False
English,震卦-dynamic,ɛ,1.165,19,0.0597,0.629,False
English,離卦-dynamic,l,-1.043,24,0.0597,0.629,False
English,巽卦-static,j,2.472,3,0.0647,0.6423,False
English,巽卦-static,i,2.175,8,0.0647,0.6423,False
English,乾卦-dynamic,n,0.933,75,0.0647,0.6423,False
English,艮卦-dynamic,s,0.815,68,0.0647,0.6423,False
English,離卦-static,i,-1.194,6,0.0697,0.6471,False
English,乾卦-dynamic,b,-1.036,10,0.0697,0.6471,False
English,震卦-static,f,-0.971,15,0.0697,0.6471,False
English,坤卦-static,u,2.055,7,0.0746,0.6647,False
English,兌卦-dynamic,z,1.343,6,0.0746,0.6647,False
English,兌卦-dynamic,ə͡ʊ,1.298,12,0.0746,0.6647,False
English,震卦-dynamic,t,-0.928,23,0.0746,0.6647,False
English,坤卦-static,ɜ,2.17,4,0.0796,0.681,False
English,巽卦-static,ʌ,2.109,6,0.0796,0.681,False
English,離卦-static,d,-1.232,10,0.0796,0.681,False
English,坤卦-dynamic,ɜ,0.955,14,0.0796,0.681,False
English,巽卦-dynamic,ʌ,2.354,6,0.0846,0.6894,False
English,坎卦-static,ɜ,1.777,5,0.0846,0.6894,False
English,震卦-dynamic,i͡ə,1.385,6,0.0846,0.6894,False
English,坤卦-static,ɒ,1.658,5,0.0896,0.6971,False
English,離卦-static,ɡ,1.358,12,0.0896,0.6971,False
English,艮卦-dynamic,v,-0.983,3,0.0896,0.6971,False
English,離卦-dynamic,k,0.833,53,0.0896,0.6971,False
English,巽卦-static,w,2.055,4,0.0945,0.6989,False
English,巽卦-dynamic,d,2.042,7,0.0945,0.6989,False
English,兌卦-dynamic,j,1.319,7,0.0995,0.6989,False
English,震卦-dynamic,f,1.311,17,0.0995,0.6989,False
English,震卦-dynamic,ɑ,1.262,6,0.0995,0.6989,False
English,震卦-static,ɔ,0.844,24,0.0995,0.6989,False
English,中卦-static,d͡ʒ,0.744,13,0.0945,0.6989,False
English,坤卦-dynamic,ɹ,-0.727,31,0.0945,0.6989,False
English,艮卦-static,ɪ,-0.971,11,0.1045,0.7108,False
English,震卦-static,v,-0.813,6,0.1045,0.7108,False
English,坤卦-dynamic,ɛ,0.794,35,0.1045,0.7108,False
English,艮卦-dynamic,i,-0.703,18,0.1045,0.7108,False
English,兌卦-dynamic,a͡ʊ,1.349,4,0.1095,0.711,False
English,艮卦-static,f,1.321,12,0.1095,0.711,False
English,兌卦-dynamic,ɡ,1.235,8,0.1095,0.711,False
English,震卦-static,h,0.766,17,0.1095,0.711,False
English,坎卦-static,h,1.832,5,0.1144,0.7323,False
English,兌卦-dynamic,ʃ,1.223,7,0.1194,0.7476,False
English,乾卦-static,k,-1.072,8,0.1194,0.7476,False
English,兌卦-static,ə͡ʊ,1.754,4,0.1244,0.7568,False
English,坤卦-static,ə͡ʊ,1.733,6,0.1244,0.7568,False
English,艮卦-dynamic,a,0.807,30,0.1244,0.7568,False
English,坤卦-dynamic,n,0.655,71,0.1244,0.7568,False
English,巽卦-static,t,1.348,11,0.1294,0.7655,False
English,坤卦-dynamic,ɡ,0.807,17,0.1294,0.7655,False
English,震卦-static,a,0.728,40,0.1294,0.7655,False
English,震卦-dynamic,d,0.93,24,0.1343,0.7789,False
English,震卦-dynamic,s,0.781,35,0.1343,0.7789,False
English,震卦-static,i,-0.652,26,0.1343,0.7789,False
English,艮卦-dynamic,p,-0.713,23,0.1393,0.7918,False
English,震卦-static,s,-0.56,63,0.1493,0.832,False
English,乾卦-static,i,1.203,17,0.1542,0.8542,False
English,巽卦-dynamic,p,1.42,6,0.1741,0.8597,False
English,巽卦-dynamic,l,1.407,9,0.1741,0.8597,False
English,巽卦-static,s,1.193,9,0.1642,0.8597,False
English,震卦-dynamic,u,1.124,14,0.1642,0.8597,False
English,坤卦-static,ɪ,-1.067,5,0.1592,0.8597,False
English,乾卦-dynamic,ə͡l,-0.884,4,0.1642,0.8597,False
English,坤卦-dynamic,z,0.848,12,0.1592,0.8597,False
English,離卦-dynamic,b,-0.832,11,0.1692,0.8597,False
English,離卦-dynamic,a,0.814,27,0.1741,0.8597,False
English,坤卦-dynamic,d͡ʒ,-0.761,3,0.1692,0.8597,False
English,震卦-static,ɡ,0.656,21,0.1741,0.8597,False
English,乾卦-dynamic,l,-0.636,36,0.1791,0.8792,False
English,中卦-static,h,0.646,16,0.1891,0.9177,False
English,坎卦-static,i,-1.101,3,0.194,0.9211,False
English,離卦-dynamic,e͡ə,0.888,5,0.194,0.9211,False
English,坤卦-dynamic,ʃ,-0.711,3,0.194,0.9211,False
English,中卦-static,ɹ,-0.481,52,0.194,0.9211,False
English,乾卦-static,d͡ʒ,1.271,4,0.209,0.9306,False
English,坎卦-static,k,-1.108,6,0.209,0.9306,False
English,坎卦-static,n,1.018,20,0.199,0.9306,False
English,坎卦-dynamic,ɛ,0.933,13,0.209,0.9306,False
English,乾卦-dynamic,d͡ʒ,0.845,10,0.209,0.9306,False
English,離卦-dynamic,a͡ɪ,-0.813,5,0.209,0.9306,False
English,離卦-static,s,-0.652,27,0.209,0.9306,False
English,乾卦-dynamic,ə,0.533,73,0.204,0.9306,False
English,坤卦-static,d,1.106,9,0.2189,0.941,False
English,震卦-static,w,-0.624,6,0.2189,0.941,False
English,中卦-static,ɒ,0.567,25,0.2189,0.941,False
English,兌卦-static,v,1.72,3,0.2239,0.9482,False
English,離卦-dynamic,ʌ,-0.816,8,0.2239,0.9482,False
English,艮卦-static,ə͡ʊ,0.917,9,0.2289,0.9552,False
English,兌卦-dynamic,f,0.845,12,0.2289,0.9552,False
English,坤卦-dynamic,p,-0.589,26,0.2289,0.9552,False
English,坤卦-static,i,1.14,9,0.2338,0.9667,False
English,震卦-static,z,-0.568,5,0.2338,0.9667,False
English,離卦-dynamic,ə͡l,-0.787,4,0.2388,0.9779,False
English,中卦-static,s,0.46,86,0.2388,0.9779,False
English,艮卦-dynamic,ʊ,0.687,4,0.2537,0.9831,False
English,離卦-static,k,0.649,34,0.2537,0.9831,False
English,兌卦-dynamic,k,0.574,23,0.2537,0.9831,False
English,坤卦-dynamic,m,-0.571,16,0.2537,0.9831,False
English,震卦-static,ə͡l,0.553,16,0.2488,0.9831,False
English,中卦-static,j,0.526,15,0.2537,0.9831,False
English,震卦-static,a͡ɪ,-0.511,11,0.2488,0.9831,False
English,兌卦-static,f,1.3,4,0.2935,0.9937,False
English,坤卦-static,f,1.28,6,0.2736,0.9937,False
English,坎卦-static,ə͡l,1.221,4,0.2886,0.9937,False
English,坎卦-static,d͡ʒ,1.194,3,0.3682,0.9937,False
English,兌卦-static,l,1.138,9,0.2886,0.9937,False
English,巽卦-dynamic,u,1.075,3,0.4776,0.9937,False
English,坎卦-dynamic,d͡ʒ,1.024,4,0.2736,0.9937,False
English,兌卦-static,a,1.015,4,0.3582,0.9937,False
English,巽卦-static,k,-1.002,3,0.2935,0.9937,False
English,艮卦-static,ə͡l,0.946,5,0.2935,0.9937,False
English,坎卦-static,θ,0.937,4,0.5423,0.9937,False
English,兌卦-static,t,0.906,10,0.3383,0.9937,False
English,兌卦-static,b,0.899,4,0.4726,0.9937,False
English,兌卦-static,ʌ,0.898,4,0.6269,0.9937,False
English,坎卦-static,ɛ,0.885,9,0.2836,0.9937,False
English,坤卦-static,ʌ,0.884,6,0.4179,0.9937,False
English,乾卦-static,θ,0.883,5,0.5522,0.9937,False
English,坎卦-dynamic,p,0.872,17,0.2587,0.9937,False
English,坤卦-static,k,0.857,11,0.2736,0.9937,False
English,坎卦-dynamic,ʌ,0.842,12,0.2836,0.9937,False
English,巽卦-dynamic,ɹ,0.778,9,0.3781,0.9937,False
English,震卦-dynamic,t͡ʃ,0.778,5,0.3284,0.9937,False
English,兌卦-static,ə,-0.769,3,0.3781,0.9937,False
English,巽卦-static,ɛ,0.756,4,0.4527,0.9937,False
English,離卦-static,a͡ɪ,0.748,11,0.2687,0.9937,False
English,離卦-static,ʃ,0.739,8,0.3333,0.9937,False
English,艮卦-static,ɔ,0.718,6,0.3134,0.9937,False
English,坤卦-static,t,-0.713,9,0.3234,0.9937,False
English,坎卦-dynamic,a,-0.712,4,0.2985,0.9937,False
English,坤卦-static,s,-0.706,8,0.3483,0.9937,False
English,艮卦-static,v,0.706,6,0.3582,0.9937,False
English,離卦-dynamic,ɡ,-0.703,6,0.2736,0.9937,False
English,艮卦-static,a,-0.686,4,0.2985,0.9937,False
English,坎卦-static,m,-0.675,3,0.3881,0.9937,False
English,坎卦-dynamic,ɒ,-0.666,3,0.4975,0.9937,False
English,坎卦-static,ɡ,0.646,4,0.5323,0.9937,False
English,乾卦-static,n,0.643,23,0.3134,0.9937,False
English,離卦-dynamic,ʃ,-0.642,3,0.3781,0.9937,False
English,震卦-dynamic,a,-0.638,6,0.2736,0.9937,False
English,坤卦-static,ɹ,-0.637,6,0.4776,0.9937,False
English,兌卦-static,ɪ,-0.637,5,0.5572,0.9937,False
English,離卦-static,ʌ,-0.633,7,0.3483,0.9937,False
English,坎卦-static,ŋ,0.629,4,0.5622,0.9937,False
English,乾卦-dynamic,w,0.629,18,0.3035,0.9937,False
English,巽卦-static,ɪ,-0.626,5,0.4826,0.9937,False
English,艮卦-dynamic,ɔ͡ɪ,0.624,4,0.2935,0.9937,False
English,震卦-dynamic,ʌ,-0.624,6,0.403,0.9937,False
English,兌卦-dynamic,ɹ,-0.621,14,0.3085,0.9937,False
English,坎卦-dynamic,e͡ɪ,-0.62,3,0.4378,0.9937,False
English,坎卦-static,t,0.618,20,0.4179,0.9937,False
English,乾卦-static,ɑ,0.612,3,0.5075,0.9937,False
English,兌卦-static,p,-0.607,3,0.607,0.9937,False
English,乾卦-static,s,0.59,22,0.3085,0.9937,False
English,乾卦-dynamic,j,-0.583,3,0.3682,0.9937,False
English,震卦-dynamic,v,0.579,8,0.408,0.9937,False
English,艮卦-dynamic,j,-0.576,3,0.3333,0.9937,False
English,乾卦-static,ə͡l,0.572,4,0.5522,0.9937,False
English,離卦-static,ə͡ʊ,0.565,13,0.4328,0.9937,False
English,乾卦-dynamic,z,0.563,10,0.4279,0.9937,False
English,乾卦-static,ɡ,0.561,5,0.5274,0.9937,False
English,乾卦-dynamic,ɜ,-0.56,3,0.393,0.9937,False
English,震卦-dynamic,ə͡ʊ,0.558,11,0.4378,0.9937,False
English,離卦-dynamic,ɔ,-0.558,6,0.4279,0.9937,False
English,艮卦-dynamic,ɒ,0.556,18,0.3333,0.9937,False
English,兌卦-static,n,0.556,8,0.5075,0.9937,False
English,坎卦-static,ɔ,0.551,4,0.5721,0.9937,False
English,坎卦-static,v,0.546,4,0.6318,0.9937,False
English,坎卦-static,l,0.539,16,0.4826,0.9937,False
English,中卦-static,ŋ,-0.538,5,0.2736,0.9937,False
English,震卦-dynamic,ə͡l,-0.538,3,0.5373,0.9937,False
English,離卦-static,v,-0.537,4,0.4627,0.9937,False
English,乾卦-dynamic,k,-0.534,34,0.2836,0.9937,False
English,坤卦-dynamic,u,-0.533,8,0.2935,0.9937,False
English,震卦-dynamic,i,0.531,20,0.4229,0.9937,False
English,兌卦-dynamic,ŋ,0.526,6,0.4627,0.9937,False
English,坎卦-dynamic,b,-0.519,6,0.4279,0.9937,False
English,離卦-dynamic,v,-0.519,6,0.4179,0.9937,False
English,兌卦-dynamic,e͡ɪ,-0.513,4,0.4328,0.9937,False
English,坤卦-static,ɛ,-0.507,4,0.5672,0.9937,False
English,乾卦-dynamic,ŋ,-0.506,4,0.408,0.9937,False
English,艮卦-static,s,0.505,23,0.3333,0.9937,False
English,巽卦-dynamic,k,0.5,6,0.597,0.9937,False
English,坎卦-dynamic,ɡ,-0.498,3,0.5622,0.9937,False
English,坤卦-dynamic,w,-0.497,6,0.3632,0.9937,False
English,坎卦-dynamic,d,-0.494,10,0.408,0.9937,False
English,離卦-dynamic,ə,0.487,63,0.3085,0.9937,False
English,離卦-dynamic,ɪ,0.487,69,0.3383,0.9937,False
English,震卦-static,a͡ɪ͡ə,0.484,3,0.3483,0.9937,False
English,中卦-static,z,0.483,13,0.2935,0.9937,False
English,坎卦-dynamic,θ,0.477,4,0.6169,0.9937,False
English,坎卦-static,ɹ,-0.473,10,0.5373,0.9937,False
English,艮卦-static,ʌ,-0.471,5,0.5473,0.9937,False
English,坤卦-dynamic,j,-0.463,4,0.3682,0.9937,False
English,震卦-dynamic,m,-0.462,10,0.408,0.9937,False
English,艮卦-static,ɹ,-0.46,14,0.5025,0.9937,False
English,中卦-static,v,0.46,20,0.3532,0.9937,False
English,艮卦-static,ɡ,-0.459,3,0.5771,0.9937,False
English,離卦-static,ɹ,0.459,42,0.4378,0.9937,False
English,坤卦-dynamic,ɪ,-0.457,49,0.3134,0.9937,False
English,艮卦-dynamic,k,0.456,52,0.2935,0.9937,False
English,離卦-static,f,0.454,15,0.4627,0.9937,False
English,坎卦-static,ɪ,0.453,20,0.5124,0.9937,False
English,中卦-static,a,0.441,35,0.2985,0.9937,False
English,震卦-static,ɪ,-0.441,65,0.2786,0.9937,False
English,坤卦-dynamic,ɔ,-0.437,8,0.4428,0.9937,False
English,坎卦-dynamic,t͡ʃ,0.437,3,0.602,0.9937,False
English,震卦-static,ɹ,-0.435,54,0.3234,0.9937,False
English,離卦-dynamic,p,0.431,35,0.4129,0.9937,False
English,離卦-static,h,-0.428,3,0.5224,0.9937,False
English,離卦-dynamic,s,-0.421,43,0.3731,0.9937,False
English,離卦-static,w,-0.418,4,0.602,0.9937,False
English,中卦-static,ʌ,-0.414,20,0.3831,0.9937,False
English,坎卦-dynamic,ɪ,0.41,28,0.5373,0.9937,False
English,震卦-static,e͡ɪ,-0.407,15,0.408,0.9937,False
English,坤卦-static,ə,-0.402,7,0.602,0.9937,False
English,離卦-static,ə,0.401,41,0.4826,0.9937,False
English,離卦-dynamic,d,-0.401,25,0.4129,0.9937,False
English,中卦-static,l,-0.4,56,0.2935,0.9937,False
English,離卦-dynamic,d͡ʒ,-0.393,4,0.5323,0.9937,False
English,艮卦-static,m,-0.391,8,0.5025,0.9937,False
English,坎卦-dynamic,s,0.391,23,0.5025,0.9937,False
English,中卦-static,ɔ,-0.391,11,0.3831,0.9937,False
English,坤卦-dynamic,ə,0.388,70,0.3184,0.9937,False
English,震卦-static,i͡ə,0.388,9,0.4726,0.9937,False
English,乾卦-dynamic,p,-0.386,28,0.3881,0.9937,False
English,震卦-dynamic,ə,-0.383,20,0.4577,0.9937,False
English,坎卦-static,b,0.379,7,0.607,0.9937,False
English,乾卦-static,l,-0.379,14,0.5871,0.9937,False
English,艮卦-dynamic,t͡ʃ,-0.376,4,0.5274,0.9937,False
English,中卦-static,ɪ,-0.376,68,0.3134,0.9937,False
English,中卦-static,ə͡ʊ,-0.37,17,0.4129,0.9937,False
English,巽卦-static,l,-0.368,5,0.6468,0.9937,False
English,震卦-static,m,0.366,69,0.3383,0.9937,False
English,離卦-static,ɛ,-0.366,14,0.5423,0.9937,False
English,乾卦-static,p,0.362,13,0.5871,0.9937,False
English,坤卦-dynamic,ʌ,-0.36,16,0.5075,0.9937,False
English,離卦-static,ɒ,0.356,10,0.6318,0.9937,False
English,坎卦-static,p,0.352,10,0.6269,0.9937,False
English,中卦-static,k,-0.351,51,0.3184,0.9937,False
English,坤卦-static,p,0.35,7,0.6468,0.9937,False
English,坎卦-dynamic,ə,-0.347,15,0.5224,0.9937,False
English,離卦-static,b,-0.345,11,0.5423,0.9937,False
English,震卦-static,ɐ,-0.344,3,0.5473,0.9937,False
English,乾卦-dynamic,u,-0.342,10,0.4925,0.9937,False
English,兌卦-dynamic,ə,-0.341,17,0.5075,0.9937,False
English,坤卦-dynamic,k,-0.34,39,0.4527,0.9937,False
English,坤卦-dynamic,ə͡l,0.34,11,0.592,0.9937,False
English,離卦-dynamic,ɜ,-0.34,4,0.5771,0.9937,False
English,艮卦-dynamic,n,-0.339,45,0.4179,0.9937,False
English,坎卦-dynamic,ɹ,-0.333,16,0.592,0.9937,False
English,坤卦-static,m,0.33,9,0.6468,0.9937,False
English,艮卦-dynamic,u,-0.329,10,0.4975,0.9937,False
English,兌卦-dynamic,a͡ɪ,-0.328,4,0.6567,0.9937,False
English,兌卦-dynamic,b,0.328,11,0.6119,0.9937,False
English,乾卦-static,ə,0.326,22,0.5672,0.9937,False
English,兌卦-dynamic,s,-0.324,21,0.5672,0.9937,False
English,坤卦-dynamic,f,-0.319,18,0.5821,0.9937,False
English,坤卦-dynamic,h,0.314,10,0.6318,0.9937,False
English,坎卦-dynamic,l,0.313,21,0.5821,0.9937,False
English,乾卦-dynamic,a,-0.31,16,0.5323,0.9937,False
English,艮卦-dynamic,ŋ,0.309,12,0.5721,0.9937,False
English,乾卦-dynamic,ɹ,-0.309,44,0.5174,0.9937,False
English,艮卦-dynamic,m,-0.308,25,0.5522,0.9937,False
English,震卦-static,ʌ,-0.308,22,0.5622,0.9937,False
English,震卦-static,ɒ,0.305,22,0.5821,0.9937,False
English,離卦-static,n,-0.304,28,0.5572,0.9937,False
English,震卦-dynamic,ʃ,-0.296,3,0.6418,0.9937,False
English,震卦-dynamic,ɪ,-0.288,27,0.5771,0.9937,False
English,中卦-static,t͡ʃ,0.287,10,0.5622,0.9937,False
English,震卦-static,j,-0.285,7,0.5274,0.9937,False
English,乾卦-dynamic,ɪ,-0.283,53,0.5721,0.9937,False
English,乾卦-dynamic,ɒ,0.282,16,0.592,0.9937,False
English,中卦-static,ə͡l,0.278,14,0.5672,0.9937,False
English,震卦-static,t,0.278,95,0.4677,0.9937,False
English,坎卦-dynamic,ð,0.277,9,0.6169,0.9937,False
English,艮卦-dynamic,l,0.276,55,0.4975,0.9937,False
English,艮卦-static,n,-0.271,17,0.6368,0.9937,False
English,中卦-static,ə,-0.269,59,0.4627,0.9937,False
English,艮卦-dynamic,d͡ʒ,-0.268,5,0.6418,0.9937,False
English,坤卦-dynamic,ə͡ʊ,-0.264,14,0.6219,0.9937,False
English,震卦-dynamic,k,-0.263,20,0.6468,0.9937,False
English,坤卦-dynamic,t,0.26,72,0.5224,0.9937,False
English,艮卦-static,t,0.258,25,0.6269,0.9937,False
English,乾卦-dynamic,f,0.257,23,0.6318,0.9937,False
English,中卦-static,ɑ,0.253,10,0.597,0.9937,False
English,艮卦-dynamic,h,-0.252,6,0.6418,0.9937,False
English,乾卦-dynamic,i,-0.246,26,0.6418,0.9937,False
English,中卦-static,m,-0.24,38,0.5423,0.9937,False
English,震卦-dynamic,b,-0.237,10,0.6567,0.9937,False
English,震卦-static,n,0.233,80,0.6269,0.9937,False
English,離卦-static,l,-0.23,27,0.6219,0.9937,False
English,震卦-static,l,-0.227,61,0.6119,0.9937,False
English,兌卦-dynamic,ɪ,-0.22,23,0.6468,0.9937,False
English,兌卦-dynamic,m,-0.219,12,0.6517,0.9937,False
English,中卦-static,ʃ,0.218,13,0.6368,0.9937,False
English,坤卦-dynamic,s,0.201,61,0.6318,0.9937,False
English,巽卦-static,f,0.473,3,0.7015,1.0,False
English,乾卦-static,ʌ,-0.403,5,0.7214,1.0,False
English,兌卦-static,ɹ,-0.385,5,0.7015,1.0,False
English,乾卦-static,b,-0.383,6,0.6816,1.0,False
English,坎卦-static,ʌ,-0.365,4,0.7015,1.0,False
English,坎卦-static,a,-0.357,4,0.7463,1.0,False
English,巽卦-dynamic,t,0.355,8,0.7065,1.0,False
English,兌卦-static,m,-0.321,3,0.7711,1.0,False
English,乾卦-static,ɛ,-0.31,8,0.6915,1.0,False
English,離卦-static,ɐ,0.305,3,0.7065,1.0,False
English,艮卦-static,ɒ,-0.303,4,0.7214,1.0,False
English,乾卦-static,d,-0.3,10,0.6766,1.0,False
English,離卦-static,ɑ,-0.29,3,0.7214,1.0,False
English,巽卦-dynamic,ɪ,0.286,8,0.791,1.0,False
English,乾卦-static,m,0.279,16,0.7463,1.0,False
English,乾卦-static,f,-0.274,6,0.7761,1.0,False
English,艮卦-static,w,-0.262,3,0.7562,1.0,False
English,離卦-static,m,0.252,28,0.6866,1.0,False
English,艮卦-static,u,-0.247,4,0.8109,1.0,False
English,離卦-dynamic,f,-0.246,16,0.6866,1.0,False
English,離卦-static,e͡ɪ,-0.245,8,0.6965,1.0,False
English,離卦-static,ŋ,-0.242,4,0.7612,1.0,False
English,離卦-dynamic,i͡ə,-0.241,3,0.7711,1.0,False
English,兌卦-dynamic,l,0.239,23,0.6915,1.0,False
English,乾卦-static,j,0.235,3,0.8657,1.0,False
English,離卦-dynamic,ŋ,-0.228,6,0.7065,1.0,False
English,巽卦-static,b,0.225,3,0.8109,1.0,False
English,坎卦-static,d,-0.223,8,0.7562,1.0,False
English,震卦-dynamic,ɹ,-0.22,24,0.6965,1.0,False
English,乾卦-dynamic,a͡ɪ,0.219,14,0.7313,1.0,False
English,震卦-dynamic,e͡ɪ,-0.215,7,0.7313,1.0,False
English,坎卦-dynamic,w,0.213,5,0.8209,1.0,False
English,坎卦-static,ɒ,0.209,4,0.8308,1.0,False
English,中卦-static,ʊ,0.206,4,0.7463,1.0,False
English,乾卦-static,ɹ,-0.204,16,0.7164,1.0,False
English,艮卦-static,e͡ɪ,0.201,7,0.8209,1.0,False
English,離卦-dynamic,m,-0.201,26,0.6866,1.0,False
English,乾卦-static,t,0.2,23,0.7214,1.0,False
English,乾卦-dynamic,ɡ,-0.199,10,0.6965,1.0,False
English,艮卦-dynamic,ɑ,0.198,7,0.7413,1.0,False
English,乾卦-dynamic,ə͡ʊ,0.196,18,0.7363,1.0,False
English,震卦-static,ʃ,-0.191,9,0.7065,1.0,False
English,艮卦-static,i,0.189,12,0.7562,1.0,False
English,兌卦-static,ɛ,-0.189,3,0.8806,1.0,False
English,艮卦-dynamic,ð,-0.185,5,0.7512,1.0,False
English,乾卦-dynamic,t,0.185,68,0.6816,1.0,False
English,乾卦-static,u,-0.183,4,0.8756,1.0,False
English,離卦-dynamic,a͡ʊ,-0.179,3,0.8657,1.0,False
English,離卦-static,ɪ,-0.176,34,0.7811,1.0,False
English,坎卦-dynamic,ɜ,0.173,3,0.796,1.0,False
English,坤卦-dynamic,a,0.171,23,0.6816,1.0,False
English,中卦-static,ɐ,0.171,6,0.7761,1.0,False
English,震卦-static,ŋ,-0.171,10,0.7363,1.0,False
English,兌卦-dynamic,n,0.171,24,0.8259,1.0,False
English,乾卦-static,a,-0.169,6,0.8259,1.0,False
English,坎卦-dynamic,f,-0.165,7,0.7811,1.0,False
English,艮卦-dynamic,t,-0.157,60,0.6716,1.0,False
English,坤卦-dynamic,ŋ,0.154,11,0.7662,1.0,False
English,震卦-static,k,-0.154,56,0.7214,1.0,False
English,中卦-static,ɛ,0.147,38,0.7662,1.0,False
English,兌卦-static,s,0.147,7,0.9254,1.0,False
English,兌卦-dynamic,ə͡l,0.146,4,0.791,1.0,False
English,中卦-static,ɔ͡ɪ,0.145,3,0.7711,1.0,False
English,離卦-static,t͡ʃ,0.145,4,0.8408,1.0,False
English,中卦-static,f,-0.143,26,0.796,1.0,False
English,兌卦-dynamic,d,0.142,15,0.7811,1.0,False
English,兌卦-static,k,-0.141,5,0.8905,1.0,False
English,乾卦-dynamic,ʃ,0.14,9,0.8308,1.0,False
English,艮卦-dynamic,ɔ,0.138,12,0.8159,1.0,False
English,坎卦-dynamic,n,0.137,21,0.8259,1.0,False
English,艮卦-static,ɛ,0.134,10,0.8358,1.0,False
English,中卦-static,θ,0.132,10,0.7512,1.0,False
English,中卦-static,ð,-0.131,10,0.7562,1.0,False
English,震卦-static,ə,0.131,79,0.7612,1.0,False
English,巽卦-static,ɹ,0.125,7,0.8756,1.0,False
English,艮卦-dynamic,f,-0.123,19,0.8159,1.0,False
English,震卦-dynamic,p,0.123,18,0.8408,1.0,False
English,乾卦-dynamic,i͡ə,-0.123,4,0.8507,1.0,False
English,艮卦-dynamic,ə͡l,-0.122,8,0.806,1.0,False
English,坎卦-dynamic,m,-0.122,12,0.8358,1.0,False
English,巽卦-dynamic,s,-0.119,6,0.9204,1.0,False
English,兌卦-dynamic,a,0.118,9,0.8209,1.0,False
English,艮卦-dynamic,ɪ,0.117,65,0.796,1.0,False
English,艮卦-dynamic,ɜ,-0.115,6,0.8557,1.0,False
English,震卦-dynamic,n,-0.114,26,0.7861,1.0,False
English,乾卦-dynamic,h,-0.108,7,0.8955,1.0,False
English,坤卦-dynamic,l,0.107,54,0.8408,1.0,False
English,坎卦-static,s,-0.105,14,0.8955,1.0,False
English,坤卦-dynamic,ɑ,-0.104,6,0.8806,1.0,False
English,乾卦-static,ɔ,0.099,4,0.9154,1.0,False
English,兌卦-dynamic,ʌ,-0.098,8,0.9055,1.0,False
English,乾卦-static,ɪ,0.097,22,0.8408,1.0,False
English,坎卦-static,e͡ɪ,-0.093,4,0.9104,1.0,False
English,震卦-dynamic,d͡ʒ,-0.089,3,0.9104,1.0,False
English,震卦-static,θ,-0.088,7,0.8955,1.0,False
English,艮卦-dynamic,b,0.08,23,0.8905,1.0,False
English,乾卦-dynamic,d,0.077,35,0.8955,1.0,False
English,中卦-static,ɡ,0.076,16,0.8607,1.0,False
English,震卦-dynamic,ɡ,0.074,6,0.9353,1.0,False
English,坎卦-static,ə͡ʊ,-0.072,4,0.9403,1.0,False
English,震卦-dynamic,ŋ,0.07,5,0.9254,1.0,False
English,中卦-static,e͡ɪ,0.069,24,0.8905,1.0,False
English,離卦-static,i͡ə,0.069,3,0.9552,1.0,False
English,震卦-static,ɜ,0.067,10,0.9055,1.0,False
English,震卦-static,ə͡ʊ,-0.066,21,0.9104,1.0,False
English,離卦-dynamic,ɹ,0.066,50,0.9303,1.0,False
English,坤卦-static,n,0.062,10,0.9204,1.0,False
English,離卦-dynamic,e͡ɪ,-0.061,14,0.9154,1.0,False
English,中卦-static,d,-0.06,45,0.9005,1.0,False
English,震卦-dynamic,a͡ɪ,-0.06,6,0.9303,1.0,False
English,離卦-dynamic,j,-0.059,6,0.9254,1.0,False
English,乾卦-dynamic,ɑ,-0.057,6,0.9453,1.0,False
English,離卦-dynamic,u,0.055,13,0.9254,1.0,False
English,中卦-static,u,0.054,20,0.9104,1.0,False
English,離卦-dynamic,t͡ʃ,-0.054,5,0.9403,1.0,False
English,兌卦-static,d,-0.054,4,0.9602,1.0,False
English,乾卦-dynamic,m,-0.053,35,0.9453,1.0,False
English,艮卦-dynamic,z,0.046,7,0.9254,1.0,False
English,中卦-static,i,-0.045,40,0.9303,1.0,False
English,乾卦-dynamic,ɛ,0.045,27,0.9104,1.0,False
English,艮卦-dynamic,ɹ,0.044,55,0.8806,1.0,False
English,離卦-dynamic,i,-0.044,26,0.9552,1.0,False
English,中卦-static,i͡ə,-0.043,6,0.9552,1.0,False
English,乾卦-static,a͡ɪ,-0.043,4,0.9751,1.0,False
English,艮卦-static,d,-0.039,12,0.9602,1.0,False
English,中卦-static,n,0.038,74,0.9552,1.0,False
English,乾卦-dynamic,ʌ,-0.038,20,0.9552,1.0,False
English,坤卦-static,b,-0.036,4,0.9701,1.0,False
English,中卦-static,b,0.032,31,0.9602,1.0,False
English,乾卦-dynamic,a͡ʊ,-0.03,4,0.9701,1.0,False
English,坎卦-dynamic,i,-0.029,11,0.9751,1.0,False
English,離卦-static,t,0.029,39,0.9652,1.0,False
English,坎卦-dynamic,t,0.028,24,0.9502,1.0,False
English,兌卦-dynamic,ɛ,-0.028,11,0.9701,1.0,False
English,巽卦-dynamic,ɛ,0.026,3,0.9701,1.0,False
English,兌卦-dynamic,u,0.026,6,0.9801,1.0,False
English,震卦-dynamic,h,0.023,4,0.9701,1.0,False
English,坤卦-dynamic,e͡ɪ,-0.019,17,0.9851,1.0,False
English,艮卦-dynamic,ə͡ʊ,0.016,16,0.9851,1.0,False
English,坎卦-static,ə,0.016,14,0.99,1.0,False
English,艮卦-static,ə,-0.013,19,0.9751,1.0,False
English,坎卦-dynamic,ə͡ʊ,0.01,6,0.99,1.0,False
English,艮卦-static,p,-0.008,12,0.995,1.0,False
English,震卦-static,u,-0.006,19,0.9801,1.0,False
English,震卦-static,d,-0.004,46,1.0,1.0,False
English,兌卦-dynamic,p,0.002,14,1.0,1.0,False
English,乾卦-dynamic,v,0.002,11,1.0,1.0,False
Finnish,坤卦-static,æ͡y,4.028,5,0.005,0.2351,False
Finnish,巽卦-static,ø͡y,3.855,3,0.005,0.2351,False
Finnish,艮卦-static,e͡u,3.713,8,0.005,0.2351,False
Finnish,坤卦-dynamic,æ͡i,3.229,16,0.005,0.2351,False
Finnish,震卦-dynamic,y͡ø,3.045,6,0.005,0.2351,False
Finnish,乾卦-dynamic,a͡u,2.959,16,0.005,0.2351,False
Finnish,坎卦-dynamic,æ,2.669,32,0.005,0.2351,False
Finnish,兌卦-dynamic,t,2.658,135,0.005,0.2351,False
Finnish,離卦-static,r,2.439,62,0.005,0.2351,False
Finnish,兌卦-dynamic,d,2.267,14,0.005,0.2351,False
Finnish,離卦-dynamic,o͡i,2.235,19,0.005,0.2351,False
Finnish,乾卦-dynamic,u,2.14,71,0.005,0.2351,False
Finnish,震卦-static,i͡e,2.053,11,0.005,0.2351,False
Finnish,中卦-static,e͡i,1.698,17,0.005,0.2351,False
Finnish,中卦-static,i͡e,1.687,13,0.005,0.2351,False
Finnish,巽卦-static,ŋ,3.49,6,0.01,0.3009,False
Finnish,離卦-static,o,1.992,50,0.01,0.3009,False
Finnish,兌卦-dynamic,a,1.783,150,0.01,0.3009,False
Finnish,艮卦-dynamic,m,-1.593,13,0.01,0.3009,False
Finnish,震卦-static,s,-1.523,50,0.01,0.3009,False
Finnish,震卦-static,p,1.507,60,0.01,0.3009,False
Finnish,中卦-static,r,-1.353,33,0.01,0.3009,False
Finnish,離卦-static,ɪ,1.645,78,0.0149,0.364,False
Finnish,離卦-dynamic,t,1.645,115,0.0149,0.364,False
Finnish,震卦-static,ɪ,1.344,117,0.0149,0.364,False
Finnish,中卦-static,n,1.181,163,0.0149,0.364,False
Finnish,震卦-dynamic,o͡u,2.165,5,0.0199,0.4179,False
Finnish,兌卦-dynamic,ɪ,-1.526,14,0.0199,0.4179,False
Finnish,艮卦-dynamic,ɪ,-1.426,20,0.0199,0.4179,False
Finnish,中卦-static,a͡i,1.118,31,0.0199,0.4179,False
Finnish,艮卦-static,l,1.716,62,0.0249,0.4949,False
Finnish,震卦-static,u͡o,1.213,17,0.0249,0.4949,False
Finnish,坤卦-static,j,2.074,12,0.0299,0.5504,False
Finnish,坤卦-dynamic,o,1.051,81,0.0299,0.5504,False
Finnish,巽卦-dynamic,u͡o,2.732,3,0.0348,0.6123,False
Finnish,坤卦-static,v,2.266,14,0.0348,0.6123,False
Finnish,艮卦-dynamic,o͡u,1.798,5,0.0398,0.6141,False
Finnish,離卦-dynamic,y͡ø,1.184,3,0.0398,0.6141,False
Finnish,震卦-static,k,1.099,115,0.0398,0.6141,False
Finnish,乾卦-static,i,2.178,9,0.0448,0.6387,False
Finnish,艮卦-dynamic,a͡u,1.386,10,0.0448,0.6387,False
Finnish,艮卦-dynamic,a,1.276,168,0.0448,0.6387,False
Finnish,乾卦-static,y,2.324,7,0.0498,0.6839,False
Finnish,中卦-static,a,-0.814,160,0.0498,0.6839,False
Finnish,巽卦-static,k,2.238,24,0.0547,0.6896,False
Finnish,乾卦-dynamic,m,1.355,48,0.0547,0.6896,False
Finnish,兌卦-dynamic,r,-1.227,18,0.0547,0.6896,False
Finnish,坤卦-dynamic,n,0.986,146,0.0547,0.6896,False
Finnish,中卦-dynamic,e,3.457,8,0.0746,0.6998,False
Finnish,巽卦-dynamic,j,2.285,6,0.0796,0.6998,False
Finnish,坎卦-static,o͡i,2.137,5,0.0597,0.6998,False
Finnish,巽卦-static,a͡i,1.929,5,0.0796,0.6998,False
Finnish,巽卦-static,h,1.815,11,0.0796,0.6998,False
Finnish,坤卦-static,u,-1.768,3,0.0746,0.6998,False
Finnish,乾卦-dynamic,o͡u,1.408,4,0.0697,0.6998,False
Finnish,離卦-dynamic,k,-1.237,40,0.0697,0.6998,False
Finnish,艮卦-dynamic,d,1.231,12,0.0697,0.6998,False
Finnish,兌卦-dynamic,o͡i,1.23,12,0.0647,0.6998,False
Finnish,艮卦-dynamic,u,1.182,59,0.0647,0.6998,False
Finnish,艮卦-dynamic,ø,1.164,6,0.0697,0.6998,False
Finnish,震卦-dynamic,a͡i,-1.137,3,0.0746,0.6998,False
Finnish,震卦-dynamic,d,1.134,10,0.0597,0.6998,False
Finnish,震卦-dynamic,i,-1.108,16,0.0697,0.6998,False
Finnish,離卦-static,h,-1.091,10,0.0697,0.6998,False
Finnish,兌卦-dynamic,k,-1.045,41,0.0796,0.6998,False
Finnish,坤卦-dynamic,e͡i,1.008,12,0.0697,0.6998,False
Finnish,震卦-static,m,1.0,56,0.0697,0.6998,False
Finnish,震卦-static,i,0.869,44,0.0796,0.6998,False
Finnish,艮卦-dynamic,v,-0.861,19,0.0746,0.6998,False
Finnish,震卦-static,r,0.852,69,0.0796,0.6998,False
Finnish,坤卦-dynamic,t,-0.838,86,0.0647,0.6998,False
Finnish,坤卦-dynamic,a,-0.818,153,0.0697,0.6998,False
Finnish,乾卦-static,h,2.141,11,0.0846,0.7104,False
Finnish,離卦-static,y,-1.232,4,0.0846,0.7104,False
Finnish,艮卦-static,p,1.209,28,0.0846,0.7104,False
Finnish,離卦-static,u͡o,1.122,10,0.0846,0.7104,False
Finnish,中卦-static,y͡i,1.866,3,0.0995,0.7164,False
Finnish,巽卦-static,a,1.664,37,0.0896,0.7164,False
Finnish,坎卦-dynamic,e͡i,1.643,3,0.0945,0.7164,False
Finnish,離卦-static,s,-1.1,37,0.0945,0.7164,False
Finnish,兌卦-dynamic,æ,1.1,57,0.0995,0.7164,False
Finnish,兌卦-dynamic,o,-0.999,15,0.0995,0.7164,False
Finnish,艮卦-dynamic,s,-0.969,52,0.0896,0.7164,False
Finnish,艮卦-dynamic,p,0.953,42,0.0995,0.7164,False
Finnish,艮卦-dynamic,t,0.952,112,0.0995,0.7164,False
Finnish,艮卦-dynamic,i,-0.93,20,0.0896,0.7164,False
Finnish,坤卦-dynamic,e,0.774,128,0.1095,0.7806,False
Finnish,離卦-dynamic,n,-0.959,25,0.1144,0.7936,False
Finnish,兌卦-dynamic,i,-0.959,16,0.1194,0.8132,False
Finnish,離卦-dynamic,u,-0.943,21,0.1194,0.8132,False
Finnish,艮卦-static,o,1.063,32,0.1244,0.8177,False
Finnish,中卦-static,i,-0.78,35,0.1244,0.8177,False
Finnish,中卦-static,e,0.761,133,0.1244,0.8177,False
Finnish,離卦-dynamic,p,-1.03,14,0.1294,0.843,False
Finnish,離卦-static,n,-0.912,23,0.1343,0.8606,False
Finnish,震卦-static,l,-0.674,74,0.1343,0.8606,False
Finnish,坎卦-static,a,-1.545,17,0.1493,0.868,False
Finnish,坎卦-dynamic,t,1.363,37,0.1443,0.868,False
Finnish,艮卦-static,e͡i,1.122,5,0.1493,0.868,False
Finnish,震卦-dynamic,n,0.993,81,0.1493,0.868,False
Finnish,乾卦-dynamic,y͡ø,0.993,3,0.1493,0.868,False
Finnish,乾卦-dynamic,v,0.927,36,0.1493,0.868,False
Finnish,艮卦-dynamic,j,-0.848,6,0.1493,0.868,False
Finnish,艮卦-dynamic,e͡i,0.846,7,0.1443,0.868,False
Finnish,震卦-static,v,-0.797,24,0.1393,0.868,False
Finnish,巽卦-dynamic,l,-1.956,5,0.1542,0.8701,False
Finnish,乾卦-static,k,-1.705,7,0.1542,0.8701,False
Finnish,震卦-dynamic,p,0.82,35,0.1542,0.8701,False
Finnish,巽卦-dynamic,v,1.826,6,0.1642,0.8759,False
Finnish,坎卦-static,l,1.616,23,0.1692,0.8759,False
Finnish,巽卦-static,y,1.454,6,0.1642,0.8759,False
Finnish,坤卦-static,i,1.396,11,0.1692,0.8759,False
Finnish,兌卦-dynamic,m,-0.867,18,0.1692,0.8759,False
Finnish,離卦-dynamic,a,0.826,131,0.1592,0.8759,False
Finnish,乾卦-dynamic,æ,-0.811,23,0.1692,0.8759,False
Finnish,艮卦-dynamic,ø͡y,0.762,4,0.1592,0.8759,False
Finnish,兌卦-dynamic,l,-0.76,48,0.1692,0.8759,False
Finnish,中卦-static,u͡i,0.713,12,0.1692,0.8759,False
Finnish,中卦-static,m,0.699,69,0.1692,0.8759,False
Finnish,巽卦-dynamic,r,1.719,9,0.1791,0.8864,False
Finnish,坎卦-dynamic,a͡i,1.321,6,0.1841,0.8864,False
Finnish,乾卦-dynamic,ø,0.884,5,0.1791,0.8864,False
Finnish,離卦-dynamic,m,-0.87,19,0.1841,0.8864,False
Finnish,兌卦-dynamic,n,-0.87,26,0.1841,0.8864,False
Finnish,兌卦-dynamic,j,-0.835,5,0.1791,0.8864,False
Finnish,兌卦-dynamic,e,-0.805,28,0.1741,0.8864,False
Finnish,坤卦-dynamic,l,-0.76,93,0.1791,0.8864,False
Finnish,震卦-static,o,0.749,57,0.1741,0.8864,False
Finnish,震卦-static,d,0.644,11,0.1841,0.8864,False
Finnish,震卦-dynamic,l,-0.792,51,0.1891,0.8933,False
Finnish,巽卦-static,e,-1.309,4,0.194,0.9055,False
Finnish,離卦-static,k,0.929,68,0.194,0.9055,False
Finnish,坎卦-static,s,1.59,24,0.199,0.9063,False
Finnish,艮卦-static,n,-0.911,19,0.199,0.9063,False
Finnish,離卦-static,æ,-0.816,18,0.199,0.9063,False
Finnish,離卦-static,l,0.82,64,0.204,0.9179,False
Finnish,兌卦-dynamic,u͡o,0.77,9,0.204,0.9179,False
Finnish,艮卦-dynamic,æ͡i,0.843,4,0.209,0.9238,False
Finnish,中卦-static,o,0.538,71,0.209,0.9238,False
Finnish,兌卦-dynamic,v,-0.673,17,0.2139,0.9295,False
Finnish,離卦-dynamic,j,0.734,23,0.2189,0.9456,False
Finnish,乾卦-dynamic,a,-0.686,97,0.2239,0.9456,False
Finnish,中卦-static,p,-0.502,38,0.2239,0.9456,False
Finnish,乾卦-static,s,-1.449,8,0.2338,0.9504,False
Finnish,坤卦-static,a,1.24,45,0.2289,0.9504,False
Finnish,巽卦-static,l,-1.085,11,0.2338,0.9504,False
Finnish,震卦-static,æ,-0.59,36,0.2338,0.9504,False
Finnish,震卦-static,n,-0.574,51,0.2289,0.9504,False
Finnish,震卦-dynamic,v,-0.698,18,0.2388,0.9603,False
Finnish,乾卦-dynamic,l,-0.722,57,0.2488,0.9846,False
Finnish,震卦-static,e,-0.562,51,0.2488,0.9846,False
Finnish,坎卦-dynamic,s,1.006,27,0.2537,0.9939,False
Finnish,震卦-static,y͡ø,0.615,3,0.2537,0.9939,False
Finnish,中卦-dynamic,s,2.495,6,0.3234,1.0,False
Finnish,中卦-dynamic,n,2.453,7,0.3532,1.0,False
Finnish,中卦-dynamic,l,1.745,5,0.5373,1.0,False
Finnish,中卦-dynamic,ɪ,1.523,5,0.5821,1.0,False
Finnish,兌卦-static,m,1.51,4,0.3781,1.0,False
Finnish,乾卦-static,a͡i,1.456,4,0.2736,1.0,False
Finnish,巽卦-dynamic,æ,1.448,10,0.3085,1.0,False
Finnish,巽卦-dynamic,p,1.359,6,0.3682,1.0,False
Finnish,兌卦-static,t,-1.322,3,0.4577,1.0,False
Finnish,中卦-dynamic,a,-1.316,4,0.6915,1.0,False
Finnish,坤卦-static,o,-1.227,4,0.2687,1.0,False
Finnish,坤卦-static,ɪ,-1.209,7,0.2886,1.0,False
Finnish,坎卦-static,t,-1.209,10,0.2836,1.0,False
Finnish,巽卦-dynamic,k,-1.209,6,0.3433,1.0,False
Finnish,兌卦-static,ɪ,1.189,7,0.4975,1.0,False
Finnish,坎卦-dynamic,ŋ,1.172,4,0.2687,1.0,False
Finnish,乾卦-static,o,-1.159,3,0.393,1.0,False
Finnish,巽卦-static,p,-1.158,3,0.2587,1.0,False
Finnish,坤卦-static,p,-1.147,4,0.2886,1.0,False
Finnish,乾卦-static,m,1.146,9,0.3284,1.0,False
Finnish,坎卦-static,ɪ,1.132,21,0.3284,1.0,False
Finnish,坎卦-dynamic,h,1.108,13,0.3035,1.0,False
Finnish,巽卦-dynamic,m,1.107,6,0.4229,1.0,False
Finnish,巽卦-static,ɪ,-1.084,6,0.2985,1.0,False
Finnish,乾卦-static,n,1.063,18,0.403,1.0,False
Finnish,坎卦-static,u͡o,1.046,3,0.408,1.0,False
Finnish,坎卦-static,o,1.044,12,0.3731,1.0,False
Finnish,乾卦-static,a,-1.032,17,0.3582,1.0,False
Finnish,坎卦-static,k,-1.001,12,0.4279,1.0,False
Finnish,巽卦-static,æ,-1.001,4,0.3184,1.0,False
Finnish,坤卦-static,k,-0.981,14,0.3582,1.0,False
Finnish,兌卦-static,k,0.971,7,0.5871,1.0,False
Finnish,乾卦-static,r,-0.966,5,0.4378,1.0,False
Finnish,兌卦-static,s,-0.951,4,0.607,1.0,False
Finnish,巽卦-static,o,-0.933,4,0.3532,1.0,False
Finnish,巽卦-dynamic,e,-0.908,4,0.5821,1.0,False
Finnish,坤卦-static,h,0.878,11,0.393,1.0,False
Finnish,坎卦-dynamic,d,0.867,3,0.3881,1.0,False
Finnish,坤卦-static,m,-0.865,6,0.4129,1.0,False
Finnish,乾卦-static,v,0.864,7,0.4776,1.0,False
Finnish,坎卦-static,h,-0.817,4,0.4577,1.0,False
Finnish,坎卦-dynamic,n,-0.817,10,0.3881,1.0,False
Finnish,巽卦-dynamic,y,0.813,3,0.5622,1.0,False
Finnish,坎卦-dynamic,ɪ,-0.798,11,0.4229,1.0,False
Finnish,坤卦-static,r,0.794,15,0.4328,1.0,False
Finnish,兌卦-static,u,0.773,4,0.6318,1.0,False
Finnish,坎卦-static,i,-0.768,5,0.4776,1.0,False
Finnish,巽卦-dynamic,a,0.731,19,0.6318,1.0,False
Finnish,坎卦-dynamic,r,-0.729,9,0.4726,1.0,False
Finnish,艮卦-static,v,0.717,22,0.2736,1.0,False
Finnish,乾卦-static,j,0.711,5,0.5771,1.0,False
Finnish,離卦-dynamic,d,0.707,8,0.3085,1.0,False
Finnish,艮卦-static,a͡i,-0.696,4,0.3831,1.0,False
Finnish,離卦-static,j,-0.695,6,0.3085,1.0,False
Finnish,坎卦-static,p,0.691,9,0.4726,1.0,False
Finnish,艮卦-static,k,0.682,53,0.2736,1.0,False
Finnish,巽卦-static,i,0.666,7,0.5672,1.0,False
Finnish,兌卦-dynamic,u,0.664,41,0.2985,1.0,False
Finnish,中卦-dynamic,t,-0.659,3,0.8557,1.0,False
Finnish,乾卦-static,p,-0.653,4,0.597,1.0,False
Finnish,兌卦-static,e,-0.646,3,0.6915,1.0,False
Finnish,離卦-static,m,0.645,31,0.3134,1.0,False
Finnish,坤卦-static,æ,0.643,16,0.5025,1.0,False
Finnish,震卦-dynamic,e͡u,0.643,3,0.408,1.0,False
Finnish,震卦-dynamic,æ͡i,0.632,3,0.3284,1.0,False
Finnish,坎卦-dynamic,i,0.619,10,0.5274,1.0,False
Finnish,離卦-static,a͡u,0.617,5,0.3781,1.0,False
Finnish,艮卦-static,æ,-0.605,18,0.3532,1.0,False
Finnish,坎卦-dynamic,e,-0.602,12,0.4677,1.0,False
Finnish,離卦-static,p,0.596,28,0.3632,1.0,False
Finnish,坎卦-static,m,-0.589,6,0.6368,1.0,False
Finnish,坤卦-static,y,-0.586,3,0.5373,1.0,False
Finnish,巽卦-dynamic,t,-0.58,8,0.6866,1.0,False
Finnish,艮卦-dynamic,r,-0.574,33,0.2736,1.0,False
Finnish,艮卦-static,y,-0.563,7,0.3781,1.0,False
Finnish,巽卦-static,u,0.562,10,0.592,1.0,False
Finnish,艮卦-dynamic,l,0.552,81,0.2985,1.0,False
Finnish,兌卦-static,n,0.546,6,0.806,1.0,False
Finnish,兌卦-dynamic,æ͡y,0.535,3,0.5522,1.0,False
Finnish,震卦-dynamic,b,0.529,3,0.5572,1.0,False
Finnish,離卦-dynamic,y,-0.525,10,0.408,1.0,False
Finnish,巽卦-dynamic,i,-0.524,3,0.7761,1.0,False
Finnish,坤卦-static,a͡i,0.523,4,0.6269,1.0,False
Finnish,艮卦-dynamic,y,0.519,21,0.3433,1.0,False
Finnish,乾卦-dynamic,æ͡i,0.516,3,0.403,1.0,False
Finnish,巽卦-dynamic,u,-0.512,4,0.7612,1.0,False
Finnish,坤卦-dynamic,h,0.511,56,0.3085,1.0,False
Finnish,乾卦-dynamic,d,-0.508,3,0.3781,1.0,False
Finnish,離卦-dynamic,æ,0.507,48,0.3682,1.0,False
Finnish,坤卦-dynamic,k,0.505,129,0.3333,1.0,False
Finnish,中卦-static,a͡u,-0.504,3,0.2886,1.0,False
Finnish,艮卦-dynamic,e͡u,0.496,3,0.4826,1.0,False
Finnish,艮卦-dynamic,i͡u,0.491,3,0.5572,1.0,False
Finnish,坎卦-dynamic,m,-0.485,8,0.6318,1.0,False
Finnish,坤卦-dynamic,ɪ,-0.483,72,0.2836,1.0,False
Finnish,震卦-dynamic,r,-0.482,30,0.4179,1.0,False
Finnish,離卦-static,i,-0.479,18,0.4627,1.0,False
Finnish,乾卦-dynamic,u͡o,-0.477,3,0.3781,1.0,False
Finnish,坤卦-dynamic,y,-0.476,19,0.2736,1.0,False
Finnish,坤卦-dynamic,p,-0.472,37,0.3781,1.0,False
Finnish,震卦-static,b,0.472,4,0.3781,1.0,False
Finnish,乾卦-dynamic,n,-0.472,43,0.4179,1.0,False
Finnish,乾卦-static,l,0.467,15,0.7711,1.0,False
Finnish,震卦-dynamic,a,-0.465,95,0.393,1.0,False
Finnish,離卦-dynamic,r,0.465,43,0.4577,1.0,False
Finnish,離卦-static,t,-0.463,50,0.5224,1.0,False
Finnish,離卦-static,a,-0.46,82,0.4925,1.0,False
Finnish,乾卦-dynamic,o,0.457,40,0.4975,1.0,False
Finnish,震卦-static,o͡i,-0.455,3,0.3383,1.0,False
Finnish,艮卦-dynamic,e,-0.454,45,0.3831,1.0,False
Finnish,震卦-static,ø,0.454,5,0.3831,1.0,False
Finnish,中卦-static,t,-0.453,110,0.2985,1.0,False
Finnish,艮卦-static,m,-0.45,17,0.4527,1.0,False
Finnish,乾卦-dynamic,t,-0.449,64,0.4179,1.0,False
Finnish,中卦-static,æ,-0.448,54,0.2985,1.0,False
Finnish,離卦-static,d,0.447,6,0.4876,1.0,False
Finnish,坤卦-dynamic,o͡i,-0.443,4,0.3881,1.0,False
Finnish,坎卦-dynamic,y,0.441,6,0.6368,1.0,False
Finnish,巽卦-dynamic,ɪ,-0.431,6,0.791,1.0,False
Finnish,中卦-dynamic,k,0.431,4,0.8806,1.0,False
Finnish,中卦-static,h,-0.429,37,0.3234,1.0,False
Finnish,震卦-dynamic,ɪ,0.406,61,0.5025,1.0,False
Finnish,震卦-dynamic,a͡u,0.404,5,0.5025,1.0,False
Finnish,兌卦-static,l,0.404,6,0.806,1.0,False
Finnish,震卦-dynamic,s,-0.402,55,0.5224,1.0,False
Finnish,乾卦-dynamic,h,-0.391,22,0.4876,1.0,False
Finnish,坤卦-dynamic,æ,-0.388,54,0.4179,1.0,False
Finnish,震卦-dynamic,u,0.383,40,0.4826,1.0,False
Finnish,坤卦-dynamic,d,-0.377,6,0.4627,1.0,False
Finnish,中卦-static,o͡i,0.374,14,0.4229,1.0,False
Finnish,震卦-static,y,-0.363,16,0.4776,1.0,False
Finnish,艮卦-static,u,-0.359,21,0.6866,1.0,False
Finnish,坤卦-dynamic,r,0.358,76,0.4328,1.0,False
Finnish,乾卦-dynamic,i,0.358,30,0.5821,1.0,False
Finnish,震卦-dynamic,j,0.357,19,0.5075,1.0,False
Finnish,兌卦-static,æ,0.356,4,0.8308,1.0,False
Finnish,震卦-static,a,-0.353,138,0.4328,1.0,False
Finnish,巽卦-static,s,0.352,16,0.7114,1.0,False
Finnish,中卦-static,ŋ,0.352,13,0.4726,1.0,False
Finnish,乾卦-static,e,0.352,13,0.8159,1.0,False
Finnish,乾卦-dynamic,r,0.352,46,0.5124,1.0,False
Finnish,震卦-dynamic,m,-0.35,25,0.5323,1.0,False
Finnish,震卦-dynamic,o,0.35,35,0.5771,1.0,False
Finnish,中卦-static,v,-0.348,40,0.4129,1.0,False
Finnish,巽卦-static,v,-0.341,5,0.7313,1.0,False
Finnish,中卦-static,s,0.34,128,0.408,1.0,False
Finnish,兌卦-dynamic,a͡i,0.34,11,0.6169,1.0,False
Finnish,坤卦-dynamic,a͡u,-0.338,4,0.4826,1.0,False
Finnish,離卦-dynamic,o,-0.338,25,0.5721,1.0,False
Finnish,中卦-static,ɪ,-0.331,82,0.4428,1.0,False
Finnish,坎卦-static,j,0.325,5,0.8109,1.0,False
Finnish,兌卦-dynamic,e͡i,0.323,4,0.6318,1.0,False
Finnish,兌卦-dynamic,s,0.323,63,0.5622,1.0,False
Finnish,坤卦-dynamic,s,0.321,122,0.5672,1.0,False
Finnish,坤卦-dynamic,i,-0.317,40,0.4826,1.0,False
Finnish,坤卦-dynamic,y͡ø,0.315,3,0.5771,1.0,False
Finnish,坤卦-static,l,-0.309,18,0.791,1.0,False
Finnish,坤卦-dynamic,i͡e,0.308,6,0.5373,1.0,False
Finnish,離卦-dynamic,ŋ,-0.296,3,0.597,1.0,False
Finnish,坤卦-dynamic,o͡u,0.292,3,0.5672,1.0,False
Finnish,兌卦-static,o,0.288,3,0.8259,1.0,False
Finnish,中卦-static,y,0.285,31,0.5622,1.0,False
Finnish,艮卦-dynamic,u͡o,0.283,8,0.5572,1.0,False
Finnish,艮卦-static,e,-0.28,31,0.7114,1.0,False
Finnish,震卦-dynamic,e,0.277,58,0.6269,1.0,False
Finnish,艮卦-static,a,0.276,83,0.6468,1.0,False
Finnish,兌卦-dynamic,i͡e,0.268,3,0.6617,1.0,False
Finnish,巽卦-static,t,-0.255,15,0.8259,1.0,False
Finnish,艮卦-dynamic,h,-0.254,25,0.6219,1.0,False
Finnish,中卦-static,o͡u,0.253,3,0.5821,1.0,False
Finnish,坎卦-dynamic,l,-0.252,20,0.7861,1.0,False
Finnish,中卦-static,l,-0.25,111,0.5572,1.0,False
Finnish,震卦-dynamic,u͡o,-0.249,4,0.6567,1.0,False
Finnish,震卦-static,j,-0.245,17,0.5721,1.0,False
Finnish,離卦-dynamic,e,-0.241,44,0.7413,1.0,False
Finnish,離卦-dynamic,l,0.241,65,0.7015,1.0,False
Finnish,坤卦-dynamic,j,-0.239,22,0.6368,1.0,False
Finnish,坤卦-dynamic,v,0.239,48,0.592,1.0,False
Finnish,艮卦-dynamic,æ,-0.238,38,0.6567,1.0,False
Finnish,坎卦-static,a͡i,0.237,3,0.8159,1.0,False
Finnish,坤卦-static,s,-0.23,18,0.7612,1.0,False
Finnish,震卦-dynamic,y,0.23,16,0.7512,1.0,False
Finnish,離卦-dynamic,i,0.227,26,0.7512,1.0,False
Finnish,離卦-dynamic,v,-0.227,22,0.6517,1.0,False
Finnish,艮卦-static,t,-0.223,46,0.7313,1.0,False
Finnish,艮卦-dynamic,ŋ,-0.223,4,0.7512,1.0,False
Finnish,乾卦-static,ɪ,-0.22,10,0.8905,1.0,False
Finnish,坤卦-dynamic,ŋ,0.217,11,0.6866,1.0,False
Finnish,乾卦-dynamic,s,0.216,72,0.7363,1.0,False
Finnish,兌卦-static,a,-0.213,9,0.8856,1.0,False
Finnish,巽卦-dynamic,h,0.212,4,0.8706,1.0,False
Finnish,坎卦-dynamic,k,-0.207,20,0.8358,1.0,False
Finnish,巽卦-static,n,-0.207,11,0.8657,1.0,False
Finnish,艮卦-static,ɪ,0.206,40,0.6965,1.0,False
Finnish,巽卦-static,r,-0.202,8,0.8458,1.0,False
Finnish,離卦-dynamic,i͡e,0.201,3,0.796,1.0,False
Finnish,兌卦-static,r,-0.194,3,0.9353,1.0,False
Finnish,巽卦-dynamic,o,-0.193,4,0.8856,1.0,False
Finnish,艮卦-static,h,-0.191,16,0.7711,1.0,False
Finnish,中卦-static,d,0.191,11,0.6866,1.0,False
Finnish,兌卦-dynamic,h,-0.189,21,0.7164,1.0,False
Finnish,坎卦-static,v,0.188,7,0.8507,1.0,False
Finnish,乾卦-dynamic,e,0.187,61,0.7413,1.0,False
Finnish,離卦-dynamic,ɪ,0.186,55,0.7363,1.0,False
Finnish,兌卦-dynamic,p,0.186,26,0.7463,1.0,False
Finnish,乾卦-dynamic,k,0.183,72,0.7711,1.0,False
Finnish,艮卦-dynamic,a͡i,-0.181,10,0.7114,1.0,False
Finnish,乾卦-dynamic,f,0.181,3,0.9104,1.0,False
Finnish,兌卦-dynamic,y,-0.174,12,0.7662,1.0,False
Finnish,艮卦-static,j,0.171,12,0.7861,1.0,False
Finnish,離卦-static,ŋ,0.169,5,0.8259,1.0,False
Finnish,離卦-dynamic,s,0.169,64,0.7761,1.0,False
Finnish,艮卦-static,s,-0.168,42,0.801,1.0,False
Finnish,坤卦-dynamic,u͡i,-0.167,3,0.7463,1.0,False
Finnish,震卦-static,t,-0.167,93,0.7413,1.0,False
Finnish,乾卦-static,æ,0.165,9,0.8806,1.0,False
Finnish,乾卦-static,u,0.162,8,0.9254,1.0,False
Finnish,中卦-static,u,-0.161,61,0.6816,1.0,False
Finnish,中卦-static,k,0.154,123,0.7065,1.0,False
Finnish,震卦-dynamic,h,-0.149,23,0.8109,1.0,False
Finnish,艮卦-dynamic,o,0.147,37,0.7562,1.0,False
Finnish,震卦-dynamic,æ,-0.144,35,0.8109,1.0,False
Finnish,乾卦-dynamic,p,0.142,30,0.7562,1.0,False
Finnish,坤卦-dynamic,u,0.136,66,0.7612,1.0,False
Finnish,艮卦-static,o͡i,-0.128,3,0.8806,1.0,False
Finnish,震卦-static,h,0.128,37,0.7662,1.0,False
Finnish,離卦-static,v,-0.128,20,0.8706,1.0,False
Finnish,兌卦-dynamic,u͡i,0.125,3,0.8408,1.0,False
Finnish,乾卦-dynamic,ɪ,-0.125,53,0.796,1.0,False
Finnish,離卦-dynamic,h,-0.123,23,0.8657,1.0,False
Finnish,震卦-static,u,0.122,51,0.8308,1.0,False
Finnish,乾卦-dynamic,ŋ,0.114,6,0.8507,1.0,False
Finnish,坎卦-static,n,0.113,15,0.9403,1.0,False
Finnish,坤卦-dynamic,m,-0.108,50,0.8557,1.0,False
Finnish,艮卦-dynamic,o͡i,-0.108,5,0.8408,1.0,False
Finnish,離卦-dynamic,a͡i,-0.108,9,0.8458,1.0,False
Finnish,乾卦-dynamic,a͡i,-0.108,10,0.8955,1.0,False
Finnish,乾卦-dynamic,j,-0.107,15,0.8458,1.0,False
Finnish,艮卦-dynamic,k,0.105,74,0.8458,1.0,False
Finnish,乾卦-static,t,0.104,16,0.9254,1.0,False
Finnish,震卦-dynamic,t,-0.103,68,0.8358,1.0,False
Finnish,離卦-static,u,0.097,31,0.9005,1.0,False
Finnish,震卦-static,e͡i,-0.096,4,0.8507,1.0,False
Finnish,坎卦-dynamic,a,-0.095,36,0.9254,1.0,False
Finnish,艮卦-static,i,-0.089,17,0.9154,1.0,False
Finnish,震卦-static,ŋ,-0.089,6,0.8706,1.0,False
Finnish,震卦-dynamic,k,0.087,64,0.8806,1.0,False
Finnish,乾卦-dynamic,i͡e,0.083,3,0.9055,1.0,False
Finnish,中卦-static,u͡o,0.081,11,0.8408,1.0,False
Finnish,離卦-static,e,-0.081,42,0.9303,1.0,False
Finnish,艮卦-dynamic,n,-0.08,58,0.9005,1.0,False
Finnish,坎卦-static,u,-0.074,9,0.9602,1.0,False
Finnish,艮卦-static,r,0.073,27,0.9303,1.0,False
Finnish,坤卦-static,n,0.072,17,0.9453,1.0,False
Finnish,乾卦-dynamic,y,-0.068,15,0.9104,1.0,False
Finnish,中卦-static,ø,0.062,5,0.9005,1.0,False
Finnish,坤卦-dynamic,a͡i,-0.061,17,0.9005,1.0,False
Finnish,坎卦-dynamic,p,0.06,9,0.9403,1.0,False
Finnish,坎卦-static,e,0.052,14,0.9602,1.0,False
Finnish,坎卦-dynamic,u,0.048,12,0.9353,1.0,False
Finnish,坎卦-static,æ,-0.036,10,0.9801,1.0,False
Finnish,坤卦-static,e,0.027,16,0.995,1.0,False
Finnish,坤卦-dynamic,u͡o,0.027,10,0.9652,1.0,False
Finnish,坎卦-static,r,0.025,10,0.995,1.0,False
Finnish,巽卦-dynamic,s,-0.021,9,1.0,1.0,False
Finnish,中卦-static,j,-0.007,28,0.995,1.0,False
Finnish,中卦-static,æ͡i,0.007,3,0.995,1.0,False
Finnish,坤卦-static,t,-0.001,22,1.0,1.0,False
French,兌卦-static,ɡ,3.751,5,0.005,0.3238,False
French,巽卦-dynamic,i,3.525,11,0.005,0.3238,False
French,兌卦-static,l,3.33,14,0.005,0.3238,False
French,巽卦-static,ʃ,3.202,8,0.005,0.3238,False
French,坎卦-dynamic,k,2.799,20,0.005,0.3238,False
French,震卦-dynamic,ə,2.542,25,0.005,0.3238,False
French,乾卦-static,d,2.465,18,0.005,0.3238,False
French,艮卦-static,j,2.362,18,0.005,0.3238,False
French,艮卦-static,o,2.24,21,0.005,0.3238,False
French,中卦-static,ɛ̃,2.206,28,0.005,0.3238,False
French,坎卦-static,ɑ̃,2.178,20,0.005,0.3238,False
French,乾卦-dynamic,ɔ̃,2.101,23,0.005,0.3238,False
French,震卦-static,m,1.799,55,0.005,0.3238,False
French,震卦-static,w,1.583,23,0.01,0.4209,False
French,坤卦-dynamic,v,1.499,41,0.01,0.4209,False
French,震卦-static,ɔ,1.317,33,0.01,0.4209,False
French,坤卦-dynamic,u,1.304,31,0.01,0.4209,False
French,中卦-static,ɲ,2.677,4,0.0149,0.4677,False
French,乾卦-static,y,2.486,16,0.0149,0.4677,False
French,兌卦-dynamic,w,1.62,19,0.0149,0.4677,False
French,離卦-static,k,1.481,47,0.0149,0.4677,False
French,兌卦-dynamic,e,1.32,114,0.0149,0.4677,False
French,兌卦-static,n,2.771,5,0.0199,0.5133,False
French,坤卦-static,b,2.481,7,0.0249,0.5133,False
French,兌卦-static,s,2.275,8,0.0249,0.5133,False
French,坎卦-static,p,1.593,16,0.0249,0.5133,False
French,乾卦-dynamic,ɔ,1.495,25,0.0249,0.5133,False
French,乾卦-dynamic,z,1.448,13,0.0249,0.5133,False
French,乾卦-dynamic,j,1.412,34,0.0249,0.5133,False
French,離卦-dynamic,ɔ̃,1.353,25,0.0199,0.5133,False
French,中卦-static,ə,1.339,32,0.0249,0.5133,False
French,中卦-static,b,1.255,44,0.0249,0.5133,False
French,中卦-static,s,0.964,90,0.0249,0.5133,False
French,坎卦-static,œ,2.482,6,0.0299,0.549,False
French,艮卦-dynamic,m,-1.072,16,0.0299,0.549,False
French,震卦-static,u,1.043,29,0.0299,0.549,False
French,震卦-static,e,-0.813,35,0.0299,0.549,False
French,坤卦-static,ʒ,2.625,5,0.0348,0.5559,False
French,兌卦-static,ɛ,2.221,6,0.0348,0.5559,False
French,艮卦-dynamic,œ̃,1.945,5,0.0348,0.5559,False
French,兌卦-dynamic,v,1.264,31,0.0348,0.5559,False
French,離卦-dynamic,l,-1.084,16,0.0348,0.5559,False
French,離卦-static,o,1.55,34,0.0398,0.5707,False
French,艮卦-static,ɛ,1.209,19,0.0398,0.5707,False
French,艮卦-dynamic,u,0.989,29,0.0398,0.5707,False
French,坤卦-dynamic,e,-0.842,33,0.0398,0.5707,False
French,坤卦-dynamic,m,0.976,43,0.0448,0.6313,False
French,兌卦-dynamic,z,1.234,14,0.0498,0.6342,False
French,震卦-static,b,1.066,37,0.0547,0.6342,False
French,離卦-static,s,-0.971,21,0.0547,0.6342,False
French,坤卦-dynamic,ɔ,0.969,28,0.0498,0.6342,False
French,震卦-static,p,0.886,52,0.0547,0.6342,False
French,坤卦-dynamic,ɔ̃,0.866,21,0.0498,0.6342,False
French,中卦-static,p,0.752,55,0.0547,0.6342,False
French,離卦-dynamic,ʁ,0.743,143,0.0547,0.6342,False
French,中卦-static,e,-0.664,47,0.0547,0.6342,False
French,離卦-static,e,-0.884,18,0.0597,0.6734,False
French,兌卦-static,v,2.386,4,0.0647,0.7077,False
French,坎卦-dynamic,f,1.991,8,0.0697,0.7077,False
French,坤卦-static,ɑ̃,1.799,9,0.0896,0.7077,False
French,乾卦-static,ʒ,1.775,8,0.0746,0.7077,False
French,乾卦-static,p,1.311,15,0.0697,0.7077,False
French,離卦-static,ʃ,1.22,15,0.0896,0.7077,False
French,離卦-static,w,1.148,11,0.0746,0.7077,False
French,離卦-dynamic,y,-1.078,8,0.0697,0.7077,False
French,乾卦-dynamic,n,1.041,30,0.0746,0.7077,False
French,震卦-dynamic,o,-1.027,6,0.0896,0.7077,False
French,離卦-static,ɛ,-0.964,16,0.0846,0.7077,False
French,兌卦-dynamic,ɔ̃,-0.961,4,0.0746,0.7077,False
French,震卦-static,j,0.944,41,0.0647,0.7077,False
French,離卦-dynamic,p,0.914,51,0.0746,0.7077,False
French,乾卦-dynamic,e,-0.893,22,0.0746,0.7077,False
French,艮卦-dynamic,b,0.876,35,0.0945,0.7077,False
French,艮卦-dynamic,d,0.859,45,0.0746,0.7077,False
French,坤卦-dynamic,ɛ̃,0.845,15,0.0746,0.7077,False
French,震卦-static,d,-0.838,15,0.0846,0.7077,False
French,中卦-static,m,0.807,46,0.0846,0.7077,False
French,震卦-dynamic,s,0.807,45,0.0945,0.7077,False
French,坤卦-dynamic,n,0.803,38,0.0746,0.7077,False
French,坤卦-dynamic,ɛ,0.762,57,0.0796,0.7077,False
French,乾卦-dynamic,ʁ,-0.748,63,0.0796,0.7077,False
French,中卦-static,k,0.716,69,0.0796,0.7077,False
French,中卦-static,j,-0.708,18,0.0796,0.7077,False
French,坤卦-dynamic,k,-0.644,26,0.0945,0.7077,False
French,震卦-static,ʁ,-0.568,96,0.0945,0.7077,False
French,巽卦-static,ɔ,1.716,6,0.0995,0.7305,False
French,艮卦-static,i,-1.076,8,0.1045,0.7305,False
French,震卦-dynamic,v,1.032,20,0.1045,0.7305,False
French,中卦-static,w,0.797,18,0.1045,0.7305,False
French,中卦-static,o,-0.671,19,0.1045,0.7305,False
French,震卦-static,a,0.599,103,0.1045,0.7305,False
French,離卦-dynamic,b,-0.853,10,0.1095,0.7349,False
French,乾卦-dynamic,m,0.772,29,0.1095,0.7349,False
French,離卦-static,a,0.727,62,0.1095,0.7349,False
French,離卦-dynamic,e,0.8,111,0.1144,0.7447,False
French,中卦-static,ʁ,-0.536,108,0.1144,0.7447,False
French,坤卦-static,w,1.732,3,0.1592,0.7524,False
French,巽卦-static,ə,1.593,5,0.1493,0.7524,False
French,巽卦-static,z,1.582,3,0.1393,0.7524,False
French,坎卦-static,d,1.126,12,0.1343,0.7524,False
French,艮卦-static,k,0.984,20,0.1294,0.7524,False
French,震卦-dynamic,d,0.893,26,0.1393,0.7524,False
French,坤卦-dynamic,ø,0.89,10,0.1294,0.7524,False
French,乾卦-static,ʁ,-0.881,21,0.1244,0.7524,False
French,離卦-dynamic,ɛ̃,0.871,15,0.1194,0.7524,False
French,乾卦-dynamic,ɡ,0.868,19,0.1443,0.7524,False
French,艮卦-static,l,0.825,27,0.1542,0.7524,False
French,艮卦-static,e,-0.821,10,0.1592,0.7524,False
French,乾卦-dynamic,p,-0.785,15,0.1294,0.7524,False
French,震卦-static,n,0.762,38,0.1294,0.7524,False
French,兌卦-dynamic,y,0.754,30,0.1493,0.7524,False
French,中卦-static,z,-0.751,7,0.1294,0.7524,False
French,震卦-static,v,-0.727,7,0.1393,0.7524,False
French,坤卦-dynamic,ɑ̃,0.714,48,0.1393,0.7524,False
French,震卦-static,ə,-0.677,5,0.1443,0.7524,False
French,中卦-static,v,-0.656,9,0.1393,0.7524,False
French,中卦-static,n,-0.632,18,0.1542,0.7524,False
French,兌卦-dynamic,s,-0.593,37,0.1542,0.7524,False
French,巽卦-dynamic,ʁ,1.534,10,0.1692,0.7612,False
French,巽卦-static,o,1.434,9,0.1642,0.7612,False
French,震卦-dynamic,z,0.925,9,0.1692,0.7612,False
French,艮卦-static,d,-0.905,4,0.1791,0.7851,False
French,離卦-static,m,0.72,23,0.1791,0.7851,False
French,艮卦-dynamic,s,0.597,74,0.1791,0.7851,False
French,兌卦-static,f,1.576,3,0.2388,0.7855,False
French,巽卦-static,ɛ̃,1.369,3,0.199,0.7855,False
French,坎卦-dynamic,ɛ̃,1.155,3,0.2438,0.7855,False
French,坎卦-dynamic,ɑ̃,1.147,10,0.2289,0.7855,False
French,坎卦-static,ʃ,1.07,6,0.2488,0.7855,False
French,坎卦-dynamic,u,1.065,5,0.2637,0.7855,False
French,坎卦-static,ɔ,0.967,7,0.2139,0.7855,False
French,巽卦-static,s,-0.909,6,0.2637,0.7855,False
French,巽卦-static,e,-0.878,5,0.2587,0.7855,False
French,巽卦-static,l,0.876,15,0.209,0.7855,False
French,震卦-dynamic,f,-0.841,7,0.1841,0.7855,False
French,乾卦-dynamic,œ,0.807,9,0.2239,0.7855,False
French,坎卦-static,s,0.797,19,0.2289,0.7855,False
French,艮卦-static,n,-0.784,4,0.2438,0.7855,False
French,離卦-dynamic,u,-0.774,11,0.1891,0.7855,False
French,兌卦-dynamic,ə,0.77,18,0.194,0.7855,False
French,艮卦-static,s,-0.763,12,0.204,0.7855,False
French,離卦-static,u,0.76,15,0.199,0.7855,False
French,艮卦-dynamic,ə,0.728,22,0.209,0.7855,False
French,艮卦-dynamic,f,-0.703,14,0.2338,0.7855,False
French,離卦-static,ɑ̃,-0.698,10,0.2388,0.7855,False
French,乾卦-dynamic,k,-0.683,18,0.2139,0.7855,False
French,坤卦-dynamic,ə,-0.67,5,0.2139,0.7855,False
French,艮卦-dynamic,ɛ̃,0.638,14,0.2488,0.7855,False
French,兌卦-dynamic,n,0.608,29,0.2289,0.7855,False
French,艮卦-dynamic,y,-0.6,16,0.2637,0.7855,False
French,中卦-static,ɔ̃,0.594,21,0.2239,0.7855,False
French,震卦-static,ʒ,0.594,20,0.2637,0.7855,False
French,兌卦-dynamic,j,-0.562,15,0.2637,0.7855,False
French,震卦-static,ɛ̃,-0.556,5,0.2388,0.7855,False
French,艮卦-dynamic,ɔ,-0.543,9,0.2587,0.7855,False
French,震卦-dynamic,a,-0.521,32,0.2587,0.7855,False
French,乾卦-dynamic,ɛ,0.514,38,0.2289,0.7855,False
French,震卦-static,i,-0.493,49,0.199,0.7855,False
French,震卦-static,s,-0.48,48,0.2239,0.7855,False
French,艮卦-dynamic,e,0.471,100,0.2587,0.7855,False
French,兌卦-dynamic,ʁ,0.461,111,0.2239,0.7855,False
French,兌卦-dynamic,l,-0.457,34,0.2587,0.7855,False
French,乾卦-static,n,0.882,10,0.2687,0.7919,False
French,乾卦-dynamic,a,0.469,69,0.2687,0.7919,False
French,艮卦-dynamic,œ,-0.594,3,0.2786,0.8156,False
French,巽卦-dynamic,y,1.821,3,0.2836,0.816,False
French,坎卦-dynamic,y,1.015,7,0.2836,0.816,False
French,艮卦-static,ɔ̃,0.799,6,0.2836,0.816,False
French,乾卦-static,ɑ̃,0.851,13,0.2886,0.822,False
French,離卦-static,b,-0.713,7,0.2886,0.822,False
French,艮卦-static,œ,0.969,4,0.2985,0.8335,False
French,震卦-static,ʃ,0.477,17,0.2985,0.8335,False
French,艮卦-dynamic,p,0.461,45,0.2985,0.8335,False
French,坎卦-dynamic,ʁ,0.712,25,0.3035,0.839,False
French,坎卦-static,e,-0.698,10,0.3035,0.839,False
French,乾卦-static,k,-0.74,6,0.3085,0.8473,False
French,艮卦-static,p,0.693,14,0.3134,0.8499,False
French,兌卦-dynamic,b,-0.535,12,0.3134,0.8499,False
French,兌卦-dynamic,ɑ̃,-0.436,19,0.3134,0.8499,False
French,離卦-dynamic,ɡ,-0.53,6,0.3184,0.8524,False
French,中卦-static,y,0.415,35,0.3184,0.8524,False
French,離卦-static,d,-0.489,12,0.3234,0.8576,False
French,兌卦-dynamic,ʒ,-0.536,7,0.3284,0.8627,False
French,中卦-static,ɑ̃,-0.391,27,0.3284,0.8627,False
French,離卦-dynamic,ə,-0.49,7,0.3333,0.865,False
French,離卦-dynamic,j,-0.484,19,0.3333,0.865,False
French,乾卦-dynamic,i,-0.481,35,0.3333,0.865,False
French,震卦-static,f,-0.437,17,0.3333,0.865,False
French,巽卦-dynamic,e,1.373,8,0.3383,0.8699,False
French,乾卦-static,b,-0.733,3,0.3433,0.8801,False
French,震卦-dynamic,b,0.51,17,0.3483,0.8848,False
French,巽卦-static,a,-0.619,8,0.3582,0.8906,False
French,震卦-dynamic,m,-0.459,14,0.3632,0.8906,False
French,坤卦-dynamic,y,-0.433,18,0.3532,0.8906,False
French,艮卦-dynamic,t,-0.394,44,0.3582,0.8906,False
French,坎卦-static,f,0.83,8,0.3781,0.8962,False
French,兌卦-static,a,0.787,8,0.3731,0.8962,False
French,坎卦-static,u,-0.685,3,0.3881,0.8962,False
French,坎卦-dynamic,d,0.668,7,0.3781,0.8962,False
French,艮卦-static,ɔ,0.641,7,0.3881,0.8962,False
French,乾卦-dynamic,ʒ,0.572,14,0.3781,0.8962,False
French,震卦-dynamic,ʒ,-0.535,5,0.3831,0.8962,False
French,兌卦-dynamic,œ,-0.488,3,0.393,0.8962,False
French,艮卦-static,ʁ,-0.458,29,0.3682,0.8962,False
French,坤卦-dynamic,f,-0.413,17,0.3881,0.8962,False
French,坤卦-dynamic,ɡ,-0.398,8,0.3731,0.8962,False
French,震卦-static,l,-0.351,46,0.393,0.8962,False
French,坤卦-static,k,-0.726,3,0.398,0.8979,False
French,巽卦-static,ʁ,-0.582,15,0.398,0.8979,False
French,兌卦-dynamic,k,-0.389,27,0.398,0.8979,False
French,坤卦-static,o,0.979,6,0.403,0.9019,False
French,中卦-static,u,-0.365,17,0.408,0.9035,False
French,坤卦-static,m,0.739,5,0.4229,0.9132,False
French,坎卦-static,l,-0.585,9,0.4179,0.9132,False
French,艮卦-static,m,0.561,11,0.4328,0.9132,False
French,乾卦-dynamic,l,0.399,54,0.4328,0.9132,False
French,離卦-dynamic,f,-0.395,17,0.4229,0.9132,False
French,中卦-static,ɔ,-0.392,12,0.4229,0.9132,False
French,震卦-static,y,-0.388,19,0.4229,0.9132,False
French,震卦-dynamic,t,-0.376,26,0.4328,0.9132,False
French,坤卦-static,ʁ,-0.538,12,0.4428,0.9159,False
French,乾卦-dynamic,o,-0.458,15,0.4428,0.9159,False
French,艮卦-static,a,-0.434,17,0.4428,0.9159,False
French,坎卦-static,ʁ,0.407,33,0.4428,0.9159,False
French,震卦-dynamic,p,0.4,25,0.4378,0.9159,False
French,震卦-static,ɔ̃,0.382,17,0.4378,0.9159,False
French,震卦-static,œ,0.418,10,0.4478,0.9172,False
French,艮卦-static,u,-0.516,4,0.4577,0.9176,False
French,坎卦-static,a,-0.478,14,0.4577,0.9176,False
French,艮卦-dynamic,z,-0.469,8,0.4527,0.9176,False
French,兌卦-dynamic,ɛ̃,-0.401,5,0.4577,0.9176,False
French,離卦-dynamic,ʃ,-0.393,6,0.4527,0.9176,False
French,兌卦-dynamic,d,-0.354,19,0.4527,0.9176,False
French,坎卦-dynamic,l,-0.623,6,0.4627,0.921,False
French,兌卦-dynamic,ɡ,-0.367,7,0.4627,0.921,False
French,坤卦-dynamic,d,0.301,34,0.4627,0.921,False
French,巽卦-static,m,0.57,6,0.4776,0.9375,False
French,坤卦-dynamic,a,-0.239,66,0.4726,0.9375,False
French,巽卦-static,u,0.678,4,0.4826,0.9396,False
French,震卦-dynamic,j,0.391,19,0.4876,0.9396,False
French,離卦-dynamic,ɔ,0.362,20,0.4876,0.9396,False
French,中卦-static,ɛ,0.276,55,0.4876,0.9396,False
French,震卦-dynamic,ɛ̃,0.407,7,0.4925,0.9427,False
French,離卦-static,i,-0.35,31,0.4925,0.9427,False
French,中卦-static,t,-0.302,57,0.4925,0.9427,False
French,巽卦-static,f,0.773,5,0.5025,0.9443,False
French,巽卦-static,ɔ̃,0.614,3,0.5224,0.9443,False
French,乾卦-static,j,0.604,9,0.5025,0.9443,False
French,坎卦-static,o,0.563,10,0.4975,0.9443,False
French,坎卦-dynamic,t,-0.553,5,0.5025,0.9443,False
French,坎卦-dynamic,n,-0.548,3,0.5124,0.9443,False
French,巽卦-static,t,-0.523,5,0.5025,0.9443,False
French,坎卦-dynamic,m,-0.512,4,0.5224,0.9443,False
French,艮卦-static,v,-0.511,3,0.5025,0.9443,False
French,坎卦-dynamic,s,0.486,12,0.5224,0.9443,False
French,乾卦-dynamic,b,-0.375,12,0.5075,0.9443,False
French,震卦-dynamic,ɔ,0.367,12,0.5174,0.9443,False
French,乾卦-dynamic,f,0.366,19,0.5224,0.9443,False
French,離卦-dynamic,w,0.352,12,0.5124,0.9443,False
French,艮卦-dynamic,n,-0.351,21,0.5075,0.9443,False
French,震卦-dynamic,n,-0.348,12,0.5224,0.9443,False
French,艮卦-dynamic,ʒ,-0.318,11,0.5025,0.9443,False
French,中卦-static,ʒ,-0.317,12,0.5075,0.9443,False
French,乾卦-static,a,-0.317,16,0.5174,0.9443,False
French,坤卦-dynamic,j,0.313,31,0.5224,0.9443,False
French,中卦-static,ø,0.304,8,0.4975,0.9443,False
French,坤卦-dynamic,œ,-0.287,5,0.5174,0.9443,False
French,坤卦-dynamic,t,-0.272,53,0.5075,0.9443,False
French,兌卦-dynamic,ɛ,-0.244,33,0.5124,0.9443,False
French,坎卦-dynamic,ɛ,0.451,9,0.5274,0.9472,False
French,坎卦-static,t,0.362,27,0.5274,0.9472,False
French,離卦-dynamic,k,0.271,49,0.5274,0.9472,False
French,離卦-static,ʒ,0.346,10,0.5373,0.951,False
French,震卦-dynamic,l,-0.339,27,0.5373,0.951,False
French,震卦-static,k,0.253,50,0.5373,0.951,False
French,乾卦-static,œ,0.7,3,0.5622,0.9512,False
French,乾卦-static,f,-0.522,4,0.5522,0.9512,False
French,坤卦-static,l,0.517,10,0.5522,0.9512,False
French,巽卦-static,ʒ,0.504,3,0.5622,0.9512,False
French,巽卦-static,n,-0.448,3,0.5572,0.9512,False
French,艮卦-static,f,0.435,8,0.5572,0.9512,False
French,離卦-static,v,-0.391,7,0.5423,0.9512,False
French,離卦-dynamic,v,0.343,23,0.5622,0.9512,False
French,坤卦-dynamic,ʒ,0.326,17,0.5423,0.9512,False
French,艮卦-dynamic,ʃ,0.294,15,0.5522,0.9512,False
French,離卦-static,ʁ,0.288,74,0.5622,0.9512,False
French,兌卦-dynamic,a,-0.288,53,0.5572,0.9512,False
French,巽卦-static,d,0.51,6,0.5871,0.953,False
French,乾卦-static,ɛ,0.41,13,0.5721,0.953,False
French,艮卦-static,ɑ̃,-0.395,7,0.5672,0.953,False
French,離卦-static,ə,-0.36,5,0.5672,0.953,False
French,離卦-static,z,0.333,7,0.597,0.953,False
French,離卦-static,j,0.31,18,0.592,0.953,False
French,離卦-dynamic,ɑ̃,0.277,38,0.5771,0.953,False
French,震卦-dynamic,k,-0.274,21,0.5721,0.953,False
French,坤卦-dynamic,s,-0.266,52,0.5672,0.953,False
French,兌卦-dynamic,t,-0.243,46,0.592,0.953,False
French,中卦-static,œ,-0.241,6,0.592,0.953,False
French,中卦-static,f,0.234,28,0.597,0.953,False
French,艮卦-dynamic,k,-0.231,38,0.597,0.953,False
French,巽卦-static,v,0.456,4,0.6318,0.9542,False
French,兌卦-static,i,0.445,6,0.6269,0.9542,False
French,坎卦-dynamic,ə,0.383,3,0.6269,0.9542,False
French,巽卦-static,ɛ,-0.377,6,0.6418,0.9542,False
French,震卦-dynamic,ʃ,-0.336,4,0.6119,0.9542,False
French,乾卦-dynamic,ɛ̃,0.304,8,0.6269,0.9542,False
French,乾卦-dynamic,y,0.295,21,0.6368,0.9542,False
French,坤卦-dynamic,ʃ,0.255,14,0.6119,0.9542,False
French,離卦-static,l,-0.234,29,0.6418,0.9542,False
French,震卦-dynamic,e,0.225,50,0.6368,0.9542,False
French,艮卦-dynamic,a,0.188,87,0.6318,0.9542,False
French,巽卦-dynamic,s,0.537,4,0.6567,0.9585,False
French,坎卦-dynamic,ɔ̃,0.44,3,0.6567,0.9585,False
French,坤卦-static,i,0.381,10,0.6617,0.9585,False
French,乾卦-static,e,-0.308,15,0.6517,0.9585,False
French,中卦-static,ʃ,-0.238,9,0.6517,0.9585,False
French,中卦-static,ɡ,-0.217,12,0.6617,0.9585,False
French,離卦-dynamic,ʒ,0.245,16,0.6766,0.9702,False
French,離卦-dynamic,d,0.206,32,0.6766,0.9702,False
French,巽卦-static,y,-0.383,3,0.6915,0.9816,False
French,乾卦-dynamic,ɑ̃,-0.214,20,0.6915,0.9816,False
French,坎卦-static,ɛ,-0.235,10,0.7015,0.9858,False
French,乾卦-static,t,-0.25,14,0.7065,0.9912,False
French,乾卦-dynamic,v,-0.18,11,0.7114,0.9932,False
French,艮卦-dynamic,o,-0.179,27,0.7114,0.9932,False
French,坎卦-dynamic,o,-0.343,4,0.7413,0.9955,False
French,巽卦-static,j,0.332,5,0.7512,0.9955,False
French,坎卦-dynamic,v,0.323,4,0.7264,0.9955,False
French,坤卦-static,d,-0.297,3,0.7264,0.9955,False
French,巽卦-dynamic,t,-0.278,3,0.8308,0.9955,False
French,巽卦-static,i,-0.267,9,0.7214,0.9955,False
French,離卦-static,ø,0.264,4,0.7214,0.9955,False
French,離卦-static,œ,-0.263,3,0.7264,0.9955,False
French,坤卦-static,s,0.254,8,0.7711,0.9955,False
French,坤卦-static,ɛ,-0.244,5,0.8259,0.9955,False
French,巽卦-static,b,0.236,4,0.8259,0.9955,False
French,兌卦-dynamic,f,-0.221,16,0.7164,0.9955,False
French,坎卦-dynamic,e,-0.218,11,0.801,0.9955,False
French,震卦-dynamic,ɡ,0.217,10,0.7562,0.9955,False
French,震卦-dynamic,ɔ̃,0.214,9,0.7313,0.9955,False
French,離卦-dynamic,z,-0.21,9,0.7363,0.9955,False
French,巽卦-static,p,-0.209,5,0.8159,0.9955,False
French,坎卦-static,k,0.207,12,0.7761,0.9955,False
French,離卦-static,y,0.188,16,0.7164,0.9955,False
French,離卦-dynamic,m,-0.188,27,0.7264,0.9955,False
French,乾卦-static,ɔ̃,-0.177,3,0.8358,0.9955,False
French,坤卦-static,j,-0.169,3,0.8706,0.9955,False
French,震卦-dynamic,u,-0.169,10,0.8209,0.9955,False
French,乾卦-dynamic,t,-0.163,45,0.7562,0.9955,False
French,坎卦-static,b,0.16,6,0.8657,0.9955,False
French,兌卦-dynamic,m,-0.157,23,0.7662,0.9955,False
French,離卦-dynamic,n,-0.154,23,0.7612,0.9955,False
French,艮卦-dynamic,j,-0.153,25,0.7413,0.9955,False
French,震卦-static,o,-0.153,27,0.7562,0.9955,False
French,離卦-static,p,0.153,22,0.8259,0.9955,False
French,乾卦-static,v,-0.153,4,0.8209,0.9955,False
French,艮卦-dynamic,ɡ,-0.151,12,0.806,0.9955,False
French,離卦-dynamic,a,-0.148,69,0.7214,0.9955,False
French,艮卦-static,b,0.147,7,0.8358,0.9955,False
French,離卦-dynamic,s,-0.147,54,0.7562,0.9955,False
French,乾卦-dynamic,ə,-0.144,8,0.8358,0.9955,False
French,震卦-dynamic,ɑ̃,0.143,21,0.801,0.9955,False
French,坤卦-dynamic,w,-0.137,8,0.8109,0.9955,False
French,兌卦-dynamic,p,-0.137,27,0.796,0.9955,False
French,震卦-static,t,-0.135,66,0.7662,0.9955,False
French,離卦-static,t,-0.13,38,0.791,0.9955,False
French,乾卦-static,i,0.13,18,0.8507,0.9955,False
French,坎卦-static,ɡ,-0.123,3,0.9055,0.9955,False
French,坤卦-static,e,0.122,10,0.9154,0.9955,False
French,離卦-static,n,0.121,16,0.8507,0.9955,False
French,離卦-static,ɡ,0.117,9,0.8507,0.9955,False
French,坤卦-static,n,-0.115,3,0.8706,0.9955,False
French,兌卦-static,e,-0.113,5,0.8856,0.9955,False
French,乾卦-static,m,0.112,8,0.9005,0.9955,False
French,離卦-static,f,-0.11,12,0.8706,0.9955,False
French,坤卦-dynamic,p,0.107,37,0.8657,0.9955,False
French,乾卦-static,l,-0.107,14,0.8607,0.9955,False
French,震卦-static,z,0.106,11,0.8408,0.9955,False
French,坤卦-dynamic,l,-0.105,55,0.7612,0.9955,False
French,離卦-dynamic,o,0.105,31,0.8458,0.9955,False
French,乾卦-static,o,-0.105,7,0.9204,0.9955,False
French,震卦-dynamic,ʁ,0.103,71,0.796,0.9955,False
French,兌卦-dynamic,ʃ,-0.101,8,0.8408,0.9955,False
French,震卦-dynamic,ɛ,0.1,27,0.8706,0.9955,False
French,震卦-dynamic,ø,-0.099,3,0.8905,0.9955,False
French,艮卦-static,t,0.098,25,0.8856,0.9955,False
French,乾卦-dynamic,ʃ,-0.095,7,0.8806,0.9955,False
French,離卦-dynamic,ɛ,0.093,45,0.8856,0.9955,False
French,震卦-dynamic,i,-0.091,37,0.8507,0.9955,False
French,艮卦-dynamic,ɔ̃,-0.089,13,0.8806,0.9955,False
French,震卦-static,ɑ̃,-0.089,31,0.8607,0.9955,False
French,兌卦-dynamic,o,-0.089,23,0.8657,0.9955,False
French,坤卦-static,a,0.084,10,0.9254,0.9955,False
French,坎卦-dynamic,i,0.084,12,0.8905,0.9955,False
French,震卦-dynamic,w,-0.082,5,0.8955,0.9955,False
French,艮卦-dynamic,ɛ,0.081,47,0.8557,0.9955,False
French,兌卦-dynamic,i,0.08,57,0.8458,0.9955,False
French,兌卦-dynamic,u,0.08,16,0.9154,0.9955,False
French,坤卦-dynamic,o,-0.075,28,0.8657,0.9955,False
French,震卦-static,ɛ,0.073,46,0.8557,0.9955,False
French,中卦-static,l,0.072,70,0.8607,0.9955,False
French,坎卦-static,ə,-0.068,3,0.9552,0.9955,False
French,乾卦-dynamic,d,-0.068,20,0.9104,0.9955,False
French,震卦-static,ɡ,0.067,15,0.8806,0.9955,False
French,中卦-static,a,0.065,89,0.8756,0.9955,False
French,震卦-dynamic,y,-0.061,14,0.9154,0.9955,False
French,艮卦-dynamic,w,0.058,10,0.9403,0.9955,False
French,坎卦-static,i,-0.055,16,0.9204,0.9955,False
French,艮卦-static,y,-0.054,7,0.9403,0.9955,False
French,乾卦-dynamic,u,-0.051,13,0.9552,0.9955,False
French,離卦-static,ɔ̃,0.048,8,0.9055,0.9955,False
French,乾卦-dynamic,s,-0.047,41,0.9303,0.9955,False
French,坤卦-dynamic,z,-0.046,10,0.9005,0.9955,False
French,巽卦-static,k,0.045,7,0.9602,0.9955,False
French,中卦-static,i,0.039,76,0.9254,0.9955,False
French,離卦-dynamic,t,0.039,79,0.9204,0.9955,False
French,乾卦-static,s,0.037,15,0.9552,0.9955,False
French,艮卦-dynamic,ʁ,-0.036,119,0.9104,0.9955,False
French,坤卦-static,t,0.035,10,0.9552,0.9955,False
French,坎卦-dynamic,p,-0.033,6,0.9453,0.9955,False
French,艮卦-dynamic,l,-0.031,60,0.9552,0.9955,False
French,離卦-dynamic,i,-0.031,64,0.9602,0.9955,False
French,艮卦-dynamic,v,0.02,19,0.9602,0.9955,False
French,艮卦-dynamic,ɑ̃,-0.027,33,0.9652,0.9958,False
French,艮卦-dynamic,i,0.019,69,0.9652,0.9958,False
French,坤卦-dynamic,ʁ,-0.032,115,0.9701,0.9997,False
French,坤卦-dynamic,i,-0.025,65,0.9751,0.9999,False
French,坤卦-dynamic,b,0.015,22,0.9751,0.9999,False
French,中卦-static,d,0.018,33,0.99,1.0,False
French,艮卦-static,ɡ,-0.012,4,0.9851,1.0,False
French,離卦-static,ɔ,-0.011,9,0.99,1.0,False
French,兌卦-dynamic,ɔ,0.005,13,1.0,1.0,False
German,兌卦-static,ʏ,3.63,6,0.005,0.3198,False
German,坤卦-static,a,3.031,15,0.005,0.3198,False
German,震卦-static,p͡f,2.725,5,0.005,0.3198,False
German,兌卦-dynamic,n,2.41,192,0.005,0.3198,False
German,離卦-static,p,2.341,26,0.005,0.3198,False
German,兌卦-dynamic,ə,2.302,168,0.005,0.3198,False
German,坎卦-dynamic,x,2.261,6,0.005,0.3198,False
German,坎卦-dynamic,ɑ,2.199,18,0.005,0.3198,False
German,震卦-static,b,1.964,52,0.005,0.3198,False
German,離卦-dynamic,ɛ,1.937,61,0.005,0.3198,False
German,坤卦-dynamic,t,1.92,148,0.005,0.3198,False
German,中卦-static,c,1.657,60,0.005,0.3198,False
German,坤卦-dynamic,a͡ʊ,1.655,25,0.005,0.3198,False
German,中卦-dynamic,i,3.615,7,0.01,0.4264,False
German,巽卦-dynamic,f,3.241,10,0.01,0.4264,False
German,坎卦-static,h,3.006,7,0.01,0.4264,False
German,乾卦-dynamic,ʊ͡ɐ,2.559,6,0.01,0.4264,False
German,震卦-dynamic,x,2.026,12,0.01,0.4264,False
German,離卦-dynamic,n,1.662,160,0.01,0.4264,False
German,中卦-static,t,1.33,126,0.01,0.4264,False
German,中卦-dynamic,v,3.436,6,0.0149,0.5373,False
German,乾卦-static,o,2.495,11,0.0149,0.5373,False
German,兌卦-dynamic,a͡ʊ,1.468,18,0.0149,0.5373,False
German,兌卦-static,ɾ,2.591,14,0.0199,0.5778,False
German,乾卦-dynamic,o,1.715,32,0.0199,0.5778,False
German,中卦-static,a͡ɪ,1.437,56,0.0199,0.5778,False
German,兌卦-dynamic,t,-1.337,37,0.0199,0.5778,False
German,坤卦-dynamic,ə,-1.143,55,0.0199,0.5778,False
German,乾卦-static,j,2.657,3,0.0249,0.6219,False
German,乾卦-static,z,2.476,11,0.0249,0.6219,False
German,震卦-static,o,1.304,34,0.0249,0.6219,False
German,兌卦-dynamic,ɜ,-1.608,5,0.0299,0.7261,False
German,巽卦-static,r,3.091,5,0.0498,0.7577,False
German,坤卦-static,p,2.561,9,0.0348,0.7577,False
German,坤卦-static,a͡ʊ,2.198,4,0.0398,0.7577,False
German,乾卦-static,m,2.146,15,0.0547,0.7577,False
German,震卦-dynamic,p͡f,1.975,3,0.0498,0.7577,False
German,乾卦-dynamic,p͡f,1.877,3,0.0448,0.7577,False
German,坎卦-dynamic,f,-1.867,5,0.0547,0.7577,False
German,兌卦-dynamic,ø,1.84,6,0.0398,0.7577,False
German,離卦-static,ø,1.683,3,0.0448,0.7577,False
German,離卦-static,ɔ͡ø,1.65,4,0.0448,0.7577,False
German,離卦-static,ʃ,1.489,27,0.0398,0.7577,False
German,離卦-dynamic,l,-1.461,33,0.0498,0.7577,False
German,艮卦-dynamic,ʃ,1.422,51,0.0498,0.7577,False
German,乾卦-dynamic,j,1.418,7,0.0398,0.7577,False
German,離卦-dynamic,t͡s,1.367,27,0.0547,0.7577,False
German,艮卦-dynamic,n,1.364,152,0.0547,0.7577,False
German,震卦-dynamic,l,-1.306,30,0.0448,0.7577,False
German,乾卦-dynamic,m,1.274,43,0.0498,0.7577,False
German,乾卦-dynamic,ə,-1.246,33,0.0498,0.7577,False
German,乾卦-dynamic,t,1.207,83,0.0498,0.7577,False
German,中卦-static,ʊ͡ɐ,1.167,5,0.0498,0.7577,False
German,兌卦-dynamic,s,-1.147,15,0.0398,0.7577,False
German,兌卦-dynamic,ɛ,1.117,50,0.0547,0.7577,False
German,乾卦-dynamic,ɑ,1.044,29,0.0498,0.7577,False
German,震卦-static,e,1.034,26,0.0597,0.7902,False
German,坤卦-dynamic,a,0.958,71,0.0597,0.7902,False
German,坎卦-static,ɡ,2.266,8,0.0647,0.8198,False
German,兌卦-static,k,2.157,17,0.0647,0.8198,False
German,震卦-static,a͡ʊ,1.075,16,0.0647,0.8198,False
German,離卦-dynamic,ɑ,-1.322,7,0.0697,0.8248,False
German,震卦-static,ɡ,0.97,35,0.0697,0.8248,False
German,中卦-static,t͡s,0.915,29,0.0697,0.8248,False
German,中卦-static,f,-0.823,32,0.0697,0.8248,False
German,艮卦-static,ŋ,1.461,9,0.0746,0.8292,False
German,離卦-dynamic,ɾ,1.14,61,0.0746,0.8292,False
German,震卦-static,ɛ,-1.067,21,0.0746,0.8292,False
German,坤卦-dynamic,a͡ɪ,-1.025,8,0.0746,0.8292,False
German,艮卦-dynamic,ə,1.007,124,0.0746,0.8292,False
German,巽卦-dynamic,ʊ,2.412,7,0.0796,0.8529,False
German,乾卦-static,ɛ,1.827,14,0.0796,0.8529,False
German,巽卦-static,ɜ,2.565,4,0.0995,0.8611,False
German,乾卦-static,ɪ,1.814,19,0.0995,0.8611,False
German,乾卦-static,ə,-1.721,5,0.0945,0.8611,False
German,艮卦-static,ɔ͡ø,1.441,3,0.0945,0.8611,False
German,艮卦-static,e,1.366,12,0.0896,0.8611,False
German,坎卦-dynamic,j,1.325,3,0.0945,0.8611,False
German,乾卦-dynamic,ɜ,1.228,35,0.0995,0.8611,False
German,離卦-static,a,1.189,31,0.0846,0.8611,False
German,震卦-dynamic,ɔ͡ø,1.16,5,0.0945,0.8611,False
German,震卦-dynamic,e,1.124,21,0.0896,0.8611,False
German,乾卦-dynamic,e,1.003,21,0.0995,0.8611,False
German,兌卦-dynamic,k,-0.974,22,0.0995,0.8611,False
German,坤卦-dynamic,ɔ͡ø,0.916,7,0.0945,0.8611,False
German,中卦-static,ə,-0.867,66,0.0846,0.8611,False
German,震卦-static,n,-0.82,59,0.0995,0.8611,False
German,中卦-static,k,-0.8,33,0.0995,0.8611,False
German,離卦-dynamic,s,-1.142,15,0.1045,0.8871,False
German,巽卦-dynamic,u,2.097,3,0.1095,0.8955,False
German,乾卦-dynamic,s,1.151,35,0.1095,0.8955,False
German,乾卦-dynamic,ɔ͡ø,1.076,5,0.1095,0.8955,False
German,乾卦-dynamic,d,-1.019,10,0.1144,0.9034,False
German,震卦-static,ɜ,-0.947,14,0.1144,0.9034,False
German,震卦-static,ɾ,0.858,60,0.1144,0.9034,False
German,巽卦-static,ɔ,2.445,3,0.1194,0.9185,False
German,乾卦-static,e,1.628,7,0.1194,0.9185,False
German,兌卦-dynamic,b,0.841,35,0.1194,0.9185,False
German,震卦-dynamic,ɛ,0.941,39,0.1244,0.9407,False
German,兌卦-dynamic,a,-0.933,26,0.1244,0.9407,False
German,艮卦-dynamic,s,-0.837,19,0.1294,0.9542,False
German,震卦-static,a͡ɪ,-0.807,10,0.1294,0.9542,False
German,巽卦-static,a͡ɪ,2.301,4,0.1343,0.9672,False
German,艮卦-dynamic,t͡s,-0.786,8,0.1343,0.9672,False
German,中卦-dynamic,c,2.564,4,0.1592,0.9902,False
German,中卦-dynamic,d,2.514,3,0.1841,0.9902,False
German,中卦-dynamic,ɪ,2.468,6,0.194,0.9902,False
German,中卦-dynamic,k,2.071,6,0.2985,0.9902,False
German,巽卦-dynamic,ʃ,2.005,8,0.1542,0.9902,False
German,坎卦-static,ʊ,1.827,7,0.1443,0.9902,False
German,巽卦-static,ɡ,1.765,3,0.2736,0.9902,False
German,兌卦-static,l,1.693,18,0.1493,0.9902,False
German,巽卦-static,k,1.692,6,0.3433,0.9902,False
German,中卦-dynamic,a͡ɪ,1.666,3,0.5323,0.9902,False
German,巽卦-dynamic,l,1.639,14,0.2637,0.9902,False
German,兌卦-static,ɔ,1.631,6,0.1891,0.9902,False
German,巽卦-dynamic,t͡s,1.622,4,0.2786,0.9902,False
German,兌卦-static,s,1.614,8,0.2289,0.9902,False
German,坎卦-static,u,1.499,3,0.2687,0.9902,False
German,巽卦-static,c,1.424,3,0.4975,0.9902,False
German,坤卦-static,z,1.349,6,0.2438,0.9902,False
German,中卦-dynamic,l,1.343,6,0.5522,0.9902,False
German,坎卦-static,l,-1.273,6,0.3134,0.9902,False
German,坎卦-dynamic,ʃ,-1.261,3,0.1443,0.9902,False
German,兌卦-static,b,1.258,7,0.3035,0.9902,False
German,坎卦-static,m,1.236,8,0.393,0.9902,False
German,兌卦-static,n,-1.201,7,0.3532,0.9902,False
German,離卦-static,n,-1.18,22,0.1692,0.9902,False
German,坎卦-static,ŋ,1.175,3,0.2886,0.9902,False
German,坤卦-static,ɜ,1.168,7,0.2886,0.9902,False
German,兌卦-static,ʊ,1.167,6,0.2587,0.9902,False
German,乾卦-static,d,1.158,8,0.2637,0.9902,False
German,艮卦-static,m,1.147,21,0.1542,0.9902,False
German,乾卦-static,c,1.143,9,0.2388,0.9902,False
German,巽卦-dynamic,ɔ,1.14,4,0.4677,0.9902,False
German,兌卦-static,a,-1.123,4,0.2935,0.9902,False
German,巽卦-static,ə,-1.113,3,0.5423,0.9902,False
German,兌卦-static,ɑ,1.106,6,0.2985,0.9902,False
German,乾卦-static,t,-1.098,10,0.2935,0.9902,False
German,坤卦-static,s,1.084,7,0.3035,0.9902,False
German,艮卦-static,l,1.063,39,0.2189,0.9902,False
German,坎卦-static,z,1.042,5,0.4428,0.9902,False
German,坎卦-dynamic,n,1.018,51,0.2438,0.9902,False
German,坎卦-static,ɪ,1.001,10,0.4726,0.9902,False
German,坤卦-static,m,0.993,8,0.3433,0.9902,False
German,坎卦-dynamic,t͡s,0.973,9,0.3134,0.9902,False
German,離卦-dynamic,d,0.963,32,0.1642,0.9902,False
German,艮卦-static,z,-0.945,4,0.2488,0.9902,False
German,兌卦-static,ɪ,-0.938,3,0.3831,0.9902,False
German,坎卦-dynamic,a͡ɪ,0.933,14,0.3582,0.9902,False
German,離卦-static,z,-0.929,5,0.2338,0.9902,False
German,乾卦-static,s,0.92,9,0.3731,0.9902,False
German,巽卦-dynamic,ə,0.918,16,0.5473,0.9902,False
German,坤卦-static,t͡s,0.91,4,0.4378,0.9902,False
German,巽卦-dynamic,r,0.899,5,0.5622,0.9902,False
German,兌卦-dynamic,d,-0.894,13,0.1493,0.9902,False
German,兌卦-dynamic,ɑ,-0.885,12,0.1542,0.9902,False
German,坎卦-static,f,-0.869,4,0.5373,0.9902,False
German,離卦-dynamic,ʃ,-0.864,14,0.199,0.9902,False
German,坎卦-dynamic,t,0.861,34,0.3184,0.9902,False
German,乾卦-static,h,0.858,5,0.4677,0.9902,False
German,坎卦-static,k,-0.855,4,0.4826,0.9902,False
German,震卦-dynamic,j,0.852,5,0.199,0.9902,False
German,乾卦-dynamic,ɡ,-0.852,9,0.1891,0.9902,False
German,乾卦-static,b,-0.85,3,0.4876,0.9902,False
German,艮卦-dynamic,a,-0.849,28,0.1642,0.9902,False
German,乾卦-static,l,-0.847,11,0.4378,0.9902,False
German,兌卦-static,ɛ,-0.845,4,0.5075,0.9902,False
German,離卦-dynamic,ŋ,-0.842,4,0.2139,0.9902,False
German,兌卦-static,m,-0.842,3,0.4229,0.9902,False
German,兌卦-dynamic,ɔ,-0.84,8,0.1542,0.9902,False
German,艮卦-dynamic,ʊ,-0.832,8,0.1493,0.9902,False
German,震卦-dynamic,ø,0.828,3,0.2239,0.9902,False
German,兌卦-dynamic,ɪ,-0.823,20,0.1841,0.9902,False
German,艮卦-static,v,-0.813,3,0.3184,0.9902,False
German,離卦-dynamic,k,-0.806,26,0.204,0.9902,False
German,坤卦-static,b,0.803,6,0.5323,0.9902,False
German,艮卦-dynamic,ʏ,0.801,13,0.204,0.9902,False
German,乾卦-dynamic,l,-0.798,41,0.2189,0.9902,False
German,震卦-static,u,-0.795,6,0.209,0.9902,False
German,艮卦-dynamic,u,-0.776,6,0.209,0.9902,False
German,乾卦-dynamic,ɾ,0.773,48,0.194,0.9902,False
German,坎卦-dynamic,b,0.768,13,0.4179,0.9902,False
German,艮卦-dynamic,e,-0.764,10,0.204,0.9902,False
German,離卦-dynamic,m,-0.732,19,0.2438,0.9902,False
German,乾卦-dynamic,ɪ,-0.725,19,0.2736,0.9902,False
German,離卦-dynamic,ə,0.723,110,0.3134,0.9902,False
German,震卦-static,ɔ,0.722,26,0.1841,0.9902,False
German,艮卦-dynamic,z,-0.72,12,0.2338,0.9902,False
German,乾卦-dynamic,c,-0.718,4,0.2836,0.9902,False
German,坎卦-dynamic,r,-0.712,4,0.4577,0.9902,False
German,坎卦-dynamic,ə,0.711,42,0.4726,0.9902,False
German,震卦-dynamic,c,-0.708,4,0.2687,0.9902,False
German,艮卦-static,ɾ,0.705,24,0.408,0.9902,False
German,離卦-static,a͡ɪ,-0.697,6,0.3433,0.9902,False
German,離卦-static,d,-0.697,8,0.3831,0.9902,False
German,艮卦-static,ɡ,0.691,13,0.403,0.9902,False
German,乾卦-dynamic,u,0.681,12,0.2886,0.9902,False
German,坎卦-dynamic,ɜ,0.68,13,0.4478,0.9902,False
German,離卦-dynamic,u,0.68,14,0.3383,0.9902,False
German,中卦-static,n,-0.669,79,0.2239,0.9902,False
German,坎卦-dynamic,ɾ,-0.668,14,0.4826,0.9902,False
German,兌卦-dynamic,l,-0.666,51,0.2736,0.9902,False
German,離卦-dynamic,ʊ,-0.665,10,0.3682,0.9902,False
German,震卦-static,ʊ͡ɐ,0.664,3,0.2985,0.9902,False
German,中卦-static,i,-0.66,18,0.1542,0.9902,False
German,離卦-static,l,0.659,43,0.3433,0.9902,False
German,艮卦-static,t͡s,0.658,9,0.4179,0.9902,False
German,震卦-dynamic,ɜ,-0.656,14,0.2836,0.9902,False
German,震卦-static,z,-0.653,13,0.2587,0.9902,False
German,艮卦-static,a͡ɪ,0.651,14,0.403,0.9902,False
German,艮卦-static,k,-0.647,13,0.4279,0.9902,False
German,坤卦-dynamic,e,0.645,28,0.1493,0.9902,False
German,離卦-static,ɾ,0.644,29,0.398,0.9902,False
German,艮卦-static,s,-0.64,9,0.5323,0.9902,False
German,震卦-dynamic,ɑ,0.632,24,0.3284,0.9902,False
German,震卦-static,f,-0.628,29,0.2289,0.9902,False
German,震卦-dynamic,k,-0.625,25,0.3582,0.9902,False
German,中卦-static,ɔ,-0.624,13,0.2289,0.9902,False
German,震卦-dynamic,a͡ʊ,-0.623,3,0.3333,0.9902,False
German,坎卦-dynamic,s,-0.622,8,0.5075,0.9902,False
German,離卦-static,ɑ,-0.619,8,0.3881,0.9902,False
German,坎卦-static,i,0.618,7,0.5622,0.9902,False
German,中卦-static,ɪ,0.613,67,0.194,0.9902,False
German,離卦-static,b,0.609,17,0.4129,0.9902,False
German,兌卦-dynamic,r,0.608,32,0.2836,0.9902,False
German,艮卦-static,t,0.605,36,0.4826,0.9902,False
German,乾卦-dynamic,n,-0.602,56,0.3134,0.9902,False
German,坎卦-dynamic,ɔ,0.601,9,0.4876,0.9902,False
German,震卦-dynamic,v,0.601,30,0.3383,0.9902,False
German,中卦-static,ɛ,0.6,54,0.2139,0.9902,False
German,坎卦-dynamic,z,0.595,10,0.4975,0.9902,False
German,坤卦-dynamic,s,0.594,45,0.2836,0.9902,False
German,兌卦-dynamic,ʊ,-0.593,11,0.3582,0.9902,False
German,乾卦-dynamic,a͡ɪ,-0.593,11,0.4129,0.9902,False
German,乾卦-dynamic,f,0.593,36,0.3632,0.9902,False
German,艮卦-static,ɪ,-0.592,11,0.4229,0.9902,False
German,離卦-static,t,0.592,44,0.4527,0.9902,False
German,乾卦-dynamic,ɔ,0.589,20,0.3532,0.9902,False
German,震卦-dynamic,ɪ,-0.58,21,0.3134,0.9902,False
German,坤卦-dynamic,ø,0.579,4,0.2687,0.9902,False
German,兌卦-dynamic,f,0.578,42,0.3184,0.9902,False
German,兌卦-dynamic,u,-0.571,7,0.3483,0.9902,False
German,艮卦-dynamic,ɾ,-0.57,39,0.3383,0.9902,False
German,坎卦-dynamic,h,0.568,7,0.5274,0.9902,False
German,兌卦-dynamic,x,0.568,8,0.3234,0.9902,False
German,離卦-static,c,-0.562,4,0.4826,0.9902,False
German,坤卦-dynamic,f,-0.561,37,0.2786,0.9902,False
German,中卦-static,ɾ,-0.558,48,0.2488,0.9902,False
German,坎卦-dynamic,ɪ,-0.556,10,0.5174,0.9902,False
German,震卦-static,c,-0.554,8,0.2985,0.9902,False
German,艮卦-dynamic,l,-0.551,55,0.3532,0.9902,False
German,兌卦-dynamic,c,-0.535,8,0.3532,0.9902,False
German,艮卦-static,d,0.53,12,0.5075,0.9902,False
German,中卦-static,m,-0.528,28,0.2736,0.9902,False
German,艮卦-static,ɑ,-0.523,7,0.5522,0.9902,False
German,艮卦-dynamic,x,0.523,8,0.3632,0.9902,False
German,震卦-dynamic,t͡s,0.522,16,0.4577,0.9902,False
German,離卦-static,ɜ,-0.522,10,0.4577,0.9902,False
German,艮卦-static,a,-0.521,14,0.4925,0.9902,False
German,艮卦-dynamic,m,-0.518,23,0.3781,0.9902,False
German,艮卦-static,n,-0.517,30,0.5473,0.9902,False
German,坤卦-dynamic,ŋ,0.516,18,0.3284,0.9902,False
German,離卦-dynamic,ɪ,-0.516,27,0.5174,0.9902,False
German,離卦-static,k,0.514,31,0.4726,0.9902,False
German,離卦-dynamic,a͡ɪ,0.512,30,0.4527,0.9902,False
German,艮卦-static,r,-0.506,6,0.5473,0.9902,False
German,震卦-dynamic,b,0.499,25,0.393,0.9902,False
German,艮卦-static,ɛ,0.496,18,0.4975,0.9902,False
German,兌卦-dynamic,ɾ,-0.496,39,0.4279,0.9902,False
German,坤卦-dynamic,l,0.495,100,0.3532,0.9902,False
German,坤卦-dynamic,n,-0.493,91,0.3333,0.9902,False
German,中卦-static,j,0.493,6,0.2736,0.9902,False
German,離卦-dynamic,r,0.493,30,0.4478,0.9902,False
German,艮卦-dynamic,f,0.487,42,0.3134,0.9902,False
German,中卦-static,v,0.485,43,0.2935,0.9902,False
German,離卦-dynamic,t,-0.483,57,0.4776,0.9902,False
German,震卦-dynamic,a͡ɪ,-0.481,12,0.4478,0.9902,False
German,震卦-dynamic,a,-0.476,27,0.398,0.9902,False
German,離卦-static,ɛ,-0.476,15,0.5423,0.9902,False
German,兌卦-dynamic,o,-0.476,11,0.4328,0.9902,False
German,坤卦-dynamic,ɾ,-0.472,51,0.3682,0.9902,False
German,震卦-dynamic,ə,0.472,83,0.4378,0.9902,False
German,艮卦-static,c,-0.468,4,0.5323,0.9902,False
German,離卦-dynamic,ɔ,-0.465,12,0.4627,0.9902,False
German,中卦-static,a͡ʊ,-0.461,6,0.3831,0.9902,False
German,中卦-static,ɡ,0.458,34,0.3284,0.9902,False
German,兌卦-dynamic,a͡ɪ,-0.458,15,0.4378,0.9902,False
German,兌卦-dynamic,p,-0.455,12,0.4776,0.9902,False
German,震卦-dynamic,n,0.452,90,0.4776,0.9902,False
German,艮卦-dynamic,h,-0.45,8,0.4378,0.9902,False
German,震卦-static,p,0.449,25,0.4129,0.9902,False
German,震卦-static,s,-0.444,24,0.4478,0.9902,False
German,中卦-static,u,0.443,16,0.3632,0.9902,False
German,艮卦-dynamic,k,0.442,58,0.5025,0.9902,False
German,震卦-dynamic,r,0.442,24,0.5522,0.9902,False
German,震卦-static,a,0.44,49,0.398,0.9902,False
German,離卦-static,t͡s,0.44,10,0.5522,0.9902,False
German,震卦-dynamic,s,0.439,27,0.4428,0.9902,False
German,震卦-dynamic,i,-0.432,16,0.408,0.9902,False
German,坤卦-dynamic,ʏ,-0.43,4,0.408,0.9902,False
German,兌卦-dynamic,v,-0.428,15,0.5224,0.9902,False
German,中卦-static,ʃ,0.427,43,0.4428,0.9902,False
German,離卦-static,ə,0.426,53,0.5622,0.9902,False
German,離卦-dynamic,a͡ʊ,-0.425,5,0.5224,0.9902,False
German,艮卦-dynamic,b,-0.415,19,0.5274,0.9902,False
German,兌卦-dynamic,i,-0.411,20,0.4826,0.9902,False
German,中卦-static,s,0.407,41,0.403,0.9902,False
German,中卦-static,ʊ,-0.407,17,0.3831,0.9902,False
German,震卦-static,ɪ,-0.406,31,0.4328,0.9902,False
German,震卦-static,ʏ,0.403,10,0.4577,0.9902,False
German,震卦-dynamic,ʊ,0.403,20,0.5274,0.9902,False
German,中卦-static,o,-0.399,15,0.4428,0.9902,False
German,坤卦-dynamic,ɛ,0.394,52,0.4527,0.9902,False
German,艮卦-dynamic,c,-0.385,11,0.4925,0.9902,False
German,中卦-static,x,0.382,9,0.3731,0.9902,False
German,震卦-dynamic,d,-0.379,15,0.4975,0.9902,False
German,坤卦-dynamic,ɪ,0.378,62,0.4229,0.9902,False
German,坤卦-dynamic,i,-0.375,27,0.4876,0.9902,False
German,震卦-static,m,0.375,38,0.4925,0.9902,False
German,震卦-static,t,0.373,81,0.5522,0.9902,False
German,震卦-static,v,-0.368,17,0.4826,0.9902,False
German,坤卦-dynamic,ɔ,-0.367,17,0.4328,0.9902,False
German,震卦-static,ʊ,0.367,25,0.5373,0.9902,False
German,艮卦-dynamic,d,-0.359,19,0.5423,0.9902,False
German,艮卦-dynamic,v,-0.354,17,0.4627,0.9902,False
German,中卦-static,y,0.354,10,0.4229,0.9902,False
German,乾卦-dynamic,t͡s,-0.349,10,0.5124,0.9902,False
German,坤卦-dynamic,c,0.343,31,0.4975,0.9902,False
German,震卦-dynamic,z,-0.342,13,0.5572,0.9902,False
German,震卦-static,ə,0.318,100,0.5373,0.9902,False
German,坤卦-dynamic,ɑ,0.295,33,0.5423,0.9902,False
German,坤卦-dynamic,ɡ,-0.281,23,0.5124,0.9902,False
German,中卦-static,p,-0.28,18,0.5522,0.9902,False
German,中卦-dynamic,n,-1.019,3,0.6468,0.9933,False
German,中卦-dynamic,ə,-0.987,3,0.6368,0.9933,False
German,巽卦-static,l,0.933,6,0.6468,0.9933,False
German,巽卦-static,ɪ,0.817,4,0.6219,0.9933,False
German,巽卦-dynamic,s,0.774,5,0.6418,0.9933,False
German,坎卦-static,ɛ,-0.716,4,0.6169,0.9933,False
German,兌卦-static,t,-0.702,9,0.607,0.9933,False
German,兌卦-static,ʃ,-0.653,3,0.5821,0.9933,False
German,兌卦-static,d,0.651,5,0.592,0.9933,False
German,坎卦-static,ɾ,-0.618,6,0.6269,0.9933,False
German,兌卦-static,ɡ,0.607,5,0.6219,0.9933,False
German,坤卦-static,ɑ,0.585,5,0.6368,0.9933,False
German,坤卦-static,ə,-0.571,11,0.6269,0.9933,False
German,坎卦-static,ʃ,-0.568,3,0.6368,0.9933,False
German,乾卦-static,ɾ,-0.541,9,0.6318,0.9933,False
German,艮卦-static,h,-0.535,3,0.5871,0.9933,False
German,坎卦-dynamic,o,-0.519,4,0.5871,0.9933,False
German,坎卦-dynamic,l,-0.489,21,0.6418,0.9933,False
German,坎卦-dynamic,i,-0.484,7,0.607,0.9933,False
German,坎卦-dynamic,k,-0.48,13,0.5871,0.9933,False
German,坎卦-dynamic,ɡ,-0.441,6,0.6269,0.9933,False
German,坎卦-dynamic,ɛ,-0.431,11,0.5871,0.9933,False
German,離卦-static,f,-0.431,16,0.5721,0.9933,False
German,坎卦-dynamic,ŋ,0.408,5,0.6418,0.9933,False
German,離卦-static,ʊ,0.405,13,0.607,0.9933,False
German,離卦-dynamic,o,-0.389,12,0.592,0.9933,False
German,離卦-dynamic,c,-0.367,11,0.6169,0.9933,False
German,艮卦-dynamic,a͡ɪ,-0.358,17,0.5672,0.9933,False
German,離卦-static,ɡ,-0.346,9,0.6368,0.9933,False
German,離卦-dynamic,f,0.337,39,0.5871,0.9933,False
German,艮卦-static,x,0.33,3,0.6368,0.9933,False
German,艮卦-dynamic,ɡ,0.323,26,0.5721,0.9933,False
German,艮卦-dynamic,ɑ,-0.314,19,0.597,0.9933,False
German,中卦-static,ɜ,-0.312,27,0.5871,0.9933,False
German,乾卦-dynamic,v,0.308,26,0.6318,0.9933,False
German,艮卦-dynamic,i,-0.306,23,0.5721,0.9933,False
German,兌卦-dynamic,ŋ,-0.294,8,0.597,0.9933,False
German,坤卦-dynamic,b,0.29,36,0.597,0.9933,False
German,坤卦-dynamic,d,-0.284,25,0.5871,0.9933,False
German,震卦-static,h,-0.279,10,0.6418,0.9933,False
German,乾卦-dynamic,ʊ,-0.279,13,0.6368,0.9933,False
German,艮卦-dynamic,t,-0.266,64,0.6418,0.9933,False
German,坤卦-dynamic,œ,0.256,3,0.5871,0.9933,False
German,中卦-static,r,0.254,33,0.6219,0.9933,False
German,震卦-static,i,-0.24,25,0.6219,0.9933,False
German,坤卦-dynamic,m,-0.224,35,0.6468,0.9933,False
German,中卦-static,e,-0.221,18,0.607,0.9933,False
German,巽卦-static,ʃ,1.024,3,0.6816,0.9972,False
German,巽卦-static,v,0.928,3,0.6716,0.9972,False
German,巽卦-dynamic,d,0.698,4,0.6816,0.9972,False
German,巽卦-dynamic,ɑ,0.641,4,0.7015,0.9972,False
German,兌卦-static,o,0.527,4,0.6667,0.9972,False
German,坤卦-static,t,0.5,14,0.6567,0.9972,False
German,乾卦-static,ʊ,0.492,6,0.6816,0.9972,False
German,坤卦-static,i,0.473,7,0.7065,0.9972,False
German,乾卦-static,u,0.457,3,0.6766,0.9972,False
German,坎卦-static,ɜ,0.449,5,0.7512,0.9972,False
German,兌卦-static,f,0.449,7,0.7264,0.9972,False
German,乾卦-static,ɑ,-0.441,4,0.6965,0.9972,False
German,巽卦-static,n,-0.438,5,0.801,0.9972,False
German,巽卦-dynamic,t,-0.417,8,0.791,0.9972,False
German,坤卦-static,ɾ,-0.404,7,0.7164,0.9972,False
German,乾卦-static,a,-0.398,8,0.7114,0.9972,False
German,乾卦-static,p,-0.394,3,0.7363,0.9972,False
German,乾卦-static,i,0.392,9,0.7463,0.9972,False
German,巽卦-dynamic,ɛ,-0.388,4,0.8507,0.9972,False
German,坤卦-static,n,-0.384,13,0.7313,0.9972,False
German,艮卦-static,p,0.383,10,0.6567,0.9972,False
German,坤卦-static,l,-0.377,10,0.7313,0.9972,False
German,坎卦-dynamic,d,-0.376,7,0.6965,0.9972,False
German,離卦-static,ŋ,-0.36,4,0.6617,0.9972,False
German,艮卦-static,ʏ,0.358,4,0.6617,0.9972,False
German,坎卦-dynamic,y,0.341,3,0.8109,0.9972,False
German,震卦-dynamic,h,0.329,13,0.7015,0.9972,False
German,坤卦-static,v,-0.321,3,0.7761,0.9972,False
German,離卦-static,s,-0.314,13,0.6567,0.9972,False
German,艮卦-static,ɔ,-0.3,6,0.7164,0.9972,False
German,離卦-dynamic,p,-0.299,14,0.7015,0.9972,False
German,乾卦-dynamic,h,-0.298,8,0.6716,0.9972,False
German,離卦-static,h,-0.295,5,0.7413,0.9972,False
German,坤卦-static,c,0.293,4,0.801,0.9972,False
German,艮卦-static,ə,0.286,41,0.7463,0.9972,False
German,震卦-dynamic,ŋ,0.285,10,0.6667,0.9972,False
German,艮卦-static,i,-0.278,10,0.7214,0.9972,False
German,坎卦-static,s,0.277,5,0.8109,0.9972,False
German,兌卦-static,ɜ,0.275,5,0.8358,0.9972,False
German,乾卦-static,n,0.275,24,0.7861,0.9972,False
German,乾卦-static,f,0.273,9,0.8308,0.9972,False
German,巽卦-dynamic,ɜ,-0.266,3,0.9055,0.9972,False
German,巽卦-dynamic,a,0.257,6,0.8856,0.9972,False
German,艮卦-dynamic,ɪ,-0.256,34,0.6866,0.9972,False
German,坎卦-static,t,0.254,12,0.8358,0.9972,False
German,坎卦-static,ə,0.254,15,0.8706,0.9972,False
German,乾卦-dynamic,a,-0.254,31,0.6915,0.9972,False
German,震卦-static,ɑ,0.244,26,0.6716,0.9972,False
German,坎卦-dynamic,ʊ,-0.243,6,0.801,0.9972,False
German,震卦-static,r,-0.24,19,0.6965,0.9972,False
German,震卦-dynamic,m,-0.234,22,0.6965,0.9972,False
German,離卦-dynamic,h,-0.233,10,0.7065,0.9972,False
German,兌卦-static,ə,0.231,16,0.8308,0.9972,False
German,坎卦-dynamic,v,0.229,11,0.791,0.9972,False
German,乾卦-static,t͡s,-0.228,3,0.8557,0.9972,False
German,離卦-dynamic,e,0.226,18,0.6915,0.9972,False
German,坤卦-static,k,-0.225,7,0.8358,0.9972,False
German,震卦-dynamic,ɔ,-0.225,12,0.7413,0.9972,False
German,艮卦-dynamic,ɜ,0.223,29,0.7363,0.9972,False
German,坎卦-static,a,0.222,7,0.8607,0.9972,False
German,巽卦-static,a,0.217,3,0.9055,0.9972,False
German,艮卦-dynamic,y,-0.214,4,0.7264,0.9972,False
German,艮卦-dynamic,ŋ,0.214,12,0.7114,0.9972,False
German,坎卦-static,n,0.208,16,0.8856,0.9972,False
German,坤卦-dynamic,ʊ,-0.207,21,0.6915,0.9972,False
German,兌卦-static,z,-0.207,3,0.8308,0.9972,False
German,艮卦-dynamic,r,0.199,26,0.7512,0.9972,False
German,坤卦-dynamic,t͡s,-0.193,17,0.7015,0.9972,False
German,離卦-static,i,0.192,18,0.791,0.9972,False
German,乾卦-dynamic,ʃ,0.189,26,0.7264,0.9972,False
German,坎卦-dynamic,ʏ,0.183,3,0.8458,0.9972,False
German,坤卦-dynamic,ɜ,-0.18,30,0.7264,0.9972,False
German,震卦-static,y,0.178,7,0.7811,0.9972,False
German,艮卦-static,ɜ,0.177,12,0.8209,0.9972,False
German,艮卦-dynamic,o,-0.177,15,0.7761,0.9972,False
German,坎卦-static,a͡ɪ,0.177,4,0.8905,0.9972,False
German,中卦-dynamic,ɾ,0.173,3,0.9303,0.9972,False
German,坤卦-dynamic,u,-0.172,12,0.7413,0.9972,False
German,坎卦-static,r,0.172,4,0.8806,0.9972,False
German,坤卦-dynamic,k,-0.168,54,0.7015,0.9972,False
German,離卦-static,o,0.168,10,0.8159,0.9972,False
German,坤卦-dynamic,x,0.166,8,0.7264,0.9972,False
German,中卦-static,z,0.166,27,0.7164,0.9972,False
German,坎卦-static,o,0.158,3,0.8756,0.9972,False
German,艮卦-static,ʃ,0.157,13,0.8159,0.9972,False
German,坤卦-dynamic,v,-0.151,27,0.7562,0.9972,False
German,兌卦-dynamic,z,-0.148,18,0.796,0.9972,False
German,乾卦-dynamic,p,0.146,17,0.7811,0.9972,False
German,艮卦-static,f,0.145,16,0.8756,0.9972,False
German,兌卦-static,e,0.14,3,0.9005,0.9972,False
German,兌卦-dynamic,h,-0.14,11,0.8308,0.9972,False
German,艮卦-static,o,0.139,8,0.9005,0.9972,False
German,兌卦-dynamic,e,-0.139,15,0.8159,0.9972,False
German,震卦-static,x,-0.138,5,0.8209,0.9972,False
German,震卦-dynamic,u,0.135,9,0.8358,0.9972,False
German,離卦-static,e,-0.135,8,0.8756,0.9972,False
German,離卦-dynamic,a,-0.134,38,0.8706,0.9972,False
German,艮卦-dynamic,ɔ,0.133,19,0.8109,0.9972,False
German,震卦-dynamic,ɾ,-0.133,36,0.9055,0.9972,False
German,離卦-dynamic,ɜ,0.133,27,0.8308,0.9972,False
German,乾卦-dynamic,a͡ʊ,-0.131,6,0.8408,0.9972,False
German,兌卦-dynamic,t͡s,0.129,16,0.8507,0.9972,False
German,乾卦-dynamic,b,-0.129,19,0.8706,0.9972,False
German,震卦-static,l,-0.127,66,0.8706,0.9972,False
German,乾卦-static,k,-0.126,10,0.9254,0.9972,False
German,巽卦-dynamic,ɾ,-0.122,6,0.9204,0.9972,False
German,震卦-dynamic,ʃ,-0.122,21,0.8955,0.9972,False
German,離卦-dynamic,i,0.118,32,0.8806,0.9972,False
German,震卦-dynamic,t,-0.117,54,0.8458,0.9972,False
German,震卦-dynamic,p,0.116,16,0.8706,0.9972,False
German,坤卦-dynamic,z,0.108,27,0.8308,0.9972,False
German,坎卦-dynamic,m,-0.108,11,0.9204,0.9972,False
German,乾卦-dynamic,ŋ,-0.105,8,0.8806,0.9972,False
German,坤卦-dynamic,y,0.104,8,0.8259,0.9972,False
German,兌卦-dynamic,ɡ,-0.101,20,0.9005,0.9972,False
German,坤卦-dynamic,p,0.097,25,0.8458,0.9972,False
German,乾卦-dynamic,i,0.097,27,0.8458,0.9972,False
German,離卦-dynamic,ɡ,-0.095,20,0.8607,0.9972,False
German,乾卦-dynamic,k,0.095,41,0.9204,0.9972,False
German,離卦-dynamic,v,-0.091,22,0.9055,0.9972,False
German,離卦-dynamic,b,0.087,25,0.8905,0.9972,False
German,離卦-dynamic,x,-0.086,5,0.9353,0.9972,False
German,中卦-static,ɑ,0.085,29,0.8706,0.9972,False
German,震卦-dynamic,f,-0.084,28,0.9254,0.9972,False
German,離卦-dynamic,y,0.084,6,0.8557,0.9972,False
German,兌卦-dynamic,y,0.081,6,0.9055,0.9972,False
German,坤卦-static,ʃ,0.079,5,0.9652,0.9972,False
German,震卦-static,ŋ,-0.078,10,0.8756,0.9972,False
German,乾卦-static,v,0.076,6,0.9403,0.9972,False
German,中卦-static,l,0.07,85,0.8905,0.9972,False
German,艮卦-static,b,-0.069,10,0.9453,0.9972,False
German,坤卦-dynamic,r,0.064,30,0.8806,0.9972,False
German,巽卦-dynamic,n,-0.064,12,0.9652,0.9972,False
German,離卦-static,ɪ,-0.064,20,0.9502,0.9972,False
German,坤卦-dynamic,h,0.063,17,0.9055,0.9972,False
German,乾卦-dynamic,y,0.061,5,0.8856,0.9972,False
German,坎卦-dynamic,a,-0.059,15,0.9254,0.9972,False
German,坤卦-static,f,-0.056,6,0.9801,0.9972,False
German,震卦-static,t͡s,-0.055,15,0.9204,0.9972,False
German,乾卦-dynamic,ɛ,-0.053,29,0.9353,0.9972,False
German,坤卦-static,ɪ,0.052,7,0.9851,0.9972,False
German,中卦-static,b,0.052,31,0.9502,0.9972,False
German,離卦-dynamic,z,-0.051,19,0.9104,0.9972,False
German,震卦-static,ʃ,-0.047,28,0.9254,0.9972,False
German,震卦-dynamic,ɡ,-0.042,17,0.9552,0.9972,False
German,艮卦-static,ʊ,-0.04,8,0.9652,0.9972,False
German,艮卦-dynamic,p,0.039,19,0.9453,0.9972,False
German,兌卦-dynamic,ʃ,-0.034,27,0.9254,0.9972,False
German,兌卦-dynamic,m,0.032,31,0.9552,0.9972,False
German,離卦-static,r,0.029,12,0.9652,0.9972,False
German,中卦-static,ŋ,0.028,13,0.9552,0.9972,False
German,艮卦-dynamic,ɛ,0.027,36,0.9652,0.9972,False
German,震卦-dynamic,o,0.027,14,0.9453,0.9972,False
German,離卦-static,m,-0.027,16,0.9502,0.9972,False
German,乾卦-dynamic,z,0.026,17,0.9701,0.9972,False
German,中卦-static,a,0.023,51,0.9552,0.9972,False
German,艮卦-dynamic,a͡ʊ,-0.02,8,0.9652,0.9972,False
German,震卦-static,d,-0.02,23,0.9652,0.9972,False
German,坤卦-dynamic,o,0.017,22,0.9701,0.9972,False
German,坤卦-dynamic,ʃ,0.015,36,0.9851,0.9972,False
German,離卦-static,ɔ,-0.015,9,0.9602,0.9972,False
German,坎卦-dynamic,a͡ʊ,-0.011,3,0.99,0.9972,False
German,乾卦-dynamic,r,0.011,19,0.99,0.9972,False
German,中卦-static,ʏ,-0.009,8,0.99,0.9972,False
German,震卦-static,k,0.008,48,0.9851,0.9972,False
German,中卦-static,d,0.005,28,0.995,0.9972,False
German,巽卦-dynamic,i,-0.001,4,1.0,1.0,False
Greek,坤卦-static,ɲ,3.824,4,0.005,0.2776,False
Greek,兌卦-dynamic,a͡ɪ,3.634,3,0.01,0.2776,False
Greek,坤卦-static,ʎ,3.046,3,0.01,0.2776,False
Greek,兌卦-static,f,2.97,6,0.01,0.2776,False
Greek,坎卦-dynamic,ð,2.686,22,0.005,0.2776,False
Greek,兌卦-dynamic,n,2.111,72,0.005,0.2776,False
Greek,震卦-dynamic,d,2.01,12,0.005,0.2776,False
Greek,震卦-dynamic,p,1.948,69,0.01,0.2776,False
Greek,兌卦-dynamic,o,1.773,193,0.005,0.2776,False
Greek,中卦-static,p,1.564,119,0.005,0.2776,False
Greek,艮卦-static,p,1.528,35,0.005,0.2776,False
Greek,震卦-static,ð,1.437,53,0.01,0.2776,False
Greek,坤卦-dynamic,v,-1.271,10,0.01,0.2776,False
Greek,坤卦-dynamic,s,1.246,198,0.005,0.2776,False
Greek,兌卦-dynamic,s,-1.19,46,0.005,0.2776,False
Greek,離卦-dynamic,e,1.172,80,0.01,0.2776,False
Greek,震卦-static,o,-1.166,108,0.01,0.2776,False
Greek,震卦-static,e,-1.079,47,0.01,0.2776,False
Greek,坤卦-dynamic,e,1.003,126,0.01,0.2776,False
Greek,震卦-static,t,0.988,80,0.01,0.2776,False
Greek,巽卦-static,c,2.74,6,0.0149,0.3085,False
Greek,震卦-dynamic,b,2.397,11,0.0149,0.3085,False
Greek,乾卦-static,m,2.084,18,0.0149,0.3085,False
Greek,離卦-dynamic,x,1.563,18,0.0149,0.3085,False
Greek,坤卦-dynamic,ʎ,1.557,12,0.0149,0.3085,False
Greek,中卦-static,x,1.271,30,0.0149,0.3085,False
Greek,中卦-static,e,0.949,139,0.0149,0.3085,False
Greek,坤卦-static,c,2.167,11,0.0199,0.347,False
Greek,艮卦-dynamic,d,1.739,11,0.0199,0.347,False
Greek,艮卦-static,r,-1.239,23,0.0199,0.347,False
Greek,艮卦-static,k,-1.219,10,0.0199,0.347,False
Greek,中卦-static,v,-0.965,17,0.0199,0.347,False
Greek,艮卦-dynamic,ŋ,1.783,9,0.0249,0.3966,False
Greek,乾卦-static,k,1.758,18,0.0249,0.3966,False
Greek,震卦-static,v,-1.189,9,0.0249,0.3966,False
Greek,兌卦-static,v,2.344,5,0.0348,0.4225,False
Greek,離卦-static,t͡s,1.995,8,0.0348,0.4225,False
Greek,離卦-static,u,1.943,22,0.0299,0.4225,False
Greek,離卦-static,j,1.511,14,0.0299,0.4225,False
Greek,震卦-static,ɡ,1.302,10,0.0348,0.4225,False
Greek,震卦-static,x,-1.181,3,0.0348,0.4225,False
Greek,兌卦-dynamic,i,-1.05,99,0.0299,0.4225,False
Greek,震卦-static,i,0.952,250,0.0348,0.4225,False
Greek,中卦-static,n,-0.802,49,0.0348,0.4225,False
Greek,中卦-static,t,0.731,105,0.0348,0.4225,False
Greek,中卦-static,r,-0.722,99,0.0299,0.4225,False
Greek,兌卦-static,l,2.328,8,0.0398,0.4532,False
Greek,坤卦-dynamic,j,1.111,26,0.0398,0.4532,False
Greek,坤卦-dynamic,x,-1.053,5,0.0398,0.4532,False
Greek,離卦-static,l,1.288,41,0.0498,0.4786,False
Greek,艮卦-static,l,1.185,29,0.0448,0.4786,False
Greek,離卦-static,k,1.184,41,0.0498,0.4786,False
Greek,艮卦-static,t,1.125,35,0.0448,0.4786,False
Greek,乾卦-dynamic,p,-1.071,15,0.0498,0.4786,False
Greek,艮卦-dynamic,i,-1.028,100,0.0498,0.4786,False
Greek,震卦-dynamic,n,0.908,53,0.0448,0.4786,False
Greek,乾卦-dynamic,j,1.42,18,0.0547,0.5176,False
Greek,坎卦-static,θ,1.959,11,0.0597,0.5461,False
Greek,艮卦-dynamic,k,0.897,48,0.0597,0.5461,False
Greek,巽卦-static,j,2.394,3,0.0647,0.5468,False
Greek,坎卦-static,s,1.336,40,0.0647,0.5468,False
Greek,坎卦-static,t,1.157,21,0.0647,0.5468,False
Greek,坤卦-dynamic,ð,-0.839,23,0.0647,0.5468,False
Greek,坤卦-dynamic,a,-0.683,173,0.0647,0.5468,False
Greek,離卦-dynamic,b,1.332,8,0.0697,0.5552,False
Greek,艮卦-dynamic,u,1.126,22,0.0697,0.5552,False
Greek,坤卦-static,t,-1.391,5,0.0746,0.5704,False
Greek,艮卦-dynamic,b,1.128,7,0.0746,0.5704,False
Greek,坎卦-static,x,1.647,6,0.0796,0.5844,False
Greek,兌卦-dynamic,r,-0.648,53,0.0796,0.5844,False
Greek,巽卦-static,n,1.562,8,0.0846,0.5899,False
Greek,離卦-dynamic,ð,0.855,34,0.0846,0.5899,False
Greek,震卦-dynamic,e,0.709,68,0.0846,0.5899,False
Greek,離卦-static,m,-1.018,18,0.0945,0.6432,False
Greek,震卦-dynamic,i,-0.754,112,0.0945,0.6432,False
Greek,巽卦-dynamic,θ,2.56,3,0.0995,0.6532,False
Greek,坤卦-dynamic,u,0.82,34,0.0995,0.6532,False
Greek,艮卦-dynamic,e,0.774,69,0.0995,0.6532,False
Greek,中卦-static,k,0.632,85,0.1045,0.6701,False
Greek,坎卦-dynamic,d,1.36,4,0.1095,0.6862,False
Greek,兌卦-dynamic,θ,-0.881,4,0.1095,0.6862,False
Greek,坎卦-dynamic,m,1.08,20,0.1144,0.6866,False
Greek,離卦-dynamic,o,0.803,163,0.1144,0.6866,False
Greek,兌卦-dynamic,m,0.73,44,0.1144,0.6866,False
Greek,離卦-dynamic,k,-0.71,26,0.1144,0.6866,False
Greek,乾卦-static,n,1.173,17,0.1244,0.694,False
Greek,艮卦-dynamic,x,0.979,14,0.1244,0.694,False
Greek,乾卦-dynamic,x,0.863,14,0.1244,0.694,False
Greek,離卦-dynamic,s,-0.726,62,0.1194,0.694,False
Greek,兌卦-dynamic,e,0.669,67,0.1244,0.694,False
Greek,艮卦-dynamic,ɡ,1.193,7,0.1294,0.7008,False
Greek,艮卦-dynamic,t,0.696,54,0.1294,0.7008,False
Greek,乾卦-dynamic,e,-0.68,44,0.1294,0.7008,False
Greek,震卦-static,ŋ,0.869,8,0.1343,0.7207,False
Greek,乾卦-static,e,1.035,22,0.1393,0.7333,False
Greek,中卦-static,j,-0.751,5,0.1393,0.7333,False
Greek,巽卦-static,r,1.281,12,0.1443,0.7386,False
Greek,離卦-dynamic,u,-0.839,8,0.1443,0.7386,False
Greek,震卦-dynamic,m,-0.685,27,0.1493,0.7503,False
Greek,中卦-static,s,0.45,178,0.1493,0.7503,False
Greek,乾卦-dynamic,f,0.837,28,0.1542,0.7684,False
Greek,兌卦-dynamic,ð,-0.694,15,0.1592,0.7725,False
Greek,震卦-static,u,0.634,25,0.1592,0.7725,False
Greek,中卦-static,d,-0.627,5,0.1592,0.7725,False
Greek,兌卦-dynamic,u,0.718,19,0.1642,0.783,False
Greek,震卦-dynamic,o,0.593,148,0.1642,0.783,False
Greek,兌卦-static,s,1.289,14,0.1692,0.7866,False
Greek,兌卦-static,t,1.436,8,0.1741,0.7964,False
Greek,乾卦-static,i,-0.933,31,0.1791,0.7995,False
Greek,中卦-static,u,-0.604,18,0.1791,0.7995,False
Greek,坎卦-static,e,-0.884,13,0.1841,0.8088,False
Greek,艮卦-static,m,0.704,25,0.1841,0.8088,False
Greek,離卦-static,v,-0.959,7,0.1891,0.8178,False
Greek,震卦-dynamic,s,-0.599,63,0.1891,0.8178,False
Greek,坤卦-dynamic,p,0.519,74,0.194,0.8265,False
Greek,坎卦-dynamic,p,-0.795,8,0.199,0.8287,False
Greek,離卦-dynamic,l,-0.555,28,0.199,0.8287,False
Greek,中卦-static,b,0.551,10,0.204,0.8431,False
Greek,乾卦-static,r,-0.773,15,0.2189,0.8602,False
Greek,離卦-dynamic,θ,-0.708,6,0.2189,0.8602,False
Greek,兌卦-dynamic,l,-0.534,27,0.2189,0.8602,False
Greek,艮卦-dynamic,s,-0.522,65,0.2189,0.8602,False
Greek,中卦-static,c,-0.453,26,0.2189,0.8602,False
Greek,坤卦-dynamic,t,0.493,87,0.2239,0.8675,False
Greek,坎卦-dynamic,l,-0.744,10,0.2289,0.8747,False
Greek,震卦-static,s,0.458,126,0.2289,0.8747,False
Greek,坎卦-dynamic,k,-0.925,9,0.2388,0.8825,False
Greek,乾卦-dynamic,u,0.729,20,0.2388,0.8825,False
Greek,兌卦-dynamic,k,-0.488,28,0.2338,0.8825,False
Greek,坤卦-dynamic,c,0.463,40,0.2388,0.8825,False
Greek,乾卦-dynamic,ʎ,0.797,5,0.2438,0.8891,False
Greek,艮卦-static,f,0.791,15,0.2438,0.8891,False
Greek,艮卦-dynamic,t͡s,0.877,6,0.2488,0.8955,False
Greek,坤卦-dynamic,k,0.471,72,0.2488,0.8955,False
Greek,震卦-dynamic,x,-0.673,5,0.2587,0.9079,False
Greek,艮卦-dynamic,c,-0.595,12,0.2587,0.9079,False
Greek,震卦-static,k,0.428,56,0.2587,0.9079,False
Greek,巽卦-dynamic,a,-1.556,5,0.2786,0.9422,False
Greek,巽卦-static,v,1.343,4,0.2736,0.9422,False
Greek,坎卦-dynamic,c,-0.816,4,0.2736,0.9422,False
Greek,中卦-static,z,-0.478,5,0.2786,0.9422,False
Greek,震卦-static,f,-0.475,17,0.2786,0.9422,False
Greek,艮卦-dynamic,θ,-0.681,6,0.2836,0.9475,False
Greek,艮卦-dynamic,ð,-0.606,16,0.2836,0.9475,False
Greek,坤卦-static,s,-0.691,16,0.2886,0.9518,False
Greek,離卦-static,e,-0.614,34,0.2935,0.9518,False
Greek,兌卦-dynamic,t͡s,0.611,5,0.2935,0.9518,False
Greek,乾卦-dynamic,v,0.556,25,0.2985,0.9518,False
Greek,震卦-static,b,0.537,7,0.2985,0.9518,False
Greek,坤卦-dynamic,i,-0.426,216,0.2935,0.9518,False
Greek,坎卦-static,f,-0.816,3,0.3035,0.9567,False
Greek,兌卦-dynamic,a,-0.456,110,0.3035,0.9567,False
Greek,兌卦-static,n,-0.836,3,0.3234,0.965,False
Greek,離卦-dynamic,j,-0.712,3,0.3134,0.965,False
Greek,艮卦-static,x,0.657,7,0.3134,0.965,False
Greek,坎卦-static,k,0.627,15,0.3234,0.965,False
Greek,離卦-static,n,-0.566,23,0.3134,0.965,False
Greek,離卦-dynamic,i,-0.437,131,0.3184,0.965,False
Greek,坤卦-dynamic,ɣ,-0.433,10,0.3184,0.965,False
Greek,兌卦-dynamic,z,0.511,34,0.3333,0.9789,False
Greek,坎卦-dynamic,u,-0.893,3,0.3383,0.9884,False
Greek,兌卦-static,θ,1.215,3,0.4328,0.994,False
Greek,巽卦-dynamic,i,1.132,15,0.4129,0.994,False
Greek,巽卦-dynamic,k,1.114,4,0.4925,0.994,False
Greek,巽卦-dynamic,p,0.969,4,0.4428,0.994,False
Greek,坤卦-static,f,0.8,7,0.403,0.994,False
Greek,兌卦-static,r,-0.796,6,0.403,0.994,False
Greek,巽卦-dynamic,s,0.793,8,0.5075,0.994,False
Greek,巽卦-static,k,-0.785,3,0.4428,0.994,False
Greek,巽卦-static,l,-0.773,3,0.4577,0.994,False
Greek,兌卦-static,a,-0.704,12,0.4627,0.994,False
Greek,乾卦-static,f,-0.701,3,0.4179,0.994,False
Greek,乾卦-static,o,0.684,45,0.3582,0.994,False
Greek,坎卦-static,u,-0.677,3,0.4428,0.994,False
Greek,艮卦-static,t͡s,0.676,3,0.4279,0.994,False
Greek,乾卦-static,l,0.671,13,0.398,0.994,False
Greek,坎卦-static,v,-0.669,4,0.408,0.994,False
Greek,坎卦-static,o,0.656,51,0.3582,0.994,False
Greek,坎卦-static,c,-0.618,4,0.4428,0.994,False
Greek,坤卦-static,p,-0.614,6,0.3831,0.994,False
Greek,坤卦-static,k,-0.605,7,0.3831,0.994,False
Greek,坤卦-static,θ,0.603,5,0.5373,0.994,False
Greek,坎卦-dynamic,v,0.583,10,0.4577,0.994,False
Greek,巽卦-dynamic,o,-0.578,8,0.7015,0.994,False
Greek,坎卦-static,l,-0.575,9,0.408,0.994,False
Greek,坤卦-static,o,0.572,39,0.4279,0.994,False
Greek,乾卦-dynamic,ɲ,0.557,4,0.4328,0.994,False
Greek,巽卦-static,s,0.535,12,0.5473,0.994,False
Greek,震卦-dynamic,ʎ,0.525,4,0.408,0.994,False
Greek,乾卦-static,t,-0.515,10,0.4229,0.994,False
Greek,坤卦-static,m,0.51,11,0.4975,0.994,False
Greek,乾卦-static,s,0.501,28,0.403,0.994,False
Greek,艮卦-dynamic,j,0.499,11,0.393,0.994,False
Greek,巽卦-dynamic,e,0.499,5,0.7214,0.994,False
Greek,震卦-dynamic,θ,-0.483,8,0.4129,0.994,False
Greek,坎卦-dynamic,n,0.473,19,0.4677,0.994,False
Greek,坎卦-dynamic,ɣ,0.466,14,0.5522,0.994,False
Greek,乾卦-static,c,-0.461,4,0.5821,0.994,False
Greek,兌卦-static,k,0.449,5,0.6169,0.994,False
Greek,艮卦-static,u,-0.448,6,0.4925,0.994,False
Greek,兌卦-static,i,-0.448,15,0.6318,0.994,False
Greek,艮卦-static,v,0.441,13,0.5373,0.994,False
Greek,中卦-static,ɡ,-0.44,3,0.3632,0.994,False
Greek,坤卦-dynamic,z,-0.432,7,0.3582,0.994,False
Greek,離卦-static,d,0.432,5,0.5572,0.994,False
Greek,坎卦-dynamic,s,-0.43,28,0.4577,0.994,False
Greek,兌卦-static,o,0.43,17,0.7214,0.994,False
Greek,艮卦-static,n,-0.426,18,0.3831,0.994,False
Greek,坤卦-static,v,0.425,6,0.7065,0.994,False
Greek,離卦-static,i,-0.419,99,0.4328,0.994,False
Greek,艮卦-static,c,0.414,13,0.4975,0.994,False
Greek,乾卦-static,u,0.412,5,0.6269,0.994,False
Greek,坤卦-dynamic,θ,-0.409,15,0.3632,0.994,False
Greek,坎卦-static,i,-0.405,43,0.6119,0.994,False
Greek,離卦-dynamic,m,0.405,42,0.3731,0.994,False
Greek,離卦-static,z,-0.4,4,0.5224,0.994,False
Greek,坎卦-static,p,-0.398,9,0.5373,0.994,False
Greek,震卦-dynamic,l,0.398,40,0.3483,0.994,False
Greek,離卦-dynamic,f,-0.397,14,0.408,0.994,False
Greek,巽卦-static,e,-0.386,6,0.6915,0.994,False
Greek,震卦-static,ɣ,-0.383,10,0.4328,0.994,False
Greek,乾卦-static,p,-0.377,8,0.592,0.994,False
Greek,坎卦-static,n,-0.372,11,0.5522,0.994,False
Greek,離卦-dynamic,a,-0.371,119,0.4478,0.994,False
Greek,艮卦-dynamic,v,0.367,22,0.5373,0.994,False
Greek,離卦-static,f,0.365,17,0.5473,0.994,False
Greek,艮卦-dynamic,ɣ,-0.363,8,0.4776,0.994,False
Greek,巽卦-static,m,0.36,5,0.6766,0.994,False
Greek,巽卦-static,o,-0.358,14,0.7164,0.994,False
Greek,坤卦-static,ð,-0.357,5,0.6667,0.994,False
Greek,艮卦-static,j,-0.357,3,0.6119,0.994,False
Greek,艮卦-static,e,0.354,35,0.5025,0.994,False
Greek,乾卦-dynamic,s,0.352,94,0.4677,0.994,False
Greek,艮卦-dynamic,m,-0.348,31,0.4527,0.994,False
Greek,乾卦-dynamic,ð,0.347,28,0.5124,0.994,False
Greek,震卦-static,θ,0.341,22,0.4726,0.994,False
Greek,震卦-dynamic,z,-0.34,7,0.5473,0.994,False
Greek,震卦-static,c,-0.339,20,0.4229,0.994,False
Greek,離卦-dynamic,r,0.339,78,0.4478,0.994,False
Greek,坎卦-static,ɣ,-0.336,3,0.7065,0.994,False
Greek,坤卦-dynamic,n,0.331,75,0.3632,0.994,False
Greek,艮卦-dynamic,r,-0.328,60,0.3881,0.994,False
Greek,巽卦-static,p,0.328,5,0.7114,0.994,False
Greek,坤卦-static,r,-0.319,16,0.6418,0.994,False
Greek,艮卦-dynamic,ɲ,0.318,3,0.6468,0.994,False
Greek,震卦-dynamic,c,-0.318,15,0.5522,0.994,False
Greek,離卦-static,p,-0.314,22,0.5025,0.994,False
Greek,坤卦-dynamic,ɡ,0.313,7,0.5274,0.994,False
Greek,震卦-static,z,-0.305,11,0.4975,0.994,False
Greek,離卦-static,r,0.305,58,0.4677,0.994,False
Greek,中卦-static,l,0.296,74,0.398,0.994,False
Greek,離卦-dynamic,n,0.292,45,0.5423,0.994,False
Greek,坤卦-dynamic,l,0.289,66,0.5025,0.994,False
Greek,艮卦-dynamic,a,0.28,141,0.5224,0.994,False
Greek,中卦-static,a,-0.28,226,0.4279,0.994,False
Greek,乾卦-static,a,-0.28,35,0.6617,0.994,False
Greek,坤卦-static,n,-0.278,9,0.7264,0.994,False
Greek,震卦-dynamic,ð,0.274,26,0.6716,0.994,False
Greek,中卦-static,o,0.272,260,0.3781,0.994,False
Greek,震卦-static,a,0.272,191,0.5323,0.994,False
Greek,艮卦-static,s,0.271,50,0.5473,0.994,False
Greek,兌卦-dynamic,v,0.267,21,0.6915,0.994,False
Greek,離卦-dynamic,v,0.266,22,0.5522,0.994,False
Greek,乾卦-dynamic,i,0.26,162,0.5373,0.994,False
Greek,乾卦-dynamic,z,-0.259,10,0.6517,0.994,False
Greek,離卦-static,s,-0.258,57,0.6119,0.994,False
Greek,兌卦-static,e,-0.258,6,0.806,0.994,False
Greek,坎卦-dynamic,i,0.255,64,0.6567,0.994,False
Greek,離卦-static,a,0.254,110,0.602,0.994,False
Greek,乾卦-dynamic,ɣ,-0.252,12,0.6915,0.994,False
Greek,坎卦-static,m,0.25,13,0.7612,0.994,False
Greek,震卦-dynamic,f,-0.25,15,0.6567,0.994,False
Greek,乾卦-dynamic,θ,0.249,16,0.6617,0.994,False
Greek,兌卦-dynamic,x,0.248,10,0.6567,0.994,False
Greek,坎卦-static,r,-0.247,21,0.6866,0.994,False
Greek,震卦-dynamic,u,-0.247,12,0.7015,0.994,False
Greek,乾卦-dynamic,k,-0.246,33,0.6269,0.994,False
Greek,震卦-dynamic,v,-0.245,16,0.6567,0.994,False
Greek,兌卦-dynamic,j,-0.244,6,0.6318,0.994,False
Greek,兌卦-dynamic,p,0.243,38,0.5423,0.994,False
Greek,乾卦-static,ð,-0.239,6,0.801,0.994,False
Greek,艮卦-static,o,-0.237,66,0.6766,0.994,False
Greek,坤卦-dynamic,f,-0.236,26,0.5522,0.994,False
Greek,震卦-dynamic,ɣ,-0.235,12,0.6617,0.994,False
Greek,巽卦-dynamic,t,-0.232,3,0.8308,0.994,False
Greek,離卦-static,ð,0.231,20,0.6915,0.994,False
Greek,離卦-static,o,-0.23,91,0.607,0.994,False
Greek,坤卦-dynamic,r,-0.227,107,0.597,0.994,False
Greek,中卦-static,ð,-0.227,39,0.5323,0.994,False
Greek,坤卦-dynamic,m,-0.22,56,0.5522,0.994,False
Greek,艮卦-static,a,0.213,79,0.6318,0.994,False
Greek,坎卦-dynamic,e,-0.213,21,0.6567,0.994,False
Greek,中卦-static,i,-0.213,259,0.5423,0.994,False
Greek,離卦-dynamic,ɣ,0.209,27,0.7214,0.994,False
Greek,坎卦-static,a,-0.206,41,0.7313,0.994,False
Greek,震卦-dynamic,r,-0.199,63,0.6766,0.994,False
Greek,離卦-dynamic,c,-0.197,17,0.6965,0.994,False
Greek,兌卦-dynamic,t,-0.191,39,0.6468,0.994,False
Greek,中卦-static,θ,-0.189,21,0.6368,0.994,False
Greek,離卦-static,c,0.189,16,0.7413,0.994,False
Greek,兌卦-static,ð,0.186,3,0.8657,0.994,False
Greek,乾卦-dynamic,n,-0.186,37,0.7313,0.994,False
Greek,兌卦-dynamic,ʎ,0.185,3,0.791,0.994,False
Greek,艮卦-dynamic,ʎ,0.184,3,0.7114,0.994,False
Greek,坎卦-dynamic,x,0.183,4,0.8706,0.994,False
Greek,坤卦-dynamic,b,-0.182,5,0.7114,0.994,False
Greek,坤卦-dynamic,o,0.175,226,0.6617,0.994,False
Greek,離卦-dynamic,p,-0.171,32,0.6468,0.994,False
Greek,兌卦-dynamic,ɣ,-0.169,14,0.8109,0.994,False
Greek,坎卦-dynamic,o,-0.164,49,0.806,0.994,False
Greek,兌卦-static,m,-0.164,4,0.8308,0.994,False
Greek,乾卦-dynamic,r,0.163,74,0.7463,0.994,False
Greek,坤卦-static,i,0.161,40,0.796,0.994,False
Greek,乾卦-static,v,-0.161,5,0.8905,0.994,False
Greek,兌卦-dynamic,c,0.159,20,0.7811,0.994,False
Greek,巽卦-static,i,0.157,19,0.8756,0.994,False
Greek,震卦-dynamic,a,-0.157,123,0.7114,0.994,False
Greek,離卦-static,ɣ,0.157,19,0.7861,0.994,False
Greek,離卦-dynamic,t,0.156,47,0.7313,0.994,False
Greek,坎卦-dynamic,f,0.152,8,0.8607,0.994,False
Greek,震卦-static,j,-0.152,9,0.801,0.994,False
Greek,震卦-dynamic,k,-0.15,33,0.6915,0.994,False
Greek,坤卦-static,a,0.148,36,0.8209,0.994,False
Greek,巽卦-dynamic,r,-0.148,5,0.8856,0.994,False
Greek,乾卦-dynamic,m,-0.148,35,0.7612,0.994,False
Greek,艮卦-dynamic,n,-0.144,36,0.7363,0.994,False
Greek,中卦-static,f,0.144,37,0.7164,0.994,False
Greek,震卦-static,l,-0.144,44,0.7562,0.994,False
Greek,乾卦-dynamic,a,-0.144,129,0.7313,0.994,False
Greek,震卦-dynamic,t,-0.141,40,0.7711,0.994,False
Greek,離卦-static,θ,-0.136,9,0.8955,0.994,False
Greek,艮卦-dynamic,z,0.132,22,0.8408,0.994,False
Greek,坎卦-dynamic,r,0.132,29,0.8308,0.994,False
Greek,離卦-dynamic,z,0.131,23,0.8358,0.994,False
Greek,艮卦-static,i,-0.129,79,0.8209,0.994,False
Greek,兌卦-dynamic,f,0.125,19,0.8109,0.994,False
Greek,坎卦-dynamic,z,0.124,9,0.9055,0.994,False
Greek,艮卦-dynamic,f,0.123,19,0.8358,0.994,False
Greek,震卦-static,p,-0.11,43,0.7463,0.994,False
Greek,離卦-static,b,0.108,3,0.9005,0.994,False
Greek,坤卦-static,e,-0.106,14,0.9055,0.994,False
Greek,中卦-static,m,0.097,70,0.8408,0.994,False
Greek,震卦-static,d,0.093,7,0.8507,0.994,False
Greek,離卦-static,t,-0.093,32,0.9055,0.994,False
Greek,震卦-static,ɲ,0.088,3,0.9104,0.994,False
Greek,中卦-static,ɣ,-0.085,32,0.8209,0.994,False
Greek,坎卦-dynamic,t,-0.072,17,0.8905,0.994,False
Greek,震卦-static,m,0.072,49,0.8756,0.994,False
Greek,震卦-dynamic,t͡s,0.072,3,0.9154,0.994,False
Greek,乾卦-dynamic,c,0.072,20,0.8806,0.994,False
Greek,乾卦-dynamic,t,-0.071,43,0.8905,0.994,False
Greek,巽卦-static,a,-0.063,16,0.9502,0.994,False
Greek,乾卦-static,θ,0.063,4,0.9602,0.994,False
Greek,坎卦-static,ð,0.062,8,0.9502,0.994,False
Greek,坎卦-dynamic,j,-0.06,3,0.9453,0.994,False
Greek,震卦-static,t͡s,0.059,4,0.9005,0.994,False
Greek,兌卦-dynamic,d,0.051,5,0.9104,0.994,False
Greek,坤卦-dynamic,d,-0.049,8,0.9104,0.994,False
Greek,震卦-dynamic,j,0.049,8,0.9851,0.994,False
Greek,乾卦-dynamic,ɡ,-0.048,3,0.9453,0.994,False
Greek,震卦-static,n,-0.047,51,0.9353,0.994,False
Greek,離卦-static,x,0.045,7,0.9552,0.994,False
Greek,艮卦-dynamic,l,0.044,35,0.9453,0.994,False
Greek,震卦-static,r,-0.04,90,0.9055,0.994,False
Greek,坤卦-static,l,-0.038,9,0.9453,0.994,False
Greek,坎卦-dynamic,a,0.027,54,0.9552,0.994,False
Greek,艮卦-dynamic,p,0.02,34,0.9453,0.994,False
Greek,震卦-dynamic,ŋ,0.016,3,0.9801,0.994,False
Greek,坤卦-static,ɣ,-0.015,5,0.9851,0.994,False
Greek,離卦-dynamic,d,-0.014,5,0.9851,0.994,False
Greek,乾卦-dynamic,o,-0.012,130,0.9652,0.994,False
Greek,震卦-dynamic,ɡ,-0.011,3,0.9751,0.994,False
Greek,艮卦-dynamic,o,0.01,125,0.9801,0.994,False
Greek,坤卦-dynamic,ŋ,-0.009,5,0.9751,0.994,False
Greek,乾卦-dynamic,d,-0.014,5,0.995,0.9968,False
Greek,艮卦-static,ð,-0.008,13,0.995,0.9968,False
Greek,乾卦-dynamic,l,-0.001,36,1.0,1.0,False
Hebrew,巽卦-static,χ,3.827,11,0.005,0.3383,False
Hebrew,巽卦-static,a,3.671,22,0.005,0.3383,False
Hebrew,兌卦-dynamic,l,2.404,112,0.005,0.3383,False
Hebrew,震卦-static,ɡ,2.044,214,0.005,0.3383,False
Hebrew,震卦-static,ɛ,1.983,224,0.005,0.3383,False
Hebrew,中卦-static,m,1.385,305,0.005,0.3383,False
Hebrew,震卦-static,ɒ,-1.347,7,0.005,0.3383,False
Hebrew,震卦-static,ɪ,-1.347,7,0.005,0.3383,False
Hebrew,中卦-dynamic,z,4.072,3,0.0149,0.6525,False
Hebrew,巽卦-static,v,3.154,9,0.0149,0.6525,False
Hebrew,離卦-dynamic,ɑ,1.77,61,0.0149,0.6525,False
Hebrew,坤卦-dynamic,ɒ,1.078,54,0.0149,0.6525,False
Hebrew,坤卦-dynamic,ɪ,1.078,54,0.0149,0.6525,False
Hebrew,巽卦-static,ə,3.511,4,0.0199,0.6766,False
Hebrew,巽卦-static,k,2.506,4,0.0199,0.6766,False
Hebrew,乾卦-dynamic,s,1.49,40,0.0199,0.6766,False
Hebrew,中卦-static,l,-0.981,101,0.0199,0.6766,False
Hebrew,離卦-dynamic,f,-1.494,21,0.0249,0.692,False
Hebrew,離卦-dynamic,o,-1.255,42,0.0249,0.692,False
Hebrew,坤卦-dynamic,n,1.081,230,0.0249,0.692,False
Hebrew,兌卦-dynamic,s,1.22,35,0.0299,0.7026,False
Hebrew,震卦-static,o,-1.048,94,0.0299,0.7026,False
Hebrew,坤卦-dynamic,ɑ,-1.046,23,0.0299,0.7026,False
Hebrew,震卦-static,ʁ,0.989,40,0.0299,0.7026,False
Hebrew,巽卦-static,r,3.262,7,0.0348,0.7612,False
Hebrew,兌卦-dynamic,ɡ,-1.409,22,0.0348,0.7612,False
Hebrew,中卦-dynamic,ʔ,4.01,4,0.0398,0.8229,False
Hebrew,中卦-dynamic,e,3.95,5,0.0498,0.8229,False
Hebrew,中卦-dynamic,j,3.914,4,0.0498,0.8229,False
Hebrew,巽卦-static,u,-2.589,4,0.0498,0.8229,False
Hebrew,震卦-static,ɑ,-0.875,31,0.0498,0.8229,False
Hebrew,巽卦-static,t,2.206,7,0.0597,0.8699,False
Hebrew,乾卦-static,ə,1.64,11,0.0597,0.8699,False
Hebrew,震卦-dynamic,x,1.41,9,0.0547,0.8699,False
Hebrew,兌卦-dynamic,f,-1.113,21,0.0597,0.8699,False
Hebrew,中卦-static,u,0.721,654,0.0647,0.9205,False
Hebrew,坤卦-static,ɒ,1.878,8,0.0697,0.9473,False
Hebrew,坤卦-static,ɪ,1.878,8,0.0697,0.9473,False
Hebrew,乾卦-static,ʁ,1.718,5,0.0746,0.9717,False
Hebrew,巽卦-dynamic,ɑ,2.13,9,0.2139,0.973,False
Hebrew,巽卦-static,i,-1.989,7,0.1045,0.973,False
Hebrew,巽卦-static,n,1.731,6,0.1592,0.973,False
Hebrew,坤卦-static,o,-1.685,7,0.1244,0.973,False
Hebrew,坤卦-static,m,1.671,27,0.1294,0.973,False
Hebrew,乾卦-static,f,1.652,16,0.0846,0.973,False
Hebrew,乾卦-static,o,1.636,21,0.0846,0.973,False
Hebrew,乾卦-static,ɡ,-1.619,5,0.0995,0.973,False
Hebrew,巽卦-static,ɡ,1.598,4,0.1841,0.973,False
Hebrew,坤卦-static,ʁ,1.524,5,0.1493,0.973,False
Hebrew,巽卦-static,l,1.492,5,0.2338,0.973,False
Hebrew,兌卦-static,l,-1.402,4,0.2687,0.973,False
Hebrew,坎卦-static,s,-1.392,3,0.1493,0.973,False
Hebrew,離卦-static,p,1.359,7,0.0896,0.973,False
Hebrew,坤卦-static,a,-1.351,38,0.2488,0.973,False
Hebrew,坤卦-static,l,-1.317,6,0.2537,0.973,False
Hebrew,坎卦-static,o,1.285,23,0.199,0.973,False
Hebrew,乾卦-dynamic,p,1.261,5,0.0995,0.973,False
Hebrew,巽卦-static,o,1.259,4,0.3234,0.973,False
Hebrew,乾卦-static,d,-1.254,15,0.2239,0.973,False
Hebrew,巽卦-dynamic,ʃ,1.228,23,0.4776,0.973,False
Hebrew,坤卦-static,n,1.171,27,0.2935,0.973,False
Hebrew,坎卦-static,ʁ,1.165,5,0.204,0.973,False
Hebrew,巽卦-dynamic,ɒ,1.158,4,0.5174,0.973,False
Hebrew,巽卦-dynamic,ɪ,1.158,4,0.5174,0.973,False
Hebrew,離卦-static,ɒ,-1.142,6,0.1045,0.973,False
Hebrew,離卦-static,ɪ,-1.142,6,0.1045,0.973,False
Hebrew,兌卦-static,u,1.13,43,0.3234,0.973,False
Hebrew,巽卦-dynamic,i,1.123,46,0.5174,0.973,False
Hebrew,離卦-static,ɡ,1.119,91,0.0896,0.973,False
Hebrew,巽卦-static,e,-1.104,3,0.3831,0.973,False
Hebrew,乾卦-static,n,1.083,25,0.1841,0.973,False
Hebrew,乾卦-static,k,1.055,12,0.3035,0.973,False
Hebrew,離卦-static,r,-1.048,8,0.0995,0.973,False
Hebrew,坤卦-static,ɡ,-1.043,8,0.3035,0.973,False
Hebrew,艮卦-dynamic,ɒ,1.043,32,0.0846,0.973,False
Hebrew,艮卦-dynamic,ɪ,1.043,32,0.0846,0.973,False
Hebrew,坤卦-static,ʃ,1.039,35,0.3085,0.973,False
Hebrew,兌卦-static,s,1.036,7,0.3433,0.973,False
Hebrew,乾卦-static,r,1.013,17,0.194,0.973,False
Hebrew,巽卦-dynamic,a,-1.01,27,0.592,0.973,False
Hebrew,乾卦-dynamic,o,1.008,72,0.1244,0.973,False
Hebrew,巽卦-dynamic,f,1.005,9,0.5473,0.973,False
Hebrew,離卦-static,ɛ,0.954,89,0.1393,0.973,False
Hebrew,坎卦-static,χ,0.951,25,0.2637,0.973,False
Hebrew,艮卦-dynamic,f,-0.934,35,0.1095,0.973,False
Hebrew,兌卦-static,o,0.924,14,0.4478,0.973,False
Hebrew,離卦-static,l,-0.915,44,0.1791,0.973,False
Hebrew,坎卦-static,t,0.901,30,0.3831,0.973,False
Hebrew,乾卦-static,ɛ,-0.887,7,0.2836,0.973,False
Hebrew,坎卦-static,n,-0.885,15,0.3682,0.973,False
Hebrew,巽卦-static,d,0.884,6,0.4527,0.973,False
Hebrew,離卦-dynamic,n,-0.881,63,0.1393,0.973,False
Hebrew,兌卦-static,ʁ,0.879,3,0.5522,0.973,False
Hebrew,艮卦-static,s,0.869,35,0.199,0.973,False
Hebrew,乾卦-dynamic,t,0.859,99,0.1791,0.973,False
Hebrew,離卦-dynamic,l,0.854,99,0.1592,0.973,False
Hebrew,艮卦-dynamic,k,-0.844,13,0.1294,0.973,False
Hebrew,巽卦-dynamic,h,0.844,37,0.5771,0.973,False
Hebrew,艮卦-dynamic,o,-0.832,57,0.1642,0.973,False
Hebrew,震卦-dynamic,l,0.831,113,0.0995,0.973,False
Hebrew,巽卦-dynamic,ɹ,0.822,32,0.6219,0.973,False
Hebrew,離卦-dynamic,ɒ,-0.822,9,0.1891,0.973,False
Hebrew,離卦-dynamic,ɪ,-0.822,9,0.1891,0.973,False
Hebrew,離卦-dynamic,r,-0.819,16,0.0995,0.973,False
Hebrew,艮卦-dynamic,l,0.813,109,0.1642,0.973,False
Hebrew,艮卦-static,m,-0.806,44,0.1642,0.973,False
Hebrew,離卦-dynamic,v,0.806,123,0.1791,0.973,False
Hebrew,坤卦-static,d,-0.801,19,0.4627,0.973,False
Hebrew,兌卦-static,f,0.795,10,0.5622,0.973,False
Hebrew,乾卦-dynamic,ʁ,-0.794,6,0.199,0.973,False
Hebrew,坎卦-static,ɑ,-0.791,4,0.403,0.973,False
Hebrew,巽卦-dynamic,ɛ,-0.785,5,0.6965,0.973,False
Hebrew,坤卦-dynamic,f,-0.769,64,0.0995,0.973,False
Hebrew,坎卦-static,l,-0.766,11,0.4279,0.973,False
Hebrew,離卦-static,u,0.762,272,0.2637,0.973,False
Hebrew,坤卦-static,i,0.761,69,0.4627,0.973,False
Hebrew,乾卦-static,m,0.745,20,0.4179,0.973,False
Hebrew,巽卦-dynamic,u,0.742,34,0.6915,0.973,False
Hebrew,震卦-dynamic,o,-0.74,61,0.1891,0.973,False
Hebrew,艮卦-static,p,0.737,4,0.2786,0.973,False
Hebrew,兌卦-dynamic,ɒ,0.731,19,0.1891,0.973,False
Hebrew,兌卦-dynamic,ɪ,0.731,19,0.1891,0.973,False
Hebrew,乾卦-static,h,-0.731,37,0.3632,0.973,False
Hebrew,離卦-static,d,0.727,148,0.2189,0.973,False
Hebrew,坤卦-static,u,0.72,54,0.4328,0.973,False
Hebrew,乾卦-static,j,0.696,28,0.4378,0.973,False
Hebrew,巽卦-dynamic,t,-0.687,10,0.7164,0.973,False
Hebrew,坎卦-dynamic,ʁ,0.685,10,0.4279,0.973,False
Hebrew,坎卦-dynamic,ɛ,0.675,43,0.3483,0.973,False
Hebrew,乾卦-static,s,0.674,8,0.4478,0.973,False
Hebrew,艮卦-static,ɛ,0.67,63,0.3333,0.973,False
Hebrew,中卦-static,o,-0.67,141,0.1343,0.973,False
Hebrew,艮卦-static,l,-0.666,41,0.2338,0.973,False
Hebrew,巽卦-dynamic,b,0.665,32,0.7114,0.973,False
Hebrew,艮卦-dynamic,i,0.654,354,0.2388,0.973,False
Hebrew,坎卦-static,ɛ,0.654,18,0.4826,0.973,False
Hebrew,震卦-static,d,0.654,276,0.1741,0.973,False
Hebrew,兌卦-static,t,-0.646,12,0.592,0.973,False
Hebrew,震卦-dynamic,r,-0.642,26,0.209,0.973,False
Hebrew,離卦-static,ɹ,0.642,242,0.3134,0.973,False
Hebrew,艮卦-dynamic,s,-0.641,25,0.2388,0.973,False
Hebrew,坎卦-dynamic,i,0.641,179,0.3532,0.973,False
Hebrew,中卦-static,ɹ,0.64,586,0.1144,0.973,False
Hebrew,中卦-static,s,-0.639,58,0.1144,0.973,False
Hebrew,離卦-dynamic,k,-0.631,17,0.3035,0.973,False
Hebrew,兌卦-static,a,-0.631,36,0.6169,0.973,False
Hebrew,艮卦-static,o,-0.63,46,0.3284,0.973,False
Hebrew,艮卦-dynamic,j,-0.63,36,0.2687,0.973,False
Hebrew,坤卦-dynamic,s,-0.627,42,0.1393,0.973,False
Hebrew,坎卦-dynamic,ʃ,0.624,83,0.393,0.973,False
Hebrew,坎卦-dynamic,f,-0.623,21,0.3682,0.973,False
Hebrew,艮卦-static,t,0.622,97,0.3781,0.973,False
Hebrew,艮卦-static,ɹ,0.618,187,0.3234,0.973,False
Hebrew,兌卦-dynamic,v,-0.618,50,0.2985,0.973,False
Hebrew,離卦-dynamic,m,0.61,95,0.3035,0.973,False
Hebrew,坤卦-static,f,-0.604,8,0.5124,0.973,False
Hebrew,震卦-static,p,0.604,9,0.2537,0.973,False
Hebrew,離卦-static,m,-0.602,63,0.3234,0.973,False
Hebrew,坎卦-dynamic,ɑ,0.592,23,0.3781,0.973,False
Hebrew,中卦-static,h,0.592,676,0.1144,0.973,False
Hebrew,震卦-static,n,-0.586,146,0.1642,0.973,False
Hebrew,中卦-static,b,0.584,604,0.1642,0.973,False
Hebrew,乾卦-static,ɹ,-0.584,29,0.4975,0.973,False
Hebrew,坤卦-dynamic,k,-0.58,34,0.2139,0.973,False
Hebrew,坤卦-dynamic,d,0.579,249,0.2438,0.973,False
Hebrew,乾卦-static,a,0.574,63,0.592,0.973,False
Hebrew,艮卦-dynamic,ɑ,0.572,45,0.3085,0.973,False
Hebrew,艮卦-static,r,-0.57,21,0.3234,0.973,False
Hebrew,震卦-dynamic,p,0.569,5,0.3582,0.973,False
Hebrew,艮卦-dynamic,ʃ,0.565,161,0.403,0.973,False
Hebrew,坤卦-static,k,-0.562,4,0.5821,0.973,False
Hebrew,乾卦-dynamic,l,-0.561,42,0.3035,0.973,False
Hebrew,坎卦-static,v,0.558,27,0.5473,0.973,False
Hebrew,艮卦-dynamic,t,0.556,128,0.3184,0.973,False
Hebrew,兌卦-static,d,0.553,21,0.6567,0.973,False
Hebrew,震卦-dynamic,h,0.552,298,0.3383,0.973,False
Hebrew,兌卦-static,k,-0.551,3,0.5871,0.973,False
Hebrew,艮卦-dynamic,m,0.549,104,0.3483,0.973,False
Hebrew,離卦-static,ʔ,-0.549,18,0.3731,0.973,False
Hebrew,艮卦-dynamic,ɹ,0.548,246,0.3284,0.973,False
Hebrew,艮卦-dynamic,b,0.547,258,0.3234,0.973,False
Hebrew,乾卦-dynamic,r,0.542,53,0.3035,0.973,False
Hebrew,乾卦-static,u,-0.541,39,0.5821,0.973,False
Hebrew,離卦-static,b,0.537,246,0.3781,0.973,False
Hebrew,兌卦-dynamic,o,-0.534,43,0.3284,0.973,False
Hebrew,坤卦-dynamic,l,-0.531,100,0.2388,0.973,False
Hebrew,中卦-static,ɒ,0.526,60,0.1294,0.973,False
Hebrew,中卦-static,ɪ,0.526,60,0.1294,0.973,False
Hebrew,坤卦-static,χ,-0.523,5,0.592,0.973,False
Hebrew,震卦-dynamic,t,-0.523,92,0.3582,0.973,False
Hebrew,離卦-dynamic,d,0.521,132,0.3433,0.973,False
Hebrew,震卦-static,f,-0.52,79,0.2139,0.973,False
Hebrew,離卦-dynamic,h,0.516,257,0.3781,0.973,False
Hebrew,震卦-dynamic,ə,-0.506,8,0.3582,0.973,False
Hebrew,震卦-dynamic,χ,-0.506,28,0.3682,0.973,False
Hebrew,坎卦-dynamic,ɒ,0.504,13,0.5522,0.973,False
Hebrew,坎卦-dynamic,ɪ,0.504,13,0.5522,0.973,False
Hebrew,震卦-dynamic,ɑ,0.503,45,0.4229,0.973,False
Hebrew,震卦-dynamic,u,0.502,279,0.3284,0.973,False
Hebrew,艮卦-static,b,0.494,189,0.403,0.973,False
Hebrew,艮卦-static,u,0.492,201,0.4378,0.973,False
Hebrew,乾卦-static,i,-0.491,51,0.5423,0.973,False
Hebrew,震卦-dynamic,i,0.488,354,0.3881,0.973,False
Hebrew,兌卦-static,χ,-0.488,4,0.6915,0.973,False
Hebrew,艮卦-dynamic,d,0.484,146,0.4279,0.973,False
Hebrew,艮卦-dynamic,r,-0.479,32,0.3831,0.973,False
Hebrew,震卦-static,r,-0.479,58,0.2836,0.973,False
Hebrew,離卦-dynamic,ɡ,-0.476,50,0.3831,0.973,False
Hebrew,坎卦-static,b,0.475,54,0.5473,0.973,False
Hebrew,震卦-static,t,-0.475,165,0.2537,0.973,False
Hebrew,坤卦-dynamic,v,-0.471,135,0.2338,0.973,False
Hebrew,艮卦-dynamic,ɡ,-0.469,56,0.4179,0.973,False
Hebrew,乾卦-static,b,-0.469,33,0.6269,0.973,False
Hebrew,坎卦-dynamic,e,-0.465,71,0.5174,0.973,False
Hebrew,離卦-static,h,0.465,271,0.4627,0.973,False
Hebrew,坎卦-dynamic,k,-0.463,12,0.4776,0.973,False
Hebrew,坎卦-static,ɡ,-0.462,12,0.6318,0.973,False
Hebrew,離卦-static,ɑ,0.462,41,0.4378,0.973,False
Hebrew,離卦-dynamic,ə,-0.459,8,0.393,0.973,False
Hebrew,坎卦-static,u,-0.457,47,0.5821,0.973,False
Hebrew,艮卦-dynamic,ʁ,-0.456,11,0.4577,0.973,False
Hebrew,震卦-dynamic,m,0.456,104,0.4279,0.973,False
Hebrew,乾卦-dynamic,ɑ,-0.452,18,0.403,0.973,False
Hebrew,坤卦-static,h,0.448,54,0.6816,0.973,False
Hebrew,坤卦-static,j,-0.448,10,0.6368,0.973,False
Hebrew,兌卦-static,ʔ,-0.448,4,0.7114,0.973,False
Hebrew,艮卦-static,h,0.447,210,0.408,0.973,False
Hebrew,坎卦-dynamic,b,0.447,127,0.4925,0.973,False
Hebrew,震卦-dynamic,ɹ,0.439,245,0.4129,0.973,False
Hebrew,震卦-dynamic,ʔ,-0.439,30,0.393,0.973,False
Hebrew,離卦-static,ə,-0.439,9,0.4677,0.973,False
Hebrew,兌卦-static,ɛ,0.436,11,0.7015,0.973,False
Hebrew,坎卦-dynamic,d,0.43,73,0.5721,0.973,False
Hebrew,乾卦-static,v,-0.429,15,0.6567,0.973,False
Hebrew,坎卦-dynamic,a,-0.428,137,0.5522,0.973,False
Hebrew,中卦-static,v,-0.428,192,0.2736,0.973,False
Hebrew,乾卦-static,e,-0.426,26,0.6318,0.973,False
Hebrew,中卦-static,j,-0.425,126,0.2736,0.973,False
Hebrew,中卦-static,t,-0.424,215,0.3035,0.973,False
Hebrew,艮卦-dynamic,a,-0.419,271,0.4577,0.973,False
Hebrew,坎卦-static,a,-0.414,58,0.7114,0.973,False
Hebrew,兌卦-static,ɡ,0.414,11,0.6965,0.973,False
Hebrew,艮卦-dynamic,n,0.413,115,0.4527,0.973,False
Hebrew,艮卦-dynamic,u,0.413,266,0.4876,0.973,False
Hebrew,坤卦-static,ɑ,0.407,8,0.6517,0.973,False
Hebrew,坤卦-dynamic,p,-0.407,3,0.3582,0.973,False
Hebrew,坤卦-static,ɹ,0.406,45,0.5821,0.973,False
Hebrew,震卦-static,m,0.405,180,0.2985,0.973,False
Hebrew,兌卦-static,b,0.405,35,0.6617,0.973,False
Hebrew,乾卦-static,ʃ,-0.405,21,0.6368,0.973,False
Hebrew,坎卦-static,ʔ,-0.4,7,0.6965,0.973,False
Hebrew,巽卦-static,ʔ,0.399,4,0.7065,0.973,False
Hebrew,兌卦-dynamic,t,0.396,82,0.5274,0.973,False
Hebrew,中卦-static,i,0.395,782,0.3284,0.973,False
Hebrew,震卦-dynamic,v,-0.394,87,0.4925,0.973,False
Hebrew,震卦-dynamic,d,0.392,147,0.4577,0.973,False
Hebrew,離卦-static,ʁ,-0.39,11,0.5323,0.973,False
Hebrew,坤卦-dynamic,b,0.387,410,0.3781,0.973,False
Hebrew,震卦-static,j,-0.386,105,0.2786,0.973,False
Hebrew,坤卦-dynamic,ɛ,0.384,127,0.3433,0.973,False
Hebrew,中卦-static,ʃ,0.38,353,0.3284,0.973,False
Hebrew,離卦-dynamic,ʔ,-0.38,31,0.4826,0.973,False
Hebrew,兌卦-static,ɹ,0.38,33,0.7313,0.973,False
Hebrew,兌卦-dynamic,ɛ,-0.379,36,0.5075,0.973,False
Hebrew,艮卦-dynamic,z,-0.377,3,0.4826,0.973,False
Hebrew,中卦-static,r,-0.376,84,0.3582,0.973,False
Hebrew,艮卦-dynamic,ə,-0.375,11,0.5522,0.973,False
Hebrew,兌卦-static,e,-0.375,21,0.6965,0.973,False
Hebrew,離卦-static,n,-0.373,84,0.607,0.973,False
Hebrew,艮卦-static,j,-0.372,44,0.4876,0.973,False
Hebrew,離卦-dynamic,ʃ,0.367,136,0.4826,0.973,False
Hebrew,兌卦-dynamic,j,-0.366,40,0.5274,0.973,False
Hebrew,艮卦-dynamic,ʔ,-0.365,36,0.5124,0.973,False
Hebrew,震卦-dynamic,z,-0.365,4,0.5323,0.973,False
Hebrew,離卦-static,i,0.365,321,0.5224,0.973,False
Hebrew,離卦-dynamic,ɹ,0.365,208,0.5224,0.973,False
Hebrew,離卦-static,z,-0.361,4,0.5522,0.973,False
Hebrew,中卦-static,z,-0.359,10,0.4726,0.973,False
Hebrew,艮卦-static,χ,-0.358,27,0.5373,0.973,False
Hebrew,艮卦-dynamic,v,-0.358,86,0.5423,0.973,False
Hebrew,坤卦-dynamic,ʃ,0.355,252,0.3781,0.973,False
Hebrew,坤卦-dynamic,o,0.349,142,0.4179,0.973,False
Hebrew,坎卦-dynamic,r,-0.347,19,0.5672,0.973,False
Hebrew,坎卦-dynamic,n,-0.346,45,0.6468,0.973,False
Hebrew,乾卦-dynamic,e,-0.342,108,0.5124,0.973,False
Hebrew,中卦-static,ɡ,-0.341,137,0.403,0.973,False
Hebrew,乾卦-dynamic,v,-0.336,62,0.5721,0.973,False
Hebrew,離卦-dynamic,ɛ,0.335,67,0.5721,0.973,False
Hebrew,兌卦-dynamic,ʁ,-0.335,8,0.5771,0.973,False
Hebrew,乾卦-dynamic,m,0.332,69,0.5572,0.973,False
Hebrew,坤卦-dynamic,u,0.331,436,0.3682,0.973,False
Hebrew,艮卦-static,ə,-0.331,9,0.5224,0.973,False
Hebrew,艮卦-dynamic,χ,-0.33,38,0.5224,0.973,False
Hebrew,坎卦-dynamic,m,-0.328,38,0.6965,0.973,False
Hebrew,震卦-dynamic,b,0.327,249,0.5622,0.973,False
Hebrew,震卦-dynamic,f,-0.327,49,0.5373,0.973,False
Hebrew,兌卦-dynamic,h,0.327,184,0.602,0.973,False
Hebrew,兌卦-dynamic,ɑ,0.326,27,0.5075,0.973,False
Hebrew,震卦-static,u,0.325,474,0.4378,0.973,False
Hebrew,離卦-dynamic,b,0.32,216,0.5821,0.973,False
Hebrew,艮卦-static,ʁ,-0.313,9,0.5771,0.973,False
Hebrew,震卦-dynamic,e,-0.313,159,0.5473,0.973,False
Hebrew,坤卦-static,b,0.312,46,0.7264,0.973,False
Hebrew,震卦-static,χ,-0.312,71,0.5224,0.973,False
Hebrew,離卦-dynamic,z,-0.312,7,0.5622,0.973,False
Hebrew,坤卦-dynamic,ɹ,0.311,380,0.4677,0.973,False
Hebrew,艮卦-static,ʔ,-0.304,31,0.592,0.973,False
Hebrew,中卦-static,n,-0.304,209,0.403,0.973,False
Hebrew,離卦-dynamic,e,-0.304,139,0.5672,0.973,False
Hebrew,艮卦-static,k,-0.301,21,0.6617,0.973,False
Hebrew,艮卦-dynamic,ɛ,-0.301,56,0.5721,0.973,False
Hebrew,震卦-static,ɹ,0.299,412,0.5572,0.973,False
Hebrew,中卦-static,p,-0.292,5,0.5473,0.973,False
Hebrew,兌卦-dynamic,m,0.29,64,0.6766,0.973,False
Hebrew,坎卦-static,e,0.288,45,0.7264,0.973,False
Hebrew,坎卦-dynamic,v,0.287,58,0.7114,0.973,False
Hebrew,艮卦-static,i,0.285,246,0.602,0.973,False
Hebrew,坤卦-dynamic,ɡ,-0.281,101,0.5423,0.973,False
Hebrew,中卦-static,ə,-0.278,31,0.4925,0.973,False
Hebrew,離卦-static,v,0.278,109,0.6219,0.973,False
Hebrew,震卦-static,z,-0.276,19,0.5124,0.973,False
Hebrew,震卦-dynamic,ʃ,0.274,152,0.6169,0.973,False
Hebrew,艮卦-static,z,-0.272,8,0.6567,0.973,False
Hebrew,兌卦-dynamic,ʔ,-0.271,30,0.6269,0.973,False
Hebrew,坎卦-dynamic,ɹ,0.269,114,0.7214,0.973,False
Hebrew,中卦-static,ʔ,-0.269,104,0.5124,0.973,False
Hebrew,乾卦-dynamic,z,-0.265,8,0.6468,0.973,False
Hebrew,乾卦-dynamic,χ,-0.264,30,0.6517,0.973,False
Hebrew,艮卦-dynamic,h,0.261,270,0.6318,0.973,False
Hebrew,坎卦-dynamic,ə,-0.261,7,0.6816,0.973,False
Hebrew,中卦-static,ʁ,-0.257,29,0.5871,0.973,False
Hebrew,乾卦-dynamic,k,-0.257,21,0.6567,0.973,False
Hebrew,坤卦-dynamic,m,0.254,157,0.5672,0.973,False
Hebrew,坤卦-dynamic,z,-0.247,21,0.5821,0.973,False
Hebrew,離卦-dynamic,j,-0.247,63,0.6468,0.973,False
Hebrew,兌卦-dynamic,u,-0.246,155,0.592,0.973,False
Hebrew,震卦-static,a,0.245,585,0.5572,0.973,False
Hebrew,離卦-dynamic,a,0.245,289,0.6169,0.973,False
Hebrew,中卦-static,χ,-0.239,101,0.5871,0.973,False
Hebrew,離卦-static,j,-0.238,68,0.7065,0.973,False
Hebrew,坤卦-dynamic,a,-0.237,475,0.607,0.973,False
Hebrew,艮卦-static,f,0.235,44,0.6567,0.973,False
Hebrew,震卦-dynamic,j,-0.23,74,0.6766,0.973,False
Hebrew,坤卦-dynamic,i,0.228,545,0.6119,0.973,False
Hebrew,離卦-static,s,0.225,36,0.6965,0.973,False
Hebrew,震卦-static,b,0.222,424,0.6119,0.973,False
Hebrew,震卦-static,ʔ,-0.218,90,0.607,0.973,False
Hebrew,離卦-static,a,-0.218,274,0.7164,0.973,False
Hebrew,離卦-static,e,-0.218,156,0.7214,0.973,False
Hebrew,中卦-static,k,-0.215,71,0.6318,0.973,False
Hebrew,中卦-static,x,-0.212,5,0.6766,0.973,False
Hebrew,中卦-static,a,-0.211,665,0.5821,0.973,False
Hebrew,乾卦-dynamic,ə,0.202,18,0.7164,0.973,False
Hebrew,中卦-static,ɛ,0.2,164,0.6219,0.973,False
Hebrew,震卦-static,v,-0.195,169,0.6866,0.973,False
Hebrew,兌卦-dynamic,i,0.195,218,0.7264,0.973,False
Hebrew,坤卦-dynamic,r,-0.194,73,0.6915,0.973,False
Hebrew,乾卦-dynamic,u,0.185,181,0.7264,0.973,False
Hebrew,離卦-static,ʃ,0.183,137,0.7015,0.973,False
Hebrew,乾卦-dynamic,ɛ,0.178,50,0.7164,0.973,False
Hebrew,坤卦-dynamic,h,-0.173,402,0.7313,0.973,False
Hebrew,震卦-static,ʃ,0.173,259,0.6816,0.973,False
Hebrew,震卦-dynamic,ɛ,0.168,72,0.7313,0.973,False
Hebrew,坤卦-dynamic,j,-0.167,129,0.6617,0.973,False
Hebrew,坤卦-dynamic,ʔ,-0.158,92,0.7313,0.973,False
Hebrew,離卦-dynamic,i,0.156,289,0.7264,0.973,False
Hebrew,震卦-static,l,-0.135,135,0.6965,0.973,False
Hebrew,巽卦-dynamic,m,-0.578,8,0.7363,0.9754,False
Hebrew,離卦-static,χ,-0.2,44,0.7363,0.9754,False
Hebrew,巽卦-dynamic,ʔ,-0.483,3,0.7711,0.9768,False
Hebrew,巽卦-dynamic,n,0.463,14,0.7711,0.9768,False
Hebrew,巽卦-dynamic,o,-0.426,8,0.8358,0.9768,False
Hebrew,兌卦-static,v,0.418,17,0.796,0.9768,False
Hebrew,巽卦-dynamic,k,-0.416,3,0.806,0.9768,False
Hebrew,巽卦-dynamic,ɡ,-0.373,7,0.8458,0.9768,False
Hebrew,兌卦-static,n,0.359,16,0.791,0.9768,False
Hebrew,巽卦-dynamic,e,-0.358,18,0.8259,0.9768,False
Hebrew,兌卦-static,h,0.348,39,0.7562,0.9768,False
Hebrew,坎卦-static,ɒ,0.313,5,0.7612,0.9768,False
Hebrew,坎卦-static,ɪ,0.313,5,0.7612,0.9768,False
Hebrew,兌卦-static,i,0.31,47,0.796,0.9768,False
Hebrew,兌卦-static,ʃ,0.295,21,0.8259,0.9768,False
Hebrew,乾卦-static,ɒ,-0.267,3,0.7761,0.9768,False
Hebrew,乾卦-static,ɪ,-0.267,3,0.7761,0.9768,False
Hebrew,坎卦-dynamic,ɡ,-0.259,31,0.7811,0.9768,False
Hebrew,乾卦-static,t,-0.239,18,0.7861,0.9768,False
Hebrew,兌卦-dynamic,χ,0.214,48,0.7562,0.9768,False
Hebrew,坎卦-dynamic,χ,-0.211,23,0.7562,0.9768,False
Hebrew,坤卦-static,s,-0.205,6,0.8358,0.9768,False
Hebrew,乾卦-static,ʔ,0.199,16,0.8507,0.9768,False
Hebrew,兌卦-dynamic,z,-0.196,11,0.7463,0.9768,False
Hebrew,坤卦-static,ʔ,-0.19,10,0.8259,0.9768,False
Hebrew,坎卦-static,m,-0.19,17,0.8308,0.9768,False
Hebrew,離卦-static,k,-0.189,30,0.7512,0.9768,False
Hebrew,坤卦-static,ə,-0.185,3,0.8358,0.9768,False
Hebrew,兌卦-static,m,0.184,13,0.8507,0.9768,False
Hebrew,離卦-dynamic,s,0.169,33,0.8408,0.9768,False
Hebrew,坎卦-dynamic,o,-0.163,37,0.8458,0.9768,False
Hebrew,坎卦-static,i,0.161,69,0.8358,0.9768,False
Hebrew,坤卦-dynamic,e,-0.159,281,0.7463,0.9768,False
Hebrew,兌卦-dynamic,d,0.159,90,0.796,0.9768,False
Hebrew,離卦-dynamic,ʁ,0.149,14,0.801,0.9768,False
Hebrew,坎卦-dynamic,h,0.147,133,0.8358,0.9768,False
Hebrew,離卦-static,f,-0.147,49,0.8109,0.9768,False
Hebrew,坤卦-dynamic,ʁ,0.146,26,0.7463,0.9768,False
Hebrew,震卦-static,ə,0.139,43,0.791,0.9768,False
Hebrew,兌卦-dynamic,r,-0.136,31,0.796,0.9768,False
Hebrew,離卦-dynamic,u,0.132,225,0.8259,0.9768,False
Hebrew,艮卦-static,v,0.131,80,0.8159,0.9768,False
Hebrew,兌卦-dynamic,b,0.126,152,0.8358,0.9768,False
Hebrew,震卦-static,i,-0.124,553,0.7463,0.9768,False
Hebrew,艮卦-static,ɡ,-0.123,48,0.8259,0.9768,False
Hebrew,乾卦-dynamic,j,-0.123,58,0.8507,0.9768,False
Hebrew,乾卦-dynamic,ɡ,-0.123,46,0.8408,0.9768,False
Hebrew,震卦-static,h,0.122,473,0.801,0.9768,False
Hebrew,震卦-static,e,0.118,353,0.791,0.9768,False
Hebrew,震卦-dynamic,ʁ,-0.118,14,0.8109,0.9768,False
Hebrew,坤卦-dynamic,t,0.117,187,0.8358,0.9768,False
Hebrew,中卦-static,f,0.11,131,0.8408,0.9768,False
Hebrew,艮卦-dynamic,e,-0.102,174,0.8408,0.9768,False
Hebrew,坤卦-dynamic,χ,-0.1,87,0.8358,0.9768,False
Hebrew,中卦-static,e,-0.098,404,0.8159,0.9768,False
Hebrew,乾卦-dynamic,b,0.097,160,0.796,0.9768,False
Hebrew,乾卦-dynamic,d,0.096,94,0.8507,0.9768,False
Hebrew,坎卦-dynamic,ʔ,-0.094,31,0.8358,0.9768,False
Hebrew,坎卦-dynamic,s,0.079,18,0.8458,0.9768,False
Hebrew,震卦-dynamic,ɒ,0.139,22,0.8557,0.9771,False
Hebrew,震卦-dynamic,ɪ,0.139,22,0.8557,0.9771,False
Hebrew,乾卦-dynamic,ʃ,-0.123,92,0.8557,0.9771,False
Hebrew,坎卦-static,ɹ,0.142,46,0.8607,0.9773,False
Hebrew,離卦-static,t,0.137,108,0.8607,0.9773,False
Hebrew,離卦-static,o,0.109,76,0.8607,0.9773,False
Hebrew,震卦-dynamic,n,0.09,107,0.8657,0.9793,False
Hebrew,艮卦-static,ɑ,-0.089,24,0.8657,0.9793,False
Hebrew,巽卦-dynamic,χ,-0.406,4,0.8706,0.9813,False
Hebrew,兌卦-dynamic,ə,-0.096,12,0.8706,0.9813,False
Hebrew,艮卦-static,ʃ,0.108,104,0.8756,0.9851,False
Hebrew,巽卦-static,j,0.163,4,0.8806,0.9852,False
Hebrew,艮卦-static,e,-0.109,129,0.8806,0.9852,False
Hebrew,兌卦-dynamic,ɹ,0.076,141,0.8806,0.9852,False
Hebrew,中卦-dynamic,a,0.368,3,0.8856,0.986,False
Hebrew,兌卦-static,j,-0.163,11,0.9104,0.986,False
Hebrew,乾卦-static,χ,-0.14,9,0.9353,0.986,False
Hebrew,巽卦-dynamic,d,0.137,16,0.9204,0.986,False
Hebrew,坎卦-dynamic,t,0.123,57,0.8905,0.986,False
Hebrew,坎卦-static,r,-0.122,10,0.9104,0.986,False
Hebrew,坎卦-static,ʃ,0.12,30,0.8905,0.986,False
Hebrew,乾卦-static,z,-0.118,4,0.9403,0.986,False
Hebrew,坤卦-static,r,-0.116,9,0.9104,0.986,False
Hebrew,兌卦-dynamic,a,-0.107,198,0.9055,0.986,False
Hebrew,坤卦-static,ɛ,0.104,13,0.9005,0.986,False
Hebrew,坎卦-dynamic,u,-0.102,121,0.9204,0.986,False
Hebrew,乾卦-static,l,0.096,15,0.9005,0.986,False
Hebrew,坎卦-static,j,-0.091,18,0.8856,0.986,False
Hebrew,坎卦-static,f,0.09,12,0.9254,0.986,False
Hebrew,兌卦-dynamic,k,-0.085,23,0.8955,0.986,False
Hebrew,離卦-dynamic,x,0.081,3,0.9353,0.986,False
Hebrew,坎卦-static,d,0.072,28,0.9204,0.986,False
Hebrew,兌卦-static,ɑ,0.072,5,0.9254,0.986,False
Hebrew,坎卦-static,h,0.07,55,0.9303,0.986,False
Hebrew,震卦-static,k,-0.069,63,0.9005,0.986,False
Hebrew,兌卦-dynamic,n,-0.068,66,0.9303,0.986,False
Hebrew,坤卦-static,z,-0.064,5,0.9453,0.986,False
Hebrew,震卦-dynamic,k,-0.062,36,0.9154,0.986,False
Hebrew,乾卦-dynamic,h,0.061,183,0.9055,0.986,False
Hebrew,乾卦-dynamic,a,-0.06,213,0.9254,0.986,False
Hebrew,艮卦-static,d,-0.057,94,0.9303,0.986,False
Hebrew,兌卦-static,r,-0.057,7,0.9602,0.986,False
Hebrew,坤卦-dynamic,ə,0.054,36,0.9154,0.986,False
Hebrew,震卦-dynamic,ɡ,0.054,71,0.9055,0.986,False
Hebrew,兌卦-dynamic,ʃ,0.051,92,0.9403,0.986,False
Hebrew,坤卦-static,t,0.049,21,0.9502,0.986,False
Hebrew,乾卦-dynamic,f,-0.047,38,0.9453,0.986,False
Hebrew,乾卦-dynamic,i,0.047,225,0.9403,0.986,False
Hebrew,乾卦-dynamic,ʔ,-0.043,47,0.9602,0.986,False
Hebrew,坎卦-dynamic,l,0.042,41,0.9552,0.986,False
Hebrew,中卦-static,d,-0.041,294,0.9055,0.986,False
Hebrew,坎卦-dynamic,j,-0.04,45,0.9602,0.986,False
Hebrew,艮卦-static,ɒ,0.038,15,0.9502,0.986,False
Hebrew,艮卦-static,ɪ,0.038,15,0.9502,0.986,False
Hebrew,艮卦-static,n,-0.037,74,0.9453,0.986,False
Hebrew,離卦-dynamic,t,0.037,98,0.9602,0.986,False
Hebrew,震卦-dynamic,s,-0.028,35,0.9602,0.986,False
Hebrew,震卦-static,s,0.025,63,0.9403,0.986,False
Hebrew,巽卦-dynamic,l,-0.119,9,0.9652,0.9861,False
Hebrew,乾卦-dynamic,ɹ,0.023,147,0.9652,0.9861,False
Hebrew,坤卦-static,v,-0.055,19,0.9701,0.9879,False
Hebrew,震卦-dynamic,a,-0.022,311,0.9701,0.9879,False
Hebrew,坤卦-static,e,0.049,36,0.9751,0.9897,False
Hebrew,兌卦-dynamic,e,-0.034,121,0.9751,0.9897,False
Hebrew,乾卦-static,ɑ,-0.042,6,0.9801,0.9898,False
Hebrew,離卦-dynamic,χ,0.031,54,0.9801,0.9898,False
Hebrew,乾卦-dynamic,n,0.008,72,0.9801,0.9898,False
Hebrew,中卦-static,ɑ,-0.015,78,0.9851,0.9932,False
Hebrew,巽卦-dynamic,v,-0.039,12,0.99,0.9949,False
Hebrew,乾卦-dynamic,ɒ,-0.006,14,0.995,0.9967,False
Hebrew,乾卦-dynamic,ɪ,-0.006,14,0.995,0.9967,False
Hebrew,艮卦-static,a,0.004,226,1.0,1.0,False
Hindi,艮卦-static,q,4.016,3,0.005,0.319,False
Hindi,兌卦-static,ɡʰ,3.749,5,0.005,0.319,False
Hindi,巽卦-static,r,3.643,8,0.005,0.319,False
Hindi,震卦-dynamic,x,3.61,3,0.005,0.319,False
Hindi,坤卦-static,pʰ,3.433,8,0.005,0.319,False
Hindi,乾卦-static,ɟ,3.312,13,0.005,0.319,False
Hindi,坎卦-static,t,3.036,17,0.005,0.319,False
Hindi,兌卦-dynamic,n,2.741,96,0.005,0.319,False
Hindi,艮卦-static,ŋ,2.595,11,0.005,0.319,False
Hindi,乾卦-dynamic,ʋ,2.432,45,0.005,0.319,False
Hindi,兌卦-dynamic,a,2.311,142,0.005,0.319,False
Hindi,震卦-static,ɖ,2.124,18,0.005,0.319,False
Hindi,中卦-static,bʰ,2.051,28,0.005,0.319,False
Hindi,震卦-dynamic,cʰ,1.945,10,0.005,0.319,False
Hindi,震卦-dynamic,ɛ,1.763,13,0.005,0.319,False
Hindi,兌卦-static,i,3.112,13,0.01,0.464,False
Hindi,艮卦-static,ʃ,2.002,13,0.01,0.464,False
Hindi,坤卦-dynamic,d,1.895,44,0.01,0.464,False
Hindi,中卦-static,j,1.617,45,0.01,0.464,False
Hindi,中卦-static,k,1.336,103,0.01,0.464,False
Hindi,中卦-static,ɾ,-1.238,56,0.01,0.464,False
Hindi,艮卦-dynamic,ɟʰ,2.332,7,0.0149,0.6125,False
Hindi,震卦-dynamic,e,1.724,34,0.0149,0.6125,False
Hindi,中卦-static,h,1.455,44,0.0149,0.6125,False
Hindi,乾卦-static,ɟʰ,3.122,3,0.0199,0.6806,False
Hindi,艮卦-dynamic,l,1.885,48,0.0199,0.6806,False
Hindi,震卦-static,r,1.361,46,0.0199,0.6806,False
Hindi,中卦-static,ʌ,1.265,114,0.0199,0.6806,False
Hindi,坎卦-static,z,2.879,3,0.0249,0.7734,False
Hindi,離卦-dynamic,n,1.714,76,0.0249,0.7734,False
Hindi,乾卦-dynamic,ʃ,1.543,23,0.0249,0.7734,False
Hindi,兌卦-static,ã,2.917,3,0.0348,0.7768,False
Hindi,巽卦-static,o,2.798,6,0.0299,0.7768,False
Hindi,乾卦-static,b,2.431,12,0.0348,0.7768,False
Hindi,乾卦-static,kʰ,2.236,6,0.0348,0.7768,False
Hindi,離卦-static,p,2.08,25,0.0299,0.7768,False
Hindi,離卦-static,ã,1.791,8,0.0348,0.7768,False
Hindi,乾卦-dynamic,ɖ,1.406,12,0.0348,0.7768,False
Hindi,震卦-static,e,1.164,46,0.0299,0.7768,False
Hindi,震卦-static,ʌ,-1.093,53,0.0299,0.7768,False
Hindi,震卦-static,p,1.087,49,0.0348,0.7768,False
Hindi,坤卦-dynamic,o,-1.072,10,0.0299,0.7768,False
Hindi,坎卦-static,ɲ,3.197,5,0.0398,0.8007,False
Hindi,坤卦-static,u,1.959,7,0.0398,0.8007,False
Hindi,離卦-dynamic,l,-1.506,12,0.0398,0.8007,False
Hindi,震卦-static,ʊ,-1.205,10,0.0398,0.8007,False
Hindi,巽卦-static,dʰ,2.643,3,0.0448,0.8507,False
Hindi,坤卦-static,ɔ,2.126,4,0.0498,0.8507,False
Hindi,離卦-static,ɖ,1.639,6,0.0448,0.8507,False
Hindi,艮卦-dynamic,tʰ,1.485,8,0.0498,0.8507,False
Hindi,兌卦-dynamic,o,1.423,30,0.0498,0.8507,False
Hindi,兌卦-dynamic,ĩ,1.32,5,0.0498,0.8507,False
Hindi,離卦-dynamic,e,1.283,29,0.0498,0.8507,False
Hindi,兌卦-static,h,2.65,6,0.0547,0.8789,False
Hindi,巽卦-static,a,2.393,20,0.0896,0.8789,False
Hindi,巽卦-static,d,2.367,4,0.0846,0.8789,False
Hindi,兌卦-static,s,2.344,9,0.0647,0.8789,False
Hindi,巽卦-dynamic,ɡ,2.291,4,0.1194,0.8789,False
Hindi,兌卦-static,ɾ,-2.0,3,0.1045,0.8789,False
Hindi,乾卦-static,ə,1.969,38,0.0846,0.8789,False
Hindi,兌卦-static,dʰ,1.911,3,0.1045,0.8789,False
Hindi,坤卦-static,tʰ,1.88,3,0.0846,0.8789,False
Hindi,坎卦-static,ẽ,1.874,3,0.0597,0.8789,False
Hindi,坎卦-dynamic,l,1.853,15,0.0597,0.8789,False
Hindi,坎卦-dynamic,ʊ,1.837,9,0.0846,0.8789,False
Hindi,乾卦-static,u,1.826,7,0.1244,0.8789,False
Hindi,坎卦-dynamic,ɪ,1.817,17,0.1144,0.8789,False
Hindi,坤卦-static,s,1.775,15,0.0995,0.8789,False
Hindi,坎卦-static,c,1.772,6,0.0896,0.8789,False
Hindi,坤卦-static,kʰ,1.725,5,0.0846,0.8789,False
Hindi,坎卦-dynamic,ʋ,1.627,8,0.0995,0.8789,False
Hindi,艮卦-dynamic,ʈʰ,1.473,4,0.0597,0.8789,False
Hindi,離卦-dynamic,ẽ,1.434,9,0.0647,0.8789,False
Hindi,離卦-static,ʃ,1.388,10,0.0945,0.8789,False
Hindi,離卦-static,ʈ,1.355,19,0.0846,0.8789,False
Hindi,艮卦-static,p,1.345,22,0.0896,0.8789,False
Hindi,艮卦-static,ʌ,1.331,44,0.0846,0.8789,False
Hindi,艮卦-dynamic,ʌ,-1.283,29,0.0547,0.8789,False
Hindi,艮卦-static,ɡ,1.222,22,0.0697,0.8789,False
Hindi,艮卦-static,ʋ,-1.221,3,0.0995,0.8789,False
Hindi,艮卦-dynamic,ʊ,1.221,24,0.0945,0.8789,False
Hindi,離卦-dynamic,ɪ,1.214,47,0.1095,0.8789,False
Hindi,艮卦-static,bʰ,1.201,8,0.1194,0.8789,False
Hindi,震卦-dynamic,c,1.197,18,0.0896,0.8789,False
Hindi,艮卦-static,kʰ,1.192,9,0.1294,0.8789,False
Hindi,坤卦-dynamic,cʰ,1.188,12,0.0647,0.8789,False
Hindi,坤卦-dynamic,ʈʰ,1.176,6,0.0647,0.8789,False
Hindi,離卦-dynamic,u,-1.175,4,0.0846,0.8789,False
Hindi,艮卦-dynamic,u,1.153,17,0.0697,0.8789,False
Hindi,震卦-dynamic,ɔ,1.137,9,0.0697,0.8789,False
Hindi,離卦-dynamic,j,1.121,21,0.1194,0.8789,False
Hindi,兌卦-dynamic,ɪ,-1.113,15,0.0896,0.8789,False
Hindi,離卦-dynamic,m,-1.112,11,0.1144,0.8789,False
Hindi,離卦-dynamic,tʰ,1.112,7,0.1144,0.8789,False
Hindi,乾卦-dynamic,ɾ,1.103,102,0.0796,0.8789,False
Hindi,兌卦-dynamic,j,-1.097,3,0.1045,0.8789,False
Hindi,艮卦-dynamic,d,-1.046,9,0.0995,0.8789,False
Hindi,乾卦-dynamic,ʌ,-1.045,46,0.0995,0.8789,False
Hindi,艮卦-dynamic,n,1.033,61,0.1144,0.8789,False
Hindi,坤卦-dynamic,kʰ,-1.015,4,0.0597,0.8789,False
Hindi,震卦-dynamic,h,0.994,21,0.1194,0.8789,False
Hindi,艮卦-dynamic,ɖ,0.981,7,0.1294,0.8789,False
Hindi,坤卦-dynamic,ɖ,0.98,12,0.0846,0.8789,False
Hindi,坤卦-dynamic,ʋ,0.953,35,0.0697,0.8789,False
Hindi,震卦-dynamic,l,0.94,40,0.1194,0.8789,False
Hindi,震卦-static,i,0.938,71,0.0846,0.8789,False
Hindi,乾卦-dynamic,kʰ,-0.919,4,0.0945,0.8789,False
Hindi,兌卦-dynamic,b,-0.908,9,0.1194,0.8789,False
Hindi,震卦-dynamic,ɪ,0.897,44,0.1294,0.8789,False
Hindi,中卦-static,i,0.844,75,0.0896,0.8789,False
Hindi,中卦-static,ɡ,-0.843,19,0.0746,0.8789,False
Hindi,坤卦-dynamic,ɾ,0.835,114,0.1244,0.8789,False
Hindi,中卦-static,l,-0.825,35,0.0995,0.8789,False
Hindi,中卦-static,kʰ,-0.82,6,0.1294,0.8789,False
Hindi,中卦-static,s,0.737,67,0.0995,0.8789,False
Hindi,中卦-static,ɟ,-0.737,13,0.1294,0.8789,False
Hindi,中卦-static,cʰ,0.709,10,0.1194,0.8789,False
Hindi,乾卦-static,l,-1.492,4,0.1393,0.8975,False
Hindi,艮卦-static,ʈ,1.166,19,0.1443,0.8975,False
Hindi,離卦-static,m,-1.122,7,0.1443,0.8975,False
Hindi,艮卦-static,u,-1.109,3,0.1542,0.8975,False
Hindi,兌卦-dynamic,l,-1.042,17,0.1493,0.8975,False
Hindi,艮卦-dynamic,ɖʰ,0.981,3,0.1592,0.8975,False
Hindi,乾卦-dynamic,ɪ,0.961,61,0.1493,0.8975,False
Hindi,艮卦-dynamic,ɛ,0.943,9,0.1592,0.8975,False
Hindi,震卦-dynamic,j,0.922,20,0.1493,0.8975,False
Hindi,兌卦-dynamic,i,-0.912,15,0.1493,0.8975,False
Hindi,震卦-dynamic,p,0.908,29,0.1542,0.8975,False
Hindi,兌卦-dynamic,ɡ,-0.893,10,0.1592,0.8975,False
Hindi,艮卦-dynamic,ɾ,-0.859,37,0.1343,0.8975,False
Hindi,乾卦-dynamic,b,0.859,33,0.1443,0.8975,False
Hindi,乾卦-dynamic,ʈ,-0.846,12,0.1443,0.8975,False
Hindi,中卦-static,o,-0.77,16,0.1343,0.8975,False
Hindi,乾卦-dynamic,ɛ,-0.766,3,0.1592,0.8975,False
Hindi,震卦-static,m,0.765,56,0.1542,0.8975,False
Hindi,震卦-static,ɡ,-0.692,20,0.1592,0.8975,False
Hindi,艮卦-static,e,-0.975,6,0.1642,0.9105,False
Hindi,坤卦-dynamic,b,0.679,37,0.1642,0.9105,False
Hindi,坎卦-dynamic,bʰ,1.49,4,0.1692,0.9162,False
Hindi,兌卦-dynamic,k,0.926,51,0.1741,0.9162,False
Hindi,艮卦-dynamic,ẽ,0.921,7,0.1741,0.9162,False
Hindi,乾卦-dynamic,f,0.898,6,0.1741,0.9162,False
Hindi,中卦-static,ʈʰ,0.713,5,0.1741,0.9162,False
Hindi,兌卦-static,ɪ,1.627,9,0.1791,0.9281,False
Hindi,巽卦-dynamic,ʌ,2.201,7,0.194,0.9346,False
Hindi,坎卦-static,b,1.427,8,0.194,0.9346,False
Hindi,坎卦-static,ɪ,1.387,14,0.1891,0.9346,False
Hindi,離卦-static,ɡ,-1.11,5,0.194,0.9346,False
Hindi,離卦-dynamic,t,0.93,33,0.194,0.9346,False
Hindi,震卦-dynamic,m,-0.823,15,0.1841,0.9346,False
Hindi,坤卦-dynamic,ʈ,-0.743,16,0.194,0.9346,False
Hindi,中卦-static,d,-0.716,20,0.1891,0.9346,False
Hindi,坤卦-dynamic,l,0.668,60,0.1841,0.9346,False
Hindi,震卦-static,c,0.659,23,0.1841,0.9346,False
Hindi,艮卦-static,ʊ,0.873,15,0.199,0.9541,False
Hindi,中卦-dynamic,ʈ,2.399,3,0.2139,0.9598,False
Hindi,坤卦-static,m,1.329,13,0.2139,0.9598,False
Hindi,乾卦-static,s,-1.246,6,0.2189,0.9598,False
Hindi,離卦-dynamic,ʃ,0.932,13,0.209,0.9598,False
Hindi,離卦-dynamic,b,-0.914,9,0.2139,0.9598,False
Hindi,艮卦-dynamic,ʃ,-0.844,3,0.209,0.9598,False
Hindi,兌卦-dynamic,ʈ,-0.795,9,0.2189,0.9598,False
Hindi,乾卦-dynamic,ɡ,-0.693,17,0.2139,0.9598,False
Hindi,震卦-dynamic,u,-0.691,7,0.2189,0.9598,False
Hindi,乾卦-dynamic,ə,0.689,107,0.2189,0.9598,False
Hindi,震卦-static,ʋ,-0.678,14,0.2189,0.9598,False
Hindi,震卦-static,ĩ,0.649,6,0.209,0.9598,False
Hindi,坤卦-dynamic,ĩ,0.619,6,0.209,0.9598,False
Hindi,中卦-dynamic,ə,2.5,10,0.2388,0.962,False
Hindi,乾卦-static,ɾ,1.452,26,0.2239,0.962,False
Hindi,艮卦-static,ĩ,1.007,3,0.2239,0.962,False
Hindi,離卦-static,cʰ,0.907,4,0.2438,0.962,False
Hindi,離卦-static,c,0.904,10,0.2388,0.962,False
Hindi,離卦-dynamic,i,-0.851,16,0.2438,0.962,False
Hindi,兌卦-dynamic,ə,-0.823,30,0.2338,0.962,False
Hindi,兌卦-dynamic,ʊ,0.768,21,0.2289,0.962,False
Hindi,乾卦-dynamic,c,-0.729,7,0.2438,0.962,False
Hindi,乾卦-dynamic,n,-0.701,39,0.2438,0.962,False
Hindi,坤卦-dynamic,ɪ,-0.603,37,0.2239,0.962,False
Hindi,坤卦-dynamic,ɛ,-0.563,5,0.2438,0.962,False
Hindi,乾卦-static,a,-1.235,15,0.2637,0.9697,False
Hindi,坎卦-dynamic,p,-1.09,3,0.2537,0.9697,False
Hindi,坤卦-static,i,-1.076,4,0.2587,0.9697,False
Hindi,離卦-static,ɟ,-0.863,4,0.2637,0.9697,False
Hindi,離卦-static,n,-0.849,16,0.2537,0.9697,False
Hindi,艮卦-dynamic,m,-0.757,15,0.2488,0.9697,False
Hindi,艮卦-dynamic,ɪ,-0.72,20,0.2587,0.9697,False
Hindi,坤卦-dynamic,e,0.643,39,0.2587,0.9697,False
Hindi,震卦-static,ɾ,-0.598,70,0.2488,0.9697,False
Hindi,震卦-static,ɪ,-0.574,37,0.2537,0.9697,False
Hindi,坤卦-dynamic,n,-0.571,51,0.2637,0.9697,False
Hindi,中卦-static,m,0.531,56,0.2637,0.9697,False
Hindi,中卦-dynamic,m,2.289,4,0.2836,0.9769,False
Hindi,巽卦-dynamic,k,1.859,6,0.2935,0.9769,False
Hindi,兌卦-static,ʈ,1.325,5,0.3532,0.9769,False
Hindi,乾卦-static,bʰ,1.304,4,0.2687,0.9769,False
Hindi,兌卦-static,c,1.214,3,0.3831,0.9769,False
Hindi,乾卦-static,m,1.214,13,0.2886,0.9769,False
Hindi,坎卦-dynamic,ɾ,-1.16,10,0.2985,0.9769,False
Hindi,坎卦-static,j,1.141,6,0.3284,0.9769,False
Hindi,乾卦-static,k,-1.12,7,0.3085,0.9769,False
Hindi,乾卦-static,ɪ,-1.105,5,0.3433,0.9769,False
Hindi,坤卦-static,ɪ,-1.065,5,0.2935,0.9769,False
Hindi,坎卦-static,n,-1.036,6,0.3035,0.9769,False
Hindi,坎卦-dynamic,c,1.013,5,0.3483,0.9769,False
Hindi,坤卦-static,ʌ,0.995,19,0.3731,0.9769,False
Hindi,坎卦-static,ɾ,0.977,20,0.3881,0.9769,False
Hindi,坎卦-dynamic,n,-0.955,7,0.3632,0.9769,False
Hindi,坎卦-dynamic,u,0.955,5,0.393,0.9769,False
Hindi,坎卦-dynamic,d,-0.952,3,0.398,0.9769,False
Hindi,離卦-static,ŋ,0.877,5,0.2836,0.9769,False
Hindi,離卦-static,b,-0.873,6,0.3085,0.9769,False
Hindi,離卦-static,u,-0.789,4,0.3483,0.9769,False
Hindi,艮卦-static,o,-0.783,6,0.2836,0.9769,False
Hindi,艮卦-static,j,-0.748,4,0.3532,0.9769,False
Hindi,震卦-dynamic,s,-0.721,24,0.3085,0.9769,False
Hindi,離卦-static,k,0.718,31,0.393,0.9769,False
Hindi,離卦-dynamic,ɡ,-0.706,12,0.3085,0.9769,False
Hindi,離卦-static,j,-0.701,4,0.3781,0.9769,False
Hindi,兌卦-dynamic,bʰ,-0.695,3,0.2736,0.9769,False
Hindi,艮卦-dynamic,e,0.673,23,0.3284,0.9769,False
Hindi,震卦-dynamic,ʌ,-0.668,39,0.2786,0.9769,False
Hindi,離卦-dynamic,c,0.664,14,0.3781,0.9769,False
Hindi,震卦-dynamic,k,-0.653,29,0.3383,0.9769,False
Hindi,艮卦-dynamic,b,-0.639,11,0.393,0.9769,False
Hindi,離卦-dynamic,dʰ,-0.632,3,0.3682,0.9769,False
Hindi,兌卦-dynamic,h,0.627,17,0.3632,0.9769,False
Hindi,兌卦-dynamic,t,-0.627,13,0.3881,0.9769,False
Hindi,震卦-dynamic,ʈ,-0.626,11,0.3483,0.9769,False
Hindi,兌卦-dynamic,p,-0.62,14,0.3134,0.9769,False
Hindi,艮卦-dynamic,ɟ,-0.617,8,0.3532,0.9769,False
Hindi,離卦-dynamic,h,-0.617,6,0.3483,0.9769,False
Hindi,震卦-static,s,-0.614,40,0.3333,0.9769,False
Hindi,震卦-dynamic,i,0.587,39,0.3582,0.9769,False
Hindi,乾卦-dynamic,o,-0.583,15,0.3532,0.9769,False
Hindi,坤卦-dynamic,k,-0.576,49,0.3035,0.9769,False
Hindi,震卦-static,ɛ,-0.55,5,0.3085,0.9769,False
Hindi,乾卦-dynamic,dʰ,-0.533,5,0.3731,0.9769,False
Hindi,坤卦-dynamic,tʰ,-0.526,3,0.3184,0.9769,False
Hindi,震卦-static,ã,0.524,11,0.3184,0.9769,False
Hindi,震卦-dynamic,ʋ,-0.521,10,0.3682,0.9769,False
Hindi,乾卦-dynamic,e,-0.52,18,0.3781,0.9769,False
Hindi,震卦-static,tʰ,-0.516,3,0.3035,0.9769,False
Hindi,震卦-dynamic,ʃ,0.514,11,0.3632,0.9769,False
Hindi,震卦-static,ʈʰ,0.51,4,0.3184,0.9769,False
Hindi,震卦-static,d,0.508,30,0.2836,0.9769,False
Hindi,震卦-static,l,0.504,56,0.2687,0.9769,False
Hindi,坤卦-dynamic,ŋ,0.502,10,0.3483,0.9769,False
Hindi,艮卦-dynamic,a,0.5,91,0.398,0.9769,False
Hindi,震卦-static,o,-0.497,19,0.3582,0.9769,False
Hindi,坤卦-dynamic,r,-0.488,6,0.3682,0.9769,False
Hindi,坤卦-dynamic,ʂ,-0.485,3,0.3532,0.9769,False
Hindi,中卦-static,pʰ,-0.482,3,0.3234,0.9769,False
Hindi,中卦-static,t,0.481,49,0.3085,0.9769,False
Hindi,乾卦-dynamic,k,-0.477,43,0.3532,0.9769,False
Hindi,震卦-static,ʂ,-0.476,3,0.3483,0.9769,False
Hindi,中卦-static,ɛ,0.463,13,0.3333,0.9769,False
Hindi,中卦-static,ã,-0.457,4,0.3731,0.9769,False
Hindi,坤卦-dynamic,j,-0.438,14,0.3781,0.9769,False
Hindi,中卦-static,ɡʰ,-0.432,3,0.3582,0.9769,False
Hindi,中卦-static,r,-0.422,8,0.3333,0.9769,False
Hindi,乾卦-dynamic,t,0.415,37,0.398,0.9769,False
Hindi,坤卦-dynamic,ʌ,0.398,87,0.398,0.9769,False
Hindi,中卦-static,a,-0.382,124,0.3731,0.9769,False
Hindi,艮卦-static,s,-0.558,17,0.408,0.983,False
Hindi,震卦-static,bʰ,-0.425,7,0.4129,0.983,False
Hindi,坤卦-dynamic,p,-0.398,27,0.408,0.983,False
Hindi,艮卦-static,m,-0.58,12,0.4179,0.9834,False
Hindi,中卦-static,tʰ,-0.39,4,0.4179,0.9834,False
Hindi,坎卦-dynamic,b,-0.822,3,0.4279,0.9865,False
Hindi,坤卦-dynamic,c,-0.487,11,0.4279,0.9865,False
Hindi,艮卦-dynamic,ɳ,0.485,6,0.4279,0.9865,False
Hindi,艮卦-dynamic,pʰ,0.433,7,0.4279,0.9865,False
Hindi,震卦-static,n,-0.392,56,0.4229,0.9865,False
Hindi,兌卦-static,a,-0.976,9,0.4328,0.9869,False
Hindi,乾卦-static,e,-0.936,3,0.4328,0.9869,False
Hindi,坎卦-dynamic,ɟ,0.803,6,0.4328,0.9869,False
Hindi,巽卦-static,ɟ,1.084,3,0.4378,0.9894,False
Hindi,艮卦-static,c,-0.598,4,0.4378,0.9894,False
Hindi,中卦-static,ɖ,-0.349,5,0.4378,0.9894,False
Hindi,巽卦-dynamic,ɾ,1.27,7,0.4826,0.9898,False
Hindi,兌卦-static,k,-0.974,4,0.4428,0.9898,False
Hindi,乾卦-static,ɛ,0.92,3,0.4527,0.9898,False
Hindi,坎卦-static,a,-0.839,16,0.4726,0.9898,False
Hindi,乾卦-static,p,0.825,9,0.4726,0.9898,False
Hindi,坎卦-dynamic,ʌ,-0.823,11,0.4527,0.9898,False
Hindi,坎卦-static,d,-0.809,3,0.4876,0.9898,False
Hindi,坎卦-static,e,-0.772,3,0.5075,0.9898,False
Hindi,乾卦-static,ɡ,0.764,9,0.4975,0.9898,False
Hindi,坤卦-static,t,-0.664,4,0.4925,0.9898,False
Hindi,坤卦-static,k,0.65,15,0.4726,0.9898,False
Hindi,坎卦-dynamic,ɡ,0.636,8,0.5075,0.9898,False
Hindi,離卦-static,h,-0.592,4,0.4726,0.9898,False
Hindi,艮卦-dynamic,s,-0.586,24,0.4677,0.9898,False
Hindi,離卦-static,ʋ,-0.569,6,0.5025,0.9898,False
Hindi,離卦-static,t,0.539,18,0.5025,0.9898,False
Hindi,離卦-static,ə,0.532,46,0.4677,0.9898,False
Hindi,艮卦-static,ɪ,-0.509,16,0.4876,0.9898,False
Hindi,兌卦-dynamic,ɟ,-0.509,9,0.4826,0.9898,False
Hindi,離卦-dynamic,s,0.502,35,0.4478,0.9898,False
Hindi,艮卦-static,a,-0.5,45,0.4975,0.9898,False
Hindi,離卦-dynamic,a,0.496,93,0.5075,0.9898,False
Hindi,離卦-dynamic,ʈ,-0.485,12,0.4726,0.9898,False
Hindi,震卦-dynamic,dʰ,-0.479,4,0.5025,0.9898,False
Hindi,乾卦-dynamic,j,0.468,22,0.4478,0.9898,False
Hindi,艮卦-static,i,-0.462,15,0.5075,0.9898,False
Hindi,震卦-dynamic,d,-0.461,13,0.4925,0.9898,False
Hindi,兌卦-dynamic,r,-0.455,4,0.4876,0.9898,False
Hindi,兌卦-dynamic,dʰ,-0.454,4,0.4876,0.9898,False
Hindi,艮卦-dynamic,t,-0.448,15,0.4677,0.9898,False
Hindi,艮卦-dynamic,ə,-0.437,41,0.5025,0.9898,False
Hindi,中卦-static,u,-0.421,15,0.4428,0.9898,False
Hindi,乾卦-dynamic,bʰ,-0.418,6,0.4478,0.9898,False
Hindi,乾卦-dynamic,ɟ,0.415,23,0.4726,0.9898,False
Hindi,兌卦-dynamic,ʌ,-0.411,41,0.4726,0.9898,False
Hindi,震卦-static,ẽ,-0.399,4,0.4428,0.9898,False
Hindi,坤卦-dynamic,ũ,0.395,4,0.4677,0.9898,False
Hindi,坤卦-dynamic,h,0.384,25,0.4478,0.9898,False
Hindi,中卦-static,dʰ,-0.379,8,0.4677,0.9898,False
Hindi,乾卦-dynamic,a,-0.372,97,0.4627,0.9898,False
Hindi,震卦-static,b,0.357,32,0.4577,0.9898,False
Hindi,坤卦-dynamic,a,-0.351,117,0.5075,0.9898,False
Hindi,坤卦-dynamic,ʊ,0.347,30,0.4726,0.9898,False
Hindi,震卦-static,ʃ,0.345,16,0.5025,0.9898,False
Hindi,坤卦-dynamic,ɡʰ,-0.324,4,0.4826,0.9898,False
Hindi,中卦-dynamic,ɡ,1.929,3,0.5124,0.9901,False
Hindi,離卦-dynamic,kʰ,-0.479,5,0.5124,0.9901,False
Hindi,兌卦-dynamic,c,-0.414,7,0.5124,0.9901,False
Hindi,巽卦-static,ɾ,-0.951,5,0.5174,0.9941,False
Hindi,坤卦-dynamic,ɡ,0.374,39,0.5174,0.9941,False
Hindi,離卦-static,ɔ,0.496,4,0.5224,0.9962,False
Hindi,艮卦-dynamic,ɔ,0.476,6,0.5224,0.9962,False
Hindi,坎卦-dynamic,o,-0.681,3,0.5274,0.9965,False
Hindi,震卦-dynamic,o,0.412,21,0.5274,0.9965,False
Hindi,中卦-static,n,-0.285,65,0.5274,0.9965,False
Hindi,中卦-dynamic,ɾ,1.452,6,0.5373,0.9971,False
Hindi,兌卦-static,m,0.856,6,0.5373,0.9971,False
Hindi,艮卦-static,ɳ,0.392,4,0.5423,0.9971,False
Hindi,離卦-dynamic,d,-0.392,13,0.5323,0.9971,False
Hindi,乾卦-dynamic,ɔ,0.365,8,0.5423,0.9971,False
Hindi,中卦-static,ɔ,0.327,10,0.5323,0.9971,False
Hindi,坤卦-dynamic,bʰ,-0.31,8,0.5323,0.9971,False
Hindi,震卦-static,ʈ,0.294,32,0.5423,0.9971,False
Hindi,中卦-dynamic,a,-1.457,3,0.6517,0.9994,False
Hindi,中卦-dynamic,k,1.022,4,0.6965,0.9994,False
Hindi,中卦-dynamic,s,0.972,3,0.6468,0.9994,False
Hindi,巽卦-static,ʌ,0.857,8,0.6468,0.9994,False
Hindi,兌卦-static,b,0.841,4,0.592,0.9994,False
Hindi,巽卦-static,l,0.708,5,0.6716,0.9994,False
Hindi,乾卦-static,ɡʰ,0.696,3,0.607,0.9994,False
Hindi,兌卦-static,e,0.659,4,0.5871,0.9994,False
Hindi,坎卦-dynamic,m,0.643,10,0.5522,0.9994,False
Hindi,坤卦-static,d,0.623,6,0.5572,0.9994,False
Hindi,坎卦-static,ʊ,-0.613,3,0.6667,0.9994,False
Hindi,坤卦-static,ʋ,-0.554,3,0.5622,0.9994,False
Hindi,坎卦-dynamic,dʰ,0.548,3,0.607,0.9994,False
Hindi,坎卦-dynamic,a,0.543,29,0.607,0.9994,False
Hindi,乾卦-static,d,-0.538,4,0.6517,0.9994,False
Hindi,坎卦-dynamic,j,0.536,5,0.6368,0.9994,False
Hindi,離卦-static,pʰ,0.535,5,0.5622,0.9994,False
Hindi,坎卦-dynamic,h,0.534,5,0.6169,0.9994,False
Hindi,坎卦-dynamic,ə,-0.533,12,0.6368,0.9994,False
Hindi,坎卦-static,ʋ,0.525,5,0.7015,0.9994,False
Hindi,坤卦-static,ɾ,-0.511,14,0.607,0.9994,False
Hindi,坎卦-static,i,-0.511,6,0.6567,0.9994,False
Hindi,坎卦-static,ɡ,-0.504,4,0.6468,0.9994,False
Hindi,乾卦-static,i,0.499,12,0.6368,0.9994,False
Hindi,坎卦-dynamic,kʰ,0.497,3,0.6517,0.9994,False
Hindi,兌卦-static,l,-0.464,4,0.6965,0.9994,False
Hindi,乾卦-static,t,-0.461,5,0.6866,0.9994,False
Hindi,乾卦-static,dʰ,0.437,3,0.6965,0.9994,False
Hindi,乾卦-dynamic,ʊ,0.433,26,0.5622,0.9994,False
Hindi,離卦-static,kʰ,0.41,6,0.597,0.9994,False
Hindi,艮卦-dynamic,ã,0.405,6,0.602,0.9994,False
Hindi,離卦-dynamic,ʌ,0.405,52,0.5721,0.9994,False
Hindi,艮卦-dynamic,ɡʰ,0.4,7,0.5721,0.9994,False
Hindi,艮卦-static,ɔ,0.399,4,0.597,0.9994,False
Hindi,離卦-static,s,-0.39,17,0.6119,0.9994,False
Hindi,坤卦-static,o,-0.389,4,0.7015,0.9994,False
Hindi,艮卦-dynamic,ɡ,-0.385,15,0.5622,0.9994,False
Hindi,坎卦-dynamic,t,0.384,8,0.7313,0.9994,False
Hindi,離卦-static,tʰ,0.378,3,0.7065,0.9994,False
Hindi,艮卦-dynamic,h,-0.371,8,0.6269,0.9994,False
Hindi,離卦-static,ʊ,-0.369,8,0.6667,0.9994,False
Hindi,艮卦-static,d,-0.367,9,0.5871,0.9994,False
Hindi,艮卦-static,ɟ,-0.361,7,0.607,0.9994,False
Hindi,兌卦-dynamic,kʰ,0.352,9,0.592,0.9994,False
Hindi,離卦-dynamic,ʋ,-0.349,11,0.592,0.9994,False
Hindi,坎卦-static,l,-0.347,7,0.7313,0.9994,False
Hindi,艮卦-static,ã,0.339,4,0.6866,0.9994,False
Hindi,艮卦-static,l,-0.335,17,0.6119,0.9994,False
Hindi,震卦-dynamic,n,0.334,50,0.5821,0.9994,False
Hindi,坤卦-dynamic,ɔ,-0.332,5,0.5821,0.9994,False
Hindi,離卦-dynamic,ɖ,0.324,5,0.6418,0.9994,False
Hindi,乾卦-dynamic,d,0.32,24,0.6119,0.9994,False
Hindi,艮卦-dynamic,o,0.318,19,0.6915,0.9994,False
Hindi,離卦-static,d,0.317,11,0.6866,0.9994,False
Hindi,艮卦-static,r,-0.316,4,0.6418,0.9994,False
Hindi,兌卦-dynamic,ʃ,-0.315,6,0.6766,0.9994,False
Hindi,震卦-dynamic,kʰ,-0.311,6,0.6418,0.9994,False
Hindi,兌卦-dynamic,s,0.311,33,0.6716,0.9994,False
Hindi,坤卦-dynamic,u,0.307,21,0.592,0.9994,False
Hindi,中卦-static,c,0.304,21,0.5473,0.9994,False
Hindi,艮卦-static,b,0.302,13,0.6567,0.9994,False
Hindi,乾卦-dynamic,p,-0.288,24,0.6318,0.9994,False
Hindi,坤卦-dynamic,s,-0.285,46,0.5821,0.9994,False
Hindi,震卦-dynamic,ɡ,-0.277,17,0.607,0.9994,False
Hindi,震卦-dynamic,pʰ,-0.275,3,0.602,0.9994,False
Hindi,艮卦-dynamic,dʰ,0.274,8,0.7264,0.9994,False
Hindi,乾卦-dynamic,l,0.266,44,0.6517,0.9994,False
Hindi,離卦-static,i,-0.265,16,0.7363,0.9994,False
Hindi,坤卦-dynamic,t,0.264,41,0.6368,0.9994,False
Hindi,離卦-dynamic,ɟ,-0.264,11,0.7164,0.9994,False
Hindi,離卦-dynamic,bʰ,-0.261,5,0.6866,0.9994,False
Hindi,坤卦-dynamic,i,0.258,55,0.592,0.9994,False
Hindi,艮卦-dynamic,p,-0.258,17,0.6816,0.9994,False
Hindi,艮卦-dynamic,z,0.255,3,0.7363,0.9994,False
Hindi,中卦-static,ʋ,0.252,28,0.5622,0.9994,False
Hindi,中卦-static,ʊ,-0.251,24,0.6567,0.9994,False
Hindi,坤卦-dynamic,f,0.249,4,0.6169,0.9994,False
Hindi,中卦-static,b,-0.249,26,0.6219,0.9994,False
Hindi,兌卦-dynamic,cʰ,0.249,4,0.7264,0.9994,False
Hindi,艮卦-dynamic,kʰ,-0.245,6,0.7363,0.9994,False
Hindi,坤卦-dynamic,ə,0.241,105,0.6219,0.9994,False
Hindi,震卦-static,u,0.24,20,0.6617,0.9994,False
Hindi,乾卦-dynamic,u,0.238,17,0.6816,0.9994,False
Hindi,兌卦-dynamic,ẽ,-0.236,3,0.7214,0.9994,False
Hindi,坤卦-dynamic,ã,0.235,9,0.6766,0.9994,False
Hindi,坤卦-dynamic,pʰ,0.234,10,0.6567,0.9994,False
Hindi,中卦-static,ʈ,-0.228,26,0.597,0.9994,False
Hindi,離卦-dynamic,r,-0.228,7,0.7114,0.9994,False
Hindi,震卦-static,cʰ,-0.227,4,0.6468,0.9994,False
Hindi,震卦-static,ɡʰ,-0.225,5,0.6468,0.9994,False
Hindi,艮卦-dynamic,ʋ,0.224,15,0.7164,0.9994,False
Hindi,坤卦-dynamic,dʰ,-0.218,9,0.6368,0.9994,False
Hindi,艮卦-static,k,0.218,28,0.7264,0.9994,False
Hindi,中卦-static,e,0.218,35,0.6468,0.9994,False
Hindi,震卦-static,a,-0.217,121,0.7214,0.9994,False
Hindi,震卦-static,ə,0.217,102,0.6766,0.9994,False
Hindi,兌卦-dynamic,m,-0.205,22,0.7313,0.9994,False
Hindi,中卦-static,ʃ,0.198,16,0.7363,0.9994,False
Hindi,坤卦-dynamic,z,-0.192,3,0.7214,0.9994,False
Hindi,震卦-dynamic,ə,-0.192,51,0.7413,0.9994,False
Hindi,中卦-static,ɪ,-0.186,50,0.6866,0.9994,False
Hindi,震卦-static,ɟ,0.185,24,0.7313,0.9994,False
Hindi,中卦-static,z,0.154,5,0.7363,0.9994,False
Hindi,巽卦-static,ʈ,0.537,3,0.7463,0.9997,False
Hindi,巽卦-static,e,0.473,3,0.7512,0.9997,False
Hindi,離卦-static,e,0.303,13,0.7512,0.9997,False
Hindi,離卦-static,ɾ,0.246,37,0.7512,0.9997,False
Hindi,離卦-static,ʌ,-0.235,28,0.7512,0.9997,False
Hindi,巽卦-dynamic,n,0.616,5,0.7761,1.0,False
Hindi,巽卦-static,i,0.484,5,0.791,1.0,False
Hindi,兌卦-static,p,0.396,4,0.801,1.0,False
Hindi,巽卦-dynamic,l,0.363,3,0.8209,1.0,False
Hindi,坎卦-static,ɟ,-0.316,3,0.7562,1.0,False
Hindi,乾卦-static,ʌ,-0.31,14,0.7562,1.0,False
Hindi,坤卦-static,b,0.29,6,0.7711,1.0,False
Hindi,坎卦-static,m,-0.283,6,0.801,1.0,False
Hindi,巽卦-static,n,-0.28,5,0.8557,1.0,False
Hindi,坤卦-static,n,0.271,15,0.7612,1.0,False
Hindi,巽卦-dynamic,a,0.262,8,0.9005,1.0,False
Hindi,離卦-static,o,-0.244,9,0.801,1.0,False
Hindi,離卦-static,l,0.239,20,0.8259,1.0,False
Hindi,離卦-static,a,-0.231,47,0.7861,1.0,False
Hindi,巽卦-static,ɡ,0.228,3,0.9154,1.0,False
Hindi,離卦-dynamic,ɾ,0.216,57,0.806,1.0,False
Hindi,艮卦-dynamic,bʰ,0.213,7,0.7711,1.0,False
Hindi,兌卦-dynamic,ʋ,-0.209,12,0.7562,1.0,False
Hindi,離卦-dynamic,ə,-0.206,49,0.801,1.0,False
Hindi,坎卦-static,s,-0.205,8,0.8507,1.0,False
Hindi,乾卦-dynamic,s,0.202,45,0.7761,1.0,False
Hindi,艮卦-static,ə,0.198,42,0.7861,1.0,False
Hindi,艮卦-static,ɾ,-0.197,34,0.8557,1.0,False
Hindi,艮卦-dynamic,k,-0.197,34,0.7811,1.0,False
Hindi,坎卦-dynamic,i,-0.191,8,0.8706,1.0,False
Hindi,艮卦-dynamic,ʈ,0.188,18,0.8109,1.0,False
Hindi,震卦-dynamic,ɟ,-0.184,12,0.7811,1.0,False
Hindi,艮卦-static,t,0.178,16,0.806,1.0,False
Hindi,艮卦-dynamic,j,0.172,13,0.7811,1.0,False
Hindi,艮卦-dynamic,ʂ,0.172,4,0.7662,1.0,False
Hindi,離卦-dynamic,o,0.169,18,0.8259,1.0,False
Hindi,乾卦-dynamic,pʰ,-0.165,5,0.806,1.0,False
Hindi,離卦-dynamic,ʊ,-0.164,14,0.791,1.0,False
Hindi,離卦-static,ɛ,-0.156,3,0.8856,1.0,False
Hindi,坤卦-static,e,0.154,6,0.8657,1.0,False
Hindi,震卦-static,pʰ,-0.153,6,0.7761,1.0,False
Hindi,艮卦-dynamic,i,-0.152,26,0.8209,1.0,False
Hindi,兌卦-dynamic,ɳ,0.141,5,0.8259,1.0,False
Hindi,兌卦-dynamic,d,0.14,16,0.8706,1.0,False
Hindi,坎卦-dynamic,e,-0.139,5,0.8856,1.0,False
Hindi,兌卦-dynamic,ʂ,-0.136,3,0.8259,1.0,False
Hindi,離卦-dynamic,p,0.134,21,0.8756,1.0,False
Hindi,震卦-dynamic,t,-0.133,20,0.8507,1.0,False
Hindi,坎卦-static,o,0.132,5,0.9104,1.0,False
Hindi,乾卦-dynamic,ɳ,0.132,7,0.806,1.0,False
Hindi,坎卦-dynamic,k,-0.131,11,0.8955,1.0,False
Hindi,震卦-static,t,-0.129,32,0.7861,1.0,False
Hindi,震卦-static,k,-0.127,59,0.7711,1.0,False
Hindi,巽卦-static,s,-0.124,4,0.9204,1.0,False
Hindi,坤卦-dynamic,ɳ,-0.121,7,0.8259,1.0,False
Hindi,震卦-dynamic,b,-0.121,16,0.8507,1.0,False
Hindi,乾卦-static,o,-0.12,5,0.9005,1.0,False
Hindi,震卦-static,dʰ,0.117,12,0.8607,1.0,False
Hindi,乾卦-static,n,-0.116,13,0.9303,1.0,False
Hindi,坤卦-dynamic,m,-0.111,39,0.801,1.0,False
Hindi,坤卦-dynamic,ʃ,0.101,14,0.8159,1.0,False
Hindi,震卦-dynamic,ɾ,-0.1,53,0.8806,1.0,False
Hindi,乾卦-dynamic,cʰ,-0.1,4,0.8358,1.0,False
Hindi,坤卦-static,p,-0.096,6,0.9353,1.0,False
Hindi,坎卦-dynamic,s,-0.096,9,0.9104,1.0,False
Hindi,震卦-dynamic,ʊ,-0.094,15,0.8756,1.0,False
Hindi,離卦-dynamic,ŋ,0.094,4,0.8905,1.0,False
Hindi,坤卦-static,ʈ,-0.093,5,0.9453,1.0,False
Hindi,兌卦-dynamic,pʰ,-0.09,4,0.9104,1.0,False
Hindi,震卦-static,ɳ,0.089,8,0.8905,1.0,False
Hindi,坤卦-static,a,0.088,26,0.9055,1.0,False
Hindi,乾卦-dynamic,m,-0.088,33,0.8756,1.0,False
Hindi,中卦-static,ə,0.083,104,0.8756,1.0,False
Hindi,艮卦-dynamic,c,0.081,10,0.9204,1.0,False
Hindi,坤卦-dynamic,ẽ,-0.078,6,0.8905,1.0,False
Hindi,坎卦-static,ə,-0.078,15,0.9652,1.0,False
Hindi,坎卦-static,k,0.076,11,0.9254,1.0,False
Hindi,坤卦-dynamic,ɟ,-0.072,21,0.8308,1.0,False
Hindi,乾卦-dynamic,h,0.071,17,0.9055,1.0,False
Hindi,乾卦-dynamic,i,-0.071,39,0.9005,1.0,False
Hindi,兌卦-dynamic,ɔ,-0.067,4,0.9154,1.0,False
Hindi,坤卦-static,ɟ,-0.064,4,0.9602,1.0,False
Hindi,兌卦-dynamic,ɾ,0.063,54,0.9005,1.0,False
Hindi,坎卦-static,ʌ,-0.06,13,0.9701,1.0,False
Hindi,坤卦-static,ə,-0.059,17,0.9403,1.0,False
Hindi,離卦-dynamic,cʰ,-0.056,3,0.9751,1.0,False
Hindi,離卦-static,ɪ,0.055,20,0.9403,1.0,False
Hindi,離卦-static,r,-0.051,6,0.9552,1.0,False
Hindi,兌卦-dynamic,u,0.051,11,0.9353,1.0,False
Hindi,震卦-dynamic,r,0.05,11,0.9602,1.0,False
Hindi,坤卦-static,ɡ,-0.046,6,0.9502,1.0,False
Hindi,艮卦-static,n,-0.046,28,0.9453,1.0,False
Hindi,震卦-static,j,-0.046,19,0.9353,1.0,False
Hindi,兌卦-dynamic,e,-0.046,17,0.9652,1.0,False
Hindi,坤卦-static,r,-0.043,3,0.9801,1.0,False
Hindi,坎卦-static,r,0.043,3,0.9701,1.0,False
Hindi,兌卦-static,n,-0.043,7,0.9851,1.0,False
Hindi,坤卦-static,c,-0.041,3,0.9701,1.0,False
Hindi,坎卦-dynamic,ʈ,-0.039,5,0.9751,1.0,False
Hindi,中卦-static,ĩ,-0.039,4,0.9502,1.0,False
Hindi,中卦-static,ɳ,-0.037,8,0.9403,1.0,False
Hindi,震卦-dynamic,a,-0.033,81,0.9502,1.0,False
Hindi,震卦-static,z,0.031,4,0.9602,1.0,False
Hindi,離卦-static,ɳ,0.03,3,0.9851,1.0,False
Hindi,中卦-static,p,0.027,36,0.9502,1.0,False
Hindi,離卦-dynamic,k,0.022,38,0.9602,1.0,False
Hindi,乾卦-dynamic,ʂ,0.022,5,0.9801,1.0,False
Hindi,艮卦-static,h,0.021,8,0.9801,1.0,False
Hindi,艮卦-static,ɡʰ,-0.021,3,0.9751,1.0,False
Hindi,艮卦-dynamic,r,0.017,10,0.9751,1.0,False
Hindi,坤卦-static,l,-0.015,9,0.9851,1.0,False
Hindi,兌卦-static,ʌ,0.013,8,0.995,1.0,False
Hindi,震卦-static,kʰ,-0.009,12,0.99,1.0,False
Hindi,震卦-static,h,0.005,19,1.0,1.0,False
Hindi,乾卦-dynamic,r,-0.001,14,1.0,1.0,False
Hungarian,乾卦-static,ɲ,3.504,14,0.005,0.2849,False
Hungarian,兌卦-static,t͡ʃ,3.183,8,0.005,0.2849,False
Hungarian,坤卦-static,d,3.088,11,0.005,0.2849,False
Hungarian,離卦-static,p,2.894,32,0.005,0.2849,False
Hungarian,離卦-dynamic,z,2.445,35,0.005,0.2849,False
Hungarian,乾卦-dynamic,v,2.236,28,0.005,0.2849,False
Hungarian,震卦-static,ɑ,2.175,137,0.005,0.2849,False
Hungarian,震卦-dynamic,m,2.108,42,0.005,0.2849,False
Hungarian,坤卦-dynamic,u,1.747,39,0.005,0.2849,False
Hungarian,中卦-static,r,-1.657,61,0.005,0.2849,False
Hungarian,坤卦-static,h,2.774,11,0.01,0.4179,False
Hungarian,坤卦-dynamic,ʒ,2.446,6,0.01,0.4179,False
Hungarian,兌卦-dynamic,r,-2.181,29,0.01,0.4179,False
Hungarian,艮卦-static,k,1.626,44,0.01,0.4179,False
Hungarian,艮卦-static,f,2.059,16,0.0149,0.5531,False
Hungarian,兌卦-dynamic,i,2.017,93,0.0149,0.5531,False
Hungarian,震卦-dynamic,u,1.876,24,0.0199,0.597,False
Hungarian,震卦-static,b,1.64,47,0.0199,0.597,False
Hungarian,坤卦-dynamic,ɡ,1.593,60,0.0199,0.597,False
Hungarian,震卦-static,v,-1.261,13,0.0199,0.597,False
Hungarian,坎卦-dynamic,ʎ,3.119,3,0.0249,0.6814,False
Hungarian,震卦-static,ʃ,-1.352,22,0.0249,0.6814,False
Hungarian,巽卦-static,ʃ,2.539,19,0.0299,0.6965,False
Hungarian,離卦-static,v,-1.583,5,0.0299,0.6965,False
Hungarian,震卦-static,ɟ,1.264,19,0.0299,0.6965,False
Hungarian,中卦-static,n,1.229,109,0.0299,0.6965,False
Hungarian,兌卦-static,j,2.798,7,0.0348,0.7566,False
Hungarian,艮卦-static,ø,1.647,27,0.0348,0.7566,False
Hungarian,中卦-dynamic,t,3.149,12,0.0597,0.801,False
Hungarian,巽卦-static,ø,2.485,12,0.0448,0.801,False
Hungarian,乾卦-static,y,2.311,7,0.0796,0.801,False
Hungarian,巽卦-static,r,2.23,20,0.0398,0.801,False
Hungarian,乾卦-static,ɛ,2.143,27,0.0995,0.801,False
Hungarian,坤卦-static,ɡ,2.131,11,0.0547,0.801,False
Hungarian,巽卦-static,ɟ,2.125,4,0.0597,0.801,False
Hungarian,兌卦-static,k,2.072,14,0.1144,0.801,False
Hungarian,坎卦-static,f,2.048,7,0.0945,0.801,False
Hungarian,乾卦-static,m,2.015,11,0.1095,0.801,False
Hungarian,坎卦-static,b,1.934,10,0.0697,0.801,False
Hungarian,坤卦-static,e,1.924,15,0.0796,0.801,False
Hungarian,乾卦-static,t͡ʃ,1.879,7,0.1095,0.801,False
Hungarian,離卦-static,k,1.798,52,0.0448,0.801,False
Hungarian,坤卦-static,y,1.746,6,0.1144,0.801,False
Hungarian,坎卦-dynamic,a,1.743,27,0.0597,0.801,False
Hungarian,乾卦-dynamic,u,1.684,22,0.0398,0.801,False
Hungarian,坎卦-dynamic,s,-1.556,7,0.0647,0.801,False
Hungarian,艮卦-static,ɟ,1.44,9,0.0547,0.801,False
Hungarian,坎卦-dynamic,v,1.408,14,0.0945,0.801,False
Hungarian,離卦-static,t͡s,1.397,7,0.0896,0.801,False
Hungarian,離卦-dynamic,n,1.394,66,0.0896,0.801,False
Hungarian,乾卦-dynamic,ɑ,1.328,69,0.0746,0.801,False
Hungarian,離卦-static,ɛ,-1.311,40,0.0896,0.801,False
Hungarian,震卦-dynamic,l,1.293,69,0.0846,0.801,False
Hungarian,兌卦-dynamic,l,1.278,90,0.0597,0.801,False
Hungarian,艮卦-dynamic,s,1.272,38,0.0498,0.801,False
Hungarian,乾卦-dynamic,ɛ,-1.257,47,0.0945,0.801,False
Hungarian,艮卦-static,l,1.255,50,0.1095,0.801,False
Hungarian,乾卦-dynamic,r,1.216,60,0.1045,0.801,False
Hungarian,艮卦-dynamic,c,1.195,3,0.1144,0.801,False
Hungarian,震卦-dynamic,j,1.18,20,0.0697,0.801,False
Hungarian,離卦-dynamic,ɟ,-1.179,3,0.0846,0.801,False
Hungarian,離卦-dynamic,k,-1.172,27,0.0945,0.801,False
Hungarian,震卦-static,j,1.132,32,0.0796,0.801,False
Hungarian,兌卦-dynamic,n,1.096,64,0.1144,0.801,False
Hungarian,坤卦-dynamic,s,-1.044,25,0.0896,0.801,False
Hungarian,離卦-dynamic,u,-1.04,9,0.1095,0.801,False
Hungarian,中卦-static,ɟ,1.015,23,0.0846,0.801,False
Hungarian,艮卦-dynamic,l,1.012,88,0.1095,0.801,False
Hungarian,中卦-static,f,-1.01,16,0.0697,0.801,False
Hungarian,中卦-static,a,-0.996,39,0.0547,0.801,False
Hungarian,坤卦-dynamic,i,-0.993,41,0.0697,0.801,False
Hungarian,震卦-static,m,0.992,52,0.0945,0.801,False
Hungarian,中卦-static,b,-0.99,16,0.0796,0.801,False
Hungarian,中卦-static,ʃ,0.987,103,0.0498,0.801,False
Hungarian,中卦-static,z,0.962,40,0.0846,0.801,False
Hungarian,中卦-static,j,-0.88,7,0.0746,0.801,False
Hungarian,坤卦-dynamic,v,0.871,35,0.1095,0.801,False
Hungarian,震卦-static,i,-0.871,43,0.1045,0.801,False
Hungarian,中卦-static,ʒ,0.84,4,0.0995,0.801,False
Hungarian,中卦-static,m,0.814,65,0.0896,0.801,False
Hungarian,中卦-static,y,-0.784,11,0.0995,0.801,False
Hungarian,艮卦-static,s,1.197,20,0.1194,0.8089,False
Hungarian,艮卦-dynamic,m,-0.985,19,0.1194,0.8089,False
Hungarian,坤卦-dynamic,z,-0.831,12,0.1194,0.8089,False
Hungarian,兌卦-dynamic,b,-1.06,9,0.1244,0.8248,False
Hungarian,中卦-static,t,0.748,129,0.1294,0.8489,False
Hungarian,震卦-static,n,-0.877,36,0.1343,0.8548,False
Hungarian,巽卦-static,o,1.537,19,0.1493,0.8955,False
Hungarian,艮卦-dynamic,b,-0.917,11,0.1493,0.8955,False
Hungarian,兌卦-dynamic,k,-0.858,34,0.1493,0.8955,False
Hungarian,兌卦-static,o,1.855,16,0.1542,0.9031,False
Hungarian,坎卦-dynamic,m,-1.185,7,0.1692,0.9031,False
Hungarian,乾卦-dynamic,h,1.054,23,0.1692,0.9031,False
Hungarian,震卦-dynamic,ɛ,1.032,84,0.1592,0.9031,False
Hungarian,離卦-dynamic,d,1.024,31,0.1592,0.9031,False
Hungarian,乾卦-dynamic,k,-1.006,23,0.1642,0.9031,False
Hungarian,乾卦-dynamic,ɟ,-0.99,3,0.1692,0.9031,False
Hungarian,兌卦-dynamic,v,0.956,28,0.1642,0.9031,False
Hungarian,坤卦-dynamic,t͡ʃ,-0.843,3,0.1592,0.9031,False
Hungarian,坤卦-dynamic,ɛ,0.766,134,0.1642,0.9031,False
Hungarian,坤卦-dynamic,y,-0.747,9,0.1692,0.9031,False
Hungarian,震卦-static,o,0.7,94,0.1592,0.9031,False
Hungarian,坤卦-dynamic,h,0.684,34,0.1692,0.9031,False
Hungarian,艮卦-static,z,-1.095,4,0.1741,0.9066,False
Hungarian,離卦-dynamic,s,1.041,33,0.1741,0.9066,False
Hungarian,震卦-static,k,0.772,79,0.1741,0.9066,False
Hungarian,艮卦-static,v,1.036,16,0.1791,0.9092,False
Hungarian,震卦-dynamic,y,-0.948,4,0.1891,0.9092,False
Hungarian,乾卦-dynamic,y,-0.924,4,0.1791,0.9092,False
Hungarian,離卦-dynamic,f,-0.887,10,0.1891,0.9092,False
Hungarian,艮卦-dynamic,i,0.825,72,0.1891,0.9092,False
Hungarian,坤卦-dynamic,f,-0.69,15,0.1841,0.9092,False
Hungarian,震卦-static,h,-0.684,11,0.1841,0.9092,False
Hungarian,中卦-dynamic,n,2.352,8,0.2338,0.911,False
Hungarian,中卦-dynamic,i,2.222,9,0.2189,0.911,False
Hungarian,乾卦-static,n,-1.672,3,0.2189,0.911,False
Hungarian,兌卦-static,h,1.506,6,0.2935,0.911,False
Hungarian,坤卦-static,l,-1.482,6,0.204,0.911,False
Hungarian,巽卦-static,l,-1.482,6,0.2239,0.911,False
Hungarian,坎卦-static,l,1.454,23,0.2886,0.911,False
Hungarian,兌卦-static,f,1.434,4,0.2736,0.911,False
Hungarian,乾卦-static,ɡ,1.374,9,0.2587,0.911,False
Hungarian,坤卦-static,i,-1.37,5,0.2786,0.911,False
Hungarian,坤卦-static,ɑ,-1.349,9,0.2289,0.911,False
Hungarian,巽卦-static,t,-1.344,7,0.2139,0.911,False
Hungarian,巽卦-static,b,1.304,7,0.2886,0.911,False
Hungarian,坤卦-static,m,-1.283,3,0.2935,0.911,False
Hungarian,坎卦-static,a,-1.242,5,0.2537,0.911,False
Hungarian,坎卦-dynamic,d,1.15,15,0.2239,0.911,False
Hungarian,坎卦-dynamic,u,-1.097,4,0.2139,0.911,False
Hungarian,坎卦-dynamic,z,1.017,11,0.2736,0.911,False
Hungarian,艮卦-static,n,-0.99,15,0.2239,0.911,False
Hungarian,離卦-static,l,-0.952,26,0.2139,0.911,False
Hungarian,艮卦-static,d,-0.939,7,0.209,0.911,False
Hungarian,艮卦-static,r,-0.937,27,0.2537,0.911,False
Hungarian,乾卦-dynamic,ɡ,-0.937,11,0.2239,0.911,False
Hungarian,離卦-static,ɑ,0.931,55,0.209,0.911,False
Hungarian,離卦-static,r,0.918,49,0.2189,0.911,False
Hungarian,艮卦-static,ɲ,0.904,16,0.2687,0.911,False
Hungarian,離卦-dynamic,i,0.9,67,0.2438,0.911,False
Hungarian,艮卦-static,b,-0.896,6,0.2289,0.911,False
Hungarian,坎卦-dynamic,t͡s,0.883,4,0.2239,0.911,False
Hungarian,艮卦-dynamic,ɛ,-0.874,75,0.194,0.911,False
Hungarian,離卦-static,o,0.861,50,0.2836,0.911,False
Hungarian,震卦-dynamic,s,-0.847,16,0.2587,0.911,False
Hungarian,艮卦-static,h,-0.813,4,0.2687,0.911,False
Hungarian,艮卦-static,i,-0.806,20,0.2886,0.911,False
Hungarian,震卦-dynamic,o,-0.8,34,0.2239,0.911,False
Hungarian,震卦-dynamic,b,-0.798,9,0.2637,0.911,False
Hungarian,離卦-dynamic,h,-0.798,7,0.2488,0.911,False
Hungarian,艮卦-dynamic,a,0.777,50,0.2388,0.911,False
Hungarian,艮卦-dynamic,t͡s,0.775,9,0.2239,0.911,False
Hungarian,艮卦-dynamic,ɲ,-0.775,3,0.199,0.911,False
Hungarian,兌卦-dynamic,ø,-0.772,19,0.2438,0.911,False
Hungarian,震卦-dynamic,v,-0.76,11,0.2736,0.911,False
Hungarian,震卦-dynamic,ɟ,-0.757,4,0.2935,0.911,False
Hungarian,兌卦-dynamic,y,-0.75,7,0.2537,0.911,False
Hungarian,震卦-static,e,-0.7,32,0.194,0.911,False
Hungarian,乾卦-dynamic,e,-0.688,19,0.2935,0.911,False
Hungarian,中卦-static,h,-0.66,15,0.2537,0.911,False
Hungarian,艮卦-dynamic,ɟ,-0.656,6,0.2935,0.911,False
Hungarian,艮卦-dynamic,e,-0.639,28,0.2935,0.911,False
Hungarian,震卦-static,s,-0.639,28,0.2289,0.911,False
Hungarian,坤卦-dynamic,o,0.603,94,0.2886,0.911,False
Hungarian,中卦-static,ø,-0.581,35,0.2637,0.911,False
Hungarian,中卦-static,i,0.552,104,0.2388,0.911,False
Hungarian,坤卦-dynamic,l,-0.54,64,0.2687,0.911,False
Hungarian,中卦-static,l,-0.515,83,0.2687,0.911,False
Hungarian,中卦-static,e,0.507,78,0.2687,0.911,False
Hungarian,中卦-static,t͡s,-0.502,6,0.2886,0.911,False
Hungarian,艮卦-static,y,0.874,12,0.2985,0.9174,False
Hungarian,兌卦-dynamic,e,-0.626,27,0.2985,0.9174,False
Hungarian,中卦-dynamic,e,2.06,7,0.3333,0.9209,False
Hungarian,巽卦-dynamic,p,1.764,4,0.3035,0.9209,False
Hungarian,巽卦-dynamic,ɛ,-1.642,6,0.403,0.9209,False
Hungarian,巽卦-dynamic,b,1.625,4,0.3483,0.9209,False
Hungarian,中卦-dynamic,l,1.604,9,0.4627,0.9209,False
Hungarian,巽卦-dynamic,e,1.513,7,0.3234,0.9209,False
Hungarian,中卦-dynamic,ɛ,1.471,11,0.4627,0.9209,False
Hungarian,巽卦-dynamic,s,1.437,4,0.4527,0.9209,False
Hungarian,乾卦-static,o,-1.296,7,0.3134,0.9209,False
Hungarian,坤卦-static,a,1.205,11,0.3134,0.9209,False
Hungarian,兌卦-static,t,-1.2,6,0.4179,0.9209,False
Hungarian,巽卦-static,y,1.199,5,0.3184,0.9209,False
Hungarian,巽卦-dynamic,k,-1.183,3,0.5124,0.9209,False
Hungarian,坎卦-static,i,-1.163,7,0.3234,0.9209,False
Hungarian,巽卦-dynamic,ʃ,1.142,7,0.4876,0.9209,False
Hungarian,巽卦-static,i,-1.129,6,0.3682,0.9209,False
Hungarian,巽卦-static,n,-1.129,5,0.3781,0.9209,False
Hungarian,坤卦-static,t,-1.115,8,0.3234,0.9209,False
Hungarian,乾卦-static,k,-1.114,6,0.408,0.9209,False
Hungarian,乾卦-static,t,-1.106,8,0.5174,0.9209,False
Hungarian,巽卦-static,ɛ,-1.047,14,0.403,0.9209,False
Hungarian,乾卦-static,ʃ,1.037,13,0.4478,0.9209,False
Hungarian,坎卦-static,z,0.978,6,0.4478,0.9209,False
Hungarian,巽卦-static,s,0.966,7,0.408,0.9209,False
Hungarian,巽卦-static,ɡ,-0.966,3,0.4328,0.9209,False
Hungarian,巽卦-static,ɲ,0.943,6,0.398,0.9209,False
Hungarian,巽卦-static,u,0.94,5,0.4726,0.9209,False
Hungarian,坎卦-dynamic,ɟ,0.921,6,0.3632,0.9209,False
Hungarian,巽卦-dynamic,n,-0.917,3,0.5224,0.9209,False
Hungarian,巽卦-static,h,0.892,6,0.4279,0.9209,False
Hungarian,坎卦-dynamic,ɡ,-0.873,7,0.3234,0.9209,False
Hungarian,坎卦-static,ɡ,-0.831,4,0.5124,0.9209,False
Hungarian,坎卦-static,o,0.805,19,0.5373,0.9209,False
Hungarian,坎卦-dynamic,ɑ,-0.8,24,0.3682,0.9209,False
Hungarian,乾卦-dynamic,a,0.768,35,0.3085,0.9209,False
Hungarian,離卦-dynamic,t,0.758,75,0.3284,0.9209,False
Hungarian,坎卦-dynamic,k,-0.742,16,0.4279,0.9209,False
Hungarian,艮卦-static,j,0.738,12,0.3284,0.9209,False
Hungarian,坤卦-static,v,-0.732,3,0.4876,0.9209,False
Hungarian,震卦-dynamic,a,0.727,36,0.3632,0.9209,False
Hungarian,坎卦-dynamic,f,0.706,9,0.393,0.9209,False
Hungarian,艮卦-static,o,-0.701,26,0.3582,0.9209,False
Hungarian,兌卦-dynamic,o,-0.678,47,0.3035,0.9209,False
Hungarian,兌卦-dynamic,p,-0.664,10,0.3532,0.9209,False
Hungarian,離卦-dynamic,l,-0.663,45,0.3532,0.9209,False
Hungarian,乾卦-dynamic,z,0.656,16,0.3433,0.9209,False
Hungarian,坎卦-dynamic,ø,0.639,16,0.4627,0.9209,False
Hungarian,震卦-dynamic,ʃ,-0.637,24,0.3532,0.9209,False
Hungarian,離卦-static,z,-0.634,7,0.393,0.9209,False
Hungarian,離卦-dynamic,t͡s,-0.631,3,0.3682,0.9209,False
Hungarian,離卦-dynamic,ɡ,0.625,33,0.403,0.9209,False
Hungarian,離卦-dynamic,ø,-0.607,20,0.4428,0.9209,False
Hungarian,離卦-dynamic,r,-0.599,51,0.4328,0.9209,False
Hungarian,坤卦-dynamic,b,0.591,34,0.3483,0.9209,False
Hungarian,震卦-dynamic,t͡s,0.581,6,0.398,0.9209,False
Hungarian,離卦-static,e,0.578,31,0.4677,0.9209,False
Hungarian,離卦-dynamic,ɛ,0.577,96,0.3881,0.9209,False
Hungarian,兌卦-dynamic,u,-0.569,13,0.3781,0.9209,False
Hungarian,乾卦-dynamic,n,0.562,40,0.4726,0.9209,False
Hungarian,兌卦-dynamic,z,0.561,21,0.408,0.9209,False
Hungarian,兌卦-dynamic,ʃ,-0.555,33,0.4328,0.9209,False
Hungarian,離卦-static,ʃ,-0.552,21,0.4179,0.9209,False
Hungarian,艮卦-static,a,0.551,25,0.5075,0.9209,False
Hungarian,離卦-static,f,-0.548,8,0.5274,0.9209,False
Hungarian,震卦-static,y,-0.545,11,0.3582,0.9209,False
Hungarian,離卦-static,a,-0.543,19,0.5124,0.9209,False
Hungarian,離卦-static,ɟ,-0.543,4,0.4229,0.9209,False
Hungarian,艮卦-static,ɑ,-0.538,33,0.4876,0.9209,False
Hungarian,兌卦-dynamic,s,0.537,31,0.4428,0.9209,False
Hungarian,震卦-static,ɛ,-0.531,98,0.3582,0.9209,False
Hungarian,離卦-dynamic,b,-0.523,14,0.4975,0.9209,False
Hungarian,離卦-static,h,-0.515,7,0.4677,0.9209,False
Hungarian,震卦-static,z,-0.512,15,0.4378,0.9209,False
Hungarian,乾卦-dynamic,j,-0.512,6,0.5423,0.9209,False
Hungarian,震卦-static,p,0.505,29,0.3234,0.9209,False
Hungarian,離卦-static,t,-0.505,33,0.4478,0.9209,False
Hungarian,離卦-dynamic,t͡ʃ,-0.505,6,0.5423,0.9209,False
Hungarian,兌卦-dynamic,ɲ,-0.505,7,0.4279,0.9209,False
Hungarian,乾卦-dynamic,f,0.505,14,0.4527,0.9209,False
Hungarian,震卦-dynamic,ø,-0.504,17,0.4627,0.9209,False
Hungarian,坤卦-dynamic,a,-0.502,39,0.3085,0.9209,False
Hungarian,艮卦-static,ʃ,-0.502,19,0.5323,0.9209,False
Hungarian,兌卦-dynamic,f,0.494,19,0.4527,0.9209,False
Hungarian,離卦-dynamic,e,-0.493,28,0.5124,0.9209,False
Hungarian,震卦-dynamic,t,-0.485,40,0.4776,0.9209,False
Hungarian,震卦-dynamic,t͡ʃ,-0.485,5,0.4129,0.9209,False
Hungarian,坤卦-dynamic,j,-0.473,11,0.3831,0.9209,False
Hungarian,離卦-static,d,-0.471,11,0.5224,0.9209,False
Hungarian,離卦-dynamic,ʃ,-0.469,33,0.5373,0.9209,False
Hungarian,震卦-dynamic,e,-0.455,23,0.4726,0.9209,False
Hungarian,艮卦-dynamic,z,0.451,21,0.4975,0.9209,False
Hungarian,乾卦-dynamic,m,-0.451,18,0.5124,0.9209,False
Hungarian,艮卦-dynamic,ɑ,0.445,81,0.4826,0.9209,False
Hungarian,坤卦-dynamic,ɑ,0.436,99,0.4428,0.9209,False
Hungarian,坤卦-dynamic,r,0.427,89,0.4627,0.9209,False
Hungarian,艮卦-dynamic,ø,0.421,35,0.5224,0.9209,False
Hungarian,震卦-static,ɡ,0.42,40,0.4677,0.9209,False
Hungarian,震卦-static,t͡s,0.417,9,0.4826,0.9209,False
Hungarian,兌卦-dynamic,j,0.411,18,0.5224,0.9209,False
Hungarian,艮卦-dynamic,h,-0.406,13,0.5323,0.9209,False
Hungarian,艮卦-dynamic,v,-0.405,18,0.5224,0.9209,False
Hungarian,離卦-dynamic,ɑ,0.403,73,0.5323,0.9209,False
Hungarian,離卦-static,ø,-0.392,15,0.5423,0.9209,False
Hungarian,艮卦-dynamic,ʃ,-0.381,38,0.4876,0.9209,False
Hungarian,坤卦-dynamic,k,-0.362,55,0.4925,0.9209,False
Hungarian,兌卦-dynamic,t͡s,0.361,7,0.5323,0.9209,False
Hungarian,中卦-static,o,-0.359,88,0.4677,0.9209,False
Hungarian,兌卦-dynamic,h,0.333,22,0.5373,0.9209,False
Hungarian,中卦-static,t͡ʃ,-0.316,14,0.5373,0.9209,False
Hungarian,中卦-static,ɑ,0.308,123,0.4776,0.9209,False
Hungarian,中卦-static,u,-0.274,25,0.5224,0.9209,False
Hungarian,中卦-static,v,-0.272,30,0.5473,0.9219,False
Hungarian,艮卦-static,ɛ,-0.434,45,0.5522,0.9278,False
Hungarian,坎卦-static,r,0.683,18,0.5572,0.9312,False
Hungarian,乾卦-dynamic,d,-0.431,13,0.5572,0.9312,False
Hungarian,震卦-dynamic,k,-0.42,32,0.5622,0.9345,False
Hungarian,震卦-dynamic,ɡ,-0.36,17,0.5622,0.9345,False
Hungarian,艮卦-dynamic,j,0.337,18,0.5672,0.9378,False
Hungarian,艮卦-static,e,-0.437,17,0.5721,0.9411,False
Hungarian,乾卦-static,d,-0.727,3,0.5871,0.9419,False
Hungarian,乾卦-static,v,-0.723,3,0.592,0.9419,False
Hungarian,坎卦-dynamic,o,0.546,32,0.5771,0.9419,False
Hungarian,坎卦-dynamic,ʃ,0.543,24,0.5871,0.9419,False
Hungarian,坎卦-dynamic,h,-0.494,5,0.5821,0.9419,False
Hungarian,離卦-static,s,-0.481,15,0.5771,0.9419,False
Hungarian,震卦-dynamic,ɑ,0.433,59,0.592,0.9419,False
Hungarian,乾卦-dynamic,l,-0.397,39,0.592,0.9419,False
Hungarian,離卦-static,ɡ,-0.378,14,0.592,0.9419,False
Hungarian,中卦-static,ɛ,0.316,157,0.592,0.9419,False
Hungarian,震卦-static,t͡ʃ,-0.291,11,0.5821,0.9419,False
Hungarian,坎卦-static,ɛ,0.637,25,0.602,0.9434,False
Hungarian,坤卦-static,n,-0.582,7,0.597,0.9434,False
Hungarian,離卦-static,n,0.418,33,0.602,0.9434,False
Hungarian,震卦-static,ø,-0.289,31,0.602,0.9434,False
Hungarian,震卦-static,d,-0.281,24,0.597,0.9434,False
Hungarian,乾卦-dynamic,b,-0.369,12,0.607,0.9465,False
Hungarian,坎卦-dynamic,e,-0.498,13,0.6119,0.9472,False
Hungarian,艮卦-dynamic,o,-0.314,57,0.6119,0.9472,False
Hungarian,兌卦-static,ʃ,-0.659,5,0.6169,0.9486,False
Hungarian,離卦-dynamic,o,-0.36,51,0.6219,0.9486,False
Hungarian,艮卦-dynamic,u,0.244,20,0.6219,0.9486,False
Hungarian,坎卦-static,m,0.575,9,0.6269,0.9493,False
Hungarian,坤卦-static,k,0.501,12,0.6269,0.9493,False
Hungarian,坤卦-static,ø,0.475,7,0.6269,0.9493,False
Hungarian,坤卦-dynamic,d,0.282,32,0.6318,0.95,False
Hungarian,中卦-static,ɡ,0.242,49,0.6318,0.95,False
Hungarian,中卦-static,p,-0.203,25,0.6318,0.95,False
Hungarian,坤卦-static,ʃ,0.515,11,0.6368,0.953,False
Hungarian,兌卦-dynamic,ɡ,-0.301,23,0.6368,0.953,False
Hungarian,巽卦-dynamic,r,0.786,8,0.6567,0.9573,False
Hungarian,坎卦-static,p,0.614,6,0.6567,0.9573,False
Hungarian,乾卦-static,a,-0.581,6,0.6716,0.9573,False
Hungarian,巽卦-static,a,0.486,9,0.6517,0.9573,False
Hungarian,坎卦-dynamic,ɛ,-0.4,36,0.6667,0.9573,False
Hungarian,乾卦-dynamic,s,-0.355,18,0.6468,0.9573,False
Hungarian,乾卦-dynamic,t͡ʃ,-0.346,6,0.6667,0.9573,False
Hungarian,兌卦-dynamic,t͡ʃ,0.321,16,0.6517,0.9573,False
Hungarian,乾卦-dynamic,t͡s,0.313,5,0.6617,0.9573,False
Hungarian,離卦-static,y,-0.299,7,0.6716,0.9573,False
Hungarian,艮卦-dynamic,y,0.289,17,0.6468,0.9573,False
Hungarian,兌卦-dynamic,a,0.275,41,0.6716,0.9573,False
Hungarian,中卦-static,d,-0.258,32,0.6667,0.9573,False
Hungarian,坤卦-dynamic,ɟ,-0.238,10,0.6716,0.9573,False
Hungarian,坤卦-dynamic,p,-0.237,19,0.6468,0.9573,False
Hungarian,坤卦-dynamic,n,-0.218,52,0.6716,0.9573,False
Hungarian,中卦-static,ɲ,0.189,29,0.6567,0.9573,False
Hungarian,巽卦-dynamic,ø,0.757,4,0.6816,0.9628,False
Hungarian,巽卦-dynamic,a,0.711,5,0.6816,0.9628,False
Hungarian,巽卦-dynamic,l,-0.679,5,0.7065,0.9655,False
Hungarian,兌卦-static,s,0.536,5,0.7065,0.9655,False
Hungarian,巽卦-static,v,0.498,5,0.7065,0.9655,False
Hungarian,兌卦-static,r,-0.456,9,0.7015,0.9655,False
Hungarian,兌卦-static,n,-0.41,6,0.6965,0.9655,False
Hungarian,坎卦-dynamic,p,-0.352,6,0.6965,0.9655,False
Hungarian,兌卦-dynamic,t,0.298,69,0.7065,0.9655,False
Hungarian,震卦-dynamic,d,0.271,19,0.7065,0.9655,False
Hungarian,震卦-static,ɲ,-0.23,14,0.6915,0.9655,False
Hungarian,震卦-static,r,-0.227,74,0.7065,0.9655,False
Hungarian,震卦-static,a,0.209,50,0.7065,0.9655,False
Hungarian,中卦-static,k,0.195,87,0.6866,0.9655,False
Hungarian,震卦-static,t,0.221,84,0.7114,0.9701,False
Hungarian,兌卦-static,l,-0.558,8,0.7164,0.9727,False
Hungarian,艮卦-dynamic,ɡ,0.227,31,0.7164,0.9727,False
Hungarian,兌卦-static,y,0.551,3,0.7214,0.9732,False
Hungarian,離卦-static,m,0.265,21,0.7214,0.9732,False
Hungarian,坤卦-dynamic,t͡s,-0.236,6,0.7214,0.9732,False
Hungarian,巽卦-dynamic,t,0.584,8,0.7413,0.975,False
Hungarian,兌卦-static,ɛ,0.494,16,0.7363,0.975,False
Hungarian,坎卦-static,k,0.427,14,0.7363,0.975,False
Hungarian,坤卦-static,b,0.386,5,0.7363,0.975,False
Hungarian,離卦-static,b,0.315,15,0.7413,0.975,False
Hungarian,坎卦-dynamic,r,0.311,30,0.7363,0.975,False
Hungarian,乾卦-dynamic,t,-0.257,42,0.7363,0.975,False
Hungarian,離卦-dynamic,p,-0.249,14,0.7264,0.975,False
Hungarian,震卦-static,l,-0.224,71,0.7264,0.975,False
Hungarian,坤卦-dynamic,ʃ,-0.201,51,0.7413,0.975,False
Hungarian,離卦-dynamic,m,-0.217,26,0.7463,0.9795,False
Hungarian,離卦-static,t͡ʃ,-0.238,6,0.7512,0.9819,False
Hungarian,巽卦-dynamic,ɑ,-0.685,6,0.7562,0.9823,False
Hungarian,坤卦-static,s,0.295,6,0.7562,0.9823,False
Hungarian,艮卦-dynamic,t,-0.204,61,0.7562,0.9823,False
Hungarian,兌卦-static,i,-0.432,7,0.7662,0.9891,False
Hungarian,艮卦-static,m,-0.256,15,0.7662,0.9891,False
Hungarian,兌卦-dynamic,d,0.185,24,0.7662,0.9891,False
Hungarian,離卦-dynamic,a,0.195,38,0.7711,0.9935,False
Hungarian,艮卦-static,ɡ,-0.28,13,0.7761,0.9938,False
Hungarian,震卦-static,u,0.154,23,0.7761,0.9938,False
Hungarian,坎卦-static,ø,0.354,8,0.7861,0.9947,False
Hungarian,巽卦-static,ɑ,-0.308,13,0.791,0.9947,False
Hungarian,坎卦-dynamic,b,-0.208,8,0.791,0.9947,False
Hungarian,兌卦-dynamic,ɟ,-0.199,8,0.791,0.9947,False
Hungarian,離卦-static,i,-0.165,31,0.791,0.9947,False
Hungarian,坤卦-dynamic,m,-0.15,36,0.7861,0.9947,False
Hungarian,中卦-dynamic,r,-0.572,5,0.8209,0.9959,False
Hungarian,中卦-dynamic,ʃ,0.534,5,0.8209,0.9959,False
Hungarian,乾卦-static,l,-0.363,11,0.8209,0.9959,False
Hungarian,乾卦-static,s,-0.359,5,0.806,0.9959,False
Hungarian,中卦-dynamic,k,-0.348,4,0.8955,0.9959,False
Hungarian,兌卦-static,ɡ,0.334,5,0.8458,0.9959,False
Hungarian,坎卦-static,t,0.316,17,0.806,0.9959,False
Hungarian,坎卦-dynamic,y,-0.269,5,0.8109,0.9959,False
Hungarian,坎卦-dynamic,t,0.236,30,0.806,0.9959,False
Hungarian,坎卦-static,d,0.233,6,0.8657,0.9959,False
Hungarian,兌卦-static,v,-0.231,3,0.8607,0.9959,False
Hungarian,坎卦-dynamic,ɲ,-0.227,5,0.8259,0.9959,False
Hungarian,巽卦-dynamic,o,-0.227,6,0.9104,0.9959,False
Hungarian,坎卦-dynamic,j,-0.22,5,0.8259,0.9959,False
Hungarian,震卦-dynamic,n,-0.219,31,0.796,0.9959,False
Hungarian,中卦-dynamic,m,0.21,3,0.9602,0.9959,False
Hungarian,坎卦-static,n,-0.206,10,0.8657,0.9959,False
Hungarian,巽卦-dynamic,i,0.206,6,0.9055,0.9959,False
Hungarian,離卦-dynamic,v,0.206,21,0.801,0.9959,False
Hungarian,乾卦-static,f,-0.206,3,0.8806,0.9959,False
Hungarian,坎卦-static,ɑ,-0.204,16,0.8607,0.9959,False
Hungarian,坎卦-static,s,0.203,7,0.8856,0.9959,False
Hungarian,乾卦-static,z,-0.194,3,0.9254,0.9959,False
Hungarian,乾卦-dynamic,i,0.184,41,0.8259,0.9959,False
Hungarian,巽卦-static,p,0.173,4,0.9552,0.9959,False
Hungarian,兌卦-static,u,0.173,3,0.9254,0.9959,False
Hungarian,艮卦-static,u,-0.157,9,0.8657,0.9959,False
Hungarian,兌卦-static,b,-0.157,3,0.9403,0.9959,False
Hungarian,震卦-dynamic,h,-0.153,12,0.806,0.9959,False
Hungarian,乾卦-dynamic,o,0.149,47,0.8358,0.9959,False
Hungarian,乾卦-dynamic,ʃ,-0.146,30,0.8458,0.9959,False
Hungarian,艮卦-dynamic,k,-0.145,49,0.8408,0.9959,False
Hungarian,艮卦-dynamic,p,0.141,20,0.8209,0.9959,False
Hungarian,坎卦-static,e,0.138,10,0.9353,0.9959,False
Hungarian,兌卦-dynamic,ɛ,0.137,92,0.8458,0.9959,False
Hungarian,艮卦-dynamic,n,0.133,49,0.8308,0.9959,False
Hungarian,乾卦-dynamic,ø,0.133,22,0.8756,0.9959,False
Hungarian,艮卦-static,t͡ʃ,-0.127,6,0.8905,0.9959,False
Hungarian,艮卦-static,p,-0.125,9,0.8458,0.9959,False
Hungarian,離卦-dynamic,y,-0.121,12,0.8507,0.9959,False
Hungarian,坤卦-static,o,0.116,13,0.9303,0.9959,False
Hungarian,巽卦-dynamic,ɡ,0.108,3,0.9552,0.9959,False
Hungarian,艮卦-dynamic,r,-0.107,64,0.8657,0.9959,False
Hungarian,艮卦-dynamic,d,-0.105,22,0.8756,0.9959,False
Hungarian,坎卦-static,h,-0.105,4,0.9502,0.9959,False
Hungarian,乾卦-dynamic,p,-0.104,12,0.8657,0.9959,False
Hungarian,坤卦-dynamic,ɲ,-0.097,17,0.8308,0.9959,False
Hungarian,艮卦-static,t,-0.086,34,0.9303,0.9959,False
Hungarian,乾卦-static,i,0.086,11,0.9701,0.9959,False
Hungarian,震卦-dynamic,z,0.084,13,0.9453,0.9959,False
Hungarian,震卦-dynamic,r,0.082,49,0.8408,0.9959,False
Hungarian,坎卦-dynamic,t͡ʃ,-0.081,5,0.9453,0.9959,False
Hungarian,坤卦-static,ɛ,-0.076,18,0.9353,0.9959,False
Hungarian,乾卦-dynamic,ɲ,-0.074,10,0.9154,0.9959,False
Hungarian,離卦-dynamic,ɲ,-0.072,13,0.8607,0.9959,False
Hungarian,震卦-dynamic,p,0.07,14,0.8806,0.9959,False
Hungarian,艮卦-dynamic,t͡ʃ,-0.065,12,0.8806,0.9959,False
Hungarian,離卦-static,ɲ,0.064,10,0.9552,0.9959,False
Hungarian,兌卦-static,e,-0.063,6,0.9652,0.9959,False
Hungarian,巽卦-static,m,-0.055,6,0.9453,0.9959,False
Hungarian,震卦-dynamic,i,-0.053,39,0.9751,0.9959,False
Hungarian,乾卦-static,r,0.052,13,0.9801,0.9959,False
Hungarian,兌卦-static,ɑ,-0.051,11,0.9751,0.9959,False
Hungarian,艮卦-dynamic,f,0.048,17,0.9751,0.9959,False
Hungarian,坤卦-dynamic,e,-0.047,48,0.9204,0.9959,False
Hungarian,兌卦-dynamic,ɑ,0.047,70,0.9602,0.9959,False
Hungarian,乾卦-static,e,0.047,8,0.9403,0.9959,False
Hungarian,坤卦-dynamic,ø,0.044,37,0.9403,0.9959,False
Hungarian,坎卦-dynamic,l,-0.043,27,0.9801,0.9959,False
Hungarian,中卦-static,s,0.041,45,0.9254,0.9959,False
Hungarian,震卦-dynamic,f,-0.041,12,0.9502,0.9959,False
Hungarian,坤卦-static,r,0.032,13,0.9801,0.9959,False
Hungarian,乾卦-static,ɑ,-0.03,14,0.9602,0.9959,False
Hungarian,震卦-static,f,0.013,20,0.9801,0.9959,False
Hungarian,坤卦-dynamic,t,-0.01,80,0.9801,0.9959,False
Hungarian,巽卦-static,k,-0.04,10,0.995,0.9966,False
Hungarian,坎卦-dynamic,n,0.036,20,0.99,0.9966,False
Hungarian,坎卦-dynamic,i,-0.012,23,0.9851,0.9966,False
Hungarian,坤卦-static,ɲ,-0.009,3,0.99,0.9966,False
Hungarian,兌卦-dynamic,m,0.009,30,0.995,0.9966,False
Hungarian,離卦-static,u,0.003,11,0.995,0.9966,False
Hungarian,離卦-dynamic,j,0.003,13,0.99,0.9966,False
Hungarian,坎卦-static,v,-0.002,5,1.0,1.0,False
Indonesian,兌卦-dynamic,m,2.691,203,0.005,0.3806,False
Indonesian,乾卦-dynamic,ɔ,2.393,8,0.005,0.3806,False
Indonesian,離卦-dynamic,n,2.366,102,0.005,0.3806,False
Indonesian,震卦-dynamic,d͡ʒ,2.218,22,0.005,0.3806,False
Indonesian,中卦-static,a,2.12,443,0.005,0.3806,False
Indonesian,中卦-static,d͡ʒ,2.053,44,0.005,0.3806,False
Indonesian,中卦-static,ɛ,1.73,90,0.005,0.3806,False
Indonesian,中卦-static,s,1.504,124,0.005,0.3806,False
Indonesian,艮卦-dynamic,ŋ,1.879,45,0.01,0.435,False
Indonesian,兌卦-dynamic,ə,1.837,166,0.01,0.435,False
Indonesian,離卦-dynamic,m,1.822,129,0.01,0.435,False
Indonesian,坤卦-dynamic,h,1.529,62,0.01,0.435,False
Indonesian,坤卦-dynamic,n,-1.23,59,0.01,0.435,False
Indonesian,坤卦-dynamic,u,1.13,157,0.01,0.435,False
Indonesian,兌卦-static,k,2.516,33,0.0149,0.4567,False
Indonesian,艮卦-static,p,1.874,24,0.0149,0.4567,False
Indonesian,震卦-static,t,1.275,90,0.0149,0.4567,False
Indonesian,震卦-static,n,1.234,100,0.0149,0.4567,False
Indonesian,中卦-static,u,-1.196,53,0.0149,0.4567,False
Indonesian,乾卦-dynamic,w,1.51,9,0.0199,0.5295,False
Indonesian,乾卦-dynamic,s,1.392,57,0.0199,0.5295,False
Indonesian,中卦-dynamic,o,3.864,4,0.0348,0.609,False
Indonesian,巽卦-dynamic,t͡ʃ,3.054,4,0.0299,0.609,False
Indonesian,坎卦-dynamic,a͡ʊ,2.666,5,0.0348,0.609,False
Indonesian,坎卦-static,i,2.318,37,0.0348,0.609,False
Indonesian,坎卦-static,d,2.212,12,0.0348,0.609,False
Indonesian,坤卦-static,n,-1.754,9,0.0299,0.609,False
Indonesian,乾卦-dynamic,t͡ʃ,1.428,18,0.0348,0.609,False
Indonesian,離卦-static,ŋ,1.416,33,0.0348,0.609,False
Indonesian,兌卦-dynamic,a,-1.19,159,0.0299,0.609,False
Indonesian,坤卦-dynamic,ə,-1.106,25,0.0249,0.609,False
Indonesian,離卦-dynamic,ə,1.439,118,0.0398,0.6583,False
Indonesian,震卦-static,a,1.14,242,0.0398,0.6583,False
Indonesian,乾卦-static,u,2.223,25,0.0448,0.6851,False
Indonesian,坤卦-static,h,1.457,12,0.0448,0.6851,False
Indonesian,艮卦-dynamic,ɡ,1.426,23,0.0448,0.6851,False
Indonesian,中卦-dynamic,b,3.627,3,0.0498,0.7249,False
Indonesian,兌卦-dynamic,ŋ,1.094,63,0.0498,0.7249,False
Indonesian,巽卦-dynamic,a͡ɪ,2.236,6,0.0846,0.7394,False
Indonesian,巽卦-static,a͡ɪ,2.189,4,0.0846,0.7394,False
Indonesian,艮卦-static,h,1.837,18,0.0697,0.7394,False
Indonesian,乾卦-dynamic,f,1.767,4,0.0597,0.7394,False
Indonesian,坎卦-static,a,1.761,58,0.0746,0.7394,False
Indonesian,震卦-dynamic,ə,1.231,101,0.0846,0.7394,False
Indonesian,艮卦-dynamic,d,-1.222,6,0.0846,0.7394,False
Indonesian,震卦-static,j,1.119,8,0.0597,0.7394,False
Indonesian,兌卦-dynamic,t,-1.037,37,0.0746,0.7394,False
Indonesian,離卦-dynamic,s,-1.003,21,0.0697,0.7394,False
Indonesian,震卦-static,ŋ,0.994,60,0.0746,0.7394,False
Indonesian,兌卦-dynamic,p,-0.975,25,0.0697,0.7394,False
Indonesian,中卦-static,d,0.947,61,0.0597,0.7394,False
Indonesian,震卦-static,ə,-0.926,29,0.0597,0.7394,False
Indonesian,震卦-static,ɛ,-0.905,17,0.0846,0.7394,False
Indonesian,坤卦-dynamic,d,0.876,46,0.0597,0.7394,False
Indonesian,震卦-dynamic,a,-0.869,127,0.0846,0.7394,False
Indonesian,中卦-static,t,0.808,126,0.0697,0.7394,False
Indonesian,中卦-static,ŋ,-0.794,47,0.0697,0.7394,False
Indonesian,乾卦-static,h,1.805,8,0.1095,0.7612,False
Indonesian,乾卦-static,ɛ,1.63,8,0.1045,0.7612,False
Indonesian,坎卦-dynamic,t,-1.498,8,0.1095,0.7612,False
Indonesian,艮卦-static,t,1.255,29,0.1095,0.7612,False
Indonesian,離卦-static,h,-1.113,3,0.1095,0.7612,False
Indonesian,震卦-static,ɡ,0.774,29,0.0995,0.7612,False
Indonesian,坤卦-dynamic,a,0.708,278,0.1095,0.7612,False
Indonesian,中卦-dynamic,l,3.513,4,0.1144,0.7696,False
Indonesian,乾卦-dynamic,a,-0.85,127,0.1144,0.7696,False
Indonesian,艮卦-static,j,1.449,3,0.1194,0.7857,False
Indonesian,中卦-static,m,-0.647,59,0.1244,0.7929,False
Indonesian,兌卦-static,d,1.538,10,0.1343,0.814,False
Indonesian,震卦-dynamic,f,1.112,3,0.1343,0.814,False
Indonesian,震卦-static,r,-0.796,53,0.1343,0.814,False
Indonesian,坤卦-static,a,-1.189,38,0.1393,0.8197,False
Indonesian,坎卦-static,r,1.402,24,0.1692,0.8416,False
Indonesian,坤卦-static,k,1.316,28,0.1642,0.8416,False
Indonesian,坎卦-dynamic,ɲ,1.28,9,0.1493,0.8416,False
Indonesian,離卦-static,j,1.157,4,0.1592,0.8416,False
Indonesian,坤卦-static,s,1.111,17,0.1692,0.8416,False
Indonesian,艮卦-dynamic,h,-0.98,5,0.1642,0.8416,False
Indonesian,艮卦-dynamic,a,-0.845,101,0.1493,0.8416,False
Indonesian,坤卦-dynamic,s,0.655,74,0.1642,0.8416,False
Indonesian,坤卦-dynamic,t,0.62,92,0.1741,0.8458,False
Indonesian,坤卦-static,ə,-1.187,4,0.1791,0.8563,False
Indonesian,巽卦-static,p,1.851,5,0.1841,0.8733,False
Indonesian,艮卦-static,ɛ,-1.215,4,0.1891,0.8832,False
Indonesian,坤卦-static,d,-1.047,3,0.199,0.889,False
Indonesian,離卦-static,t͡ʃ,0.869,9,0.199,0.889,False
Indonesian,震卦-dynamic,h,-0.769,9,0.199,0.889,False
Indonesian,坎卦-dynamic,ə,1.18,41,0.2139,0.8967,False
Indonesian,離卦-dynamic,i,-0.746,52,0.209,0.8967,False
Indonesian,中卦-static,ɔ,-0.601,3,0.204,0.8967,False
Indonesian,巽卦-dynamic,n,1.699,11,0.2836,0.9052,False
Indonesian,巽卦-static,u,1.618,10,0.2488,0.9052,False
Indonesian,巽卦-dynamic,ɲ,1.363,3,0.2985,0.9052,False
Indonesian,乾卦-static,t,1.249,13,0.2836,0.9052,False
Indonesian,乾卦-static,n,-1.221,7,0.2687,0.9052,False
Indonesian,乾卦-static,p,-1.196,3,0.2537,0.9052,False
Indonesian,乾卦-static,a,1.106,35,0.2537,0.9052,False
Indonesian,乾卦-static,ə,-1.1,3,0.2786,0.9052,False
Indonesian,坤卦-static,u,1.016,30,0.2289,0.9052,False
Indonesian,坎卦-dynamic,s,0.983,21,0.3284,0.9052,False
Indonesian,坤卦-static,ɛ,0.968,11,0.2886,0.9052,False
Indonesian,艮卦-static,a,0.941,76,0.3184,0.9052,False
Indonesian,坎卦-dynamic,p,0.917,18,0.3085,0.9052,False
Indonesian,艮卦-static,s,-0.894,9,0.2239,0.9052,False
Indonesian,艮卦-static,w,0.883,3,0.2786,0.9052,False
Indonesian,離卦-static,r,0.782,46,0.2537,0.9052,False
Indonesian,乾卦-dynamic,h,-0.766,9,0.2289,0.9052,False
Indonesian,震卦-dynamic,r,0.732,70,0.2687,0.9052,False
Indonesian,艮卦-dynamic,ə,0.717,65,0.2637,0.9052,False
Indonesian,乾卦-dynamic,r,0.696,69,0.2388,0.9052,False
Indonesian,震卦-dynamic,b,0.688,56,0.2488,0.9052,False
Indonesian,離卦-dynamic,r,-0.684,46,0.2488,0.9052,False
Indonesian,離卦-static,ɛ,0.676,20,0.3284,0.9052,False
Indonesian,離卦-dynamic,l,-0.672,23,0.3085,0.9052,False
Indonesian,乾卦-dynamic,d,-0.669,13,0.2935,0.9052,False
Indonesian,離卦-dynamic,ɛ,-0.661,17,0.2886,0.9052,False
Indonesian,艮卦-dynamic,a͡ʊ,0.659,4,0.3284,0.9052,False
Indonesian,震卦-static,f,0.645,3,0.2488,0.9052,False
Indonesian,兌卦-dynamic,l,-0.643,30,0.2189,0.9052,False
Indonesian,兌卦-dynamic,d,-0.638,18,0.2537,0.9052,False
Indonesian,艮卦-dynamic,m,0.62,59,0.2985,0.9052,False
Indonesian,離卦-dynamic,h,-0.608,12,0.3184,0.9052,False
Indonesian,震卦-dynamic,k,-0.605,42,0.3234,0.9052,False
Indonesian,震卦-static,s,-0.597,34,0.2687,0.9052,False
Indonesian,乾卦-dynamic,ŋ,-0.582,25,0.2786,0.9052,False
Indonesian,震卦-static,l,-0.57,33,0.2537,0.9052,False
Indonesian,震卦-static,m,-0.565,41,0.2388,0.9052,False
Indonesian,兌卦-dynamic,ɡ,-0.562,10,0.2886,0.9052,False
Indonesian,兌卦-dynamic,k,-0.56,58,0.2736,0.9052,False
Indonesian,兌卦-dynamic,o,-0.549,11,0.3234,0.9052,False
Indonesian,震卦-static,k,0.546,91,0.2985,0.9052,False
Indonesian,兌卦-dynamic,u,-0.544,61,0.3184,0.9052,False
Indonesian,乾卦-dynamic,ɛ,0.524,29,0.3284,0.9052,False
Indonesian,震卦-static,a͡ɪ,-0.523,3,0.3234,0.9052,False
Indonesian,坤卦-dynamic,r,0.522,107,0.2935,0.9052,False
Indonesian,中卦-static,ə,-0.513,78,0.2338,0.9052,False
Indonesian,中卦-static,j,0.505,9,0.2935,0.9052,False
Indonesian,坤卦-dynamic,t͡ʃ,-0.492,6,0.2985,0.9052,False
Indonesian,中卦-static,w,0.478,12,0.2239,0.9052,False
Indonesian,中卦-static,o,-0.477,23,0.2985,0.9052,False
Indonesian,坤卦-dynamic,ŋ,-0.476,43,0.2935,0.9052,False
Indonesian,坤卦-dynamic,a͡ɪ,-0.471,5,0.3134,0.9052,False
Indonesian,中卦-static,k,-0.447,96,0.2637,0.9052,False
Indonesian,中卦-static,r,-0.44,99,0.3035,0.9052,False
Indonesian,中卦-static,p,0.432,78,0.3234,0.9052,False
Indonesian,中卦-static,t͡ʃ,0.413,22,0.3234,0.9052,False
Indonesian,坎卦-static,u,-0.89,10,0.3333,0.9067,False
Indonesian,離卦-static,p,0.659,26,0.3333,0.9067,False
Indonesian,兌卦-dynamic,a͡ʊ,0.486,6,0.3383,0.9081,False
Indonesian,中卦-dynamic,i,2.545,3,0.408,0.9141,False
Indonesian,巽卦-static,s,1.303,5,0.3881,0.9141,False
Indonesian,巽卦-dynamic,m,1.267,13,0.408,0.9141,False
Indonesian,巽卦-static,l,1.139,8,0.4677,0.9141,False
Indonesian,巽卦-dynamic,ə,0.952,12,0.4975,0.9141,False
Indonesian,巽卦-static,k,0.94,7,0.5124,0.9141,False
Indonesian,巽卦-static,ŋ,0.933,4,0.5572,0.9141,False
Indonesian,乾卦-static,r,0.884,14,0.4129,0.9141,False
Indonesian,兌卦-static,m,-0.842,6,0.4229,0.9141,False
Indonesian,巽卦-dynamic,t,0.839,8,0.5821,0.9141,False
Indonesian,坎卦-static,ɛ,-0.82,4,0.3781,0.9141,False
Indonesian,巽卦-dynamic,a,-0.812,17,0.597,0.9141,False
Indonesian,巽卦-dynamic,k,-0.783,5,0.5871,0.9141,False
Indonesian,巽卦-dynamic,ŋ,-0.769,3,0.6368,0.9141,False
Indonesian,兌卦-static,b,-0.766,5,0.4478,0.9141,False
Indonesian,坎卦-dynamic,u,-0.758,16,0.3831,0.9141,False
Indonesian,坎卦-static,t,0.744,17,0.4527,0.9141,False
Indonesian,坎卦-dynamic,ɛ,0.727,13,0.4328,0.9141,False
Indonesian,坤卦-static,d͡ʒ,0.725,4,0.3831,0.9141,False
Indonesian,兌卦-static,ɛ,0.723,9,0.5025,0.9141,False
Indonesian,坎卦-dynamic,d,0.701,11,0.5075,0.9141,False
Indonesian,坎卦-dynamic,b,-0.694,8,0.4478,0.9141,False
Indonesian,兌卦-static,n,-0.668,13,0.4925,0.9141,False
Indonesian,巽卦-dynamic,p,-0.661,3,0.6617,0.9141,False
Indonesian,坎卦-static,h,-0.66,3,0.5373,0.9141,False
Indonesian,坎卦-static,m,-0.657,8,0.5224,0.9141,False
Indonesian,乾卦-static,d,0.646,5,0.5821,0.9141,False
Indonesian,巽卦-dynamic,r,0.634,9,0.6617,0.9141,False
Indonesian,離卦-static,k,0.632,46,0.4129,0.9141,False
Indonesian,坎卦-dynamic,t͡ʃ,0.629,5,0.5274,0.9141,False
Indonesian,兌卦-static,l,0.619,20,0.5274,0.9141,False
Indonesian,巽卦-static,ə,-0.612,3,0.6716,0.9141,False
Indonesian,離卦-dynamic,ŋ,0.61,44,0.3682,0.9141,False
Indonesian,坤卦-static,ŋ,-0.602,8,0.5274,0.9141,False
Indonesian,離卦-dynamic,o,-0.594,7,0.3483,0.9141,False
Indonesian,兌卦-static,o,0.593,15,0.6119,0.9141,False
Indonesian,艮卦-static,n,0.592,28,0.4975,0.9141,False
Indonesian,艮卦-dynamic,t,-0.587,28,0.3831,0.9141,False
Indonesian,艮卦-static,m,-0.583,13,0.4776,0.9141,False
Indonesian,艮卦-static,u,0.572,34,0.5224,0.9141,False
Indonesian,艮卦-static,d,-0.57,6,0.4627,0.9141,False
Indonesian,離卦-static,s,-0.567,17,0.3881,0.9141,False
Indonesian,乾卦-static,l,-0.542,5,0.607,0.9141,False
Indonesian,兌卦-static,r,0.541,19,0.597,0.9141,False
Indonesian,離卦-static,a͡ʊ,0.537,3,0.4229,0.9141,False
Indonesian,坎卦-static,b,0.534,15,0.5771,0.9141,False
Indonesian,震卦-dynamic,i,-0.512,54,0.4129,0.9141,False
Indonesian,乾卦-dynamic,p,0.511,38,0.3582,0.9141,False
Indonesian,離卦-dynamic,d͡ʒ,0.51,12,0.3831,0.9141,False
Indonesian,坤卦-static,p,-0.498,8,0.5274,0.9141,False
Indonesian,坎卦-dynamic,k,0.492,28,0.6119,0.9141,False
Indonesian,坎卦-dynamic,r,0.49,27,0.5174,0.9141,False
Indonesian,離卦-dynamic,b,-0.486,27,0.5373,0.9141,False
Indonesian,坤卦-static,t,-0.48,12,0.5274,0.9141,False
Indonesian,坎卦-dynamic,n,-0.479,20,0.6368,0.9141,False
Indonesian,坎卦-static,k,-0.477,13,0.6368,0.9141,False
Indonesian,離卦-static,d͡ʒ,0.472,7,0.4826,0.9141,False
Indonesian,坤卦-static,ɡ,0.468,6,0.592,0.9141,False
Indonesian,坎卦-dynamic,l,-0.464,12,0.5871,0.9141,False
Indonesian,乾卦-dynamic,l,-0.461,29,0.4129,0.9141,False
Indonesian,坤卦-static,ɲ,0.457,4,0.5721,0.9141,False
Indonesian,艮卦-static,ə,0.454,31,0.5274,0.9141,False
Indonesian,兌卦-dynamic,s,-0.443,38,0.4527,0.9141,False
Indonesian,坤卦-dynamic,o,-0.442,20,0.3731,0.9141,False
Indonesian,兌卦-dynamic,a͡ɪ,-0.431,5,0.4677,0.9141,False
Indonesian,艮卦-static,i,-0.43,24,0.602,0.9141,False
Indonesian,離卦-dynamic,p,-0.428,28,0.4726,0.9141,False
Indonesian,坤卦-dynamic,ɔ,0.427,6,0.4179,0.9141,False
Indonesian,坤卦-dynamic,p,-0.421,42,0.3632,0.9141,False
Indonesian,兌卦-static,d͡ʒ,0.419,3,0.6567,0.9141,False
Indonesian,乾卦-static,s,0.409,8,0.6915,0.9141,False
Indonesian,兌卦-dynamic,d͡ʒ,-0.402,7,0.3831,0.9141,False
Indonesian,艮卦-dynamic,o,-0.401,11,0.4826,0.9141,False
Indonesian,坎卦-dynamic,a,-0.398,58,0.6766,0.9141,False
Indonesian,乾卦-static,k,-0.395,9,0.6667,0.9141,False
Indonesian,坤卦-static,i,0.392,25,0.6269,0.9141,False
Indonesian,坎卦-static,n,0.392,18,0.6716,0.9141,False
Indonesian,乾卦-static,i,-0.385,11,0.6915,0.9141,False
Indonesian,艮卦-static,ɡ,-0.384,4,0.6269,0.9141,False
Indonesian,艮卦-dynamic,b,-0.375,22,0.5473,0.9141,False
Indonesian,震卦-dynamic,ɲ,-0.374,3,0.5771,0.9141,False
Indonesian,坤卦-dynamic,k,-0.373,77,0.398,0.9141,False
Indonesian,離卦-static,a͡ɪ,-0.372,3,0.5821,0.9141,False
Indonesian,乾卦-dynamic,m,-0.372,38,0.5124,0.9141,False
Indonesian,坤卦-dynamic,f,0.371,3,0.4776,0.9141,False
Indonesian,震卦-dynamic,d,-0.371,16,0.5423,0.9141,False
Indonesian,艮卦-dynamic,d͡ʒ,0.365,8,0.5871,0.9141,False
Indonesian,艮卦-dynamic,k,0.355,51,0.5771,0.9141,False
Indonesian,艮卦-static,ŋ,-0.353,12,0.607,0.9141,False
Indonesian,震卦-dynamic,a͡ɪ,-0.348,5,0.602,0.9141,False
Indonesian,坤卦-dynamic,ɛ,0.346,44,0.4378,0.9141,False
Indonesian,乾卦-dynamic,k,-0.34,48,0.5274,0.9141,False
Indonesian,坤卦-dynamic,ɡ,-0.339,16,0.4378,0.9141,False
Indonesian,離卦-dynamic,u,-0.339,56,0.5821,0.9141,False
Indonesian,坤卦-dynamic,w,-0.338,5,0.4776,0.9141,False
Indonesian,離卦-static,a,-0.337,92,0.592,0.9141,False
Indonesian,中卦-static,a͡ɪ,-0.333,11,0.4328,0.9141,False
Indonesian,震卦-dynamic,o,-0.32,17,0.597,0.9141,False
Indonesian,離卦-static,m,-0.319,26,0.6418,0.9141,False
Indonesian,離卦-static,n,-0.319,33,0.6766,0.9141,False
Indonesian,震卦-static,p,0.318,47,0.4677,0.9141,False
Indonesian,離卦-dynamic,a͡ɪ,-0.315,6,0.6667,0.9141,False
Indonesian,乾卦-dynamic,t,0.311,51,0.6119,0.9141,False
Indonesian,震卦-static,a͡ʊ,0.297,5,0.5274,0.9141,False
Indonesian,離卦-dynamic,t,-0.297,44,0.6318,0.9141,False
Indonesian,艮卦-dynamic,u,-0.289,42,0.6766,0.9141,False
Indonesian,坤卦-static,o,0.285,13,0.6866,0.9141,False
Indonesian,震卦-dynamic,ŋ,-0.281,29,0.6418,0.9141,False
Indonesian,震卦-static,t͡ʃ,-0.277,7,0.6468,0.9141,False
Indonesian,艮卦-dynamic,w,0.275,4,0.6816,0.9141,False
Indonesian,震卦-dynamic,t,-0.269,41,0.6816,0.9141,False
Indonesian,中卦-static,n,-0.259,109,0.5572,0.9141,False
Indonesian,震卦-dynamic,p,-0.259,28,0.6617,0.9141,False
Indonesian,兌卦-dynamic,b,-0.248,42,0.597,0.9141,False
Indonesian,震卦-static,o,0.24,51,0.6567,0.9141,False
Indonesian,中卦-static,l,-0.236,79,0.5672,0.9141,False
Indonesian,兌卦-dynamic,r,-0.23,69,0.6269,0.9141,False
Indonesian,離卦-dynamic,ɡ,-0.229,12,0.6866,0.9141,False
Indonesian,坤卦-dynamic,m,-0.22,71,0.6517,0.9141,False
Indonesian,震卦-dynamic,t͡ʃ,0.216,9,0.6816,0.9141,False
Indonesian,兌卦-dynamic,ɛ,-0.21,28,0.6468,0.9141,False
Indonesian,震卦-static,u,0.178,89,0.6915,0.9141,False
Indonesian,坤卦-dynamic,l,0.173,86,0.6468,0.9141,False
Indonesian,中卦-static,h,0.171,44,0.6318,0.9141,False
Indonesian,兌卦-static,ə,-0.384,12,0.7015,0.9173,False
Indonesian,離卦-static,ə,-0.305,29,0.6965,0.9173,False
Indonesian,震卦-dynamic,ɡ,0.226,16,0.7015,0.9173,False
Indonesian,震卦-dynamic,m,0.195,59,0.7015,0.9173,False
Indonesian,乾卦-static,ŋ,-0.509,5,0.7214,0.9217,False
Indonesian,乾卦-static,b,-0.441,5,0.7114,0.9217,False
Indonesian,乾卦-static,o,-0.356,3,0.7065,0.9217,False
Indonesian,離卦-static,i,-0.217,40,0.7114,0.9217,False
Indonesian,艮卦-dynamic,i,-0.208,49,0.7214,0.9217,False
Indonesian,震卦-static,i,-0.172,83,0.7214,0.9217,False
Indonesian,坤卦-dynamic,b,0.156,68,0.7214,0.9217,False
Indonesian,巽卦-dynamic,u,-0.54,6,0.7264,0.9242,False
Indonesian,乾卦-static,m,-0.418,7,0.7264,0.9242,False
Indonesian,艮卦-dynamic,l,0.21,43,0.7313,0.9248,False
Indonesian,兌卦-dynamic,h,0.158,28,0.7313,0.9248,False
Indonesian,離卦-dynamic,ɲ,-0.233,5,0.7363,0.9272,False
Indonesian,震卦-static,ɔ,-0.218,3,0.7363,0.9272,False
Indonesian,乾卦-dynamic,u,0.14,66,0.7413,0.9316,False
Indonesian,兌卦-static,u,-0.315,15,0.7562,0.9464,False
Indonesian,艮卦-static,l,-0.24,16,0.7612,0.9488,False
Indonesian,艮卦-static,k,-0.301,21,0.7662,0.9492,False
Indonesian,坎卦-dynamic,m,0.3,26,0.7662,0.9492,False
Indonesian,坎卦-static,ə,-0.298,13,0.7662,0.9492,False
Indonesian,坎卦-dynamic,o,-0.26,8,0.7761,0.9538,False
Indonesian,乾卦-dynamic,n,0.202,59,0.7761,0.9538,False
Indonesian,兌卦-dynamic,w,-0.143,5,0.7761,0.9538,False
Indonesian,離卦-static,b,0.205,28,0.7861,0.9564,False
Indonesian,離卦-dynamic,a,-0.146,160,0.7861,0.9564,False
Indonesian,震卦-dynamic,n,0.124,58,0.7861,0.9564,False
Indonesian,兌卦-static,a,-0.3,41,0.791,0.9568,False
Indonesian,坤卦-static,l,0.251,18,0.791,0.9568,False
Indonesian,中卦-static,ɲ,-0.135,12,0.791,0.9568,False
Indonesian,兌卦-static,p,0.262,10,0.796,0.9609,False
Indonesian,兌卦-static,t,-0.221,12,0.801,0.965,False
Indonesian,坎卦-static,s,-0.256,9,0.8109,0.9674,False
Indonesian,坤卦-dynamic,j,-0.123,4,0.806,0.9674,False
Indonesian,乾卦-dynamic,ə,0.146,61,0.8159,0.9715,False
Indonesian,乾卦-dynamic,ɡ,-0.137,12,0.8209,0.9755,False
Indonesian,離卦-static,ɡ,0.173,10,0.8259,0.9778,False
Indonesian,離卦-dynamic,k,-0.118,58,0.8308,0.9778,False
Indonesian,震卦-static,w,0.117,6,0.8308,0.9778,False
Indonesian,震卦-static,d,-0.073,25,0.8308,0.9778,False
Indonesian,巽卦-dynamic,i,-0.263,8,0.8358,0.9781,False
Indonesian,離卦-static,l,-0.128,27,0.8358,0.9781,False
Indonesian,坤卦-dynamic,a͡ʊ,-0.082,4,0.8358,0.9781,False
Indonesian,艮卦-dynamic,t͡ʃ,-0.141,5,0.8408,0.9783,False
Indonesian,巽卦-dynamic,h,0.309,3,0.8507,0.9842,False
Indonesian,坎卦-dynamic,i,-0.173,26,0.8507,0.9842,False
Indonesian,離卦-static,d,-0.117,12,0.8507,0.9842,False
Indonesian,坎卦-dynamic,h,-0.145,7,0.8557,0.9844,False
Indonesian,兌卦-dynamic,ɲ,-0.115,8,0.8557,0.9844,False
Indonesian,兌卦-dynamic,i,0.09,94,0.8557,0.9844,False
Indonesian,艮卦-static,b,-0.1,15,0.8706,0.9886,False
Indonesian,中卦-static,b,-0.06,76,0.8706,0.9886,False
Indonesian,乾卦-dynamic,a͡ɪ,-0.09,9,0.8756,0.9924,False
Indonesian,中卦-dynamic,a,-0.619,3,0.8806,0.9925,False
Indonesian,離卦-dynamic,w,0.134,5,0.8806,0.9925,False
Indonesian,巽卦-static,a,-0.221,13,0.9104,0.9942,False
Indonesian,坎卦-static,ŋ,0.154,10,0.8905,0.9942,False
Indonesian,離卦-static,o,-0.122,16,0.8856,0.9942,False
Indonesian,艮卦-static,d͡ʒ,-0.118,3,0.9104,0.9942,False
Indonesian,兌卦-static,h,-0.105,5,0.9403,0.9942,False
Indonesian,震卦-dynamic,ɛ,-0.103,22,0.8905,0.9942,False
Indonesian,艮卦-dynamic,a͡ɪ,-0.102,7,0.8955,0.9942,False
Indonesian,乾卦-dynamic,o,0.097,33,0.9055,0.9942,False
Indonesian,兌卦-static,ŋ,-0.096,9,0.9104,0.9942,False
Indonesian,坎卦-dynamic,ŋ,-0.093,13,0.9552,0.9942,False
Indonesian,艮卦-dynamic,ɛ,0.075,19,0.9005,0.9942,False
Indonesian,兌卦-dynamic,n,0.07,77,0.9204,0.9942,False
Indonesian,艮卦-dynamic,s,-0.068,27,0.8955,0.9942,False
Indonesian,震卦-dynamic,l,-0.065,44,0.9254,0.9942,False
Indonesian,震卦-static,b,0.062,52,0.9055,0.9942,False
Indonesian,坤卦-dynamic,d͡ʒ,-0.06,12,0.8955,0.9942,False
Indonesian,坤卦-static,m,-0.058,16,0.9303,0.9942,False
Indonesian,離卦-static,t,-0.056,29,0.9453,0.9942,False
Indonesian,乾卦-dynamic,b,0.053,39,0.9154,0.9942,False
Indonesian,震卦-static,h,-0.046,24,0.9353,0.9942,False
Indonesian,兌卦-static,i,-0.043,19,0.9453,0.9942,False
Indonesian,離卦-static,u,0.042,41,0.9453,0.9942,False
Indonesian,乾卦-dynamic,d͡ʒ,0.041,8,0.9453,0.9942,False
Indonesian,離卦-dynamic,d,-0.034,21,0.9453,0.9942,False
Indonesian,坤卦-dynamic,i,-0.033,108,0.9453,0.9942,False
Indonesian,震卦-dynamic,j,0.062,3,0.9701,0.9979,False
Indonesian,震卦-dynamic,u,-0.032,61,0.9701,0.9979,False
Indonesian,震卦-static,d͡ʒ,-0.031,10,0.9701,0.9979,False
Indonesian,中卦-static,ɡ,0.024,29,0.9652,0.9979,False
Indonesian,艮卦-static,r,0.022,24,0.9701,0.9979,False
Indonesian,巽卦-static,t,-0.061,4,0.9751,0.9999,False
Indonesian,艮卦-dynamic,n,-0.025,44,0.99,0.9999,False
Indonesian,巽卦-dynamic,o,0.023,4,0.9851,0.9999,False
Indonesian,兌卦-static,s,-0.021,10,0.9851,0.9999,False
Indonesian,坎卦-static,p,-0.02,9,0.99,0.9999,False
Indonesian,坤卦-static,b,-0.018,12,0.9851,0.9999,False
Indonesian,艮卦-dynamic,p,0.014,25,0.9801,0.9999,False
Indonesian,震卦-dynamic,s,-0.013,35,0.99,0.9999,False
Indonesian,巽卦-static,n,-0.012,5,0.99,0.9999,False
Indonesian,坤卦-static,r,0.011,18,0.995,0.9999,False
Indonesian,中卦-static,i,-0.011,141,0.9801,0.9999,False
Indonesian,兌卦-dynamic,t͡ʃ,0.006,10,0.99,0.9999,False
Indonesian,艮卦-dynamic,r,-0.004,44,0.995,0.9999,False
Indonesian,乾卦-dynamic,i,-0.004,67,0.995,0.9999,False
Indonesian,離卦-dynamic,t͡ʃ,-0.002,8,1.0,1.0,False
Irish,震卦-dynamic,χ,3.785,4,0.005,0.2985,False
Irish,兌卦-static,a͡ʊ,3.605,9,0.005,0.2985,False
Irish,坎卦-dynamic,d,3.546,5,0.005,0.2985,False
Irish,兌卦-dynamic,ɡ,3.387,82,0.005,0.2985,False
Irish,巽卦-static,s,3.084,10,0.005,0.2985,False
Irish,艮卦-static,i͡ə,3.001,13,0.005,0.2985,False
Irish,震卦-dynamic,ɛ,2.752,27,0.005,0.2985,False
Irish,坎卦-static,h,2.741,13,0.005,0.2985,False
Irish,震卦-dynamic,d͡ʒ,2.705,13,0.005,0.2985,False
Irish,艮卦-dynamic,u͡ə,2.612,14,0.005,0.2985,False
Irish,震卦-dynamic,e,2.4,37,0.005,0.2985,False
Irish,艮卦-static,a͡ɪ,2.344,9,0.005,0.2985,False
Irish,乾卦-dynamic,u͡ə,2.231,12,0.005,0.2985,False
Irish,艮卦-static,l,2.224,45,0.005,0.2985,False
Irish,艮卦-static,k,2.081,45,0.005,0.2985,False
Irish,震卦-static,ʊ,1.946,17,0.005,0.2985,False
Irish,震卦-static,t̪,1.873,51,0.005,0.2985,False
Irish,坎卦-dynamic,cʲ,3.194,4,0.01,0.3467,False
Irish,離卦-static,j,3.064,9,0.01,0.3467,False
Irish,兌卦-dynamic,t,2.726,3,0.01,0.3467,False
Irish,坎卦-static,r,2.596,34,0.01,0.3467,False
Irish,震卦-dynamic,dʲ,2.51,10,0.01,0.3467,False
Irish,坤卦-static,ʃ,2.205,12,0.01,0.3467,False
Irish,乾卦-dynamic,c,2.105,16,0.01,0.3467,False
Irish,離卦-static,p,2.1,23,0.01,0.3467,False
Irish,坤卦-dynamic,ɡʲ,1.738,9,0.01,0.3467,False
Irish,中卦-static,dʲ,1.462,14,0.01,0.3467,False
Irish,坤卦-dynamic,x,1.429,75,0.01,0.3467,False
Irish,乾卦-dynamic,t̪,1.36,39,0.01,0.3467,False
Irish,巽卦-static,u,2.975,6,0.0149,0.3838,False
Irish,坤卦-static,v,2.917,14,0.0149,0.3838,False
Irish,震卦-dynamic,ɡʲ,2.239,6,0.0149,0.3838,False
Irish,離卦-dynamic,nʲ,2.215,12,0.0149,0.3838,False
Irish,離卦-dynamic,ɪ,2.084,57,0.0149,0.3838,False
Irish,乾卦-static,v,1.972,18,0.0149,0.3838,False
Irish,乾卦-dynamic,kʲ,1.8,18,0.0149,0.3838,False
Irish,兌卦-dynamic,ɪ,1.648,59,0.0149,0.3838,False
Irish,中卦-static,kʲ,1.413,23,0.0149,0.3838,False
Irish,震卦-dynamic,ɑ,-1.412,19,0.0149,0.3838,False
Irish,兌卦-static,n,2.445,26,0.0199,0.4386,False
Irish,兌卦-static,b,2.29,9,0.0199,0.4386,False
Irish,坤卦-dynamic,cʲ,1.546,7,0.0199,0.4386,False
Irish,中卦-static,lʲ,-1.228,21,0.0199,0.4386,False
Irish,坤卦-dynamic,lʲ,-1.201,20,0.0199,0.4386,False
Irish,巽卦-dynamic,m,2.963,6,0.0249,0.4975,False
Irish,離卦-dynamic,ɡ,1.606,44,0.0249,0.4975,False
Irish,中卦-static,s,-0.997,27,0.0249,0.4975,False
Irish,離卦-static,r,-1.538,16,0.0299,0.52,False
Irish,乾卦-dynamic,o,1.298,33,0.0299,0.52,False
Irish,兌卦-dynamic,n,-1.222,25,0.0299,0.52,False
Irish,坤卦-dynamic,ɪ,-1.195,30,0.0299,0.52,False
Irish,坤卦-dynamic,ɑ,1.091,87,0.0299,0.52,False
Irish,中卦-static,ɑ,1.083,93,0.0299,0.52,False
Irish,震卦-dynamic,t,2.574,3,0.0348,0.5297,False
Irish,坎卦-dynamic,h,2.087,13,0.0348,0.5297,False
Irish,兌卦-static,ʃ,1.974,12,0.0348,0.5297,False
Irish,離卦-static,ɹ,1.483,27,0.0348,0.5297,False
Irish,艮卦-static,ɔ,1.464,24,0.0348,0.5297,False
Irish,震卦-dynamic,ə,-1.355,31,0.0348,0.5297,False
Irish,乾卦-static,ɐ,1.994,37,0.0398,0.5582,False
Irish,艮卦-static,ɡʲ,1.742,4,0.0398,0.5582,False
Irish,坎卦-dynamic,i,1.603,23,0.0398,0.5582,False
Irish,震卦-static,w,1.326,4,0.0398,0.5582,False
Irish,坤卦-dynamic,p,-1.083,6,0.0398,0.5582,False
Irish,乾卦-static,ʊ,2.021,6,0.0448,0.597,False
Irish,震卦-dynamic,w,1.618,3,0.0448,0.597,False
Irish,兌卦-dynamic,a,1.293,22,0.0448,0.597,False
Irish,中卦-static,l,-0.875,34,0.0448,0.597,False
Irish,巽卦-dynamic,ɔ,2.428,5,0.0498,0.6031,False
Irish,巽卦-static,i,2.328,7,0.0498,0.6031,False
Irish,離卦-static,ŋ,1.717,3,0.0547,0.6031,False
Irish,坎卦-dynamic,ɑ,1.615,32,0.0547,0.6031,False
Irish,離卦-static,e,-1.376,3,0.0547,0.6031,False
Irish,離卦-dynamic,n,-1.284,21,0.0547,0.6031,False
Irish,艮卦-static,ɑ,-1.212,17,0.0547,0.6031,False
Irish,艮卦-dynamic,ə,-1.107,48,0.0547,0.6031,False
Irish,震卦-dynamic,m,-1.093,11,0.0498,0.6031,False
Irish,艮卦-dynamic,ɹ,1.071,41,0.0547,0.6031,False
Irish,震卦-static,e,-1.053,10,0.0498,0.6031,False
Irish,坤卦-dynamic,ɐ,0.915,93,0.0547,0.6031,False
Irish,坤卦-dynamic,b,0.913,32,0.0547,0.6031,False
Irish,中卦-static,e,0.86,45,0.0498,0.6031,False
Irish,坎卦-static,ə,1.655,38,0.0597,0.62,False
Irish,震卦-static,mʲ,1.42,4,0.0597,0.62,False
Irish,艮卦-static,kʲ,1.257,9,0.0597,0.62,False
Irish,中卦-static,p,-0.911,9,0.0597,0.62,False
Irish,中卦-static,r,0.73,91,0.0597,0.62,False
Irish,坎卦-dynamic,lʲ,1.447,19,0.0647,0.6528,False
Irish,艮卦-dynamic,f,1.029,24,0.0647,0.6528,False
Irish,中卦-static,n,0.796,105,0.0647,0.6528,False
Irish,離卦-dynamic,f,1.345,16,0.0697,0.6599,False
Irish,乾卦-dynamic,ɐ,1.069,72,0.0697,0.6599,False
Irish,中卦-static,b,0.812,33,0.0697,0.6599,False
Irish,中卦-static,o,0.767,40,0.0697,0.6599,False
Irish,離卦-static,ɑ,1.131,40,0.0746,0.6716,False
Irish,離卦-dynamic,ɹ,-1.051,11,0.0746,0.6716,False
Irish,艮卦-dynamic,s,0.863,50,0.0746,0.6716,False
Irish,中卦-static,d͡ʒ,0.848,13,0.0746,0.6716,False
Irish,坤卦-dynamic,a,0.805,35,0.0746,0.6716,False
Irish,巽卦-dynamic,lʲ,2.277,5,0.0796,0.6823,False
Irish,離卦-static,pʲ,1.951,3,0.0796,0.6823,False
Irish,乾卦-static,ʃ,-1.396,3,0.0796,0.6823,False
Irish,乾卦-dynamic,ɑ,-0.971,32,0.0796,0.6823,False
Irish,坤卦-dynamic,k,-0.722,35,0.0796,0.6823,False
Irish,兌卦-static,p,1.561,8,0.0846,0.692,False
Irish,震卦-dynamic,d,1.394,4,0.0846,0.692,False
Irish,乾卦-dynamic,i,-1.0,29,0.0846,0.692,False
Irish,兌卦-static,l,1.534,16,0.0896,0.6958,False
Irish,艮卦-dynamic,c,1.122,12,0.0896,0.6958,False
Irish,兌卦-dynamic,b,1.075,18,0.0896,0.6958,False
Irish,震卦-static,p,0.918,29,0.0896,0.6958,False
Irish,兌卦-static,s,-1.419,3,0.0945,0.709,False
Irish,兌卦-dynamic,ə,-1.123,33,0.0945,0.709,False
Irish,兌卦-dynamic,lʲ,-1.019,12,0.0945,0.709,False
Irish,坤卦-dynamic,nʲ,0.877,16,0.0945,0.709,False
Irish,乾卦-dynamic,ŋ,1.231,4,0.0995,0.7164,False
Irish,離卦-dynamic,kʲ,1.157,9,0.0995,0.7164,False
Irish,乾卦-dynamic,lʲ,-0.989,17,0.0995,0.7164,False
Irish,乾卦-dynamic,ə,-0.972,49,0.0995,0.7164,False
Irish,震卦-dynamic,u͡ə,1.179,6,0.1045,0.7327,False
Irish,離卦-dynamic,i,1.152,30,0.1045,0.7327,False
Irish,離卦-dynamic,ə,-1.098,29,0.1045,0.7327,False
Irish,乾卦-dynamic,r,1.001,67,0.1095,0.7577,False
Irish,中卦-static,ɪ,-0.775,45,0.1095,0.7577,False
Irish,離卦-dynamic,ɛ,1.083,13,0.1144,0.7772,False
Irish,離卦-static,k,1.044,35,0.1144,0.7772,False
Irish,坤卦-static,f,1.816,7,0.1244,0.8092,False
Irish,兌卦-dynamic,cʲ,1.125,3,0.1244,0.8092,False
Irish,乾卦-dynamic,b,-0.872,8,0.1244,0.8092,False
Irish,中卦-static,t͡ʃ,-0.691,8,0.1244,0.8092,False
Irish,巽卦-dynamic,ɪ,2.179,9,0.1294,0.8105,False
Irish,坤卦-static,i,-1.44,6,0.1343,0.8105,False
Irish,坎卦-static,ʃ,-1.339,3,0.1343,0.8105,False
Irish,離卦-static,ʊ,1.229,7,0.1343,0.8105,False
Irish,坎卦-dynamic,m,-1.179,6,0.1294,0.8105,False
Irish,乾卦-dynamic,nʲ,0.915,12,0.1343,0.8105,False
Irish,坤卦-dynamic,c,0.851,14,0.1343,0.8105,False
Irish,中卦-static,f,-0.674,14,0.1343,0.8105,False
Irish,坤卦-static,n,-1.514,7,0.1393,0.8266,False
Irish,離卦-static,d̪,-1.153,4,0.1393,0.8266,False
Irish,艮卦-dynamic,k,0.831,55,0.1393,0.8266,False
Irish,坤卦-dynamic,dʲ,0.803,10,0.1493,0.8484,False
Irish,艮卦-dynamic,ɪ,0.771,66,0.1493,0.8484,False
Irish,坎卦-static,u,1.202,11,0.1542,0.8542,False
Irish,中卦-static,ɡ,-0.625,23,0.1542,0.8542,False
Irish,巽卦-dynamic,k,1.949,7,0.1642,0.8649,False
Irish,巽卦-static,ɑ,1.791,9,0.1592,0.8649,False
Irish,震卦-dynamic,nʲ,0.898,9,0.1642,0.8649,False
Irish,震卦-static,t͡ʃ,-0.722,6,0.1642,0.8649,False
Irish,中卦-static,j,0.654,8,0.1592,0.8649,False
Irish,中卦-static,h,0.566,22,0.1642,0.8649,False
Irish,中卦-static,t̪,0.542,45,0.1642,0.8649,False
Irish,艮卦-static,d͡ʒ,1.078,6,0.1692,0.8699,False
Irish,艮卦-dynamic,n,-0.761,45,0.1692,0.8699,False
Irish,震卦-dynamic,l,-0.69,20,0.1692,0.8699,False
Irish,離卦-dynamic,ɔ,-0.862,7,0.1741,0.8829,False
Irish,巽卦-static,d̪,1.661,4,0.199,0.8833,False
Irish,巽卦-static,ə,1.477,12,0.2886,0.8833,False
Irish,兌卦-static,ʊ,1.345,3,0.2985,0.8833,False
Irish,坤卦-static,i͡ə,1.286,3,0.2935,0.8833,False
Irish,坤卦-static,ɔ,1.286,9,0.2239,0.8833,False
Irish,兌卦-static,ɐ,-1.264,5,0.2239,0.8833,False
Irish,兌卦-static,o,1.168,8,0.2289,0.8833,False
Irish,乾卦-static,s,1.147,21,0.1791,0.8833,False
Irish,坎卦-static,p,1.138,10,0.1791,0.8833,False
Irish,乾卦-static,a,-1.066,3,0.199,0.8833,False
Irish,兌卦-static,ə,1.045,23,0.2836,0.8833,False
Irish,坎卦-dynamic,b,-1.012,3,0.1841,0.8833,False
Irish,坤卦-static,x,1.007,11,0.2736,0.8833,False
Irish,坎卦-static,ɑ,1.006,23,0.2488,0.8833,False
Irish,乾卦-static,ɛ,1.0,8,0.2687,0.8833,False
Irish,坎卦-static,d̪,-0.974,3,0.2637,0.8833,False
Irish,坎卦-dynamic,f,0.966,10,0.194,0.8833,False
Irish,乾卦-static,ɔ,-0.957,4,0.2139,0.8833,False
Irish,坎卦-dynamic,o,0.945,13,0.2687,0.8833,False
Irish,乾卦-static,lʲ,-0.938,7,0.2388,0.8833,False
Irish,坎卦-static,m,-0.937,6,0.2338,0.8833,False
Irish,兌卦-static,r,-0.937,9,0.2736,0.8833,False
Irish,離卦-static,o,0.923,18,0.204,0.8833,False
Irish,坎卦-dynamic,r,0.909,29,0.199,0.8833,False
Irish,離卦-dynamic,j,0.891,4,0.2438,0.8833,False
Irish,坎卦-dynamic,d̪,-0.885,4,0.2587,0.8833,False
Irish,乾卦-static,i,-0.879,12,0.2537,0.8833,False
Irish,離卦-static,ə,0.871,54,0.199,0.8833,False
Irish,兌卦-dynamic,a͡ɪ,0.864,6,0.2488,0.8833,False
Irish,離卦-dynamic,s,-0.857,13,0.2139,0.8833,False
Irish,坎卦-dynamic,ɔ,-0.854,5,0.2488,0.8833,False
Irish,離卦-static,m,0.841,23,0.2488,0.8833,False
Irish,艮卦-static,ɪ,-0.825,18,0.1841,0.8833,False
Irish,兌卦-dynamic,i,-0.822,22,0.199,0.8833,False
Irish,坎卦-static,ɪ,-0.819,11,0.2736,0.8833,False
Irish,離卦-dynamic,r,0.814,40,0.2338,0.8833,False
Irish,震卦-dynamic,i,0.812,34,0.1891,0.8833,False
Irish,艮卦-static,x,-0.797,4,0.2438,0.8833,False
Irish,兌卦-dynamic,v,-0.794,4,0.2637,0.8833,False
Irish,離卦-dynamic,ɐ,-0.79,19,0.2239,0.8833,False
Irish,離卦-dynamic,a͡ɪ,0.788,5,0.2886,0.8833,False
Irish,震卦-dynamic,r,0.785,48,0.204,0.8833,False
Irish,離卦-static,ɪ,-0.785,19,0.1891,0.8833,False
Irish,離卦-dynamic,a,0.784,16,0.204,0.8833,False
Irish,兌卦-dynamic,ɐ,-0.782,22,0.2139,0.8833,False
Irish,震卦-static,d͡ʒ,0.778,10,0.199,0.8833,False
Irish,兌卦-dynamic,s,-0.767,16,0.199,0.8833,False
Irish,乾卦-dynamic,h,0.765,17,0.1891,0.8833,False
Irish,離卦-static,t͡ʃ,-0.753,3,0.2886,0.8833,False
Irish,震卦-static,kʲ,0.746,14,0.199,0.8833,False
Irish,艮卦-static,t͡ʃ,-0.741,3,0.2438,0.8833,False
Irish,震卦-dynamic,a,0.738,19,0.1841,0.8833,False
Irish,離卦-dynamic,x,-0.735,5,0.2537,0.8833,False
Irish,兌卦-dynamic,ɹ,-0.735,15,0.2289,0.8833,False
Irish,艮卦-dynamic,u,-0.695,9,0.2637,0.8833,False
Irish,震卦-dynamic,k,-0.684,20,0.209,0.8833,False
Irish,艮卦-static,o,0.675,16,0.2488,0.8833,False
Irish,震卦-static,c,0.67,11,0.2189,0.8833,False
Irish,兌卦-dynamic,d̪,-0.667,8,0.2587,0.8833,False
Irish,離卦-dynamic,d̪,-0.659,7,0.2886,0.8833,False
Irish,坤卦-dynamic,a͡ɪ,0.648,10,0.2786,0.8833,False
Irish,乾卦-dynamic,p,-0.639,9,0.2985,0.8833,False
Irish,乾卦-dynamic,f,-0.628,10,0.2985,0.8833,False
Irish,震卦-static,nʲ,0.618,12,0.2935,0.8833,False
Irish,艮卦-dynamic,l,0.616,50,0.2587,0.8833,False
Irish,震卦-dynamic,x,-0.616,8,0.2587,0.8833,False
Irish,艮卦-static,ɡ,-0.593,10,0.2736,0.8833,False
Irish,坤卦-dynamic,mʲ,0.592,3,0.2836,0.8833,False
Irish,震卦-static,ɐ,0.591,71,0.2239,0.8833,False
Irish,坤卦-dynamic,i͡ə,0.58,12,0.2736,0.8833,False
Irish,乾卦-dynamic,ɡ,-0.577,17,0.2886,0.8833,False
Irish,艮卦-dynamic,x,-0.572,12,0.2786,0.8833,False
Irish,坤卦-dynamic,ʊ,-0.565,4,0.2836,0.8833,False
Irish,震卦-static,d̪,-0.565,14,0.2985,0.8833,False
Irish,坤卦-dynamic,ə,-0.564,78,0.2338,0.8833,False
Irish,震卦-static,ə,-0.547,67,0.2836,0.8833,False
Irish,震卦-static,r,0.542,69,0.2836,0.8833,False
Irish,中卦-static,w,0.54,3,0.2935,0.8833,False
Irish,乾卦-dynamic,k,-0.539,29,0.2886,0.8833,False
Irish,震卦-static,n,-0.536,55,0.2786,0.8833,False
Irish,坤卦-dynamic,m,-0.511,29,0.2438,0.8833,False
Irish,坤卦-dynamic,ɔ,0.502,38,0.2886,0.8833,False
Irish,坤卦-dynamic,f,-0.494,15,0.2836,0.8833,False
Irish,中卦-static,d̪,0.475,32,0.2786,0.8833,False
Irish,震卦-static,l,0.474,53,0.2836,0.8833,False
Irish,中卦-static,ʃ,0.465,43,0.2836,0.8833,False
Irish,離卦-static,i,-0.618,20,0.3035,0.8858,False
Irish,艮卦-dynamic,ɔ,-0.522,16,0.3035,0.8858,False
Irish,巽卦-static,ɹ,1.287,5,0.3085,0.8884,False
Irish,艮卦-static,a,-0.645,7,0.3085,0.8884,False
Irish,震卦-dynamic,ɔ,-0.59,11,0.3085,0.8884,False
Irish,離卦-static,s,-0.74,14,0.3134,0.8908,False
Irish,乾卦-static,a͡ʊ,1.034,6,0.3284,0.9,False
Irish,兌卦-static,u,0.995,7,0.3284,0.9,False
Irish,坎卦-dynamic,n,-0.782,19,0.3284,0.9,False
Irish,兌卦-dynamic,dʲ,0.679,5,0.3333,0.9,False
Irish,坎卦-dynamic,u,-0.662,4,0.3333,0.9,False
Irish,震卦-dynamic,ɹ,0.58,26,0.3333,0.9,False
Irish,乾卦-dynamic,x,0.547,36,0.3333,0.9,False
Irish,艮卦-dynamic,lʲ,0.488,34,0.3333,0.9,False
Irish,坤卦-dynamic,i,-0.444,46,0.3333,0.9,False
Irish,坤卦-dynamic,ʃ,-0.414,26,0.3284,0.9,False
Irish,坤卦-static,t̪,-0.906,4,0.3433,0.9021,False
Irish,坤卦-dynamic,ŋ,0.634,4,0.3433,0.9021,False
Irish,乾卦-dynamic,t͡ʃ,0.607,19,0.3383,0.9021,False
Irish,震卦-static,dʲ,-0.59,3,0.3383,0.9021,False
Irish,艮卦-dynamic,ɐ,-0.514,38,0.3433,0.9021,False
Irish,巽卦-static,f,1.272,3,0.3483,0.9063,False
Irish,艮卦-static,r,-0.572,25,0.3483,0.9063,False
Irish,艮卦-dynamic,nʲ,-0.559,4,0.3483,0.9063,False
Irish,巽卦-static,ɐ,-1.031,3,0.3532,0.9127,False
Irish,坤卦-static,ɑ,-0.875,8,0.3532,0.9127,False
Irish,坎卦-static,b,-0.85,3,0.3532,0.9127,False
Irish,巽卦-dynamic,p,1.501,3,0.3582,0.9189,False
Irish,離卦-dynamic,t̪,0.646,20,0.3632,0.9229,False
Irish,震卦-static,u,0.452,25,0.3632,0.9229,False
Irish,坎卦-static,ɐ,-0.684,12,0.3731,0.9239,False
Irish,坎卦-dynamic,a,-0.679,5,0.3781,0.9239,False
Irish,離卦-static,ɔ,0.593,18,0.3731,0.9239,False
Irish,乾卦-dynamic,a͡ɪ,0.565,7,0.3682,0.9239,False
Irish,離卦-static,ʃ,0.563,19,0.3781,0.9239,False
Irish,兌卦-dynamic,ɑ,-0.528,28,0.3781,0.9239,False
Irish,兌卦-dynamic,o,0.523,18,0.3682,0.9239,False
Irish,中卦-static,ɡʲ,0.511,5,0.3731,0.9239,False
Irish,艮卦-dynamic,dʲ,-0.503,3,0.3781,0.9239,False
Irish,坤卦-dynamic,a͡ʊ,-0.475,4,0.3731,0.9239,False
Irish,中卦-static,ʊ,-0.46,5,0.3731,0.9239,False
Irish,艮卦-dynamic,a,-0.456,14,0.3682,0.9239,False
Irish,巽卦-static,r,-1.078,4,0.3831,0.9297,False
Irish,離卦-static,x,-0.582,7,0.3831,0.9297,False
Irish,艮卦-static,m,-0.493,13,0.3831,0.9297,False
Irish,離卦-static,u,-0.602,6,0.3881,0.9313,False
Irish,坤卦-static,m,0.879,9,0.393,0.935,False
Irish,乾卦-static,m,-0.625,8,0.393,0.935,False
Irish,震卦-dynamic,a͡ʊ,0.479,8,0.393,0.935,False
Irish,坤卦-static,r,-0.81,9,0.403,0.9394,False
Irish,兌卦-static,ɑ,-0.739,9,0.408,0.9394,False
Irish,坎卦-dynamic,ɐ,-0.634,15,0.408,0.9394,False
Irish,中卦-static,mʲ,0.494,3,0.398,0.9394,False
Irish,兌卦-dynamic,t̪,-0.489,15,0.403,0.9394,False
Irish,兌卦-dynamic,x,-0.465,10,0.403,0.9394,False
Irish,坤卦-dynamic,u,-0.417,16,0.408,0.9394,False
Irish,坤卦-dynamic,ɛ,-0.416,10,0.408,0.9394,False
Irish,中卦-static,i,0.315,59,0.408,0.9394,False
Irish,坎卦-dynamic,l,-0.651,12,0.4129,0.9429,False
Irish,乾卦-static,b,-0.641,4,0.4129,0.9429,False
Irish,乾卦-dynamic,v,-0.484,10,0.4129,0.9429,False
Irish,震卦-static,ʃ,-0.355,23,0.4129,0.9429,False
Irish,巽卦-dynamic,ə,-1.336,4,0.4229,0.9458,False
Irish,巽卦-dynamic,r,-1.219,3,0.4378,0.9458,False
Irish,坎卦-dynamic,t͡ʃ,0.735,9,0.4279,0.9458,False
Irish,坎卦-static,a,-0.717,4,0.4179,0.9458,False
Irish,乾卦-static,o,-0.689,5,0.4428,0.9458,False
Irish,乾卦-static,ɑ,-0.613,15,0.4478,0.9458,False
Irish,離卦-dynamic,p,-0.581,6,0.4527,0.9458,False
Irish,坎卦-dynamic,e,0.529,12,0.4527,0.9458,False
Irish,艮卦-static,ɹ,-0.501,14,0.4229,0.9458,False
Irish,兌卦-dynamic,nʲ,-0.501,3,0.4378,0.9458,False
Irish,艮卦-dynamic,i,-0.47,35,0.4229,0.9458,False
Irish,離卦-dynamic,u,-0.47,7,0.4527,0.9458,False
Irish,坤卦-dynamic,v,0.467,32,0.4229,0.9458,False
Irish,艮卦-static,ɐ,-0.441,23,0.4478,0.9458,False
Irish,艮卦-static,d̪,0.431,13,0.4428,0.9458,False
Irish,震卦-dynamic,ʃ,0.424,22,0.4527,0.9458,False
Irish,艮卦-static,f,-0.421,7,0.4279,0.9458,False
Irish,震卦-dynamic,s,-0.417,21,0.4328,0.9458,False
Irish,艮卦-static,t̪,-0.412,13,0.4378,0.9458,False
Irish,震卦-static,lʲ,-0.396,27,0.4428,0.9458,False
Irish,中卦-static,u,0.368,30,0.4527,0.9458,False
Irish,中卦-static,k,-0.308,48,0.4478,0.9458,False
Irish,坤卦-static,b,0.609,5,0.4577,0.9488,False
Irish,乾卦-static,e,0.568,11,0.4627,0.9536,False
Irish,離卦-dynamic,k,0.456,29,0.4627,0.9536,False
Irish,離卦-static,h,-0.533,3,0.4677,0.9584,False
Irish,巽卦-dynamic,ɑ,-1.032,3,0.4876,0.9585,False
Irish,坤卦-static,t͡ʃ,0.793,5,0.4826,0.9585,False
Irish,坤卦-static,ɐ,0.658,15,0.4876,0.9585,False
Irish,坎卦-static,v,-0.61,3,0.4776,0.9585,False
Irish,乾卦-static,l,0.585,19,0.4776,0.9585,False
Irish,坎卦-static,f,-0.511,4,0.4925,0.9585,False
Irish,艮卦-static,ɛ,-0.498,4,0.4876,0.9585,False
Irish,離卦-dynamic,lʲ,-0.482,14,0.4776,0.9585,False
Irish,震卦-dynamic,a͡ɪ,0.479,5,0.4925,0.9585,False
Irish,離卦-static,b,0.436,12,0.4826,0.9585,False
Irish,艮卦-static,lʲ,-0.401,14,0.4925,0.9585,False
Irish,乾卦-dynamic,ɪ,-0.393,39,0.4925,0.9585,False
Irish,兌卦-dynamic,r,-0.391,32,0.4826,0.9585,False
Irish,坤卦-dynamic,o,-0.331,22,0.4925,0.9585,False
Irish,震卦-static,ɡ,-0.319,27,0.4776,0.9585,False
Irish,坤卦-dynamic,s,-0.31,40,0.4776,0.9585,False
Irish,兌卦-static,i,-0.698,8,0.5025,0.9621,False
Irish,兌卦-static,e,0.581,7,0.5274,0.9621,False
Irish,乾卦-static,ɪ,-0.579,14,0.5075,0.9621,False
Irish,坎卦-static,i,-0.573,12,0.5124,0.9621,False
Irish,兌卦-static,x,-0.557,3,0.4975,0.9621,False
Irish,坤卦-static,o,0.533,6,0.5274,0.9621,False
Irish,坎卦-dynamic,ə,0.471,35,0.5224,0.9621,False
Irish,艮卦-dynamic,h,-0.435,6,0.5274,0.9621,False
Irish,離卦-dynamic,m,-0.425,14,0.5025,0.9621,False
Irish,艮卦-static,ə,0.424,47,0.5224,0.9621,False
Irish,離卦-static,ɡ,-0.411,13,0.5124,0.9621,False
Irish,艮卦-static,c,0.408,5,0.5025,0.9621,False
Irish,震卦-dynamic,ɐ,-0.375,30,0.5075,0.9621,False
Irish,艮卦-dynamic,t̪,-0.358,23,0.5174,0.9621,False
Irish,震卦-dynamic,ɡ,0.351,30,0.5025,0.9621,False
Irish,震卦-dynamic,v,-0.35,9,0.5224,0.9621,False
Irish,艮卦-dynamic,r,-0.344,47,0.5025,0.9621,False
Irish,坤卦-dynamic,h,-0.343,9,0.5075,0.9621,False
Irish,中卦-static,u͡ə,-0.342,3,0.5174,0.9621,False
Irish,震卦-dynamic,b,0.333,14,0.5224,0.9621,False
Irish,艮卦-dynamic,ɡ,0.302,40,0.5025,0.9621,False
Irish,坤卦-dynamic,t̪,-0.285,31,0.5174,0.9621,False
Irish,震卦-static,s,-0.263,35,0.5075,0.9621,False
Irish,兌卦-static,k,-0.613,7,0.5323,0.9679,False
Irish,震卦-static,ŋ,0.43,3,0.5323,0.9679,False
Irish,坤卦-static,ɪ,-0.654,8,0.5423,0.9729,False
Irish,乾卦-static,d̪,0.53,9,0.5423,0.9729,False
Irish,乾卦-static,ə,0.524,32,0.5423,0.9729,False
Irish,震卦-dynamic,h,-0.345,5,0.5423,0.9729,False
Irish,乾卦-dynamic,a͡ʊ,-0.344,4,0.5423,0.9729,False
Irish,巽卦-dynamic,l,0.836,5,0.5522,0.9745,False
Irish,坎卦-dynamic,v,-0.551,4,0.5522,0.9745,False
Irish,乾卦-dynamic,i͡ə,0.42,8,0.5522,0.9745,False
Irish,艮卦-dynamic,i͡ə,0.363,8,0.5473,0.9745,False
Irish,艮卦-dynamic,kʲ,0.306,10,0.5522,0.9745,False
Irish,震卦-static,x,-0.271,21,0.5522,0.9745,False
Irish,巽卦-static,k,-0.767,3,0.5672,0.9824,False
Irish,坤卦-static,s,-0.585,6,0.5672,0.9824,False
Irish,乾卦-static,nʲ,0.557,4,0.5622,0.9824,False
Irish,坤卦-static,k,-0.521,7,0.5622,0.9824,False
Irish,坤卦-static,l,-0.518,7,0.5672,0.9824,False
Irish,坤卦-static,ɹ,0.493,8,0.5721,0.9824,False
Irish,坎卦-static,ɡ,-0.49,7,0.5672,0.9824,False
Irish,震卦-dynamic,u,-0.407,9,0.5622,0.9824,False
Irish,乾卦-static,x,0.39,13,0.5672,0.9824,False
Irish,離卦-static,ɐ,0.383,35,0.5721,0.9824,False
Irish,乾卦-dynamic,ʊ,-0.34,4,0.5721,0.9824,False
Irish,乾卦-dynamic,e,-0.336,17,0.5622,0.9824,False
Irish,兌卦-dynamic,ʃ,0.313,20,0.5771,0.9831,False
Irish,艮卦-dynamic,b,0.305,19,0.5771,0.9831,False
Irish,坤卦-dynamic,u͡ə,-0.304,3,0.5771,0.9831,False
Irish,坤卦-dynamic,t͡ʃ,-0.299,13,0.5771,0.9831,False
Irish,坤卦-static,ə,0.494,19,0.5821,0.9885,False
Irish,坤卦-static,lʲ,0.561,8,0.5871,0.9922,False
Irish,乾卦-static,k,-0.478,12,0.5871,0.9922,False
Irish,坎卦-dynamic,k,0.388,20,0.5871,0.9922,False
Irish,艮卦-dynamic,m,-0.365,24,0.592,0.995,False
Irish,震卦-dynamic,lʲ,-0.348,18,0.592,0.995,False
Irish,艮卦-static,s,0.345,24,0.597,0.995,False
Irish,坎卦-dynamic,ʃ,-0.315,9,0.597,0.995,False
Irish,震卦-static,ɛ,0.304,16,0.597,0.995,False
Irish,艮卦-dynamic,e,0.268,25,0.597,0.995,False
Irish,巽卦-dynamic,e,0.867,3,0.6368,1.0,False
Irish,巽卦-dynamic,i,-0.767,3,0.6119,1.0,False
Irish,巽卦-static,ɪ,-0.662,4,0.6269,1.0,False
Irish,巽卦-static,v,0.566,3,0.6915,1.0,False
Irish,巽卦-static,n,0.497,8,0.7264,1.0,False
Irish,兌卦-static,ɔ,0.477,7,0.6617,1.0,False
Irish,兌卦-static,ɡ,-0.463,5,0.602,1.0,False
Irish,坤卦-static,ɡ,-0.416,5,0.6965,1.0,False
Irish,乾卦-static,n,0.413,26,0.7015,1.0,False
Irish,兌卦-static,lʲ,0.389,8,0.7065,1.0,False
Irish,坎卦-static,c,0.382,3,0.7065,1.0,False
Irish,離卦-static,u͡ə,0.381,3,0.6418,1.0,False
Irish,兌卦-static,ɪ,-0.365,10,0.6866,1.0,False
Irish,坎卦-dynamic,d͡ʒ,0.36,3,0.6368,1.0,False
Irish,離卦-static,c,0.36,5,0.6368,1.0,False
Irish,坤卦-static,e,0.359,6,0.6667,1.0,False
Irish,乾卦-static,r,-0.352,18,0.6766,1.0,False
Irish,坤卦-static,u,-0.349,3,0.7114,1.0,False
Irish,離卦-static,ɛ,-0.336,5,0.6468,1.0,False
Irish,坎卦-dynamic,ɪ,0.33,24,0.6418,1.0,False
Irish,震卦-dynamic,t͡ʃ,-0.33,7,0.607,1.0,False
Irish,乾卦-static,ɹ,-0.326,10,0.6517,1.0,False
Irish,坎卦-static,ɛ,-0.325,3,0.7164,1.0,False
Irish,乾卦-dynamic,ɛ,0.324,14,0.6468,1.0,False
Irish,離卦-dynamic,t͡ʃ,0.318,10,0.6617,1.0,False
Irish,離卦-dynamic,h,0.316,8,0.6567,1.0,False
Irish,乾卦-static,u,0.315,8,0.7015,1.0,False
Irish,坎卦-dynamic,t̪,-0.311,10,0.6766,1.0,False
Irish,坎卦-static,l,-0.31,12,0.7114,1.0,False
Irish,兌卦-static,m,-0.309,6,0.7114,1.0,False
Irish,震卦-static,a͡ʊ,-0.304,5,0.6567,1.0,False
Irish,乾卦-dynamic,a,-0.3,15,0.6766,1.0,False
Irish,兌卦-dynamic,j,0.298,3,0.6667,1.0,False
Irish,艮卦-dynamic,t͡ʃ,-0.295,10,0.6119,1.0,False
Irish,坤卦-static,p,-0.293,3,0.6866,1.0,False
Irish,離卦-static,v,-0.277,8,0.7015,1.0,False
Irish,兌卦-dynamic,ɔ,0.258,18,0.6915,1.0,False
Irish,離卦-static,kʲ,-0.256,4,0.7413,1.0,False
Irish,離卦-dynamic,ɑ,-0.253,27,0.7114,1.0,False
Irish,巽卦-dynamic,n,0.25,6,0.8557,1.0,False
Irish,兌卦-dynamic,t͡ʃ,0.25,11,0.6517,1.0,False
Irish,巽卦-static,ɡ,-0.249,3,0.8308,1.0,False
Irish,乾卦-static,ɡ,-0.247,10,0.7662,1.0,False
Irish,艮卦-dynamic,ʊ,0.246,7,0.7512,1.0,False
Irish,震卦-dynamic,j,0.245,3,0.6567,1.0,False
Irish,兌卦-dynamic,e,-0.245,13,0.7413,1.0,False
Irish,震卦-static,a,-0.244,18,0.6119,1.0,False
Irish,艮卦-dynamic,ʃ,0.242,28,0.6169,1.0,False
Irish,坎卦-static,s,0.241,14,0.7811,1.0,False
Irish,中卦-static,d,0.237,3,0.6866,1.0,False
Irish,坎卦-static,lʲ,0.236,11,0.8159,1.0,False
Irish,巽卦-static,lʲ,-0.236,3,0.8706,1.0,False
Irish,離卦-static,l,-0.236,21,0.7363,1.0,False
Irish,震卦-dynamic,o,-0.235,13,0.7264,1.0,False
Irish,艮卦-static,i,0.233,24,0.6468,1.0,False
Irish,乾卦-static,c,0.233,3,0.8159,1.0,False
Irish,坎卦-dynamic,ɛ,-0.23,4,0.7811,1.0,False
Irish,震卦-dynamic,kʲ,-0.23,5,0.6617,1.0,False
Irish,坎卦-static,x,-0.226,7,0.8308,1.0,False
Irish,坤卦-dynamic,j,-0.222,3,0.6915,1.0,False
Irish,坎卦-static,ɔ,-0.22,7,0.7612,1.0,False
Irish,中卦-static,ɹ,-0.22,38,0.6368,1.0,False
Irish,震卦-dynamic,f,-0.219,10,0.7164,1.0,False
Irish,兌卦-dynamic,f,0.217,12,0.6219,1.0,False
Irish,坎卦-static,o,0.215,8,0.7562,1.0,False
Irish,震卦-static,i,0.215,46,0.6766,1.0,False
Irish,巽卦-dynamic,s,-0.211,3,0.8507,1.0,False
Irish,坤卦-dynamic,l,0.204,56,0.6269,1.0,False
Irish,兌卦-dynamic,u͡ə,0.203,3,0.7214,1.0,False
Irish,巽卦-static,m,-0.202,3,0.8657,1.0,False
Irish,兌卦-dynamic,m,-0.202,18,0.7662,1.0,False
Irish,坎卦-dynamic,kʲ,0.201,4,0.8159,1.0,False
Irish,兌卦-dynamic,a͡ʊ,0.198,6,0.7512,1.0,False
Irish,坎卦-dynamic,p,-0.197,6,0.8259,1.0,False
Irish,艮卦-static,a͡ʊ,0.194,5,0.8159,1.0,False
Irish,兌卦-static,t̪,-0.193,6,0.8408,1.0,False
Irish,乾卦-dynamic,l,0.187,41,0.6866,1.0,False
Irish,震卦-dynamic,t̪,-0.186,18,0.7164,1.0,False
Irish,乾卦-dynamic,n,-0.186,54,0.7214,1.0,False
Irish,中卦-static,i͡ə,-0.184,7,0.7313,1.0,False
Irish,坎卦-static,a͡ʊ,0.18,3,0.7612,1.0,False
Irish,離卦-static,a,-0.179,10,0.791,1.0,False
Irish,乾卦-dynamic,dʲ,-0.179,4,0.791,1.0,False
Irish,離卦-dynamic,ʊ,0.173,4,0.8159,1.0,False
Irish,兌卦-static,d̪,-0.173,4,0.8458,1.0,False
Irish,震卦-static,k,-0.172,41,0.7363,1.0,False
Irish,兌卦-dynamic,kʲ,-0.171,5,0.8109,1.0,False
Irish,震卦-static,m,0.169,34,0.7363,1.0,False
Irish,兌卦-dynamic,p,-0.164,10,0.7164,1.0,False
Irish,中卦-static,m,-0.163,37,0.6567,1.0,False
Irish,坤卦-dynamic,d͡ʒ,0.162,8,0.7711,1.0,False
Irish,艮卦-static,u,0.158,11,0.801,1.0,False
Irish,艮卦-dynamic,ɛ,0.158,13,0.7313,1.0,False
Irish,兌卦-dynamic,ɛ,0.157,9,0.791,1.0,False
Irish,乾卦-dynamic,d̪,-0.156,16,0.8557,1.0,False
Irish,離卦-static,f,0.155,10,0.806,1.0,False
Irish,坎卦-static,n,-0.153,20,0.9005,1.0,False
Irish,乾卦-dynamic,ɔ,-0.148,20,0.7861,1.0,False
Irish,坎卦-static,k,0.146,15,0.8308,1.0,False
Irish,震卦-static,ɑ,-0.143,52,0.7463,1.0,False
Irish,離卦-dynamic,ʃ,-0.142,14,0.8159,1.0,False
Irish,艮卦-dynamic,a͡ɪ,-0.14,4,0.7861,1.0,False
Irish,中卦-static,a,0.137,28,0.7512,1.0,False
Irish,艮卦-dynamic,d͡ʒ,0.134,6,0.791,1.0,False
Irish,坤卦-dynamic,d̪,-0.133,22,0.791,1.0,False
Irish,離卦-static,n,0.131,37,0.8209,1.0,False
Irish,艮卦-dynamic,o,-0.13,19,0.796,1.0,False
Irish,震卦-static,h,-0.129,10,0.796,1.0,False
Irish,坎卦-dynamic,ɹ,-0.127,12,0.8905,1.0,False
Irish,離卦-dynamic,l,0.126,25,0.8557,1.0,False
Irish,坤卦-static,a,-0.121,4,0.8806,1.0,False
Irish,艮卦-dynamic,d̪,-0.118,17,0.8806,1.0,False
Irish,中卦-static,v,0.116,27,0.7761,1.0,False
Irish,震卦-static,i͡ə,-0.115,6,0.8955,1.0,False
Irish,坎卦-dynamic,ɡ,0.114,15,0.8806,1.0,False
Irish,離卦-dynamic,o,0.113,13,0.8756,1.0,False
Irish,艮卦-dynamic,p,-0.111,15,0.8856,1.0,False
Irish,坎卦-dynamic,s,0.11,16,0.9005,1.0,False
Irish,坎卦-static,t̪,-0.109,9,0.8657,1.0,False
Irish,震卦-dynamic,d̪,0.109,14,0.8507,1.0,False
Irish,艮卦-static,dʲ,0.108,3,0.9055,1.0,False
Irish,坎卦-static,ɹ,-0.108,10,0.8955,1.0,False
Irish,兌卦-dynamic,c,0.108,5,0.9104,1.0,False
Irish,兌卦-dynamic,k,0.108,29,0.8259,1.0,False
Irish,坤卦-dynamic,ɹ,0.103,40,0.801,1.0,False
Irish,震卦-dynamic,n,-0.101,42,0.8259,1.0,False
Irish,艮卦-static,p,0.1,10,0.9104,1.0,False
Irish,震卦-dynamic,p,-0.1,11,0.8706,1.0,False
Irish,坤卦-dynamic,kʲ,-0.096,10,0.8607,1.0,False
Irish,坤卦-dynamic,ɡ,-0.096,39,0.8159,1.0,False
Irish,中卦-static,x,0.096,38,0.8308,1.0,False
Irish,震卦-static,v,-0.096,18,0.8408,1.0,False
Irish,坤卦-dynamic,r,0.095,71,0.8259,1.0,False
Irish,震卦-static,b,0.09,19,0.8706,1.0,False
Irish,中卦-static,ɛ,-0.087,15,0.8955,1.0,False
Irish,兌卦-dynamic,d͡ʒ,0.086,4,0.8706,1.0,False
Irish,離卦-static,a͡ɪ,0.085,3,0.8806,1.0,False
Irish,坤卦-dynamic,n,0.081,80,0.8557,1.0,False
Irish,震卦-dynamic,ɪ,0.08,37,0.8856,1.0,False
Irish,坎卦-static,e,0.079,8,0.9254,1.0,False
Irish,巽卦-static,ʃ,0.079,3,0.9652,1.0,False
Irish,乾卦-dynamic,ʃ,0.078,25,0.8955,1.0,False
Irish,坤卦-static,d̪,-0.077,4,0.9154,1.0,False
Irish,艮卦-static,b,-0.076,9,0.9353,1.0,False
Irish,震卦-static,ɹ,-0.076,32,0.9005,1.0,False
Irish,兌卦-static,v,-0.076,4,0.9602,1.0,False
Irish,中卦-static,a͡ʊ,-0.07,9,0.8905,1.0,False
Irish,艮卦-static,ʃ,-0.069,14,0.9055,1.0,False
Irish,中卦-static,ɐ,0.066,72,0.9104,1.0,False
Irish,艮卦-dynamic,ɑ,0.063,50,0.9453,1.0,False
Irish,震卦-static,o,-0.061,22,0.8955,1.0,False
Irish,兌卦-dynamic,l,0.061,28,0.9005,1.0,False
Irish,乾卦-static,t̪,-0.06,10,0.9403,1.0,False
Irish,艮卦-static,e,0.057,13,0.9353,1.0,False
Irish,乾卦-dynamic,ɹ,0.057,29,0.9104,1.0,False
Irish,中卦-static,ə,-0.054,99,0.8856,1.0,False
Irish,離卦-dynamic,dʲ,0.053,3,0.9453,1.0,False
Irish,艮卦-static,n,-0.052,34,0.9303,1.0,False
Irish,震卦-static,ɔ,0.051,26,0.8905,1.0,False
Irish,乾卦-dynamic,u,0.045,17,0.9701,1.0,False
Irish,離卦-dynamic,b,0.043,10,0.9751,1.0,False
Irish,中卦-static,ɔ,-0.04,31,0.9353,1.0,False
Irish,乾卦-dynamic,d͡ʒ,-0.04,5,0.9453,1.0,False
Irish,坤卦-dynamic,e,0.038,29,0.9204,1.0,False
Irish,震卦-static,f,-0.036,17,0.9403,1.0,False
Irish,震卦-dynamic,c,0.034,5,0.9502,1.0,False
Irish,乾卦-dynamic,m,-0.032,27,0.9254,1.0,False
Irish,震卦-static,ɪ,-0.031,54,0.9701,1.0,False
Irish,艮卦-dynamic,v,0.028,18,0.9751,1.0,False
Irish,離卦-static,t̪,0.026,16,0.9851,1.0,False
Irish,乾卦-dynamic,s,-0.025,34,0.9502,1.0,False
Irish,乾卦-static,h,0.019,4,0.995,1.0,False
Irish,震卦-static,u͡ə,0.018,4,0.9602,1.0,False
Irish,兌卦-dynamic,u,0.016,12,0.9751,1.0,False
Irish,離卦-dynamic,e,-0.012,13,0.995,1.0,False
Irish,中卦-static,nʲ,-0.011,10,0.99,1.0,False
Irish,艮卦-dynamic,a͡ʊ,-0.002,7,0.99,1.0,False
Irish,巽卦-dynamic,ɡ,-0.002,3,1.0,1.0,False
Irish,離卦-static,lʲ,-0.001,17,1.0,1.0,False
Italian,乾卦-static,s,2.912,17,0.005,0.4142,False
Italian,艮卦-static,l,2.661,75,0.005,0.4142,False
Italian,兌卦-dynamic,r,2.354,278,0.005,0.4142,False
Italian,震卦-static,ɾ,2.332,18,0.005,0.4142,False
Italian,震卦-dynamic,v,2.3,23,0.005,0.4142,False
Italian,兌卦-dynamic,e,1.887,286,0.005,0.4142,False
Italian,兌卦-dynamic,j,1.66,23,0.005,0.4142,False
Italian,坎卦-dynamic,ʎ,3.038,5,0.01,0.4418,False
Italian,震卦-dynamic,ɪ,2.159,18,0.01,0.4418,False
Italian,離卦-dynamic,e,2.107,234,0.01,0.4418,False
Italian,艮卦-static,i,-1.804,28,0.01,0.4418,False
Italian,離卦-dynamic,r,1.632,181,0.01,0.4418,False
Italian,兌卦-dynamic,n,-1.355,60,0.01,0.4418,False
Italian,兌卦-dynamic,o,-1.297,88,0.01,0.4418,False
Italian,中卦-static,b,1.652,37,0.0149,0.6213,False
Italian,巽卦-static,ʃ,3.368,3,0.0299,0.6497,False
Italian,兌卦-static,i,3.0,16,0.0199,0.6497,False
Italian,巽卦-dynamic,ʊ,2.767,9,0.0199,0.6497,False
Italian,坎卦-static,ŋ,2.693,3,0.0249,0.6497,False
Italian,兌卦-static,ɔ,2.575,5,0.0498,0.6497,False
Italian,乾卦-static,z,2.508,6,0.0249,0.6497,False
Italian,乾卦-static,ɡ,2.089,6,0.0249,0.6497,False
Italian,乾卦-static,m,1.959,12,0.0448,0.6497,False
Italian,艮卦-dynamic,ɾ,1.856,7,0.0249,0.6497,False
Italian,坎卦-static,t,1.818,29,0.0448,0.6497,False
Italian,離卦-static,d,-1.764,5,0.0299,0.6497,False
Italian,震卦-dynamic,z,1.682,14,0.0398,0.6497,False
Italian,乾卦-dynamic,t͡ʃ,1.641,24,0.0299,0.6497,False
Italian,艮卦-static,t͡ʃ,1.522,16,0.0498,0.6497,False
Italian,離卦-static,m,1.497,34,0.0348,0.6497,False
Italian,離卦-dynamic,l,-1.487,24,0.0348,0.6497,False
Italian,離卦-static,n,-1.415,30,0.0398,0.6497,False
Italian,震卦-dynamic,ɾ,1.389,6,0.0498,0.6497,False
Italian,兌卦-dynamic,ɾ,1.368,12,0.0299,0.6497,False
Italian,震卦-dynamic,o,-1.353,42,0.0448,0.6497,False
Italian,乾卦-dynamic,s,-1.314,21,0.0498,0.6497,False
Italian,震卦-static,a,1.301,247,0.0199,0.6497,False
Italian,坤卦-dynamic,b,1.284,37,0.0348,0.6497,False
Italian,震卦-dynamic,a,1.275,119,0.0398,0.6497,False
Italian,離卦-dynamic,b,-1.272,3,0.0498,0.6497,False
Italian,兌卦-dynamic,d͡ʒ,1.142,22,0.0348,0.6497,False
Italian,兌卦-dynamic,l,-1.137,44,0.0299,0.6497,False
Italian,兌卦-dynamic,a,1.129,234,0.0348,0.6497,False
Italian,兌卦-dynamic,i,-1.046,88,0.0348,0.6497,False
Italian,震卦-static,ɛ,0.934,62,0.0398,0.6497,False
Italian,坤卦-dynamic,d͡ʒ,0.913,23,0.0448,0.6497,False
Italian,坤卦-static,ɲ,2.077,4,0.0547,0.6509,False
Italian,離卦-dynamic,ɡ,-1.211,5,0.0547,0.6509,False
Italian,離卦-dynamic,o,-1.19,73,0.0547,0.6509,False
Italian,兌卦-dynamic,ɛ,-1.018,12,0.0547,0.6509,False
Italian,坤卦-dynamic,o,0.944,249,0.0547,0.6509,False
Italian,乾卦-static,d͡z,2.68,4,0.0697,0.6822,False
Italian,乾卦-static,n,2.011,23,0.0697,0.6822,False
Italian,乾卦-static,ɛ,1.733,13,0.0697,0.6822,False
Italian,坎卦-dynamic,t͡ʃ,1.708,7,0.0697,0.6822,False
Italian,乾卦-dynamic,j,1.04,11,0.0647,0.6822,False
Italian,離卦-dynamic,n,1.039,92,0.0697,0.6822,False
Italian,兌卦-dynamic,t,-0.935,56,0.0647,0.6822,False
Italian,兌卦-dynamic,u,-0.935,4,0.0697,0.6822,False
Italian,兌卦-dynamic,ɔ,-0.913,9,0.0647,0.6822,False
Italian,坤卦-dynamic,m,0.818,63,0.0697,0.6822,False
Italian,坤卦-static,ʊ,1.972,9,0.0746,0.6903,False
Italian,坤卦-dynamic,t,0.835,140,0.0746,0.6903,False
Italian,坤卦-static,ʃ,1.753,3,0.0796,0.7069,False
Italian,兌卦-dynamic,k,-0.93,45,0.0796,0.7069,False
Italian,巽卦-static,ɲ,2.79,3,0.0846,0.7222,False
Italian,坤卦-dynamic,v,0.847,33,0.0846,0.7222,False
Italian,坎卦-static,s,1.796,16,0.0896,0.7273,False
Italian,離卦-static,ɡ,1.241,15,0.0896,0.7273,False
Italian,艮卦-dynamic,r,1.146,96,0.0896,0.7273,False
Italian,乾卦-dynamic,d,-1.018,14,0.0945,0.7495,False
Italian,離卦-dynamic,ɔ,-0.911,7,0.0945,0.7495,False
Italian,兌卦-dynamic,v,0.798,28,0.0995,0.7796,False
Italian,巽卦-dynamic,n,-2.07,5,0.1144,0.7874,False
Italian,艮卦-static,d͡ʒ,1.171,9,0.1095,0.7874,False
Italian,乾卦-dynamic,v,1.026,18,0.1194,0.7874,False
Italian,離卦-static,a,1.0,117,0.1194,0.7874,False
Italian,離卦-static,k,0.99,52,0.1045,0.7874,False
Italian,離卦-static,t,0.984,65,0.1194,0.7874,False
Italian,艮卦-static,m,0.951,23,0.1194,0.7874,False
Italian,離卦-dynamic,u,-0.942,3,0.1144,0.7874,False
Italian,中卦-static,s͡s,0.772,17,0.1194,0.7874,False
Italian,震卦-static,b,0.771,27,0.1095,0.7874,False
Italian,中卦-static,f,-0.751,14,0.1045,0.7874,False
Italian,乾卦-static,ɪ,1.674,5,0.1244,0.7965,False
Italian,巽卦-dynamic,p,1.668,10,0.1244,0.7965,False
Italian,乾卦-static,l,-1.487,5,0.1244,0.7965,False
Italian,艮卦-static,o,1.064,90,0.1294,0.8205,False
Italian,巽卦-dynamic,ɡ,1.749,4,0.1343,0.8208,False
Italian,乾卦-dynamic,b,-0.847,5,0.1343,0.8208,False
Italian,坤卦-dynamic,k,-0.692,60,0.1343,0.8208,False
Italian,兌卦-static,a,-2.05,8,0.1692,0.8532,False
Italian,坤卦-static,ʎ,1.824,3,0.1542,0.8532,False
Italian,巽卦-static,l,1.608,13,0.1891,0.8532,False
Italian,坎卦-dynamic,ɪ,1.58,5,0.1642,0.8532,False
Italian,乾卦-static,o,1.505,40,0.1443,0.8532,False
Italian,坤卦-static,k,-1.304,5,0.199,0.8532,False
Italian,震卦-dynamic,ɡ,-1.036,4,0.1493,0.8532,False
Italian,艮卦-dynamic,d,0.953,29,0.1642,0.8532,False
Italian,艮卦-dynamic,ɔ,-0.949,4,0.1542,0.8532,False
Italian,艮卦-dynamic,k,-0.946,21,0.1791,0.8532,False
Italian,艮卦-static,s,-0.941,17,0.1592,0.8532,False
Italian,艮卦-dynamic,s,0.887,34,0.2139,0.8532,False
Italian,艮卦-dynamic,o,-0.871,53,0.2139,0.8532,False
Italian,震卦-dynamic,p,0.871,34,0.1741,0.8532,False
Italian,艮卦-dynamic,m,-0.869,12,0.1642,0.8532,False
Italian,艮卦-static,ɡ,-0.841,4,0.204,0.8532,False
Italian,乾卦-dynamic,t,0.839,71,0.1642,0.8532,False
Italian,離卦-dynamic,s,-0.831,34,0.1542,0.8532,False
Italian,震卦-dynamic,f,-0.821,6,0.209,0.8532,False
Italian,乾卦-dynamic,p,-0.814,20,0.2139,0.8532,False
Italian,震卦-dynamic,k,-0.811,24,0.1791,0.8532,False
Italian,離卦-dynamic,ʊ,-0.803,6,0.1692,0.8532,False
Italian,乾卦-dynamic,a,0.789,128,0.2139,0.8532,False
Italian,乾卦-dynamic,d͡ʒ,0.789,11,0.209,0.8532,False
Italian,離卦-dynamic,a,-0.787,116,0.1592,0.8532,False
Italian,艮卦-dynamic,e,0.772,97,0.2139,0.8532,False
Italian,兌卦-dynamic,s,-0.761,45,0.1493,0.8532,False
Italian,離卦-dynamic,t͡ʃ,-0.725,9,0.1791,0.8532,False
Italian,兌卦-dynamic,b,-0.716,10,0.1642,0.8532,False
Italian,震卦-static,j,0.714,17,0.1592,0.8532,False
Italian,乾卦-dynamic,l,0.712,66,0.209,0.8532,False
Italian,坤卦-dynamic,ʊ,-0.665,12,0.1493,0.8532,False
Italian,震卦-static,i,-0.65,100,0.1791,0.8532,False
Italian,中卦-static,o,0.635,203,0.1741,0.8532,False
Italian,坤卦-dynamic,e,-0.625,121,0.1592,0.8532,False
Italian,震卦-static,t͡ʃ,0.621,29,0.1791,0.8532,False
Italian,震卦-static,e,-0.601,109,0.1841,0.8532,False
Italian,中卦-static,z,0.594,17,0.1692,0.8532,False
Italian,中卦-static,v,0.585,26,0.194,0.8532,False
Italian,坤卦-dynamic,j,0.562,18,0.204,0.8532,False
Italian,中卦-static,d͡ʒ,0.543,17,0.1891,0.8532,False
Italian,中卦-static,m,0.539,51,0.209,0.8532,False
Italian,坤卦-dynamic,p,-0.495,47,0.2139,0.8532,False
Italian,震卦-static,ɪ,-0.582,6,0.2189,0.8678,False
Italian,離卦-dynamic,i,0.82,104,0.2239,0.872,False
Italian,艮卦-static,n,-0.775,30,0.2239,0.872,False
Italian,離卦-dynamic,d͡ʒ,0.705,14,0.2239,0.872,False
Italian,巽卦-dynamic,d͡ʒ,1.53,3,0.2289,0.876,False
Italian,艮卦-static,e,-0.81,37,0.2289,0.876,False
Italian,坎卦-dynamic,k,1.407,19,0.2388,0.8986,False
Italian,震卦-static,d,-0.581,33,0.2388,0.8986,False
Italian,坤卦-dynamic,s,-0.546,56,0.2388,0.8986,False
Italian,中卦-dynamic,k,2.635,3,0.3184,0.9114,False
Italian,兌卦-static,p,1.534,7,0.2587,0.9114,False
Italian,巽卦-static,b,1.438,3,0.2935,0.9114,False
Italian,巽卦-dynamic,z,1.423,3,0.3035,0.9114,False
Italian,坤卦-static,ɪ,1.335,4,0.2537,0.9114,False
Italian,兌卦-static,f,1.302,5,0.3831,0.9114,False
Italian,巽卦-dynamic,t,-1.301,5,0.2935,0.9114,False
Italian,巽卦-dynamic,v,1.286,4,0.3035,0.9114,False
Italian,乾卦-static,e,-1.22,10,0.2736,0.9114,False
Italian,兌卦-static,r,-1.199,5,0.3682,0.9114,False
Italian,坤卦-static,p,1.17,11,0.2985,0.9114,False
Italian,坤卦-static,m,-1.16,3,0.2687,0.9114,False
Italian,巽卦-dynamic,r,1.155,24,0.3831,0.9114,False
Italian,兌卦-static,k,1.136,9,0.4478,0.9114,False
Italian,坤卦-static,f,1.103,8,0.3234,0.9114,False
Italian,坎卦-static,e,-1.099,13,0.2786,0.9114,False
Italian,乾卦-static,a,-1.09,22,0.3035,0.9114,False
Italian,坎卦-static,n,1.077,22,0.3035,0.9114,False
Italian,巽卦-static,r,-1.057,6,0.4179,0.9114,False
Italian,坎卦-dynamic,t,-0.993,9,0.3632,0.9114,False
Italian,乾卦-static,p,-0.972,5,0.3234,0.9114,False
Italian,坤卦-static,d͡ʒ,0.965,3,0.3831,0.9114,False
Italian,巽卦-static,i,-0.964,8,0.4726,0.9114,False
Italian,坤卦-static,e,-0.947,12,0.3781,0.9114,False
Italian,巽卦-dynamic,d,-0.936,3,0.4378,0.9114,False
Italian,巽卦-dynamic,i,0.896,16,0.4328,0.9114,False
Italian,坎卦-static,o,0.877,39,0.398,0.9114,False
Italian,坤卦-static,o,0.857,31,0.4627,0.9114,False
Italian,坤卦-static,d,-0.847,4,0.4328,0.9114,False
Italian,坎卦-dynamic,o,-0.846,19,0.4726,0.9114,False
Italian,坤卦-static,ɔ,0.84,5,0.4129,0.9114,False
Italian,坤卦-static,r,-0.829,12,0.4328,0.9114,False
Italian,坎卦-dynamic,e,0.826,35,0.4577,0.9114,False
Italian,艮卦-dynamic,j,-0.81,3,0.2687,0.9114,False
Italian,艮卦-static,ʎ,0.799,5,0.2736,0.9114,False
Italian,艮卦-dynamic,n,-0.777,35,0.2637,0.9114,False
Italian,坎卦-static,m,-0.768,5,0.4279,0.9114,False
Italian,乾卦-static,t͡s,0.764,5,0.4677,0.9114,False
Italian,艮卦-static,a,0.759,88,0.2537,0.9114,False
Italian,震卦-dynamic,b,0.758,13,0.2438,0.9114,False
Italian,乾卦-dynamic,r,-0.737,51,0.2687,0.9114,False
Italian,震卦-dynamic,d,0.696,28,0.2637,0.9114,False
Italian,艮卦-static,ɛ,0.685,22,0.3532,0.9114,False
Italian,艮卦-dynamic,b,0.683,12,0.3483,0.9114,False
Italian,震卦-dynamic,s,-0.672,23,0.2836,0.9114,False
Italian,離卦-static,l,0.667,57,0.3085,0.9114,False
Italian,乾卦-dynamic,ʊ,0.66,21,0.3035,0.9114,False
Italian,震卦-dynamic,t,-0.646,33,0.3383,0.9114,False
Italian,離卦-static,ɔ,0.645,16,0.2488,0.9114,False
Italian,艮卦-static,t,-0.643,27,0.3284,0.9114,False
Italian,艮卦-dynamic,a,0.628,100,0.3333,0.9114,False
Italian,艮卦-static,b,0.62,10,0.3184,0.9114,False
Italian,離卦-static,e,-0.618,54,0.3085,0.9114,False
Italian,離卦-static,o,0.616,101,0.3333,0.9114,False
Italian,艮卦-dynamic,u,-0.609,5,0.3682,0.9114,False
Italian,乾卦-dynamic,ɛ,-0.607,13,0.3284,0.9114,False
Italian,艮卦-dynamic,ɡ,0.601,11,0.3831,0.9114,False
Italian,震卦-dynamic,r,0.599,84,0.3632,0.9114,False
Italian,震卦-static,ʊ,-0.596,12,0.2786,0.9114,False
Italian,乾卦-dynamic,i,0.585,75,0.3881,0.9114,False
Italian,震卦-dynamic,l,-0.583,32,0.3433,0.9114,False
Italian,離卦-dynamic,k,-0.574,43,0.3433,0.9114,False
Italian,兌卦-dynamic,ɪ,-0.57,6,0.2637,0.9114,False
Italian,艮卦-static,ʊ,-0.563,5,0.4129,0.9114,False
Italian,中卦-static,t͡ʃ,-0.56,14,0.2537,0.9114,False
Italian,震卦-dynamic,u,-0.534,6,0.3881,0.9114,False
Italian,離卦-static,v,-0.527,6,0.4428,0.9114,False
Italian,坤卦-dynamic,ɔ,0.522,34,0.2736,0.9114,False
Italian,離卦-dynamic,ɲ,0.521,10,0.408,0.9114,False
Italian,艮卦-dynamic,p,-0.518,19,0.4428,0.9114,False
Italian,震卦-static,l,0.517,108,0.2687,0.9114,False
Italian,離卦-dynamic,v,0.514,19,0.408,0.9114,False
Italian,中卦-static,l,-0.51,69,0.2537,0.9114,False
Italian,震卦-dynamic,n,-0.506,40,0.4677,0.9114,False
Italian,中卦-static,i,-0.499,104,0.2687,0.9114,False
Italian,坤卦-dynamic,t͡s,-0.495,3,0.2786,0.9114,False
Italian,中卦-static,ʊ,-0.495,14,0.2886,0.9114,False
Italian,離卦-dynamic,f,-0.493,15,0.4129,0.9114,False
Italian,震卦-static,ŋ,0.489,6,0.398,0.9114,False
Italian,中卦-static,ŋ,0.487,6,0.3134,0.9114,False
Italian,兌卦-dynamic,z,-0.485,5,0.3532,0.9114,False
Italian,乾卦-dynamic,z,0.483,9,0.3483,0.9114,False
Italian,坤卦-dynamic,n,0.476,121,0.3035,0.9114,False
Italian,中卦-static,r,-0.474,106,0.2886,0.9114,False
Italian,震卦-dynamic,m,0.464,24,0.4428,0.9114,False
Italian,震卦-static,ɲ,-0.456,4,0.3184,0.9114,False
Italian,乾卦-dynamic,n,0.456,61,0.4179,0.9114,False
Italian,艮卦-static,j,0.449,6,0.4627,0.9114,False
Italian,震卦-dynamic,ɔ,0.439,14,0.403,0.9114,False
Italian,震卦-static,f,-0.438,21,0.3333,0.9114,False
Italian,兌卦-dynamic,t͡s,-0.433,4,0.3532,0.9114,False
Italian,震卦-static,p,0.43,61,0.3781,0.9114,False
Italian,乾卦-dynamic,e,-0.418,70,0.4776,0.9114,False
Italian,兌卦-dynamic,f,-0.417,21,0.4378,0.9114,False
Italian,中卦-static,w,0.415,20,0.3731,0.9114,False
Italian,震卦-static,n,-0.411,85,0.4279,0.9114,False
Italian,兌卦-dynamic,ʎ,-0.396,3,0.4428,0.9114,False
Italian,震卦-static,r,-0.392,111,0.4179,0.9114,False
Italian,坤卦-dynamic,f,-0.387,25,0.4179,0.9114,False
Italian,中卦-static,ʃ,-0.36,3,0.4776,0.9114,False
Italian,震卦-static,t,0.356,106,0.398,0.9114,False
Italian,坤卦-dynamic,r,-0.354,128,0.398,0.9114,False
Italian,坤卦-dynamic,ɪ,-0.331,10,0.4726,0.9114,False
Italian,中卦-static,ɾ,0.311,6,0.4627,0.9114,False
Italian,坤卦-dynamic,i,-0.294,123,0.4677,0.9114,False
Italian,坤卦-dynamic,ɛ,0.274,51,0.4677,0.9114,False
Italian,巽卦-static,k,0.984,9,0.4826,0.9183,False
Italian,巽卦-static,t͡ʃ,1.055,3,0.5174,0.9204,False
Italian,兌卦-static,n,0.992,10,0.5224,0.9204,False
Italian,巽卦-dynamic,e,0.75,24,0.4925,0.9204,False
Italian,坎卦-static,f,-0.631,3,0.5224,0.9204,False
Italian,艮卦-dynamic,ɛ,-0.479,12,0.5174,0.9204,False
Italian,乾卦-dynamic,m,0.431,28,0.5124,0.9204,False
Italian,艮卦-dynamic,z,0.43,7,0.5224,0.9204,False
Italian,離卦-dynamic,p,0.414,46,0.5025,0.9204,False
Italian,離卦-dynamic,ɛ,-0.361,22,0.5124,0.9204,False
Italian,震卦-static,m,0.319,47,0.5124,0.9204,False
Italian,坤卦-dynamic,d͡z,-0.307,3,0.5224,0.9204,False
Italian,震卦-static,ɔ,0.307,27,0.5025,0.9204,False
Italian,離卦-static,ɛ,-0.403,14,0.5274,0.9243,False
Italian,兌卦-dynamic,ʃ,-0.351,3,0.5274,0.9243,False
Italian,乾卦-static,d,0.653,9,0.5323,0.9281,False
Italian,兌卦-static,t,1.049,11,0.5572,0.9314,False
Italian,坎卦-dynamic,i,0.721,22,0.5622,0.9314,False
Italian,坤卦-static,ɛ,0.684,8,0.5522,0.9314,False
Italian,坎卦-dynamic,ʊ,0.659,6,0.5622,0.9314,False
Italian,乾卦-static,r,-0.646,15,0.5572,0.9314,False
Italian,坤卦-static,s,0.64,10,0.5522,0.9314,False
Italian,艮卦-dynamic,l,-0.384,34,0.5572,0.9314,False
Italian,震卦-dynamic,t͡ʃ,-0.359,8,0.5622,0.9314,False
Italian,乾卦-dynamic,f,0.34,22,0.5522,0.9314,False
Italian,艮卦-dynamic,ɪ,0.414,8,0.5721,0.9362,False
Italian,中卦-static,ɛ,-0.285,31,0.5721,0.9362,False
Italian,中卦-static,d,0.237,49,0.5721,0.9362,False
Italian,坎卦-dynamic,a,-0.651,26,0.5871,0.9376,False
Italian,坎卦-dynamic,n,0.593,18,0.5821,0.9376,False
Italian,坎卦-dynamic,l,-0.551,11,0.5871,0.9376,False
Italian,艮卦-static,r,-0.387,44,0.5871,0.9376,False
Italian,離卦-dynamic,s͡s,-0.324,3,0.5871,0.9376,False
Italian,兌卦-static,o,0.869,18,0.592,0.9388,False
Italian,坎卦-dynamic,d,-0.704,5,0.592,0.9388,False
Italian,坤卦-dynamic,ɾ,-0.25,3,0.592,0.9388,False
Italian,艮卦-dynamic,d͡ʒ,-0.358,4,0.607,0.9512,False
Italian,乾卦-dynamic,t͡s,-0.307,4,0.607,0.9512,False
Italian,兌卦-dynamic,ɡ,0.245,20,0.602,0.9512,False
Italian,離卦-dynamic,d,-0.243,30,0.607,0.9512,False
Italian,巽卦-static,ɔ,0.823,3,0.6318,0.9586,False
Italian,坎卦-dynamic,ɛ,-0.539,4,0.6269,0.9586,False
Italian,震卦-dynamic,i,0.298,60,0.6318,0.9586,False
Italian,艮卦-static,v,-0.272,6,0.6269,0.9586,False
Italian,震卦-dynamic,d͡ʒ,0.271,7,0.6318,0.9586,False
Italian,坤卦-dynamic,d,0.228,55,0.6169,0.9586,False
Italian,坤卦-dynamic,a,0.224,224,0.6269,0.9586,False
Italian,震卦-static,ɡ,-0.223,16,0.6169,0.9586,False
Italian,巽卦-dynamic,k,-0.726,6,0.6368,0.9595,False
Italian,兌卦-static,e,-0.612,9,0.6368,0.9595,False
Italian,乾卦-dynamic,ɲ,-0.323,3,0.6368,0.9595,False
Italian,中卦-dynamic,e,1.384,5,0.6915,0.9635,False
Italian,巽卦-static,d,0.68,5,0.6617,0.9635,False
Italian,巽卦-static,t,0.597,10,0.6766,0.9635,False
Italian,巽卦-static,o,0.515,17,0.6468,0.9635,False
Italian,坤卦-static,t,0.495,16,0.6716,0.9635,False
Italian,坤卦-static,a,-0.479,24,0.6816,0.9635,False
Italian,坎卦-static,ɡ,0.432,4,0.6915,0.9635,False
Italian,坎卦-static,k,-0.427,11,0.6816,0.9635,False
Italian,坎卦-static,ɔ,0.361,5,0.6716,0.9635,False
Italian,離卦-static,b,0.323,11,0.6816,0.9635,False
Italian,艮卦-dynamic,i,-0.319,50,0.6468,0.9635,False
Italian,震卦-dynamic,t͡s,0.286,10,0.6866,0.9635,False
Italian,離卦-static,u,-0.265,9,0.6667,0.9635,False
Italian,中卦-static,d͡z,-0.262,3,0.6617,0.9635,False
Italian,乾卦-dynamic,ɔ,0.255,15,0.6617,0.9635,False
Italian,離卦-dynamic,j,-0.222,8,0.6866,0.9635,False
Italian,中卦-static,u,0.218,28,0.6667,0.9635,False
Italian,兌卦-dynamic,t͡ʃ,-0.212,18,0.6617,0.9635,False
Italian,中卦-static,e,-0.197,139,0.6816,0.9635,False
Italian,中卦-static,ɡ,0.194,20,0.6667,0.9635,False
Italian,震卦-static,v,0.191,21,0.6915,0.9635,False
Italian,震卦-static,u,-0.166,20,0.6866,0.9635,False
Italian,艮卦-dynamic,v,-0.272,7,0.6965,0.9664,False
Italian,巽卦-static,e,-0.518,10,0.7015,0.9693,False
Italian,兌卦-static,ʊ,0.625,3,0.7214,0.9753,False
Italian,巽卦-dynamic,s,-0.396,6,0.7214,0.9753,False
Italian,離卦-static,j,0.274,7,0.7164,0.9753,False
Italian,乾卦-dynamic,d͡z,0.265,4,0.7214,0.9753,False
Italian,震卦-dynamic,ʊ,-0.261,9,0.7114,0.9753,False
Italian,乾卦-dynamic,k,-0.249,38,0.7164,0.9753,False
Italian,艮卦-static,u,0.212,11,0.7214,0.9753,False
Italian,離卦-dynamic,ʎ,0.209,6,0.7264,0.9753,False
Italian,艮卦-static,f,0.203,14,0.7264,0.9753,False
Italian,坎卦-static,b,0.348,4,0.7313,0.9781,False
Italian,震卦-static,o,-0.182,155,0.7313,0.9781,False
Italian,巽卦-dynamic,t͡ʃ,0.391,3,0.7413,0.981,False
Italian,坎卦-static,a,-0.358,31,0.7413,0.981,False
Italian,離卦-dynamic,w,-0.228,4,0.7413,0.981,False
Italian,乾卦-dynamic,ɪ,-0.187,6,0.7363,0.981,False
Italian,兌卦-dynamic,d,-0.175,40,0.7512,0.981,False
Italian,震卦-static,t͡s,0.171,18,0.7512,0.981,False
Italian,坤卦-dynamic,t͡ʃ,0.152,26,0.7463,0.981,False
Italian,震卦-static,z,0.142,12,0.7512,0.981,False
Italian,兌卦-dynamic,s͡s,-0.14,6,0.7512,0.981,False
Italian,坤卦-dynamic,ɡ,-0.135,19,0.7562,0.9856,False
Italian,坤卦-static,l,-0.311,11,0.7612,0.9882,False
Italian,離卦-static,s,-0.174,28,0.7612,0.9882,False
Italian,乾卦-static,k,-0.354,10,0.7662,0.9927,False
Italian,巽卦-static,u,0.536,3,0.7761,0.994,False
Italian,巽卦-dynamic,o,-0.306,17,0.7711,0.994,False
Italian,坎卦-static,l,-0.276,14,0.7761,0.994,False
Italian,震卦-dynamic,ɛ,0.203,21,0.7761,0.994,False
Italian,離卦-static,p,-0.197,24,0.7761,0.994,False
Italian,中卦-static,j,0.13,13,0.7761,0.994,False
Italian,巽卦-static,a,0.415,18,0.7861,0.9965,False
Italian,巽卦-dynamic,m,-0.374,4,0.796,0.9965,False
Italian,巽卦-static,n,0.33,9,0.7861,0.9965,False
Italian,巽卦-dynamic,a,-0.324,20,0.791,0.9965,False
Italian,坎卦-static,d,-0.277,7,0.7811,0.9965,False
Italian,乾卦-static,t,-0.271,13,0.791,0.9965,False
Italian,坎卦-dynamic,m,-0.263,6,0.806,0.9965,False
Italian,坎卦-dynamic,s,-0.221,9,0.8109,0.9965,False
Italian,艮卦-static,p,0.174,22,0.7861,0.9965,False
Italian,兌卦-dynamic,p,0.153,54,0.7811,0.9965,False
Italian,中卦-static,a,0.138,195,0.8109,0.9965,False
Italian,中卦-static,p,0.138,55,0.8109,0.9965,False
Italian,離卦-static,f,0.137,17,0.801,0.9965,False
Italian,離卦-dynamic,t,0.133,74,0.806,0.9965,False
Italian,坤卦-dynamic,ɲ,-0.127,8,0.801,0.9965,False
Italian,坎卦-dynamic,r,0.274,25,0.8159,0.9989,False
Italian,中卦-static,ɪ,0.119,14,0.8159,0.9989,False
Italian,兌卦-static,m,-0.301,3,0.8259,1.0,False
Italian,坎卦-dynamic,f,0.262,6,0.8557,1.0,False
Italian,坎卦-static,ɛ,0.246,8,0.8358,1.0,False
Italian,乾卦-static,ʊ,-0.24,3,0.8358,1.0,False
Italian,坎卦-static,i,0.231,22,0.8408,1.0,False
Italian,坎卦-static,r,0.227,27,0.8259,1.0,False
Italian,坤卦-static,i,-0.205,16,0.8756,1.0,False
Italian,兌卦-static,l,0.205,8,0.9204,1.0,False
Italian,兌卦-static,d,0.193,4,0.8607,1.0,False
Italian,乾卦-static,ɔ,0.193,4,0.8458,1.0,False
Italian,艮卦-dynamic,ɲ,-0.19,3,0.8308,1.0,False
Italian,坎卦-static,p,0.17,10,0.8706,1.0,False
Italian,離卦-dynamic,t͡s,-0.153,8,0.8358,1.0,False
Italian,坎卦-dynamic,p,0.147,9,0.9453,1.0,False
Italian,坎卦-dynamic,ɔ,0.135,4,0.9055,1.0,False
Italian,乾卦-dynamic,o,0.13,99,0.8706,1.0,False
Italian,乾卦-dynamic,u,-0.118,12,0.8607,1.0,False
Italian,震卦-static,ʃ,0.114,7,0.8557,1.0,False
Italian,坎卦-static,t͡s,0.113,3,0.9602,1.0,False
Italian,離卦-static,w,-0.11,4,0.9055,1.0,False
Italian,離卦-dynamic,z,-0.11,7,0.8557,1.0,False
Italian,艮卦-dynamic,s͡s,-0.109,3,0.9104,1.0,False
Italian,離卦-static,i,-0.107,57,0.8657,1.0,False
Italian,艮卦-static,k,-0.105,28,0.8507,1.0,False
Italian,震卦-static,d͡ʒ,-0.105,11,0.8458,1.0,False
Italian,震卦-dynamic,w,-0.098,4,0.8806,1.0,False
Italian,乾卦-static,i,-0.096,18,0.9254,1.0,False
Italian,乾卦-static,u,0.092,4,0.9502,1.0,False
Italian,離卦-static,t͡ʃ,-0.09,10,0.8806,1.0,False
Italian,兌卦-dynamic,m,0.089,42,0.8706,1.0,False
Italian,坤卦-static,n,0.082,14,0.9353,1.0,False
Italian,艮卦-dynamic,w,-0.08,4,0.9154,1.0,False
Italian,兌卦-static,s,0.077,5,0.9851,1.0,False
Italian,坎卦-static,ʊ,-0.076,4,0.9154,1.0,False
Italian,巽卦-static,s,-0.075,5,0.9751,1.0,False
Italian,艮卦-dynamic,f,0.074,15,0.8706,1.0,False
Italian,艮卦-dynamic,t,0.074,44,0.8856,1.0,False
Italian,震卦-static,s,0.072,60,0.8955,1.0,False
Italian,艮卦-static,d,-0.067,17,0.9204,1.0,False
Italian,離卦-dynamic,ʃ,0.066,5,0.9552,1.0,False
Italian,乾卦-dynamic,ɡ,-0.066,10,0.8905,1.0,False
Italian,震卦-static,k,-0.065,72,0.9005,1.0,False
Italian,兌卦-dynamic,ʊ,-0.063,22,0.8955,1.0,False
Italian,震卦-dynamic,e,-0.062,72,0.9453,1.0,False
Italian,中卦-static,t,0.06,95,0.9403,1.0,False
Italian,坎卦-static,u,-0.058,4,0.9502,1.0,False
Italian,艮卦-dynamic,ʃ,0.055,3,0.9552,1.0,False
Italian,坎卦-dynamic,u,0.05,4,0.9701,1.0,False
Italian,離卦-dynamic,m,0.047,32,0.9353,1.0,False
Italian,中卦-static,t͡s,0.039,15,0.9403,1.0,False
Italian,震卦-dynamic,s͡s,0.039,4,0.9254,1.0,False
Italian,中卦-static,ɔ,-0.038,22,0.9154,1.0,False
Italian,巽卦-dynamic,l,-0.037,10,0.9751,1.0,False
Italian,艮卦-dynamic,ʎ,0.032,3,0.9502,1.0,False
Italian,離卦-static,ɲ,-0.032,4,0.9751,1.0,False
Italian,離卦-static,ʎ,-0.032,3,0.9502,1.0,False
Italian,坤卦-dynamic,l,0.031,101,0.9453,1.0,False
Italian,離卦-static,r,0.031,69,0.9652,1.0,False
Italian,中卦-static,k,0.03,75,0.9453,1.0,False
Italian,坤卦-dynamic,u,0.023,27,0.9602,1.0,False
Italian,坤卦-static,t͡ʃ,-0.019,3,0.9801,1.0,False
Italian,坎卦-dynamic,v,-0.019,3,0.99,1.0,False
Italian,中卦-static,n,-0.019,95,0.9801,1.0,False
Italian,坤卦-dynamic,z,0.018,12,0.9701,1.0,False
Italian,兌卦-dynamic,d͡z,0.017,5,0.9701,1.0,False
Italian,艮卦-static,w,-0.016,4,0.99,1.0,False
Italian,坤卦-dynamic,s͡s,0.015,9,0.9502,1.0,False
Italian,艮卦-dynamic,ʊ,0.006,11,0.9851,1.0,False
Italian,中卦-static,s,0.006,59,0.995,1.0,False
Italian,坎卦-dynamic,b,0.005,3,1.0,1.0,False
Japanese,離卦-static,kʲ,3.91,7,0.005,0.1455,False
Japanese,乾卦-static,i,3.627,66,0.005,0.1455,False
Japanese,離卦-static,k,1.907,45,0.005,0.1455,False
Japanese,中卦-static,a͡ɪ,1.801,933,0.005,0.1455,False
Japanese,中卦-static,t͡ʃ,1.801,933,0.005,0.1455,False
Japanese,中卦-static,l,1.775,937,0.005,0.1455,False
Japanese,中卦-static,z,1.747,936,0.005,0.1455,False
Japanese,中卦-static,ə,1.741,939,0.005,0.1455,False
Japanese,中卦-static,ɯ͡ᵝ,-1.59,35,0.005,0.1455,False
Japanese,震卦-static,a͡ɪ,1.507,336,0.005,0.1455,False
Japanese,震卦-static,t͡ʃ,1.507,336,0.005,0.1455,False
Japanese,震卦-static,l,1.501,340,0.005,0.1455,False
Japanese,震卦-static,ə,1.492,344,0.005,0.1455,False
Japanese,震卦-static,z,1.487,342,0.005,0.1455,False
Japanese,震卦-static,ɯ͡ᵝ,-1.442,49,0.005,0.1455,False
Japanese,中卦-static,t,1.417,970,0.005,0.1455,False
Japanese,中卦-static,k,-1.394,21,0.005,0.1455,False
Japanese,中卦-static,ɽ,-1.228,39,0.005,0.1455,False
Japanese,震卦-static,t,1.198,364,0.005,0.1455,False
Japanese,震卦-static,k,-1.19,26,0.005,0.1455,False
Japanese,中卦-static,a,-1.184,92,0.005,0.1455,False
Japanese,中卦-static,e,1.098,976,0.005,0.1455,False
Japanese,震卦-static,ɽ,-1.064,42,0.005,0.1455,False
Japanese,巽卦-dynamic,ɽ,3.209,20,0.01,0.2117,False
Japanese,巽卦-dynamic,s,2.934,8,0.01,0.2117,False
Japanese,離卦-static,ɴ,2.548,14,0.01,0.2117,False
Japanese,坤卦-dynamic,d,2.422,15,0.01,0.2117,False
Japanese,乾卦-dynamic,t,1.454,223,0.01,0.2117,False
Japanese,離卦-dynamic,l,1.257,177,0.01,0.2117,False
Japanese,離卦-dynamic,z,1.251,179,0.01,0.2117,False
Japanese,震卦-static,s,-1.185,9,0.01,0.2117,False
Japanese,艮卦-static,d͡ʑ,3.101,4,0.0149,0.2381,False
Japanese,乾卦-dynamic,a͡ɪ,1.852,216,0.0149,0.2381,False
Japanese,乾卦-dynamic,t͡ʃ,1.852,216,0.0149,0.2381,False
Japanese,乾卦-dynamic,ə,1.773,216,0.0149,0.2381,False
Japanese,離卦-dynamic,a͡ɪ,1.292,177,0.0149,0.2381,False
Japanese,離卦-dynamic,t͡ʃ,1.292,177,0.0149,0.2381,False
Japanese,離卦-dynamic,ə,1.221,177,0.0149,0.2381,False
Japanese,離卦-dynamic,a,-1.187,21,0.0149,0.2381,False
Japanese,中卦-static,s,-1.146,29,0.0149,0.2381,False
Japanese,中卦-static,ɡ,-1.122,3,0.0149,0.2381,False
Japanese,兌卦-dynamic,ɯ͡ᵝ,1.009,198,0.0149,0.2381,False
Japanese,巽卦-dynamic,ɕ,2.823,4,0.0199,0.2739,False
Japanese,乾卦-dynamic,z,1.789,216,0.0199,0.2739,False
Japanese,離卦-static,b,1.669,14,0.0199,0.2739,False
Japanese,離卦-dynamic,k,-1.23,13,0.0199,0.2739,False
Japanese,震卦-static,e,1.024,384,0.0199,0.2739,False
Japanese,中卦-static,o,-0.924,62,0.0199,0.2739,False
Japanese,巽卦-dynamic,ɯ͡ᵝ,2.223,25,0.0249,0.3234,False
Japanese,乾卦-dynamic,l,1.814,216,0.0249,0.3234,False
Japanese,震卦-static,a,-1.027,67,0.0249,0.3234,False
Japanese,坤卦-static,ŋ,3.54,4,0.0299,0.3613,False
Japanese,巽卦-dynamic,m,2.533,7,0.0299,0.3613,False
Japanese,乾卦-dynamic,ɯ͡ᵝ,-1.605,6,0.0299,0.3613,False
Japanese,中卦-static,m,-0.954,19,0.0299,0.3613,False
Japanese,乾卦-dynamic,k,-1.348,7,0.0348,0.3881,False
Japanese,中卦-static,b,-0.883,11,0.0348,0.3881,False
Japanese,離卦-static,a,1.283,78,0.0398,0.417,False
Japanese,中卦-static,n,0.774,961,0.0398,0.417,False
Japanese,兌卦-dynamic,ʔ,2.923,3,0.0448,0.4306,False
Japanese,乾卦-dynamic,ɽ,-1.259,6,0.0448,0.4306,False
Japanese,乾卦-dynamic,e,1.146,225,0.0448,0.4306,False
Japanese,兌卦-static,p,3.238,7,0.0498,0.4595,False
Japanese,兌卦-dynamic,d͡ʒ,2.316,6,0.0498,0.4595,False
Japanese,巽卦-static,ɡ,1.793,4,0.0547,0.4863,False
Japanese,乾卦-dynamic,a,-1.276,11,0.0547,0.4863,False
Japanese,乾卦-static,e,-1.191,7,0.0547,0.4863,False
Japanese,兌卦-dynamic,o,-0.753,18,0.0597,0.5111,False
Japanese,離卦-dynamic,t,0.969,194,0.0647,0.5279,False
Japanese,中卦-static,d,-0.781,13,0.0647,0.5279,False
Japanese,震卦-static,o,-0.647,77,0.0647,0.5279,False
Japanese,震卦-static,n,0.624,359,0.0647,0.5279,False
Japanese,中卦-static,ɹ,4.123,4,0.0746,0.5292,False
Japanese,坎卦-static,ɯᵝ,3.614,3,0.0697,0.5292,False
Japanese,震卦-dynamic,d͡ʒ,2.451,4,0.0746,0.5292,False
Japanese,離卦-static,ɸ,1.481,12,0.0697,0.5292,False
Japanese,震卦-dynamic,ũ,1.25,5,0.0746,0.5292,False
Japanese,乾卦-dynamic,s,-1.135,7,0.0746,0.5292,False
Japanese,兌卦-dynamic,a,-0.863,31,0.0697,0.5292,False
Japanese,震卦-static,m,-0.767,21,0.0746,0.5292,False
Japanese,中卦-static,ɴ,-0.766,5,0.0697,0.5292,False
Japanese,巽卦-static,b,2.215,4,0.0796,0.5322,False
Japanese,乾卦-static,h,1.388,3,0.0796,0.5322,False
Japanese,坤卦-dynamic,t,1.162,53,0.0796,0.5322,False
Japanese,坤卦-static,m,2.166,8,0.0846,0.5349,False
Japanese,離卦-static,ũ,1.342,4,0.0846,0.5349,False
Japanese,坤卦-dynamic,e,1.108,58,0.0846,0.5349,False
Japanese,震卦-static,ɡ,-0.725,16,0.0846,0.5349,False
Japanese,坤卦-static,ɕ,2.043,4,0.0896,0.5351,False
Japanese,艮卦-dynamic,w,1.497,4,0.0896,0.5351,False
Japanese,艮卦-static,b,1.464,6,0.0896,0.5351,False
Japanese,乾卦-static,ɴ,1.23,3,0.0945,0.5351,False
Japanese,離卦-dynamic,o,-0.973,9,0.0945,0.5351,False
Japanese,離卦-static,n,-0.944,11,0.0945,0.5351,False
Japanese,離卦-dynamic,m,-0.867,8,0.0945,0.5351,False
Japanese,中卦-static,t͡ɕ,-0.83,5,0.0896,0.5351,False
Japanese,中卦-static,d͡ʑ,-0.64,3,0.0995,0.55,False
Japanese,震卦-static,p,-0.638,11,0.1045,0.5599,False
Japanese,中卦-static,ɕ,-0.604,21,0.1045,0.5599,False
Japanese,中卦-dynamic,o,3.379,3,0.1095,0.5692,False
Japanese,艮卦-static,a,1.489,39,0.1095,0.5692,False
Japanese,艮卦-dynamic,d͡ʒ,1.638,4,0.1144,0.5779,False
Japanese,艮卦-static,d,1.371,5,0.1144,0.5779,False
Japanese,坤卦-dynamic,j,1.092,4,0.1144,0.5779,False
Japanese,離卦-dynamic,b,-0.859,3,0.1194,0.5781,False
Japanese,離卦-static,t͡ɕ,1.053,7,0.1244,0.586,False
Japanese,震卦-dynamic,j,0.944,5,0.1244,0.586,False
Japanese,坤卦-dynamic,b,0.986,10,0.1294,0.6014,False
Japanese,震卦-dynamic,kʲ,1.065,3,0.1393,0.6291,False
Japanese,乾卦-static,t,-0.924,6,0.1443,0.6291,False
Japanese,乾卦-dynamic,n,0.847,226,0.1443,0.6291,False
Japanese,離卦-static,z,-0.845,5,0.1443,0.6291,False
Japanese,中卦-static,p,-0.701,6,0.1393,0.6291,False
Japanese,震卦-static,b,-0.483,18,0.1443,0.6291,False
Japanese,坤卦-static,ɡ,1.933,4,0.1493,0.6428,False
Japanese,離卦-static,o,0.81,54,0.1542,0.6522,False
Japanese,離卦-dynamic,d,-0.782,3,0.1592,0.6624,False
Japanese,艮卦-dynamic,e,0.71,96,0.1592,0.6624,False
Japanese,中卦-static,h,-0.654,3,0.1642,0.6624,False
Japanese,震卦-static,ɕ,-0.565,10,0.1642,0.6624,False
Japanese,乾卦-dynamic,o,-0.915,15,0.1692,0.6634,False
Japanese,乾卦-static,a,0.859,23,0.1692,0.6634,False
Japanese,震卦-static,ɴ,-0.432,11,0.1692,0.6634,False
Japanese,坤卦-dynamic,s,-0.822,5,0.1741,0.676,False
Japanese,兌卦-dynamic,s,0.572,41,0.1791,0.676,False
Japanese,巽卦-static,e,-1.368,4,0.1841,0.6766,False
Japanese,乾卦-static,ɡ,0.84,4,0.1891,0.6876,False
Japanese,中卦-dynamic,n,3.22,3,0.194,0.6985,False
Japanese,離卦-dynamic,e,0.627,195,0.194,0.6985,False
Japanese,乾卦-static,m,0.763,7,0.199,0.7128,False
Japanese,坎卦-static,p,1.495,3,0.2139,0.722,False
Japanese,艮卦-static,s,0.926,11,0.204,0.722,False
Japanese,兌卦-dynamic,ɽ,0.542,95,0.209,0.722,False
Japanese,中卦-static,j,-0.547,5,0.2189,0.7353,False
Japanese,兌卦-static,a,1.85,8,0.2239,0.7379,False
Japanese,坤卦-dynamic,ɽ,0.738,49,0.2239,0.7379,False
Japanese,震卦-static,h,-0.512,5,0.2289,0.7472,False
Japanese,兌卦-dynamic,ə,0.497,66,0.2388,0.769,False
Japanese,巽卦-dynamic,e,1.18,11,0.2438,0.7761,False
Japanese,震卦-dynamic,t͡ɕ,0.805,8,0.2488,0.7761,False
Japanese,兌卦-dynamic,i,-0.452,87,0.2488,0.7761,False
Japanese,中卦-static,t͡s,-0.442,6,0.2488,0.7761,False
Japanese,乾卦-static,d,0.891,3,0.2537,0.7812,False
Japanese,震卦-static,ɸ,-0.484,3,0.2537,0.7812,False
Japanese,兌卦-dynamic,e,0.438,100,0.2537,0.7812,False
Japanese,離卦-static,e,-0.678,29,0.2587,0.7862,False
Japanese,乾卦-static,n,-0.626,7,0.2587,0.7862,False
Japanese,兌卦-dynamic,ɕ,-0.499,4,0.2637,0.7979,False
Japanese,震卦-static,d,-0.424,16,0.2786,0.8323,False
Japanese,震卦-static,t͡s,-0.4,5,0.2786,0.8323,False
Japanese,離卦-static,s,0.671,21,0.2886,0.8583,False
Japanese,離卦-dynamic,ɕ,-0.555,6,0.2935,0.8622,False
Japanese,兌卦-dynamic,t͡ɕ,-0.506,3,0.2935,0.8622,False
Japanese,乾卦-dynamic,ɴ,-0.643,3,0.2985,0.8731,False
Japanese,震卦-dynamic,d͡ʑ,0.634,4,0.3383,0.8829,False
Japanese,坤卦-dynamic,k,0.557,26,0.3333,0.8829,False
Japanese,艮卦-dynamic,o,-0.555,26,0.3284,0.8829,False
Japanese,震卦-dynamic,ɕ,0.548,11,0.3383,0.8829,False
Japanese,坤卦-dynamic,ɕ,0.537,8,0.3284,0.8829,False
Japanese,艮卦-dynamic,ə,0.505,58,0.3234,0.8829,False
Japanese,艮卦-dynamic,s,-0.472,16,0.3234,0.8829,False
Japanese,震卦-static,ɯᵝ,-0.432,3,0.3234,0.8829,False
Japanese,艮卦-dynamic,a,-0.428,50,0.3184,0.8829,False
Japanese,震卦-static,j,-0.417,4,0.3284,0.8829,False
Japanese,兌卦-dynamic,z,0.414,63,0.3134,0.8829,False
Japanese,離卦-dynamic,s,0.4,68,0.3383,0.8829,False
Japanese,離卦-dynamic,n,0.399,183,0.3383,0.8829,False
Japanese,震卦-static,ŋ,-0.392,4,0.3333,0.8829,False
Japanese,兌卦-dynamic,ɡ,-0.388,9,0.3085,0.8829,False
Japanese,坤卦-static,t,-0.894,4,0.398,0.9079,False
Japanese,巽卦-static,n,-0.886,3,0.398,0.9079,False
Japanese,巽卦-static,o,0.837,13,0.4378,0.9079,False
Japanese,坎卦-dynamic,a͡ɪ,0.798,14,0.4179,0.9079,False
Japanese,坎卦-dynamic,t͡ʃ,0.798,14,0.4179,0.9079,False
Japanese,坤卦-static,s,0.771,5,0.4627,0.9079,False
Japanese,坎卦-dynamic,l,0.766,14,0.4129,0.9079,False
Japanese,坎卦-dynamic,ə,0.734,14,0.4378,0.9079,False
Japanese,坎卦-dynamic,n,0.733,22,0.4229,0.9079,False
Japanese,坎卦-dynamic,z,0.727,14,0.4478,0.9079,False
Japanese,坤卦-static,n,-0.708,4,0.4577,0.9079,False
Japanese,艮卦-static,o,0.657,23,0.4627,0.9079,False
Japanese,坎卦-dynamic,a,-0.655,8,0.4726,0.9079,False
Japanese,艮卦-static,ə,-0.632,4,0.3682,0.9079,False
Japanese,艮卦-static,t,0.614,21,0.3781,0.9079,False
Japanese,艮卦-static,i,-0.612,17,0.3831,0.9079,False
Japanese,艮卦-static,l,-0.61,4,0.3781,0.9079,False
Japanese,坎卦-dynamic,t,0.6,17,0.4677,0.9079,False
Japanese,艮卦-static,a͡ɪ,-0.586,4,0.403,0.9079,False
Japanese,艮卦-static,t͡ʃ,-0.586,4,0.403,0.9079,False
Japanese,坤卦-dynamic,h,0.573,5,0.4428,0.9079,False
Japanese,坤卦-dynamic,p,-0.569,3,0.4229,0.9079,False
Japanese,艮卦-static,n,-0.569,10,0.3781,0.9079,False
Japanese,艮卦-static,z,-0.562,5,0.4279,0.9079,False
Japanese,乾卦-static,ɯ͡ᵝ,-0.549,14,0.3731,0.9079,False
Japanese,坤卦-dynamic,z,-0.528,11,0.3682,0.9079,False
Japanese,艮卦-static,m,0.515,8,0.4876,0.9079,False
Japanese,坤卦-dynamic,a͡ɪ,-0.498,10,0.4179,0.9079,False
Japanese,坤卦-dynamic,t͡ʃ,-0.498,10,0.4179,0.9079,False
Japanese,坤卦-dynamic,l,-0.472,11,0.4328,0.9079,False
Japanese,震卦-dynamic,ɴ,0.455,7,0.4478,0.9079,False
Japanese,艮卦-dynamic,ɕ,-0.453,4,0.403,0.9079,False
Japanese,坤卦-dynamic,n,-0.446,24,0.4279,0.9079,False
Japanese,坤卦-dynamic,ə,-0.445,12,0.4677,0.9079,False
Japanese,艮卦-dynamic,z,0.439,56,0.4179,0.9079,False
Japanese,艮卦-dynamic,l,0.428,54,0.4328,0.9079,False
Japanese,震卦-dynamic,m,0.407,21,0.4279,0.9079,False
Japanese,坤卦-dynamic,i,0.406,70,0.4129,0.9079,False
Japanese,艮卦-dynamic,p,-0.399,12,0.4627,0.9079,False
Japanese,兌卦-dynamic,p,-0.393,14,0.4279,0.9079,False
Japanese,兌卦-dynamic,l,0.386,60,0.3881,0.9079,False
Japanese,坤卦-dynamic,ɯ͡ᵝ,-0.384,44,0.4876,0.9079,False
Japanese,艮卦-dynamic,ɴ,0.373,9,0.4726,0.9079,False
Japanese,艮卦-dynamic,ɽ,0.362,75,0.4179,0.9079,False
Japanese,兌卦-dynamic,d͡ʑ,0.357,5,0.3632,0.9079,False
Japanese,離卦-static,i,-0.35,46,0.4627,0.9079,False
Japanese,離卦-dynamic,ɯ͡ᵝ,-0.347,177,0.4279,0.9079,False
Japanese,兌卦-dynamic,ɯᵝ,-0.343,3,0.4527,0.9079,False
Japanese,離卦-static,j,0.594,3,0.4925,0.9123,False
Japanese,坎卦-static,ɯ͡ᵝ,1.332,7,0.4975,0.9167,False
Japanese,兌卦-static,ɯ͡ᵝ,1.287,9,0.5075,0.9227,False
Japanese,巽卦-dynamic,k,0.629,5,0.5174,0.9227,False
Japanese,震卦-dynamic,s,-0.375,13,0.5025,0.9227,False
Japanese,震卦-dynamic,ɡ,-0.352,6,0.5323,0.9227,False
Japanese,艮卦-dynamic,a͡ɪ,0.35,50,0.5174,0.9227,False
Japanese,艮卦-dynamic,t͡ʃ,0.35,50,0.5174,0.9227,False
Japanese,兌卦-dynamic,h,-0.343,3,0.5124,0.9227,False
Japanese,離卦-static,t,-0.329,28,0.5323,0.9227,False
Japanese,離卦-dynamic,ɽ,-0.291,96,0.5274,0.9227,False
Japanese,兌卦-dynamic,a͡ɪ,0.274,54,0.5224,0.9227,False
Japanese,兌卦-dynamic,t͡ʃ,0.274,54,0.5224,0.9227,False
Japanese,震卦-static,d͡ʑ,-0.246,7,0.5323,0.9227,False
Japanese,離卦-static,ɽ,0.33,41,0.5473,0.937,False
Japanese,兌卦-dynamic,t͡s,-0.328,3,0.5522,0.9387,False
Japanese,震卦-dynamic,b,0.306,9,0.5522,0.9387,False
Japanese,坎卦-dynamic,b,0.509,3,0.5572,0.9397,False
Japanese,中卦-static,w,-0.231,5,0.5572,0.9397,False
Japanese,艮卦-static,k,0.461,12,0.5721,0.9495,False
Japanese,坎卦-dynamic,ɽ,-0.47,8,0.5821,0.9547,False
Japanese,離卦-static,ɕ,0.319,7,0.5871,0.9584,False
Japanese,坤卦-static,i,0.585,18,0.597,0.9701,False
Japanese,巽卦-static,ɯ͡ᵝ,0.442,18,0.6119,0.9875,False
Japanese,坤卦-static,k,0.508,6,0.6219,0.9933,False
Japanese,坎卦-dynamic,k,-0.492,5,0.6318,0.9933,False
Japanese,巽卦-static,a,0.49,13,0.6269,0.9933,False
Japanese,巽卦-static,t,-0.478,6,0.6468,0.9933,False
Japanese,坤卦-static,ɯ͡ᵝ,0.42,17,0.7562,0.9933,False
Japanese,巽卦-dynamic,a,-0.42,5,0.7114,0.9933,False
Japanese,巽卦-static,k,0.417,6,0.7711,0.9933,False
Japanese,坎卦-dynamic,ɯ͡ᵝ,-0.408,17,0.7065,0.9933,False
Japanese,坎卦-dynamic,e,0.38,18,0.6567,0.9933,False
Japanese,巽卦-static,ɽ,0.375,10,0.7363,0.9933,False
Japanese,坎卦-dynamic,m,-0.336,3,0.7313,0.9933,False
Japanese,坤卦-dynamic,a,0.33,48,0.6368,0.9933,False
Japanese,坤卦-static,a,-0.324,7,0.7363,0.9933,False
Japanese,坤卦-static,e,-0.321,8,0.7164,0.9933,False
Japanese,乾卦-static,p,-0.31,3,0.6567,0.9933,False
Japanese,坎卦-dynamic,i,-0.303,18,0.7413,0.9933,False
Japanese,乾卦-static,ɽ,0.286,14,0.6269,0.9933,False
Japanese,艮卦-static,ɽ,-0.281,12,0.6517,0.9933,False
Japanese,巽卦-static,s,0.278,4,0.791,0.9933,False
Japanese,震卦-dynamic,ɯᵝ,-0.27,3,0.6517,0.9933,False
Japanese,艮卦-dynamic,h,0.252,7,0.6965,0.9933,False
Japanese,離卦-static,ɡ,0.245,8,0.7463,0.9933,False
Japanese,乾卦-static,s,-0.237,4,0.6517,0.9933,False
Japanese,艮卦-static,ɕ,0.233,3,0.8557,0.9933,False
Japanese,坎卦-dynamic,o,-0.232,9,0.8259,0.9933,False
Japanese,乾卦-static,k,0.231,8,0.7114,0.9933,False
Japanese,離卦-static,ɯ͡ᵝ,0.226,68,0.6816,0.9933,False
Japanese,震卦-dynamic,i,0.225,87,0.6567,0.9933,False
Japanese,震卦-dynamic,a͡ɪ,-0.224,21,0.6716,0.9933,False
Japanese,震卦-dynamic,t͡ʃ,-0.224,21,0.6716,0.9933,False
Japanese,巽卦-dynamic,i,-0.223,9,0.796,0.9933,False
Japanese,艮卦-dynamic,i,-0.218,91,0.6269,0.9933,False
Japanese,離卦-static,m,0.218,14,0.7612,0.9933,False
Japanese,艮卦-dynamic,t,0.211,68,0.6915,0.9933,False
Japanese,兌卦-dynamic,n,-0.211,65,0.6418,0.9933,False
Japanese,坤卦-dynamic,m,-0.203,9,0.7114,0.9933,False
Japanese,震卦-dynamic,d,0.201,7,0.7711,0.9933,False
Japanese,艮卦-static,t͡s,0.193,3,0.8856,0.9933,False
Japanese,離卦-static,p,0.189,19,0.7761,0.9933,False
Japanese,坎卦-dynamic,s,0.187,6,0.8259,0.9933,False
Japanese,震卦-static,ũ,-0.183,7,0.6866,0.9933,False
Japanese,艮卦-dynamic,ɡ,-0.18,10,0.6816,0.9933,False
Japanese,艮卦-dynamic,ɯᵝ,-0.177,6,0.8557,0.9933,False
Japanese,艮卦-static,ɯ͡ᵝ,-0.164,25,0.7861,0.9933,False
Japanese,震卦-dynamic,k,-0.163,23,0.7662,0.9933,False
Japanese,兌卦-dynamic,k,0.163,45,0.7015,0.9933,False
Japanese,艮卦-dynamic,b,0.161,11,0.7562,0.9933,False
Japanese,震卦-static,c,-0.156,3,0.7065,0.9933,False
Japanese,震卦-dynamic,e,-0.154,50,0.7512,0.9933,False
Japanese,震卦-dynamic,a,-0.152,47,0.791,0.9933,False
Japanese,艮卦-dynamic,k,-0.145,32,0.791,0.9933,False
Japanese,震卦-dynamic,p,-0.134,16,0.7811,0.9933,False
Japanese,巽卦-static,i,0.131,15,0.8905,0.9933,False
Japanese,震卦-dynamic,o,-0.131,35,0.7761,0.9933,False
Japanese,乾卦-static,o,0.127,12,0.8209,0.9933,False
Japanese,震卦-dynamic,ɽ,0.126,47,0.8706,0.9933,False
Japanese,中卦-static,i,0.125,1019,0.7413,0.9933,False
Japanese,坤卦-dynamic,ɡ,0.123,7,0.8458,0.9933,False
Japanese,艮卦-static,e,-0.123,18,0.8408,0.9933,False
Japanese,巽卦-static,p,-0.115,3,0.9154,0.9933,False
Japanese,艮卦-dynamic,d,-0.113,7,0.8458,0.9933,False
Japanese,震卦-dynamic,n,-0.113,45,0.801,0.9933,False
Japanese,震卦-dynamic,z,0.11,32,0.8308,0.9933,False
Japanese,離卦-dynamic,i,-0.107,205,0.796,0.9933,False
Japanese,震卦-dynamic,t,-0.104,42,0.8109,0.9933,False
Japanese,兌卦-dynamic,t,-0.103,66,0.8507,0.9933,False
Japanese,震卦-dynamic,l,-0.102,25,0.8557,0.9933,False
Japanese,震卦-dynamic,ɯ͡ᵝ,0.101,83,0.8856,0.9933,False
Japanese,艮卦-dynamic,m,-0.094,19,0.8408,0.9933,False
Japanese,震卦-static,w,-0.094,3,0.791,0.9933,False
Japanese,離卦-static,d,-0.091,4,0.8756,0.9933,False
Japanese,艮卦-dynamic,ɯ͡ᵝ,-0.082,102,0.8706,0.9933,False
Japanese,乾卦-dynamic,i,0.082,226,0.8507,0.9933,False
Japanese,震卦-dynamic,t͡s,0.077,7,0.8706,0.9933,False
Japanese,震卦-static,d͡ʒ,0.058,4,0.9204,0.9933,False
Japanese,兌卦-dynamic,m,0.051,25,0.9154,0.9933,False
Japanese,震卦-static,i,0.031,388,0.8955,0.9933,False
Japanese,坤卦-dynamic,t͡ɕ,-0.037,3,0.9303,0.9956,False
Japanese,兌卦-static,o,0.171,3,0.9502,0.9964,False
Japanese,兌卦-static,ɽ,0.107,3,0.9701,0.9964,False
Japanese,艮卦-static,p,-0.101,6,0.9453,0.9964,False
Japanese,坤卦-static,ɽ,-0.078,7,0.9502,0.9964,False
Japanese,艮卦-dynamic,n,-0.029,66,0.9502,0.9964,False
Japanese,艮卦-dynamic,t͡ɕ,0.023,6,0.9652,0.9964,False
Japanese,震卦-dynamic,ə,0.019,29,0.9751,0.9964,False
Japanese,兌卦-dynamic,b,0.013,11,0.9652,0.9964,False
Japanese,坤卦-dynamic,o,-0.01,29,0.9701,0.9964,False
Japanese,艮卦-static,ɡ,-0.024,3,0.9801,0.9971,False
Japanese,艮卦-dynamic,d͡ʑ,0.019,3,0.9851,0.9972,False
Japanese,坤卦-static,o,0.012,7,0.99,0.9972,False
Japanese,震卦-dynamic,ŋ,-0.004,3,1.0,1.0,False
Korean,艮卦-static,a͡ɪ,4.103,15,0.005,0.191,False
Korean,艮卦-static,z,4.103,15,0.005,0.191,False
Korean,兌卦-static,p͡h,3.457,11,0.005,0.191,False
Korean,艮卦-static,t͡ʃ,2.957,27,0.005,0.191,False
Korean,兌卦-static,ɫ,2.904,13,0.005,0.191,False
Korean,坎卦-static,o,2.897,32,0.005,0.191,False
Korean,兌卦-static,u,2.792,15,0.005,0.191,False
Korean,兌卦-dynamic,d,2.441,143,0.005,0.191,False
Korean,兌卦-dynamic,ɐ,2.163,279,0.005,0.191,False
Korean,艮卦-dynamic,d,2.07,71,0.005,0.191,False
Korean,震卦-static,ɡ,1.906,49,0.005,0.191,False
Korean,艮卦-static,e,1.867,26,0.005,0.191,False
Korean,乾卦-dynamic,ʌ,1.715,75,0.005,0.191,False
Korean,乾卦-dynamic,ɐ,-1.57,45,0.005,0.191,False
Korean,中卦-static,ʌ,1.363,140,0.005,0.191,False
Korean,乾卦-static,p,2.603,27,0.01,0.2492,False
Korean,艮卦-static,l,2.585,16,0.01,0.2492,False
Korean,坎卦-static,ŋ,2.442,28,0.01,0.2492,False
Korean,離卦-static,ɾ,1.842,30,0.01,0.2492,False
Korean,離卦-static,ɡ,1.751,24,0.01,0.2492,False
Korean,中卦-static,n,1.74,179,0.01,0.2492,False
Korean,坤卦-dynamic,ʌ,1.683,94,0.01,0.2492,False
Korean,兌卦-dynamic,m,-1.476,35,0.01,0.2492,False
Korean,坤卦-static,t͡ɕ,2.442,15,0.0149,0.3184,False
Korean,艮卦-dynamic,m,-1.802,16,0.0149,0.3184,False
Korean,離卦-static,n,-1.595,27,0.0149,0.3184,False
Korean,兌卦-dynamic,n,-1.559,52,0.0149,0.3184,False
Korean,離卦-dynamic,h,1.848,76,0.0199,0.3582,False
Korean,離卦-static,s,1.623,52,0.0199,0.3582,False
Korean,艮卦-static,s,-1.548,11,0.0199,0.3582,False
Korean,離卦-static,j,-1.542,9,0.0199,0.3582,False
Korean,兌卦-dynamic,ʌ,-1.376,45,0.0199,0.3582,False
Korean,兌卦-static,k͡h,2.525,5,0.0299,0.3658,False
Korean,乾卦-static,q,2.316,31,0.0299,0.3658,False
Korean,巽卦-static,p,2.272,17,0.0299,0.3658,False
Korean,坎卦-static,i,-2.028,15,0.0249,0.3658,False
Korean,坎卦-static,q,1.95,28,0.0249,0.3658,False
Korean,離卦-static,k͡h,1.661,17,0.0249,0.3658,False
Korean,離卦-static,ɛ,1.427,28,0.0299,0.3658,False
Korean,震卦-dynamic,ɡ,1.415,28,0.0299,0.3658,False
Korean,乾卦-dynamic,s,1.301,58,0.0249,0.3658,False
Korean,坤卦-dynamic,n,1.297,103,0.0299,0.3658,False
Korean,坤卦-dynamic,ŋ,1.214,64,0.0299,0.3658,False
Korean,坤卦-dynamic,w,1.203,30,0.0299,0.3658,False
Korean,震卦-static,ŋ,1.173,82,0.0299,0.3658,False
Korean,坤卦-dynamic,s,1.082,69,0.0299,0.3658,False
Korean,中卦-static,ɾ,-0.898,31,0.0249,0.3658,False
Korean,坤卦-static,t,2.25,22,0.0348,0.4094,False
Korean,乾卦-static,ɡ,-2.041,3,0.0348,0.4094,False
Korean,艮卦-static,t͡ɕ,-1.396,4,0.0398,0.4326,False
Korean,震卦-dynamic,k͡h,1.245,18,0.0398,0.4326,False
Korean,兌卦-dynamic,i,1.14,130,0.0398,0.4326,False
Korean,震卦-static,t͡ʃ,0.976,32,0.0398,0.4326,False
Korean,乾卦-static,b,1.874,7,0.0448,0.4371,False
Korean,坤卦-static,i,-1.851,14,0.0448,0.4371,False
Korean,坎卦-static,w,1.838,11,0.0448,0.4371,False
Korean,兌卦-dynamic,e,-1.062,11,0.0448,0.4371,False
Korean,中卦-static,i,-1.014,106,0.0448,0.4371,False
Korean,中卦-static,o,-0.953,61,0.0448,0.4371,False
Korean,坎卦-static,t͡ɕ,1.645,14,0.0498,0.4622,False
Korean,離卦-dynamic,d,1.325,64,0.0498,0.4622,False
Korean,乾卦-dynamic,i,1.201,84,0.0498,0.4622,False
Korean,離卦-dynamic,ɐ,1.503,154,0.0597,0.4913,False
Korean,離卦-dynamic,n,1.344,82,0.0597,0.4913,False
Korean,乾卦-dynamic,u,1.3,57,0.0547,0.4913,False
Korean,乾卦-dynamic,w,1.234,24,0.0597,0.4913,False
Korean,兌卦-dynamic,q,-1.103,43,0.0597,0.4913,False
Korean,兌卦-dynamic,k͡h,0.968,24,0.0597,0.4913,False
Korean,中卦-static,d͡ʑ,0.877,53,0.0547,0.4913,False
Korean,震卦-static,u,0.869,82,0.0647,0.5247,False
Korean,乾卦-dynamic,ɛ,-1.119,9,0.0697,0.5572,False
Korean,坎卦-dynamic,ɾ,1.58,12,0.0746,0.5731,False
Korean,乾卦-dynamic,ɫ,1.069,41,0.0746,0.5731,False
Korean,中卦-dynamic,d͡ʑ,3.181,3,0.0796,0.5929,False
Korean,坤卦-static,j,-1.729,3,0.0896,0.5929,False
Korean,坤卦-static,m,1.629,20,0.0896,0.5929,False
Korean,坎卦-dynamic,e,1.454,11,0.0896,0.5929,False
Korean,離卦-dynamic,u,-1.169,17,0.0896,0.5929,False
Korean,艮卦-static,p͡h,1.145,21,0.0896,0.5929,False
Korean,乾卦-dynamic,o,1.101,58,0.0796,0.5929,False
Korean,震卦-dynamic,q,-1.064,29,0.0896,0.5929,False
Korean,坤卦-dynamic,o,-0.913,39,0.0846,0.5929,False
Korean,震卦-dynamic,ɐ,1.072,144,0.0945,0.5983,False
Korean,離卦-dynamic,m,-1.067,27,0.0945,0.5983,False
Korean,兌卦-dynamic,o,-0.929,48,0.0945,0.5983,False
Korean,震卦-static,q,0.908,93,0.0945,0.5983,False
Korean,兌卦-static,ɛ,1.838,7,0.0995,0.6163,False
Korean,兌卦-static,m,1.707,11,0.1095,0.6304,False
Korean,離卦-dynamic,t,-1.076,12,0.1045,0.6304,False
Korean,震卦-dynamic,ŋ,-1.059,12,0.1095,0.6304,False
Korean,坤卦-dynamic,ɯ,-0.89,19,0.1095,0.6304,False
Korean,震卦-static,n,-0.857,74,0.1095,0.6304,False
Korean,中卦-static,u,-0.748,48,0.1045,0.6304,False
Korean,離卦-dynamic,ɛ,1.153,31,0.1144,0.6338,False
Korean,離卦-dynamic,s,-1.075,22,0.1144,0.6338,False
Korean,乾卦-dynamic,d,-0.953,9,0.1144,0.6338,False
Korean,兌卦-dynamic,ŋ,-0.879,23,0.1144,0.6338,False
Korean,巽卦-static,m,1.621,16,0.1244,0.6759,False
Korean,震卦-static,ɐ,-0.627,129,0.1244,0.6759,False
Korean,艮卦-static,ɐ,-1.0,48,0.1294,0.6899,False
Korean,離卦-dynamic,ɫ,-0.995,8,0.1294,0.6899,False
Korean,坤卦-static,e,1.538,11,0.1343,0.7034,False
Korean,離卦-static,d,-0.925,8,0.1343,0.7034,False
Korean,巽卦-static,t,1.64,15,0.1393,0.7101,False
Korean,艮卦-static,d,-1.043,5,0.1393,0.7101,False
Korean,艮卦-static,t,1.012,33,0.1443,0.729,False
Korean,震卦-static,i,0.695,126,0.1493,0.7476,False
Korean,離卦-dynamic,j,0.984,39,0.1592,0.7579,False
Korean,艮卦-dynamic,ʌ,-0.893,31,0.1592,0.7579,False
Korean,乾卦-dynamic,ɾ,0.886,29,0.1592,0.7579,False
Korean,艮卦-dynamic,n,-0.849,39,0.1542,0.7579,False
Korean,兌卦-dynamic,h,0.731,90,0.1592,0.7579,False
Korean,中卦-static,s,-0.627,58,0.1542,0.7579,False
Korean,震卦-dynamic,u,-0.789,24,0.1642,0.7626,False
Korean,中卦-static,ɐ,0.669,251,0.1642,0.7626,False
Korean,乾卦-dynamic,h,0.816,59,0.1692,0.7795,False
Korean,艮卦-static,j,0.888,28,0.1741,0.7898,False
Korean,中卦-static,p͡h,-0.512,13,0.1741,0.7898,False
Korean,坎卦-dynamic,t͡ɕ,-1.085,3,0.1791,0.7997,False
Korean,震卦-static,s,-0.601,48,0.1791,0.7997,False
Korean,中卦-dynamic,ɯ,2.628,6,0.2239,0.8358,False
Korean,兌卦-static,q,-1.507,4,0.204,0.8358,False
Korean,坤卦-static,ɡ,-1.294,4,0.2139,0.8358,False
Korean,兌卦-static,n,-1.287,7,0.2438,0.8358,False
Korean,乾卦-static,s,-1.221,8,0.204,0.8358,False
Korean,坤卦-static,p,-1.2,3,0.199,0.8358,False
Korean,坎卦-static,t,-1.19,4,0.2239,0.8358,False
Korean,坎卦-dynamic,n,-1.162,14,0.2239,0.8358,False
Korean,坤卦-static,w,1.154,8,0.209,0.8358,False
Korean,坤卦-static,h,-1.117,9,0.2289,0.8358,False
Korean,坎卦-dynamic,w,1.07,8,0.2438,0.8358,False
Korean,乾卦-static,i,-1.05,21,0.194,0.8358,False
Korean,坎卦-static,d͡ʑ,1.021,11,0.2388,0.8358,False
Korean,離卦-dynamic,e,-0.958,8,0.204,0.8358,False
Korean,艮卦-dynamic,i,0.926,69,0.194,0.8358,False
Korean,艮卦-dynamic,l,0.882,10,0.2289,0.8358,False
Korean,離卦-dynamic,ɡ,-0.878,14,0.2338,0.8358,False
Korean,離卦-static,t͡ɕ,-0.854,9,0.194,0.8358,False
Korean,離卦-static,q,0.831,46,0.209,0.8358,False
Korean,震卦-dynamic,n,0.821,76,0.2189,0.8358,False
Korean,艮卦-static,i,-0.798,41,0.2388,0.8358,False
Korean,離卦-static,ʌ,-0.794,31,0.2438,0.8358,False
Korean,乾卦-dynamic,ɯ,-0.747,19,0.2239,0.8358,False
Korean,震卦-dynamic,t,-0.736,18,0.2139,0.8358,False
Korean,乾卦-dynamic,ɡ,-0.716,15,0.2289,0.8358,False
Korean,坤卦-dynamic,t͡ɕ,-0.675,16,0.2388,0.8358,False
Korean,乾卦-dynamic,m,-0.651,32,0.2239,0.8358,False
Korean,中卦-static,j,0.64,71,0.1891,0.8358,False
Korean,坤卦-dynamic,t,-0.634,24,0.2189,0.8358,False
Korean,兌卦-dynamic,j,-0.631,33,0.204,0.8358,False
Korean,震卦-static,ɛ,-0.604,23,0.204,0.8358,False
Korean,中卦-static,b,-0.59,10,0.2239,0.8358,False
Korean,震卦-static,l,-0.55,5,0.2239,0.8358,False
Korean,中卦-static,ŋ,-0.49,43,0.2338,0.8358,False
Korean,中卦-static,w,-0.481,24,0.2388,0.8358,False
Korean,兌卦-static,ɐ,-1.467,9,0.2488,0.8478,False
Korean,坎卦-dynamic,i,1.118,29,0.2587,0.8533,False
Korean,坎卦-dynamic,ɫ,1.005,14,0.2587,0.8533,False
Korean,艮卦-static,o,-0.781,24,0.2637,0.8533,False
Korean,坤卦-dynamic,l,-0.663,3,0.2587,0.8533,False
Korean,乾卦-dynamic,q,-0.656,34,0.2537,0.8533,False
Korean,震卦-static,t͡ɕ,0.494,40,0.2637,0.8533,False
Korean,離卦-dynamic,b,-0.78,4,0.2687,0.8582,False
Korean,艮卦-dynamic,b,0.722,10,0.2687,0.8582,False
Korean,離卦-dynamic,d͡ʑ,-0.71,6,0.2736,0.8582,False
Korean,震卦-dynamic,d,0.629,49,0.2786,0.8582,False
Korean,兌卦-dynamic,t͡ɕ,-0.6,21,0.2736,0.8582,False
Korean,中卦-static,t,0.53,75,0.2786,0.8582,False
Korean,中卦-dynamic,j,2.476,3,0.2886,0.8612,False
Korean,坎卦-static,h,-1.006,11,0.2836,0.8612,False
Korean,坎卦-dynamic,ŋ,-0.904,5,0.2886,0.8612,False
Korean,離卦-static,o,0.743,44,0.2886,0.8612,False
Korean,坤卦-dynamic,h,-0.66,43,0.2886,0.8612,False
Korean,坤卦-dynamic,u,-0.559,34,0.2836,0.8612,False
Korean,坎卦-static,ʌ,0.82,24,0.2935,0.8626,False
Korean,坤卦-dynamic,p͡h,-0.641,6,0.2935,0.8626,False
Korean,兌卦-dynamic,b,-0.564,8,0.2935,0.8626,False
Korean,兌卦-static,s,-1.108,4,0.3085,0.8704,False
Korean,坤卦-static,ɯ,-1.012,4,0.3085,0.8704,False
Korean,坎卦-dynamic,ɯ,0.949,23,0.3134,0.8704,False
Korean,巽卦-static,h,-0.947,8,0.3234,0.8704,False
Korean,艮卦-dynamic,k,0.771,6,0.2985,0.8704,False
Korean,艮卦-dynamic,ɡ,-0.699,13,0.3035,0.8704,False
Korean,艮卦-dynamic,t,-0.662,16,0.3184,0.8704,False
Korean,離卦-dynamic,i,0.662,76,0.3184,0.8704,False
Korean,震卦-dynamic,ɾ,0.637,28,0.3184,0.8704,False
Korean,離卦-static,ɐ,-0.631,65,0.3035,0.8704,False
Korean,震卦-dynamic,b,-0.618,5,0.3234,0.8704,False
Korean,乾卦-dynamic,k,0.576,6,0.3184,0.8704,False
Korean,震卦-dynamic,p͡h,-0.562,6,0.3234,0.8704,False
Korean,兌卦-dynamic,ɫ,-0.537,24,0.3134,0.8704,False
Korean,兌卦-dynamic,t͡ʃ,-0.532,10,0.3085,0.8704,False
Korean,震卦-static,e,-0.466,21,0.3234,0.8704,False
Korean,中卦-static,m,-0.448,69,0.3085,0.8704,False
Korean,震卦-dynamic,o,-0.62,36,0.3284,0.8716,False
Korean,坤卦-dynamic,b,0.463,13,0.3284,0.8716,False
Korean,艮卦-dynamic,ɛ,-0.614,12,0.3333,0.8767,False
Korean,震卦-static,b,0.477,17,0.3333,0.8767,False
Korean,兌卦-static,ŋ,1.094,9,0.3433,0.8788,False
Korean,巽卦-static,ɛ,0.956,8,0.3433,0.8788,False
Korean,離卦-dynamic,ɯ,-0.597,23,0.3433,0.8788,False
Korean,艮卦-static,ʌ,0.526,42,0.3433,0.8788,False
Korean,中卦-static,ɫ,-0.407,35,0.3433,0.8788,False
Korean,中卦-static,q,-0.391,76,0.3483,0.8876,False
Korean,艮卦-dynamic,d͡ʑ,-0.637,6,0.3582,0.8932,False
Korean,震卦-dynamic,ɫ,0.623,35,0.3582,0.8932,False
Korean,離卦-static,b,0.577,9,0.3582,0.8932,False
Korean,震卦-static,ɫ,-0.429,28,0.3532,0.8932,False
Korean,震卦-static,j,-0.391,39,0.3582,0.8932,False
Korean,坎卦-dynamic,ɡ,-0.843,5,0.3632,0.894,False
Korean,艮卦-static,w,-0.631,8,0.3632,0.894,False
Korean,坤卦-dynamic,ɫ,-0.456,21,0.3632,0.894,False
Korean,巽卦-dynamic,h,2.357,4,0.3731,0.8984,False
Korean,兌卦-static,h,-1.077,5,0.3682,0.8984,False
Korean,坎卦-dynamic,d͡ʑ,0.823,9,0.3682,0.8984,False
Korean,乾卦-static,ʌ,-0.802,15,0.3881,0.8984,False
Korean,坎卦-static,ɯ,-0.784,7,0.3831,0.8984,False
Korean,坎卦-static,ɡ,0.711,9,0.3881,0.8984,False
Korean,離卦-dynamic,q,-0.574,35,0.393,0.8984,False
Korean,離卦-dynamic,ŋ,-0.565,20,0.3881,0.8984,False
Korean,艮卦-static,q,-0.559,26,0.3881,0.8984,False
Korean,離卦-static,i,0.559,62,0.3781,0.8984,False
Korean,艮卦-dynamic,j,-0.545,19,0.393,0.8984,False
Korean,離卦-dynamic,p͡h,-0.545,6,0.3881,0.8984,False
Korean,艮卦-dynamic,o,-0.535,31,0.393,0.8984,False
Korean,兌卦-dynamic,d͡ʑ,-0.432,15,0.3831,0.8984,False
Korean,震卦-static,o,-0.399,62,0.3781,0.8984,False
Korean,震卦-static,d,-0.394,37,0.393,0.8984,False
Korean,巽卦-dynamic,ɯ,2.423,5,0.4129,0.9039,False
Korean,兌卦-static,e,1.003,5,0.408,0.9039,False
Korean,巽卦-static,j,-0.883,5,0.4229,0.9039,False
Korean,乾卦-static,ɐ,0.724,51,0.4129,0.9039,False
Korean,乾卦-static,ɫ,-0.719,5,0.4378,0.9039,False
Korean,坎卦-static,s,0.69,19,0.4328,0.9039,False
Korean,乾卦-static,o,0.677,21,0.4328,0.9039,False
Korean,乾卦-static,ɾ,0.674,11,0.4179,0.9039,False
Korean,坎卦-dynamic,p,-0.657,6,0.408,0.9039,False
Korean,艮卦-dynamic,ɐ,0.583,105,0.403,0.9039,False
Korean,艮卦-dynamic,ŋ,0.56,34,0.4229,0.9039,False
Korean,離卦-dynamic,o,-0.521,36,0.4179,0.9039,False
Korean,艮卦-dynamic,h,0.485,46,0.4378,0.9039,False
Korean,坤卦-dynamic,i,0.471,93,0.403,0.9039,False
Korean,乾卦-dynamic,p,-0.471,20,0.4378,0.9039,False
Korean,艮卦-dynamic,t͡ʃ,0.467,13,0.4279,0.9039,False
Korean,震卦-dynamic,i,0.461,76,0.4378,0.9039,False
Korean,震卦-dynamic,ɛ,-0.454,16,0.4129,0.9039,False
Korean,坤卦-dynamic,ɾ,-0.427,24,0.4328,0.9039,False
Korean,坤卦-dynamic,ɛ,0.395,30,0.4129,0.9039,False
Korean,兌卦-dynamic,ɯ,-0.392,45,0.4328,0.9039,False
Korean,兌卦-dynamic,w,-0.362,20,0.4378,0.9039,False
Korean,中卦-static,ɛ,-0.357,33,0.4229,0.9039,False
Korean,乾卦-static,t,0.688,16,0.4428,0.9076,False
Korean,乾卦-dynamic,d͡ʑ,-0.4,10,0.4428,0.9076,False
Korean,坎卦-dynamic,b,0.685,4,0.4478,0.9113,False
Korean,艮卦-dynamic,w,-0.529,10,0.4478,0.9113,False
Korean,坎卦-dynamic,ɐ,-0.752,26,0.4527,0.9118,False
Korean,坎卦-dynamic,s,-0.649,10,0.4527,0.9118,False
Korean,離卦-static,u,0.391,35,0.4527,0.9118,False
Korean,坎卦-dynamic,ʌ,0.711,21,0.4577,0.9123,False
Korean,坎卦-static,j,0.692,14,0.4627,0.9127,False
Korean,離卦-static,ɫ,0.47,26,0.4677,0.9131,False
Korean,離卦-static,ɯ,-0.427,23,0.4677,0.9131,False
Korean,中卦-static,k,0.371,10,0.4677,0.9131,False
Korean,巽卦-static,ʌ,-0.856,10,0.4726,0.9166,False
Korean,坤卦-dynamic,k͡h,-0.442,6,0.4726,0.9166,False
Korean,震卦-dynamic,ʌ,-0.451,44,0.4776,0.9232,False
Korean,巽卦-static,i,0.688,21,0.4826,0.9235,False
Korean,離卦-dynamic,ʌ,-0.476,42,0.4826,0.9235,False
Korean,中卦-static,e,0.32,41,0.4826,0.9235,False
Korean,兌卦-static,ɾ,-0.795,3,0.4876,0.9299,False
Korean,巽卦-static,q,-0.732,9,0.4925,0.9337,False
Korean,坤卦-static,ɛ,0.66,9,0.5025,0.9337,False
Korean,坤卦-static,q,0.632,18,0.4975,0.9337,False
Korean,坎卦-static,ɐ,-0.603,31,0.5025,0.9337,False
Korean,震卦-static,t,-0.331,39,0.4975,0.9337,False
Korean,坤卦-dynamic,j,-0.322,31,0.5025,0.9337,False
Korean,坤卦-static,ɐ,0.613,42,0.5075,0.9369,False
Korean,乾卦-dynamic,t͡ɕ,-0.344,16,0.5075,0.9369,False
Korean,離卦-dynamic,t͡ʃ,-0.458,7,0.5174,0.9522,False
Korean,巽卦-dynamic,s,1.683,3,0.5323,0.9523,False
Korean,艮卦-dynamic,p,-0.412,18,0.5323,0.9523,False
Korean,震卦-dynamic,l,0.397,9,0.5323,0.9523,False
Korean,離卦-static,h,-0.387,32,0.5373,0.9523,False
Korean,乾卦-dynamic,j,-0.373,24,0.5323,0.9523,False
Korean,乾卦-dynamic,t͡ʃ,0.341,14,0.5224,0.9523,False
Korean,中卦-static,k͡h,0.317,21,0.5373,0.9523,False
Korean,震卦-static,m,0.267,70,0.5224,0.9523,False
Korean,巽卦-dynamic,o,1.53,3,0.5572,0.9552,False
Korean,巽卦-static,l,0.774,3,0.5572,0.9552,False
Korean,巽卦-static,ŋ,-0.672,5,0.5473,0.9552,False
Korean,兌卦-static,j,-0.584,4,0.5572,0.9552,False
Korean,坎卦-dynamic,q,0.542,18,0.5572,0.9552,False
Korean,艮卦-static,k͡h,0.375,8,0.5522,0.9552,False
Korean,震卦-static,h,0.285,82,0.5423,0.9552,False
Korean,震卦-static,w,0.249,28,0.5473,0.9552,False
Korean,離卦-dynamic,l,-0.388,4,0.5622,0.958,False
Korean,離卦-static,ŋ,0.373,30,0.5672,0.9637,False
Korean,坤卦-dynamic,ɐ,0.276,140,0.5721,0.9693,False
Korean,巽卦-static,w,-0.621,3,0.5821,0.9804,False
Korean,坎卦-static,m,-0.533,13,0.592,0.9884,False
Korean,坎卦-static,u,-0.48,11,0.592,0.9884,False
Korean,坤卦-static,d,-0.48,7,0.597,0.9939,False
Korean,離卦-dynamic,p,0.321,32,0.607,0.996,False
Korean,坤卦-dynamic,t͡ʃ,0.281,17,0.607,0.996,False
Korean,坤卦-dynamic,m,-0.268,46,0.607,0.996,False
Korean,震卦-static,d͡ʑ,0.199,29,0.602,0.996,False
Korean,中卦-dynamic,m,1.404,3,0.6269,1.0,False
Korean,中卦-dynamic,s,1.166,3,0.7264,1.0,False
Korean,中卦-dynamic,n,0.881,4,0.7114,1.0,False
Korean,中卦-dynamic,i,-0.79,3,0.7612,1.0,False
Korean,中卦-dynamic,ɐ,-0.742,4,0.801,1.0,False
Korean,巽卦-static,n,0.578,19,0.6269,1.0,False
Korean,巽卦-static,ɫ,0.562,9,0.6517,1.0,False
Korean,乾卦-static,d,-0.504,8,0.6169,1.0,False
Korean,巽卦-static,o,-0.494,10,0.6915,1.0,False
Korean,坤卦-static,u,0.492,15,0.6617,1.0,False
Korean,兌卦-static,t,-0.469,4,0.6617,1.0,False
Korean,兌卦-static,ɡ,0.451,4,0.6866,1.0,False
Korean,巽卦-dynamic,ɐ,-0.45,4,0.9254,1.0,False
Korean,乾卦-static,t͡ɕ,-0.449,6,0.6169,1.0,False
Korean,中卦-dynamic,ʌ,0.442,3,0.8806,1.0,False
Korean,乾卦-static,ɯ,-0.442,11,0.6418,1.0,False
Korean,乾卦-static,ŋ,0.436,15,0.6219,1.0,False
Korean,巽卦-static,ɯ,0.422,14,0.7562,1.0,False
Korean,乾卦-static,t͡ʃ,-0.408,3,0.7164,1.0,False
Korean,坤卦-static,s,-0.406,11,0.6219,1.0,False
Korean,兌卦-static,o,-0.397,7,0.7114,1.0,False
Korean,乾卦-static,u,0.393,17,0.6716,1.0,False
Korean,坤卦-static,ŋ,-0.372,8,0.6915,1.0,False
Korean,兌卦-static,p,-0.365,4,0.7214,1.0,False
Korean,巽卦-static,s,-0.361,9,0.7363,1.0,False
Korean,艮卦-static,d͡ʑ,-0.331,8,0.6169,1.0,False
Korean,艮卦-static,ɛ,0.331,17,0.6169,1.0,False
Korean,巽卦-static,d͡ʑ,-0.325,3,0.7612,1.0,False
Korean,艮卦-dynamic,ɯ,-0.298,27,0.6517,1.0,False
Korean,離卦-static,w,-0.29,11,0.6866,1.0,False
Korean,艮卦-dynamic,u,0.288,35,0.6269,1.0,False
Korean,離卦-dynamic,ɾ,-0.284,20,0.6667,1.0,False
Korean,坤卦-static,n,0.282,22,0.8259,1.0,False
Korean,震卦-dynamic,ɯ,-0.277,33,0.6766,1.0,False
Korean,震卦-dynamic,d͡ʑ,-0.274,12,0.6318,1.0,False
Korean,坤卦-static,o,0.273,16,0.7562,1.0,False
Korean,乾卦-static,h,0.271,20,0.791,1.0,False
Korean,坎卦-static,n,0.266,25,0.791,1.0,False
Korean,兌卦-static,ɯ,-0.258,6,0.7711,1.0,False
Korean,坤卦-static,t͡ʃ,-0.257,3,0.8159,1.0,False
Korean,乾卦-static,ɛ,0.255,9,0.801,1.0,False
Korean,離卦-static,l,-0.252,4,0.7612,1.0,False
Korean,巽卦-static,t͡ɕ,0.248,6,0.8308,1.0,False
Korean,乾卦-static,e,-0.246,6,0.7861,1.0,False
Korean,巽卦-dynamic,n,0.242,3,0.9303,1.0,False
Korean,乾卦-dynamic,e,-0.24,15,0.6418,1.0,False
Korean,艮卦-static,ɡ,-0.239,13,0.6866,1.0,False
Korean,坎卦-dynamic,o,-0.239,14,0.8159,1.0,False
Korean,巽卦-static,ɐ,0.239,30,0.801,1.0,False
Korean,兌卦-dynamic,ɾ,-0.237,32,0.6517,1.0,False
Korean,巽卦-dynamic,i,-0.236,3,0.9403,1.0,False
Korean,震卦-dynamic,s,-0.232,36,0.7114,1.0,False
Korean,艮卦-dynamic,e,-0.23,13,0.6716,1.0,False
Korean,坎卦-static,ɾ,-0.228,8,0.8109,1.0,False
Korean,坤卦-static,ʌ,0.226,18,0.7811,1.0,False
Korean,艮卦-static,n,-0.226,41,0.7114,1.0,False
Korean,坤卦-static,ɫ,-0.214,7,0.8308,1.0,False
Korean,坤卦-dynamic,q,-0.214,51,0.6418,1.0,False
Korean,坎卦-dynamic,m,-0.211,13,0.8159,1.0,False
Korean,兌卦-static,d,-0.211,5,0.8209,1.0,False
Korean,震卦-dynamic,e,0.21,20,0.7562,1.0,False
Korean,兌卦-dynamic,u,-0.209,51,0.6667,1.0,False
Korean,離卦-static,e,0.208,16,0.7512,1.0,False
Korean,震卦-dynamic,t͡ɕ,-0.202,18,0.7313,1.0,False
Korean,中卦-static,t͡ɕ,-0.201,35,0.6617,1.0,False
Korean,乾卦-dynamic,p͡h,0.201,16,0.7313,1.0,False
Korean,坎卦-dynamic,h,0.197,17,0.7711,1.0,False
Korean,離卦-static,p,0.194,25,0.7861,1.0,False
Korean,中卦-static,d,0.193,74,0.6617,1.0,False
Korean,乾卦-static,m,-0.192,15,0.8109,1.0,False
Korean,乾卦-dynamic,b,-0.191,7,0.7065,1.0,False
Korean,乾卦-dynamic,t,-0.191,26,0.6816,1.0,False
Korean,坤卦-static,d͡ʑ,0.19,6,0.8607,1.0,False
Korean,乾卦-dynamic,ŋ,0.183,33,0.7662,1.0,False
Korean,坤卦-dynamic,d,-0.182,35,0.7512,1.0,False
Korean,離卦-static,m,-0.181,31,0.8109,1.0,False
Korean,離卦-static,p͡h,0.18,13,0.7214,1.0,False
Korean,震卦-static,p͡h,-0.175,18,0.7015,1.0,False
Korean,艮卦-dynamic,ɫ,0.174,23,0.7711,1.0,False
Korean,坎卦-static,d,-0.161,11,0.8308,1.0,False
Korean,震卦-dynamic,m,-0.157,39,0.8159,1.0,False
Korean,兌卦-static,i,-0.155,12,0.8756,1.0,False
Korean,坤卦-static,ɾ,0.154,8,0.8905,1.0,False
Korean,艮卦-dynamic,s,0.152,35,0.8308,1.0,False
Korean,中卦-static,p,-0.152,50,0.7214,1.0,False
Korean,艮卦-static,ŋ,-0.151,20,0.8259,1.0,False
Korean,中卦-static,ɡ,0.15,40,0.7264,1.0,False
Korean,乾卦-dynamic,k͡h,-0.144,7,0.7711,1.0,False
Korean,巽卦-static,ɡ,-0.139,5,0.9104,1.0,False
Korean,中卦-static,ɯ,-0.134,72,0.6816,1.0,False
Korean,震卦-static,p,0.133,48,0.7562,1.0,False
Korean,坤卦-dynamic,ɡ,0.132,25,0.796,1.0,False
Korean,離卦-dynamic,k͡h,0.129,9,0.8955,1.0,False
Korean,兌卦-dynamic,s,0.128,63,0.8259,1.0,False
Korean,艮卦-dynamic,ɾ,0.126,20,0.8408,1.0,False
Korean,坤卦-dynamic,p,-0.122,32,0.8259,1.0,False
Korean,離卦-static,t͡ʃ,0.122,10,0.8259,1.0,False
Korean,艮卦-dynamic,q,0.121,39,0.796,1.0,False
Korean,巽卦-static,d,-0.12,8,0.9055,1.0,False
Korean,坤卦-dynamic,d͡ʑ,0.117,21,0.8159,1.0,False
Korean,艮卦-static,ɾ,0.117,17,0.8507,1.0,False
Korean,震卦-dynamic,w,-0.115,15,0.8657,1.0,False
Korean,乾卦-dynamic,l,0.11,7,0.8706,1.0,False
Korean,艮卦-static,m,0.109,30,0.8756,1.0,False
Korean,離卦-dynamic,w,0.108,16,0.9104,1.0,False
Korean,兌卦-dynamic,t,0.107,48,0.8209,1.0,False
Korean,中卦-static,t͡ʃ,0.106,24,0.7861,1.0,False
Korean,兌卦-dynamic,p͡h,0.105,23,0.796,1.0,False
Korean,艮卦-static,ɯ,-0.101,27,0.8955,1.0,False
Korean,巽卦-static,e,0.099,5,0.9453,1.0,False
Korean,艮卦-static,h,-0.097,32,0.9204,1.0,False
Korean,艮卦-static,p,0.089,21,0.8856,1.0,False
Korean,艮卦-dynamic,t͡ɕ,-0.087,16,0.9055,1.0,False
Korean,坎卦-dynamic,d,0.087,12,0.9453,1.0,False
Korean,震卦-static,ʌ,0.086,83,0.8259,1.0,False
Korean,中卦-static,h,-0.083,88,0.8408,1.0,False
Korean,乾卦-dynamic,n,0.078,61,0.9154,1.0,False
Korean,震卦-dynamic,j,0.077,30,0.9055,1.0,False
Korean,離卦-static,t,0.077,25,0.8756,1.0,False
Korean,坎卦-dynamic,p͡h,0.072,5,0.9552,1.0,False
Korean,坎卦-dynamic,u,0.07,13,0.9403,1.0,False
Korean,乾卦-static,j,-0.07,11,0.9602,1.0,False
Korean,坎卦-static,e,0.067,7,0.9453,1.0,False
Korean,坎卦-static,p,0.065,11,0.9204,1.0,False
Korean,坎卦-static,ɛ,0.063,8,0.9204,1.0,False
Korean,震卦-static,ɯ,-0.063,62,0.8856,1.0,False
Korean,震卦-static,k͡h,0.062,14,0.8308,1.0,False
Korean,震卦-dynamic,p,0.055,29,0.9303,1.0,False
Korean,艮卦-static,ɫ,-0.048,17,0.9353,1.0,False
Korean,坎卦-dynamic,t͡ʃ,0.046,4,0.9751,1.0,False
Korean,離卦-static,d͡ʑ,0.045,13,0.9154,1.0,False
Korean,兌卦-static,ʌ,-0.045,9,0.9751,1.0,False
Korean,巽卦-static,ɾ,-0.044,6,0.9502,1.0,False
Korean,震卦-dynamic,t͡ʃ,-0.043,11,0.9453,1.0,False
Korean,震卦-dynamic,h,-0.041,46,0.9254,1.0,False
Korean,震卦-static,ɾ,-0.04,36,0.9154,1.0,False
Korean,艮卦-static,u,-0.036,26,0.9701,1.0,False
Korean,離卦-dynamic,t͡ɕ,-0.035,19,0.9751,1.0,False
Korean,坎卦-dynamic,j,0.034,10,0.9751,1.0,False
Korean,坎卦-dynamic,t,-0.029,10,0.9552,1.0,False
Korean,兌卦-dynamic,p,-0.024,42,0.9552,1.0,False
Korean,兌卦-dynamic,ɡ,0.021,30,0.9502,1.0,False
Korean,坤卦-dynamic,e,0.012,22,0.9851,1.0,False
Korean,兌卦-dynamic,ɛ,-0.01,31,0.9851,1.0,False
Korean,兌卦-dynamic,l,0.009,10,0.9801,1.0,False
Korean,乾卦-static,n,0.006,24,1.0,1.0,False
Russian,巽卦-static,ɛ,3.196,4,0.005,0.2985,False
Russian,巽卦-static,ʃ,3.191,9,0.005,0.2985,False
Russian,震卦-dynamic,pʲ,3.073,11,0.005,0.2985,False
Russian,離卦-static,a,2.969,77,0.005,0.2985,False
Russian,兌卦-dynamic,tʲ,2.819,173,0.005,0.2985,False
Russian,震卦-dynamic,bʲ,2.608,8,0.005,0.2985,False
Russian,乾卦-static,x,2.549,8,0.005,0.2985,False
Russian,兌卦-dynamic,ʒ,2.464,28,0.005,0.2985,False
Russian,離卦-static,mʲ,2.311,15,0.005,0.2985,False
Russian,離卦-dynamic,dʲ,2.242,18,0.005,0.2985,False
Russian,震卦-dynamic,ʑ,2.208,8,0.005,0.2985,False
Russian,艮卦-dynamic,t͡s,2.201,22,0.005,0.2985,False
Russian,中卦-static,j,2.161,101,0.005,0.2985,False
Russian,離卦-dynamic,v,2.106,45,0.005,0.2985,False
Russian,兌卦-dynamic,ɑ,2.094,94,0.005,0.2985,False
Russian,乾卦-static,t,2.249,34,0.01,0.4071,False
Russian,離卦-dynamic,p,2.084,50,0.01,0.4071,False
Russian,離卦-static,k,1.991,79,0.01,0.4071,False
Russian,乾卦-dynamic,i,1.548,104,0.01,0.4071,False
Russian,震卦-static,t͡ʃʲ,-1.436,7,0.01,0.4071,False
Russian,震卦-static,ɭ,1.412,79,0.01,0.4071,False
Russian,乾卦-dynamic,^,2.102,7,0.0149,0.4975,False
Russian,離卦-dynamic,tʲ,1.79,101,0.0149,0.4975,False
Russian,震卦-static,j͡a,1.645,31,0.0149,0.4975,False
Russian,兌卦-dynamic,v,1.598,50,0.0149,0.4975,False
Russian,兌卦-dynamic,k,-1.458,23,0.0149,0.4975,False
Russian,巽卦-dynamic,z,3.31,7,0.0249,0.5597,False
Russian,坤卦-static,kʲ,3.068,4,0.0348,0.5597,False
Russian,巽卦-dynamic,ɕ,2.95,3,0.0299,0.5597,False
Russian,乾卦-static,s,2.204,29,0.0299,0.5597,False
Russian,艮卦-static,ɕ,2.198,7,0.0249,0.5597,False
Russian,兌卦-static,kʲ,2.169,3,0.0348,0.5597,False
Russian,艮卦-static,e,2.124,24,0.0249,0.5597,False
Russian,艮卦-static,b,2.111,13,0.0249,0.5597,False
Russian,乾卦-static,ɡ,2.101,11,0.0348,0.5597,False
Russian,中卦-static,ɵ,1.897,4,0.0249,0.5597,False
Russian,乾卦-static,i,-1.852,19,0.0348,0.5597,False
Russian,艮卦-static,j͡a,1.824,9,0.0348,0.5597,False
Russian,震卦-dynamic,ɭʲ,-1.745,3,0.0398,0.5597,False
Russian,震卦-dynamic,sʲ,1.683,12,0.0249,0.5597,False
Russian,離卦-dynamic,ɭ,-1.628,11,0.0398,0.5597,False
Russian,艮卦-dynamic,ʑ,1.565,9,0.0249,0.5597,False
Russian,離卦-dynamic,ʌ,1.561,128,0.0398,0.5597,False
Russian,坤卦-dynamic,^,1.544,8,0.0348,0.5597,False
Russian,離卦-static,v,-1.518,4,0.0398,0.5597,False
Russian,離卦-static,t͡ʃʲ,1.516,18,0.0398,0.5597,False
Russian,離卦-dynamic,o,-1.467,13,0.0398,0.5597,False
Russian,坤卦-dynamic,u,-1.428,24,0.0249,0.5597,False
Russian,離卦-dynamic,i,1.388,102,0.0348,0.5597,False
Russian,乾卦-dynamic,vʲ,1.356,16,0.0299,0.5597,False
Russian,離卦-dynamic,vʲ,1.335,16,0.0299,0.5597,False
Russian,艮卦-dynamic,j,-1.333,3,0.0398,0.5597,False
Russian,乾卦-dynamic,r,1.285,76,0.0249,0.5597,False
Russian,兌卦-dynamic,j,-1.255,6,0.0249,0.5597,False
Russian,兌卦-dynamic,n,-1.217,25,0.0299,0.5597,False
Russian,坤卦-dynamic,n,1.107,95,0.0299,0.5597,False
Russian,中卦-static,a,-1.064,43,0.0299,0.5597,False
Russian,震卦-static,ʒ,-1.051,4,0.0398,0.5597,False
Russian,兌卦-static,k,2.319,20,0.0448,0.5676,False
Russian,兌卦-static,t͡ʃʲ,2.179,5,0.0448,0.5676,False
Russian,震卦-dynamic,e,1.556,27,0.0448,0.5676,False
Russian,離卦-static,ɭ,1.454,39,0.0448,0.5676,False
Russian,乾卦-dynamic,s,-1.246,29,0.0448,0.5676,False
Russian,中卦-static,nʲ,1.212,47,0.0448,0.5676,False
Russian,乾卦-dynamic,y,-1.081,11,0.0448,0.5676,False
Russian,巽卦-dynamic,u,2.658,10,0.0498,0.5892,False
Russian,中卦-static,n,0.988,117,0.0498,0.5892,False
Russian,乾卦-static,r,1.72,36,0.0547,0.6081,False
Russian,坤卦-dynamic,sʲ,1.18,25,0.0547,0.6081,False
Russian,乾卦-dynamic,ɑ,1.17,61,0.0547,0.6081,False
Russian,兌卦-dynamic,o,-1.148,24,0.0547,0.6081,False
Russian,中卦-static,t͡ʃʲ,0.937,34,0.0547,0.6081,False
Russian,巽卦-static,y,2.51,10,0.0597,0.6176,False
Russian,艮卦-dynamic,o,-1.204,15,0.0597,0.6176,False
Russian,兌卦-dynamic,t,-1.04,38,0.0597,0.6176,False
Russian,兌卦-dynamic,pʲ,1.032,13,0.0597,0.6176,False
Russian,震卦-static,dʲ,-0.971,5,0.0597,0.6176,False
Russian,中卦-dynamic,m,3.201,5,0.0697,0.6463,False
Russian,中卦-dynamic,ɪ,3.176,4,0.0697,0.6463,False
Russian,坎卦-static,ɭʲ,2.356,6,0.0697,0.6463,False
Russian,兌卦-static,ʌ,-2.172,6,0.0697,0.6463,False
Russian,乾卦-static,n,1.724,33,0.0697,0.6463,False
Russian,艮卦-static,t͡s,1.61,10,0.0647,0.6463,False
Russian,震卦-dynamic,ɑ,1.513,39,0.0647,0.6463,False
Russian,坤卦-dynamic,a,-1.051,34,0.0647,0.6463,False
Russian,兌卦-dynamic,a,-1.008,31,0.0697,0.6463,False
Russian,艮卦-dynamic,a,1.199,53,0.0746,0.6585,False
Russian,兌卦-dynamic,mʲ,0.997,16,0.0746,0.6585,False
Russian,兌卦-dynamic,e,-0.93,22,0.0746,0.6585,False
Russian,震卦-static,ɡ,0.92,30,0.0746,0.6585,False
Russian,坎卦-static,d,2.143,6,0.0796,0.6759,False
Russian,震卦-dynamic,rʲ,1.339,17,0.0796,0.6759,False
Russian,離卦-static,y,-1.314,6,0.0796,0.6759,False
Russian,乾卦-dynamic,mʲ,1.112,13,0.0796,0.6759,False
Russian,兌卦-static,o,2.045,15,0.0846,0.692,False
Russian,乾卦-dynamic,ʌ,-1.122,58,0.0846,0.692,False
Russian,坤卦-dynamic,j,0.976,54,0.0846,0.692,False
Russian,中卦-static,j͡a,-0.894,6,0.0846,0.692,False
Russian,坎卦-dynamic,ʑ,1.709,3,0.0945,0.7031,False
Russian,乾卦-static,j,1.652,20,0.0945,0.7031,False
Russian,離卦-dynamic,k,-1.288,22,0.0896,0.7031,False
Russian,離卦-static,d,-1.176,7,0.0945,0.7031,False
Russian,兌卦-dynamic,t͡s,1.015,22,0.0945,0.7031,False
Russian,兌卦-dynamic,f,-0.978,3,0.0945,0.7031,False
Russian,坤卦-dynamic,ʌ,0.945,161,0.0896,0.7031,False
Russian,震卦-static,fʲ,0.939,7,0.0896,0.7031,False
Russian,震卦-static,a,0.802,94,0.0945,0.7031,False
Russian,坎卦-static,sʲ,2.115,4,0.1045,0.7463,False
Russian,震卦-static,ʌ,-0.795,112,0.1045,0.7463,False
Russian,離卦-static,ɪ,-1.209,6,0.1095,0.7577,False
Russian,離卦-dynamic,m,-1.146,4,0.1095,0.7577,False
Russian,離卦-dynamic,u,-1.055,21,0.1095,0.7577,False
Russian,震卦-static,b,-0.817,15,0.1095,0.7577,False
Russian,艮卦-static,s,-1.136,14,0.1144,0.7802,False
Russian,中卦-static,r,-0.738,64,0.1144,0.7802,False
Russian,坎卦-static,n,2.092,15,0.1194,0.796,False
Russian,巽卦-dynamic,ʃ,2.025,7,0.1194,0.796,False
Russian,乾卦-dynamic,nʲ,1.162,25,0.1194,0.796,False
Russian,兌卦-static,r,1.862,17,0.1393,0.8194,False
Russian,坤卦-static,o,1.706,14,0.1393,0.8194,False
Russian,坎卦-static,ɛ,1.61,3,0.1294,0.8194,False
Russian,震卦-dynamic,vʲ,1.205,9,0.1343,0.8194,False
Russian,震卦-dynamic,y,-1.033,7,0.1393,0.8194,False
Russian,離卦-dynamic,mʲ,-0.968,4,0.1393,0.8194,False
Russian,乾卦-dynamic,ʒ,-0.938,3,0.1294,0.8194,False
Russian,兌卦-dynamic,m,-0.908,9,0.1294,0.8194,False
Russian,中卦-static,t͡s,-0.789,7,0.1343,0.8194,False
Russian,中卦-static,y,0.767,75,0.1244,0.8194,False
Russian,兌卦-dynamic,r,-0.748,44,0.1294,0.8194,False
Russian,兌卦-dynamic,ɪ,-0.732,15,0.1343,0.8194,False
Russian,震卦-static,tʲ,-0.725,25,0.1343,0.8194,False
Russian,兌卦-static,mʲ,1.686,3,0.1443,0.8271,False
Russian,離卦-dynamic,s,-1.005,32,0.1443,0.8271,False
Russian,中卦-static,ʌ,0.637,191,0.1443,0.8271,False
Russian,艮卦-dynamic,ɑ,0.941,49,0.1493,0.8502,False
Russian,乾卦-dynamic,b,0.877,20,0.1542,0.8568,False
Russian,坤卦-dynamic,e,0.779,53,0.1542,0.8568,False
Russian,中卦-static,u,-0.704,46,0.1542,0.8568,False
Russian,坤卦-dynamic,tʲ,-0.694,23,0.1542,0.8568,False
Russian,離卦-static,j͡a,1.005,12,0.1592,0.8632,False
Russian,兌卦-dynamic,ɭ,-0.767,27,0.1642,0.8795,False
Russian,中卦-static,f,-0.625,8,0.1692,0.8955,False
Russian,兌卦-static,t,-1.628,4,0.1741,0.9004,False
Russian,艮卦-static,o,1.005,27,0.1841,0.9004,False
Russian,震卦-dynamic,o,-0.979,13,0.1841,0.9004,False
Russian,艮卦-dynamic,nʲ,-0.88,7,0.1841,0.9004,False
Russian,兌卦-dynamic,rʲ,0.809,30,0.1741,0.9004,False
Russian,中卦-static,tʲ,-0.716,28,0.1841,0.9004,False
Russian,震卦-static,rʲ,0.716,38,0.1841,0.9004,False
Russian,坤卦-dynamic,rʲ,-0.677,13,0.1741,0.9004,False
Russian,中卦-static,sʲ,-0.671,12,0.1841,0.9004,False
Russian,震卦-static,x,-0.627,8,0.1791,0.9004,False
Russian,震卦-dynamic,u,-0.965,13,0.1891,0.9099,False
Russian,離卦-static,z,-0.919,3,0.1891,0.9099,False
Russian,巽卦-dynamic,y,1.799,9,0.199,0.9138,False
Russian,艮卦-dynamic,tʲ,0.857,58,0.194,0.9138,False
Russian,乾卦-dynamic,j͡u,0.847,3,0.199,0.9138,False
Russian,艮卦-dynamic,dʲ,-0.846,3,0.199,0.9138,False
Russian,兌卦-dynamic,z,0.813,26,0.199,0.9138,False
Russian,離卦-dynamic,ɡ,-0.794,6,0.194,0.9138,False
Russian,中卦-static,z,-0.623,12,0.194,0.9138,False
Russian,中卦-dynamic,nʲ,2.509,3,0.2189,0.9154,False
Russian,坎卦-static,p,1.691,8,0.2239,0.9154,False
Russian,巽卦-static,i,-1.675,7,0.2239,0.9154,False
Russian,巽卦-static,s,1.606,9,0.209,0.9154,False
Russian,坤卦-static,r,-1.433,4,0.2189,0.9154,False
Russian,離卦-static,ʌ,-1.018,50,0.209,0.9154,False
Russian,離卦-static,nʲ,-1.001,6,0.2289,0.9154,False
Russian,艮卦-static,u,-0.988,10,0.2289,0.9154,False
Russian,震卦-dynamic,dʲ,0.93,7,0.2239,0.9154,False
Russian,艮卦-static,ɭ,0.922,19,0.2239,0.9154,False
Russian,艮卦-dynamic,z,0.912,18,0.209,0.9154,False
Russian,艮卦-dynamic,ʌ,0.85,92,0.204,0.9154,False
Russian,離卦-static,i,0.803,75,0.2289,0.9154,False
Russian,離卦-dynamic,n,-0.801,28,0.2239,0.9154,False
Russian,離卦-dynamic,e,-0.784,19,0.2289,0.9154,False
Russian,離卦-static,o,-0.782,21,0.2289,0.9154,False
Russian,坤卦-dynamic,d,0.68,33,0.2189,0.9154,False
Russian,兌卦-dynamic,i,0.646,113,0.2189,0.9154,False
Russian,震卦-static,ɛ,-0.639,4,0.204,0.9154,False
Russian,坤卦-dynamic,p,-0.614,30,0.2189,0.9154,False
Russian,中卦-static,ɑ,-0.588,69,0.2239,0.9154,False
Russian,離卦-dynamic,x,-0.802,4,0.2338,0.9312,False
Russian,乾卦-static,p,-1.007,7,0.2388,0.9345,False
Russian,震卦-static,y,-0.582,32,0.2388,0.9345,False
Russian,坤卦-static,ɑ,-1.468,5,0.2488,0.9609,False
Russian,兌卦-static,ɑ,-1.439,5,0.2488,0.9609,False
Russian,艮卦-static,ɡ,0.847,8,0.2537,0.9635,False
Russian,離卦-dynamic,j,-0.761,12,0.2537,0.9635,False
Russian,坤卦-dynamic,k,-0.634,53,0.2537,0.9635,False
Russian,坎卦-static,ʒ,1.59,3,0.2587,0.9661,False
Russian,坎卦-static,u,1.585,9,0.2587,0.9661,False
Russian,震卦-dynamic,m,-0.802,5,0.2587,0.9661,False
Russian,離卦-dynamic,ʒ,0.846,13,0.2637,0.9726,False
Russian,離卦-dynamic,ʃ,-0.713,4,0.2637,0.9726,False
Russian,兌卦-static,nʲ,1.263,5,0.2687,0.9829,False
Russian,巽卦-dynamic,b,1.693,4,0.2786,0.9844,False
Russian,坎卦-static,j͡a,1.417,3,0.2985,0.9844,False
Russian,巽卦-static,k,1.38,12,0.3085,0.9844,False
Russian,坤卦-static,ɪ,1.292,6,0.3085,0.9844,False
Russian,坤卦-static,ɡ,1.291,4,0.2886,0.9844,False
Russian,坎卦-dynamic,f,1.285,4,0.2935,0.9844,False
Russian,坤卦-static,v,1.284,7,0.2786,0.9844,False
Russian,坎卦-dynamic,t,1.186,17,0.3035,0.9844,False
Russian,坎卦-dynamic,vʲ,1.185,4,0.2736,0.9844,False
Russian,艮卦-static,f,0.918,6,0.2935,0.9844,False
Russian,乾卦-static,a,-0.909,11,0.2985,0.9844,False
Russian,乾卦-static,y,0.886,18,0.2786,0.9844,False
Russian,艮卦-static,rʲ,0.843,11,0.2736,0.9844,False
Russian,震卦-dynamic,v,-0.734,8,0.2935,0.9844,False
Russian,艮卦-dynamic,b,-0.732,8,0.2985,0.9844,False
Russian,離卦-dynamic,ʑ,0.725,7,0.2935,0.9844,False
Russian,離卦-dynamic,b,0.702,19,0.2935,0.9844,False
Russian,離卦-static,pʲ,0.625,7,0.3085,0.9844,False
Russian,震卦-static,e,0.585,58,0.2736,0.9844,False
Russian,乾卦-dynamic,j͡a,0.574,12,0.3085,0.9844,False
Russian,兌卦-dynamic,s,-0.57,47,0.2886,0.9844,False
Russian,坤卦-dynamic,ɭ,0.545,53,0.3085,0.9844,False
Russian,震卦-static,t͡s,0.537,23,0.3085,0.9844,False
Russian,震卦-static,ɪ,-0.526,23,0.3085,0.9844,False
Russian,震卦-static,m,0.477,42,0.3085,0.9844,False
Russian,中卦-static,ɪ,0.45,42,0.3035,0.9844,False
Russian,乾卦-static,k,-0.897,13,0.3134,0.9898,False
Russian,艮卦-static,m,-0.784,4,0.3184,0.9916,False
Russian,坤卦-dynamic,bʲ,0.551,8,0.3184,0.9916,False
Russian,震卦-static,j,-0.521,26,0.3184,0.9916,False
Russian,震卦-dynamic,p,0.75,21,0.3234,0.9933,False
Russian,兌卦-dynamic,nʲ,-0.554,14,0.3234,0.9933,False
Russian,中卦-static,o,0.507,91,0.3234,0.9933,False
Russian,震卦-static,vʲ,0.422,18,0.3234,0.9933,False
Russian,坎卦-static,t,1.463,12,0.3284,0.9984,False
Russian,離卦-static,ɑ,0.697,45,0.3284,0.9984,False
Russian,震卦-static,ʑ,0.494,10,0.3284,0.9984,False
Russian,中卦-dynamic,rʲ,2.103,3,0.403,0.9997,False
Russian,中卦-dynamic,i,1.783,9,0.4378,0.9997,False
Russian,中卦-dynamic,ɭ,1.514,4,0.5522,0.9997,False
Russian,中卦-dynamic,s,1.474,5,0.5622,0.9997,False
Russian,巽卦-dynamic,ʌ,-1.406,8,0.3682,0.9997,False
Russian,巽卦-static,u,1.306,7,0.3682,0.9997,False
Russian,巽卦-dynamic,o,1.278,10,0.3731,0.9997,False
Russian,巽卦-dynamic,a,1.241,10,0.3781,0.9997,False
Russian,坤卦-static,j,1.21,8,0.3682,0.9997,False
Russian,巽卦-static,n,-1.167,3,0.4279,0.9997,False
Russian,巽卦-dynamic,ɭʲ,1.125,4,0.4428,0.9997,False
Russian,坤卦-static,s,1.116,11,0.403,0.9997,False
Russian,坎卦-static,ɭ,-1.111,3,0.408,0.9997,False
Russian,兌卦-static,d,1.075,5,0.3582,0.9997,False
Russian,巽卦-static,t,1.037,9,0.4925,0.9997,False
Russian,巽卦-dynamic,d,1.013,4,0.5224,0.9997,False
Russian,巽卦-dynamic,s,-1.011,5,0.4925,0.9997,False
Russian,巽卦-dynamic,ɑ,-1.004,5,0.4876,0.9997,False
Russian,巽卦-dynamic,p,1.002,6,0.5473,0.9997,False
Russian,坎卦-static,t͡s,0.993,3,0.4677,0.9997,False
Russian,巽卦-dynamic,r,0.978,11,0.5821,0.9997,False
Russian,坤卦-static,ʌ,0.975,22,0.4627,0.9997,False
Russian,坤卦-static,a,-0.938,5,0.4428,0.9997,False
Russian,坎卦-static,o,-0.934,4,0.5423,0.9997,False
Russian,乾卦-static,m,0.923,13,0.3682,0.9997,False
Russian,巽卦-static,ɭ,0.921,6,0.5423,0.9997,False
Russian,坤卦-static,i,-0.918,12,0.5124,0.9997,False
Russian,巽卦-dynamic,t,-0.91,5,0.5323,0.9997,False
Russian,坎卦-static,r,0.9,12,0.5224,0.9997,False
Russian,巽卦-dynamic,tʲ,0.891,11,0.5274,0.9997,False
Russian,中卦-dynamic,j,0.89,3,0.7662,0.9997,False
Russian,兌卦-static,sʲ,0.877,3,0.4279,0.9997,False
Russian,巽卦-dynamic,k,-0.851,5,0.5373,0.9997,False
Russian,坎卦-static,i,-0.839,11,0.5473,0.9997,False
Russian,坎卦-static,ɑ,-0.829,6,0.5871,0.9997,False
Russian,中卦-dynamic,n,0.827,5,0.7313,0.9997,False
Russian,中卦-dynamic,ʌ,0.826,9,0.7662,0.9997,False
Russian,坎卦-dynamic,dʲ,0.82,3,0.4428,0.9997,False
Russian,巽卦-static,ɑ,-0.818,5,0.5622,0.9997,False
Russian,兌卦-static,y,0.816,8,0.4677,0.9997,False
Russian,坎卦-static,ʌ,0.815,19,0.5572,0.9997,False
Russian,坎卦-static,s,-0.803,6,0.5672,0.9997,False
Russian,乾卦-static,ɭʲ,-0.792,5,0.4179,0.9997,False
Russian,艮卦-static,n,-0.785,13,0.3632,0.9997,False
Russian,巽卦-dynamic,i,-0.785,10,0.5821,0.9997,False
Russian,震卦-dynamic,j,-0.77,7,0.3532,0.9997,False
Russian,乾卦-static,ɭ,-0.756,9,0.398,0.9997,False
Russian,坎卦-dynamic,ʌ,-0.748,18,0.592,0.9997,False
Russian,乾卦-static,d,-0.748,5,0.4179,0.9997,False
Russian,離卦-static,sʲ,-0.743,5,0.3383,0.9997,False
Russian,兌卦-static,e,0.74,7,0.5075,0.9997,False
Russian,艮卦-static,tʲ,-0.716,7,0.3831,0.9997,False
Russian,兌卦-static,tʲ,-0.706,3,0.6119,0.9997,False
Russian,震卦-dynamic,i,0.696,53,0.3682,0.9997,False
Russian,坤卦-static,e,0.693,7,0.6617,0.9997,False
Russian,坎卦-dynamic,b,0.691,5,0.5323,0.9997,False
Russian,坎卦-dynamic,n,-0.686,8,0.5622,0.9997,False
Russian,中卦-dynamic,ɑ,-0.682,3,0.8109,0.9997,False
Russian,震卦-dynamic,t͡ʃʲ,0.678,10,0.3582,0.9997,False
Russian,坤卦-static,t,0.672,11,0.5871,0.9997,False
Russian,巽卦-static,m,0.667,4,0.6617,0.9997,False
Russian,坎卦-static,tʲ,-0.66,3,0.6816,0.9997,False
Russian,中卦-dynamic,k,-0.659,3,0.8507,0.9997,False
Russian,艮卦-dynamic,bʲ,0.651,5,0.398,0.9997,False
Russian,乾卦-dynamic,ɭʲ,0.651,22,0.3582,0.9997,False
Russian,坤卦-static,p,-0.648,4,0.597,0.9997,False
Russian,艮卦-static,j,0.643,15,0.4328,0.9997,False
Russian,震卦-dynamic,ʃ,-0.64,3,0.403,0.9997,False
Russian,艮卦-dynamic,r,-0.638,31,0.3831,0.9997,False
Russian,艮卦-dynamic,t͡ʃʲ,0.632,14,0.3433,0.9997,False
Russian,巽卦-static,p,-0.632,3,0.7114,0.9997,False
Russian,艮卦-static,ɑ,-0.63,17,0.5025,0.9997,False
Russian,艮卦-dynamic,m,-0.629,9,0.3532,0.9997,False
Russian,艮卦-dynamic,ʒ,-0.626,4,0.3483,0.9997,False
Russian,離卦-static,p,0.625,28,0.3831,0.9997,False
Russian,坎卦-static,v,0.624,5,0.6866,0.9997,False
Russian,艮卦-static,ʑ,0.62,3,0.4975,0.9997,False
Russian,震卦-dynamic,r,-0.62,22,0.4179,0.9997,False
Russian,離卦-dynamic,ɑ,0.62,54,0.3731,0.9997,False
Russian,兌卦-static,s,-0.62,7,0.6119,0.9997,False
Russian,兌卦-static,u,-0.62,5,0.592,0.9997,False
Russian,離卦-dynamic,ɪ,-0.605,13,0.3632,0.9997,False
Russian,離卦-static,b,0.603,15,0.3682,0.9997,False
Russian,離卦-dynamic,sʲ,0.601,14,0.4229,0.9997,False
Russian,離卦-static,s,-0.597,30,0.393,0.9997,False
Russian,艮卦-dynamic,ɪ,-0.594,11,0.3582,0.9997,False
Russian,坎卦-dynamic,r,-0.593,10,0.6119,0.9997,False
Russian,震卦-dynamic,j͡a,-0.591,3,0.4677,0.9997,False
Russian,離卦-dynamic,y,-0.59,19,0.3632,0.9997,False
Russian,兌卦-static,ɡ,0.588,3,0.6716,0.9997,False
Russian,坎卦-dynamic,m,-0.58,3,0.6318,0.9997,False
Russian,艮卦-static,i,-0.578,31,0.4478,0.9997,False
Russian,離卦-dynamic,a,-0.575,32,0.3831,0.9997,False
Russian,乾卦-static,e,-0.575,9,0.5274,0.9997,False
Russian,乾卦-static,ʌ,0.565,43,0.5274,0.9997,False
Russian,乾卦-static,z,-0.562,3,0.5323,0.9997,False
Russian,震卦-dynamic,x,-0.559,3,0.3781,0.9997,False
Russian,艮卦-static,y,-0.553,9,0.4677,0.9997,False
Russian,坎卦-dynamic,j,-0.548,4,0.5821,0.9997,False
Russian,坎卦-dynamic,ɑ,0.546,14,0.6368,0.9997,False
Russian,艮卦-static,t,0.545,25,0.5025,0.9997,False
Russian,艮卦-static,ʃ,-0.542,3,0.4826,0.9997,False
Russian,兌卦-dynamic,ʌ,0.542,129,0.3781,0.9997,False
Russian,震卦-dynamic,ɪ,0.541,14,0.4677,0.9997,False
Russian,艮卦-static,d,0.527,10,0.5124,0.9997,False
Russian,離卦-static,ʑ,0.526,5,0.4726,0.9997,False
Russian,離卦-static,m,0.522,21,0.4328,0.9997,False
Russian,乾卦-dynamic,ɡ,0.516,15,0.4378,0.9997,False
Russian,艮卦-dynamic,y,-0.512,17,0.4627,0.9997,False
Russian,巽卦-dynamic,m,0.511,4,0.7662,0.9997,False
Russian,離卦-dynamic,f,-0.511,5,0.5025,0.9997,False
Russian,艮卦-dynamic,t,-0.51,32,0.4975,0.9997,False
Russian,巽卦-static,rʲ,0.509,3,0.7264,0.9997,False
Russian,兌卦-dynamic,b,-0.505,14,0.3383,0.9997,False
Russian,坤卦-dynamic,o,0.498,71,0.3483,0.9997,False
Russian,艮卦-static,z,0.498,8,0.5025,0.9997,False
Russian,坎卦-dynamic,tʲ,0.497,15,0.7313,0.9997,False
Russian,震卦-static,z,-0.496,13,0.3632,0.9997,False
Russian,坤卦-dynamic,ʒ,-0.483,8,0.3881,0.9997,False
Russian,乾卦-dynamic,j,-0.481,16,0.4229,0.9997,False
Russian,兌卦-dynamic,t͡ʃʲ,0.478,20,0.408,0.9997,False
Russian,坤卦-dynamic,dʲ,0.475,14,0.3682,0.9997,False
Russian,艮卦-dynamic,n,-0.473,29,0.4776,0.9997,False
Russian,離卦-dynamic,t͡ʃʲ,-0.473,10,0.4826,0.9997,False
Russian,乾卦-dynamic,ɡʲ,0.472,3,0.4428,0.9997,False
Russian,中卦-static,ʒ,0.47,20,0.3383,0.9997,False
Russian,兌卦-dynamic,vʲ,0.468,14,0.4229,0.9997,False
Russian,坤卦-static,ɭ,0.462,7,0.7463,0.9997,False
Russian,乾卦-dynamic,tʲ,-0.455,24,0.4627,0.9997,False
Russian,震卦-dynamic,t,-0.453,23,0.5821,0.9997,False
Russian,巽卦-static,ʌ,-0.452,11,0.6667,0.9997,False
Russian,乾卦-dynamic,t͡s,0.451,13,0.4478,0.9997,False
Russian,乾卦-static,nʲ,-0.45,5,0.6418,0.9997,False
Russian,艮卦-static,vʲ,0.445,5,0.5323,0.9997,False
Russian,離卦-static,t,-0.444,32,0.5075,0.9997,False
Russian,巽卦-static,ɭʲ,0.443,3,0.8159,0.9997,False
Russian,乾卦-dynamic,u,0.443,38,0.4478,0.9997,False
Russian,坎卦-dynamic,rʲ,-0.441,3,0.7711,0.9997,False
Russian,離卦-dynamic,j͡a,-0.439,6,0.5522,0.9997,False
Russian,乾卦-dynamic,k,-0.439,41,0.4478,0.9997,False
Russian,坎卦-dynamic,v,0.435,7,0.6667,0.9997,False
Russian,離卦-static,n,-0.427,29,0.5473,0.9997,False
Russian,離卦-dynamic,d,0.427,21,0.5871,0.9997,False
Russian,巽卦-static,r,-0.423,6,0.8458,0.9997,False
Russian,離卦-dynamic,ɕ,0.423,6,0.5821,0.9997,False
Russian,震卦-static,s,0.421,81,0.3781,0.9997,False
Russian,坤卦-static,ɭʲ,0.419,4,0.801,0.9997,False
Russian,離卦-static,r,0.419,48,0.5721,0.9997,False
Russian,坎卦-static,j,-0.411,3,0.7711,0.9997,False
Russian,離卦-static,tʲ,-0.411,21,0.5572,0.9997,False
Russian,坤卦-dynamic,j͡u,0.408,3,0.4279,0.9997,False
Russian,中卦-static,t,-0.404,73,0.3483,0.9997,False
Russian,乾卦-static,v,0.402,11,0.6965,0.9997,False
Russian,兌卦-dynamic,u,0.4,48,0.4677,0.9997,False
Russian,坤卦-dynamic,s,-0.399,56,0.4627,0.9997,False
Russian,震卦-static,v,-0.394,29,0.4378,0.9997,False
Russian,震卦-dynamic,b,0.392,10,0.6517,0.9997,False
Russian,坤卦-dynamic,ɡʲ,0.39,4,0.403,0.9997,False
Russian,離卦-dynamic,t,-0.388,40,0.5572,0.9997,False
Russian,乾卦-static,rʲ,-0.388,5,0.6766,0.9997,False
Russian,坎卦-dynamic,t͡ʃʲ,0.378,4,0.7463,0.9997,False
Russian,坎卦-dynamic,ɪ,-0.376,4,0.7015,0.9997,False
Russian,坤卦-dynamic,ʃ,-0.374,13,0.4876,0.9997,False
Russian,乾卦-dynamic,ɪ,0.374,22,0.5672,0.9997,False
Russian,乾卦-dynamic,ʃ,-0.372,9,0.5075,0.9997,False
Russian,震卦-static,k,0.371,100,0.4577,0.9997,False
Russian,坤卦-dynamic,t͡s,-0.369,10,0.4478,0.9997,False
Russian,兌卦-static,ɭ,-0.367,5,0.7363,0.9997,False
Russian,坤卦-dynamic,vʲ,0.366,15,0.4776,0.9997,False
Russian,坤卦-static,n,0.365,10,0.7861,0.9997,False
Russian,艮卦-dynamic,k,0.362,50,0.6418,0.9997,False
Russian,兌卦-dynamic,ɭʲ,-0.36,19,0.5522,0.9997,False
Russian,震卦-static,sʲ,0.354,21,0.4776,0.9997,False
Russian,艮卦-static,ʌ,-0.353,36,0.6816,0.9997,False
Russian,震卦-dynamic,ʌ,0.351,57,0.6318,0.9997,False
Russian,坎卦-static,y,-0.349,4,0.8557,0.9997,False
Russian,離卦-dynamic,ɭʲ,0.347,20,0.6169,0.9997,False
Russian,乾卦-dynamic,x,-0.345,6,0.6418,0.9997,False
Russian,艮卦-dynamic,rʲ,0.344,16,0.6368,0.9997,False
Russian,震卦-dynamic,s,0.34,28,0.6219,0.9997,False
Russian,離卦-dynamic,rʲ,0.338,19,0.597,0.9997,False
Russian,艮卦-static,ɪ,0.332,10,0.6866,0.9997,False
Russian,離卦-static,u,-0.331,24,0.6716,0.9997,False
Russian,離卦-static,j,-0.33,15,0.6269,0.9997,False
Russian,艮卦-static,p,-0.329,11,0.7313,0.9997,False
Russian,中卦-dynamic,a,-0.329,3,0.8955,0.9997,False
Russian,坎卦-dynamic,i,-0.326,19,0.796,0.9997,False
Russian,離卦-static,ʃ,-0.324,8,0.5871,0.9997,False
Russian,中卦-static,d,0.318,37,0.4826,0.9997,False
Russian,離卦-static,f,-0.313,5,0.6965,0.9997,False
Russian,坤卦-dynamic,kʲ,-0.312,3,0.5721,0.9997,False
Russian,兌卦-static,z,0.312,3,0.8308,0.9997,False
Russian,中卦-static,ɭ,-0.311,49,0.5473,0.9997,False
Russian,艮卦-static,ʒ,-0.31,3,0.6269,0.9997,False
Russian,震卦-static,n,0.31,84,0.5373,0.9997,False
Russian,巽卦-static,o,-0.308,5,0.8209,0.9997,False
Russian,離卦-dynamic,t͡s,0.304,12,0.6716,0.9997,False
Russian,震卦-static,mʲ,0.303,16,0.5124,0.9997,False
Russian,艮卦-dynamic,ʃ,0.3,16,0.7015,0.9997,False
Russian,震卦-static,ʃ,-0.299,17,0.6468,0.9997,False
Russian,艮卦-dynamic,u,-0.295,25,0.7015,0.9997,False
Russian,震卦-dynamic,ɡ,0.293,8,0.6965,0.9997,False
Russian,艮卦-static,ɭʲ,0.291,9,0.7413,0.9997,False
Russian,坎卦-dynamic,ʃ,0.291,5,0.8159,0.9997,False
Russian,艮卦-static,a,-0.289,17,0.6866,0.9997,False
Russian,兌卦-dynamic,x,-0.288,8,0.6119,0.9997,False
Russian,艮卦-dynamic,ɭʲ,-0.287,13,0.6667,0.9997,False
Russian,坤卦-dynamic,ɪ,-0.284,23,0.6119,0.9997,False
Russian,艮卦-dynamic,d,-0.284,13,0.7164,0.9997,False
Russian,坎卦-dynamic,o,0.283,12,0.7711,0.9997,False
Russian,艮卦-dynamic,pʲ,0.282,6,0.6567,0.9997,False
Russian,中卦-static,p,0.278,56,0.5224,0.9997,False
Russian,中卦-static,b,-0.277,23,0.5075,0.9997,False
Russian,坤卦-dynamic,pʲ,-0.271,7,0.6119,0.9997,False
Russian,中卦-dynamic,u,0.271,3,0.9303,0.9997,False
Russian,震卦-static,j͡u,0.27,3,0.5871,0.9997,False
Russian,震卦-static,ɕ,-0.27,4,0.5522,0.9997,False
Russian,兌卦-static,ɭʲ,-0.268,3,0.8159,0.9997,False
Russian,乾卦-dynamic,o,-0.265,35,0.6667,0.9997,False
Russian,中卦-static,mʲ,-0.264,13,0.5771,0.9997,False
Russian,中卦-static,pʲ,-0.263,9,0.5423,0.9997,False
Russian,兌卦-dynamic,dʲ,-0.262,8,0.6219,0.9997,False
Russian,坤卦-dynamic,ɛ,-0.261,7,0.6567,0.9997,False
Russian,乾卦-dynamic,pʲ,0.259,7,0.6567,0.9997,False
Russian,艮卦-dynamic,e,-0.258,21,0.7612,0.9997,False
Russian,離卦-static,ɛ,-0.258,4,0.6816,0.9997,False
Russian,兌卦-dynamic,d,0.258,25,0.6468,0.9997,False
Russian,坎卦-dynamic,p,0.257,8,0.8209,0.9997,False
Russian,艮卦-static,dʲ,0.254,4,0.7711,0.9997,False
Russian,震卦-static,ɡʲ,0.254,4,0.6468,0.9997,False
Russian,艮卦-dynamic,s,0.251,39,0.6915,0.9997,False
Russian,坎卦-dynamic,u,-0.251,8,0.7612,0.9997,False
Russian,震卦-dynamic,n,-0.25,23,0.7413,0.9997,False
Russian,震卦-dynamic,nʲ,-0.247,8,0.7612,0.9997,False
Russian,離卦-dynamic,pʲ,0.246,7,0.6816,0.9997,False
Russian,離卦-dynamic,r,-0.246,45,0.7214,0.9997,False
Russian,艮卦-static,k,-0.245,21,0.7463,0.9997,False
Russian,坤卦-dynamic,ɡ,0.244,19,0.602,0.9997,False
Russian,乾卦-static,o,-0.244,15,0.8159,0.9997,False
Russian,乾卦-dynamic,a,0.243,46,0.6368,0.9997,False
Russian,離卦-dynamic,ɛ,-0.241,5,0.6667,0.9997,False
Russian,坎卦-dynamic,k,0.24,15,0.8259,0.9997,False
Russian,艮卦-static,x,-0.236,3,0.7662,0.9997,False
Russian,乾卦-dynamic,ɛ,-0.236,5,0.6716,0.9997,False
Russian,兌卦-static,ɪ,0.23,4,0.8308,0.9997,False
Russian,乾卦-dynamic,v,-0.23,19,0.7811,0.9997,False
Russian,離卦-static,ɭʲ,-0.228,13,0.7363,0.9997,False
Russian,坤卦-dynamic,ʑ,-0.227,4,0.7015,0.9997,False
Russian,震卦-static,ɭʲ,0.224,32,0.6517,0.9997,False
Russian,中卦-static,e,0.222,56,0.6169,0.9997,False
Russian,艮卦-static,nʲ,0.221,8,0.7811,0.9997,False
Russian,震卦-static,o,0.218,74,0.7114,0.9997,False
Russian,坤卦-dynamic,nʲ,0.217,25,0.7114,0.9997,False
Russian,乾卦-static,ɪ,-0.217,7,0.8209,0.9997,False
Russian,乾卦-static,u,0.214,15,0.8358,0.9997,False
Russian,乾卦-dynamic,p,-0.214,25,0.7065,0.9997,False
Russian,乾卦-dynamic,m,-0.213,16,0.7363,0.9997,False
Russian,艮卦-static,r,0.212,25,0.806,0.9997,False
Russian,坤卦-static,u,-0.209,6,0.8856,0.9997,False
Russian,坤卦-dynamic,z,0.209,21,0.6915,0.9997,False
Russian,中卦-dynamic,o,-0.209,3,0.9055,0.9997,False
Russian,艮卦-dynamic,vʲ,0.208,8,0.7065,0.9997,False
Russian,震卦-static,ɑ,0.208,81,0.6766,0.9997,False
Russian,震卦-static,i,0.207,136,0.592,0.9997,False
Russian,坤卦-dynamic,m,0.206,31,0.7512,0.9997,False
Russian,中卦-static,ɕ,-0.206,5,0.6318,0.9997,False
Russian,乾卦-static,ɑ,-0.206,18,0.7861,0.9997,False
Russian,乾卦-static,vʲ,0.204,4,0.8557,0.9997,False
Russian,坎卦-dynamic,e,0.202,8,0.8557,0.9997,False
Russian,離卦-static,e,-0.199,21,0.791,0.9997,False
Russian,坎卦-dynamic,ɭʲ,0.196,5,0.8557,0.9997,False
Russian,坤卦-dynamic,ɕ,-0.195,4,0.7164,0.9997,False
Russian,震卦-dynamic,f,-0.195,4,0.7761,0.9997,False
Russian,震卦-static,t,0.193,82,0.6816,0.9997,False
Russian,兌卦-static,j,0.191,5,0.8905,0.9997,False
Russian,乾卦-dynamic,n,-0.185,40,0.7463,0.9997,False
Russian,乾卦-dynamic,ɭ,-0.183,28,0.7065,0.9997,False
Russian,震卦-static,kʲ,0.182,8,0.6766,0.9997,False
Russian,坤卦-dynamic,ɭʲ,0.177,27,0.7114,0.9997,False
Russian,兌卦-dynamic,sʲ,-0.175,12,0.7114,0.9997,False
Russian,離卦-static,vʲ,-0.173,6,0.8259,0.9997,False
Russian,巽卦-static,j,-0.171,3,0.9104,0.9997,False
Russian,中卦-static,i,0.169,148,0.7114,0.9997,False
Russian,震卦-dynamic,k,-0.169,28,0.8259,0.9997,False
Russian,離卦-dynamic,nʲ,0.169,17,0.8408,0.9997,False
Russian,坎卦-dynamic,s,-0.167,11,0.8756,0.9997,False
Russian,艮卦-dynamic,sʲ,-0.161,8,0.8458,0.9997,False
Russian,坎卦-dynamic,d,0.16,5,0.9154,0.9997,False
Russian,中卦-static,v,0.157,43,0.7264,0.9997,False
Russian,離卦-static,t͡s,-0.155,7,0.796,0.9997,False
Russian,乾卦-dynamic,e,-0.154,26,0.7612,0.9997,False
Russian,兌卦-dynamic,p,0.151,37,0.8159,0.9997,False
Russian,坎卦-dynamic,sʲ,0.15,3,0.8955,0.9997,False
Russian,艮卦-dynamic,i,-0.149,63,0.8607,0.9997,False
Russian,離卦-static,rʲ,0.147,14,0.8308,0.9997,False
Russian,乾卦-dynamic,rʲ,0.147,17,0.7662,0.9997,False
Russian,兌卦-dynamic,ʑ,-0.144,4,0.806,0.9997,False
Russian,乾卦-static,j͡a,0.144,4,0.9204,0.9997,False
Russian,坤卦-dynamic,b,0.143,22,0.7463,0.9997,False
Russian,中卦-static,s,0.143,83,0.806,0.9997,False
Russian,坤卦-dynamic,i,-0.142,108,0.7313,0.9997,False
Russian,震卦-static,pʲ,0.142,11,0.6965,0.9997,False
Russian,兌卦-static,n,0.142,9,0.8856,0.9997,False
Russian,坤卦-static,y,0.141,6,0.9055,0.9997,False
Russian,坤卦-dynamic,x,-0.141,10,0.7662,0.9997,False
Russian,乾卦-dynamic,kʲ,-0.141,3,0.7761,0.9997,False
Russian,中卦-static,dʲ,0.138,15,0.7861,0.9997,False
Russian,艮卦-static,pʲ,0.133,3,0.8706,0.9997,False
Russian,震卦-dynamic,ɭ,-0.132,17,0.8507,0.9997,False
Russian,兌卦-dynamic,bʲ,0.132,5,0.801,0.9997,False
Russian,坤卦-dynamic,ɑ,-0.128,63,0.8756,0.9997,False
Russian,乾卦-dynamic,t͡ʃʲ,-0.127,12,0.8458,0.9997,False
Russian,震卦-dynamic,tʲ,0.126,26,0.8955,0.9997,False
Russian,中卦-static,vʲ,-0.124,14,0.806,0.9997,False
Russian,震卦-dynamic,d,0.124,11,0.8905,0.9997,False
Russian,坎卦-static,a,-0.117,7,0.9104,0.9997,False
Russian,兌卦-dynamic,kʲ,-0.117,4,0.8507,0.9997,False
Russian,艮卦-dynamic,ɡ,-0.116,9,0.8905,0.9997,False
Russian,乾卦-dynamic,dʲ,0.115,8,0.8259,0.9997,False
Russian,坤卦-static,tʲ,-0.113,7,0.9254,0.9997,False
Russian,坎卦-dynamic,y,0.111,8,0.9254,0.9997,False
Russian,離卦-dynamic,bʲ,-0.109,3,0.8706,0.9997,False
Russian,艮卦-static,mʲ,0.108,4,0.8856,0.9997,False
Russian,乾卦-dynamic,t,-0.108,44,0.8308,0.9997,False
Russian,中卦-static,ʃ,-0.103,24,0.8159,0.9997,False
Russian,離卦-static,ɡ,0.102,10,0.8557,0.9997,False
Russian,震卦-dynamic,z,0.101,8,0.9055,0.9997,False
Russian,坤卦-dynamic,r,-0.1,69,0.8507,0.9997,False
Russian,艮卦-dynamic,p,0.1,24,0.8607,0.9997,False
Russian,中卦-static,m,0.097,37,0.8657,0.9997,False
Russian,中卦-static,kʲ,-0.096,6,0.7811,0.9997,False
Russian,巽卦-static,v,-0.091,3,0.8856,0.9997,False
Russian,中卦-static,ɡ,-0.091,20,0.8706,0.9997,False
Russian,中卦-static,ɛ,-0.09,11,0.8507,0.9997,False
Russian,中卦-static,ɭʲ,-0.09,31,0.8756,0.9997,False
Russian,兌卦-dynamic,y,0.088,38,0.806,0.9997,False
Russian,坤卦-dynamic,y,-0.085,39,0.8507,0.9997,False
Russian,艮卦-dynamic,v,0.085,19,0.9204,0.9997,False
Russian,艮卦-dynamic,f,0.08,7,0.9005,0.9997,False
Russian,震卦-dynamic,a,-0.08,24,0.9453,0.9997,False
Russian,兌卦-dynamic,ɡ,-0.072,14,0.8905,0.9997,False
Russian,乾卦-dynamic,d,-0.072,17,0.9005,0.9997,False
Russian,坤卦-dynamic,j͡a,0.068,13,0.9055,0.9997,False
Russian,乾卦-dynamic,sʲ,-0.068,10,0.9104,0.9997,False
Russian,離卦-static,bʲ,0.063,3,0.9453,0.9997,False
Russian,震卦-dynamic,t͡s,0.06,6,0.9254,0.9997,False
Russian,離卦-dynamic,z,-0.06,12,0.9453,0.9997,False
Russian,離卦-static,x,-0.056,6,0.9104,0.9997,False
Russian,坤卦-dynamic,t͡ʃʲ,-0.055,18,0.9453,0.9997,False
Russian,震卦-dynamic,mʲ,0.055,5,0.9453,0.9997,False
Russian,乾卦-dynamic,z,0.053,13,0.9403,0.9997,False
Russian,坤卦-dynamic,v,0.052,32,0.9005,0.9997,False
Russian,坤卦-dynamic,t,-0.05,65,0.9005,0.9997,False
Russian,艮卦-dynamic,j͡a,-0.05,7,0.9403,0.9997,False
Russian,艮卦-dynamic,ɭ,0.048,26,0.9303,0.9997,False
Russian,震卦-static,d,-0.046,29,0.9403,0.9997,False
Russian,中卦-static,rʲ,-0.044,28,0.9154,0.9997,False
Russian,坤卦-dynamic,f,-0.041,11,0.9254,0.9997,False
Russian,中卦-static,k,-0.029,93,0.9353,0.9997,False
Russian,兌卦-dynamic,ɕ,0.027,5,0.9403,0.9997,False
Russian,坤卦-static,m,0.124,4,0.9602,1.0,False
Russian,乾卦-static,ɛ,0.083,3,0.9701,1.0,False
Russian,兌卦-static,ʃ,0.068,3,0.9701,1.0,False
Russian,坎卦-static,e,0.055,5,0.9602,1.0,False
Russian,巽卦-dynamic,ɪ,0.052,3,0.9652,1.0,False
Russian,巽卦-static,tʲ,0.047,6,0.9851,1.0,False
Russian,巽卦-static,a,-0.042,6,0.9801,1.0,False
Russian,乾卦-dynamic,f,0.031,8,0.9502,1.0,False
Russian,震卦-static,u,-0.027,55,0.9502,1.0,False
Russian,坤卦-static,nʲ,-0.026,3,0.99,1.0,False
Russian,坤卦-dynamic,mʲ,0.026,12,0.9751,1.0,False
Russian,坎卦-dynamic,a,-0.026,11,1.0,1.0,False
Russian,兌卦-static,a,-0.026,8,0.9851,1.0,False
Russian,坎卦-dynamic,ɡ,-0.024,3,0.9801,1.0,False
Russian,兌卦-static,i,0.024,15,1.0,1.0,False
Russian,兌卦-dynamic,ʃ,0.024,19,0.9701,1.0,False
Russian,艮卦-dynamic,mʲ,0.023,7,0.9552,1.0,False
Russian,震卦-static,f,-0.021,13,0.9801,1.0,False
Russian,乾卦-static,b,-0.015,6,0.9751,1.0,False
Russian,坎卦-dynamic,ɭ,-0.009,8,0.99,1.0,False
Russian,艮卦-static,v,0.008,10,0.9851,1.0,False
Russian,中卦-static,x,0.008,14,0.9801,1.0,False
Russian,震卦-static,nʲ,-0.008,26,0.9851,1.0,False
Russian,坎卦-static,k,0.007,9,1.0,1.0,False
Russian,震卦-static,r,0.006,84,0.99,1.0,False
Russian,震卦-static,p,-0.002,46,0.99,1.0,False
Russian,坤卦-static,k,-0.001,10,1.0,1.0,False
Spanish,坎卦-dynamic,e͡ɪ,4.057,4,0.005,0.194,False
Spanish,坎卦-static,a͡ʊ,3.825,4,0.005,0.194,False
Spanish,兌卦-static,u,3.733,13,0.005,0.194,False
Spanish,坤卦-static,ʎ,3.684,7,0.005,0.194,False
Spanish,離卦-dynamic,ɲ,3.212,9,0.005,0.194,False
Spanish,艮卦-static,ŋ,2.846,7,0.005,0.194,False
Spanish,巽卦-static,ð,2.683,14,0.005,0.194,False
Spanish,兌卦-dynamic,ɾ,2.597,269,0.005,0.194,False
Spanish,艮卦-dynamic,d,2.478,21,0.005,0.194,False
Spanish,乾卦-static,s,2.472,29,0.005,0.194,False
Spanish,艮卦-static,b,2.463,21,0.005,0.194,False
Spanish,離卦-dynamic,p,2.376,48,0.005,0.194,False
Spanish,離卦-dynamic,ɾ,2.022,165,0.005,0.194,False
Spanish,離卦-dynamic,θ,-1.931,8,0.005,0.194,False
Spanish,震卦-dynamic,a,1.826,154,0.005,0.194,False
Spanish,震卦-static,s,-1.59,37,0.005,0.194,False
Spanish,坤卦-dynamic,r,1.474,33,0.005,0.194,False
Spanish,坤卦-dynamic,o,1.467,289,0.005,0.194,False
Spanish,艮卦-static,t͡ʃ,2.407,6,0.01,0.3326,False
Spanish,坎卦-dynamic,e,2.145,43,0.01,0.3326,False
Spanish,艮卦-static,t,-1.795,15,0.01,0.3326,False
Spanish,乾卦-dynamic,ʝ,1.822,3,0.0149,0.3742,False
Spanish,震卦-static,a,1.448,297,0.0149,0.3742,False
Spanish,震卦-static,θ,1.197,47,0.0149,0.3742,False
Spanish,坤卦-dynamic,β,1.151,49,0.0149,0.3742,False
Spanish,中卦-static,d,1.106,35,0.0149,0.3742,False
Spanish,巽卦-static,w,3.085,11,0.0199,0.4506,False
Spanish,艮卦-static,l,1.661,45,0.0199,0.4506,False
Spanish,震卦-dynamic,o,-1.617,38,0.0199,0.4506,False
Spanish,坎卦-dynamic,r,1.867,6,0.0249,0.5136,False
Spanish,震卦-dynamic,θ,1.416,24,0.0249,0.5136,False
Spanish,兌卦-static,ɣ,2.654,5,0.0348,0.5556,False
Spanish,巽卦-static,t,1.932,20,0.0348,0.5556,False
Spanish,艮卦-static,e,-1.546,38,0.0348,0.5556,False
Spanish,離卦-dynamic,l,-1.478,11,0.0299,0.5556,False
Spanish,兌卦-dynamic,a,1.168,235,0.0348,0.5556,False
Spanish,離卦-dynamic,x,-1.137,3,0.0348,0.5556,False
Spanish,震卦-static,x,1.052,25,0.0348,0.5556,False
Spanish,乾卦-static,a,-1.79,25,0.0398,0.5588,False
Spanish,兌卦-dynamic,o,-1.077,90,0.0398,0.5588,False
Spanish,中卦-static,k,1.005,104,0.0398,0.5588,False
Spanish,中卦-static,ɾ,-0.909,98,0.0398,0.5588,False
Spanish,坤卦-dynamic,ð,0.848,65,0.0398,0.5588,False
Spanish,乾卦-dynamic,t͡ʃ,1.428,7,0.0448,0.5715,False
Spanish,艮卦-static,a,1.404,103,0.0448,0.5715,False
Spanish,離卦-static,ð,-1.253,7,0.0448,0.5715,False
Spanish,震卦-static,r,1.184,26,0.0448,0.5715,False
Spanish,坤卦-dynamic,d,-0.94,13,0.0448,0.5715,False
Spanish,艮卦-dynamic,t,-1.267,25,0.0498,0.6022,False
Spanish,震卦-static,β,0.919,39,0.0498,0.6022,False
Spanish,坎卦-dynamic,s,1.675,24,0.0647,0.6306,False
Spanish,坎卦-dynamic,w,1.509,8,0.0547,0.6306,False
Spanish,離卦-static,p,1.198,31,0.0647,0.6306,False
Spanish,艮卦-dynamic,θ,1.161,21,0.0597,0.6306,False
Spanish,離卦-dynamic,d,1.148,19,0.0647,0.6306,False
Spanish,震卦-static,t͡ʃ,0.985,10,0.0597,0.6306,False
Spanish,兌卦-dynamic,j,-0.985,7,0.0597,0.6306,False
Spanish,坤卦-dynamic,j,0.901,68,0.0597,0.6306,False
Spanish,中卦-static,s,0.867,114,0.0547,0.6306,False
Spanish,兌卦-dynamic,θ,-0.854,21,0.0647,0.6306,False
Spanish,兌卦-static,x,2.024,3,0.0746,0.6312,False
Spanish,乾卦-static,ɡ,2.01,4,0.0746,0.6312,False
Spanish,中卦-static,ʝ,1.518,5,0.0697,0.6312,False
Spanish,震卦-dynamic,n,1.202,56,0.0697,0.6312,False
Spanish,離卦-static,s,-1.144,23,0.0697,0.6312,False
Spanish,離卦-static,ɡ,1.114,7,0.0746,0.6312,False
Spanish,離卦-dynamic,m,-1.012,19,0.0746,0.6312,False
Spanish,離卦-dynamic,o,-1.002,65,0.0746,0.6312,False
Spanish,兌卦-dynamic,l,-0.853,34,0.0746,0.6312,False
Spanish,坎卦-static,ŋ,2.138,3,0.0796,0.6423,False
Spanish,坤卦-dynamic,ɣ,-0.745,7,0.0796,0.6423,False
Spanish,離卦-static,t͡ʃ,1.134,5,0.0846,0.6597,False
Spanish,坤卦-dynamic,b,0.788,39,0.0846,0.6597,False
Spanish,中卦-dynamic,k,3.333,4,0.0896,0.6782,False
Spanish,兌卦-static,β,2.104,5,0.0995,0.6782,False
Spanish,坤卦-static,ɣ,2.047,4,0.0896,0.6782,False
Spanish,坎卦-static,n,1.473,23,0.0995,0.6782,False
Spanish,艮卦-dynamic,o,-1.147,47,0.0945,0.6782,False
Spanish,艮卦-static,x,1.135,9,0.0945,0.6782,False
Spanish,乾卦-dynamic,t,1.096,64,0.0945,0.6782,False
Spanish,乾卦-dynamic,j,0.923,34,0.0995,0.6782,False
Spanish,艮卦-dynamic,m,-0.879,16,0.0995,0.6782,False
Spanish,震卦-static,i,-0.844,71,0.0945,0.6782,False
Spanish,中卦-static,m,0.714,73,0.0995,0.6782,False
Spanish,中卦-dynamic,j,3.284,3,0.1095,0.6985,False
Spanish,巽卦-static,n,-1.595,6,0.1095,0.6985,False
Spanish,乾卦-static,l,-1.428,4,0.1045,0.6985,False
Spanish,艮卦-dynamic,r,1.006,11,0.1045,0.6985,False
Spanish,離卦-dynamic,ð,-1.051,11,0.1144,0.7109,False
Spanish,乾卦-dynamic,m,1.001,42,0.1144,0.7109,False
Spanish,艮卦-dynamic,e,1.099,88,0.1244,0.7463,False
Spanish,震卦-static,o,-0.704,129,0.1244,0.7463,False
Spanish,乾卦-dynamic,n,1.017,63,0.1294,0.7505,False
Spanish,坤卦-dynamic,ɲ,0.839,7,0.1294,0.7505,False
Spanish,中卦-static,ɲ,0.714,6,0.1294,0.7505,False
Spanish,兌卦-dynamic,s,-0.676,52,0.1294,0.7505,False
Spanish,兌卦-static,n,-1.807,3,0.1343,0.7615,False
Spanish,坎卦-dynamic,o,-1.39,17,0.1393,0.7615,False
Spanish,巽卦-static,θ,-1.371,3,0.1443,0.7615,False
Spanish,坎卦-static,p,-1.303,6,0.1343,0.7615,False
Spanish,乾卦-static,o,1.261,46,0.1443,0.7615,False
Spanish,坎卦-dynamic,θ,-1.221,4,0.1443,0.7615,False
Spanish,離卦-static,a,0.901,125,0.1393,0.7615,False
Spanish,離卦-static,j,-0.817,6,0.1393,0.7615,False
Spanish,兌卦-static,e,-1.769,9,0.1642,0.7735,False
Spanish,坎卦-static,i,1.3,23,0.1542,0.7735,False
Spanish,坎卦-static,θ,1.282,9,0.1642,0.7735,False
Spanish,巽卦-static,p,-1.23,5,0.1592,0.7735,False
Spanish,乾卦-static,i,-1.209,12,0.1642,0.7735,False
Spanish,震卦-dynamic,p,0.987,31,0.1493,0.7735,False
Spanish,震卦-dynamic,ð,-0.868,11,0.1592,0.7735,False
Spanish,震卦-static,ɲ,0.824,6,0.1493,0.7735,False
Spanish,震卦-dynamic,r,-0.824,4,0.1542,0.7735,False
Spanish,乾卦-dynamic,r,0.814,13,0.1592,0.7735,False
Spanish,離卦-dynamic,f,0.797,19,0.1642,0.7735,False
Spanish,乾卦-dynamic,i,0.786,63,0.1642,0.7735,False
Spanish,艮卦-static,ɡ,0.997,5,0.1692,0.7761,False
Spanish,震卦-static,n,0.606,99,0.1692,0.7761,False
Spanish,坤卦-dynamic,x,0.585,24,0.1692,0.7761,False
Spanish,離卦-dynamic,e,0.942,110,0.1741,0.7786,False
Spanish,離卦-dynamic,n,0.846,61,0.1741,0.7786,False
Spanish,乾卦-dynamic,β,-0.791,8,0.1741,0.7786,False
Spanish,中卦-static,b,-0.593,13,0.1741,0.7786,False
Spanish,坤卦-static,o,1.653,22,0.1791,0.7908,False
Spanish,兌卦-dynamic,t͡ʃ,0.671,7,0.1791,0.7908,False
Spanish,兌卦-dynamic,d,-0.633,12,0.1841,0.8076,False
Spanish,坎卦-static,ɡ,1.258,3,0.1891,0.8092,False
Spanish,震卦-static,ʝ,0.705,3,0.1891,0.8092,False
Spanish,震卦-static,b,0.549,30,0.1891,0.8092,False
Spanish,坤卦-dynamic,i,-0.521,91,0.1891,0.8092,False
Spanish,震卦-static,ɾ,-0.635,109,0.194,0.8156,False
Spanish,坤卦-dynamic,a͡ʊ,0.612,6,0.194,0.8156,False
Spanish,兌卦-dynamic,f,-0.609,7,0.194,0.8156,False
Spanish,乾卦-dynamic,p,-0.708,23,0.199,0.8266,False
Spanish,艮卦-dynamic,ɾ,0.834,93,0.204,0.8325,False
Spanish,坤卦-dynamic,ɾ,-0.517,135,0.204,0.8325,False
Spanish,艮卦-static,θ,0.812,15,0.209,0.8382,False
Spanish,離卦-dynamic,r,-0.776,5,0.209,0.8382,False
Spanish,中卦-static,t,0.523,106,0.209,0.8382,False
Spanish,坎卦-dynamic,b,1.018,7,0.2139,0.839,False
Spanish,離卦-dynamic,j,-0.653,10,0.2139,0.839,False
Spanish,兌卦-static,l,1.523,11,0.2189,0.8443,False
Spanish,巽卦-static,o,1.117,35,0.2189,0.8443,False
Spanish,震卦-static,k,-0.533,52,0.2189,0.8443,False
Spanish,兌卦-dynamic,p,0.554,48,0.2239,0.8542,False
Spanish,震卦-static,ɡ,0.634,12,0.2289,0.8591,False
Spanish,中卦-static,ɡ,-0.525,5,0.2289,0.8591,False
Spanish,坎卦-static,t,1.093,21,0.2338,0.8639,False
Spanish,震卦-dynamic,l,-0.787,21,0.2338,0.8639,False
Spanish,巽卦-static,ɣ,1.072,5,0.2587,0.9081,False
Spanish,坎卦-dynamic,l,-0.953,7,0.2587,0.9081,False
Spanish,艮卦-static,p,-0.717,14,0.2488,0.9081,False
Spanish,艮卦-dynamic,f,-0.71,3,0.2587,0.9081,False
Spanish,乾卦-dynamic,b,-0.692,6,0.2587,0.9081,False
Spanish,中卦-static,ʎ,-0.532,5,0.2587,0.9081,False
Spanish,坤卦-dynamic,ʎ,-0.501,6,0.2587,0.9081,False
Spanish,巽卦-dynamic,l,2.102,6,0.2637,0.9209,False
Spanish,乾卦-dynamic,s,-0.662,36,0.2687,0.929,False
Spanish,中卦-static,r,-0.497,12,0.2687,0.929,False
Spanish,巽卦-dynamic,m,2.129,4,0.2786,0.9313,False
Spanish,震卦-dynamic,k,-0.769,22,0.2736,0.9313,False
Spanish,艮卦-static,n,-0.728,22,0.2786,0.9313,False
Spanish,乾卦-dynamic,ɾ,-0.645,62,0.2786,0.9313,False
Spanish,坤卦-dynamic,e,-0.479,166,0.2786,0.9313,False
Spanish,巽卦-dynamic,i,2.208,6,0.3035,0.9344,False
Spanish,坤卦-static,a,-1.32,13,0.2886,0.9344,False
Spanish,兌卦-static,ɾ,-1.258,6,0.2985,0.9344,False
Spanish,乾卦-static,e,0.994,37,0.3035,0.9344,False
Spanish,坎卦-dynamic,n,0.895,20,0.2985,0.9344,False
Spanish,艮卦-static,k,-0.749,16,0.2935,0.9344,False
Spanish,震卦-dynamic,i,-0.719,36,0.2935,0.9344,False
Spanish,艮卦-dynamic,a,0.684,116,0.2836,0.9344,False
Spanish,乾卦-dynamic,ɡ,0.671,7,0.2985,0.9344,False
Spanish,離卦-dynamic,t,0.611,58,0.2935,0.9344,False
Spanish,坤卦-dynamic,t͡ʃ,-0.483,3,0.2886,0.9344,False
Spanish,震卦-static,p,-0.434,44,0.3035,0.9344,False
Spanish,坤卦-dynamic,p,-0.424,51,0.2985,0.9344,False
Spanish,坤卦-dynamic,k,-0.416,64,0.3035,0.9344,False
Spanish,中卦-static,ɣ,-0.403,12,0.2836,0.9344,False
Spanish,乾卦-static,ɛ,0.986,6,0.3284,0.9367,False
Spanish,坎卦-dynamic,u,-0.806,3,0.3134,0.9367,False
Spanish,坎卦-static,m,-0.793,7,0.3234,0.9367,False
Spanish,艮卦-dynamic,ð,0.697,24,0.3234,0.9367,False
Spanish,艮卦-static,d,-0.645,5,0.3134,0.9367,False
Spanish,離卦-static,ʎ,0.609,12,0.3184,0.9367,False
Spanish,乾卦-dynamic,x,-0.551,6,0.3433,0.9367,False
Spanish,離卦-dynamic,u,-0.521,14,0.3333,0.9367,False
Spanish,乾卦-dynamic,ð,-0.506,17,0.3134,0.9367,False
Spanish,乾卦-dynamic,o,0.492,112,0.3433,0.9367,False
Spanish,震卦-static,d,0.485,26,0.3284,0.9367,False
Spanish,中卦-static,o,0.47,210,0.3483,0.9367,False
Spanish,坤卦-dynamic,a,-0.447,230,0.3483,0.9367,False
Spanish,中卦-static,e,0.423,187,0.3184,0.9367,False
Spanish,兌卦-dynamic,k,-0.418,46,0.3333,0.9367,False
Spanish,中卦-static,a,-0.409,217,0.3134,0.9367,False
Spanish,中卦-static,l,-0.406,61,0.3383,0.9367,False
Spanish,兌卦-dynamic,m,0.401,51,0.3383,0.9367,False
Spanish,坤卦-dynamic,m,-0.323,54,0.3333,0.9367,False
Spanish,兌卦-dynamic,ð,-0.426,26,0.3582,0.9383,False
Spanish,中卦-static,i,0.406,109,0.3532,0.9383,False
Spanish,坤卦-static,i,1.133,10,0.3731,0.9491,False
Spanish,巽卦-static,i,-0.782,11,0.3731,0.9491,False
Spanish,艮卦-static,ɾ,-0.552,40,0.3731,0.9491,False
Spanish,乾卦-dynamic,d,-0.507,9,0.3731,0.9491,False
Spanish,震卦-dynamic,u,-0.505,12,0.3682,0.9491,False
Spanish,坎卦-static,e,0.822,35,0.3781,0.9536,False
Spanish,坎卦-dynamic,x,0.65,4,0.3831,0.9536,False
Spanish,離卦-static,m,0.559,30,0.3831,0.9536,False
Spanish,離卦-static,e,-0.533,66,0.3781,0.9536,False
Spanish,兌卦-static,t,-1.232,5,0.408,0.9566,False
Spanish,坤卦-static,t,-1.112,5,0.4129,0.9566,False
Spanish,坤卦-static,l,1.026,9,0.398,0.9566,False
Spanish,坎卦-dynamic,j,-0.701,3,0.4229,0.9566,False
Spanish,乾卦-static,u,0.622,11,0.4129,0.9566,False
Spanish,震卦-dynamic,d,0.555,13,0.393,0.9566,False
Spanish,艮卦-dynamic,j,-0.552,9,0.403,0.9566,False
Spanish,震卦-dynamic,s,0.544,47,0.393,0.9566,False
Spanish,乾卦-dynamic,l,0.477,50,0.408,0.9566,False
Spanish,離卦-static,t,0.463,45,0.4279,0.9566,False
Spanish,乾卦-dynamic,k,-0.458,31,0.4229,0.9566,False
Spanish,艮卦-dynamic,i,0.454,46,0.4279,0.9566,False
Spanish,兌卦-dynamic,i,-0.395,68,0.393,0.9566,False
Spanish,震卦-static,ɛ,0.388,20,0.4129,0.9566,False
Spanish,兌卦-dynamic,u,-0.359,24,0.4229,0.9566,False
Spanish,兌卦-dynamic,n,-0.344,61,0.4279,0.9566,False
Spanish,中卦-static,ð,0.341,50,0.403,0.9566,False
Spanish,中卦-static,j,-0.33,28,0.398,0.9566,False
Spanish,巽卦-dynamic,p,1.59,3,0.4726,0.9609,False
Spanish,中卦-dynamic,t,1.545,3,0.5721,0.9609,False
Spanish,巽卦-dynamic,e,-1.197,5,0.5473,0.9609,False
Spanish,中卦-dynamic,a,-1.137,4,0.7512,0.9609,False
Spanish,中卦-dynamic,e,-1.124,3,0.7313,0.9609,False
Spanish,坤卦-static,p,-1.045,3,0.4627,0.9609,False
Spanish,坤卦-static,ð,0.998,5,0.4677,0.9609,False
Spanish,巽卦-dynamic,ɾ,0.982,9,0.6567,0.9609,False
Spanish,兌卦-static,i,0.894,10,0.5075,0.9609,False
Spanish,坤卦-static,ɾ,-0.85,8,0.5224,0.9609,False
Spanish,兌卦-static,k,0.791,8,0.5622,0.9609,False
Spanish,巽卦-static,a,-0.729,28,0.4726,0.9609,False
Spanish,坤卦-static,k,-0.694,4,0.6219,0.9609,False
Spanish,乾卦-static,θ,0.678,8,0.4478,0.9609,False
Spanish,坎卦-static,β,-0.655,3,0.4677,0.9609,False
Spanish,乾卦-static,j,0.64,10,0.4876,0.9609,False
Spanish,巽卦-static,ʎ,0.639,4,0.5771,0.9609,False
Spanish,坎卦-static,o,-0.632,25,0.5224,0.9609,False
Spanish,巽卦-static,s,0.624,15,0.5323,0.9609,False
Spanish,乾卦-static,p,-0.614,8,0.5323,0.9609,False
Spanish,坎卦-static,a,-0.591,36,0.4826,0.9609,False
Spanish,巽卦-static,ɾ,-0.589,17,0.597,0.9609,False
Spanish,乾卦-static,ɾ,-0.558,22,0.5622,0.9609,False
Spanish,乾卦-static,t,-0.549,14,0.4577,0.9609,False
Spanish,乾卦-static,k,0.542,16,0.6119,0.9609,False
Spanish,離卦-static,b,-0.538,6,0.4527,0.9609,False
Spanish,坤卦-static,e,-0.528,12,0.6965,0.9609,False
Spanish,坎卦-dynamic,p,-0.526,8,0.5224,0.9609,False
Spanish,巽卦-static,β,0.505,5,0.5871,0.9609,False
Spanish,坎卦-static,l,-0.5,10,0.5721,0.9609,False
Spanish,震卦-dynamic,m,-0.5,21,0.4478,0.9609,False
Spanish,艮卦-static,m,0.483,22,0.4726,0.9609,False
Spanish,離卦-static,ŋ,0.48,3,0.5025,0.9609,False
Spanish,坎卦-dynamic,d,-0.479,3,0.5323,0.9609,False
Spanish,乾卦-static,d,0.479,5,0.602,0.9609,False
Spanish,坤卦-static,s,0.477,8,0.7015,0.9609,False
Spanish,坤卦-static,j,0.472,4,0.7264,0.9609,False
Spanish,震卦-dynamic,e,0.468,85,0.4975,0.9609,False
Spanish,艮卦-static,r,-0.46,4,0.4677,0.9609,False
Spanish,坎卦-dynamic,t,-0.46,14,0.6617,0.9609,False
Spanish,坎卦-static,ɛ,0.457,4,0.602,0.9609,False
Spanish,兌卦-static,p,0.456,5,0.6567,0.9609,False
Spanish,艮卦-static,s,-0.455,24,0.4726,0.9609,False
Spanish,乾卦-dynamic,ɣ,-0.446,6,0.4328,0.9609,False
Spanish,震卦-dynamic,w,0.444,11,0.4826,0.9609,False
Spanish,坎卦-dynamic,β,0.443,6,0.6119,0.9609,False
Spanish,震卦-dynamic,b,-0.443,7,0.4577,0.9609,False
Spanish,震卦-dynamic,ʎ,0.437,11,0.5025,0.9609,False
Spanish,乾卦-static,ð,-0.433,6,0.5721,0.9609,False
Spanish,離卦-static,β,-0.424,9,0.5174,0.9609,False
Spanish,艮卦-dynamic,ʎ,-0.422,3,0.4925,0.9609,False
Spanish,離卦-static,o,0.413,89,0.4776,0.9609,False
Spanish,離卦-static,i,-0.398,38,0.5025,0.9609,False
Spanish,乾卦-static,n,0.398,18,0.7214,0.9609,False
Spanish,坤卦-dynamic,e͡ɪ,0.396,4,0.4677,0.9609,False
Spanish,艮卦-static,ɣ,0.393,8,0.592,0.9609,False
Spanish,乾卦-dynamic,w,-0.384,4,0.5025,0.9609,False
Spanish,坤卦-dynamic,ɡ,0.38,12,0.4478,0.9609,False
Spanish,艮卦-static,β,-0.377,7,0.4776,0.9609,False
Spanish,艮卦-dynamic,l,-0.371,26,0.5423,0.9609,False
Spanish,離卦-dynamic,b,-0.369,9,0.5224,0.9609,False
Spanish,巽卦-static,e,0.365,26,0.7463,0.9609,False
Spanish,離卦-static,d,-0.365,8,0.5721,0.9609,False
Spanish,震卦-dynamic,β,0.36,15,0.5771,0.9609,False
Spanish,中卦-static,f,-0.347,14,0.4677,0.9609,False
Spanish,乾卦-static,ʎ,0.337,4,0.6219,0.9609,False
Spanish,艮卦-static,j,-0.336,9,0.5821,0.9609,False
Spanish,震卦-dynamic,x,0.334,9,0.6169,0.9609,False
Spanish,艮卦-dynamic,t͡ʃ,0.323,3,0.6965,0.9609,False
Spanish,坤卦-dynamic,ɛ,-0.316,8,0.4925,0.9609,False
Spanish,兌卦-static,s,0.313,8,0.7662,0.9609,False
Spanish,乾卦-dynamic,ʎ,-0.31,5,0.6219,0.9609,False
Spanish,乾卦-dynamic,a,-0.309,118,0.5423,0.9609,False
Spanish,震卦-dynamic,j,-0.3,13,0.597,0.9609,False
Spanish,坎卦-dynamic,k,-0.299,11,0.7065,0.9609,False
Spanish,離卦-static,ɣ,0.299,10,0.6418,0.9609,False
Spanish,坎卦-dynamic,ɾ,0.298,32,0.7363,0.9609,False
Spanish,坤卦-dynamic,w,-0.296,10,0.5075,0.9609,False
Spanish,離卦-static,r,-0.296,6,0.5871,0.9609,False
Spanish,乾卦-static,b,0.291,5,0.7711,0.9609,False
Spanish,震卦-dynamic,t,0.284,45,0.592,0.9609,False
Spanish,乾卦-dynamic,e,-0.277,86,0.6318,0.9609,False
Spanish,離卦-static,k,0.274,35,0.6269,0.9609,False
Spanish,艮卦-static,f,-0.27,5,0.6468,0.9609,False
Spanish,中卦-static,p,0.267,58,0.5373,0.9609,False
Spanish,離卦-static,f,0.267,11,0.7264,0.9609,False
Spanish,兌卦-dynamic,t,-0.267,66,0.4975,0.9609,False
Spanish,艮卦-static,o,0.266,64,0.6617,0.9609,False
Spanish,震卦-static,ɣ,0.265,21,0.5473,0.9609,False
Spanish,兌卦-dynamic,ʎ,-0.263,8,0.597,0.9609,False
Spanish,兌卦-dynamic,ɡ,0.26,8,0.602,0.9609,False
Spanish,兌卦-dynamic,ɣ,-0.26,11,0.597,0.9609,False
Spanish,兌卦-dynamic,r,-0.259,11,0.6169,0.9609,False
Spanish,坎卦-dynamic,m,-0.257,9,0.7761,0.9609,False
Spanish,震卦-static,j,-0.253,28,0.607,0.9609,False
Spanish,坤卦-dynamic,s,-0.25,86,0.5373,0.9609,False
Spanish,坎卦-static,s,-0.247,14,0.7662,0.9609,False
Spanish,中卦-static,n,-0.247,82,0.5721,0.9609,False
Spanish,坎卦-dynamic,i,-0.242,16,0.7761,0.9609,False
Spanish,坤卦-dynamic,l,-0.24,72,0.5771,0.9609,False
Spanish,艮卦-dynamic,p,0.235,24,0.7413,0.9609,False
Spanish,艮卦-dynamic,β,-0.229,10,0.6866,0.9609,False
Spanish,震卦-dynamic,t͡ʃ,0.225,3,0.7413,0.9609,False
Spanish,震卦-static,w,-0.224,10,0.6517,0.9609,False
Spanish,震卦-static,ð,0.223,44,0.6169,0.9609,False
Spanish,離卦-dynamic,ɛ,-0.223,5,0.6617,0.9609,False
Spanish,坤卦-dynamic,t,-0.219,93,0.592,0.9609,False
Spanish,坤卦-dynamic,u,-0.219,38,0.5721,0.9609,False
Spanish,離卦-dynamic,ɣ,-0.219,8,0.7214,0.9609,False
Spanish,坤卦-dynamic,n,0.209,102,0.6219,0.9609,False
Spanish,乾卦-dynamic,u,-0.208,19,0.6766,0.9609,False
Spanish,離卦-static,n,0.204,41,0.7015,0.9609,False
Spanish,坤卦-dynamic,f,-0.197,18,0.6219,0.9609,False
Spanish,坤卦-dynamic,θ,0.192,42,0.592,0.9609,False
Spanish,離卦-static,x,0.19,8,0.6915,0.9609,False
Spanish,離卦-dynamic,s,-0.19,44,0.7463,0.9609,False
Spanish,乾卦-dynamic,f,-0.188,9,0.7413,0.9609,False
Spanish,震卦-dynamic,ɣ,-0.182,7,0.7662,0.9609,False
Spanish,離卦-static,l,-0.177,30,0.7662,0.9609,False
Spanish,中卦-static,β,-0.164,25,0.6567,0.9609,False
Spanish,兌卦-dynamic,x,0.15,14,0.7065,0.9609,False
Spanish,震卦-static,e,0.142,164,0.7562,0.9609,False
Spanish,中卦-static,ɛ,-0.14,11,0.7512,0.9609,False
Spanish,中卦-static,x,0.132,18,0.7662,0.9609,False
Spanish,巽卦-dynamic,o,-0.432,6,0.7861,0.9681,False
Spanish,離卦-static,u,-0.166,16,0.7861,0.9681,False
Spanish,中卦-static,θ,0.084,38,0.791,0.9708,False
Spanish,震卦-static,u,-0.111,36,0.796,0.9745,False
Spanish,巽卦-dynamic,a,-0.579,8,0.806,0.9755,False
Spanish,坤卦-static,m,0.296,5,0.806,0.9755,False
Spanish,兌卦-dynamic,β,0.143,23,0.8109,0.9782,False
Spanish,巽卦-dynamic,t,-0.572,3,0.8159,0.9808,False
Spanish,坤卦-static,u,0.285,4,0.8209,0.9834,False
Spanish,震卦-dynamic,ɛ,-0.136,5,0.8209,0.9834,False
Spanish,坎卦-static,ɾ,0.209,31,0.8259,0.9877,False
Spanish,震卦-static,m,0.088,55,0.8358,0.9945,False
Spanish,中卦-static,t͡ʃ,-0.079,5,0.8358,0.9945,False
Spanish,中卦-dynamic,o,0.645,5,0.8955,0.9993,False
Spanish,中卦-dynamic,ɾ,-0.431,3,0.9254,0.9993,False
Spanish,巽卦-dynamic,s,-0.333,3,0.8706,0.9993,False
Spanish,兌卦-static,ð,0.278,4,0.8607,0.9993,False
Spanish,兌卦-static,o,0.215,16,0.8607,0.9993,False
Spanish,乾卦-static,m,0.19,11,0.8557,0.9993,False
Spanish,巽卦-static,k,0.177,11,0.8507,0.9993,False
Spanish,坎卦-dynamic,a,-0.166,40,0.8507,0.9993,False
Spanish,坎卦-static,ð,0.151,8,0.8507,0.9993,False
Spanish,坎卦-dynamic,f,0.136,4,0.8507,0.9993,False
Spanish,乾卦-dynamic,ɛ,-0.124,6,0.8507,0.9993,False
Spanish,坎卦-static,k,-0.121,12,0.9005,0.9993,False
Spanish,坎卦-static,u,0.118,8,0.9104,0.9993,False
Spanish,坤卦-static,θ,0.114,3,0.9403,0.9993,False
Spanish,坎卦-dynamic,ð,-0.114,7,0.8955,0.9993,False
Spanish,離卦-dynamic,ɡ,0.107,5,0.8955,0.9993,False
Spanish,坎卦-static,j,-0.105,6,0.8856,0.9993,False
Spanish,乾卦-dynamic,θ,-0.104,19,0.8557,0.9993,False
Spanish,艮卦-dynamic,k,-0.103,29,0.8856,0.9993,False
Spanish,巽卦-static,b,-0.102,3,0.9055,0.9993,False
Spanish,乾卦-static,f,0.101,4,0.9104,0.9993,False
Spanish,離卦-dynamic,β,-0.092,14,0.8856,0.9993,False
Spanish,艮卦-dynamic,b,-0.088,9,0.9154,0.9993,False
Spanish,中卦-static,w,0.08,17,0.8507,0.9993,False
Spanish,震卦-dynamic,ɾ,0.077,76,0.9254,0.9993,False
Spanish,坎卦-static,ɣ,-0.075,3,0.9303,0.9993,False
Spanish,離卦-static,ɾ,-0.074,68,0.9055,0.9993,False
Spanish,震卦-static,t,-0.072,84,0.8806,0.9993,False
Spanish,離卦-static,w,-0.071,6,0.9005,0.9993,False
Spanish,艮卦-static,u,-0.069,13,0.9005,0.9993,False
Spanish,艮卦-dynamic,n,0.064,38,0.9303,0.9993,False
Spanish,兌卦-static,a,0.062,20,0.9701,0.9993,False
Spanish,震卦-static,f,-0.058,18,0.9104,0.9993,False
Spanish,離卦-dynamic,k,-0.058,38,0.9204,0.9993,False
Spanish,中卦-static,u,0.055,44,0.9005,0.9993,False
Spanish,震卦-static,ŋ,0.053,4,0.9204,0.9993,False
Spanish,兌卦-dynamic,e,0.053,134,0.9154,0.9993,False
Spanish,坎卦-static,r,0.051,3,0.9353,0.9993,False
Spanish,巽卦-static,l,0.051,11,0.9353,0.9993,False
Spanish,震卦-static,l,0.037,72,0.9652,0.9993,False
Spanish,坎卦-static,d,0.03,4,0.9701,0.9993,False
Spanish,震卦-dynamic,f,-0.029,9,0.9801,0.9993,False
Spanish,艮卦-dynamic,s,0.027,37,0.9701,0.9993,False
Spanish,艮卦-dynamic,u,0.027,18,0.9453,0.9993,False
Spanish,震卦-static,ʎ,-0.027,14,0.9552,0.9993,False
Spanish,艮卦-static,ð,0.022,14,0.9652,0.9993,False
Spanish,兌卦-dynamic,b,0.018,18,0.9851,0.9993,False
Spanish,離卦-dynamic,i,0.017,53,0.9652,0.9993,False
Spanish,離卦-dynamic,a,-0.016,128,0.9851,0.9993,False
Spanish,艮卦-static,i,0.014,32,0.99,0.9993,False
Spanish,巽卦-static,u,0.012,6,0.99,0.9993,False
Spanish,坤卦-static,n,0.01,7,0.99,0.9993,False
Spanish,艮卦-static,ʎ,-0.01,5,0.9801,0.9993,False
Spanish,離卦-static,θ,0.009,16,0.9851,0.9993,False
Spanish,乾卦-static,x,0.009,3,0.9851,0.9993,False
Spanish,艮卦-dynamic,x,0.007,7,0.995,0.9993,False
Spanish,乾卦-static,r,0.005,3,0.995,0.9993,False
Swahili,兌卦-static,o,3.688,27,0.005,0.2442,False
Swahili,乾卦-static,ɲ,3.63,7,0.005,0.2442,False
Swahili,坤卦-static,f,3.364,20,0.005,0.2442,False
Swahili,坤卦-static,s,2.879,21,0.005,0.2442,False
Swahili,震卦-dynamic,e,2.748,68,0.005,0.2442,False
Swahili,震卦-dynamic,l,2.353,32,0.005,0.2442,False
Swahili,中卦-static,h,2.069,45,0.005,0.2442,False
Swahili,中卦-static,w,2.059,78,0.005,0.2442,False
Swahili,中卦-static,s,1.988,89,0.005,0.2442,False
Swahili,兌卦-dynamic,k,1.722,105,0.005,0.2442,False
Swahili,中卦-static,a,1.138,419,0.005,0.2442,False
Swahili,離卦-static,n,2.092,25,0.01,0.4133,False
Swahili,乾卦-dynamic,w,2.036,34,0.01,0.4133,False
Swahili,兌卦-static,a,-2.815,7,0.0149,0.4242,False
Swahili,兌卦-static,ɡ,2.447,7,0.0149,0.4242,False
Swahili,離卦-dynamic,ð,2.426,5,0.0149,0.4242,False
Swahili,坤卦-dynamic,ð,1.798,6,0.0149,0.4242,False
Swahili,震卦-static,a,-1.607,96,0.0149,0.4242,False
Swahili,離卦-dynamic,z,1.607,28,0.0149,0.4242,False
Swahili,離卦-static,d,1.76,16,0.0199,0.5117,False
Swahili,中卦-static,n,1.115,99,0.0199,0.5117,False
Swahili,艮卦-dynamic,t͡ʃ,1.366,29,0.0249,0.5166,False
Swahili,乾卦-dynamic,b,1.331,44,0.0249,0.5166,False
Swahili,艮卦-dynamic,k,1.167,93,0.0249,0.5166,False
Swahili,中卦-static,i,0.987,317,0.0249,0.5166,False
Swahili,離卦-dynamic,θ,2.737,3,0.0299,0.5699,False
Swahili,坎卦-dynamic,ŋ,1.86,14,0.0348,0.5699,False
Swahili,艮卦-static,t,1.394,21,0.0348,0.5699,False
Swahili,離卦-dynamic,k,1.365,75,0.0348,0.5699,False
Swahili,離卦-dynamic,l,-1.108,10,0.0348,0.5699,False
Swahili,中卦-static,e,-0.922,51,0.0299,0.5699,False
Swahili,中卦-static,ʃ,-0.871,4,0.0348,0.5699,False
Swahili,巽卦-static,v,2.601,9,0.0448,0.6106,False
Swahili,乾卦-static,h,2.16,4,0.0498,0.6106,False
Swahili,艮卦-static,ʃ,1.566,15,0.0498,0.6106,False
Swahili,坎卦-dynamic,ɡ,1.557,17,0.0398,0.6106,False
Swahili,中卦-static,θ,1.334,4,0.0498,0.6106,False
Swahili,艮卦-dynamic,ɟ,-1.126,5,0.0448,0.6106,False
Swahili,艮卦-dynamic,b,1.073,52,0.0448,0.6106,False
Swahili,乾卦-dynamic,d,-1.064,9,0.0498,0.6106,False
Swahili,兌卦-dynamic,a,1.026,227,0.0398,0.6106,False
Swahili,巽卦-dynamic,ʃ,2.86,3,0.0647,0.659,False
Swahili,離卦-static,p,1.73,16,0.0647,0.659,False
Swahili,兌卦-dynamic,u,1.099,129,0.0597,0.659,False
Swahili,離卦-dynamic,m,-1.074,31,0.0647,0.659,False
Swahili,兌卦-dynamic,m,-1.068,40,0.0647,0.659,False
Swahili,中卦-static,ð,0.894,6,0.0597,0.659,False
Swahili,坤卦-dynamic,ŋ,-0.821,8,0.0647,0.659,False
Swahili,中卦-static,p,-0.811,15,0.0597,0.659,False
Swahili,中卦-static,o,-0.754,43,0.0597,0.659,False
Swahili,震卦-dynamic,t,1.201,25,0.0697,0.6716,False
Swahili,乾卦-dynamic,ɡ,-1.02,11,0.0697,0.6716,False
Swahili,艮卦-dynamic,i,-0.893,95,0.0697,0.6716,False
Swahili,震卦-static,z,0.996,25,0.0746,0.707,False
Swahili,巽卦-dynamic,ɟ,2.454,3,0.0796,0.7286,False
Swahili,震卦-dynamic,p,1.148,20,0.0796,0.7286,False
Swahili,巽卦-dynamic,v,2.66,4,0.0846,0.7327,False
Swahili,巽卦-dynamic,u,2.649,11,0.0846,0.7327,False
Swahili,乾卦-static,b,1.825,10,0.0896,0.7327,False
Swahili,乾卦-static,j,1.685,3,0.0995,0.7327,False
Swahili,坤卦-static,j,1.445,6,0.0896,0.7327,False
Swahili,坎卦-dynamic,l,1.374,16,0.0896,0.7327,False
Swahili,乾卦-dynamic,ð,1.124,3,0.1045,0.7327,False
Swahili,艮卦-static,ŋ,1.05,13,0.0995,0.7327,False
Swahili,坎卦-dynamic,w,1.037,11,0.1045,0.7327,False
Swahili,乾卦-dynamic,m,1.002,89,0.1045,0.7327,False
Swahili,震卦-static,p,-0.82,7,0.1045,0.7327,False
Swahili,坤卦-dynamic,m,0.735,120,0.1045,0.7327,False
Swahili,坤卦-dynamic,t,0.729,45,0.0896,0.7327,False
Swahili,中卦-static,m,-0.723,94,0.0995,0.7327,False
Swahili,中卦-static,b,-0.646,39,0.1045,0.7327,False
Swahili,兌卦-static,ŋ,2.12,5,0.1095,0.7463,False
Swahili,坎卦-static,ɟ,1.576,9,0.1244,0.7463,False
Swahili,離卦-static,e,1.318,31,0.1244,0.7463,False
Swahili,坤卦-dynamic,ɣ,1.247,4,0.1144,0.7463,False
Swahili,坤卦-dynamic,j,0.994,17,0.1144,0.7463,False
Swahili,震卦-dynamic,b,-0.957,9,0.1244,0.7463,False
Swahili,離卦-dynamic,b,-0.931,13,0.1095,0.7463,False
Swahili,兌卦-dynamic,d,-0.752,15,0.1244,0.7463,False
Swahili,兌卦-dynamic,b,-0.738,20,0.1244,0.7463,False
Swahili,中卦-static,t,0.659,68,0.1244,0.7463,False
Swahili,中卦-static,u,-0.637,115,0.1244,0.7463,False
Swahili,艮卦-static,m,-0.975,19,0.1294,0.7511,False
Swahili,中卦-static,ɡ,-0.645,34,0.1294,0.7511,False
Swahili,兌卦-static,d,1.608,5,0.1393,0.7638,False
Swahili,離卦-dynamic,ŋ,0.833,21,0.1393,0.7638,False
Swahili,兌卦-dynamic,p,0.789,31,0.1393,0.7638,False
Swahili,坤卦-dynamic,ʃ,-0.712,5,0.1443,0.7638,False
Swahili,坤卦-dynamic,ɡ,-0.641,22,0.1443,0.7638,False
Swahili,震卦-dynamic,j,0.973,8,0.1493,0.775,False
Swahili,震卦-static,b,-0.677,18,0.1493,0.775,False
Swahili,艮卦-dynamic,u,0.725,117,0.1542,0.7932,False
Swahili,艮卦-dynamic,a,0.731,218,0.1592,0.8035,False
Swahili,兌卦-dynamic,t,0.613,37,0.1592,0.8035,False
Swahili,巽卦-static,b,1.563,8,0.1741,0.8106,False
Swahili,離卦-static,u,-1.076,17,0.1642,0.8106,False
Swahili,坤卦-static,d,-1.032,4,0.1692,0.8106,False
Swahili,艮卦-dynamic,l,-0.735,18,0.1741,0.8106,False
Swahili,兌卦-dynamic,t͡ʃ,0.708,21,0.1692,0.8106,False
Swahili,震卦-static,i,0.639,137,0.1741,0.8106,False
Swahili,乾卦-static,k,-1.507,4,0.1791,0.8127,False
Swahili,震卦-dynamic,m,-0.921,25,0.1791,0.8127,False
Swahili,震卦-static,ð,0.987,3,0.1841,0.8148,False
Swahili,乾卦-dynamic,k,-0.752,35,0.1841,0.8148,False
Swahili,坤卦-static,e,-0.993,9,0.1891,0.83,False
Swahili,離卦-static,t͡ʃ,1.055,9,0.194,0.8382,False
Swahili,艮卦-dynamic,j,-0.747,3,0.199,0.8396,False
Swahili,中卦-static,ɟ,-0.52,23,0.199,0.8396,False
Swahili,坎卦-dynamic,m,-0.842,17,0.204,0.8408,False
Swahili,離卦-dynamic,n,0.795,39,0.204,0.8408,False
Swahili,震卦-static,o,0.699,78,0.204,0.8408,False
Swahili,巽卦-dynamic,i,-1.859,3,0.2289,0.8642,False
Swahili,離卦-static,w,-0.863,3,0.2289,0.8642,False
Swahili,坎卦-dynamic,f,0.85,9,0.2189,0.8642,False
Swahili,震卦-dynamic,d,0.745,18,0.2289,0.8642,False
Swahili,兌卦-dynamic,j,-0.739,3,0.2289,0.8642,False
Swahili,艮卦-static,i,0.722,72,0.2189,0.8642,False
Swahili,艮卦-static,ɡ,0.688,16,0.2289,0.8642,False
Swahili,離卦-dynamic,a,0.645,164,0.2289,0.8642,False
Swahili,中卦-static,v,-0.58,4,0.2189,0.8642,False
Swahili,兌卦-static,n,1.44,7,0.2338,0.8769,False
Swahili,坤卦-static,r,-0.932,3,0.2388,0.8772,False
Swahili,震卦-dynamic,u,-0.697,34,0.2388,0.8772,False
Swahili,震卦-static,ʃ,-0.593,5,0.2388,0.8772,False
Swahili,乾卦-static,ŋ,1.249,5,0.2786,0.8798,False
Swahili,坎卦-dynamic,z,-0.904,3,0.2587,0.8798,False
Swahili,離卦-static,ɟ,-0.862,3,0.2637,0.8798,False
Swahili,坎卦-dynamic,e,-0.816,11,0.2786,0.8798,False
Swahili,震卦-dynamic,ɟ,-0.807,5,0.2488,0.8798,False
Swahili,坎卦-dynamic,b,-0.755,7,0.2687,0.8798,False
Swahili,震卦-dynamic,n,-0.753,15,0.2488,0.8798,False
Swahili,震卦-static,m,0.7,87,0.2438,0.8798,False
Swahili,乾卦-dynamic,ɟ,-0.627,9,0.2786,0.8798,False
Swahili,兌卦-dynamic,s,-0.557,14,0.2637,0.8798,False
Swahili,兌卦-dynamic,o,-0.555,33,0.2587,0.8798,False
Swahili,兌卦-dynamic,e,-0.543,38,0.2786,0.8798,False
Swahili,坤卦-dynamic,w,0.526,29,0.2637,0.8798,False
Swahili,艮卦-dynamic,n,-0.525,31,0.2587,0.8798,False
Swahili,坤卦-dynamic,p,-0.489,15,0.2687,0.8798,False
Swahili,中卦-static,t͡ʃ,-0.458,14,0.2687,0.8798,False
Swahili,坤卦-dynamic,b,0.446,47,0.2786,0.8798,False
Swahili,坎卦-dynamic,t,0.788,14,0.2886,0.8955,False
Swahili,乾卦-dynamic,l,-0.542,16,0.2886,0.8955,False
Swahili,中卦-dynamic,i,3.014,6,0.2985,0.8983,False
Swahili,中卦-dynamic,m,2.827,4,0.3433,0.8983,False
Swahili,巽卦-dynamic,a,1.288,14,0.4229,0.8983,False
Swahili,兌卦-static,i,-1.274,9,0.3532,0.8983,False
Swahili,巽卦-static,n,-1.074,3,0.3085,0.8983,False
Swahili,兌卦-static,p,1.005,4,0.4428,0.8983,False
Swahili,乾卦-static,e,0.964,12,0.3781,0.8983,False
Swahili,兌卦-static,e,0.958,9,0.408,0.8983,False
Swahili,坎卦-static,m,0.95,25,0.3632,0.8983,False
Swahili,坎卦-static,r,0.93,10,0.3731,0.8983,False
Swahili,坎卦-static,b,0.928,11,0.3085,0.8983,False
Swahili,兌卦-static,ʃ,0.91,3,0.4627,0.8983,False
Swahili,坎卦-static,a,0.886,50,0.3632,0.8983,False
Swahili,乾卦-static,ɡ,0.839,6,0.4776,0.8983,False
Swahili,坤卦-static,ɟ,-0.825,3,0.3035,0.8983,False
Swahili,坎卦-dynamic,r,-0.802,4,0.2935,0.8983,False
Swahili,坤卦-static,m,-0.785,17,0.3184,0.8983,False
Swahili,巽卦-static,a,-0.77,20,0.4975,0.8983,False
Swahili,巽卦-static,l,0.768,5,0.5274,0.8983,False
Swahili,坎卦-dynamic,s,-0.754,4,0.3035,0.8983,False
Swahili,坎卦-static,z,0.747,6,0.398,0.8983,False
Swahili,兌卦-static,u,-0.744,7,0.4478,0.8983,False
Swahili,坤卦-static,a,0.73,73,0.3433,0.8983,False
Swahili,乾卦-static,o,-0.715,4,0.5124,0.8983,False
Swahili,離卦-static,l,0.679,13,0.3781,0.8983,False
Swahili,坎卦-dynamic,ɟ,0.676,10,0.3383,0.8983,False
Swahili,巽卦-static,ʃ,0.663,3,0.5224,0.8983,False
Swahili,艮卦-static,f,0.654,10,0.3333,0.8983,False
Swahili,離卦-dynamic,h,0.653,11,0.3035,0.8983,False
Swahili,震卦-dynamic,ŋ,-0.643,5,0.3333,0.8983,False
Swahili,震卦-static,f,-0.622,5,0.2985,0.8983,False
Swahili,坤卦-static,v,0.609,9,0.4428,0.8983,False
Swahili,艮卦-static,k,-0.604,21,0.3881,0.8983,False
Swahili,坎卦-dynamic,d,-0.59,6,0.3831,0.8983,False
Swahili,艮卦-static,s,-0.581,6,0.3532,0.8983,False
Swahili,坤卦-static,w,-0.576,4,0.4428,0.8983,False
Swahili,震卦-static,n,0.575,40,0.3433,0.8983,False
Swahili,艮卦-static,u,0.574,48,0.3632,0.8983,False
Swahili,坤卦-static,ɲ,0.559,5,0.5124,0.8983,False
Swahili,乾卦-dynamic,ŋ,-0.555,8,0.3582,0.8983,False
Swahili,離卦-static,t,0.543,13,0.4627,0.8983,False
Swahili,乾卦-dynamic,n,-0.537,24,0.3831,0.8983,False
Swahili,震卦-dynamic,k,0.535,42,0.403,0.8983,False
Swahili,離卦-dynamic,i,-0.532,85,0.3632,0.8983,False
Swahili,震卦-dynamic,s,0.517,16,0.4179,0.8983,False
Swahili,坤卦-static,ɡ,-0.515,7,0.4925,0.8983,False
Swahili,震卦-static,t͡ʃ,0.506,16,0.3632,0.8983,False
Swahili,艮卦-dynamic,v,-0.495,4,0.3284,0.8983,False
Swahili,震卦-static,ɲ,0.495,12,0.403,0.8983,False
Swahili,離卦-static,a,-0.494,58,0.5025,0.8983,False
Swahili,震卦-static,j,-0.488,4,0.3582,0.8983,False
Swahili,離卦-dynamic,f,0.486,16,0.393,0.8983,False
Swahili,乾卦-dynamic,t͡ʃ,-0.474,6,0.3682,0.8983,False
Swahili,乾卦-dynamic,p,0.471,21,0.3831,0.8983,False
Swahili,震卦-dynamic,z,0.469,13,0.4726,0.8983,False
Swahili,離卦-static,m,-0.467,22,0.5174,0.8983,False
Swahili,坤卦-dynamic,t͡ʃ,-0.46,9,0.3483,0.8983,False
Swahili,離卦-dynamic,s,-0.456,12,0.3881,0.8983,False
Swahili,乾卦-dynamic,h,0.456,10,0.4826,0.8983,False
Swahili,坤卦-dynamic,k,-0.455,60,0.3632,0.8983,False
Swahili,坤卦-dynamic,s,-0.453,18,0.3731,0.8983,False
Swahili,兌卦-dynamic,w,0.452,24,0.3433,0.8983,False
Swahili,艮卦-static,ɟ,-0.448,6,0.4726,0.8983,False
Swahili,坤卦-dynamic,i,-0.437,132,0.3731,0.8983,False
Swahili,坤卦-dynamic,u,-0.436,83,0.3333,0.8983,False
Swahili,艮卦-dynamic,ɲ,-0.435,5,0.3831,0.8983,False
Swahili,艮卦-dynamic,s,-0.433,16,0.3383,0.8983,False
Swahili,坎卦-dynamic,k,0.429,26,0.5274,0.8983,False
Swahili,震卦-static,e,-0.429,35,0.3881,0.8983,False
Swahili,艮卦-static,e,-0.428,18,0.4726,0.8983,False
Swahili,兌卦-dynamic,z,0.426,23,0.3433,0.8983,False
Swahili,兌卦-dynamic,ɲ,-0.426,5,0.4428,0.8983,False
Swahili,艮卦-static,a,-0.423,72,0.4925,0.8983,False
Swahili,兌卦-dynamic,n,-0.421,32,0.408,0.8983,False
Swahili,艮卦-dynamic,o,-0.42,40,0.3582,0.8983,False
Swahili,坤卦-dynamic,e,0.413,73,0.3881,0.8983,False
Swahili,離卦-dynamic,p,0.412,20,0.4428,0.8983,False
Swahili,震卦-dynamic,o,-0.411,22,0.5025,0.8983,False
Swahili,乾卦-dynamic,ʃ,0.405,15,0.5025,0.8983,False
Swahili,震卦-static,v,-0.401,5,0.4378,0.8983,False
Swahili,離卦-dynamic,u,0.399,80,0.4229,0.8983,False
Swahili,乾卦-dynamic,a,-0.391,131,0.5224,0.8983,False
Swahili,震卦-static,t,0.389,29,0.4677,0.8983,False
Swahili,離卦-dynamic,r,-0.382,15,0.5224,0.8983,False
Swahili,離卦-dynamic,w,0.376,18,0.4826,0.8983,False
Swahili,震卦-static,u,0.375,87,0.4726,0.8983,False
Swahili,兌卦-dynamic,i,-0.374,116,0.408,0.8983,False
Swahili,坤卦-dynamic,r,-0.357,23,0.403,0.8983,False
Swahili,坤卦-dynamic,ɟ,0.355,28,0.4527,0.8983,False
Swahili,中卦-static,r,0.352,60,0.3881,0.8983,False
Swahili,坤卦-dynamic,l,0.348,37,0.4677,0.8983,False
Swahili,兌卦-dynamic,ɟ,-0.344,15,0.4876,0.8983,False
Swahili,兌卦-dynamic,r,-0.342,20,0.4279,0.8983,False
Swahili,震卦-static,d,-0.335,17,0.4776,0.8983,False
Swahili,乾卦-dynamic,r,0.331,26,0.5274,0.8983,False
Swahili,震卦-static,ɡ,0.322,27,0.5075,0.8983,False
Swahili,艮卦-dynamic,ɡ,0.311,32,0.5124,0.8983,False
Swahili,艮卦-dynamic,ʃ,0.31,18,0.5124,0.8983,False
Swahili,中卦-static,ŋ,-0.292,24,0.5025,0.8983,False
Swahili,中卦-static,d,-0.283,37,0.4577,0.8983,False
Swahili,中卦-static,f,-0.269,19,0.4826,0.8983,False
Swahili,中卦-static,l,-0.263,43,0.4826,0.8983,False
Swahili,中卦-static,ɲ,-0.259,12,0.5224,0.8983,False
Swahili,乾卦-static,r,0.626,6,0.5373,0.9011,False
Swahili,坤卦-static,t,0.483,12,0.5373,0.9011,False
Swahili,艮卦-dynamic,t,-0.287,25,0.5373,0.9011,False
Swahili,坤卦-dynamic,z,-0.265,18,0.5373,0.9011,False
Swahili,中卦-static,z,-0.209,29,0.5373,0.9011,False
Swahili,乾卦-dynamic,j,-0.433,4,0.5423,0.9038,False
Swahili,兌卦-dynamic,ŋ,-0.316,13,0.5423,0.9038,False
Swahili,離卦-static,i,0.524,56,0.5473,0.9093,False
Swahili,乾卦-static,w,0.586,4,0.5622,0.9225,False
Swahili,離卦-static,ŋ,-0.473,4,0.5672,0.9225,False
Swahili,離卦-dynamic,o,-0.354,33,0.5672,0.9225,False
Swahili,震卦-static,s,0.29,22,0.5622,0.9225,False
Swahili,中卦-static,j,-0.277,11,0.5771,0.9331,False
Swahili,巽卦-static,s,0.58,4,0.597,0.9482,False
Swahili,震卦-dynamic,w,-0.349,8,0.597,0.9482,False
Swahili,巽卦-dynamic,k,0.915,5,0.6219,0.9538,False
Swahili,巽卦-static,f,0.621,3,0.6517,0.9538,False
Swahili,乾卦-static,t͡ʃ,0.549,3,0.6269,0.9538,False
Swahili,巽卦-static,d,0.51,4,0.6169,0.9538,False
Swahili,坎卦-static,p,-0.462,3,0.6468,0.9538,False
Swahili,離卦-static,k,-0.406,19,0.6368,0.9538,False
Swahili,離卦-static,ʃ,-0.405,3,0.6517,0.9538,False
Swahili,艮卦-static,r,0.401,15,0.6418,0.9538,False
Swahili,坤卦-static,u,0.4,35,0.6119,0.9538,False
Swahili,坎卦-static,l,-0.395,5,0.6468,0.9538,False
Swahili,坎卦-static,k,-0.392,12,0.6368,0.9538,False
Swahili,坎卦-dynamic,p,0.39,9,0.6169,0.9538,False
Swahili,坎卦-dynamic,u,0.365,36,0.6219,0.9538,False
Swahili,坤卦-static,h,0.34,4,0.6468,0.9538,False
Swahili,離卦-dynamic,ɟ,-0.313,12,0.607,0.9538,False
Swahili,艮卦-static,b,-0.312,12,0.6169,0.9538,False
Swahili,艮卦-static,d,0.301,12,0.6368,0.9538,False
Swahili,震卦-dynamic,ɡ,-0.293,13,0.6318,0.9538,False
Swahili,乾卦-dynamic,ɲ,-0.293,5,0.6418,0.9538,False
Swahili,乾卦-dynamic,s,-0.292,14,0.6318,0.9538,False
Swahili,離卦-dynamic,ɡ,0.262,24,0.6368,0.9538,False
Swahili,兌卦-dynamic,ʃ,0.258,17,0.6119,0.9538,False
Swahili,離卦-dynamic,t,0.257,25,0.6269,0.9538,False
Swahili,艮卦-dynamic,f,-0.248,11,0.6269,0.9538,False
Swahili,艮卦-dynamic,z,-0.239,16,0.6517,0.9538,False
Swahili,兌卦-static,m,-0.506,7,0.6617,0.96,False
Swahili,坎卦-static,o,0.447,18,0.6617,0.96,False
Swahili,離卦-static,r,0.355,12,0.6667,0.96,False
Swahili,坤卦-dynamic,o,0.231,81,0.6667,0.96,False
Swahili,坤卦-dynamic,ɲ,0.201,13,0.6667,0.96,False
Swahili,艮卦-static,o,-0.237,21,0.6716,0.962,False
Swahili,坤卦-dynamic,n,0.198,48,0.6716,0.962,False
Swahili,巽卦-dynamic,m,0.713,6,0.6866,0.97,False
Swahili,巽卦-static,k,0.476,10,0.6915,0.97,False
Swahili,坤卦-static,b,-0.365,9,0.6915,0.97,False
Swahili,坎卦-dynamic,n,0.269,15,0.6915,0.97,False
Swahili,艮卦-static,z,-0.22,7,0.6866,0.97,False
Swahili,離卦-dynamic,v,-0.247,7,0.7015,0.9713,False
Swahili,乾卦-dynamic,v,0.242,15,0.7164,0.9844,False
Swahili,震卦-dynamic,h,0.222,6,0.7164,0.9844,False
Swahili,震卦-dynamic,ɲ,-0.2,4,0.7164,0.9844,False
Swahili,兌卦-static,b,-0.415,3,0.7214,0.9862,False
Swahili,艮卦-dynamic,w,-0.16,17,0.7214,0.9862,False
Swahili,震卦-static,l,0.155,25,0.7264,0.9905,False
Swahili,坎卦-static,i,-0.399,26,0.7313,0.9948,False
Swahili,乾卦-dynamic,u,-0.183,64,0.7363,0.9965,False
Swahili,乾卦-static,m,0.353,14,0.8408,1.0,False
Swahili,坎卦-static,s,-0.291,4,0.796,1.0,False
Swahili,兌卦-static,s,0.277,3,0.7761,1.0,False
Swahili,坎卦-static,ɡ,0.273,7,0.7711,1.0,False
Swahili,離卦-static,o,-0.251,17,0.7413,1.0,False
Swahili,離卦-static,ɡ,0.239,11,0.806,1.0,False
Swahili,坎卦-static,d,0.233,6,0.8458,1.0,False
Swahili,兌卦-static,k,0.222,8,0.8856,1.0,False
Swahili,坎卦-static,u,-0.215,18,0.791,1.0,False
Swahili,坎卦-dynamic,ɲ,0.212,4,0.7612,1.0,False
Swahili,坤卦-static,z,0.201,7,0.7811,1.0,False
Swahili,坎卦-static,n,-0.195,8,0.8408,1.0,False
Swahili,坎卦-dynamic,i,0.194,50,0.8209,1.0,False
Swahili,坎卦-dynamic,ʃ,-0.18,4,0.796,1.0,False
Swahili,震卦-dynamic,i,-0.178,69,0.7463,1.0,False
Swahili,巽卦-static,o,0.176,9,0.9254,1.0,False
Swahili,艮卦-dynamic,h,-0.168,8,0.7463,1.0,False
Swahili,離卦-static,s,-0.167,7,0.8209,1.0,False
Swahili,巽卦-dynamic,o,-0.165,3,0.9204,1.0,False
Swahili,震卦-dynamic,f,0.163,9,0.8209,1.0,False
Swahili,兌卦-dynamic,f,-0.157,12,0.7761,1.0,False
Swahili,離卦-static,z,-0.156,6,0.8458,1.0,False
Swahili,巽卦-static,u,-0.155,11,0.9204,1.0,False
Swahili,坤卦-static,t͡ʃ,0.151,5,0.8458,1.0,False
Swahili,離卦-dynamic,ɲ,-0.151,6,0.7562,1.0,False
Swahili,艮卦-dynamic,d,0.15,26,0.7711,1.0,False
Swahili,兌卦-dynamic,h,-0.15,8,0.8358,1.0,False
Swahili,坤卦-dynamic,a,0.147,220,0.7811,1.0,False
Swahili,乾卦-dynamic,t,-0.147,21,0.8109,1.0,False
Swahili,坎卦-static,t,-0.146,6,0.9005,1.0,False
Swahili,中卦-dynamic,a,-0.144,4,0.9701,1.0,False
Swahili,巽卦-static,m,0.129,11,0.8756,1.0,False
Swahili,離卦-static,b,-0.127,11,0.8607,1.0,False
Swahili,震卦-static,ɟ,0.125,18,0.8159,1.0,False
Swahili,離卦-dynamic,e,-0.125,38,0.8408,1.0,False
Swahili,乾卦-static,l,-0.125,4,0.9005,1.0,False
Swahili,艮卦-static,n,-0.123,16,0.8458,1.0,False
Swahili,乾卦-static,u,-0.117,13,0.8905,1.0,False
Swahili,坎卦-dynamic,o,-0.114,19,0.8358,1.0,False
Swahili,乾卦-dynamic,f,-0.111,10,0.8756,1.0,False
Swahili,震卦-static,r,-0.103,21,0.8756,1.0,False
Swahili,坤卦-dynamic,f,0.102,18,0.8308,1.0,False
Swahili,乾卦-static,i,-0.099,20,0.9254,1.0,False
Swahili,巽卦-static,t,0.088,4,0.9254,1.0,False
Swahili,乾卦-static,a,0.076,29,0.9254,1.0,False
Swahili,震卦-static,k,-0.075,52,0.8806,1.0,False
Swahili,坤卦-static,i,-0.074,44,0.9254,1.0,False
Swahili,坤卦-dynamic,h,-0.074,10,0.8756,1.0,False
Swahili,艮卦-dynamic,ŋ,0.07,18,0.8806,1.0,False
Swahili,乾卦-dynamic,o,0.066,49,0.9005,1.0,False
Swahili,坤卦-static,o,-0.065,19,0.9403,1.0,False
Swahili,坤卦-static,ŋ,0.063,6,0.9403,1.0,False
Swahili,兌卦-dynamic,l,0.06,28,0.9303,1.0,False
Swahili,艮卦-dynamic,p,0.058,21,0.9154,1.0,False
Swahili,震卦-static,ŋ,0.058,15,0.9055,1.0,False
Swahili,坤卦-dynamic,v,-0.056,15,0.9403,1.0,False
Swahili,離卦-static,j,0.056,3,0.9502,1.0,False
Swahili,坤卦-dynamic,d,-0.054,27,0.9154,1.0,False
Swahili,乾卦-dynamic,z,0.054,15,0.9005,1.0,False
Swahili,中卦-static,k,-0.05,111,0.8806,1.0,False
Swahili,離卦-dynamic,d,0.05,19,0.9403,1.0,False
Swahili,艮卦-static,p,0.047,9,0.9104,1.0,False
Swahili,艮卦-dynamic,m,-0.047,77,0.9403,1.0,False
Swahili,坤卦-static,k,-0.043,21,0.9751,1.0,False
Swahili,震卦-dynamic,a,-0.041,100,0.9552,1.0,False
Swahili,乾卦-dynamic,e,0.039,42,0.9552,1.0,False
Swahili,離卦-dynamic,ʃ,0.038,11,0.9254,1.0,False
Swahili,巽卦-static,i,0.035,18,0.9851,1.0,False
Swahili,艮卦-static,w,-0.034,8,0.9552,1.0,False
Swahili,巽卦-dynamic,e,-0.034,3,0.9751,1.0,False
Swahili,震卦-dynamic,r,0.03,15,0.9502,1.0,False
Swahili,兌卦-dynamic,ɡ,-0.025,27,0.9602,1.0,False
Swahili,乾卦-static,ɟ,-0.018,3,0.99,1.0,False
Swahili,艮卦-static,v,-0.017,6,0.9851,1.0,False
Swahili,坎卦-dynamic,a,0.017,65,0.99,1.0,False
Swahili,乾卦-static,n,0.01,6,0.995,1.0,False
Swahili,震卦-static,w,0.009,16,0.9851,1.0,False
Swahili,坤卦-static,n,-0.008,13,0.995,1.0,False
Swahili,艮卦-static,l,0.007,12,1.0,1.0,False
Swahili,艮卦-static,h,-0.005,4,0.99,1.0,False
Swahili,乾卦-dynamic,i,0.004,105,0.995,1.0,False
Swahili,艮卦-dynamic,e,0.003,53,0.995,1.0,False
Swahili,巽卦-static,e,0.003,7,1.0,1.0,False
Swahili,艮卦-dynamic,r,0.001,27,0.995,1.0,False
Thai,乾卦-dynamic,f,2.601,32,0.005,0.2488,False
Thai,巽卦-static,j,2.406,15,0.005,0.2488,False
Thai,乾卦-dynamic,ɹ,2.317,68,0.005,0.2488,False
Thai,兌卦-dynamic,p,2.115,52,0.005,0.2488,False
Thai,艮卦-static,ɡ,1.8,35,0.005,0.2488,False
Thai,中卦-static,c,1.751,63,0.005,0.2488,False
Thai,離卦-static,l,1.739,37,0.005,0.2488,False
Thai,乾卦-dynamic,w,1.693,49,0.005,0.2488,False
Thai,兌卦-dynamic,a,-1.522,169,0.005,0.2488,False
Thai,兌卦-static,o,3.091,6,0.0199,0.3198,False
Thai,艮卦-static,i,2.193,17,0.0149,0.3198,False
Thai,巽卦-static,e,2.098,32,0.0199,0.3198,False
Thai,坤卦-static,ɡ,2.068,19,0.0199,0.3198,False
Thai,坎卦-dynamic,p,1.903,27,0.01,0.3198,False
Thai,兌卦-dynamic,c,1.78,27,0.0149,0.3198,False
Thai,兌卦-dynamic,r,1.732,23,0.0199,0.3198,False
Thai,兌卦-dynamic,a͡i,1.606,17,0.0199,0.3198,False
Thai,兌卦-dynamic,j,1.538,42,0.0149,0.3198,False
Thai,離卦-static,ɹ,1.53,35,0.01,0.3198,False
Thai,離卦-dynamic,c,1.489,34,0.0149,0.3198,False
Thai,離卦-dynamic,t,1.442,66,0.01,0.3198,False
Thai,兌卦-dynamic,ɹ,-1.396,3,0.01,0.3198,False
Thai,兌卦-dynamic,e,1.367,96,0.01,0.3198,False
Thai,乾卦-dynamic,a,1.246,396,0.0199,0.3198,False
Thai,兌卦-dynamic,ʔ,1.238,58,0.0149,0.3198,False
Thai,震卦-static,a͡i,1.126,32,0.0199,0.3198,False
Thai,坤卦-dynamic,w,1.064,52,0.0149,0.3198,False
Thai,震卦-static,t,0.92,90,0.0199,0.3198,False
Thai,乾卦-dynamic,ʔ,-1.082,31,0.0249,0.3611,False
Thai,坤卦-dynamic,j,1.046,68,0.0249,0.3611,False
Thai,中卦-static,l,-0.908,32,0.0249,0.3611,False
Thai,離卦-static,a,1.532,263,0.0299,0.4071,False
Thai,中卦-static,h,0.876,240,0.0299,0.4071,False
Thai,艮卦-static,ʔ,1.29,41,0.0348,0.4236,False
Thai,兌卦-dynamic,u,1.259,47,0.0348,0.4236,False
Thai,震卦-dynamic,a,-1.025,187,0.0348,0.4236,False
Thai,中卦-static,ʔ,-0.727,61,0.0348,0.4236,False
Thai,艮卦-dynamic,c,1.187,26,0.0398,0.4368,False
Thai,離卦-dynamic,h,0.937,144,0.0398,0.4368,False
Thai,震卦-static,ɜ,-0.726,125,0.0398,0.4368,False
Thai,乾卦-static,n,1.632,44,0.0448,0.4478,False
Thai,離卦-static,i,-1.234,6,0.0448,0.4478,False
Thai,艮卦-dynamic,t,1.029,51,0.0498,0.4867,False
Thai,坎卦-static,u,1.695,21,0.0547,0.4925,False
Thai,兌卦-dynamic,w,-1.343,8,0.0547,0.4925,False
Thai,乾卦-dynamic,e,-1.015,50,0.0547,0.4925,False
Thai,離卦-dynamic,p,0.953,52,0.0547,0.4925,False
Thai,離卦-dynamic,r,1.297,28,0.0647,0.5597,False
Thai,震卦-dynamic,a͡i,1.159,15,0.0697,0.5597,False
Thai,離卦-dynamic,l,-0.982,18,0.0697,0.5597,False
Thai,兌卦-dynamic,n,-0.887,49,0.0697,0.5597,False
Thai,震卦-static,e,-0.753,86,0.0697,0.5597,False
Thai,兌卦-static,f,2.655,4,0.0746,0.5672,False
Thai,巽卦-dynamic,ʔ,1.827,8,0.0846,0.5672,False
Thai,震卦-dynamic,c,1.085,21,0.0896,0.5672,False
Thai,艮卦-static,t,-1.007,13,0.0945,0.5672,False
Thai,震卦-dynamic,ɡ,-0.955,18,0.0796,0.5672,False
Thai,坤卦-dynamic,i,0.913,34,0.0945,0.5672,False
Thai,乾卦-dynamic,s,0.868,193,0.0796,0.5672,False
Thai,震卦-dynamic,ʔ,-0.861,24,0.0945,0.5672,False
Thai,離卦-dynamic,n,-0.838,70,0.0945,0.5672,False
Thai,兌卦-dynamic,h,0.838,101,0.0945,0.5672,False
Thai,乾卦-dynamic,l,-0.832,22,0.0896,0.5672,False
Thai,坤卦-dynamic,u,-0.805,36,0.0896,0.5672,False
Thai,震卦-static,w,0.795,54,0.0746,0.5672,False
Thai,坤卦-dynamic,ʔ,-0.732,50,0.0846,0.5672,False
Thai,坤卦-dynamic,s,0.624,229,0.0945,0.5672,False
Thai,離卦-dynamic,ɡ,-0.821,27,0.0995,0.5892,False
Thai,巽卦-dynamic,e,1.887,13,0.1045,0.6106,False
Thai,坤卦-static,o,1.505,7,0.1393,0.6814,False
Thai,乾卦-static,u,-1.418,4,0.1294,0.6814,False
Thai,艮卦-static,w,1.119,19,0.1294,0.6814,False
Thai,巽卦-static,ɜ,-1.093,14,0.1244,0.6814,False
Thai,離卦-static,r,1.014,18,0.1343,0.6814,False
Thai,震卦-dynamic,l,0.877,30,0.1294,0.6814,False
Thai,艮卦-dynamic,u,0.811,49,0.1343,0.6814,False
Thai,坤卦-dynamic,r,-0.775,12,0.1393,0.6814,False
Thai,離卦-dynamic,ɜ,0.731,117,0.1343,0.6814,False
Thai,震卦-static,u,-0.591,47,0.1343,0.6814,False
Thai,中卦-static,n,0.575,201,0.1294,0.6814,False
Thai,震卦-static,a,0.575,514,0.1244,0.6814,False
Thai,坤卦-dynamic,c,0.558,31,0.1393,0.6814,False
Thai,中卦-static,u,-0.551,52,0.1194,0.6814,False
Thai,中卦-static,s,0.54,273,0.1393,0.6814,False
Thai,艮卦-static,ɜ,-0.874,38,0.1443,0.6981,False
Thai,坤卦-static,e,-1.071,11,0.1542,0.7306,False
Thai,離卦-static,ʔ,0.657,48,0.1542,0.7306,False
Thai,巽卦-dynamic,n,1.904,14,0.1592,0.731,False
Thai,坤卦-static,l,-1.168,4,0.1592,0.731,False
Thai,震卦-dynamic,r,0.954,18,0.1592,0.731,False
Thai,離卦-dynamic,a͡i,1.062,20,0.1642,0.7315,False
Thai,巽卦-static,u,0.992,12,0.1642,0.7315,False
Thai,震卦-dynamic,h,0.612,97,0.1642,0.7315,False
Thai,坎卦-dynamic,h,0.815,55,0.1692,0.739,False
Thai,離卦-static,j,-0.811,9,0.1692,0.739,False
Thai,兌卦-static,l,1.685,7,0.1741,0.7463,False
Thai,兌卦-static,t,1.452,9,0.1791,0.7532,False
Thai,中卦-static,ɹ,0.558,58,0.1791,0.7532,False
Thai,坤卦-static,t,-1.161,6,0.1891,0.7596,False
Thai,離卦-dynamic,w,-0.716,18,0.1891,0.7596,False
Thai,震卦-dynamic,t,0.69,39,0.1891,0.7596,False
Thai,兌卦-dynamic,k,-0.537,41,0.1891,0.7596,False
Thai,震卦-dynamic,u,0.716,40,0.199,0.772,False
Thai,離卦-static,s,-0.705,80,0.199,0.772,False
Thai,坎卦-dynamic,ɹ,0.975,16,0.209,0.7902,False
Thai,兌卦-dynamic,ɡ,-0.597,22,0.209,0.7902,False
Thai,坎卦-static,t,1.064,17,0.2139,0.8022,False
Thai,兌卦-static,r,1.447,4,0.2388,0.8085,False
Thai,兌卦-static,a,1.132,48,0.2189,0.8085,False
Thai,坤卦-static,a͡i,1.002,5,0.2388,0.8085,False
Thai,坎卦-dynamic,r,-0.881,3,0.2438,0.8085,False
Thai,離卦-static,a͡i,-0.843,5,0.2488,0.8085,False
Thai,乾卦-static,s,0.838,49,0.2388,0.8085,False
Thai,坎卦-dynamic,ɡ,-0.759,11,0.2587,0.8085,False
Thai,兌卦-dynamic,l,0.695,28,0.2537,0.8085,False
Thai,離卦-static,w,-0.687,13,0.2289,0.8085,False
Thai,艮卦-dynamic,a͡i,-0.683,7,0.2587,0.8085,False
Thai,艮卦-dynamic,w,-0.662,16,0.2289,0.8085,False
Thai,艮卦-static,a,0.574,164,0.2587,0.8085,False
Thai,中卦-static,o,-0.541,10,0.2537,0.8085,False
Thai,兌卦-dynamic,s,-0.522,86,0.2388,0.8085,False
Thai,震卦-static,j,-0.512,29,0.2338,0.8085,False
Thai,艮卦-dynamic,n,0.495,100,0.2488,0.8085,False
Thai,中卦-static,ɡ,0.49,82,0.2289,0.8085,False
Thai,震卦-static,h,0.467,202,0.2488,0.8085,False
Thai,坤卦-dynamic,t,-0.44,49,0.2488,0.8085,False
Thai,中卦-static,e,-0.432,113,0.2239,0.8085,False
Thai,震卦-static,n,0.423,178,0.2338,0.8085,False
Thai,中卦-static,ɜ,0.367,182,0.2587,0.8085,False
Thai,艮卦-static,ɹ,0.668,18,0.2637,0.8183,False
Thai,艮卦-static,m,-0.617,21,0.2687,0.8281,False
Thai,離卦-static,o,0.906,15,0.2736,0.832,False
Thai,震卦-dynamic,n,0.521,85,0.2736,0.832,False
Thai,艮卦-static,p,0.615,23,0.2786,0.8414,False
Thai,乾卦-static,ʔ,-0.915,9,0.2836,0.8507,False
Thai,震卦-dynamic,i,0.587,16,0.2886,0.8543,False
Thai,中卦-static,i,0.489,36,0.2886,0.8543,False
Thai,震卦-dynamic,s,0.53,117,0.2935,0.8577,False
Thai,兌卦-static,a͡i,1.364,3,0.3085,0.8675,False
Thai,坤卦-static,a,0.772,86,0.3035,0.8675,False
Thai,離卦-static,u,0.487,36,0.3085,0.8675,False
Thai,兌卦-dynamic,d,-0.47,14,0.3085,0.8675,False
Thai,震卦-static,c,-0.406,16,0.3085,0.8675,False
Thai,巽卦-dynamic,ɜ,-1.083,6,0.3831,0.8701,False
Thai,坎卦-static,i,-0.952,3,0.3781,0.8701,False
Thai,乾卦-static,i,0.95,7,0.403,0.8701,False
Thai,巽卦-static,w,0.863,7,0.3234,0.8701,False
Thai,兌卦-static,h,-0.812,12,0.3532,0.8701,False
Thai,乾卦-static,p,-0.791,6,0.3483,0.8701,False
Thai,乾卦-static,ɡ,0.765,15,0.3582,0.8701,False
Thai,坎卦-dynamic,a͡i,-0.755,3,0.403,0.8701,False
Thai,兌卦-static,ɜ,0.755,16,0.3781,0.8701,False
Thai,坤卦-static,j,0.746,11,0.408,0.8701,False
Thai,坎卦-static,ɜ,-0.683,23,0.3483,0.8701,False
Thai,坎卦-dynamic,w,0.669,13,0.3333,0.8701,False
Thai,巽卦-static,s,0.656,33,0.3831,0.8701,False
Thai,坎卦-dynamic,l,0.629,15,0.3134,0.8701,False
Thai,震卦-dynamic,f,0.615,8,0.3682,0.8701,False
Thai,巽卦-static,ɡ,0.6,10,0.408,0.8701,False
Thai,離卦-dynamic,i,0.582,22,0.3284,0.8701,False
Thai,坎卦-dynamic,n,-0.58,31,0.3682,0.8701,False
Thai,離卦-static,c,-0.547,6,0.408,0.8701,False
Thai,離卦-static,d,-0.54,12,0.3433,0.8701,False
Thai,乾卦-dynamic,p,0.516,49,0.3483,0.8701,False
Thai,乾卦-dynamic,o,-0.502,7,0.408,0.8701,False
Thai,兌卦-dynamic,t,-0.466,25,0.3383,0.8701,False
Thai,震卦-static,o,-0.435,11,0.3781,0.8701,False
Thai,乾卦-dynamic,c,-0.429,11,0.3582,0.8701,False
Thai,坤卦-dynamic,ɡ,0.428,66,0.3184,0.8701,False
Thai,離卦-static,n,-0.419,60,0.3532,0.8701,False
Thai,乾卦-dynamic,i,0.419,23,0.3682,0.8701,False
Thai,坤卦-dynamic,d,-0.415,30,0.3134,0.8701,False
Thai,震卦-static,d,-0.412,34,0.3881,0.8701,False
Thai,兌卦-dynamic,m,-0.402,41,0.3632,0.8701,False
Thai,坤卦-dynamic,a͡i,-0.397,14,0.3682,0.8701,False
Thai,艮卦-dynamic,h,0.393,109,0.3433,0.8701,False
Thai,離卦-dynamic,m,-0.391,58,0.3731,0.8701,False
Thai,震卦-static,l,0.383,55,0.3731,0.8701,False
Thai,離卦-dynamic,j,0.383,36,0.3881,0.8701,False
Thai,震卦-static,i,0.373,32,0.3582,0.8701,False
Thai,乾卦-dynamic,ɡ,-0.373,38,0.3831,0.8701,False
Thai,乾卦-dynamic,k,-0.37,76,0.398,0.8701,False
Thai,震卦-static,p,0.359,65,0.3881,0.8701,False
Thai,坤卦-dynamic,h,0.349,174,0.3532,0.8701,False
Thai,坤卦-dynamic,m,-0.325,87,0.3781,0.8701,False
Thai,坤卦-dynamic,ɜ,0.321,148,0.398,0.8701,False
Thai,坤卦-dynamic,n,0.32,153,0.3731,0.8701,False
Thai,中卦-static,p,-0.317,50,0.393,0.8701,False
Thai,中卦-static,m,-0.282,111,0.398,0.8701,False
Thai,兌卦-static,ʔ,-0.699,5,0.4179,0.8706,False
Thai,坤卦-static,p,-0.661,6,0.4179,0.8706,False
Thai,坎卦-static,ʔ,0.623,19,0.4129,0.8706,False
Thai,震卦-dynamic,k,-0.407,48,0.4179,0.8706,False
Thai,艮卦-dynamic,ʔ,0.34,52,0.4129,0.8706,False
Thai,坎卦-dynamic,s,-0.527,47,0.4229,0.8752,False
Thai,中卦-static,r,-0.369,21,0.4279,0.8752,False
Thai,中卦-static,t,0.336,81,0.4279,0.8752,False
Thai,巽卦-static,ʔ,0.561,13,0.4378,0.8756,False
Thai,艮卦-dynamic,r,-0.456,10,0.4378,0.8756,False
Thai,艮卦-static,h,0.438,64,0.4378,0.8756,False
Thai,離卦-static,h,-0.397,72,0.4378,0.8756,False
Thai,震卦-static,f,-0.325,4,0.4378,0.8756,False
Thai,震卦-static,ʔ,-0.321,71,0.4428,0.8817,False
Thai,巽卦-dynamic,s,0.928,15,0.4577,0.8849,False
Thai,乾卦-static,o,0.914,6,0.4776,0.8849,False
Thai,兌卦-static,p,-0.744,3,0.4776,0.8849,False
Thai,乾卦-static,a,0.507,92,0.4925,0.8849,False
Thai,巽卦-static,k,-0.49,12,0.4876,0.8849,False
Thai,坎卦-dynamic,ʔ,0.483,25,0.4627,0.8849,False
Thai,離卦-static,b,-0.463,8,0.4975,0.8849,False
Thai,坎卦-dynamic,ɜ,-0.461,34,0.4876,0.8849,False
Thai,艮卦-dynamic,o,-0.441,6,0.4677,0.8849,False
Thai,艮卦-static,j,-0.436,10,0.4577,0.8849,False
Thai,艮卦-static,c,-0.423,5,0.4925,0.8849,False
Thai,艮卦-dynamic,k,-0.372,59,0.4627,0.8849,False
Thai,艮卦-static,s,-0.364,63,0.4975,0.8849,False
Thai,坤卦-dynamic,b,-0.363,21,0.4577,0.8849,False
Thai,坤卦-dynamic,o,-0.351,11,0.4677,0.8849,False
Thai,震卦-dynamic,ɜ,-0.345,65,0.4726,0.8849,False
Thai,離卦-static,m,-0.334,44,0.4677,0.8849,False
Thai,中卦-static,k,-0.319,122,0.4577,0.8849,False
Thai,震卦-static,ɡ,0.297,71,0.4925,0.8849,False
Thai,乾卦-dynamic,m,-0.29,72,0.4975,0.8849,False
Thai,震卦-static,s,0.28,237,0.4925,0.8849,False
Thai,巽卦-dynamic,a,-0.72,23,0.5025,0.8851,False
Thai,坤卦-static,u,-0.522,8,0.5075,0.8851,False
Thai,離卦-dynamic,ɹ,0.343,31,0.5075,0.8851,False
Thai,艮卦-dynamic,a,-0.307,249,0.5075,0.8851,False
Thai,中卦-static,a͡i,0.297,25,0.5025,0.8851,False
Thai,巽卦-dynamic,u,0.915,5,0.5423,0.9013,False
Thai,巽卦-dynamic,w,0.874,3,0.5821,0.9013,False
Thai,兌卦-static,i,0.589,3,0.6169,0.9013,False
Thai,兌卦-static,d,0.575,8,0.5572,0.9013,False
Thai,乾卦-static,r,0.571,6,0.5771,0.9013,False
Thai,坎卦-static,r,0.56,6,0.5423,0.9013,False
Thai,巽卦-dynamic,m,-0.545,4,0.592,0.9013,False
Thai,乾卦-static,j,0.531,11,0.5721,0.9013,False
Thai,兌卦-static,n,-0.525,11,0.592,0.9013,False
Thai,坎卦-static,d,-0.521,5,0.5323,0.9013,False
Thai,乾卦-static,ɹ,-0.521,5,0.5721,0.9013,False
Thai,兌卦-static,k,-0.513,8,0.5871,0.9013,False
Thai,乾卦-static,k,-0.494,17,0.5522,0.9013,False
Thai,坤卦-static,ɜ,0.445,28,0.5274,0.9013,False
Thai,巽卦-static,t,-0.443,7,0.5871,0.9013,False
Thai,坤卦-static,ʔ,0.44,16,0.5224,0.9013,False
Thai,坎卦-static,w,-0.43,6,0.597,0.9013,False
Thai,坎卦-dynamic,t,-0.417,14,0.5622,0.9013,False
Thai,巽卦-static,l,0.392,7,0.602,0.9013,False
Thai,乾卦-static,ɜ,-0.39,25,0.5473,0.9013,False
Thai,坎卦-dynamic,u,0.366,19,0.5871,0.9013,False
Thai,乾卦-static,h,-0.363,29,0.5622,0.9013,False
Thai,巽卦-static,a,-0.361,57,0.5821,0.9013,False
Thai,艮卦-static,d,-0.351,12,0.5622,0.9013,False
Thai,坎卦-static,ɡ,0.321,13,0.6169,0.9013,False
Thai,兌卦-dynamic,f,0.32,6,0.6119,0.9013,False
Thai,坎卦-static,a,0.313,90,0.6169,0.9013,False
Thai,乾卦-dynamic,j,-0.304,25,0.607,0.9013,False
Thai,艮卦-static,l,0.295,17,0.607,0.9013,False
Thai,艮卦-static,e,-0.293,36,0.6169,0.9013,False
Thai,離卦-dynamic,k,-0.293,74,0.5473,0.9013,False
Thai,乾卦-dynamic,b,-0.286,20,0.6119,0.9013,False
Thai,乾卦-dynamic,a͡i,-0.284,12,0.6169,0.9013,False
Thai,震卦-static,r,0.283,29,0.5572,0.9013,False
Thai,艮卦-dynamic,m,-0.274,57,0.6169,0.9013,False
Thai,離卦-dynamic,d,-0.271,27,0.607,0.9013,False
Thai,艮卦-dynamic,l,0.269,29,0.5871,0.9013,False
Thai,震卦-static,b,-0.241,31,0.5721,0.9013,False
Thai,乾卦-dynamic,n,-0.224,101,0.607,0.9013,False
Thai,坤卦-dynamic,p,0.209,54,0.5224,0.9013,False
Thai,坤卦-static,r,-0.441,3,0.6219,0.9057,False
Thai,坤卦-static,s,0.317,39,0.6418,0.9139,False
Thai,乾卦-dynamic,ɜ,-0.242,102,0.6368,0.9139,False
Thai,乾卦-dynamic,t,0.223,51,0.6418,0.9139,False
Thai,離卦-static,ɜ,-0.21,66,0.6368,0.9139,False
Thai,震卦-static,k,-0.208,125,0.6318,0.9139,False
Thai,兌卦-dynamic,ɜ,0.189,74,0.6318,0.9139,False
Thai,震卦-dynamic,b,-0.254,14,0.6468,0.9152,False
Thai,離卦-dynamic,s,-0.239,131,0.6468,0.9152,False
Thai,巽卦-static,m,-0.285,13,0.6517,0.9194,False
Thai,兌卦-dynamic,o,-0.308,6,0.6567,0.9206,False
Thai,坎卦-dynamic,j,-0.287,9,0.6716,0.9386,False
Thai,巽卦-static,a͡i,0.342,3,0.6866,0.9406,False
Thai,離卦-static,f,0.33,6,0.7065,0.9406,False
Thai,坎卦-static,k,-0.294,21,0.6816,0.9406,False
Thai,坤卦-static,h,-0.261,27,0.6915,0.9406,False
Thai,乾卦-dynamic,d,-0.22,32,0.6965,0.9406,False
Thai,離卦-static,k,0.207,77,0.6816,0.9406,False
Thai,艮卦-dynamic,ɡ,-0.201,32,0.6965,0.9406,False
Thai,離卦-dynamic,ʔ,0.19,57,0.6915,0.9406,False
Thai,艮卦-dynamic,d,-0.186,26,0.7065,0.9406,False
Thai,離卦-static,t,-0.184,28,0.6915,0.9406,False
Thai,艮卦-dynamic,s,0.183,127,0.6965,0.9406,False
Thai,中卦-static,a,-0.157,500,0.7065,0.9406,False
Thai,震卦-static,ɹ,0.155,44,0.6965,0.9406,False
Thai,坤卦-dynamic,a,0.134,429,0.7015,0.9406,False
Thai,巽卦-dynamic,t,-0.435,3,0.7214,0.9492,False
Thai,坎卦-dynamic,i,-0.318,6,0.7214,0.9492,False
Thai,坎卦-static,ɹ,-0.298,6,0.7214,0.9492,False
Thai,坤卦-dynamic,e,-0.16,107,0.7164,0.9492,False
Thai,乾卦-static,b,-0.296,5,0.7313,0.9539,False
Thai,艮卦-static,k,0.172,53,0.7313,0.9539,False
Thai,巽卦-static,n,0.193,21,0.7413,0.9613,False
Thai,乾卦-static,d,-0.331,7,0.7662,0.9686,False
Thai,巽卦-dynamic,ɡ,-0.312,3,0.8109,0.9686,False
Thai,坤卦-static,i,-0.266,4,0.796,0.9686,False
Thai,巽卦-static,h,-0.263,21,0.7512,0.9686,False
Thai,坤卦-static,d,-0.26,7,0.7512,0.9686,False
Thai,坤卦-static,b,-0.246,5,0.8109,0.9686,False
Thai,乾卦-static,e,0.241,26,0.7811,0.9686,False
Thai,坎卦-static,e,0.229,26,0.7811,0.9686,False
Thai,乾卦-static,w,0.227,8,0.7761,0.9686,False
Thai,兌卦-static,ɡ,-0.226,5,0.8308,0.9686,False
Thai,坤卦-static,w,-0.211,6,0.796,0.9686,False
Thai,坎卦-dynamic,c,-0.206,5,0.7562,0.9686,False
Thai,艮卦-dynamic,j,0.205,28,0.7761,0.9686,False
Thai,坎卦-static,j,-0.199,7,0.791,0.9686,False
Thai,坤卦-static,n,0.195,27,0.7662,0.9686,False
Thai,坎卦-static,s,0.189,42,0.8209,0.9686,False
Thai,震卦-dynamic,o,-0.187,7,0.7861,0.9686,False
Thai,艮卦-static,b,-0.183,11,0.8259,0.9686,False
Thai,艮卦-dynamic,b,-0.182,19,0.7811,0.9686,False
Thai,坎卦-static,l,-0.173,8,0.8259,0.9686,False
Thai,坎卦-dynamic,e,0.166,35,0.796,0.9686,False
Thai,震卦-dynamic,w,0.159,20,0.791,0.9686,False
Thai,坤卦-static,ɹ,-0.143,6,0.8159,0.9686,False
Thai,艮卦-static,u,0.139,22,0.8308,0.9686,False
Thai,離卦-dynamic,b,-0.131,24,0.791,0.9686,False
Thai,坎卦-dynamic,m,-0.13,30,0.796,0.9686,False
Thai,兌卦-dynamic,i,-0.124,12,0.8109,0.9686,False
Thai,乾卦-dynamic,h,-0.121,122,0.7662,0.9686,False
Thai,艮卦-dynamic,ɜ,-0.12,82,0.7811,0.9686,False
Thai,震卦-dynamic,p,-0.12,24,0.8109,0.9686,False
Thai,震卦-dynamic,m,-0.119,56,0.8308,0.9686,False
Thai,震卦-dynamic,ɹ,0.119,20,0.801,0.9686,False
Thai,艮卦-dynamic,p,0.113,32,0.806,0.9686,False
Thai,艮卦-dynamic,e,0.112,75,0.8308,0.9686,False
Thai,震卦-dynamic,d,0.11,30,0.8209,0.9686,False
Thai,中卦-static,d,-0.092,57,0.8259,0.9686,False
Thai,乾卦-dynamic,r,-0.152,16,0.8408,0.9752,False
Thai,坤卦-static,k,0.111,26,0.8458,0.9759,False
Thai,震卦-static,m,0.082,143,0.8458,0.9759,False
Thai,艮卦-static,o,-0.152,5,0.8557,0.9823,False
Thai,坎卦-static,o,-0.1,3,0.8557,0.9823,False
Thai,艮卦-static,n,0.087,51,0.8657,0.9887,False
Thai,坎卦-dynamic,o,-0.135,4,0.8756,0.9907,False
Thai,坎卦-static,b,-0.115,7,0.8806,0.9907,False
Thai,兌卦-dynamic,b,-0.103,18,0.8706,0.9907,False
Thai,艮卦-dynamic,ɹ,-0.085,21,0.8806,0.9907,False
Thai,巽卦-static,d,0.082,8,0.8806,0.9907,False
Thai,離卦-dynamic,u,0.085,43,0.8856,0.9913,False
Thai,震卦-dynamic,e,-0.083,58,0.8856,0.9913,False
Thai,乾卦-static,m,-0.11,22,0.8905,0.9919,False
Thai,離卦-static,p,-0.077,24,0.8905,0.9919,False
Thai,中卦-static,j,0.055,50,0.8955,0.9926,False
Thai,乾卦-static,l,0.119,9,0.9005,0.9932,False
Thai,坎卦-static,m,0.084,26,0.9005,0.9932,False
Thai,坤卦-static,m,-0.046,21,0.9055,0.9962,False
Thai,巽卦-dynamic,k,-0.17,7,0.9204,1.0,False
Thai,巽卦-dynamic,h,0.117,10,0.9154,1.0,False
Thai,乾卦-static,c,-0.094,4,0.9353,1.0,False
Thai,兌卦-static,m,-0.066,11,0.9254,1.0,False
Thai,坤卦-dynamic,l,-0.065,41,0.9154,1.0,False
Thai,離卦-static,ɡ,-0.063,28,0.9254,1.0,False
Thai,兌卦-static,e,-0.057,11,0.99,1.0,False
Thai,坎卦-static,h,-0.047,32,0.9801,1.0,False
Thai,中卦-static,b,-0.047,46,0.9303,1.0,False
Thai,離卦-dynamic,a,-0.043,301,0.9204,1.0,False
Thai,坎卦-dynamic,k,-0.037,36,0.9403,1.0,False
Thai,乾卦-dynamic,u,-0.036,45,0.9602,1.0,False
Thai,坤卦-dynamic,ɹ,-0.034,35,0.9403,1.0,False
Thai,離卦-static,e,-0.034,58,0.9453,1.0,False
Thai,中卦-static,w,-0.033,43,0.9602,1.0,False
Thai,艮卦-dynamic,i,-0.031,15,0.9602,1.0,False
Thai,離卦-dynamic,e,0.028,84,0.9502,1.0,False
Thai,坎卦-dynamic,b,-0.027,11,0.9602,1.0,False
Thai,坎卦-dynamic,d,0.027,15,0.9751,1.0,False
Thai,震卦-dynamic,j,0.021,21,0.9751,1.0,False
Thai,兌卦-static,s,-0.018,19,0.9851,1.0,False
Thai,坎卦-static,n,-0.015,28,0.9801,1.0,False
Thai,坎卦-dynamic,a,0.005,119,0.995,1.0,False
Thai,乾卦-static,t,-0.002,12,0.995,1.0,False
Thai,坤卦-dynamic,k,0.001,131,1.0,1.0,False
Thai,坎卦-static,p,0.001,10,1.0,1.0,False
Turkish,中卦-dynamic,e,3.835,9,0.005,0.3582,False
Turkish,巽卦-dynamic,b,3.778,5,0.01,0.3582,False
Turkish,艮卦-static,ɟ,2.967,14,0.005,0.3582,False
Turkish,乾卦-static,h,2.931,9,0.01,0.3582,False
Turkish,離卦-static,p,2.604,22,0.005,0.3582,False
Turkish,中卦-static,æ,2.528,43,0.005,0.3582,False
Turkish,兌卦-dynamic,m,2.43,202,0.005,0.3582,False
Turkish,離卦-static,d͡ʒ,2.342,12,0.005,0.3582,False
Turkish,坤卦-dynamic,s,2.261,95,0.005,0.3582,False
Turkish,離卦-dynamic,ɛ,2.179,88,0.01,0.3582,False
Turkish,兌卦-dynamic,ɛ,2.049,158,0.005,0.3582,False
Turkish,震卦-dynamic,ɔ,1.993,20,0.01,0.3582,False
Turkish,震卦-static,t͡ʃ,1.796,42,0.01,0.3582,False
Turkish,震卦-static,i,1.734,41,0.01,0.3582,False
Turkish,坤卦-dynamic,u,1.724,30,0.005,0.3582,False
Turkish,坤卦-dynamic,ø,1.628,35,0.01,0.3582,False
Turkish,坤卦-dynamic,y,1.434,24,0.01,0.3582,False
Turkish,坤卦-dynamic,d͡ʒ,1.424,26,0.01,0.3582,False
Turkish,兌卦-dynamic,k,1.483,255,0.0149,0.464,False
Turkish,乾卦-dynamic,f,1.337,14,0.0149,0.464,False
Turkish,坎卦-static,u,2.495,8,0.0199,0.5004,False
Turkish,乾卦-static,ɫ,2.348,13,0.0199,0.5004,False
Turkish,坤卦-static,v,1.88,8,0.0199,0.5004,False
Turkish,乾卦-dynamic,ɡ,1.654,13,0.0249,0.5004,False
Turkish,艮卦-dynamic,a,1.508,144,0.0249,0.5004,False
Turkish,乾卦-dynamic,ʃ,1.47,31,0.0249,0.5004,False
Turkish,乾卦-dynamic,s,1.467,54,0.0249,0.5004,False
Turkish,震卦-static,z,-1.305,10,0.0249,0.5004,False
Turkish,兌卦-dynamic,z,-1.271,14,0.0249,0.5004,False
Turkish,坤卦-dynamic,ʊ,1.257,57,0.0199,0.5004,False
Turkish,震卦-static,t,1.233,73,0.0199,0.5004,False
Turkish,中卦-static,n,1.207,101,0.0249,0.5004,False
Turkish,離卦-dynamic,m,1.786,92,0.0299,0.5235,False
Turkish,乾卦-dynamic,ø,1.579,23,0.0299,0.5235,False
Turkish,艮卦-dynamic,t,-1.416,22,0.0299,0.5235,False
Turkish,兌卦-dynamic,ɔ,-1.212,10,0.0299,0.5235,False
Turkish,兌卦-static,r,2.639,16,0.0348,0.554,False
Turkish,離卦-static,ʊ,1.564,22,0.0348,0.554,False
Turkish,艮卦-dynamic,m,1.403,74,0.0348,0.554,False
Turkish,中卦-static,i,1.063,40,0.0348,0.554,False
Turkish,兌卦-static,ɯ,2.441,14,0.0398,0.5792,False
Turkish,坎卦-dynamic,ʃ,1.943,14,0.0398,0.5792,False
Turkish,坤卦-static,i,1.857,10,0.0398,0.5792,False
Turkish,離卦-static,t͡ʃ,1.68,18,0.0398,0.5792,False
Turkish,中卦-dynamic,ɪ,3.145,9,0.0448,0.6005,False
Turkish,巽卦-static,l,2.659,7,0.0448,0.6005,False
Turkish,兌卦-dynamic,ɾ,-1.11,12,0.0448,0.6005,False
Turkish,兌卦-static,d,2.45,9,0.0498,0.6187,False
Turkish,坎卦-static,ɾ,1.866,13,0.0498,0.6187,False
Turkish,坎卦-static,ɟ,1.788,9,0.0498,0.6187,False
Turkish,坤卦-dynamic,r,-1.013,43,0.0498,0.6187,False
Turkish,離卦-dynamic,j,-1.468,15,0.0547,0.6454,False
Turkish,艮卦-dynamic,r,-1.352,17,0.0547,0.6454,False
Turkish,震卦-static,k,-0.976,82,0.0547,0.6454,False
Turkish,兌卦-static,f,2.231,3,0.0597,0.6806,False
Turkish,乾卦-dynamic,k,-1.126,64,0.0597,0.6806,False
Turkish,離卦-static,j,1.6,27,0.0647,0.6912,False
Turkish,震卦-static,j,-1.065,26,0.0647,0.6912,False
Turkish,乾卦-dynamic,ɯ,0.974,59,0.0647,0.6912,False
Turkish,乾卦-static,o,1.579,8,0.0697,0.7006,False
Turkish,震卦-dynamic,ɾ,-1.295,4,0.0697,0.7006,False
Turkish,震卦-static,ɫ,-0.981,24,0.0697,0.7006,False
Turkish,兌卦-dynamic,d,-0.927,19,0.0697,0.7006,False
Turkish,中卦-dynamic,z,2.854,4,0.0746,0.7189,False
Turkish,震卦-dynamic,n,1.443,54,0.0746,0.7189,False
Turkish,艮卦-static,œ,1.331,8,0.0746,0.7189,False
Turkish,兌卦-static,y,1.953,3,0.0896,0.7206,False
Turkish,坤卦-static,s,1.474,15,0.0896,0.7206,False
Turkish,艮卦-dynamic,œ,-1.09,3,0.0846,0.7206,False
Turkish,艮卦-dynamic,ø,1.081,15,0.0896,0.7206,False
Turkish,乾卦-dynamic,j,-1.073,22,0.0846,0.7206,False
Turkish,兌卦-dynamic,n,-1.001,48,0.0846,0.7206,False
Turkish,震卦-static,d͡ʒ,0.949,17,0.0796,0.7206,False
Turkish,中卦-static,h,0.931,26,0.0846,0.7206,False
Turkish,震卦-static,p,0.873,30,0.0896,0.7206,False
Turkish,中卦-static,v,-0.817,10,0.0796,0.7206,False
Turkish,震卦-static,f,0.788,13,0.0896,0.7206,False
Turkish,震卦-dynamic,f,1.068,9,0.0945,0.7432,False
Turkish,坤卦-dynamic,f,0.844,17,0.1045,0.794,False
Turkish,中卦-static,r,-0.862,45,0.1095,0.805,False
Turkish,兌卦-dynamic,ʊ,-0.8,17,0.1095,0.805,False
Turkish,坤卦-static,r,-1.372,6,0.1144,0.8239,False
Turkish,坤卦-dynamic,ʃ,0.724,35,0.1144,0.8239,False
Turkish,兌卦-static,œ,1.677,4,0.1393,0.8507,False
Turkish,艮卦-static,ɔ,1.181,8,0.1194,0.8507,False
Turkish,離卦-static,s,-1.163,12,0.1393,0.8507,False
Turkish,震卦-dynamic,h,1.071,14,0.1343,0.8507,False
Turkish,震卦-dynamic,p,-1.055,5,0.1343,0.8507,False
Turkish,乾卦-dynamic,a,0.941,168,0.1343,0.8507,False
Turkish,中卦-static,p,-0.829,13,0.1393,0.8507,False
Turkish,中卦-static,k,-0.772,110,0.1294,0.8507,False
Turkish,震卦-static,æ,-0.769,6,0.1343,0.8507,False
Turkish,中卦-static,y,-0.749,6,0.1393,0.8507,False
Turkish,中卦-static,j,0.746,60,0.1244,0.8507,False
Turkish,震卦-static,s,-0.734,33,0.1294,0.8507,False
Turkish,中卦-static,ɟ,-0.723,6,0.1443,0.8581,False
Turkish,坤卦-dynamic,m,-0.68,45,0.1443,0.8581,False
Turkish,離卦-dynamic,ʊ,-0.995,7,0.1493,0.8726,False
Turkish,乾卦-static,s,1.314,13,0.1642,0.8842,False
Turkish,坤卦-static,o,1.286,8,0.1542,0.8842,False
Turkish,艮卦-static,z,1.275,14,0.1592,0.8842,False
Turkish,艮卦-dynamic,ʃ,0.975,20,0.1642,0.8842,False
Turkish,震卦-static,ɟ,-0.898,3,0.1592,0.8842,False
Turkish,兌卦-dynamic,d͡ʒ,-0.789,6,0.1642,0.8842,False
Turkish,震卦-static,ɪ,0.713,79,0.1642,0.8842,False
Turkish,中卦-static,d͡ʒ,0.656,18,0.1542,0.8842,False
Turkish,離卦-static,z,-1.054,6,0.1692,0.89,False
Turkish,兌卦-dynamic,æ,-0.771,8,0.1692,0.89,False
Turkish,兌卦-dynamic,ɪ,-0.686,48,0.1692,0.89,False
Turkish,巽卦-dynamic,k,2.689,9,0.2338,0.8995,False
Turkish,中卦-dynamic,ɾ,2.14,3,0.2935,0.8995,False
Turkish,中卦-dynamic,t,2.071,5,0.2537,0.8995,False
Turkish,乾卦-static,k,-1.44,13,0.1741,0.8995,False
Turkish,兌卦-static,t͡ʃ,1.389,5,0.2289,0.8995,False
Turkish,坎卦-static,i,1.369,10,0.1891,0.8995,False
Turkish,兌卦-static,j,-1.359,3,0.2189,0.8995,False
Turkish,乾卦-static,v,1.292,6,0.199,0.8995,False
Turkish,乾卦-static,j,1.287,12,0.2438,0.8995,False
Turkish,乾卦-static,æ,1.196,5,0.2239,0.8995,False
Turkish,坎卦-dynamic,s,-1.156,9,0.1791,0.8995,False
Turkish,艮卦-static,æ,1.138,7,0.194,0.8995,False
Turkish,坤卦-static,ɾ,1.135,9,0.2139,0.8995,False
Turkish,坎卦-static,ɫ,1.127,13,0.2836,0.8995,False
Turkish,坤卦-static,t,-1.105,9,0.2189,0.8995,False
Turkish,坤卦-static,k,-1.102,18,0.2189,0.8995,False
Turkish,坎卦-dynamic,ɯ,1.098,24,0.2239,0.8995,False
Turkish,坎卦-static,j,-1.088,7,0.2488,0.8995,False
Turkish,坎卦-dynamic,d,1.077,15,0.2886,0.8995,False
Turkish,坤卦-static,n,1.071,19,0.2239,0.8995,False
Turkish,艮卦-static,y,1.066,5,0.2537,0.8995,False
Turkish,艮卦-static,r,-1.045,10,0.2438,0.8995,False
Turkish,艮卦-static,ɾ,-1.039,3,0.2537,0.8995,False
Turkish,艮卦-static,l,1.026,13,0.2687,0.8995,False
Turkish,離卦-dynamic,ɯ,-1.015,17,0.1841,0.8995,False
Turkish,坎卦-static,l,-0.999,4,0.2985,0.8995,False
Turkish,艮卦-static,ɫ,0.994,14,0.204,0.8995,False
Turkish,坎卦-dynamic,ɾ,0.979,12,0.2985,0.8995,False
Turkish,艮卦-static,s,-0.97,9,0.2687,0.8995,False
Turkish,離卦-dynamic,ʃ,0.966,22,0.2289,0.8995,False
Turkish,離卦-static,ɫ,-0.912,11,0.2687,0.8995,False
Turkish,艮卦-dynamic,ɾ,-0.862,8,0.2637,0.8995,False
Turkish,離卦-static,ɯ,-0.862,12,0.2985,0.8995,False
Turkish,離卦-dynamic,ɾ,-0.844,9,0.2388,0.8995,False
Turkish,震卦-dynamic,m,0.841,56,0.2488,0.8995,False
Turkish,離卦-dynamic,z,-0.836,12,0.2736,0.8995,False
Turkish,艮卦-dynamic,d,0.817,27,0.2239,0.8995,False
Turkish,艮卦-static,t͡ʃ,0.812,9,0.2985,0.8995,False
Turkish,艮卦-dynamic,y,-0.81,3,0.2687,0.8995,False
Turkish,艮卦-dynamic,n,0.798,49,0.2736,0.8995,False
Turkish,兌卦-dynamic,r,-0.758,53,0.1841,0.8995,False
Turkish,震卦-dynamic,ɛ,0.74,51,0.2587,0.8995,False
Turkish,震卦-dynamic,v,0.728,14,0.2587,0.8995,False
Turkish,艮卦-dynamic,i,-0.714,8,0.209,0.8995,False
Turkish,艮卦-dynamic,ɪ,-0.713,23,0.2587,0.8995,False
Turkish,震卦-static,œ,-0.71,8,0.1841,0.8995,False
Turkish,乾卦-dynamic,ɪ,-0.706,30,0.2338,0.8995,False
Turkish,兌卦-dynamic,ɟ,-0.698,7,0.2488,0.8995,False
Turkish,乾卦-dynamic,ɛ,-0.696,39,0.2239,0.8995,False
Turkish,乾卦-dynamic,œ,-0.684,7,0.2189,0.8995,False
Turkish,乾卦-dynamic,h,0.676,16,0.2537,0.8995,False
Turkish,兌卦-dynamic,ɯ,-0.672,42,0.2189,0.8995,False
Turkish,坤卦-dynamic,k,-0.664,122,0.209,0.8995,False
Turkish,震卦-static,ɛ,-0.655,47,0.199,0.8995,False
Turkish,乾卦-dynamic,m,-0.649,31,0.2239,0.8995,False
Turkish,艮卦-dynamic,b,-0.633,11,0.2985,0.8995,False
Turkish,坤卦-dynamic,ɡ,0.632,12,0.2289,0.8995,False
Turkish,坤卦-dynamic,t͡ʃ,-0.624,15,0.2189,0.8995,False
Turkish,乾卦-dynamic,b,0.623,43,0.2786,0.8995,False
Turkish,中卦-static,a,-0.622,166,0.2139,0.8995,False
Turkish,中卦-static,d,0.615,46,0.2736,0.8995,False
Turkish,乾卦-dynamic,e,-0.611,15,0.2687,0.8995,False
Turkish,兌卦-dynamic,o,-0.61,12,0.2189,0.8995,False
Turkish,兌卦-dynamic,t,0.601,85,0.2338,0.8995,False
Turkish,兌卦-dynamic,v,-0.587,14,0.2587,0.8995,False
Turkish,坤卦-dynamic,ɫ,0.586,53,0.2289,0.8995,False
Turkish,震卦-static,y,-0.586,6,0.2637,0.8995,False
Turkish,兌卦-dynamic,a,0.586,246,0.2438,0.8995,False
Turkish,中卦-static,ɔ,0.562,26,0.2637,0.8995,False
Turkish,兌卦-dynamic,b,-0.562,25,0.2438,0.8995,False
Turkish,坤卦-dynamic,ɛ,-0.561,63,0.2488,0.8995,False
Turkish,坤卦-dynamic,ɪ,-0.552,51,0.2886,0.8995,False
Turkish,震卦-static,d,0.546,37,0.2836,0.8995,False
Turkish,坤卦-dynamic,v,-0.532,14,0.2637,0.8995,False
Turkish,中卦-static,ø,0.526,22,0.2139,0.8995,False
Turkish,震卦-static,v,0.519,21,0.2886,0.8995,False
Turkish,震卦-static,ʃ,0.518,25,0.2935,0.8995,False
Turkish,中卦-static,œ,-0.496,12,0.2736,0.8995,False
Turkish,坤卦-dynamic,b,-0.469,27,0.2836,0.8995,False
Turkish,坤卦-static,d͡ʒ,0.946,4,0.3085,0.9094,False
Turkish,坤卦-static,m,-0.945,6,0.3035,0.9094,False
Turkish,兌卦-dynamic,s,-0.578,47,0.3085,0.9094,False
Turkish,坤卦-dynamic,i,-0.483,19,0.3085,0.9094,False
Turkish,巽卦-static,œ,1.523,3,0.3134,0.9123,False
Turkish,乾卦-static,f,0.974,3,0.3134,0.9123,False
Turkish,艮卦-dynamic,z,-0.713,12,0.3134,0.9123,False
Turkish,巽卦-static,p,1.54,4,0.3184,0.9151,False
Turkish,兌卦-static,ɛ,-1.318,4,0.3184,0.9151,False
Turkish,坎卦-static,æ,1.016,6,0.3184,0.9151,False
Turkish,坤卦-static,u,0.85,4,0.3234,0.9255,False
Turkish,離卦-dynamic,œ,0.701,15,0.3284,0.9281,False
Turkish,中卦-static,l,0.5,43,0.3284,0.9281,False
Turkish,中卦-static,m,-0.451,53,0.3284,0.9281,False
Turkish,巽卦-static,z,1.325,5,0.3333,0.9293,False
Turkish,坎卦-static,n,0.906,21,0.3383,0.9293,False
Turkish,離卦-dynamic,d͡ʒ,-0.645,4,0.3383,0.9293,False
Turkish,乾卦-dynamic,ɫ,0.549,35,0.3383,0.9293,False
Turkish,坤卦-dynamic,h,0.454,21,0.3433,0.9318,False
Turkish,兌卦-dynamic,e,-0.431,31,0.3433,0.9318,False
Turkish,兌卦-dynamic,ʃ,-0.499,17,0.3483,0.9378,False
Turkish,震卦-dynamic,ʃ,-0.601,7,0.3532,0.9438,False
Turkish,乾卦-dynamic,æ,0.53,15,0.3532,0.9438,False
Turkish,艮卦-static,p,0.848,9,0.3582,0.946,False
Turkish,離卦-dynamic,ɔ,-0.585,9,0.3582,0.946,False
Turkish,艮卦-static,t,0.765,20,0.3682,0.9539,False
Turkish,離卦-static,v,-0.74,4,0.3682,0.9539,False
Turkish,離卦-dynamic,s,-0.622,25,0.3682,0.9539,False
Turkish,坤卦-dynamic,a,0.437,227,0.3682,0.9539,False
Turkish,坎卦-static,r,0.862,21,0.3731,0.9559,False
Turkish,坤卦-dynamic,ɔ,-0.371,18,0.3781,0.9614,False
Turkish,震卦-dynamic,ɫ,0.681,26,0.3831,0.9633,False
Turkish,坤卦-dynamic,ɾ,0.372,36,0.3831,0.9633,False
Turkish,坤卦-dynamic,t,-0.347,63,0.3831,0.9633,False
Turkish,中卦-dynamic,l,1.627,3,0.3881,0.9652,False
Turkish,兌卦-dynamic,y,-0.471,9,0.3881,0.9652,False
Turkish,巽卦-static,v,1.27,3,0.393,0.9705,False
Turkish,兌卦-static,ø,0.994,3,0.393,0.9705,False
Turkish,兌卦-static,n,-0.954,5,0.403,0.9723,False
Turkish,坎卦-dynamic,t,-0.836,14,0.408,0.9723,False
Turkish,坎卦-dynamic,l,-0.755,6,0.408,0.9723,False
Turkish,艮卦-static,ø,0.716,6,0.408,0.9723,False
Turkish,離卦-dynamic,i,0.598,20,0.403,0.9723,False
Turkish,乾卦-dynamic,l,-0.448,19,0.408,0.9723,False
Turkish,兌卦-dynamic,j,0.438,61,0.398,0.9723,False
Turkish,中卦-static,ɾ,0.425,35,0.398,0.9723,False
Turkish,兌卦-dynamic,ø,-0.393,14,0.403,0.9723,False
Turkish,巽卦-dynamic,ɯ,1.49,3,0.5672,0.9748,False
Turkish,中卦-dynamic,ɛ,1.455,6,0.4378,0.9748,False
Turkish,中卦-dynamic,r,1.225,5,0.5423,0.9748,False
Turkish,巽卦-dynamic,r,1.048,3,0.6866,0.9748,False
Turkish,巽卦-static,ɪ,0.89,9,0.5274,0.9748,False
Turkish,坎卦-static,m,-0.84,8,0.4229,0.9748,False
Turkish,兌卦-static,m,-0.836,4,0.4975,0.9748,False
Turkish,兌卦-static,p,0.832,4,0.4627,0.9748,False
Turkish,乾卦-static,ʊ,0.811,8,0.4726,0.9748,False
Turkish,兌卦-static,t,0.794,9,0.4876,0.9748,False
Turkish,巽卦-static,ʊ,0.793,4,0.5771,0.9748,False
Turkish,巽卦-static,ʃ,0.779,3,0.4975,0.9748,False
Turkish,巽卦-static,a,-0.777,14,0.607,0.9748,False
Turkish,乾卦-static,m,-0.74,7,0.4478,0.9748,False
Turkish,坎卦-dynamic,v,-0.737,3,0.4279,0.9748,False
Turkish,巽卦-dynamic,a,0.737,7,0.7313,0.9748,False
Turkish,乾卦-static,b,-0.73,3,0.5473,0.9748,False
Turkish,坎卦-dynamic,p,-0.714,4,0.4876,0.9748,False
Turkish,坎卦-dynamic,ɫ,-0.703,9,0.4677,0.9748,False
Turkish,乾卦-static,y,0.7,3,0.5323,0.9748,False
Turkish,離卦-static,ɔ,0.69,10,0.4279,0.9748,False
Turkish,兌卦-static,k,0.676,21,0.602,0.9748,False
Turkish,坤卦-static,ɛ,-0.667,11,0.4478,0.9748,False
Turkish,坎卦-static,a,-0.662,37,0.5174,0.9748,False
Turkish,坎卦-dynamic,a,0.66,62,0.5274,0.9748,False
Turkish,坤卦-static,p,-0.654,3,0.4776,0.9748,False
Turkish,中卦-dynamic,k,0.648,9,0.7662,0.9748,False
Turkish,艮卦-static,v,-0.646,3,0.4627,0.9748,False
Turkish,乾卦-static,ɛ,-0.645,10,0.5373,0.9748,False
Turkish,坎卦-dynamic,j,0.637,16,0.4726,0.9748,False
Turkish,坤卦-static,ɪ,0.629,18,0.5572,0.9748,False
Turkish,坎卦-static,ɔ,0.626,6,0.4627,0.9748,False
Turkish,離卦-dynamic,f,-0.607,3,0.4229,0.9748,False
Turkish,兌卦-static,a,0.6,25,0.592,0.9748,False
Turkish,艮卦-dynamic,ɯ,-0.579,22,0.4129,0.9748,False
Turkish,坎卦-dynamic,n,-0.57,15,0.5224,0.9748,False
Turkish,乾卦-static,e,-0.57,4,0.607,0.9748,False
Turkish,艮卦-static,d,-0.566,6,0.5174,0.9748,False
Turkish,艮卦-static,m,-0.565,12,0.5622,0.9748,False
Turkish,震卦-dynamic,k,-0.565,61,0.4677,0.9748,False
Turkish,坤卦-static,ʊ,0.563,8,0.6517,0.9748,False
Turkish,巽卦-dynamic,m,0.557,3,0.8209,0.9748,False
Turkish,坤卦-static,a,-0.552,33,0.5423,0.9748,False
Turkish,乾卦-static,i,-0.546,3,0.5771,0.9748,False
Turkish,震卦-dynamic,o,-0.544,6,0.4925,0.9748,False
Turkish,坎卦-static,ɪ,-0.541,11,0.607,0.9748,False
Turkish,艮卦-static,o,-0.54,3,0.5622,0.9748,False
Turkish,艮卦-dynamic,ɫ,-0.538,19,0.4577,0.9748,False
Turkish,巽卦-static,j,0.536,5,0.7214,0.9748,False
Turkish,離卦-static,d,-0.535,9,0.5174,0.9748,False
Turkish,坎卦-static,t,0.521,17,0.5871,0.9748,False
Turkish,艮卦-dynamic,l,-0.52,14,0.4726,0.9748,False
Turkish,坎卦-dynamic,ɔ,0.509,7,0.5721,0.9748,False
Turkish,坎卦-static,ʊ,0.504,9,0.5672,0.9748,False
Turkish,坤卦-static,h,0.5,4,0.6318,0.9748,False
Turkish,震卦-dynamic,z,-0.497,13,0.4378,0.9748,False
Turkish,艮卦-dynamic,d͡ʒ,0.495,9,0.4279,0.9748,False
Turkish,震卦-dynamic,i,-0.495,9,0.5124,0.9748,False
Turkish,乾卦-static,t,-0.495,10,0.6368,0.9748,False
Turkish,艮卦-static,i,0.494,8,0.592,0.9748,False
Turkish,震卦-dynamic,d,0.489,22,0.4925,0.9748,False
Turkish,離卦-dynamic,ø,-0.488,7,0.4925,0.9748,False
Turkish,坎卦-static,ɛ,0.487,21,0.6318,0.9748,False
Turkish,艮卦-static,j,0.483,14,0.5622,0.9748,False
Turkish,坎卦-static,p,-0.482,4,0.6866,0.9748,False
Turkish,坤卦-static,b,0.477,11,0.6368,0.9748,False
Turkish,坤卦-static,t͡ʃ,0.472,6,0.607,0.9748,False
Turkish,坤卦-static,y,0.472,3,0.5821,0.9748,False
Turkish,震卦-dynamic,ɯ,-0.468,22,0.5124,0.9748,False
Turkish,兌卦-static,e,-0.464,3,0.6866,0.9748,False
Turkish,兌卦-static,l,-0.463,3,0.7214,0.9748,False
Turkish,震卦-dynamic,ʊ,-0.457,11,0.5124,0.9748,False
Turkish,坤卦-static,æ,0.454,4,0.6269,0.9748,False
Turkish,乾卦-static,ɪ,0.45,15,0.607,0.9748,False
Turkish,艮卦-dynamic,j,0.448,30,0.4826,0.9748,False
Turkish,艮卦-dynamic,k,0.446,95,0.5274,0.9748,False
Turkish,坎卦-static,ɯ,-0.443,10,0.6318,0.9748,False
Turkish,艮卦-static,k,-0.441,32,0.5771,0.9748,False
Turkish,兌卦-static,z,-0.439,3,0.7363,0.9748,False
Turkish,離卦-dynamic,p,-0.436,11,0.5373,0.9748,False
Turkish,離卦-static,k,0.429,64,0.6119,0.9748,False
Turkish,乾卦-static,ɯ,0.423,12,0.7214,0.9748,False
Turkish,離卦-static,m,-0.419,20,0.602,0.9748,False
Turkish,艮卦-dynamic,æ,-0.418,6,0.5274,0.9748,False
Turkish,離卦-dynamic,d,-0.417,16,0.5672,0.9748,False
Turkish,離卦-static,ɪ,0.415,31,0.6119,0.9748,False
Turkish,兌卦-static,ɪ,-0.414,6,0.6965,0.9748,False
Turkish,乾卦-dynamic,ɟ,0.413,15,0.4726,0.9748,False
Turkish,巽卦-static,ɯ,0.404,6,0.791,0.9748,False
Turkish,震卦-dynamic,l,-0.403,14,0.5174,0.9748,False
Turkish,坤卦-static,z,0.402,8,0.6965,0.9748,False
Turkish,乾卦-static,n,0.401,14,0.6716,0.9748,False
Turkish,乾卦-dynamic,o,-0.398,10,0.4577,0.9748,False
Turkish,坎卦-dynamic,m,0.395,25,0.6915,0.9748,False
Turkish,艮卦-static,n,0.394,20,0.6517,0.9748,False
Turkish,離卦-static,u,0.39,6,0.5721,0.9748,False
Turkish,艮卦-dynamic,h,-0.389,5,0.5771,0.9748,False
Turkish,震卦-static,ɔ,-0.388,14,0.4876,0.9748,False
Turkish,離卦-static,a,-0.388,65,0.6965,0.9748,False
Turkish,離卦-dynamic,r,-0.381,35,0.5572,0.9748,False
Turkish,坤卦-static,ø,0.38,4,0.6567,0.9748,False
Turkish,離卦-dynamic,v,-0.38,9,0.6517,0.9748,False
Turkish,巽卦-static,n,0.378,7,0.8209,0.9748,False
Turkish,震卦-static,a,0.378,176,0.4428,0.9748,False
Turkish,乾卦-static,ʃ,-0.378,3,0.7264,0.9748,False
Turkish,坎卦-dynamic,k,0.373,47,0.7015,0.9748,False
Turkish,坤卦-dynamic,j,0.372,57,0.4328,0.9748,False
Turkish,離卦-dynamic,ɪ,-0.371,33,0.6468,0.9748,False
Turkish,巽卦-static,r,0.368,7,0.8109,0.9748,False
Turkish,坎卦-dynamic,b,-0.361,8,0.7711,0.9748,False
Turkish,坎卦-dynamic,t͡ʃ,-0.361,5,0.7264,0.9748,False
Turkish,離卦-dynamic,æ,-0.36,7,0.6169,0.9748,False
Turkish,坎卦-dynamic,ɟ,-0.358,3,0.7114,0.9748,False
Turkish,兌卦-dynamic,i,-0.352,22,0.5174,0.9748,False
Turkish,艮卦-static,ɪ,-0.351,14,0.6766,0.9748,False
Turkish,坤卦-static,d,0.349,8,0.7313,0.9748,False
Turkish,乾卦-static,ɾ,-0.347,4,0.7861,0.9748,False
Turkish,艮卦-dynamic,ʊ,-0.343,13,0.6368,0.9748,False
Turkish,坤卦-dynamic,e,-0.342,33,0.4975,0.9748,False
Turkish,中卦-static,ʊ,-0.342,24,0.4776,0.9748,False
Turkish,乾卦-static,z,0.34,7,0.7164,0.9748,False
Turkish,坤卦-static,e,0.337,11,0.7363,0.9748,False
Turkish,坎卦-static,ø,-0.329,3,0.7114,0.9748,False
Turkish,乾卦-dynamic,v,-0.326,11,0.5572,0.9748,False
Turkish,中卦-static,e,0.325,56,0.4925,0.9748,False
Turkish,離卦-dynamic,ɫ,0.325,28,0.6368,0.9748,False
Turkish,離卦-dynamic,t,0.321,43,0.6617,0.9748,False
Turkish,乾卦-static,l,0.321,7,0.7612,0.9748,False
Turkish,坤卦-dynamic,œ,0.318,22,0.5274,0.9748,False
Turkish,艮卦-static,ɯ,-0.317,12,0.6716,0.9748,False
Turkish,震卦-dynamic,u,-0.314,5,0.6716,0.9748,False
Turkish,離卦-dynamic,t͡ʃ,0.314,17,0.7015,0.9748,False
Turkish,震卦-static,h,0.312,15,0.5871,0.9748,False
Turkish,乾卦-static,p,0.31,5,0.7711,0.9748,False
Turkish,艮卦-static,ɛ,-0.309,17,0.7114,0.9748,False
Turkish,巽卦-static,ɛ,-0.302,6,0.7811,0.9748,False
Turkish,離卦-static,ɛ,-0.301,25,0.7264,0.9748,False
Turkish,坤卦-dynamic,æ,-0.3,13,0.4975,0.9748,False
Turkish,艮卦-dynamic,f,-0.299,4,0.7114,0.9748,False
Turkish,中卦-static,ʃ,0.298,27,0.4428,0.9748,False
Turkish,震卦-static,r,0.295,64,0.592,0.9748,False
Turkish,離卦-dynamic,k,0.294,100,0.6318,0.9748,False
Turkish,中卦-static,ɡ,0.288,9,0.5622,0.9748,False
Turkish,坤卦-dynamic,d,0.286,42,0.5572,0.9748,False
Turkish,中卦-static,s,0.286,57,0.5522,0.9748,False
Turkish,坤卦-static,ɫ,0.282,9,0.7264,0.9748,False
Turkish,兌卦-dynamic,l,-0.281,33,0.5821,0.9748,False
Turkish,坤卦-dynamic,o,-0.278,17,0.6318,0.9748,False
Turkish,艮卦-dynamic,t͡ʃ,0.265,15,0.6766,0.9748,False
Turkish,離卦-static,t,0.263,26,0.7214,0.9748,False
Turkish,坎卦-dynamic,d͡ʒ,0.262,4,0.791,0.9748,False
Turkish,乾卦-dynamic,ɾ,-0.262,17,0.6915,0.9748,False
Turkish,兌卦-dynamic,p,-0.259,23,0.6915,0.9748,False
Turkish,震卦-static,ɯ,-0.258,41,0.6468,0.9748,False
Turkish,離卦-dynamic,a,0.258,124,0.7512,0.9748,False
Turkish,乾卦-dynamic,z,-0.256,21,0.7264,0.9748,False
Turkish,震卦-dynamic,ɪ,-0.253,30,0.7463,0.9748,False
Turkish,坤卦-dynamic,p,-0.252,22,0.607,0.9748,False
Turkish,兌卦-dynamic,t͡ʃ,-0.25,22,0.6219,0.9748,False
Turkish,艮卦-dynamic,o,-0.249,9,0.7413,0.9748,False
Turkish,離卦-static,o,0.247,9,0.7811,0.9748,False
Turkish,離卦-static,y,0.241,5,0.7711,0.9748,False
Turkish,離卦-static,ø,0.236,7,0.7313,0.9748,False
Turkish,離卦-static,r,-0.232,23,0.8159,0.9748,False
Turkish,坤卦-static,l,-0.225,6,0.7562,0.9748,False
Turkish,乾卦-dynamic,t͡ʃ,0.224,19,0.6866,0.9748,False
Turkish,震卦-dynamic,œ,0.223,10,0.7562,0.9748,False
Turkish,乾卦-dynamic,ɔ,-0.223,13,0.6915,0.9748,False
Turkish,震卦-dynamic,b,-0.22,17,0.7363,0.9748,False
Turkish,離卦-static,i,-0.22,8,0.801,0.9748,False
Turkish,艮卦-static,e,-0.218,9,0.8159,0.9748,False
Turkish,中卦-static,b,-0.212,34,0.6219,0.9748,False
Turkish,震卦-static,ø,-0.212,12,0.6617,0.9748,False
Turkish,離卦-static,l,0.21,14,0.7861,0.9748,False
Turkish,離卦-dynamic,y,0.209,8,0.7612,0.9748,False
Turkish,乾卦-dynamic,d,0.209,27,0.7413,0.9748,False
Turkish,兌卦-dynamic,f,-0.199,9,0.7264,0.9748,False
Turkish,中卦-static,ɪ,0.19,76,0.7065,0.9748,False
Turkish,震卦-dynamic,t,0.19,35,0.791,0.9748,False
Turkish,兌卦-dynamic,h,-0.19,13,0.6866,0.9748,False
Turkish,艮卦-dynamic,u,-0.189,6,0.7562,0.9748,False
Turkish,震卦-static,l,-0.187,26,0.6866,0.9748,False
Turkish,震卦-dynamic,d͡ʒ,0.184,7,0.7861,0.9748,False
Turkish,離卦-static,æ,-0.183,5,0.8209,0.9748,False
Turkish,離卦-dynamic,b,-0.179,21,0.806,0.9748,False
Turkish,坤卦-dynamic,n,0.173,78,0.6965,0.9748,False
Turkish,中卦-static,t,-0.169,63,0.6816,0.9748,False
Turkish,中卦-static,ɛ,0.169,83,0.6816,0.9748,False
Turkish,坤卦-dynamic,ɟ,0.168,19,0.7711,0.9748,False
Turkish,坤卦-dynamic,z,0.165,39,0.7612,0.9748,False
Turkish,艮卦-dynamic,p,-0.161,12,0.796,0.9748,False
Turkish,離卦-static,n,-0.16,24,0.8159,0.9748,False
Turkish,震卦-dynamic,a,0.158,102,0.796,0.9748,False
Turkish,震卦-dynamic,r,0.155,37,0.7711,0.9748,False
Turkish,離卦-dynamic,e,-0.15,23,0.8109,0.9748,False
Turkish,兌卦-dynamic,œ,0.144,21,0.7512,0.9748,False
Turkish,兌卦-dynamic,ɫ,0.144,49,0.7612,0.9748,False
Turkish,震卦-dynamic,ɟ,-0.139,7,0.8209,0.9748,False
Turkish,震卦-static,ɡ,-0.138,5,0.796,0.9748,False
Turkish,坤卦-dynamic,l,-0.137,34,0.7761,0.9748,False
Turkish,乾卦-dynamic,y,0.136,9,0.806,0.9748,False
Turkish,乾卦-dynamic,p,-0.114,16,0.8209,0.9748,False
Turkish,坤卦-dynamic,ɯ,0.109,63,0.7761,0.9748,False
Turkish,中卦-static,z,0.105,36,0.8209,0.9748,False
Turkish,中卦-static,ɯ,-0.098,54,0.801,0.9748,False
Turkish,巽卦-static,s,0.268,5,0.8557,0.9754,False
Turkish,坎卦-dynamic,r,0.265,21,0.8358,0.9754,False
Turkish,中卦-dynamic,m,-0.252,3,0.8756,0.9754,False
Turkish,乾卦-static,ɔ,0.232,4,0.8408,0.9754,False
Turkish,巽卦-static,ɫ,0.222,4,0.8607,0.9754,False
Turkish,坎卦-dynamic,u,0.197,4,0.8308,0.9754,False
Turkish,坤卦-static,ɯ,-0.195,10,0.8358,0.9754,False
Turkish,坤卦-static,j,0.194,10,0.8706,0.9754,False
Turkish,艮卦-static,ʃ,-0.185,5,0.8507,0.9754,False
Turkish,乾卦-static,r,0.185,13,0.8657,0.9754,False
Turkish,離卦-static,f,0.159,4,0.8607,0.9754,False
Turkish,震卦-dynamic,æ,-0.157,7,0.8259,0.9754,False
Turkish,震卦-dynamic,s,-0.154,25,0.8557,0.9754,False
Turkish,坎卦-dynamic,ɛ,-0.151,20,0.8706,0.9754,False
Turkish,坎卦-static,v,-0.145,4,0.8458,0.9754,False
Turkish,離卦-static,e,0.136,18,0.8458,0.9754,False
Turkish,艮卦-static,ʊ,-0.133,7,0.8507,0.9754,False
Turkish,離卦-dynamic,l,0.129,22,0.8458,0.9754,False
Turkish,震卦-static,ʊ,0.117,27,0.8259,0.9754,False
Turkish,乾卦-dynamic,n,0.117,51,0.8408,0.9754,False
Turkish,震卦-static,b,-0.106,31,0.8756,0.9754,False
Turkish,離卦-dynamic,n,-0.104,40,0.8507,0.9754,False
Turkish,中卦-static,f,-0.087,9,0.8507,0.9754,False
Turkish,中卦-static,u,-0.086,12,0.8557,0.9754,False
Turkish,震卦-static,e,0.085,39,0.8657,0.9754,False
Turkish,坤卦-static,ʃ,-0.146,4,0.8806,0.9778,False
Turkish,震卦-static,m,0.09,64,0.8856,0.9801,False
Turkish,坎卦-dynamic,f,0.165,3,0.8905,0.9825,False
Turkish,艮卦-dynamic,v,-0.084,10,0.8905,0.9825,False
Turkish,坎卦-static,e,-0.109,9,0.9055,0.9869,False
Turkish,坎卦-dynamic,y,-0.108,3,0.9055,0.9869,False
Turkish,坎卦-static,o,0.102,5,0.9104,0.9869,False
Turkish,艮卦-static,u,-0.089,3,0.9055,0.9869,False
Turkish,坎卦-static,z,0.075,8,0.9055,0.9869,False
Turkish,艮卦-dynamic,ɛ,-0.065,41,0.9005,0.9869,False
Turkish,離卦-dynamic,h,-0.063,8,0.9104,0.9869,False
Turkish,乾卦-static,a,0.105,35,0.9254,0.989,False
Turkish,艮卦-static,b,0.092,11,0.9254,0.989,False
Turkish,坎卦-dynamic,o,0.081,6,0.9204,0.989,False
Turkish,艮卦-static,a,-0.076,48,0.9254,0.989,False
Turkish,艮卦-dynamic,ɟ,-0.075,8,0.9204,0.989,False
Turkish,震卦-dynamic,e,-0.062,21,0.9254,0.989,False
Turkish,乾卦-dynamic,d͡ʒ,0.059,9,0.9204,0.989,False
Turkish,震卦-static,u,0.056,11,0.9154,0.989,False
Turkish,離卦-static,ɾ,0.104,11,0.9353,0.9903,False
Turkish,坎卦-static,k,-0.092,33,0.9353,0.9903,False
Turkish,坎卦-static,d,0.052,8,0.9353,0.9903,False
Turkish,震卦-static,ɾ,0.044,24,0.9303,0.9903,False
Turkish,艮卦-dynamic,ɔ,-0.036,11,0.9353,0.9903,False
Turkish,巽卦-static,k,0.14,14,0.9403,0.9921,False
Turkish,巽卦-static,b,0.137,4,0.9502,0.9921,False
Turkish,兌卦-static,s,0.08,6,0.9502,0.9921,False
Turkish,坎卦-static,s,0.062,12,0.9552,0.9921,False
Turkish,離卦-dynamic,ɟ,-0.054,9,0.9602,0.9921,False
Turkish,乾卦-dynamic,i,-0.05,17,0.9552,0.9921,False
Turkish,乾卦-dynamic,t,0.046,47,0.9502,0.9921,False
Turkish,乾卦-dynamic,ʊ,-0.029,21,0.9502,0.9921,False
Turkish,中卦-static,o,0.028,21,0.9602,0.9921,False
Turkish,中卦-static,ɫ,-0.025,42,0.9552,0.9921,False
Turkish,震卦-static,n,-0.024,57,0.9552,0.9921,False
Turkish,中卦-static,t͡ʃ,0.023,24,0.9552,0.9921,False
Turkish,坎卦-dynamic,z,-0.085,9,0.9701,0.9949,False
Turkish,坎卦-dynamic,i,0.042,7,0.9701,0.9949,False
Turkish,艮卦-dynamic,s,-0.034,28,0.9701,0.9949,False
Turkish,坎卦-static,b,-0.03,9,0.9652,0.9949,False
Turkish,乾卦-dynamic,r,-0.029,48,0.9701,0.9949,False
Turkish,震卦-dynamic,j,-0.039,24,0.9751,0.9955,False
Turkish,坎卦-static,œ,0.03,4,0.9751,0.9955,False
Turkish,兌卦-dynamic,u,-0.013,14,0.9851,0.9982,False
Turkish,乾卦-static,d,-0.013,6,0.9851,0.9982,False
Turkish,坎卦-dynamic,h,0.032,4,0.995,0.9994,False
Turkish,震卦-dynamic,t͡ʃ,0.01,12,0.995,0.9994,False
Turkish,艮卦-dynamic,e,0.008,24,0.99,0.9994,False
Turkish,坎卦-dynamic,ɪ,0.008,19,0.995,0.9994,False
Turkish,乾卦-dynamic,u,0.003,9,0.995,0.9994,False
Turkish,坎卦-dynamic,e,-0.007,12,1.0,1.0,False
Turkish,離卦-static,b,-0.002,15,1.0,1.0,False
Turkish,震卦-static,o,-0.001,17,1.0,1.0,False
Vietnamese,中卦-dynamic,v,3.901,5,0.01,0.5373,False
Vietnamese,震卦-static,ə͡ɪ,3.847,50,0.005,0.5373,False
Vietnamese,兌卦-static,a͡ɪ,3.785,4,0.005,0.5373,False
Vietnamese,震卦-static,i͡ə,3.718,14,0.005,0.5373,False
Vietnamese,巽卦-static,j,3.117,15,0.01,0.5373,False
Vietnamese,巽卦-dynamic,b,2.985,8,0.01,0.5373,False
Vietnamese,離卦-dynamic,t,2.779,38,0.005,0.5373,False
Vietnamese,坎卦-static,e,2.569,20,0.01,0.5373,False
Vietnamese,坎卦-dynamic,ɣ,2.353,4,0.01,0.5373,False
Vietnamese,離卦-dynamic,p,2.346,17,0.005,0.5373,False
Vietnamese,震卦-static,k,2.12,107,0.005,0.5373,False
Vietnamese,震卦-dynamic,t̪,-1.909,12,0.01,0.5373,False
Vietnamese,震卦-static,ɗ,1.497,52,0.01,0.5373,False
Vietnamese,巽卦-dynamic,t̪,3.056,12,0.0149,0.5495,False
Vietnamese,乾卦-static,l,2.663,13,0.0149,0.5495,False
Vietnamese,震卦-dynamic,u͡ə,2.237,21,0.0149,0.5495,False
Vietnamese,兌卦-dynamic,y͡ə,2.062,16,0.0149,0.5495,False
Vietnamese,乾卦-dynamic,i͡ɛ,1.8,28,0.0149,0.5495,False
Vietnamese,艮卦-dynamic,ɗ,1.708,35,0.0149,0.5495,False
Vietnamese,中卦-static,o,1.293,66,0.0149,0.5495,False
Vietnamese,兌卦-dynamic,t͡ʃ,1.846,32,0.0199,0.5757,False
Vietnamese,離卦-dynamic,i͡ɛ,1.562,25,0.0199,0.5757,False
Vietnamese,震卦-static,m,-1.425,15,0.0199,0.5757,False
Vietnamese,震卦-static,i,-1.299,15,0.0199,0.5757,False
Vietnamese,震卦-static,ɔ,-1.173,17,0.0199,0.5757,False
Vietnamese,離卦-static,ɔ,1.827,39,0.0249,0.6297,False
Vietnamese,坤卦-dynamic,c,-1.23,7,0.0249,0.6297,False
Vietnamese,坤卦-dynamic,n,1.177,109,0.0249,0.6297,False
Vietnamese,中卦-static,ɲ,1.17,54,0.0249,0.6297,False
Vietnamese,巽卦-static,x,2.925,3,0.0299,0.6535,False
Vietnamese,離卦-dynamic,y,1.771,15,0.0299,0.6535,False
Vietnamese,兌卦-dynamic,n,1.63,39,0.0299,0.6535,False
Vietnamese,震卦-static,ɣ,1.262,15,0.0299,0.6535,False
Vietnamese,坎卦-dynamic,w,2.107,22,0.0348,0.688,False
Vietnamese,中卦-static,s,1.05,50,0.0348,0.688,False
Vietnamese,兌卦-static,ɔ,2.388,12,0.0398,0.7164,False
Vietnamese,坤卦-dynamic,u,-1.243,11,0.0398,0.7164,False
Vietnamese,震卦-static,ŋ,1.173,99,0.0398,0.7164,False
Vietnamese,坤卦-dynamic,o,1.158,58,0.0398,0.7164,False
Vietnamese,坎卦-dynamic,t͡ʃ,2.129,19,0.0448,0.7402,False
Vietnamese,震卦-dynamic,n,-1.383,23,0.0448,0.7402,False
Vietnamese,震卦-static,ɜ,-1.103,85,0.0448,0.7402,False
Vietnamese,乾卦-static,n,2.243,20,0.0498,0.7463,False
Vietnamese,兌卦-static,h,2.187,8,0.0498,0.7463,False
Vietnamese,艮卦-dynamic,u͡ə,1.149,17,0.0498,0.7463,False
Vietnamese,艮卦-dynamic,s,-1.09,10,0.0498,0.7463,False
Vietnamese,中卦-dynamic,f,3.591,3,0.0597,0.7484,False
Vietnamese,中卦-dynamic,ə,3.518,6,0.0597,0.7484,False
Vietnamese,巽卦-static,a,2.396,24,0.0547,0.7484,False
Vietnamese,巽卦-static,s,2.3,6,0.0647,0.7484,False
Vietnamese,巽卦-static,z,2.217,8,0.0547,0.7484,False
Vietnamese,兌卦-static,e,2.183,11,0.0547,0.7484,False
Vietnamese,兌卦-static,i,2.09,12,0.0647,0.7484,False
Vietnamese,坤卦-static,ŋ,1.887,18,0.0647,0.7484,False
Vietnamese,兌卦-dynamic,ɛ,1.477,9,0.0547,0.7484,False
Vietnamese,乾卦-dynamic,y͡ə,1.369,20,0.0547,0.7484,False
Vietnamese,震卦-dynamic,w,1.315,49,0.0597,0.7484,False
Vietnamese,離卦-static,h,1.29,23,0.0597,0.7484,False
Vietnamese,乾卦-dynamic,y,1.25,13,0.0647,0.7484,False
Vietnamese,震卦-static,n,-1.034,52,0.0647,0.7484,False
Vietnamese,中卦-static,y͡ə,0.991,38,0.0597,0.7484,False
Vietnamese,離卦-static,k,1.298,44,0.0697,0.7836,False
Vietnamese,震卦-dynamic,ɔ,-1.16,9,0.0697,0.7836,False
Vietnamese,坤卦-dynamic,p,-1.024,3,0.0746,0.8169,False
Vietnamese,巽卦-dynamic,m,2.557,11,0.0846,0.8355,False
Vietnamese,乾卦-dynamic,e,-1.186,4,0.0796,0.8355,False
Vietnamese,離卦-static,t͡ʃ,1.149,37,0.0846,0.8355,False
Vietnamese,震卦-static,x,0.95,14,0.0796,0.8355,False
Vietnamese,震卦-static,ɛ,-0.924,9,0.0846,0.8355,False
Vietnamese,中卦-static,x,0.912,16,0.0846,0.8355,False
Vietnamese,震卦-static,b,-0.843,14,0.0846,0.8355,False
Vietnamese,巽卦-static,u͡ə,2.138,4,0.0896,0.8414,False
Vietnamese,坎卦-static,ɜ,-1.749,15,0.0896,0.8414,False
Vietnamese,坤卦-dynamic,a͡ɪ,1.39,13,0.0945,0.8414,False
Vietnamese,艮卦-static,z,-1.319,3,0.0945,0.8414,False
Vietnamese,乾卦-dynamic,o,1.26,30,0.0945,0.8414,False
Vietnamese,震卦-dynamic,h,1.109,22,0.0945,0.8414,False
Vietnamese,離卦-dynamic,ɔ,-1.047,10,0.0945,0.8414,False
Vietnamese,震卦-dynamic,i,-1.013,11,0.0945,0.8414,False
Vietnamese,兌卦-static,ɲ,1.942,8,0.0995,0.8574,False
Vietnamese,兌卦-static,y,1.752,4,0.0995,0.8574,False
Vietnamese,震卦-static,i͡ɛ,-0.936,11,0.0995,0.8574,False
Vietnamese,震卦-dynamic,ɗ,1.153,24,0.1045,0.8635,False
Vietnamese,離卦-static,ɛ,-1.094,4,0.1045,0.8635,False
Vietnamese,離卦-dynamic,z,-1.015,7,0.1045,0.8635,False
Vietnamese,坤卦-dynamic,t̪,-0.851,51,0.1045,0.8635,False
Vietnamese,坤卦-static,p,1.61,4,0.1144,0.8827,False
Vietnamese,震卦-static,y͡ə,0.947,32,0.1144,0.8827,False
Vietnamese,艮卦-dynamic,y͡ə,0.932,20,0.1144,0.8827,False
Vietnamese,震卦-static,t̪,-0.884,47,0.1095,0.8827,False
Vietnamese,中卦-static,u,0.815,42,0.1144,0.8827,False
Vietnamese,中卦-static,ɛ,-0.742,12,0.1095,0.8827,False
Vietnamese,坤卦-dynamic,h,-0.99,12,0.1194,0.8955,False
Vietnamese,坤卦-dynamic,x,0.835,14,0.1194,0.8955,False
Vietnamese,震卦-dynamic,ɛ,1.062,12,0.1294,0.9439,False
Vietnamese,艮卦-dynamic,n,0.954,61,0.1294,0.9439,False
Vietnamese,兌卦-dynamic,ŋ,-1.21,11,0.1343,0.9629,False
Vietnamese,離卦-dynamic,o,-1.082,9,0.1343,0.9629,False
Vietnamese,乾卦-static,ɜ,-1.635,11,0.1393,0.9812,False
Vietnamese,離卦-dynamic,s,-1.116,8,0.1393,0.9812,False
Vietnamese,中卦-dynamic,i,2.249,3,0.4876,0.9956,False
Vietnamese,巽卦-dynamic,c,2.002,5,0.1692,0.9956,False
Vietnamese,巽卦-dynamic,ɜ,1.936,15,0.194,0.9956,False
Vietnamese,乾卦-static,o,1.693,10,0.1592,0.9956,False
Vietnamese,巽卦-dynamic,u,1.65,4,0.2637,0.9956,False
Vietnamese,坎卦-static,ɲ,1.603,12,0.1841,0.9956,False
Vietnamese,坤卦-static,m,1.556,15,0.1741,0.9956,False
Vietnamese,坎卦-static,ɛ,1.549,6,0.1741,0.9956,False
Vietnamese,兌卦-static,ɜ,-1.528,10,0.199,0.9956,False
Vietnamese,兌卦-static,ŋ,1.522,15,0.209,0.9956,False
Vietnamese,坎卦-dynamic,y,1.475,5,0.1841,0.9956,False
Vietnamese,兌卦-static,a,-1.436,6,0.209,0.9956,False
Vietnamese,兌卦-static,l,1.429,8,0.2786,0.9956,False
Vietnamese,兌卦-static,t,1.428,7,0.2537,0.9956,False
Vietnamese,坎卦-static,f,1.427,10,0.1692,0.9956,False
Vietnamese,坎卦-dynamic,ŋ,-1.397,5,0.1642,0.9956,False
Vietnamese,坤卦-static,k,1.308,13,0.199,0.9956,False
Vietnamese,巽卦-dynamic,ə,1.271,9,0.3881,0.9956,False
Vietnamese,坎卦-static,t͡ʃ,1.245,17,0.2587,0.9956,False
Vietnamese,兌卦-static,z,1.212,8,0.3632,0.9956,False
Vietnamese,巽卦-dynamic,z,1.209,5,0.4677,0.9956,False
Vietnamese,坎卦-dynamic,k,-1.206,4,0.2338,0.9956,False
Vietnamese,坤卦-static,ɜ,1.194,23,0.2637,0.9956,False
Vietnamese,兌卦-static,k,-1.181,3,0.3383,0.9956,False
Vietnamese,坎卦-static,k,-1.171,5,0.204,0.9956,False
Vietnamese,巽卦-dynamic,a,-1.146,5,0.4129,0.9956,False
Vietnamese,坎卦-static,u,1.11,9,0.3383,0.9956,False
Vietnamese,乾卦-static,j,-1.107,3,0.408,0.9956,False
Vietnamese,坎卦-static,ŋ,1.1,22,0.2687,0.9956,False
Vietnamese,兌卦-static,n,-1.087,7,0.3532,0.9956,False
Vietnamese,兌卦-static,p,1.086,3,0.403,0.9956,False
Vietnamese,離卦-static,t,-1.078,4,0.1493,0.9956,False
Vietnamese,坤卦-static,i,-1.071,3,0.2239,0.9956,False
Vietnamese,艮卦-static,w,1.025,34,0.1891,0.9956,False
Vietnamese,坎卦-dynamic,p,1.014,4,0.2786,0.9956,False
Vietnamese,離卦-static,z,-1.014,7,0.1891,0.9956,False
Vietnamese,兌卦-static,j,-1.013,3,0.393,0.9956,False
Vietnamese,乾卦-static,u͡ə,1.001,4,0.3582,0.9956,False
Vietnamese,兌卦-static,w,-0.993,4,0.3881,0.9956,False
Vietnamese,坤卦-static,ɔ,0.991,9,0.3532,0.9956,False
Vietnamese,中卦-dynamic,t̪,0.974,3,0.7612,0.9956,False
Vietnamese,兌卦-dynamic,h,-0.97,4,0.209,0.9956,False
Vietnamese,坎卦-static,i,-0.969,5,0.4129,0.9956,False
Vietnamese,坤卦-static,z,0.957,8,0.3433,0.9956,False
Vietnamese,離卦-static,ɲ,0.949,22,0.1841,0.9956,False
Vietnamese,震卦-dynamic,k,0.945,40,0.1841,0.9956,False
Vietnamese,兌卦-dynamic,u,-0.914,5,0.2338,0.9956,False
Vietnamese,兌卦-dynamic,ɜ,0.914,50,0.204,0.9956,False
Vietnamese,乾卦-dynamic,w,0.896,44,0.2189,0.9956,False
Vietnamese,坎卦-static,ə,-0.888,7,0.4328,0.9956,False
Vietnamese,兌卦-static,ɛ,0.887,3,0.4279,0.9956,False
Vietnamese,乾卦-static,t̪,0.884,14,0.4478,0.9956,False
Vietnamese,艮卦-static,ɔ,-0.883,9,0.3035,0.9956,False
Vietnamese,艮卦-dynamic,i,-0.883,15,0.1791,0.9956,False
Vietnamese,艮卦-static,a,0.881,63,0.2985,0.9956,False
Vietnamese,坎卦-static,l,-0.877,3,0.4428,0.9956,False
Vietnamese,震卦-dynamic,j,0.869,41,0.1891,0.9956,False
Vietnamese,坎卦-dynamic,o,-0.863,4,0.3383,0.9956,False
Vietnamese,乾卦-static,ɔ,0.85,9,0.4925,0.9956,False
Vietnamese,坎卦-static,c,0.849,9,0.4527,0.9956,False
Vietnamese,巽卦-static,b,0.849,5,0.5373,0.9956,False
Vietnamese,震卦-dynamic,a,0.846,82,0.2189,0.9956,False
Vietnamese,乾卦-static,i͡ɛ,0.846,6,0.4726,0.9956,False
Vietnamese,震卦-dynamic,s,0.844,21,0.194,0.9956,False
Vietnamese,離卦-static,i,0.837,31,0.2438,0.9956,False
Vietnamese,離卦-static,n,-0.833,29,0.194,0.9956,False
Vietnamese,乾卦-static,z,0.833,8,0.5075,0.9956,False
Vietnamese,坤卦-static,ə,-0.822,5,0.403,0.9956,False
Vietnamese,中卦-static,ɜ,0.822,165,0.1443,0.9956,False
Vietnamese,乾卦-static,i,-0.817,4,0.5274,0.9956,False
Vietnamese,坎卦-static,z,-0.815,4,0.398,0.9956,False
Vietnamese,離卦-dynamic,ŋ,-0.815,22,0.2637,0.9956,False
Vietnamese,震卦-dynamic,t,0.813,21,0.194,0.9956,False
Vietnamese,離卦-static,y͡ə,-0.813,5,0.2537,0.9956,False
Vietnamese,艮卦-static,m,0.81,31,0.3483,0.9956,False
Vietnamese,兌卦-dynamic,k,-0.796,11,0.2338,0.9956,False
Vietnamese,坎卦-dynamic,ɛ,0.795,4,0.3831,0.9956,False
Vietnamese,艮卦-dynamic,u,-0.794,10,0.194,0.9956,False
Vietnamese,震卦-dynamic,i͡ɛ,-0.776,7,0.209,0.9956,False
Vietnamese,乾卦-dynamic,n,-0.775,31,0.3134,0.9956,False
Vietnamese,艮卦-dynamic,m,-0.774,21,0.194,0.9956,False
Vietnamese,艮卦-static,n,-0.768,23,0.3284,0.9956,False
Vietnamese,坎卦-dynamic,n,-0.765,11,0.4378,0.9956,False
Vietnamese,離卦-static,i͡ɛ,-0.761,7,0.2935,0.9956,False
Vietnamese,乾卦-dynamic,s,0.761,21,0.2488,0.9956,False
Vietnamese,坤卦-dynamic,ɣ,0.759,13,0.2139,0.9956,False
Vietnamese,艮卦-static,ə,-0.757,14,0.3881,0.9956,False
Vietnamese,坎卦-dynamic,h,0.755,7,0.4129,0.9956,False
Vietnamese,離卦-static,l,-0.755,8,0.3184,0.9956,False
Vietnamese,坤卦-static,a,0.748,23,0.4726,0.9956,False
Vietnamese,震卦-static,s,0.745,39,0.194,0.9956,False
Vietnamese,坤卦-dynamic,ɛ,-0.739,11,0.1791,0.9956,False
Vietnamese,震卦-dynamic,ɲ,-0.731,9,0.2786,0.9956,False
Vietnamese,坎卦-static,ɗ,-0.728,3,0.5124,0.9956,False
Vietnamese,中卦-static,c,0.726,44,0.1891,0.9956,False
Vietnamese,離卦-static,o,-0.724,12,0.3085,0.9956,False
Vietnamese,巽卦-dynamic,i,0.722,5,0.6418,0.9956,False
Vietnamese,中卦-static,l,-0.72,19,0.1642,0.9956,False
Vietnamese,震卦-static,w,0.714,77,0.1692,0.9956,False
Vietnamese,艮卦-static,k,0.711,28,0.3483,0.9956,False
Vietnamese,乾卦-dynamic,ə,-0.697,20,0.2388,0.9956,False
Vietnamese,坎卦-static,m,0.693,17,0.4776,0.9956,False
Vietnamese,艮卦-dynamic,j,0.69,46,0.2488,0.9956,False
Vietnamese,震卦-dynamic,m,0.688,39,0.2587,0.9956,False
Vietnamese,坎卦-dynamic,ɜ,0.683,26,0.4876,0.9956,False
Vietnamese,乾卦-dynamic,j,-0.683,17,0.403,0.9956,False
Vietnamese,乾卦-static,t,0.675,6,0.5721,0.9956,False
Vietnamese,巽卦-static,ɜ,-0.672,10,0.6219,0.9956,False
Vietnamese,震卦-static,p,-0.669,6,0.2587,0.9956,False
Vietnamese,中卦-dynamic,n,0.664,3,0.8109,0.9956,False
Vietnamese,乾卦-static,a,-0.663,13,0.5672,0.9956,False
Vietnamese,坤卦-dynamic,k,0.66,74,0.2139,0.9956,False
Vietnamese,離卦-static,ɜ,0.655,70,0.3383,0.9956,False
Vietnamese,乾卦-dynamic,ɗ,0.655,20,0.3632,0.9956,False
Vietnamese,離卦-static,x,0.653,6,0.3383,0.9956,False
Vietnamese,乾卦-dynamic,b,0.653,24,0.3881,0.9956,False
Vietnamese,震卦-static,o,0.652,46,0.1692,0.9956,False
Vietnamese,坎卦-static,ɔ,0.65,12,0.5323,0.9956,False
Vietnamese,離卦-static,s,-0.65,11,0.2985,0.9956,False
Vietnamese,坤卦-dynamic,z,0.649,50,0.2289,0.9956,False
Vietnamese,離卦-dynamic,m,-0.648,19,0.3085,0.9956,False
Vietnamese,中卦-static,ɣ,-0.647,5,0.1741,0.9956,False
Vietnamese,艮卦-static,h,0.644,14,0.4328,0.9956,False
Vietnamese,兌卦-dynamic,ɣ,0.643,4,0.3731,0.9956,False
Vietnamese,乾卦-dynamic,t,0.643,20,0.3284,0.9956,False
Vietnamese,離卦-static,t̪,-0.642,27,0.3433,0.9956,False
Vietnamese,離卦-dynamic,e,0.642,24,0.393,0.9956,False
Vietnamese,坎卦-dynamic,z,-0.639,4,0.5224,0.9956,False
Vietnamese,巽卦-static,i,-0.627,3,0.6169,0.9956,False
Vietnamese,震卦-dynamic,t͡ʃ,-0.625,11,0.2786,0.9956,False
Vietnamese,兌卦-static,s,-0.624,3,0.6169,0.9956,False
Vietnamese,艮卦-static,ɲ,0.618,15,0.4328,0.9956,False
Vietnamese,坤卦-static,ɛ,0.616,3,0.5721,0.9956,False
Vietnamese,艮卦-static,o,0.615,18,0.4279,0.9956,False
Vietnamese,坎卦-static,w,-0.615,9,0.5124,0.9956,False
Vietnamese,乾卦-static,ə,0.615,13,0.5821,0.9956,False
Vietnamese,乾卦-dynamic,ɔ,-0.614,15,0.3731,0.9956,False
Vietnamese,震卦-dynamic,l,0.612,22,0.3532,0.9956,False
Vietnamese,乾卦-dynamic,ɛ,-0.612,6,0.3085,0.9956,False
Vietnamese,坤卦-static,f,0.608,4,0.5373,0.9956,False
Vietnamese,坎卦-static,n,-0.607,14,0.5323,0.9956,False
Vietnamese,巽卦-static,ŋ,-0.604,5,0.6318,0.9956,False
Vietnamese,離卦-dynamic,u͡ə,-0.596,3,0.3881,0.9956,False
Vietnamese,坤卦-dynamic,j,0.593,75,0.2736,0.9956,False
Vietnamese,兌卦-dynamic,ɲ,0.593,13,0.4129,0.9956,False
Vietnamese,離卦-static,ɗ,-0.592,8,0.3433,0.9956,False
Vietnamese,兌卦-static,b,0.592,6,0.6368,0.9956,False
Vietnamese,兌卦-dynamic,p,0.587,6,0.4428,0.9956,False
Vietnamese,艮卦-static,y͡ə,-0.586,5,0.4826,0.9956,False
Vietnamese,坎卦-dynamic,s,0.583,7,0.5622,0.9956,False
Vietnamese,巽卦-dynamic,j,-0.581,3,0.6567,0.9956,False
Vietnamese,坤卦-static,ɲ,-0.56,3,0.602,0.9956,False
Vietnamese,震卦-dynamic,c,-0.558,9,0.4229,0.9956,False
Vietnamese,艮卦-dynamic,c,0.557,22,0.3035,0.9956,False
Vietnamese,乾卦-static,u,-0.551,3,0.6368,0.9956,False
Vietnamese,艮卦-static,s,-0.55,9,0.5224,0.9956,False
Vietnamese,巽卦-static,n,0.549,9,0.6567,0.9956,False
Vietnamese,兌卦-dynamic,v,-0.543,3,0.4229,0.9956,False
Vietnamese,震卦-static,t,-0.542,17,0.2985,0.9956,False
Vietnamese,乾卦-dynamic,i,0.541,29,0.3881,0.9956,False
Vietnamese,坎卦-static,y͡ə,-0.538,3,0.5473,0.9956,False
Vietnamese,艮卦-static,c,-0.533,7,0.5373,0.9956,False
Vietnamese,坎卦-static,o,0.533,10,0.607,0.9956,False
Vietnamese,艮卦-static,ŋ,0.526,32,0.4577,0.9956,False
Vietnamese,兌卦-dynamic,l,-0.52,7,0.4677,0.9956,False
Vietnamese,坤卦-dynamic,y,-0.519,8,0.3184,0.9956,False
Vietnamese,中卦-static,ŋ,0.519,94,0.2637,0.9956,False
Vietnamese,兌卦-dynamic,a,-0.517,31,0.4478,0.9956,False
Vietnamese,巽卦-static,k,-0.512,4,0.6517,0.9956,False
Vietnamese,艮卦-dynamic,ɜ,0.504,83,0.4677,0.9956,False
Vietnamese,艮卦-static,t,-0.503,7,0.5572,0.9956,False
Vietnamese,坎卦-static,i͡ɛ,-0.497,4,0.6418,0.9956,False
Vietnamese,坎卦-dynamic,b,-0.497,4,0.6965,0.9956,False
Vietnamese,坤卦-dynamic,f,-0.496,3,0.3284,0.9956,False
Vietnamese,艮卦-static,p,-0.495,3,0.5622,0.9956,False
Vietnamese,艮卦-dynamic,ə,-0.486,28,0.4527,0.9956,False
Vietnamese,震卦-static,a,0.481,139,0.3234,0.9956,False
Vietnamese,乾卦-static,t͡ʃ,-0.481,4,0.7015,0.9956,False
Vietnamese,坤卦-static,u,-0.477,3,0.6169,0.9956,False
Vietnamese,艮卦-dynamic,ŋ,-0.473,33,0.3781,0.9956,False
Vietnamese,震卦-dynamic,ɜ,-0.471,54,0.4677,0.9956,False
Vietnamese,離卦-static,w,0.471,36,0.4826,0.9956,False
Vietnamese,乾卦-dynamic,v,-0.463,6,0.4876,0.9956,False
Vietnamese,坎卦-dynamic,m,-0.462,8,0.6667,0.9956,False
Vietnamese,兌卦-dynamic,j,0.461,23,0.5572,0.9956,False
Vietnamese,坤卦-dynamic,u͡ə,-0.46,8,0.3831,0.9956,False
Vietnamese,坤卦-dynamic,w,-0.46,47,0.3035,0.9956,False
Vietnamese,中卦-static,e,-0.457,27,0.3582,0.9956,False
Vietnamese,離卦-dynamic,l,-0.456,11,0.4776,0.9956,False
Vietnamese,艮卦-static,t̪,0.45,31,0.5572,0.9956,False
Vietnamese,巽卦-static,t̪,0.446,8,0.7413,0.9956,False
Vietnamese,坎卦-static,t̪,-0.444,13,0.6866,0.9956,False
Vietnamese,乾卦-dynamic,ŋ,0.444,42,0.4876,0.9956,False
Vietnamese,中卦-static,w,-0.441,52,0.3035,0.9956,False
Vietnamese,艮卦-static,b,0.438,16,0.592,0.9956,False
Vietnamese,離卦-dynamic,c,0.437,17,0.4726,0.9956,False
Vietnamese,離卦-dynamic,t̪,0.436,40,0.5423,0.9956,False
Vietnamese,離卦-static,u͡ə,-0.435,4,0.5174,0.9956,False
Vietnamese,乾卦-dynamic,k,-0.434,22,0.5373,0.9956,False
Vietnamese,艮卦-dynamic,ɔ,-0.42,20,0.4677,0.9956,False
Vietnamese,離卦-static,ə,-0.42,24,0.5274,0.9956,False
Vietnamese,中卦-static,n,-0.417,77,0.4776,0.9956,False
Vietnamese,坤卦-dynamic,y͡ə,0.416,27,0.4129,0.9956,False
Vietnamese,震卦-static,e,-0.416,24,0.3582,0.9956,False
Vietnamese,乾卦-static,y͡ə,0.413,4,0.7363,0.9956,False
Vietnamese,巽卦-dynamic,s,0.411,3,0.8308,0.9956,False
Vietnamese,兌卦-static,t̪,-0.411,8,0.7313,0.9956,False
Vietnamese,坎卦-dynamic,t̪,-0.41,11,0.6915,0.9956,False
Vietnamese,艮卦-dynamic,l,0.407,24,0.4776,0.9956,False
Vietnamese,艮卦-dynamic,a,0.406,85,0.5274,0.9956,False
Vietnamese,兌卦-dynamic,ə,0.406,26,0.5423,0.9956,False
Vietnamese,坎卦-static,b,0.403,9,0.7363,0.9956,False
Vietnamese,乾卦-dynamic,h,0.401,17,0.5771,0.9956,False
Vietnamese,乾卦-static,ɗ,-0.4,3,0.7214,0.9956,False
Vietnamese,坎卦-dynamic,ə,-0.398,9,0.6816,0.9956,False
Vietnamese,兌卦-dynamic,z,-0.398,9,0.602,0.9956,False
Vietnamese,坤卦-static,c,-0.394,3,0.6965,0.9956,False
Vietnamese,乾卦-static,m,-0.393,7,0.6816,0.9956,False
Vietnamese,乾卦-dynamic,ɜ,0.393,69,0.5622,0.9956,False
Vietnamese,乾卦-static,h,0.389,5,0.7562,0.9956,False
Vietnamese,震卦-dynamic,ə,-0.387,25,0.5522,0.9956,False
Vietnamese,坤卦-dynamic,e,0.385,44,0.4726,0.9956,False
Vietnamese,中卦-static,ɔ,-0.382,38,0.3483,0.9956,False
Vietnamese,中卦-static,i͡ɛ,0.38,36,0.4279,0.9956,False
Vietnamese,艮卦-dynamic,k,0.379,39,0.4726,0.9956,False
Vietnamese,震卦-dynamic,u,-0.379,11,0.5423,0.9956,False
Vietnamese,兌卦-dynamic,i,-0.379,12,0.6318,0.9956,False
Vietnamese,震卦-static,j,-0.376,41,0.4826,0.9956,False
Vietnamese,離卦-dynamic,i,0.376,26,0.6517,0.9956,False
Vietnamese,坤卦-dynamic,v,-0.374,15,0.4129,0.9956,False
Vietnamese,震卦-static,l,-0.374,23,0.4776,0.9956,False
Vietnamese,艮卦-dynamic,v,-0.366,9,0.5622,0.9956,False
Vietnamese,坎卦-dynamic,j,0.365,12,0.6866,0.9956,False
Vietnamese,離卦-dynamic,w,-0.364,24,0.5771,0.9956,False
Vietnamese,坤卦-dynamic,i͡ɛ,-0.361,21,0.4975,0.9956,False
Vietnamese,巽卦-static,ə,-0.36,5,0.8308,0.9956,False
Vietnamese,乾卦-static,e,-0.358,4,0.7313,0.9956,False
Vietnamese,中卦-static,h,-0.357,24,0.4179,0.9956,False
Vietnamese,離卦-static,f,-0.354,3,0.5672,0.9956,False
Vietnamese,乾卦-static,ŋ,0.35,12,0.7264,0.9956,False
Vietnamese,坤卦-static,i͡ɛ,-0.349,3,0.7413,0.9956,False
Vietnamese,坤卦-dynamic,ɲ,0.348,36,0.4229,0.9956,False
Vietnamese,艮卦-dynamic,e,-0.348,16,0.5075,0.9956,False
Vietnamese,坤卦-static,t̪,-0.346,9,0.7562,0.9956,False
Vietnamese,坤卦-dynamic,a,0.342,141,0.5373,0.9956,False
Vietnamese,艮卦-static,i͡ɛ,0.342,12,0.6716,0.9956,False
Vietnamese,坎卦-dynamic,a,0.341,25,0.6965,0.9956,False
Vietnamese,震卦-static,u,0.336,30,0.5025,0.9956,False
Vietnamese,中卦-static,k,-0.332,51,0.5025,0.9956,False
Vietnamese,中卦-static,v,-0.331,18,0.4726,0.9956,False
Vietnamese,艮卦-dynamic,f,-0.33,4,0.5721,0.9956,False
Vietnamese,離卦-static,ŋ,-0.33,29,0.6219,0.9956,False
Vietnamese,兌卦-dynamic,ɗ,-0.33,7,0.6368,0.9956,False
Vietnamese,艮卦-static,ɗ,-0.329,8,0.6617,0.9956,False
Vietnamese,中卦-static,z,-0.324,32,0.4627,0.9956,False
Vietnamese,坤卦-dynamic,t,0.323,34,0.592,0.9956,False
Vietnamese,巽卦-dynamic,ɔ,0.321,4,0.8109,0.9956,False
Vietnamese,兌卦-static,v,0.321,5,0.8209,0.9956,False
Vietnamese,坤卦-static,e,0.316,6,0.7413,0.9956,False
Vietnamese,兌卦-dynamic,t,0.315,11,0.7164,0.9956,False
Vietnamese,乾卦-static,k,-0.313,7,0.8209,0.9956,False
Vietnamese,乾卦-dynamic,u͡ə,0.306,9,0.6418,0.9956,False
Vietnamese,坤卦-dynamic,l,-0.305,26,0.5423,0.9956,False
Vietnamese,坎卦-dynamic,e,-0.304,5,0.801,0.9956,False
Vietnamese,坎卦-dynamic,t,-0.301,4,0.7861,0.9956,False
Vietnamese,震卦-dynamic,y,-0.298,5,0.6667,0.9956,False
Vietnamese,震卦-dynamic,ɣ,0.297,5,0.6866,0.9956,False
Vietnamese,震卦-dynamic,ŋ,-0.296,30,0.597,0.9956,False
Vietnamese,坎卦-static,v,0.289,8,0.801,0.9956,False
Vietnamese,離卦-dynamic,ɛ,0.285,9,0.6667,0.9956,False
Vietnamese,震卦-dynamic,o,-0.282,16,0.5871,0.9956,False
Vietnamese,坤卦-dynamic,ŋ,-0.276,62,0.6269,0.9956,False
Vietnamese,艮卦-dynamic,p,-0.275,6,0.6468,0.9956,False
Vietnamese,艮卦-static,f,-0.274,3,0.7463,0.9956,False
Vietnamese,中卦-static,b,-0.274,30,0.6169,0.9956,False
Vietnamese,震卦-static,y,0.273,15,0.6169,0.9956,False
Vietnamese,乾卦-dynamic,u,-0.273,12,0.7015,0.9956,False
Vietnamese,乾卦-dynamic,ɲ,-0.271,13,0.7065,0.9956,False
Vietnamese,震卦-dynamic,p,-0.27,5,0.6667,0.9956,False
Vietnamese,坤卦-static,o,0.269,6,0.791,0.9956,False
Vietnamese,坎卦-dynamic,i͡ɛ,-0.265,4,0.7861,0.9956,False
Vietnamese,離卦-dynamic,f,-0.264,4,0.6816,0.9956,False
Vietnamese,離卦-static,e,-0.263,14,0.7065,0.9956,False
Vietnamese,離卦-dynamic,ɗ,-0.258,11,0.6517,0.9956,False
Vietnamese,兌卦-dynamic,x,0.258,3,0.7164,0.9956,False
Vietnamese,震卦-static,z,0.257,39,0.6617,0.9956,False
Vietnamese,中卦-static,t̪,-0.256,72,0.6368,0.9956,False
Vietnamese,坎卦-static,s,-0.253,6,0.791,0.9956,False
Vietnamese,坤卦-static,s,-0.25,4,0.8358,0.9956,False
Vietnamese,艮卦-static,u,-0.249,9,0.7662,0.9956,False
Vietnamese,坎卦-static,t,-0.249,5,0.8209,0.9956,False
Vietnamese,離卦-static,j,-0.249,23,0.7164,0.9956,False
Vietnamese,乾卦-dynamic,a,-0.249,55,0.7512,0.9956,False
Vietnamese,乾卦-dynamic,m,-0.239,26,0.7264,0.9956,False
Vietnamese,震卦-dynamic,y͡ə,0.235,12,0.7363,0.9956,False
Vietnamese,中卦-static,t,-0.234,26,0.597,0.9956,False
Vietnamese,中卦-static,ɗ,0.234,35,0.592,0.9956,False
Vietnamese,乾卦-dynamic,c,0.234,16,0.7413,0.9956,False
Vietnamese,中卦-static,ə͡ɪ,-0.231,4,0.6119,0.9956,False
Vietnamese,艮卦-static,j,-0.23,18,0.7562,0.9956,False
Vietnamese,坎卦-dynamic,i,0.23,9,0.8109,0.9956,False
Vietnamese,離卦-dynamic,h,0.229,15,0.7363,0.9956,False
Vietnamese,坎卦-dynamic,u͡ə,0.227,3,0.8308,0.9956,False
Vietnamese,坤卦-dynamic,ə,-0.226,57,0.6517,0.9956,False
Vietnamese,艮卦-static,i,-0.226,15,0.7861,0.9956,False
Vietnamese,離卦-dynamic,v,0.221,17,0.7413,0.9956,False
Vietnamese,震卦-static,v,-0.219,19,0.6716,0.9956,False
Vietnamese,離卦-dynamic,k,-0.214,24,0.6965,0.9956,False
Vietnamese,兌卦-dynamic,e,0.21,13,0.7015,0.9956,False
Vietnamese,兌卦-dynamic,y,0.21,5,0.7662,0.9956,False
Vietnamese,乾卦-static,ɲ,-0.207,4,0.8358,0.9956,False
Vietnamese,坤卦-dynamic,b,0.206,38,0.6667,0.9956,False
Vietnamese,離卦-static,v,-0.204,10,0.7861,0.9956,False
Vietnamese,乾卦-dynamic,z,-0.201,16,0.791,0.9956,False
Vietnamese,坤卦-dynamic,ɔ,0.2,47,0.6816,0.9956,False
Vietnamese,離卦-dynamic,t͡ʃ,0.198,23,0.8358,0.9956,False
Vietnamese,震卦-static,c,-0.197,23,0.6517,0.9956,False
Vietnamese,離卦-static,a,0.196,64,0.8159,0.9956,False
Vietnamese,離卦-static,c,0.195,15,0.806,0.9956,False
Vietnamese,艮卦-dynamic,ɲ,-0.193,16,0.7363,0.9956,False
Vietnamese,中卦-static,p,-0.193,12,0.6716,0.9956,False
Vietnamese,離卦-static,u,-0.193,12,0.7811,0.9956,False
Vietnamese,離卦-dynamic,j,-0.186,24,0.801,0.9956,False
Vietnamese,艮卦-static,v,-0.183,8,0.806,0.9956,False
Vietnamese,離卦-static,p,0.182,7,0.801,0.9956,False
Vietnamese,離卦-dynamic,b,0.18,18,0.7711,0.9956,False
Vietnamese,艮卦-dynamic,t̪,-0.173,40,0.7463,0.9956,False
Vietnamese,震卦-static,u͡ə,-0.171,11,0.7363,0.9956,False
Vietnamese,艮卦-dynamic,ɛ,-0.17,9,0.7512,0.9956,False
Vietnamese,坤卦-dynamic,ɜ,-0.168,120,0.7463,0.9956,False
Vietnamese,坤卦-dynamic,m,-0.167,54,0.7264,0.9956,False
Vietnamese,兌卦-dynamic,ɔ,0.159,15,0.8358,0.9956,False
Vietnamese,震卦-static,ə,-0.149,56,0.7114,0.9956,False
Vietnamese,震卦-static,t͡ʃ,-0.142,35,0.7711,0.9956,False
Vietnamese,震卦-dynamic,ə͡ɪ,0.14,4,0.791,0.9956,False
Vietnamese,坤卦-dynamic,t͡ʃ,0.139,46,0.8209,0.9956,False
Vietnamese,乾卦-dynamic,t̪,0.139,38,0.8109,0.9956,False
Vietnamese,艮卦-dynamic,h,-0.133,15,0.8209,0.9956,False
Vietnamese,中卦-static,i,0.13,53,0.7612,0.9956,False
Vietnamese,離卦-static,y,0.13,7,0.806,0.9956,False
Vietnamese,中卦-static,a,-0.125,127,0.801,0.9956,False
Vietnamese,中卦-static,ə,-0.108,67,0.8308,0.9956,False
Vietnamese,坤卦-dynamic,s,0.102,33,0.796,0.9956,False
Vietnamese,兌卦-static,u,-0.324,3,0.8408,0.9958,False
Vietnamese,巽卦-static,m,-0.229,5,0.8458,0.9958,False
Vietnamese,坎卦-dynamic,ɔ,-0.158,7,0.8408,0.9958,False
Vietnamese,坎卦-dynamic,v,-0.153,4,0.8507,0.9958,False
Vietnamese,乾卦-dynamic,t͡ʃ,-0.125,19,0.8408,0.9958,False
Vietnamese,坤卦-dynamic,i,0.109,48,0.8507,0.9958,False
Vietnamese,中卦-static,f,-0.107,13,0.8507,0.9958,False
Vietnamese,坎卦-static,a,-0.187,24,0.8557,0.9988,False
Vietnamese,巽卦-dynamic,v,0.274,3,0.9204,1.0,False
Vietnamese,巽卦-dynamic,n,0.254,7,0.8806,1.0,False
Vietnamese,坤卦-static,n,0.177,12,0.8955,1.0,False
Vietnamese,兌卦-static,m,-0.159,7,0.9104,1.0,False
Vietnamese,乾卦-static,s,0.154,5,0.9453,1.0,False
Vietnamese,兌卦-dynamic,i͡ɛ,-0.137,8,0.8607,1.0,False
Vietnamese,坎卦-static,p,0.134,3,0.9055,1.0,False
Vietnamese,艮卦-static,l,-0.13,11,0.8905,1.0,False
Vietnamese,艮卦-static,ɜ,0.129,48,0.9055,1.0,False
Vietnamese,中卦-dynamic,ɜ,0.114,4,0.9801,1.0,False
Vietnamese,離卦-static,m,0.113,30,0.8856,1.0,False
Vietnamese,艮卦-static,e,0.111,14,0.8806,1.0,False
Vietnamese,離卦-dynamic,y͡ə,0.11,11,0.8706,1.0,False
Vietnamese,離卦-dynamic,x,-0.104,3,0.8706,1.0,False
Vietnamese,兌卦-static,t͡ʃ,-0.097,5,0.9303,1.0,False
Vietnamese,乾卦-dynamic,p,-0.09,6,0.9204,1.0,False
Vietnamese,兌卦-static,ə,-0.089,8,0.9502,1.0,False
Vietnamese,離卦-static,b,0.087,17,0.8856,1.0,False
Vietnamese,艮卦-dynamic,t͡ʃ,-0.086,23,0.9353,1.0,False
Vietnamese,艮卦-dynamic,i͡ɛ,-0.083,15,0.8905,1.0,False
Vietnamese,兌卦-dynamic,m,0.082,20,0.9254,1.0,False
Vietnamese,中卦-static,t͡ʃ,-0.078,43,0.8955,1.0,False
Vietnamese,兌卦-dynamic,w,-0.078,19,0.8905,1.0,False
Vietnamese,坎卦-dynamic,l,0.072,6,0.9652,1.0,False
Vietnamese,艮卦-dynamic,w,0.068,37,0.9005,1.0,False
Vietnamese,兌卦-dynamic,s,-0.064,10,0.9453,1.0,False
Vietnamese,震卦-dynamic,b,0.06,17,0.9652,1.0,False
Vietnamese,兌卦-dynamic,t̪,-0.06,23,0.9502,1.0,False
Vietnamese,巽卦-static,w,0.058,6,0.9403,1.0,False
Vietnamese,艮卦-dynamic,z,0.056,22,0.8955,1.0,False
Vietnamese,震卦-static,h,-0.056,25,0.9353,1.0,False
Vietnamese,艮卦-static,ɛ,-0.054,6,0.9602,1.0,False
Vietnamese,離卦-dynamic,ɲ,0.052,15,0.9254,1.0,False
Vietnamese,巽卦-static,l,-0.051,3,0.9751,1.0,False
Vietnamese,坎卦-dynamic,u,0.047,5,0.9652,1.0,False
Vietnamese,中卦-static,m,-0.047,63,0.9453,1.0,False
Vietnamese,艮卦-dynamic,t,0.044,17,0.9801,1.0,False
Vietnamese,中卦-static,y,-0.044,14,0.9403,1.0,False
Vietnamese,兌卦-dynamic,o,-0.044,12,0.9502,1.0,False
Vietnamese,艮卦-static,t͡ʃ,-0.043,15,0.9701,1.0,False
Vietnamese,坎卦-static,h,0.041,6,0.9602,1.0,False
Vietnamese,離卦-dynamic,u,-0.04,13,0.9552,1.0,False
Vietnamese,震卦-static,ɲ,0.039,29,0.9453,1.0,False
Vietnamese,艮卦-dynamic,y,0.033,8,0.9453,1.0,False
Vietnamese,震卦-dynamic,z,0.031,18,0.9701,1.0,False
Vietnamese,坎卦-dynamic,ɗ,0.028,5,0.9751,1.0,False
Vietnamese,中卦-static,j,0.026,62,0.9552,1.0,False
Vietnamese,艮卦-dynamic,b,0.023,20,0.9751,1.0,False
Vietnamese,離卦-dynamic,ɣ,-0.023,4,0.9801,1.0,False
Vietnamese,離卦-dynamic,n,0.022,39,0.9751,1.0,False
Vietnamese,離卦-dynamic,ə,-0.022,31,0.9701,1.0,False
Vietnamese,艮卦-static,y,0.021,5,0.9851,1.0,False
Vietnamese,震卦-static,f,-0.021,13,0.9602,1.0,False
Vietnamese,離卦-static,ɣ,-0.021,4,0.9701,1.0,False
Vietnamese,乾卦-dynamic,l,-0.021,16,0.9652,1.0,False
Vietnamese,坤卦-static,j,0.02,8,0.99,1.0,False
Vietnamese,坤卦-dynamic,ɗ,0.018,28,0.9751,1.0,False
Vietnamese,艮卦-dynamic,o,-0.018,22,0.9801,1.0,False
Vietnamese,坎卦-static,j,0.017,12,0.9851,1.0,False
Vietnamese,震卦-dynamic,e,-0.017,17,0.9851,1.0,False
Vietnamese,離卦-dynamic,ɜ,-0.016,60,0.9801,1.0,False
Vietnamese,兌卦-dynamic,c,-0.013,9,0.995,1.0,False
Vietnamese,坎卦-static,u͡ə,0.011,3,0.99,1.0,False
Vietnamese,乾卦-static,w,-0.005,9,1.0,1.0,False
Vietnamese,離卦-dynamic,a,-0.003,59,1.0,1.0,False
Welsh,兌卦-dynamic,ɔ͡ɪ,4.123,9,0.005,0.3134,False
Welsh,坎卦-dynamic,e͡ʊ,3.723,6,0.005,0.3134,False
Welsh,震卦-dynamic,ʃ,3.573,11,0.005,0.3134,False
Welsh,坤卦-static,ə͡ɨ,3.466,3,0.005,0.3134,False
Welsh,兌卦-dynamic,ø,2.604,69,0.005,0.3134,False
Welsh,震卦-dynamic,ə,2.516,11,0.005,0.3134,False
Welsh,離卦-static,k,2.218,45,0.005,0.3134,False
Welsh,離卦-dynamic,ŋ,2.126,10,0.005,0.3134,False
Welsh,震卦-static,ɑ͡ɨ,2.103,24,0.005,0.3134,False
Welsh,艮卦-dynamic,j,2.077,37,0.005,0.3134,False
Welsh,坤卦-dynamic,e,2.011,32,0.005,0.3134,False
Welsh,乾卦-dynamic,r,1.983,94,0.005,0.3134,False
Welsh,震卦-static,ɛ,1.762,89,0.005,0.3134,False
Welsh,震卦-static,θ,1.462,24,0.005,0.3134,False
Welsh,坎卦-dynamic,w,2.757,11,0.01,0.4179,False
Welsh,坤卦-dynamic,ɨ͡u,2.007,16,0.01,0.4179,False
Welsh,乾卦-dynamic,θ,1.842,16,0.01,0.4179,False
Welsh,艮卦-static,k,1.66,38,0.01,0.4179,False
Welsh,震卦-static,n,1.619,145,0.01,0.4179,False
Welsh,中卦-static,v,1.217,49,0.01,0.4179,False
Welsh,離卦-static,ɪ͡u,2.347,5,0.0149,0.5266,False
Welsh,坎卦-static,ʌ,2.337,15,0.0149,0.5266,False
Welsh,坤卦-dynamic,u,1.605,13,0.0149,0.5266,False
Welsh,艮卦-static,u͡ɨ,1.575,11,0.0149,0.5266,False
Welsh,中卦-dynamic,a,3.842,3,0.0199,0.5319,False
Welsh,乾卦-dynamic,ɑ͡ɨ,2.057,14,0.0199,0.5319,False
Welsh,兌卦-dynamic,a͡ɨ,1.673,7,0.0199,0.5319,False
Welsh,乾卦-dynamic,b,-1.559,3,0.0199,0.5319,False
Welsh,兌卦-dynamic,o,1.536,17,0.0199,0.5319,False
Welsh,艮卦-dynamic,ɔ,1.262,68,0.0199,0.5319,False
Welsh,中卦-static,d,1.068,90,0.0199,0.5319,False
Welsh,離卦-dynamic,ə͡ɪ,1.572,16,0.0249,0.593,False
Welsh,離卦-static,p,1.422,19,0.0249,0.593,False
Welsh,離卦-dynamic,θ,1.342,18,0.0249,0.593,False
Welsh,中卦-static,k,-0.884,28,0.0249,0.593,False
Welsh,兌卦-static,t,2.991,5,0.0398,0.6269,False
Welsh,巽卦-static,ʊ,2.637,7,0.0448,0.6269,False
Welsh,坤卦-static,ɔ͡ɨ,2.632,4,0.0299,0.6269,False
Welsh,乾卦-static,u,2.419,3,0.0299,0.6269,False
Welsh,乾卦-static,a͡ʊ,2.265,5,0.0448,0.6269,False
Welsh,乾卦-static,ɔ͡ɨ,2.233,3,0.0398,0.6269,False
Welsh,乾卦-static,ø,2.191,19,0.0348,0.6269,False
Welsh,坎卦-static,ð,1.831,9,0.0498,0.6269,False
Welsh,艮卦-static,a͡ɨ,1.79,5,0.0348,0.6269,False
Welsh,坤卦-static,ð,1.728,12,0.0448,0.6269,False
Welsh,坤卦-static,u͡ɨ,1.71,6,0.0348,0.6269,False
Welsh,乾卦-dynamic,ɪ͡u,1.608,5,0.0348,0.6269,False
Welsh,離卦-dynamic,ə,1.537,10,0.0448,0.6269,False
Welsh,震卦-dynamic,o,1.36,15,0.0348,0.6269,False
Welsh,震卦-dynamic,t,-1.329,12,0.0398,0.6269,False
Welsh,離卦-dynamic,t,-1.211,17,0.0299,0.6269,False
Welsh,兌卦-dynamic,e,1.198,14,0.0299,0.6269,False
Welsh,震卦-static,d,-1.153,38,0.0498,0.6269,False
Welsh,離卦-dynamic,ɔ,1.121,64,0.0448,0.6269,False
Welsh,艮卦-dynamic,n,-1.113,36,0.0448,0.6269,False
Welsh,震卦-static,m,1.078,46,0.0498,0.6269,False
Welsh,震卦-static,u͡ɨ,1.075,21,0.0448,0.6269,False
Welsh,坤卦-dynamic,a͡ʊ,1.059,18,0.0448,0.6269,False
Welsh,中卦-static,a͡ɪ,0.974,22,0.0498,0.6269,False
Welsh,中卦-static,ɛ,0.965,87,0.0498,0.6269,False
Welsh,坤卦-dynamic,ɬ,-0.963,11,0.0448,0.6269,False
Welsh,震卦-static,v,-0.911,19,0.0448,0.6269,False
Welsh,坤卦-dynamic,d,0.875,83,0.0498,0.6269,False
Welsh,中卦-static,e,0.839,22,0.0498,0.6269,False
Welsh,艮卦-static,o,1.372,11,0.0597,0.6501,False
Welsh,震卦-dynamic,m,1.297,30,0.0597,0.6501,False
Welsh,兌卦-dynamic,ɛ,-1.283,20,0.0547,0.6501,False
Welsh,艮卦-static,d,-1.272,16,0.0597,0.6501,False
Welsh,艮卦-static,ɨ,-1.225,10,0.0597,0.6501,False
Welsh,離卦-dynamic,s,-1.187,20,0.0597,0.6501,False
Welsh,離卦-dynamic,o,1.043,17,0.0547,0.6501,False
Welsh,坤卦-dynamic,r,0.982,145,0.0547,0.6501,False
Welsh,艮卦-static,ɬ,1.365,19,0.0647,0.6633,False
Welsh,兌卦-dynamic,c,1.178,5,0.0647,0.6633,False
Welsh,震卦-dynamic,ɔ,1.066,49,0.0647,0.6633,False
Welsh,艮卦-dynamic,ʌ,0.991,47,0.0697,0.7061,False
Welsh,坎卦-dynamic,ɔ,1.601,19,0.0746,0.7078,False
Welsh,坤卦-dynamic,o,-1.0,4,0.0746,0.7078,False
Welsh,坤卦-dynamic,ɪ͡u,0.944,7,0.0746,0.7078,False
Welsh,巽卦-static,b,2.178,5,0.0796,0.7238,False
Welsh,巽卦-dynamic,x,2.146,6,0.0796,0.7238,False
Welsh,巽卦-dynamic,j,2.036,6,0.0796,0.7238,False
Welsh,坎卦-static,x,1.792,7,0.0796,0.7238,False
Welsh,兌卦-static,ʊ,2.43,4,0.0846,0.7242,False
Welsh,巽卦-dynamic,ɨ,2.122,9,0.0846,0.7242,False
Welsh,巽卦-dynamic,ə͡ɪ,1.935,3,0.0846,0.7242,False
Welsh,乾卦-static,m,1.737,11,0.0846,0.7242,False
Welsh,艮卦-static,ɡ,1.123,33,0.0846,0.7242,False
Welsh,艮卦-dynamic,t,0.851,46,0.0846,0.7242,False
Welsh,巽卦-dynamic,ɡ,2.021,12,0.0995,0.7836,False
Welsh,離卦-static,ɛ,1.131,35,0.0995,0.7836,False
Welsh,艮卦-dynamic,ɨ͡u,1.046,7,0.0995,0.7836,False
Welsh,坤卦-dynamic,ɔ͡ɨ,0.94,10,0.0995,0.7836,False
Welsh,艮卦-dynamic,w,-0.904,5,0.0995,0.7836,False
Welsh,坤卦-dynamic,ɡ,0.805,77,0.0945,0.7836,False
Welsh,乾卦-static,x,1.733,8,0.1095,0.7859,False
Welsh,坎卦-dynamic,d,1.609,17,0.1144,0.7859,False
Welsh,坎卦-dynamic,a͡ɪ,1.605,5,0.1095,0.7859,False
Welsh,乾卦-static,d,-1.596,6,0.1045,0.7859,False
Welsh,坤卦-static,d,-1.368,8,0.1194,0.7859,False
Welsh,坤卦-static,ɛ,1.367,19,0.1144,0.7859,False
Welsh,坎卦-dynamic,t,-1.303,4,0.1144,0.7859,False
Welsh,離卦-static,ʌ,-1.153,6,0.1095,0.7859,False
Welsh,離卦-static,ɨ,-1.103,11,0.1194,0.7859,False
Welsh,離卦-dynamic,e,-0.991,3,0.1144,0.7859,False
Welsh,艮卦-dynamic,o,0.87,16,0.1194,0.7859,False
Welsh,中卦-static,ø,-0.716,29,0.1095,0.7859,False
Welsh,坤卦-dynamic,v,0.698,41,0.1144,0.7859,False
Welsh,中卦-static,b,0.652,43,0.1194,0.7859,False
Welsh,坎卦-dynamic,ə͡ɪ,1.524,4,0.1244,0.7892,False
Welsh,離卦-static,ə͡ɪ,1.167,8,0.1244,0.7892,False
Welsh,兌卦-dynamic,ʌ,0.806,36,0.1244,0.7892,False
Welsh,中卦-static,x,-0.692,8,0.1244,0.7892,False
Welsh,中卦-static,ɨ,0.684,58,0.1244,0.7892,False
Welsh,兌卦-static,l,2.459,6,0.1343,0.7899,False
Welsh,坎卦-dynamic,ɑ͡ɨ,1.611,4,0.1343,0.7899,False
Welsh,坎卦-dynamic,s,-1.594,3,0.1294,0.7899,False
Welsh,乾卦-static,s,1.543,19,0.1294,0.7899,False
Welsh,離卦-static,ð,-0.982,4,0.1294,0.7899,False
Welsh,離卦-dynamic,j,0.869,23,0.1343,0.7899,False
Welsh,震卦-static,k,0.777,64,0.1343,0.7899,False
Welsh,震卦-static,x,-0.748,6,0.1294,0.7899,False
Welsh,震卦-static,ə͡ɪ,-0.723,4,0.1343,0.7899,False
Welsh,中卦-static,m,0.6,46,0.1343,0.7899,False
Welsh,坎卦-static,b,1.407,8,0.1393,0.7927,False
Welsh,離卦-dynamic,ʊ,-0.852,3,0.1393,0.7927,False
Welsh,離卦-dynamic,ɬ,-0.832,9,0.1393,0.7927,False
Welsh,震卦-static,l,0.71,73,0.1393,0.7927,False
Welsh,兌卦-dynamic,l,-0.849,23,0.1443,0.7953,False
Welsh,艮卦-dynamic,ɬ,0.762,27,0.1443,0.7953,False
Welsh,艮卦-dynamic,d,0.823,57,0.1493,0.8076,False
Welsh,震卦-static,w,-0.704,9,0.1493,0.8076,False
Welsh,坤卦-dynamic,h,-0.667,8,0.1493,0.8076,False
Welsh,震卦-dynamic,v,0.857,23,0.1542,0.8146,False
Welsh,乾卦-dynamic,a͡ʊ,0.978,9,0.1592,0.8358,False
Welsh,巽卦-dynamic,l,1.835,13,0.1692,0.8392,False
Welsh,巽卦-dynamic,ʌ,1.805,10,0.1642,0.8392,False
Welsh,坎卦-static,θ,1.41,4,0.1741,0.8392,False
Welsh,坤卦-static,a͡ʊ,1.227,4,0.1741,0.8392,False
Welsh,坤卦-static,k,1.143,17,0.1741,0.8392,False
Welsh,艮卦-dynamic,ŋ,0.829,6,0.1642,0.8392,False
Welsh,乾卦-dynamic,v,0.802,22,0.1741,0.8392,False
Welsh,中卦-static,a͡ɨ,0.648,8,0.1741,0.8392,False
Welsh,震卦-static,b,-0.648,18,0.1692,0.8392,False
Welsh,乾卦-dynamic,ɡ,-0.864,20,0.1791,0.8493,False
Welsh,震卦-dynamic,ɨ,0.804,31,0.1791,0.8493,False
Welsh,兌卦-dynamic,ʊ,-0.817,3,0.194,0.8776,False
Welsh,兌卦-dynamic,t,-0.787,19,0.1891,0.8776,False
Welsh,離卦-dynamic,ð,0.738,28,0.194,0.8776,False
Welsh,艮卦-dynamic,e,-0.684,5,0.194,0.8776,False
Welsh,艮卦-dynamic,r,-0.672,60,0.1891,0.8776,False
Welsh,艮卦-dynamic,a,-0.663,37,0.194,0.8776,False
Welsh,坤卦-dynamic,f,-0.573,4,0.1891,0.8776,False
Welsh,坤卦-static,ɔ,-0.993,5,0.199,0.882,False
Welsh,離卦-static,u͡ɨ,-0.862,3,0.199,0.882,False
Welsh,震卦-static,ð,-0.587,15,0.199,0.882,False
Welsh,中卦-static,ʊ,-0.529,13,0.199,0.882,False
Welsh,兌卦-static,ð,2.117,3,0.204,0.8906,False
Welsh,巽卦-static,v,1.684,4,0.209,0.8942,False
Welsh,巽卦-dynamic,d,1.555,11,0.2139,0.8942,False
Welsh,巽卦-dynamic,n,-1.517,4,0.209,0.8942,False
Welsh,乾卦-static,ɔ,-1.035,4,0.209,0.8942,False
Welsh,離卦-static,ɔ,0.945,35,0.2139,0.8942,False
Welsh,艮卦-dynamic,x,-0.634,6,0.2139,0.8942,False
Welsh,坤卦-dynamic,ɨ,0.625,55,0.2139,0.8942,False
Welsh,震卦-static,ɡ,-0.607,39,0.209,0.8942,False
Welsh,艮卦-static,n,0.846,52,0.2189,0.9065,False
Welsh,乾卦-dynamic,ø,-0.755,14,0.2189,0.9065,False
Welsh,離卦-static,n,0.836,53,0.2289,0.9175,False
Welsh,艮卦-static,s,-0.787,16,0.2289,0.9175,False
Welsh,坤卦-dynamic,a͡ɪ,-0.57,3,0.2289,0.9175,False
Welsh,離卦-static,w,-0.883,3,0.2338,0.9207,False
Welsh,乾卦-dynamic,j,0.699,16,0.2338,0.9207,False
Welsh,中卦-static,n,-0.524,79,0.2338,0.9207,False
Welsh,坤卦-dynamic,n,0.486,118,0.2338,0.9207,False
Welsh,兌卦-dynamic,d,-0.588,31,0.2388,0.9238,False
Welsh,坤卦-dynamic,u͡ɨ,-0.566,10,0.2438,0.9308,False
Welsh,震卦-static,r,-0.54,80,0.2438,0.9308,False
Welsh,乾卦-static,ɛ,-1.042,7,0.2637,0.944,False
Welsh,坎卦-dynamic,x,0.996,6,0.2637,0.944,False
Welsh,震卦-dynamic,ə͡ɨ,0.868,3,0.2687,0.944,False
Welsh,乾卦-dynamic,w,-0.746,5,0.2687,0.944,False
Welsh,震卦-dynamic,a͡ʊ,0.714,8,0.2637,0.944,False
Welsh,震卦-dynamic,d,0.638,42,0.2537,0.944,False
Welsh,震卦-dynamic,a,-0.592,30,0.2687,0.944,False
Welsh,震卦-static,ɬ,-0.587,15,0.2488,0.944,False
Welsh,離卦-dynamic,ɡ,-0.572,31,0.2587,0.944,False
Welsh,兌卦-static,n,1.853,8,0.2985,0.958,False
Welsh,巽卦-static,ɡ,1.478,7,0.2985,0.958,False
Welsh,巽卦-dynamic,ɔ,1.217,11,0.3035,0.958,False
Welsh,坎卦-dynamic,r,1.094,26,0.2836,0.958,False
Welsh,坤卦-static,ʌ,-0.97,4,0.2786,0.958,False
Welsh,坤卦-static,ɑ,0.912,7,0.2886,0.958,False
Welsh,震卦-dynamic,p,0.643,19,0.3035,0.958,False
Welsh,艮卦-dynamic,u͡ɨ,0.632,14,0.3085,0.958,False
Welsh,艮卦-dynamic,ə͡ɪ,-0.576,4,0.2985,0.958,False
Welsh,震卦-static,ə͡ɨ,0.567,4,0.3085,0.958,False
Welsh,離卦-dynamic,l,-0.565,33,0.2935,0.958,False
Welsh,震卦-static,ʊ,-0.53,11,0.2836,0.958,False
Welsh,艮卦-dynamic,v,0.518,27,0.3085,0.958,False
Welsh,震卦-static,h,-0.491,12,0.2886,0.958,False
Welsh,坤卦-dynamic,s,-0.443,51,0.2935,0.958,False
Welsh,坤卦-dynamic,ʌ,-0.419,33,0.3085,0.958,False
Welsh,中卦-static,j,0.411,27,0.2935,0.958,False
Welsh,艮卦-static,p,-0.658,6,0.3184,0.9718,False
Welsh,離卦-dynamic,ɛ,-0.549,35,0.3184,0.9718,False
Welsh,震卦-static,j,-0.487,10,0.3184,0.9718,False
Welsh,離卦-static,ɑ,0.661,12,0.3234,0.9768,False
Welsh,巽卦-static,w,1.225,3,0.3433,0.9814,False
Welsh,坎卦-dynamic,ɛ,-1.05,7,0.3333,0.9814,False
Welsh,乾卦-static,u͡ɨ,0.972,4,0.3483,0.9814,False
Welsh,坎卦-static,m,0.756,7,0.3483,0.9814,False
Welsh,離卦-static,s,-0.647,18,0.3383,0.9814,False
Welsh,艮卦-static,e,-0.633,3,0.3383,0.9814,False
Welsh,離卦-static,v,-0.63,10,0.3433,0.9814,False
Welsh,離卦-static,a,0.599,41,0.3333,0.9814,False
Welsh,艮卦-dynamic,ʃ,0.589,4,0.3383,0.9814,False
Welsh,離卦-dynamic,h,0.492,31,0.3483,0.9814,False
Welsh,離卦-dynamic,ʌ,0.492,38,0.3383,0.9814,False
Welsh,坤卦-dynamic,ŋ,-0.401,3,0.3483,0.9814,False
Welsh,離卦-dynamic,m,-0.577,17,0.3532,0.9828,False
Welsh,乾卦-dynamic,x,-0.572,5,0.3532,0.9828,False
Welsh,離卦-dynamic,ø,0.523,43,0.3582,0.9904,False
Welsh,巽卦-static,m,1.112,4,0.3682,0.9955,False
Welsh,乾卦-dynamic,u͡ɨ,-0.613,5,0.3781,0.9955,False
Welsh,離卦-dynamic,w,0.535,20,0.3731,0.9955,False
Welsh,離卦-dynamic,ə͡ɨ,0.515,3,0.3781,0.9955,False
Welsh,兌卦-dynamic,b,-0.506,13,0.3632,0.9955,False
Welsh,震卦-dynamic,ð,-0.498,10,0.3632,0.9955,False
Welsh,震卦-static,a͡ʊ,-0.448,4,0.3731,0.9955,False
Welsh,坤卦-dynamic,k,-0.412,40,0.3731,0.9955,False
Welsh,中卦-static,ʌ,-0.35,36,0.3682,0.9955,False
Welsh,巽卦-dynamic,w,0.922,4,0.4726,1.0,False
Welsh,坎卦-static,a͡ɪ,0.882,3,0.4826,1.0,False
Welsh,坎卦-dynamic,ɬ,0.841,7,0.4478,1.0,False
Welsh,坎卦-static,w,0.824,5,0.393,1.0,False
Welsh,巽卦-dynamic,ø,0.788,8,0.5473,1.0,False
Welsh,坎卦-static,ɡ,-0.784,6,0.4129,1.0,False
Welsh,巽卦-static,ɛ,0.755,6,0.6119,1.0,False
Welsh,坎卦-static,ɛ,-0.735,7,0.5075,1.0,False
Welsh,坎卦-static,ɔ,-0.712,5,0.4577,1.0,False
Welsh,坤卦-static,p,-0.704,3,0.398,1.0,False
Welsh,巽卦-dynamic,a,-0.68,6,0.602,1.0,False
Welsh,坎卦-dynamic,l,-0.647,8,0.5174,1.0,False
Welsh,兌卦-static,r,-0.643,4,0.7065,1.0,False
Welsh,乾卦-static,l,-0.64,8,0.4577,1.0,False
Welsh,乾卦-static,r,0.625,23,0.5075,1.0,False
Welsh,乾卦-static,k,-0.611,6,0.5075,1.0,False
Welsh,艮卦-static,h,-0.598,4,0.3831,1.0,False
Welsh,坎卦-static,n,-0.582,11,0.5672,1.0,False
Welsh,震卦-dynamic,c,0.579,3,0.5323,1.0,False
Welsh,乾卦-static,b,0.578,7,0.5622,1.0,False
Welsh,乾卦-static,ð,-0.576,3,0.5572,1.0,False
Welsh,坎卦-dynamic,j,0.571,5,0.5672,1.0,False
Welsh,坎卦-static,ʊ,0.568,6,0.6617,1.0,False
Welsh,坎卦-dynamic,b,0.568,7,0.4975,1.0,False
Welsh,離卦-static,b,0.561,16,0.408,1.0,False
Welsh,離卦-static,ɬ,-0.56,7,0.4378,1.0,False
Welsh,離卦-static,u,0.555,3,0.4776,1.0,False
Welsh,離卦-static,d,-0.552,22,0.4129,1.0,False
Welsh,離卦-dynamic,a͡ɨ,0.551,5,0.393,1.0,False
Welsh,離卦-static,x,-0.547,4,0.4577,1.0,False
Welsh,艮卦-static,ð,-0.541,7,0.3881,1.0,False
Welsh,坤卦-static,v,0.533,8,0.4527,1.0,False
Welsh,離卦-static,f,0.53,9,0.408,1.0,False
Welsh,兌卦-dynamic,u͡ɨ,0.53,11,0.4179,1.0,False
Welsh,震卦-dynamic,b,-0.529,12,0.408,1.0,False
Welsh,艮卦-static,ɔ͡ɨ,0.525,3,0.4776,1.0,False
Welsh,巽卦-static,s,0.522,6,0.7612,1.0,False
Welsh,艮卦-static,ɛ,0.515,29,0.398,1.0,False
Welsh,兌卦-static,k,0.512,3,0.8458,1.0,False
Welsh,坤卦-static,t,-0.501,8,0.5274,1.0,False
Welsh,艮卦-static,b,-0.491,9,0.4378,1.0,False
Welsh,坎卦-dynamic,ø,-0.487,6,0.6418,1.0,False
Welsh,坎卦-static,a,-0.48,9,0.6119,1.0,False
Welsh,坎卦-static,v,-0.478,4,0.6567,1.0,False
Welsh,艮卦-static,ɑ͡ɨ,0.472,5,0.4826,1.0,False
Welsh,離卦-static,ɡ,-0.471,19,0.4776,1.0,False
Welsh,坤卦-static,r,0.469,26,0.5522,1.0,False
Welsh,艮卦-dynamic,f,-0.468,4,0.393,1.0,False
Welsh,乾卦-dynamic,d,0.462,39,0.408,1.0,False
Welsh,離卦-static,θ,-0.454,4,0.4776,1.0,False
Welsh,乾卦-dynamic,ɬ,-0.454,10,0.4229,1.0,False
Welsh,震卦-dynamic,ɛ,0.453,39,0.5224,1.0,False
Welsh,離卦-dynamic,ɨ,-0.451,26,0.4378,1.0,False
Welsh,兌卦-dynamic,ɬ,-0.45,11,0.4129,1.0,False
Welsh,兌卦-dynamic,ə͡ɪ,0.435,8,0.4826,1.0,False
Welsh,離卦-static,ʊ,-0.431,6,0.5075,1.0,False
Welsh,震卦-dynamic,n,0.43,62,0.5174,1.0,False
Welsh,艮卦-static,θ,-0.429,4,0.4726,1.0,False
Welsh,乾卦-dynamic,l,-0.427,27,0.4776,1.0,False
Welsh,兌卦-dynamic,j,0.426,15,0.4229,1.0,False
Welsh,離卦-dynamic,p,-0.425,13,0.4328,1.0,False
Welsh,乾卦-dynamic,ɛ,-0.421,28,0.4279,1.0,False
Welsh,離卦-static,t,0.42,23,0.5622,1.0,False
Welsh,離卦-static,l,0.418,30,0.5224,1.0,False
Welsh,離卦-static,m,-0.413,11,0.5522,1.0,False
Welsh,乾卦-dynamic,e,0.412,9,0.4627,1.0,False
Welsh,艮卦-static,ʌ,-0.41,13,0.5373,1.0,False
Welsh,中卦-static,ə,0.41,8,0.4428,1.0,False
Welsh,離卦-dynamic,a͡ɪ,0.41,10,0.5025,1.0,False
Welsh,乾卦-static,e,0.409,3,0.7264,1.0,False
Welsh,坤卦-static,a,-0.402,13,0.6368,1.0,False
Welsh,震卦-static,ɑ,-0.402,11,0.408,1.0,False
Welsh,乾卦-dynamic,k,-0.4,21,0.5373,1.0,False
Welsh,艮卦-dynamic,ʊ,0.398,25,0.4826,1.0,False
Welsh,坎卦-static,ɬ,-0.397,3,0.6915,1.0,False
Welsh,巽卦-static,l,-0.39,4,0.7562,1.0,False
Welsh,巽卦-dynamic,r,-0.389,11,0.7114,1.0,False
Welsh,艮卦-static,l,0.385,29,0.5522,1.0,False
Welsh,離卦-dynamic,k,-0.384,28,0.5423,1.0,False
Welsh,震卦-dynamic,ø,-0.382,20,0.4876,1.0,False
Welsh,坤卦-static,ɨ,-0.38,8,0.6269,1.0,False
Welsh,艮卦-static,e͡ʊ,0.38,3,0.5423,1.0,False
Welsh,艮卦-dynamic,ɛ,-0.38,38,0.4826,1.0,False
Welsh,艮卦-dynamic,h,-0.378,12,0.4677,1.0,False
Welsh,兌卦-dynamic,θ,0.378,10,0.5174,1.0,False
Welsh,乾卦-static,h,-0.378,3,0.6816,1.0,False
Welsh,兌卦-dynamic,n,-0.375,47,0.4925,1.0,False
Welsh,震卦-dynamic,k,-0.374,22,0.5224,1.0,False
Welsh,乾卦-dynamic,s,0.371,39,0.5572,1.0,False
Welsh,艮卦-static,w,-0.37,6,0.5473,1.0,False
Welsh,震卦-dynamic,ɑ,-0.369,7,0.5622,1.0,False
Welsh,兌卦-dynamic,a͡ʊ,-0.369,3,0.5622,1.0,False
Welsh,中卦-static,ə͡ɨ,0.367,4,0.4527,1.0,False
Welsh,兌卦-dynamic,a,-0.366,37,0.5423,1.0,False
Welsh,艮卦-static,i,-0.364,4,0.5323,1.0,False
Welsh,坤卦-dynamic,ð,0.359,34,0.408,1.0,False
Welsh,離卦-dynamic,d,0.357,50,0.5572,1.0,False
Welsh,坤卦-dynamic,p,-0.356,20,0.4179,1.0,False
Welsh,離卦-dynamic,i,0.355,15,0.4876,1.0,False
Welsh,艮卦-static,f,-0.354,3,0.5622,1.0,False
Welsh,兌卦-dynamic,ɡ,0.354,38,0.5721,1.0,False
Welsh,坤卦-dynamic,t,-0.352,42,0.4527,1.0,False
Welsh,坤卦-static,f,0.351,4,0.6965,1.0,False
Welsh,中卦-static,o,-0.35,11,0.4229,1.0,False
Welsh,乾卦-static,θ,0.35,3,0.7164,1.0,False
Welsh,震卦-static,t,-0.348,37,0.4527,1.0,False
Welsh,兌卦-dynamic,i,-0.347,6,0.4826,1.0,False
Welsh,震卦-dynamic,ɡ,-0.346,27,0.5522,1.0,False
Welsh,乾卦-dynamic,ɑ,-0.345,7,0.6219,1.0,False
Welsh,坎卦-dynamic,m,-0.344,5,0.7363,1.0,False
Welsh,巽卦-static,ɨ,-0.338,3,0.8308,1.0,False
Welsh,震卦-dynamic,ɑ͡ɨ,-0.336,3,0.5373,1.0,False
Welsh,乾卦-dynamic,a͡ɪ,-0.336,3,0.5622,1.0,False
Welsh,坎卦-dynamic,h,0.334,7,0.6965,1.0,False
Welsh,艮卦-dynamic,ɨ,0.333,35,0.5174,1.0,False
Welsh,中卦-static,r,-0.332,102,0.4478,1.0,False
Welsh,兌卦-dynamic,s,-0.33,31,0.5323,1.0,False
Welsh,坤卦-dynamic,ɔ,-0.329,46,0.4478,1.0,False
Welsh,艮卦-static,ɔ,-0.329,18,0.5771,1.0,False
Welsh,中卦-static,u,-0.326,3,0.4975,1.0,False
Welsh,坤卦-dynamic,m,-0.323,29,0.408,1.0,False
Welsh,巽卦-static,h,0.32,3,0.9055,1.0,False
Welsh,艮卦-dynamic,ɑ͡ɨ,-0.318,4,0.5373,1.0,False
Welsh,中卦-static,ɡ,-0.315,53,0.4627,1.0,False
Welsh,坤卦-static,s,0.311,15,0.7015,1.0,False
Welsh,坎卦-dynamic,ɨ,-0.311,7,0.8209,1.0,False
Welsh,震卦-static,ŋ,-0.311,3,0.5124,1.0,False
Welsh,離卦-dynamic,ʃ,0.309,3,0.6617,1.0,False
Welsh,坤卦-static,h,-0.308,4,0.7164,1.0,False
Welsh,坤卦-static,m,-0.307,6,0.6816,1.0,False
Welsh,乾卦-static,o,0.305,3,0.7761,1.0,False
Welsh,艮卦-dynamic,p,0.304,21,0.592,1.0,False
Welsh,坎卦-static,ɨ,-0.302,6,0.7711,1.0,False
Welsh,震卦-dynamic,j,0.302,13,0.6418,1.0,False
Welsh,坤卦-dynamic,ə͡ɪ,-0.301,8,0.5224,1.0,False
Welsh,坎卦-static,r,0.298,18,0.7662,1.0,False
Welsh,巽卦-static,ø,-0.298,3,0.8806,1.0,False
Welsh,震卦-static,ə,-0.297,3,0.5771,1.0,False
Welsh,乾卦-dynamic,ɨ,-0.297,21,0.6617,1.0,False
Welsh,坎卦-dynamic,ɡ,-0.295,9,0.7861,1.0,False
Welsh,坤卦-dynamic,x,-0.294,14,0.5274,1.0,False
Welsh,兌卦-dynamic,p,-0.29,12,0.5224,1.0,False
Welsh,艮卦-static,t,-0.28,17,0.6368,1.0,False
Welsh,坎卦-static,d,-0.279,9,0.7363,1.0,False
Welsh,震卦-static,a,-0.278,60,0.5871,1.0,False
Welsh,震卦-dynamic,l,-0.277,30,0.6716,1.0,False
Welsh,艮卦-dynamic,ø,-0.276,28,0.5771,1.0,False
Welsh,離卦-dynamic,n,0.274,75,0.5821,1.0,False
Welsh,震卦-static,f,0.273,16,0.5572,1.0,False
Welsh,震卦-dynamic,i,0.273,11,0.6816,1.0,False
Welsh,離卦-dynamic,ɪ͡u,0.273,3,0.6517,1.0,False
Welsh,艮卦-dynamic,s,0.269,50,0.6567,1.0,False
Welsh,乾卦-dynamic,ʊ,0.267,17,0.6318,1.0,False
Welsh,中卦-static,u͡ɨ,-0.266,13,0.4776,1.0,False
Welsh,坤卦-dynamic,j,-0.265,15,0.592,1.0,False
Welsh,艮卦-static,v,0.265,14,0.7264,1.0,False
Welsh,離卦-static,j,-0.265,6,0.7015,1.0,False
Welsh,震卦-static,e,0.264,14,0.5672,1.0,False
Welsh,坎卦-dynamic,ð,-0.26,4,0.801,1.0,False
Welsh,乾卦-dynamic,o,-0.26,6,0.7164,1.0,False
Welsh,艮卦-dynamic,ɪ͡u,0.259,3,0.7214,1.0,False
Welsh,離卦-dynamic,x,-0.258,10,0.6866,1.0,False
Welsh,乾卦-static,a,-0.258,12,0.7662,1.0,False
Welsh,艮卦-dynamic,ð,-0.255,16,0.6468,1.0,False
Welsh,中卦-static,ə͡ɪ,0.254,13,0.5821,1.0,False
Welsh,兌卦-dynamic,ɨ,0.251,28,0.6468,1.0,False
Welsh,巽卦-static,r,0.249,9,0.8209,1.0,False
Welsh,兌卦-dynamic,ɔ,0.249,37,0.6269,1.0,False
Welsh,中卦-static,ð,0.237,33,0.5124,1.0,False
Welsh,離卦-dynamic,a,-0.235,48,0.6468,1.0,False
Welsh,乾卦-dynamic,t,0.234,28,0.6667,1.0,False
Welsh,中卦-static,a͡ʊ,0.23,11,0.6368,1.0,False
Welsh,乾卦-dynamic,n,-0.23,46,0.7114,1.0,False
Welsh,坤卦-static,n,0.227,22,0.7512,1.0,False
Welsh,震卦-static,u,-0.227,3,0.6468,1.0,False
Welsh,坤卦-static,w,0.223,5,0.8209,1.0,False
Welsh,震卦-dynamic,w,0.215,13,0.7214,1.0,False
Welsh,艮卦-dynamic,ɡ,0.212,44,0.6866,1.0,False
Welsh,震卦-dynamic,r,-0.212,55,0.7264,1.0,False
Welsh,乾卦-static,ɡ,0.212,11,0.8408,1.0,False
Welsh,乾卦-static,p,0.211,5,0.8259,1.0,False
Welsh,坤卦-static,i,0.21,4,0.7811,1.0,False
Welsh,震卦-dynamic,s,-0.21,31,0.6269,1.0,False
Welsh,艮卦-static,x,-0.209,6,0.7413,1.0,False
Welsh,中卦-static,ŋ,0.207,6,0.6816,1.0,False
Welsh,離卦-static,r,0.207,47,0.7264,1.0,False
Welsh,巽卦-dynamic,s,0.206,8,0.8955,1.0,False
Welsh,坤卦-static,ɡ,-0.205,11,0.801,1.0,False
Welsh,兌卦-dynamic,ɑ,-0.204,9,0.7512,1.0,False
Welsh,乾卦-dynamic,ŋ,0.202,3,0.7761,1.0,False
Welsh,中卦-static,a,0.197,90,0.6368,1.0,False
Welsh,坤卦-dynamic,b,0.19,34,0.6617,1.0,False
Welsh,巽卦-static,t,0.19,4,0.8657,1.0,False
Welsh,震卦-static,ɨ,-0.187,37,0.6368,1.0,False
Welsh,艮卦-dynamic,m,0.182,26,0.7761,1.0,False
Welsh,離卦-dynamic,ɑ͡ɨ,0.181,7,0.7413,1.0,False
Welsh,坤卦-dynamic,ø,-0.179,43,0.6716,1.0,False
Welsh,中卦-static,l,0.179,71,0.6965,1.0,False
Welsh,艮卦-static,a͡ɪ,-0.175,3,0.7861,1.0,False
Welsh,坎卦-dynamic,a,0.175,15,0.8756,1.0,False
Welsh,巽卦-dynamic,t,0.173,6,0.9055,1.0,False
Welsh,震卦-static,o,0.173,14,0.7164,1.0,False
Welsh,坤卦-static,l,0.172,14,0.8259,1.0,False
Welsh,震卦-dynamic,a͡ɨ,0.171,3,0.796,1.0,False
Welsh,坤卦-static,ɬ,0.169,6,0.8109,1.0,False
Welsh,震卦-dynamic,ʌ,-0.167,21,0.7413,1.0,False
Welsh,中卦-static,h,-0.165,25,0.7363,1.0,False
Welsh,離卦-static,o,-0.164,5,0.8109,1.0,False
Welsh,艮卦-dynamic,i,0.16,13,0.7711,1.0,False
Welsh,坎卦-static,k,-0.16,7,0.8905,1.0,False
Welsh,乾卦-static,v,0.16,6,0.8308,1.0,False
Welsh,離卦-dynamic,b,0.159,23,0.7662,1.0,False
Welsh,中卦-static,ɔ͡ɨ,-0.153,4,0.7811,1.0,False
Welsh,震卦-static,i,-0.152,12,0.7761,1.0,False
Welsh,乾卦-static,t,-0.152,8,0.9055,1.0,False
Welsh,中卦-static,t,0.149,54,0.6965,1.0,False
Welsh,坎卦-dynamic,v,0.148,6,0.8756,1.0,False
Welsh,中卦-static,ɬ,0.148,30,0.7313,1.0,False
Welsh,坤卦-static,ø,-0.147,9,0.8806,1.0,False
Welsh,中卦-static,θ,0.147,16,0.7313,1.0,False
Welsh,離卦-dynamic,u͡ɨ,0.146,11,0.806,1.0,False
Welsh,兌卦-dynamic,m,0.145,21,0.7811,1.0,False
Welsh,中卦-static,s,-0.144,62,0.7662,1.0,False
Welsh,中卦-static,w,0.142,24,0.7562,1.0,False
Welsh,震卦-static,a͡ɪ,0.14,10,0.7612,1.0,False
Welsh,震卦-dynamic,ʊ,-0.139,12,0.796,1.0,False
Welsh,乾卦-static,ɬ,0.138,5,0.8557,1.0,False
Welsh,乾卦-static,n,0.137,18,0.8806,1.0,False
Welsh,坤卦-dynamic,ɛ,-0.134,60,0.7811,1.0,False
Welsh,坤卦-dynamic,w,0.133,23,0.7463,1.0,False
Welsh,巽卦-static,n,-0.129,7,0.9353,1.0,False
Welsh,坎卦-static,l,0.128,10,0.8905,1.0,False
Welsh,坎卦-dynamic,n,0.127,18,0.8905,1.0,False
Welsh,兌卦-dynamic,u,0.126,3,0.8308,1.0,False
Welsh,坎卦-static,s,-0.124,9,0.9154,1.0,False
Welsh,兌卦-dynamic,ð,0.123,17,0.801,1.0,False
Welsh,乾卦-static,ʌ,-0.123,7,0.8806,1.0,False
Welsh,坤卦-dynamic,θ,-0.122,13,0.801,1.0,False
Welsh,兌卦-static,ɛ,0.117,3,0.9353,1.0,False
Welsh,震卦-static,p,0.116,24,0.9005,1.0,False
Welsh,艮卦-dynamic,l,-0.115,42,0.8408,1.0,False
Welsh,震卦-static,ʃ,0.115,3,0.8209,1.0,False
Welsh,艮卦-dynamic,ɑ,-0.113,12,0.796,1.0,False
Welsh,乾卦-static,ɑ,-0.113,3,0.9154,1.0,False
Welsh,中卦-static,f,0.108,16,0.8756,1.0,False
Welsh,離卦-static,ø,-0.107,18,0.9005,1.0,False
Welsh,坎卦-static,t,-0.106,7,0.9055,1.0,False
Welsh,兌卦-dynamic,k,0.106,31,0.8607,1.0,False
Welsh,乾卦-dynamic,ə͡ɪ,-0.105,5,0.8657,1.0,False
Welsh,坤卦-static,b,-0.104,6,0.9005,1.0,False
Welsh,坎卦-dynamic,ʌ,0.104,8,0.9154,1.0,False
Welsh,乾卦-dynamic,f,0.104,8,0.8607,1.0,False
Welsh,坤卦-dynamic,a,0.1,83,0.8408,1.0,False
Welsh,震卦-dynamic,θ,0.092,8,0.8358,1.0,False
Welsh,震卦-static,ø,-0.09,40,0.8706,1.0,False
Welsh,震卦-dynamic,ə͡ɪ,0.09,6,0.9204,1.0,False
Welsh,乾卦-dynamic,ɔ,-0.09,28,0.8856,1.0,False
Welsh,乾卦-dynamic,p,0.089,14,0.8607,1.0,False
Welsh,艮卦-static,j,-0.088,7,0.9055,1.0,False
Welsh,艮卦-static,ʊ,0.088,11,0.8706,1.0,False
Welsh,震卦-static,s,-0.088,54,0.8308,1.0,False
Welsh,兌卦-dynamic,v,-0.088,18,0.8657,1.0,False
Welsh,艮卦-static,r,-0.079,42,0.8706,1.0,False
Welsh,震卦-dynamic,f,0.078,8,0.9154,1.0,False
Welsh,兌卦-dynamic,e͡ʊ,0.078,3,0.9104,1.0,False
Welsh,離卦-dynamic,ɑ,0.077,14,0.9303,1.0,False
Welsh,離卦-dynamic,v,0.076,23,0.9453,1.0,False
Welsh,坤卦-dynamic,ʊ,-0.075,24,0.8308,1.0,False
Welsh,艮卦-static,ɑ,-0.075,7,0.9204,1.0,False
Welsh,乾卦-dynamic,i,0.073,9,0.9154,1.0,False
Welsh,艮卦-dynamic,ɔ͡ɨ,-0.072,3,0.9204,1.0,False
Welsh,乾卦-static,i,0.071,3,0.9204,1.0,False
Welsh,艮卦-static,m,-0.069,13,0.9104,1.0,False
Welsh,坤卦-dynamic,ɑ,-0.068,18,0.8607,1.0,False
Welsh,兌卦-dynamic,h,0.067,18,0.9154,1.0,False
Welsh,震卦-static,ɔ,-0.065,48,0.9154,1.0,False
Welsh,乾卦-dynamic,a,-0.059,40,0.9303,1.0,False
Welsh,坤卦-dynamic,l,-0.057,62,0.8955,1.0,False
Welsh,離卦-dynamic,r,0.057,77,0.9055,1.0,False
Welsh,坤卦-static,x,0.055,4,0.9701,1.0,False
Welsh,坤卦-dynamic,i,0.055,17,0.9154,1.0,False
Welsh,震卦-dynamic,e,-0.047,7,0.9453,1.0,False
Welsh,艮卦-dynamic,b,0.044,22,0.9204,1.0,False
Welsh,震卦-dynamic,h,-0.044,15,0.9353,1.0,False
Welsh,中卦-static,i,-0.042,16,0.9055,1.0,False
Welsh,乾卦-dynamic,h,0.042,16,0.9204,1.0,False
Welsh,兌卦-dynamic,x,0.04,11,0.9552,1.0,False
Welsh,中卦-static,ɨ͡u,0.039,4,0.9254,1.0,False
Welsh,乾卦-dynamic,ð,-0.039,14,0.9353,1.0,False
Welsh,坎卦-static,ø,-0.038,7,0.9701,1.0,False
Welsh,艮卦-dynamic,k,-0.037,35,0.9502,1.0,False
Welsh,乾卦-dynamic,ʌ,0.036,23,0.9652,1.0,False
Welsh,中卦-static,p,0.034,27,0.9303,1.0,False
Welsh,震卦-dynamic,a͡ɪ,-0.034,5,0.9652,1.0,False
Welsh,艮卦-dynamic,θ,0.032,10,0.9353,1.0,False
Welsh,震卦-static,ɔ͡ɨ,-0.03,4,0.9701,1.0,False
Welsh,離卦-dynamic,f,-0.03,9,0.9602,1.0,False
Welsh,艮卦-static,ə͡ɪ,-0.029,4,0.9502,1.0,False
Welsh,震卦-static,ɪ͡u,0.029,3,0.9552,1.0,False
Welsh,中卦-static,ɔ,-0.024,58,0.9701,1.0,False
Welsh,兌卦-dynamic,f,0.024,8,0.9751,1.0,False
Welsh,艮卦-static,ø,0.02,19,0.9701,1.0,False
Welsh,巽卦-dynamic,ʊ,0.015,3,0.9851,1.0,False
Welsh,巽卦-static,d,0.014,5,0.9851,1.0,False
Welsh,乾卦-dynamic,m,0.012,18,0.9801,1.0,False
Welsh,中卦-static,ʃ,0.011,3,0.9801,1.0,False
Welsh,中卦-static,ɑ,0.01,20,0.9851,1.0,False
Welsh,巽卦-static,a,0.006,6,1.0,1.0,False
Welsh,兌卦-dynamic,r,0.006,63,0.9801,1.0,False
Welsh,兌卦-dynamic,ə,0.006,3,0.99,1.0,False
Welsh,艮卦-static,a,0.003,31,0.99,1.0,False
Welsh,震卦-static,ʌ,-0.003,38,0.9851,1.0,False
Welsh,兌卦-dynamic,w,0.003,12,1.0,1.0,False
