language,pole,phoneme,z,count,p_perm,q_fdr,significant
Arabic,BIG,w,2.926,15,0.005,0.2473,False
Arabic,FAST,ð,2.558,25,0.005,0.2473,False
Arabic,SHARP,q,2.535,48,0.005,0.2473,False
Arabic,SLOW,a,2.367,359,0.005,0.2473,False
Arabic,ROUND,t,2.174,213,0.005,0.2473,False
Arabic,FAST,h,1.998,22,0.005,0.2473,False
Arabic,SMOOTH,r,-1.994,62,0.005,0.2473,False
Arabic,ROUGH,θ,3.015,6,0.01,0.2886,False
Arabic,FAST,j,2.736,24,0.01,0.2886,False
Arabic,DARK,ʃ,2.34,43,0.01,0.2886,False
Arabic,ROUND,t̪,2.174,62,0.01,0.2886,False
Arabic,SMOOTH,s,-1.856,27,0.01,0.2886,False
Arabic,LOUD,ɣ,2.524,6,0.0199,0.4617,False
Arabic,QUIET,m,1.98,55,0.0199,0.4617,False
Arabic,SMOOTH,n,1.714,101,0.0199,0.4617,False
Arabic,SHARP,m,-1.794,23,0.0249,0.541,False
Arabic,LOUD,z,2.656,12,0.0299,0.5467,False
Arabic,SMALL,l,2.133,101,0.0299,0.5467,False
Arabic,SHARP,d,1.562,49,0.0299,0.5467,False
Arabic,SLOW,i,-1.95,45,0.0398,0.6296,False
Arabic,DARK,χ,1.577,26,0.0398,0.6296,False
Arabic,SMOOTH,d,1.391,89,0.0398,0.6296,False
Arabic,BIG,k,1.939,16,0.0448,0.6412,False
Arabic,FAST,r,1.608,103,0.0498,0.6412,False
Arabic,SMOOTH,ħ,1.337,57,0.0448,0.6412,False
Arabic,ROUND,d,-1.288,48,0.0498,0.6412,False
Arabic,SMOOTH,ʕ,1.282,63,0.0498,0.6412,False
Arabic,ROUGH,d͡ʒ,2.443,11,0.0647,0.662,False
Arabic,QUIET,u,1.935,48,0.0597,0.662,False
Arabic,DARK,ʕ,-1.71,20,0.0547,0.662,False
Arabic,FAST,f,-1.668,15,0.0647,0.662,False
Arabic,SMALL,r,-1.606,43,0.0597,0.662,False
Arabic,SHARP,χ,-1.6,5,0.0647,0.662,False
Arabic,SHARP,ʕ,1.55,35,0.0597,0.662,False
Arabic,SLOW,u,-1.75,24,0.0697,0.6733,False
Arabic,FAST,a,1.428,429,0.0697,0.6733,False
Arabic,FAST,u,-1.388,39,0.0746,0.6834,False
Arabic,SMOOTH,k,1.254,49,0.0746,0.6834,False
Arabic,SMOOTH,z,-1.059,7,0.0796,0.7103,False
Arabic,SMALL,n,1.329,56,0.0846,0.7358,False
Arabic,QUIET,ħ,-1.896,5,0.0995,0.787,False
Arabic,SLOW,ʔ,-1.504,36,0.0995,0.787,False
Arabic,SMALL,ʔ,-1.242,48,0.0945,0.787,False
Arabic,SMOOTH,a,1.004,627,0.0995,0.787,False
Arabic,BIG,s,-1.662,8,0.1045,0.7904,False
Arabic,SMALL,d,1.41,53,0.1045,0.7904,False
Arabic,SHARP,s̪,1.367,22,0.1095,0.8104,False
Arabic,SMOOTH,t̪,-1.019,10,0.1194,0.848,False
Arabic,ROUGH,b,2.097,19,0.1592,0.8657,False
Arabic,SLOW,χ,1.369,18,0.1393,0.8657,False
Arabic,SHARP,ʔ,-1.321,42,0.1294,0.8657,False
Arabic,DARK,ʔ,1.236,91,0.1294,0.8657,False
Arabic,FAST,b,-1.197,31,0.1592,0.8657,False
Arabic,DARK,u,1.191,89,0.1542,0.8657,False
Arabic,DARK,i,-1.162,85,0.1393,0.8657,False
Arabic,SMALL,b,-1.1,30,0.1592,0.8657,False
Arabic,SMALL,ʕ,-1.09,22,0.1642,0.8657,False
Arabic,FAST,χ,1.01,22,0.1542,0.8657,False
Arabic,SHARP,f,1.004,33,0.1642,0.8657,False
Arabic,SMOOTH,t,-0.934,82,0.1343,0.8657,False
Arabic,SMOOTH,l,0.933,136,0.1493,0.8657,False
Arabic,SMOOTH,ʔ,-0.891,89,0.1493,0.8657,False
Arabic,SMOOTH,u,-0.883,75,0.1542,0.8657,False
Arabic,ROUND,k,0.87,55,0.1493,0.8657,False
Arabic,ROUND,s,0.777,89,0.1642,0.8657,False
Arabic,FAST,t̪,1.126,23,0.1741,0.8782,False
Arabic,DARK,t̪,-1.095,6,0.1692,0.8782,False
Arabic,QUIET,ɣ,1.344,8,0.1841,0.8897,False
Arabic,SMALL,t,-1.099,46,0.1841,0.8897,False
Arabic,SMOOTH,χ,-0.797,17,0.1841,0.8897,False
Arabic,QUIET,h,1.487,9,0.194,0.9112,False
Arabic,SHARP,ħ,1.149,29,0.199,0.9112,False
Arabic,SHARP,l,-0.991,43,0.199,0.9112,False
Arabic,ROUND,l,0.738,168,0.199,0.9112,False
Arabic,SMALL,f,-1.064,19,0.209,0.9178,False
Arabic,SHARP,ʃ,1.059,24,0.204,0.9178,False
Arabic,FAST,t,-1.047,51,0.2189,0.9178,False
Arabic,ROUND,f,-0.865,45,0.209,0.9178,False
Arabic,ROUND,q,0.762,77,0.2189,0.9178,False
Arabic,FAST,d,-1.132,26,0.2239,0.9275,False
Arabic,ROUGH,ʔ,1.725,21,0.2438,0.9323,False
Arabic,QUIET,n,-1.338,15,0.2388,0.9323,False
Arabic,FAST,ʃ,-1.046,8,0.2338,0.9323,False
Arabic,ROUND,j,-0.713,5,0.2289,0.9323,False
Arabic,ROUND,s̪,-0.696,21,0.2438,0.9323,False
Arabic,BIG,ħ,1.295,15,0.2537,0.9378,False
Arabic,QUIET,ʕ,-1.204,11,0.2587,0.9378,False
Arabic,DARK,f,1.108,42,0.2587,0.9378,False
Arabic,SMALL,χ,0.973,20,0.2587,0.9378,False
Arabic,SHARP,d͡ʒ,0.935,27,0.2587,0.9378,False
Arabic,BIG,q,-1.39,6,0.2637,0.9399,False
Arabic,BRIGHT,ħ,-1.334,5,0.2786,0.9399,False
Arabic,QUIET,b,1.181,34,0.2786,0.9399,False
Arabic,FAST,s̪,0.889,23,0.2786,0.9399,False
Arabic,DARK,s̪,0.828,23,0.2836,0.9399,False
Arabic,FAST,s,0.814,45,0.2786,0.9399,False
Arabic,SMOOTH,ʃ,-0.75,17,0.2786,0.9399,False
Arabic,ROUND,χ,-0.707,23,0.2886,0.9473,False
Arabic,LOUD,i,1.637,41,0.3085,0.9514,False
Arabic,LOUD,l,-1.439,11,0.3433,0.9514,False
Arabic,LOUD,f,1.418,11,0.3881,0.9514,False
Arabic,ROUGH,d,-1.377,5,0.4179,0.9514,False
Arabic,ROUGH,s,1.345,11,0.4328,0.9514,False
Arabic,ROUGH,m,1.344,22,0.4428,0.9514,False
Arabic,ROUGH,f,-1.311,4,0.403,0.9514,False
Arabic,LOUD,n,-1.296,8,0.4428,0.9514,False
Arabic,ROUGH,n,-1.288,7,0.4378,0.9514,False
Arabic,LOUD,q,-1.262,4,0.393,0.9514,False
Arabic,BRIGHT,r,1.24,32,0.3333,0.9514,False
Arabic,LOUD,b,1.21,18,0.4726,0.9514,False
Arabic,LOUD,ʕ,1.19,10,0.4279,0.9514,False
Arabic,BIG,b,-1.162,13,0.3035,0.9514,False
Arabic,BRIGHT,s,1.133,16,0.4627,0.9514,False
Arabic,LOUD,t,1.094,22,0.4925,0.9514,False
Arabic,ROUGH,t,-1.077,11,0.5224,0.9514,False
Arabic,BIG,l,1.048,37,0.3582,0.9514,False
Arabic,ROUGH,i,1.039,32,0.592,0.9514,False
Arabic,SLOW,m,-1.033,34,0.2985,0.9514,False
Arabic,LOUD,s̪,1.019,6,0.5323,0.9514,False
Arabic,BIG,a,-0.988,120,0.4179,0.9514,False
Arabic,QUIET,l,-0.974,25,0.3881,0.9514,False
Arabic,SLOW,ħ,0.942,25,0.3383,0.9514,False
Arabic,FAST,i,-0.928,90,0.3085,0.9514,False
Arabic,BIG,t̪,-0.911,3,0.4826,0.9514,False
Arabic,LOUD,a,-0.908,74,0.5672,0.9514,False
Arabic,SHARP,n,0.874,46,0.3134,0.9514,False
Arabic,BIG,m,0.87,37,0.4826,0.9514,False
Arabic,DARK,n,0.86,57,0.3483,0.9514,False
Arabic,BRIGHT,ʃ,0.857,9,0.5025,0.9514,False
Arabic,BRIGHT,j,0.822,4,0.5721,0.9514,False
Arabic,SMALL,z,0.786,24,0.3582,0.9514,False
Arabic,QUIET,t̪,-0.765,4,0.4478,0.9514,False
Arabic,QUIET,f,0.764,18,0.4826,0.9514,False
Arabic,BIG,i,0.752,57,0.592,0.9514,False
Arabic,QUIET,a,-0.751,145,0.4925,0.9514,False
Arabic,QUIET,t,0.748,39,0.5025,0.9514,False
Arabic,LOUD,t̪,0.739,5,0.6517,0.9514,False
Arabic,SLOW,f,0.736,28,0.4378,0.9514,False
Arabic,LOUD,ħ,-0.729,5,0.6219,0.9514,False
Arabic,BRIGHT,ʔ,0.724,27,0.5473,0.9514,False
Arabic,SMALL,q,0.718,35,0.3632,0.9514,False
Arabic,SLOW,r,0.712,65,0.4378,0.9514,False
Arabic,ROUGH,a,-0.711,67,0.6816,0.9514,False
Arabic,SMALL,i,0.705,126,0.3483,0.9514,False
Arabic,BIG,ʕ,-0.695,11,0.5871,0.9514,False
Arabic,QUIET,s,-0.691,14,0.5423,0.9514,False
Arabic,BIG,u,0.69,32,0.592,0.9514,False
Arabic,BIG,ð,0.688,5,0.592,0.9514,False
Arabic,BIG,d,-0.683,13,0.5373,0.9514,False
Arabic,SLOW,k,0.677,19,0.5522,0.9514,False
Arabic,FAST,d͡ʒ,-0.676,14,0.4527,0.9514,False
Arabic,SLOW,w,-0.676,3,0.4627,0.9514,False
Arabic,SMALL,ð,0.663,11,0.4876,0.9514,False
Arabic,BRIGHT,s̪,0.651,7,0.6468,0.9514,False
Arabic,FAST,q,-0.636,23,0.4577,0.9514,False
Arabic,ROUND,b,-0.634,81,0.3284,0.9514,False
Arabic,BIG,z,0.63,10,0.5522,0.9514,False
Arabic,FAST,l,-0.628,59,0.4776,0.9514,False
Arabic,ROUND,i,-0.625,197,0.3582,0.9514,False
Arabic,QUIET,ʔ,0.623,38,0.5771,0.9514,False
Arabic,QUIET,q,-0.622,11,0.592,0.9514,False
Arabic,SLOW,s,0.62,32,0.4876,0.9514,False
Arabic,DARK,h,0.612,14,0.403,0.9514,False
Arabic,BIG,χ,-0.605,5,0.597,0.9514,False
Arabic,ROUND,u,0.605,152,0.3433,0.9514,False
Arabic,SMOOTH,d͡ʒ,-0.603,23,0.3333,0.9514,False
Arabic,ROUND,ʃ,-0.596,25,0.3433,0.9514,False
Arabic,ROUGH,l,-0.593,13,0.7512,0.9514,False
Arabic,SHARP,r,0.587,70,0.4428,0.9514,False
Arabic,ROUND,m,-0.583,112,0.3781,0.9514,False
Arabic,SLOW,t̪,0.583,14,0.5423,0.9514,False
Arabic,SLOW,t,-0.578,44,0.5771,0.9514,False
Arabic,SMALL,w,0.569,14,0.4677,0.9514,False
Arabic,SMOOTH,s̪,-0.557,18,0.4129,0.9514,False
Arabic,BRIGHT,i,0.553,44,0.6716,0.9514,False
Arabic,QUIET,r,-0.552,31,0.602,0.9514,False
Arabic,SMALL,d͡ʒ,0.548,26,0.5373,0.9514,False
Arabic,SMALL,ʃ,-0.543,12,0.5224,0.9514,False
Arabic,DARK,t,-0.543,61,0.5423,0.9514,False
Arabic,BRIGHT,t,0.539,26,0.6269,0.9514,False
Arabic,SMOOTH,i,0.539,205,0.3781,0.9514,False
Arabic,DARK,k,-0.533,13,0.4577,0.9514,False
Arabic,SLOW,z,-0.527,8,0.602,0.9514,False
Arabic,QUIET,χ,-0.527,6,0.6119,0.9514,False
Arabic,ROUGH,t̪,0.524,4,0.7015,0.9514,False
Arabic,SMOOTH,ð,0.517,17,0.408,0.9514,False
Arabic,DARK,ð,-0.511,4,0.5274,0.9514,False
Arabic,SHARP,s,-0.481,26,0.4876,0.9514,False
Arabic,SMOOTH,h,0.48,20,0.4328,0.9514,False
Arabic,FAST,ʕ,0.476,35,0.6119,0.9514,False
Arabic,BIG,ʔ,0.475,32,0.6866,0.9514,False
Arabic,ROUND,n,-0.473,82,0.4328,0.9514,False
Arabic,SMALL,θ,0.471,9,0.5771,0.9514,False
Arabic,SLOW,j,-0.469,3,0.6368,0.9514,False
Arabic,DARK,j,0.455,10,0.5075,0.9514,False
Arabic,BRIGHT,n,0.452,17,0.7711,0.9514,False
Arabic,SMOOTH,m,-0.442,92,0.4726,0.9514,False
Arabic,BRIGHT,a,-0.439,107,0.7662,0.9514,False
Arabic,DARK,s,0.438,42,0.5622,0.9514,False
Arabic,ROUGH,ʃ,0.438,5,0.791,0.9514,False
Arabic,FAST,ɣ,-0.436,6,0.607,0.9514,False
Arabic,QUIET,d͡ʒ,-0.434,8,0.7363,0.9514,False
Arabic,ROUND,ɣ,-0.433,12,0.4726,0.9514,False
Arabic,BIG,f,-0.421,11,0.7264,0.9514,False
Arabic,DARK,ħ,-0.421,23,0.6219,0.9514,False
Arabic,FAST,z,-0.421,12,0.6169,0.9514,False
Arabic,FAST,m,-0.417,60,0.597,0.9514,False
Arabic,LOUD,m,-0.415,15,0.7662,0.9514,False
Arabic,SMOOTH,w,-0.406,10,0.5721,0.9514,False
Arabic,SMALL,k,-0.398,13,0.607,0.9514,False
Arabic,DARK,a,-0.384,333,0.6219,0.9514,False
Arabic,SMALL,s,-0.381,30,0.6617,0.9514,False
Arabic,SHARP,i,-0.38,87,0.6368,0.9514,False
Arabic,SLOW,d͡ʒ,-0.38,13,0.7015,0.9514,False
Arabic,SMALL,ħ,-0.378,21,0.6318,0.9514,False
Arabic,BRIGHT,m,0.377,26,0.7761,0.9514,False
Arabic,SMALL,m,0.374,72,0.6418,0.9514,False
Arabic,QUIET,s̪,0.373,9,0.801,0.9514,False
Arabic,BRIGHT,χ,0.372,6,0.7811,0.9514,False
Arabic,ROUND,ʕ,-0.364,58,0.5373,0.9514,False
Arabic,SMOOTH,b,-0.364,70,0.5373,0.9514,False
Arabic,SHARP,t,0.363,62,0.6866,0.9514,False
Arabic,BIG,t,0.359,31,0.7562,0.9514,False
Arabic,DARK,z,-0.359,13,0.7015,0.9514,False
Arabic,ROUND,ð,-0.351,10,0.4975,0.9514,False
Arabic,QUIET,z,0.351,10,0.7612,0.9514,False
Arabic,SHARP,u,-0.349,48,0.7562,0.9514,False
Arabic,SMALL,ɣ,-0.348,6,0.7015,0.9514,False
Arabic,QUIET,d,-0.348,17,0.7612,0.9514,False
Arabic,BRIGHT,b,0.347,19,0.796,0.9514,False
Arabic,SHARP,ð,0.336,8,0.7114,0.9514,False
Arabic,SLOW,s̪,-0.326,10,0.7711,0.9514,False
Arabic,ROUND,w,0.324,26,0.6567,0.9514,False
Arabic,DARK,d,0.315,45,0.6617,0.9514,False
Arabic,DARK,r,-0.308,71,0.6716,0.9514,False
Arabic,FAST,n,-0.301,43,0.7363,0.9514,False
Arabic,SLOW,n,-0.301,32,0.6866,0.9514,False
Arabic,ROUND,z,-0.29,27,0.6667,0.9514,False
Arabic,SMALL,a,-0.277,305,0.7214,0.9514,False
Arabic,ROUND,d͡ʒ,0.27,50,0.6667,0.9514,False
Arabic,BRIGHT,q,-0.263,9,0.7711,0.9514,False
Arabic,DARK,m,-0.261,65,0.7711,0.9514,False
Arabic,DARK,l,0.259,77,0.7662,0.9514,False
Arabic,SLOW,l,-0.258,49,0.7662,0.9514,False
Arabic,SHARP,h,-0.256,7,0.7512,0.9514,False
Arabic,SHARP,j,0.251,7,0.7711,0.9514,False
Arabic,FAST,ħ,-0.238,24,0.7363,0.9514,False
Arabic,SHARP,a,-0.235,275,0.7861,0.9514,False
Arabic,SHARP,b,-0.233,39,0.796,0.9514,False
Arabic,DARK,θ,-0.233,5,0.7811,0.9514,False
Arabic,FAST,k,-0.224,16,0.7612,0.9514,False
Arabic,SMALL,h,-0.223,8,0.7811,0.9514,False
Arabic,SHARP,z,0.216,16,0.7861,0.9514,False
Arabic,FAST,θ,0.213,8,0.7761,0.9514,False
Arabic,SMALL,u,-0.211,56,0.791,0.9514,False
Arabic,SLOW,q,0.193,24,0.7861,0.9514,False
Arabic,QUIET,w,-0.189,4,0.791,0.9514,False
Arabic,SMOOTH,j,-0.183,9,0.7861,0.9514,False
Arabic,SMOOTH,θ,0.177,12,0.7463,0.9514,False
Arabic,ROUND,h,-0.171,18,0.7811,0.9514,False
Arabic,SMOOTH,q,-0.151,44,0.801,0.9514,False
Arabic,SLOW,ʃ,-0.239,12,0.806,0.954,False
Arabic,DARK,d͡ʒ,-0.199,20,0.8109,0.9566,False
Arabic,ROUND,θ,-0.144,11,0.8159,0.9593,False
Arabic,SLOW,ʕ,0.277,25,0.8259,0.967,False
Arabic,SMALL,t̪,-0.162,12,0.8308,0.967,False
Arabic,ROUND,a,-0.105,682,0.8308,0.967,False
Arabic,DARK,ɣ,0.187,10,0.8408,0.9753,False
Arabic,DARK,b,-0.202,49,0.8507,0.9803,False
Arabic,QUIET,ʃ,-0.168,8,0.8507,0.9803,False
Arabic,LOUD,d,0.314,11,0.8706,0.9811,False
Arabic,BRIGHT,f,0.266,11,0.9005,0.9811,False
Arabic,QUIET,k,0.253,10,0.8607,0.9811,False
Arabic,BRIGHT,u,0.241,23,0.8955,0.9811,False
Arabic,BIG,n,-0.233,18,0.9055,0.9811,False
Arabic,BRIGHT,l,-0.228,22,0.9055,0.9811,False
Arabic,BRIGHT,ʕ,0.221,11,0.8856,0.9811,False
Arabic,BIG,d͡ʒ,-0.211,8,0.8607,0.9811,False
Arabic,ROUGH,ħ,0.196,6,0.9154,0.9811,False
Arabic,QUIET,i,-0.182,53,0.8756,0.9811,False
Arabic,ROUGH,q,0.181,7,0.9204,0.9811,False
Arabic,LOUD,d͡ʒ,0.181,6,0.9204,0.9811,False
Arabic,BIG,ɣ,0.176,4,0.8557,0.9811,False
Arabic,BIG,r,0.165,32,0.8806,0.9811,False
Arabic,QUIET,ð,-0.162,3,0.8756,0.9811,False
Arabic,SHARP,t̪,-0.121,11,0.8806,0.9811,False
Arabic,SMALL,j,0.108,7,0.9005,0.9811,False
Arabic,SMALL,s̪,-0.097,14,0.8806,0.9811,False
Arabic,ROUND,r,-0.097,146,0.9254,0.9811,False
Arabic,SLOW,ɣ,-0.097,6,0.9104,0.9811,False
Arabic,SLOW,d,-0.093,29,0.9254,0.9811,False
Arabic,SHARP,w,0.092,9,0.9303,0.9811,False
Arabic,ROUND,ħ,0.078,53,0.9055,0.9811,False
Arabic,ROUND,ʔ,0.065,143,0.9154,0.9811,False
Arabic,DARK,q,-0.065,30,0.9104,0.9811,False
Arabic,SLOW,b,0.058,39,0.9303,0.9811,False
Arabic,SLOW,h,-0.107,7,0.9403,0.9827,False
Arabic,SMOOTH,ɣ,-0.042,13,0.9403,0.9827,False
Arabic,ROUGH,r,0.178,17,0.9502,0.9842,False
Arabic,LOUD,ʔ,0.09,18,0.9502,0.9842,False
Arabic,DARK,w,0.072,11,0.9453,0.9842,False
Arabic,BIG,ʃ,0.091,8,0.9602,0.9886,False
Arabic,BRIGHT,d,-0.071,13,0.9602,0.9886,False
Arabic,ROUGH,ʕ,0.068,7,0.9801,0.9886,False
Arabic,LOUD,r,0.067,19,0.9751,0.9886,False
Arabic,LOUD,s,-0.055,9,0.9652,0.9886,False
Arabic,BIG,h,-0.054,4,0.9801,0.9886,False
Arabic,LOUD,u,-0.046,16,0.9751,0.9886,False
Arabic,SMOOTH,f,0.032,48,0.9751,0.9886,False
Arabic,FAST,ʔ,0.019,71,0.9701,0.9886,False
Arabic,ROUGH,u,-0.036,14,0.9851,0.9908,False
Arabic,SHARP,k,-0.012,15,0.995,0.9979,False
Arabic,LOUD,χ,0.028,4,1.0,1.0,False
Chinese,ROUGH,t͡sʰ,3.243,4,0.01,0.4657,False
Chinese,BIG,t,2.614,15,0.01,0.4657,False
Chinese,SHARP,ɛ,2.501,69,0.01,0.4657,False
Chinese,DARK,x,2.398,57,0.005,0.4657,False
Chinese,SMOOTH,j,2.154,4,0.01,0.4657,False
Chinese,ROUND,pʰ,2.001,31,0.005,0.4657,False
Chinese,SHARP,t͡ɕ,1.925,69,0.01,0.4657,False
Chinese,SMALL,ɻ,1.802,30,0.01,0.4657,False
Chinese,ROUND,ɨ,1.786,47,0.005,0.4657,False
Chinese,SMOOTH,ɻ,1.698,62,0.005,0.4657,False
Chinese,ROUGH,s,3.044,4,0.0199,0.5544,False
Chinese,LOUD,kʰ,2.886,10,0.0149,0.5544,False
Chinese,SLOW,ɑ,2.514,56,0.0199,0.5544,False
Chinese,DARK,m,1.834,44,0.0149,0.5544,False
Chinese,ROUND,t͡s,1.739,51,0.0199,0.5544,False
Chinese,DARK,ə,-1.721,15,0.0249,0.5544,False
Chinese,FAST,ɤ,1.647,29,0.0199,0.5544,False
Chinese,SMOOTH,ɯ,1.625,34,0.0249,0.5544,False
Chinese,SMOOTH,ʌ,1.625,34,0.0249,0.5544,False
Chinese,ROUND,ɕ,-1.473,35,0.0249,0.5544,False
Chinese,ROUND,ə,-1.44,27,0.0249,0.5544,False
Chinese,DARK,ɯ,1.862,29,0.0299,0.5588,False
Chinese,DARK,ʌ,1.862,29,0.0299,0.5588,False
Chinese,SHARP,ŋ,-1.386,61,0.0299,0.5588,False
Chinese,SMOOTH,f,-1.297,5,0.0299,0.5588,False
Chinese,BIG,p,2.263,11,0.0348,0.562,False
Chinese,QUIET,a,-1.739,7,0.0348,0.562,False
Chinese,FAST,ŋ,-1.628,42,0.0348,0.562,False
Chinese,FAST,ɔ,1.51,27,0.0348,0.562,False
Chinese,SHARP,ʈ͡ʂ,1.501,43,0.0398,0.6009,False
Chinese,SHARP,l,1.383,39,0.0398,0.6009,False
Chinese,ROUND,a,1.189,87,0.0448,0.6549,False
Chinese,SLOW,pʰ,1.979,8,0.0498,0.6848,False
Chinese,DARK,ʊ,-1.579,48,0.0498,0.6848,False
Chinese,LOUD,ə,2.205,13,0.0597,0.6985,False
Chinese,BRIGHT,f,1.873,14,0.0597,0.6985,False
Chinese,QUIET,ʂ,1.686,27,0.0547,0.6985,False
Chinese,SHARP,a,-1.408,19,0.0547,0.6985,False
Chinese,SHARP,i,1.346,191,0.0597,0.6985,False
Chinese,DARK,ʈ͡ʂ,-1.339,7,0.0647,0.7207,False
Chinese,BIG,e,2.149,11,0.0697,0.7244,False
Chinese,BIG,k,2.066,11,0.0697,0.7244,False
Chinese,FAST,t͡ɕʰ,1.434,22,0.0697,0.7244,False
Chinese,SHARP,u,-1.16,80,0.0746,0.7276,False
Chinese,SMOOTH,l,-1.114,19,0.0746,0.7276,False
Chinese,ROUND,ʂ,-1.061,29,0.0746,0.7276,False
Chinese,DARK,ʈ͡ʂʰ,-1.18,5,0.0846,0.7761,False
Chinese,FAST,ʂ,-1.292,13,0.0945,0.8043,False
Chinese,DARK,k,-1.273,6,0.0945,0.8043,False
Chinese,SMOOTH,ʂ,1.042,56,0.0896,0.8043,False
Chinese,SMOOTH,ɔ,1.011,36,0.0945,0.8043,False
Chinese,SMALL,l,-1.465,7,0.0995,0.817,False
Chinese,FAST,ɑ,-1.079,54,0.0995,0.817,False
Chinese,DARK,t͡ɕʰ,-1.097,6,0.1045,0.843,False
Chinese,SHARP,ɤ,1.093,32,0.1095,0.8537,False
Chinese,ROUND,y,1.069,77,0.1095,0.8537,False
Chinese,BIG,n,-1.764,14,0.1294,0.8774,False
Chinese,SLOW,ʈ͡ʂʰ,1.492,13,0.1244,0.8774,False
Chinese,QUIET,y,1.311,29,0.1294,0.8774,False
Chinese,SMALL,u,1.292,76,0.1244,0.8774,False
Chinese,FAST,m,1.257,29,0.1244,0.8774,False
Chinese,FAST,n,1.126,92,0.1194,0.8774,False
Chinese,SMOOTH,u,-1.019,102,0.1294,0.8774,False
Chinese,SMOOTH,ɛ,-0.939,27,0.1244,0.8774,False
Chinese,SMALL,a,1.16,34,0.1393,0.881,False
Chinese,FAST,t͡ɕ,1.148,43,0.1343,0.881,False
Chinese,SHARP,x,-0.995,5,0.1393,0.881,False
Chinese,SHARP,ɨ,0.987,23,0.1393,0.881,False
Chinese,SMOOTH,ɕ,0.915,54,0.1393,0.881,False
Chinese,ROUGH,i,-2.214,4,0.3085,0.8977,False
Chinese,LOUD,ʊ,1.897,30,0.1791,0.8977,False
Chinese,LOUD,tʰ,1.706,9,0.1592,0.8977,False
Chinese,BIG,ɪ,1.695,16,0.1791,0.8977,False
Chinese,LOUD,t͡ɕʰ,1.654,7,0.1841,0.8977,False
Chinese,LOUD,u,-1.62,16,0.2289,0.8977,False
Chinese,BIG,ɛ,-1.588,3,0.194,0.8977,False
Chinese,LOUD,ʈ͡ʂʰ,1.577,8,0.1891,0.8977,False
Chinese,BIG,t͡ɕ,-1.478,3,0.2438,0.8977,False
Chinese,LOUD,t͡ɕ,1.467,14,0.2786,0.8977,False
Chinese,BIG,u,1.448,31,0.2239,0.8977,False
Chinese,BRIGHT,l,1.399,15,0.1592,0.8977,False
Chinese,SMALL,ʈ͡ʂ,1.394,24,0.1542,0.8977,False
Chinese,SLOW,ɪ,1.373,24,0.2239,0.8977,False
Chinese,BRIGHT,ɕ,1.279,18,0.1841,0.8977,False
Chinese,BIG,tʰ,1.26,8,0.3134,0.8977,False
Chinese,BRIGHT,ʊ,-1.245,22,0.2239,0.8977,False
Chinese,SLOW,ɛ,-1.198,7,0.1791,0.8977,False
Chinese,QUIET,œ,1.191,10,0.199,0.8977,False
Chinese,BRIGHT,ɔ,1.18,12,0.2488,0.8977,False
Chinese,BRIGHT,t͡s,1.167,11,0.3184,0.8977,False
Chinese,FAST,a,1.149,45,0.1692,0.8977,False
Chinese,SMALL,e,1.14,20,0.1542,0.8977,False
Chinese,FAST,l,1.13,28,0.1642,0.8977,False
Chinese,BIG,ɑ,-1.118,16,0.2985,0.8977,False
Chinese,SLOW,e,1.101,13,0.2985,0.8977,False
Chinese,SMALL,t͡s,1.079,16,0.194,0.8977,False
Chinese,FAST,y,1.053,40,0.204,0.8977,False
Chinese,SHARP,ʂ,0.997,45,0.1443,0.8977,False
Chinese,SMALL,p,0.975,19,0.209,0.8977,False
Chinese,FAST,tʰ,-0.969,9,0.1741,0.8977,False
Chinese,SMALL,ɤ,-0.925,6,0.2637,0.8977,False
Chinese,SMALL,ɪ,0.919,31,0.2836,0.8977,False
Chinese,SMALL,ŋ,-0.912,42,0.2786,0.8977,False
Chinese,SMALL,k,0.867,19,0.3085,0.8977,False
Chinese,SHARP,ɕ,-0.867,29,0.2338,0.8977,False
Chinese,DARK,i,0.862,169,0.2687,0.8977,False
Chinese,DARK,ɪ,0.862,51,0.2239,0.8977,False
Chinese,DARK,ɻ,-0.858,10,0.194,0.8977,False
Chinese,DARK,ɕ,0.845,42,0.2139,0.8977,False
Chinese,FAST,k,0.845,25,0.2338,0.8977,False
Chinese,FAST,p,-0.845,9,0.2537,0.8977,False
Chinese,SMALL,ɔ,-0.842,4,0.2687,0.8977,False
Chinese,SMOOTH,ɤ,0.839,36,0.1791,0.8977,False
Chinese,SHARP,ɔ,-0.837,7,0.2388,0.8977,False
Chinese,DARK,ŋ,0.831,113,0.209,0.8977,False
Chinese,SHARP,m,-0.822,11,0.2438,0.8977,False
Chinese,SHARP,ɪ,-0.819,18,0.2388,0.8977,False
Chinese,SMALL,ʊ,-0.811,39,0.2736,0.8977,False
Chinese,ROUND,kʰ,-0.809,5,0.1692,0.8977,False
Chinese,ROUND,ɛ,0.804,67,0.1841,0.8977,False
Chinese,ROUND,i,-0.795,172,0.2488,0.8977,False
Chinese,SMOOTH,k,0.768,39,0.1791,0.8977,False
Chinese,SMOOTH,e,-0.757,12,0.2289,0.8977,False
Chinese,ROUND,ʈ͡ʂ,0.746,49,0.2438,0.8977,False
Chinese,DARK,kʰ,-0.745,4,0.2338,0.8977,False
Chinese,SMOOTH,p,-0.738,16,0.2587,0.8977,False
Chinese,DARK,t͡s,-0.737,8,0.3085,0.8977,False
Chinese,SMOOTH,y,-0.737,21,0.2139,0.8977,False
Chinese,SMOOTH,ə,0.733,51,0.2687,0.8977,False
Chinese,DARK,s,0.727,26,0.2985,0.8977,False
Chinese,SHARP,f,-0.718,10,0.2886,0.8977,False
Chinese,FAST,ə,-0.713,20,0.3134,0.8977,False
Chinese,SMOOTH,t,0.707,42,0.2239,0.8977,False
Chinese,DARK,t͡ɕ,-0.705,25,0.2687,0.8977,False
Chinese,SMOOTH,ʈ͡ʂʰ,-0.682,13,0.2587,0.8977,False
Chinese,SMOOTH,t͡s,-0.673,11,0.2985,0.8977,False
Chinese,ROUND,p,0.668,43,0.2438,0.8977,False
Chinese,ROUND,t͡ɕʰ,0.661,32,0.2438,0.8977,False
Chinese,SMOOTH,a,0.661,63,0.2736,0.8977,False
Chinese,DARK,pʰ,-0.651,4,0.3085,0.8977,False
Chinese,ROUND,ʈ͡ʂʰ,-0.649,16,0.2935,0.8977,False
Chinese,SMOOTH,tʰ,0.641,35,0.3184,0.8977,False
Chinese,SMOOTH,i,0.639,205,0.2587,0.8977,False
Chinese,ROUND,f,-0.627,16,0.2836,0.8977,False
Chinese,ROUND,m,-0.616,20,0.2736,0.8977,False
Chinese,LOUD,l,-1.356,3,0.3483,0.9062,False
Chinese,LOUD,ŋ,1.258,29,0.3433,0.9062,False
Chinese,BIG,ʂ,-1.255,4,0.3433,0.9062,False
Chinese,LOUD,ʂ,-1.246,4,0.3433,0.9062,False
Chinese,LOUD,a,-1.219,5,0.3532,0.9062,False
Chinese,LOUD,ɕ,-1.184,6,0.3582,0.9062,False
Chinese,BIG,ʊ,1.122,26,0.3532,0.9062,False
Chinese,SLOW,n,-1.021,29,0.3433,0.9062,False
Chinese,QUIET,ɪ,-0.924,8,0.3383,0.9062,False
Chinese,QUIET,n,0.857,58,0.3532,0.9062,False
Chinese,SMALL,i,-0.832,67,0.3333,0.9062,False
Chinese,FAST,kʰ,-0.763,3,0.3582,0.9062,False
Chinese,FAST,u,-0.677,69,0.3333,0.9062,False
Chinese,ROUND,l,0.581,46,0.3483,0.9062,False
Chinese,SHARP,p,-0.568,15,0.3433,0.9062,False
Chinese,ROUGH,n,1.978,8,0.4179,0.9226,False
Chinese,ROUGH,y,1.895,4,0.4179,0.9226,False
Chinese,LOUD,f,1.306,7,0.3831,0.9226,False
Chinese,LOUD,x,1.181,9,0.408,0.9226,False
Chinese,LOUD,ɑ,1.166,27,0.408,0.9226,False
Chinese,LOUD,i,1.154,42,0.398,0.9226,False
Chinese,BIG,ɤ,0.956,7,0.403,0.9226,False
Chinese,BIG,i,-0.916,26,0.4179,0.9226,False
Chinese,BRIGHT,e,-0.904,3,0.4129,0.9226,False
Chinese,BRIGHT,m,-0.865,4,0.393,0.9226,False
Chinese,BRIGHT,tʰ,-0.846,5,0.3831,0.9226,False
Chinese,QUIET,ŋ,0.758,58,0.4179,0.9226,False
Chinese,SMALL,x,-0.654,6,0.393,0.9226,False
Chinese,DARK,e,0.619,27,0.403,0.9226,False
Chinese,SHARP,y,-0.589,20,0.398,0.9226,False
Chinese,SHARP,e,-0.587,12,0.3881,0.9226,False
Chinese,FAST,x,-0.568,9,0.3831,0.9226,False
Chinese,DARK,ɤ,-0.548,14,0.3881,0.9226,False
Chinese,ROUND,ŋ,-0.521,121,0.3881,0.9226,False
Chinese,ROUND,ɯ,-0.483,11,0.408,0.9226,False
Chinese,ROUND,ʌ,-0.483,11,0.408,0.9226,False
Chinese,SLOW,ə,0.791,16,0.4279,0.9228,False
Chinese,QUIET,ʈ͡ʂʰ,-0.744,5,0.4279,0.9228,False
Chinese,QUIET,ʈ͡ʂ,-0.655,8,0.4229,0.9228,False
Chinese,SHARP,ʈ͡ʂʰ,-0.551,12,0.4229,0.9228,False
Chinese,BIG,m,1.023,8,0.4328,0.925,False
Chinese,ROUGH,ɕ,1.838,3,0.4677,0.9256,False
Chinese,ROUGH,ŋ,1.674,8,0.4975,0.9256,False
Chinese,ROUGH,u,1.568,8,0.5373,0.9256,False
Chinese,ROUGH,ʊ,1.424,7,0.5572,0.9256,False
Chinese,LOUD,n,-0.887,18,0.5672,0.9256,False
Chinese,BIG,f,0.86,6,0.4478,0.9256,False
Chinese,LOUD,ɪ,-0.84,4,0.5174,0.9256,False
Chinese,SLOW,ɔ,-0.763,3,0.5274,0.9256,False
Chinese,SLOW,a,0.749,20,0.4428,0.9256,False
Chinese,BRIGHT,t,-0.74,4,0.5224,0.9256,False
Chinese,BRIGHT,n,0.733,43,0.4876,0.9256,False
Chinese,BRIGHT,ʂ,0.732,16,0.4726,0.9256,False
Chinese,BRIGHT,k,-0.724,5,0.5075,0.9256,False
Chinese,SLOW,tʰ,0.686,11,0.5373,0.9256,False
Chinese,BIG,ɕ,-0.684,7,0.5771,0.9256,False
Chinese,BRIGHT,ɪ,-0.679,8,0.5672,0.9256,False
Chinese,BRIGHT,y,-0.676,7,0.4826,0.9256,False
Chinese,SLOW,ʈ͡ʂ,-0.659,6,0.4677,0.9256,False
Chinese,QUIET,t͡ɕʰ,0.649,11,0.4776,0.9256,False
Chinese,SLOW,f,0.617,9,0.4726,0.9256,False
Chinese,QUIET,l,0.605,16,0.5124,0.9256,False
Chinese,SMALL,tʰ,-0.598,9,0.4627,0.9256,False
Chinese,FAST,ɕ,-0.582,24,0.4478,0.9256,False
Chinese,BRIGHT,ʈ͡ʂ,0.574,12,0.597,0.9256,False
Chinese,FAST,t͡s,0.563,17,0.4776,0.9256,False
Chinese,SLOW,ɤ,0.561,10,0.5771,0.9256,False
Chinese,BIG,ɯ,0.556,4,0.6269,0.9256,False
Chinese,BIG,ʌ,0.556,4,0.6269,0.9256,False
Chinese,BRIGHT,ŋ,0.553,42,0.592,0.9256,False
Chinese,SMALL,ɯ,-0.543,4,0.5821,0.9256,False
Chinese,SMALL,ʌ,-0.543,4,0.5821,0.9256,False
Chinese,FAST,pʰ,0.536,9,0.5224,0.9256,False
Chinese,SLOW,y,-0.535,8,0.592,0.9256,False
Chinese,SLOW,ʂ,-0.531,10,0.6219,0.9256,False
Chinese,BRIGHT,t͡ɕ,-0.527,11,0.6318,0.9256,False
Chinese,SMALL,n,-0.509,50,0.5075,0.9256,False
Chinese,FAST,e,-0.505,10,0.5423,0.9256,False
Chinese,QUIET,kʰ,0.504,9,0.5423,0.9256,False
Chinese,QUIET,k,-0.502,8,0.5871,0.9256,False
Chinese,DARK,t,-0.496,14,0.4577,0.9256,False
Chinese,SMOOTH,n,-0.496,107,0.4527,0.9256,False
Chinese,BRIGHT,i,0.495,62,0.607,0.9256,False
Chinese,DARK,ɑ,-0.472,81,0.4726,0.9256,False
Chinese,BRIGHT,a,-0.45,13,0.6368,0.9256,False
Chinese,QUIET,m,-0.449,8,0.597,0.9256,False
Chinese,QUIET,e,-0.446,7,0.6318,0.9256,False
Chinese,SMALL,ʂ,0.44,22,0.602,0.9256,False
Chinese,QUIET,x,0.437,14,0.6368,0.9256,False
Chinese,ROUND,ʊ,-0.436,112,0.4776,0.9256,False
Chinese,SMALL,t,0.423,17,0.597,0.9256,False
Chinese,SMALL,ʈ͡ʂʰ,0.421,13,0.607,0.9256,False
Chinese,FAST,t,-0.42,12,0.5373,0.9256,False
Chinese,SMALL,ɨ,-0.418,4,0.597,0.9256,False
Chinese,SMOOTH,pʰ,-0.408,7,0.4876,0.9256,False
Chinese,SHARP,ɯ,0.405,16,0.5174,0.9256,False
Chinese,SHARP,ʌ,0.405,16,0.5174,0.9256,False
Chinese,SHARP,tʰ,0.403,26,0.6269,0.9256,False
Chinese,SHARP,œ,-0.397,5,0.4925,0.9256,False
Chinese,DARK,t͡sʰ,-0.393,5,0.5473,0.9256,False
Chinese,SMOOTH,t͡ɕ,-0.393,38,0.5672,0.9256,False
Chinese,SHARP,ɑ,0.39,102,0.5174,0.9256,False
Chinese,ROUND,ɻ,-0.383,26,0.4627,0.9256,False
Chinese,ROUND,u,0.356,164,0.5373,0.9256,False
Chinese,SHARP,ə,-0.351,30,0.5572,0.9256,False
Chinese,SMOOTH,ɑ,-0.348,106,0.5224,0.9256,False
Chinese,SMOOTH,s,-0.347,9,0.5622,0.9256,False
Chinese,SMALL,f,-0.339,8,0.6368,0.9256,False
Chinese,SHARP,t͡ɕʰ,-0.334,13,0.5771,0.9256,False
Chinese,SHARP,ɻ,0.332,29,0.597,0.9256,False
Chinese,SHARP,t,0.331,28,0.5572,0.9256,False
Chinese,SMOOTH,œ,-0.322,7,0.5672,0.9256,False
Chinese,ROUND,t͡ɕ,-0.32,47,0.592,0.9256,False
Chinese,SHARP,t͡sʰ,-0.288,7,0.6169,0.9256,False
Chinese,SMALL,ɕ,-0.392,19,0.6517,0.9285,False
Chinese,QUIET,ə,0.367,19,0.6517,0.9285,False
Chinese,DARK,ʂ,0.355,36,0.6468,0.9285,False
Chinese,SMOOTH,ŋ,-0.348,107,0.6567,0.9285,False
Chinese,FAST,ɨ,-0.339,6,0.6567,0.9285,False
Chinese,SHARP,ʊ,-0.333,79,0.6468,0.9285,False
Chinese,SHARP,t͡s,0.263,19,0.6468,0.9285,False
Chinese,ROUND,t,0.249,39,0.6567,0.9285,False
Chinese,ROUND,œ,0.24,16,0.6617,0.9299,False
Chinese,LOUD,ʈ͡ʂ,-0.518,4,0.6766,0.9341,False
Chinese,BIG,ʈ͡ʂ,0.511,7,0.6766,0.9341,False
Chinese,QUIET,i,0.451,81,0.6716,0.9341,False
Chinese,BRIGHT,ɤ,-0.434,6,0.6716,0.9341,False
Chinese,QUIET,t,-0.411,8,0.6766,0.9341,False
Chinese,DARK,ɨ,-0.303,8,0.6766,0.9341,False
Chinese,ROUND,s,-0.261,13,0.6816,0.9354,False
Chinese,SMOOTH,kʰ,-0.23,12,0.6816,0.9354,False
Chinese,BRIGHT,ɻ,0.48,12,0.6866,0.9368,False
Chinese,QUIET,pʰ,-0.37,3,0.6866,0.9368,False
Chinese,SMOOTH,t͡sʰ,-0.223,10,0.6915,0.9381,False
Chinese,ROUGH,ɑ,-1.16,4,0.7065,0.9439,False
Chinese,SLOW,ŋ,-0.462,32,0.7164,0.9439,False
Chinese,SLOW,m,-0.452,6,0.7114,0.9439,False
Chinese,LOUD,p,0.406,6,0.791,0.9439,False
Chinese,SLOW,i,-0.388,50,0.7065,0.9439,False
Chinese,SLOW,ɕ,0.382,15,0.7114,0.9439,False
Chinese,QUIET,t͡sʰ,-0.348,3,0.7512,0.9439,False
Chinese,BRIGHT,ɨ,0.345,6,0.7264,0.9439,False
Chinese,SLOW,u,-0.341,37,0.7264,0.9439,False
Chinese,BRIGHT,x,0.335,10,0.7463,0.9439,False
Chinese,BRIGHT,ɛ,0.318,15,0.7363,0.9439,False
Chinese,BIG,ə,-0.3,7,0.7861,0.9439,False
Chinese,LOUD,ɛ,-0.298,7,0.8209,0.9439,False
Chinese,SLOW,k,-0.296,7,0.7512,0.9439,False
Chinese,BRIGHT,p,-0.287,7,0.796,0.9439,False
Chinese,SMALL,y,-0.282,15,0.7662,0.9439,False
Chinese,FAST,ɪ,0.275,31,0.7811,0.9439,False
Chinese,FAST,ʈ͡ʂ,0.268,21,0.7214,0.9439,False
Chinese,BRIGHT,ʈ͡ʂʰ,0.266,8,0.7861,0.9439,False
Chinese,DARK,n,-0.262,89,0.7363,0.9439,False
Chinese,SHARP,pʰ,0.261,10,0.7114,0.9439,False
Chinese,QUIET,ʊ,0.26,47,0.7711,0.9439,False
Chinese,BRIGHT,t͡ɕʰ,0.257,7,0.8209,0.9439,False
Chinese,QUIET,t͡ɕ,0.255,21,0.8159,0.9439,False
Chinese,SHARP,kʰ,0.248,15,0.7313,0.9439,False
Chinese,SLOW,l,-0.242,9,0.7811,0.9439,False
Chinese,QUIET,f,0.238,10,0.7164,0.9439,False
Chinese,SLOW,t͡sʰ,-0.237,3,0.791,0.9439,False
Chinese,SMALL,t͡ɕʰ,-0.234,8,0.791,0.9439,False
Chinese,QUIET,ɤ,-0.233,9,0.7065,0.9439,False
Chinese,SLOW,t,0.228,10,0.7811,0.9439,False
Chinese,DARK,ɔ,-0.22,14,0.7562,0.9439,False
Chinese,FAST,ʈ͡ʂʰ,-0.211,12,0.7264,0.9439,False
Chinese,QUIET,ɛ,0.205,19,0.7761,0.9439,False
Chinese,QUIET,u,0.203,55,0.796,0.9439,False
Chinese,FAST,i,0.2,116,0.796,0.9439,False
Chinese,ROUND,k,0.199,36,0.7214,0.9439,False
Chinese,ROUND,ɑ,0.191,143,0.7313,0.9439,False
Chinese,DARK,y,-0.189,27,0.7662,0.9439,False
Chinese,DARK,f,-0.183,15,0.7761,0.9439,False
Chinese,DARK,p,0.182,23,0.8159,0.9439,False
Chinese,ROUND,t͡sʰ,-0.18,13,0.7463,0.9439,False
Chinese,QUIET,ɯ,0.18,7,0.8109,0.9439,False
Chinese,QUIET,ʌ,0.18,7,0.8109,0.9439,False
Chinese,SHARP,k,-0.169,20,0.8109,0.9439,False
Chinese,FAST,t͡sʰ,-0.165,7,0.8209,0.9439,False
Chinese,SMOOTH,m,-0.164,24,0.7612,0.9439,False
Chinese,SMOOTH,ʊ,-0.164,102,0.7811,0.9439,False
Chinese,SMALL,ɑ,-0.16,52,0.8159,0.9439,False
Chinese,ROUND,n,0.159,147,0.806,0.9439,False
Chinese,DARK,a,0.154,42,0.7662,0.9439,False
Chinese,ROUND,e,-0.148,26,0.801,0.9439,False
Chinese,FAST,ʊ,-0.134,64,0.8209,0.9439,False
Chinese,ROUND,ɪ,-0.133,47,0.796,0.9439,False
Chinese,FAST,ɛ,0.133,28,0.8209,0.9439,False
Chinese,SMOOTH,x,0.126,28,0.791,0.9439,False
Chinese,BRIGHT,ə,0.267,14,0.8308,0.9517,False
Chinese,SLOW,t͡s,0.208,7,0.8358,0.9517,False
Chinese,QUIET,s,-0.205,5,0.8358,0.9517,False
Chinese,SLOW,t͡ɕ,-0.193,13,0.8408,0.9551,False
Chinese,SMOOTH,t͡ɕʰ,0.124,21,0.8507,0.964,False
Chinese,SLOW,ɻ,-0.174,8,0.8657,0.9739,False
Chinese,BIG,a,0.172,10,0.8657,0.9739,False
Chinese,LOUD,e,-0.164,4,0.8657,0.9739,False
Chinese,SLOW,p,0.177,9,0.8756,0.9827,False
Chinese,DARK,ɛ,0.096,35,0.8905,0.9923,False
Chinese,DARK,u,0.082,103,0.8905,0.9923,False
Chinese,BIG,ŋ,0.182,23,0.9005,0.9924,False
Chinese,BRIGHT,u,-0.13,39,0.9005,0.9924,False
Chinese,DARK,tʰ,-0.114,20,0.9055,0.9924,False
Chinese,SMOOTH,ʈ͡ʂ,0.09,31,0.9005,0.9924,False
Chinese,SHARP,n,0.087,99,0.9055,0.9924,False
Chinese,QUIET,ɕ,-0.076,18,0.9055,0.9924,False
Chinese,ROUND,x,0.069,32,0.9055,0.9924,False
Chinese,BIG,ɻ,0.152,6,0.9154,0.9986,False
Chinese,ROUND,tʰ,-0.061,31,0.9154,0.9986,False
Chinese,LOUD,ɯ,0.109,3,0.9303,1.0,False
Chinese,LOUD,ʌ,0.109,3,0.9303,1.0,False
Chinese,BRIGHT,ɯ,0.096,5,0.9453,1.0,False
Chinese,BRIGHT,ʌ,0.096,5,0.9453,1.0,False
Chinese,SMALL,ə,0.094,20,0.9303,1.0,False
Chinese,SMALL,t͡sʰ,-0.093,6,0.9204,1.0,False
Chinese,FAST,œ,-0.091,6,0.9353,1.0,False
Chinese,SLOW,kʰ,0.079,5,0.9502,1.0,False
Chinese,BRIGHT,pʰ,-0.076,3,0.9652,1.0,False
Chinese,DARK,œ,0.064,9,0.9303,1.0,False
Chinese,SMALL,m,-0.063,12,0.9403,1.0,False
Chinese,QUIET,ɑ,0.063,48,0.9552,1.0,False
Chinese,BRIGHT,t͡sʰ,0.058,5,0.9751,1.0,False
Chinese,SMALL,t͡ɕ,0.049,22,0.9502,1.0,False
Chinese,FAST,s,0.042,11,0.9652,1.0,False
Chinese,FAST,f,-0.035,13,0.9751,1.0,False
Chinese,SMOOTH,ɪ,-0.034,42,0.9303,1.0,False
Chinese,BIG,ɔ,0.029,4,0.9751,1.0,False
Chinese,BIG,l,0.022,6,0.99,1.0,False
Chinese,SLOW,t͡ɕʰ,-0.021,6,0.9701,1.0,False
Chinese,ROUND,ɤ,0.019,30,0.9851,1.0,False
Chinese,DARK,l,-0.017,25,0.9701,1.0,False
Chinese,SLOW,x,0.017,8,0.9801,1.0,False
Chinese,FAST,ɻ,-0.016,18,0.9801,1.0,False
Chinese,SMALL,s,0.014,8,0.995,1.0,False
Chinese,BRIGHT,ɑ,0.014,36,1.0,1.0,False
Chinese,SMALL,kʰ,-0.013,7,0.99,1.0,False
Chinese,LOUD,k,-0.013,5,1.0,1.0,False
Chinese,SMALL,ɛ,-0.007,20,1.0,1.0,False
Chinese,QUIET,tʰ,-0.005,11,0.995,1.0,False
Chinese,SLOW,ʊ,-0.002,33,0.995,1.0,False
Chinese,QUIET,ɻ,-0.002,12,0.995,1.0,False
Chinese,ROUND,ɔ,-0.001,25,0.995,1.0,False
English,ROUGH,ʌ,3.279,17,0.005,0.3184,False
English,SHARP,ʒ,3.105,5,0.005,0.3184,False
English,SMALL,θ,3.007,14,0.005,0.3184,False
English,FAST,z,2.52,24,0.005,0.3184,False
English,SHARP,i͡ə,2.473,23,0.005,0.3184,False
English,SMALL,t,2.462,91,0.005,0.3184,False
English,SMALL,e͡ə,2.316,10,0.005,0.3184,False
English,SMOOTH,f,2.302,54,0.005,0.3184,False
English,SLOW,ɜ,2.572,8,0.01,0.4409,False
English,BIG,h,2.547,8,0.01,0.4409,False
English,FAST,ʊ͡ə,2.31,5,0.01,0.4409,False
English,SMOOTH,u,1.797,29,0.01,0.4409,False
English,SHARP,ŋ,2.018,19,0.0149,0.5373,False
English,SMOOTH,e͡ə,1.908,12,0.0149,0.5373,False
English,SMOOTH,l,-1.623,29,0.0149,0.5373,False
English,LOUD,ɔ͡ɪ,2.816,3,0.0348,0.629,False
English,ROUGH,ɑ,2.792,3,0.0448,0.629,False
English,SLOW,ə͡ʊ,2.455,12,0.0249,0.629,False
English,BIG,ɐ,2.281,5,0.0348,0.629,False
English,SMALL,ʊ͡ə,2.092,3,0.0398,0.629,False
English,SLOW,i,2.019,20,0.0448,0.629,False
English,QUIET,d͡ʒ,1.917,10,0.0398,0.629,False
English,QUIET,a͡ɪ,1.79,19,0.0398,0.629,False
English,DARK,l,1.712,83,0.0348,0.629,False
English,SMALL,ɡ,-1.695,4,0.0199,0.629,False
English,SHARP,a,1.689,49,0.0299,0.629,False
English,SMOOTH,ə,-1.621,29,0.0348,0.629,False
English,ROUND,v,-1.59,7,0.0249,0.629,False
English,SHARP,ə͡l,1.578,24,0.0249,0.629,False
English,SHARP,t͡ʃ,1.576,14,0.0199,0.629,False
English,FAST,e͡ɪ,1.572,45,0.0398,0.629,False
English,ROUND,ʊ,1.489,9,0.0448,0.629,False
English,SHARP,v,-1.483,6,0.0448,0.629,False
English,ROUND,ə͡l,1.475,30,0.0299,0.629,False
English,ROUND,k,1.433,109,0.0448,0.629,False
English,ROUND,d͡ʒ,-1.418,5,0.0448,0.629,False
English,SMOOTH,t͡ʃ,1.297,13,0.0448,0.629,False
English,BIG,a͡ʊ,2.234,7,0.0498,0.6368,False
English,BRIGHT,n,1.805,44,0.0498,0.6368,False
English,SMALL,j,1.584,12,0.0498,0.6368,False
English,FAST,l,-1.424,36,0.0498,0.6368,False
English,SHARP,ɡ,1.473,24,0.0547,0.6707,False
English,SMOOTH,ɔ,1.267,25,0.0547,0.6707,False
English,LOUD,m,2.385,18,0.0647,0.68,False
English,SMALL,ʊ,1.524,5,0.0647,0.68,False
English,DARK,w,1.451,23,0.0697,0.68,False
English,FAST,i,1.422,63,0.0597,0.68,False
English,FAST,t͡ʃ,-1.247,5,0.0697,0.68,False
English,ROUND,ŋ,1.225,19,0.0597,0.68,False
English,ROUND,ɒ,1.171,37,0.0697,0.68,False
English,ROUND,i,-1.161,31,0.0647,0.68,False
English,SMOOTH,ʊ,1.13,6,0.0647,0.68,False
English,ROUND,b,1.058,54,0.0697,0.68,False
English,ROUGH,ɹ,2.624,13,0.0995,0.6905,False
English,SLOW,d,1.984,23,0.0846,0.6905,False
English,BIG,ɔ,1.959,9,0.0846,0.6905,False
English,BRIGHT,ʃ,1.956,12,0.0945,0.6905,False
English,SLOW,ə,-1.864,7,0.0796,0.6905,False
English,SLOW,p,1.855,24,0.0945,0.6905,False
English,SLOW,n,-1.752,17,0.0796,0.6905,False
English,QUIET,b,-1.676,6,0.0896,0.6905,False
English,QUIET,a͡ɪ͡ə,1.675,4,0.0746,0.6905,False
English,QUIET,t͡ʃ,1.433,7,0.0995,0.6905,False
English,DARK,a͡ɪ,1.309,29,0.0846,0.6905,False
English,DARK,u,-1.299,5,0.0995,0.6905,False
English,SHARP,p,1.266,67,0.0896,0.6905,False
English,SMALL,e͡ɪ,-1.241,7,0.0746,0.6905,False
English,SHARP,i,-1.224,23,0.0995,0.6905,False
English,DARK,d,1.22,58,0.0846,0.6905,False
English,SMOOTH,a͡ɪ,1.192,30,0.0896,0.6905,False
English,ROUND,w,1.091,29,0.0896,0.6905,False
English,ROUND,ə͡ʊ,1.084,37,0.0995,0.6905,False
English,SMOOTH,j,1.057,14,0.0945,0.6905,False
English,ROUND,ə,-0.975,60,0.0995,0.6905,False
English,ROUND,a,1.199,55,0.1045,0.6998,False
English,SMOOTH,ʃ,-1.088,4,0.1045,0.6998,False
English,SHARP,ɒ,-1.014,11,0.1045,0.6998,False
English,FAST,b,-1.154,19,0.1144,0.749,False
English,SHARP,u,-1.093,7,0.1144,0.749,False
English,SMOOTH,ɔ͡ɪ,1.015,7,0.1194,0.7728,False
English,ROUND,p,1.094,83,0.1244,0.796,False
English,SLOW,t,-1.507,18,0.1294,0.8012,False
English,SMOOTH,v,1.102,21,0.1294,0.8012,False
English,SHARP,f,-1.076,12,0.1294,0.8012,False
English,SHARP,z,-1.176,5,0.1343,0.8145,False
English,ROUND,l,0.863,97,0.1343,0.8145,False
English,BIG,ə͡l,1.601,7,0.1592,0.8369,False
English,BRIGHT,ɒ,-1.497,3,0.1542,0.8369,False
English,SLOW,ɐ,1.473,4,0.1592,0.8369,False
English,SLOW,e͡ɪ,1.401,12,0.1542,0.8369,False
English,QUIET,f,1.206,21,0.1542,0.8369,False
English,SMALL,ɛ,1.181,31,0.1493,0.8369,False
English,SMALL,l,1.152,57,0.1642,0.8369,False
English,SMALL,w,1.107,16,0.1642,0.8369,False
English,DARK,ɡ,1.075,20,0.1542,0.8369,False
English,SHARP,w,-0.98,7,0.1642,0.8369,False
English,SMOOTH,s,0.972,102,0.1443,0.8369,False
English,SMOOTH,ɡ,-0.928,10,0.1592,0.8369,False
English,SMOOTH,b,-0.897,20,0.1542,0.8369,False
English,SMOOTH,ð,0.895,10,0.1443,0.8369,False
English,ROUND,t,0.873,130,0.1542,0.8369,False
English,FAST,h,1.019,18,0.1692,0.8547,False
English,BIG,i͡ə,1.675,5,0.1791,0.8731,False
English,SMALL,ð,1.103,8,0.194,0.8731,False
English,DARK,ɒ,1.007,25,0.194,0.8731,False
English,DARK,p,-0.958,23,0.1841,0.8731,False
English,DARK,ɜ,0.952,14,0.1841,0.8731,False
English,FAST,ɡ,0.947,23,0.194,0.8731,False
English,FAST,ə͡ʊ,-0.935,14,0.1791,0.8731,False
English,ROUND,s,-0.929,81,0.194,0.8731,False
English,FAST,ɹ,0.917,86,0.194,0.8731,False
English,DARK,i,-0.907,25,0.1891,0.8731,False
English,ROUND,m,-0.793,36,0.1891,0.8731,False
English,FAST,p,-0.833,30,0.199,0.875,False
English,ROUGH,k,2.116,11,0.2189,0.8817,False
English,BIG,d͡ʒ,1.482,5,0.2139,0.8817,False
English,DARK,z,-1.084,5,0.204,0.8817,False
English,DARK,t,-0.947,63,0.2189,0.8817,False
English,ROUND,ʃ,-0.92,7,0.2139,0.8817,False
English,DARK,n,-0.9,62,0.209,0.8817,False
English,FAST,ɪ,0.861,89,0.2189,0.8817,False
English,SHARP,t,-0.792,71,0.2139,0.8817,False
English,SMOOTH,p,-0.789,28,0.2139,0.8817,False
English,ROUND,j,-0.771,6,0.2189,0.8817,False
English,ROUND,f,-0.746,21,0.2139,0.8817,False
English,BRIGHT,e͡ɪ,1.318,16,0.2239,0.8833,False
English,SHARP,n,-0.844,68,0.2239,0.8833,False
English,FAST,ɒ,-0.795,14,0.2239,0.8833,False
English,SLOW,u,1.391,8,0.2289,0.8907,False
English,ROUGH,s,1.934,14,0.2687,0.9103,False
English,BIG,ɒ,1.513,9,0.2687,0.9103,False
English,BIG,n,1.475,29,0.2488,0.9103,False
English,SLOW,v,1.39,7,0.2438,0.9103,False
English,BIG,b,1.378,13,0.2587,0.9103,False
English,BIG,k,-1.36,9,0.2537,0.9103,False
English,BRIGHT,l,-1.129,16,0.2637,0.9103,False
English,SMALL,ə͡ʊ,-0.954,9,0.2388,0.9103,False
English,FAST,v,0.918,22,0.2388,0.9103,False
English,SMALL,s,-0.892,45,0.2687,0.9103,False
English,DARK,a,0.888,35,0.2388,0.9103,False
English,SHARP,a͡ɪ,0.813,26,0.2637,0.9103,False
English,SHARP,a͡ɪ͡ə,0.808,5,0.2687,0.9103,False
English,DARK,ə,0.783,85,0.2537,0.9103,False
English,SMOOTH,a͡ʊ,-0.694,3,0.2488,0.9103,False
English,SMOOTH,ɹ,-0.657,45,0.2488,0.9103,False
English,BRIGHT,ɪ,1.222,37,0.2736,0.9111,False
English,ROUND,a͡ɪ,-0.719,12,0.2736,0.9111,False
English,SHARP,ɜ,-0.714,4,0.2736,0.9111,False
English,SLOW,ɒ,-1.169,3,0.2786,0.9118,False
English,BRIGHT,s,-1.163,24,0.2786,0.9118,False
English,SMALL,k,-0.858,29,0.2836,0.9125,False
English,SMALL,a͡ɪ,-0.794,6,0.2836,0.9125,False
English,ROUND,ɡ,0.647,25,0.2836,0.9125,False
English,SLOW,s,1.203,33,0.2886,0.9132,False
English,FAST,d,0.752,61,0.2886,0.9132,False
English,SHARP,m,0.708,56,0.2886,0.9132,False
English,SLOW,w,1.16,7,0.2935,0.9195,False
English,QUIET,k,-1.064,19,0.2985,0.9195,False
English,QUIET,ɹ,-0.972,20,0.2985,0.9195,False
English,QUIET,j,0.951,7,0.2985,0.9195,False
English,FAST,s,-0.685,74,0.3085,0.9351,False
English,FAST,u,0.725,23,0.3134,0.9354,False
English,SHARP,j,-0.696,5,0.3134,0.9354,False
English,QUIET,ə,1.099,52,0.3184,0.9405,False
English,ROUND,ɹ,-0.58,61,0.3284,0.9601,False
English,LOUD,a͡ʊ,1.58,4,0.3333,0.9645,False
English,SMALL,a,-0.745,11,0.3383,0.9645,False
English,SMOOTH,ɛ,0.678,39,0.3433,0.9645,False
English,SHARP,s,-0.656,68,0.3383,0.9645,False
English,SHARP,ʃ,0.642,18,0.3433,0.9645,False
English,SMOOTH,ɐ,0.532,8,0.3383,0.9645,False
English,QUIET,v,0.796,10,0.3532,0.9689,False
English,DARK,ɔ,0.621,18,0.3483,0.9689,False
English,SMOOTH,i,0.566,46,0.3582,0.9732,False
English,DARK,m,-0.65,28,0.3632,0.9821,False
English,ROUGH,ʃ,1.674,3,0.3731,0.9859,False
English,DARK,ə͡l,-0.644,3,0.3682,0.9859,False
English,FAST,j,0.625,13,0.3682,0.9859,False
English,BIG,m,1.041,18,0.3881,0.9934,False
English,SLOW,ŋ,0.942,4,0.3831,0.9934,False
English,SHARP,ɪ,0.608,76,0.3881,0.9934,False
English,DARK,s,-0.59,64,0.3831,0.9934,False
English,SHARP,d,-0.555,35,0.3831,0.9934,False
English,LOUD,ɹ,-1.42,6,0.4229,0.9957,False
English,ROUGH,b,1.28,5,0.5174,0.9957,False
English,LOUD,ɒ,1.272,6,0.4826,0.9957,False
English,BIG,f,-1.206,3,0.4229,0.9957,False
English,LOUD,s,1.189,22,0.4478,0.9957,False
English,LOUD,j,1.161,3,0.408,0.9957,False
English,LOUD,p,1.07,13,0.5075,0.9957,False
English,BRIGHT,ə,0.998,41,0.393,0.9957,False
English,SLOW,f,-0.994,4,0.408,0.9957,False
English,LOUD,ə,0.983,20,0.5771,0.9957,False
English,BRIGHT,b,0.972,17,0.403,0.9957,False
English,ROUGH,i,-0.966,3,0.6816,0.9957,False
English,ROUGH,ə,0.952,11,0.6269,0.9957,False
English,SLOW,b,-0.949,6,0.4129,0.9957,False
English,LOUD,k,-0.944,8,0.5423,0.9957,False
English,LOUD,z,0.932,3,0.5622,0.9957,False
English,BIG,ɡ,0.915,6,0.4925,0.9957,False
English,LOUD,ɜ,0.867,3,0.592,0.9957,False
English,SLOW,ð,0.844,3,0.5075,0.9957,False
English,BIG,d,-0.801,9,0.5672,0.9957,False
English,QUIET,n,0.791,47,0.403,0.9957,False
English,ROUGH,f,0.771,4,0.7065,0.9957,False
English,BRIGHT,v,0.755,8,0.4726,0.9957,False
English,SLOW,ɪ,-0.754,15,0.4677,0.9957,False
English,BIG,ɑ,0.752,4,0.5771,0.9957,False
English,SLOW,l,0.705,22,0.5473,0.9957,False
English,BRIGHT,z,-0.703,3,0.4975,0.9957,False
English,BIG,u,0.702,6,0.6468,0.9957,False
English,QUIET,z,0.693,7,0.4726,0.9957,False
English,ROUGH,t,0.685,11,0.7612,0.9957,False
English,ROUGH,n,-0.684,8,0.806,0.9957,False
English,SLOW,a͡ɪ,-0.669,3,0.5323,0.9957,False
English,QUIET,ɡ,-0.663,6,0.5124,0.9957,False
English,BRIGHT,k,0.66,29,0.5572,0.9957,False
English,LOUD,ɛ,0.648,8,0.7264,0.9957,False
English,SMALL,h,-0.631,3,0.4229,0.9957,False
English,BRIGHT,i,-0.607,13,0.5274,0.9957,False
English,QUIET,a,-0.601,9,0.5373,0.9957,False
English,SMOOTH,z,0.594,13,0.398,0.9957,False
English,QUIET,i,0.575,24,0.5721,0.9957,False
English,LOUD,n,0.566,18,0.7065,0.9957,False
English,BIG,e͡ɪ,-0.564,5,0.6965,0.9957,False
English,SHARP,h,0.56,13,0.4478,0.9957,False
English,QUIET,ɑ,-0.56,3,0.5871,0.9957,False
English,LOUD,ə͡ʊ,0.559,5,0.7761,0.9957,False
English,SHARP,a͡ʊ,-0.558,4,0.4378,0.9957,False
English,SHARP,d͡ʒ,0.556,13,0.4925,0.9957,False
English,SMALL,f,0.538,23,0.4378,0.9957,False
English,DARK,b,0.537,33,0.4577,0.9957,False
English,SHARP,ɔ͡ɪ,0.53,5,0.4478,0.9957,False
English,BIG,w,-0.522,3,0.6766,0.9957,False
English,LOUD,ɪ,-0.517,11,0.7463,0.9957,False
English,BRIGHT,p,-0.512,14,0.6517,0.9957,False
English,DARK,ʃ,-0.512,8,0.5622,0.9957,False
English,LOUD,b,-0.509,5,0.7711,0.9957,False
English,QUIET,ʌ,-0.508,6,0.5174,0.9957,False
English,BIG,ɹ,-0.505,14,0.7065,0.9957,False
English,SMALL,n,-0.501,52,0.5672,0.9957,False
English,FAST,k,-0.499,52,0.4577,0.9957,False
English,BIG,t,-0.496,22,0.6468,0.9957,False
English,QUIET,a͡ʊ,0.49,6,0.6716,0.9957,False
English,BIG,ə,-0.489,17,0.7114,0.9957,False
English,QUIET,l,0.485,35,0.6318,0.9957,False
English,QUIET,ɪ,0.478,38,0.6517,0.9957,False
English,SMALL,ɜ,-0.476,4,0.602,0.9957,False
English,SHARP,ɔ,-0.475,10,0.5174,0.9957,False
English,FAST,ɑ,-0.465,7,0.4627,0.9957,False
English,SMALL,ɒ,-0.463,11,0.5373,0.9957,False
English,DARK,v,0.459,16,0.5124,0.9957,False
English,ROUND,ɪ,0.456,95,0.4776,0.9957,False
English,FAST,ɛ,0.453,41,0.5821,0.9957,False
English,BRIGHT,u,-0.451,5,0.6716,0.9957,False
English,SMALL,ɪ,0.447,52,0.5622,0.9957,False
English,QUIET,ɜ,-0.447,3,0.6567,0.9957,False
English,DARK,ɐ,0.446,7,0.5721,0.9957,False
English,DARK,ɑ,-0.444,6,0.5224,0.9957,False
English,ROUND,e͡ɪ,0.439,37,0.4279,0.9957,False
English,DARK,ʌ,-0.439,13,0.5473,0.9957,False
English,BIG,s,-0.436,21,0.7662,0.9957,False
English,ROUND,n,-0.433,96,0.5224,0.9957,False
English,QUIET,t,-0.43,40,0.6418,0.9957,False
English,SMALL,i͡ə,0.429,6,0.5473,0.9957,False
English,SMALL,p,-0.427,25,0.5622,0.9957,False
English,SHARP,ɛ,-0.427,30,0.4975,0.9957,False
English,DARK,ŋ,-0.427,5,0.5622,0.9957,False
English,SMOOTH,ɪ,0.427,72,0.5323,0.9957,False
English,BRIGHT,ə͡ʊ,-0.426,7,0.6866,0.9957,False
English,SHARP,ɐ,-0.421,3,0.5871,0.9957,False
English,ROUND,z,-0.42,11,0.4826,0.9957,False
English,QUIET,h,-0.415,3,0.7065,0.9957,False
English,SMOOTH,ʌ,-0.412,15,0.5274,0.9957,False
English,SHARP,e͡ɪ,-0.411,19,0.5871,0.9957,False
English,FAST,ə͡l,-0.407,6,0.6119,0.9957,False
English,LOUD,t,-0.392,16,0.8507,0.9957,False
English,SMOOTH,t,0.39,91,0.5522,0.9957,False
English,SMOOTH,w,0.388,17,0.4925,0.9957,False
English,BRIGHT,a,0.385,13,0.7264,0.9957,False
English,SMOOTH,ɒ,0.38,22,0.5771,0.9957,False
English,LOUD,i,0.38,9,0.8109,0.9957,False
English,SLOW,ʌ,-0.379,5,0.7761,0.9957,False
English,FAST,m,-0.377,39,0.6418,0.9957,False
English,SLOW,ʃ,-0.377,3,0.7264,0.9957,False
English,QUIET,ɛ,0.377,19,0.6169,0.9957,False
English,SMOOTH,ə͡ʊ,-0.376,17,0.5672,0.9957,False
English,QUIET,ɔ,0.376,9,0.6915,0.9957,False
English,ROUND,ð,-0.369,4,0.5821,0.9957,False
English,LOUD,e͡ɪ,-0.367,4,0.8458,0.9957,False
English,FAST,t,0.365,100,0.6418,0.9957,False
English,ROUND,ʌ,-0.362,22,0.5224,0.9957,False
English,DARK,a͡ʊ,-0.362,5,0.6716,0.9957,False
English,FAST,f,-0.362,23,0.6368,0.9957,False
English,FAST,ɜ,-0.36,7,0.6517,0.9957,False
English,SMALL,ə͡l,0.357,9,0.6617,0.9957,False
English,DARK,ə͡ʊ,0.356,21,0.6119,0.9957,False
English,SMALL,v,-0.354,9,0.6617,0.9957,False
English,SMOOTH,d͡ʒ,0.354,12,0.5423,0.9957,False
English,BIG,ʌ,-0.351,5,0.801,0.9957,False
English,BIG,ə͡ʊ,-0.348,5,0.8109,0.9957,False
English,ROUND,ɛ,-0.341,40,0.5871,0.9957,False
English,SMOOTH,m,-0.341,36,0.592,0.9957,False
English,DARK,t͡ʃ,-0.339,7,0.6617,0.9957,False
English,QUIET,p,-0.336,19,0.7065,0.9957,False
English,QUIET,ŋ,0.336,5,0.7463,0.9957,False
English,SMALL,m,-0.33,26,0.6468,0.9957,False
English,FAST,ʃ,0.33,17,0.6766,0.9957,False
English,BRIGHT,d͡ʒ,0.324,5,0.7463,0.9957,False
English,FAST,w,-0.324,13,0.6219,0.9957,False
English,SMALL,ɑ,0.322,8,0.6965,0.9957,False
English,SHARP,l,-0.316,53,0.6866,0.9957,False
English,ROUND,t͡ʃ,-0.312,10,0.5672,0.9957,False
English,SMALL,ɔ,0.308,12,0.7413,0.9957,False
English,SMOOTH,θ,0.308,6,0.6617,0.9957,False
English,SMALL,i,-0.3,25,0.7612,0.9957,False
English,SLOW,ɹ,0.289,20,0.8507,0.9957,False
English,FAST,n,0.286,92,0.6816,0.9957,False
English,LOUD,l,-0.285,11,0.8209,0.9957,False
English,SHARP,k,0.279,62,0.7512,0.9957,False
English,BRIGHT,j,-0.279,3,0.7363,0.9957,False
English,SMALL,ɹ,-0.278,38,0.7512,0.9957,False
English,SHARP,ʌ,-0.277,20,0.7711,0.9957,False
English,FAST,ʌ,-0.276,22,0.7164,0.9957,False
English,SLOW,ɛ,0.271,11,0.8408,0.9957,False
English,ROUND,a͡ʊ,0.269,13,0.6468,0.9957,False
English,DARK,k,0.269,57,0.7313,0.9957,False
English,BRIGHT,ɛ,0.266,15,0.8308,0.9957,False
English,SLOW,a,0.262,9,0.8308,0.9957,False
English,QUIET,u,0.262,9,0.8358,0.9957,False
English,FAST,ɔ,0.261,18,0.7164,0.9957,False
English,ROUND,h,0.256,14,0.6816,0.9957,False
English,DARK,ɛ,-0.254,29,0.7711,0.9957,False
English,QUIET,ə͡l,0.249,6,0.8408,0.9957,False
English,SMOOTH,h,-0.247,7,0.6368,0.9957,False
English,SMALL,a͡ʊ,0.243,7,0.801,0.9957,False
English,BRIGHT,t͡ʃ,0.243,4,0.8358,0.9957,False
English,SMOOTH,ə͡l,-0.239,7,0.7363,0.9957,False
English,FAST,ŋ,0.237,10,0.7811,0.9957,False
English,DARK,ɹ,0.235,59,0.7164,0.9957,False
English,SMOOTH,d,-0.224,40,0.7512,0.9957,False
English,DARK,f,-0.216,21,0.7413,0.9957,False
English,FAST,ɐ,0.216,7,0.7761,0.9957,False
English,DARK,ɪ,-0.213,55,0.7861,0.9957,False
English,FAST,ʊ,-0.213,3,0.7313,0.9957,False
English,QUIET,ɒ,-0.213,9,0.8308,0.9957,False
English,SMALL,ʌ,-0.211,16,0.801,0.9957,False
English,ROUND,u,0.198,22,0.7861,0.9957,False
English,QUIET,m,0.198,24,0.8458,0.9957,False
English,SMOOTH,ɑ,-0.193,8,0.7264,0.9957,False
English,ROUND,d,-0.192,53,0.7711,0.9957,False
English,SMOOTH,n,0.191,82,0.801,0.9957,False
English,SLOW,m,-0.189,12,0.8458,0.9957,False
English,DARK,θ,0.186,5,0.8308,0.9957,False
English,FAST,a,0.184,31,0.7662,0.9957,False
English,BRIGHT,a͡ɪ,0.181,8,0.8458,0.9957,False
English,ROUND,θ,0.177,7,0.806,0.9957,False
English,ROUND,ɜ,-0.166,10,0.8109,0.9957,False
English,ROUND,ɔ,0.143,20,0.796,0.9957,False
English,DARK,d͡ʒ,-0.143,9,0.791,0.9957,False
English,SMOOTH,e͡ɪ,0.143,25,0.8408,0.9957,False
English,SMOOTH,ŋ,-0.136,7,0.8308,0.9957,False
English,SMOOTH,k,-0.131,54,0.8209,0.9957,False
English,SHARP,ə͡ʊ,-0.129,19,0.8159,0.9957,False
English,FAST,ə,0.115,82,0.8109,0.9957,False
English,SHARP,θ,0.102,5,0.8507,0.9957,False
English,ROUGH,l,-0.333,6,0.8806,1.0,False
English,BRIGHT,ɹ,0.255,27,0.8756,1.0,False
English,BIG,ɪ,-0.253,17,0.8905,1.0,False
English,LOUD,ʃ,0.223,3,0.9055,1.0,False
English,BRIGHT,ɡ,0.215,7,0.8955,1.0,False
English,BRIGHT,t,-0.21,34,0.9005,1.0,False
English,BIG,i,0.202,12,0.8657,1.0,False
English,BIG,l,0.193,18,0.9055,1.0,False
English,QUIET,ə͡ʊ,0.16,11,0.9055,1.0,False
English,LOUD,ʌ,-0.157,5,0.9254,1.0,False
English,SMALL,ʃ,0.147,10,0.8856,1.0,False
English,BIG,a,0.145,8,0.9104,1.0,False
English,SLOW,ɡ,0.144,5,0.9502,1.0,False
English,BIG,v,-0.142,4,0.9353,1.0,False
English,BRIGHT,m,0.142,19,0.8706,1.0,False
English,SLOW,z,-0.13,3,0.9005,1.0,False
English,BRIGHT,f,-0.129,10,0.8856,1.0,False
English,BIG,ɛ,0.125,10,0.9154,1.0,False
English,SMALL,z,-0.124,7,0.8806,1.0,False
English,BRIGHT,a͡ʊ,-0.122,3,0.9104,1.0,False
English,SMALL,d,-0.11,30,0.9104,1.0,False
English,SMALL,ŋ,0.109,6,0.9104,1.0,False
English,BRIGHT,d,0.101,19,0.9154,1.0,False
English,SLOW,k,0.099,18,0.9154,1.0,False
English,QUIET,w,-0.096,7,0.9303,1.0,False
English,SHARP,ɹ,0.093,61,0.9502,1.0,False
English,BRIGHT,h,0.092,4,0.9303,1.0,False
English,BRIGHT,ʌ,0.092,14,0.9104,1.0,False
English,LOUD,f,-0.089,5,0.9652,1.0,False
English,FAST,d͡ʒ,-0.087,11,0.9154,1.0,False
English,BIG,p,-0.082,12,0.9602,1.0,False
English,QUIET,s,0.054,43,0.9502,1.0,False
English,DARK,e͡ə,0.052,3,0.9453,1.0,False
English,BRIGHT,ɑ,0.051,4,0.9602,1.0,False
English,SMALL,b,-0.047,21,0.9652,1.0,False
English,QUIET,d,0.045,23,0.9701,1.0,False
English,SMALL,ə,0.044,52,0.9502,1.0,False
English,SMOOTH,a,-0.04,25,0.9552,1.0,False
English,SMOOTH,ɜ,0.038,9,0.9502,1.0,False
English,SHARP,ɑ,-0.037,9,0.9403,1.0,False
English,DARK,e͡ɪ,0.027,22,0.9751,1.0,False
English,DARK,h,-0.025,8,0.9652,1.0,False
English,SHARP,ə,-0.024,71,0.9652,1.0,False
English,FAST,a͡ɪ,0.018,19,0.9801,1.0,False
English,DARK,i͡ə,0.013,5,0.99,1.0,False
English,SHARP,b,0.008,30,1.0,1.0,False
English,LOUD,d,0.007,9,1.0,1.0,False
English,SMALL,u,0.002,11,0.99,1.0,False
English,ROUND,ɑ,-0.002,12,1.0,1.0,False
English,DARK,ʊ,-0.0,3,1.0,1.0,False
Finnish,SHARP,e͡u,3.288,15,0.005,0.2507,False
Finnish,QUIET,u͡i,2.93,9,0.005,0.2507,False
Finnish,SLOW,æ͡y,2.784,4,0.005,0.2507,False
Finnish,DARK,b,2.601,5,0.005,0.2507,False
Finnish,ROUND,ŋ,2.367,24,0.005,0.2507,False
Finnish,DARK,ɪ,2.347,113,0.005,0.2507,False
Finnish,SLOW,a,2.294,146,0.005,0.2507,False
Finnish,SMOOTH,i͡e,2.259,20,0.005,0.2507,False
Finnish,ROUND,h,-1.911,29,0.005,0.2507,False
Finnish,ROUND,l,1.745,184,0.005,0.2507,False
Finnish,ROUGH,a͡u,3.215,4,0.01,0.2639,False
Finnish,SLOW,o͡u,2.769,5,0.01,0.2639,False
Finnish,SLOW,y͡ø,2.496,7,0.01,0.2639,False
Finnish,FAST,æ͡i,1.995,9,0.01,0.2639,False
Finnish,SHARP,r,1.917,111,0.01,0.2639,False
Finnish,SMOOTH,n,1.839,160,0.01,0.2639,False
Finnish,DARK,ɡ,2.634,3,0.0149,0.3271,False
Finnish,BIG,v,2.192,26,0.0149,0.3271,False
Finnish,SMOOTH,a͡i,1.637,31,0.0149,0.3271,False
Finnish,SMOOTH,r,-1.632,32,0.0149,0.3271,False
Finnish,ROUND,s,-1.669,80,0.0199,0.4012,False
Finnish,SHARP,i,-1.337,29,0.0199,0.4012,False
Finnish,SLOW,t,1.871,95,0.0249,0.4478,False
Finnish,FAST,n,1.598,112,0.0249,0.4478,False
Finnish,ROUND,o,1.522,99,0.0249,0.4478,False
Finnish,SMALL,ø͡y,1.966,3,0.0299,0.5015,False
Finnish,SLOW,u͡o,1.858,11,0.0348,0.5015,False
Finnish,QUIET,i͡e,1.7,8,0.0348,0.5015,False
Finnish,QUIET,j,1.602,21,0.0348,0.5015,False
Finnish,ROUND,p,1.346,83,0.0348,0.5015,False
Finnish,SHARP,p,1.323,63,0.0348,0.5015,False
Finnish,FAST,i,-1.479,26,0.0398,0.5144,False
Finnish,DARK,o͡i,1.467,13,0.0398,0.5144,False
Finnish,SMOOTH,e,1.193,137,0.0398,0.5144,False
Finnish,QUIET,p,-1.712,10,0.0448,0.5504,False
Finnish,ROUND,v,-1.258,20,0.0448,0.5504,False
Finnish,QUIET,l,1.674,85,0.0498,0.5831,False
Finnish,SMALL,o,-1.384,26,0.0498,0.5831,False
Finnish,LOUD,ø,2.521,6,0.0547,0.5996,False
Finnish,SHARP,i͡u,1.608,3,0.0547,0.5996,False
Finnish,SMALL,u,-1.568,27,0.0547,0.5996,False
Finnish,ROUND,ø͡y,1.327,4,0.0597,0.6402,False
Finnish,FAST,a͡i,1.371,21,0.0647,0.6519,False
Finnish,SHARP,l,-1.366,57,0.0647,0.6519,False
Finnish,ROUND,æ,-1.192,40,0.0647,0.6519,False
Finnish,BIG,m,2.039,25,0.0697,0.6751,False
Finnish,SLOW,s,-1.633,34,0.0697,0.6751,False
Finnish,BIG,d,1.92,8,0.0746,0.7097,False
Finnish,DARK,t,-1.369,71,0.0796,0.743,False
Finnish,BIG,ø,1.77,6,0.0846,0.7478,False
Finnish,SLOW,i,-1.566,15,0.0846,0.7478,False
Finnish,FAST,j,1.172,28,0.0846,0.7478,False
Finnish,BRIGHT,e,1.676,47,0.0896,0.7522,False
Finnish,SMALL,æ,1.425,65,0.0896,0.7522,False
Finnish,SLOW,d,1.48,12,0.1045,0.8493,False
Finnish,FAST,r,-1.256,32,0.1095,0.8619,False
Finnish,SMOOTH,i͡u,1.102,3,0.1095,0.8619,False
Finnish,FAST,ɪ,-1.194,48,0.1244,0.9498,False
Finnish,SLOW,m,-1.34,15,0.1294,0.9587,False
Finnish,ROUND,t,-0.988,124,0.1294,0.9587,False
Finnish,ROUGH,y,2.723,5,0.1343,0.9667,False
Finnish,BRIGHT,t,1.48,63,0.1542,0.9667,False
Finnish,BRIGHT,o͡i,1.478,6,0.1443,0.9667,False
Finnish,BRIGHT,k,-1.439,22,0.1592,0.9667,False
Finnish,SMALL,a͡i,1.192,16,0.1393,0.9667,False
Finnish,FAST,m,-1.16,28,0.1493,0.9667,False
Finnish,DARK,a͡i,-1.049,4,0.1592,0.9667,False
Finnish,FAST,u͡o,-1.041,4,0.1592,0.9667,False
Finnish,DARK,æ,-1.011,29,0.1542,0.9667,False
Finnish,SMOOTH,ɪ,-0.996,71,0.1443,0.9667,False
Finnish,ROUND,i,0.986,60,0.1343,0.9667,False
Finnish,ROUND,o͡i,-0.808,5,0.1592,0.9667,False
Finnish,SMOOTH,u,-0.806,64,0.1493,0.9667,False
Finnish,BIG,y͡ø,1.687,3,0.1692,0.9688,False
Finnish,SMALL,s,1.137,101,0.1692,0.9688,False
Finnish,SHARP,k,0.962,139,0.1692,0.9688,False
Finnish,SMOOTH,d,0.93,22,0.1642,0.9688,False
Finnish,SMOOTH,s,-0.821,105,0.1692,0.9688,False
Finnish,BRIGHT,v,1.391,26,0.194,0.9779,False
Finnish,QUIET,h,1.222,35,0.1741,0.9779,False
Finnish,QUIET,m,-1.105,19,0.1791,0.9779,False
Finnish,DARK,y,-1.006,7,0.1891,0.9779,False
Finnish,FAST,a,1.002,198,0.1891,0.9779,False
Finnish,FAST,l,-0.924,64,0.1791,0.9779,False
Finnish,SMOOTH,j,0.921,35,0.1891,0.9779,False
Finnish,SHARP,n,-0.883,56,0.1891,0.9779,False
Finnish,ROUND,k,0.848,177,0.1791,0.9779,False
Finnish,ROUND,u,0.826,108,0.199,0.9833,False
Finnish,FAST,t,0.972,138,0.209,0.9935,False
Finnish,SMOOTH,o͡i,0.775,15,0.209,0.9935,False
Finnish,ROUND,e͡i,0.751,14,0.209,0.9935,False
Finnish,SMOOTH,h,-0.698,45,0.209,0.9935,False
Finnish,ROUGH,k,2.31,11,0.3532,0.9946,False
Finnish,ROUGH,h,2.146,4,0.3881,0.9946,False
Finnish,ROUGH,s,1.796,9,0.4826,0.9946,False
Finnish,ROUGH,u,1.783,6,0.5174,0.9946,False
Finnish,ROUGH,a,-1.722,6,0.5373,0.9946,False
Finnish,LOUD,æ,-1.655,5,0.2388,0.9946,False
Finnish,ROUGH,i,1.638,3,0.5622,0.9946,False
Finnish,ROUGH,r,1.503,6,0.6567,0.9946,False
Finnish,LOUD,o,1.428,18,0.3134,0.9946,False
Finnish,ROUGH,æ,1.319,5,0.6866,0.9946,False
Finnish,BIG,t,-1.308,27,0.2886,0.9946,False
Finnish,LOUD,u,1.254,22,0.3532,0.9946,False
Finnish,ROUGH,m,1.251,4,0.6169,0.9946,False
Finnish,ROUGH,ɪ,-1.243,3,0.6766,0.9946,False
Finnish,LOUD,y,1.221,13,0.3781,0.9946,False
Finnish,BRIGHT,u,-1.16,17,0.2985,0.9946,False
Finnish,BIG,e,-1.133,15,0.3234,0.9946,False
Finnish,BIG,æ,-1.132,10,0.3333,0.9946,False
Finnish,BIG,o,-1.13,12,0.3184,0.9946,False
Finnish,LOUD,e͡i,1.127,3,0.3632,0.9946,False
Finnish,BIG,l,-1.12,20,0.3433,0.9946,False
Finnish,SLOW,v,-1.106,10,0.2338,0.9946,False
Finnish,SLOW,ɪ,-1.063,30,0.2189,0.9946,False
Finnish,BIG,h,-1.044,10,0.398,0.9946,False
Finnish,SLOW,e,-1.006,28,0.2537,0.9946,False
Finnish,BIG,a,1.003,67,0.3831,0.9946,False
Finnish,QUIET,o͡i,1.001,8,0.2388,0.9946,False
Finnish,SLOW,o,-0.993,22,0.3035,0.9946,False
Finnish,LOUD,p,0.981,14,0.5572,0.9946,False
Finnish,ROUGH,l,-0.98,4,0.7612,0.9946,False
Finnish,FAST,u,-0.98,44,0.2438,0.9946,False
Finnish,SMALL,æ͡i,0.965,5,0.2587,0.9946,False
Finnish,LOUD,k,-0.928,18,0.5423,0.9946,False
Finnish,LOUD,i,0.927,11,0.5323,0.9946,False
Finnish,SLOW,i͡e,0.918,5,0.3085,0.9946,False
Finnish,DARK,s,0.897,108,0.2736,0.9946,False
Finnish,SHARP,b,0.893,3,0.2736,0.9946,False
Finnish,DARK,ŋ,0.879,9,0.2587,0.9946,False
Finnish,SMALL,ŋ,0.873,8,0.2886,0.9946,False
Finnish,SMALL,r,-0.864,33,0.2338,0.9946,False
Finnish,SMALL,u͡o,0.86,11,0.3284,0.9946,False
Finnish,SHARP,d,-0.854,3,0.2189,0.9946,False
Finnish,DARK,p,0.85,47,0.2736,0.9946,False
Finnish,QUIET,n,0.85,62,0.2886,0.9946,False
Finnish,SLOW,u,0.806,45,0.403,0.9946,False
Finnish,DARK,e,0.805,83,0.3035,0.9946,False
Finnish,FAST,k,-0.803,73,0.2289,0.9946,False
Finnish,SLOW,n,-0.793,32,0.3682,0.9946,False
Finnish,DARK,o,0.788,55,0.3134,0.9946,False
Finnish,SMALL,a,-0.782,105,0.3333,0.9946,False
Finnish,SMOOTH,æ͡y,0.777,4,0.2239,0.9946,False
Finnish,BRIGHT,m,-0.773,14,0.4826,0.9946,False
Finnish,QUIET,a,-0.77,86,0.2985,0.9946,False
Finnish,ROUGH,t,-0.756,6,0.7761,0.9946,False
Finnish,LOUD,e,-0.75,14,0.6368,0.9946,False
Finnish,BIG,r,0.744,26,0.4577,0.9946,False
Finnish,SHARP,a͡i,-0.743,7,0.2935,0.9946,False
Finnish,FAST,o,0.742,60,0.2935,0.9946,False
Finnish,SHARP,e,-0.74,58,0.2537,0.9946,False
Finnish,SMOOTH,m,0.738,75,0.2836,0.9946,False
Finnish,SMOOTH,o͡u,0.726,5,0.2637,0.9946,False
Finnish,DARK,i,0.72,37,0.3632,0.9946,False
Finnish,SMOOTH,æ,0.717,90,0.2139,0.9946,False
Finnish,SMOOTH,p,-0.711,40,0.2687,0.9946,False
Finnish,SLOW,a͡i,-0.704,4,0.4378,0.9946,False
Finnish,QUIET,y,-0.693,9,0.403,0.9946,False
Finnish,BIG,ɪ,0.688,30,0.5274,0.9946,False
Finnish,SLOW,u͡i,0.688,3,0.4129,0.9946,False
Finnish,SMOOTH,k,-0.667,105,0.2836,0.9946,False
Finnish,SMOOTH,e͡i,0.666,13,0.2637,0.9946,False
Finnish,SMALL,j,0.663,19,0.4129,0.9946,False
Finnish,LOUD,l,0.661,27,0.6667,0.9946,False
Finnish,QUIET,ɪ,0.651,58,0.403,0.9946,False
Finnish,DARK,d,-0.639,4,0.4179,0.9946,False
Finnish,SMOOTH,y,-0.635,20,0.2985,0.9946,False
Finnish,DARK,a,-0.632,123,0.403,0.9946,False
Finnish,BIG,s,0.621,38,0.5572,0.9946,False
Finnish,SLOW,æ,0.621,38,0.4925,0.9946,False
Finnish,SHARP,æ,0.609,69,0.398,0.9946,False
Finnish,SLOW,y,-0.608,9,0.5373,0.9946,False
Finnish,FAST,v,0.603,48,0.5025,0.9946,False
Finnish,BIG,n,-0.591,20,0.607,0.9946,False
Finnish,SLOW,l,0.587,60,0.4826,0.9946,False
Finnish,QUIET,a͡i,-0.587,5,0.4726,0.9946,False
Finnish,ROUND,a͡i,0.584,22,0.3134,0.9946,False
Finnish,SMOOTH,ŋ,-0.58,4,0.2836,0.9946,False
Finnish,FAST,e,0.58,86,0.4478,0.9946,False
Finnish,DARK,m,0.575,48,0.4627,0.9946,False
Finnish,FAST,ŋ,-0.568,3,0.4378,0.9946,False
Finnish,DARK,u͡o,0.567,11,0.4129,0.9946,False
Finnish,DARK,o͡u,0.565,3,0.4428,0.9946,False
Finnish,FAST,æ,0.552,63,0.4577,0.9946,False
Finnish,SMALL,e,0.551,69,0.4328,0.9946,False
Finnish,DARK,u,-0.548,47,0.4826,0.9946,False
Finnish,SMALL,y,0.547,30,0.4826,0.9946,False
Finnish,SMALL,n,0.544,70,0.5473,0.9946,False
Finnish,SLOW,k,-0.541,48,0.4776,0.9946,False
Finnish,QUIET,e͡i,-0.539,3,0.592,0.9946,False
Finnish,QUIET,e,0.532,56,0.592,0.9946,False
Finnish,QUIET,k,-0.526,54,0.5473,0.9946,False
Finnish,DARK,v,-0.523,25,0.4776,0.9946,False
Finnish,QUIET,r,-0.521,32,0.5373,0.9946,False
Finnish,SHARP,e͡i,-0.514,5,0.4378,0.9946,False
Finnish,SMOOTH,u͡i,0.513,6,0.4279,0.9946,False
Finnish,BRIGHT,l,-0.511,31,0.6517,0.9946,False
Finnish,BIG,i,-0.51,11,0.5721,0.9946,False
Finnish,BIG,u͡o,0.508,4,0.6517,0.9946,False
Finnish,SMOOTH,u͡o,0.5,16,0.4129,0.9946,False
Finnish,BRIGHT,h,0.499,19,0.6219,0.9946,False
Finnish,ROUND,m,0.498,73,0.4179,0.9946,False
Finnish,DARK,h,-0.493,32,0.5274,0.9946,False
Finnish,SMALL,k,0.476,92,0.5174,0.9946,False
Finnish,BRIGHT,ɪ,0.466,35,0.6716,0.9946,False
Finnish,FAST,y,-0.462,18,0.5323,0.9946,False
Finnish,LOUD,u͡o,0.444,3,0.7164,0.9946,False
Finnish,QUIET,u,0.443,46,0.5522,0.9946,False
Finnish,QUIET,o,0.44,37,0.607,0.9946,False
Finnish,DARK,n,-0.438,57,0.5274,0.9946,False
Finnish,SMALL,p,-0.437,27,0.6119,0.9946,False
Finnish,FAST,o͡u,0.435,3,0.6667,0.9946,False
Finnish,DARK,k,0.434,102,0.5423,0.9946,False
Finnish,SMOOTH,v,0.434,61,0.4826,0.9946,False
Finnish,ROUND,u͡o,-0.429,10,0.4677,0.9946,False
Finnish,QUIET,æ,-0.408,29,0.6716,0.9946,False
Finnish,BRIGHT,a͡i,0.405,6,0.7065,0.9946,False
Finnish,SMALL,d,-0.403,5,0.5672,0.9946,False
Finnish,SHARP,v,-0.402,32,0.5771,0.9946,False
Finnish,BIG,a͡i,-0.399,3,0.7711,0.9946,False
Finnish,ROUND,j,-0.386,20,0.5274,0.9946,False
Finnish,SMOOTH,l,0.379,131,0.4925,0.9946,False
Finnish,DARK,a͡u,-0.374,3,0.602,0.9946,False
Finnish,FAST,d,0.371,12,0.5771,0.9946,False
Finnish,SHARP,ɪ,0.37,88,0.6119,0.9946,False
Finnish,LOUD,t,0.37,32,0.8408,0.9946,False
Finnish,BRIGHT,d,0.369,5,0.7612,0.9946,False
Finnish,QUIET,æ͡i,0.367,3,0.7164,0.9946,False
Finnish,ROUND,y,-0.364,28,0.5771,0.9946,False
Finnish,BRIGHT,j,-0.364,6,0.7463,0.9946,False
Finnish,SHARP,ŋ,0.36,8,0.6119,0.9946,False
Finnish,BRIGHT,i,0.358,16,0.791,0.9946,False
Finnish,SLOW,h,0.356,26,0.6418,0.9946,False
Finnish,SMALL,m,-0.354,32,0.6617,0.9946,False
Finnish,FAST,o͡i,0.343,9,0.6517,0.9946,False
Finnish,BIG,p,0.329,15,0.7612,0.9946,False
Finnish,BIG,j,-0.319,5,0.7761,0.9946,False
Finnish,SHARP,i͡e,-0.299,3,0.6965,0.9946,False
Finnish,ROUND,ɪ,0.294,113,0.6119,0.9946,False
Finnish,LOUD,r,-0.29,14,0.8706,0.9946,False
Finnish,FAST,e͡i,0.289,8,0.6866,0.9946,False
Finnish,QUIET,i,0.288,25,0.8109,0.9946,False
Finnish,SHARP,y,-0.284,23,0.6219,0.9946,False
Finnish,SLOW,p,-0.283,21,0.7264,0.9946,False
Finnish,BRIGHT,y,-0.274,9,0.8159,0.9946,False
Finnish,SMALL,o͡i,0.27,7,0.7065,0.9946,False
Finnish,SMALL,v,-0.27,26,0.7562,0.9946,False
Finnish,SLOW,a͡u,-0.266,3,0.6915,0.9946,False
Finnish,DARK,r,0.265,60,0.7264,0.9946,False
Finnish,QUIET,s,-0.262,60,0.7612,0.9946,False
Finnish,ROUND,æ͡i,-0.257,4,0.7114,0.9946,False
Finnish,SHARP,s,-0.254,98,0.7214,0.9946,False
Finnish,FAST,i͡e,-0.254,3,0.7363,0.9946,False
Finnish,FAST,p,-0.254,36,0.7214,0.9946,False
Finnish,ROUND,y͡ø,0.249,5,0.6965,0.9946,False
Finnish,BRIGHT,p,0.245,18,0.8109,0.9946,False
Finnish,ROUND,a,-0.244,212,0.7264,0.9946,False
Finnish,ROUND,a͡u,0.242,19,0.6816,0.9946,False
Finnish,SMALL,ø,-0.231,3,0.8657,0.9946,False
Finnish,BRIGHT,a,-0.228,63,0.8607,0.9946,False
Finnish,ROUND,r,0.227,92,0.7214,0.9946,False
Finnish,LOUD,ɪ,-0.223,18,0.8955,0.9946,False
Finnish,DARK,u͡i,0.221,3,0.6915,0.9946,False
Finnish,QUIET,t,-0.221,71,0.8159,0.9946,False
Finnish,SMOOTH,æ͡i,-0.217,4,0.7363,0.9946,False
Finnish,SHARP,a,0.199,180,0.7363,0.9946,False
Finnish,SMOOTH,i,-0.197,47,0.7463,0.9946,False
Finnish,SHARP,m,-0.196,45,0.7562,0.9946,False
Finnish,SLOW,r,-0.19,33,0.8159,0.9946,False
Finnish,LOUD,n,-0.182,18,0.9453,0.9946,False
Finnish,DARK,l,-0.176,75,0.8458,0.9946,False
Finnish,LOUD,h,0.173,11,0.8806,0.9946,False
Finnish,LOUD,m,-0.173,11,0.9303,0.9946,False
Finnish,SMALL,i,0.171,30,0.8657,0.9946,False
Finnish,BIG,y,-0.164,8,0.8657,0.9946,False
Finnish,BRIGHT,n,-0.161,29,0.8706,0.9946,False
Finnish,BRIGHT,æ,0.155,23,0.8507,0.9946,False
Finnish,SHARP,t,0.153,126,0.8358,0.9946,False
Finnish,SMALL,e͡i,-0.147,5,0.8607,0.9946,False
Finnish,BRIGHT,s,0.14,42,0.9104,0.9946,False
Finnish,FAST,h,-0.132,39,0.8507,0.9946,False
Finnish,DARK,ø,-0.131,4,0.8706,0.9946,False
Finnish,DARK,j,0.127,17,0.8557,0.9946,False
Finnish,SLOW,o͡i,-0.126,4,0.8607,0.9946,False
Finnish,SMALL,t,-0.125,89,0.9005,0.9946,False
Finnish,BIG,k,-0.125,32,0.9254,0.9946,False
Finnish,SHARP,a͡u,-0.124,8,0.8358,0.9946,False
Finnish,SLOW,j,0.116,11,0.8955,0.9946,False
Finnish,SMOOTH,y͡ø,-0.112,3,0.8657,0.9946,False
Finnish,QUIET,ø,-0.111,3,0.8358,0.9946,False
Finnish,LOUD,s,0.099,26,0.9403,0.9946,False
Finnish,SMALL,ɪ,-0.098,58,0.9154,0.9946,False
Finnish,ROUND,d,0.096,14,0.8706,0.9946,False
Finnish,BRIGHT,r,0.096,26,0.8905,0.9946,False
Finnish,FAST,a͡u,0.092,11,0.8856,0.9946,False
Finnish,SMALL,h,-0.078,32,0.9254,0.9946,False
Finnish,SMOOTH,t,-0.078,151,0.9104,0.9946,False
Finnish,QUIET,ŋ,0.072,4,0.9453,0.9946,False
Finnish,SHARP,u,-0.071,65,0.9104,0.9946,False
Finnish,LOUD,v,0.071,10,0.9453,0.9946,False
Finnish,SMOOTH,a,-0.055,214,0.9353,0.9946,False
Finnish,FAST,ø,-0.046,5,0.9104,0.9946,False
Finnish,SHARP,y͡ø,0.044,3,0.9403,0.9946,False
Finnish,ROUND,n,-0.043,102,0.8955,0.9946,False
Finnish,SMOOTH,o,0.041,69,0.9403,0.9946,False
Finnish,ROUND,e,-0.039,100,0.9403,0.9946,False
Finnish,LOUD,a,-0.066,41,0.9751,0.9979,False
Finnish,BRIGHT,u͡o,0.065,4,0.9751,0.9979,False
Finnish,FAST,s,-0.051,96,0.9751,0.9979,False
Finnish,QUIET,v,0.046,25,0.9701,0.9979,False
Finnish,SHARP,h,-0.039,43,0.9701,0.9979,False
Finnish,QUIET,u͡o,-0.033,6,0.9652,0.9979,False
Finnish,SMALL,l,0.03,71,0.9552,0.9979,False
Finnish,SHARP,j,0.006,19,0.9801,0.9979,False
Finnish,BIG,u,0.021,21,0.99,1.0,False
Finnish,LOUD,a͡i,-0.015,3,0.99,1.0,False
Finnish,SHARP,o,-0.007,54,0.9851,1.0,False
Finnish,BRIGHT,o,0.003,21,0.99,1.0,False
French,QUIET,ɑ̃,2.644,32,0.005,0.4317,False
French,SMALL,w,2.322,20,0.005,0.4317,False
French,SMALL,d,2.182,35,0.005,0.4317,False
French,DARK,z,2.119,19,0.005,0.4317,False
French,SMALL,ə,2.01,22,0.01,0.4317,False
French,ROUND,a,1.87,166,0.005,0.4317,False
French,SMOOTH,v,1.808,46,0.01,0.4317,False
French,DARK,ʒ,1.777,24,0.01,0.4317,False
French,SMOOTH,s,1.711,108,0.01,0.4317,False
French,SMOOTH,ɛ̃,1.633,28,0.01,0.4317,False
French,ROUND,y,-1.516,20,0.005,0.4317,False
French,SMOOTH,ə,1.442,35,0.01,0.4317,False
French,BIG,ɡ,2.437,10,0.0149,0.488,False
French,QUIET,ɔ,2.154,17,0.0199,0.488,False
French,SLOW,e,2.039,103,0.0149,0.488,False
French,BIG,ɔ̃,1.991,9,0.0149,0.488,False
French,DARK,p,-1.84,20,0.0199,0.488,False
French,SMALL,l,1.804,60,0.0199,0.488,False
French,ROUND,k,1.66,104,0.0199,0.488,False
French,SHARP,ʃ,1.572,23,0.0199,0.488,False
French,DARK,ɲ,2.528,4,0.0249,0.5612,False
French,ROUND,ʁ,-1.307,128,0.0249,0.5612,False
French,ROUGH,ø,3.196,3,0.0348,0.5777,False
French,SLOW,m,-1.742,10,0.0348,0.5777,False
French,ROUND,b,1.487,57,0.0299,0.5777,False
French,ROUND,ʃ,1.342,30,0.0348,0.5777,False
French,ROUND,ɛ̃,-1.275,5,0.0348,0.5777,False
French,SMOOTH,ɛ,1.249,86,0.0348,0.5777,False
French,FAST,l,-1.12,46,0.0348,0.5777,False
French,DARK,b,1.518,32,0.0398,0.6414,False
French,SHARP,ɲ,1.909,4,0.0448,0.6475,False
French,SMALL,ɔ,-1.514,7,0.0448,0.6475,False
French,ROUND,f,-1.353,16,0.0448,0.6475,False
French,SMOOTH,l,-1.252,35,0.0448,0.6475,False
French,LOUD,œ,2.281,5,0.0547,0.6567,False
French,SMALL,p,1.634,40,0.0547,0.6567,False
French,ROUND,œ̃,1.385,3,0.0547,0.6567,False
French,ROUND,l,1.329,121,0.0498,0.6567,False
French,FAST,ʒ,1.288,37,0.0498,0.6567,False
French,FAST,ʃ,1.165,28,0.0547,0.6567,False
French,SMOOTH,ɡ,-1.074,3,0.0498,0.6567,False
French,ROUGH,j,2.909,8,0.0846,0.6734,False
French,BIG,i,-2.004,10,0.0846,0.6734,False
French,BRIGHT,a,-1.908,12,0.0746,0.6734,False
French,QUIET,o,1.865,25,0.0896,0.6734,False
French,BRIGHT,s,-1.821,14,0.0846,0.6734,False
French,SLOW,ʁ,1.526,102,0.0746,0.6734,False
French,SMALL,ʁ,-1.347,56,0.0746,0.6734,False
French,DARK,l,1.306,67,0.0697,0.6734,False
French,DARK,t,-1.291,33,0.0746,0.6734,False
French,SHARP,d,-1.289,18,0.0697,0.6734,False
French,DARK,a,1.275,82,0.0896,0.6734,False
French,DARK,m,1.201,43,0.0597,0.6734,False
French,FAST,d,1.193,64,0.0697,0.6734,False
French,DARK,k,-1.121,24,0.0896,0.6734,False
French,SHARP,ɔ̃,1.116,27,0.0796,0.6734,False
French,SMALL,e,-1.108,18,0.0846,0.6734,False
French,ROUND,s,-1.105,70,0.0796,0.6734,False
French,FAST,ɛ̃,1.067,28,0.0746,0.6734,False
French,FAST,v,0.972,43,0.0647,0.6734,False
French,FAST,m,-0.922,38,0.0896,0.6734,False
French,QUIET,p,-1.562,13,0.0995,0.7195,False
French,SHARP,w,1.07,21,0.1045,0.7366,False
French,BRIGHT,ɛ,1.625,29,0.1144,0.7593,False
French,BRIGHT,y,-1.544,5,0.1144,0.7593,False
French,DARK,v,1.11,25,0.1144,0.7593,False
French,SMALL,n,-1.027,13,0.1095,0.7593,False
French,DARK,ɔ,1.023,23,0.1194,0.7741,False
French,FAST,f,-0.981,22,0.1194,0.7741,False
French,BRIGHT,i,1.761,37,0.1244,0.7794,False
French,BRIGHT,n,1.361,17,0.1244,0.7794,False
French,ROUND,v,-0.886,16,0.1244,0.7794,False
French,BIG,œ,1.548,5,0.1294,0.7845,False
French,SHARP,v,-1.009,10,0.1294,0.7845,False
French,ROUND,ɡ,0.935,32,0.1294,0.7845,False
French,SMALL,ɔ̃,-0.959,7,0.1393,0.8184,False
French,ROUND,ʒ,-0.84,10,0.1393,0.8184,False
French,LOUD,t,1.899,21,0.1443,0.8303,False
French,SMOOTH,n,-0.841,27,0.1443,0.8303,False
French,SHARP,k,1.001,63,0.1493,0.8418,False
French,BRIGHT,k,-1.655,8,0.1592,0.8718,False
French,SLOW,ɔ̃,-1.16,6,0.1592,0.8718,False
French,ROUGH,f,2.706,3,0.1642,0.8819,False
French,ROUND,o,0.817,57,0.1642,0.8819,False
French,BIG,n,1.519,13,0.194,0.8825,False
French,BIG,u,1.411,11,0.1791,0.8825,False
French,BIG,y,1.375,11,0.1891,0.8825,False
French,BIG,t,1.364,24,0.1791,0.8825,False
French,ROUND,ɪ,1.021,3,0.194,0.8825,False
French,DARK,ɛ,-0.965,21,0.194,0.8825,False
French,SHARP,ɛ̃,-0.914,6,0.1791,0.8825,False
French,FAST,ɔ̃,0.888,36,0.1841,0.8825,False
French,SMOOTH,i,-0.807,69,0.1741,0.8825,False
French,FAST,ɔ,-0.805,23,0.1891,0.8825,False
French,ROUND,ɔ,0.793,39,0.1891,0.8825,False
French,ROUND,i,-0.745,84,0.1791,0.8825,False
French,ROUND,œ,-0.689,5,0.1891,0.8825,False
French,BIG,m,1.343,15,0.2189,0.9026,False
French,BIG,e,-1.25,6,0.2289,0.9026,False
French,BIG,d,-1.222,5,0.209,0.9026,False
French,BIG,b,-1.174,3,0.2289,0.9026,False
French,BRIGHT,ʒ,1.163,9,0.209,0.9026,False
French,QUIET,t,-1.066,21,0.2189,0.9026,False
French,QUIET,n,1.056,20,0.2239,0.9026,False
French,SMALL,u,-0.983,5,0.209,0.9026,False
French,SLOW,u,0.977,22,0.2239,0.9026,False
French,SMALL,v,-0.899,7,0.204,0.9026,False
French,SHARP,ɡ,0.884,22,0.2189,0.9026,False
French,FAST,k,-0.766,51,0.204,0.9026,False
French,SHARP,ə,-0.755,8,0.2239,0.9026,False
French,SMOOTH,ʁ,0.715,169,0.2139,0.9026,False
French,SMOOTH,j,-0.711,18,0.2289,0.9026,False
French,ROUND,m,-0.701,42,0.2239,0.9026,False
French,ROUND,d,0.684,56,0.2289,0.9026,False
French,LOUD,u,1.519,9,0.2388,0.9115,False
French,BIG,ʁ,1.158,41,0.2537,0.9115,False
French,QUIET,y,-1.158,8,0.2438,0.9115,False
French,QUIET,ɛ̃,1.062,9,0.2537,0.9115,False
French,SHARP,ɑ̃,-0.824,27,0.2537,0.9115,False
French,SMOOTH,ɔ,-0.709,20,0.2488,0.9115,False
French,SMOOTH,a,-0.67,72,0.2338,0.9115,False
French,SHARP,t,-0.667,53,0.2537,0.9115,False
French,ROUND,p,0.653,75,0.2537,0.9115,False
French,SLOW,ə,-0.92,4,0.2587,0.9119,False
French,DARK,i,-0.802,46,0.2587,0.9119,False
French,SHARP,o,0.664,38,0.2637,0.918,False
French,SMOOTH,m,0.646,56,0.2637,0.918,False
French,ROUND,e,-0.68,67,0.2736,0.9241,False
French,FAST,z,-0.66,12,0.2736,0.9241,False
French,SMALL,z,-0.744,5,0.2836,0.952,False
French,SHARP,ɛ,0.606,59,0.2935,0.9681,False
French,SMOOTH,y,-0.596,27,0.2935,0.9681,False
French,LOUD,y,1.533,9,0.3035,0.9781,False
French,SMALL,j,-0.817,7,0.2985,0.9781,False
French,SHARP,f,-0.664,19,0.3035,0.9781,False
French,SMALL,a,0.76,58,0.3184,0.9867,False
French,SMALL,t,0.703,49,0.3184,0.9867,False
French,DARK,d,-0.619,20,0.3184,0.9867,False
French,SMOOTH,ʒ,-0.59,11,0.3134,0.9867,False
French,FAST,ɑ̃,-0.509,44,0.3134,0.9867,False
French,LOUD,k,1.221,14,0.3582,0.9888,False
French,BIG,k,-1.145,8,0.3284,0.9888,False
French,BIG,ʃ,1.053,5,0.3383,0.9888,False
French,QUIET,v,1.005,14,0.3284,0.9888,False
French,BIG,ɛ̃,0.933,5,0.3483,0.9888,False
French,QUIET,a,-0.846,26,0.3433,0.9888,False
French,SLOW,f,-0.791,11,0.3532,0.9888,False
French,QUIET,u,-0.771,5,0.3682,0.9888,False
French,SMALL,ʒ,-0.737,5,0.3234,0.9888,False
French,SMALL,o,0.675,24,0.3483,0.9888,False
French,SHARP,e,-0.636,49,0.3433,0.9888,False
French,DARK,e,-0.601,40,0.3682,0.9888,False
French,SHARP,p,0.585,52,0.3632,0.9888,False
French,SMOOTH,ʃ,-0.503,7,0.3383,0.9888,False
French,FAST,e,0.551,143,0.3731,0.9927,False
French,BRIGHT,j,1.01,29,0.393,0.994,False
French,QUIET,i,0.761,39,0.393,0.994,False
French,QUIET,m,0.712,22,0.3881,0.994,False
French,SMALL,k,0.625,36,0.3831,0.994,False
French,FAST,o,-0.521,31,0.3881,0.994,False
French,ROUGH,s,1.983,5,0.5274,1.0,False
French,ROUGH,ʁ,-1.856,4,0.602,1.0,False
French,ROUGH,e,1.741,8,0.6269,1.0,False
French,ROUGH,i,1.334,5,0.6816,1.0,False
French,LOUD,p,-1.12,7,0.4677,1.0,False
French,LOUD,o,-1.069,3,0.4527,1.0,False
French,LOUD,m,1.036,11,0.4577,1.0,False
French,ROUGH,p,1.03,3,0.7463,1.0,False
French,LOUD,ɔ,0.938,6,0.5025,1.0,False
French,BIG,ɑ̃,0.936,13,0.4179,1.0,False
French,BRIGHT,d,-0.911,8,0.4328,1.0,False
French,ROUGH,a,-0.834,3,0.8259,1.0,False
French,BRIGHT,z,0.794,6,0.4378,1.0,False
French,BRIGHT,ɑ̃,-0.774,10,0.4677,1.0,False
French,SLOW,j,-0.773,8,0.4129,1.0,False
French,LOUD,d,-0.762,5,0.6219,1.0,False
French,BRIGHT,ɔ,-0.744,6,0.4527,1.0,False
French,BIG,o,-0.741,5,0.4577,1.0,False
French,BIG,ə,0.728,6,0.5473,1.0,False
French,QUIET,l,0.717,33,0.408,1.0,False
French,BRIGHT,o,0.712,14,0.4378,1.0,False
French,SLOW,ɛ,-0.702,20,0.4328,1.0,False
French,BRIGHT,l,-0.696,15,0.4975,1.0,False
French,BRIGHT,ə,0.69,8,0.5473,1.0,False
French,LOUD,ɔ̃,0.685,5,0.6667,1.0,False
French,QUIET,ə,-0.682,4,0.4328,1.0,False
French,LOUD,ɛ,-0.642,7,0.7214,1.0,False
French,LOUD,a,-0.62,13,0.6965,1.0,False
French,SLOW,l,-0.616,27,0.4428,1.0,False
French,ROUGH,k,0.605,3,0.8458,1.0,False
French,QUIET,b,0.603,14,0.5522,1.0,False
French,SLOW,ɔ,-0.601,11,0.5224,1.0,False
French,QUIET,ɛ,0.597,27,0.4975,1.0,False
French,BRIGHT,f,0.593,12,0.5771,1.0,False
French,BRIGHT,b,0.591,11,0.592,1.0,False
French,BRIGHT,ɛ̃,-0.583,3,0.5473,1.0,False
French,QUIET,e,-0.56,24,0.5721,1.0,False
French,QUIET,z,0.559,7,0.5075,1.0,False
French,SLOW,s,-0.543,36,0.4478,1.0,False
French,SHARP,n,-0.542,26,0.4179,1.0,False
French,LOUD,ʁ,0.536,29,0.7512,1.0,False
French,BIG,l,-0.533,12,0.6517,1.0,False
French,FAST,a,0.526,124,0.4478,1.0,False
French,SHARP,i,-0.517,63,0.4527,1.0,False
French,LOUD,i,0.507,17,0.7463,1.0,False
French,SMALL,œ,-0.505,3,0.4627,1.0,False
French,SMOOTH,b,-0.504,22,0.408,1.0,False
French,SMOOTH,u,0.504,34,0.403,1.0,False
French,QUIET,ʁ,-0.488,51,0.5721,1.0,False
French,SMOOTH,w,0.486,19,0.4328,1.0,False
French,BIG,ʒ,0.474,5,0.6866,1.0,False
French,ROUND,u,0.471,40,0.4428,1.0,False
French,DARK,œ,0.466,9,0.5274,1.0,False
French,FAST,b,-0.463,27,0.4179,1.0,False
French,SHARP,u,0.461,28,0.4876,1.0,False
French,DARK,f,0.454,25,0.5025,1.0,False
French,DARK,ɑ̃,-0.452,25,0.4776,1.0,False
French,BRIGHT,v,0.45,9,0.6368,1.0,False
French,DARK,ɡ,0.45,14,0.5771,1.0,False
French,FAST,j,-0.443,36,0.4428,1.0,False
French,BIG,ɔ,-0.439,5,0.6816,1.0,False
French,SMOOTH,ɔ̃,-0.435,18,0.4179,1.0,False
French,DARK,ɔ̃,-0.432,12,0.5323,1.0,False
French,FAST,y,0.425,46,0.4378,1.0,False
French,BRIGHT,œ,0.419,4,0.7711,1.0,False
French,BIG,j,-0.417,7,0.7164,1.0,False
French,FAST,ɡ,-0.411,13,0.4677,1.0,False
French,BRIGHT,w,-0.407,3,0.7214,1.0,False
French,BRIGHT,e,0.402,34,0.6866,1.0,False
French,QUIET,w,0.402,7,0.597,1.0,False
French,FAST,t,0.394,103,0.607,1.0,False
French,FAST,u,-0.393,23,0.5025,1.0,False
French,SMALL,ø,0.387,9,0.592,1.0,False
French,FAST,p,-0.376,59,0.4726,1.0,False
French,SLOW,t,0.375,45,0.6119,1.0,False
French,FAST,ʁ,0.373,190,0.5323,1.0,False
French,SMOOTH,p,0.368,59,0.4677,1.0,False
French,SLOW,ɡ,-0.364,6,0.6617,1.0,False
French,QUIET,j,-0.361,13,0.6716,1.0,False
French,DARK,s,0.351,56,0.602,1.0,False
French,SLOW,a,0.35,52,0.6517,1.0,False
French,FAST,i,0.348,111,0.5522,1.0,False
French,BRIGHT,ʁ,0.344,48,0.6965,1.0,False
French,SMALL,ɑ̃,0.339,26,0.6667,1.0,False
French,SMOOTH,f,0.338,36,0.5473,1.0,False
French,QUIET,ʒ,0.329,8,0.6915,1.0,False
French,ROUND,t,0.326,101,0.5423,1.0,False
French,DARK,ɛ̃,-0.318,8,0.5821,1.0,False
French,DARK,n,0.31,28,0.6667,1.0,False
French,SHARP,ɔ,0.308,24,0.6567,1.0,False
French,QUIET,s,-0.307,28,0.6866,1.0,False
French,SMOOTH,t,-0.298,71,0.6219,1.0,False
French,SHARP,j,0.292,53,0.6517,1.0,False
French,SHARP,y,0.289,31,0.6517,1.0,False
French,BIG,ɛ,0.288,14,0.7711,1.0,False
French,BIG,p,0.284,13,0.7861,1.0,False
French,ROUND,n,-0.284,41,0.6368,1.0,False
French,LOUD,w,0.283,3,0.8159,1.0,False
French,DARK,u,-0.282,14,0.7114,1.0,False
French,DARK,ə,-0.28,10,0.7313,1.0,False
French,LOUD,ɛ̃,0.28,3,0.8209,1.0,False
French,DARK,j,-0.275,25,0.7114,1.0,False
French,QUIET,d,0.267,16,0.7562,1.0,False
French,LOUD,s,-0.264,13,0.8756,1.0,False
French,FAST,ɛ,0.263,74,0.6517,1.0,False
French,SMOOTH,ɑ̃,0.261,48,0.6915,1.0,False
French,QUIET,k,-0.26,20,0.796,1.0,False
French,LOUD,f,-0.246,5,0.8706,1.0,False
French,SHARP,ʁ,0.245,130,0.7313,1.0,False
French,BRIGHT,t,-0.24,22,0.8159,1.0,False
French,LOUD,j,-0.232,7,0.8607,1.0,False
French,ROUND,w,-0.225,14,0.607,1.0,False
French,QUIET,f,-0.223,11,0.7861,1.0,False
French,BRIGHT,ɡ,-0.217,4,0.8358,1.0,False
French,SLOW,p,0.217,30,0.8209,1.0,False
French,BRIGHT,m,-0.213,13,0.8308,1.0,False
French,BRIGHT,ʃ,-0.213,3,0.8706,1.0,False
French,SMOOTH,z,-0.212,13,0.7662,1.0,False
French,SMOOTH,o,-0.206,31,0.7413,1.0,False
French,ROUND,ə,-0.205,19,0.6766,1.0,False
French,SMALL,m,0.204,26,0.796,1.0,False
French,SMALL,y,0.203,19,0.7861,1.0,False
French,SHARP,z,-0.199,11,0.6915,1.0,False
French,LOUD,l,-0.198,11,0.8607,1.0,False
French,SLOW,ʒ,-0.193,8,0.791,1.0,False
French,SMALL,f,0.19,18,0.8358,1.0,False
French,SHARP,b,0.188,26,0.8159,1.0,False
French,FAST,ø,-0.186,8,0.7711,1.0,False
French,SLOW,k,-0.184,28,0.8507,1.0,False
French,ROUND,j,-0.18,50,0.7114,1.0,False
French,FAST,œ,-0.174,10,0.7413,1.0,False
French,SMALL,ɛ,-0.172,27,0.7861,1.0,False
French,SLOW,z,-0.166,7,0.8706,1.0,False
French,SMALL,i,0.163,47,0.8308,1.0,False
French,SLOW,ɑ̃,-0.162,22,0.8209,1.0,False
French,SLOW,ɛ̃,-0.161,7,0.8557,1.0,False
French,FAST,ə,0.151,24,0.801,1.0,False
French,SLOW,d,-0.148,19,0.8856,1.0,False
French,FAST,w,-0.147,15,0.8109,1.0,False
French,DARK,ʃ,-0.145,7,0.8458,1.0,False
French,SLOW,n,-0.145,19,0.8756,1.0,False
French,SLOW,ʃ,0.14,7,0.8358,1.0,False
French,DARK,ø,-0.139,5,0.8607,1.0,False
French,QUIET,ɔ̃,-0.135,8,0.9104,1.0,False
French,BRIGHT,p,0.127,17,0.8955,1.0,False
French,BIG,s,0.125,18,0.9005,1.0,False
French,SLOW,y,-0.12,17,0.8905,1.0,False
French,SHARP,a,0.119,78,0.8507,1.0,False
French,SHARP,l,0.119,59,0.8458,1.0,False
French,SHARP,œ,0.118,9,0.8905,1.0,False
French,SMOOTH,e,0.117,97,0.801,1.0,False
French,SLOW,v,-0.108,12,0.8955,1.0,False
French,DARK,ʁ,0.102,100,0.8259,1.0,False
French,ROUND,ɛ,0.099,69,0.9303,1.0,False
French,ROUND,z,0.097,18,0.8358,1.0,False
French,FAST,n,0.092,47,0.8607,1.0,False
French,DARK,y,0.081,23,0.8806,1.0,False
French,DARK,o,-0.08,22,0.9254,1.0,False
French,SMOOTH,d,0.076,39,0.9055,1.0,False
French,ROUND,ɔ̃,0.069,27,0.9005,1.0,False
French,FAST,s,-0.067,92,0.9303,1.0,False
French,LOUD,ɑ̃,0.064,8,0.9652,1.0,False
French,SMALL,ɛ̃,0.061,8,0.9303,1.0,False
French,SMOOTH,ø,-0.057,9,0.9104,1.0,False
French,SHARP,ʒ,0.056,15,0.9204,1.0,False
French,SHARP,m,-0.051,38,0.8955,1.0,False
French,SMALL,ɡ,-0.049,8,0.9453,1.0,False
French,DARK,w,-0.049,9,0.9303,1.0,False
French,ROUND,ɑ̃,-0.047,52,0.9055,1.0,False
French,SHARP,s,-0.037,65,0.9602,1.0,False
French,SMALL,s,-0.026,41,0.9801,1.0,False
French,LOUD,b,-0.024,5,0.9851,1.0,False
French,BIG,f,-0.023,7,0.99,1.0,False
French,BIG,a,-0.022,20,0.9801,1.0,False
French,SMOOTH,k,0.022,57,0.9751,1.0,False
French,LOUD,e,-0.015,16,0.9801,1.0,False
French,SMALL,b,-0.012,15,0.9801,1.0,False
French,SLOW,o,-0.009,18,0.99,1.0,False
French,SLOW,b,0.001,15,1.0,1.0,False
French,SLOW,i,0.001,45,1.0,1.0,False
German,BIG,e,2.913,20,0.01,0.597,False
German,LOUD,u,2.912,8,0.0149,0.597,False
German,BIG,f,-2.565,5,0.01,0.597,False
German,ROUND,p͡f,2.319,6,0.01,0.597,False
German,SMALL,x,2.312,11,0.0149,0.597,False
German,SMOOTH,z,2.232,57,0.005,0.597,False
German,SLOW,n,2.14,189,0.0149,0.597,False
German,SHARP,ŋ,2.014,32,0.0149,0.597,False
German,SMOOTH,k,-1.991,29,0.01,0.597,False
German,SLOW,ə,1.934,151,0.0149,0.597,False
German,FAST,ʊ͡ɐ,1.928,6,0.01,0.597,False
German,DARK,s,1.806,54,0.0149,0.597,False
German,ROUND,k,1.624,98,0.0149,0.597,False
German,BIG,ɾ,2.61,30,0.0199,0.7024,False
German,ROUND,ɪ,-1.884,36,0.0199,0.7024,False
German,SMOOTH,v,1.58,55,0.0249,0.7463,False
German,SMOOTH,c,1.57,46,0.0249,0.7463,False
German,FAST,f,1.458,65,0.0299,0.8141,False
German,ROUND,c,-1.394,9,0.0299,0.8141,False
German,ROUGH,b,2.821,10,0.0398,0.8529,False
German,BIG,ø,2.561,4,0.0348,0.8529,False
German,SMALL,ʊ͡ɐ,1.796,3,0.0398,0.8529,False
German,SMOOTH,ɛ,1.262,75,0.0398,0.8529,False
German,ROUND,a,1.259,86,0.0398,0.8529,False
German,QUIET,ɔ͡ø,1.894,7,0.0448,0.8666,False
German,SLOW,ʃ,1.633,50,0.0448,0.8666,False
German,ROUGH,ɜ,2.775,11,0.0597,0.8737,False
German,ROUGH,ʊ,2.631,6,0.0597,0.8737,False
German,SMALL,d,1.739,26,0.0498,0.8737,False
German,QUIET,a͡ʊ,1.697,12,0.0597,0.8737,False
German,FAST,l,-1.469,51,0.0597,0.8737,False
German,FAST,ɑ,1.422,51,0.0547,0.8737,False
German,SMOOTH,x,1.228,16,0.0498,0.8737,False
German,LOUD,h,2.536,7,0.0647,0.878,False
German,BRIGHT,i,1.973,17,0.0746,0.878,False
German,SMALL,r,-1.589,7,0.0746,0.878,False
German,SMALL,v,1.482,27,0.0647,0.878,False
German,SMOOTH,p,-1.419,10,0.0697,0.878,False
German,FAST,ɡ,1.292,40,0.0746,0.878,False
German,SMOOTH,ʊ,-1.269,13,0.0647,0.878,False
German,SMOOTH,ɜ,-1.168,10,0.0746,0.878,False
German,QUIET,ø,1.654,5,0.0846,0.8903,False
German,SLOW,ʏ,1.351,11,0.0796,0.8903,False
German,FAST,t,-1.295,92,0.0846,0.8903,False
German,SLOW,a͡ʊ,1.272,18,0.0796,0.8903,False
German,SMOOTH,ɔ,-1.165,12,0.0846,0.8903,False
German,ROUGH,a͡ɪ,2.494,8,0.0896,0.8955,False
German,BIG,m,1.747,21,0.0896,0.8955,False
German,SMOOTH,n,1.074,194,0.0896,0.8955,False
German,SLOW,a,-1.271,26,0.0945,0.9148,False
German,SHARP,p,1.168,36,0.0945,0.9148,False
German,BIG,a,-1.795,7,0.0995,0.9328,False
German,SLOW,ɪ,-1.337,28,0.0995,0.9328,False
German,SMOOTH,ŋ,-1.165,3,0.1045,0.9498,False
German,ROUND,ʊ͡ɐ,1.048,5,0.1045,0.9498,False
German,BRIGHT,ʏ,1.864,5,0.1194,0.9552,False
German,FAST,t͡s,-1.155,11,0.1194,0.9552,False
German,FAST,r,1.105,48,0.1194,0.9552,False
German,SHARP,t͡s,1.095,31,0.1194,0.9552,False
German,ROUND,l,0.989,131,0.1144,0.9552,False
German,ROUND,a͡ʊ,-0.978,10,0.1144,0.9552,False
German,LOUD,o,2.277,11,0.1244,0.9568,False
German,SMALL,i,-1.444,10,0.1244,0.9568,False
German,SMOOTH,a͡ʊ,-1.05,8,0.1244,0.9568,False
German,ROUGH,ŋ,2.107,4,0.209,0.9699,False
German,LOUD,p,2.084,8,0.1891,0.9699,False
German,ROUGH,ɔ,2.069,5,0.3085,0.9699,False
German,ROUGH,ɑ,2.053,6,0.2289,0.9699,False
German,LOUD,l,2.045,19,0.2189,0.9699,False
German,ROUGH,r,1.989,6,0.2736,0.9699,False
German,LOUD,ɾ,-1.974,5,0.1393,0.9699,False
German,ROUGH,t,1.847,15,0.3134,0.9699,False
German,LOUD,i,1.771,8,0.2886,0.9699,False
German,BIG,r,-1.745,3,0.1343,0.9699,False
German,ROUGH,d,1.736,5,0.3731,0.9699,False
German,LOUD,ɪ,1.697,11,0.2886,0.9699,False
German,ROUGH,ə,-1.642,3,0.3333,0.9699,False
German,BIG,t,1.571,38,0.204,0.9699,False
German,ROUGH,k,1.553,8,0.3781,0.9699,False
German,ROUGH,l,-1.536,5,0.4478,0.9699,False
German,ROUGH,n,-1.525,4,0.3831,0.9699,False
German,BIG,ɡ,1.481,11,0.209,0.9699,False
German,LOUD,t͡s,1.449,6,0.4129,0.9699,False
German,BRIGHT,z,1.419,13,0.2886,0.9699,False
German,LOUD,c,1.348,6,0.4179,0.9699,False
German,QUIET,h,1.339,15,0.1841,0.9699,False
German,BIG,o,1.321,15,0.2438,0.9699,False
German,BRIGHT,ɔ,1.316,12,0.2786,0.9699,False
German,SMALL,ɪ,1.268,37,0.1493,0.9699,False
German,QUIET,a,1.262,32,0.1741,0.9699,False
German,FAST,v,1.256,48,0.1343,0.9699,False
German,QUIET,s,1.222,26,0.2289,0.9699,False
German,QUIET,ɡ,-1.199,9,0.2289,0.9699,False
German,BRIGHT,ɛ,1.198,21,0.3383,0.9699,False
German,BIG,s,1.188,15,0.2736,0.9699,False
German,SLOW,t,-1.181,72,0.1592,0.9699,False
German,QUIET,ʊ,1.169,19,0.2239,0.9699,False
German,BRIGHT,ɑ,-1.146,5,0.4129,0.9699,False
German,BIG,ɔ͡ø,1.142,3,0.3682,0.9699,False
German,BIG,i,-1.124,6,0.3085,0.9699,False
German,QUIET,t͡s,1.101,17,0.2687,0.9699,False
German,QUIET,ə,-1.101,25,0.2886,0.9699,False
German,FAST,p,-1.083,14,0.1592,0.9699,False
German,QUIET,z,-1.065,5,0.2935,0.9699,False
German,FAST,ɛ,1.064,69,0.1791,0.9699,False
German,SLOW,v,-1.05,10,0.209,0.9699,False
German,BIG,k,-1.048,11,0.403,0.9699,False
German,DARK,a,1.048,54,0.1542,0.9699,False
German,DARK,l,1.046,87,0.1343,0.9699,False
German,BIG,ʃ,1.034,15,0.3831,0.9699,False
German,SHARP,ʃ,1.032,47,0.1592,0.9699,False
German,SLOW,o,-1.017,7,0.199,0.9699,False
German,BRIGHT,b,1.015,19,0.4179,0.9699,False
German,SHARP,ɛ,-1.006,30,0.194,0.9699,False
German,BIG,ɑ,-0.999,5,0.4179,0.9699,False
German,SMALL,t͡s,0.996,19,0.2338,0.9699,False
German,BIG,u,0.976,8,0.4129,0.9699,False
German,ROUND,ə,0.973,186,0.194,0.9699,False
German,SLOW,m,-0.967,20,0.2935,0.9699,False
German,BIG,b,-0.964,7,0.393,0.9699,False
German,DARK,z,-0.955,10,0.1891,0.9699,False
German,BRIGHT,ɡ,0.954,11,0.4328,0.9699,False
German,BIG,z,0.947,10,0.408,0.9699,False
German,SHARP,a͡ʊ,-0.942,7,0.204,0.9699,False
German,SMALL,f,0.938,31,0.2786,0.9699,False
German,SLOW,c,-0.936,10,0.2587,0.9699,False
German,SMOOTH,d,-0.924,20,0.1642,0.9699,False
German,ROUND,p,0.918,49,0.1542,0.9699,False
German,SMOOTH,y,0.916,12,0.1692,0.9699,False
German,SLOW,ɛ,0.914,51,0.2786,0.9699,False
German,SLOW,z,-0.91,10,0.2935,0.9699,False
German,ROUND,y,0.897,14,0.1443,0.9699,False
German,DARK,ʃ,-0.896,23,0.2438,0.9699,False
German,QUIET,v,-0.895,7,0.3532,0.9699,False
German,FAST,n,0.887,176,0.2139,0.9699,False
German,QUIET,p,0.881,18,0.3831,0.9699,False
German,DARK,t,0.873,105,0.2537,0.9699,False
German,SMOOTH,a͡ɪ,0.867,48,0.1741,0.9699,False
German,SMOOTH,f,-0.856,40,0.1642,0.9699,False
German,SMALL,b,-0.853,15,0.3433,0.9699,False
German,SHARP,ɑ,0.846,36,0.2488,0.9699,False
German,SMALL,a͡ɪ,0.844,24,0.3085,0.9699,False
German,QUIET,c,0.844,16,0.3234,0.9699,False
German,SMOOTH,ɑ,-0.827,22,0.1841,0.9699,False
German,SHARP,k,0.826,57,0.2338,0.9699,False
German,FAST,u,-0.813,7,0.3035,0.9699,False
German,QUIET,t,0.811,59,0.3731,0.9699,False
German,QUIET,ɜ,0.81,27,0.3383,0.9699,False
German,QUIET,y,0.799,5,0.4129,0.9699,False
German,SHARP,u,-0.795,6,0.2836,0.9699,False
German,SMALL,h,-0.784,3,0.3632,0.9699,False
German,SHARP,ə,0.784,119,0.2587,0.9699,False
German,SLOW,ɜ,-0.772,15,0.3184,0.9699,False
German,FAST,ɪ,-0.767,44,0.3085,0.9699,False
German,SHARP,y,0.764,9,0.2587,0.9699,False
German,QUIET,ɑ,-0.764,10,0.398,0.9699,False
German,QUIET,a͡ɪ,-0.759,6,0.3781,0.9699,False
German,DARK,ʊ,-0.753,15,0.3134,0.9699,False
German,ROUND,ɾ,-0.746,68,0.2438,0.9699,False
German,FAST,k,-0.739,46,0.2935,0.9699,False
German,QUIET,b,-0.735,14,0.4179,0.9699,False
German,SMOOTH,m,-0.729,32,0.2687,0.9699,False
German,FAST,ʊ,-0.729,19,0.2338,0.9699,False
German,SMOOTH,ə,0.722,146,0.2587,0.9699,False
German,SLOW,s,-0.721,18,0.3781,0.9699,False
German,FAST,y,-0.718,4,0.3383,0.9699,False
German,SMOOTH,o,-0.709,16,0.2289,0.9699,False
German,SLOW,ɔ,-0.701,13,0.3682,0.9699,False
German,SMALL,p,-0.696,10,0.393,0.9699,False
German,SLOW,ʊ,-0.679,15,0.4279,0.9699,False
German,SHARP,i,-0.677,23,0.3234,0.9699,False
German,SHARP,l,0.673,83,0.403,0.9699,False
German,ROUND,v,-0.67,23,0.3184,0.9699,False
German,SHARP,ɪ,0.666,52,0.3284,0.9699,False
German,SLOW,e,-0.665,15,0.403,0.9699,False
German,SLOW,ɑ,-0.65,18,0.4478,0.9699,False
German,SLOW,t͡s,-0.644,13,0.4229,0.9699,False
German,ROUND,ɜ,-0.64,28,0.3184,0.9699,False
German,SHARP,v,-0.64,16,0.403,0.9699,False
German,FAST,o,-0.63,17,0.3831,0.9699,False
German,SHARP,n,-0.627,75,0.3134,0.9699,False
German,SMOOTH,i,0.62,44,0.3682,0.9699,False
German,DARK,a͡ɪ,-0.61,13,0.4179,0.9699,False
German,SHARP,ɔ,-0.609,15,0.3731,0.9699,False
German,ROUND,ʏ,0.604,13,0.4279,0.9699,False
German,SMALL,ɡ,0.586,18,0.4328,0.9699,False
German,SLOW,i,-0.585,22,0.4328,0.9699,False
German,SMOOTH,t,-0.58,109,0.3433,0.9699,False
German,SMALL,e,-0.578,11,0.3831,0.9699,False
German,SHARP,o,-0.578,15,0.4378,0.9699,False
German,FAST,e,-0.575,21,0.3532,0.9699,False
German,ROUND,f,-0.571,51,0.3532,0.9699,False
German,DARK,n,-0.571,75,0.398,0.9699,False
German,FAST,a͡ɪ,-0.571,17,0.403,0.9699,False
German,FAST,x,0.566,12,0.4129,0.9699,False
German,FAST,ə,0.563,133,0.398,0.9699,False
German,ROUND,e,-0.557,26,0.4179,0.9699,False
German,SMOOTH,ʃ,-0.552,35,0.4378,0.9699,False
German,FAST,d,0.55,36,0.4179,0.9699,False
German,ROUND,ŋ,-0.547,12,0.3632,0.9699,False
German,SLOW,u,-0.547,8,0.4229,0.9699,False
German,DARK,ə,-0.545,65,0.4129,0.9699,False
German,SMOOTH,l,-0.544,75,0.408,0.9699,False
German,SHARP,c,-0.534,15,0.4179,0.9699,False
German,ROUND,h,-0.528,11,0.4478,0.9699,False
German,SHARP,b,-0.52,29,0.4328,0.9699,False
German,FAST,b,-0.517,35,0.4328,0.9699,False
German,SHARP,t,-0.516,88,0.4428,0.9699,False
German,SMOOTH,j,-0.49,4,0.4328,0.9699,False
German,SMOOTH,a,0.446,61,0.4478,0.9699,False
German,ROUND,œ,0.422,3,0.4328,0.9699,False
German,BRIGHT,a͡ɪ,-0.909,3,0.4577,0.9704,False
German,DARK,a͡ʊ,0.567,15,0.4527,0.9704,False
German,DARK,v,0.557,30,0.4577,0.9704,False
German,SHARP,j,-0.532,3,0.4577,0.9704,False
German,SMALL,ɜ,-0.642,12,0.4726,0.9745,False
German,SLOW,d,-0.548,18,0.4726,0.9745,False
German,DARK,ŋ,-0.533,8,0.4726,0.9745,False
German,DARK,o,0.498,32,0.4677,0.9745,False
German,SHARP,e,-0.454,19,0.4726,0.9745,False
German,ROUND,ɑ,-0.387,33,0.4726,0.9745,False
German,LOUD,a,-1.229,5,0.5323,0.9792,False
German,LOUD,m,1.229,10,0.5274,0.9792,False
German,ROUGH,ʃ,1.223,6,0.5274,0.9792,False
German,ROUGH,c,1.196,4,0.597,0.9792,False
German,LOUD,n,-1.124,9,0.5373,0.9792,False
German,LOUD,ɛ,-1.104,5,0.5323,0.9792,False
German,LOUD,ə,-1.095,8,0.5473,0.9792,False
German,ROUGH,f,0.967,6,0.6567,0.9792,False
German,ROUGH,a,-0.881,4,0.6667,0.9792,False
German,LOUD,a͡ʊ,0.865,3,0.7114,0.9792,False
German,BIG,j,0.833,3,0.5871,0.9792,False
German,BRIGHT,ʃ,-0.772,9,0.5323,0.9792,False
German,BRIGHT,t,-0.76,30,0.5771,0.9792,False
German,LOUD,e,0.735,6,0.7114,0.9792,False
German,LOUD,ɑ,0.704,6,0.6716,0.9792,False
German,BRIGHT,e,0.682,12,0.6119,0.9792,False
German,QUIET,n,-0.668,40,0.5224,0.9792,False
German,BIG,ə,-0.664,20,0.5473,0.9792,False
German,QUIET,e,-0.651,9,0.5373,0.9792,False
German,LOUD,t,-0.644,15,0.7015,0.9792,False
German,BRIGHT,c,-0.625,5,0.6617,0.9792,False
German,ROUGH,ɾ,0.624,8,0.6716,0.9792,False
German,BRIGHT,ʊ,-0.619,6,0.6468,0.9792,False
German,SMALL,u,-0.618,5,0.4876,0.9792,False
German,BRIGHT,ɜ,-0.608,7,0.6517,0.9792,False
German,BRIGHT,p,-0.598,6,0.7164,0.9792,False
German,BRIGHT,n,0.59,47,0.6468,0.9792,False
German,QUIET,ɪ,0.587,28,0.5821,0.9792,False
German,BIG,l,-0.562,19,0.6816,0.9792,False
German,DARK,x,-0.559,5,0.4876,0.9792,False
German,SMALL,ɑ,-0.556,13,0.5672,0.9792,False
German,BRIGHT,r,0.534,12,0.7164,0.9792,False
German,BIG,ɛ,0.523,16,0.7015,0.9792,False
German,SLOW,r,0.522,31,0.4876,0.9792,False
German,BIG,a͡ʊ,-0.517,3,0.6468,0.9792,False
German,SMALL,ʃ,-0.51,18,0.5274,0.9792,False
German,QUIET,ɛ,-0.51,20,0.6219,0.9792,False
German,BRIGHT,ɪ,-0.504,14,0.6517,0.9792,False
German,DARK,y,-0.504,4,0.4925,0.9792,False
German,QUIET,u,-0.504,5,0.5721,0.9792,False
German,ROUGH,i,-0.501,3,0.8209,0.9792,False
German,SLOW,x,-0.501,5,0.5323,0.9792,False
German,ROUND,x,-0.498,8,0.5174,0.9792,False
German,BIG,ɪ,0.495,16,0.6915,0.9792,False
German,ROUND,ɔ͡ø,-0.495,3,0.4876,0.9792,False
German,BIG,n,-0.489,26,0.6965,0.9792,False
German,LOUD,r,-0.476,4,0.7811,0.9792,False
German,SMOOTH,ɔ͡ø,0.472,8,0.4776,0.9792,False
German,BRIGHT,m,0.466,16,0.7512,0.9792,False
German,SLOW,f,0.46,41,0.597,0.9792,False
German,LOUD,ɜ,-0.452,4,0.806,0.9792,False
German,SMALL,ɔ,0.449,16,0.6269,0.9792,False
German,SHARP,z,-0.443,16,0.592,0.9792,False
German,BRIGHT,h,-0.438,3,0.7711,0.9792,False
German,BIG,x,0.435,3,0.7512,0.9792,False
German,DARK,ɜ,0.432,40,0.5323,0.9792,False
German,SMALL,m,0.422,28,0.6567,0.9792,False
German,BIG,p,-0.419,6,0.7413,0.9792,False
German,ROUND,t͡s,-0.417,24,0.4826,0.9792,False
German,SLOW,h,-0.416,8,0.5821,0.9792,False
German,BRIGHT,k,-0.407,15,0.7463,0.9792,False
German,SHARP,ʏ,0.404,8,0.5672,0.9792,False
German,SMALL,ŋ,-0.403,6,0.6468,0.9792,False
German,DARK,ɔ,0.403,24,0.597,0.9792,False
German,SLOW,k,-0.398,39,0.6368,0.9792,False
German,SHARP,d,-0.391,21,0.5572,0.9792,False
German,DARK,u,-0.391,10,0.5572,0.9792,False
German,ROUND,o,0.386,46,0.5124,0.9792,False
German,SHARP,a,0.386,48,0.5522,0.9792,False
German,QUIET,j,0.386,4,0.7065,0.9792,False
German,SMOOTH,r,-0.382,30,0.5124,0.9792,False
German,SHARP,r,-0.378,24,0.6119,0.9792,False
German,QUIET,o,0.375,17,0.7264,0.9792,False
German,ROUND,m,0.374,64,0.5821,0.9792,False
German,BIG,d,0.373,9,0.7313,0.9792,False
German,BRIGHT,a,0.37,17,0.7761,0.9792,False
German,SMOOTH,ʏ,-0.369,6,0.592,0.9792,False
German,SMALL,n,0.368,77,0.6766,0.9792,False
German,SLOW,b,-0.366,29,0.6169,0.9792,False
German,BRIGHT,t͡s,-0.359,6,0.8159,0.9792,False
German,DARK,ɪ,0.357,47,0.5721,0.9792,False
German,ROUND,i,0.35,48,0.5721,0.9792,False
German,QUIET,ŋ,0.344,9,0.7562,0.9792,False
German,SHARP,s,-0.341,25,0.6716,0.9792,False
German,FAST,a,0.33,57,0.6816,0.9792,False
German,SLOW,a͡ɪ,0.33,27,0.6766,0.9792,False
German,SMALL,ɾ,-0.327,33,0.7463,0.9792,False
German,SHARP,ɜ,0.316,39,0.6816,0.9792,False
German,DARK,d,-0.313,21,0.602,0.9792,False
German,SMALL,c,0.31,15,0.6915,0.9792,False
German,SHARP,f,0.306,43,0.6517,0.9792,False
German,DARK,k,0.305,49,0.6667,0.9792,False
German,DARK,ɑ,0.304,29,0.7363,0.9792,False
German,BRIGHT,o,-0.3,7,0.801,0.9792,False
German,DARK,ɛ,-0.297,38,0.6816,0.9792,False
German,BIG,a͡ɪ,-0.293,6,0.7811,0.9792,False
German,ROUND,z,-0.292,26,0.6667,0.9792,False
German,SMOOTH,b,-0.285,41,0.6716,0.9792,False
German,DARK,r,0.283,30,0.6965,0.9792,False
German,QUIET,r,0.282,17,0.7114,0.9792,False
German,SMOOTH,ɡ,0.273,33,0.6219,0.9792,False
German,SLOW,l,-0.272,60,0.6965,0.9792,False
German,QUIET,k,-0.268,24,0.7861,0.9792,False
German,FAST,ɾ,-0.259,64,0.7463,0.9792,False
German,SLOW,ɾ,-0.259,49,0.7562,0.9792,False
German,DARK,ɡ,-0.258,22,0.796,0.9792,False
German,FAST,m,-0.258,40,0.6965,0.9792,False
German,SLOW,ɡ,-0.258,21,0.7512,0.9792,False
German,SMOOTH,s,0.252,42,0.6766,0.9792,False
German,SMALL,ʊ,-0.25,13,0.7512,0.9792,False
German,FAST,h,0.25,19,0.7114,0.9792,False
German,DARK,p,-0.244,20,0.7114,0.9792,False
German,QUIET,ʏ,0.237,4,0.8109,0.9792,False
German,SMOOTH,ɪ,-0.23,53,0.6816,0.9792,False
German,DARK,h,0.227,15,0.7612,0.9792,False
German,SHARP,ɾ,0.222,60,0.7662,0.9792,False
German,DARK,ʏ,0.222,7,0.7811,0.9792,False
German,FAST,c,-0.218,22,0.7562,0.9792,False
German,ROUND,u,-0.217,18,0.7363,0.9792,False
German,FAST,z,0.213,28,0.7612,0.9792,False
German,ROUND,ʊ,0.21,37,0.7711,0.9792,False
German,SHARP,m,-0.21,34,0.7662,0.9792,False
German,QUIET,i,-0.206,15,0.8209,0.9792,False
German,DARK,ɔ͡ø,0.202,5,0.7811,0.9792,False
German,SMOOTH,e,-0.195,28,0.7562,0.9792,False
German,ROUND,ɡ,0.194,38,0.791,0.9792,False
German,ROUND,s,-0.19,40,0.7164,0.9792,False
German,DARK,f,-0.187,37,0.7811,0.9792,False
German,DARK,c,-0.182,18,0.796,0.9792,False
German,QUIET,f,-0.181,21,0.8209,0.9792,False
German,ROUND,t,-0.175,137,0.7512,0.9792,False
German,QUIET,m,0.171,22,0.8159,0.9792,False
German,ROUND,ʃ,-0.164,48,0.801,0.9792,False
German,SMALL,o,-0.155,14,0.8159,0.9792,False
German,ROUND,r,-0.145,39,0.791,0.9792,False
German,SMOOTH,u,0.131,20,0.8209,0.9792,False
German,BRIGHT,u,-0.308,4,0.8259,0.9793,False
German,BIG,ʊ,0.203,8,0.8259,0.9793,False
German,BRIGHT,ŋ,-0.214,4,0.8308,0.9813,False
German,ROUND,b,0.091,57,0.8308,0.9813,False
German,LOUD,k,0.382,9,0.8408,0.9834,False
German,SHARP,a͡ɪ,0.135,26,0.8408,0.9834,False
German,ROUND,ɔ,-0.126,29,0.8408,0.9834,False
German,ROUND,d,0.119,38,0.8408,0.9834,False
German,LOUD,v,0.369,5,0.8657,0.9864,False
German,ROUGH,ɪ,-0.346,5,0.8706,0.9864,False
German,BRIGHT,l,-0.293,23,0.8507,0.9864,False
German,BRIGHT,d,-0.233,8,0.8806,0.9864,False
German,BRIGHT,f,0.22,15,0.9005,0.9864,False
German,LOUD,ɔ,0.208,4,0.8607,0.9864,False
German,BRIGHT,a͡ʊ,-0.191,4,0.8856,0.9864,False
German,LOUD,b,0.182,7,0.9154,0.9864,False
German,DARK,t͡s,-0.177,18,0.8557,0.9864,False
German,FAST,a͡ʊ,0.169,16,0.8856,0.9864,False
German,BIG,t͡s,0.163,7,0.9055,0.9864,False
German,SMALL,k,0.162,31,0.8806,0.9864,False
German,BRIGHT,ɾ,0.156,21,0.9104,0.9864,False
German,DARK,i,-0.147,27,0.8557,0.9864,False
German,SLOW,ŋ,-0.141,11,0.8856,0.9864,False
German,DARK,ɾ,-0.137,53,0.8507,0.9864,False
German,DARK,b,0.13,38,0.8856,0.9864,False
German,ROUND,a͡ɪ,-0.118,32,0.8657,0.9864,False
German,FAST,ʃ,-0.115,40,0.8856,0.9864,False
German,SMALL,z,0.113,14,0.9204,0.9864,False
German,BRIGHT,ə,0.11,33,0.9502,0.9864,False
German,FAST,j,-0.109,6,0.8706,0.9864,False
German,SMOOTH,h,-0.106,15,0.9055,0.9864,False
German,SMOOTH,ɾ,0.103,73,0.8955,0.9864,False
German,SMALL,s,-0.101,18,0.9254,0.9864,False
German,QUIET,d,-0.1,13,0.9303,0.9864,False
German,SHARP,ʊ,0.095,24,0.8806,0.9864,False
German,FAST,ŋ,0.093,17,0.8806,0.9864,False
German,ROUND,ɛ,-0.086,62,0.8955,0.9864,False
German,QUIET,ɔ,-0.085,11,0.9502,0.9864,False
German,SHARP,h,0.083,14,0.9303,0.9864,False
German,BIG,v,0.082,8,0.9502,0.9864,False
German,SMALL,ɛ,0.077,28,0.9353,0.9864,False
German,SMALL,a,0.074,28,0.9353,0.9864,False
German,SHARP,ɡ,0.072,25,0.9303,0.9864,False
German,BRIGHT,s,0.071,11,0.9453,0.9864,False
German,FAST,ɔ,0.068,26,0.9204,0.9864,False
German,SMALL,y,0.065,4,0.9403,0.9864,False
German,ROUND,ø,-0.055,4,0.9204,0.9864,False
German,DARK,m,0.055,37,0.9005,0.9864,False
German,ROUND,n,-0.054,150,0.9403,0.9864,False
German,SMALL,t,0.05,61,0.9453,0.9864,False
German,SLOW,p,0.047,22,0.9154,0.9864,False
German,SMOOTH,t͡s,0.042,26,0.9353,0.9864,False
German,SMALL,ə,-0.04,55,0.9552,0.9899,False
German,QUIET,x,-0.058,4,0.9602,0.9916,False
German,SMALL,l,-0.035,44,0.9652,0.9933,False
German,FAST,i,-0.03,35,0.9652,0.9933,False
German,BIG,ɜ,-0.05,10,0.9851,0.9984,False
German,QUIET,l,-0.042,38,0.9751,0.9984,False
German,QUIET,ɾ,-0.014,31,0.99,0.9984,False
German,LOUD,f,0.01,7,0.99,0.9984,False
German,QUIET,ʃ,0.01,19,0.99,0.9984,False
German,LOUD,ʊ,-0.009,4,0.995,0.9984,False
German,DARK,e,-0.003,24,0.99,0.9984,False
German,FAST,s,-0.001,36,0.995,0.9984,False
German,FAST,ɜ,-0.001,39,1.0,1.0,False
German,SMALL,ʏ,-0.0,4,1.0,1.0,False
Greek,BRIGHT,ɲ,3.011,4,0.005,0.2056,False
Greek,SLOW,z,2.804,25,0.005,0.2056,False
Greek,SLOW,v,2.71,23,0.005,0.2056,False
Greek,QUIET,j,2.569,19,0.005,0.2056,False
Greek,SMOOTH,m,2.35,98,0.005,0.2056,False
Greek,ROUND,t,2.344,187,0.005,0.2056,False
Greek,ROUND,a,2.299,405,0.005,0.2056,False
Greek,FAST,n,2.224,91,0.005,0.2056,False
Greek,SHARP,l,2.128,76,0.005,0.2056,False
Greek,LOUD,a͡ɪ,3.262,4,0.01,0.3085,False
Greek,DARK,f,1.994,56,0.01,0.3085,False
Greek,ROUND,o,-1.784,246,0.01,0.3085,False
Greek,ROUGH,ɣ,2.762,6,0.0149,0.3966,False
Greek,ROUND,e,-1.518,93,0.0149,0.3966,False
Greek,ROUGH,c,2.859,9,0.0199,0.4023,False
Greek,QUIET,r,-2.301,23,0.0199,0.4023,False
Greek,SMALL,e,1.862,111,0.0199,0.4023,False
Greek,ROUND,x,1.609,38,0.0249,0.4023,False
Greek,ROUND,f,-1.54,17,0.0249,0.4023,False
Greek,SMOOTH,p,1.535,107,0.0249,0.4023,False
Greek,SHARP,t͡s,1.53,8,0.0199,0.4023,False
Greek,ROUND,b,1.399,18,0.0249,0.4023,False
Greek,DARK,ʎ,1.834,20,0.0348,0.4776,False
Greek,SMALL,b,1.554,9,0.0348,0.4776,False
Greek,SMALL,ɡ,1.543,8,0.0398,0.4776,False
Greek,SHARP,b,1.472,11,0.0348,0.4776,False
Greek,ROUND,s,-1.305,170,0.0398,0.4776,False
Greek,SMOOTH,o,1.303,335,0.0398,0.4776,False
Greek,ROUND,ð,1.302,89,0.0398,0.4776,False
Greek,SMOOTH,r,-1.287,94,0.0348,0.4776,False
Greek,ROUND,d,1.366,20,0.0448,0.5205,False
Greek,SHARP,n,-1.503,40,0.0498,0.5443,False
Greek,ROUND,ɡ,1.235,15,0.0547,0.5655,False
Greek,SMOOTH,x,1.232,27,0.0547,0.5655,False
Greek,SMALL,p,1.389,62,0.0697,0.5907,False
Greek,FAST,r,1.318,114,0.0647,0.5907,False
Greek,SMALL,f,-1.267,11,0.0746,0.5907,False
Greek,ROUND,l,1.229,110,0.0746,0.5907,False
Greek,SHARP,u,1.193,39,0.0697,0.5907,False
Greek,SMOOTH,e,1.169,164,0.0697,0.5907,False
Greek,ROUND,ŋ,1.148,13,0.0697,0.5907,False
Greek,SMOOTH,t͡s,1.141,9,0.0746,0.5907,False
Greek,ROUND,t͡s,1.092,11,0.0746,0.5907,False
Greek,SMOOTH,n,1.091,100,0.0597,0.5907,False
Greek,SMOOTH,ð,-1.065,33,0.0697,0.5907,False
Greek,DARK,a,1.488,209,0.0796,0.6043,False
Greek,SHARP,r,1.234,111,0.0796,0.6043,False
Greek,BIG,θ,2.082,9,0.0846,0.6169,False
Greek,QUIET,o,1.923,116,0.0896,0.6286,False
Greek,SMOOTH,v,-1.029,20,0.0896,0.6286,False
Greek,FAST,ŋ,1.192,8,0.0945,0.6393,False
Greek,DARK,m,-1.142,42,0.0945,0.6393,False
Greek,ROUGH,ʎ,2.235,3,0.1095,0.6901,False
Greek,SLOW,i,-1.48,70,0.1095,0.6901,False
Greek,ROUND,j,-1.006,9,0.1095,0.6901,False
Greek,DARK,r,1.058,104,0.1194,0.7164,False
Greek,SMOOTH,s,-0.925,149,0.1194,0.7164,False
Greek,QUIET,s,1.608,76,0.1244,0.7229,False
Greek,SMALL,k,1.383,57,0.1244,0.7229,False
Greek,DARK,p,-1.091,45,0.1443,0.7454,False
Greek,SMALL,ŋ,1.088,6,0.1343,0.7454,False
Greek,FAST,k,-1.031,46,0.1443,0.7454,False
Greek,DARK,k,1.008,65,0.1393,0.7454,False
Greek,SHARP,o,-0.961,174,0.1343,0.7454,False
Greek,FAST,i,-0.939,178,0.1393,0.7454,False
Greek,SMOOTH,j,-0.882,9,0.1393,0.7454,False
Greek,DARK,e,-1.028,65,0.1692,0.8503,False
Greek,FAST,ð,-0.98,26,0.1692,0.8503,False
Greek,SHARP,j,-1.039,5,0.1741,0.8523,False
Greek,DARK,ð,-0.95,25,0.1741,0.8523,False
Greek,DARK,x,-1.035,5,0.1791,0.8653,False
Greek,SHARP,i,0.954,230,0.1841,0.8779,False
Greek,SMALL,n,-1.108,36,0.1891,0.8902,False
Greek,LOUD,k,1.662,23,0.199,0.9028,False
Greek,ROUND,p,-0.788,85,0.199,0.9028,False
Greek,LOUD,p,-1.713,12,0.204,0.9033,False
Greek,SLOW,ɡ,1.29,4,0.204,0.9033,False
Greek,ROUGH,u,1.857,6,0.2985,0.9327,False
Greek,ROUGH,t,-1.769,4,0.3134,0.9327,False
Greek,BIG,s,1.745,46,0.2139,0.9327,False
Greek,BIG,k,-1.582,10,0.2587,0.9327,False
Greek,BIG,f,1.472,13,0.3134,0.9327,False
Greek,BIG,p,1.444,20,0.2786,0.9327,False
Greek,BIG,i,1.433,62,0.3184,0.9327,False
Greek,BRIGHT,k,-1.323,12,0.3184,0.9327,False
Greek,BRIGHT,m,-1.322,12,0.2786,0.9327,False
Greek,QUIET,a,-1.23,59,0.2338,0.9327,False
Greek,SLOW,ð,-1.213,10,0.2289,0.9327,False
Greek,QUIET,ð,-1.172,10,0.2388,0.9327,False
Greek,QUIET,e,-1.119,28,0.2985,0.9327,False
Greek,SMALL,t,0.942,67,0.2587,0.9327,False
Greek,SMALL,j,-0.921,5,0.2687,0.9327,False
Greek,SHARP,ð,0.886,48,0.2289,0.9327,False
Greek,FAST,s,-0.877,114,0.2687,0.9327,False
Greek,SMALL,d,0.867,8,0.2836,0.9327,False
Greek,FAST,c,-0.861,18,0.2587,0.9327,False
Greek,SHARP,ɣ,-0.848,12,0.2637,0.9327,False
Greek,DARK,ɣ,-0.8,12,0.2537,0.9327,False
Greek,FAST,z,0.792,29,0.2587,0.9327,False
Greek,FAST,u,0.78,34,0.3134,0.9327,False
Greek,SHARP,k,0.771,65,0.2985,0.9327,False
Greek,DARK,s,0.752,149,0.2935,0.9327,False
Greek,ROUND,v,-0.736,30,0.2388,0.9327,False
Greek,FAST,e,0.73,113,0.3134,0.9327,False
Greek,SMOOTH,f,-0.694,29,0.2338,0.9327,False
Greek,ROUND,ʎ,-0.617,3,0.2886,0.9327,False
Greek,ROUND,k,-0.603,84,0.2886,0.9327,False
Greek,SMOOTH,c,-0.542,30,0.3184,0.9327,False
Greek,LOUD,i,1.315,74,0.3333,0.9466,False
Greek,BRIGHT,ð,1.277,15,0.3284,0.9466,False
Greek,SHARP,z,-0.732,7,0.3383,0.9534,False
Greek,ROUGH,i,-1.497,20,0.4428,0.9577,False
Greek,BIG,l,-1.345,9,0.3433,0.9577,False
Greek,BIG,c,-1.271,3,0.3781,0.9577,False
Greek,LOUD,n,-1.092,14,0.4328,0.9577,False
Greek,LOUD,θ,1.069,8,0.4378,0.9577,False
Greek,QUIET,m,-1.064,19,0.3532,0.9577,False
Greek,LOUD,v,1.041,11,0.3781,0.9577,False
Greek,LOUD,l,-1.037,12,0.3831,0.9577,False
Greek,BRIGHT,l,1.036,18,0.4229,0.9577,False
Greek,SLOW,s,-0.983,48,0.3731,0.9577,False
Greek,BIG,t,-0.976,12,0.4378,0.9577,False
Greek,QUIET,i,0.906,98,0.4279,0.9577,False
Greek,SLOW,ŋ,0.877,3,0.3881,0.9577,False
Greek,SLOW,o,0.866,103,0.4129,0.9577,False
Greek,SLOW,f,-0.773,9,0.4428,0.9577,False
Greek,SMALL,ɣ,-0.664,11,0.4179,0.9577,False
Greek,DARK,z,-0.639,8,0.3582,0.9577,False
Greek,FAST,t,-0.613,55,0.403,0.9577,False
Greek,FAST,b,-0.598,3,0.4129,0.9577,False
Greek,SHARP,p,-0.597,53,0.403,0.9577,False
Greek,DARK,ɲ,0.596,5,0.393,0.9577,False
Greek,ROUND,u,0.587,52,0.3532,0.9577,False
Greek,FAST,l,-0.578,45,0.4179,0.9577,False
Greek,SMOOTH,ɣ,0.574,35,0.3582,0.9577,False
Greek,SMOOTH,u,-0.566,21,0.3532,0.9577,False
Greek,SMOOTH,i,-0.531,251,0.393,0.9577,False
Greek,SMOOTH,l,-0.481,61,0.4129,0.9577,False
Greek,ROUND,i,0.451,362,0.3881,0.9577,False
Greek,ROUND,θ,-0.449,20,0.408,0.9577,False
Greek,ROUND,r,0.41,164,0.4229,0.9577,False
Greek,QUIET,v,-0.888,7,0.4677,0.9612,False
Greek,QUIET,θ,0.782,10,0.4627,0.9612,False
Greek,SMALL,a,-0.692,122,0.4527,0.9612,False
Greek,FAST,x,0.569,16,0.4627,0.9612,False
Greek,FAST,f,-0.545,24,0.4677,0.9612,False
Greek,DARK,l,0.519,55,0.4677,0.9612,False
Greek,SHARP,d,-0.5,5,0.4677,0.9612,False
Greek,DARK,u,-0.493,16,0.4577,0.9612,False
Greek,SHARP,t,-0.468,57,0.4527,0.9612,False
Greek,BIG,o,-0.99,44,0.4826,0.9652,False
Greek,FAST,d,0.546,9,0.4826,0.9652,False
Greek,DARK,t,-0.512,54,0.4826,0.9652,False
Greek,DARK,o,-0.475,183,0.4826,0.9652,False
Greek,SHARP,x,0.452,15,0.4776,0.9652,False
Greek,SMALL,m,0.541,46,0.4925,0.9694,False
Greek,SMALL,i,-0.525,149,0.4876,0.9694,False
Greek,BRIGHT,v,-0.765,5,0.5075,0.9884,False
Greek,SMALL,c,-0.524,18,0.5075,0.9884,False
Greek,SMALL,v,-0.511,16,0.5124,0.9928,False
Greek,BIG,e,0.995,30,0.5174,0.9973,False
Greek,ROUGH,m,1.241,8,0.5373,1.0,False
Greek,ROUGH,l,-0.964,5,0.6567,1.0,False
Greek,BIG,a,-0.961,37,0.5672,1.0,False
Greek,LOUD,ð,0.947,15,0.5274,1.0,False
Greek,ROUGH,s,0.922,20,0.6766,1.0,False
Greek,ROUGH,n,0.876,9,0.6915,1.0,False
Greek,ROUGH,ð,0.87,6,0.6368,1.0,False
Greek,ROUGH,e,-0.862,9,0.6915,1.0,False
Greek,BRIGHT,x,0.841,5,0.5672,1.0,False
Greek,LOUD,a,-0.827,46,0.5771,1.0,False
Greek,LOUD,d,0.782,3,0.6169,1.0,False
Greek,BRIGHT,s,-0.741,33,0.607,1.0,False
Greek,QUIET,z,-0.732,3,0.5274,1.0,False
Greek,LOUD,u,0.702,10,0.6716,1.0,False
Greek,BRIGHT,u,-0.688,4,0.5871,1.0,False
Greek,QUIET,d,0.67,4,0.5423,1.0,False
Greek,BIG,j,0.667,6,0.6119,1.0,False
Greek,LOUD,c,0.603,12,0.6716,1.0,False
Greek,LOUD,j,0.589,7,0.6567,1.0,False
Greek,BRIGHT,t,0.581,22,0.6418,1.0,False
Greek,SLOW,r,-0.541,36,0.6219,1.0,False
Greek,LOUD,m,-0.541,15,0.7114,1.0,False
Greek,LOUD,o,-0.53,58,0.7512,1.0,False
Greek,BRIGHT,ʎ,0.512,3,0.597,1.0,False
Greek,BRIGHT,z,0.51,7,0.7363,1.0,False
Greek,BRIGHT,p,0.496,19,0.7065,1.0,False
Greek,DARK,i,-0.496,181,0.5473,1.0,False
Greek,FAST,j,0.491,22,0.5373,1.0,False
Greek,BIG,ð,0.49,11,0.801,1.0,False
Greek,ROUGH,a,-0.489,20,0.8408,1.0,False
Greek,ROUND,ɣ,0.463,42,0.5224,1.0,False
Greek,SLOW,a,0.462,82,0.6418,1.0,False
Greek,QUIET,f,0.459,16,0.6517,1.0,False
Greek,LOUD,t,0.449,23,0.7612,1.0,False
Greek,SHARP,f,0.435,37,0.5672,1.0,False
Greek,SHARP,a,-0.433,161,0.5672,1.0,False
Greek,QUIET,ɣ,-0.412,7,0.7413,1.0,False
Greek,BRIGHT,i,0.408,61,0.801,1.0,False
Greek,SHARP,c,0.397,36,0.5423,1.0,False
Greek,DARK,d,0.396,8,0.6119,1.0,False
Greek,SMALL,ð,-0.391,26,0.5672,1.0,False
Greek,QUIET,l,-0.381,20,0.6866,1.0,False
Greek,ROUGH,p,-0.376,7,0.9204,1.0,False
Greek,BIG,n,-0.374,14,0.796,1.0,False
Greek,SHARP,v,0.371,29,0.5771,1.0,False
Greek,SMOOTH,b,0.369,9,0.592,1.0,False
Greek,SMOOTH,d,0.365,11,0.5672,1.0,False
Greek,QUIET,p,-0.36,24,0.7015,1.0,False
Greek,FAST,v,-0.356,22,0.6716,1.0,False
Greek,QUIET,ʎ,0.356,4,0.7313,1.0,False
Greek,SLOW,c,-0.353,11,0.7363,1.0,False
Greek,DARK,ɡ,-0.35,3,0.6169,1.0,False
Greek,LOUD,e,-0.35,26,0.8358,1.0,False
Greek,QUIET,u,-0.34,8,0.7811,1.0,False
Greek,SMALL,z,-0.338,10,0.6766,1.0,False
Greek,FAST,a,0.329,186,0.6816,1.0,False
Greek,QUIET,c,0.328,15,0.7214,1.0,False
Greek,FAST,ɣ,0.327,24,0.6517,1.0,False
Greek,SHARP,θ,0.315,19,0.6617,1.0,False
Greek,BRIGHT,a,0.306,52,0.8308,1.0,False
Greek,SMALL,o,0.301,172,0.6269,1.0,False
Greek,ROUND,z,-0.301,22,0.6517,1.0,False
Greek,QUIET,x,0.3,6,0.7711,1.0,False
Greek,SHARP,ŋ,-0.299,3,0.6716,1.0,False
Greek,BRIGHT,f,0.297,10,0.8259,1.0,False
Greek,SLOW,n,0.293,28,0.7612,1.0,False
Greek,DARK,c,-0.292,25,0.6716,1.0,False
Greek,SHARP,e,-0.289,86,0.6667,1.0,False
Greek,BRIGHT,n,-0.288,16,0.8209,1.0,False
Greek,DARK,b,-0.288,4,0.7065,1.0,False
Greek,BRIGHT,ɣ,-0.287,5,0.801,1.0,False
Greek,SMALL,r,0.283,76,0.6965,1.0,False
Greek,SHARP,s,-0.279,128,0.6766,1.0,False
Greek,QUIET,t,-0.279,26,0.791,1.0,False
Greek,SLOW,l,-0.27,21,0.8159,1.0,False
Greek,ROUGH,o,0.267,27,0.8905,1.0,False
Greek,FAST,o,0.259,218,0.7164,1.0,False
Greek,SMOOTH,a,-0.252,223,0.6965,1.0,False
Greek,SLOW,t,0.245,31,0.8458,1.0,False
Greek,SLOW,ɣ,0.244,10,0.806,1.0,False
Greek,SMALL,θ,-0.241,11,0.7662,1.0,False
Greek,FAST,m,-0.241,52,0.7264,1.0,False
Greek,BIG,v,0.225,7,0.8806,1.0,False
Greek,QUIET,n,0.221,27,0.8408,1.0,False
Greek,DARK,j,0.219,18,0.7811,1.0,False
Greek,DARK,n,-0.214,55,0.7562,1.0,False
Greek,SMOOTH,ɲ,-0.212,3,0.7164,1.0,False
Greek,BIG,r,0.21,24,0.8905,1.0,False
Greek,BIG,m,0.209,14,0.9254,1.0,False
Greek,BRIGHT,e,0.207,28,0.8806,1.0,False
Greek,ROUGH,r,-0.205,11,0.9353,1.0,False
Greek,SLOW,e,0.201,43,0.8408,1.0,False
Greek,LOUD,r,-0.201,27,0.8657,1.0,False
Greek,ROUND,c,-0.197,46,0.7413,1.0,False
Greek,FAST,θ,0.18,18,0.8109,1.0,False
Greek,SLOW,m,0.18,24,0.8806,1.0,False
Greek,BRIGHT,o,-0.178,57,0.9055,1.0,False
Greek,ROUND,m,-0.177,87,0.801,1.0,False
Greek,DARK,θ,0.173,17,0.8557,1.0,False
Greek,SMOOTH,z,-0.173,20,0.806,1.0,False
Greek,SMALL,s,0.164,111,0.8109,1.0,False
Greek,SLOW,k,-0.164,24,0.8706,1.0,False
Greek,LOUD,z,0.15,6,0.9055,1.0,False
Greek,BRIGHT,c,-0.147,8,0.9502,1.0,False
Greek,SMALL,l,0.145,42,0.8408,1.0,False
Greek,FAST,ɡ,0.144,5,0.8507,1.0,False
Greek,ROUGH,v,-0.135,3,0.9502,1.0,False
Greek,ROUND,n,-0.127,98,0.801,1.0,False
Greek,BIG,z,-0.115,4,0.9453,1.0,False
Greek,BRIGHT,j,0.113,5,0.9403,1.0,False
Greek,SHARP,ɡ,-0.109,4,0.8607,1.0,False
Greek,SMALL,x,-0.107,9,0.8657,1.0,False
Greek,LOUD,f,0.104,10,0.9353,1.0,False
Greek,LOUD,ɣ,-0.093,6,0.9403,1.0,False
Greek,SLOW,p,0.091,27,0.9154,1.0,False
Greek,SLOW,x,-0.091,5,0.9254,1.0,False
Greek,LOUD,s,-0.08,41,0.9453,1.0,False
Greek,ROUGH,k,-0.074,7,0.9751,1.0,False
Greek,DARK,v,0.073,25,0.8955,1.0,False
Greek,ROUGH,f,0.058,4,0.9751,1.0,False
Greek,SMOOTH,t,0.056,90,0.9353,1.0,False
Greek,QUIET,k,-0.055,24,0.9701,1.0,False
Greek,SMOOTH,θ,0.036,22,0.9652,1.0,False
Greek,SHARP,m,-0.034,53,0.9701,1.0,False
Greek,SLOW,j,-0.031,7,0.995,1.0,False
Greek,FAST,p,-0.03,61,0.9701,1.0,False
Greek,SLOW,u,-0.025,10,0.9851,1.0,False
Greek,BRIGHT,r,0.022,26,0.995,1.0,False
Greek,ROUND,ɲ,-0.01,5,0.99,1.0,False
Greek,SMOOTH,k,0.008,76,1.0,1.0,False
Greek,SLOW,d,-0.0,3,1.0,1.0,False
Hebrew,SLOW,ɑ,2.742,75,0.005,0.6766,False
Hebrew,ROUND,m,-1.625,235,0.005,0.6766,False
Hebrew,LOUD,r,3.014,26,0.0149,0.7807,False
Hebrew,LOUD,k,3.012,17,0.0199,0.7807,False
Hebrew,LOUD,ʔ,2.817,26,0.0249,0.7807,False
Hebrew,LOUD,b,-2.765,31,0.0249,0.7807,False
Hebrew,LOUD,s,2.76,14,0.0149,0.7807,False
Hebrew,BIG,i,-2.366,86,0.0199,0.7807,False
Hebrew,SLOW,l,2.239,158,0.0149,0.7807,False
Hebrew,SHARP,d,1.792,246,0.0249,0.7807,False
Hebrew,ROUND,ʃ,1.488,548,0.0149,0.7807,False
Hebrew,SMOOTH,h,1.452,540,0.0199,0.7807,False
Hebrew,LOUD,d,-2.649,14,0.0398,0.8512,False
Hebrew,LOUD,ɹ,-2.548,28,0.0597,0.8512,False
Hebrew,LOUD,m,2.368,34,0.0498,0.8512,False
Hebrew,LOUD,p,2.351,3,0.0597,0.8512,False
Hebrew,LOUD,o,2.315,25,0.0547,0.8512,False
Hebrew,QUIET,n,2.2,90,0.0348,0.8512,False
Hebrew,BIG,v,-2.178,19,0.0647,0.8512,False
Hebrew,BIG,ə,2.142,17,0.0647,0.8512,False
Hebrew,SLOW,i,1.764,424,0.0547,0.8512,False
Hebrew,SLOW,v,1.71,138,0.0547,0.8512,False
Hebrew,SMALL,f,1.604,65,0.0498,0.8512,False
Hebrew,SHARP,ɒ,-1.601,5,0.0498,0.8512,False
Hebrew,SHARP,ɪ,-1.601,5,0.0498,0.8512,False
Hebrew,SHARP,ɡ,1.509,154,0.0597,0.8512,False
Hebrew,SHARP,a,1.349,500,0.0647,0.8512,False
Hebrew,SHARP,ʃ,-1.344,169,0.0647,0.8512,False
Hebrew,BRIGHT,j,2.167,34,0.0697,0.8881,False
Hebrew,ROUGH,ɛ,2.609,24,0.0846,0.8989,False
Hebrew,ROUGH,χ,2.377,16,0.1144,0.8989,False
Hebrew,LOUD,h,-2.315,41,0.0796,0.8989,False
Hebrew,LOUD,z,2.158,5,0.1343,0.8989,False
Hebrew,BRIGHT,ʃ,-2.095,30,0.0846,0.8989,False
Hebrew,LOUD,t,2.073,27,0.1194,0.8989,False
Hebrew,BIG,e,2.029,75,0.0945,0.8989,False
Hebrew,LOUD,u,-1.961,40,0.1542,0.8989,False
Hebrew,BIG,t,-1.877,26,0.1244,0.8989,False
Hebrew,SLOW,ʃ,1.474,194,0.1045,0.8989,False
Hebrew,SLOW,ʔ,-1.322,21,0.0995,0.8989,False
Hebrew,SHARP,j,-1.282,68,0.0896,0.8989,False
Hebrew,SHARP,v,-1.272,106,0.0945,0.8989,False
Hebrew,SHARP,ə,-1.152,9,0.1393,0.8989,False
Hebrew,SHARP,p,1.15,14,0.1443,0.8989,False
Hebrew,SHARP,ʁ,-1.143,8,0.1393,0.8989,False
Hebrew,SHARP,ɑ,-1.129,28,0.1343,0.8989,False
Hebrew,FAST,t,-1.108,133,0.1194,0.8989,False
Hebrew,FAST,ə,-1.101,10,0.1343,0.8989,False
Hebrew,FAST,x,1.097,7,0.1294,0.8989,False
Hebrew,DARK,k,-1.094,21,0.1343,0.8989,False
Hebrew,SHARP,o,-1.08,74,0.1343,0.8989,False
Hebrew,SHARP,f,1.062,78,0.1194,0.8989,False
Hebrew,SMOOTH,ɒ,1.053,55,0.1393,0.8989,False
Hebrew,SMOOTH,ɪ,1.053,55,0.1393,0.8989,False
Hebrew,ROUND,ə,-1.019,27,0.0896,0.8989,False
Hebrew,SHARP,u,0.969,399,0.1493,0.8989,False
Hebrew,ROUND,u,0.955,915,0.1244,0.8989,False
Hebrew,ROUND,z,-0.953,16,0.1542,0.8989,False
Hebrew,ROUND,o,-0.914,182,0.1493,0.8989,False
Hebrew,ROUND,ʁ,0.905,76,0.1294,0.8989,False
Hebrew,SMOOTH,ʁ,-0.905,14,0.1493,0.8989,False
Hebrew,ROUND,ɹ,0.887,813,0.1294,0.8989,False
Hebrew,ROUND,v,0.826,346,0.1493,0.8989,False
Hebrew,BRIGHT,u,-1.676,60,0.1791,0.9134,False
Hebrew,QUIET,ɒ,1.59,19,0.1692,0.9134,False
Hebrew,QUIET,ɪ,1.59,19,0.1692,0.9134,False
Hebrew,QUIET,l,-1.455,23,0.1741,0.9134,False
Hebrew,SMALL,j,-1.172,55,0.1592,0.9134,False
Hebrew,SLOW,ə,-1.171,7,0.1791,0.9134,False
Hebrew,DARK,o,0.895,132,0.1791,0.9134,False
Hebrew,ROUND,d,0.882,497,0.1642,0.9134,False
Hebrew,SMOOTH,i,0.818,630,0.1642,0.9134,False
Hebrew,ROUND,ʔ,-0.794,107,0.1741,0.9134,False
Hebrew,SHARP,n,-1.103,102,0.1841,0.9272,False
Hebrew,LOUD,ʁ,1.76,6,0.1891,0.9293,False
Hebrew,QUIET,o,1.373,57,0.1891,0.9293,False
Hebrew,BRIGHT,a,1.636,103,0.194,0.9313,False
Hebrew,SLOW,h,1.118,334,0.194,0.9313,False
Hebrew,ROUGH,e,2.267,37,0.199,0.9333,False
Hebrew,ROUND,r,-0.724,80,0.204,0.9457,False
Hebrew,ROUGH,a,-1.963,32,0.2338,0.9669,False
Hebrew,ROUGH,ɡ,1.733,17,0.3582,0.9669,False
Hebrew,ROUGH,n,-1.494,9,0.398,0.9669,False
Hebrew,LOUD,χ,-1.491,3,0.3333,0.9669,False
Hebrew,BIG,f,1.422,18,0.2637,0.9669,False
Hebrew,BRIGHT,f,-1.361,10,0.2985,0.9669,False
Hebrew,QUIET,s,-1.34,10,0.2338,0.9669,False
Hebrew,ROUGH,m,1.333,22,0.5025,0.9669,False
Hebrew,BRIGHT,p,1.312,3,0.3632,0.9669,False
Hebrew,ROUGH,ʁ,1.312,4,0.4975,0.9669,False
Hebrew,LOUD,f,-1.303,7,0.4328,0.9669,False
Hebrew,BRIGHT,χ,1.284,23,0.2687,0.9669,False
Hebrew,BIG,ɡ,1.282,32,0.3035,0.9669,False
Hebrew,BRIGHT,b,-1.247,57,0.3682,0.9669,False
Hebrew,ROUGH,h,-1.234,35,0.5323,0.9669,False
Hebrew,QUIET,ɡ,-1.21,22,0.2935,0.9669,False
Hebrew,QUIET,i,1.196,189,0.2687,0.9669,False
Hebrew,QUIET,χ,-1.19,12,0.2836,0.9669,False
Hebrew,BIG,j,1.187,31,0.3333,0.9669,False
Hebrew,QUIET,a,-1.17,132,0.3085,0.9669,False
Hebrew,BRIGHT,n,1.147,39,0.3781,0.9669,False
Hebrew,SLOW,a,-1.13,288,0.2189,0.9669,False
Hebrew,QUIET,z,1.13,10,0.2886,0.9669,False
Hebrew,BRIGHT,ɹ,-1.121,53,0.3781,0.9669,False
Hebrew,LOUD,j,1.071,19,0.4677,0.9669,False
Hebrew,BRIGHT,ə,1.067,11,0.3383,0.9669,False
Hebrew,BIG,u,-1.058,71,0.403,0.9669,False
Hebrew,QUIET,ɑ,-1.052,11,0.3731,0.9669,False
Hebrew,BIG,l,1.03,33,0.4677,0.9669,False
Hebrew,SLOW,f,-1.025,44,0.2438,0.9669,False
Hebrew,LOUD,ɡ,-1.016,9,0.5522,0.9669,False
Hebrew,ROUGH,o,-1.011,8,0.5522,0.9669,False
Hebrew,SLOW,j,-1.008,62,0.2736,0.9669,False
Hebrew,FAST,u,1.001,398,0.2239,0.9669,False
Hebrew,BRIGHT,ɛ,-0.996,14,0.3881,0.9669,False
Hebrew,BIG,ɒ,-0.993,3,0.4577,0.9669,False
Hebrew,BIG,ɪ,-0.993,3,0.4577,0.9669,False
Hebrew,QUIET,f,0.993,29,0.393,0.9669,False
Hebrew,BIG,ɹ,-0.943,60,0.4478,0.9669,False
Hebrew,LOUD,ɛ,-0.942,10,0.5124,0.9669,False
Hebrew,SLOW,ɹ,0.937,290,0.2587,0.9669,False
Hebrew,SHARP,ɛ,0.935,155,0.2488,0.9669,False
Hebrew,QUIET,e,-0.92,82,0.4279,0.9669,False
Hebrew,ROUGH,v,0.904,16,0.6766,0.9669,False
Hebrew,BIG,ɑ,-0.891,7,0.4328,0.9669,False
Hebrew,BRIGHT,l,0.89,29,0.5373,0.9669,False
Hebrew,SLOW,m,-0.89,105,0.3532,0.9669,False
Hebrew,BRIGHT,s,-0.876,7,0.5572,0.9669,False
Hebrew,SMALL,l,-0.852,64,0.3085,0.9669,False
Hebrew,QUIET,ə,0.845,19,0.4776,0.9669,False
Hebrew,FAST,z,-0.839,8,0.2438,0.9669,False
Hebrew,ROUND,l,-0.82,193,0.2139,0.9669,False
Hebrew,DARK,ɡ,-0.815,70,0.2438,0.9669,False
Hebrew,ROUGH,t,0.811,18,0.6915,0.9669,False
Hebrew,SLOW,n,-0.809,93,0.3682,0.9669,False
Hebrew,SLOW,r,-0.795,26,0.3831,0.9669,False
Hebrew,SLOW,t,0.779,139,0.4179,0.9669,False
Hebrew,SHARP,m,-0.778,133,0.2736,0.9669,False
Hebrew,SLOW,b,0.776,299,0.3134,0.9669,False
Hebrew,SHARP,ɹ,0.772,349,0.2836,0.9669,False
Hebrew,DARK,l,-0.769,83,0.2488,0.9669,False
Hebrew,ROUGH,ʔ,-0.768,5,0.7065,0.9669,False
Hebrew,BRIGHT,t,-0.762,28,0.607,0.9669,False
Hebrew,SMALL,u,0.761,302,0.403,0.9669,False
Hebrew,ROUGH,f,-0.757,6,0.6915,0.9669,False
Hebrew,LOUD,e,-0.757,31,0.5522,0.9669,False
Hebrew,FAST,a,0.748,462,0.3184,0.9669,False
Hebrew,ROUND,h,0.745,914,0.2139,0.9669,False
Hebrew,LOUD,i,-0.737,61,0.6468,0.9669,False
Hebrew,BIG,ɛ,0.73,32,0.5821,0.9669,False
Hebrew,DARK,ɒ,0.729,37,0.2886,0.9669,False
Hebrew,DARK,ɪ,0.729,37,0.2886,0.9669,False
Hebrew,BIG,z,0.727,5,0.597,0.9669,False
Hebrew,SMOOTH,ɡ,-0.723,97,0.2438,0.9669,False
Hebrew,SLOW,ɡ,-0.709,62,0.4577,0.9669,False
Hebrew,SMALL,n,-0.69,92,0.3682,0.9669,False
Hebrew,SMALL,ʃ,0.688,169,0.4726,0.9669,False
Hebrew,FAST,h,0.687,394,0.3831,0.9669,False
Hebrew,SMOOTH,o,-0.683,111,0.2985,0.9669,False
Hebrew,FAST,v,-0.678,118,0.3781,0.9669,False
Hebrew,FAST,e,-0.66,228,0.3085,0.9669,False
Hebrew,QUIET,ɛ,-0.656,32,0.607,0.9669,False
Hebrew,ROUND,b,0.653,832,0.2488,0.9669,False
Hebrew,ROUND,k,-0.652,75,0.2736,0.9669,False
Hebrew,QUIET,b,0.647,136,0.597,0.9669,False
Hebrew,ROUGH,r,-0.645,4,0.7562,0.9669,False
Hebrew,SLOW,ɛ,-0.638,70,0.4677,0.9669,False
Hebrew,LOUD,a,0.631,63,0.6318,0.9669,False
Hebrew,LOUD,ɑ,-0.627,5,0.7114,0.9669,False
Hebrew,SMOOTH,b,0.624,463,0.3632,0.9669,False
Hebrew,BRIGHT,r,0.623,18,0.6269,0.9669,False
Hebrew,SMOOTH,ɹ,0.622,439,0.3234,0.9669,False
Hebrew,SHARP,b,0.62,361,0.393,0.9669,False
Hebrew,QUIET,u,0.619,145,0.592,0.9669,False
Hebrew,FAST,l,0.617,135,0.4428,0.9669,False
Hebrew,BIG,n,0.611,38,0.6418,0.9669,False
Hebrew,DARK,z,0.611,21,0.3433,0.9669,False
Hebrew,BIG,ʃ,-0.609,41,0.5821,0.9669,False
Hebrew,ROUND,ɡ,0.608,281,0.2736,0.9669,False
Hebrew,SMALL,s,0.603,48,0.4478,0.9669,False
Hebrew,ROUND,ɛ,0.598,322,0.3333,0.9669,False
Hebrew,FAST,k,-0.591,34,0.4229,0.9669,False
Hebrew,ROUND,χ,-0.588,120,0.2836,0.9669,False
Hebrew,LOUD,n,-0.587,17,0.6567,0.9669,False
Hebrew,SMALL,ɹ,0.585,263,0.4925,0.9669,False
Hebrew,BRIGHT,ʔ,0.571,20,0.6219,0.9669,False
Hebrew,DARK,t,0.567,161,0.3632,0.9669,False
Hebrew,FAST,ʁ,-0.565,15,0.4527,0.9669,False
Hebrew,FAST,ɡ,-0.558,81,0.4726,0.9669,False
Hebrew,SMOOTH,j,-0.553,115,0.3881,0.9669,False
Hebrew,BIG,s,-0.551,9,0.597,0.9669,False
Hebrew,ROUND,i,0.546,1109,0.3433,0.9669,False
Hebrew,BIG,m,-0.545,31,0.6965,0.9669,False
Hebrew,FAST,s,-0.543,41,0.4627,0.9669,False
Hebrew,DARK,s,0.54,59,0.4527,0.9669,False
Hebrew,FAST,ɹ,0.54,337,0.5075,0.9669,False
Hebrew,SMOOTH,ʃ,0.538,276,0.4478,0.9669,False
Hebrew,ROUND,t,0.533,381,0.3881,0.9669,False
Hebrew,SMOOTH,l,-0.533,121,0.3831,0.9669,False
Hebrew,SLOW,e,-0.532,191,0.5274,0.9669,False
Hebrew,QUIET,d,0.53,77,0.6567,0.9669,False
Hebrew,BRIGHT,h,-0.529,71,0.7164,0.9669,False
Hebrew,SMOOTH,t,-0.529,186,0.3881,0.9669,False
Hebrew,SMOOTH,ɑ,0.524,71,0.4527,0.9669,False
Hebrew,DARK,n,0.522,164,0.4478,0.9669,False
Hebrew,FAST,ɑ,0.519,55,0.4527,0.9669,False
Hebrew,FAST,ɛ,-0.512,91,0.5423,0.9669,False
Hebrew,ROUGH,l,-0.51,10,0.7612,0.9669,False
Hebrew,LOUD,ə,0.509,6,0.7463,0.9669,False
Hebrew,SLOW,o,-0.508,75,0.6119,0.9669,False
Hebrew,ROUGH,d,-0.505,18,0.801,0.9669,False
Hebrew,SMALL,b,0.504,275,0.5174,0.9669,False
Hebrew,DARK,v,0.504,139,0.4279,0.9669,False
Hebrew,DARK,ɛ,-0.499,89,0.5423,0.9669,False
Hebrew,SMALL,ɒ,0.498,27,0.5075,0.9669,False
Hebrew,SMALL,ɪ,0.498,27,0.5075,0.9669,False
Hebrew,QUIET,ʁ,-0.493,6,0.6866,0.9669,False
Hebrew,FAST,j,-0.492,91,0.5522,0.9669,False
Hebrew,DARK,ʁ,0.484,27,0.4428,0.9669,False
Hebrew,SLOW,k,-0.484,30,0.5821,0.9669,False
Hebrew,SHARP,r,-0.478,45,0.5174,0.9669,False
Hebrew,QUIET,r,-0.471,17,0.6517,0.9669,False
Hebrew,SMALL,ɑ,0.466,42,0.5473,0.9669,False
Hebrew,SMALL,t,-0.461,113,0.602,0.9669,False
Hebrew,BIG,ʔ,0.456,21,0.7363,0.9669,False
Hebrew,SMALL,m,0.451,137,0.607,0.9669,False
Hebrew,SMOOTH,s,-0.451,55,0.5423,0.9669,False
Hebrew,LOUD,v,-0.451,17,0.7413,0.9669,False
Hebrew,SLOW,s,-0.446,35,0.6269,0.9669,False
Hebrew,FAST,b,0.444,352,0.6269,0.9669,False
Hebrew,SLOW,u,0.444,309,0.5821,0.9669,False
Hebrew,SLOW,p,-0.441,3,0.6567,0.9669,False
Hebrew,BIG,ʁ,0.438,6,0.7065,0.9669,False
Hebrew,SMOOTH,r,-0.434,60,0.4677,0.9669,False
Hebrew,SMALL,ʔ,-0.431,47,0.5821,0.9669,False
Hebrew,FAST,n,0.431,165,0.4577,0.9669,False
Hebrew,SHARP,ʔ,-0.428,61,0.5174,0.9669,False
Hebrew,SMOOTH,k,-0.428,49,0.4925,0.9669,False
Hebrew,SLOW,χ,-0.426,47,0.6617,0.9669,False
Hebrew,SLOW,d,0.421,164,0.6219,0.9669,False
Hebrew,DARK,r,0.414,79,0.5373,0.9669,False
Hebrew,SMALL,ə,-0.402,19,0.6866,0.9669,False
Hebrew,SMALL,χ,0.397,66,0.5522,0.9669,False
Hebrew,QUIET,k,0.393,22,0.7363,0.9669,False
Hebrew,DARK,u,-0.39,337,0.5522,0.9669,False
Hebrew,SHARP,χ,-0.389,59,0.6269,0.9669,False
Hebrew,BRIGHT,e,-0.383,48,0.7612,0.9669,False
Hebrew,SMALL,h,0.381,298,0.6418,0.9669,False
Hebrew,BIG,χ,-0.379,13,0.7761,0.9669,False
Hebrew,QUIET,v,0.376,53,0.7164,0.9669,False
Hebrew,BRIGHT,d,-0.373,35,0.7562,0.9669,False
Hebrew,DARK,p,-0.371,4,0.6418,0.9669,False
Hebrew,FAST,i,-0.371,452,0.602,0.9669,False
Hebrew,QUIET,j,0.369,44,0.7662,0.9669,False
Hebrew,SMALL,ɡ,-0.368,68,0.6418,0.9669,False
Hebrew,ROUND,e,-0.364,555,0.4726,0.9669,False
Hebrew,SHARP,e,-0.356,242,0.5473,0.9669,False
Hebrew,DARK,ə,0.354,39,0.607,0.9669,False
Hebrew,QUIET,h,-0.353,136,0.7463,0.9669,False
Hebrew,BIG,r,-0.352,11,0.7562,0.9669,False
Hebrew,BRIGHT,v,0.349,28,0.801,0.9669,False
Hebrew,SMOOTH,e,-0.342,311,0.5572,0.9669,False
Hebrew,ROUND,p,-0.337,10,0.5771,0.9669,False
Hebrew,SHARP,k,0.33,57,0.6915,0.9669,False
Hebrew,SMALL,ɛ,-0.324,77,0.6816,0.9669,False
Hebrew,DARK,ɑ,-0.321,40,0.6567,0.9669,False
Hebrew,SHARP,h,0.317,384,0.607,0.9669,False
Hebrew,SHARP,z,-0.314,13,0.6866,0.9669,False
Hebrew,FAST,o,-0.306,98,0.6965,0.9669,False
Hebrew,SMOOTH,ɛ,-0.304,129,0.6567,0.9669,False
Hebrew,FAST,ɒ,0.302,32,0.6915,0.9669,False
Hebrew,FAST,ɪ,0.302,32,0.6915,0.9669,False
Hebrew,SHARP,l,0.291,124,0.6766,0.9669,False
Hebrew,ROUND,n,-0.29,312,0.5373,0.9669,False
Hebrew,DARK,h,-0.288,352,0.7214,0.9669,False
Hebrew,SLOW,ɒ,0.285,26,0.7313,0.9669,False
Hebrew,SLOW,ɪ,0.285,26,0.7313,0.9669,False
Hebrew,QUIET,ɹ,0.281,123,0.796,0.9669,False
Hebrew,SMALL,i,-0.277,353,0.6866,0.9669,False
Hebrew,ROUND,f,-0.27,144,0.6766,0.9669,False
Hebrew,DARK,d,-0.27,173,0.6816,0.9669,False
Hebrew,SMOOTH,χ,0.267,104,0.6766,0.9669,False
Hebrew,SLOW,z,-0.26,11,0.7861,0.9669,False
Hebrew,DARK,ʔ,0.256,85,0.7214,0.9669,False
Hebrew,SMOOTH,ʔ,-0.254,87,0.7214,0.9669,False
Hebrew,SMALL,k,0.225,42,0.791,0.9669,False
Hebrew,ROUND,x,-0.223,7,0.6816,0.9669,False
Hebrew,DARK,e,0.213,257,0.7463,0.9669,False
Hebrew,SMOOTH,z,0.21,23,0.6866,0.9669,False
Hebrew,DARK,x,-0.205,3,0.7711,0.9669,False
Hebrew,SMOOTH,x,-0.199,4,0.7413,0.9669,False
Hebrew,DARK,ʃ,0.198,200,0.7164,0.9669,False
Hebrew,ROUND,ɑ,-0.191,100,0.7662,0.9669,False
Hebrew,ROUND,s,-0.178,110,0.7512,0.9669,False
Hebrew,SMOOTH,v,-0.169,166,0.7612,0.9669,False
Hebrew,SMOOTH,a,-0.159,527,0.7811,0.9669,False
Hebrew,ROUND,ɒ,-0.152,59,0.7811,0.9669,False
Hebrew,ROUND,ɪ,-0.152,59,0.7811,0.9669,False
Hebrew,SMOOTH,d,0.15,247,0.7562,0.9669,False
Hebrew,ROUGH,ʃ,-0.474,20,0.8109,0.9703,False
Hebrew,ROUGH,k,-0.434,4,0.8109,0.9703,False
Hebrew,SMALL,e,-0.195,192,0.8259,0.9767,False
Hebrew,DARK,i,-0.179,445,0.8209,0.9767,False
Hebrew,SHARP,s,0.155,54,0.8259,0.9767,False
Hebrew,DARK,f,-0.145,62,0.8259,0.9767,False
Hebrew,ROUGH,b,-0.309,34,0.8358,0.9771,False
Hebrew,SMOOTH,ə,0.139,46,0.8358,0.9771,False
Hebrew,SMOOTH,u,0.115,471,0.8308,0.9771,False
Hebrew,QUIET,ʔ,-0.22,26,0.8408,0.9773,False
Hebrew,FAST,f,-0.127,64,0.8408,0.9773,False
Hebrew,ROUGH,s,0.326,6,0.8557,0.9775,False
Hebrew,BRIGHT,ɡ,0.267,22,0.8756,0.9775,False
Hebrew,BIG,o,-0.247,22,0.8557,0.9775,False
Hebrew,BRIGHT,o,0.227,23,0.9005,0.9775,False
Hebrew,ROUGH,u,0.221,39,0.9055,0.9775,False
Hebrew,ROUGH,ə,-0.212,3,0.9055,0.9775,False
Hebrew,QUIET,m,-0.187,58,0.8856,0.9775,False
Hebrew,BIG,d,-0.161,40,0.9005,0.9775,False
Hebrew,BRIGHT,ɒ,0.157,6,0.9104,0.9775,False
Hebrew,BRIGHT,ɪ,0.157,6,0.9104,0.9775,False
Hebrew,FAST,r,-0.154,58,0.8657,0.9775,False
Hebrew,BRIGHT,k,-0.148,9,0.9055,0.9775,False
Hebrew,BIG,a,0.144,94,0.8806,0.9775,False
Hebrew,BIG,k,-0.129,10,0.8806,0.9775,False
Hebrew,DARK,j,-0.125,99,0.8706,0.9775,False
Hebrew,QUIET,ʃ,0.12,77,0.8856,0.9775,False
Hebrew,FAST,ʔ,0.116,82,0.8756,0.9775,False
Hebrew,ROUND,j,-0.113,236,0.8706,0.9775,False
Hebrew,SLOW,ʁ,0.108,19,0.8905,0.9775,False
Hebrew,SMALL,ʁ,-0.104,16,0.9104,0.9775,False
Hebrew,FAST,m,0.102,164,0.8756,0.9775,False
Hebrew,FAST,d,0.1,190,0.8856,0.9775,False
Hebrew,DARK,b,-0.099,321,0.8905,0.9775,False
Hebrew,SMOOTH,f,-0.093,83,0.8806,0.9775,False
Hebrew,SMOOTH,m,-0.079,203,0.8806,0.9775,False
Hebrew,SMALL,v,0.078,104,0.9005,0.9775,False
Hebrew,FAST,χ,0.068,74,0.9104,0.9775,False
Hebrew,SMALL,o,-0.062,82,0.9055,0.9775,False
Hebrew,SMOOTH,n,0.062,193,0.8905,0.9775,False
Hebrew,ROUGH,i,-0.289,48,0.9154,0.9803,False
Hebrew,BRIGHT,i,-0.138,92,0.9204,0.983,False
Hebrew,SMALL,d,0.083,147,0.9303,0.9911,False
Hebrew,BRIGHT,m,-0.155,31,0.9502,0.9916,False
Hebrew,BIG,b,0.153,75,0.9453,0.9916,False
Hebrew,LOUD,l,-0.128,15,0.9502,0.9916,False
Hebrew,BRIGHT,ɑ,-0.093,9,0.9403,0.9916,False
Hebrew,LOUD,ɒ,0.083,4,0.9502,0.9916,False
Hebrew,LOUD,ɪ,0.083,4,0.9502,0.9916,False
Hebrew,DARK,χ,0.071,72,0.9403,0.9916,False
Hebrew,DARK,a,-0.058,403,0.9453,0.9916,False
Hebrew,FAST,ʃ,-0.039,200,0.9552,0.9942,False
Hebrew,BRIGHT,z,-0.096,3,0.9602,0.9968,False
Hebrew,QUIET,t,-0.053,58,0.9701,0.9971,False
Hebrew,ROUGH,j,-0.048,11,0.9701,0.9971,False
Hebrew,SHARP,i,0.033,467,0.9701,0.9971,False
Hebrew,SHARP,t,0.028,156,0.9751,0.9971,False
Hebrew,ROUND,a,-0.018,963,0.9751,0.9971,False
Hebrew,ROUGH,ɑ,0.054,5,0.9801,0.9972,False
Hebrew,BIG,h,0.017,82,0.9801,0.9972,False
Hebrew,LOUD,ʃ,0.054,28,0.9851,0.9973,False
Hebrew,DARK,ɹ,0.01,305,0.9851,0.9973,False
Hebrew,ROUGH,ɹ,-0.022,33,0.99,0.9999,False
Hebrew,SMALL,p,-0.01,5,0.995,0.9999,False
Hebrew,DARK,m,0.006,156,0.995,0.9999,False
Hebrew,SMALL,a,-0.01,324,1.0,1.0,False
Hebrew,SMALL,r,0.003,50,1.0,1.0,False
Hindi,LOUD,ĩ,3.133,7,0.005,0.4861,False
Hindi,ROUND,ɲ,2.832,8,0.005,0.4861,False
Hindi,SHARP,ũ,2.797,8,0.005,0.4861,False
Hindi,SMOOTH,h,2.69,59,0.005,0.4861,False
Hindi,SLOW,n,2.574,93,0.005,0.4861,False
Hindi,SLOW,ɟʰ,2.544,5,0.005,0.4861,False
Hindi,SMALL,u,2.344,23,0.005,0.4861,False
Hindi,BIG,ɡ,2.63,19,0.01,0.5235,False
Hindi,SMOOTH,õ,2.395,5,0.01,0.5235,False
Hindi,ROUND,l,1.922,111,0.01,0.5235,False
Hindi,ROUND,p,1.907,68,0.01,0.5235,False
Hindi,ROUND,ɔ,1.865,17,0.01,0.5235,False
Hindi,ROUGH,r,2.919,12,0.0199,0.6005,False
Hindi,LOUD,ɖ,2.703,9,0.0249,0.6005,False
Hindi,BIG,k,-2.505,10,0.0199,0.6005,False
Hindi,QUIET,pʰ,2.398,9,0.0149,0.6005,False
Hindi,SLOW,a,2.307,119,0.0199,0.6005,False
Hindi,SLOW,ɳ,2.241,10,0.0249,0.6005,False
Hindi,SLOW,kʰ,2.21,14,0.0149,0.6005,False
Hindi,SHARP,ɛ̃,2.109,3,0.0249,0.6005,False
Hindi,SHARP,ã,2.059,17,0.0149,0.6005,False
Hindi,SHARP,ɡʰ,2.024,11,0.0249,0.6005,False
Hindi,SMALL,ẽ,2.022,9,0.0199,0.6005,False
Hindi,SMALL,cʰ,1.973,12,0.0149,0.6005,False
Hindi,QUIET,f,1.924,4,0.0299,0.6005,False
Hindi,SHARP,c,1.848,21,0.0249,0.6005,False
Hindi,SMOOTH,z,1.722,10,0.0299,0.6005,False
Hindi,ROUND,ʈ,1.69,71,0.0299,0.6005,False
Hindi,SMOOTH,ʌ,1.658,136,0.0249,0.6005,False
Hindi,FAST,tʰ,1.655,9,0.0299,0.6005,False
Hindi,ROUND,ʈʰ,1.599,10,0.0299,0.6005,False
Hindi,SHARP,ɪ,1.565,61,0.0299,0.6005,False
Hindi,SMOOTH,c,1.479,29,0.0299,0.6005,False
Hindi,BIG,ə,2.245,47,0.0398,0.6806,False
Hindi,QUIET,ã,2.03,9,0.0398,0.6806,False
Hindi,QUIET,c,-1.922,3,0.0398,0.6806,False
Hindi,SLOW,i,-1.855,15,0.0398,0.6806,False
Hindi,ROUND,i,1.429,100,0.0398,0.6806,False
Hindi,BIG,bʰ,2.245,8,0.0448,0.7123,False
Hindi,SHARP,cʰ,1.558,11,0.0448,0.7123,False
Hindi,DARK,ɾ,1.447,118,0.0498,0.7562,False
Hindi,FAST,ɛ,1.685,15,0.0547,0.7799,False
Hindi,FAST,j,1.565,37,0.0547,0.7799,False
Hindi,BIG,m,2.108,23,0.0597,0.8007,False
Hindi,SLOW,ə,-1.706,39,0.0597,0.8007,False
Hindi,ROUND,j,-1.25,10,0.0597,0.8007,False
Hindi,SHARP,ɟ,1.444,24,0.0647,0.8192,False
Hindi,DARK,ʃ,1.434,36,0.0647,0.8192,False
Hindi,SMOOTH,ɡ,-1.208,16,0.0647,0.8192,False
Hindi,ROUND,ɖ,1.332,26,0.0697,0.8507,False
Hindi,ROUND,ŋ,1.201,14,0.0697,0.8507,False
Hindi,BIG,b,2.092,16,0.0746,0.8955,False
Hindi,LOUD,ʌ,-2.052,9,0.0945,0.898,False
Hindi,BRIGHT,ŋ,2.005,4,0.0896,0.898,False
Hindi,BRIGHT,d,1.998,13,0.0846,0.898,False
Hindi,BRIGHT,o,1.959,12,0.0896,0.898,False
Hindi,BIG,ɪ,-1.798,8,0.0896,0.898,False
Hindi,BRIGHT,ʂ,1.774,5,0.0945,0.898,False
Hindi,QUIET,ʋ,1.64,24,0.0896,0.898,False
Hindi,SLOW,ɟ,-1.634,4,0.0945,0.898,False
Hindi,FAST,ʋ,1.373,46,0.0846,0.898,False
Hindi,SHARP,ŋ,1.285,9,0.0945,0.898,False
Hindi,SHARP,kʰ,1.211,14,0.0945,0.898,False
Hindi,ROUND,ʋ,-1.166,13,0.0945,0.898,False
Hindi,SHARP,k,1.125,65,0.0896,0.898,False
Hindi,ROUGH,ʂ,2.452,3,0.1045,0.9046,False
Hindi,SLOW,ɖʰ,1.767,4,0.1045,0.9046,False
Hindi,BIG,ɡʰ,1.719,4,0.0995,0.9046,False
Hindi,SLOW,d,-1.63,6,0.0995,0.9046,False
Hindi,ROUND,bʰ,-1.018,6,0.1045,0.9046,False
Hindi,BRIGHT,ʃ,1.926,12,0.1194,0.905,False
Hindi,QUIET,t,1.697,26,0.1244,0.905,False
Hindi,SLOW,ʊ,1.539,24,0.1194,0.905,False
Hindi,FAST,b,-1.303,14,0.1144,0.905,False
Hindi,DARK,cʰ,1.16,11,0.1194,0.905,False
Hindi,SMOOTH,ʃ,-1.144,6,0.1244,0.905,False
Hindi,SMALL,ʋ,-1.135,8,0.1194,0.905,False
Hindi,SMALL,t,1.109,40,0.1244,0.905,False
Hindi,SMALL,l,-1.062,21,0.1244,0.905,False
Hindi,ROUND,ʃ,-1.056,8,0.1095,0.905,False
Hindi,ROUND,dʰ,1.015,16,0.1194,0.905,False
Hindi,ROUND,a,-1.013,138,0.1144,0.905,False
Hindi,QUIET,j,1.605,18,0.1294,0.9121,False
Hindi,SHARP,ẽ,1.177,7,0.1294,0.9121,False
Hindi,SHARP,d,1.072,31,0.1343,0.9281,False
Hindi,SHARP,ʊ,-1.155,15,0.1443,0.9399,False
Hindi,SHARP,ʌ,-1.143,41,0.1443,0.9399,False
Hindi,LOUD,l,1.91,25,0.1493,0.9453,False
Hindi,BRIGHT,p,-1.832,5,0.1493,0.9453,False
Hindi,DARK,ũ,1.134,5,0.1493,0.9453,False
Hindi,SLOW,b,-1.341,9,0.1542,0.9469,False
Hindi,SMALL,ʌ,1.157,78,0.1592,0.9469,False
Hindi,SMOOTH,m,1.01,66,0.1542,0.9469,False
Hindi,ROUND,õ,0.901,3,0.1592,0.9469,False
Hindi,ROUND,s,-0.821,45,0.1592,0.9469,False
Hindi,ROUGH,ɾ,-1.83,5,0.3284,0.9585,False
Hindi,LOUD,s,1.828,27,0.1692,0.9585,False
Hindi,LOUD,a,-1.739,25,0.199,0.9585,False
Hindi,LOUD,k,1.687,26,0.1841,0.9585,False
Hindi,ROUGH,ʈ,1.661,7,0.3383,0.9585,False
Hindi,ROUGH,ɪ,1.656,10,0.4428,0.9585,False
Hindi,BRIGHT,ʊ,1.55,11,0.194,0.9585,False
Hindi,ROUGH,ʋ,1.532,7,0.4726,0.9585,False
Hindi,QUIET,ɟ,1.498,13,0.1841,0.9585,False
Hindi,BRIGHT,ɾ,1.483,34,0.2587,0.9585,False
Hindi,ROUGH,i,1.452,10,0.4378,0.9585,False
Hindi,LOUD,d,-1.303,4,0.403,0.9585,False
Hindi,SLOW,ʈʰ,1.281,4,0.1692,0.9585,False
Hindi,ROUGH,ʊ,1.279,5,0.5224,0.9585,False
Hindi,LOUD,o,1.273,11,0.3731,0.9585,False
Hindi,LOUD,n,-1.254,10,0.4527,0.9585,False
Hindi,LOUD,p,-1.248,7,0.398,0.9585,False
Hindi,LOUD,ɾ,1.215,35,0.408,0.9585,False
Hindi,QUIET,ɛ,1.19,6,0.2687,0.9585,False
Hindi,BRIGHT,s,1.183,21,0.3831,0.9585,False
Hindi,LOUD,ɟ,-1.177,3,0.408,0.9585,False
Hindi,QUIET,l,-1.165,11,0.3184,0.9585,False
Hindi,QUIET,ʊ,-1.16,8,0.2338,0.9585,False
Hindi,SLOW,tʰ,1.152,5,0.2736,0.9585,False
Hindi,QUIET,m,-1.139,10,0.3134,0.9585,False
Hindi,LOUD,ɛ,1.13,4,0.4726,0.9585,False
Hindi,BIG,s,-1.127,9,0.393,0.9585,False
Hindi,FAST,i,-1.123,33,0.1841,0.9585,False
Hindi,BRIGHT,c,-1.102,3,0.408,0.9585,False
Hindi,LOUD,m,-1.1,7,0.4527,0.9585,False
Hindi,SHARP,s,-1.098,23,0.1891,0.9585,False
Hindi,LOUD,ə,1.083,36,0.4527,0.9585,False
Hindi,FAST,e,1.079,40,0.199,0.9585,False
Hindi,SMALL,pʰ,1.067,10,0.1741,0.9585,False
Hindi,SMALL,b,1.064,30,0.1841,0.9585,False
Hindi,BRIGHT,ɟ,-1.053,3,0.4478,0.9585,False
Hindi,SLOW,ʋ,-1.05,7,0.2537,0.9585,False
Hindi,DARK,s,-1.046,28,0.209,0.9585,False
Hindi,SLOW,j,-1.041,6,0.3333,0.9585,False
Hindi,SMALL,ʊ,-1.027,15,0.1741,0.9585,False
Hindi,SLOW,t,-1.018,14,0.2985,0.9585,False
Hindi,ROUND,h,-1.012,12,0.199,0.9585,False
Hindi,DARK,ɟ,1.004,25,0.1841,0.9585,False
Hindi,FAST,kʰ,-0.995,3,0.1841,0.9585,False
Hindi,QUIET,ʃ,0.995,14,0.3682,0.9585,False
Hindi,DARK,e,0.976,41,0.199,0.9585,False
Hindi,SLOW,e,-0.962,12,0.393,0.9585,False
Hindi,SMALL,tʰ,0.958,6,0.2488,0.9585,False
Hindi,DARK,ʈ,-0.958,7,0.204,0.9585,False
Hindi,DARK,ə,0.955,113,0.199,0.9585,False
Hindi,SLOW,c,-0.955,7,0.3284,0.9585,False
Hindi,SHARP,ɾ,-0.94,50,0.204,0.9585,False
Hindi,BIG,t,-0.938,8,0.4229,0.9585,False
Hindi,FAST,ɟʰ,0.929,4,0.2786,0.9585,False
Hindi,SMALL,ɪ,-0.925,29,0.2438,0.9585,False
Hindi,BIG,a,-0.921,35,0.4129,0.9585,False
Hindi,QUIET,ɾ,-0.915,27,0.4179,0.9585,False
Hindi,ROUND,ẽ,0.901,10,0.1692,0.9585,False
Hindi,SHARP,o,-0.901,12,0.2736,0.9585,False
Hindi,SMOOTH,o,-0.889,18,0.194,0.9585,False
Hindi,BIG,i,0.885,22,0.4826,0.9585,False
Hindi,BIG,l,-0.882,10,0.4527,0.9585,False
Hindi,SLOW,m,-0.876,16,0.4378,0.9585,False
Hindi,FAST,r,-0.873,3,0.2836,0.9585,False
Hindi,SMALL,ɔ,0.868,7,0.2388,0.9585,False
Hindi,DARK,ʋ,-0.868,14,0.2836,0.9585,False
Hindi,SMOOTH,ɔ,0.868,11,0.1841,0.9585,False
Hindi,LOUD,i,0.868,20,0.4826,0.9585,False
Hindi,SHARP,m,-0.863,22,0.2537,0.9585,False
Hindi,QUIET,bʰ,0.863,7,0.4378,0.9585,False
Hindi,SHARP,ʈ,0.859,32,0.2687,0.9585,False
Hindi,SMOOTH,ʈ,-0.859,11,0.2139,0.9585,False
Hindi,SMALL,s,0.858,54,0.2886,0.9585,False
Hindi,SLOW,pʰ,0.854,7,0.3483,0.9585,False
Hindi,DARK,ʊ,-0.841,20,0.2587,0.9585,False
Hindi,DARK,b,0.84,35,0.3333,0.9585,False
Hindi,ROUND,n,-0.833,62,0.2289,0.9585,False
Hindi,SMALL,o,0.828,25,0.3532,0.9585,False
Hindi,SLOW,ɛ,0.827,7,0.3632,0.9585,False
Hindi,SMOOTH,s,0.825,84,0.199,0.9585,False
Hindi,QUIET,a,-0.82,48,0.3632,0.9585,False
Hindi,FAST,d,0.811,32,0.3333,0.9585,False
Hindi,FAST,ʈ,-0.81,9,0.3234,0.9585,False
Hindi,ROUND,e,0.807,54,0.2488,0.9585,False
Hindi,BRIGHT,t,0.794,13,0.5025,0.9585,False
Hindi,SMOOTH,ʊ,-0.78,26,0.2488,0.9585,False
Hindi,FAST,k,-0.772,49,0.2587,0.9585,False
Hindi,SMALL,n,-0.763,38,0.3234,0.9585,False
Hindi,ROUND,ə,-0.759,111,0.2587,0.9585,False
Hindi,DARK,ŋ,0.754,8,0.393,0.9585,False
Hindi,SMOOTH,ɪ,0.752,76,0.2637,0.9585,False
Hindi,FAST,m,-0.746,26,0.3632,0.9585,False
Hindi,FAST,ɟ,0.746,22,0.3085,0.9585,False
Hindi,DARK,r,-0.745,6,0.3532,0.9585,False
Hindi,BIG,ʌ,0.744,30,0.5174,0.9585,False
Hindi,ROUND,b,0.738,47,0.2786,0.9585,False
Hindi,FAST,n,0.737,88,0.4129,0.9585,False
Hindi,FAST,a,0.735,140,0.3881,0.9585,False
Hindi,SMOOTH,ɾ,-0.73,81,0.2388,0.9585,False
Hindi,DARK,m,0.727,48,0.3682,0.9585,False
Hindi,BRIGHT,ɪ,0.726,17,0.5274,0.9585,False
Hindi,SLOW,ʈ,0.722,22,0.4726,0.9585,False
Hindi,ROUND,ɾ,0.721,138,0.2488,0.9585,False
Hindi,SMALL,ʃ,-0.718,8,0.3483,0.9585,False
Hindi,BIG,h,-0.716,4,0.5274,0.9585,False
Hindi,SMOOTH,l,-0.716,41,0.3085,0.9585,False
Hindi,SHARP,dʰ,0.711,9,0.3134,0.9585,False
Hindi,SHARP,u,-0.708,11,0.2786,0.9585,False
Hindi,DARK,ɪ,-0.706,39,0.3433,0.9585,False
Hindi,ROUND,ɡ,0.705,47,0.3134,0.9585,False
Hindi,SLOW,p,-0.69,17,0.4229,0.9585,False
Hindi,DARK,u,0.687,20,0.3582,0.9585,False
Hindi,SLOW,ɔ,0.687,5,0.5174,0.9585,False
Hindi,SMOOTH,ã,-0.68,3,0.3184,0.9585,False
Hindi,SMALL,ɖʰ,0.678,3,0.4129,0.9585,False
Hindi,SMALL,ɡ,-0.676,15,0.393,0.9585,False
Hindi,QUIET,ɪ,-0.675,18,0.5373,0.9585,False
Hindi,FAST,p,-0.665,26,0.393,0.9585,False
Hindi,SHARP,p,0.66,33,0.3433,0.9585,False
Hindi,SLOW,ẽ,0.658,4,0.4826,0.9585,False
Hindi,QUIET,u,-0.656,6,0.4975,0.9585,False
Hindi,ROUND,kʰ,0.65,18,0.3333,0.9585,False
Hindi,ROUND,ɳ,0.649,13,0.3632,0.9585,False
Hindi,DARK,d,0.636,32,0.3582,0.9585,False
Hindi,DARK,i,-0.633,42,0.4179,0.9585,False
Hindi,QUIET,ʌ,0.633,39,0.5373,0.9585,False
Hindi,DARK,n,-0.632,51,0.398,0.9585,False
Hindi,SMALL,r,-0.625,7,0.398,0.9585,False
Hindi,SMOOTH,r,-0.625,11,0.3234,0.9585,False
Hindi,SHARP,r,0.621,31,0.4179,0.9585,False
Hindi,SMOOTH,e,0.621,47,0.3682,0.9585,False
Hindi,SMOOTH,j,0.621,36,0.3433,0.9585,False
Hindi,SMOOTH,b,-0.615,27,0.3433,0.9585,False
Hindi,SMOOTH,d,-0.61,25,0.3582,0.9585,False
Hindi,SMOOTH,u,-0.61,17,0.3781,0.9585,False
Hindi,FAST,ɳ,-0.61,4,0.4975,0.9585,False
Hindi,ROUND,ʌ,-0.604,82,0.3582,0.9585,False
Hindi,SHARP,ɛ,-0.602,3,0.4577,0.9585,False
Hindi,ROUND,ʊ,0.601,43,0.3632,0.9585,False
Hindi,SHARP,ɖ,-0.601,4,0.4876,0.9585,False
Hindi,SMOOTH,i,-0.599,54,0.4179,0.9585,False
Hindi,SMALL,d,-0.598,16,0.408,0.9585,False
Hindi,ROUND,ɪ,-0.598,56,0.3532,0.9585,False
Hindi,SMOOTH,ɖ,-0.595,6,0.393,0.9585,False
Hindi,DARK,h,0.587,25,0.5224,0.9585,False
Hindi,SHARP,e,-0.586,20,0.4179,0.9585,False
Hindi,SMALL,c,0.585,15,0.4577,0.9585,False
Hindi,SMOOTH,ɟ,0.585,28,0.4179,0.9585,False
Hindi,FAST,s,0.579,58,0.4428,0.9585,False
Hindi,DARK,ʌ,-0.575,60,0.4428,0.9585,False
Hindi,SMALL,m,0.568,37,0.4577,0.9585,False
Hindi,ROUND,ɡʰ,0.563,10,0.398,0.9585,False
Hindi,SMALL,h,0.562,20,0.5124,0.9585,False
Hindi,SMOOTH,n,0.562,111,0.3483,0.9585,False
Hindi,DARK,ɖ,-0.558,5,0.4527,0.9585,False
Hindi,SMALL,k,-0.555,44,0.5025,0.9585,False
Hindi,DARK,dʰ,0.555,10,0.4527,0.9585,False
Hindi,ROUND,d,-0.55,28,0.3731,0.9585,False
Hindi,FAST,u,-0.548,13,0.4876,0.9585,False
Hindi,SMALL,kʰ,0.54,10,0.5423,0.9585,False
Hindi,SHARP,pʰ,-0.538,3,0.4776,0.9585,False
Hindi,DARK,tʰ,-0.538,3,0.4726,0.9585,False
Hindi,DARK,ɡʰ,-0.536,3,0.4925,0.9585,False
Hindi,ROUND,r,-0.526,15,0.4726,0.9585,False
Hindi,FAST,h,-0.521,13,0.4776,0.9585,False
Hindi,FAST,ɖ,-0.521,5,0.5174,0.9585,False
Hindi,SMOOTH,dʰ,-0.52,8,0.4129,0.9585,False
Hindi,FAST,ɔ,0.517,7,0.5373,0.9585,False
Hindi,SHARP,j,0.496,23,0.5323,0.9585,False
Hindi,SHARP,ə,-0.49,73,0.4925,0.9585,False
Hindi,ROUND,ã,-0.483,5,0.5124,0.9585,False
Hindi,ROUND,o,0.478,38,0.4677,0.9585,False
Hindi,SMOOTH,ə,-0.474,109,0.5373,0.9585,False
Hindi,SHARP,ʃ,-0.471,11,0.5423,0.9585,False
Hindi,SMALL,ã,-0.469,3,0.5124,0.9585,False
Hindi,SMOOTH,ʂ,-0.469,4,0.4279,0.9585,False
Hindi,SMALL,ɳ,0.466,7,0.5224,0.9585,False
Hindi,SHARP,i,-0.464,38,0.5323,0.9585,False
Hindi,FAST,l,0.461,51,0.5423,0.9585,False
Hindi,ROUND,u,0.457,26,0.4478,0.9585,False
Hindi,SMOOTH,t,0.438,52,0.4677,0.9585,False
Hindi,ROUND,pʰ,0.4,12,0.5323,0.9585,False
Hindi,ROUND,ɟ,-0.385,21,0.4826,0.9585,False
Hindi,SLOW,f,0.645,3,0.5473,0.9623,False
Hindi,ROUGH,p,1.248,6,0.5622,0.9735,False
Hindi,BIG,n,0.767,32,0.5572,0.9735,False
Hindi,FAST,dʰ,-0.513,6,0.5622,0.9735,False
Hindi,SMOOTH,bʰ,0.394,16,0.5622,0.9735,False
Hindi,ROUGH,s,-0.992,4,0.6617,0.975,False
Hindi,ROUGH,m,0.936,7,0.6368,0.975,False
Hindi,LOUD,ɡ,0.816,11,0.5721,0.975,False
Hindi,ROUGH,ə,-0.778,11,0.7562,0.975,False
Hindi,BRIGHT,ɡ,-0.771,5,0.5771,0.975,False
Hindi,BRIGHT,ʈ,-0.75,3,0.5672,0.975,False
Hindi,ROUGH,ʌ,0.72,12,0.7612,0.975,False
Hindi,LOUD,ɳ,0.698,3,0.607,0.975,False
Hindi,ROUGH,j,0.688,4,0.7612,0.975,False
Hindi,BRIGHT,j,-0.652,4,0.6866,0.975,False
Hindi,BRIGHT,b,-0.643,6,0.6816,0.975,False
Hindi,BRIGHT,i,-0.636,12,0.607,0.975,False
Hindi,ROUGH,n,-0.635,7,0.7313,0.975,False
Hindi,LOUD,h,-0.606,4,0.6766,0.975,False
Hindi,BIG,p,0.589,13,0.592,0.975,False
Hindi,BRIGHT,a,0.583,41,0.6567,0.975,False
Hindi,LOUD,r,-0.582,3,0.6667,0.975,False
Hindi,BRIGHT,l,-0.569,10,0.6418,0.975,False
Hindi,ROUGH,b,-0.555,3,0.7612,0.975,False
Hindi,SLOW,k,0.555,43,0.607,0.975,False
Hindi,QUIET,b,-0.545,10,0.5672,0.975,False
Hindi,LOUD,u,0.538,6,0.7363,0.975,False
Hindi,LOUD,b,0.53,10,0.6915,0.975,False
Hindi,SLOW,u,0.529,12,0.6219,0.975,False
Hindi,LOUD,ʋ,-0.527,6,0.6915,0.975,False
Hindi,QUIET,d,0.502,14,0.6567,0.975,False
Hindi,BIG,ɳ,0.495,3,0.6567,0.975,False
Hindi,BRIGHT,h,-0.492,4,0.7413,0.975,False
Hindi,SLOW,dʰ,-0.491,4,0.6368,0.975,False
Hindi,SLOW,h,0.488,15,0.6318,0.975,False
Hindi,SLOW,ɡ,-0.476,13,0.6368,0.975,False
Hindi,BRIGHT,n,-0.47,16,0.7512,0.975,False
Hindi,BIG,ɟ,-0.466,5,0.6716,0.975,False
Hindi,SLOW,ʌ,-0.462,39,0.6119,0.975,False
Hindi,SLOW,s,-0.458,25,0.6169,0.975,False
Hindi,BRIGHT,m,-0.455,9,0.7512,0.975,False
Hindi,BIG,e,0.453,12,0.7214,0.975,False
Hindi,BRIGHT,k,-0.437,16,0.7313,0.975,False
Hindi,BIG,r,0.435,11,0.7562,0.975,False
Hindi,SHARP,l,-0.431,32,0.602,0.975,False
Hindi,QUIET,ə,0.429,47,0.7164,0.975,False
Hindi,ROUND,z,-0.413,3,0.5821,0.975,False
Hindi,BIG,ʂ,0.412,3,0.7015,0.975,False
Hindi,SHARP,ʂ,-0.412,3,0.5871,0.975,False
Hindi,FAST,ɪ,-0.412,41,0.5821,0.975,False
Hindi,SHARP,ʋ,-0.408,18,0.5771,0.975,False
Hindi,DARK,ɔ,-0.405,4,0.592,0.975,False
Hindi,SMALL,ʈ,0.395,24,0.607,0.975,False
Hindi,SLOW,bʰ,-0.393,5,0.6816,0.975,False
Hindi,ROUND,t,-0.388,42,0.5871,0.975,False
Hindi,DARK,f,0.387,4,0.6915,0.975,False
Hindi,DARK,a,0.385,138,0.592,0.975,False
Hindi,QUIET,i,0.382,26,0.7562,0.975,False
Hindi,ROUND,ɟʰ,0.366,4,0.6517,0.975,False
Hindi,SHARP,tʰ,-0.364,3,0.6517,0.975,False
Hindi,FAST,o,0.358,25,0.7065,0.975,False
Hindi,SMALL,bʰ,0.356,10,0.6766,0.975,False
Hindi,DARK,ã,0.356,9,0.7264,0.975,False
Hindi,DARK,kʰ,-0.355,7,0.7065,0.975,False
Hindi,SLOW,r,0.354,19,0.6915,0.975,False
Hindi,SMALL,ɡʰ,-0.352,3,0.6468,0.975,False
Hindi,SHARP,t,0.35,34,0.6468,0.975,False
Hindi,SMOOTH,kʰ,-0.341,9,0.597,0.975,False
Hindi,DARK,ʂ,-0.336,4,0.6468,0.975,False
Hindi,SMALL,p,0.333,29,0.7015,0.975,False
Hindi,ROUND,tʰ,-0.328,5,0.6119,0.975,False
Hindi,SMOOTH,pʰ,-0.319,6,0.607,0.975,False
Hindi,SHARP,h,0.318,19,0.7065,0.975,False
Hindi,SMALL,ə,-0.302,72,0.7114,0.975,False
Hindi,SMALL,e,0.301,27,0.6716,0.975,False
Hindi,DARK,j,-0.296,18,0.7562,0.975,False
Hindi,FAST,ʊ,-0.292,23,0.7264,0.975,False
Hindi,SMOOTH,k,0.29,83,0.6567,0.975,False
Hindi,SHARP,ɡ,0.281,25,0.7214,0.975,False
Hindi,SMOOTH,ẽ,-0.277,4,0.6716,0.975,False
Hindi,SMOOTH,p,-0.276,39,0.7413,0.975,False
Hindi,FAST,cʰ,-0.274,4,0.7164,0.975,False
Hindi,SLOW,ɾ,-0.273,47,0.7612,0.975,False
Hindi,DARK,pʰ,-0.269,5,0.7463,0.975,False
Hindi,SHARP,b,-0.261,21,0.7463,0.975,False
Hindi,DARK,l,0.256,50,0.7413,0.975,False
Hindi,ROUND,ĩ,-0.242,4,0.6866,0.975,False
Hindi,ROUND,ɛ,0.226,11,0.7065,0.975,False
Hindi,FAST,bʰ,0.222,11,0.7463,0.975,False
Hindi,DARK,bʰ,-0.221,9,0.7114,0.975,False
Hindi,SMOOTH,ʋ,0.218,39,0.6766,0.975,False
Hindi,ROUND,cʰ,0.213,9,0.7562,0.975,False
Hindi,SMOOTH,ĩ,0.21,7,0.7164,0.975,False
Hindi,LOUD,ɪ,0.38,17,0.7761,0.9821,False
Hindi,BIG,c,0.376,6,0.7811,0.9821,False
Hindi,SMALL,i,0.294,45,0.7811,0.9821,False
Hindi,SLOW,ɖ,0.289,7,0.7761,0.9821,False
Hindi,FAST,ʃ,0.204,20,0.7811,0.9821,False
Hindi,SHARP,n,-0.192,55,0.7811,0.9821,False
Hindi,SHARP,ɳ,-0.213,5,0.7861,0.9847,False
Hindi,QUIET,e,-0.331,12,0.791,0.9892,False
Hindi,QUIET,o,-0.32,9,0.796,0.9918,False
Hindi,FAST,ẽ,-0.273,3,0.796,0.9918,False
Hindi,QUIET,kʰ,0.304,5,0.806,0.9933,False
Hindi,QUIET,s,0.268,25,0.801,0.9933,False
Hindi,LOUD,ʈ,-0.42,5,0.8159,0.9966,False
Hindi,SMALL,dʰ,-0.193,6,0.8109,0.9966,False
Hindi,ROUND,m,-0.168,49,0.8159,0.9966,False
Hindi,SLOW,ã,-0.299,3,0.8209,0.9991,False
Hindi,SMALL,a,0.179,107,0.8259,0.9998,False
Hindi,LOUD,bʰ,0.434,4,0.8507,1.0,False
Hindi,ROUGH,d,-0.393,3,0.8756,1.0,False
Hindi,ROUGH,l,0.306,7,0.8856,1.0,False
Hindi,LOUD,ʊ,0.306,9,0.8358,1.0,False
Hindi,ROUGH,k,0.3,9,0.9055,1.0,False
Hindi,BRIGHT,ʋ,0.268,9,0.8458,1.0,False
Hindi,ROUGH,ʃ,0.265,3,0.8308,1.0,False
Hindi,BRIGHT,r,-0.227,5,0.8806,1.0,False
Hindi,SLOW,o,-0.211,13,0.8458,1.0,False
Hindi,SLOW,ʂ,-0.211,3,0.8308,1.0,False
Hindi,BIG,u,0.209,6,0.8756,1.0,False
Hindi,BRIGHT,ə,-0.205,26,0.8358,1.0,False
Hindi,BIG,dʰ,0.2,3,0.8706,1.0,False
Hindi,QUIET,dʰ,0.196,4,0.8856,1.0,False
Hindi,LOUD,j,-0.186,6,0.8905,1.0,False
Hindi,LOUD,e,0.182,10,0.9353,1.0,False
Hindi,QUIET,ɡ,-0.181,11,0.8856,1.0,False
Hindi,SHARP,a,0.177,113,0.8408,1.0,False
Hindi,DARK,c,-0.159,15,0.8657,1.0,False
Hindi,BIG,ʈ,-0.154,7,0.9005,1.0,False
Hindi,SLOW,cʰ,-0.151,3,0.8905,1.0,False
Hindi,QUIET,k,0.15,29,0.9055,1.0,False
Hindi,QUIET,h,-0.145,8,0.8955,1.0,False
Hindi,QUIET,n,0.139,34,0.9154,1.0,False
Hindi,BRIGHT,e,0.129,9,0.8905,1.0,False
Hindi,DARK,t,0.129,37,0.8806,1.0,False
Hindi,QUIET,r,-0.127,9,0.9055,1.0,False
Hindi,ROUGH,a,0.126,18,0.9303,1.0,False
Hindi,BIG,ʋ,0.124,10,0.9104,1.0,False
Hindi,DARK,ĩ,0.121,5,0.8557,1.0,False
Hindi,BIG,ɾ,-0.118,27,0.9403,1.0,False
Hindi,SMALL,ɾ,-0.112,64,0.9154,1.0,False
Hindi,DARK,k,0.109,63,0.8607,1.0,False
Hindi,BRIGHT,ʌ,-0.103,20,0.9502,1.0,False
Hindi,BIG,ʃ,-0.086,6,0.9552,1.0,False
Hindi,SMALL,ɟ,-0.085,14,0.9154,1.0,False
Hindi,SMOOTH,ɳ,0.085,9,0.9055,1.0,False
Hindi,SMALL,j,0.082,18,0.9303,1.0,False
Hindi,FAST,ɡ,-0.075,24,0.9552,1.0,False
Hindi,SLOW,ɡʰ,-0.07,3,0.9652,1.0,False
Hindi,SHARP,ĩ,0.067,4,0.9204,1.0,False
Hindi,BIG,d,0.064,9,0.9403,1.0,False
Hindi,SMOOTH,ɛ,0.062,9,0.9204,1.0,False
Hindi,SMALL,ɖ,-0.057,7,0.9701,1.0,False
Hindi,LOUD,c,0.057,5,0.9701,1.0,False
Hindi,SMOOTH,ʈʰ,0.056,4,0.9005,1.0,False
Hindi,ROUND,ɖʰ,0.055,3,0.9204,1.0,False
Hindi,ROUND,k,0.052,86,0.8905,1.0,False
Hindi,FAST,ɾ,0.052,79,0.9403,1.0,False
Hindi,LOUD,ʃ,0.052,6,0.9652,1.0,False
Hindi,DARK,ɛ,0.046,7,0.9652,1.0,False
Hindi,SMOOTH,tʰ,0.045,6,0.9403,1.0,False
Hindi,FAST,z,-0.043,3,0.9602,1.0,False
Hindi,SHARP,bʰ,0.042,9,0.9502,1.0,False
Hindi,BIG,ɖ,-0.041,3,0.9502,1.0,False
Hindi,FAST,t,0.037,34,0.9701,1.0,False
Hindi,ROUND,c,0.036,22,0.9602,1.0,False
Hindi,SLOW,ɪ,0.034,31,0.995,1.0,False
Hindi,SLOW,l,-0.031,28,0.9751,1.0,False
Hindi,FAST,ʌ,0.028,69,0.9801,1.0,False
Hindi,QUIET,p,-0.021,15,0.99,1.0,False
Hindi,BIG,ʊ,-0.02,9,0.9701,1.0,False
Hindi,DARK,o,0.016,23,0.9851,1.0,False
Hindi,DARK,ɡ,-0.012,26,0.99,1.0,False
Hindi,FAST,c,0.01,15,0.99,1.0,False
Hindi,LOUD,t,-0.007,11,1.0,1.0,False
Hindi,DARK,p,-0.005,33,0.99,1.0,False
Hindi,SMOOTH,a,0.001,162,1.0,1.0,False
Hindi,FAST,ə,0.001,90,0.995,1.0,False
Hungarian,BIG,ɑ,2.984,53,0.005,0.5224,False
Hungarian,ROUGH,o,2.751,23,0.0199,0.5224,False
Hungarian,BIG,v,-2.631,3,0.0249,0.5224,False
Hungarian,BRIGHT,ʒ,2.512,5,0.0249,0.5224,False
Hungarian,SMOOTH,e,2.447,95,0.005,0.5224,False
Hungarian,BIG,t͡ʃ,2.426,10,0.01,0.5224,False
Hungarian,SLOW,a,2.222,55,0.0299,0.5224,False
Hungarian,SMALL,ɟ,2.17,18,0.01,0.5224,False
Hungarian,BRIGHT,ɲ,2.157,22,0.0249,0.5224,False
Hungarian,QUIET,l,2.084,74,0.0299,0.5224,False
Hungarian,QUIET,h,2.07,25,0.0299,0.5224,False
Hungarian,ROUND,c,2.037,4,0.0249,0.5224,False
Hungarian,SMALL,ʎ,1.987,3,0.0249,0.5224,False
Hungarian,SLOW,j,1.956,22,0.0299,0.5224,False
Hungarian,DARK,t͡s,1.886,13,0.0199,0.5224,False
Hungarian,DARK,r,1.781,90,0.0299,0.5224,False
Hungarian,SHARP,r,1.752,109,0.0199,0.5224,False
Hungarian,SHARP,n,-1.612,41,0.0199,0.5224,False
Hungarian,SMOOTH,a,-1.565,29,0.0199,0.5224,False
Hungarian,ROUND,ɛ,-1.487,126,0.0199,0.5224,False
Hungarian,ROUND,k,1.454,125,0.0249,0.5224,False
Hungarian,ROUND,ʃ,-1.42,48,0.0249,0.5224,False
Hungarian,SMOOTH,n,1.313,108,0.0299,0.5224,False
Hungarian,SMOOTH,p,-1.424,14,0.0348,0.5851,False
Hungarian,ROUND,z,-1.264,17,0.0398,0.6429,False
Hungarian,SHARP,j,1.476,30,0.0448,0.6716,False
Hungarian,ROUND,b,1.459,60,0.0448,0.6716,False
Hungarian,LOUD,u,2.482,13,0.0547,0.7926,False
Hungarian,BIG,m,2.185,25,0.0896,0.8089,False
Hungarian,BIG,ɡ,2.108,21,0.1095,0.8089,False
Hungarian,QUIET,ʃ,-2.02,14,0.0746,0.8089,False
Hungarian,BRIGHT,ø,1.75,27,0.0746,0.8089,False
Hungarian,BRIGHT,s,1.678,29,0.1144,0.8089,False
Hungarian,FAST,z,1.522,38,0.0697,0.8089,False
Hungarian,DARK,f,1.49,33,0.0846,0.8089,False
Hungarian,FAST,s,1.464,52,0.0945,0.8089,False
Hungarian,SMALL,o,-1.45,45,0.0697,0.8089,False
Hungarian,QUIET,d,1.45,24,0.1194,0.8089,False
Hungarian,DARK,i,-1.406,39,0.0995,0.8089,False
Hungarian,SHARP,v,1.401,35,0.0697,0.8089,False
Hungarian,DARK,ɡ,-1.394,18,0.0746,0.8089,False
Hungarian,SMALL,ɛ,1.358,112,0.1194,0.8089,False
Hungarian,SLOW,i,1.344,66,0.1095,0.8089,False
Hungarian,SHARP,i,-1.331,49,0.0945,0.8089,False
Hungarian,SHARP,h,-1.322,9,0.0846,0.8089,False
Hungarian,ROUND,p,1.288,49,0.0647,0.8089,False
Hungarian,SMALL,f,-1.257,6,0.1194,0.8089,False
Hungarian,DARK,ɑ,-1.252,64,0.1144,0.8089,False
Hungarian,DARK,ɲ,1.225,28,0.1045,0.8089,False
Hungarian,DARK,d,-1.171,14,0.0995,0.8089,False
Hungarian,ROUND,a,1.065,94,0.1144,0.8089,False
Hungarian,SMOOTH,ʃ,1.05,89,0.1095,0.8089,False
Hungarian,ROUND,ɲ,-0.925,10,0.1144,0.8089,False
Hungarian,SLOW,ʃ,1.484,49,0.1343,0.8548,False
Hungarian,QUIET,ɛ,1.288,84,0.1343,0.8548,False
Hungarian,ROUND,d,1.02,55,0.1393,0.8732,False
Hungarian,SHARP,t͡ʃ,0.948,22,0.1443,0.8782,False
Hungarian,SMOOTH,ɟ,0.935,22,0.1443,0.8782,False
Hungarian,SMOOTH,l,-0.949,72,0.1493,0.8955,False
Hungarian,ROUGH,y,2.109,6,0.1542,0.8997,False
Hungarian,FAST,y,-1.209,6,0.1542,0.8997,False
Hungarian,ROUND,ø,0.986,65,0.1592,0.916,False
Hungarian,QUIET,i,-1.344,27,0.1642,0.9194,False
Hungarian,SHARP,k,1.011,81,0.1642,0.9194,False
Hungarian,ROUGH,l,-2.077,5,0.204,0.961,False
Hungarian,ROUGH,k,1.879,17,0.2189,0.961,False
Hungarian,LOUD,z,1.855,10,0.2189,0.961,False
Hungarian,ROUGH,m,1.783,14,0.3234,0.961,False
Hungarian,ROUGH,t,1.737,20,0.2985,0.961,False
Hungarian,LOUD,n,1.678,20,0.3035,0.961,False
Hungarian,ROUGH,b,1.664,8,0.393,0.961,False
Hungarian,ROUGH,h,1.545,7,0.3532,0.961,False
Hungarian,BIG,r,-1.522,13,0.2189,0.961,False
Hungarian,LOUD,t,-1.519,14,0.3333,0.961,False
Hungarian,BIG,k,-1.482,11,0.2438,0.961,False
Hungarian,LOUD,ø,-1.477,3,0.3881,0.961,False
Hungarian,BIG,ø,-1.464,4,0.2189,0.961,False
Hungarian,LOUD,p,1.464,8,0.393,0.961,False
Hungarian,BIG,i,1.356,30,0.2438,0.961,False
Hungarian,LOUD,t͡s,1.355,3,0.408,0.961,False
Hungarian,ROUGH,n,-1.336,8,0.4279,0.961,False
Hungarian,LOUD,y,1.299,6,0.4179,0.961,False
Hungarian,BRIGHT,y,1.279,13,0.2239,0.961,False
Hungarian,LOUD,s,1.274,12,0.4179,0.961,False
Hungarian,SLOW,r,-1.257,32,0.2139,0.961,False
Hungarian,BRIGHT,b,-1.213,4,0.2587,0.961,False
Hungarian,BIG,h,-1.196,3,0.3632,0.961,False
Hungarian,BIG,ʃ,1.196,21,0.3234,0.961,False
Hungarian,SLOW,t,1.194,67,0.1891,0.961,False
Hungarian,BRIGHT,t,-1.179,33,0.2637,0.961,False
Hungarian,BIG,ɛ,-1.17,28,0.3284,0.961,False
Hungarian,SLOW,b,-1.131,6,0.2537,0.961,False
Hungarian,QUIET,t͡ʃ,1.122,13,0.209,0.961,False
Hungarian,DARK,u,1.1,34,0.194,0.961,False
Hungarian,BRIGHT,t͡s,1.085,6,0.3532,0.961,False
Hungarian,DARK,b,1.083,31,0.194,0.961,False
Hungarian,SMALL,u,-1.078,10,0.2438,0.961,False
Hungarian,BRIGHT,f,1.078,17,0.3134,0.961,False
Hungarian,FAST,ø,1.077,43,0.194,0.961,False
Hungarian,DARK,p,1.072,27,0.209,0.961,False
Hungarian,FAST,k,-1.065,41,0.2388,0.961,False
Hungarian,QUIET,t,-1.065,39,0.3085,0.961,False
Hungarian,SMALL,t,1.055,75,0.2886,0.961,False
Hungarian,DARK,v,1.053,27,0.1891,0.961,False
Hungarian,QUIET,z,-1.041,8,0.3134,0.961,False
Hungarian,BRIGHT,u,-1.008,7,0.4279,0.961,False
Hungarian,BRIGHT,h,-0.994,6,0.408,0.961,False
Hungarian,SLOW,e,-0.99,19,0.2687,0.961,False
Hungarian,SHARP,z,-0.989,15,0.1841,0.961,False
Hungarian,QUIET,o,0.98,56,0.3184,0.961,False
Hungarian,SLOW,ɟ,-0.953,4,0.2985,0.961,False
Hungarian,BRIGHT,ɑ,-0.952,41,0.393,0.961,False
Hungarian,SLOW,l,0.943,67,0.3284,0.961,False
Hungarian,DARK,t͡ʃ,-0.94,5,0.2388,0.961,False
Hungarian,SMALL,z,0.937,26,0.3085,0.961,False
Hungarian,SLOW,m,-0.931,20,0.3184,0.961,False
Hungarian,SMALL,ɡ,-0.921,21,0.3582,0.961,False
Hungarian,SMALL,m,-0.919,23,0.3383,0.961,False
Hungarian,SMALL,ø,0.913,33,0.3035,0.961,False
Hungarian,SMALL,e,0.91,40,0.2886,0.961,False
Hungarian,DARK,m,-0.908,26,0.2488,0.961,False
Hungarian,QUIET,ø,-0.867,12,0.3781,0.961,False
Hungarian,QUIET,r,-0.861,32,0.3134,0.961,False
Hungarian,SMOOTH,z,0.858,44,0.2189,0.961,False
Hungarian,SLOW,n,0.844,50,0.3433,0.961,False
Hungarian,QUIET,s,-0.844,13,0.4179,0.961,False
Hungarian,QUIET,ɡ,0.844,30,0.403,0.961,False
Hungarian,FAST,f,-0.828,12,0.3582,0.961,False
Hungarian,SMALL,d,-0.824,15,0.3284,0.961,False
Hungarian,SMOOTH,f,-0.81,17,0.194,0.961,False
Hungarian,SMOOTH,t,0.794,125,0.2388,0.961,False
Hungarian,SHARP,a,0.784,62,0.2836,0.961,False
Hungarian,FAST,m,-0.769,31,0.2935,0.961,False
Hungarian,ROUND,r,0.751,126,0.3333,0.961,False
Hungarian,SHARP,ɛ,-0.745,106,0.2836,0.961,False
Hungarian,SMALL,ʃ,0.739,48,0.3483,0.961,False
Hungarian,SMOOTH,t͡ʃ,-0.726,10,0.2438,0.961,False
Hungarian,ROUND,e,-0.713,47,0.2886,0.961,False
Hungarian,DARK,n,-0.701,45,0.3781,0.961,False
Hungarian,ROUND,ɡ,-0.7,45,0.2786,0.961,False
Hungarian,SLOW,k,-0.692,33,0.4279,0.961,False
Hungarian,SMOOTH,h,-0.685,20,0.2886,0.961,False
Hungarian,ROUND,f,-0.682,21,0.3184,0.961,False
Hungarian,SHARP,l,0.679,98,0.3831,0.961,False
Hungarian,SMOOTH,y,-0.668,14,0.3284,0.961,False
Hungarian,FAST,ɛ,-0.664,98,0.3831,0.961,False
Hungarian,DARK,ɛ,0.661,113,0.3731,0.961,False
Hungarian,SMALL,h,0.659,22,0.3881,0.961,False
Hungarian,SMALL,n,0.652,55,0.403,0.961,False
Hungarian,SMOOTH,b,-0.631,20,0.3433,0.961,False
Hungarian,SHARP,t,-0.63,77,0.3383,0.961,False
Hungarian,SHARP,e,0.628,51,0.403,0.961,False
Hungarian,SMOOTH,ɛ,0.614,173,0.3582,0.961,False
Hungarian,SHARP,ɲ,-0.613,11,0.398,0.961,False
Hungarian,FAST,ɲ,-0.613,10,0.408,0.961,False
Hungarian,SMOOTH,m,0.609,74,0.2886,0.961,False
Hungarian,SMOOTH,u,-0.603,25,0.3383,0.961,False
Hungarian,ROUND,l,0.59,135,0.393,0.961,False
Hungarian,ROUND,y,0.576,30,0.3632,0.961,False
Hungarian,DARK,t,-0.57,64,0.4229,0.961,False
Hungarian,ROUND,m,-0.531,54,0.4129,0.961,False
Hungarian,SMOOTH,r,-0.507,82,0.4229,0.961,False
Hungarian,SMOOTH,d,0.513,43,0.4328,0.967,False
Hungarian,ROUGH,ɡ,-1.347,4,0.4428,0.9788,False
Hungarian,ROUND,n,-0.524,81,0.4428,0.9788,False
Hungarian,SMOOTH,i,0.42,107,0.4527,0.9955,False
Hungarian,ROUGH,ɛ,1.326,27,0.4577,0.9961,False
Hungarian,DARK,e,0.731,43,0.4577,0.9961,False
Hungarian,ROUGH,a,-1.243,5,0.4876,0.9969,False
Hungarian,LOUD,i,1.18,22,0.4975,0.9969,False
Hungarian,LOUD,ɡ,1.179,13,0.4876,0.9969,False
Hungarian,LOUD,e,-1.177,6,0.5423,0.9969,False
Hungarian,LOUD,f,1.156,8,0.4776,0.9969,False
Hungarian,LOUD,k,-1.05,10,0.5224,0.9969,False
Hungarian,ROUGH,u,0.954,7,0.6219,0.9969,False
Hungarian,ROUGH,f,0.949,6,0.6269,0.9969,False
Hungarian,BRIGHT,t͡ʃ,-0.922,3,0.4627,0.9969,False
Hungarian,BIG,d,0.91,11,0.5075,0.9969,False
Hungarian,BIG,n,-0.905,15,0.5323,0.9969,False
Hungarian,BIG,e,-0.889,9,0.4975,0.9969,False
Hungarian,ROUGH,ɟ,0.864,3,0.7612,0.9969,False
Hungarian,LOUD,ɛ,-0.819,23,0.6517,0.9969,False
Hungarian,ROUGH,z,-0.807,3,0.6866,0.9969,False
Hungarian,ROUGH,ø,-0.796,4,0.6617,0.9969,False
Hungarian,LOUD,a,-0.759,8,0.6965,0.9969,False
Hungarian,BRIGHT,o,-0.756,35,0.4776,0.9969,False
Hungarian,BIG,y,-0.754,3,0.5721,0.9969,False
Hungarian,SLOW,ɛ,-0.734,68,0.5075,0.9969,False
Hungarian,SLOW,f,0.723,20,0.4925,0.9969,False
Hungarian,QUIET,f,-0.721,8,0.4826,0.9969,False
Hungarian,BIG,p,-0.717,5,0.6119,0.9969,False
Hungarian,FAST,v,0.716,28,0.4776,0.9969,False
Hungarian,BIG,ɲ,0.706,8,0.5871,0.9969,False
Hungarian,LOUD,l,-0.684,14,0.6368,0.9969,False
Hungarian,ROUGH,i,-0.682,11,0.7164,0.9969,False
Hungarian,SLOW,y,-0.681,7,0.4726,0.9969,False
Hungarian,SLOW,u,-0.679,12,0.5025,0.9969,False
Hungarian,BRIGHT,j,-0.675,5,0.6219,0.9969,False
Hungarian,ROUGH,e,-0.671,6,0.7363,0.9969,False
Hungarian,LOUD,ʃ,-0.647,10,0.7413,0.9969,False
Hungarian,ROUGH,v,-0.628,4,0.7114,0.9969,False
Hungarian,SLOW,o,-0.623,48,0.4925,0.9969,False
Hungarian,LOUD,v,-0.612,5,0.6866,0.9969,False
Hungarian,BRIGHT,ɟ,-0.601,4,0.5721,0.9969,False
Hungarian,SMALL,v,0.599,22,0.5075,0.9969,False
Hungarian,QUIET,u,-0.592,11,0.5473,0.9969,False
Hungarian,BIG,o,-0.574,22,0.6567,0.9969,False
Hungarian,BIG,b,0.558,9,0.7065,0.9969,False
Hungarian,BRIGHT,ɡ,0.552,24,0.5871,0.9969,False
Hungarian,FAST,i,0.543,79,0.5124,0.9969,False
Hungarian,DARK,y,-0.531,10,0.5323,0.9969,False
Hungarian,BIG,u,-0.528,6,0.6915,0.9969,False
Hungarian,SMALL,t͡ʃ,-0.526,7,0.5672,0.9969,False
Hungarian,SLOW,s,-0.525,18,0.5423,0.9969,False
Hungarian,ROUGH,s,-0.518,5,0.796,0.9969,False
Hungarian,SMALL,y,-0.514,9,0.5871,0.9969,False
Hungarian,SMALL,i,-0.508,48,0.5622,0.9969,False
Hungarian,SLOW,v,-0.489,15,0.5771,0.9969,False
Hungarian,FAST,t͡ʃ,-0.487,9,0.5622,0.9969,False
Hungarian,SMALL,ɑ,-0.475,71,0.6567,0.9969,False
Hungarian,QUIET,y,-0.475,7,0.6269,0.9969,False
Hungarian,BIG,l,-0.471,20,0.7662,0.9969,False
Hungarian,BRIGHT,i,0.464,41,0.7164,0.9969,False
Hungarian,BIG,j,0.452,6,0.7512,0.9969,False
Hungarian,QUIET,n,0.452,40,0.6816,0.9969,False
Hungarian,QUIET,m,-0.451,22,0.6468,0.9969,False
Hungarian,SMALL,p,0.442,20,0.607,0.9969,False
Hungarian,SHARP,y,-0.43,13,0.5572,0.9969,False
Hungarian,DARK,a,0.424,46,0.6169,0.9969,False
Hungarian,DARK,k,0.41,58,0.6318,0.9969,False
Hungarian,SLOW,t͡s,-0.41,4,0.6716,0.9969,False
Hungarian,SMOOTH,t͡s,-0.395,8,0.6219,0.9969,False
Hungarian,SMALL,a,-0.392,31,0.6766,0.9969,False
Hungarian,SHARP,d,-0.377,25,0.5771,0.9969,False
Hungarian,SLOW,t͡ʃ,0.377,11,0.6766,0.9969,False
Hungarian,BRIGHT,ɛ,0.373,63,0.7313,0.9969,False
Hungarian,DARK,s,-0.367,25,0.6866,0.9969,False
Hungarian,QUIET,e,-0.366,21,0.7015,0.9969,False
Hungarian,FAST,a,0.365,50,0.6368,0.9969,False
Hungarian,DARK,ɟ,-0.36,8,0.6368,0.9969,False
Hungarian,ROUND,ʒ,-0.359,3,0.5572,0.9969,False
Hungarian,LOUD,r,0.358,18,0.9154,0.9969,False
Hungarian,DARK,h,0.348,22,0.6816,0.9969,False
Hungarian,SMOOTH,j,0.348,25,0.6318,0.9969,False
Hungarian,SLOW,z,-0.345,14,0.7015,0.9969,False
Hungarian,SMOOTH,k,-0.343,73,0.607,0.9969,False
Hungarian,DARK,z,-0.341,18,0.6965,0.9969,False
Hungarian,FAST,t,-0.339,74,0.7015,0.9969,False
Hungarian,ROUND,j,-0.338,19,0.5572,0.9969,False
Hungarian,DARK,ʃ,-0.337,41,0.6667,0.9969,False
Hungarian,QUIET,a,-0.337,24,0.7413,0.9969,False
Hungarian,FAST,n,0.334,64,0.6816,0.9969,False
Hungarian,SLOW,ø,0.334,24,0.7264,0.9969,False
Hungarian,SMOOTH,ɲ,0.333,29,0.597,0.9969,False
Hungarian,BIG,ɟ,0.327,4,0.8159,0.9969,False
Hungarian,SMALL,ʒ,0.326,3,0.7463,0.9969,False
Hungarian,ROUND,t,0.324,129,0.5522,0.9969,False
Hungarian,ROUND,v,0.317,40,0.597,0.9969,False
Hungarian,BRIGHT,a,-0.314,21,0.7214,0.9969,False
Hungarian,QUIET,b,-0.313,11,0.7114,0.9969,False
Hungarian,FAST,d,0.312,29,0.7512,0.9969,False
Hungarian,BRIGHT,p,-0.307,10,0.806,0.9969,False
Hungarian,BRIGHT,k,-0.304,28,0.796,0.9969,False
Hungarian,BRIGHT,r,-0.304,33,0.7463,0.9969,False
Hungarian,LOUD,d,0.297,7,0.8955,0.9969,False
Hungarian,SMOOTH,ø,-0.296,37,0.6318,0.9969,False
Hungarian,SLOW,ɑ,-0.295,65,0.7612,0.9969,False
Hungarian,ROUGH,ɑ,-0.291,18,0.8358,0.9969,False
Hungarian,SHARP,f,0.272,26,0.7313,0.9969,False
Hungarian,QUIET,ɑ,0.27,64,0.7811,0.9969,False
Hungarian,SLOW,h,-0.259,13,0.806,0.9969,False
Hungarian,SMOOTH,ɑ,-0.254,130,0.6816,0.9969,False
Hungarian,SMALL,ɲ,0.253,16,0.7761,0.9969,False
Hungarian,FAST,u,-0.251,22,0.7363,0.9969,False
Hungarian,BRIGHT,z,-0.25,11,0.8308,0.9969,False
Hungarian,SMALL,r,-0.249,51,0.7413,0.9969,False
Hungarian,BIG,a,-0.249,13,0.8358,0.9969,False
Hungarian,BRIGHT,d,0.243,15,0.8557,0.9969,False
Hungarian,SMOOTH,o,-0.238,103,0.7463,0.9969,False
Hungarian,QUIET,ɲ,0.236,12,0.8209,0.9969,False
Hungarian,ROUND,h,-0.235,29,0.6965,0.9969,False
Hungarian,SHARP,ø,-0.235,30,0.7612,0.9969,False
Hungarian,ROUND,t͡ʃ,-0.232,17,0.7413,0.9969,False
Hungarian,SHARP,b,-0.224,21,0.7711,0.9969,False
Hungarian,ROUND,s,-0.218,46,0.6965,0.9969,False
Hungarian,DARK,l,-0.211,62,0.8308,0.9969,False
Hungarian,SHARP,ɑ,0.208,114,0.7512,0.9969,False
Hungarian,ROUND,ɟ,-0.207,15,0.8209,0.9969,False
Hungarian,SHARP,m,-0.207,44,0.7662,0.9969,False
Hungarian,SMALL,s,-0.204,24,0.8358,0.9969,False
Hungarian,SMALL,k,0.203,49,0.8657,0.9969,False
Hungarian,SLOW,ɡ,-0.203,25,0.8557,0.9969,False
Hungarian,QUIET,p,0.203,14,0.8109,0.9969,False
Hungarian,FAST,t͡s,0.202,8,0.7662,0.9969,False
Hungarian,BIG,t,0.199,26,0.8856,0.9969,False
Hungarian,FAST,b,0.198,24,0.796,0.9969,False
Hungarian,BRIGHT,n,-0.194,30,0.8657,0.9969,False
Hungarian,BRIGHT,ʃ,-0.192,25,0.8259,0.9969,False
Hungarian,LOUD,ɑ,0.185,25,0.9204,0.9969,False
Hungarian,SMALL,j,-0.165,11,0.8507,0.9969,False
Hungarian,QUIET,j,0.165,10,0.8557,0.9969,False
Hungarian,FAST,ʃ,0.162,52,0.8856,0.9969,False
Hungarian,SHARP,s,0.15,38,0.8458,0.9969,False
Hungarian,SHARP,ɟ,-0.146,11,0.8458,0.9969,False
Hungarian,FAST,ɟ,-0.145,10,0.8557,0.9969,False
Hungarian,ROUGH,ɲ,-0.14,3,0.9104,0.9969,False
Hungarian,BIG,z,-0.135,7,0.8806,0.9969,False
Hungarian,ROUND,t͡s,0.132,12,0.796,0.9969,False
Hungarian,QUIET,ɟ,0.132,7,0.8955,0.9969,False
Hungarian,LOUD,m,0.128,11,0.9403,0.9969,False
Hungarian,SHARP,u,0.126,29,0.8756,0.9969,False
Hungarian,SHARP,ʃ,-0.126,53,0.8706,0.9969,False
Hungarian,FAST,r,0.121,70,0.9055,0.9969,False
Hungarian,ROUGH,ʃ,0.111,10,0.9502,0.9969,False
Hungarian,FAST,h,0.106,22,0.8955,0.9969,False
Hungarian,QUIET,v,0.106,15,0.9254,0.9969,False
Hungarian,SMALL,l,0.103,61,0.9104,0.9969,False
Hungarian,BRIGHT,v,0.102,13,0.9751,0.9969,False
Hungarian,FAST,o,-0.093,76,0.9055,0.9969,False
Hungarian,FAST,ɡ,-0.089,37,0.8408,0.9969,False
Hungarian,SMOOTH,s,0.087,47,0.8905,0.9969,False
Hungarian,FAST,ɑ,-0.086,97,0.9005,0.9969,False
Hungarian,FAST,p,0.081,22,0.9552,0.9969,False
Hungarian,DARK,j,-0.08,13,0.9353,0.9969,False
Hungarian,ROUND,u,0.077,40,0.9055,0.9969,False
Hungarian,DARK,ø,0.075,28,0.9055,0.9969,False
Hungarian,BRIGHT,e,0.074,21,0.9204,0.9969,False
Hungarian,DARK,o,-0.07,69,0.9303,0.9969,False
Hungarian,SHARP,ɡ,-0.069,41,0.9154,0.9969,False
Hungarian,SMOOTH,v,0.065,34,0.9154,0.9969,False
Hungarian,SLOW,d,-0.065,18,0.9652,0.9969,False
Hungarian,LOUD,o,0.065,19,0.9602,0.9969,False
Hungarian,ROUGH,r,-0.063,13,0.9701,0.9969,False
Hungarian,SMALL,b,0.059,18,0.9751,0.9969,False
Hungarian,SHARP,p,-0.056,23,0.9502,0.9969,False
Hungarian,SHARP,o,0.053,86,0.9453,0.9969,False
Hungarian,FAST,ʒ,0.048,3,0.9502,0.9969,False
Hungarian,ROUND,o,-0.045,119,0.9502,0.9969,False
Hungarian,ROUND,ɑ,-0.042,152,0.9254,0.9969,False
Hungarian,SMOOTH,ɡ,0.042,54,0.9552,0.9969,False
Hungarian,ROUND,i,-0.037,106,0.9552,0.9969,False
Hungarian,LOUD,h,-0.037,5,0.9652,0.9969,False
Hungarian,FAST,l,-0.02,73,0.9851,0.9969,False
Hungarian,QUIET,k,-0.02,35,0.9751,0.9969,False
Hungarian,FAST,e,0.014,39,0.9801,0.9969,False
Hungarian,BRIGHT,l,0.013,39,0.9851,0.9969,False
Hungarian,LOUD,t͡ʃ,-0.047,3,0.995,1.0,False
Hungarian,BRIGHT,m,0.012,23,0.995,1.0,False
Hungarian,SHARP,t͡s,0.01,8,1.0,1.0,False
Hungarian,SLOW,p,-0.006,15,1.0,1.0,False
Hungarian,FAST,j,-0.005,15,1.0,1.0,False
Indonesian,SHARP,ɡ,2.68,38,0.005,0.29,False
Indonesian,SLOW,m,2.587,153,0.005,0.29,False
Indonesian,DARK,a͡ʊ,2.578,13,0.005,0.29,False
Indonesian,DARK,w,2.564,17,0.005,0.29,False
Indonesian,SHARP,t,2.449,108,0.005,0.29,False
Indonesian,SLOW,ə,2.316,138,0.005,0.29,False
Indonesian,LOUD,f,3.219,4,0.01,0.3691,False
Indonesian,SMALL,p,2.181,48,0.01,0.3691,False
Indonesian,SLOW,ŋ,2.12,74,0.01,0.3691,False
Indonesian,SHARP,k,1.933,114,0.0199,0.4273,False
Indonesian,ROUND,a͡ɪ,1.914,21,0.0149,0.4273,False
Indonesian,SHARP,p,1.647,64,0.0199,0.4273,False
Indonesian,ROUND,o,1.637,76,0.0199,0.4273,False
Indonesian,SMOOTH,u,-1.58,72,0.0199,0.4273,False
Indonesian,ROUND,h,-1.472,8,0.0149,0.4273,False
Indonesian,SMALL,ɛ,2.014,46,0.0249,0.4833,False
Indonesian,DARK,j,1.873,11,0.0249,0.4833,False
Indonesian,SMOOTH,r,-1.597,78,0.0299,0.5295,False
Indonesian,ROUND,n,1.402,133,0.0299,0.5295,False
Indonesian,BRIGHT,ɲ,2.364,8,0.0448,0.63,False
Indonesian,BIG,u,2.335,39,0.0448,0.63,False
Indonesian,SLOW,t,-1.781,38,0.0448,0.63,False
Indonesian,ROUND,l,1.681,106,0.0398,0.63,False
Indonesian,SHARP,t͡ʃ,1.529,23,0.0448,0.63,False
Indonesian,FAST,k,-1.359,64,0.0547,0.7203,False
Indonesian,ROUND,ŋ,1.262,96,0.0647,0.8246,False
Indonesian,SMALL,d,1.587,41,0.0697,0.8611,False
Indonesian,BIG,b,2.082,25,0.0746,0.8699,False
Indonesian,ROUGH,h,2.495,12,0.0896,0.8931,False
Indonesian,ROUGH,d͡ʒ,2.35,6,0.1194,0.8931,False
Indonesian,LOUD,l,2.104,16,0.1393,0.8931,False
Indonesian,LOUD,t͡ʃ,2.059,5,0.1493,0.8931,False
Indonesian,LOUD,o,2.036,12,0.1493,0.8931,False
Indonesian,LOUD,b,-2.031,3,0.1592,0.8931,False
Indonesian,BIG,a,1.937,87,0.0796,0.8931,False
Indonesian,BRIGHT,r,1.859,50,0.0945,0.8931,False
Indonesian,BIG,j,1.835,3,0.1343,0.8931,False
Indonesian,BIG,d,1.736,17,0.1542,0.8931,False
Indonesian,SLOW,ɛ,-1.432,17,0.1343,0.8931,False
Indonesian,BRIGHT,l,-1.419,14,0.1592,0.8931,False
Indonesian,SLOW,s,-1.404,17,0.0995,0.8931,False
Indonesian,DARK,r,1.383,106,0.0995,0.8931,False
Indonesian,QUIET,u,1.313,69,0.1493,0.8931,False
Indonesian,ROUND,ɔ,1.275,9,0.0896,0.8931,False
Indonesian,SLOW,a,-1.275,137,0.1642,0.8931,False
Indonesian,SHARP,ɛ,-1.272,23,0.0846,0.8931,False
Indonesian,SHARP,r,-1.251,63,0.1045,0.8931,False
Indonesian,DARK,ə,-1.182,40,0.1393,0.8931,False
Indonesian,FAST,n,1.176,122,0.1244,0.8931,False
Indonesian,FAST,ə,1.124,159,0.1393,0.8931,False
Indonesian,SHARP,n,-1.085,60,0.1443,0.8931,False
Indonesian,SMALL,ɡ,-1.056,6,0.1642,0.8931,False
Indonesian,DARK,s,-1.043,31,0.1443,0.8931,False
Indonesian,SHARP,s,-1.029,32,0.1542,0.8931,False
Indonesian,FAST,a͡ʊ,1.026,9,0.1443,0.8931,False
Indonesian,SMOOTH,ŋ,-1.012,31,0.1294,0.8931,False
Indonesian,ROUND,v,0.989,3,0.1443,0.8931,False
Indonesian,SHARP,ŋ,0.983,66,0.1493,0.8931,False
Indonesian,ROUND,k,0.965,127,0.1542,0.8931,False
Indonesian,ROUND,d,-0.861,22,0.1294,0.8931,False
Indonesian,SMOOTH,o,-0.953,12,0.1692,0.9081,False
Indonesian,SLOW,p,-1.168,25,0.1841,0.9388,False
Indonesian,SMOOTH,ɲ,0.865,15,0.1841,0.9388,False
Indonesian,SMOOTH,a,0.9,371,0.1891,0.9407,False
Indonesian,LOUD,i,2.059,28,0.2388,0.9647,False
Indonesian,ROUGH,i,-1.82,6,0.2388,0.9647,False
Indonesian,QUIET,d,1.243,31,0.199,0.9647,False
Indonesian,QUIET,i,1.192,72,0.2338,0.9647,False
Indonesian,SLOW,ɔ,0.98,5,0.2189,0.9647,False
Indonesian,FAST,m,0.963,151,0.209,0.9647,False
Indonesian,SHARP,o,0.937,44,0.2139,0.9647,False
Indonesian,SMOOTH,n,0.927,126,0.2239,0.9647,False
Indonesian,DARK,a,0.889,266,0.2289,0.9647,False
Indonesian,SMOOTH,t,-0.854,82,0.2388,0.9647,False
Indonesian,SLOW,n,1.06,77,0.2438,0.9657,False
Indonesian,SMALL,s,1.043,64,0.2537,0.9766,False
Indonesian,SHARP,w,0.787,9,0.2537,0.9766,False
Indonesian,FAST,a,-0.71,247,0.2537,0.9766,False
Indonesian,QUIET,r,1.072,59,0.2587,0.9865,False
Indonesian,SHARP,b,-0.795,39,0.2687,0.9875,False
Indonesian,SMOOTH,a͡ɪ,0.793,14,0.2637,0.9875,False
Indonesian,SMOOTH,l,-0.764,58,0.2687,0.9875,False
Indonesian,ROUGH,s,1.718,18,0.3483,0.9974,False
Indonesian,LOUD,d͡ʒ,1.688,6,0.3284,0.9974,False
Indonesian,LOUD,s,1.682,21,0.2985,0.9974,False
Indonesian,ROUGH,n,-1.67,8,0.403,0.9974,False
Indonesian,LOUD,a,-1.641,28,0.2985,0.9974,False
Indonesian,LOUD,k,1.594,20,0.3881,0.9974,False
Indonesian,ROUGH,k,-1.351,8,0.4826,0.9974,False
Indonesian,BIG,i,-1.348,14,0.2935,0.9974,False
Indonesian,ROUGH,ɛ,1.24,9,0.5174,0.9974,False
Indonesian,ROUGH,b,1.2,12,0.5423,0.9974,False
Indonesian,ROUGH,ŋ,-1.183,3,0.5124,0.9974,False
Indonesian,BRIGHT,d,-1.136,5,0.3632,0.9974,False
Indonesian,ROUGH,t,1.112,14,0.5473,0.9974,False
Indonesian,ROUGH,p,-1.083,5,0.607,0.9974,False
Indonesian,LOUD,ŋ,-1.067,4,0.5473,0.9974,False
Indonesian,BRIGHT,ə,1.062,53,0.3433,0.9974,False
Indonesian,QUIET,h,1.05,29,0.3134,0.9974,False
Indonesian,QUIET,d͡ʒ,-1.034,5,0.2886,0.9974,False
Indonesian,QUIET,a͡ʊ,0.991,4,0.2985,0.9974,False
Indonesian,BIG,s,-0.989,9,0.4726,0.9974,False
Indonesian,BRIGHT,ŋ,-0.988,10,0.4179,0.9974,False
Indonesian,BIG,ə,-0.986,13,0.4279,0.9974,False
Indonesian,LOUD,ɛ,-0.986,5,0.6418,0.9974,False
Indonesian,BRIGHT,ɛ,0.979,23,0.3831,0.9974,False
Indonesian,BRIGHT,d͡ʒ,-0.966,4,0.4129,0.9974,False
Indonesian,BIG,p,-0.951,9,0.4577,0.9974,False
Indonesian,BIG,n,-0.915,17,0.4627,0.9974,False
Indonesian,QUIET,ɡ,-0.845,6,0.408,0.9974,False
Indonesian,DARK,b,0.841,68,0.2886,0.9974,False
Indonesian,BRIGHT,m,0.837,49,0.4677,0.9974,False
Indonesian,BIG,r,-0.835,19,0.5224,0.9974,False
Indonesian,BRIGHT,n,0.824,39,0.4478,0.9974,False
Indonesian,SHARP,m,-0.82,44,0.3035,0.9974,False
Indonesian,SLOW,l,-0.816,34,0.3831,0.9974,False
Indonesian,ROUGH,m,-0.813,7,0.7065,0.9974,False
Indonesian,QUIET,n,-0.81,37,0.398,0.9974,False
Indonesian,QUIET,ɲ,0.759,6,0.3881,0.9974,False
Indonesian,BRIGHT,a,-0.753,83,0.5871,0.9974,False
Indonesian,SMALL,w,0.743,6,0.3881,0.9974,False
Indonesian,SLOW,i,-0.721,57,0.4229,0.9974,False
Indonesian,LOUD,m,-0.717,9,0.6468,0.9974,False
Indonesian,SMALL,n,-0.714,45,0.408,0.9974,False
Indonesian,SLOW,a͡ɪ,0.703,8,0.4229,0.9974,False
Indonesian,ROUND,a,-0.687,261,0.3483,0.9974,False
Indonesian,SMOOTH,d͡ʒ,-0.686,16,0.3035,0.9974,False
Indonesian,QUIET,ə,-0.68,34,0.5124,0.9974,False
Indonesian,BRIGHT,t,-0.669,27,0.6119,0.9974,False
Indonesian,QUIET,t͡ʃ,-0.668,4,0.4527,0.9974,False
Indonesian,QUIET,m,-0.667,29,0.5274,0.9974,False
Indonesian,SMOOTH,w,-0.666,3,0.3682,0.9974,False
Indonesian,BRIGHT,u,-0.651,32,0.597,0.9974,False
Indonesian,FAST,l,-0.651,56,0.3433,0.9974,False
Indonesian,SLOW,b,-0.651,34,0.4925,0.9974,False
Indonesian,ROUGH,a,0.646,41,0.7662,0.9974,False
Indonesian,BIG,l,-0.644,12,0.6119,0.9974,False
Indonesian,SLOW,o,-0.635,12,0.4677,0.9974,False
Indonesian,FAST,u,-0.626,95,0.3682,0.9974,False
Indonesian,FAST,p,-0.625,47,0.3632,0.9974,False
Indonesian,SLOW,d͡ʒ,-0.623,10,0.5423,0.9974,False
Indonesian,SMALL,ə,-0.616,42,0.4876,0.9974,False
Indonesian,LOUD,u,-0.613,14,0.7861,0.9974,False
Indonesian,SMALL,m,-0.612,36,0.4726,0.9974,False
Indonesian,ROUGH,l,0.608,10,0.7313,0.9974,False
Indonesian,BRIGHT,k,-0.605,28,0.6318,0.9974,False
Indonesian,DARK,o,-0.604,15,0.4876,0.9974,False
Indonesian,FAST,d͡ʒ,0.604,29,0.3632,0.9974,False
Indonesian,SMOOTH,m,0.603,142,0.3483,0.9974,False
Indonesian,SHARP,ə,-0.576,63,0.403,0.9974,False
Indonesian,BIG,ɛ,0.575,13,0.6567,0.9974,False
Indonesian,ROUND,ə,-0.575,84,0.4229,0.9974,False
Indonesian,ROUND,u,0.572,137,0.403,0.9974,False
Indonesian,DARK,p,-0.572,37,0.398,0.9974,False
Indonesian,SLOW,r,-0.563,61,0.5821,0.9974,False
Indonesian,SLOW,h,-0.562,18,0.5622,0.9974,False
Indonesian,SMOOTH,i,0.556,146,0.3682,0.9974,False
Indonesian,BIG,m,-0.551,15,0.6766,0.9974,False
Indonesian,SMOOTH,ɛ,-0.537,45,0.3682,0.9974,False
Indonesian,QUIET,ŋ,-0.534,19,0.5423,0.9974,False
Indonesian,DARK,u,0.532,100,0.403,0.9974,False
Indonesian,FAST,h,-0.516,29,0.4925,0.9974,False
Indonesian,SHARP,a,0.511,253,0.4279,0.9974,False
Indonesian,SHARP,ɲ,-0.511,4,0.4527,0.9974,False
Indonesian,SMALL,u,-0.508,53,0.5721,0.9974,False
Indonesian,SHARP,h,-0.508,23,0.4478,0.9974,False
Indonesian,DARK,ɔ,0.496,5,0.5124,0.9974,False
Indonesian,ROUND,m,-0.493,77,0.4527,0.9974,False
Indonesian,DARK,k,-0.49,66,0.4776,0.9974,False
Indonesian,FAST,a͡ɪ,-0.489,5,0.4627,0.9974,False
Indonesian,SLOW,ɡ,0.484,17,0.602,0.9974,False
Indonesian,SMALL,o,-0.48,12,0.5771,0.9974,False
Indonesian,DARK,d,-0.472,23,0.5124,0.9974,False
Indonesian,SLOW,j,0.472,5,0.6517,0.9974,False
Indonesian,SMALL,l,-0.471,32,0.5721,0.9974,False
Indonesian,SMOOTH,ə,0.46,138,0.4826,0.9974,False
Indonesian,FAST,o,-0.451,23,0.5124,0.9974,False
Indonesian,SMALL,b,-0.448,31,0.5771,0.9974,False
Indonesian,SMALL,ɲ,-0.433,3,0.6119,0.9974,False
Indonesian,SMOOTH,h,0.429,54,0.5224,0.9974,False
Indonesian,SMOOTH,k,0.425,116,0.5522,0.9974,False
Indonesian,ROUND,ɛ,-0.419,46,0.5274,0.9974,False
Indonesian,FAST,d,-0.415,31,0.5124,0.9974,False
Indonesian,ROUGH,ə,-0.396,11,0.8358,0.9974,False
Indonesian,SHARP,d,-0.384,25,0.597,0.9974,False
Indonesian,FAST,t,-0.372,85,0.4876,0.9974,False
Indonesian,SLOW,u,-0.37,66,0.6716,0.9974,False
Indonesian,ROUND,r,-0.369,104,0.5821,0.9974,False
Indonesian,FAST,ɲ,-0.367,6,0.6219,0.9974,False
Indonesian,SHARP,u,-0.365,81,0.5821,0.9974,False
Indonesian,ROUND,p,0.363,65,0.5174,0.9974,False
Indonesian,BRIGHT,p,0.362,21,0.7711,0.9974,False
Indonesian,SMALL,i,0.358,69,0.6169,0.9974,False
Indonesian,BIG,t,0.348,21,0.8209,0.9974,False
Indonesian,SMALL,d͡ʒ,-0.346,10,0.6866,0.9974,False
Indonesian,ROUGH,d,0.345,6,0.8557,0.9974,False
Indonesian,BIG,k,-0.342,19,0.791,0.9974,False
Indonesian,BIG,d͡ʒ,-0.334,4,0.7761,0.9974,False
Indonesian,SMALL,k,-0.329,48,0.6517,0.9974,False
Indonesian,FAST,ɔ,0.326,6,0.6219,0.9974,False
Indonesian,FAST,r,0.324,114,0.6368,0.9974,False
Indonesian,BRIGHT,o,0.321,14,0.796,0.9974,False
Indonesian,SMOOTH,t͡ʃ,-0.318,13,0.6318,0.9974,False
Indonesian,DARK,m,-0.317,64,0.6269,0.9974,False
Indonesian,SMALL,a,0.307,166,0.7363,0.9974,False
Indonesian,ROUND,d͡ʒ,-0.304,20,0.6617,0.9974,False
Indonesian,DARK,ɡ,0.296,19,0.7264,0.9974,False
Indonesian,BRIGHT,t͡ʃ,0.287,6,0.8259,0.9974,False
Indonesian,ROUND,t͡ʃ,-0.285,13,0.6269,0.9974,False
Indonesian,ROUND,t,-0.284,91,0.6368,0.9974,False
Indonesian,ROUND,i,-0.282,110,0.6318,0.9974,False
Indonesian,QUIET,k,-0.277,41,0.7313,0.9974,False
Indonesian,DARK,d͡ʒ,-0.273,15,0.7164,0.9974,False
Indonesian,SMOOTH,ɡ,0.254,26,0.7065,0.9974,False
Indonesian,ROUGH,r,0.247,14,0.9005,0.9974,False
Indonesian,BRIGHT,i,-0.246,36,0.9055,0.9974,False
Indonesian,FAST,i,0.243,124,0.7313,0.9974,False
Indonesian,FAST,ŋ,0.231,63,0.7761,0.9974,False
Indonesian,QUIET,p,-0.228,24,0.806,0.9974,False
Indonesian,ROUND,b,-0.226,66,0.6915,0.9974,False
Indonesian,LOUD,r,-0.221,15,0.9154,0.9974,False
Indonesian,FAST,t͡ʃ,0.215,17,0.796,0.9974,False
Indonesian,SMOOTH,a͡ʊ,-0.212,3,0.7313,0.9974,False
Indonesian,FAST,w,0.212,8,0.8209,0.9974,False
Indonesian,SMOOTH,p,0.199,64,0.7662,0.9974,False
Indonesian,ROUND,a͡ʊ,-0.198,3,0.8358,0.9974,False
Indonesian,DARK,l,0.198,56,0.796,0.9974,False
Indonesian,QUIET,t,-0.194,40,0.8955,0.9974,False
Indonesian,LOUD,t,0.193,14,0.9005,0.9974,False
Indonesian,ROUND,j,-0.182,5,0.8408,0.9974,False
Indonesian,SMOOTH,b,0.182,78,0.801,0.9974,False
Indonesian,BIG,ɡ,0.179,5,0.8905,0.9974,False
Indonesian,QUIET,b,-0.175,29,0.8856,0.9974,False
Indonesian,DARK,i,0.173,94,0.8209,0.9974,False
Indonesian,SMALL,ŋ,0.17,33,0.8557,0.9974,False
Indonesian,SLOW,k,-0.165,60,0.9055,0.9974,False
Indonesian,SHARP,i,-0.164,86,0.8259,0.9974,False
Indonesian,QUIET,o,0.164,17,0.8557,0.9974,False
Indonesian,BRIGHT,h,0.163,15,0.8706,0.9974,False
Indonesian,SMOOTH,s,0.156,92,0.7512,0.9974,False
Indonesian,BIG,ŋ,0.152,13,0.9204,0.9974,False
Indonesian,ROUND,w,0.148,8,0.8209,0.9974,False
Indonesian,SLOW,d,-0.136,24,0.8756,0.9974,False
Indonesian,LOUD,n,-0.134,14,0.9502,0.9974,False
Indonesian,SHARP,a͡ɪ,0.133,7,0.8706,0.9974,False
Indonesian,DARK,ŋ,-0.133,41,0.8607,0.9974,False
Indonesian,BRIGHT,a͡ɪ,0.126,3,0.9602,0.9974,False
Indonesian,LOUD,p,-0.126,8,0.9652,0.9974,False
Indonesian,ROUND,ɡ,0.124,24,0.8806,0.9974,False
Indonesian,QUIET,a,-0.123,128,0.8955,0.9974,False
Indonesian,FAST,ɛ,-0.115,49,0.8507,0.9974,False
Indonesian,SHARP,j,-0.114,4,0.8756,0.9974,False
Indonesian,BRIGHT,b,0.11,24,0.9403,0.9974,False
Indonesian,QUIET,l,0.109,32,0.9303,0.9974,False
Indonesian,BRIGHT,ɡ,-0.101,7,0.9254,0.9974,False
Indonesian,DARK,f,0.095,4,0.8706,0.9974,False
Indonesian,SLOW,ɲ,-0.092,5,0.9055,0.9974,False
Indonesian,FAST,b,-0.09,66,0.9303,0.9974,False
Indonesian,FAST,j,0.087,6,0.8955,0.9974,False
Indonesian,SHARP,f,0.081,4,0.8657,0.9974,False
Indonesian,BRIGHT,s,-0.077,26,0.9552,0.9974,False
Indonesian,SHARP,d͡ʒ,-0.074,17,0.9254,0.9974,False
Indonesian,BIG,h,0.071,9,0.9652,0.9974,False
Indonesian,SHARP,l,0.063,55,0.9055,0.9974,False
Indonesian,DARK,n,-0.06,75,0.9652,0.9974,False
Indonesian,QUIET,s,-0.059,35,0.9303,0.9974,False
Indonesian,SMALL,t,0.058,50,0.9353,0.9974,False
Indonesian,SLOW,t͡ʃ,0.057,10,0.9552,0.9974,False
Indonesian,DARK,t͡ʃ,0.053,12,0.9502,0.9974,False
Indonesian,LOUD,ə,0.05,16,0.99,0.9974,False
Indonesian,SMALL,r,-0.049,57,0.9403,0.9974,False
Indonesian,DARK,a͡ɪ,-0.048,6,0.9751,0.9974,False
Indonesian,FAST,ɡ,0.039,22,0.9502,0.9974,False
Indonesian,DARK,h,0.037,32,0.9652,0.9974,False
Indonesian,DARK,ɛ,-0.034,39,0.9801,0.9974,False
Indonesian,SMOOTH,d,-0.02,43,0.9652,0.9974,False
Indonesian,QUIET,w,-0.02,3,0.9751,0.9974,False
Indonesian,SHARP,ɔ,-0.018,4,0.9801,0.9974,False
Indonesian,SMALL,h,0.016,22,0.9801,0.9974,False
Indonesian,ROUND,s,-0.013,83,0.9851,0.9974,False
Indonesian,DARK,t,-0.006,71,0.99,0.9974,False
Indonesian,SMOOTH,j,-0.006,6,0.99,0.9974,False
Indonesian,FAST,s,0.014,80,0.995,0.9975,False
Indonesian,QUIET,ɛ,-0.012,23,0.995,0.9975,False
Indonesian,ROUGH,u,-0.039,14,1.0,1.0,False
Irish,DARK,hʲ,3.164,3,0.005,0.2985,False
Irish,BIG,d,3.075,4,0.005,0.2985,False
Irish,SMALL,ɹ,-2.692,8,0.005,0.2985,False
Irish,DARK,i͡ə,2.686,23,0.005,0.2985,False
Irish,SHARP,d͡ʒ,2.596,21,0.005,0.2985,False
Irish,BRIGHT,o,2.41,25,0.005,0.2985,False
Irish,SLOW,ɡ,2.318,57,0.005,0.2985,False
Irish,SHARP,w,2.272,5,0.005,0.2985,False
Irish,DARK,t̪,-2.143,26,0.005,0.2985,False
Irish,SMOOTH,ʃ,2.021,56,0.005,0.2985,False
Irish,SHARP,u͡ə,1.831,14,0.005,0.2985,False
Irish,FAST,i,1.676,67,0.005,0.2985,False
Irish,SMALL,ʒ,3.057,5,0.01,0.3771,False
Irish,FAST,χ,2.764,6,0.01,0.3771,False
Irish,SLOW,ɪ,2.498,71,0.01,0.3771,False
Irish,SMALL,t͡ʃ,2.095,18,0.01,0.3771,False
Irish,DARK,ɡʲ,1.692,8,0.01,0.3771,False
Irish,SMOOTH,ɛ,1.545,31,0.01,0.3771,False
Irish,DARK,mʲ,2.059,6,0.0149,0.4672,False
Irish,ROUND,cʲ,1.755,11,0.0149,0.4672,False
Irish,ROUND,p,1.679,53,0.0149,0.4672,False
Irish,SMOOTH,ɪ,1.483,105,0.0149,0.4672,False
Irish,BIG,lʲ,2.612,18,0.0199,0.5117,False
Irish,SMOOTH,fʲ,2.612,3,0.0199,0.5117,False
Irish,SMALL,j,2.238,9,0.0199,0.5117,False
Irish,SMOOTH,ɡʲ,1.79,9,0.0199,0.5117,False
Irish,ROUGH,nʲ,2.912,5,0.0249,0.5427,False
Irish,SLOW,a͡ɪ,1.955,10,0.0249,0.5427,False
Irish,DARK,a͡ʊ,1.522,14,0.0249,0.5427,False
Irish,ROUND,k,1.333,109,0.0249,0.5427,False
Irish,SMALL,dʲ,1.903,11,0.0299,0.597,False
Irish,SMOOTH,p,-1.438,8,0.0299,0.597,False
Irish,SMOOTH,t͡ʃ,-1.408,6,0.0299,0.597,False
Irish,SLOW,k,1.96,42,0.0348,0.6269,False
Irish,QUIET,kʲ,1.929,14,0.0348,0.6269,False
Irish,SMALL,mʲ,1.779,4,0.0348,0.6269,False
Irish,SHARP,a͡ʊ,1.388,13,0.0348,0.6269,False
Irish,SLOW,c,1.838,12,0.0398,0.6989,False
Irish,BRIGHT,s,2.071,29,0.0498,0.7411,False
Irish,BRIGHT,r,1.939,39,0.0547,0.7411,False
Irish,SLOW,ɐ,-1.739,18,0.0597,0.7411,False
Irish,SLOW,o,-1.667,4,0.0498,0.7411,False
Irish,SLOW,i,-1.619,11,0.0597,0.7411,False
Irish,DARK,w,1.566,4,0.0498,0.7411,False
Irish,SMALL,ɔ,-1.508,11,0.0597,0.7411,False
Irish,DARK,d̪,1.432,27,0.0498,0.7411,False
Irish,SHARP,kʲ,1.34,21,0.0547,0.7411,False
Irish,SMOOTH,e,1.307,45,0.0597,0.7411,False
Irish,FAST,p,-1.284,8,0.0597,0.7411,False
Irish,ROUND,a,-1.282,23,0.0597,0.7411,False
Irish,ROUND,v,-1.262,16,0.0547,0.7411,False
Irish,ROUND,r,-1.136,96,0.0597,0.7411,False
Irish,QUIET,d̪,-1.571,6,0.0697,0.7598,False
Irish,FAST,u͡ə,1.497,12,0.0647,0.7598,False
Irish,FAST,v,-1.351,8,0.0647,0.7598,False
Irish,DARK,ə,1.285,113,0.0697,0.7598,False
Irish,SMOOTH,a,1.215,43,0.0697,0.7598,False
Irish,ROUND,n,1.189,157,0.0697,0.7598,False
Irish,ROUND,i,1.128,105,0.0697,0.7598,False
Irish,ROUGH,h,2.608,5,0.0796,0.7612,False
Irish,BIG,b,1.925,18,0.0846,0.7612,False
Irish,SLOW,ʊ,1.632,8,0.0746,0.7612,False
Irish,SMOOTH,t,1.564,3,0.0796,0.7612,False
Irish,SLOW,n,-1.53,23,0.0796,0.7612,False
Irish,SHARP,k,1.312,63,0.0746,0.7612,False
Irish,SHARP,ɑ,-1.248,43,0.0796,0.7612,False
Irish,SHARP,x,-1.14,14,0.0796,0.7612,False
Irish,ROUND,ɑ,1.109,143,0.0846,0.7612,False
Irish,SMOOTH,ɐ,-1.102,49,0.0746,0.7612,False
Irish,ROUND,dʲ,-1.081,6,0.0746,0.7612,False
Irish,BRIGHT,n,-1.815,13,0.0945,0.7703,False
Irish,SLOW,ʃ,1.421,26,0.0995,0.7703,False
Irish,FAST,ɑ,-1.279,41,0.0945,0.7703,False
Irish,FAST,k,-1.275,32,0.0995,0.7703,False
Irish,SMALL,ʊ,1.274,9,0.0896,0.7703,False
Irish,SMALL,ɑ,1.272,65,0.0995,0.7703,False
Irish,FAST,t̪,1.272,43,0.0945,0.7703,False
Irish,SHARP,p,1.184,27,0.0896,0.7703,False
Irish,SMOOTH,l,-1.116,35,0.0995,0.7703,False
Irish,DARK,f,-1.089,14,0.0896,0.7703,False
Irish,ROUND,f,-0.889,26,0.0945,0.7703,False
Irish,QUIET,ɡʲ,1.409,4,0.1045,0.7755,False
Irish,SMALL,i,1.197,47,0.1045,0.7755,False
Irish,FAST,lʲ,-1.193,16,0.1045,0.7755,False
Irish,ROUND,x,-0.901,32,0.1045,0.7755,False
Irish,SHARP,dʲ,-1.211,3,0.1095,0.7881,False
Irish,SHARP,e,1.201,39,0.1095,0.7881,False
Irish,DARK,ɹ,1.189,51,0.1095,0.7881,False
Irish,ROUGH,f,2.497,5,0.1144,0.7999,False
Irish,SHARP,i͡ə,1.137,13,0.1144,0.7999,False
Irish,SMOOTH,a͡ʊ,-1.104,3,0.1144,0.7999,False
Irish,FAST,u,-1.277,12,0.1194,0.8266,False
Irish,SMALL,ə,1.15,80,0.1294,0.8624,False
Irish,FAST,c,1.09,15,0.1294,0.8624,False
Irish,SHARP,ʃ,0.976,39,0.1294,0.8624,False
Irish,FAST,ɐ,1.103,87,0.1343,0.8792,False
Irish,SMOOTH,kʲ,-0.93,9,0.1343,0.8792,False
Irish,QUIET,p,-1.459,4,0.1443,0.8808,False
Irish,BRIGHT,ŋ,1.453,3,0.1393,0.8808,False
Irish,FAST,kʲ,-1.064,7,0.1443,0.8808,False
Irish,SHARP,ə,1.027,102,0.1443,0.8808,False
Irish,ROUND,lʲ,0.908,68,0.1393,0.8808,False
Irish,SMOOTH,dʲ,0.869,12,0.1393,0.8808,False
Irish,BIG,u,1.614,11,0.1542,0.8884,False
Irish,FAST,h,-0.936,5,0.1542,0.8884,False
Irish,ROUND,d̪,0.871,40,0.1542,0.8884,False
Irish,ROUGH,m,2.34,8,0.1642,0.9308,False
Irish,FAST,ɹ,1.016,46,0.1642,0.9308,False
Irish,ROUGH,u,2.316,5,0.1791,0.9334,False
Irish,ROUGH,v,2.287,6,0.1741,0.9334,False
Irish,ROUGH,ɛ,2.277,4,0.1741,0.9334,False
Irish,SLOW,e,-1.149,9,0.1741,0.9334,False
Irish,SMALL,m,-1.143,13,0.1692,0.9334,False
Irish,QUIET,e,-1.093,9,0.1741,0.9334,False
Irish,FAST,s,1.056,53,0.1791,0.9334,False
Irish,FAST,ɔ,-0.99,19,0.1741,0.9334,False
Irish,DARK,ɑ,-0.986,49,0.1841,0.9334,False
Irish,SMALL,n,0.981,66,0.1841,0.9334,False
Irish,DARK,ɪ,-0.88,35,0.1841,0.9334,False
Irish,BIG,s,-1.366,3,0.1891,0.9453,False
Irish,SHARP,s,1.115,56,0.1891,0.9453,False
Irish,LOUD,x,2.346,11,0.199,0.9489,False
Irish,QUIET,ɐ,1.205,53,0.199,0.9489,False
Irish,SLOW,b,-1.069,7,0.199,0.9489,False
Irish,DARK,u,-0.893,16,0.199,0.9489,False
Irish,DARK,t͡ʃ,0.892,18,0.194,0.9489,False
Irish,SMOOTH,t̪,-0.77,37,0.199,0.9489,False
Irish,SMALL,a,-1.033,12,0.204,0.9599,False
Irish,BIG,r,1.298,28,0.2189,0.971,False
Irish,QUIET,a,1.214,22,0.2139,0.971,False
Irish,SMALL,d̪,0.974,18,0.2239,0.971,False
Irish,SHARP,a,-0.916,17,0.2189,0.971,False
Irish,SHARP,j,0.895,7,0.209,0.971,False
Irish,DARK,ɐ,0.87,88,0.2139,0.971,False
Irish,ROUND,ɔ,-0.81,37,0.2189,0.971,False
Irish,BIG,ə,1.292,34,0.2338,0.9788,False
Irish,QUIET,ɛ,-1.104,5,0.2289,0.9788,False
Irish,FAST,a,-0.855,17,0.2338,0.9788,False
Irish,SMALL,l,-0.815,28,0.2338,0.9788,False
Irish,SMOOTH,ɡ,0.722,65,0.2289,0.9788,False
Irish,ROUND,ɡ,-0.672,43,0.2338,0.9788,False
Irish,ROUGH,t̪,2.104,6,0.2438,0.9841,False
Irish,QUIET,o,1.092,26,0.2438,0.9841,False
Irish,SMALL,e,0.998,28,0.2488,0.9841,False
Irish,SMALL,f,-0.964,11,0.2438,0.9841,False
Irish,FAST,b,-0.891,14,0.2488,0.9841,False
Irish,SHARP,lʲ,-0.786,21,0.2488,0.9841,False
Irish,SMALL,ɐ,-0.919,36,0.2537,0.9875,False
Irish,LOUD,r,-1.966,6,0.2935,0.9954,False
Irish,LOUD,b,1.96,8,0.2935,0.9954,False
Irish,LOUD,n,1.778,14,0.3831,0.9954,False
Irish,LOUD,a,1.776,6,0.3632,0.9954,False
Irish,LOUD,ə,-1.775,3,0.3881,0.9954,False
Irish,ROUGH,ɑ,1.541,11,0.4129,0.9954,False
Irish,LOUD,kʲ,1.507,3,0.4378,0.9954,False
Irish,LOUD,l,1.465,11,0.4776,0.9954,False
Irish,LOUD,ɔ,1.44,6,0.4627,0.9954,False
Irish,ROUGH,ə,-1.395,4,0.4378,0.9954,False
Irish,LOUD,i,-1.393,3,0.4776,0.9954,False
Irish,BIG,k,-1.355,10,0.2886,0.9954,False
Irish,LOUD,ɐ,1.342,13,0.5323,0.9954,False
Irish,BIG,ɔ,1.237,13,0.2935,0.9954,False
Irish,BIG,ʃ,-1.22,5,0.2935,0.9954,False
Irish,BIG,ɑ,1.157,26,0.3483,0.9954,False
Irish,ROUGH,x,1.138,7,0.6269,0.9954,False
Irish,BIG,l,1.131,23,0.3184,0.9954,False
Irish,BIG,m,1.096,15,0.3582,0.9954,False
Irish,BRIGHT,m,-1.094,7,0.3035,0.9954,False
Irish,BIG,ɹ,1.086,15,0.2935,0.9954,False
Irish,BRIGHT,lʲ,-1.077,7,0.3284,0.9954,False
Irish,BRIGHT,j,1.072,3,0.393,0.9954,False
Irish,BIG,ɡ,-1.045,5,0.3383,0.9954,False
Irish,BIG,x,-1.029,5,0.398,0.9954,False
Irish,BIG,p,1.024,8,0.3881,0.9954,False
Irish,BRIGHT,u͡ə,1.022,4,0.2985,0.9954,False
Irish,BIG,a,-1.005,5,0.3682,0.9954,False
Irish,QUIET,m,-1.0,11,0.2985,0.9954,False
Irish,BIG,ɛ,-0.969,3,0.3483,0.9954,False
Irish,BRIGHT,t͡ʃ,0.969,7,0.3234,0.9954,False
Irish,LOUD,e,0.964,5,0.607,0.9954,False
Irish,LOUD,f,0.962,4,0.6418,0.9954,False
Irish,SLOW,h,-0.95,3,0.3035,0.9954,False
Irish,QUIET,ʊ,0.945,6,0.2985,0.9954,False
Irish,BRIGHT,x,-0.939,7,0.3682,0.9954,False
Irish,BRIGHT,ɔ,-0.92,8,0.3831,0.9954,False
Irish,BRIGHT,u,-0.919,6,0.3433,0.9954,False
Irish,SLOW,ɔ,0.907,23,0.2836,0.9954,False
Irish,QUIET,i,0.902,33,0.3134,0.9954,False
Irish,BRIGHT,ɛ,-0.896,4,0.398,0.9954,False
Irish,BIG,ɐ,-0.879,15,0.403,0.9954,False
Irish,QUIET,x,0.863,30,0.3333,0.9954,False
Irish,QUIET,v,0.85,19,0.3333,0.9954,False
Irish,ROUGH,b,0.827,5,0.6866,0.9954,False
Irish,BRIGHT,ɐ,0.816,33,0.4826,0.9954,False
Irish,QUIET,b,-0.815,9,0.408,0.9954,False
Irish,BRIGHT,ʃ,-0.811,8,0.4328,0.9954,False
Irish,QUIET,ɑ,-0.807,29,0.3731,0.9954,False
Irish,QUIET,l,0.805,39,0.4328,0.9954,False
Irish,BRIGHT,f,0.798,11,0.4378,0.9954,False
Irish,LOUD,m,-0.798,3,0.7065,0.9954,False
Irish,BRIGHT,ɑ,-0.78,20,0.4726,0.9954,False
Irish,FAST,dʲ,0.78,10,0.3234,0.9954,False
Irish,QUIET,ɪ,-0.774,21,0.4129,0.9954,False
Irish,QUIET,a͡ʊ,0.771,6,0.4129,0.9954,False
Irish,QUIET,t͡ʃ,-0.769,5,0.3831,0.9954,False
Irish,SMALL,ɪ,-0.759,28,0.2985,0.9954,False
Irish,SLOW,m,0.758,26,0.3731,0.9954,False
Irish,BIG,f,-0.755,5,0.5373,0.9954,False
Irish,SHARP,ɔ,0.746,37,0.2935,0.9954,False
Irish,BIG,e,-0.733,6,0.592,0.9954,False
Irish,SMALL,v,0.725,24,0.2985,0.9954,False
Irish,SMALL,kʲ,-0.717,7,0.3483,0.9954,False
Irish,SLOW,nʲ,-0.705,3,0.4577,0.9954,False
Irish,DARK,b,-0.701,18,0.2985,0.9954,False
Irish,FAST,ə,-0.695,51,0.3433,0.9954,False
Irish,DARK,s,-0.691,23,0.3134,0.9954,False
Irish,FAST,ɪ,0.691,71,0.3184,0.9954,False
Irish,SMOOTH,j,0.685,7,0.2736,0.9954,False
Irish,SLOW,r,-0.685,37,0.4179,0.9954,False
Irish,SMALL,nʲ,-0.681,4,0.3433,0.9954,False
Irish,SHARP,ɪ,-0.677,39,0.4577,0.9954,False
Irish,ROUND,s,0.664,82,0.2736,0.9954,False
Irish,FAST,nʲ,0.662,18,0.3483,0.9954,False
Irish,SHARP,h,-0.657,8,0.393,0.9954,False
Irish,BIG,v,-0.656,5,0.6368,0.9954,False
Irish,QUIET,u,-0.652,10,0.4428,0.9954,False
Irish,SMOOTH,f,-0.649,19,0.3333,0.9954,False
Irish,SMALL,d͡ʒ,0.648,8,0.408,0.9954,False
Irish,BRIGHT,p,0.647,9,0.5274,0.9954,False
Irish,BRIGHT,d̪,-0.645,6,0.5622,0.9954,False
Irish,SHARP,ɛ,-0.642,12,0.3433,0.9954,False
Irish,BIG,kʲ,-0.641,3,0.5871,0.9954,False
Irish,SHARP,d̪,0.64,22,0.3433,0.9954,False
Irish,SMALL,ɛ,0.634,16,0.4328,0.9954,False
Irish,LOUD,d̪,0.632,3,0.7214,0.9954,False
Irish,QUIET,ɡ,0.629,32,0.5174,0.9954,False
Irish,BRIGHT,v,0.628,12,0.607,0.9954,False
Irish,QUIET,d͡ʒ,0.628,6,0.5075,0.9954,False
Irish,SHARP,c,-0.625,5,0.3582,0.9954,False
Irish,SMOOTH,cʲ,0.625,4,0.3731,0.9954,False
Irish,FAST,e,0.625,32,0.4229,0.9954,False
Irish,DARK,ɡ,-0.621,27,0.393,0.9954,False
Irish,QUIET,h,0.616,12,0.5124,0.9954,False
Irish,FAST,ʃ,0.613,34,0.4279,0.9954,False
Irish,SHARP,nʲ,-0.608,6,0.2736,0.9954,False
Irish,BRIGHT,t̪,0.605,16,0.6219,0.9954,False
Irish,DARK,d͡ʒ,-0.598,4,0.398,0.9954,False
Irish,DARK,dʲ,0.596,10,0.403,0.9954,False
Irish,SLOW,v,-0.596,10,0.5224,0.9954,False
Irish,BIG,dʲ,0.593,3,0.597,0.9954,False
Irish,SLOW,l,0.589,38,0.4378,0.9954,False
Irish,QUIET,c,-0.589,3,0.5373,0.9954,False
Irish,BRIGHT,ɹ,0.582,17,0.6269,0.9954,False
Irish,SMOOTH,u͡ə,-0.574,3,0.3284,0.9954,False
Irish,DARK,i,-0.559,36,0.408,0.9954,False
Irish,SMOOTH,o,-0.553,25,0.3184,0.9954,False
Irish,BRIGHT,kʲ,-0.55,4,0.6269,0.9954,False
Irish,SLOW,ə,-0.547,34,0.5771,0.9954,False
Irish,SMOOTH,ɹ,-0.541,36,0.398,0.9954,False
Irish,DARK,nʲ,0.539,18,0.393,0.9954,False
Irish,ROUND,ɛ,-0.535,22,0.3632,0.9954,False
Irish,QUIET,k,-0.527,24,0.602,0.9954,False
Irish,QUIET,ɔ,0.527,20,0.5473,0.9954,False
Irish,SMOOTH,r,0.526,89,0.3881,0.9954,False
Irish,FAST,n,-0.525,56,0.4378,0.9954,False
Irish,SHARP,t͡ʃ,-0.522,10,0.4826,0.9954,False
Irish,FAST,o,0.522,36,0.4925,0.9954,False
Irish,SLOW,lʲ,0.521,21,0.5124,0.9954,False
Irish,SMALL,r,0.517,60,0.5224,0.9954,False
Irish,QUIET,nʲ,-0.512,4,0.5771,0.9954,False
Irish,BRIGHT,b,-0.51,8,0.6667,0.9954,False
Irish,SMOOTH,i,-0.509,40,0.4129,0.9954,False
Irish,SMOOTH,lʲ,-0.506,27,0.3682,0.9954,False
Irish,SMOOTH,d̪,-0.502,18,0.3731,0.9954,False
Irish,FAST,a͡ʊ,0.5,9,0.5323,0.9954,False
Irish,DARK,m,-0.498,27,0.4975,0.9954,False
Irish,DARK,v,0.492,30,0.4677,0.9954,False
Irish,SMOOTH,d͡ʒ,-0.489,5,0.3881,0.9954,False
Irish,QUIET,s,-0.485,15,0.597,0.9954,False
Irish,SMALL,a͡ʊ,0.479,7,0.5323,0.9954,False
Irish,QUIET,lʲ,-0.477,14,0.6368,0.9954,False
Irish,SMOOTH,x,-0.473,30,0.4378,0.9954,False
Irish,SHARP,ɐ,-0.468,57,0.5174,0.9954,False
Irish,FAST,ɡ,0.463,50,0.5771,0.9954,False
Irish,DARK,k,-0.456,44,0.4577,0.9954,False
Irish,DARK,c,0.452,12,0.5174,0.9954,False
Irish,ROUND,c,0.45,20,0.4627,0.9954,False
Irish,SHARP,ɹ,-0.448,33,0.5423,0.9954,False
Irish,SMOOTH,c,0.446,13,0.5025,0.9954,False
Irish,BRIGHT,nʲ,-0.443,3,0.7313,0.9954,False
Irish,SLOW,ɛ,-0.443,8,0.6418,0.9954,False
Irish,ROUND,b,-0.44,37,0.4229,0.9954,False
Irish,SHARP,a͡ɪ,0.437,9,0.5224,0.9954,False
Irish,SMALL,lʲ,0.435,26,0.5274,0.9954,False
Irish,DARK,ɔ,0.434,35,0.5174,0.9954,False
Irish,DARK,n,0.432,79,0.5323,0.9954,False
Irish,BRIGHT,ɡ,0.428,20,0.7065,0.9954,False
Irish,QUIET,ʃ,-0.428,14,0.6119,0.9954,False
Irish,SMOOTH,ə,-0.424,68,0.4478,0.9954,False
Irish,SMOOTH,d,0.416,4,0.5473,0.9954,False
Irish,DARK,o,-0.415,25,0.5871,0.9954,False
Irish,ROUND,d͡ʒ,0.411,16,0.5274,0.9954,False
Irish,SHARP,r,-0.41,66,0.5174,0.9954,False
Irish,SHARP,b,-0.405,22,0.4826,0.9954,False
Irish,FAST,d̪,0.394,20,0.5771,0.9954,False
Irish,SLOW,ɹ,-0.392,20,0.6468,0.9954,False
Irish,FAST,f,0.386,24,0.6517,0.9954,False
Irish,DARK,a,0.385,31,0.5473,0.9954,False
Irish,SMOOTH,ʊ,0.385,9,0.4876,0.9954,False
Irish,SMOOTH,ŋ,0.384,5,0.5224,0.9954,False
Irish,ROUND,ə,0.381,144,0.5373,0.9954,False
Irish,SHARP,ʊ,0.381,8,0.6269,0.9954,False
Irish,SLOW,d͡ʒ,-0.381,3,0.6418,0.9954,False
Irish,SHARP,f,-0.379,19,0.5672,0.9954,False
Irish,QUIET,a͡ɪ,0.379,5,0.6965,0.9954,False
Irish,SMALL,i͡ə,-0.375,3,0.6667,0.9954,False
Irish,SMALL,k,-0.375,33,0.6866,0.9954,False
Irish,SHARP,n,-0.37,61,0.5771,0.9954,False
Irish,DARK,h,0.37,19,0.6418,0.9954,False
Irish,FAST,m,-0.367,27,0.597,0.9954,False
Irish,SMOOTH,k,-0.365,49,0.5473,0.9954,False
Irish,SLOW,d̪,-0.358,10,0.7264,0.9954,False
Irish,SHARP,m,0.354,38,0.6318,0.9954,False
Irish,SMALL,o,-0.353,19,0.6667,0.9954,False
Irish,ROUND,e,-0.352,40,0.5373,0.9954,False
Irish,ROUND,t̪,-0.34,61,0.5124,0.9954,False
Irish,SMALL,s,-0.329,22,0.6468,0.9954,False
Irish,SHARP,u,-0.327,20,0.6468,0.9954,False
Irish,ROUND,ʃ,-0.316,44,0.5373,0.9954,False
Irish,SMOOTH,nʲ,-0.316,10,0.5522,0.9954,False
Irish,SMOOTH,h,0.312,20,0.597,0.9954,False
Irish,SMOOTH,m,0.311,42,0.5672,0.9954,False
Irish,SMALL,u,0.309,19,0.6866,0.9954,False
Irish,FAST,a͡ɪ,-0.309,5,0.6866,0.9954,False
Irish,FAST,l,-0.309,45,0.6517,0.9954,False
Irish,ROUND,kʲ,0.306,26,0.5572,0.9954,False
Irish,SMALL,t̪,-0.301,27,0.6915,0.9954,False
Irish,ROUND,h,-0.301,20,0.6468,0.9954,False
Irish,DARK,kʲ,-0.3,12,0.6517,0.9954,False
Irish,SMOOTH,i͡ə,-0.292,5,0.6119,0.9954,False
Irish,SMALL,p,-0.289,12,0.7214,0.9954,False
Irish,FAST,ɛ,0.289,18,0.6567,0.9954,False
Irish,SHARP,l,0.287,58,0.6468,0.9954,False
Irish,SHARP,o,-0.286,26,0.6716,0.9954,False
Irish,ROUND,ɡʲ,-0.273,4,0.6567,0.9954,False
Irish,FAST,ʊ,-0.269,5,0.7264,0.9954,False
Irish,DARK,ʃ,-0.258,27,0.7214,0.9954,False
Irish,ROUND,ŋ,0.252,7,0.6766,0.9954,False
Irish,SMOOTH,ɔ,0.252,36,0.6517,0.9954,False
Irish,SMALL,h,0.247,13,0.7264,0.9954,False
Irish,ROUND,ɪ,-0.222,87,0.7015,0.9954,False
Irish,SHARP,v,-0.222,21,0.7264,0.9954,False
Irish,SMALL,b,0.22,24,0.7264,0.9954,False
Irish,ROUND,nʲ,-0.22,17,0.7065,0.9954,False
Irish,ROUND,ɐ,-0.172,109,0.7313,0.9954,False
Irish,SMALL,ɡ,0.282,36,0.7363,0.9984,False
Irish,ROUGH,i,-0.689,4,0.791,0.9992,False
Irish,ROUGH,a,0.668,4,0.7711,0.9992,False
Irish,ROUGH,ɪ,-0.596,5,0.806,0.9992,False
Irish,ROUGH,k,-0.591,5,0.7861,0.9992,False
Irish,LOUD,p,0.519,3,0.7512,0.9992,False
Irish,LOUD,ɡ,-0.489,4,0.8756,0.9992,False
Irish,LOUD,ɪ,-0.482,6,0.8209,0.9992,False
Irish,LOUD,o,0.472,5,0.8209,0.9992,False
Irish,ROUGH,lʲ,-0.453,3,0.8458,0.9992,False
Irish,ROUGH,ʃ,-0.403,3,0.8806,0.9992,False
Irish,BIG,n,-0.358,19,0.8209,0.9992,False
Irish,ROUGH,ɹ,0.357,5,0.9005,0.9992,False
Irish,BIG,t̪,-0.33,11,0.806,0.9992,False
Irish,BRIGHT,l,0.318,23,0.7861,0.9992,False
Irish,BRIGHT,ə,-0.315,25,0.7861,0.9992,False
Irish,BRIGHT,h,0.314,7,0.7512,0.9992,False
Irish,SLOW,u,-0.309,12,0.7463,0.9992,False
Irish,BIG,o,-0.302,8,0.8308,0.9992,False
Irish,ROUGH,n,0.298,9,0.8756,0.9992,False
Irish,LOUD,k,0.292,7,0.8706,0.9992,False
Irish,SHARP,ɡ,-0.289,34,0.796,0.9992,False
Irish,QUIET,r,-0.277,39,0.7662,0.9992,False
Irish,SLOW,a͡ʊ,0.276,5,0.791,0.9992,False
Irish,FAST,r,0.267,73,0.7413,0.9992,False
Irish,FAST,x,0.243,39,0.7811,0.9992,False
Irish,SLOW,x,0.237,24,0.806,0.9992,False
Irish,SMALL,ʃ,-0.234,20,0.8109,0.9992,False
Irish,DARK,j,-0.233,3,0.7463,0.9992,False
Irish,SHARP,i,-0.226,40,0.7711,0.9992,False
Irish,SLOW,t̪,0.225,23,0.7711,0.9992,False
Irish,DARK,r,-0.217,71,0.7811,0.9992,False
Irish,ROUND,a͡ʊ,-0.209,11,0.7512,0.9992,False
Irish,DARK,p,-0.206,17,0.7711,0.9992,False
Irish,DARK,x,-0.199,33,0.7612,0.9992,False
Irish,DARK,a͡ɪ,-0.186,6,0.7413,0.9992,False
Irish,BIG,ɪ,-0.179,16,0.8756,0.9992,False
Irish,FAST,i͡ə,0.176,7,0.8507,0.9992,False
Irish,BIG,h,-0.174,4,0.8955,0.9992,False
Irish,SLOW,p,-0.164,10,0.8259,0.9992,False
Irish,QUIET,i͡ə,-0.163,3,0.8507,0.9992,False
Irish,FAST,d͡ʒ,-0.161,6,0.801,0.9992,False
Irish,ROUND,u,0.149,41,0.8308,0.9992,False
Irish,ROUGH,r,0.146,9,0.9701,0.9992,False
Irish,SMALL,x,-0.145,25,0.8706,0.9992,False
Irish,ROUND,ʊ,0.142,12,0.7861,0.9992,False
Irish,FAST,t͡ʃ,0.138,13,0.8756,0.9992,False
Irish,QUIET,t̪,-0.136,21,0.8905,0.9992,False
Irish,BIG,d̪,0.131,6,0.9204,0.9992,False
Irish,SLOW,t͡ʃ,0.13,8,0.8706,0.9992,False
Irish,LOUD,t̪,-0.128,5,0.9602,0.9992,False
Irish,DARK,ʊ,-0.124,6,0.8159,0.9992,False
Irish,BRIGHT,e,0.121,11,0.9453,0.9992,False
Irish,DARK,ɛ,0.118,18,0.8259,0.9992,False
Irish,DARK,l,-0.113,52,0.8607,0.9992,False
Irish,DARK,u͡ə,-0.113,5,0.8657,0.9992,False
Irish,SMOOTH,v,-0.109,25,0.8856,0.9992,False
Irish,BIG,i,0.105,14,0.9303,0.9992,False
Irish,BRIGHT,d͡ʒ,0.105,3,0.9403,0.9992,False
Irish,SHARP,ŋ,-0.104,3,0.8955,0.9992,False
Irish,BRIGHT,ɪ,-0.103,21,0.9154,0.9992,False
Irish,QUIET,n,-0.103,38,0.9204,0.9992,False
Irish,SMOOTH,b,-0.1,30,0.8955,0.9992,False
Irish,LOUD,ɑ,0.1,9,0.995,0.9992,False
Irish,SLOW,a,-0.099,15,0.9453,0.9992,False
Irish,QUIET,f,0.095,13,0.9005,0.9992,False
Irish,SLOW,s,0.093,22,0.9254,0.9992,False
Irish,QUIET,ɹ,-0.093,21,0.9403,0.9992,False
Irish,ROUND,u͡ə,0.091,10,0.8706,0.9992,False
Irish,LOUD,ɹ,-0.088,5,0.9751,0.9992,False
Irish,ROUND,j,0.086,7,0.8507,0.9992,False
Irish,LOUD,u,-0.081,3,0.9851,0.9992,False
Irish,ROUND,l,0.076,93,0.9055,0.9992,False
Irish,SLOW,u͡ə,-0.072,3,0.8955,0.9992,False
Irish,SMOOTH,a͡ɪ,0.071,8,0.9303,0.9992,False
Irish,SMOOTH,u,0.07,26,0.8657,0.9992,False
Irish,BRIGHT,a,-0.069,10,0.9801,0.9992,False
Irish,FAST,ŋ,-0.068,3,0.8657,0.9992,False
Irish,ROUND,i͡ə,-0.066,10,0.9254,0.9992,False
Irish,DARK,e,-0.064,27,0.9254,0.9992,False
Irish,SHARP,t̪,-0.057,37,0.9502,0.9992,False
Irish,ROUGH,ɐ,-0.056,8,0.9701,0.9992,False
Irish,SMOOTH,ɑ,-0.055,71,0.9254,0.9992,False
Irish,ROUND,o,0.054,53,0.9005,0.9992,False
Irish,BRIGHT,k,0.046,19,0.9801,0.9992,False
Irish,BRIGHT,dʲ,0.045,3,0.9801,0.9992,False
Irish,ROUND,m,0.041,58,0.9552,0.9992,False
Irish,DARK,lʲ,0.041,31,0.9154,0.9992,False
Irish,LOUD,lʲ,-0.026,4,0.9851,0.9992,False
Irish,SLOW,ɑ,-0.024,38,0.99,0.9992,False
Irish,ROUND,ɹ,0.023,65,0.9552,0.9992,False
Irish,SMOOTH,n,0.023,77,0.9701,0.9992,False
Irish,SMOOTH,s,-0.023,39,0.9851,0.9992,False
Irish,SLOW,kʲ,0.016,8,0.99,0.9992,False
Irish,QUIET,ə,0.015,42,0.995,0.9992,False
Irish,BRIGHT,i,-0.012,17,0.995,0.9992,False
Irish,SLOW,f,-0.011,13,0.9801,0.9992,False
Irish,ROUND,t͡ʃ,0.005,22,0.9801,0.9992,False
Italian,LOUD,ʊ,3.013,15,0.005,0.3682,False
Italian,BRIGHT,d͡ʒ,2.768,20,0.005,0.3682,False
Italian,SMALL,d,2.549,48,0.005,0.3682,False
Italian,SHARP,ʃ,2.366,9,0.005,0.3682,False
Italian,ROUND,ŋ,2.283,13,0.005,0.3682,False
Italian,ROUND,a,2.162,436,0.005,0.3682,False
Italian,SMALL,s,2.16,58,0.01,0.3682,False
Italian,SHARP,w,2.027,10,0.01,0.3682,False
Italian,SHARP,t͡s,1.998,20,0.01,0.3682,False
Italian,SMOOTH,s͡s,1.975,16,0.01,0.3682,False
Italian,SMALL,a,-1.88,76,0.01,0.3682,False
Italian,ROUND,k,1.591,133,0.01,0.3682,False
Italian,DARK,b,2.345,39,0.0149,0.4418,False
Italian,QUIET,n,2.25,73,0.0149,0.4418,False
Italian,SLOW,r,2.099,188,0.0149,0.4418,False
Italian,BIG,ʎ,2.782,5,0.0199,0.4909,False
Italian,SLOW,ɛ,-2.232,5,0.0199,0.4909,False
Italian,SMALL,o,1.993,168,0.0199,0.4909,False
Italian,ROUGH,ɲ,2.837,6,0.0249,0.502,False
Italian,BIG,ɪ,2.75,10,0.0249,0.502,False
Italian,SLOW,m,-1.878,20,0.0249,0.502,False
Italian,DARK,t,-1.751,57,0.0249,0.502,False
Italian,ROUGH,i,2.682,33,0.0348,0.5154,False
Italian,QUIET,ɔ,2.153,16,0.0348,0.5154,False
Italian,QUIET,p,-1.85,11,0.0348,0.5154,False
Italian,SMOOTH,w,1.633,13,0.0348,0.5154,False
Italian,DARK,ɔ,1.632,28,0.0299,0.5154,False
Italian,SMOOTH,e,1.605,287,0.0299,0.5154,False
Italian,SLOW,e,1.735,198,0.0398,0.5198,False
Italian,SMALL,p,1.713,46,0.0398,0.5198,False
Italian,FAST,l,-1.544,42,0.0398,0.5198,False
Italian,ROUND,l,1.33,192,0.0398,0.5198,False
Italian,BIG,ɡ,2.494,10,0.0448,0.5373,False
Italian,SMALL,j,1.631,17,0.0448,0.5373,False
Italian,BIG,d͡z,2.291,3,0.0647,0.6678,False
Italian,SLOW,o,-1.75,52,0.0647,0.6678,False
Italian,SMOOTH,i,-1.374,90,0.0647,0.6678,False
Italian,DARK,ɾ,1.355,10,0.0597,0.6678,False
Italian,SHARP,p,1.336,51,0.0597,0.6678,False
Italian,SMOOTH,l,-1.253,50,0.0647,0.6678,False
Italian,SLOW,ɔ,-1.729,8,0.0697,0.7028,False
Italian,QUIET,f,1.792,19,0.0746,0.705,False
Italian,SMOOTH,p,1.259,74,0.0746,0.705,False
Italian,SMOOTH,r,1.167,230,0.0746,0.705,False
Italian,SLOW,s,1.59,61,0.0796,0.7069,False
Italian,SMALL,ŋ,1.51,4,0.0796,0.7069,False
Italian,FAST,b,-1.288,12,0.0796,0.7069,False
Italian,SHARP,l,1.324,95,0.0846,0.7222,False
Italian,SMOOTH,ɡ,-1.244,4,0.0846,0.7222,False
Italian,LOUD,z,2.538,6,0.0896,0.7229,False
Italian,BRIGHT,k,-2.078,11,0.0896,0.7229,False
Italian,SHARP,k,1.354,63,0.0896,0.7229,False
Italian,SHARP,m,-1.133,27,0.0945,0.7363,False
Italian,ROUND,e,-1.121,135,0.0945,0.7363,False
Italian,DARK,j,1.191,21,0.0995,0.7617,False
Italian,ROUND,s,-1.011,57,0.1045,0.7862,False
Italian,QUIET,s͡s,1.673,6,0.1144,0.8064,False
Italian,QUIET,j,1.527,12,0.1144,0.8064,False
Italian,ROUND,z,-0.943,8,0.1144,0.8064,False
Italian,ROUGH,t͡ʃ,2.068,8,0.1194,0.8089,False
Italian,SLOW,b,-1.377,7,0.1244,0.8089,False
Italian,SMALL,t,1.292,80,0.1244,0.8089,False
Italian,SMALL,l,-1.224,29,0.1294,0.8089,False
Italian,DARK,l,1.055,104,0.1244,0.8089,False
Italian,ROUND,t,1.046,185,0.1294,0.8089,False
Italian,SHARP,ŋ,1.151,4,0.1343,0.8284,False
Italian,SLOW,ʃ,1.288,6,0.1443,0.8429,False
Italian,SHARP,ɛ,1.244,38,0.1393,0.8429,False
Italian,SMALL,e,-1.147,55,0.1443,0.8429,False
Italian,ROUND,s͡s,-0.881,3,0.1443,0.8429,False
Italian,DARK,d͡z,1.174,8,0.1493,0.8606,False
Italian,SLOW,u,-1.28,6,0.1542,0.8779,False
Italian,SMALL,ɪ,1.296,18,0.1642,0.8999,False
Italian,SMOOTH,v,0.973,39,0.1642,0.8999,False
Italian,ROUND,f,-0.88,25,0.1642,0.8999,False
Italian,SMOOTH,u,-0.858,14,0.1791,0.9356,False
Italian,QUIET,d,-1.263,10,0.1841,0.9394,False
Italian,SMOOTH,a,-0.889,179,0.1841,0.9394,False
Italian,LOUD,u,1.869,8,0.2786,0.9505,False
Italian,ROUGH,n,-1.851,6,0.2836,0.9505,False
Italian,LOUD,f,1.842,8,0.2239,0.9505,False
Italian,ROUGH,v,1.832,8,0.2537,0.9505,False
Italian,ROUGH,t,1.83,24,0.2687,0.9505,False
Italian,ROUGH,m,1.627,12,0.3433,0.9505,False
Italian,BIG,u,1.396,8,0.3184,0.9505,False
Italian,SLOW,ɾ,1.216,8,0.2189,0.9505,False
Italian,SLOW,n,-1.213,40,0.199,0.9505,False
Italian,BRIGHT,t͡ʃ,1.192,14,0.3532,0.9505,False
Italian,BRIGHT,v,1.19,15,0.2935,0.9505,False
Italian,QUIET,m,1.16,29,0.2239,0.9505,False
Italian,SHARP,r,-1.124,71,0.204,0.9505,False
Italian,DARK,o,1.059,192,0.199,0.9505,False
Italian,DARK,d͡ʒ,1.053,25,0.199,0.9505,False
Italian,SLOW,l,-1.015,39,0.2289,0.9505,False
Italian,SMALL,r,-0.947,65,0.2687,0.9505,False
Italian,FAST,m,0.938,71,0.2289,0.9505,False
Italian,SHARP,f,-0.935,12,0.2836,0.9505,False
Italian,QUIET,t͡s,0.931,8,0.3532,0.9505,False
Italian,DARK,e,-0.93,89,0.209,0.9505,False
Italian,FAST,u,-0.919,14,0.2338,0.9505,False
Italian,SMALL,u,0.916,20,0.2388,0.9505,False
Italian,DARK,ɲ,0.908,14,0.2438,0.9505,False
Italian,SHARP,v,-0.873,9,0.2587,0.9505,False
Italian,FAST,ɾ,0.863,11,0.2637,0.9505,False
Italian,FAST,ɔ,-0.852,19,0.2786,0.9505,False
Italian,FAST,r,0.845,224,0.2488,0.9505,False
Italian,SMALL,v,-0.815,8,0.3284,0.9505,False
Italian,SLOW,f,0.814,24,0.3284,0.9505,False
Italian,SMOOTH,ɛ,0.813,50,0.2239,0.9505,False
Italian,SLOW,ɡ,0.81,20,0.3383,0.9505,False
Italian,SHARP,i,0.809,105,0.3333,0.9505,False
Italian,ROUND,u,-0.807,20,0.2239,0.9505,False
Italian,FAST,j,-0.798,11,0.2587,0.9505,False
Italian,DARK,p,-0.796,34,0.2836,0.9505,False
Italian,DARK,t͡ʃ,0.796,27,0.2488,0.9505,False
Italian,SLOW,j,-0.794,7,0.2935,0.9505,False
Italian,FAST,k,-0.793,57,0.2935,0.9505,False
Italian,FAST,e,0.786,243,0.2886,0.9505,False
Italian,FAST,t͡s,0.786,19,0.2687,0.9505,False
Italian,SLOW,ʊ,0.782,28,0.3184,0.9505,False
Italian,FAST,ʊ,-0.76,11,0.3284,0.9505,False
Italian,ROUND,r,-0.754,171,0.2736,0.9505,False
Italian,SMOOTH,b,-0.745,17,0.3035,0.9505,False
Italian,ROUND,m,-0.72,62,0.2239,0.9505,False
Italian,DARK,r,-0.718,101,0.2985,0.9505,False
Italian,DARK,u,0.705,26,0.3483,0.9505,False
Italian,SMOOTH,t͡s,-0.695,4,0.2935,0.9505,False
Italian,DARK,ɪ,-0.692,4,0.3383,0.9505,False
Italian,DARK,w,0.679,7,0.3333,0.9505,False
Italian,SMOOTH,t,-0.677,96,0.2886,0.9505,False
Italian,FAST,ɛ,-0.662,31,0.3234,0.9505,False
Italian,ROUND,j,-0.641,16,0.2786,0.9505,False
Italian,ROUND,i,-0.64,153,0.3035,0.9505,False
Italian,SHARP,ɪ,-0.627,4,0.3433,0.9505,False
Italian,DARK,s,-0.625,39,0.3383,0.9505,False
Italian,ROUND,d,-0.624,47,0.3134,0.9505,False
Italian,SMOOTH,ɾ,-0.623,4,0.3184,0.9505,False
Italian,LOUD,k,1.368,16,0.398,0.959,False
Italian,LOUD,t͡s,1.343,4,0.3731,0.959,False
Italian,LOUD,d,-1.324,4,0.4279,0.959,False
Italian,BIG,ɛ,1.261,11,0.408,0.959,False
Italian,BIG,f,-1.161,3,0.4279,0.959,False
Italian,BRIGHT,r,1.111,81,0.4229,0.959,False
Italian,BIG,n,1.102,27,0.4279,0.959,False
Italian,BRIGHT,d,-1.023,10,0.408,0.959,False
Italian,BRIGHT,s,-0.991,15,0.398,0.959,False
Italian,BRIGHT,m,-0.965,15,0.3731,0.959,False
Italian,BRIGHT,a,-0.882,64,0.4378,0.959,False
Italian,BRIGHT,o,-0.871,46,0.408,0.959,False
Italian,BRIGHT,t,-0.832,33,0.4428,0.959,False
Italian,SLOW,t,-0.823,62,0.398,0.959,False
Italian,SLOW,a,0.754,170,0.4279,0.959,False
Italian,SLOW,i,-0.73,73,0.408,0.959,False
Italian,DARK,t͡s,-0.72,3,0.3682,0.959,False
Italian,FAST,w,-0.668,3,0.403,0.959,False
Italian,SMALL,d͡ʒ,-0.643,4,0.4428,0.959,False
Italian,DARK,i,-0.639,89,0.393,0.959,False
Italian,SMOOTH,ʊ,-0.633,13,0.3682,0.959,False
Italian,SHARP,ʊ,-0.62,9,0.4328,0.959,False
Italian,SMOOTH,j,-0.602,12,0.3781,0.959,False
Italian,ROUND,ɪ,-0.577,9,0.3632,0.959,False
Italian,SMOOTH,ʃ,0.544,6,0.3881,0.959,False
Italian,DARK,ʎ,0.539,8,0.4279,0.959,False
Italian,ROUND,ɲ,-0.53,3,0.398,0.959,False
Italian,ROUND,t͡ʃ,0.5,41,0.408,0.959,False
Italian,ROUND,w,-0.485,5,0.4179,0.959,False
Italian,ROUND,ʊ,-0.483,22,0.4428,0.959,False
Italian,SMOOTH,ʎ,-0.48,3,0.4378,0.959,False
Italian,ROUND,ɡ,0.466,35,0.4179,0.959,False
Italian,BRIGHT,e,1.061,89,0.4527,0.9645,False
Italian,FAST,d,0.564,56,0.4577,0.9645,False
Italian,FAST,t,-0.562,104,0.4527,0.9645,False
Italian,ROUND,ɛ,0.528,63,0.4577,0.9645,False
Italian,FAST,o,-0.511,158,0.4627,0.9645,False
Italian,FAST,ɲ,0.505,14,0.4527,0.9645,False
Italian,SMOOTH,d͡ʒ,0.468,23,0.4627,0.9645,False
Italian,QUIET,ɾ,0.692,4,0.4677,0.9658,False
Italian,SHARP,s,-0.644,33,0.4677,0.9658,False
Italian,LOUD,o,1.115,42,0.4925,0.9685,False
Italian,LOUD,ɛ,-1.1,4,0.4826,0.9685,False
Italian,ROUGH,o,-1.004,19,0.5672,0.9685,False
Italian,BIG,m,0.874,13,0.5622,0.9685,False
Italian,BIG,s,0.83,15,0.5622,0.9685,False
Italian,BIG,l,0.828,24,0.5622,0.9685,False
Italian,BRIGHT,f,-0.75,7,0.5124,0.9685,False
Italian,BRIGHT,z,0.706,7,0.5274,0.9685,False
Italian,BRIGHT,j,-0.701,4,0.5373,0.9685,False
Italian,QUIET,s,-0.653,20,0.5274,0.9685,False
Italian,QUIET,d͡ʒ,-0.627,3,0.4826,0.9685,False
Italian,BRIGHT,u,-0.623,6,0.5522,0.9685,False
Italian,BRIGHT,ɔ,-0.621,7,0.5522,0.9685,False
Italian,QUIET,u,-0.61,7,0.5373,0.9685,False
Italian,SMALL,f,-0.606,12,0.4776,0.9685,False
Italian,QUIET,r,-0.601,55,0.5473,0.9685,False
Italian,QUIET,d͡z,0.587,3,0.5672,0.9685,False
Italian,SMALL,ʊ,-0.581,8,0.5174,0.9685,False
Italian,SHARP,t͡ʃ,0.575,21,0.4925,0.9685,False
Italian,SMALL,n,0.556,68,0.5373,0.9685,False
Italian,SMALL,t͡ʃ,-0.552,9,0.4726,0.9685,False
Italian,SMALL,b,-0.518,11,0.5423,0.9685,False
Italian,SHARP,e,-0.5,96,0.5373,0.9685,False
Italian,FAST,v,0.488,34,0.5224,0.9685,False
Italian,FAST,s,0.487,74,0.5373,0.9685,False
Italian,SMALL,s͡s,0.485,5,0.5522,0.9685,False
Italian,SMOOTH,ɲ,-0.455,3,0.5323,0.9685,False
Italian,SHARP,u,-0.426,13,0.5672,0.9685,False
Italian,SHARP,d͡ʒ,-0.414,7,0.5622,0.9685,False
Italian,DARK,ʊ,-0.408,14,0.5224,0.9685,False
Italian,SMOOTH,t͡ʃ,-0.39,18,0.5622,0.9685,False
Italian,ROUND,d͡ʒ,-0.37,15,0.5572,0.9685,False
Italian,ROUND,b,0.364,39,0.5672,0.9685,False
Italian,ROUND,ʃ,0.321,7,0.5672,0.9685,False
Italian,LOUD,a,-0.858,31,0.602,0.9729,False
Italian,BRIGHT,d͡z,0.827,3,0.5771,0.9729,False
Italian,QUIET,i,-0.65,46,0.5721,0.9729,False
Italian,QUIET,t,0.537,51,0.602,0.9729,False
Italian,SMALL,z,0.463,10,0.597,0.9729,False
Italian,SHARP,j,-0.444,9,0.592,0.9729,False
Italian,SHARP,o,0.385,137,0.5821,0.9729,False
Italian,DARK,ɛ,0.381,35,0.607,0.9729,False
Italian,SHARP,t,-0.361,70,0.602,0.9729,False
Italian,FAST,a,0.36,249,0.592,0.9729,False
Italian,FAST,n,0.356,119,0.607,0.9729,False
Italian,ROUND,p,0.332,82,0.597,0.9729,False
Italian,ROUGH,ɛ,-0.941,4,0.6269,0.9784,False
Italian,LOUD,p,-0.925,7,0.6368,0.9784,False
Italian,LOUD,e,-0.863,20,0.6368,0.9784,False
Italian,ROUGH,f,-0.797,3,0.6219,0.9784,False
Italian,QUIET,ɪ,-0.525,3,0.6169,0.9784,False
Italian,FAST,s͡s,0.431,9,0.6318,0.9784,False
Italian,SLOW,z,-0.39,7,0.6169,0.9784,False
Italian,DARK,a,0.389,189,0.6269,0.9784,False
Italian,SLOW,w,0.381,5,0.6368,0.9784,False
Italian,SMOOTH,d,0.368,50,0.6269,0.9784,False
Italian,LOUD,b,0.986,6,0.6418,0.9826,False
Italian,DARK,k,-0.378,49,0.6468,0.9834,False
Italian,LOUD,j,0.805,4,0.6965,0.984,False
Italian,ROUGH,a,0.772,40,0.7065,0.984,False
Italian,LOUD,s,-0.753,8,0.6965,0.984,False
Italian,ROUGH,r,-0.707,20,0.6915,0.984,False
Italian,ROUGH,ɔ,-0.692,3,0.7015,0.984,False
Italian,BIG,k,-0.672,11,0.6617,0.984,False
Italian,BRIGHT,b,0.59,11,0.6517,0.984,False
Italian,BIG,p,-0.579,9,0.7015,0.984,False
Italian,ROUGH,b,-0.541,3,0.7313,0.984,False
Italian,BRIGHT,p,-0.473,17,0.7313,0.984,False
Italian,BRIGHT,ɡ,-0.45,5,0.7065,0.984,False
Italian,BIG,o,-0.449,30,0.7264,0.984,False
Italian,QUIET,b,0.421,12,0.6866,0.984,False
Italian,BRIGHT,i,0.409,51,0.7313,0.984,False
Italian,SMOOTH,f,0.346,31,0.6866,0.984,False
Italian,SMOOTH,o,-0.336,160,0.6517,0.984,False
Italian,QUIET,o,0.329,82,0.7264,0.984,False
Italian,FAST,t͡ʃ,-0.319,20,0.6965,0.984,False
Italian,ROUND,ɾ,0.309,11,0.6617,0.984,False
Italian,SHARP,ɡ,0.309,16,0.6716,0.984,False
Italian,DARK,n,-0.307,72,0.6617,0.984,False
Italian,SMOOTH,n,-0.29,91,0.7114,0.984,False
Italian,FAST,ɪ,-0.289,11,0.7065,0.984,False
Italian,SLOW,t͡ʃ,-0.284,13,0.7264,0.984,False
Italian,SHARP,n,-0.279,62,0.7015,0.984,False
Italian,DARK,v,0.248,23,0.7214,0.984,False
Italian,FAST,ʃ,-0.247,3,0.7313,0.984,False
Italian,SMOOTH,s,-0.204,57,0.7164,0.984,False
Italian,FAST,i,0.195,144,0.7214,0.984,False
Italian,ROUND,ʎ,-0.174,7,0.7264,0.984,False
Italian,SLOW,d,0.231,32,0.7363,0.9877,False
Italian,BRIGHT,ɛ,0.443,16,0.7413,0.9891,False
Italian,SMALL,i,0.277,79,0.7463,0.9891,False
Italian,SMALL,ɛ,0.256,24,0.7463,0.9891,False
Italian,SMOOTH,m,0.237,58,0.7463,0.9891,False
Italian,ROUGH,u,0.638,5,0.7562,0.997,False
Italian,BIG,i,-0.443,23,0.7612,0.997,False
Italian,QUIET,k,-0.298,26,0.7612,0.997,False
Italian,ROUND,v,-0.148,32,0.7612,0.997,False
Italian,LOUD,t,0.477,21,0.7761,0.9991,False
Italian,BIG,e,-0.476,28,0.8109,0.9991,False
Italian,BRIGHT,l,0.444,39,0.801,0.9991,False
Italian,ROUGH,d,0.431,8,0.8209,0.9991,False
Italian,BIG,r,-0.42,28,0.7861,0.9991,False
Italian,BIG,b,-0.412,4,0.796,0.9991,False
Italian,ROUGH,ʊ,-0.333,3,0.8209,0.9991,False
Italian,ROUGH,j,0.286,3,0.9104,0.9991,False
Italian,ROUGH,k,-0.257,10,0.8657,0.9991,False
Italian,ROUGH,p,-0.253,8,0.8905,0.9991,False
Italian,BRIGHT,n,-0.247,33,0.8408,0.9991,False
Italian,BIG,ɔ,0.241,5,0.8557,0.9991,False
Italian,BRIGHT,ʊ,0.241,11,0.8259,0.9991,False
Italian,SLOW,p,0.227,39,0.8159,0.9991,False
Italian,LOUD,n,-0.227,16,0.9154,0.9991,False
Italian,QUIET,ʊ,-0.201,9,0.8756,0.9991,False
Italian,FAST,f,0.191,31,0.7811,0.9991,False
Italian,ROUGH,s,-0.186,9,0.9055,0.9991,False
Italian,SLOW,k,0.186,48,0.8209,0.9991,False
Italian,LOUD,m,-0.186,9,0.9303,0.9991,False
Italian,QUIET,a,0.178,94,0.8259,0.9991,False
Italian,BIG,t,-0.176,21,0.9104,0.9991,False
Italian,LOUD,ɡ,-0.176,3,0.9104,0.9991,False
Italian,SHARP,b,0.175,18,0.8159,0.9991,False
Italian,SHARP,ɔ,0.168,17,0.8557,0.9991,False
Italian,FAST,ɡ,0.168,23,0.7662,0.9991,False
Italian,DARK,z,0.162,12,0.8259,0.9991,False
Italian,ROUND,n,0.151,145,0.8259,0.9991,False
Italian,SMALL,ɔ,-0.149,13,0.8358,0.9991,False
Italian,DARK,f,0.143,23,0.8358,0.9991,False
Italian,FAST,d͡ʒ,-0.143,15,0.8557,0.9991,False
Italian,QUIET,ʎ,0.137,3,0.8657,0.9991,False
Italian,ROUND,d͡z,0.132,7,0.8607,0.9991,False
Italian,SMOOTH,k,-0.132,66,0.8408,0.9991,False
Italian,SMALL,w,-0.117,3,0.9303,0.9991,False
Italian,ROUND,t͡s,0.117,16,0.8507,0.9991,False
Italian,BIG,d,0.116,9,0.9453,0.9991,False
Italian,SHARP,s͡s,-0.115,4,0.8905,0.9991,False
Italian,SMALL,ɡ,0.113,12,0.8856,0.9991,False
Italian,SMALL,k,0.109,40,0.8607,0.9991,False
Italian,SMALL,m,0.108,32,0.9055,0.9991,False
Italian,BIG,a,-0.107,42,0.9303,0.9991,False
Italian,SLOW,v,0.105,18,0.9055,0.9991,False
Italian,LOUD,i,0.105,23,0.9453,0.9991,False
Italian,QUIET,z,0.098,6,0.9204,0.9991,False
Italian,SMOOTH,ɪ,-0.097,13,0.8856,0.9991,False
Italian,QUIET,e,-0.093,70,0.9453,0.9991,False
Italian,SHARP,d,-0.091,29,0.9055,0.9991,False
Italian,LOUD,ɔ,-0.09,4,0.9652,0.9991,False
Italian,SMALL,ɲ,0.086,5,0.8756,0.9991,False
Italian,QUIET,v,-0.086,10,0.9602,0.9991,False
Italian,ROUND,ɔ,-0.076,32,0.9403,0.9991,False
Italian,DARK,ɡ,-0.067,15,0.9353,0.9991,False
Italian,DARK,d,0.066,36,0.9403,0.9991,False
Italian,DARK,m,-0.063,43,0.9055,0.9991,False
Italian,SHARP,ʎ,-0.061,4,0.9751,0.9991,False
Italian,FAST,z,0.06,15,0.9552,0.9991,False
Italian,ROUGH,e,-0.057,27,0.9751,0.9991,False
Italian,SHARP,z,-0.054,9,0.9652,0.9991,False
Italian,ROUGH,l,0.052,15,0.9701,0.9991,False
Italian,BRIGHT,ɲ,0.05,3,0.9652,0.9991,False
Italian,SLOW,ɪ,0.048,10,0.9552,0.9991,False
Italian,LOUD,r,0.048,29,0.9801,0.9991,False
Italian,ROUND,o,0.04,249,0.9403,0.9991,False
Italian,DARK,s͡s,-0.035,5,0.9751,0.9991,False
Italian,SMOOTH,z,0.034,14,0.9602,0.9991,False
Italian,QUIET,l,0.021,39,0.9851,0.9991,False
Italian,LOUD,l,-0.019,16,0.99,0.9991,False
Italian,SMOOTH,ɔ,0.015,24,0.9801,0.9991,False
Italian,SLOW,d͡ʒ,0.012,11,0.99,0.9991,False
Italian,FAST,p,0.01,58,0.9851,0.9991,False
Italian,QUIET,ɛ,0.009,16,0.99,0.9991,False
Italian,BRIGHT,ɪ,-0.022,5,1.0,1.0,False
Italian,BIG,ʊ,-0.017,5,0.995,1.0,False
Italian,SHARP,d͡z,-0.014,3,1.0,1.0,False
Italian,SHARP,a,-0.0,149,1.0,1.0,False
Japanese,SLOW,ɯ͡ᵝ,2.675,197,0.005,0.1791,False
Japanese,DARK,a͡ɪ,1.877,893,0.005,0.1791,False
Japanese,DARK,t͡ʃ,1.877,893,0.005,0.1791,False
Japanese,DARK,l,1.824,893,0.005,0.1791,False
Japanese,DARK,z,1.798,894,0.005,0.1791,False
Japanese,DARK,ə,1.677,893,0.005,0.1791,False
Japanese,DARK,a,-1.636,53,0.005,0.1791,False
Japanese,SHARP,a͡ɪ,1.592,338,0.005,0.1791,False
Japanese,SHARP,t͡ʃ,1.592,338,0.005,0.1791,False
Japanese,DARK,s,-1.54,14,0.005,0.1791,False
Japanese,SHARP,l,1.53,338,0.005,0.1791,False
Japanese,DARK,b,-1.487,5,0.005,0.1791,False
Japanese,SMOOTH,ɹ,3.317,4,0.01,0.2328,False
Japanese,SLOW,ɽ,2.204,127,0.01,0.2328,False
Japanese,SMOOTH,t͡s,2.054,16,0.01,0.2328,False
Japanese,SHARP,z,1.525,341,0.01,0.2328,False
Japanese,DARK,n,1.419,904,0.01,0.2328,False
Japanese,DARK,t,1.413,903,0.01,0.2328,False
Japanese,ROUGH,h,3.148,3,0.0199,0.2739,False
Japanese,BRIGHT,ũ,2.799,4,0.0199,0.2739,False
Japanese,QUIET,d,2.301,9,0.0199,0.2739,False
Japanese,SMOOTH,ɕ,1.591,30,0.0149,0.2739,False
Japanese,DARK,o,-1.516,35,0.0149,0.2739,False
Japanese,SMOOTH,i,1.454,208,0.0149,0.2739,False
Japanese,DARK,k,-1.298,29,0.0199,0.2739,False
Japanese,SHARP,o,-1.287,33,0.0199,0.2739,False
Japanese,DARK,ɯ͡ᵝ,-1.253,46,0.0199,0.2739,False
Japanese,DARK,ɽ,-1.25,34,0.0149,0.2739,False
Japanese,SHARP,b,-1.221,7,0.0199,0.2739,False
Japanese,SHARP,s,-1.21,18,0.0199,0.2739,False
Japanese,SHARP,n,1.099,343,0.0199,0.2739,False
Japanese,SHARP,ə,1.39,338,0.0249,0.3326,False
Japanese,LOUD,d͡ʒ,3.133,6,0.0299,0.3407,False
Japanese,QUIET,t,-2.141,17,0.0299,0.3407,False
Japanese,QUIET,ɡ,2.138,7,0.0299,0.3407,False
Japanese,SLOW,m,1.701,41,0.0299,0.3407,False
Japanese,ROUND,ɯᵝ,1.661,15,0.0299,0.3407,False
Japanese,SLOW,ɡ,1.443,13,0.0299,0.3407,False
Japanese,LOUD,ɴ,2.756,6,0.0348,0.379,False
Japanese,DARK,m,-1.134,11,0.0348,0.379,False
Japanese,DARK,t͡ɕ,-1.023,4,0.0398,0.4139,False
Japanese,SHARP,m,-1.004,11,0.0398,0.4139,False
Japanese,QUIET,b,2.001,8,0.0448,0.4191,False
Japanese,SLOW,i,-1.561,70,0.0448,0.4191,False
Japanese,SHARP,a,-1.179,65,0.0448,0.4191,False
Japanese,SHARP,t,1.154,353,0.0448,0.4191,False
Japanese,SHARP,ɽ,-1.084,35,0.0448,0.4191,False
Japanese,SLOW,n,-1.405,37,0.0498,0.4312,False
Japanese,SHARP,k,-1.08,25,0.0498,0.4312,False
Japanese,SHARP,ɯ͡ᵝ,-1.033,57,0.0498,0.4312,False
Japanese,DARK,p,-1.067,3,0.0547,0.4416,False
Japanese,DARK,ɡ,-0.896,12,0.0547,0.4416,False
Japanese,FAST,s,1.133,85,0.0597,0.4657,False
Japanese,SLOW,t,-1.192,57,0.0697,0.5093,False
Japanese,DARK,ɕ,-0.857,4,0.0697,0.5093,False
Japanese,DARK,e,0.841,918,0.0796,0.5645,False
Japanese,QUIET,e,-1.744,28,0.0846,0.5737,False
Japanese,FAST,b,-0.999,9,0.0945,0.6144,False
Japanese,DARK,d͡ʑ,-0.865,4,0.0945,0.6144,False
Japanese,SMOOTH,w,1.191,5,0.0995,0.635,False
Japanese,SLOW,k,1.049,43,0.1045,0.635,False
Japanese,FAST,a,-1.016,65,0.1045,0.635,False
Japanese,BIG,o,1.975,21,0.1095,0.6403,False
Japanese,DARK,d,-0.811,7,0.1095,0.6403,False
Japanese,DARK,ɴ,-0.821,4,0.1144,0.6531,False
Japanese,QUIET,m,1.459,16,0.1244,0.6615,False
Japanese,SLOW,s,0.987,28,0.1244,0.6615,False
Japanese,SHARP,ɴ,-0.757,3,0.1244,0.6615,False
Japanese,SHARP,p,-0.695,15,0.1294,0.6652,False
Japanese,LOUD,ɸ,2.293,3,0.1393,0.6863,False
Japanese,LOUD,ɕ,2.188,7,0.1393,0.6863,False
Japanese,QUIET,a,1.579,39,0.1393,0.6863,False
Japanese,SMOOTH,a,0.829,104,0.1393,0.6863,False
Japanese,LOUD,p,2.074,9,0.1493,0.7056,False
Japanese,BRIGHT,ɸ,1.266,3,0.1542,0.7218,False
Japanese,FAST,m,-0.927,12,0.1642,0.746,False
Japanese,SLOW,ə,-0.912,33,0.1642,0.746,False
Japanese,ROUND,b,0.9,39,0.1642,0.746,False
Japanese,BRIGHT,d͡ʑ,1.297,4,0.1741,0.7476,False
Japanese,FAST,o,-1.04,43,0.1741,0.7476,False
Japanese,SLOW,l,-0.866,32,0.1692,0.7476,False
Japanese,SMOOTH,t͡ɕ,0.863,9,0.1692,0.7476,False
Japanese,DARK,ũ,-0.721,3,0.1741,0.7476,False
Japanese,SHARP,ɕ,-0.675,7,0.1741,0.7476,False
Japanese,DARK,h,-0.631,3,0.1791,0.7551,False
Japanese,QUIET,d͡ʑ,1.197,4,0.1841,0.7557,False
Japanese,FAST,k,-0.899,29,0.1841,0.7557,False
Japanese,SMOOTH,t,-0.757,94,0.194,0.7896,False
Japanese,ROUGH,k,2.192,6,0.2587,0.8227,False
Japanese,ROUGH,e,2.087,12,0.209,0.8227,False
Japanese,ROUGH,p,1.903,3,0.209,0.8227,False
Japanese,BIG,i,-1.637,17,0.2637,0.8227,False
Japanese,LOUD,d͡ʑ,1.561,3,0.2438,0.8227,False
Japanese,BIG,d,1.518,4,0.2239,0.8227,False
Japanese,QUIET,k,1.286,20,0.2289,0.8227,False
Japanese,QUIET,ə,-1.178,11,0.2438,0.8227,False
Japanese,QUIET,ɸ,1.174,3,0.2388,0.8227,False
Japanese,QUIET,z,-1.117,12,0.2637,0.8227,False
Japanese,QUIET,ɕ,1.079,7,0.2637,0.8227,False
Japanese,ROUND,m,-0.794,18,0.2189,0.8227,False
Japanese,FAST,l,0.773,216,0.2388,0.8227,False
Japanese,SLOW,z,-0.773,37,0.2488,0.8227,False
Japanese,SLOW,a͡ɪ,-0.769,31,0.2488,0.8227,False
Japanese,SLOW,t͡ʃ,-0.769,31,0.2488,0.8227,False
Japanese,FAST,a͡ɪ,0.768,209,0.2488,0.8227,False
Japanese,FAST,t͡ʃ,0.768,209,0.2488,0.8227,False
Japanese,FAST,z,0.768,220,0.2537,0.8227,False
Japanese,SLOW,a,-0.738,30,0.2488,0.8227,False
Japanese,SLOW,o,-0.733,22,0.2587,0.8227,False
Japanese,ROUND,a͡ɪ,0.719,213,0.2338,0.8227,False
Japanese,ROUND,t͡ʃ,0.719,213,0.2338,0.8227,False
Japanese,DARK,ŋ,-0.612,4,0.2139,0.8227,False
Japanese,SHARP,ɡ,-0.609,10,0.2637,0.8227,False
Japanese,QUIET,t͡ɕ,1.141,3,0.2687,0.8327,False
Japanese,QUIET,n,-1.181,18,0.2786,0.84,False
Japanese,QUIET,l,-1.1,11,0.2836,0.84,False
Japanese,QUIET,ɴ,1.058,5,0.2736,0.84,False
Japanese,FAST,ə,0.741,223,0.2836,0.84,False
Japanese,ROUND,a,-0.658,96,0.2836,0.84,False
Japanese,ROUND,ɕ,-0.629,7,0.2836,0.84,False
Japanese,SHARP,j,-0.537,3,0.2836,0.84,False
Japanese,ROUND,s,-0.573,35,0.2886,0.8493,False
Japanese,BRIGHT,ə,-1.134,11,0.2935,0.8532,False
Japanese,ROUND,l,0.668,216,0.2935,0.8532,False
Japanese,ROUGH,i,1.962,15,0.2985,0.8571,False
Japanese,SLOW,ũ,0.636,4,0.2985,0.8571,False
Japanese,SMALL,n,1.095,53,0.3085,0.8578,False
Japanese,BRIGHT,z,-1.067,12,0.3085,0.8578,False
Japanese,BRIGHT,m,1.056,13,0.3134,0.8578,False
Japanese,BRIGHT,l,-1.055,11,0.3035,0.8578,False
Japanese,SMOOTH,d,0.648,15,0.3134,0.8578,False
Japanese,ROUND,z,0.632,218,0.3085,0.8578,False
Japanese,ROUND,d͡ʑ,-0.585,5,0.3134,0.8578,False
Japanese,BIG,s,1.377,8,0.3184,0.8614,False
Japanese,FAST,ɡ,-0.684,7,0.3184,0.8614,False
Japanese,ROUND,ə,0.585,219,0.3284,0.8781,False
Japanese,QUIET,o,0.971,26,0.3333,0.8814,False
Japanese,SHARP,t͡s,-0.447,5,0.3383,0.8845,False
Japanese,BRIGHT,t͡s,1.104,3,0.3483,0.9034,False
Japanese,QUIET,t͡s,1.02,3,0.3532,0.9034,False
Japanese,QUIET,a͡ɪ,-0.959,11,0.3532,0.9034,False
Japanese,QUIET,t͡ʃ,-0.959,11,0.3532,0.9034,False
Japanese,BRIGHT,a͡ɪ,-0.915,11,0.3682,0.9143,False
Japanese,BRIGHT,t͡ʃ,-0.915,11,0.3682,0.9143,False
Japanese,ROUND,ɽ,-0.58,83,0.3731,0.9143,False
Japanese,FAST,i,-0.57,271,0.3682,0.9143,False
Japanese,FAST,n,0.552,240,0.3731,0.9143,False
Japanese,ROUND,t,0.59,266,0.3781,0.9169,False
Japanese,FAST,d,-0.615,6,0.3881,0.9172,False
Japanese,SMOOTH,z,-0.522,63,0.3881,0.9172,False
Japanese,SMOOTH,e,-0.507,123,0.3881,0.9172,False
Japanese,SHARP,c,0.491,5,0.3881,0.9172,False
Japanese,BIG,e,1.279,28,0.393,0.9197,False
Japanese,SMOOTH,ə,-0.524,63,0.393,0.9197,False
Japanese,ROUGH,n,-1.652,3,0.408,0.9313,False
Japanese,FAST,t͡s,-0.541,3,0.408,0.9313,False
Japanese,ROUND,j,-0.508,3,0.408,0.9313,False
Japanese,SMOOTH,d͡ʑ,-0.494,3,0.408,0.9313,False
Japanese,BRIGHT,s,0.895,11,0.4179,0.9494,False
Japanese,ROUND,h,-0.51,4,0.4229,0.9561,False
Japanese,FAST,d͡ʑ,-0.49,6,0.4279,0.9627,False
Japanese,SHARP,e,0.389,351,0.4378,0.9665,False
Japanese,BRIGHT,o,0.878,24,0.4428,0.9667,False
Japanese,FAST,h,-0.503,4,0.4478,0.9667,False
Japanese,FAST,p,-0.498,18,0.4577,0.9667,False
Japanese,FAST,t,0.47,250,0.4577,0.9667,False
Japanese,ROUND,t͡s,-0.464,4,0.4577,0.9667,False
Japanese,ROUND,ɯ͡ᵝ,-0.463,131,0.4478,0.9667,False
Japanese,ROUND,d,0.448,27,0.4627,0.9667,False
Japanese,SMOOTH,s,0.419,32,0.4627,0.9667,False
Japanese,ROUGH,ɽ,1.555,10,0.4726,0.9701,False
Japanese,BRIGHT,a,0.906,30,0.4726,0.9701,False
Japanese,ROUND,k,-0.387,56,0.4726,0.9701,False
Japanese,LOUD,a,1.297,23,0.4876,0.9835,False
Japanese,SHARP,h,-0.398,8,0.4876,0.9835,False
Japanese,SMOOTH,l,-0.43,63,0.4925,0.9893,False
Japanese,QUIET,ɯ͡ᵝ,0.709,43,0.4975,0.995,False
Japanese,FAST,ɴ,-0.435,8,0.5025,0.9965,False
Japanese,LOUD,b,1.204,4,0.5274,1.0,False
Japanese,LOUD,a͡ɪ,-0.968,7,0.6517,1.0,False
Japanese,LOUD,t͡ʃ,-0.968,7,0.6517,1.0,False
Japanese,LOUD,t,-0.902,17,0.6468,1.0,False
Japanese,BRIGHT,ɡ,0.805,4,0.5174,1.0,False
Japanese,LOUD,e,-0.787,22,0.7015,1.0,False
Japanese,BIG,t,0.768,23,0.5622,1.0,False
Japanese,LOUD,s,0.759,7,0.6567,1.0,False
Japanese,BIG,n,0.755,22,0.597,1.0,False
Japanese,SMALL,ɽ,-0.748,12,0.5672,1.0,False
Japanese,BRIGHT,e,-0.747,33,0.5423,1.0,False
Japanese,SMALL,d͡ʒ,0.729,4,0.592,1.0,False
Japanese,SMALL,ɯ͡ᵝ,-0.729,17,0.5871,1.0,False
Japanese,SMALL,e,-0.709,45,0.5274,1.0,False
Japanese,BRIGHT,ɯ͡ᵝ,0.653,40,0.5274,1.0,False
Japanese,LOUD,n,-0.65,15,0.6716,1.0,False
Japanese,SMALL,ə,0.629,41,0.592,1.0,False
Japanese,SMALL,j,0.622,4,0.8507,1.0,False
Japanese,SMALL,o,0.602,29,0.6219,1.0,False
Japanese,QUIET,i,0.583,52,0.5522,1.0,False
Japanese,ROUGH,o,0.571,5,0.8308,1.0,False
Japanese,QUIET,ɽ,0.553,29,0.602,1.0,False
Japanese,BIG,k,-0.547,4,0.7264,1.0,False
Japanese,LOUD,ɽ,-0.538,8,0.7114,1.0,False
Japanese,LOUD,ɯ͡ᵝ,-0.537,11,0.7562,1.0,False
Japanese,BRIGHT,ɽ,0.503,27,0.6915,1.0,False
Japanese,BIG,m,0.492,6,0.7015,1.0,False
Japanese,QUIET,h,0.479,4,0.5572,1.0,False
Japanese,ROUGH,a,0.477,6,0.8408,1.0,False
Japanese,SMALL,l,0.474,37,0.6667,1.0,False
Japanese,BIG,ɽ,-0.46,8,0.7711,1.0,False
Japanese,LOUD,ə,0.446,19,0.791,1.0,False
Japanese,ROUND,c,0.443,4,0.5075,1.0,False
Japanese,SMALL,k,-0.421,10,0.7463,1.0,False
Japanese,FAST,ɕ,-0.408,12,0.5224,1.0,False
Japanese,SMALL,z,0.407,37,0.7015,1.0,False
Japanese,ROUND,i,-0.382,295,0.5124,1.0,False
Japanese,BIG,ɯ͡ᵝ,-0.376,12,0.791,1.0,False
Japanese,SMOOTH,a͡ɪ,-0.36,61,0.5522,1.0,False
Japanese,SMOOTH,t͡ʃ,-0.36,61,0.5522,1.0,False
Japanese,BIG,ə,-0.351,12,0.8358,1.0,False
Japanese,SMOOTH,m,0.35,32,0.5622,1.0,False
Japanese,LOUD,m,0.342,6,0.8806,1.0,False
Japanese,SMOOTH,k,0.341,45,0.5124,1.0,False
Japanese,SMOOTH,ɡ,-0.341,6,0.5274,1.0,False
Japanese,FAST,ũ,-0.333,4,0.6269,1.0,False
Japanese,ROUND,ɴ,0.328,22,0.6169,1.0,False
Japanese,ROUND,n,0.324,233,0.607,1.0,False
Japanese,SMOOTH,ɴ,-0.324,5,0.5572,1.0,False
Japanese,BRIGHT,p,0.321,6,0.8259,1.0,False
Japanese,SMALL,m,-0.317,7,0.8259,1.0,False
Japanese,SLOW,b,0.317,10,0.5572,1.0,False
Japanese,SMOOTH,j,0.307,8,0.6169,1.0,False
Japanese,SMALL,s,-0.303,8,0.8109,1.0,False
Japanese,SMALL,a͡ɪ,0.299,33,0.796,1.0,False
Japanese,SMALL,t͡ʃ,0.299,33,0.796,1.0,False
Japanese,ROUND,d͡ʒ,-0.295,3,0.6169,1.0,False
Japanese,SMALL,ɡ,0.288,4,0.8458,1.0,False
Japanese,SLOW,e,0.287,97,0.597,1.0,False
Japanese,FAST,e,-0.284,254,0.6468,1.0,False
Japanese,FAST,ŋ,-0.281,3,0.7313,1.0,False
Japanese,SMOOTH,o,-0.279,47,0.6468,1.0,False
Japanese,SHARP,ɸ,-0.276,7,0.5423,1.0,False
Japanese,LOUD,l,-0.273,13,0.8955,1.0,False
Japanese,BRIGHT,n,-0.269,26,0.7612,1.0,False
Japanese,FAST,t͡ɕ,-0.262,8,0.7214,1.0,False
Japanese,ROUGH,t,0.261,8,0.9254,1.0,False
Japanese,SMALL,ɕ,-0.254,3,0.8259,1.0,False
Japanese,BIG,l,-0.253,12,0.8657,1.0,False
Japanese,SMOOTH,h,-0.251,5,0.6915,1.0,False
Japanese,FAST,ɯ͡ᵝ,0.233,224,0.7164,1.0,False
Japanese,SHARP,w,-0.23,3,0.6667,1.0,False
Japanese,ROUND,ũ,-0.228,5,0.6866,1.0,False
Japanese,LOUD,i,0.222,31,0.9204,1.0,False
Japanese,LOUD,z,-0.217,14,0.9254,1.0,False
Japanese,SMALL,b,-0.207,4,0.8408,1.0,False
Japanese,SMOOTH,ɯ͡ᵝ,0.207,111,0.7811,1.0,False
Japanese,ROUND,o,-0.204,102,0.7512,1.0,False
Japanese,LOUD,k,-0.196,6,0.9254,1.0,False
Japanese,QUIET,p,-0.194,4,0.8507,1.0,False
Japanese,SMALL,i,0.187,62,0.9055,1.0,False
Japanese,SLOW,ɕ,-0.187,6,0.7463,1.0,False
Japanese,BRIGHT,b,-0.186,3,0.8557,1.0,False
Japanese,SMALL,t,0.184,45,0.8806,1.0,False
Japanese,SMOOTH,ɯᵝ,0.179,3,0.7612,1.0,False
Japanese,FAST,ɽ,-0.17,122,0.796,1.0,False
Japanese,ROUND,ɸ,-0.169,7,0.806,1.0,False
Japanese,SLOW,d,-0.169,5,0.8109,1.0,False
Japanese,ROUND,p,0.157,39,0.8209,1.0,False
Japanese,BRIGHT,t,0.151,33,0.9154,1.0,False
Japanese,ROUND,t͡ɕ,0.144,12,0.7711,1.0,False
Japanese,BIG,a͡ɪ,-0.137,12,0.8955,1.0,False
Japanese,BIG,t͡ʃ,-0.137,12,0.8955,1.0,False
Japanese,SMOOTH,b,0.118,13,0.8756,1.0,False
Japanese,ROUND,e,-0.103,272,0.8607,1.0,False
Japanese,ROUND,ɡ,-0.096,16,0.8806,1.0,False
Japanese,BRIGHT,i,-0.095,43,0.9303,1.0,False
Japanese,BIG,a,0.093,13,0.9502,1.0,False
Japanese,SHARP,i,-0.088,377,0.8607,1.0,False
Japanese,SMOOTH,n,-0.086,99,0.8706,1.0,False
Japanese,ROUGH,ɯ͡ᵝ,-0.085,6,0.9602,1.0,False
Japanese,ROUND,ŋ,0.079,5,0.9154,1.0,False
Japanese,DARK,i,-0.075,924,0.8308,1.0,False
Japanese,DARK,kʲ,-0.071,5,0.8557,1.0,False
Japanese,LOUD,o,0.062,11,0.9751,1.0,False
Japanese,FAST,d͡ʒ,-0.061,7,0.9154,1.0,False
Japanese,BIG,p,0.058,3,0.9751,1.0,False
Japanese,SMALL,p,-0.05,6,0.9403,1.0,False
Japanese,SMALL,a,0.045,28,0.9701,1.0,False
Japanese,BRIGHT,k,-0.041,10,0.9751,1.0,False
Japanese,BIG,z,-0.026,14,0.99,1.0,False
Japanese,BRIGHT,ɕ,-0.02,3,0.99,1.0,False
Japanese,SMOOTH,ɽ,0.014,71,0.995,1.0,False
Japanese,FAST,ɯᵝ,0.012,5,0.9851,1.0,False
Korean,ROUND,a͡ɪ,3.068,13,0.005,0.3821,False
Korean,ROUND,z,3.068,13,0.005,0.3821,False
Korean,DARK,s,2.524,120,0.005,0.3821,False
Korean,SHARP,ɫ,1.992,66,0.005,0.3821,False
Korean,DARK,ɛ,1.931,49,0.005,0.3821,False
Korean,SLOW,ɾ,2.106,42,0.0299,0.6368,False
Korean,SMALL,p,1.909,39,0.0249,0.6368,False
Korean,ROUND,p͡h,1.894,60,0.01,0.6368,False
Korean,SLOW,d,1.869,86,0.0199,0.6368,False
Korean,SLOW,ɛ,1.859,34,0.0299,0.6368,False
Korean,SMOOTH,ɐ,1.654,405,0.0149,0.6368,False
Korean,SHARP,m,1.634,88,0.0199,0.6368,False
Korean,DARK,ɯ,-1.598,24,0.0199,0.6368,False
Korean,SHARP,q,1.477,98,0.0299,0.6368,False
Korean,DARK,t͡ɕ,-1.439,15,0.0299,0.6368,False
Korean,ROUND,e,1.423,65,0.0249,0.6368,False
Korean,SHARP,p,1.288,57,0.0299,0.6368,False
Korean,FAST,w,1.487,43,0.0348,0.6645,False
Korean,ROUND,t͡ʃ,1.386,51,0.0398,0.6645,False
Korean,SHARP,e,-1.305,11,0.0398,0.6645,False
Korean,DARK,j,1.28,57,0.0398,0.6645,False
Korean,ROUND,k͡h,1.197,32,0.0348,0.6645,False
Korean,SLOW,m,-1.554,18,0.0448,0.7164,False
Korean,LOUD,i,2.485,30,0.0995,0.7247,False
Korean,BIG,u,2.129,27,0.0697,0.7247,False
Korean,BIG,t͡ɕ,2.075,14,0.0547,0.7247,False
Korean,QUIET,o,1.828,29,0.0796,0.7247,False
Korean,QUIET,m,1.804,31,0.0995,0.7247,False
Korean,SLOW,ʌ,-1.728,31,0.0547,0.7247,False
Korean,QUIET,ɯ,-1.725,8,0.1095,0.7247,False
Korean,SMALL,ɾ,-1.658,6,0.0547,0.7247,False
Korean,SLOW,n,-1.649,41,0.0697,0.7247,False
Korean,BRIGHT,n,1.614,54,0.0945,0.7247,False
Korean,SLOW,p͡h,1.592,23,0.0498,0.7247,False
Korean,SLOW,d͡ʑ,-1.591,4,0.0647,0.7247,False
Korean,SMALL,j,1.59,39,0.0746,0.7247,False
Korean,SMALL,n,1.386,85,0.1095,0.7247,False
Korean,SHARP,n,-1.321,70,0.0697,0.7247,False
Korean,FAST,ɡ,-1.275,28,0.0697,0.7247,False
Korean,SMOOTH,h,1.272,152,0.0498,0.7247,False
Korean,FAST,d͡ʑ,-1.265,12,0.0746,0.7247,False
Korean,SMALL,i,-1.254,42,0.1095,0.7247,False
Korean,FAST,k͡h,1.218,23,0.0995,0.7247,False
Korean,DARK,d,-1.183,15,0.0945,0.7247,False
Korean,FAST,d,1.183,116,0.0995,0.7247,False
Korean,DARK,t,-1.137,25,0.1045,0.7247,False
Korean,SMOOTH,u,-1.09,57,0.0846,0.7247,False
Korean,SHARP,b,-1.087,5,0.0896,0.7247,False
Korean,SMOOTH,b,-1.084,8,0.0896,0.7247,False
Korean,DARK,w,1.061,32,0.0995,0.7247,False
Korean,SMOOTH,d,1.026,155,0.0945,0.7247,False
Korean,ROUND,n,-1.01,123,0.0697,0.7247,False
Korean,ROUND,o,0.897,115,0.1045,0.7247,False
Korean,ROUND,w,0.887,50,0.1045,0.7247,False
Korean,ROUND,ɾ,0.848,71,0.0945,0.7247,False
Korean,SMOOTH,p͡h,-0.917,5,0.1144,0.7448,False
Korean,ROUGH,b,2.451,4,0.1244,0.7553,False
Korean,LOUD,o,-2.223,4,0.1642,0.7553,False
Korean,QUIET,e,1.676,15,0.1244,0.7553,False
Korean,BIG,ŋ,1.664,23,0.1493,0.7553,False
Korean,BRIGHT,u,-1.578,9,0.1692,0.7553,False
Korean,QUIET,ʌ,-1.46,18,0.1692,0.7553,False
Korean,QUIET,t,-1.411,7,0.1592,0.7553,False
Korean,QUIET,t͡ʃ,1.379,11,0.1393,0.7553,False
Korean,SMALL,k,1.277,6,0.1542,0.7553,False
Korean,SLOW,ɐ,1.177,153,0.1294,0.7553,False
Korean,FAST,ɐ,1.062,250,0.1692,0.7553,False
Korean,FAST,h,1.037,102,0.1443,0.7553,False
Korean,SMALL,ɡ,-1.036,16,0.1542,0.7553,False
Korean,DARK,i,-1.035,76,0.1443,0.7553,False
Korean,DARK,m,0.998,72,0.1642,0.7553,False
Korean,SHARP,ɾ,0.978,47,0.1343,0.7553,False
Korean,FAST,t͡ɕ,-0.964,24,0.1393,0.7553,False
Korean,FAST,ŋ,-0.936,37,0.1542,0.7553,False
Korean,SHARP,ɡ,0.927,41,0.1443,0.7553,False
Korean,FAST,m,-0.914,44,0.1642,0.7553,False
Korean,SHARP,d͡ʑ,-0.898,16,0.1692,0.7553,False
Korean,SMOOTH,t͡ʃ,-0.898,19,0.1393,0.7553,False
Korean,SHARP,d,-0.853,28,0.1692,0.7553,False
Korean,SHARP,p͡h,0.837,25,0.1692,0.7553,False
Korean,SMOOTH,ɛ,-0.809,38,0.1393,0.7553,False
Korean,SMOOTH,ŋ,-0.785,58,0.1393,0.7553,False
Korean,LOUD,l,1.882,3,0.1791,0.7566,False
Korean,BIG,q,1.471,24,0.1891,0.7566,False
Korean,QUIET,d͡ʑ,1.459,17,0.199,0.7566,False
Korean,QUIET,l,1.451,7,0.1891,0.7566,False
Korean,BRIGHT,ɡ,-1.317,9,0.199,0.7566,False
Korean,SMOOTH,i,-0.887,138,0.194,0.7566,False
Korean,SMOOTH,p,0.869,82,0.1741,0.7566,False
Korean,SHARP,o,0.809,72,0.1891,0.7566,False
Korean,ROUND,l,0.798,24,0.194,0.7566,False
Korean,SMOOTH,ɯ,0.772,91,0.1841,0.7566,False
Korean,SMOOTH,s,-0.74,58,0.199,0.7566,False
Korean,ROUND,ɛ,-0.719,39,0.1891,0.7566,False
Korean,ROUND,ɐ,-0.814,190,0.204,0.7679,False
Korean,SMALL,e,1.153,23,0.209,0.7715,False
Korean,ROUND,ɯ,0.773,90,0.209,0.7715,False
Korean,LOUD,t,2.236,12,0.2139,0.775,False
Korean,SMALL,ɯ,-1.0,20,0.2139,0.775,False
Korean,LOUD,ɐ,-1.855,8,0.2189,0.7783,False
Korean,DARK,ʌ,0.743,102,0.2189,0.7783,False
Korean,BRIGHT,s,1.413,35,0.2239,0.7815,False
Korean,SLOW,ɯ,1.075,41,0.2239,0.7815,False
Korean,SHARP,u,0.824,80,0.2289,0.7917,False
Korean,BIG,b,1.465,8,0.2338,0.7933,False
Korean,BRIGHT,ɛ,-1.279,7,0.2438,0.7933,False
Korean,SLOW,p,-1.04,18,0.2438,0.7933,False
Korean,SLOW,k,1.011,6,0.2338,0.7933,False
Korean,SMALL,t,0.962,42,0.2388,0.7933,False
Korean,SMALL,k͡h,-0.838,5,0.2388,0.7933,False
Korean,LOUD,d͡ʑ,1.893,7,0.2587,0.7947,False
Korean,QUIET,j,-1.348,6,0.2537,0.7947,False
Korean,QUIET,p,-1.301,8,0.2587,0.7947,False
Korean,SLOW,ŋ,-0.938,22,0.2587,0.7947,False
Korean,FAST,l,0.783,17,0.2587,0.7947,False
Korean,DARK,p,-0.76,29,0.2488,0.7947,False
Korean,BRIGHT,e,-1.31,4,0.2637,0.8036,False
Korean,FAST,u,-0.753,49,0.2736,0.8145,False
Korean,DARK,p͡h,-0.747,5,0.2736,0.8145,False
Korean,BIG,ɐ,-1.162,25,0.2786,0.8167,False
Korean,SLOW,j,-0.866,17,0.2836,0.825,False
Korean,SMOOTH,q,-0.719,77,0.2886,0.8331,False
Korean,BRIGHT,ɫ,-1.149,6,0.2935,0.8349,False
Korean,DARK,e,0.735,32,0.2935,0.8349,False
Korean,LOUD,ɡ,1.923,6,0.3035,0.8384,False
Korean,BIG,k͡h,1.202,5,0.3035,0.8384,False
Korean,SLOW,u,-0.959,26,0.2985,0.8384,False
Korean,SMOOTH,j,0.601,78,0.3035,0.8384,False
Korean,BIG,e,-1.194,3,0.3085,0.8401,False
Korean,BIG,ɾ,-1.208,4,0.3383,0.8547,False
Korean,QUIET,i,0.945,58,0.3284,0.8547,False
Korean,SLOW,b,-0.858,5,0.3333,0.8547,False
Korean,SMALL,ŋ,-0.848,21,0.3234,0.8547,False
Korean,SHARP,ɐ,-0.682,128,0.3383,0.8547,False
Korean,DARK,ŋ,0.671,67,0.3234,0.8547,False
Korean,DARK,k͡h,-0.645,9,0.3383,0.8547,False
Korean,SHARP,t,-0.624,37,0.3383,0.8547,False
Korean,ROUND,q,0.573,122,0.3383,0.8547,False
Korean,SMOOTH,n,0.548,190,0.3234,0.8547,False
Korean,ROUND,h,-0.521,93,0.3284,0.8547,False
Korean,ROUGH,t͡ɕ,1.823,5,0.3582,0.8609,False
Korean,ROUGH,ʌ,1.654,12,0.3532,0.8609,False
Korean,LOUD,ʌ,1.606,16,0.3632,0.8609,False
Korean,SMALL,ɐ,0.768,124,0.3632,0.8609,False
Korean,SMOOTH,l,-0.607,6,0.3483,0.8609,False
Korean,DARK,ɫ,0.546,41,0.3632,0.8609,False
Korean,SMOOTH,w,-0.545,26,0.3632,0.8609,False
Korean,SMOOTH,o,-0.506,87,0.3582,0.8609,False
Korean,ROUND,b,-0.491,18,0.3582,0.8609,False
Korean,ROUND,d,-0.458,67,0.3632,0.8609,False
Korean,BIG,ɯ,1.063,15,0.3781,0.8643,False
Korean,QUIET,w,0.94,11,0.3731,0.8643,False
Korean,SLOW,h,0.69,56,0.3781,0.8643,False
Korean,FAST,ɫ,-0.553,29,0.3731,0.8643,False
Korean,ROUND,m,-0.436,76,0.3831,0.8704,False
Korean,ROUGH,ŋ,1.82,9,0.398,0.8712,False
Korean,BRIGHT,t,0.885,25,0.393,0.8712,False
Korean,FAST,a͡ɪ,0.677,3,0.408,0.8712,False
Korean,FAST,z,0.677,3,0.408,0.8712,False
Korean,FAST,t͡ʃ,0.648,29,0.4129,0.8712,False
Korean,SLOW,ɡ,0.639,26,0.4129,0.8712,False
Korean,DARK,q,0.634,75,0.393,0.8712,False
Korean,DARK,t͡ʃ,-0.587,14,0.4129,0.8712,False
Korean,FAST,p͡h,-0.526,9,0.403,0.8712,False
Korean,ROUND,ŋ,0.511,105,0.393,0.8712,False
Korean,DARK,h,0.505,76,0.393,0.8712,False
Korean,SMOOTH,t͡ɕ,-0.481,43,0.4129,0.8712,False
Korean,LOUD,h,-1.453,5,0.4229,0.8825,False
Korean,BRIGHT,o,0.952,27,0.4229,0.8825,False
Korean,ROUGH,ɫ,1.925,6,0.4279,0.8881,False
Korean,SHARP,w,-0.485,17,0.4328,0.8888,False
Korean,SMOOTH,k͡h,0.413,25,0.4328,0.8888,False
Korean,BIG,t͡ʃ,0.951,7,0.4428,0.8949,False
Korean,SMALL,o,-0.611,32,0.4428,0.8949,False
Korean,SMOOTH,ɡ,-0.467,49,0.4428,0.8949,False
Korean,FAST,ʌ,-0.541,85,0.4478,0.8955,False
Korean,FAST,t,-0.519,44,0.4478,0.8955,False
Korean,BIG,s,-0.88,8,0.4776,0.9263,False
Korean,BRIGHT,h,0.741,31,0.4776,0.9263,False
Korean,BRIGHT,m,-0.674,16,0.4776,0.9263,False
Korean,SLOW,q,-0.479,36,0.4776,0.9263,False
Korean,LOUD,n,1.199,17,0.4876,0.9269,False
Korean,BRIGHT,ŋ,0.813,27,0.4826,0.9269,False
Korean,SMALL,ɫ,-0.605,15,0.4876,0.9269,False
Korean,SHARP,i,-0.403,109,0.4876,0.9269,False
Korean,BIG,t,-0.834,8,0.5124,0.9282,False
Korean,SHARP,k,-0.536,3,0.4925,0.9282,False
Korean,SLOW,i,0.516,101,0.5124,0.9282,False
Korean,DARK,ɡ,-0.507,29,0.4975,0.9282,False
Korean,SLOW,t͡ɕ,-0.492,18,0.4975,0.9282,False
Korean,SHARP,k͡h,0.459,16,0.5124,0.9282,False
Korean,ROUND,ʌ,-0.412,124,0.5075,0.9282,False
Korean,ROUND,t,-0.354,67,0.5075,0.9282,False
Korean,ROUND,t͡ɕ,-0.347,45,0.5124,0.9282,False
Korean,ROUGH,d,1.317,10,0.5522,0.9315,False
Korean,ROUGH,ɡ,1.242,4,0.5473,0.9315,False
Korean,LOUD,u,1.191,11,0.5274,0.9315,False
Korean,LOUD,ɯ,-1.086,4,0.5373,0.9315,False
Korean,LOUD,ŋ,-0.969,4,0.5871,0.9315,False
Korean,LOUD,d,-0.958,3,0.5721,0.9315,False
Korean,BRIGHT,k,0.812,3,0.5771,0.9315,False
Korean,BIG,d,-0.728,8,0.5572,0.9315,False
Korean,QUIET,ɫ,-0.697,8,0.5572,0.9315,False
Korean,BRIGHT,t͡ɕ,-0.688,9,0.5473,0.9315,False
Korean,BIG,m,0.659,17,0.5721,0.9315,False
Korean,QUIET,ɡ,-0.657,10,0.5871,0.9315,False
Korean,QUIET,ɾ,0.566,14,0.5423,0.9315,False
Korean,SMALL,t͡ɕ,0.48,23,0.5821,0.9315,False
Korean,FAST,p,0.461,52,0.5323,0.9315,False
Korean,SMALL,s,-0.43,27,0.5771,0.9315,False
Korean,SHARP,ŋ,-0.421,45,0.5224,0.9315,False
Korean,FAST,q,-0.419,62,0.5721,0.9315,False
Korean,FAST,b,-0.397,14,0.5274,0.9315,False
Korean,FAST,e,-0.373,24,0.5373,0.9315,False
Korean,ROUND,p,0.372,71,0.5174,0.9315,False
Korean,SHARP,ʌ,0.362,98,0.5871,0.9315,False
Korean,FAST,ɛ,-0.355,32,0.5771,0.9315,False
Korean,DARK,n,-0.347,91,0.5423,0.9315,False
Korean,SMOOTH,k,-0.336,6,0.5522,0.9315,False
Korean,SHARP,ɛ,-0.305,29,0.5871,0.9315,False
Korean,BIG,o,-0.637,13,0.592,0.9323,False
Korean,BRIGHT,ɯ,0.585,20,0.597,0.9323,False
Korean,QUIET,ŋ,-0.583,14,0.597,0.9323,False
Korean,BRIGHT,w,-0.539,6,0.602,0.9323,False
Korean,SLOW,w,0.435,18,0.607,0.9323,False
Korean,SHARP,l,-0.335,6,0.607,0.9323,False
Korean,ROUND,ɫ,-0.255,48,0.607,0.9323,False
Korean,SHARP,t͡ʃ,0.333,23,0.6119,0.9362,False
Korean,ROUGH,j,0.914,5,0.6915,0.9386,False
Korean,ROUGH,i,-0.892,8,0.6517,0.9386,False
Korean,QUIET,ɛ,0.613,13,0.6219,0.9386,False
Korean,BRIGHT,d,-0.575,14,0.6318,0.9386,False
Korean,BRIGHT,d͡ʑ,-0.49,8,0.6667,0.9386,False
Korean,BIG,ʌ,-0.469,19,0.6965,0.9386,False
Korean,QUIET,b,-0.461,4,0.6716,0.9386,False
Korean,QUIET,p͡h,-0.461,3,0.6766,0.9386,False
Korean,BIG,ɛ,0.457,9,0.6866,0.9386,False
Korean,BRIGHT,q,-0.441,20,0.7015,0.9386,False
Korean,SLOW,e,-0.411,14,0.6617,0.9386,False
Korean,SMALL,t͡ʃ,-0.372,10,0.6567,0.9386,False
Korean,SMALL,ɛ,-0.37,17,0.6567,0.9386,False
Korean,SLOW,o,-0.345,38,0.6468,0.9386,False
Korean,FAST,o,-0.333,64,0.6219,0.9386,False
Korean,SHARP,ɯ,0.309,51,0.6915,0.9386,False
Korean,SMALL,d,-0.303,29,0.6766,0.9386,False
Korean,SMALL,b,0.299,12,0.6915,0.9386,False
Korean,SLOW,ɫ,-0.294,20,0.6567,0.9386,False
Korean,FAST,ɯ,0.291,57,0.6716,0.9386,False
Korean,SHARP,j,0.286,44,0.6567,0.9386,False
Korean,SLOW,k͡h,0.283,10,0.6965,0.9386,False
Korean,DARK,ɾ,-0.27,28,0.6368,0.9386,False
Korean,SMOOTH,ʌ,-0.269,131,0.6816,0.9386,False
Korean,ROUND,s,-0.263,78,0.6368,0.9386,False
Korean,SMOOTH,d͡ʑ,-0.22,41,0.6915,0.9386,False
Korean,SMOOTH,ɾ,-0.219,48,0.6816,0.9386,False
Korean,SMOOTH,m,-0.201,84,0.7015,0.9386,False
Korean,ROUGH,d͡ʑ,0.992,4,0.7114,0.942,False
Korean,LOUD,p͡h,0.767,3,0.7114,0.942,False
Korean,BRIGHT,ɾ,0.359,14,0.7114,0.942,False
Korean,ROUGH,t,0.719,6,0.7164,0.9421,False
Korean,LOUD,ɾ,-0.651,3,0.7164,0.9421,False
Korean,BRIGHT,j,-0.407,12,0.7313,0.9488,False
Korean,BRIGHT,k͡h,-0.396,4,0.7313,0.9488,False
Korean,BRIGHT,p,-0.371,13,0.7313,0.9488,False
Korean,BRIGHT,ʌ,0.272,35,0.7264,0.9488,False
Korean,SMALL,p͡h,0.302,11,0.7363,0.952,False
Korean,SHARP,s,0.223,63,0.7413,0.952,False
Korean,FAST,n,-0.199,112,0.7413,0.952,False
Korean,LOUD,s,-0.604,5,0.7463,0.9521,False
Korean,ROUND,ɡ,0.19,56,0.7463,0.9521,False
Korean,QUIET,d,-0.337,16,0.7512,0.9552,False
Korean,SMALL,ʌ,0.242,57,0.7612,0.9615,False
Korean,BIG,i,0.333,35,0.7662,0.9646,False
Korean,DARK,ɐ,-0.208,146,0.7711,0.9677,False
Korean,ROUGH,m,-0.699,4,0.7811,0.9706,False
Korean,BRIGHT,i,0.383,53,0.7861,0.9706,False
Korean,BIG,ɡ,0.338,9,0.7811,0.9706,False
Korean,QUIET,ɐ,-0.274,51,0.7861,0.9706,False
Korean,ROUND,u,0.168,102,0.7861,0.9706,False
Korean,SMALL,u,0.246,40,0.806,0.9888,False
Korean,SMALL,m,-0.175,32,0.806,0.9888,False
Korean,ROUND,i,-0.13,191,0.8109,0.9917,False
Korean,ROUGH,ɯ,0.54,5,0.8159,0.9944,False
Korean,QUIET,t͡ɕ,0.223,12,0.8209,0.9944,False
Korean,SMOOTH,ɫ,0.122,58,0.8209,0.9944,False
Korean,LOUD,m,-0.44,6,0.8308,0.9996,False
Korean,BIG,n,-0.269,24,0.8358,0.9996,False
Korean,BIG,d͡ʑ,0.253,8,0.8308,0.9996,False
Korean,SHARP,t͡ɕ,-0.145,31,0.8408,0.9996,False
Korean,ROUGH,ɐ,0.35,17,0.8806,1.0,False
Korean,LOUD,q,0.342,9,0.8458,1.0,False
Korean,ROUGH,u,-0.299,5,0.9005,1.0,False
Korean,ROUGH,o,0.272,6,0.9005,1.0,False
Korean,QUIET,k͡h,0.243,5,0.8657,1.0,False
Korean,BRIGHT,b,0.22,7,0.8657,1.0,False
Korean,SLOW,l,0.212,7,0.8607,1.0,False
Korean,BRIGHT,t͡ʃ,0.209,8,0.8607,1.0,False
Korean,QUIET,h,0.189,25,0.8955,1.0,False
Korean,LOUD,w,0.176,3,0.9005,1.0,False
Korean,BIG,j,-0.167,9,0.9204,1.0,False
Korean,QUIET,u,0.163,22,0.8507,1.0,False
Korean,BIG,ɫ,0.136,9,0.9154,1.0,False
Korean,LOUD,e,-0.125,3,0.9502,1.0,False
Korean,ROUGH,n,0.122,10,0.9602,1.0,False
Korean,DARK,d͡ʑ,-0.11,26,0.8955,1.0,False
Korean,SMOOTH,t,0.107,83,0.8607,1.0,False
Korean,DARK,o,-0.103,57,0.9005,1.0,False
Korean,FAST,j,0.098,46,0.9204,1.0,False
Korean,DARK,l,0.09,9,0.8756,1.0,False
Korean,SHARP,h,-0.086,68,0.9005,1.0,False
Korean,SMOOTH,e,0.081,42,0.8806,1.0,False
Korean,QUIET,n,-0.074,35,0.9652,1.0,False
Korean,FAST,s,0.07,66,0.9453,1.0,False
Korean,FAST,i,-0.061,140,0.9154,1.0,False
Korean,SMALL,q,-0.058,38,0.9453,1.0,False
Korean,SMALL,w,-0.052,13,0.9502,1.0,False
Korean,LOUD,t͡ɕ,-0.045,4,0.9552,1.0,False
Korean,SMALL,d͡ʑ,-0.043,17,0.9353,1.0,False
Korean,DARK,u,-0.043,57,0.9204,1.0,False
Korean,ROUND,j,-0.036,61,0.9652,1.0,False
Korean,QUIET,s,-0.033,19,0.9801,1.0,False
Korean,BIG,p,0.032,10,0.9851,1.0,False
Korean,SLOW,t,-0.03,33,0.9502,1.0,False
Korean,FAST,ɾ,-0.023,37,0.9602,1.0,False
Korean,BIG,h,-0.021,17,0.9851,1.0,False
Korean,ROUND,d͡ʑ,0.02,46,0.9751,1.0,False
Korean,BRIGHT,ɐ,-0.016,60,0.9851,1.0,False
Korean,SMALL,h,0.013,42,0.99,1.0,False
Korean,LOUD,p,-0.011,5,1.0,1.0,False
Korean,LOUD,ɛ,0.009,4,1.0,1.0,False
Korean,DARK,b,0.007,16,1.0,1.0,False
Korean,QUIET,q,0.005,22,1.0,1.0,False
Korean,ROUND,k,0.004,8,0.99,1.0,False
Korean,SLOW,s,-0.0,38,0.995,1.0,False
Russian,SLOW,tʲ,3.002,137,0.005,0.4264,False
Russian,ROUND,a,2.632,172,0.005,0.4264,False
Russian,SLOW,z,2.551,23,0.005,0.4264,False
Russian,SMOOTH,i,-2.271,95,0.005,0.4264,False
Russian,ROUND,k,2.201,174,0.005,0.4264,False
Russian,SMOOTH,y,2.157,99,0.005,0.4264,False
Russian,BRIGHT,sʲ,2.526,20,0.0199,0.5427,False
Russian,BRIGHT,j͡a,2.515,18,0.0199,0.5427,False
Russian,BIG,ɡ,2.497,15,0.0199,0.5427,False
Russian,SMOOTH,ɵ,2.313,5,0.01,0.5427,False
Russian,QUIET,m,2.273,14,0.0199,0.5427,False
Russian,DARK,rʲ,2.197,42,0.0149,0.5427,False
Russian,SHARP,k,2.084,94,0.01,0.5427,False
Russian,SLOW,t,-1.914,30,0.0199,0.5427,False
Russian,SMALL,nʲ,1.893,37,0.0199,0.5427,False
Russian,SMALL,ɑ,-1.891,33,0.0199,0.5427,False
Russian,SMOOTH,j,1.842,84,0.01,0.5427,False
Russian,DARK,e,1.775,62,0.0149,0.5427,False
Russian,SMOOTH,ʒ,1.755,38,0.0149,0.5427,False
Russian,ROUND,t͡s,1.404,37,0.0199,0.5427,False
Russian,SHARP,v,-1.905,9,0.0249,0.6219,False
Russian,SHARP,ɛ,1.784,11,0.0249,0.6219,False
Russian,LOUD,u,2.831,15,0.0299,0.6397,False
Russian,QUIET,kʲ,2.215,5,0.0299,0.6397,False
Russian,FAST,ɕ,1.758,13,0.0299,0.6397,False
Russian,SMOOTH,d,1.447,57,0.0299,0.6397,False
Russian,SLOW,ɭ,-1.787,21,0.0348,0.7205,False
Russian,LOUD,n,2.597,24,0.0597,0.7609,False
Russian,BIG,ʑ,2.259,7,0.0498,0.7609,False
Russian,QUIET,o,2.169,28,0.0647,0.7609,False
Russian,QUIET,pʲ,2.128,7,0.0498,0.7609,False
Russian,BIG,ʒ,2.11,14,0.0398,0.7609,False
Russian,BRIGHT,ɛ,1.844,6,0.0597,0.7609,False
Russian,SLOW,ɑ,1.841,73,0.0398,0.7609,False
Russian,DARK,ɡʲ,1.798,7,0.0448,0.7609,False
Russian,SMALL,dʲ,1.753,17,0.0498,0.7609,False
Russian,SMALL,p,1.723,48,0.0448,0.7609,False
Russian,SLOW,bʲ,1.642,8,0.0547,0.7609,False
Russian,SMALL,r,-1.573,30,0.0547,0.7609,False
Russian,SLOW,j,-1.554,6,0.0647,0.7609,False
Russian,SHARP,ɭʲ,1.535,31,0.0597,0.7609,False
Russian,SHARP,fʲ,1.51,8,0.0498,0.7609,False
Russian,FAST,p,1.491,63,0.0448,0.7609,False
Russian,ROUND,f,1.391,24,0.0647,0.7609,False
Russian,DARK,y,-1.368,11,0.0647,0.7609,False
Russian,DARK,t͡ʃʲ,-1.349,6,0.0597,0.7609,False
Russian,FAST,ɪ,-1.346,14,0.0647,0.7609,False
Russian,SHARP,mʲ,1.312,15,0.0647,0.7609,False
Russian,ROUND,mʲ,1.137,26,0.0697,0.8037,False
Russian,BRIGHT,ɕ,2.019,6,0.0746,0.8141,False
Russian,QUIET,d,1.931,14,0.0846,0.8141,False
Russian,QUIET,x,1.888,8,0.0796,0.8141,False
Russian,BRIGHT,ɪ,1.805,19,0.0796,0.8141,False
Russian,SMALL,ʌ,1.517,145,0.0746,0.8141,False
Russian,SLOW,o,-1.496,17,0.0846,0.8141,False
Russian,DARK,kʲ,1.346,12,0.0846,0.8141,False
Russian,FAST,vʲ,1.25,24,0.0896,0.8141,False
Russian,SMOOTH,r,-1.241,59,0.0796,0.8141,False
Russian,DARK,r,1.151,84,0.0746,0.8141,False
Russian,SMOOTH,vʲ,-1.086,9,0.0896,0.8141,False
Russian,QUIET,f,1.758,5,0.1144,0.8173,False
Russian,BRIGHT,t͡s,1.733,12,0.1045,0.8173,False
Russian,BIG,r,1.678,43,0.0995,0.8173,False
Russian,DARK,j͡u,1.421,4,0.1095,0.8173,False
Russian,SMALL,z,-1.367,8,0.1045,0.8173,False
Russian,SLOW,pʲ,1.35,14,0.1144,0.8173,False
Russian,SLOW,n,-1.302,25,0.1095,0.8173,False
Russian,SHARP,e,1.231,49,0.1144,0.8173,False
Russian,SMALL,j͡u,1.208,3,0.1045,0.8173,False
Russian,SMOOTH,t͡ʃʲ,1.091,36,0.1144,0.8173,False
Russian,ROUND,ʌ,-1.016,151,0.0995,0.8173,False
Russian,ROUND,x,-0.985,3,0.0945,0.8173,False
Russian,ROUND,ɭʲ,0.983,49,0.1045,0.8173,False
Russian,SMOOTH,ɭʲ,-0.95,21,0.0995,0.8173,False
Russian,ROUND,u,0.886,89,0.1144,0.8173,False
Russian,DARK,dʲ,-1.109,4,0.1244,0.8578,False
Russian,DARK,^,1.093,6,0.1244,0.8578,False
Russian,ROUND,ʒ,-0.993,3,0.1244,0.8578,False
Russian,SLOW,p,1.247,40,0.1294,0.8624,False
Russian,DARK,b,1.082,30,0.1294,0.8624,False
Russian,SMOOTH,a,-0.921,43,0.1294,0.8624,False
Russian,LOUD,dʲ,2.207,4,0.1692,0.8903,False
Russian,BIG,ʃ,1.689,12,0.1443,0.8903,False
Russian,BIG,t,1.515,35,0.1443,0.8903,False
Russian,BRIGHT,vʲ,1.512,11,0.1692,0.8903,False
Russian,BIG,ɭ,1.484,26,0.1692,0.8903,False
Russian,SMALL,a,-1.233,20,0.1692,0.8903,False
Russian,SMALL,j,1.166,41,0.1443,0.8903,False
Russian,DARK,nʲ,-1.136,11,0.1542,0.8903,False
Russian,FAST,ɭ,-1.12,38,0.1692,0.8903,False
Russian,SHARP,ʌ,-1.105,81,0.1393,0.8903,False
Russian,SMALL,mʲ,1.101,13,0.1493,0.8903,False
Russian,SLOW,r,1.012,63,0.1393,0.8903,False
Russian,DARK,bʲ,0.991,8,0.1642,0.8903,False
Russian,DARK,s,0.974,67,0.1642,0.8903,False
Russian,SMOOTH,ɪ,0.91,44,0.1592,0.8903,False
Russian,ROUND,ʃ,0.894,34,0.1692,0.8903,False
Russian,ROUND,y,-0.865,32,0.1542,0.8903,False
Russian,ROUND,ɭ,0.831,83,0.1542,0.8903,False
Russian,ROUND,i,-0.812,162,0.1692,0.8903,False
Russian,LOUD,s,-1.823,6,0.2537,0.8916,False
Russian,ROUGH,ʌ,1.729,36,0.2886,0.8916,False
Russian,LOUD,m,1.666,7,0.3433,0.8916,False
Russian,BIG,p,-1.569,7,0.1791,0.8916,False
Russian,ROUGH,ɑ,-1.504,9,0.3333,0.8916,False
Russian,QUIET,e,-1.496,4,0.209,0.8916,False
Russian,BRIGHT,mʲ,-1.437,3,0.199,0.8916,False
Russian,BRIGHT,i,1.401,71,0.1791,0.8916,False
Russian,QUIET,s,-1.397,12,0.2388,0.8916,False
Russian,BRIGHT,b,1.389,16,0.2139,0.8916,False
Russian,BRIGHT,ʌ,-1.381,39,0.2189,0.8916,False
Russian,BIG,x,1.334,10,0.2338,0.8916,False
Russian,QUIET,mʲ,1.319,5,0.2637,0.8916,False
Russian,BIG,u,-1.312,8,0.2388,0.8916,False
Russian,BIG,ɪ,-1.252,6,0.2836,0.8916,False
Russian,BRIGHT,z,-1.251,5,0.2388,0.8916,False
Russian,QUIET,y,-1.236,4,0.3284,0.8916,False
Russian,QUIET,p,-1.212,6,0.2886,0.8916,False
Russian,QUIET,j,-1.199,4,0.2935,0.8916,False
Russian,BRIGHT,x,1.197,10,0.2687,0.8916,False
Russian,BIG,y,1.189,25,0.2637,0.8916,False
Russian,QUIET,v,1.176,16,0.3184,0.8916,False
Russian,QUIET,nʲ,1.143,11,0.3433,0.8916,False
Russian,SMALL,b,-1.136,8,0.2239,0.8916,False
Russian,QUIET,rʲ,-1.129,3,0.3433,0.8916,False
Russian,BIG,b,1.121,14,0.2985,0.8916,False
Russian,BRIGHT,ʑ,1.121,5,0.2985,0.8916,False
Russian,SMALL,t,1.085,59,0.2637,0.8916,False
Russian,QUIET,j͡a,1.08,7,0.3433,0.8916,False
Russian,FAST,rʲ,1.008,35,0.1791,0.8916,False
Russian,SLOW,mʲ,-1.008,6,0.2239,0.8916,False
Russian,SLOW,v,1.006,39,0.2189,0.8916,False
Russian,SMOOTH,nʲ,-0.971,18,0.1741,0.8916,False
Russian,FAST,ʑ,0.968,11,0.1791,0.8916,False
Russian,BIG,o,0.967,32,0.3383,0.8916,False
Russian,FAST,ʌ,0.966,180,0.2239,0.8916,False
Russian,SLOW,ɪ,-0.954,12,0.2488,0.8916,False
Russian,FAST,n,-0.923,49,0.2537,0.8916,False
Russian,SHARP,rʲ,0.921,27,0.194,0.8916,False
Russian,FAST,ɛ,-0.917,3,0.2139,0.8916,False
Russian,SHARP,j,-0.914,16,0.2388,0.8916,False
Russian,SLOW,e,-0.906,17,0.2637,0.8916,False
Russian,SHARP,f,0.905,11,0.2289,0.8916,False
Russian,SMALL,t͡ʃʲ,0.904,20,0.2488,0.8916,False
Russian,DARK,i,0.9,135,0.2289,0.8916,False
Russian,DARK,v,-0.894,24,0.209,0.8916,False
Russian,SHARP,z,-0.893,11,0.2239,0.8916,False
Russian,SHARP,vʲ,0.89,17,0.2239,0.8916,False
Russian,SHARP,s,0.885,60,0.2886,0.8916,False
Russian,FAST,o,-0.872,39,0.2587,0.8916,False
Russian,SLOW,k,-0.86,29,0.3134,0.8916,False
Russian,SLOW,m,-0.846,13,0.2935,0.8916,False
Russian,SMOOTH,o,0.843,94,0.2289,0.8916,False
Russian,SHARP,ʒ,-0.833,3,0.2587,0.8916,False
Russian,FAST,s,-0.826,53,0.2537,0.8916,False
Russian,ROUND,v,-0.824,41,0.2189,0.8916,False
Russian,ROUND,tʲ,-0.807,42,0.2338,0.8916,False
Russian,FAST,ʃ,0.798,23,0.2736,0.8916,False
Russian,FAST,sʲ,-0.78,9,0.2488,0.8916,False
Russian,SLOW,b,-0.778,10,0.3284,0.8916,False
Russian,SMALL,x,-0.776,3,0.3085,0.8916,False
Russian,SHARP,m,-0.765,16,0.3134,0.8916,False
Russian,FAST,f,0.759,13,0.3433,0.8916,False
Russian,DARK,ʌ,-0.741,101,0.2985,0.8916,False
Russian,SHARP,o,0.732,59,0.3383,0.8916,False
Russian,ROUND,b,-0.728,22,0.2587,0.8916,False
Russian,SHARP,y,-0.717,20,0.2587,0.8916,False
Russian,SMOOTH,b,-0.712,19,0.3134,0.8916,False
Russian,ROUND,pʲ,0.709,23,0.2189,0.8916,False
Russian,SMOOTH,t͡s,-0.701,13,0.2537,0.8916,False
Russian,SMOOTH,pʲ,-0.694,7,0.2736,0.8916,False
Russian,FAST,ɑ,0.688,89,0.3184,0.8916,False
Russian,ROUND,s,-0.663,79,0.3134,0.8916,False
Russian,ROUND,ɡ,0.648,33,0.3134,0.8916,False
Russian,ROUND,ɪ,-0.632,30,0.2985,0.8916,False
Russian,ROUND,ɑ,-0.62,96,0.3284,0.8916,False
Russian,SMOOTH,mʲ,-0.609,13,0.3433,0.8916,False
Russian,ROUND,kʲ,-0.608,3,0.2985,0.8916,False
Russian,ROUND,e,0.6,73,0.3383,0.8916,False
Russian,ROUND,ɛ,0.594,13,0.3284,0.8916,False
Russian,ROUND,r,0.633,123,0.3483,0.8968,False
Russian,LOUD,v,1.536,10,0.3532,0.8981,False
Russian,BIG,i,-0.966,44,0.3532,0.8981,False
Russian,FAST,m,-0.688,21,0.3532,0.8981,False
Russian,SMOOTH,ʌ,0.548,201,0.3582,0.8993,False
Russian,ROUGH,ɭ,1.4,11,0.3781,0.906,False
Russian,QUIET,i,1.078,42,0.3881,0.906,False
Russian,BRIGHT,nʲ,-1.018,6,0.3682,0.906,False
Russian,BRIGHT,v,-0.997,11,0.3731,0.906,False
Russian,BRIGHT,m,-0.89,8,0.3881,0.906,False
Russian,SMALL,s,-0.751,39,0.3781,0.906,False
Russian,FAST,t͡s,0.734,21,0.3781,0.906,False
Russian,SMALL,j͡a,-0.698,5,0.3781,0.906,False
Russian,FAST,t,-0.665,60,0.3881,0.906,False
Russian,DARK,ʒ,-0.648,5,0.3881,0.906,False
Russian,DARK,ɡ,0.633,20,0.3682,0.906,False
Russian,SHARP,pʲ,-0.615,5,0.3831,0.906,False
Russian,ROUGH,nʲ,1.513,8,0.393,0.907,False
Russian,SMALL,y,0.697,38,0.393,0.907,False
Russian,LOUD,t,1.456,13,0.403,0.9124,False
Russian,SLOW,nʲ,-0.728,12,0.403,0.9124,False
Russian,SHARP,dʲ,-0.66,6,0.403,0.9124,False
Russian,DARK,n,-0.657,50,0.403,0.9124,False
Russian,DARK,tʲ,-0.546,36,0.403,0.9124,False
Russian,BIG,rʲ,-0.808,6,0.408,0.9168,False
Russian,FAST,e,-0.627,30,0.408,0.9168,False
Russian,BIG,ɑ,0.866,37,0.4179,0.9185,False
Russian,SMALL,ɭ,-0.774,30,0.4179,0.9185,False
Russian,SMOOTH,ɡʲ,0.484,5,0.4179,0.9185,False
Russian,DARK,ʃ,-0.557,11,0.4229,0.9193,False
Russian,DARK,pʲ,0.552,13,0.4229,0.9193,False
Russian,FAST,j,-0.526,27,0.4229,0.9193,False
Russian,BIG,s,0.806,30,0.4279,0.9234,False
Russian,FAST,pʲ,-0.521,7,0.4279,0.9234,False
Russian,LOUD,t͡ʃʲ,1.498,5,0.4378,0.9302,False
Russian,ROUGH,sʲ,1.461,6,0.4428,0.9302,False
Russian,ROUGH,ɪ,1.385,7,0.4876,0.9302,False
Russian,ROUGH,s,1.304,14,0.5224,0.9302,False
Russian,ROUGH,t,-1.296,9,0.4776,0.9302,False
Russian,LOUD,ʃ,1.26,4,0.4925,0.9302,False
Russian,ROUGH,j,1.235,10,0.4925,0.9302,False
Russian,LOUD,o,-1.136,5,0.4726,0.9302,False
Russian,ROUGH,b,1.12,6,0.5373,0.9302,False
Russian,QUIET,a,-0.965,9,0.4378,0.9302,False
Russian,BIG,fʲ,0.903,3,0.5025,0.9302,False
Russian,QUIET,ɡ,-0.868,3,0.5025,0.9302,False
Russian,BRIGHT,s,0.856,32,0.4478,0.9302,False
Russian,BRIGHT,p,-0.844,12,0.4478,0.9302,False
Russian,BRIGHT,n,-0.836,22,0.4677,0.9302,False
Russian,BRIGHT,ɡ,-0.817,5,0.4826,0.9302,False
Russian,BIG,tʲ,-0.796,12,0.4428,0.9302,False
Russian,BIG,t͡s,-0.795,4,0.4378,0.9302,False
Russian,QUIET,t͡ʃʲ,0.777,7,0.4776,0.9302,False
Russian,BIG,ɭʲ,0.768,13,0.5025,0.9302,False
Russian,BRIGHT,ɭʲ,-0.763,8,0.5075,0.9302,False
Russian,QUIET,ɭ,-0.761,11,0.5473,0.9302,False
Russian,QUIET,b,-0.748,4,0.4975,0.9302,False
Russian,BRIGHT,o,-0.721,18,0.5423,0.9302,False
Russian,QUIET,ɪ,0.718,9,0.5473,0.9302,False
Russian,QUIET,ʌ,-0.698,31,0.5025,0.9302,False
Russian,BRIGHT,ɑ,-0.691,28,0.5174,0.9302,False
Russian,BRIGHT,ʃ,-0.668,5,0.5124,0.9302,False
Russian,BRIGHT,a,0.658,31,0.5124,0.9302,False
Russian,SLOW,x,-0.594,4,0.4876,0.9302,False
Russian,SLOW,i,-0.581,80,0.4726,0.9302,False
Russian,DARK,ɑ,0.576,76,0.4527,0.9302,False
Russian,SHARP,b,0.569,23,0.4527,0.9302,False
Russian,SHARP,a,0.562,56,0.5124,0.9302,False
Russian,SHARP,ʃ,-0.557,10,0.4677,0.9302,False
Russian,FAST,nʲ,0.542,34,0.5025,0.9302,False
Russian,FAST,i,0.54,146,0.4925,0.9302,False
Russian,FAST,z,-0.531,16,0.5075,0.9302,False
Russian,DARK,ɛ,-0.523,4,0.5025,0.9302,False
Russian,ROUND,rʲ,-0.515,26,0.4328,0.9302,False
Russian,SMALL,f,-0.496,4,0.5025,0.9302,False
Russian,SHARP,ʑ,-0.487,3,0.4975,0.9302,False
Russian,FAST,tʲ,0.477,88,0.5274,0.9302,False
Russian,FAST,dʲ,0.463,15,0.4876,0.9302,False
Russian,SMALL,i,0.457,104,0.4776,0.9302,False
Russian,SHARP,i,0.445,114,0.5174,0.9302,False
Russian,DARK,m,0.444,29,0.4776,0.9302,False
Russian,SMOOTH,ɛ,-0.444,6,0.5025,0.9302,False
Russian,DARK,u,-0.439,32,0.5323,0.9302,False
Russian,SMOOTH,j͡a,-0.436,12,0.5473,0.9302,False
Russian,FAST,k,-0.432,54,0.5274,0.9302,False
Russian,SHARP,t͡s,-0.427,10,0.5274,0.9302,False
Russian,SMOOTH,sʲ,-0.426,16,0.5274,0.9302,False
Russian,SMOOTH,s,0.419,85,0.5373,0.9302,False
Russian,FAST,j͡a,-0.419,10,0.5423,0.9302,False
Russian,SMOOTH,k,-0.371,68,0.5224,0.9302,False
Russian,BIG,vʲ,0.673,8,0.5522,0.9334,False
Russian,SHARP,ɡ,0.438,17,0.5522,0.9334,False
Russian,SMALL,ɡ,-0.546,10,0.5572,0.9339,False
Russian,SLOW,ʌ,0.481,109,0.5572,0.9339,False
Russian,ROUGH,r,-1.044,9,0.5622,0.9344,False
Russian,SHARP,d,-0.44,17,0.5622,0.9344,False
Russian,SMOOTH,u,-0.348,47,0.5622,0.9344,False
Russian,ROUGH,v,1.012,10,0.5871,0.9348,False
Russian,BIG,dʲ,-0.676,3,0.5721,0.9348,False
Russian,QUIET,n,0.656,26,0.5821,0.9348,False
Russian,BIG,j͡a,-0.649,3,0.5871,0.9348,False
Russian,BRIGHT,tʲ,0.61,40,0.5672,0.9348,False
Russian,BIG,n,-0.503,25,0.5821,0.9348,False
Russian,SMALL,tʲ,-0.479,32,0.592,0.9348,False
Russian,SMALL,n,0.474,67,0.592,0.9348,False
Russian,FAST,x,0.431,16,0.5871,0.9348,False
Russian,FAST,y,-0.418,31,0.5771,0.9348,False
Russian,DARK,x,-0.381,7,0.592,0.9348,False
Russian,ROUND,j,-0.354,43,0.5721,0.9348,False
Russian,DARK,j,0.35,37,0.592,0.9348,False
Russian,ROUND,j͡a,0.321,26,0.5672,0.9348,False
Russian,SLOW,t͡s,0.499,13,0.597,0.9377,False
Russian,ROUND,bʲ,0.296,9,0.597,0.9377,False
Russian,BIG,nʲ,-0.565,8,0.602,0.9382,False
Russian,DARK,o,-0.405,43,0.602,0.9382,False
Russian,SLOW,ɭʲ,-0.372,15,0.602,0.9382,False
Russian,FAST,b,0.379,27,0.607,0.9386,False
Russian,SMOOTH,ɭ,-0.36,56,0.607,0.9386,False
Russian,ROUGH,m,-1.021,3,0.6318,0.9392,False
Russian,LOUD,ɭ,1.004,9,0.6269,0.9392,False
Russian,LOUD,k,-0.986,6,0.6269,0.9392,False
Russian,QUIET,t,-0.616,16,0.6418,0.9392,False
Russian,BRIGHT,j,-0.59,11,0.6368,0.9392,False
Russian,QUIET,ɑ,0.576,23,0.6169,0.9392,False
Russian,BIG,a,-0.519,18,0.6368,0.9392,False
Russian,SMALL,rʲ,0.472,21,0.6219,0.9392,False
Russian,BRIGHT,ɭ,-0.467,19,0.6418,0.9392,False
Russian,SMALL,ʃ,-0.396,10,0.6219,0.9392,False
Russian,SHARP,tʲ,-0.345,40,0.6269,0.9392,False
Russian,SMOOTH,n,0.331,108,0.6318,0.9392,False
Russian,ROUND,t͡ʃʲ,0.325,32,0.6368,0.9392,False
Russian,DARK,ɕ,0.318,6,0.6418,0.9392,False
Russian,SMOOTH,x,0.3,18,0.6169,0.9392,False
Russian,DARK,ɪ,0.277,26,0.6269,0.9392,False
Russian,ROUGH,a,-0.693,7,0.6468,0.9419,False
Russian,FAST,ʒ,-0.338,9,0.6517,0.9423,False
Russian,ROUND,d,-0.319,33,0.6517,0.9423,False
Russian,SHARP,bʲ,0.3,5,0.6517,0.9423,False
Russian,LOUD,r,-0.999,8,0.6567,0.9438,False
Russian,ROUGH,u,-0.839,5,0.6716,0.9438,False
Russian,BIG,e,-0.492,13,0.6617,0.9438,False
Russian,DARK,ʑ,0.368,7,0.6716,0.9438,False
Russian,DARK,ɭʲ,0.353,25,0.6617,0.9438,False
Russian,DARK,p,-0.352,31,0.6716,0.9438,False
Russian,DARK,f,0.308,9,0.6716,0.9438,False
Russian,ROUND,n,-0.303,98,0.6617,0.9438,False
Russian,SMOOTH,m,-0.287,31,0.6716,0.9438,False
Russian,SMOOTH,v,-0.263,46,0.6667,0.9438,False
Russian,ROUND,nʲ,-0.262,34,0.6716,0.9438,False
Russian,SHARP,ɭ,0.341,42,0.6766,0.9485,False
Russian,SMALL,e,0.371,34,0.6816,0.9511,False
Russian,ROUGH,k,-0.729,8,0.6915,0.956,False
Russian,QUIET,z,0.612,6,0.6915,0.956,False
Russian,SMALL,ɕ,-0.323,3,0.6915,0.956,False
Russian,BRIGHT,ʒ,-0.522,3,0.6965,0.9607,False
Russian,LOUD,nʲ,-0.563,3,0.7015,0.9631,False
Russian,SMALL,ɪ,-0.366,17,0.7015,0.9631,False
Russian,ROUND,o,-0.266,75,0.7065,0.9678,False
Russian,LOUD,ɪ,-0.739,3,0.7313,0.9698,False
Russian,LOUD,y,0.722,8,0.7413,0.9698,False
Russian,ROUGH,z,0.691,4,0.7662,0.9698,False
Russian,ROUGH,e,0.67,9,0.7413,0.9698,False
Russian,ROUGH,n,0.659,17,0.7363,0.9698,False
Russian,QUIET,u,-0.573,9,0.7363,0.9698,False
Russian,ROUGH,i,-0.457,21,0.7612,0.9698,False
Russian,BRIGHT,r,0.454,35,0.7114,0.9698,False
Russian,BRIGHT,t,0.376,31,0.7264,0.9698,False
Russian,BIG,m,0.359,13,0.7214,0.9698,False
Russian,FAST,d,0.353,32,0.7164,0.9698,False
Russian,BIG,j,0.342,17,0.7612,0.9698,False
Russian,BRIGHT,t͡ʃʲ,-0.312,7,0.7612,0.9698,False
Russian,SMOOTH,ɡ,0.309,25,0.7114,0.9698,False
Russian,SLOW,sʲ,-0.272,10,0.7264,0.9698,False
Russian,SLOW,d,-0.266,16,0.7512,0.9698,False
Russian,FAST,a,-0.258,51,0.7413,0.9698,False
Russian,SHARP,r,-0.253,54,0.7463,0.9698,False
Russian,SMOOTH,e,0.247,55,0.7214,0.9698,False
Russian,DARK,d,-0.242,21,0.7562,0.9698,False
Russian,FAST,r,0.241,78,0.7662,0.9698,False
Russian,SMOOTH,rʲ,-0.235,26,0.7313,0.9698,False
Russian,ROUND,vʲ,0.234,24,0.7313,0.9698,False
Russian,DARK,t,0.229,62,0.7562,0.9698,False
Russian,SMOOTH,f,0.222,12,0.7512,0.9698,False
Russian,SMOOTH,z,0.222,25,0.7612,0.9698,False
Russian,SLOW,s,0.217,45,0.7463,0.9698,False
Russian,SLOW,ʒ,0.217,10,0.7562,0.9698,False
Russian,DARK,a,0.198,54,0.7612,0.9698,False
Russian,SHARP,n,-0.193,57,0.7662,0.9698,False
Russian,SMOOTH,p,0.17,53,0.7662,0.9698,False
Russian,ROUND,z,-0.165,26,0.7562,0.9698,False
Russian,ROUND,t,-0.154,95,0.7612,0.9698,False
Russian,LOUD,ʒ,0.697,3,0.8209,0.9699,False
Russian,ROUGH,rʲ,-0.584,3,0.7761,0.9699,False
Russian,LOUD,t͡s,0.584,3,0.801,0.9699,False
Russian,LOUD,tʲ,-0.577,6,0.7861,0.9699,False
Russian,ROUGH,d,0.562,6,0.791,0.9699,False
Russian,LOUD,p,-0.51,5,0.7811,0.9699,False
Russian,ROUGH,ɭʲ,0.391,5,0.8308,0.9699,False
Russian,BRIGHT,dʲ,-0.382,4,0.7811,0.9699,False
Russian,QUIET,k,-0.322,15,0.791,0.9699,False
Russian,BIG,k,-0.308,23,0.8159,0.9699,False
Russian,QUIET,tʲ,-0.288,14,0.796,0.9699,False
Russian,SLOW,rʲ,0.259,18,0.7811,0.9699,False
Russian,SMALL,u,-0.258,29,0.791,0.9699,False
Russian,QUIET,sʲ,-0.246,4,0.8109,0.9699,False
Russian,SMALL,sʲ,-0.239,11,0.7761,0.9699,False
Russian,SLOW,dʲ,-0.233,7,0.7711,0.9699,False
Russian,BRIGHT,e,0.231,19,0.7811,0.9699,False
Russian,QUIET,ʃ,-0.226,4,0.8159,0.9699,False
Russian,DARK,k,-0.213,52,0.796,0.9699,False
Russian,DARK,ɭ,0.208,45,0.8109,0.9699,False
Russian,FAST,u,0.202,49,0.8308,0.9699,False
Russian,SMALL,m,-0.197,19,0.8209,0.9699,False
Russian,SHARP,ɪ,0.194,23,0.8209,0.9699,False
Russian,ROUND,fʲ,-0.174,4,0.8209,0.9699,False
Russian,FAST,mʲ,0.174,14,0.806,0.9699,False
Russian,DARK,sʲ,-0.168,14,0.791,0.9699,False
Russian,SLOW,t͡ʃʲ,-0.165,12,0.8259,0.9699,False
Russian,SHARP,j͡a,0.161,13,0.8259,0.9699,False
Russian,SLOW,ɡ,0.161,13,0.8308,0.9699,False
Russian,SLOW,a,0.154,41,0.8308,0.9699,False
Russian,SMOOTH,ɕ,-0.146,6,0.8259,0.9699,False
Russian,SHARP,sʲ,-0.138,13,0.8209,0.9699,False
Russian,SMOOTH,kʲ,-0.138,6,0.806,0.9699,False
Russian,ROUND,ʑ,-0.123,8,0.806,0.9699,False
Russian,SMALL,ɭʲ,0.243,20,0.8358,0.97,False
Russian,SMALL,ʒ,-0.141,8,0.8358,0.97,False
Russian,DARK,z,-0.133,16,0.8408,0.972,False
Russian,LOUD,j͡a,0.481,3,0.8557,0.9727,False
Russian,ROUGH,p,-0.403,6,0.8657,0.9727,False
Russian,LOUD,a,0.385,10,0.8607,0.9727,False
Russian,BIG,d,0.19,12,0.8557,0.9727,False
Russian,BIG,ʌ,-0.184,55,0.8557,0.9727,False
Russian,FAST,ɭʲ,0.165,27,0.8557,0.9727,False
Russian,BRIGHT,u,-0.145,18,0.8458,0.9727,False
Russian,SHARP,p,0.139,34,0.8507,0.9727,False
Russian,FAST,ɡ,-0.136,17,0.8458,0.9727,False
Russian,BIG,z,0.13,8,0.8657,0.9727,False
Russian,ROUND,p,0.121,61,0.8657,0.9727,False
Russian,SMOOTH,t,0.099,85,0.8607,0.9727,False
Russian,ROUND,sʲ,-0.106,24,0.8756,0.9783,False
Russian,BIG,ɛ,0.191,3,0.8806,0.9785,False
Russian,BIG,v,0.184,18,0.8856,0.9785,False
Russian,BRIGHT,y,0.166,18,0.8856,0.9785,False
Russian,SHARP,nʲ,0.15,23,0.8856,0.9785,False
Russian,SHARP,t,-0.115,53,0.8856,0.9785,False
Russian,LOUD,i,0.267,21,0.8905,0.9786,False
Russian,BIG,mʲ,-0.19,5,0.8905,0.9786,False
Russian,SMOOTH,ʑ,-0.096,7,0.8905,0.9786,False
Russian,ROUGH,o,0.252,11,0.9005,0.9788,False
Russian,ROUGH,y,-0.223,6,0.9005,0.9788,False
Russian,DARK,mʲ,0.117,12,0.8955,0.9788,False
Russian,SLOW,y,-0.103,25,0.9005,0.9788,False
Russian,SHARP,t͡ʃʲ,0.09,16,0.9005,0.9788,False
Russian,SMOOTH,dʲ,-0.074,14,0.9055,0.9807,False
Russian,SMALL,o,-0.066,41,0.9055,0.9807,False
Russian,DARK,t͡s,0.049,14,0.9154,0.9896,False
Russian,ROUGH,tʲ,-0.18,10,0.9204,0.9897,False
Russian,SMALL,v,-0.104,29,0.9204,0.9897,False
Russian,SMOOTH,tʲ,-0.071,77,0.9204,0.9897,False
Russian,QUIET,ʒ,-0.113,3,0.9254,0.9915,False
Russian,FAST,v,0.075,43,0.9254,0.9915,False
Russian,LOUD,j,0.203,6,0.9353,0.9916,False
Russian,LOUD,z,0.133,3,0.9552,0.9916,False
Russian,LOUD,ɑ,0.131,12,0.9602,0.9916,False
Russian,BRIGHT,pʲ,0.125,5,0.9453,0.9916,False
Russian,LOUD,ɭʲ,0.114,4,0.9453,0.9916,False
Russian,FAST,t͡ʃʲ,0.072,20,0.9353,0.9916,False
Russian,SLOW,ʃ,-0.072,11,0.9602,0.9916,False
Russian,SMALL,t͡s,-0.064,11,0.9403,0.9916,False
Russian,BRIGHT,k,-0.062,27,0.9502,0.9916,False
Russian,SMOOTH,ɑ,0.061,96,0.9552,0.9916,False
Russian,QUIET,r,-0.059,19,0.9652,0.9916,False
Russian,SMALL,ɛ,0.058,5,0.9652,0.9916,False
Russian,SLOW,ʑ,-0.053,4,0.9502,0.9916,False
Russian,SHARP,u,-0.052,35,0.9353,0.9916,False
Russian,BIG,sʲ,-0.05,7,0.9652,0.9916,False
Russian,ROUND,m,-0.047,40,0.9652,0.9916,False
Russian,SLOW,u,0.047,31,0.9701,0.9916,False
Russian,SMOOTH,ʃ,0.037,21,0.9453,0.9916,False
Russian,SMALL,d,0.03,20,0.9701,0.9916,False
Russian,FAST,^,0.029,3,0.9602,0.9916,False
Russian,ROUND,^,-0.027,4,0.9552,0.9916,False
Russian,DARK,vʲ,-0.027,13,0.9602,0.9916,False
Russian,DARK,j͡a,0.026,13,0.9403,0.9916,False
Russian,LOUD,ʌ,-0.115,21,0.9751,0.9917,False
Russian,SLOW,vʲ,-0.035,10,0.9801,0.9917,False
Russian,SHARP,ɑ,-0.033,61,0.9751,0.9917,False
Russian,SMALL,kʲ,-0.031,4,0.9801,0.9917,False
Russian,DARK,fʲ,-0.025,3,0.9851,0.9917,False
Russian,SMALL,vʲ,0.019,11,0.9851,0.9917,False
Russian,ROUND,dʲ,-0.009,17,0.9801,0.9917,False
Russian,BRIGHT,rʲ,-0.03,10,0.99,0.9934,False
Russian,SMALL,k,-0.0,47,1.0,1.0,False
Spanish,SHARP,ʎ,3.093,35,0.005,0.4657,False
Spanish,BIG,t͡ʃ,2.986,9,0.005,0.4657,False
Spanish,DARK,ŋ,2.575,11,0.005,0.4657,False
Spanish,SMOOTH,s,2.157,140,0.005,0.4657,False
Spanish,LOUD,a͡ʊ,3.066,5,0.01,0.5174,False
Spanish,BIG,ɡ,2.912,9,0.01,0.5174,False
Spanish,BRIGHT,f,2.734,19,0.01,0.5174,False
Spanish,BRIGHT,x,2.3,13,0.0348,0.887,False
Spanish,SLOW,ɾ,2.124,188,0.0348,0.887,False
Spanish,QUIET,n,2.121,79,0.0249,0.887,False
Spanish,DARK,t,-1.939,53,0.0299,0.887,False
Spanish,DARK,l,1.885,94,0.0249,0.887,False
Spanish,SLOW,o,-1.777,57,0.0398,0.887,False
Spanish,SHARP,i,1.646,101,0.0348,0.887,False
Spanish,DARK,x,1.544,30,0.0398,0.887,False
Spanish,ROUND,l,1.518,117,0.0249,0.887,False
Spanish,ROUND,θ,1.397,60,0.0398,0.887,False
Spanish,LOUD,ð,2.438,17,0.0547,0.8903,False
Spanish,BIG,k,-2.277,5,0.0597,0.8903,False
Spanish,SHARP,ɣ,1.512,23,0.0647,0.8903,False
Spanish,SHARP,d,1.444,28,0.0498,0.8903,False
Spanish,ROUND,a,1.367,388,0.0647,0.8903,False
Spanish,DARK,b,1.363,34,0.0547,0.8903,False
Spanish,SMOOTH,r,-1.331,5,0.0647,0.8903,False
Spanish,SHARP,a,1.327,250,0.0597,0.8903,False
Spanish,SMOOTH,b,-1.316,7,0.0597,0.8903,False
Spanish,SMOOTH,ʝ,1.303,5,0.0647,0.8903,False
Spanish,QUIET,ɛ,1.728,11,0.0846,0.9205,False
Spanish,FAST,ʝ,1.489,5,0.0796,0.9205,False
Spanish,SHARP,b,1.477,31,0.0846,0.9205,False
Spanish,SHARP,s,-1.463,32,0.0796,0.9205,False
Spanish,FAST,ɣ,-1.254,5,0.0796,0.9205,False
Spanish,SMOOTH,ɲ,1.184,7,0.0796,0.9205,False
Spanish,DARK,p,-1.167,35,0.0846,0.9205,False
Spanish,ROUGH,m,-2.301,4,0.0896,0.9504,False
Spanish,ROUGH,a,-2.257,13,0.0995,0.9504,False
Spanish,BIG,u,1.945,16,0.0945,0.9504,False
Spanish,QUIET,w,1.636,16,0.0945,0.9504,False
Spanish,DARK,θ,1.256,43,0.0995,0.9504,False
Spanish,SMOOTH,ɣ,-1.07,7,0.1045,0.9779,False
Spanish,LOUD,e,-2.191,22,0.1144,0.9955,False
Spanish,LOUD,u,2.143,19,0.1393,0.9955,False
Spanish,ROUGH,i,-2.115,6,0.1841,0.9955,False
Spanish,BIG,β,2.082,10,0.1194,0.9955,False
Spanish,BRIGHT,ɛ,1.9,7,0.1095,0.9955,False
Spanish,LOUD,p,-1.868,7,0.1891,0.9955,False
Spanish,LOUD,k,1.853,22,0.1891,0.9955,False
Spanish,ROUGH,j,1.832,10,0.2239,0.9955,False
Spanish,ROUGH,e,1.761,32,0.2736,0.9955,False
Spanish,LOUD,j,1.674,16,0.2786,0.9955,False
Spanish,BIG,s,-1.667,7,0.2338,0.9955,False
Spanish,BIG,θ,-1.664,4,0.2388,0.9955,False
Spanish,ROUGH,o,1.612,38,0.3383,0.9955,False
Spanish,BIG,w,1.588,6,0.2537,0.9955,False
Spanish,LOUD,r,1.58,9,0.2587,0.9955,False
Spanish,ROUGH,ɣ,1.555,4,0.3682,0.9955,False
Spanish,ROUGH,w,1.539,4,0.4328,0.9955,False
Spanish,LOUD,t,-1.534,15,0.3035,0.9955,False
Spanish,QUIET,β,1.462,23,0.1244,0.9955,False
Spanish,SLOW,θ,-1.426,14,0.1343,0.9955,False
Spanish,SLOW,a,1.382,201,0.1443,0.9955,False
Spanish,ROUGH,p,-1.355,5,0.4627,0.9955,False
Spanish,SMALL,β,-1.347,9,0.1443,0.9955,False
Spanish,SMALL,m,1.329,40,0.1294,0.9955,False
Spanish,BIG,n,1.316,26,0.3483,0.9955,False
Spanish,LOUD,θ,1.305,11,0.3632,0.9955,False
Spanish,ROUGH,l,-1.297,4,0.4378,0.9955,False
Spanish,ROUGH,b,1.27,5,0.4925,0.9955,False
Spanish,QUIET,r,-1.267,3,0.199,0.9955,False
Spanish,BRIGHT,ɾ,1.247,78,0.2786,0.9955,False
Spanish,LOUD,i,1.243,27,0.4627,0.9955,False
Spanish,SMALL,t,1.217,64,0.1692,0.9955,False
Spanish,QUIET,f,1.203,19,0.1692,0.9955,False
Spanish,SLOW,p,1.201,42,0.2438,0.9955,False
Spanish,BRIGHT,n,-1.191,21,0.3532,0.9955,False
Spanish,BIG,r,1.19,7,0.3881,0.9955,False
Spanish,BIG,i,-1.182,13,0.4378,0.9955,False
Spanish,ROUGH,n,-1.175,9,0.4478,0.9955,False
Spanish,BIG,ɾ,-1.173,19,0.398,0.9955,False
Spanish,SLOW,l,-1.131,21,0.1791,0.9955,False
Spanish,SMALL,ð,1.111,33,0.209,0.9955,False
Spanish,DARK,ɲ,1.095,6,0.1244,0.9955,False
Spanish,DARK,o,1.093,225,0.1741,0.9955,False
Spanish,SHARP,o,-1.089,102,0.1393,0.9955,False
Spanish,QUIET,k,-1.086,24,0.2488,0.9955,False
Spanish,SHARP,j,-1.08,11,0.1891,0.9955,False
Spanish,SMALL,p,1.073,37,0.1891,0.9955,False
Spanish,BIG,o,1.073,50,0.4328,0.9955,False
Spanish,ROUGH,t,1.073,15,0.5025,0.9955,False
Spanish,FAST,p,1.069,61,0.1343,0.9955,False
Spanish,QUIET,t,1.069,58,0.2836,0.9955,False
Spanish,ROUND,ɾ,-1.061,124,0.1294,0.9955,False
Spanish,SHARP,e,-1.058,108,0.1443,0.9955,False
Spanish,DARK,ɛ,-1.051,4,0.1144,0.9955,False
Spanish,ROUND,t,1.049,134,0.1194,0.9955,False
Spanish,BIG,l,1.045,17,0.5025,0.9955,False
Spanish,BRIGHT,m,-1.025,14,0.4925,0.9955,False
Spanish,QUIET,θ,1.021,24,0.2338,0.9955,False
Spanish,FAST,e,1.02,196,0.194,0.9955,False
Spanish,SHARP,ð,-1.018,25,0.204,0.9955,False
Spanish,BRIGHT,u,-0.993,8,0.4478,0.9955,False
Spanish,SLOW,ɲ,0.972,4,0.3582,0.9955,False
Spanish,SMOOTH,e,0.97,210,0.199,0.9955,False
Spanish,ROUND,k,0.963,99,0.1343,0.9955,False
Spanish,SHARP,ɲ,0.959,5,0.2388,0.9955,False
Spanish,SHARP,t,-0.954,60,0.199,0.9955,False
Spanish,SMALL,n,0.93,68,0.2786,0.9955,False
Spanish,LOUD,m,0.924,15,0.5373,0.9955,False
Spanish,SLOW,j,-0.905,11,0.3085,0.9955,False
Spanish,FAST,ð,0.902,52,0.2239,0.9955,False
Spanish,ROUGH,ɡ,0.899,3,0.5522,0.9955,False
Spanish,ROUND,s,-0.895,68,0.1592,0.9955,False
Spanish,LOUD,d,0.886,7,0.5821,0.9955,False
Spanish,SLOW,ð,-0.877,21,0.3134,0.9955,False
Spanish,SHARP,k,0.869,63,0.2637,0.9955,False
Spanish,ROUND,b,0.856,39,0.194,0.9955,False
Spanish,BRIGHT,p,0.856,20,0.5075,0.9955,False
Spanish,LOUD,o,0.856,54,0.602,0.9955,False
Spanish,FAST,u,-0.847,26,0.2836,0.9955,False
Spanish,ROUND,m,-0.842,56,0.2189,0.9955,False
Spanish,DARK,i,-0.842,65,0.2239,0.9955,False
Spanish,QUIET,j,0.84,28,0.3781,0.9955,False
Spanish,SLOW,m,-0.831,29,0.3333,0.9955,False
Spanish,BRIGHT,b,-0.83,4,0.4527,0.9955,False
Spanish,SMALL,ɾ,-0.825,66,0.3632,0.9955,False
Spanish,SMOOTH,p,0.823,63,0.3035,0.9955,False
Spanish,FAST,β,0.822,35,0.2687,0.9955,False
Spanish,SMALL,s,0.82,58,0.3483,0.9955,False
Spanish,BRIGHT,o,-0.815,46,0.4876,0.9955,False
Spanish,DARK,n,-0.802,68,0.194,0.9955,False
Spanish,FAST,w,-0.801,5,0.2935,0.9955,False
Spanish,FAST,ɾ,0.801,203,0.3134,0.9955,False
Spanish,SMOOTH,u,-0.799,29,0.2338,0.9955,False
Spanish,SHARP,m,0.793,51,0.3035,0.9955,False
Spanish,BRIGHT,ð,-0.787,11,0.5423,0.9955,False
Spanish,LOUD,ɾ,-0.787,27,0.6667,0.9955,False
Spanish,BIG,d,0.785,6,0.5771,0.9955,False
Spanish,DARK,w,-0.779,5,0.2786,0.9955,False
Spanish,LOUD,b,-0.773,3,0.6468,0.9955,False
Spanish,ROUND,ŋ,0.763,7,0.2836,0.9955,False
Spanish,SHARP,ɛ,0.756,12,0.2985,0.9955,False
Spanish,FAST,o,-0.756,138,0.408,0.9955,False
Spanish,SMOOTH,d,0.752,30,0.2935,0.9955,False
Spanish,SMOOTH,l,-0.744,43,0.3284,0.9955,False
Spanish,DARK,j,0.742,46,0.2935,0.9955,False
Spanish,LOUD,a,-0.738,43,0.6766,0.9955,False
Spanish,ROUND,r,0.737,36,0.2687,0.9955,False
Spanish,BRIGHT,β,-0.735,7,0.6169,0.9955,False
Spanish,FAST,l,-0.735,40,0.3035,0.9955,False
Spanish,QUIET,ɲ,0.73,3,0.4975,0.9955,False
Spanish,ROUGH,r,0.728,4,0.7512,0.9955,False
Spanish,QUIET,x,-0.724,6,0.4378,0.9955,False
Spanish,SLOW,n,-0.719,49,0.4279,0.9955,False
Spanish,SLOW,u,-0.718,19,0.3881,0.9955,False
Spanish,ROUND,e,-0.715,181,0.2786,0.9955,False
Spanish,QUIET,ɾ,-0.707,65,0.4229,0.9955,False
Spanish,SLOW,w,-0.702,4,0.3881,0.9955,False
Spanish,SMOOTH,j,-0.696,22,0.3035,0.9955,False
Spanish,BRIGHT,r,-0.692,4,0.5821,0.9955,False
Spanish,DARK,d,-0.679,16,0.4129,0.9955,False
Spanish,ROUGH,θ,-0.674,4,0.7264,0.9955,False
Spanish,LOUD,t͡ʃ,0.664,4,0.6816,0.9955,False
Spanish,SLOW,r,0.658,18,0.4627,0.9955,False
Spanish,QUIET,ð,-0.655,19,0.4776,0.9955,False
Spanish,ROUND,o,-0.634,188,0.3184,0.9955,False
Spanish,SMALL,x,-0.628,7,0.4776,0.9955,False
Spanish,ROUGH,ɾ,0.625,28,0.7711,0.9955,False
Spanish,SLOW,i,0.619,66,0.4378,0.9955,False
Spanish,QUIET,l,-0.612,24,0.5721,0.9955,False
Spanish,SMOOTH,ɡ,-0.611,5,0.3234,0.9955,False
Spanish,DARK,ð,-0.605,33,0.3682,0.9955,False
Spanish,SMOOTH,m,0.603,63,0.408,0.9955,False
Spanish,SHARP,n,-0.6,64,0.4378,0.9955,False
Spanish,SMALL,ɣ,0.59,12,0.4826,0.9955,False
Spanish,SMALL,i,0.581,59,0.5423,0.9955,False
Spanish,SMOOTH,t͡ʃ,-0.578,3,0.398,0.9955,False
Spanish,ROUGH,s,0.577,13,0.7313,0.9955,False
Spanish,ROUGH,ð,0.577,7,0.7463,0.9955,False
Spanish,SMALL,d,0.576,16,0.5174,0.9955,False
Spanish,SHARP,x,0.575,19,0.4925,0.9955,False
Spanish,BRIGHT,d,-0.56,6,0.7114,0.9955,False
Spanish,DARK,ʝ,0.556,3,0.398,0.9955,False
Spanish,QUIET,s,0.556,50,0.607,0.9955,False
Spanish,DARK,ʎ,-0.554,4,0.4876,0.9955,False
Spanish,SMOOTH,n,-0.553,83,0.4876,0.9955,False
Spanish,ROUND,x,-0.546,16,0.4279,0.9955,False
Spanish,DARK,u,-0.545,30,0.398,0.9955,False
Spanish,SMALL,a,-0.543,114,0.5771,0.9955,False
Spanish,FAST,ɛ,-0.541,7,0.5373,0.9955,False
Spanish,SMOOTH,ɾ,0.54,203,0.3881,0.9955,False
Spanish,SMOOTH,ð,-0.539,38,0.4478,0.9955,False
Spanish,BRIGHT,j,-0.534,8,0.6567,0.9955,False
Spanish,SLOW,ɣ,0.531,13,0.5622,0.9955,False
Spanish,FAST,b,-0.527,15,0.5224,0.9955,False
Spanish,SLOW,ʎ,-0.526,3,0.5224,0.9955,False
Spanish,SMOOTH,f,0.521,26,0.4428,0.9955,False
Spanish,SMALL,o,0.519,124,0.5124,0.9955,False
Spanish,ROUND,f,-0.516,12,0.4279,0.9955,False
Spanish,SMALL,l,0.514,41,0.5522,0.9955,False
Spanish,DARK,m,0.511,55,0.4527,0.9955,False
Spanish,SMOOTH,w,0.505,19,0.4378,0.9955,False
Spanish,BRIGHT,e,0.501,61,0.7313,0.9955,False
Spanish,SMOOTH,a,-0.499,206,0.5274,0.9955,False
Spanish,FAST,i,-0.494,75,0.5124,0.9955,False
Spanish,FAST,ɡ,-0.482,6,0.5771,0.9955,False
Spanish,ROUND,t͡ʃ,-0.481,5,0.4726,0.9955,False
Spanish,FAST,m,0.48,57,0.5473,0.9955,False
Spanish,SMOOTH,x,-0.473,14,0.5124,0.9955,False
Spanish,SMOOTH,ɛ,-0.468,8,0.4428,0.9955,False
Spanish,BRIGHT,k,-0.466,18,0.7114,0.9955,False
Spanish,SHARP,t͡ʃ,0.459,12,0.5821,0.9955,False
Spanish,BIG,ɣ,0.45,4,0.7711,0.9955,False
Spanish,SHARP,θ,-0.448,25,0.5373,0.9955,False
Spanish,DARK,ɣ,-0.448,11,0.4925,0.9955,False
Spanish,SMOOTH,k,0.442,73,0.5274,0.9955,False
Spanish,SMALL,θ,-0.433,18,0.607,0.9955,False
Spanish,SLOW,f,-0.432,7,0.6418,0.9955,False
Spanish,ROUGH,u,0.425,7,0.8308,0.9955,False
Spanish,SLOW,t͡ʃ,-0.425,3,0.6617,0.9955,False
Spanish,BRIGHT,l,-0.421,16,0.7363,0.9955,False
Spanish,SHARP,ɾ,-0.418,112,0.5622,0.9955,False
Spanish,SHARP,f,-0.416,9,0.5672,0.9955,False
Spanish,QUIET,a,-0.409,110,0.6617,0.9955,False
Spanish,BRIGHT,w,-0.406,3,0.7164,0.9955,False
Spanish,QUIET,u,-0.399,19,0.6716,0.9955,False
Spanish,BIG,m,0.389,12,0.8159,0.9955,False
Spanish,SLOW,β,-0.385,16,0.6617,0.9955,False
Spanish,FAST,n,0.377,99,0.6816,0.9955,False
Spanish,ROUGH,x,0.375,3,0.8905,0.9955,False
Spanish,QUIET,a͡ʊ,0.372,3,0.6617,0.9955,False
Spanish,LOUD,n,0.366,24,0.8507,0.9955,False
Spanish,DARK,s,-0.365,63,0.602,0.9955,False
Spanish,DARK,ɾ,-0.365,130,0.6119,0.9955,False
Spanish,FAST,x,-0.358,14,0.6667,0.9955,False
Spanish,BIG,x,-0.357,3,0.7363,0.9955,False
Spanish,BIG,ð,-0.351,8,0.8507,0.9955,False
Spanish,QUIET,i,0.351,52,0.7015,0.9955,False
Spanish,FAST,j,-0.35,27,0.5771,0.9955,False
Spanish,SHARP,w,-0.337,8,0.6517,0.9955,False
Spanish,SMOOTH,ʎ,-0.328,7,0.5572,0.9955,False
Spanish,FAST,f,-0.321,12,0.6667,0.9955,False
Spanish,ROUND,ʎ,0.317,17,0.6468,0.9955,False
Spanish,SMALL,ɛ,-0.316,5,0.6965,0.9955,False
Spanish,ROUND,u,-0.313,46,0.6468,0.9955,False
Spanish,DARK,e,-0.313,146,0.6766,0.9955,False
Spanish,LOUD,l,-0.311,12,0.8806,0.9955,False
Spanish,FAST,r,-0.309,16,0.7264,0.9955,False
Spanish,FAST,a,0.307,237,0.7313,0.9955,False
Spanish,SMALL,j,-0.296,17,0.7363,0.9955,False
Spanish,SHARP,l,0.29,53,0.7264,0.9955,False
Spanish,LOUD,β,-0.288,6,0.8557,0.9955,False
Spanish,DARK,f,-0.286,12,0.6468,0.9955,False
Spanish,BRIGHT,s,0.285,28,0.8159,0.9955,False
Spanish,QUIET,p,-0.274,26,0.7811,0.9955,False
Spanish,BRIGHT,i,0.273,31,0.8159,0.9955,False
Spanish,SHARP,r,0.272,19,0.7761,0.9955,False
Spanish,QUIET,b,-0.269,10,0.7761,0.9955,False
Spanish,SMALL,k,-0.263,34,0.801,0.9955,False
Spanish,SLOW,x,-0.262,10,0.7413,0.9955,False
Spanish,SLOW,s,-0.257,46,0.8109,0.9955,False
Spanish,BIG,e,-0.255,33,0.8557,0.9955,False
Spanish,ROUND,ɡ,0.255,18,0.7761,0.9955,False
Spanish,SMOOTH,β,0.242,32,0.7114,0.9955,False
Spanish,SLOW,d,0.239,16,0.7711,0.9955,False
Spanish,SMALL,f,-0.237,8,0.801,0.9955,False
Spanish,SMOOTH,θ,-0.236,34,0.7662,0.9955,False
Spanish,SMALL,e,0.227,103,0.8209,0.9955,False
Spanish,SMOOTH,o,-0.227,179,0.7413,0.9955,False
Spanish,SMALL,b,0.222,14,0.8806,0.9955,False
Spanish,ROUND,β,-0.217,33,0.7612,0.9955,False
Spanish,SLOW,ɡ,-0.207,6,0.7861,0.9955,False
Spanish,ROUND,w,-0.204,14,0.7711,0.9955,False
Spanish,ROUND,ð,-0.197,51,0.7114,0.9955,False
Spanish,SLOW,t,0.19,60,0.8308,0.9955,False
Spanish,BRIGHT,ʎ,0.187,4,0.8856,0.9955,False
Spanish,SHARP,p,-0.18,40,0.8259,0.9955,False
Spanish,SHARP,u,0.171,37,0.801,0.9955,False
Spanish,SMOOTH,t,0.167,96,0.801,0.9955,False
Spanish,ROUND,a͡ʊ,-0.165,3,0.806,0.9955,False
Spanish,ROUND,d,-0.155,27,0.8408,0.9955,False
Spanish,SMALL,ʎ,-0.154,5,0.8806,0.9955,False
Spanish,FAST,k,-0.146,58,0.8458,0.9955,False
Spanish,QUIET,o,0.146,104,0.8607,0.9955,False
Spanish,SHARP,β,-0.144,22,0.8806,0.9955,False
Spanish,ROUND,ɛ,-0.141,12,0.8856,0.9955,False
Spanish,FAST,d,0.138,23,0.8259,0.9955,False
Spanish,FAST,t,-0.136,84,0.8856,0.9955,False
Spanish,ROUND,ɲ,0.132,5,0.8408,0.9955,False
Spanish,SLOW,e,0.123,112,0.8955,0.9955,False
Spanish,FAST,s,0.122,78,0.8607,0.9955,False
Spanish,FAST,ʎ,-0.081,9,0.8657,0.9955,False
Spanish,BIG,p,-0.236,10,0.9055,0.9971,False
Spanish,BRIGHT,θ,-0.146,11,0.9204,0.9971,False
Spanish,BIG,t,-0.133,18,0.9204,0.9971,False
Spanish,QUIET,ɣ,0.119,9,0.9154,0.9971,False
Spanish,ROUND,i,-0.075,109,0.9104,0.9971,False
Spanish,SHARP,ɡ,0.067,10,0.9055,0.9971,False
Spanish,DARK,ɡ,-0.065,10,0.9154,0.9971,False
Spanish,ROUND,ɣ,-0.059,19,0.9204,0.9971,False
Spanish,LOUD,s,0.129,19,0.9303,0.9986,False
Spanish,ROUND,n,-0.071,115,0.9303,0.9986,False
Spanish,ROUND,p,0.058,65,0.9303,0.9986,False
Spanish,BRIGHT,a,0.113,77,0.9502,1.0,False
Spanish,ROUGH,k,0.098,9,0.9602,1.0,False
Spanish,BIG,a,-0.079,46,0.9701,1.0,False
Spanish,BRIGHT,t,-0.07,29,0.9751,1.0,False
Spanish,QUIET,e,-0.07,90,0.9552,1.0,False
Spanish,DARK,k,0.069,59,0.9502,1.0,False
Spanish,SMALL,u,-0.068,24,0.9502,1.0,False
Spanish,SLOW,k,-0.056,40,0.9502,1.0,False
Spanish,BRIGHT,ɣ,-0.05,5,0.9701,1.0,False
Spanish,FAST,θ,0.048,34,0.9552,1.0,False
Spanish,ROUND,j,0.044,45,0.9552,1.0,False
Spanish,DARK,r,0.033,19,0.9851,1.0,False
Spanish,DARK,a,0.029,212,0.9701,1.0,False
Spanish,QUIET,m,-0.029,29,0.9602,1.0,False
Spanish,DARK,β,-0.028,26,0.99,1.0,False
Spanish,DARK,t͡ʃ,0.022,9,0.995,1.0,False
Spanish,SMOOTH,ŋ,-0.011,3,0.9801,1.0,False
Spanish,SLOW,b,0.01,14,0.99,1.0,False
Spanish,SMOOTH,i,-0.006,92,0.995,1.0,False
Swahili,BIG,v,2.637,13,0.005,0.199,False
Swahili,SLOW,k,2.587,124,0.005,0.199,False
Swahili,SMOOTH,h,2.211,44,0.005,0.199,False
Swahili,SMOOTH,s,2.095,74,0.005,0.199,False
Swahili,SMOOTH,a,2.054,388,0.005,0.199,False
Swahili,ROUND,p,1.849,54,0.005,0.199,False
Swahili,SHARP,e,1.815,105,0.005,0.199,False
Swahili,ROUND,w,-1.747,18,0.005,0.199,False
Swahili,SHARP,a,-1.948,173,0.01,0.3256,False
Swahili,ROUGH,ð,3.179,3,0.0149,0.3582,False
Swahili,ROUND,b,1.994,91,0.0149,0.3582,False
Swahili,SMALL,n,1.974,61,0.0149,0.3582,False
Swahili,SHARP,ʃ,1.942,28,0.0149,0.3582,False
Swahili,FAST,h,1.83,36,0.0199,0.4214,False
Swahili,SHARP,l,1.685,53,0.0199,0.4214,False
Swahili,BRIGHT,ɲ,2.452,10,0.0249,0.4713,False
Swahili,SMOOTH,j,1.577,25,0.0249,0.4713,False
Swahili,QUIET,o,2.285,34,0.0299,0.5117,False
Swahili,SMOOTH,m,-1.385,71,0.0299,0.5117,False
Swahili,QUIET,ɣ,2.758,3,0.0348,0.5699,False
Swahili,BIG,i,-1.879,35,0.0498,0.5795,False
Swahili,SMALL,d,1.671,34,0.0498,0.5795,False
Swahili,DARK,t͡ʃ,1.627,27,0.0498,0.5795,False
Swahili,SMALL,t,1.595,44,0.0547,0.5795,False
Swahili,SLOW,z,1.571,38,0.0448,0.5795,False
Swahili,SMALL,w,-1.475,12,0.0547,0.5795,False
Swahili,FAST,ʃ,1.388,25,0.0547,0.5795,False
Swahili,DARK,k,-1.366,35,0.0547,0.5795,False
Swahili,DARK,ɲ,1.366,18,0.0547,0.5795,False
Swahili,SMOOTH,t͡ʃ,-1.251,3,0.0448,0.5795,False
Swahili,ROUND,r,1.246,69,0.0498,0.5795,False
Swahili,ROUND,z,-1.101,20,0.0498,0.5795,False
Swahili,SLOW,w,-1.34,15,0.0597,0.597,False
Swahili,SLOW,i,-1.447,95,0.0697,0.6116,False
Swahili,SLOW,ɡ,1.429,40,0.0697,0.6116,False
Swahili,SMOOTH,u,-1.082,79,0.0647,0.6116,False
Swahili,SMOOTH,p,-1.072,12,0.0697,0.6116,False
Swahili,QUIET,m,1.931,37,0.0746,0.6248,False
Swahili,SMOOTH,n,1.062,84,0.0746,0.6248,False
Swahili,BIG,u,2.042,71,0.0796,0.6513,False
Swahili,SLOW,r,-1.35,8,0.0846,0.6619,False
Swahili,DARK,ŋ,1.313,22,0.0846,0.6619,False
Swahili,BIG,b,1.772,22,0.0945,0.709,False
Swahili,SLOW,u,1.236,137,0.1045,0.7164,False
Swahili,SLOW,m,-1.175,51,0.1095,0.7164,False
Swahili,SLOW,l,-1.16,15,0.1095,0.7164,False
Swahili,SHARP,o,1.145,98,0.1045,0.7164,False
Swahili,SMOOTH,l,0.988,51,0.1095,0.7164,False
Swahili,SMOOTH,k,-0.899,71,0.1095,0.7164,False
Swahili,SLOW,ʃ,1.238,17,0.1244,0.7276,False
Swahili,SLOW,p,1.092,26,0.1294,0.7276,False
Swahili,SHARP,ɡ,1.076,48,0.1194,0.7276,False
Swahili,FAST,n,-1.039,35,0.1244,0.7276,False
Swahili,SMALL,f,1.022,20,0.1294,0.7276,False
Swahili,SHARP,j,-1.02,4,0.1294,0.7276,False
Swahili,ROUND,v,-0.954,5,0.1294,0.7276,False
Swahili,SMOOTH,i,0.938,251,0.1194,0.7276,False
Swahili,SMOOTH,e,-0.914,39,0.1294,0.7276,False
Swahili,BRIGHT,b,-1.579,3,0.1343,0.7327,False
Swahili,FAST,e,0.945,87,0.1343,0.7327,False
Swahili,QUIET,l,1.787,14,0.1393,0.7375,False
Swahili,BIG,f,1.423,11,0.1393,0.7375,False
Swahili,SMOOTH,ɟ,-0.869,14,0.1493,0.7787,False
Swahili,SHARP,f,-0.92,10,0.1542,0.7932,False
Swahili,LOUD,t͡ʃ,2.055,6,0.1642,0.8089,False
Swahili,QUIET,d,1.62,13,0.199,0.8089,False
Swahili,BIG,e,-1.28,8,0.194,0.8089,False
Swahili,SMALL,z,-1.05,11,0.1692,0.8089,False
Swahili,SLOW,j,-1.024,3,0.209,0.8089,False
Swahili,DARK,j,-0.993,3,0.1741,0.8089,False
Swahili,SLOW,ŋ,0.989,21,0.1791,0.8089,False
Swahili,FAST,i,-0.967,153,0.1692,0.8089,False
Swahili,SLOW,v,-0.952,3,0.194,0.8089,False
Swahili,FAST,w,0.936,54,0.1791,0.8089,False
Swahili,FAST,z,-0.935,19,0.1841,0.8089,False
Swahili,FAST,a,0.901,309,0.209,0.8089,False
Swahili,ROUND,a,-0.84,277,0.1891,0.8089,False
Swahili,FAST,ɡ,-0.834,22,0.199,0.8089,False
Swahili,SHARP,w,-0.822,27,0.199,0.8089,False
Swahili,SHARP,ɟ,-0.821,13,0.209,0.8089,False
Swahili,ROUND,j,-0.796,7,0.204,0.8089,False
Swahili,ROUND,t,0.738,67,0.204,0.8089,False
Swahili,ROUND,f,-0.737,15,0.199,0.8089,False
Swahili,BIG,m,1.408,42,0.2139,0.8193,False
Swahili,BIG,l,-1.267,6,0.2189,0.8209,False
Swahili,SHARP,ŋ,0.782,26,0.2189,0.8209,False
Swahili,QUIET,u,-1.399,14,0.2338,0.859,False
Swahili,SHARP,p,0.688,30,0.2338,0.859,False
Swahili,QUIET,j,1.195,5,0.2388,0.8597,False
Swahili,SLOW,s,-0.964,13,0.2388,0.8597,False
Swahili,BRIGHT,ɟ,1.366,12,0.2438,0.8689,False
Swahili,ROUGH,ɟ,2.154,5,0.2886,0.8803,False
Swahili,ROUGH,z,1.909,5,0.2687,0.8803,False
Swahili,QUIET,e,-1.343,6,0.2886,0.8803,False
Swahili,BRIGHT,r,1.025,14,0.2687,0.8803,False
Swahili,BIG,ŋ,1.003,9,0.2587,0.8803,False
Swahili,SMALL,j,-0.947,3,0.2836,0.8803,False
Swahili,DARK,i,0.928,158,0.2786,0.8803,False
Swahili,SMALL,ʃ,-0.887,4,0.2537,0.8803,False
Swahili,SMALL,t͡ʃ,-0.852,5,0.2886,0.8803,False
Swahili,SLOW,n,-0.836,28,0.2637,0.8803,False
Swahili,SLOW,ɟ,-0.803,10,0.2786,0.8803,False
Swahili,ROUND,o,0.725,108,0.2687,0.8803,False
Swahili,FAST,r,0.704,48,0.2836,0.8803,False
Swahili,SMOOTH,ɲ,-0.629,5,0.2736,0.8803,False
Swahili,QUIET,r,-1.29,3,0.2985,0.8882,False
Swahili,BRIGHT,e,1.273,25,0.3035,0.8882,False
Swahili,BIG,z,-1.126,5,0.3035,0.8882,False
Swahili,QUIET,b,-1.086,5,0.2985,0.8882,False
Swahili,ROUND,e,0.669,95,0.3035,0.8882,False
Swahili,SMOOTH,r,-0.627,26,0.3184,0.9097,False
Swahili,FAST,o,-0.702,46,0.3333,0.9157,False
Swahili,DARK,m,0.692,81,0.3383,0.9157,False
Swahili,FAST,f,0.683,28,0.3333,0.9157,False
Swahili,FAST,v,0.618,21,0.3383,0.9157,False
Swahili,ROUND,i,-0.607,201,0.3333,0.9157,False
Swahili,ROUND,h,-0.604,6,0.3333,0.9157,False
Swahili,BIG,ɟ,1.131,13,0.3433,0.9223,False
Swahili,FAST,j,-0.64,7,0.3483,0.9287,False
Swahili,SMOOTH,o,-0.569,54,0.3532,0.935,False
Swahili,LOUD,s,1.588,8,0.3881,0.9716,False
Swahili,BRIGHT,n,-1.061,9,0.4129,0.9716,False
Swahili,BRIGHT,a,1.031,82,0.408,0.9716,False
Swahili,BRIGHT,ɡ,1.028,13,0.403,0.9716,False
Swahili,BIG,r,-0.877,6,0.3881,0.9716,False
Swahili,BIG,n,-0.828,12,0.3881,0.9716,False
Swahili,SMALL,k,0.663,72,0.3731,0.9716,False
Swahili,DARK,v,-0.657,5,0.403,0.9716,False
Swahili,DARK,p,-0.638,11,0.408,0.9716,False
Swahili,SMALL,ŋ,-0.632,9,0.398,0.9716,False
Swahili,SHARP,t͡ʃ,-0.565,11,0.398,0.9716,False
Swahili,SMOOTH,v,-0.564,9,0.393,0.9716,False
Swahili,SHARP,z,-0.548,23,0.3831,0.9716,False
Swahili,SMOOTH,b,-0.521,33,0.403,0.9716,False
Swahili,SMOOTH,ɡ,-0.443,30,0.4129,0.9716,False
Swahili,ROUGH,r,1.891,6,0.4229,0.984,False
Swahili,ROUGH,i,1.439,22,0.4378,0.984,False
Swahili,LOUD,u,1.324,26,0.4975,0.984,False
Swahili,ROUGH,f,1.294,3,0.5721,0.984,False
Swahili,LOUD,n,-1.276,4,0.4975,0.984,False
Swahili,LOUD,o,-1.211,4,0.5572,0.984,False
Swahili,ROUGH,n,1.201,7,0.6119,0.984,False
Swahili,ROUGH,w,1.193,5,0.5622,0.984,False
Swahili,LOUD,e,-1.135,4,0.5423,0.984,False
Swahili,LOUD,m,-1.015,10,0.597,0.984,False
Swahili,BRIGHT,l,-0.992,6,0.4478,0.984,False
Swahili,LOUD,z,0.992,6,0.6119,0.984,False
Swahili,QUIET,i,0.931,57,0.5274,0.984,False
Swahili,BRIGHT,w,0.918,14,0.4577,0.984,False
Swahili,BIG,a,-0.818,71,0.4279,0.984,False
Swahili,LOUD,ɡ,-0.792,3,0.6816,0.984,False
Swahili,BRIGHT,u,-0.789,23,0.4527,0.984,False
Swahili,LOUD,v,0.77,3,0.6915,0.984,False
Swahili,BRIGHT,ŋ,0.722,7,0.5771,0.984,False
Swahili,BRIGHT,p,-0.71,4,0.6866,0.984,False
Swahili,BRIGHT,k,-0.671,19,0.6219,0.984,False
Swahili,BRIGHT,m,-0.663,22,0.6318,0.984,False
Swahili,QUIET,k,-0.653,18,0.6617,0.984,False
Swahili,BIG,j,0.644,5,0.5423,0.984,False
Swahili,SMALL,m,-0.621,54,0.4925,0.984,False
Swahili,SMALL,v,-0.604,5,0.4478,0.984,False
Swahili,BIG,w,0.602,15,0.6318,0.984,False
Swahili,QUIET,w,0.591,12,0.6667,0.984,False
Swahili,FAST,l,-0.588,28,0.4428,0.984,False
Swahili,BIG,o,0.56,26,0.5821,0.984,False
Swahili,FAST,s,-0.551,25,0.4279,0.984,False
Swahili,SMALL,l,-0.546,18,0.4776,0.984,False
Swahili,BIG,ɡ,0.54,13,0.5871,0.984,False
Swahili,FAST,k,0.531,110,0.4328,0.984,False
Swahili,SHARP,b,-0.523,29,0.4478,0.984,False
Swahili,BIG,t,-0.517,11,0.6766,0.984,False
Swahili,SMALL,ɡ,-0.505,17,0.4876,0.984,False
Swahili,BRIGHT,s,0.492,11,0.6617,0.984,False
Swahili,DARK,l,0.489,28,0.5124,0.984,False
Swahili,DARK,u,-0.47,71,0.5672,0.984,False
Swahili,SHARP,t,-0.463,35,0.4776,0.984,False
Swahili,DARK,w,0.461,32,0.5572,0.984,False
Swahili,ROUND,d,0.453,42,0.4677,0.984,False
Swahili,QUIET,a,-0.449,61,0.6915,0.984,False
Swahili,DARK,ɡ,0.448,28,0.592,0.984,False
Swahili,QUIET,p,0.425,7,0.6816,0.984,False
Swahili,SLOW,f,0.423,18,0.6368,0.984,False
Swahili,DARK,h,-0.42,5,0.6269,0.984,False
Swahili,FAST,ɲ,0.408,16,0.5323,0.984,False
Swahili,SHARP,s,-0.404,26,0.5323,0.984,False
Swahili,SHARP,m,0.403,106,0.5373,0.984,False
Swahili,DARK,ʃ,-0.403,7,0.5821,0.984,False
Swahili,DARK,f,-0.402,11,0.5771,0.984,False
Swahili,SMALL,p,-0.397,12,0.5771,0.984,False
Swahili,SLOW,a,0.397,205,0.597,0.984,False
Swahili,ROUND,ɟ,-0.391,24,0.5672,0.984,False
Swahili,SLOW,t͡ʃ,0.383,17,0.6567,0.984,False
Swahili,FAST,m,-0.369,92,0.607,0.984,False
Swahili,SLOW,b,-0.359,24,0.6269,0.984,False
Swahili,SMOOTH,w,0.35,49,0.5522,0.984,False
Swahili,FAST,d,-0.337,23,0.592,0.984,False
Swahili,SHARP,r,-0.326,28,0.6269,0.984,False
Swahili,ROUND,ɲ,0.322,18,0.6318,0.984,False
Swahili,SLOW,e,0.32,50,0.6716,0.984,False
Swahili,SMOOTH,θ,0.313,5,0.6915,0.984,False
Swahili,DARK,b,0.309,31,0.6368,0.984,False
Swahili,SMOOTH,t,0.308,53,0.6468,0.984,False
Swahili,SHARP,d,0.295,31,0.6766,0.984,False
Swahili,SHARP,n,0.293,59,0.6517,0.984,False
Swahili,FAST,p,0.289,27,0.6269,0.984,False
Swahili,SLOW,d,-0.286,17,0.6716,0.984,False
Swahili,SHARP,v,-0.26,11,0.6567,0.984,False
Swahili,SMOOTH,ð,0.259,8,0.6468,0.984,False
Swahili,SMOOTH,ŋ,0.229,24,0.6915,0.984,False
Swahili,LOUD,r,-0.712,3,0.7015,0.9858,False
Swahili,DARK,a,-0.323,173,0.7065,0.9858,False
Swahili,DARK,t,-0.285,27,0.7065,0.9858,False
Swahili,ROUND,m,0.25,129,0.7065,0.9858,False
Swahili,SLOW,ɲ,-0.286,6,0.7114,0.9889,False
Swahili,QUIET,s,0.407,10,0.7164,0.992,False
Swahili,ROUGH,u,-0.709,8,0.7264,0.998,False
Swahili,LOUD,p,0.561,4,0.7512,0.998,False
Swahili,BRIGHT,o,-0.452,14,0.7363,0.998,False
Swahili,QUIET,n,0.443,16,0.7413,0.998,False
Swahili,BIG,d,0.299,10,0.7463,0.998,False
Swahili,SLOW,o,-0.247,43,0.7463,0.998,False
Swahili,DARK,e,-0.246,37,0.7363,0.998,False
Swahili,ROUND,ŋ,-0.187,22,0.7363,0.998,False
Swahili,ROUGH,k,-0.79,6,0.7662,1.0,False
Swahili,LOUD,k,0.632,15,0.7811,1.0,False
Swahili,LOUD,i,0.597,29,0.796,1.0,False
Swahili,LOUD,b,-0.547,4,0.7861,1.0,False
Swahili,ROUGH,m,0.545,10,0.8557,1.0,False
Swahili,LOUD,t,0.533,7,0.7711,1.0,False
Swahili,QUIET,ɡ,0.422,10,0.7612,1.0,False
Swahili,LOUD,l,-0.411,4,0.8458,1.0,False
Swahili,LOUD,a,0.395,38,0.8607,1.0,False
Swahili,QUIET,z,0.368,9,0.801,1.0,False
Swahili,LOUD,d,-0.361,3,0.8507,1.0,False
Swahili,BRIGHT,t,0.353,13,0.7861,1.0,False
Swahili,ROUGH,b,0.339,4,0.9403,1.0,False
Swahili,ROUGH,a,-0.337,22,0.9005,1.0,False
Swahili,LOUD,w,0.333,6,0.9204,1.0,False
Swahili,QUIET,t,0.295,12,0.8308,1.0,False
Swahili,QUIET,h,0.285,4,0.8408,1.0,False
Swahili,BRIGHT,t͡ʃ,-0.272,4,0.8557,1.0,False
Swahili,BRIGHT,v,-0.268,3,0.9254,1.0,False
Swahili,SMALL,h,-0.252,6,0.7662,1.0,False
Swahili,FAST,u,-0.245,116,0.7761,1.0,False
Swahili,SMALL,r,0.236,25,0.7761,1.0,False
Swahili,FAST,ŋ,-0.23,18,0.7612,1.0,False
Swahili,BRIGHT,f,0.227,6,0.8756,1.0,False
Swahili,BRIGHT,ʃ,0.213,4,0.8856,1.0,False
Swahili,BRIGHT,h,0.208,4,0.8706,1.0,False
Swahili,DARK,s,-0.193,21,0.8408,1.0,False
Swahili,SMALL,ɲ,-0.185,6,0.8259,1.0,False
Swahili,SHARP,h,-0.17,10,0.796,1.0,False
Swahili,QUIET,ʃ,-0.166,3,0.9104,1.0,False
Swahili,ROUND,n,0.153,71,0.8159,1.0,False
Swahili,SMALL,b,0.15,27,0.8308,1.0,False
Swahili,SMALL,s,-0.147,20,0.8458,1.0,False
Swahili,FAST,t͡ʃ,-0.144,17,0.8358,1.0,False
Swahili,DARK,ɟ,0.143,19,0.8557,1.0,False
Swahili,SHARP,ð,0.142,6,0.8159,1.0,False
Swahili,SHARP,i,0.137,189,0.8408,1.0,False
Swahili,ROUGH,e,-0.126,5,0.9502,1.0,False
Swahili,SMALL,i,-0.122,119,0.8607,1.0,False
Swahili,SLOW,t,0.116,33,0.8756,1.0,False
Swahili,SHARP,u,0.107,127,0.8607,1.0,False
Swahili,FAST,t,0.107,46,0.8706,1.0,False
Swahili,ROUND,t͡ʃ,0.095,24,0.8507,1.0,False
Swahili,DARK,ð,0.094,4,0.9104,1.0,False
Swahili,SMALL,o,-0.092,41,0.9303,1.0,False
Swahili,DARK,n,-0.087,37,0.8806,1.0,False
Swahili,DARK,d,0.083,20,0.9154,1.0,False
Swahili,SHARP,θ,0.08,3,0.9005,1.0,False
Swahili,DARK,r,0.079,25,0.9353,1.0,False
Swahili,SHARP,k,0.077,91,0.8955,1.0,False
Swahili,BRIGHT,z,-0.075,8,0.9602,1.0,False
Swahili,ROUND,ʃ,0.074,17,0.9303,1.0,False
Swahili,SMOOTH,f,0.073,23,0.9055,1.0,False
Swahili,SMALL,ɟ,0.072,17,0.9154,1.0,False
Swahili,ROUND,ɡ,-0.069,40,0.9204,1.0,False
Swahili,QUIET,ɲ,0.066,3,0.9751,1.0,False
Swahili,SMALL,a,-0.065,168,0.9303,1.0,False
Swahili,BIG,t͡ʃ,0.063,6,0.9751,1.0,False
Swahili,ROUND,l,0.061,43,0.9104,1.0,False
Swahili,BIG,k,-0.06,28,0.9652,1.0,False
Swahili,DARK,z,-0.06,21,0.9204,1.0,False
Swahili,BIG,p,-0.059,7,0.9751,1.0,False
Swahili,FAST,ɟ,-0.058,25,0.9104,1.0,False
Swahili,SMOOTH,z,0.056,35,0.9353,1.0,False
Swahili,ROUND,k,-0.052,110,0.9701,1.0,False
Swahili,BRIGHT,i,0.052,51,0.9652,1.0,False
Swahili,FAST,b,0.052,41,0.9453,1.0,False
Swahili,ROUGH,l,-0.047,3,0.9801,1.0,False
Swahili,ROUND,u,-0.043,151,0.9602,1.0,False
Swahili,SMALL,u,0.027,82,0.9751,1.0,False
Swahili,SMALL,e,0.022,39,0.9801,1.0,False
Swahili,BRIGHT,j,-0.022,3,1.0,1.0,False
Swahili,SMOOTH,d,-0.021,30,0.9751,1.0,False
Swahili,ROUND,s,0.012,41,0.9801,1.0,False
Swahili,DARK,o,-0.003,46,0.995,1.0,False
Thai,SLOW,p,2.532,47,0.01,0.3317,False
Thai,SLOW,e,2.51,87,0.005,0.3317,False
Thai,SLOW,m,-2.411,19,0.01,0.3317,False
Thai,SMALL,n,2.235,124,0.01,0.3317,False
Thai,SMOOTH,a͡i,2.151,45,0.005,0.3317,False
Thai,SMALL,s,2.139,182,0.01,0.3317,False
Thai,SHARP,k,2.129,157,0.01,0.3317,False
Thai,FAST,h,2.038,234,0.005,0.3317,False
Thai,ROUND,k,1.728,202,0.005,0.3317,False
Thai,LOUD,r,2.839,15,0.0149,0.3444,False
Thai,SLOW,ʔ,2.609,57,0.0149,0.3444,False
Thai,BIG,l,2.593,27,0.0149,0.3444,False
Thai,BRIGHT,ɜ,2.212,97,0.0149,0.3444,False
Thai,SHARP,h,1.705,238,0.0249,0.4664,False
Thai,SMOOTH,c,1.604,55,0.0249,0.4664,False
Thai,DARK,d,-1.457,25,0.0249,0.4664,False
Thai,FAST,c,1.815,54,0.0299,0.4975,False
Thai,SMOOTH,a,-1.47,422,0.0299,0.4975,False
Thai,ROUGH,ɹ,2.919,13,0.0398,0.5427,False
Thai,SMALL,t,-1.834,20,0.0398,0.5427,False
Thai,DARK,s,1.588,263,0.0398,0.5427,False
Thai,SMOOTH,w,-1.47,21,0.0348,0.5427,False
Thai,QUIET,d,-1.735,14,0.0448,0.5597,False
Thai,FAST,ɜ,-1.556,104,0.0448,0.5597,False
Thai,BIG,u,2.033,27,0.0547,0.6315,False
Thai,SMALL,ɜ,-1.59,61,0.0547,0.6315,False
Thai,SMOOTH,e,1.044,159,0.0647,0.693,False
Thai,DARK,b,-1.465,17,0.0697,0.7205,False
Thai,SHARP,j,-1.307,20,0.0746,0.7222,False
Thai,ROUND,h,-1.214,217,0.0746,0.7222,False
Thai,SLOW,u,1.982,43,0.0846,0.7689,False
Thai,SMOOTH,l,-1.16,22,0.0846,0.7689,False
Thai,ROUND,w,1.195,78,0.0945,0.7877,False
Thai,SHARP,s,-1.18,181,0.0945,0.7877,False
Thai,SHARP,a͡i,-1.034,11,0.0945,0.7877,False
Thai,LOUD,f,2.306,6,0.1144,0.8173,False
Thai,LOUD,o,2.288,9,0.1144,0.8173,False
Thai,SMALL,j,1.369,48,0.1095,0.8173,False
Thai,SHARP,m,1.098,126,0.1045,0.8173,False
Thai,ROUND,a͡i,-1.034,15,0.1095,0.8173,False
Thai,BRIGHT,b,1.481,21,0.1194,0.8292,False
Thai,FAST,j,1.101,75,0.1244,0.8292,False
Thai,ROUND,j,-1.015,37,0.1244,0.8292,False
Thai,ROUGH,t,2.46,12,0.1493,0.8629,False
Thai,LOUD,w,-1.922,3,0.1741,0.8629,False
Thai,BIG,o,1.675,9,0.1393,0.8629,False
Thai,BIG,j,-1.636,3,0.1642,0.8629,False
Thai,BIG,d,1.605,15,0.1493,0.8629,False
Thai,BRIGHT,n,-1.419,56,0.1542,0.8629,False
Thai,BIG,a͡i,1.346,9,0.1841,0.8629,False
Thai,BRIGHT,p,1.268,43,0.1542,0.8629,False
Thai,QUIET,m,1.153,69,0.1791,0.8629,False
Thai,DARK,w,1.112,49,0.1642,0.8629,False
Thai,ROUND,c,-0.97,21,0.1493,0.8629,False
Thai,SHARP,d,0.96,53,0.1642,0.8629,False
Thai,FAST,a͡i,0.957,30,0.1841,0.8629,False
Thai,ROUND,o,0.838,35,0.1791,0.8629,False
Thai,SMOOTH,ɜ,0.801,171,0.1791,0.8629,False
Thai,ROUGH,a,2.382,56,0.209,0.8829,False
Thai,LOUD,ɡ,1.856,24,0.209,0.8829,False
Thai,SLOW,c,-1.341,4,0.194,0.8829,False
Thai,SMALL,ɡ,1.013,51,0.204,0.8829,False
Thai,DARK,l,0.959,61,0.204,0.8829,False
Thai,DARK,a,0.807,450,0.209,0.8829,False
Thai,FAST,ʔ,-1.008,50,0.2139,0.8914,False
Thai,SHARP,r,-0.779,17,0.2189,0.8955,False
Thai,ROUND,a,0.773,700,0.2239,0.8955,False
Thai,SHARP,u,0.741,80,0.2239,0.8955,False
Thai,SLOW,d,-1.117,13,0.2289,0.9034,False
Thai,BRIGHT,h,-1.1,78,0.2388,0.9069,False
Thai,SMALL,ɹ,-0.983,14,0.2388,0.9069,False
Thai,FAST,n,-0.883,125,0.2338,0.9069,False
Thai,SMALL,w,1.059,31,0.2488,0.9328,False
Thai,BIG,b,-1.42,5,0.2537,0.9397,False
Thai,ROUGH,i,1.909,6,0.3433,0.9472,False
Thai,ROUGH,e,-1.79,4,0.3483,0.9472,False
Thai,ROUGH,j,1.712,9,0.4478,0.9472,False
Thai,ROUGH,p,-1.512,3,0.4925,0.9472,False
Thai,ROUGH,ʔ,-1.458,4,0.4627,0.9472,False
Thai,LOUD,b,1.4,9,0.4279,0.9472,False
Thai,LOUD,s,-1.384,36,0.398,0.9472,False
Thai,LOUD,i,1.288,11,0.4577,0.9472,False
Thai,BIG,a,-1.129,108,0.3582,0.9472,False
Thai,LOUD,k,-1.121,18,0.4677,0.9472,False
Thai,SLOW,k,-1.11,35,0.2935,0.9472,False
Thai,LOUD,h,-1.091,34,0.4627,0.9472,False
Thai,BIG,w,1.071,14,0.3383,0.9472,False
Thai,BIG,k,-1.066,22,0.3383,0.9472,False
Thai,QUIET,ɡ,1.052,50,0.2836,0.9472,False
Thai,QUIET,n,1.008,101,0.2637,0.9472,False
Thai,SLOW,a,-1.004,176,0.3582,0.9472,False
Thai,DARK,m,-0.985,69,0.2736,0.9472,False
Thai,SLOW,b,0.965,16,0.393,0.9472,False
Thai,BRIGHT,t,-0.955,26,0.3781,0.9472,False
Thai,SLOW,r,-0.925,6,0.3731,0.9472,False
Thai,SLOW,ɡ,-0.914,15,0.3831,0.9472,False
Thai,QUIET,u,-0.875,25,0.3632,0.9472,False
Thai,BRIGHT,f,0.869,8,0.3881,0.9472,False
Thai,BRIGHT,d,0.864,25,0.3831,0.9472,False
Thai,QUIET,f,0.862,9,0.3383,0.9472,False
Thai,SMALL,r,-0.84,9,0.2786,0.9472,False
Thai,SLOW,n,-0.84,54,0.408,0.9472,False
Thai,QUIET,l,-0.811,16,0.3284,0.9472,False
Thai,SMALL,p,-0.791,26,0.3284,0.9472,False
Thai,DARK,a͡i,-0.77,12,0.2985,0.9472,False
Thai,QUIET,ʔ,0.768,52,0.3483,0.9472,False
Thai,FAST,i,-0.765,18,0.2786,0.9472,False
Thai,QUIET,ɹ,-0.76,17,0.3781,0.9472,False
Thai,SLOW,s,-0.749,81,0.4876,0.9472,False
Thai,DARK,o,-0.734,6,0.3234,0.9472,False
Thai,DARK,ʔ,-0.729,52,0.3333,0.9472,False
Thai,FAST,m,0.706,111,0.2935,0.9472,False
Thai,QUIET,a͡i,-0.673,8,0.3881,0.9472,False
Thai,SMOOTH,t,0.67,90,0.3333,0.9472,False
Thai,DARK,h,-0.666,152,0.398,0.9472,False
Thai,BRIGHT,r,-0.665,9,0.4577,0.9472,False
Thai,SMOOTH,s,-0.659,208,0.2886,0.9472,False
Thai,SMALL,e,-0.653,49,0.3831,0.9472,False
Thai,BRIGHT,c,0.646,19,0.4726,0.9472,False
Thai,FAST,f,0.645,14,0.3333,0.9472,False
Thai,ROUND,r,-0.642,26,0.3184,0.9472,False
Thai,ROUND,i,0.63,57,0.3333,0.9472,False
Thai,DARK,j,-0.629,32,0.4776,0.9472,False
Thai,SMOOTH,n,0.625,179,0.3184,0.9472,False
Thai,FAST,l,-0.623,32,0.3682,0.9472,False
Thai,SHARP,p,-0.621,50,0.3234,0.9472,False
Thai,DARK,u,-0.616,45,0.408,0.9472,False
Thai,FAST,ɡ,-0.615,43,0.4925,0.9472,False
Thai,QUIET,e,-0.582,49,0.4876,0.9472,False
Thai,SMALL,b,-0.574,15,0.4925,0.9472,False
Thai,SMALL,c,-0.566,12,0.4577,0.9472,False
Thai,FAST,r,0.539,35,0.4179,0.9472,False
Thai,FAST,d,-0.527,36,0.4428,0.9472,False
Thai,SMOOTH,i,0.526,41,0.3532,0.9472,False
Thai,DARK,f,0.522,12,0.4378,0.9472,False
Thai,SMALL,m,0.501,63,0.4627,0.9472,False
Thai,ROUND,s,-0.498,287,0.4279,0.9472,False
Thai,FAST,k,0.497,115,0.4179,0.9472,False
Thai,ROUND,ʔ,-0.491,89,0.4179,0.9472,False
Thai,SMOOTH,o,-0.49,10,0.3582,0.9472,False
Thai,ROUND,p,-0.485,72,0.4577,0.9472,False
Thai,SMOOTH,ɹ,-0.485,40,0.4229,0.9472,False
Thai,SHARP,e,0.48,133,0.4726,0.9472,False
Thai,ROUND,l,0.471,80,0.4527,0.9472,False
Thai,ROUND,ɜ,0.468,217,0.4179,0.9472,False
Thai,SMOOTH,m,0.46,114,0.4577,0.9472,False
Thai,SHARP,ɜ,-0.442,137,0.4577,0.9472,False
Thai,SHARP,ɹ,-0.421,41,0.4776,0.9472,False
Thai,BRIGHT,ɹ,-0.691,16,0.5323,0.9595,False
Thai,QUIET,t,-0.633,33,0.5124,0.9595,False
Thai,BRIGHT,o,-0.612,4,0.5323,0.9595,False
Thai,BRIGHT,a,0.594,243,0.5224,0.9595,False
Thai,QUIET,r,0.535,20,0.5373,0.9595,False
Thai,QUIET,ɜ,0.516,87,0.5373,0.9595,False
Thai,FAST,b,-0.495,26,0.5075,0.9595,False
Thai,SMALL,k,-0.481,56,0.5373,0.9595,False
Thai,ROUND,b,0.451,48,0.5224,0.9595,False
Thai,ROUND,f,-0.418,8,0.5373,0.9595,False
Thai,ROUND,u,-0.379,77,0.5174,0.9595,False
Thai,ROUND,ɹ,0.357,86,0.5323,0.9595,False
Thai,ROUGH,n,-1.105,12,0.6617,0.9686,False
Thai,ROUGH,u,-1.078,4,0.6667,0.9686,False
Thai,ROUGH,d,0.892,5,0.7562,0.9686,False
Thai,LOUD,n,0.85,38,0.5672,0.9686,False
Thai,LOUD,u,-0.793,10,0.6418,0.9686,False
Thai,BIG,m,0.788,30,0.5672,0.9686,False
Thai,ROUGH,m,-0.777,8,0.7711,0.9686,False
Thai,BIG,ɜ,-0.692,33,0.5721,0.9686,False
Thai,ROUGH,w,-0.683,3,0.7811,0.9686,False
Thai,LOUD,m,-0.672,18,0.6269,0.9686,False
Thai,LOUD,ɹ,0.659,15,0.7512,0.9686,False
Thai,BRIGHT,ʔ,0.591,44,0.607,0.9686,False
Thai,SLOW,i,-0.57,9,0.5771,0.9686,False
Thai,LOUD,t,-0.57,13,0.7811,0.9686,False
Thai,SLOW,ɹ,-0.562,15,0.6119,0.9686,False
Thai,QUIET,h,-0.556,96,0.5473,0.9686,False
Thai,BRIGHT,w,-0.545,16,0.6318,0.9686,False
Thai,BIG,s,0.499,64,0.6915,0.9686,False
Thai,LOUD,p,-0.497,11,0.7662,0.9686,False
Thai,SLOW,o,-0.484,4,0.607,0.9686,False
Thai,QUIET,c,0.468,20,0.6915,0.9686,False
Thai,DARK,r,-0.465,19,0.6368,0.9686,False
Thai,BIG,e,-0.461,24,0.7015,0.9686,False
Thai,SLOW,w,-0.456,14,0.5622,0.9686,False
Thai,BIG,t,0.44,21,0.7214,0.9686,False
Thai,SMALL,h,0.431,114,0.6368,0.9686,False
Thai,QUIET,b,0.428,19,0.6169,0.9686,False
Thai,FAST,o,-0.426,10,0.5721,0.9686,False
Thai,LOUD,ʔ,-0.424,14,0.7861,0.9686,False
Thai,BRIGHT,k,-0.392,49,0.7164,0.9686,False
Thai,SHARP,o,-0.389,11,0.5622,0.9686,False
Thai,QUIET,w,0.385,25,0.6667,0.9686,False
Thai,LOUD,ɜ,-0.374,29,0.791,0.9686,False
Thai,DARK,n,-0.373,128,0.597,0.9686,False
Thai,BRIGHT,l,-0.37,19,0.6716,0.9686,False
Thai,SMALL,a,-0.366,259,0.6169,0.9686,False
Thai,SMOOTH,u,-0.366,58,0.5821,0.9686,False
Thai,ROUND,e,-0.365,135,0.597,0.9686,False
Thai,SMALL,u,-0.348,32,0.6866,0.9686,False
Thai,SLOW,t,0.348,33,0.7114,0.9686,False
Thai,DARK,k,0.34,103,0.6368,0.9686,False
Thai,DARK,p,-0.329,49,0.6667,0.9686,False
Thai,FAST,ɹ,0.327,59,0.6567,0.9686,False
Thai,QUIET,a,-0.321,252,0.7114,0.9686,False
Thai,SHARP,ʔ,0.32,85,0.6915,0.9686,False
Thai,DARK,i,0.313,32,0.6368,0.9686,False
Thai,BRIGHT,a͡i,0.312,12,0.7313,0.9686,False
Thai,SHARP,l,-0.306,41,0.6517,0.9686,False
Thai,SHARP,w,0.305,45,0.602,0.9686,False
Thai,SHARP,b,0.302,34,0.6667,0.9686,False
Thai,SMOOTH,r,0.297,34,0.6368,0.9686,False
Thai,SHARP,t,-0.291,68,0.6716,0.9686,False
Thai,SLOW,j,0.288,24,0.7413,0.9686,False
Thai,SLOW,a͡i,0.282,10,0.7313,0.9686,False
Thai,DARK,ɜ,0.277,135,0.7214,0.9686,False
Thai,SHARP,c,0.275,34,0.6667,0.9686,False
Thai,SLOW,l,0.275,22,0.7861,0.9686,False
Thai,SMOOTH,h,0.249,203,0.6766,0.9686,False
Thai,ROUND,t,0.247,108,0.6866,0.9686,False
Thai,DARK,ɡ,-0.233,49,0.7612,0.9686,False
Thai,SMOOTH,j,0.23,59,0.7463,0.9686,False
Thai,ROUND,ɡ,0.226,94,0.7711,0.9686,False
Thai,SMALL,d,-0.222,23,0.7612,0.9686,False
Thai,SMOOTH,p,0.218,69,0.6816,0.9686,False
Thai,ROUND,d,0.217,62,0.7015,0.9686,False
Thai,SMOOTH,b,0.215,34,0.7363,0.9686,False
Thai,FAST,u,-0.205,57,0.7214,0.9686,False
Thai,SHARP,a,-0.202,470,0.7264,0.9686,False
Thai,ROUND,m,0.197,144,0.7861,0.9686,False
Thai,FAST,s,-0.195,212,0.7463,0.9686,False
Thai,DARK,t,0.18,68,0.791,0.9686,False
Thai,SMOOTH,k,-0.175,109,0.7662,0.9686,False
Thai,SHARP,i,-0.154,29,0.7761,0.9686,False
Thai,LOUD,d,0.446,10,0.8209,0.9773,False
Thai,BRIGHT,ɡ,-0.304,26,0.8159,0.9773,False
Thai,BIG,ʔ,-0.24,18,0.8109,0.9773,False
Thai,SMALL,a͡i,-0.201,11,0.8159,0.9773,False
Thai,FAST,e,-0.151,102,0.8209,0.9773,False
Thai,LOUD,c,-0.401,5,0.8259,0.9793,False
Thai,SLOW,f,-0.236,3,0.8408,0.9853,False
Thai,DARK,ɹ,-0.171,42,0.8408,0.9853,False
Thai,DARK,c,-0.161,24,0.8358,0.9853,False
Thai,BIG,p,0.213,17,0.8458,0.9873,False
Thai,SMALL,l,0.167,29,0.8507,0.9892,False
Thai,ROUGH,ɜ,0.374,15,0.9254,0.995,False
Thai,ROUGH,k,-0.27,10,0.9154,0.995,False
Thai,ROUGH,h,0.252,19,0.9453,0.995,False
Thai,LOUD,a͡i,-0.251,4,0.8657,0.995,False
Thai,ROUGH,s,0.194,23,0.9453,0.995,False
Thai,BIG,ɹ,-0.189,12,0.9204,0.995,False
Thai,LOUD,j,-0.174,10,0.9005,0.995,False
Thai,ROUGH,r,0.172,3,0.9204,0.995,False
Thai,BIG,ɡ,0.171,17,0.9104,0.995,False
Thai,LOUD,e,0.145,25,0.9204,0.995,False
Thai,BRIGHT,e,-0.137,52,0.8856,0.995,False
Thai,QUIET,s,0.13,129,0.9005,0.995,False
Thai,BRIGHT,s,0.116,114,0.9204,0.995,False
Thai,SHARP,n,-0.115,154,0.8756,0.995,False
Thai,ROUGH,c,0.1,3,0.9801,0.995,False
Thai,BRIGHT,u,-0.096,30,0.9104,0.995,False
Thai,BRIGHT,j,0.082,26,0.9552,0.995,False
Thai,QUIET,k,-0.08,59,0.9204,0.995,False
Thai,QUIET,o,-0.075,8,0.9403,0.995,False
Thai,SMOOTH,d,0.073,45,0.9005,0.995,False
Thai,SMOOTH,ɡ,-0.07,62,0.8806,0.995,False
Thai,BIG,r,-0.067,7,0.9701,0.995,False
Thai,FAST,t,-0.06,69,0.9104,0.995,False
Thai,BIG,h,-0.059,48,0.9652,0.995,False
Thai,BRIGHT,m,-0.059,48,0.9303,0.995,False
Thai,SMALL,ʔ,0.056,44,0.9403,0.995,False
Thai,FAST,w,-0.05,38,0.9602,0.995,False
Thai,BIG,n,0.048,40,0.9801,0.995,False
Thai,SHARP,ɡ,0.048,64,0.9552,0.995,False
Thai,FAST,a,-0.044,452,0.9502,0.995,False
Thai,DARK,e,-0.038,98,0.9552,0.995,False
Thai,ROUND,n,-0.034,213,0.9502,0.995,False
Thai,LOUD,a,-0.02,100,0.995,0.995,False
Thai,BRIGHT,i,-0.019,15,0.9801,0.995,False
Thai,QUIET,j,-0.019,28,0.9801,0.995,False
Thai,FAST,p,0.017,60,0.995,0.995,False
Thai,QUIET,p,-0.014,34,0.99,0.995,False
Thai,SLOW,h,0.012,78,0.9851,0.995,False
Thai,QUIET,i,-0.011,17,0.9801,0.995,False
Thai,LOUD,l,-0.007,10,0.99,0.995,False
Thai,SLOW,ɜ,0.006,60,0.995,0.995,False
Thai,SMOOTH,ʔ,0.004,79,0.995,0.995,False
Turkish,LOUD,l,3.11,15,0.005,0.2836,False
Turkish,ROUND,p,2.921,75,0.005,0.2836,False
Turkish,SMALL,z,2.784,45,0.005,0.2836,False
Turkish,DARK,v,2.449,33,0.005,0.2836,False
Turkish,SHARP,d͡ʒ,2.418,27,0.005,0.2836,False
Turkish,DARK,ɡ,2.382,16,0.005,0.2836,False
Turkish,SHARP,t͡ʃ,2.078,42,0.005,0.2836,False
Turkish,SHARP,j,-1.868,24,0.005,0.2836,False
Turkish,SLOW,m,2.488,156,0.01,0.3781,False
Turkish,SLOW,k,2.157,202,0.01,0.3781,False
Turkish,DARK,f,2.145,23,0.01,0.3781,False
Turkish,LOUD,œ,2.966,8,0.0149,0.4861,False
Turkish,FAST,ɪ,-1.912,35,0.0149,0.4861,False
Turkish,BIG,d,2.583,27,0.0249,0.6673,False
Turkish,QUIET,h,2.086,22,0.0249,0.6673,False
Turkish,SMALL,b,1.852,44,0.0249,0.6673,False
Turkish,FAST,j,-2.023,27,0.0398,0.6722,False
Turkish,SMOOTH,æ,1.879,33,0.0299,0.6722,False
Turkish,SMALL,r,-1.798,26,0.0398,0.6722,False
Turkish,FAST,ɛ,1.757,123,0.0398,0.6722,False
Turkish,SMALL,ɾ,1.742,28,0.0348,0.6722,False
Turkish,SHARP,ɛ,-1.567,41,0.0348,0.6722,False
Turkish,ROUND,ɯ,-1.501,28,0.0299,0.6722,False
Turkish,SMALL,n,1.488,76,0.0348,0.6722,False
Turkish,FAST,t,1.431,87,0.0398,0.6722,False
Turkish,LOUD,a,-2.585,9,0.0498,0.7823,False
Turkish,DARK,ɛ,-1.329,52,0.0498,0.7823,False
Turkish,LOUD,ø,2.579,14,0.0547,0.805,False
Turkish,SHARP,i,1.374,29,0.0547,0.805,False
Turkish,ROUGH,ʃ,2.814,6,0.0597,0.825,False
Turkish,ROUGH,ɫ,2.744,9,0.0597,0.825,False
Turkish,BIG,ɯ,1.788,30,0.0697,0.8823,False
Turkish,QUIET,s,1.704,58,0.0746,0.8955,False
Turkish,ROUND,o,-1.219,11,0.0746,0.8955,False
Turkish,ROUGH,ʊ,2.588,9,0.0896,0.9243,False
Turkish,LOUD,s,2.257,22,0.1144,0.9243,False
Turkish,BRIGHT,o,1.921,12,0.0896,0.9243,False
Turkish,BIG,i,-1.758,5,0.0995,0.9243,False
Turkish,BRIGHT,r,1.736,31,0.1443,0.9243,False
Turkish,BRIGHT,u,1.718,13,0.1493,0.9243,False
Turkish,BIG,t,-1.618,11,0.1194,0.9243,False
Turkish,QUIET,u,1.615,21,0.0846,0.9243,False
Turkish,BIG,j,1.579,22,0.1642,0.9243,False
Turkish,BIG,ø,1.439,16,0.1493,0.9243,False
Turkish,SLOW,e,1.386,41,0.1144,0.9243,False
Turkish,SLOW,n,-1.377,38,0.1144,0.9243,False
Turkish,QUIET,ɾ,-1.366,6,0.1642,0.9243,False
Turkish,SMALL,ʃ,-1.357,9,0.0846,0.9243,False
Turkish,SMALL,ɯ,1.355,60,0.1144,0.9243,False
Turkish,SLOW,ɛ,1.342,101,0.1095,0.9243,False
Turkish,SHARP,z,-1.31,9,0.0896,0.9243,False
Turkish,SMOOTH,ɔ,1.269,35,0.0995,0.9243,False
Turkish,SMALL,m,-1.262,22,0.1095,0.9243,False
Turkish,DARK,ɾ,1.236,32,0.0945,0.9243,False
Turkish,QUIET,ʊ,1.184,39,0.1493,0.9243,False
Turkish,SLOW,æ,-1.182,4,0.1542,0.9243,False
Turkish,FAST,i,-1.124,19,0.1294,0.9243,False
Turkish,SLOW,h,-1.124,3,0.1642,0.9243,False
Turkish,DARK,a,1.114,233,0.1542,0.9243,False
Turkish,DARK,ɟ,1.095,20,0.1393,0.9243,False
Turkish,SMOOTH,u,-1.07,5,0.1045,0.9243,False
Turkish,ROUND,ɔ,1.066,35,0.1294,0.9243,False
Turkish,SMOOTH,ɛ,1.065,115,0.1343,0.9243,False
Turkish,SHARP,a,1.057,201,0.1244,0.9243,False
Turkish,SMOOTH,n,1.032,100,0.1493,0.9243,False
Turkish,SMOOTH,m,1.026,127,0.1642,0.9243,False
Turkish,SHARP,ɾ,0.978,26,0.1592,0.9243,False
Turkish,SMOOTH,f,-0.959,5,0.1642,0.9243,False
Turkish,ROUND,ʃ,-0.943,20,0.1493,0.9243,False
Turkish,ROUGH,b,2.165,6,0.2239,0.9301,False
Turkish,LOUD,y,2.048,6,0.1692,0.9301,False
Turkish,LOUD,ɪ,1.998,19,0.1791,0.9301,False
Turkish,LOUD,ɔ,1.809,8,0.2338,0.9301,False
Turkish,ROUGH,k,1.782,20,0.3383,0.9301,False
Turkish,ROUGH,t,-1.679,3,0.3483,0.9301,False
Turkish,LOUD,r,1.631,17,0.3532,0.9301,False
Turkish,BRIGHT,ɟ,1.568,9,0.2189,0.9301,False
Turkish,BIG,ɟ,1.502,8,0.209,0.9301,False
Turkish,LOUD,o,1.46,6,0.3781,0.9301,False
Turkish,LOUD,ɫ,-1.459,4,0.3682,0.9301,False
Turkish,BIG,s,-1.37,8,0.2537,0.9301,False
Turkish,LOUD,n,-1.321,9,0.393,0.9301,False
Turkish,QUIET,k,-1.215,60,0.1791,0.9301,False
Turkish,BRIGHT,b,-1.18,7,0.3383,0.9301,False
Turkish,SLOW,ɪ,-1.157,41,0.2537,0.9301,False
Turkish,BIG,t͡ʃ,1.15,13,0.2736,0.9301,False
Turkish,QUIET,t͡ʃ,-1.148,7,0.2189,0.9301,False
Turkish,BRIGHT,y,1.143,8,0.403,0.9301,False
Turkish,QUIET,v,1.129,15,0.2537,0.9301,False
Turkish,BIG,ɾ,-1.123,4,0.3085,0.9301,False
Turkish,BRIGHT,n,1.122,35,0.3433,0.9301,False
Turkish,BRIGHT,i,1.066,12,0.3682,0.9301,False
Turkish,BIG,y,1.047,7,0.3184,0.9301,False
Turkish,QUIET,r,-1.046,28,0.2388,0.9301,False
Turkish,SMALL,v,-1.043,6,0.1741,0.9301,False
Turkish,BIG,n,1.011,31,0.3582,0.9301,False
Turkish,FAST,y,-1.005,4,0.1741,0.9301,False
Turkish,SLOW,l,-0.999,21,0.2189,0.9301,False
Turkish,QUIET,ɔ,0.987,18,0.2736,0.9301,False
Turkish,SLOW,f,-0.986,4,0.2189,0.9301,False
Turkish,SLOW,o,-0.985,10,0.2438,0.9301,False
Turkish,SMALL,o,0.981,19,0.2438,0.9301,False
Turkish,SMALL,k,-0.976,79,0.2388,0.9301,False
Turkish,SMALL,æ,0.974,17,0.2239,0.9301,False
Turkish,QUIET,ɟ,-0.971,3,0.3085,0.9301,False
Turkish,SMALL,ɛ,-0.963,46,0.2139,0.9301,False
Turkish,SMALL,e,0.959,32,0.2139,0.9301,False
Turkish,SMALL,ɪ,0.951,57,0.2338,0.9301,False
Turkish,SLOW,v,-0.928,8,0.1891,0.9301,False
Turkish,SLOW,i,-0.921,18,0.3383,0.9301,False
Turkish,SMOOTH,i,0.919,34,0.2338,0.9301,False
Turkish,DARK,h,0.91,23,0.2637,0.9301,False
Turkish,FAST,m,0.902,114,0.2637,0.9301,False
Turkish,SMALL,p,-0.901,6,0.2687,0.9301,False
Turkish,SMALL,d,0.89,39,0.2786,0.9301,False
Turkish,SLOW,u,-0.882,6,0.3134,0.9301,False
Turkish,ROUND,l,-0.876,29,0.2239,0.9301,False
Turkish,ROUND,t,0.876,89,0.1841,0.9301,False
Turkish,DARK,e,0.862,41,0.2189,0.9301,False
Turkish,DARK,k,-0.859,107,0.2388,0.9301,False
Turkish,BIG,p,-0.842,3,0.3881,0.9301,False
Turkish,SLOW,b,-0.84,21,0.3532,0.9301,False
Turkish,SMALL,f,-0.838,4,0.2637,0.9301,False
Turkish,SHARP,t,0.838,64,0.2587,0.9301,False
Turkish,FAST,e,-0.828,32,0.3582,0.9301,False
Turkish,DARK,m,-0.821,45,0.2438,0.9301,False
Turkish,SMOOTH,ɟ,0.814,20,0.2637,0.9301,False
Turkish,ROUND,æ,0.812,25,0.2687,0.9301,False
Turkish,SHARP,ɪ,0.811,63,0.2338,0.9301,False
Turkish,SLOW,ø,-0.81,7,0.3234,0.9301,False
Turkish,FAST,d,-0.79,25,0.3234,0.9301,False
Turkish,QUIET,p,-0.789,6,0.3483,0.9301,False
Turkish,SMALL,ɡ,0.787,7,0.3433,0.9301,False
Turkish,ROUND,t͡ʃ,0.786,40,0.199,0.9301,False
Turkish,DARK,j,0.782,55,0.2189,0.9301,False
Turkish,SLOW,a,0.778,200,0.3582,0.9301,False
Turkish,SMOOTH,t͡ʃ,-0.777,17,0.3134,0.9301,False
Turkish,SMOOTH,r,-0.773,53,0.2687,0.9301,False
Turkish,SLOW,œ,-0.768,9,0.3333,0.9301,False
Turkish,ROUND,a,0.766,259,0.2786,0.9301,False
Turkish,SHARP,ʊ,-0.766,16,0.2637,0.9301,False
Turkish,QUIET,t,0.764,46,0.393,0.9301,False
Turkish,SMOOTH,ɯ,-0.751,42,0.3085,0.9301,False
Turkish,FAST,o,-0.75,13,0.3383,0.9301,False
Turkish,FAST,æ,0.733,21,0.3333,0.9301,False
Turkish,FAST,ɯ,0.733,69,0.3483,0.9301,False
Turkish,SMOOTH,ø,-0.727,10,0.2886,0.9301,False
Turkish,SMALL,d͡ʒ,0.721,14,0.3881,0.9301,False
Turkish,SMOOTH,e,-0.712,35,0.3134,0.9301,False
Turkish,SMOOTH,ɫ,0.71,63,0.2886,0.9301,False
Turkish,FAST,n,-0.703,57,0.3781,0.9301,False
Turkish,SLOW,d͡ʒ,-0.701,7,0.408,0.9301,False
Turkish,SHARP,v,-0.697,9,0.3483,0.9301,False
Turkish,ROUND,ʊ,-0.693,24,0.2886,0.9301,False
Turkish,ROUND,ɛ,-0.691,79,0.3134,0.9301,False
Turkish,SLOW,p,-0.691,10,0.403,0.9301,False
Turkish,DARK,i,0.677,29,0.3781,0.9301,False
Turkish,SMALL,œ,-0.675,8,0.393,0.9301,False
Turkish,ROUND,k,-0.675,137,0.2637,0.9301,False
Turkish,SLOW,y,-0.673,6,0.408,0.9301,False
Turkish,SMOOTH,s,-0.666,43,0.3483,0.9301,False
Turkish,DARK,b,-0.656,25,0.3582,0.9301,False
Turkish,ROUND,v,0.637,24,0.3483,0.9301,False
Turkish,SMOOTH,v,-0.634,12,0.3831,0.9301,False
Turkish,SHARP,h,-0.633,7,0.3881,0.9301,False
Turkish,SMOOTH,t,-0.63,54,0.3682,0.9301,False
Turkish,FAST,h,0.612,21,0.398,0.9301,False
Turkish,SMALL,i,0.609,22,0.408,0.9301,False
Turkish,SMOOTH,d,-0.605,30,0.3731,0.9301,False
Turkish,SHARP,m,-0.585,47,0.3433,0.9301,False
Turkish,SLOW,ɾ,-0.585,15,0.403,0.9301,False
Turkish,ROUND,ɫ,-0.53,42,0.408,0.9301,False
Turkish,SHARP,u,-0.52,9,0.3881,0.9301,False
Turkish,DARK,ʊ,-0.598,22,0.4129,0.9368,False
Turkish,QUIET,ɯ,-0.835,23,0.4328,0.9541,False
Turkish,BIG,m,-0.794,16,0.4478,0.9541,False
Turkish,SLOW,s,-0.701,35,0.4279,0.9541,False
Turkish,SMOOTH,o,-0.61,15,0.4378,0.9541,False
Turkish,FAST,ɔ,-0.577,11,0.4378,0.9541,False
Turkish,SMOOTH,h,0.571,22,0.4428,0.9541,False
Turkish,DARK,d͡ʒ,0.561,17,0.4478,0.9541,False
Turkish,SHARP,r,0.558,57,0.4428,0.9541,False
Turkish,ROUND,e,0.539,47,0.4328,0.9541,False
Turkish,ROUND,d,-0.52,34,0.4378,0.9541,False
Turkish,SMOOTH,ʊ,-0.498,27,0.4478,0.9541,False
Turkish,ROUND,d͡ʒ,-0.489,11,0.4378,0.9541,False
Turkish,SHARP,f,0.592,12,0.4527,0.9558,False
Turkish,DARK,ɫ,-0.58,34,0.4527,0.9558,False
Turkish,BRIGHT,œ,-1.02,3,0.4577,0.959,False
Turkish,BRIGHT,ɾ,-0.944,5,0.4627,0.959,False
Turkish,SLOW,ɫ,-0.675,30,0.4627,0.959,False
Turkish,ROUND,u,-0.473,13,0.4627,0.959,False
Turkish,ROUGH,u,1.401,3,0.4876,0.9648,False
Turkish,ROUGH,n,-1.386,4,0.5025,0.9648,False
Turkish,LOUD,ɯ,-1.249,6,0.5174,0.9648,False
Turkish,BRIGHT,f,0.917,6,0.4776,0.9648,False
Turkish,BRIGHT,t,-0.865,17,0.5124,0.9648,False
Turkish,BRIGHT,ʃ,-0.802,7,0.5274,0.9648,False
Turkish,BIG,ɪ,0.798,25,0.5174,0.9648,False
Turkish,BRIGHT,v,0.771,8,0.5323,0.9648,False
Turkish,BRIGHT,ʊ,-0.768,7,0.5224,0.9648,False
Turkish,BIG,a,-0.67,49,0.5473,0.9648,False
Turkish,QUIET,b,-0.653,16,0.5473,0.9648,False
Turkish,BIG,œ,0.636,7,0.5522,0.9648,False
Turkish,QUIET,d͡ʒ,0.59,11,0.5224,0.9648,False
Turkish,QUIET,o,0.588,14,0.5522,0.9648,False
Turkish,SLOW,ɟ,-0.585,7,0.5522,0.9648,False
Turkish,SLOW,ʊ,-0.568,21,0.5522,0.9648,False
Turkish,SLOW,t,-0.558,46,0.4876,0.9648,False
Turkish,FAST,ʊ,-0.553,24,0.4677,0.9648,False
Turkish,SMALL,ɟ,-0.552,6,0.5174,0.9648,False
Turkish,QUIET,i,0.539,18,0.5274,0.9648,False
Turkish,SLOW,z,-0.536,18,0.5274,0.9648,False
Turkish,FAST,ɾ,0.529,27,0.5124,0.9648,False
Turkish,FAST,r,-0.528,53,0.5075,0.9648,False
Turkish,SMALL,t͡ʃ,-0.519,14,0.4726,0.9648,False
Turkish,SMOOTH,d͡ʒ,-0.513,10,0.4876,0.9648,False
Turkish,SMALL,j,0.492,40,0.5224,0.9648,False
Turkish,DARK,æ,-0.492,10,0.5124,0.9648,False
Turkish,SMOOTH,ɡ,-0.488,4,0.5025,0.9648,False
Turkish,SMALL,l,-0.485,22,0.5423,0.9648,False
Turkish,FAST,a,0.477,209,0.5075,0.9648,False
Turkish,DARK,ʃ,0.438,33,0.5373,0.9648,False
Turkish,FAST,z,0.418,32,0.5473,0.9648,False
Turkish,SMOOTH,p,-0.379,17,0.5473,0.9648,False
Turkish,ROUND,s,0.373,74,0.5174,0.9648,False
Turkish,LOUD,i,-1.036,4,0.5572,0.9698,False
Turkish,ROUGH,a,-1.029,12,0.6269,0.9755,False
Turkish,LOUD,z,0.996,8,0.5871,0.9755,False
Turkish,LOUD,ʊ,0.961,12,0.6318,0.9755,False
Turkish,LOUD,t,0.934,16,0.5821,0.9755,False
Turkish,LOUD,b,-0.781,5,0.597,0.9755,False
Turkish,BRIGHT,s,-0.755,14,0.597,0.9755,False
Turkish,BIG,r,0.627,23,0.592,0.9755,False
Turkish,BRIGHT,ɫ,0.618,21,0.6318,0.9755,False
Turkish,BRIGHT,k,-0.573,45,0.6119,0.9755,False
Turkish,BIG,v,-0.53,4,0.6219,0.9755,False
Turkish,QUIET,ɡ,0.493,5,0.597,0.9755,False
Turkish,BIG,z,-0.474,7,0.6418,0.9755,False
Turkish,FAST,ø,-0.467,14,0.5721,0.9755,False
Turkish,QUIET,z,-0.456,13,0.6269,0.9755,False
Turkish,SLOW,r,-0.452,48,0.607,0.9755,False
Turkish,SMALL,ɫ,-0.443,28,0.5821,0.9755,False
Turkish,ROUND,i,0.41,33,0.6119,0.9755,False
Turkish,SLOW,ɯ,-0.407,41,0.6169,0.9755,False
Turkish,SHARP,o,-0.406,13,0.5672,0.9755,False
Turkish,FAST,ɫ,-0.388,39,0.6418,0.9755,False
Turkish,ROUND,f,0.378,15,0.5821,0.9755,False
Turkish,SHARP,ɟ,-0.369,8,0.592,0.9755,False
Turkish,ROUND,j,0.363,61,0.6219,0.9755,False
Turkish,DARK,t͡ʃ,-0.362,20,0.6368,0.9755,False
Turkish,DARK,r,-0.359,53,0.592,0.9755,False
Turkish,FAST,t͡ʃ,-0.353,21,0.6119,0.9755,False
Turkish,DARK,s,-0.327,46,0.5821,0.9755,False
Turkish,ROUND,ɾ,0.324,29,0.602,0.9755,False
Turkish,ROUGH,ɯ,1.012,7,0.6667,0.9774,False
Turkish,BRIGHT,z,-0.632,7,0.6667,0.9774,False
Turkish,BRIGHT,e,0.564,15,0.6716,0.9774,False
Turkish,BRIGHT,j,0.515,20,0.6667,0.9774,False
Turkish,QUIET,n,0.471,50,0.6667,0.9774,False
Turkish,QUIET,d,0.459,28,0.6816,0.9774,False
Turkish,QUIET,ɪ,-0.411,35,0.6816,0.9774,False
Turkish,SLOW,ɔ,-0.364,12,0.6816,0.9774,False
Turkish,SMALL,u,0.35,15,0.6617,0.9774,False
Turkish,ROUND,h,0.337,21,0.6517,0.9774,False
Turkish,FAST,ʃ,-0.325,25,0.6517,0.9774,False
Turkish,ROUND,n,-0.322,75,0.6816,0.9774,False
Turkish,SMOOTH,y,0.317,16,0.6567,0.9774,False
Turkish,SHARP,ø,-0.314,14,0.6816,0.9774,False
Turkish,ROUND,b,0.307,45,0.6716,0.9774,False
Turkish,SHARP,ɔ,-0.293,12,0.6716,0.9774,False
Turkish,SHARP,b,-0.286,26,0.6766,0.9774,False
Turkish,ROUGH,ɪ,-0.677,5,0.7463,0.9802,False
Turkish,ROUGH,m,-0.66,5,0.791,0.9802,False
Turkish,LOUD,f,0.644,3,0.7562,0.9802,False
Turkish,ROUGH,ɛ,0.539,9,0.791,0.9802,False
Turkish,LOUD,e,-0.482,7,0.7761,0.9802,False
Turkish,BIG,k,0.456,54,0.7313,0.9802,False
Turkish,BRIGHT,ɪ,-0.407,21,0.6965,0.9802,False
Turkish,BIG,o,0.337,7,0.7562,0.9802,False
Turkish,SLOW,t͡ʃ,0.337,26,0.7164,0.9802,False
Turkish,BRIGHT,ø,-0.335,6,0.7811,0.9802,False
Turkish,FAST,ɟ,0.334,15,0.6965,0.9802,False
Turkish,BIG,ʃ,0.323,11,0.7264,0.9802,False
Turkish,QUIET,j,0.309,32,0.7711,0.9802,False
Turkish,FAST,p,-0.306,17,0.7164,0.9802,False
Turkish,SLOW,ʃ,0.292,29,0.7662,0.9802,False
Turkish,BIG,ʊ,-0.289,10,0.7662,0.9802,False
Turkish,ROUND,œ,-0.287,16,0.7164,0.9802,False
Turkish,QUIET,y,0.286,9,0.7811,0.9802,False
Turkish,SMALL,h,0.282,13,0.7015,0.9802,False
Turkish,DARK,l,-0.277,31,0.7065,0.9802,False
Turkish,SMALL,t,0.274,49,0.7164,0.9802,False
Turkish,SHARP,ɯ,0.272,50,0.7164,0.9802,False
Turkish,FAST,v,-0.266,14,0.7512,0.9802,False
Turkish,DARK,u,-0.264,13,0.6866,0.9802,False
Turkish,SMALL,ø,-0.263,13,0.7612,0.9802,False
Turkish,ROUND,ɟ,-0.26,12,0.6915,0.9802,False
Turkish,SHARP,ɡ,-0.258,4,0.7065,0.9802,False
Turkish,DARK,o,-0.248,16,0.7463,0.9802,False
Turkish,SMOOTH,l,-0.247,35,0.7861,0.9802,False
Turkish,SMALL,ɔ,-0.243,11,0.791,0.9802,False
Turkish,SHARP,œ,0.236,15,0.7313,0.9802,False
Turkish,SMOOTH,ɾ,0.234,26,0.7413,0.9802,False
Turkish,ROUND,y,-0.233,12,0.7214,0.9802,False
Turkish,DARK,t,0.233,63,0.7612,0.9802,False
Turkish,QUIET,ʃ,-0.232,16,0.7612,0.9802,False
Turkish,DARK,y,-0.228,10,0.7612,0.9802,False
Turkish,ROUND,ɡ,0.219,8,0.7413,0.9802,False
Turkish,FAST,b,-0.217,32,0.7811,0.9802,False
Turkish,FAST,f,0.216,12,0.7463,0.9802,False
Turkish,FAST,d͡ʒ,0.209,15,0.7861,0.9802,False
Turkish,QUIET,e,-0.209,22,0.791,0.9802,False
Turkish,DARK,p,-0.185,18,0.7861,0.9802,False
Turkish,SHARP,n,-0.175,57,0.791,0.9802,False
Turkish,ROUND,r,0.149,72,0.7861,0.9802,False
Turkish,SMOOTH,œ,-0.145,16,0.791,0.9802,False
Turkish,ROUGH,p,0.7,3,0.806,0.9822,False
Turkish,ROUGH,j,-0.584,4,0.8657,0.9822,False
Turkish,ROUGH,s,-0.562,4,0.8109,0.9822,False
Turkish,ROUGH,t͡ʃ,0.56,3,0.8209,0.9822,False
Turkish,LOUD,j,0.443,11,0.8259,0.9822,False
Turkish,LOUD,ʃ,-0.371,5,0.8856,0.9822,False
Turkish,BRIGHT,m,0.355,34,0.8358,0.9822,False
Turkish,BRIGHT,d͡ʒ,-0.314,4,0.8458,0.9822,False
Turkish,ROUGH,l,-0.312,3,0.8706,0.9822,False
Turkish,BIG,b,0.309,13,0.8109,0.9822,False
Turkish,BIG,l,0.275,13,0.8109,0.9822,False
Turkish,BIG,e,0.273,13,0.8557,0.9822,False
Turkish,LOUD,m,-0.27,14,0.8905,0.9822,False
Turkish,BIG,f,-0.263,3,0.8358,0.9822,False
Turkish,BRIGHT,ɯ,-0.261,18,0.8557,0.9822,False
Turkish,ROUGH,r,0.256,6,0.8806,0.9822,False
Turkish,LOUD,ɾ,0.246,5,0.8557,0.9822,False
Turkish,QUIET,m,-0.222,43,0.8259,0.9822,False
Turkish,BRIGHT,p,0.201,9,0.8458,0.9822,False
Turkish,SHARP,s,-0.181,43,0.8109,0.9822,False
Turkish,QUIET,œ,-0.179,9,0.8607,0.9822,False
Turkish,QUIET,ɛ,-0.17,49,0.8358,0.9822,False
Turkish,SHARP,ʃ,0.165,26,0.8109,0.9822,False
Turkish,SHARP,ɫ,0.163,41,0.806,0.9822,False
Turkish,BRIGHT,d,-0.161,13,0.8905,0.9822,False
Turkish,DARK,n,0.16,72,0.8159,0.9822,False
Turkish,DARK,d,-0.158,34,0.8308,0.9822,False
Turkish,ROUND,m,-0.157,84,0.8159,0.9822,False
Turkish,DARK,ɯ,-0.157,49,0.8308,0.9822,False
Turkish,DARK,ø,0.152,24,0.8507,0.9822,False
Turkish,SLOW,j,-0.152,42,0.8706,0.9822,False
Turkish,SHARP,e,0.148,32,0.8358,0.9822,False
Turkish,DARK,z,-0.146,24,0.806,0.9822,False
Turkish,BIG,ɛ,0.145,29,0.8856,0.9822,False
Turkish,SMOOTH,j,0.144,54,0.8557,0.9822,False
Turkish,BRIGHT,a,0.141,70,0.8955,0.9822,False
Turkish,FAST,œ,-0.141,15,0.8806,0.9822,False
Turkish,ROUND,z,-0.139,29,0.8905,0.9822,False
Turkish,SHARP,d,-0.137,30,0.8706,0.9822,False
Turkish,QUIET,f,-0.136,6,0.9005,0.9822,False
Turkish,SLOW,d,-0.126,32,0.8706,0.9822,False
Turkish,SMALL,s,0.122,43,0.8756,0.9822,False
Turkish,ROUND,ɪ,-0.117,71,0.8657,0.9822,False
Turkish,QUIET,l,-0.116,21,0.8955,0.9822,False
Turkish,FAST,s,0.106,58,0.9005,0.9822,False
Turkish,QUIET,ɫ,-0.105,27,0.9154,0.9822,False
Turkish,SMOOTH,a,-0.103,190,0.9104,0.9822,False
Turkish,SHARP,æ,0.099,13,0.8905,0.9822,False
Turkish,DARK,ɪ,0.099,62,0.9154,0.9822,False
Turkish,DARK,ɔ,-0.092,16,0.9104,0.9822,False
Turkish,DARK,œ,0.079,16,0.9055,0.9822,False
Turkish,SHARP,p,0.078,19,0.8905,0.9822,False
Turkish,FAST,l,-0.06,35,0.9104,0.9822,False
Turkish,ROUND,ø,0.059,27,0.9154,0.9822,False
Turkish,BRIGHT,h,-0.114,5,0.9204,0.9852,False
Turkish,ROUGH,d,0.269,4,0.9353,0.9919,False
Turkish,LOUD,p,0.194,5,0.9353,0.9919,False
Turkish,SMOOTH,k,-0.065,152,0.9303,0.9919,False
Turkish,SMOOTH,z,-0.054,28,0.9353,0.9919,False
Turkish,BRIGHT,æ,-0.122,5,0.9403,0.9948,False
Turkish,LOUD,v,-0.178,3,0.9502,1.0,False
Turkish,LOUD,d͡ʒ,0.166,3,0.9602,1.0,False
Turkish,BRIGHT,ɛ,-0.093,30,0.9502,1.0,False
Turkish,SHARP,k,-0.064,119,0.9602,1.0,False
Turkish,QUIET,ø,-0.062,13,0.9552,1.0,False
Turkish,BRIGHT,t͡ʃ,-0.058,9,0.9751,1.0,False
Turkish,QUIET,a,0.056,114,0.9552,1.0,False
Turkish,BIG,ɫ,-0.054,15,0.99,1.0,False
Turkish,LOUD,k,0.05,30,0.9851,1.0,False
Turkish,FAST,u,-0.045,16,0.9701,1.0,False
Turkish,LOUD,ɛ,-0.036,17,0.99,1.0,False
Turkish,BRIGHT,l,-0.023,13,0.9801,1.0,False
Turkish,SMOOTH,b,-0.022,37,0.9652,1.0,False
Turkish,SMOOTH,ɪ,0.022,68,0.9652,1.0,False
Turkish,FAST,k,-0.018,144,0.9801,1.0,False
Turkish,SMALL,y,-0.015,9,0.9801,1.0,False
Turkish,FAST,ɡ,0.012,6,0.99,1.0,False
Turkish,LOUD,h,-0.012,3,1.0,1.0,False
Turkish,SHARP,l,0.011,30,0.995,1.0,False
Turkish,SMOOTH,ʃ,-0.003,31,0.995,1.0,False
Turkish,SMALL,a,-0.001,135,0.99,1.0,False
Turkish,SMALL,ʊ,-0.0,27,1.0,1.0,False
Vietnamese,QUIET,a͡ɪ,3.315,17,0.005,0.6716,False
Vietnamese,SHARP,ə͡ɪ,3.066,38,0.005,0.6716,False
Vietnamese,SHARP,i͡ə,3.059,10,0.005,0.6716,False
Vietnamese,SHARP,k,2.842,126,0.005,0.6716,False
Vietnamese,SLOW,t̪,2.513,37,0.0149,0.7327,False
Vietnamese,DARK,w,2.258,110,0.01,0.7327,False
Vietnamese,QUIET,e,2.123,31,0.01,0.7327,False
Vietnamese,DARK,a,2.024,158,0.0149,0.7327,False
Vietnamese,FAST,t,1.937,54,0.0149,0.7327,False
Vietnamese,ROUND,b,1.594,68,0.0149,0.7327,False
Vietnamese,ROUGH,x,3.034,4,0.0249,0.7463,False
Vietnamese,BRIGHT,h,2.496,40,0.0249,0.7463,False
Vietnamese,SMALL,y͡ə,2.252,35,0.0249,0.7463,False
Vietnamese,QUIET,l,2.064,30,0.0199,0.7463,False
Vietnamese,SHARP,c,1.743,37,0.0249,0.7463,False
Vietnamese,ROUND,t͡ʃ,1.441,80,0.0249,0.7463,False
Vietnamese,ROUGH,z,3.013,8,0.0299,0.7676,False
Vietnamese,SMOOTH,ə,1.685,89,0.0299,0.7676,False
Vietnamese,SMOOTH,t,1.487,51,0.0299,0.7676,False
Vietnamese,BIG,o,2.315,28,0.0348,0.7836,False
Vietnamese,SMOOTH,t͡ʃ,1.462,62,0.0348,0.7836,False
Vietnamese,FAST,u͡ə,1.352,24,0.0348,0.7836,False
Vietnamese,LOUD,ɔ,2.609,19,0.0498,0.8266,False
Vietnamese,LOUD,f,2.485,5,0.0498,0.8266,False
Vietnamese,SLOW,u͡ə,2.325,11,0.0448,0.8266,False
Vietnamese,BIG,ɲ,2.162,17,0.0547,0.8266,False
Vietnamese,BRIGHT,w,1.994,54,0.0398,0.8266,False
Vietnamese,SHARP,ə,-1.578,26,0.0547,0.8266,False
Vietnamese,FAST,v,-1.297,5,0.0597,0.8266,False
Vietnamese,SMOOTH,y,1.296,21,0.0597,0.8266,False
Vietnamese,ROUND,m,-1.236,41,0.0398,0.8266,False
Vietnamese,SMOOTH,o,-1.183,17,0.0547,0.8266,False
Vietnamese,BRIGHT,l,-1.813,4,0.0697,0.8358,False
Vietnamese,SHARP,e,-1.304,17,0.0697,0.8358,False
Vietnamese,SHARP,ɣ,1.18,16,0.0697,0.8358,False
Vietnamese,BIG,ŋ,2.05,30,0.1045,0.8465,False
Vietnamese,BIG,ɣ,1.967,6,0.1095,0.8465,False
Vietnamese,SLOW,p,1.861,8,0.0846,0.8465,False
Vietnamese,BRIGHT,ɗ,-1.685,5,0.1045,0.8465,False
Vietnamese,BRIGHT,ɲ,1.675,28,0.0796,0.8465,False
Vietnamese,BRIGHT,a,1.644,78,0.1045,0.8465,False
Vietnamese,QUIET,c,-1.595,6,0.0746,0.8465,False
Vietnamese,QUIET,a,-1.523,52,0.0995,0.8465,False
Vietnamese,SMALL,ŋ,1.427,69,0.0846,0.8465,False
Vietnamese,SHARP,ɲ,-1.399,15,0.0796,0.8465,False
Vietnamese,SMALL,i͡ɛ,-1.296,12,0.1144,0.8465,False
Vietnamese,DARK,m,1.25,61,0.1045,0.8465,False
Vietnamese,FAST,y,1.246,19,0.0896,0.8465,False
Vietnamese,SMOOTH,ɜ,1.125,149,0.1095,0.8465,False
Vietnamese,ROUND,ɲ,-1.124,28,0.0945,0.8465,False
Vietnamese,SHARP,t͡ʃ,-1.011,23,0.1144,0.8465,False
Vietnamese,ROUND,ə,-0.952,54,0.1144,0.8465,False
Vietnamese,QUIET,t,1.312,28,0.1443,0.886,False
Vietnamese,DARK,l,-1.241,13,0.1443,0.886,False
Vietnamese,DARK,b,1.197,39,0.1393,0.886,False
Vietnamese,FAST,u,-1.137,13,0.1542,0.886,False
Vietnamese,SHARP,p,-1.111,4,0.1493,0.886,False
Vietnamese,DARK,p,-1.11,4,0.1443,0.886,False
Vietnamese,DARK,i͡ɛ,-1.103,17,0.1542,0.886,False
Vietnamese,FAST,b,1.067,40,0.1493,0.886,False
Vietnamese,FAST,e,1.012,39,0.1294,0.886,False
Vietnamese,ROUND,j,0.823,97,0.1542,0.886,False
Vietnamese,ROUGH,u,2.338,4,0.1592,0.8863,False
Vietnamese,FAST,ɗ,1.133,40,0.1592,0.8863,False
Vietnamese,ROUND,i,-0.866,41,0.1642,0.8866,False
Vietnamese,FAST,t͡ʃ,-1.146,23,0.1692,0.9044,False
Vietnamese,ROUGH,s,2.23,5,0.194,0.9107,False
Vietnamese,ROUGH,i͡ɛ,2.223,3,0.1791,0.9107,False
Vietnamese,BRIGHT,o,-1.39,5,0.1891,0.9107,False
Vietnamese,BRIGHT,n,-1.334,21,0.194,0.9107,False
Vietnamese,QUIET,f,1.263,10,0.1791,0.9107,False
Vietnamese,QUIET,i͡ɛ,1.159,20,0.199,0.9107,False
Vietnamese,DARK,j,-0.977,28,0.1891,0.9107,False
Vietnamese,DARK,t̪,-0.973,35,0.1791,0.9107,False
Vietnamese,SHARP,ɜ,0.933,122,0.1841,0.9107,False
Vietnamese,ROUND,a,-0.912,137,0.199,0.9107,False
Vietnamese,ROUGH,j,2.307,8,0.2239,0.9249,False
Vietnamese,ROUGH,i,2.286,5,0.2388,0.9249,False
Vietnamese,ROUGH,v,2.159,3,0.2786,0.9249,False
Vietnamese,ROUGH,n,2.102,10,0.3532,0.9249,False
Vietnamese,LOUD,j,-1.738,3,0.2139,0.9249,False
Vietnamese,BIG,u,1.526,11,0.2139,0.9249,False
Vietnamese,ROUGH,c,1.519,3,0.4527,0.9249,False
Vietnamese,LOUD,t͡ʃ,-1.494,4,0.3582,0.9249,False
Vietnamese,BIG,i,-1.461,6,0.2388,0.9249,False
Vietnamese,LOUD,i,-1.429,5,0.3134,0.9249,False
Vietnamese,BIG,n,-1.404,11,0.2388,0.9249,False
Vietnamese,LOUD,ɣ,1.356,4,0.4229,0.9249,False
Vietnamese,SLOW,ŋ,-1.35,11,0.209,0.9249,False
Vietnamese,SLOW,ə,1.336,25,0.2139,0.9249,False
Vietnamese,LOUD,ɛ,1.291,5,0.393,0.9249,False
Vietnamese,LOUD,ɗ,1.277,9,0.3731,0.9249,False
Vietnamese,LOUD,h,1.238,12,0.4179,0.9249,False
Vietnamese,BRIGHT,ɔ,-1.226,3,0.2935,0.9249,False
Vietnamese,SLOW,ɗ,-1.218,5,0.2338,0.9249,False
Vietnamese,BIG,t͡ʃ,-1.167,6,0.403,0.9249,False
Vietnamese,BIG,ɜ,-1.136,18,0.3483,0.9249,False
Vietnamese,SLOW,m,1.128,21,0.2886,0.9249,False
Vietnamese,SLOW,i͡ɛ,-1.111,6,0.3383,0.9249,False
Vietnamese,BRIGHT,ŋ,-1.109,19,0.2786,0.9249,False
Vietnamese,QUIET,w,-1.1,17,0.2537,0.9249,False
Vietnamese,QUIET,b,-1.08,4,0.2488,0.9249,False
Vietnamese,QUIET,y͡ə,-1.066,5,0.2537,0.9249,False
Vietnamese,BIG,p,1.055,5,0.403,0.9249,False
Vietnamese,SMALL,v,1.046,19,0.2438,0.9249,False
Vietnamese,LOUD,ə,-1.039,8,0.5224,0.9249,False
Vietnamese,LOUD,l,1.028,8,0.5124,0.9249,False
Vietnamese,SMALL,k,-1.012,19,0.2338,0.9249,False
Vietnamese,SMALL,ɗ,1.01,27,0.2289,0.9249,False
Vietnamese,QUIET,y,1.0,11,0.3085,0.9249,False
Vietnamese,SLOW,y͡ə,-0.968,3,0.3731,0.9249,False
Vietnamese,BRIGHT,ɛ,0.937,10,0.393,0.9249,False
Vietnamese,SMALL,t̪,-0.929,27,0.2687,0.9249,False
Vietnamese,SLOW,u,-0.929,5,0.4328,0.9249,False
Vietnamese,BRIGHT,y͡ə,0.906,16,0.3731,0.9249,False
Vietnamese,SLOW,a,-0.904,32,0.3333,0.9249,False
Vietnamese,DARK,n,-0.894,50,0.2488,0.9249,False
Vietnamese,QUIET,ɜ,-0.887,48,0.3035,0.9249,False
Vietnamese,SMOOTH,ɛ,0.883,22,0.2189,0.9249,False
Vietnamese,DARK,s,0.869,41,0.2836,0.9249,False
Vietnamese,BRIGHT,m,0.847,29,0.4229,0.9249,False
Vietnamese,SLOW,b,0.847,12,0.4279,0.9249,False
Vietnamese,DARK,u,-0.842,15,0.2289,0.9249,False
Vietnamese,BRIGHT,i,0.841,23,0.393,0.9249,False
Vietnamese,BRIGHT,z,-0.831,10,0.4726,0.9249,False
Vietnamese,QUIET,i,0.831,30,0.393,0.9249,False
Vietnamese,FAST,j,0.828,69,0.2687,0.9249,False
Vietnamese,ROUND,ɛ,-0.824,12,0.2587,0.9249,False
Vietnamese,SLOW,t͡ʃ,0.824,16,0.4577,0.9249,False
Vietnamese,SLOW,j,-0.823,11,0.4279,0.9249,False
Vietnamese,SHARP,y,0.817,15,0.2388,0.9249,False
Vietnamese,SHARP,l,-0.816,17,0.2935,0.9249,False
Vietnamese,FAST,n,0.815,95,0.2786,0.9249,False
Vietnamese,BRIGHT,k,-0.807,16,0.4925,0.9249,False
Vietnamese,QUIET,n,0.802,60,0.3483,0.9249,False
Vietnamese,SMALL,p,0.799,12,0.2886,0.9249,False
Vietnamese,SMOOTH,i͡ɛ,0.799,32,0.2388,0.9249,False
Vietnamese,ROUND,s,-0.793,30,0.2786,0.9249,False
Vietnamese,BIG,h,0.779,12,0.5224,0.9249,False
Vietnamese,ROUND,z,-0.764,31,0.2388,0.9249,False
Vietnamese,SHARP,o,-0.747,25,0.2488,0.9249,False
Vietnamese,FAST,ɲ,-0.745,25,0.2886,0.9249,False
Vietnamese,SLOW,v,0.745,8,0.4876,0.9249,False
Vietnamese,FAST,o,-0.744,27,0.3184,0.9249,False
Vietnamese,QUIET,s,-0.735,14,0.4378,0.9249,False
Vietnamese,SLOW,ɛ,-0.734,3,0.4328,0.9249,False
Vietnamese,SMOOTH,u͡ə,-0.726,4,0.3035,0.9249,False
Vietnamese,FAST,a,0.724,138,0.2935,0.9249,False
Vietnamese,ROUND,ɔ,0.723,67,0.2687,0.9249,False
Vietnamese,SLOW,ɜ,0.723,41,0.5124,0.9249,False
Vietnamese,ROUND,v,0.72,34,0.2488,0.9249,False
Vietnamese,QUIET,t͡ʃ,0.718,30,0.4378,0.9249,False
Vietnamese,ROUND,i͡ɛ,-0.716,29,0.2537,0.9249,False
Vietnamese,QUIET,o,0.716,41,0.4428,0.9249,False
Vietnamese,SLOW,c,0.713,10,0.5224,0.9249,False
Vietnamese,SMALL,b,0.71,24,0.3532,0.9249,False
Vietnamese,ROUND,ɗ,0.706,50,0.2935,0.9249,False
Vietnamese,SHARP,v,-0.69,10,0.3333,0.9249,False
Vietnamese,ROUND,n,-0.685,83,0.2587,0.9249,False
Vietnamese,DARK,t,-0.682,12,0.3682,0.9249,False
Vietnamese,SMALL,m,0.678,40,0.4179,0.9249,False
Vietnamese,FAST,h,-0.676,14,0.3134,0.9249,False
Vietnamese,FAST,ə,-0.67,43,0.3184,0.9249,False
Vietnamese,DARK,ɣ,-0.669,4,0.408,0.9249,False
Vietnamese,SLOW,n,0.665,30,0.5075,0.9249,False
Vietnamese,SMOOTH,ŋ,-0.662,54,0.3532,0.9249,False
Vietnamese,DARK,u͡ə,-0.661,4,0.4478,0.9249,False
Vietnamese,ROUND,e,-0.651,34,0.3184,0.9249,False
Vietnamese,QUIET,ə,0.644,41,0.5174,0.9249,False
Vietnamese,ROUND,u͡ə,0.64,24,0.3383,0.9249,False
Vietnamese,ROUND,i͡ə,0.634,5,0.3284,0.9249,False
Vietnamese,SHARP,z,-0.633,23,0.3582,0.9249,False
Vietnamese,ROUND,ɜ,0.632,172,0.3184,0.9249,False
Vietnamese,SMOOTH,y͡ə,0.627,32,0.2985,0.9249,False
Vietnamese,DARK,o,-0.62,28,0.3881,0.9249,False
Vietnamese,SHARP,t,-0.615,13,0.3682,0.9249,False
Vietnamese,SMOOTH,k,-0.606,42,0.3731,0.9249,False
Vietnamese,SMALL,ɛ,-0.604,7,0.4925,0.9249,False
Vietnamese,QUIET,t̪,-0.6,29,0.5224,0.9249,False
Vietnamese,SMALL,t,-0.593,10,0.5025,0.9249,False
Vietnamese,BRIGHT,t,-0.586,7,0.5224,0.9249,False
Vietnamese,ROUND,ŋ,0.574,111,0.3881,0.9249,False
Vietnamese,FAST,ɣ,-0.571,5,0.4776,0.9249,False
Vietnamese,SMOOTH,ɗ,0.57,37,0.4428,0.9249,False
Vietnamese,ROUND,k,0.569,101,0.3881,0.9249,False
Vietnamese,SMOOTH,a,-0.567,115,0.3731,0.9249,False
Vietnamese,DARK,i,-0.565,30,0.4826,0.9249,False
Vietnamese,QUIET,x,0.559,12,0.5075,0.9249,False
Vietnamese,SHARP,u͡ə,0.549,15,0.4279,0.9249,False
Vietnamese,SMOOTH,u,-0.548,21,0.4129,0.9249,False
Vietnamese,FAST,w,-0.545,42,0.3831,0.9249,False
Vietnamese,SMOOTH,b,-0.544,16,0.398,0.9249,False
Vietnamese,SMOOTH,z,-0.54,29,0.403,0.9249,False
Vietnamese,SMALL,f,0.538,8,0.5075,0.9249,False
Vietnamese,ROUND,h,-0.536,24,0.3682,0.9249,False
Vietnamese,SHARP,h,-0.527,16,0.4826,0.9249,False
Vietnamese,SHARP,b,-0.522,14,0.4726,0.9249,False
Vietnamese,SHARP,ɗ,-0.518,21,0.4925,0.9249,False
Vietnamese,SMOOTH,c,-0.511,21,0.4129,0.9249,False
Vietnamese,SMALL,w,-0.508,30,0.5224,0.9249,False
Vietnamese,DARK,x,-0.508,5,0.5025,0.9249,False
Vietnamese,DARK,y,0.497,13,0.5075,0.9249,False
Vietnamese,SMALL,t͡ʃ,-0.493,22,0.5224,0.9249,False
Vietnamese,ROUND,u,0.493,43,0.4328,0.9249,False
Vietnamese,SMOOTH,m,0.473,59,0.4378,0.9249,False
Vietnamese,SMOOTH,h,-0.472,20,0.5075,0.9249,False
Vietnamese,SMOOTH,s,-0.468,28,0.4677,0.9249,False
Vietnamese,DARK,ə,-0.466,43,0.4876,0.9249,False
Vietnamese,SMOOTH,w,-0.465,48,0.4577,0.9249,False
Vietnamese,SHARP,u,0.456,28,0.4378,0.9249,False
Vietnamese,DARK,z,-0.424,27,0.5224,0.9249,False
Vietnamese,ROUGH,ə,1.301,6,0.5274,0.9267,False
Vietnamese,LOUD,p,0.984,4,0.5373,0.9267,False
Vietnamese,SHARP,n,-0.45,60,0.5423,0.9267,False
Vietnamese,FAST,t̪,-0.45,49,0.5373,0.9267,False
Vietnamese,FAST,l,0.443,31,0.5274,0.9267,False
Vietnamese,SMALL,o,0.43,40,0.5423,0.9267,False
Vietnamese,FAST,ŋ,-0.395,56,0.5373,0.9267,False
Vietnamese,FAST,ɔ,-0.387,24,0.5373,0.9267,False
Vietnamese,SMOOTH,p,-0.385,10,0.5323,0.9267,False
Vietnamese,SMALL,j,0.419,42,0.5522,0.9378,False
Vietnamese,DARK,ɔ,0.412,38,0.5522,0.9378,False
Vietnamese,BRIGHT,b,-0.562,7,0.5572,0.9395,False
Vietnamese,QUIET,ŋ,0.511,49,0.5622,0.9395,False
Vietnamese,DARK,f,-0.482,5,0.5622,0.9395,False
Vietnamese,SHARP,ɔ,-0.402,22,0.5572,0.9395,False
Vietnamese,SMOOTH,t̪,0.397,73,0.5672,0.9395,False
Vietnamese,LOUD,k,-0.832,7,0.5871,0.9427,False
Vietnamese,BIG,l,0.748,9,0.597,0.9427,False
Vietnamese,SMALL,l,-0.499,15,0.5871,0.9427,False
Vietnamese,DARK,ɗ,-0.412,22,0.597,0.9427,False
Vietnamese,FAST,f,-0.379,6,0.597,0.9427,False
Vietnamese,SMOOTH,e,0.357,36,0.597,0.9427,False
Vietnamese,SMOOTH,ə͡ɪ,-0.357,4,0.5771,0.9427,False
Vietnamese,SMOOTH,n,-0.341,73,0.592,0.9427,False
Vietnamese,BRIGHT,t͡ʃ,0.567,22,0.6119,0.9464,False
Vietnamese,BRIGHT,t̪,0.533,34,0.607,0.9464,False
Vietnamese,SHARP,i͡ɛ,0.364,25,0.6119,0.9464,False
Vietnamese,FAST,s,0.346,37,0.607,0.9464,False
Vietnamese,ROUND,o,0.327,77,0.6169,0.9464,False
Vietnamese,SHARP,f,-0.302,6,0.602,0.9464,False
Vietnamese,ROUGH,ŋ,-1.168,3,0.6617,0.9529,False
Vietnamese,LOUD,o,0.889,15,0.6418,0.9529,False
Vietnamese,LOUD,n,0.701,20,0.6368,0.9529,False
Vietnamese,BIG,m,-0.643,10,0.6667,0.9529,False
Vietnamese,LOUD,u,-0.63,4,0.6915,0.9529,False
Vietnamese,BIG,j,-0.62,10,0.6816,0.9529,False
Vietnamese,BIG,ɗ,0.571,9,0.6567,0.9529,False
Vietnamese,BIG,a,-0.561,28,0.6866,0.9529,False
Vietnamese,BIG,z,0.54,13,0.7015,0.9529,False
Vietnamese,SLOW,w,-0.521,14,0.6915,0.9529,False
Vietnamese,QUIET,ə͡ɪ,0.466,8,0.6617,0.9529,False
Vietnamese,QUIET,k,-0.465,27,0.6517,0.9529,False
Vietnamese,BIG,e,0.461,9,0.7065,0.9529,False
Vietnamese,SLOW,ɣ,0.458,4,0.7065,0.9529,False
Vietnamese,BIG,t̪,0.441,18,0.7114,0.9529,False
Vietnamese,DARK,y͡ə,-0.416,15,0.6318,0.9529,False
Vietnamese,DARK,ə͡ɪ,-0.398,3,0.6716,0.9529,False
Vietnamese,SLOW,l,0.39,10,0.6667,0.9529,False
Vietnamese,SLOW,z,0.372,15,0.7114,0.9529,False
Vietnamese,SMALL,s,0.365,26,0.6368,0.9529,False
Vietnamese,BRIGHT,i͡ɛ,-0.357,11,0.7065,0.9529,False
Vietnamese,FAST,y͡ə,0.356,26,0.6517,0.9529,False
Vietnamese,SMALL,u,-0.347,15,0.6866,0.9529,False
Vietnamese,QUIET,p,-0.346,6,0.7015,0.9529,False
Vietnamese,DARK,ɛ,-0.338,11,0.7164,0.9529,False
Vietnamese,ROUND,y͡ə,0.321,36,0.6318,0.9529,False
Vietnamese,SMOOTH,f,0.313,11,0.6468,0.9529,False
Vietnamese,QUIET,z,-0.306,20,0.6468,0.9529,False
Vietnamese,DARK,ɜ,0.304,104,0.7065,0.9529,False
Vietnamese,SMOOTH,ɔ,0.303,42,0.6866,0.9529,False
Vietnamese,FAST,ɜ,0.3,112,0.6667,0.9529,False
Vietnamese,SMOOTH,i,0.28,45,0.7114,0.9529,False
Vietnamese,SMALL,ɲ,0.266,27,0.7164,0.9529,False
Vietnamese,FAST,ɛ,0.264,16,0.7065,0.9529,False
Vietnamese,SHARP,m,-0.291,40,0.7214,0.9571,False
Vietnamese,LOUD,y͡ə,-0.599,3,0.7313,0.9609,False
Vietnamese,DARK,ɲ,-0.203,30,0.7264,0.9609,False
Vietnamese,SHARP,ɛ,-0.185,12,0.7313,0.9609,False
Vietnamese,BRIGHT,f,-0.348,3,0.7363,0.9651,False
Vietnamese,BIG,ɔ,-0.448,6,0.7413,0.9669,False
Vietnamese,BRIGHT,s,0.356,18,0.7512,0.9682,False
Vietnamese,SLOW,k,-0.356,15,0.7512,0.9682,False
Vietnamese,DARK,t͡ʃ,0.312,39,0.7512,0.9682,False
Vietnamese,DARK,v,0.221,18,0.7463,0.9682,False
Vietnamese,ROUGH,k,0.707,6,0.7562,0.97,False
Vietnamese,ROUGH,w,-0.699,3,0.7612,0.974,False
Vietnamese,LOUD,z,-0.493,6,0.7662,0.9758,False
Vietnamese,LOUD,t̪,0.489,15,0.7662,0.9758,False
Vietnamese,BRIGHT,e,0.342,16,0.7761,0.9781,False
Vietnamese,SLOW,o,0.334,18,0.7861,0.9781,False
Vietnamese,FAST,m,-0.294,43,0.7761,0.9781,False
Vietnamese,BRIGHT,y,0.25,6,0.7811,0.9781,False
Vietnamese,QUIET,m,0.215,32,0.7861,0.9781,False
Vietnamese,QUIET,ɲ,0.206,24,0.7861,0.9781,False
Vietnamese,ROUND,y,0.204,17,0.7761,0.9781,False
Vietnamese,SMOOTH,j,0.145,59,0.791,0.9797,False
Vietnamese,QUIET,j,-0.252,29,0.796,0.9836,False
Vietnamese,BRIGHT,v,-0.302,7,0.801,0.9875,False
Vietnamese,LOUD,w,-0.394,10,0.8109,0.9885,False
Vietnamese,LOUD,ŋ,0.361,16,0.8109,0.9885,False
Vietnamese,BRIGHT,u,-0.236,11,0.8109,0.9885,False
Vietnamese,QUIET,ɛ,-0.227,8,0.806,0.9885,False
Vietnamese,SMALL,ɜ,0.199,76,0.806,0.9885,False
Vietnamese,BIG,i͡ɛ,0.294,7,0.8259,0.991,False
Vietnamese,QUIET,h,-0.228,15,0.8259,0.991,False
Vietnamese,FAST,c,0.222,26,0.8209,0.991,False
Vietnamese,DARK,e,-0.215,26,0.8209,0.991,False
Vietnamese,SHARP,y͡ə,0.174,22,0.8259,0.991,False
Vietnamese,SMALL,ə,-0.15,36,0.8259,0.991,False
Vietnamese,SHARP,j,-0.128,45,0.8259,0.991,False
Vietnamese,LOUD,ɜ,0.409,25,0.8308,0.9941,False
Vietnamese,QUIET,ɔ,0.192,23,0.8358,0.9941,False
Vietnamese,BRIGHT,ə,-0.276,24,0.8408,0.9957,False
Vietnamese,SLOW,ɔ,-0.226,9,0.8408,0.9957,False
Vietnamese,LOUD,i͡ɛ,-0.294,5,0.8507,0.9965,False
Vietnamese,FAST,i,0.147,40,0.8507,0.9965,False
Vietnamese,SMALL,x,-0.143,7,0.8458,0.9965,False
Vietnamese,ROUGH,o,-0.326,3,0.9104,1.0,False
Vietnamese,BRIGHT,u͡ə,-0.258,4,0.8607,1.0,False
Vietnamese,LOUD,e,-0.255,6,0.8607,1.0,False
Vietnamese,ROUGH,a,0.24,10,0.9055,1.0,False
Vietnamese,LOUD,m,0.231,11,0.8806,1.0,False
Vietnamese,LOUD,ɲ,-0.207,7,0.9303,1.0,False
Vietnamese,BIG,ə,0.164,15,0.8607,1.0,False
Vietnamese,QUIET,v,-0.161,10,0.8955,1.0,False
Vietnamese,QUIET,ɣ,-0.157,5,0.9005,1.0,False
Vietnamese,QUIET,u,-0.145,15,0.9005,1.0,False
Vietnamese,BIG,s,-0.141,8,0.9055,1.0,False
Vietnamese,BRIGHT,c,-0.141,11,0.8806,1.0,False
Vietnamese,BIG,w,0.135,16,0.9353,1.0,False
Vietnamese,FAST,k,-0.131,52,0.8955,1.0,False
Vietnamese,SMALL,h,-0.13,18,0.8905,1.0,False
Vietnamese,SHARP,t̪,0.125,57,0.9104,1.0,False
Vietnamese,DARK,h,0.123,29,0.9254,1.0,False
Vietnamese,SHARP,ŋ,-0.122,58,0.8756,1.0,False
Vietnamese,BRIGHT,x,-0.12,5,0.9055,1.0,False
Vietnamese,FAST,p,-0.12,11,0.8905,1.0,False
Vietnamese,DARK,ŋ,-0.117,58,0.8955,1.0,False
Vietnamese,SLOW,i,0.111,13,0.9403,1.0,False
Vietnamese,SLOW,ɲ,0.108,12,0.9453,1.0,False
Vietnamese,SMALL,i,-0.107,26,0.8806,1.0,False
Vietnamese,BRIGHT,ɣ,-0.105,4,0.8955,1.0,False
Vietnamese,LOUD,c,-0.101,5,0.9751,1.0,False
Vietnamese,SMALL,a,-0.099,82,0.8706,1.0,False
Vietnamese,BIG,y͡ə,0.098,6,0.9652,1.0,False
Vietnamese,FAST,z,0.098,40,0.8657,1.0,False
Vietnamese,ROUND,l,-0.096,36,0.8955,1.0,False
Vietnamese,SHARP,x,0.084,12,0.9353,1.0,False
Vietnamese,BRIGHT,p,0.084,6,0.9403,1.0,False
Vietnamese,SHARP,s,0.083,31,0.9204,1.0,False
Vietnamese,SMOOTH,x,0.082,14,0.9353,1.0,False
Vietnamese,ROUND,w,-0.081,77,0.9005,1.0,False
Vietnamese,SMOOTH,v,-0.078,18,0.9254,1.0,False
Vietnamese,ROUND,f,-0.075,11,0.9104,1.0,False
Vietnamese,SMOOTH,l,-0.075,28,0.9303,1.0,False
Vietnamese,SHARP,w,-0.073,51,0.9204,1.0,False
Vietnamese,SHARP,i,-0.069,35,0.9154,1.0,False
Vietnamese,ROUND,ɣ,-0.067,12,0.9403,1.0,False
Vietnamese,SHARP,a,-0.063,110,0.9353,1.0,False
Vietnamese,ROUND,c,-0.06,33,0.9204,1.0,False
Vietnamese,ROUND,t,-0.058,32,0.9701,1.0,False
Vietnamese,BRIGHT,ɜ,-0.057,49,0.9701,1.0,False
Vietnamese,SLOW,e,0.057,10,0.9552,1.0,False
Vietnamese,DARK,k,0.051,53,0.9502,1.0,False
Vietnamese,SLOW,t,0.047,8,0.9453,1.0,False
Vietnamese,SMALL,c,0.043,17,0.9303,1.0,False
Vietnamese,BIG,k,0.039,15,0.9701,1.0,False
Vietnamese,ROUND,p,0.039,17,0.9403,1.0,False
Vietnamese,FAST,i͡ɛ,0.037,25,0.9751,1.0,False
Vietnamese,LOUD,t,-0.036,5,0.9851,1.0,False
Vietnamese,BIG,b,-0.035,6,0.9801,1.0,False
Vietnamese,SMALL,z,-0.033,26,0.9502,1.0,False
Vietnamese,SMALL,ɔ,-0.033,22,0.9801,1.0,False
Vietnamese,QUIET,ɗ,0.033,18,0.9552,1.0,False
Vietnamese,DARK,c,-0.028,22,0.9701,1.0,False
Vietnamese,SMALL,n,0.023,53,0.9751,1.0,False
Vietnamese,ROUND,ə͡ɪ,0.023,11,0.9701,1.0,False
Vietnamese,BRIGHT,j,0.018,25,0.99,1.0,False
Vietnamese,SMALL,e,0.016,21,0.9851,1.0,False
Vietnamese,ROUGH,t͡ʃ,-0.014,3,0.995,1.0,False
Vietnamese,ROUND,t̪,0.012,83,0.9851,1.0,False
Vietnamese,SMOOTH,ɲ,-0.008,38,0.99,1.0,False
Vietnamese,LOUD,s,0.004,7,1.0,1.0,False
Vietnamese,LOUD,a,-0.002,26,1.0,1.0,False
Welsh,QUIET,ð,3.018,34,0.005,0.4876,False
Welsh,SLOW,ʌ,2.555,51,0.005,0.4876,False
Welsh,SLOW,ø,2.434,57,0.005,0.4876,False
Welsh,ROUND,p,2.289,56,0.005,0.4876,False
Welsh,FAST,ŋ,2.185,14,0.005,0.4876,False
Welsh,SMOOTH,h,1.849,46,0.005,0.4876,False
Welsh,LOUD,c,2.974,3,0.0199,0.5851,False
Welsh,LOUD,ɨ,2.889,24,0.0199,0.5851,False
Welsh,SLOW,j,2.634,32,0.01,0.5851,False
Welsh,BRIGHT,ə,2.483,7,0.0249,0.5851,False
Welsh,SHARP,u͡ɨ,2.438,31,0.0149,0.5851,False
Welsh,BIG,a͡ɪ,2.385,11,0.0249,0.5851,False
Welsh,BIG,ə͡ɨ,2.239,4,0.0199,0.5851,False
Welsh,BIG,u,2.205,4,0.0199,0.5851,False
Welsh,DARK,ɨ͡u,2.162,9,0.01,0.5851,False
Welsh,SMOOTH,ɔ͡ɪ,2.042,4,0.0199,0.5851,False
Welsh,SMALL,ŋ,1.975,8,0.0249,0.5851,False
Welsh,DARK,ɪ͡u,1.926,9,0.0149,0.5851,False
Welsh,DARK,ʃ,1.872,7,0.01,0.5851,False
Welsh,SLOW,ɔ,1.819,56,0.0199,0.5851,False
Welsh,SHARP,ɪ͡u,1.796,8,0.0249,0.5851,False
Welsh,ROUND,v,-1.564,14,0.01,0.5851,False
Welsh,ROUND,ʊ,1.553,42,0.0249,0.5851,False
Welsh,SHARP,i,1.627,24,0.0348,0.7061,False
Welsh,ROUND,l,1.535,112,0.0348,0.7061,False
Welsh,SMOOTH,ə,1.52,15,0.0348,0.7061,False
Welsh,FAST,ʃ,1.479,7,0.0348,0.7061,False
Welsh,SHARP,f,1.602,19,0.0398,0.7801,False
Welsh,ROUGH,ɔ͡ɨ,2.585,4,0.0647,0.7923,False
Welsh,ROUGH,a,2.575,19,0.0597,0.7923,False
Welsh,ROUGH,n,-2.4,5,0.0647,0.7923,False
Welsh,BRIGHT,ə͡ɪ,2.146,9,0.0647,0.7923,False
Welsh,SMALL,b,1.824,34,0.0498,0.7923,False
Welsh,SMOOTH,ə͡ɨ,1.759,10,0.0448,0.7923,False
Welsh,SLOW,ɛ,-1.757,21,0.0597,0.7923,False
Welsh,SMALL,s,1.573,49,0.0647,0.7923,False
Welsh,FAST,ɔ,1.54,91,0.0448,0.7923,False
Welsh,SMOOTH,d,1.522,105,0.0498,0.7923,False
Welsh,ROUND,k,1.388,90,0.0498,0.7923,False
Welsh,FAST,r,1.372,153,0.0498,0.7923,False
Welsh,ROUND,t,1.363,70,0.0547,0.7923,False
Welsh,DARK,i,-1.347,3,0.0647,0.7923,False
Welsh,SMOOTH,v,1.197,52,0.0597,0.7923,False
Welsh,DARK,ɛ,1.508,80,0.0697,0.8191,False
Welsh,SMOOTH,t,-1.209,30,0.0697,0.8191,False
Welsh,ROUGH,θ,2.512,5,0.0746,0.8604,False
Welsh,SMALL,m,1.503,31,0.0846,0.8881,False
Welsh,ROUND,n,1.316,159,0.0846,0.8881,False
Welsh,ROUND,r,-1.268,109,0.0796,0.8881,False
Welsh,FAST,ɬ,-1.225,11,0.0846,0.8881,False
Welsh,BIG,m,1.727,17,0.0896,0.8925,False
Welsh,SHARP,k,1.27,61,0.0896,0.8925,False
Welsh,QUIET,s,1.917,34,0.0945,0.9112,False
Welsh,ROUND,ɛ,1.188,100,0.0945,0.9112,False
Welsh,DARK,e,-1.31,5,0.0995,0.9142,False
Welsh,BIG,ɡ,-1.809,10,0.1045,0.9169,False
Welsh,BIG,i,1.767,10,0.1045,0.9169,False
Welsh,SMOOTH,b,1.122,44,0.1045,0.9169,False
Welsh,ROUGH,ɡ,2.155,13,0.1741,0.9223,False
Welsh,ROUGH,x,2.071,5,0.1841,0.9223,False
Welsh,LOUD,a͡ɨ,1.921,3,0.1393,0.9223,False
Welsh,ROUGH,m,-1.907,3,0.2488,0.9223,False
Welsh,ROUGH,w,1.9,5,0.2587,0.9223,False
Welsh,ROUGH,r,1.882,21,0.2637,0.9223,False
Welsh,BRIGHT,l,1.856,33,0.1443,0.9223,False
Welsh,ROUGH,ʊ,1.82,5,0.2985,0.9223,False
Welsh,LOUD,a͡ʊ,1.752,4,0.2488,0.9223,False
Welsh,ROUGH,l,-1.75,3,0.3085,0.9223,False
Welsh,LOUD,ə͡ɪ,1.691,5,0.2239,0.9223,False
Welsh,QUIET,e,1.632,13,0.1443,0.9223,False
Welsh,BRIGHT,ø,1.617,26,0.2189,0.9223,False
Welsh,ROUGH,f,1.605,3,0.3483,0.9223,False
Welsh,BIG,ɑ͡ɨ,1.577,6,0.1592,0.9223,False
Welsh,BIG,x,1.576,11,0.1493,0.9223,False
Welsh,BIG,ɔ͡ɨ,1.554,7,0.1343,0.9223,False
Welsh,ROUGH,e,1.537,4,0.393,0.9223,False
Welsh,LOUD,d,1.536,22,0.3383,0.9223,False
Welsh,BRIGHT,v,-1.531,4,0.199,0.9223,False
Welsh,ROUGH,d,1.527,14,0.3632,0.9223,False
Welsh,SLOW,ɬ,1.508,22,0.1393,0.9223,False
Welsh,QUIET,d,-1.412,16,0.1891,0.9223,False
Welsh,SLOW,r,-1.345,54,0.1244,0.9223,False
Welsh,ROUGH,ɔ,-1.325,5,0.4627,0.9223,False
Welsh,LOUD,t,1.302,12,0.4826,0.9223,False
Welsh,QUIET,ɔ,-1.3,16,0.2935,0.9223,False
Welsh,QUIET,a͡ʊ,1.292,7,0.2388,0.9223,False
Welsh,QUIET,k,-1.285,8,0.2338,0.9223,False
Welsh,SMALL,f,-1.284,3,0.1692,0.9223,False
Welsh,SLOW,ʊ,-1.282,4,0.1592,0.9223,False
Welsh,BIG,ɔ,-1.27,13,0.2488,0.9223,False
Welsh,BRIGHT,ɑ,1.267,8,0.3532,0.9223,False
Welsh,BIG,d,-1.259,14,0.2736,0.9223,False
Welsh,BRIGHT,s,-1.256,15,0.3383,0.9223,False
Welsh,LOUD,ɛ,-1.239,9,0.4229,0.9223,False
Welsh,QUIET,a͡ɪ,1.229,9,0.3483,0.9223,False
Welsh,LOUD,ʌ,-1.226,5,0.3632,0.9223,False
Welsh,SMALL,t,1.212,36,0.199,0.9223,False
Welsh,DARK,a͡ɨ,1.208,10,0.1144,0.9223,False
Welsh,ROUGH,h,1.207,5,0.5373,0.9223,False
Welsh,ROUGH,t,-1.206,4,0.5174,0.9223,False
Welsh,FAST,h,1.198,39,0.1443,0.9223,False
Welsh,SMALL,a͡ɨ,1.196,7,0.1791,0.9223,False
Welsh,BRIGHT,t,-1.185,10,0.2836,0.9223,False
Welsh,FAST,v,1.185,54,0.1194,0.9223,False
Welsh,QUIET,ɑ,1.181,10,0.3234,0.9223,False
Welsh,FAST,o,1.18,24,0.1095,0.9223,False
Welsh,SLOW,ɡ,1.166,49,0.209,0.9223,False
Welsh,QUIET,w,1.159,13,0.2886,0.9223,False
Welsh,SHARP,θ,1.158,23,0.1244,0.9223,False
Welsh,SLOW,i,-1.154,3,0.2786,0.9223,False
Welsh,BIG,b,1.153,15,0.3284,0.9223,False
Welsh,SMALL,ɑ,1.144,15,0.194,0.9223,False
Welsh,SHARP,t,1.14,47,0.1144,0.9223,False
Welsh,ROUGH,ɛ,-1.119,6,0.5473,0.9223,False
Welsh,BRIGHT,h,1.114,12,0.3731,0.9223,False
Welsh,BRIGHT,ɑ͡ɨ,1.102,5,0.408,0.9223,False
Welsh,BIG,j,-1.1,4,0.3532,0.9223,False
Welsh,LOUD,m,-1.097,6,0.5025,0.9223,False
Welsh,SHARP,a,-1.096,42,0.1393,0.9223,False
Welsh,ROUGH,o,1.095,3,0.5274,0.9223,False
Welsh,BRIGHT,ɨ,-1.093,8,0.3682,0.9223,False
Welsh,FAST,a,-1.09,52,0.1891,0.9223,False
Welsh,SHARP,s,-1.078,40,0.1443,0.9223,False
Welsh,DARK,n,1.073,114,0.1642,0.9223,False
Welsh,SMOOTH,e͡ʊ,1.07,6,0.1144,0.9223,False
Welsh,SHARP,n,1.063,106,0.1791,0.9223,False
Welsh,LOUD,f,1.058,4,0.5473,0.9223,False
Welsh,BIG,s,1.052,24,0.398,0.9223,False
Welsh,LOUD,v,-1.049,4,0.5323,0.9223,False
Welsh,QUIET,v,1.049,21,0.3731,0.9223,False
Welsh,SLOW,ɑ͡ɨ,1.044,9,0.2736,0.9223,False
Welsh,DARK,b,-1.027,14,0.1542,0.9223,False
Welsh,BIG,u͡ɨ,1.021,8,0.3532,0.9223,False
Welsh,ROUGH,ø,-1.017,4,0.5871,0.9223,False
Welsh,FAST,ɑ,-1.015,12,0.1542,0.9223,False
Welsh,QUIET,ʌ,1.005,25,0.4328,0.9223,False
Welsh,SHARP,j,-0.991,11,0.1542,0.9223,False
Welsh,FAST,j,0.977,36,0.2139,0.9223,False
Welsh,BRIGHT,r,-0.97,32,0.3781,0.9223,False
Welsh,SMOOTH,ɡ,-0.97,44,0.1343,0.9223,False
Welsh,DARK,ɑ͡ɨ,0.961,13,0.204,0.9223,False
Welsh,DARK,r,0.957,125,0.2289,0.9223,False
Welsh,BIG,a,-0.956,18,0.4279,0.9223,False
Welsh,ROUND,ʌ,-0.955,34,0.1592,0.9223,False
Welsh,SHARP,ɑ,-0.955,10,0.204,0.9223,False
Welsh,ROUND,ɨ,-0.954,33,0.1791,0.9223,False
Welsh,SMOOTH,l,-0.935,40,0.1343,0.9223,False
Welsh,DARK,k,0.927,59,0.2139,0.9223,False
Welsh,DARK,t,-0.925,30,0.2388,0.9223,False
Welsh,DARK,ø,-0.91,29,0.2537,0.9223,False
Welsh,SLOW,θ,-0.91,7,0.3333,0.9223,False
Welsh,BIG,p,0.909,11,0.3881,0.9223,False
Welsh,SMOOTH,ɑ͡ɨ,-0.905,4,0.2139,0.9223,False
Welsh,SLOW,o,0.902,13,0.3284,0.9223,False
Welsh,SHARP,l,0.9,67,0.1791,0.9223,False
Welsh,SHARP,o,0.89,18,0.2438,0.9223,False
Welsh,DARK,h,-0.89,9,0.2537,0.9223,False
Welsh,DARK,v,0.887,43,0.2687,0.9223,False
Welsh,SLOW,k,0.882,39,0.3134,0.9223,False
Welsh,BRIGHT,ɬ,0.875,10,0.5323,0.9223,False
Welsh,ROUND,ɡ,-0.873,55,0.2189,0.9223,False
Welsh,DARK,j,-0.871,13,0.2886,0.9223,False
Welsh,BRIGHT,o,0.867,7,0.5224,0.9223,False
Welsh,FAST,n,-0.857,80,0.2637,0.9223,False
Welsh,BIG,ɨ,-0.856,10,0.4179,0.9223,False
Welsh,FAST,s,-0.852,52,0.2239,0.9223,False
Welsh,QUIET,b,0.847,17,0.4527,0.9223,False
Welsh,DARK,u͡ɨ,0.845,20,0.2786,0.9223,False
Welsh,SMALL,a͡ʊ,0.841,9,0.3433,0.9223,False
Welsh,ROUND,x,-0.839,10,0.2338,0.9223,False
Welsh,SMOOTH,ʊ,-0.839,11,0.199,0.9223,False
Welsh,FAST,m,-0.838,32,0.2935,0.9223,False
Welsh,FAST,ʌ,0.834,59,0.1841,0.9223,False
Welsh,SMALL,x,0.832,16,0.3731,0.9223,False
Welsh,LOUD,e,0.829,5,0.6219,0.9223,False
Welsh,DARK,θ,-0.828,11,0.3134,0.9223,False
Welsh,BRIGHT,ʌ,-0.827,10,0.5224,0.9223,False
Welsh,SHARP,ɛ,0.821,65,0.2786,0.9223,False
Welsh,ROUND,a͡ʊ,-0.812,6,0.2488,0.9223,False
Welsh,SLOW,l,-0.805,26,0.398,0.9223,False
Welsh,SLOW,w,-0.799,8,0.403,0.9223,False
Welsh,QUIET,n,-0.796,33,0.5124,0.9223,False
Welsh,SHARP,d,-0.793,44,0.2786,0.9223,False
Welsh,DARK,w,-0.79,12,0.3035,0.9223,False
Welsh,BRIGHT,a͡ɨ,0.788,3,0.5473,0.9223,False
Welsh,BIG,k,0.787,21,0.5423,0.9223,False
Welsh,ROUND,s,-0.785,61,0.2289,0.9223,False
Welsh,ROUND,u,-0.78,3,0.3134,0.9223,False
Welsh,SMALL,θ,-0.775,8,0.3831,0.9223,False
Welsh,SHARP,ɑ͡ɨ,-0.772,4,0.2736,0.9223,False
Welsh,FAST,ə͡ɪ,0.77,18,0.2836,0.9223,False
Welsh,FAST,ɛ,-0.767,53,0.2836,0.9223,False
Welsh,ROUND,h,-0.761,14,0.2736,0.9223,False
Welsh,ROUND,o,-0.757,14,0.3085,0.9223,False
Welsh,SMOOTH,s,-0.752,51,0.2388,0.9223,False
Welsh,SMOOTH,ɬ,-0.751,15,0.2637,0.9223,False
Welsh,SMALL,v,-0.75,15,0.403,0.9223,False
Welsh,SMALL,j,-0.748,10,0.393,0.9223,False
Welsh,SMOOTH,i,0.747,21,0.2239,0.9223,False
Welsh,SLOW,ð,-0.743,11,0.4229,0.9223,False
Welsh,BRIGHT,ð,-0.74,6,0.5672,0.9223,False
Welsh,QUIET,r,-0.727,43,0.5721,0.9223,False
Welsh,FAST,u͡ɨ,-0.721,8,0.3483,0.9223,False
Welsh,QUIET,x,-0.721,4,0.5522,0.9223,False
Welsh,BIG,ø,-0.719,12,0.5025,0.9223,False
Welsh,SHARP,ø,-0.719,30,0.3134,0.9223,False
Welsh,FAST,a͡ʊ,0.717,14,0.3483,0.9223,False
Welsh,QUIET,o,-0.716,5,0.602,0.9223,False
Welsh,DARK,d,-0.707,49,0.3184,0.9223,False
Welsh,SLOW,ə͡ɪ,-0.706,4,0.4677,0.9223,False
Welsh,FAST,p,-0.705,17,0.3532,0.9223,False
Welsh,SLOW,b,-0.704,12,0.4378,0.9223,False
Welsh,ROUND,ə͡ɪ,-0.698,8,0.3483,0.9223,False
Welsh,QUIET,θ,0.696,10,0.597,0.9223,False
Welsh,SMALL,ʃ,0.695,3,0.4229,0.9223,False
Welsh,SMALL,h,-0.691,8,0.4478,0.9223,False
Welsh,SMALL,ɔ,-0.687,31,0.3781,0.9223,False
Welsh,BRIGHT,m,0.686,14,0.6169,0.9223,False
Welsh,SLOW,x,-0.683,6,0.5075,0.9223,False
Welsh,BIG,v,0.679,15,0.5672,0.9223,False
Welsh,FAST,k,-0.677,33,0.3284,0.9223,False
Welsh,QUIET,p,-0.675,7,0.6169,0.9223,False
Welsh,SHARP,b,-0.674,17,0.3035,0.9223,False
Welsh,DARK,o,-0.669,11,0.403,0.9223,False
Welsh,BRIGHT,i,-0.664,3,0.592,0.9223,False
Welsh,SMOOTH,u,0.659,7,0.3085,0.9223,False
Welsh,ROUND,u͡ɨ,-0.653,10,0.2985,0.9223,False
Welsh,SLOW,e͡ʊ,0.649,3,0.4826,0.9223,False
Welsh,BRIGHT,n,0.648,38,0.6119,0.9223,False
Welsh,BRIGHT,a,0.645,31,0.5721,0.9223,False
Welsh,SLOW,h,-0.644,8,0.4826,0.9223,False
Welsh,BIG,ɑ,0.641,7,0.5821,0.9223,False
Welsh,SMOOTH,a͡ʊ,0.639,13,0.3483,0.9223,False
Welsh,DARK,ð,-0.637,18,0.398,0.9223,False
Welsh,ROUND,ð,-0.634,24,0.3532,0.9223,False
Welsh,QUIET,ə͡ɪ,-0.632,3,0.5871,0.9223,False
Welsh,SHARP,a͡ɪ,0.616,13,0.4328,0.9223,False
Welsh,SMOOTH,k,-0.613,33,0.3333,0.9223,False
Welsh,QUIET,ɛ,0.613,31,0.5871,0.9223,False
Welsh,BIG,f,-0.607,3,0.6119,0.9223,False
Welsh,FAST,i,-0.603,10,0.4478,0.9223,False
Welsh,DARK,ʊ,0.602,23,0.393,0.9223,False
Welsh,SMALL,o,-0.6,8,0.5124,0.9223,False
Welsh,FAST,f,0.598,17,0.408,0.9223,False
Welsh,SLOW,a,-0.591,38,0.5124,0.9223,False
Welsh,DARK,ɬ,0.59,25,0.403,0.9223,False
Welsh,SMOOTH,f,-0.588,9,0.393,0.9223,False
Welsh,BIG,ð,-0.585,7,0.6368,0.9223,False
Welsh,FAST,ɨ,0.582,65,0.4179,0.9223,False
Welsh,SMOOTH,u͡ɨ,-0.577,9,0.393,0.9223,False
Welsh,ROUND,m,0.574,50,0.4229,0.9223,False
Welsh,SMOOTH,a,0.573,92,0.403,0.9223,False
Welsh,SMOOTH,x,-0.571,11,0.403,0.9223,False
Welsh,ROUND,ɨ͡u,-0.57,3,0.4129,0.9223,False
Welsh,ROUND,f,-0.566,11,0.3582,0.9223,False
Welsh,FAST,l,-0.563,50,0.4577,0.9223,False
Welsh,SMALL,e͡ʊ,0.557,3,0.5025,0.9223,False
Welsh,SLOW,m,-0.55,20,0.592,0.9223,False
Welsh,FAST,a͡ɨ,-0.541,3,0.4876,0.9223,False
Welsh,SMOOTH,p,-0.537,18,0.4179,0.9223,False
Welsh,SMALL,ə͡ɪ,-0.532,5,0.5373,0.9223,False
Welsh,SLOW,p,-0.527,11,0.597,0.9223,False
Welsh,DARK,a͡ʊ,-0.516,6,0.5174,0.9223,False
Welsh,DARK,ɔ,0.516,63,0.4726,0.9223,False
Welsh,SMOOTH,ɛ,-0.515,55,0.4428,0.9223,False
Welsh,DARK,ʌ,-0.508,32,0.5124,0.9223,False
Welsh,SHARP,p,0.497,24,0.4677,0.9223,False
Welsh,SMALL,e,-0.494,8,0.5871,0.9223,False
Welsh,SMALL,i,0.489,12,0.5821,0.9223,False
Welsh,QUIET,ɡ,0.477,29,0.6368,0.9223,False
Welsh,SHARP,h,-0.475,13,0.5124,0.9223,False
Welsh,FAST,ɪ͡u,0.473,5,0.5672,0.9223,False
Welsh,SMOOTH,a͡ɪ,0.472,14,0.5124,0.9223,False
Welsh,ROUND,ɑ͡ɨ,0.47,14,0.4776,0.9223,False
Welsh,SHARP,ə͡ɪ,-0.47,7,0.5025,0.9223,False
Welsh,SMALL,k,-0.466,23,0.5771,0.9223,False
Welsh,SMALL,d,-0.465,38,0.607,0.9223,False
Welsh,SLOW,ɑ,0.465,12,0.5274,0.9223,False
Welsh,DARK,p,-0.462,17,0.5124,0.9223,False
Welsh,DARK,ɨ,-0.46,35,0.5423,0.9223,False
Welsh,FAST,ɡ,-0.459,55,0.5473,0.9223,False
Welsh,SMOOTH,ə͡ɪ,0.457,15,0.5174,0.9223,False
Welsh,SLOW,v,0.455,25,0.6119,0.9223,False
Welsh,SMOOTH,n,-0.454,87,0.5124,0.9223,False
Welsh,SMOOTH,ð,-0.449,23,0.5124,0.9223,False
Welsh,ROUND,a,0.448,107,0.5622,0.9223,False
Welsh,SMOOTH,r,-0.447,108,0.5473,0.9223,False
Welsh,SLOW,f,-0.446,6,0.5274,0.9223,False
Welsh,SMOOTH,j,-0.445,19,0.4876,0.9223,False
Welsh,DARK,e͡ʊ,0.442,4,0.592,0.9223,False
Welsh,SMALL,ɛ,0.432,45,0.6368,0.9223,False
Welsh,SHARP,ɬ,0.427,22,0.5871,0.9223,False
Welsh,SMOOTH,ø,-0.423,41,0.4925,0.9223,False
Welsh,SLOW,e,-0.422,8,0.6318,0.9223,False
Welsh,ROUND,w,-0.418,20,0.5274,0.9223,False
Welsh,ROUND,ø,0.413,68,0.5771,0.9223,False
Welsh,SLOW,u͡ɨ,0.413,11,0.6368,0.9223,False
Welsh,FAST,ʊ,-0.403,16,0.597,0.9223,False
Welsh,SHARP,r,-0.402,92,0.6219,0.9223,False
Welsh,SMOOTH,w,0.401,24,0.5423,0.9223,False
Welsh,DARK,ɡ,0.39,61,0.5871,0.9223,False
Welsh,ROUND,b,-0.378,29,0.5821,0.9223,False
Welsh,DARK,ɔ͡ɨ,-0.376,3,0.5721,0.9223,False
Welsh,FAST,t,-0.355,41,0.6269,0.9223,False
Welsh,SMOOTH,ɨ͡u,0.351,5,0.6219,0.9223,False
Welsh,ROUND,θ,-0.35,19,0.6318,0.9223,False
Welsh,SHARP,ɔ͡ɨ,-0.349,3,0.6318,0.9223,False
Welsh,SMOOTH,ɑ,0.331,19,0.6269,0.9223,False
Welsh,SMOOTH,o,0.326,18,0.5771,0.9223,False
Welsh,ROUND,i,0.325,21,0.6169,0.9223,False
Welsh,DARK,x,0.312,18,0.6318,0.9223,False
Welsh,SHARP,ʌ,-0.345,32,0.6418,0.9249,False
Welsh,BIG,θ,-0.478,5,0.6517,0.9324,False
Welsh,QUIET,ɬ,0.432,11,0.6617,0.9421,False
Welsh,LOUD,b,-0.748,4,0.6766,0.9462,False
Welsh,ROUGH,p,0.657,4,0.7015,0.9462,False
Welsh,LOUD,a,-0.603,13,0.6716,0.9462,False
Welsh,QUIET,a,0.501,38,0.6766,0.9462,False
Welsh,QUIET,t,-0.48,16,0.7015,0.9462,False
Welsh,BIG,ɛ,0.462,24,0.7015,0.9462,False
Welsh,BRIGHT,x,-0.461,4,0.6915,0.9462,False
Welsh,BIG,l,-0.453,17,0.7015,0.9462,False
Welsh,QUIET,ʊ,0.436,10,0.6915,0.9462,False
Welsh,BIG,ʊ,0.432,8,0.7065,0.9462,False
Welsh,SHARP,ɨ,-0.388,34,0.6766,0.9462,False
Welsh,SMOOTH,e,0.372,20,0.6866,0.9462,False
Welsh,QUIET,l,-0.366,22,0.7065,0.9462,False
Welsh,SMALL,l,0.345,43,0.7015,0.9462,False
Welsh,FAST,x,-0.328,14,0.6816,0.9462,False
Welsh,SMALL,a͡ɪ,0.322,8,0.6816,0.9462,False
Welsh,DARK,ɑ,0.288,17,0.6816,0.9462,False
Welsh,SHARP,ʊ,-0.28,14,0.7065,0.9462,False
Welsh,FAST,ɨ͡u,0.277,5,0.6667,0.9462,False
Welsh,FAST,u,0.262,6,0.6866,0.9462,False
Welsh,ROUND,ɑ,-0.249,19,0.6965,0.9462,False
Welsh,FAST,ə,0.23,7,0.6965,0.9462,False
Welsh,SMOOTH,ɨ,0.215,54,0.7065,0.9462,False
Welsh,SMOOTH,θ,0.205,20,0.7065,0.9462,False
Welsh,SMALL,p,0.322,17,0.7164,0.9552,False
Welsh,LOUD,ɬ,0.711,6,0.7264,0.9555,False
Welsh,LOUD,ɔ,0.648,15,0.7264,0.9555,False
Welsh,BIG,w,0.366,8,0.7264,0.9555,False
Welsh,SHARP,ɔ,0.264,55,0.7264,0.9555,False
Welsh,LOUD,h,-0.553,3,0.7313,0.9578,False
Welsh,ROUGH,j,0.564,4,0.7363,0.9581,False
Welsh,BRIGHT,ɡ,-0.536,17,0.7463,0.9581,False
Welsh,SMALL,a,-0.397,43,0.7413,0.9581,False
Welsh,BIG,t,0.381,16,0.7463,0.9581,False
Welsh,SMALL,ɬ,-0.344,12,0.7463,0.9581,False
Welsh,FAST,a͡ɪ,-0.279,7,0.7413,0.9581,False
Welsh,SMOOTH,m,0.246,39,0.7363,0.9581,False
Welsh,ROUND,ŋ,-0.218,4,0.7463,0.9581,False
Welsh,BRIGHT,w,0.424,8,0.7512,0.9582,False
Welsh,SHARP,e,-0.3,12,0.7512,0.9582,False
Welsh,LOUD,r,0.55,27,0.7662,0.9608,False
Welsh,LOUD,ʊ,-0.502,3,0.7761,0.9608,False
Welsh,BIG,n,0.433,37,0.7612,0.9608,False
Welsh,QUIET,ɑ͡ɨ,-0.342,3,0.7612,0.9608,False
Welsh,QUIET,ø,-0.33,18,0.7711,0.9608,False
Welsh,BIG,r,0.32,42,0.7761,0.9608,False
Welsh,BIG,ʌ,-0.308,13,0.7711,0.9608,False
Welsh,SHARP,v,-0.253,26,0.7562,0.9608,False
Welsh,ROUND,ə,0.218,8,0.7662,0.9608,False
Welsh,SHARP,ð,-0.194,23,0.7861,0.969,False
Welsh,ROUND,e,0.17,22,0.7861,0.969,False
Welsh,LOUD,ð,0.471,8,0.791,0.9711,False
Welsh,DARK,ə͡ɪ,-0.243,9,0.791,0.9711,False
Welsh,BRIGHT,ɛ,0.373,23,0.806,0.9832,False
Welsh,LOUD,o,-0.292,3,0.8109,0.9852,False
Welsh,SMALL,u͡ɨ,-0.191,8,0.8109,0.9852,False
Welsh,BIG,e,-0.231,5,0.8159,0.9872,False
Welsh,ROUND,j,0.171,31,0.8159,0.9872,False
Welsh,LOUD,ɡ,0.372,14,0.8209,0.989,False
Welsh,SMALL,ʌ,0.231,30,0.8259,0.989,False
Welsh,SLOW,d,-0.193,40,0.8209,0.989,False
Welsh,ROUND,ʃ,-0.169,3,0.8259,0.989,False
Welsh,QUIET,f,0.262,6,0.8358,0.9929,False
Welsh,BIG,ɬ,0.175,8,0.8308,0.9929,False
Welsh,ROUGH,ð,0.425,5,0.8856,0.9934,False
Welsh,ROUGH,ʌ,-0.368,5,0.8706,0.9934,False
Welsh,LOUD,k,-0.359,8,0.8507,0.9934,False
Welsh,LOUD,ø,-0.31,9,0.8756,0.9934,False
Welsh,ROUGH,v,-0.305,4,0.9005,0.9934,False
Welsh,QUIET,u͡ɨ,-0.265,5,0.8408,0.9934,False
Welsh,LOUD,s,0.258,13,0.8557,0.9934,False
Welsh,LOUD,x,0.24,4,0.9453,0.9934,False
Welsh,BRIGHT,u͡ɨ,-0.239,4,0.8607,0.9934,False
Welsh,QUIET,j,-0.229,9,0.8806,0.9934,False
Welsh,QUIET,m,-0.199,15,0.8856,0.9934,False
Welsh,BRIGHT,ɔ,-0.176,19,0.8856,0.9934,False
Welsh,SMALL,n,-0.175,60,0.8657,0.9934,False
Welsh,SMALL,w,-0.172,12,0.8905,0.9934,False
Welsh,SLOW,ɔ͡ɨ,0.169,5,0.8955,0.9934,False
Welsh,DARK,u,-0.166,4,0.8458,0.9934,False
Welsh,FAST,e,0.166,19,0.8507,0.9934,False
Welsh,FAST,d,0.16,77,0.8806,0.9934,False
Welsh,SLOW,s,-0.16,35,0.8806,0.9934,False
Welsh,SMALL,ɨ,-0.159,29,0.8657,0.9934,False
Welsh,ROUGH,ɨ,0.151,7,0.9303,0.9934,False
Welsh,QUIET,ɨ,0.136,22,0.9254,0.9934,False
Welsh,DARK,l,0.133,57,0.8905,0.9934,False
Welsh,FAST,b,0.121,32,0.8806,0.9934,False
Welsh,BIG,a͡ʊ,-0.106,3,0.9303,0.9934,False
Welsh,SHARP,ə,0.106,5,0.8955,0.9934,False
Welsh,BRIGHT,d,0.105,24,0.9104,0.9934,False
Welsh,SHARP,w,0.104,18,0.8806,0.9934,False
Welsh,FAST,ɑ͡ɨ,0.104,10,0.9055,0.9934,False
Welsh,SMALL,ʊ,0.102,13,0.8706,0.9934,False
Welsh,LOUD,l,0.102,13,0.9502,0.9934,False
Welsh,SMALL,ø,-0.095,30,0.9104,0.9934,False
Welsh,DARK,m,-0.092,33,0.9104,0.9934,False
Welsh,BRIGHT,b,0.088,10,0.9403,0.9934,False
Welsh,SMOOTH,ʌ,-0.087,42,0.8905,0.9934,False
Welsh,SMOOTH,a͡ɨ,-0.086,5,0.8756,0.9934,False
Welsh,FAST,w,0.081,22,0.9303,0.9934,False
Welsh,BRIGHT,p,0.079,8,0.9403,0.9934,False
Welsh,DARK,f,-0.079,11,0.8905,0.9934,False
Welsh,SMALL,r,0.078,76,0.9403,0.9934,False
Welsh,LOUD,n,0.078,21,0.9552,0.9934,False
Welsh,SMALL,u,-0.073,3,0.9353,0.9934,False
Welsh,SLOW,n,0.072,61,0.9453,0.9934,False
Welsh,BIG,h,-0.07,7,0.9303,0.9934,False
Welsh,SHARP,u,-0.063,4,0.9652,0.9934,False
Welsh,ROUGH,s,0.063,8,0.99,0.9934,False
Welsh,SLOW,ɨ,-0.061,29,0.9303,0.9934,False
Welsh,FAST,ø,0.058,52,0.9303,0.9934,False
Welsh,SHARP,ɡ,0.056,52,0.9254,0.9934,False
Welsh,SMOOTH,ŋ,-0.056,4,0.9353,0.9934,False
Welsh,ROUND,ɪ͡u,0.055,4,0.9254,0.9934,False
Welsh,SMALL,ð,0.054,20,0.9652,0.9934,False
Welsh,QUIET,i,-0.053,6,0.9552,0.9934,False
Welsh,SHARP,m,-0.052,31,0.9552,0.9934,False
Welsh,ROUND,ɬ,-0.049,26,0.9254,0.9934,False
Welsh,FAST,c,0.047,3,0.9552,0.9934,False
Welsh,SLOW,t,-0.039,26,0.9602,0.9934,False
Welsh,BRIGHT,θ,-0.037,6,0.9751,0.9934,False
Welsh,SMOOTH,ɔ͡ɨ,0.033,7,0.9602,0.9934,False
Welsh,BRIGHT,j,0.032,8,0.9851,0.9934,False
Welsh,SMOOTH,ɔ,-0.032,60,0.9552,0.9934,False
Welsh,SMALL,ɡ,0.031,39,0.9801,0.9934,False
Welsh,SMOOTH,ʃ,0.03,3,0.9602,0.9934,False
Welsh,FAST,θ,-0.027,19,0.9851,0.9934,False
Welsh,ROUND,d,-0.021,84,0.9652,0.9934,False
Welsh,DARK,s,0.02,54,0.9751,0.9934,False
Welsh,BRIGHT,k,-0.018,15,0.99,0.9934,False
Welsh,DARK,ə͡ɨ,0.017,3,0.9801,0.9934,False
Welsh,FAST,ð,0.014,32,0.99,0.9934,False
Welsh,DARK,a,-0.009,70,0.99,0.9934,False
Welsh,ROUND,ɔ͡ɨ,-0.007,8,0.99,0.9934,False
Welsh,LOUD,j,0.007,5,0.995,0.9967,False
Welsh,ROUND,ɔ,0.003,73,1.0,1.0,False
